en	ko
"''A fairy's age tells you little of their maturity. You could see a fairy that's a thousand years old yet still be a complete and utter moron, or a fairy that just got reborn a few weeks ago be a disciplined trained soldier who has a foul mouth. Fairy's only mature when the environment force them to. Otherwise, they'll always be a naive fool.''
^#efc565;Oil Coating: Woodland bolts and arrows have a 10% chance to IGNITE enemies. Can be triggered by allies. Can only trigger once per enemy. +25HP. Fairy Cycle [4-SET BONUS]: Gain War Fairy.^reset;"	"''요정의 나이는 성숙도를 말해주지 않는다. 천 살 요정이 완전 바보일 수도, 몇 주 전 갓 환생한 요정이 입이 거친 훈련된 병사일 수도 있다. 요정은 환경이 강요할 때만 성숙한다. 아니면 영원히 순진한 바보지.''
^#efc565;기름 도포: 우드랜드 볼트와 화살이 10% 확률로 적을 점화. 아군이 발동 가능. 적당 한 번만 발동. +25HP. 요정 순환 [4세트 보너스]: 전쟁 요정 획득.^reset;"
"''A potion can mean the difference between seeing the sunrise on the next day.''

A potion bandolier used to carry additional potions during travel. Primarily only used by magicians that practice alchemy though has recently became more common due to a massive increase in potion usage due to the war.
^Orange;Drinking a Potion chugs a random additional potion. 
Potion Overload Limit +1.^reset;"	"''포션 하나가 다음 날 일출을 볼 수 있느냐를 가를 수 있다.''

여행 중 추가 포션을 휴대하는 포션 밴들리어. 주로 연금술을 연습하는 마술사만 썼지만 전쟁으로 포션 사용이 폭증하며 최근 더 흔해졌다.
^Orange;포션을 마시면 무작위 추가 포션을 함께 마심. 
포션 과부하 한도 +1.^reset;"
"''A rare tanker jacket that hasn't been cut open, burned, or torn to shreds from combat. Over 75% of all tank crews in this war are killed the shortly after their tank becomes inoperable. Tank crew members are considered to be a high priority target for youkai attacks due to the crew being easy pickings.''
^#b4a67f;Armored Support [3-SET BONUS]: Crouching for 5s will call in a drivable S24 Chaffer on your location. Has less firepower than a Kaiserwagen III. Can fit through doorways. | 300s Cooldown | +10% DODGE Chance | DEF: +20% BLEED^reset;"	"''전투에서 잘리거나 타거나 찢기지 않은 드문 전차병 재킷. 이 전쟁의 모든 전차 승무원의 75% 이상이 전차가 불능이 된 직후 살해된다. 승무원이 쉬운 표적이라 요괴 공격의 우선 순위 대상으로 여겨진다.''
^#b4a67f;기갑 지원 [3세트 보너스]: 5초간 웅크리면 위치에 운전 가능한 S24 채퍼 호출. 카이저바겐 III보다 화력 낮음. 문 통과 가능. | 재사용 대기시간 300초 | 회피 확률 +10% | 방어력: 출혈 +20%^reset;"
"''After the Ruin arrived, ammunition was abundant, yet it wasn't enough to combat the dangers that lurked around every corner. Protectors kept running out, no matter how much we gave them. Nowadays, we scavenge for every last bullet we can find, making an ammo replicator a true lifesaver in the fight for survival.''

^orange;Infinite EWS Reloads, lasting for 30s.^reset;"	"''몰락이 도래한 후 탄약은 넘쳐났지만 구석구석 도사리는 위험과 싸우기엔 부족했다. 수호자들은 얼마를 줘도 계속 바닥났다. 요즘 우리는 찾을 수 있는 마지막 총알까지 모으는데, 탄약 복제기는 생존을 위한 싸움의 진정한 구원이다.''

^orange;무한 [EWS] 재장전, 30초 지속.^reset;"
"''Although we may never see his majesty again. We shall not forget the creed of the Kaiser. In times of war and cruelty, one must remain steadfast and lead the downtrodden to hope. As he who led the tribes to prosperity, so too shall the Knights lead the broken men in the war's wake to hope once again.''
  
^#698f78;Finesse Riposte: Upon performing a successful parry, gain +50 HP and +10% General Resistance for 5s.
DEF: +10% SMALL-ARMS & SLASH & THRUST | +5% BLUNT^reset;"	"''폐하를 다시 못 뵐지라도 카이저의 신조는 잊지 않을 것이다. 전쟁과 잔혹의 시대에 굳건히 서서 짓밟힌 이들을 희망으로 이끌어야 한다. 부족을 번영으로 이끈 그가 그랬듯, 기사단도 전쟁 뒤의 부서진 이들을 다시 희망으로 이끌 것이다.''
  
^#698f78;정교한 반격: 성공적인 패링 시 +50 HP와 5초간 일반 저항 +10% 획득.
방어력: 소화기·참격·찌르기 +10% | 타격 +5%^reset;"
"''And so the twisted evil came for them as did many others. The King and his soldiers could do little to prevent the spreading corruption from turning its populace toward madness. The only thing the king and his men could do was slay those who were far too gone.''
  
^#efc565;Undying Blade [4-SET BONUS]: Negate armor penalties. Enemies within 100 blocks receive -100% SLASH resistance.
DEF: +20% SLASH | +10% SMALL-ARMS & PSYCHIC^reset;"	"''그리고 비틀린 악이 다른 많은 이에게처럼 그들에게 왔다. 왕과 병사들은 퍼지는 타락이 백성을 광기로 돌리는 걸 막을 수 없었다. 왕과 그의 사람들이 할 수 있는 건 너무 멀리 간 자들을 베는 것뿐이었다.''
  
^#efc565;불사 검 [4세트 보너스]: 갑옷 페널티 무효. 100블록 내 적의 참격 저항 -100%.
방어력: 참격 +20% | 소화기·사이킥 +10%^reset;"
"''Anyone who isn't shooting is going to get my boot up their ass!''
The Lion and Federation divided up the front into their own respective sides. While both sides would send aid if the other requested it, it was in the best interest for both generals to keep their men apart to avoid any possible confrontation.

^#b4a67f;Covering Fire [HEAD]: If crouching, gain +10% General Resistance and General Weapon Proficiency.
DEF: +10% SMALL-ARMS & SLASH | +5% THRUST^reset;"	"''총 안 쏘는 놈은 내 군화로 엉덩이를 걷어차 줄 거야!''
라이온과 연방은 전선을 각자 구역으로 나눴다. 상대가 요청하면 원조를 보냈지만, 양쪽 장군 모두 가능한 충돌을 피하려고 부대를 떼어두는 게 최선이었다.

^#b4a67f;엄호 사격 [머리]: 웅크리면 일반 저항과 일반 무기 숙련 +10% 획득.
방어력: 소화기·참격 +10% | 찌르기 +5%^reset;"
"''Armory is now unlocked and ready for pickup.''
High powered automatic rifles and belt fed machine guns are the Western specialty and are some of the best weapons used to fight the Lion. Even against youkai, they continue to show that even evil spirits are not above the West Star's superior arms.

^Orange;All WEST STAR RANGER SUMMONS are equipped with S1918 automatic rifles or S1919 machine guns which increases either their firepower or suppression capabilities and are IMMUNE to Suppression.^reset;"	"''무기고 잠금 해제, 수령 준비 완료.''
고출력 자동 소총과 벨트급탄 기관총은 서부의 특산품이며 라이온과 싸우는 최고의 무기 중 하나다. 요괴를 상대로도 악령조차 웨스트 스타의 우월한 무기를 넘지 못함을 계속 보여준다.

^Orange;모든 웨스트 스타 레인저 소환물이 S1918 자동 소총 또는 S1919 기관총으로 무장해 화력이나 제압 능력이 증가하고 제압 면역.^reset;"
"''Be lenient, but do not be spineless. Show kindness, but do not be selfless. Say what you want about our Kaiser and the consequences from this war, but the Kaiser from the very beginning was only trying to fulfill his promises to the people.''
^#698f78;Knight Training - If wearing a LB Kaiser Knight Chestplate or LB Kaiser Knight Helmet, gain +10% Movement Speed and successful parries grant +1HP/sec for 5s. If wearing a LB Kaiser Troop Chestplate or LB Kaiser Troop Helmet, gain +50 HP per item. 
DEF: +20% BLEED | +5% MELEE^reset;"	"''관대하되 백골은 없게 하라. 친절을 보이되 자기희생은 말라. 우리 카이저와 이 전쟁의 결과에 대해 뭐라 해도 카이저는 처음부터 백성과의 약속을 지키려 했을 뿐이다.''
^#698f78;기사 훈련 - LB 카이저 기사 흉갑 또는 LB 카이저 기사 헬멧 착용 시 이동 속도 +10% 획득, 성공적인 패링 시 5초간 +1HP/초 부여. LB 카이저 부대 흉갑 또는 LB 카이저 부대 헬멧 착용 시 아이템당 +50 HP 획득. 
방어력: 출혈 +20% | 근접 +5%^reset;"
"''Besides us, I think the youkai from Old Hell and the Underworld also decided to join our jump. There was also the Buddhists that did too. Pretty much any youkai who didn't see themselves adjusting to the Outside World decided to come here hoping to continue the life they've been living for centuries.''
^#efc565;Waterfall Guardian: When using a Special Melee Attack with a certain weapon, summon the fallen White Wolves.
Tengu Link [4-SET BONUS]: Gain Tengu Synchronization.
DEF: +22% SLASH | +16% THRUST | +12% BLUNT^reset;"	"''우리 말고도 구지옥과 지하계의 요괴들도 우리 도약에 합류하기로 한 것 같아. 불교도들도 있었지. 바깥 세계에 적응할 자신이 없던 요괴라면 거의 다 수백 년간 살아온 삶을 이어가고자 여기로 온 거야.''
^#efc565;폭포 수호자: 특정 무기로 특수 근접 공격 사용 시 몰락한 백랑 소환.
텐구 링크 [4세트 보너스]: 텐구 동기화 획득.
방어력: 참격 +22% | 찌르기 +16% | 타격 +12%^reset;"
"''Can someone tell me who the moron is that added the Human Firearm Encyclopedia 3026 Edition to this database?''
  
A case that holds a mini fabricator capable of producing any parts a firearm may need to be repaired. While specifically designed to fix PLASMA weaponry, the vast database inside the fabricator also includes thousands of entries regarding human weapons used throughout history for some reason.
^Yellow;Completely repairs most firearms and PLASMA firearms by 100%.^reset;"	"''인간 화기 백과사전 3026년판을 이 데이터베이스에 넣은 바보가 누군지 말해줄래?''
  
화기 수리에 필요한 모든 부품을 만들 수 있는 소형 제조기를 담은 케이스. 플라즈마 무기 수리용으로 특별 설계됐지만 제조기 내 방대한 데이터베이스에는 왠지 역사 속 인간 무기 항목 수천 개도 들어있다.
^Yellow;대부분의 화기와 플라즈마 화기를 100% 완전 수리.^reset;"
"''Come on lads, it'll be a quick one day operation.''
Having extensive training in close quarter combat, various commando teams have managed in the past to best a youkai in melee combat despite wearing no armor nor possessing any supernatural abilities.
^#b4a67f;Double Tap: When firing certain firearms, have a 25% to fire an additional bullet at the closest enemy that deals damage dependant on the weapon class.
+5% General Weapon Proficiency | +7.5% DODGE Chance^reset;"	"''힘내 얘들아, 하루면 끝나는 작전이야.''
광범위한 근접전 훈련으로 여러 특공대가 갑옷도 초자연 능력도 없이 과거 요괴와의 근접 격투에서 이겨냈다.
^#b4a67f;더블 탭: 특정 화기 발사 시 25% 확률로 가장 가까운 적에게 무기 등급에 따른 피해의 추가 탄환 발사.
일반 무기 숙련 +5% | 회피 확률 +7.5%^reset;"
"''Come on, chaps. The war isn't going to win by itself.''
Tensions were high during the first few months of the 'alliance'. Both sides were expecting the other to betray them and constantly kepts tabs on each other by coincidentally having various units stationed nearby doing 'reconaissance'.

^#b4a67f;Covering Fire [LEGS]: If crouching, gain +10% General Resistance and General Weapon Proficiency.
DEF: +10% SLASH | +7.5% THRUST & BLUNT^reset;"	"''자, 형씨들. 전쟁이 저절로 이기진 않아.''
'동맹' 초기 몇 달간 긴장이 팽팽했다. 양측 모두 상대의 배신을 예상했고 '정찰' 중인 각종 부대를 우연히 근처에 주둔시키며 끊임없이 서로를 감시했다.

^#b4a67f;엄호 사격 [다리]: 웅크리면 일반 저항과 일반 무기 숙련 +10% 획득.
방어력: 참격 +10% | 찌르기·타격 +7.5%^reset;"
"''Despite tengus often being characterized as having avian features, the word tengu itself may refer to as 'Heavenly Dog' which may explain why some posses canine aspects. This is partially why the tengu in each clan are all different from each other as they only represent some parts and pieces of their legends. As far as we know, nobody knows to what exactly a tengu is due to how often their stories keep changing.''
^#efc565;Tengu Link [4-SET BONUS]: Gain Tengu Synchronization.
^#efc565;+25HP.^reset;"	"''텐구가 종종 조류 특징으로 묘사되지만 텐구라는 단어 자체는 '천구'를 뜻할 수 있어 일부가 견과 특징을 가진 이유일 수 있다. 각 일족의 텐구가 서로 다른 이유 일부다 — 전설의 일부분만 나타낼 뿐이라서. 아는 한, 이야기가 계속 바뀌어 텐구가 정확히 뭔지 아무도 모른다.''
^#efc565;텐구 링크 [4세트 보너스]: 텐구 동기화 획득.
^#efc565;+25HP.^reset;"
"''Despite the harsh reality in the mortal world, the celestial was hellbent on staying there despite her family's demands for her to return home. Even after her father ordered her sword to be confiscated, she would only double down and express nothing but hatred toward her clan as she learned to survive among the mortal world all while it is broiled in war.''
^#5054be;Core Blast: Peforming a Special Melee Attack summons tremors to erupt around you. | 60s Cooldown
+10% DODGE Chance | DEF: +10% PSYCHIC & THERMAL^reset;"	"''필멸 세계의 혹독한 현실에도 천인은 가족의 귀가 요구에도 그곳에 남겠다고 완강했다. 아버지가 그녀의 검을 압수하라 명한 후에도 전쟁으로 끓는 필멸 세계에서 살아남는 법을 배우며 일족에 대한 증오만 더했다.''
^#5054be;코어 폭발: 특수 근접 공격 시 주변에 지진 분출 소환. | 재사용 대기시간 60초
회피 확률 +10% | 방어력: 사이킥·열 +10%^reset;"
"''Despite the legends telling us Onis are enemies of mankind, some onis in reality are willing to work with humans if it means they'll get to live and see the end of this war. Many of them just want to drink booze and coast through life without causing trouble. With plenty of sake available from war spoils, it wasn't difficult to convince them to join the volunteer divisions.''
^Orange;+100 HP. -50% General Weapon Proficiency. Penalty is reduced as the player loses HP. If the player has lost 150 HP or more, the penalty is completely negated.^reset;"	"''전설이 오니는 인류의 적이라 하지만 실제로는 일부 오니가 이 전쟁의 끝을 보고 살 수 있다면 인간과 기꺼이 협력한다. 대부분은 말썽 없이 술 마시며 인생을 보내고 싶을 뿐이다. 전리품으로 사케가 넘치니 지원 사단에 합류시키는 건 어렵지 않았다.''
^Orange;+100 HP. 일반 무기 숙련 -50%. 플레이어가 체력을 잃을수록 페널티 감소. 플레이어가 150 HP 이상 잃으면 페널티 완전 무효.^reset;"
"''Early months of the war had the Crow Tengu completely pushed back by the human's armored aircrafts. As the war progressed though and the Crow Tengu realized their superior mobility and magical abilities completely outmatched them as long as they avoided their initial attack run, the humans had no chance. Nowadays, the humans would only send out their air units under the protection of their flak guns so that any Crow Tengu that tried to intercept them would get shrapnel in their wings.''
^Orange;+30% DODGE Chance when moving.^reset;"	"''전쟁 초기 몇 달간 까마귀 텐구는 인간의 장갑 항공기에 완전히 밀려났다. 그러나 전쟁이 진행되고 까마귀 텐구가 첫 공격만 피하면 우월한 기동성과 마법 능력이 그들을 완전히 압도함을 깨닫자 인간에게 기회는 없었다. 요즘은 인간이 대공포 보호 아래에서만 공군을 보내 요격하려는 까마귀 텐구가 날개에 파편을 맞게 한다.''
^Orange;이동 중 회피 확률 +30%.^reset;"
"''Extra firepower is now available to all units.''
  
Originally a trench clearing weapon, the Typewriter is lethal enough to make even a tengu hesitate going into close quarter combat with a soldier. 

^Orange;All ROSE ASSAULT INFANTRY SUMMONS are equipped S1 Typewriter submachine guns which further improves their firepower at close range and are IMMUNE to Suppression.^reset;"	"''추가 화력이 이제 모든 유닛에 제공됨.''
  
원래 참호 소탕 무기인 타입라이터는 텐구조차 병사와의 근접전을 주저하게 할 만큼 치명적이다. 

^Orange;모든 로즈 돌격 보병 소환물이 근거리 화력을 더 높이는 S1 타입라이터 기관단총으로 무장하고 제압 면역.^reset;"
"''Flasks filled with a sun-like liquid from another realm. Many beings of great power treasure these green dull flasks: Youkai, Demigods, Undead, and so-forth.''
  
- No effect."	"''다른 차원의 태양 같은 액체로 채운 물약병. 요괴, 반신, 언데드 등 강대한 존재들이 이 칙칙한 녹색 병을 보물로 여긴다.''
  
- 효과 없음."
"''God did not choose our Kaiser. The people did. It was the Kaiser who forged a kingdom out of warmongering tribes. It is through the determination of humanity alone that we have escaped from bashing stones against each other. To give any credit to nameless entities who have never shown themselves once is an insult to the men and woman who gave their lives for our future kin.''
^#698f78;Executioner: Enemies approximately 20 blocks and under 25% HP have -100% SLASH | THRUST | BLUNT resistance.
DEF: +20% SMALL-ARMS | +10% HEAVY-ARMS | +15% MELEE^reset;"	"''신이 우리 카이저를 택한 게 아니다. 백성이 택했다. 호전적 부족들로 왕국을 만든 건 카이저다. 돌을 부딪치던 것에서 벗어난 건 순수하게 인류의 결단이다. 한 번도 모습을 보이지 않은 무명 존재에게 공을 돌리는 건 미래 후손을 위해 목숨 바친 남녀에 대한 모욕이다.''
^#698f78;처형자: 약 20블록 내의 체력 25% 미만 적의 참격 | 찌르기 | 타격 저항 -100%.
방어력: 소화기 +20% | 중화기 +10% | 근접 +15%^reset;"
"''Grenade assault!!!''
  
Fragmentation grenades with a 5-second fuze. A total of five grenades are loosely tied together around a single stick. Once tossed, the string is quickly unraveled and the five grenades are launched at various angles allowing the grenades to hit a vastly larger area than what a single grenade could accomplish. Prior to this weapon, a common tactic for Lion infantry squads was to throw a grenade with each soldier at the same time."	"''수류탄 돌격!!!''
  
5초 신관의 파편 수류탄. 총 다섯 개의 수류탄이 한 개의 막대 주변에 느슨히 묶여 있다. 던지면 끈이 빠르게 풀려 다섯 수류탄이 다양한 각도로 발사돼 단일 수류탄보다 훨씬 넓은 범위를 타격한다. 이 무기 전에는 라이온 보병 분대가 병사마다 동시에 수류탄을 던지는 게 상용 전술이었다."
"''Hans! Get your ass moving!''
Before arriving in this land, the Lion Empire was at war with the Crown Federation. Knowing that the Federation vastly overpowered the Lion's industrial capabilties, the Lion developed a new strategy called 'lightning warfare' which focused on achieving early victories.
^#698f78;Mechanized Assault [HEAD]: Summons one LION BATTALION ASSAULT when using a ^reset;^orange;DEPLOYMENT ORDER^reset;^#698f78; | 60s Cooldown.
DEF: +10% SMALL-ARMS & SLASH | +5% THRUST^reset;"	"''한스! 엉덩이 좀 움직여!''
이 땅에 오기 전 라이온 제국은 크라운 연방과 전쟁 중이었다. 연방이 라이온의 산업 능력을 압도한다는 걸 알고 라이온은 초기 승리에 집중하는 '전격전'이라는 새 전략을 개발했다.
^#698f78;기계화 강습 [머리]: ^reset;^orange;배치 명령^reset;^#698f78; 사용 시 라이온 대대 돌격병 하나 소환 | 재사용 대기시간 60초.
방어력: 소화기·참격 +10% | 찌르기 +5%^reset;"
"''His majesty has gone mad! Do not let him finish that ritual, or we will all be forced to rot under this land forever!''

In their final moments, the last soldiers of this dead kingdom had no intention of becoming a slave to this prison.
  
^#efc565;Undying Blade [4-SET BONUS]: Negate armor penalties. Enemies within 100 blocks receive -100% SLASH resistance.
DEF: +20% SLASH | +10% SMALL-ARMS & PSYCHIC^reset;"	"''폐하가 미치셨다! 저 의식을 끝내게 두면 우리 모두 이 땅 아래서 영원히 썩게 될 것이다!''

마지막 순간에 이 죽은 왕국의 마지막 병사들은 이 감옥의 노예가 될 생각이 없었다.
  
^#efc565;불사 검 [4세트 보너스]: 갑옷 페널티 무효. 100블록 내 적의 참격 저항 -100%.
방어력: 참격 +20% | 소화기·사이킥 +10%^reset;"
"''How else am I going to test these mushrooms?''
Some magicians collect all sorts of herbs and mushrooms during their travel to use for various experimental potions. While most test their potions on animals before people, some prefer to use themselves as test subjects.
^orange;Randomly gain 1 of 6 effect every 60s. 1-10% Movement Speed, 1-25% General Weapon Proficiency, 1-50% DODGE Chance, 1-100HP, 1-5HP/sec, -(1-50%) General Resistance.
Potion Overload Limit +1.^reset;"	"''그럼 이 버섯들을 어떻게 시험하라고?''
일부 마술사는 여행 중 온갖 약초와 버섯을 모아 다양한 실험 포션에 쓴다. 대부분 사람 전에 동물로 시험하지만 자신을 시험 대상으로 쓰길 선호하는 이도 있다.
^orange;60초마다 6가지 효과 중 무작위 1개 획득. 이동 속도 1-10%, 일반 무기 숙련 1-25%, 회피 확률 1-50%, 1-100HP, 1-5HP/초, 일반 저항 -(1-50%).
포션 과부하 한도 +1.^reset;"
"''I do not know much about her teachings. I only heard it from offhand by other youkai who came through the village and never met her or any of her group. But they really did believe that it would be possible for humans and youkai to co-exist peacefully. I dismissed the idea like everyone else. That is, until the other humans with their guns and war machines arrived here.''
^#698f78;Officer Training [HEAD]: +15% Woodlands Weapon Proficiency.
Artillery Support [HEAD] - If wearing a LB Signal Officer Dress, reduce the barrage cooldown time by 10s. +10% DODGE Chance.^reset;"	"''그녀의 가르침은 잘 모른다. 마을을 지난 다른 요괴에게서 들었을 뿐이고 그녀나 그녀의 무리를 만난 적은 없다. 근데 그들은 인간과 요괴가 평화롭게 공존할 수 있다고 정말 믿었다. 난 다른 이들처럼 그 생각을 일축했지. 그러니까, 총과 전쟁 기계를 가진 다른 인간들이 도착하기 전까진.''
^#698f78;장교 훈련 [머리]: 우드랜즈 무기 숙련 +15%.
포격 지원 [머리] - LB 통신 장교복 착용 시 포격 재사용 대기시간 10초 감소. 회피 확률 +10%.^reset;"
"''I know we've just been promoted, but does that include a pay raise?''
Using the same military doctrine from their homeland, the Lion Battalion mechanized infantry conduct operations closely with their armored forces. Grenadiers are one of the core units among any Lion Battalion Division.
^#698f78;Mechanized Assault [CHEST]: Summons one LION BATTALION ASSAULT when using a ^reset;^orange;DEPLOYMENT ORDER^reset;^#698f78; | 60s Cooldown.
DEF: +15% SMALL-ARMS | +10% SLASH & THRUST | +30% BLEED^reset;"	"''승진한 건 알겠는데, 월급도 오르나?''
모국의 군사 교리를 그대로 쓰는 라이온 대대 기계화 보병은 기갑 부대와 긴밀히 작전을 수행한다. 척탄병은 모든 라이온 대대 사단의 핵심 유닛 중 하나다.
^#698f78;기계화 강습 [가슴]: ^reset;^orange;배치 명령^reset;^#698f78; 사용 시 라이온 대대 돌격병 하나 소환 | 재사용 대기시간 60초.
방어력: 소화기 +15% | 참격·찌르기 +10% | 출혈 +30%^reset;"
"''I see. You're still too weak for me to bother with but I can sense some potential in you. Here, take this sunflower I have. It may seem nothing more than a kind gesture for now, but I assure you that it will be quite useful for you in the future. Now then, let's enjoy the rest of the afternoon in peace.''
^green;Flower Apprentice: 20% Movement Speed, 20% DODGE Chance, 20% [EWS] Hit Chance, 10% GENERAL resistance when under a light source.^reset;
^red;Withering Flower: Invert the buffs when under darkness.^reset;"	"''그렇구나. 아직 내가 상대할 만큼 강하진 않지만 잠재력이 느껴져. 자, 이 해바라기를 받아. 지금은 그냥 호의처럼 보이겠지만 미래에 꽤 유용할 걸 보장해. 그럼, 오후 남은 시간을 평화롭게 즐기자.''
^green;꽃 견습생: 광원 아래에서 이동 속도 20%, 회피 확률 20%, [EWS] 적중 확률 20%, 일반 저항 10%.^reset;
^red;시든 꽃: 어둠 아래에서 버프 반전.^reset;"
"''I won't die here! To hell with the humans! To hell with the tengu! I am going to stay alive!''
A light vest that offers little protection, but is light.
  
^#a59477;LED Light: Emits a small light around the player.^reset;
^#a59477;Rabbit's Trauma [SURVIVOR] [3-SET BONUS]: Gain 3 stacks of +60% DODGE Chance. Taking damage removes a stack of DODGE. Each stack of a DODGE Chance has a independant 20s Cooldown.^reset;
^#a59477;DEF: +15% SMALL-ARMS & SLASH | +10% THRUST & BLUNT^reset;"	"''여긴 안 죽어! 인간도 텐구도 다 지옥에 가! 난 살아남을 거야!''
보호는 거의 못 주지만 가벼운 경량 조끼.
  
^#a59477;LED 라이트: 플레이어 주변에 작은 빛 발산.^reset;
^#a59477;토끼의 트라우마 [생존자] [3세트 보너스]: 회피 확률 +60% 3중첩 획득. 피해 시 회피 중첩 하나 제거. 각 회피 확률 중첩은 독립된 20초 재사용 대기시간 보유.^reset;
^#a59477;방어력: 소화기·참격 +15% | 찌르기·타격 +10%^reset;"
"''I would rather struggle and survive than drown in empty pleasure. That place was paradise compared to up there. You know that I didn't want to come with them. You want to know why I rather stay down here with the youkai and humans than go back? It's cause they know how to live. And that alone will make me respect them more than what my family could ever do.''
^#5054be;Celestial Heritage: Reduce the Cooldown of all Celestial Clothing Abilities by 20s.
+5% DODGE Chance^reset;"	"''공허한 쾌락에 빠지느니 차라리 발버둥치며 살아남겠어. 저 위에 비하면 여긴 낙원이야. 내가 그들과 가고 싶지 않았다는 건 알지. 왜 요괴와 인간과 아래 남는 게 낫냐고? 그들은 사는 법을 알거든. 그것만으로 내 가족이 절대 못 받을 존경을 줄 수 있어.''
^#5054be;천인의 유산: 모든 천인 의복 능력의 재사용 대기시간 20초 감소.
회피 확률 +5%^reset;"
"''I'll never get used to seeing blood. I know that's funny coming from me of all things. A Crow Tengu. But I didn't have to pick up a sword for hundreds of years. All those stories of us fighting in battle were all done by our elders back then. Most younger Crow Tengus never had to take a life from their own hands until now.''
^#efc565;Lightspeed: +20% Movement Speed | +60% DODGE Chance when moving. -50% GENERAL Resistance and no DODGE when hit for 3s.
Tengu Link [4-SET BONUS]: Gain Tengu Synchronization.
DEF: +22% SLASH | +16% THRUST | +12% BLUNT^reset;"	"''피 보는 건 절대 못 익숙해질 거야. 하필 나, 까마귀 텐구가 하는 말이라 웃기는 거 알아. 근데 수백 년간 검을 들 필요가 없었어. 우리가 전투에서 싸웠다는 이야기는 다 그때 장로들이 한 거거든. 지금까지 젊은 까마귀 텐구 대부분은 자기 손으로 목숨을 앗은 적이 없었어.''
^#efc565;광속: 이동 속도 +20% | 이동 중 회피 확률 +60%. 피격 시 3초간 일반 저항 -50%와 회피 불가.
텐구 링크 [4세트 보너스]: 텐구 동기화 획득.
방어력: 참격 +22% | 찌르기 +16% | 타격 +12%^reset;"
"''I've already closed by satori eye. Reading people's minds only makes you depressed, there's nothing good about it.''
It's rare to come across a satori. Even among other youkai, the satori is considered be one of the most unpleasant ones to be around due to their mind reading abilities.
^green;Unconscious Manipulator: Enemies within approximately 60 blocks are stunned for 1-3s every 10s-20s. (Can be stacked)^reset;
^red;Loss of Focus: -10% ATK Power and -10% [EWS] Hit Chance and Accuracy multiplier.^reset;"	"''난 이미 사토리 눈을 닫았다. 사람 마음을 읽으면 우울해질 뿐, 좋은 게 없어.''
사토리를 만나는 건 드문 일이다. 다른 요괴 사이에서도 사토리는 독심 능력 때문에 곁에 있기 가장 불편한 존재 중 하나로 여겨진다.
^green;무의식 조작자: 약 60블록 내 적이 10-20초마다 1-3초간 기절. (중첩 가능)^reset;
^red;집중 상실: 공격력 -10%, [EWS] 적중 확률과 명중률 배율 -10%.^reset;"
"''If the echelon units are fighting, then something has seriously went wrong.''
With proper tactics and training, even a echelon unit knows how to provide suppressive fire against enemy forces despite not being meant for frontline combat.
^#b4a67f;Logistic Support [LEGS]: Nearby Infantry Summons gain +0.2% HP/sec, +10% General Resistance, and +15% General Weapon Proficiency. +1% HP/sec.
+10% Movement Speed. | DEF: +10% THERMAL^reset;"	"''에셜론 부대가 싸우고 있으면 뭔가 심각하게 잘못된 거다.''
제대로 된 전술과 훈련으로 에셜론 부대도 최전선 전투용이 아니어도 적군에 대한 제압 사격을 제공하는 법을 안다.
^#b4a67f;병참 지원 [다리]: 근처 보병 소환물이 초당 체력 +0.2%, 일반 저항 +10%, 일반 무기 숙련 +15% 획득. 초당 체력 +1%.
이동 속도 +10%. | 방어력: 열 +10%^reset;"
"''If the gunner is dead, you take his place and keep shooting!''
Despite not required, most support weapons only need one to two man to operate them rather than the four or five the Lion Battalions assigns in their squads.
^#698f78;Support Weapon Operator [HEAD]: 20% General Weapon Proficiency and Movement Speed while operating under the^reset; ^red;HEAVY WEIGHT WEAPON PENALTY.^reset; ^#698f78;If the penalty has been negated, gain no Movement Speed and only half of the proficiency. 
DEF: +10% SMALL-ARMS & THRUST | +5% SLASH^reset;"	"''포수가 죽으면 네가 대신해서 계속 쏴!''
필수는 아니지만 대부분의 지원 무기는 라이온 대대가 분대에 배정하는 4-5인 대신 1-2명만으로도 운용할 수 있다.
^#698f78;지원 무기 조작수 [머리]: ^reset;^red;중화기 무게 페널티^reset;^#698f78; 상태로 운용 시 일반 무기 숙련과 이동 속도 20%. 페널티가 무효화되면 이동 속도 없이 숙련 절반만 획득. 
방어력: 소화기·찌르기 +10% | 참격 +5%^reset;"
"''If they even think about becoming a youkai, put them in front of the firing squad.''
Many youkai were former humans who wanted to escape their status as slaves only to find themselves being put in front of a firing squad for treason. Those who give up their humanity do not deserve to be given any quarter as the human generals proclaim. For they have already betrayed everyone once.
^#efc565;Tengu Link [4-SET BONUS]: Gain Tengu Synchronization.
^#efc565;+25HP.^reset;"	"''요괴가 될 생각이라도 하면 총살형 앞에 세워라.''
많은 요괴가 노예 신분에서 벗어나려 한 전직 인간으로 배신죄로 총살형 앞에 서게 됐다. 인간 장군들의 선언대로 인간성을 버린 자는 자비를 받을 자격이 없다. 이미 모두를 한 번 배신했으니.
^#efc565;텐구 링크 [4세트 보너스]: 텐구 동기화 획득.
^#efc565;+25HP.^reset;"
"''If you want to be free, you have to be willing to fight for it. The humans did and lost. Us 'lesser' youkai did and lost. It's been the natural order of things on this planet for as long as I can remember. If the humans do win this war, I wonder if it'll be the same thing as before only with humans running the show or if something else is going to happen.''
^#698f78;Officer Training [LEGS]: +15% Woodlands Weapon Proficiency.
Artillery Support [LEGS] - If wearing a LB Signal Officer Dress, reduce the barrage cooldown time by 10s. +10% DODGE Chance.^reset;"	"''자유를 원하면 싸울 각오를 해야 한다. 인간이 했고 졌지. 우리 '하급' 요괴도 했고 졌다. 내 기억 속에서 이 행성의 자연 질서는 늘 그랬다. 인간이 이 전쟁에서 이기면 인간이 굴러먹던 것과 똑같아질지, 아니면 다른 일이 일어날지 궁금하네.''
^#698f78;장교 훈련 [다리]: 우드랜즈 무기 숙련 +15%.
포격 지원 [다리] - LB 통신 장교복 착용 시 포격 재사용 대기시간 10초 감소. 회피 확률 +10%.^reset;"
"''If you're not with us, then you're a traitor! Kill them all!''
Villages that refused to cooperate were at first left alone. As the war raged on and supplies dwindled, desperation began to set in among the soldiers and it was inevitable that they would start raiding the villages that refused their presence.
^#698f78;Battlefield Conditioning [LEGS]: If wearing a LB Grunt Fatigues, gain +5% Movement Speed and +15% DODGE Chance applied to Battlefield Sprinter when active.
+5% Movement Speed. | DEF: +15% BLEED & THERMAL^reset;"	"''우리 편이 아니면 반역자다! 전부 죽여!''
협력을 거부한 마을은 처음엔 내버려 뒀다. 전쟁이 격화되고 보급이 줄어들자 병사들 사이에 절박함이 자리 잡기 시작했고 자신들의 존재를 거부한 마을을 습격하는 건 불가피했다.
^#698f78;전장 적응 [다리]: LB 병사 군복 착용 시 전장 질주병 활성 중 이동 속도 +5%와 회피 확률 +15% 적용.
이동 속도 +5%. | 방어력: 출혈·열 +15%^reset;"
"''It's easy for the child to throw a keystone into a mountain and cause a landslide, but it's another story if she's the one having to dig her blade into the guts of someone. Despite her dismissive tone on the incident, it was clear to the tengu around her that behind the girl's bravado, was someone who's shaken from the incident.''
^#5054be;Evasive Leap: Peforming a Special Melee Attack grants 2 ^#C8FAFA;HIT-SHIELDS^reset;^#5054be; for 20s. | 60s Cooldown
+10% DODGE Chance | DEF: +10% PSYCHIC & THERMAL^reset;"	"''아이가 산에 돌 하나 던져 산사태를 일으키는 건 쉽다. 하지만 자기 검을 직접 누군가의 배에 꽂아 넣어야 하는 거라면 이야기는 달라진다. 그 일을 대수롭지 않다는 듯 말했지만, 주변 텐구들에겐 명백했다. 저 소녀의 허세 뒤에는 그 사건으로 동요한 사람이 있었다는 게.''
^#5054be;회피 도약: 특수 근접 공격 시전 시 20초간 ^#C8FAFA;피격 방패^reset;^#5054be; 2개 획득. | 60초 재사용 대기시간
회피 확률 +10% | 방어력: 정신 +10% & 열^reset;"
"''It's hard to imagine what the Lunarians were thinking of having their soldiers wear suits into combat rather than traditional armor. Though then again, maybe there's something special about these suits that they aren't telling us. After all, they're still wearing them today.''
  

^green;Bunny Hopping: +15% Movement Speed | +10% Psychic Resistance.^reset;
^red;Frail Protection: -10% SMALL-ARMS Resistance.^reset;"	"''루나리안이 병사에게 전통 갑옷 대신 슈트를 입혀 전투에 보낸 생각을 상상하기 어렵다. 그래도 어쩌면 이 슈트에 우리가 모르는 특별한 게 있을지도. 결국 오늘날도 입고 있으니.''
  

^green;토끼 도약: 이동 속도 +15% | 사이킥 저항 +10%.^reset;
^red;연약한 보호: 소화기 저항 -10%.^reset;"
"''It's stupid. It shouldn't work. But those cannons have already tore through a couple of bunkers already and one of the men is missing their head.''
A large burly sack carrying a large amount of cannonballs. While a human would outright crumble under the immense weight of this pack, a Blackpowder Clan Tengu will easily haul the bag around along with their two handed cannon pole and metal armor.
^#efc565;Tengu Link [4-SET BONUS]: Gain Tengu Synchronization.
^#efc565;+25HP.^reset;"	"''바보 같아. 통할 리가 없어. 근데 저 대포들이 벌써 벙커 몇 개를 뚫었고 병사 하나는 머리가 없어.''
대량의 포탄을 담은 크고 투박한 자루. 인간이라면 이 엄청난 무게에 그대로 주저앉겠지만 흑약 일족 텐구는 자루와 양손 대포 장대, 금속 갑옷까지 쉽게 짊어지고 다닌다.
^#efc565;텐구 링크 [4세트 보너스]: 텐구 동기화 획득.
^#efc565;+25HP.^reset;"
"''Let's go get the bloody bastards! Charge!!!''
  
An assault officer's duty is to reinforce the frontline with their assault section whenever the youkai try to make a push. They were originally meant to be an offensive unit, but was changed when the war slowed to a crawl due to the tengu fortresses.
^#b4a67f;Into the Breach [CHEST]: Summons one ROSE ASSAULT INFANTRY when using a ^reset;^orange;DEPLOYMENT ORDER^reset;^#b4a67f; | 60s Cooldown. | +10% DODGE Chance.
DEF: +30% BLEED | +30% THERMAL^reset;"	"''피 묻은 자식들 잡으러 가자! 돌격!!!''
  
강습 장교의 임무는 요괴가 밀어붙일 때마다 강습 부대로 전선을 증원하는 것. 원래 공격 부대였지만 텐구 요새로 전쟁이 지지부진해지며 바뀌었다.
^#b4a67f;돌격 [가슴]: ^reset;^orange;배치 명령^reset;^#b4a67f; 사용 시 로즈 돌격 보병 하나 소환 | 재사용 대기시간 60초. | 회피 확률 +10%.
방어력: 출혈 +30% | 열 +30%^reset;"
"''Madness can come from anywhere. Only a fool would believe themselves to be immune to the ancient one's curse. The King knew it was only a matter of time before his own comrades would turn on each other. So he hatched a plan. A spell that shall ensure that even in death, his soldiers will peform their duty.''
  
^#efc565;Undying Blade [4-SET BONUS]: Negate armor penalties. Enemies within 100 blocks receive -100% SLASH resistance.
DEF: +40% SLASH | +15% SMALL-ARMS & PSYCHIC | +10% THRUST^reset;"	"''광기는 어디서든 올 수 있다. 고대 존재의 저주에 면역이라 믿는 건 바보뿐이다. 왕은 자기 동지들이 서로를 배신할 날이 올 걸 알았다. 그래서 계획을 꾸몄다. 죽어서도 그의 병사들이 의무를 다하게 할 주문을.''
  
^#efc565;불사 검 [4세트 보너스]: 갑옷 페널티 무효. 100블록 내 적의 참격 저항 -100%.
방어력: 참격 +40% | 소화기·사이킥 +15% | 찌르기 +10%^reset;"
"''My liege. We have come bearing disturbing news. A messenger comes with new that Gulloaqu has been attacked by some cult with strange horrid monstrosities have accompany them. Shall we mobilize the knights?''

No empire realizes the beginning of their end until it is too late.

^#efc565;Undying Order [4-SET BONUS]: +25 HP. Required for various set armor bonuses.^reset;"	"''폐하. 불편한 소식을 가져왔습니다. 전령이 굴로아쿠가 이교도에게 공격받았고 흉측한 괴물들이 동행했다는 소식을 전합니다. 기사단을 동원할까요?''

어느 제국도 너무 늦기 전까지 자기 종말의 시작을 깨닫지 못한다.

^#efc565;불사의 기사단 [4세트 보너스]: +25 HP. 다양한 세트 갑옷 보너스에 필요.^reset;"
"''Not even the lowly animal is immune to the spreading corruption that is plagueing our land. If the vile beasts think they can take away our animal allies then we shall make our own.''
As the madness began driving the horses and animals insane, the king ordered his greatest magicians to create golems to imitate their cavalry.
^#efc565;First Strike [HEAD]: Enemies within 100 blocks are STUNNED for 2s on the first damaging hit.
DEF: +7.5% SMALL-ARMS & MELEE | +10% PSYCHIC^reset;"	"''미천한 동물조차 우리 땅을 뒤덮는 타락을 면하지 못한다. 저 사악한 짐승들이 우리 동물 동맹을 빼앗을 수 있다 생각한다면 우리가 직접 만들 것이다.''
광기가 말과 동물을 미치게 만들기 시작하자 왕은 최고의 마술사들에게 기병을 모방한 골렘을 만들라 명령했다.
^#efc565;선제타격 [머리]: 100블록 내 적이 첫 피해 타격에 2초간 기절.
방어력: 소화기·근접 +7.5% | 사이킥 +10%^reset;"
"''Now aren't you a cute little human wandering onto my garden. Come now, why don't you have a seat have some tea. I'm sure a human like you must have an interesting reason on approaching me. After all, it's been a long time since someone came here aside from that witch and shrine maiden.'' 
  
^green;Flower Apprentice: 20% ATK Power, 20% HP, 20% [EWS] Accuracy multiplier, 10% GENERAL resistance when under a light source.^reset;
^red;Withering Flower: Invert the buffs when under darkness.^reset;"	"''이제 내 정원에 어슬렁거리는 귀여운 인간이네. 자, 앉아서 차 좀 마시지. 너 같은 인간이 나한테 다가온 덴 재밌는 이유가 있겠지. 저 마녀와 무녀 외엔 오랫동안 아무도 안 왔으니까.'' 
  
^green;꽃 견습생: 광원 아래에서 공격력 20%, 체력 20%, [EWS] 명중률 배율 20%, 일반 저항 10%.^reset;
^red;시든 꽃: 어둠 아래에서 버프 반전.^reset;"
"''Oi! Don't just sit there and watch. Get in the bunker!''
The engineers are responsible for majority of the trenches and fortifications built during the war. Without their presence, it would've been impossible for the Federation and Lion to hold back the tengu from retaking territory they have lost.

^#b4a67f;Steady Material [LEGS]: If wearing a RE Engineer Fatigues, increase the HP of the deployable sandbag and total deployed.
DEF: +10% SMALL-ARMS | +10% BLUNT | +5% THRUST^reset;"	"''야! 거기 앉아서 구경만 하지 말고. 벙커로 들어가!''
공병은 전쟁 중 지어진 참호와 요새화 대부분을 책임진다. 그들이 없었다면 연방과 라이온이 텐구가 잃은 영토를 되찾는 걸 막는 게 불가능했을 것이다.

^#b4a67f;견고 자재 [다리]: RE 공병 군복 착용 시 배치 모래주머니의 체력과 총 배치 수 증가.
방어력: 소화기 +10% | 타격 +10% | 찌르기 +5%^reset;"
"''Once the war starts, nothing is off limit. People can say whatever they want about morality and honor, but you don't win a war by keeping your hands clean. If you don't use everything on the table, the enemy will. The folks here don't know what it was like having to fight in the midst of gas attacks or thrown into the meat grinder. I hope they never will.''
^#b4a67f;Enduring Mind [CHEST]: Upon taking more than 50 damage, gain a^reset; ^#C8FAFA;HIT-SHIELD^reset; ^#b4a67f;for 5s. | 5s Cooldown
DEF: +25% SMALL-ARMS | +10% HEAVY-ARMS | +20% SLASH & THRUST^reset;"	"''전쟁이 시작되면 금지된 건 없다. 도덕이니 명예니 뭐라 해도, 깨끗한 손으로 전쟁은 못 이긴다. 쓸 수 있는 걸 다 안 쓰면 적이 쓴다. 여기 사람들은 가스 공격 한가운데서 싸우거나 분쇄기에 던져지는 게 어땠는지 모른다. 영원히 모르길 바란다.''
^#b4a67f;인내하는 마음 [가슴]: 피해 50 이상을 받으면 ^reset;^#C8FAFA;피격 방패^reset; ^#b4a67f;를 5초간 획득. | 재사용 대기시간 5초
방어력: 소화기 +25% | 중화기 +10% | 참격·찌르기 +20%^reset;"
"''One cannot lead when they are too busy fighting.''
While the Kaiser Knights put a high emphasis on personal strength in their creed, it is only because they want their knights to be able to protect the soldiers they are assigned in the midst of battle.''
^#698f78;Armored Spearhead [3-SET BONUS]: Crouching for 5s will call in a drivable Kaiserwagen III on your location. High firepower, but no armor. CANNOT fit through doorways. | 300s Cooldown | +10% DODGE Chance | DEF: +10% MELEE^reset;"	"''싸우기에 너무 바쁘면 이끌 수 없다.''
카이저 기사단이 신조에서 개인의 힘을 강조하는 건 전투 한복판에서 배정된 병사들을 지킬 수 있기를 바라기 때문이다.''
^#698f78;기갑 첨두 [3세트 보너스]: 5초간 웅크리면 위치에 운전 가능한 카이저바겐 III 호출. 고화력, 무장갑. 문을 지날 수 없음. | 재사용 대기시간 300초 | 회피 확률 +10% | 방어력: 근접 +10%^reset;"
"''Only the desperate and foolish would be willing to bind their mortal shell to their very soul.''

There are many who are unfortunate enough to be born weak or with life crippling conditions. For some, tying their soul to their own mortal shell is a price they are happy to pay if it means living a more fulfilling life.
^Orange;+200 Ability Mana. If Ability Mana reaches 0, immediately take 50 PSYCHIC damage to self."	"''절박하고 어리석은 자만이 필멸의 껍데기를 자기 영혼에 묶으려 할 것이다.''

약하거나 생을 망치는 조건으로 태어난 불운한 이들이 많다. 일부에겐 자기 영혼을 필멸의 껍데기에 묶는 것이 더 충실한 삶을 뜻한다면 기꺼이 치를 대가다.
^Orange;+200 능력 마나. 능력 마나가 0이 되면 즉시 자신에게 사이킥 피해 50."
"''Reconaissance is dangerous work. It's impossible to run from a youkai once they get their eyes on you. If they start a fight, then the only way it's going to end is when one of us is on the ground. Much more dangerous compared to back then when we were fighting the Lion. They also didn't have absurd abilities that's honestly just bullshit.''
^#b4a67f;Skirmisher [HEAD]: 10% Light Weapon Proficiency.
Amplify Mark [HEAD]: Increase the effect of Sharpshooter.
+10% DODGE Chance. | DEF: +5% SMALL-ARMS^reset;"	"''정찰은 위험한 일이다. 요괴가 널 포착하면 도망은 불가능하다. 싸움이 시작되면 한쪽이 쓰러져야 끝난다. 라이온과 싸우던 때보다 훨씬 위험하다. 솔직히 개소리 같은 말도 안 되는 능력도 없었고.''
^#b4a67f;척후병 [머리]: 경무기 숙련 10%.
표적 증폭 [머리]: 명사수 효과 증가.
회피 확률 +10%. | 방어력: 소화기 +5%^reset;"
"''Right, death or glory, gentlemen? I prefer glory.''
It is no easy task for a human squad to repel a youkai attack in close quarters. Even without weapons, a youkai's supernatural physique is enough to outmatch a human with a rifle. To tackle the threat, high command has trained assault sections which were used to close quarter environments on how to fight them thanks to the native youkai populace willing to explain their abilities.
^#b4a67f;Into the Breach [HEAD]: Summons one ROSE ASSAULT INFANTRY when using a ^reset;^orange;DEPLOYMENT ORDER^reset;^#b4a67f; | 60s Cooldown. | +12.5% DODGE Chance.^reset;"	"''그래, 죽음이냐 영광이냐, 신사들? 난 영광을 택한다.''
인간 분대가 근접전에서 요괴 공격을 격퇴하는 건 쉬운 일이 아니다. 무기 없이도 요괴의 초자연적 체격은 소총 든 인간을 능가한다. 위협에 맞서 고위 사령부는 근접 환경에 쓰인 강습 부대를 훈련시켰다 — 능력을 설명해줄 토착 요괴 덕분에.
^#b4a67f;돌격 [머리]: ^reset;^orange;배치 명령^reset;^#b4a67f; 사용 시 로즈 돌격 보병 하나 소환 | 재사용 대기시간 60초. | 회피 확률 +12.5%.^reset;"
"''Rise up and fight for your freedom! Join the volunteers today!''
A propaganda letter asking for the planet natives to join the war effort. Under limited manpower, the Lion and Federation needed to convince the native populace to fight with them as the war dragged on. Whether human or youkai, as long as they were willing to fight for the cause, they would be accepted.

^Orange;+10% General Weapon Proficiency.^reset;
^Orange;Volunteer Training: +15% Woodlands Weapon Proficiency.^reset;"	"''일어나 자유를 위해 싸워라! 오늘 지원병에 합류하라!''
행성 토착민에게 전쟁 참여를 요청하는 선전 전단. 인력이 부족해진 라이온과 연방은 전쟁이 길어지자 토착민을 설득해야 했다. 인간이든 요괴든 대의를 위해 싸울 의지만 있다면 받아들였다.

^Orange;일반 무기 숙련 +10%.^reset;
^Orange;지원병 훈련: 우드랜즈 무기 숙련 +15%.^reset;"
"''Roses are red, violets are blue. I'm stuck on this hellish planet. AND SO ARE FUCKING YOU!''
Elite paratrooper units were converted into standard combat unit once it became evident that flying youkai could easily destroy their parachutes and cause them to fall to their death.
^#698f78;Lion Training [CHEST]: +10% Woodlands Weapon Proficiency.
Elite Tactics [CHEST]: +30% DODGE Chance. DODGE CHANCE is reduced to 0 for 3s on taking any damage.
DEF: +20% SMALL-ARMS & SLASH | +15% THRUST^reset;"	"''장미는 빨갛고 제비꽃은 파랗지. 난 이 지옥 같은 행성에 갇혔어. 너도 존나게 똑같아!''
나는 요괴가 낙하산을 쉽게 파괴해 추락사시킨다는 게 명백해지자 정예 낙하산 부대가 표준 전투 부대로 전환됐다.
^#698f78;라이온 훈련 [가슴]: 우드랜즈 무기 숙련 +10%.
정예 전술 [가슴]: 회피 확률 +30%. 피해를 받으면 3초간 회피 확률이 0으로 감소.
방어력: 소화기·참격 +20% | 찌르기 +15%^reset;"
"''Run you buggers! RUN!!!''
Due to the amount of trenches and fortifications needed to be built, the Rose Empire Engineer Corps were one of the first units within the Federation to ask for volunteers from the native populace including youkai. It wouldn't be long before other units would allow youkai and the native humans to join their units.
^#b4a67f;Steady Material [HEAD]: If wearing a RE Engineer Fatigues, increase the HP of the deployable sandbag and total deployed.
DEF: +10% SMALL-ARMS & +10% SLASH | +5% THRUST^reset;"	"''달려 이 자식들아! 달려!!!''
지어야 할 참호와 요새화의 양 때문에 로즈 제국 공병대는 연방 내에서 토착민(요괴 포함) 지원병을 가장 먼저 요청한 부대 중 하나였다. 다른 부대도 요괴와 토착 인간의 입대를 허락하기까지 오래 걸리지 않았다.
^#b4a67f;견고 자재 [머리]: RE 공병 군복 착용 시 배치 모래주머니의 체력과 총 배치 수 증가.
방어력: 소화기 +10%·참격 +10% | 찌르기 +5%^reset;"
"''Setting up demolition charges!''
Every youkai needs sustenance. As the war progressed, they then began needing tools and material. The commando's tasks are to make sure they do not get that material. They do not get those tools. And they do not get a single bit of sustenance.
^#b4a67f;Knife Throw: Throws a combat knife at the closest enemy within approximately 30 blocks which deals 200 THRUST DAMAGE. | 15s Cooldown
+7.5% General Weapon Proficiency | +5% DODGE Chance^reset;"	"''폭파 장약 설치!''
모든 요괴는 양식이 필요하다. 전쟁이 진행되며 그들은 도구와 재료가 필요해졌다. 특공대의 임무는 그들이 그 재료를 얻지 못하게 하는 것. 그 도구를 얻지 못하게 하는 것. 그리고 양식 한 조각도 얻지 못하게 하는 것.
^#b4a67f;칼 던지기: 약 30블록 내 가장 가까운 적에게 찌르기 피해 200의 전투용 나이프 투척. | 재사용 대기시간 15초
일반 무기 숙련 +7.5% | 회피 확률 +5%^reset;"
"''Shortly after the reorganization of the Queen's Inquistion, Royal Hunters were shifted into a more militaristic role rather than a civil one. Instead of rooting out heresy and launching investigations, Royal Hunters were now the elite soldiers of the Queen's Inquisiton and are trained to support the main army and their campaigns through any means necessary as a outside force.''
^#b4a67f;Royal Training: +10% Woodlands Weapon Proficiency. 
DEF: +10% SMALL-ARMS & BLEED^reset;"	"''여왕의 이단심문관 개편 직후 왕립 사냥꾼은 민간 역할이 아닌 군사적 역할로 전환됐다. 이단을 뿌리 뽑고 조사를 여는 대신 왕립 사냥꾼은 이제 여왕의 이단심문관의 정예 병사가 되어 외부 세력으로서 수단을 가리지 않고 주력군과 그들의 원정을 지원하도록 훈련받았다.''
^#b4a67f;왕립 훈련: 우드랜즈 무기 숙련 +10%. 
방어력: 소화기·출혈 +10%^reset;"
"''So what exactly is that key for?''
  
Standard uniform for Waterfall Kappa engineers near the frontline. Very little has changed from what they wore back from their home. Offers little in terms of physical protection, but at least it has a lot of pockets and is waterproof.
^#6594ef;Kappa Innovation: Reduce the cooldown of all summons requiring BUILD ORDER by 10s.
DEF: +30% BLEED | +20% PSYCHIC & THERMAL^reset;"	"''그래서 그 열쇠는 정확히 뭐에 쓰는데?''
  
최전선 근처 폭포 캇파 공병의 표준 군복. 고향에서 입던 것과 거의 변함없다. 물리적 보호는 거의 없지만 주머니가 많고 방수다.
^#6594ef;캇파 혁신: 건설 명령이 필요한 모든 소환의 재사용 대기시간 10초 감소.
방어력: 출혈 +30% | 사이킥·열 +20%^reset;"
"''Sorry. This is going to hurt like a bitch.''
Medical equipment that is designed to provide immediate aid to wounded soldiers. Proper treatment and medical care is still required in order to fully treat the injury, but it at least ensures the soldier won't bleed out in the middle of a warzone.
^Orange;Gain +1HP/sec. If HP falls below 75%/50%, reduce max HP to those thresholds but increase regen by an additional +2 each time. The effects reverts back to its base effect after being at full HP for 30s.^reset;"	"''미안. 존나게 아플 거야.''
부상 병사에게 즉각적인 구호를 제공하는 의료 장비. 완전한 치료엔 여전히 제대로 된 치료와 의료가 필요하지만, 최소한 병사가 전장 한복판에서 과다출혈로 죽지 않게 해준다.
^Orange;+1HP/초 획득. 체력이 75%/50% 아래로 떨어지면 최대 체력이 그 문턱으로 감소하되 재생이 매번 +2 추가 증가. 최대 체력에서 30초 유지 후 기본 효과로 복귀.^reset;"
"''Surrounded? Good. That means we can't miss!''
A Lion Battalion fatigue that carries multiple machine gun belts around them. The soldiers that wear these uniforms often are equipped with heavy weaponry to support their squads.
^#698f78;Support Weapon Operator [CHEST]: 20% General Weapon Proficiency and Movement Speed while operating under the^reset; ^red;HEAVY WEIGHT WEAPON PENALTY.^reset; ^#698f78;If the penalty has been negated, gain no Movement Speed and only half of the proficiency. 
DEF: +15% SMALL-ARMS | +10% SLASH & THRUST | +30% BLEED^reset;"	"''포위됐다고? 좋아. 그럼 빗나갈 수 없지!''
기관총 벨트 여러 개를 두른 라이온 대대 군복. 이 군복을 입는 병사들은 분대 지원용 중화기를 장비하는 경우가 많다.
^#698f78;지원 무기 조작수 [가슴]: ^reset;^red;중화기 무게 페널티^reset;^#698f78; 상태로 운용 시 일반 무기 숙련과 이동 속도 20%. 페널티가 무효화되면 이동 속도 없이 숙련 절반만 획득. 
방어력: 소화기 +15% | 참격·찌르기 +10% | 출혈 +30%^reset;"
"''Tanks lead the charge. Infantry protects the flanks. And the fighters clear the skies.''

The captain of the Kaiser Knights leads his knights from his command tank while the generals command the army.
^#698f78;Armored Spearhead [3-SET BONUS]: Crouching for 5s will call in a drivable Kaiserwagen III on your location. High firepower, but no armor. CANNOT fit through doorways. | 300s Cooldown | +10% DODGE Chance | DEF: +30% THERMAL^reset;"	"''전차가 돌격을 이끈다. 보병이 측면을 지킨다. 그리고 전투기가 하늘을 정리한다.''

카이저 기사단의 대장은 지휘 전차에서 기사들을 이끌고 장군들이 군대를 지휘한다.
^#698f78;기갑 첨두 [3세트 보너스]: 5초간 웅크리면 위치에 운전 가능한 카이저바겐 III 호출. 고화력, 무장갑. 문을 지날 수 없음. | 재사용 대기시간 300초 | 회피 확률 +10% | 방어력: 열 +30%^reset;"
"''Tea? Or would you like something stronger?''
A Empire tea maker that is found inside some of their tanks. It is rumored that even if their tank is being bombarded by Crow Tengu rocketeers, the crew will refuse to leave their wrecked tank until they grabbed the tea maker with them claiming that they would rather die than be deprived of their only source of tea.
^Orange;Tea, Anyone?: Gain the Tanker's Tea buff. Infantry Summons also gain the Tanker's Tea buff. (Tanker's Tea - 5% Movement Speed, +25 HP, and IMMUNE to Suppression)^reset;"	"''차? 아니면 더 진한 거?''
일부 전차 안에서 발견되는 제국 차 제조기. 소문에 따르면 까마귀 텐구 로켓병에게 전차가 포격당해도 승무원은 차 제조기를 챙길 때까지 부서진 전차를 떠나지 않는다고 한다. 유일한 차 공급원을 빼앗기느니 죽겠다면서.
^Orange;차 한잔?: 전차병의 차 버프 획득. 보병 소환물도 전차병의 차 버프 획득. (전차병의 차 - 이동 속도 5%, +25 HP, 제압 면역)^reset;"
"''Technology only amplifies destruction. Humanity proves that.''
They didn't hate humanity but rather distrusted them due to how often they were betrayed for their technology. Backstabs and lies have made the rabbits extremely paranoid of humans though not completely hostile as there are a few that have shown their trust to be genuine compared to many others. 

^#a59477;Rabbit's Trauma [3-SET BONUS]: Gain Rabbit's Trauma.^reset;
^#a59477;+10% DODGE Chance | DEF: +10% THERMAL^reset;"	"''기술은 파괴를 증폭시킬 뿐이다. 인류가 그걸 증명한다.''
인류를 증오한 건 아니고, 기술 때문에 얼마나 자주 배신당했는지로 불신했다. 배신과 거짓이 토끼들을 극도로 편집증적으로 만들었지만 완전히 적대적이진 않다 — 소수의 인간이 진정한 신뢰를 보여줬기 때문이다.

^#a59477;토끼의 트라우마 [3세트 보너스]: 토끼의 트라우마 획득.^reset;
^#a59477;회피 확률 +10% | 방어력: 열 +10%^reset;"
"''That celestial had no qualms with getting into fights and causing trouble where ever she went. Even back in her original home, she was always considered the 'problem' child amongst her kin. There wasn't much anyone could do to stop her, either. Despite being a ass, the girl knows how to fight better than most. She would however never resort to murdering anyone even when angered.''
^#5054be;Divine Ward: Peforming a Special Melee Attack spawns a friendly magic turret above your position. | 60s Cooldown
+10% DODGE Chance | DEF: +30% PSYCHIC & THERMAL^reset;"	"''그 천인은 가는 곳마다 싸움과 말썽을 일으키는 데 거리낌이 없었다. 원래 고향에서도 친족 사이에서 늘 '문제' 아이로 여겨졌지. 말릴 수 있는 사람도 별로 없었고. 성격은 나쁘지만 그 애는 대부분보다 싸움을 잘해. 다만 아무리 화나도 살인에 손대진 않았다.''
^#5054be;신성 수호: 특수 근접 공격 시 위치 위에 아군 마법 포탑 생성. | 재사용 대기시간 60초
회피 확률 +10% | 방어력: 사이킥·열 +30%^reset;"
"''That celestial had no qualms with getting into fights and causing trouble where ever she went. Even back in her original home, she was always considered the 'problem' child amongst her kin. There wasn't much anyone could do to stop her, either. Despite being a ass, the girl knows how to fight better than most. She would however never resort to murdering anyone even when angered.''
^#5054be;Divine Ward: Peforming a Special Melee Attack spawns a friendly stone turret above your position. | 60s Cooldown
+10% DODGE Chance | DEF: +30% PSYCHIC & THERMAL^reset;"	"''그 천인은 가는 곳마다 싸움과 말썽을 일으키는 데 거리낌이 없었다. 원래 고향에서도 친족 사이에서 늘 '문제' 아이로 여겨졌지. 말릴 수 있는 사람도 별로 없었고. 성격은 나쁘지만 그 애는 대부분보다 싸움을 잘해. 다만 아무리 화나도 살인에 손대진 않았다.''
^#5054be;신성 수호: 특수 근접 공격 시 위치 위에 아군 돌 포탑 생성. | 재사용 대기시간 60초
회피 확률 +10% | 방어력: 사이킥·열 +30%^reset;"
"''The Great Doubt. Otherwise known as the end of the church and the clergy's power over the Queen. The First Continental War has done more than just shown her the horrors of war. What it has also shown that whatever god she believed in has either left her or sent us all to hell. Why give faith to a god that subjected its creations to a hellscape of bullets, gas, and explosives?''
^#b4a67f;Cripple Shot: The next Lethal Bullet hit on a enemy stuns the target for 2s. Can be triggered by allies. | 10s Cooldown Per Enemy
DEF: +25% SMALL-ARMS | +10% BLUNT^reset;"	"''대의심. 교회와 성직자의 여왕 권력 종말이라고도 한다. 제1차 대륙 전쟁은 그녀에게 전쟁의 공포 이상을 보여줬다. 그녀가 믿던 신이 그녀를 떠났거나 우리 모두를 지옥에 보냈다는 것도 보여줬지. 탄환, 가스, 폭발물의 지옥에 창조물을 보낸 신에게 왜 신앙을 주나?''
^#b4a67f;무력화 사격: 적에게 다음 치명탄 명중 시 대상 2초간 기절. 아군이 발동 가능. | 적당 재사용 대기시간 10초
방어력: 소화기 +25% | 타격 +10%^reset;"
"''The Kaiser already lost one war. He doesn't want to lose another. Either the Lion comes home victorious or not at all.''
The early phase of the second war saw great use of paratrooper divisions to cut off supply lines and distract enemy army groups while the rest of the Lion's Army made rapid advances.
^#698f78;Elite Tactics [HEAD]: If wearing a LB Paratrooper Fatigues, increase the Elite Tactics DODGE Chance by +20%.
^#799E4B;Prevents certain [GIC] environmental hazards.^reset;
^#698f78;DEF: +15% SMALL-ARMS | +10% SLASH & THRUST^reset;"	"''카이저는 이미 전쟁 하나를 졌다. 또 지고 싶지 않다. 라이온이 승리해 돌아오거나 아예 안 돌아오거나다.''
제2차 전쟁 초기엔 낙하산병 사단이 보급선을 끊고 적 군단을 교란하는 동안 나머지 라이온군이 신속히 진격하는 데 크게 쓰였다.
^#698f78;정예 전술 [머리]: LB 낙하산병 군복 착용 시 정예 전술 회피 확률 +20% 증가.
^#799E4B;특정 [GIC] 환경 위험 방지.^reset;
^#698f78;방어력: 소화기 +15% | 참격·찌르기 +10%^reset;"
"''The Outsider Humans hold no faith. They see us as nothing more than delusional fools who believe in lies. They refuse to accept that our gods came to us and promised us a future.''
Even the faith and devotion of a fairy is still worth something to the eyes of the divine. In a time where fantasy itself is dying in this world, every follower no matter who is worth gold to the ones who call themselves gods in this world.
^#efc565;Mender: The first instance of BLEEDING is nullified. | 30s Cooldown
+2HP/sec. Fairy Cycle [4-SET BONUS]: Gain War Fairy.^reset;"	"''바깥 인간들은 신앙이 없다. 그들은 우리를 거짓을 믿는 망상 바보로만 본다. 우리 신들이 우리에게 와서 미래를 약속했다는 걸 받아들이길 거부한다.''
요정의 신앙과 헌신조차 신의 눈에는 가치가 있다. 환상 자체가 이 세계에서 죽어가는 시대에, 신을 자칭하는 이들에게 모든 추종자는 누구든 금과 같다.
^#efc565;치유사: 첫 출혈이 무효화됨. | 재사용 대기시간 30초
+2HP/초. 요정 순환 [4세트 보너스]: 전쟁 요정 획득.^reset;"
"''The captain has made a decision. We are getting out of here and will come back when the war is over where we can get the whole army here. Those things we fought. They're even more dangerous than the youkai. At least they can feel pain. These things? They'll just keep coming at you until you're dead.''

^#efc565;Undying Mace [4-SET BONUS]: Negate armor penalties. Enemies within 100 blocks receive -100% BLUNT resistance.
DEF: +20% BLUNT | +10% SMALL-ARMS & PSYCHIC^reset;"	"''대장이 결정했다. 여기서 나가서 전쟁이 끝나면 전군을 데리고 올 거다. 우리가 싸운 것들. 요괴보다 더 위험하다. 적어도 요괴는 고통을 느낀다. 이것들은? 네가 죽을 때까지 계속 온다.''

^#efc565;불사 철퇴 [4세트 보너스]: 갑옷 페널티 무효. 100블록 내 적의 타격 저항 -100%.
방어력: 타격 +20% | 소화기·사이킥 +10%^reset;"
"''The clans do not give their trust easily. Expect little tolerance from them until you prove yourselves to one of the Great Tengus.''
Despite being of the same type of youkai, the tengu clans as a whole hold a deep mistrust toward the White Wolves and Crow Tengu due to their arrival on the planet being unnatural and thus referred to as 'Outsiders.'
^#efc565;Tengu Link [4-SET BONUS]: Gain Tengu Synchronization.
^#efc565;+25HP.^reset;"	"''일족은 쉽게 신뢰를 주지 않는다. 대텐구 중 하나에게 자신을 입증하기 전까진 관용을 기대하지 마라.''
같은 종류의 요괴임에도 텐구 일족 전체가 백랑과 까마귀 텐구에게 깊은 불신을 품는다 — 행성 도착이 부자연스러웠기에 '외래종'이라 불린다.
^#efc565;텐구 링크 [4세트 보너스]: 텐구 동기화 획득.
^#efc565;+25HP.^reset;"
"''The daitengu only allowed them to exist cause they didn't want to waste valuable tengus defending humans.''
Very few humans in the land were compatible on becoming a shrine maiden. Due to how little faith there was for the gods, humans had to teach themselves how to use the power of the divine without their guidance.
^Orange;Rudimentary Floating: +50% DMG RES when active. Upon taking damage, -50% DMG RES for 3s. Damage reduction reactivates immediately after the penalty.^reset;"	"''대텐구가 그들의 존재를 허락한 건 귀중한 텐구를 인간 방어에 낭비하고 싶지 않았기 때문이다.''
이 땅의 인간 중 무녀가 되기에 맞는 이는 극히 드물었다. 신에 대한 신앙이 너무 적어 인간들은 신의 안내 없이 신성한 힘을 쓰는 법을 스스로 가르쳐야 했다.
^Orange;기초 부양: 활성 시 피해 저항 +50%. 피해 받으면 3초간 피해 저항 -50%. 피해 감소는 페널티 후 즉시 재활성화.^reset;"
"''The gods will shield their followers from harm, but even they have a limit. While it is clear that the Fairy Priests are blessed by something. I refuse to accept that their 'god' is protecting them. If they want to believe in their god, fine. But faith will not save you from our bullets.''
  
  
^#efc565;Faithful Will: +200 MAX HP and +50 Ability Mana when HP is full.
+2HP/sec. Fairy Cycle [4-SET BONUS]: Gain War Fairy.^reset;"	"''신들은 신도를 해로부터 지키지만 그들에게도 한계가 있다. 요정 사제가 무언가의 축복을 받은 건 분명하다. 그러나 난 그들의 '신'이 그들을 지킨다는 걸 받아들이지 않는다. 신을 믿고 싶으면 그렇게 해. 근데 신앙이 우리 탄환에서 널 구하진 않아.''
  
  
^#efc565;신앙의 의지: 체력이 가득일 때 +200 최대 HP와 +50 능력 마나.
+2HP/초. 요정 순환 [4세트 보너스]: 전쟁 요정 획득.^reset;"
"''The kappa told us our inherent regeneration won't save us if one of their planes strafes us. What would normally only knock us out temporary will now outright kill us if we get hit by them.''
Most youkai did not want to come to terms that they were mostly mortal now and could be killed like a human.
^#efc565;Exploitative Snapshot: Successful parries reduces enemies within approximately 30 blocks GENERAL RESISTANCE by -50% for 5s. | 30s Cooldown | Tengu Link [4-SET BONUS]: Gain Tengu Synchronization.
+10% DODGE Chance^reset;"	"''캇파가 말하길 우리 고유의 재생은 그들의 비행기가 우릴 기총소사하면 못 구한다. 보통 일시적으로 기절시키던 게 이젠 맞으면 그냥 죽을 거다.''
대부분의 요괴는 자신들이 대부분 필멸자가 돼 인간처럼 죽을 수 있다는 걸 받아들이고 싶지 않았다.
^#efc565;착취 스냅샷: 성공적인 패링 시 약 30블록 내 적의 일반 저항을 5초간 -50% 감소. | 재사용 대기시간 30초 | 텐구 링크 [4세트 보너스]: 텐구 동기화 획득.
회피 확률 +10%^reset;"
"''The kappas are the only youkai we are aware of that can construct proper defenses against our armor. While the tengu are knowledgeable enough to create walls, barricades, and even their massive fortresses, they can't make a bunker or a anti-tank gun for the life of them. When we started running into those types of positions, us engineers became frontline sappers to help the infantry destroy them.''

^#b4a67f;10% BALLISTIC Resistance.^reset;"	"''캇파는 우리 장갑에 맞설 제대로 된 방어를 지을 수 있는 유일한 요괴다. 텐구는 벽, 바리케이드, 심지어 거대 요새를 만들 정도로 알지만 벙커나 대전차포는 절대 못 만든다. 그런 진지를 만나기 시작하자 우리 공병이 보병 파괴를 돕는 최전선 공병이 됐다.''

^#b4a67f;탄도 저항 10%.^reset;"
"''The kitsune while historically mischievous, would cooperate with the humans if it means having a place in the new world where the tengu don't decide everything.''
Originally worn by humans, Kitsune masks are now worn by kitsunes themselves and modified to protect their facial area from shrapnel. Being well versed in flame magic, Kitsune Burners often leave nothing but ashes when they are deployed.
^Orange;Conflagration: Enemies killed within approximately 60 blocks explode into flaming bullets. (INDISCRIMINATE DAMAGE)^reset;"	"''역사적으로 말썽꾸러기인 키츠네지만, 텐구가 모든 걸 결정하지 않는 새 세상에 자리가 있다는 뜻이라면 인간과 협력할 것이다.''
원래 인간이 쓰던 키츠네 가면은 이제 키츠네 자신이 쓰며 파편에서 얼굴을 보호하도록 개조됐다. 화염 마법에 정통한 키츠네 버너는 투입되면 재만 남긴다.
^Orange;대화재: 약 60블록 내에서 죽은 적이 화염 탄환으로 폭발. (무차별 피해)^reset;"
"''The line between bravery and stupidity is very thin.''
A Blackpowder Clan war banner worn by tengu captains. During large battles, tengu clans rely on using banners to control the movement of their forces just as they have done in ancient times. Despite knowing that such banners make prime targets for snipers and artillery barrages, the clans had no better way to lead large groups of their warriors.
^#efc565;Tengu Link [4-SET BONUS]: Gain Tengu Synchronization.
^#efc565;+25HP.^reset;"	"''용기와 어리석음의 경계는 아주 얇다.''
텐구 대장이 쓰는 흑약 일족 전쟁 배너. 대규모 전투에서 텐구 일족은 고대처럼 배너로 부대 움직임을 통제한다. 그런 배너가 저격수와 포격의 주요 표적이 된다는 걸 알면서도 일족에겐 대규모 전사를 이끌 더 나은 방법이 없었다.
^#efc565;텐구 링크 [4세트 보너스]: 텐구 동기화 획득.
^#efc565;+25HP.^reset;"
"''The longer a fairy lives, the more likely they are to die. There are entities that exist to ensure the natural order is maintained.''
^#efc565;Cheating Death: Enemies within approximately 60 blocks are given Reaper's Gaze. Hitting them spawns a Reaper that will attack them in a straight line from a random angle. The Reaper does^reset; ^red;INDISCRIMINATE PSYCHIC^reset;^#efc565; damage and deals double to YOU on hit. | 10s Cooldown Per Enemy
+12.5% DODGE Chance | +5% Movement Speed
Fairy Cycle [4-SET BONUS]: Gain War Fairy. DEF: +30% PSYCHIC^reset;"	"''요정이 오래 살수록 죽을 가능성이 커진다. 자연 질서를 유지하려는 존재들이 있다.''
^#efc565;죽음 속이기: 약 60블록 내 적에게 리퍼의 시선 부여. 그들을 타격하면 무작위 각도에서 직선으로 공격하는 리퍼 생성. 리퍼는^reset; ^red;무차별 사이킥^reset;^#efc565; 피해를 주고 당신에게는 2배 피해. | 적당 재사용 대기시간 10초
회피 확률 +12.5% | 이동 속도 +5%
요정 순환 [4세트 보너스]: 전쟁 요정 획득. 방어력: 사이킥 +30%^reset;"
"''The mouse youkai were given praise when it became evident that their rodents can be used as spotters. Many soldiers find the idea of seeing rodents as equals insane, but they're quick to accept them when those rodents end up saving their ass.''
The hat of a valiant mouse commander having paid the ultimate price for her service.
^Orange;Mouse Spotters: Summons a mice every 15s when there are enemies approximately 60 blocks away. Counts as Infantry Summons for trinkets.^reset;"	"''쥐 요괴가 관측병으로 쓸 수 있다는 게 드러나자 칭찬받았다. 많은 병사가 설치류를 동등하게 본다는 게 미쳤다고 생각하지만 그 설치류가 자기 목숨을 구하면 금방 받아들인다.''
복무의 최고 대가를 치른 용맹한 쥐 지휘관의 모자.
^Orange;쥐 관측병: 약 60블록 거리에 적이 있으면 15초마다 쥐 소환. 장신구에서 보병 소환물로 계산.^reset;"
"''The only difference between an echelon unit and a infantrymen is that one is trained to fight with their rifle while the other knows how to operate a flamethrower. While echelon troops are less experienced in combat than their battle hardened infantryman, the support equipment they bring tend to make up for it.''
^#b4a67f;Logistic Support [HEAD]: Nearby Infantry Summons gain +0.2% HP/sec, +10% General Resistance, and +15% General Weapon Proficiency. +1% HP/sec.
DEF: +15% SMALL-ARMS | +10% THERMAL | +5% SLASH & THRUST^reset;"	"''에셜론 부대와 보병의 유일한 차이는 하나는 소총으로 싸우도록 훈련받고 다른 하나는 화염방사기를 다룰 줄 안다는 것이다. 에셜론 부대가 전투 경험이 보병보다 적지만 지원 장비가 그걸 보충하는 경향이 있다.''
^#b4a67f;병참 지원 [머리]: 근처 보병 소환물이 초당 체력 +0.2%, 일반 저항 +10%, 일반 무기 숙련 +15% 획득. 초당 체력 +1%.
방어력: 소화기 +15% | 열 +10% | 참격·찌르기 +5%^reset;"
"''The only difference between now and back then is that fairies die a lot more gruesomely.''
A fairy's life cycle is a short one. Whether by their own stupidity or by something else, most fairies die at least once a month if they weren't under anyone's care. Since they are immortal, these deaths are often treated as nothing more than a annoyance.

^#efc565;Scout Vision: Nearby enemies will illuminate a bright light for 1s. | 10s Cooldown | +25HP. Fairy Cycle [4-SET BONUS]: Gain War Fairy.^reset;"	"''지금과 예전의 유일한 차이는 요정이 훨씬 더 끔찍하게 죽는다는 것이다.''
요정의 생명 주기는 짧다. 자기 어리석음이든 다른 무언가든, 보호받지 않는 요정 대부분은 적어도 한 달에 한 번은 죽는다. 불멸이라 이 죽음들은 종종 짜증나는 일 정도로 취급된다.

^#efc565;정찰 시야: 근처 적이 1초간 밝은 빛을 비춤. | 재사용 대기시간 10초 | +25HP. 요정 순환 [4세트 보너스]: 전쟁 요정 획득.^reset;"
"''The suits are hollow, but they talk. There is not even bones left inside those suits, but they still act as if a human is wearing them. We empty an entire magazine into them, and they'll shrug it off while screaming at us as if we're some vile monster. I'm not kidding, they don't see us as humans. They see us as something else. And that makes me afraid.''
^#efc565;Undying Mace [4-SET BONUS]: Negate armor penalties. Enemies within 100 blocks receive -100% BLUNT resistance.
DEF: +40% BLUNT | +15% SMALL-ARMS & PSYCHIC | +10% SLASH^reset;"	"''슈트는 텅 비었는데 말을 한다. 저 안에 뼈도 안 남았는데 마치 인간이 입고 있는 것처럼 행동해. 탄창 하나를 통째로 쏟아부어도 우리가 사악한 괴물인 것처럼 비명을 지르며 털어버린다. 농담 아니야, 저것들은 우릴 인간으로 안 봐. 다른 뭔가로 봐. 그게 날 두렵게 해.''
^#efc565;불사 철퇴 [4세트 보너스]: 갑옷 페널티 무효. 100블록 내 적의 타격 저항 -100%.
방어력: 타격 +40% | 소화기·사이킥 +15% | 참격 +10%^reset;"
"''The wolf tengu yearn for battle. Its part of their nature as a tengu and is what got a lot of them killed early in the war. It took them a few months for the wolf tengu caste to understand that their old tactics wouldn't work in a battlefield where weapons such as the machine gun exist. It's because of that prideness of theirs is why they started losing this war.''
^red;-30% General Weapon Proficiency when above 75% HP. ^reset;
^Orange;+20% Movement Speed, +2HP/sec, +25% DODGE Chance, +10% General Weapon Proficiency when under 50% HP."	"''늑대 텐구는 전투를 갈망한다. 텐구의 본성 일부이며 전쟁 초기에 많은 이가 죽은 이유다. 늑대 텐구 계층이 기관총 같은 무기가 있는 전장에서 옛 전술이 안 통한다는 걸 깨닫기까지 몇 달이 걸렸다. 그 자존심 때문에 이 전쟁에서 지기 시작한 거다.''
^red;체력 75% 초과 시 일반 무기 숙련 -30%. ^reset;
^Orange;체력 50% 미만 시 이동 속도 +20%, +2HP/초, 회피 확률 +25%, 일반 무기 숙련 +10%."
"''There is no mercy to be found in cold steel. Like the men, the animals too were remade into iron war machines that would be impervious to the madness consuming their kingdom.''
  
Sunless Riders can range from mounting horses to war griffons depending on their role on the battlefield.
^#efc565;First Strike [CHEST]: Enemies within 100 blocks receive -50% GENERAL Resistance for 5s on the first damaging hit.
DEF: +15% SMALL-ARMS | +20% MELEE^reset;"	"''차가운 강철엔 자비가 없다. 인간처럼 동물들도 왕국을 집어삼키는 광기에 무적일 철의 전쟁 기계로 다시 만들어졌다.''
  
무일 기수는 전장 역할에 따라 말에서 전투 그리폰까지 다양하게 탄다.
^#efc565;선제타격 [가슴]: 100블록 내 적이 첫 피해 타격에 5초간 일반 저항 -50%.
방어력: 소화기 +15% | 근접 +20%^reset;"
"''There is no such thing as a clean raid. Youkai in general are a lot tougher than a human meaning they can take a lot more punishment. Even if you manage to turn their face into pure red mush, they might still be alive enough to skewer you the moment you turn around which is why you have to keep hitting them until you practically can't recognize the shape of them anymore.''
^#698f78;Ruthless Momentum: If wearing a LB Mouse Armor, gain +25% Movement Speed when Ruthless Execution activates.
DEF: +12.5% SMALL-ARMS & THRUST | +15% SLASH^reset;"	"''깨끗한 습격 같은 건 없다. 요괴는 대체로 인간보다 훨씬 튼튼해서 더 많은 타격을 견딘다. 얼굴을 새빨간 걸쭉함으로 만들어도 돌아서는 순간 찌를 만큼 살아있을 수 있다. 그래서 형체를 못 알아볼 때까지 계속 쳐야 한다.''
^#698f78;무자비한 탄력: LB 마우스 갑옷 착용 시 무자비한 처형 발동 시 이동 속도 +25%.
방어력: 소화기·찌르기 +12.5% | 참격 +15%^reset;"
"''There's no negotiating with beasts. Vermin. Youkai. The only good ones are those hanging on the tip of this pike.''
Even in death, these armored soldiers hunt for anything to impale in the name of their long dead kingdom. Whether it be youkai or man, their final orders were simple. Let none enter the kingdom.

^#efc565;Undying Pike [4-SET BONUS]: Negate armor penalties. Enemies within 100 blocks receive -100% THRUST resistance.
DEF: +40% THRUST | +15% SMALL-ARMS & PSYCHIC | +10% BLUNT^reset;"	"''짐승과는 협상이 안 된다. 구더기. 요괴. 좋은 놈은 이 파이크 끝에 매달린 놈들뿐이다.''
죽어서도 이 장갑 병사들은 오래전 죽은 왕국의 이름으로 꿰뚫을 모든 걸 사냥한다. 요괴든 인간이든 그들의 마지막 명령은 간단했다. 아무도 왕국에 들이지 마라.

^#efc565;불사 파이크 [4세트 보너스]: 갑옷 페널티 무효. 100블록 내 적의 찌르기 저항 -100%.
방어력: 찌르기 +40% | 소화기·사이킥 +15% | 타격 +10%^reset;"
"''There's nothing fancy about this! Just shoot them!''
  
Casualties are often high in assault sections. Even with the extra training and knowledge given by the native populace, fighting close quarters against a being that can slice your throat with their claws is always a frisky situation.

^#b4a67f;Into the Breach [LEGS]: Summons one ROSE ASSAULT INFANTRY when using a ^reset;^orange;DEPLOYMENT ORDER^reset;^#b4a67f; | 60s Cooldown. | +12.5% DODGE Chance.^reset;"	"''화려한 건 없다! 그냥 쏴!''
  
강습 부대는 사상자가 높은 편이다. 토착민이 준 추가 훈련과 지식이 있어도 발톱으로 목을 벨 수 있는 존재와의 근접전은 항상 위험한 상황이다.

^#b4a67f;돌격 [다리]: ^reset;^orange;배치 명령^reset;^#b4a67f; 사용 시 로즈 돌격 보병 하나 소환 | 재사용 대기시간 60초. | 회피 확률 +12.5%.^reset;"
"''They made their peace with the local yama. In fact, they've met her hundreds of times at this point. So when the war began and the yama realized she needed some extra hands, why not get their most common visitors to lend one?''
  
^#efc565;Spectres: If the target dies within 1 second after a Reaper attacked it, drop a floating wisp that grants random buffs for 5s.
+5% DODGE Chance | +5% Movement Speed
Fairy Cycle [4-SET BONUS]: Gain War Fairy.^reset;"	"''그들은 현지 염라와 화해했다. 사실 이 시점에서 그녀를 수백 번은 만났지. 전쟁이 시작되고 염라가 추가 손이 필요하다는 걸 깨달았을 때, 가장 자주 온 손님들에게 빌리지 않을 이유가 뭐겠어?''
  
^#efc565;유령: 리퍼가 공격한 후 1초 내 대상이 죽으면 5초간 무작위 버프를 주는 떠다니는 위습 투하.
회피 확률 +5% | 이동 속도 +5%
요정 순환 [4세트 보너스]: 전쟁 요정 획득.^reset;"
"''They speak of oblivion, but we know that's not true. The Yama will be waiting for them as they do with all souls.''


^#efc565;Saint's Bulwark: Gain 1 ^#C8FAFA;HIT-SHIELD^reset;^#efc565;. If an ally approximately 35 blocks away has less than 50% MAX HP, give them 1 ^#C8FAFA;HIT-SHIELD^reset;^#efc565; for 5s. | 30s Individual Cooldown | Giving an ally a ^#C8FAFA;HIT-SHIELD^reset;^#efc565; reduces your next cooldown by half.
+5HP/sec. Fairy Cycle [4-SET BONUS]: Gain War Fairy.^reset;"	"''그들은 망각을 말하지만 우린 그게 아님을 안다. 염라가 모든 영혼에게 그러듯 그들을 기다리고 있을 거다.''


^#efc565;성인의 보루: ^#C8FAFA;피격 방패^reset;^#efc565; 1개 획득. 약 35블록 거리의 아군이 최대 체력 50% 미만이면 5초간 ^#C8FAFA;피격 방패^reset;^#efc565; 1개 부여. | 개별 재사용 대기시간 30초 | 아군에게 ^#C8FAFA;피격 방패^reset;^#efc565; 부여 시 다음 재사용 대기시간 절반.
+5HP/초. 요정 순환 [4세트 보너스]: 전쟁 요정 획득.^reset;"
"''They steal our land! They steal our technology! We shall show these vermin no quarter for all they do is take and take!''
Although forgotten by most, it is known that the tengu clans stole most of their technology from the long dead kingdom while oblivious to their fate. To them, the underground kingdom is a land of the dead where restless spirits lie and nothing more.
^#efc565;Undying Pike [4-SET BONUS]: Negate armor penalties. Enemies within 100 blocks receive -100% THRUST resistance.
DEF: +20% THRUST | +10% SMALL-ARMS & PSYCHIC^reset;"	"''우리 땅을 훔쳐! 우리 기술을 훔쳐! 빼앗기만 하는 저 구더기들에게 자비는 없다!''
대부분 잊혀졌지만 텐구 일족은 그들의 운명도 모른 채 오래전 죽은 왕국에서 대부분의 기술을 훔쳤다고 알려진다. 그들에게 지하 왕국은 불안한 영혼이 누운 죽은 자의 땅일 뿐이다.
^#efc565;불사 파이크 [4세트 보너스]: 갑옷 페널티 무효. 100블록 내 적의 찌르기 저항 -100%.
방어력: 찌르기 +20% | 소화기·사이킥 +10%^reset;"
"''Those that did not listen were punished. Starved. Beaten. Our masters did not want to kill us as going back would be 'inconvienent'. In the worst cases, they would forcefully wipe the minds of those who resisted to the bitter end, leaving them nothing more than a robot. It was only a last resort because they wanted their servants to be more 'lively'.''
  
^#a59477;Rabbit's Trauma [3-SET BONUS]: Gain Rabbit's Trauma.^reset;
^#a59477;DEF: +20% SMALL-ARMS | +10% EXPLOSIVE & SLASH & BLUNT^reset;"	"''말 안 듣는 자는 벌받았다. 굶기고. 때리고. 주인들은 돌아가면 '불편'하니까 우릴 죽이고 싶진 않아 했다. 최악의 경우 끝까지 저항한 자의 정신을 강제로 지워 로봇만 남겼다. 하인을 더 '생생하게' 원했기에 최후 수단일 뿐이었다.''
  
^#a59477;토끼의 트라우마 [3세트 보너스]: 토끼의 트라우마 획득.^reset;
^#a59477;방어력: 소화기 +20% | 폭발·참격·타격 +10%^reset;"
"''To hide from a wolf tengu's sight is one of the greatest feats a human sniper can perform.''
A helmet covered in foilage along with face paint used to completely obscure a sniper's presence. Due to the near perfect senses some youkai may have, snipers had to go to great lengths to ensure their position do not get exposed.
^#b4a67f;Camoflauged Position [HEAD]: If wearing a RE Sniper Fatigues, gain a 15% DODGE Chance when crouching for 3s.
+7.5% General Weapon Proficiency | +10% DODGE Chance^reset;"	"''늑대 텐구의 시야에서 숨는 건 인간 저격수가 할 수 있는 가장 위대한 재주 중 하나다.''
저격수 존재를 완전히 가리는 나뭇잎 위장과 얼굴 페인트를 쓴 헬멧. 일부 요괴의 거의 완벽한 감각 때문에 저격수는 위치 노출 방지에 큰 노력을 기울여야 했다.
^#b4a67f;위장 진지 [머리]: RE 저격 군복 착용 시 3초간 웅크리면 회피 확률 15% 획득.
일반 무기 숙련 +7.5% | 회피 확률 +10%^reset;"
"''To the natives of this land, artillery is no different than magic.''
A metal rod with a religious ornament attached to it. Whatever religious connotation the object once represented was now forgotten in favor of being a powerful catalyst used by a youkai to cast magic and launch flares into the sky to call in explosive barrages from friendly positions.
^Orange;Honorable Sacrifice: +25% EXPLOSIVE RESIST. Infantry Summons drop a mortar strike on the position of their death. Strike works indoors. (INDISCRIMINATE DAMAGE)^reset;"	"''이 땅의 토착민에게 포병은 마법과 다를 바 없다.''
종교 장식이 달린 금속 막대. 이 물건이 한때 나타내던 종교적 의미는 잊혀지고 요괴가 마법을 쓰고 아군 진지의 폭발 포격을 부르는 신호탄을 하늘에 쏘는 강력한 촉매로 쓰인다.
^Orange;명예로운 희생: 폭발 저항 +25%. 보병 소환물이 죽은 위치에 박격포 공격 투하. 실내 작동. (무차별 피해)^reset;"
"''Use grenades to flush out the enemy!''
  
A large crate full of grenades intended to be distributed to a small squad of soldiers. Unlike most equipment, grenades are one of the few technologies able to be produced by native infastructure.
  
^Orange;All LION BATTALION GRENADIER and ASSAULT SUMMONS will now ocassionally throw grenades toward the enemy. These grenades deal no damage to players or summons.^reset;"	"''수류탄으로 적을 몰아내라!''
  
소규모 병사 분대에 배부할 대형 수류탄 상자. 대부분의 장비와 달리 수류탄은 토착 기반시설로 생산 가능한 몇 안 되는 기술이다.
  
^Orange;모든 라이온 대대 척탄병과 돌격병 소환물이 이제 가끔 적에게 수류탄을 던짐. 이 수류탄은 플레이어나 소환물에 피해 없음.^reset;"
"''We are in the midst of a war between divinity and oblivion. A war where there will not even be a speck of mankind left to remember if we let these monsters into our lands.''
The first Lion expedition almost ended up a massacre for the entire company if not for their explosives being able to completely destroy the unrelenting soldiers hunting them.
^#efc565;Undying Pike [4-SET BONUS]: Negate armor penalties. Enemies within 100 blocks receive -100% THRUST resistance.
DEF: +20% THRUST | +10% SMALL-ARMS & PSYCHIC^reset;"	"''우린 신성과 망각의 전쟁 한가운데 있다. 이 괴물들을 우리 땅에 들이면 인류를 기억할 조각조차 남지 않을 전쟁이다.''
최초의 라이온 원정대는 끈질긴 병사들의 추격을 폭발물로 완전히 파괴할 수 있었기에 전 중대의 대학살을 겨우 면했다.
^#efc565;불사 파이크 [4세트 보너스]: 갑옷 페널티 무효. 100블록 내 적의 찌르기 저항 -100%.
방어력: 찌르기 +20% | 소화기·사이킥 +10%^reset;"
"''We ate the horse remember? Stop complaining.''
In this land, no one knew what a rifle was. After the Lion and the Crown Federation arrived though, that quickly changed and the youkai populace who thought themselves above humanity were shown how wrong they were in front of a barrel.
^#698f78;Lion Training [CHEST]: +15% Woodlands Weapon Proficiency.
Battlefield Sprinter: +10% Movement Speed and DODGE Chance. Lose this bonus for 3s on taking more than 25 damage.
+10% DODGE Chance.^reset;"	"''말은 우리가 먹었잖아 기억해? 불평 그만해.''
이 땅에서 소총이 뭔지 아는 이는 없었다. 라이온과 크라운 연방이 도착한 후 그건 금방 바뀌었고, 인류 위에 있다고 생각한 요괴들은 총구 앞에서 얼마나 틀렸는지 보여줬다.
^#698f78;라이온 훈련 [가슴]: 우드랜즈 무기 숙련 +15%.
전장 질주병: 이동 속도 +10%와 회피 확률 +10%. 피해 25 이상을 받으면 3초간 이 보너스 상실.
회피 확률 +10%.^reset;"
"''We came here looking for our old way of life. For a while, we did find it. But then those humans came here...''
The White Wolves and Crow Tengu are not native youkai in this land. They came here through a portal and forcefully made it their home. The native tengu clans reacted poorly and there was a brief conflict among them for some time before peace was made.
^#efc565;Mountain Warden: +50HP. +100 SHIELD STABILITY.
^#efc565;Tengu Link [4-SET BONUS]: Gain Tengu Synchronization.
DEF: +40% SMALL-ARMS | +20% MELEE^reset;"	"''우린 옛 삶의 방식을 찾아 여기 왔다. 한동안은 찾았지. 그런데 저 인간들이 와서...''
백랑과 까마귀 텐구는 이 땅의 토착 요괴가 아니다. 차원문으로 와서 강제로 고향으로 삼았다. 토착 텐구 일족은 못마땅해했고 평화가 이뤄지기까지 한동안 짧은 분쟁이 있었다.
^#efc565;산의 감시자: +50HP. +100 실드 안정성.
^#efc565;텐구 링크 [4세트 보너스]: 텐구 동기화 획득.
방어력: 소화기 +40% | 근접 +20%^reset;"
"''We didn't want to give up our inventions. We thought coming here would mean everything would stay the same.''
  
Traditional cap worn by Waterfall Kappas. It is one of the key features used to distinguish a kappa as without it, they can easily masquerade as a human with none the wiser.
^#6594ef;Turret Operator [MG TURRET]: Summons one MACHINE GUN TURRET when using a BUILD ORDER | 30s Cooldown.
DEF: +20% BLEED | +15% PSYCHIC & THERMAL^reset;"	"''우린 발명품을 포기하고 싶지 않았다. 여기 오면 모든 게 그대로일 줄 알았는데.''
  
폭포 캇파가 쓰는 전통 모자. 캇파를 구별하는 핵심 특징으로, 이게 없으면 아무도 모르게 인간 행세를 쉽게 할 수 있다.
^#6594ef;포탑 조작수 [MG 포탑]: 건설 명령 사용 시 기관총 포탑 1기 소환 | 재사용 대기시간 30초.
방어력: 출혈 +20% | 사이킥·열 +15%^reset;"
"''We gave them a chance to surrender! We did right? Right?''
  
Standard Lion Battalion legwear distributed to all soldiers and staff. Intended to be worn during spring and summertime where the weather is pleasant and temperature is often warm.
^#698f78;Reinforcements: If wearing the [CHEST] and [HEAD] of a LB Grenadier or LB Officer, summon 1 LION BATTALION ASSAULT | LION BATTALION GRENADIER when using a ^reset;^orange;DEPLOYMENT ORDER^reset;^#698f78; | 60s Cooldown. +7.5% DODGE Chance | DEF: +15% BLEED & THERMAL^reset;"	"''항복할 기회는 줬다! 줬지? 그렇지?''
  
모든 병사와 직원에게 배부되는 표준 라이온 대대 하의. 날씨가 좋고 기온이 따뜻한 봄여름에 입도록 만들어졌다.
^#698f78;증원: LB 척탄병 또는 LB 장교의 [가슴]과 [머리] 착용 시 ^reset;^orange;배치 명령^reset;^#698f78; 사용 시 라이온 대대 돌격병 | 라이온 대대 척탄병 1 소환 | 재사용 대기시간 60초. 회피 확률 +7.5% | 방어력: 출혈·열 +15%^reset;"
"''We knew this day would come. We can't run anymore.''
The Yamawaro were not naive enough to believe that their utopia would last forever. While the Kappas continued making their pointless inventions, the Yamawaro Army conducted wargame after wargame, knowing there would be a day where they would have to fight for their right to exist.
^#589a45;Yamawaro Wargames: +10% Woodlands Weapon Proficiency.
Yamawaro Guerilla [3-SET BONUS]: Gain Yamawaro Guerilla.
DEF: +10% SMALL-ARMS | +5% EXPLOSIVE^reset;"	"''이날이 올 줄 알았다. 더는 도망 못 쳐.''
야마와로는 자기 유토피아가 영원할 거라 믿을 만큼 순진하지 않았다. 캇파가 쓸모없는 발명을 계속하는 동안 야마와로군은 워게임을 거듭하며 존재권을 위해 싸워야 할 날이 올 걸 알았다.
^#589a45;야마와로 워게임: 우드랜즈 무기 숙련 +10%.
야마와로 게릴라 [3세트 보너스]: 야마와로 게릴라 획득.
방어력: 소화기 +10% | 폭발 +5%^reset;"
"''We lost everything during the First Continental War. That's why we volunteered for this. The men who went home all had something left to cherish. Family, friends, their own sanity. But me? What use is there in a broken man who can only think on how to butcher their next door neighbor with a fork? If I already gave almost everything to this country, I might as well give the rest.''
^#b4a67f;Enduring Mind [HEAD]: If wearing a RE Royal Soldier Fatigues, reduce the damage threshold to 25 instead of 50.
DEF: +15% SMALL-ARMS | +5% HEAVY-ARMS | +5% MELEE^reset;"	"''제1차 대륙 전쟁에서 전부 잃었다. 그래서 이 일에 지원한 거다. 집에 돌아간 사람들은 소중한 게 남았지. 가족, 친구, 자기 정신. 근데 나는? 옆집 이웃을 포크로 도륙하는 상상밖에 못 하는 부서진 인간이 무슨 소용이야? 나라에 거의 다 바쳤으니 나머지도 바쳐야지.''
^#b4a67f;인내하는 마음 [머리]: RE 왕립 병사 군복 착용 시 피해 문턱이 50이 아닌 25로 감소.
방어력: 소화기 +15% | 중화기 +5% | 근접 +5%^reset;"
"''We needed to find a new home. This would have to do.''
Nobody knows when these rabbit youkai showed up. While it's not out of the ordinary for a new youkai to appear over time, an entire family appearing overnight is something even the tengu would find extremely suspicious. The allure of money and technology however can stifle even the most suspicous eyes if given to the right people.
^#a59477;Rabbit's Trauma [3-SET BONUS]: Gain Rabbit's Trauma.^reset;
^#a59477;DEF: +10% SMALL-ARMS & PSYCHIC | +5% SLASH & BLUNT^reset;"	"''새 고향을 찾아야 했다. 여기라면 되겠지.''
이 토끼 요괴들이 언제 나타났는지 아무도 모른다. 새 요괴가 시간이 지나 나타나는 건 이상하지 않지만 온 가족이 하룻밤 새 나타나는 건 텐구조차 극도로 수상하게 여길 일이다. 하지만 돈과 기술의 매력은 올바른 사람에게 주어지면 가장 의심 많은 눈도 틀어막을 수 있다.
^#a59477;토끼의 트라우마 [3세트 보너스]: 토끼의 트라우마 획득.^reset;
^#a59477;방어력: 소화기·사이킥 +10% | 참격·타격 +5%^reset;"
"''We now have access to superior arms and soldiers.''
As Federation forces continue to increase their usage of semi-automatic and automatic firearms, the Lion responded with the L43 to take on its new role as a de facto mainline rifle for standard infantry.
^Orange;All LION BATTALION GRENADIER SUMMONS are equipped L43 semi automatic rifles which drastically increases their firerate, provide higher magazine capacity, and are IMMUNE to Suppression at the cost of reduced bullet damage.^reset;"	"''이제 우월한 무기와 병사를 쓸 수 있게 됐다.''
연방군이 반자동·자동 화기 사용을 계속 늘리자 라이온은 L43으로 응수해 표준 보병의 사실상 제식 소총 역할을 맡겼다.
^Orange;모든 라이온 대대 척탄병 소환물이 발사 속도를 크게 높이고 탄창 용량이 큰 L43 반자동 소총으로 무장, 탄환 피해 감소 대가로 제압 면역.^reset;"
"''We've been promoted! What does that mean?''
The L44 and L42F only recently entered production and were few and far between in the hands of a soldier. Lion high command only equips their best soldiers with these limited weapons knowing that there is no chance to replace them if they are lost in action.
^Orange;All LION BATTALION ASSAULT SUMMONS are equipped L44 assault rifles with infrared scopes or L42F automatic rifles which increases their lethality and accuracy at all ranges, wear better protection, and are IMMUNE to Suppression.^reset;"	"''우리 승진했어! 그게 무슨 뜻이야?''
L44와 L42F는 최근에야 생산에 들어가 병사 손에 드물게 쥐어졌다. 라이온 고위 사령부는 전투 중 분실 시 교체 불가를 알고 최고의 병사에게만 이 한정 무기를 지급한다.
^Orange;모든 라이온 대대 돌격병 소환물이 적외선 조준경 달린 L44 돌격 소총 또는 L42F 자동 소총으로 무장해 모든 거리에서 살상력과 명중률 증가, 더 좋은 보호 착용, 제압 면역.^reset;"
"''We've seen all sorts of things those youkai will put up to slow us down. Tree forts, bunkers, basic spike traps, the list goes long. The quality of the defenses depends on what youkai we're fighting. Kappas are known to make similar defenses like we do while the tengu tend to rely on more basic traps. Either way, it's a pain for us sappers to clear since we never fucking know what we're going to be dealing with next.''
^#b4a67f;Fate's Gamble: The next two bullets deals 10-90% less damage. | 20s Cooldown Each | DEF: +10% SMALL-ARMS | +15% EXPLOSIVE^reset;"	"''요괴들이 우릴 지연시키려고 올리는 온갖 걸 봤다. 나무 요새, 벙커, 기본 스파이크 함정, 목록은 길어. 방어 품질은 우리가 싸우는 요괴에 달렸다. 캇파는 우리처럼 비슷한 방어를 만들고 텐구는 더 기본적인 함정에 의존한다. 어느 쪽이든 우리 공병에겐 고통이다 — 다음에 뭘 상대할지 절대 모르니까.''
^#b4a67f;운명의 도박: 다음 두 발의 탄환이 10-90% 적은 피해. | 각각 재사용 대기시간 20초 | 방어력: 소화기 +10% | 폭발 +15%^reset;"
"''What difference is there to a youkai and a human besides supernatural abilities at this point? A wolf tengu can easily masquerade as a human if they can hide their tail and ears. A fairy can easily act as a naive little human girl.''
^#698f78;Officer Training [CHEST]: +15% Woodlands Weapon Proficiency.
Artillery Support [CHEST] - Reloading your weapon, marks enemies within approximately 100 blocks. Hitting or killing marked enemies calls in a mortar strike on the target's position. The strike works indoors. | 50s Cooldown. | +10% DODGE Chance.^reset;"	"''이 시점에서 초자연 능력 말고 요괴와 인간의 차이가 뭐지? 늑대 텐구는 꼬리와 귀만 숨기면 쉽게 인간 행세를 할 수 있다. 요정은 쉽게 순진한 인간 소녀 행세를 할 수 있고.''
^#698f78;장교 훈련 [가슴]: 우드랜즈 무기 숙련 +15%.
포격 지원 [가슴] - 무기 재장전 시 약 100블록 내 적 표시. 표시된 적 타격·처치 시 대상 위치에 박격포 공격 호출. 실내에서도 작동. | 재사용 대기시간 50초. | 회피 확률 +10%.^reset;"
"''What do you mean the body is gone?''

To this day, nobody knows about the general's whereabout. Even the conspirators themselves who made the killing blow can only wonder what happened to the body that they left on the bridge when the deed was done.

^Orange;Upon running out of Ability Mana, immediately restore all Ability Mana. | 45s Cooldown"	"''시체가 사라졌다는 게 무슨 말이지?''

오늘날까지 장군의 행방을 아는 이는 없다. 치명타를 가한 음모자들조차 다리에 남긴 시체가 어떻게 됐는지 궁금할 뿐이다.

^Orange;능력 마나 소진 시 즉시 모든 능력 마나 회복. | 재사용 대기시간 45초"
"''Whatever fairy they used to be, they're long dead. All that's left in its place is a killing machine that will only see you with indifference behind that gold skull.''

^#efc565;Soul Harvest: If wearing a Fairy Assasin Fatigues, summon three Reapers instead of one when triggering Cheating Death. Reapers deal 25% less damage and no longer deal double damage to you.
+5% DODGE Chance | +5% Movement Speed
Fairy Cycle [4-SET BONUS]: Gain War Fairy.^reset;"	"''그들이 어떤 요정이었든, 진작에 죽었다. 저 자리에 남은 건 금 해골 뒤에서 무심하게 널 보기만 하는 살인 기계뿐이다.''

^#efc565;영혼 수확: 요정 암살자 군복 착용 시 죽음 속이기 발동 시 리퍼 하나 대신 셋 소환. 리퍼 피해 25% 감소, 당신에게 2배 피해 없음.
회피 확률 +5% | 이동 속도 +5%
요정 순환 [4세트 보너스]: 전쟁 요정 획득.^reset;"
"''Whatever you do, do not let that banner drop.''
The White Wolf Tengu originally never had a banner prior to come to this world. Having been under the Crow Tengu and above for as long as they remember, they were surprised to find out a large amount of tengu clans among this world did not have anything resembling the Crow Tengu ruling over them nor the hiearchy they were forced to obey.
^#efc565;Tengu Link [4-SET BONUS]: Gain Tengu Synchronization.
^#efc565;+25HP.^reset;"	"''뭘 하든 저 배너를 떨어뜨리지 마라.''
백랑 텐구는 이 세계에 오기 전 원래 배너가 없었다. 기억하는 한 줄곧 까마귀 텐구 아래 있었기에 이 세계의 다수 텐구 일족이 까마귀 텐구 같은 지배자도 그들이 강요당한 위계도 없다는 걸 알고 놀랐다.
^#efc565;텐구 링크 [4세트 보너스]: 텐구 동기화 획득.
^#efc565;+25HP.^reset;"
"''While all of us hate snipers, the youkai are absolutely livid toward them. Apparently they don't like it when a human kills them without being seen. From what the villagers told us, it's because some youkai like the tengu consider it dishonorble. Apparently honor is something valued highly around here.''
^#b4a67f;Firing Position: Upon crouching for 3s, gain +50% General Weapon Proficiency. When standing back up, gain -30% Movement Speed for 3s.
+10% General Weapon Proficiency | +15% DODGE Chance^reset;"	"''우리 모두 저격수를 싫어하지만 요괴는 그들에게 완전히 분노한다. 인간이 보이지 않는 채로 그들을 죽이는 걸 싫어한단다. 마을 사람들 말로는 텐구 같은 일부 요괴가 그걸 불명예로 여기기 때문이래. 명예가 여기선 아주 중요하게 여겨지는 모양이야.''
^#b4a67f;사격 진지: 3초간 웅크리면 일반 무기 숙련 +50% 획득. 다시 일어서면 3초간 이동 속도 -30%.
일반 무기 숙련 +10% | 회피 확률 +15%^reset;"
"''While the other youkai look for solutions in the realm of magic and fantasy, the kappas followed the steps humanity left behind.''
  
Standard steel helmet based on human designs. Worn by Waterfall Kappas near the frontline operating support weapons such as artillery or magic launchers.
^#6594ef;Turret Operator [GATLING TURRET]: Summons one GATLING GUN TURRET when using a BUILD ORDER | 30s Cooldown.^reset;
^#6594ef;DEF: +10% SMALL-ARMS | +5% MELEE^reset;"	"''다른 요괴들이 마법과 환상의 영역에서 해답을 찾는 동안 캇파는 인류가 남긴 발자취를 따랐다.''
  
인간 설계 기반의 표준 철모. 포병이나 마법 발사기 같은 지원 무기를 운용하는 최전선 근처의 폭포 캇파가 착용.
^#6594ef;포탑 조작수 [개틀링 포탑]: 건설 명령 사용 시 개틀링 건 포탑 1기 소환 | 재사용 대기시간 30초.^reset;
^#6594ef;방어력: 소화기 +10% | 근접 +5%^reset;"
"''While the tengu fought a traditional war, the Yamawaro would fight a guerilla war.''
Yamawaro soldiers take tools with them where ever they go. These tools were often used to create makeshift contraptions that would help them in combat such as decoys and makeshift traps to fool the humans.
^#589a45;Yamawaro Decoy: Upon taking damage, drop a decoy toward the closest enemy. | 10s Cooldown
+25HP.^reset;"	"''텐구가 전통 전쟁을 치르는 동안 야마와로는 게릴라전을 치를 것이다.''
야마와로 병사는 어디든 도구를 가지고 다닌다. 이 도구들은 미끼와 임시 함정처럼 인간을 속이는 임시 장치를 만드는 데 자주 쓰였다.
^#589a45;야마와로 미끼: 피해 받으면 가장 가까운 적에게 미끼 투하. | 재사용 대기시간 10초
+25HP.^reset;"
"''While we were trying to dig toward the mountain, our soldiers found this place. The cave just kept going down and down. Felt endless until we finally saw light near the bottom. What we found was a whole another land down here. An entire ruined civilization that was locked away. Not even the native villagers know what this place is.''
^#efc565;Undying Mace [4-SET BONUS]: Negate armor penalties. Enemies within 100 blocks receive -100% BLUNT resistance.
DEF: +20% BLUNT | +10% SMALL-ARMS & PSYCHIC^reset;"	"''산을 향해 파내려 가는데 우리 병사들이 이곳을 발견했다. 동굴이 계속 아래로 이어졌지. 끝이 없는 것 같다가 바닥 근처에서 빛을 봤다. 우리가 찾은 건 이 아래의 완전히 다른 땅이었다. 봉인된 채 남은 온전한 폐허 문명. 토착 마을 사람들조차 이곳이 뭔지 모른다.''
^#efc565;불사 철퇴 [4세트 보너스]: 갑옷 페널티 무효. 100블록 내 적의 타격 저항 -100%.
방어력: 타격 +20% | 소화기·사이킥 +10%^reset;"
"''Who said only humans can be magicians?''
  
The Blackpowder Clan magicians are often referred to as 'gun witches' due to their weapons being magilocks rather than conventional wands or staffs.
 
^#efc565;Magic Optimization [HEAD]: The cooldown of Magic Frenzy is reduced by 1s. Tengu Link [4-SET BONUS]: Gain Tengu Synchronization.
+7.5% DODGE Chance | DEF: +20% PSYCHIC^reset;"	"''인간만 마술사가 될 수 있다고 누가 그랬지?''
  
흑약 일족 마술사는 무기가 일반 완드나 지팡이가 아닌 매지락이라 '건 위치'라 불린다.
 
^#efc565;마법 최적화 [머리]: 마법 격분 재사용 대기시간 1초 감소. 텐구 링크 [4세트 보너스]: 텐구 동기화 획득.
회피 확률 +7.5% | 방어력: 사이킥 +20%^reset;"
"''Without infantry to screen for enemies, armor might as well be a walking coffin. Both the Federation and Lion keep their armor columns accompanied by infantry to minimize risk of aerial ambushes. A common tactic the tengu would use is fire magirockets onto the roof of the tank.''
^#b4a67f;Armored Support [3-SET BONUS]: Crouching for 5s will call in a drivable S24 Chaffer on your location. Has less firepower than a Kaiserwagen III. Can fit through doorways. | 300s Cooldown | +10% DODGE Chance | DEF: +20% BLEED^reset;"	"''적을 막을 보병 없이 장갑은 걸어 다니는 관이나 다름없다. 연방과 라이온 모두 공중 매복 위험을 줄이려고 장갑 종대에 보병을 동행한다. 텐구의 상용 전술은 전차 지붕에 매지로켓을 쏘는 것이다.''
^#b4a67f;기갑 지원 [3세트 보너스]: 5초간 웅크리면 위치에 운전 가능한 S24 채퍼 호출. 카이저바겐 III보다 화력 낮음. 문 통과 가능. | 재사용 대기시간 300초 | 회피 확률 +10% | 방어력: 출혈 +20%^reset;"
"''You call it desertion. We call it survival. Why should I die for someone who doesn't care for me?''
It is unknown when these rabbits deserted their masters, but it is likely over hundreds of years ago by now. As far as the locals is concerned, they are just normal rabbit youkai and nothing more. Just the way they like it.

^#a59477;Rabbit's Trauma [3-SET BONUS]: Gain Rabbit's Trauma.^reset;
^#a59477;DEF: +10% SMALL-ARMS & EXPLOSIVE | +7.5% BLUNT & SLASH^reset;"	"''너희는 그걸 탈영이라 부르지. 우린 생존이라 부른다. 날 신경 쓰지도 않는 놈을 위해 왜 죽어야 하지?''
이 토끼들이 언제 주인을 버렸는지는 알려지지 않았지만 지금쯤 수백 년은 됐을 것이다. 현지인들이 아는 한 그냥 평범한 토끼 요괴일 뿐이다. 그들이 원하는 대로.

^#a59477;토끼의 트라우마 [3세트 보너스]: 토끼의 트라우마 획득.^reset;
^#a59477;방어력: 소화기·폭발 +10% | 타격·참격 +7.5%^reset;"
"''You call us cowards, but we've fought more wars than any of you. In none of those wars has charging the enemy head on worked.''
  


^#a59477;Rabbit's Trauma [ARMORER] [3-SET BONUS]: Crouching for 5 seconds drops 5 standard magirockets. Every additional set piece worn will drop an additional 5 magirockets per call in. | 120s Cooldown
^#a59477;DEF: +35% SMALL-ARMS | +20% EXPLOSIVE | +15% MELEE^reset;"	"''우리를 겁쟁이라 부르지만, 우린 너희 누구보다 많은 전쟁을 치렀다. 그 어떤 전쟁에서도 적 정면 돌격은 통하지 않았다.''
  


^#a59477;토끼의 트라우마 [갑옷병] [3세트 보너스]: 5초간 웅크리면 표준 매지로켓 5발 투하. 추가 세트 부위마다 호출당 매지로켓 5발 추가 투하. | 재사용 대기시간 120초
^#a59477;방어력: 소화기 +35% | 폭발 +20% | 근접 +15%^reset;"
"''You can only break the cycle for so long before death has decided enough is enough.''
^#efc565;Fairy Cycle [4-SET BONUS]: Gain War Fairy. (War Fairy - Gain 5 ^#C8FAFA;HIT-SHIELDS ^reset;^#efc565;with individual cooldowns. | 30s Cooldown. If all 5 fairy shields are broken at any point, gain one of five maluses for 30s and prevent any shield from recharging during this period. -50% HP | -50% General Resistance | -50% General Weapon Proficiency | -30% Movement Speed | Cannot DODGE)
+25HP.^reset;"	"''순환을 깨는 것도 죽음이 충분하다고 결정하기 전까지만 가능하다.''
^#efc565;요정 순환 [4세트 보너스]: 전쟁 요정 획득. (전쟁 요정 - 개별 재사용 대기시간을 가진 ^#C8FAFA;피격 방패 ^reset;^#efc565;5개 획득. | 재사용 대기시간 30초. 5개 요정 방패가 한 번에 전부 파괴되면 30초간 다섯 가지 불이익 중 하나 획득, 이 기간 방패 재충전 불가. -50% HP | 일반 저항 -50% | 일반 무기 숙련 -50% | 이동 속도 -30% | 회피 불가)
+25HP.^reset;"
"''You can only break the cycle for so long before death has decided enough is enough.''
^#efc565;Fairy Cycle [SET BONUS REQUIRED]: Gain War Fairy. (War Fairy - Gain 5 ^#C8FAFA;HIT-SHIELDS ^reset;^#efc565;with individual cooldowns. | 30s Cooldown. If all 5 fairy shields are broken at any point, gain one of five maluses for 30s and prevent any shield from recharging during this period. -50% HP | -50% General Resistance | -50% General Weapon Proficiency | -30% Movement Speed | Cannot DODGE)
+25HP.^reset;"	"''순환을 깨는 것도 죽음이 충분하다고 결정하기 전까지만 가능하다.''
^#efc565;요정 순환 [세트 보너스 필요]: 전쟁 요정 획득. (전쟁 요정 - 개별 재사용 대기시간을 가진 ^#C8FAFA;피격 방패 ^reset;^#efc565;5개 획득. | 재사용 대기시간 30초. 5개 요정 방패가 한 번에 전부 파괴되면 30초간 다섯 가지 불이익 중 하나 획득, 이 기간 방패 재충전 불가. 체력 -50% | 일반 저항 -50% | 일반 무기 숙련 -50% | 이동 속도 -30% | 회피 불가)
+25HP.^reset;"
"''You can raise them as if everything is normal, but there will always be some folks who sees through the lies you give them.''
When it comes to technological levels, the rabbit youkai are the most advanced. While majority of the youkai including the tengu remain 'archaic' in their advancement of science, the rabbit youkai are anything but that. It is only because of lack of material as well as distrust toward the other youkai that they cannot overpower the human armies.
^#a59477;+25HP.^reset;"	"''모든 게 정상인 것처럼 키울 수는 있지만, 네가 주는 거짓말을 꿰뚫는 이들은 항상 있을 거다.''
기술 수준으로는 토끼 요괴가 가장 진보됐다. 텐구를 포함한 대부분의 요괴가 과학 발전에서 '구식'으로 남은 반면 토끼 요괴는 전혀 그렇지 않다. 재료 부족과 다른 요괴에 대한 불신 때문에 인간군을 압도하지 못할 뿐이다.
^#a59477;+25HP.^reset;"
"''You're telling me that frilly pink skirt is all you're going to be wearing into combat?! Are you moon rabbits always this insane? I don't care if it's 'magical', go get some damn pants and body armor!''
  
A traditional Moon Rabbit skirt that was used by the Lunarians.
  
^green;Bunny Hopping: 15% Movement Speed | 10% Psychic Resistance.^reset;
^red;Frail Protection: -10% SMALL-ARMS Resistance.^reset;"	"''그 프릴 달린 분홍 치마만 입고 전투에 나간다고?! 너희 달토끼는 다 이렇게 미쳤어? '마법'이든 뭐든 상관없으니까 제발 바지랑 방호복 좀 입어!''
  
루나리안이 쓰던 전통 달토끼 치마.
  
^green;토끼 도약: 이동 속도 15% | 사이킥 저항 10%.^reset;
^red;연약한 보호: 소화기 저항 -10%.^reset;"
"'Paket Bystrogo Vosstanovleniya' or 'Quick Recovery Package' is a mass-producible medical kit intended to quickly recover life-threatening damage in a combat environment using traditional methods: The equipment within this kit contains a significant amount of hemotherapy paraphernalia.
^green;- Restores 100 health/4s | Heal Delay: 0.75s | Immobile Time: 1.5s
^yellow;- Heals Bruising.^white;
^red;- Heals Blood Loss.^white;
^gray;- Heals Fractures.^white;"	"'파켓 비스트로고 보스타노블레니야' 또는 '신속 회복 패키지'는 전투 환경에서 생명을 위협하는 손상을 전통적 방법으로 빠르게 회복하기 위한 대량 생산 의료 킷이다. 이 킷의 장비에는 상당한 양의 수혈 기구가 들어있다.
^green;- 체력 100 회복/4초 | 치유 지연: 0.75초 | 고정 시간: 1.5초
^yellow;- 타박상 치료.^white;
^red;- 출혈 치료.^white;
^gray;- 골절 치료.^white;"
"---.
  
^#DBC5A6;DEF: +20% SLASH | +5% THRUST.^reset;"	"---.
  
^#DBC5A6;방어력: 참격 +20% | 찌르기 +5%.^reset;"
"A common repair kit used to maintain various firearms primarily used by the Woodlands human armies. Due to the lack of industry on the planet, soldiers are expected to constantly be maintaining their weapons with these kits as it would be impossible to replace them otherwise. Those who fail to do so are assigned to salvaging duties at the frontlines.
  
^Yellow;Repairs most firearms by 30%. It cannot however repair a broken and neglected firearm. (Durability under 5%).^reset;"	"우드랜즈 인간군이 주로 쓰는 다양한 화기 정비용 일반 수리 킷. 행성에 산업이 부족해 병사들은 이 킷으로 무기를 계속 정비해야 하며, 그렇지 않으면 교체가 불가능하다. 실패한 자는 최전선 회수 임무에 배정된다.
  
^Yellow;대부분의 화기를 30% 수리. 다만 부서지고 방치된 화기(내구도 5% 미만)는 수리 불가.^reset;"
"A crude 'kit' consisting of nothing more than a box of matches and a lighter. Used in the most dire of situations: If you're bleeding out, you probably don't have the steady hands necessary to strike a match, so that's what the lighter is for. Just ignite a fistful of matches and stab it in the wound.

^green;- Immediately recovers Light, Medium, and Heavy Bleeding.^white;
^orange;- Causes Burn Wounds.^white;
^red;- Mobility hindered for 5 seconds.^reset;"	"성냥 한 갑과 라이터뿐인 조잡한 '킷'. 가장 절박한 상황용: 과다출혈 중이면 성냥을 칠 정도의 침착한 손이 없을 테니 그래서 라이터가 있다. 성냥 한 줌에 불을 붙여 상처에 찔러 넣기만 하면 된다.

^green;- 경·중·중증 출혈 즉시 회복.^white;
^orange;- 화염 상처 유발.^white;
^red;- 5초간 기동성 저해.^reset;"
"A helmet variant of the Kaiser Knight that has been given extensive training in firearms, reconaissance, raiding, and shock tactics known as Stormtroopers. A result of the rapid retraining program that the Kaiser Knights began to make themselves relevant again in the Second Continental War.
^#698f78;Stormtrooper Ambush: When firing a [EWS] Weapon, gain +100% Weapon Proficiency for 1s. Cooldown resets if you take damage or fire your weapon. | 30s Cooldown.
DEF: +15% SMALL-ARMS | +10% HEAVY-ARMS & EXPLOSIVE^reset;"	"카이저 기사의 헬멧 변형으로 화기·정찰·습격·돌격 전술에 광범위한 훈련을 받은 돌격대원용. 제2차 대륙 전쟁에서 다시 존재감을 찾으려는 카이저 기사단의 급속 재훈련 프로그램의 산물.
^#698f78;돌격대 매복: [EWS] 무기 발사 시 1초간 무기 숙련 +100%. 피해를 받거나 무기 발사 시 재사용 대기시간 초기화. | 재사용 대기시간 30초.
방어력: 소화기 +15% | 중화기·폭발 +10%^reset;"
"A kasa made out of steel. Much thicker than what the humans have and as a consequence much heavier. A human would likely suffer neck pain if wearing this for more than a hour. The superior physique of a youkai however can afford to wear such gear without slowing them down.
^#efc565;Master of Weapons: +10% DODGE Chance. Reduce the cooldown of Ronin of Blades by 10s.
^#efc565;Tengu Link [4-SET BONUS]: Gain Tengu Synchronization.
DEF: +10% SMALL-ARMS | +5% BLUNT^reset;"	"강철로 만든 카사. 인간 것보다 훨씬 두꺼워서 결과적으로 훨씬 무겁다. 인간이 한 시간 이상 쓰면 목이 아플 것이다. 그러나 요괴의 우월한 체격은 속도 저하 없이 이런 장비를 감당할 수 있다.
^#efc565;무기 달인: 회피 확률 +10%. 칼날의 로닌 재사용 대기시간 10초 감소.
^#efc565;텐구 링크 [4세트 보너스]: 텐구 동기화 획득.
방어력: 소화기 +10% | 타격 +5%^reset;"
"A more recent outfit compared to what other tengu among the clans wear. Has a lot more bags and pockets than other uniforms to carry more ammunition due to their their wearers using volley rifles capable of mimicking the human's semi-automatic and fully automatic designs via magishot catalysts.
^#efc565;Magi Infusion: Friendly nearby magilocks have a chance to trigger a magical explosion on hit that deals 50 PSYCHIC damage. | 2s Individual Cooldown. | Tengu Link [4-SET BONUS]: Gain Tengu Synchronization. DEF: +15% SMALL-ARMS | +35% PSYCHIC & THERMAL^reset;"	"일족 내 다른 텐구들의 복장에 비해 최근식 복장. 착용자들이 매지샷 촉매로 인간의 반자동·전자동 설계를 흉내 낸 연발 소총을 쓰기에, 다른 군복보다 탄약 휴대용 가방과 주머니가 많다.
^#efc565;매지 주입: 근처 아군 매지락이 적중 시 사이킥 피해 50의 마법 폭발을 일으킬 확률 획득. | 개별 재사용 대기시간 2초. | 텐구 링크 [4세트 보너스]: 텐구 동기화 획득. 방어력: 소화기 +15% | 사이킥·열 +35%^reset;"
"A set of small packs with straps used to carry all sorts of supplies and equipment a West Star soldier needs. Compared to the Lion's rucksacks, these packs tend to be smaller but more numerous in comparison to allow modularity and better organization of equipment rather than having to scrounge through a single large backpack.
  
  
^#b4a67f;+25HP.^reset;"	"웨스트 스타 병사가 필요한 온갖 보급품과 장비를 나르는 끈 달린 소형 팩 세트. 라이온의 배낭에 비해 작지만 수가 많아 모듈성이 높고 하나의 큰 배낭을 뒤지는 대신 장비 정리가 더 낫다.
  
  
^#b4a67f;+25HP.^reset;"
"A spare arcane crystal which magicians use to fine tune their spells before launching them. Even during its dormant phase, the residue mana emitted from the crystal can help magicians improve their casting and allow them to cast spells that would normally be beyond their reach.


^Orange;+10% Magic Proficiency. +200% Magic Proficiency on the first shot when using a magic weapon. | 10s Cooldown"	"마술사가 주문을 발사하기 전 미세 조정하는 데 쓰는 여분의 비전 수정. 휴면 상태에서도 수정이 내뿜는 잔여 마나가 마술사의 시전을 개선하고 평소엔 불가능한 주문도 쓸 수 있게 해준다.


^Orange;마법 숙련 +10%. 마법 무기 사용 시 첫 발에 마법 숙련 +200%. | 재사용 대기시간 10초"
"A stack of unused talisman that was primarily used by shrine maidens. Most shrine maidens carry a few with them to ward off specific youkai when a bullet doesn't do the job.
^Orange;Firing a Bow, Crossbow, or Muzzleloader has a 10% chance to fire a Talisman of Weaknening | 1s Cooldown
Swinging a melee weapon has a 20% chance to fire a Talisman of Chasing | 1s Cooldown
Firing a magic weapon has a 10% chance to fire a Talisman of Pain. | 1s Cooldown"	"무녀들이 주로 쓰던 미사용 부적 다발. 대부분의 무녀는 총알로 안 될 때 특정 요괴를 물리치려고 몇 장씩 가지고 다닌다.
^Orange;활·석궁·머즐로더 발사 시 10% 확률로 약화의 부적 발사 | 재사용 대기시간 1초
근접 무기 휘두를 때 20% 확률로 추적의 부적 발사 | 재사용 대기시간 1초
마법 무기 발사 시 10% 확률로 고통의 부적 발사. | 재사용 대기시간 1초"
"A strange hat. You can't pinpoint why, but something tells you that this hat should have a owner but not at the same time. Either way, it seems like most people can't help but lose their bearings when this hat is around. Yours included but at a lesser scale than most.
^green;Unconscious Manipulator: Enemies within approximately 60 blocks are stunned for 1-3s every 10s-20s. (Can be stacked)^reset;
^red;Loss of Focus: -10% ATK Power and -10% [EWS] Hit Chance and Accuracy multiplier.^reset;"	"이상한 모자. 이유는 모르지만 이 모자에 주인이 있어야 하면서도 동시에 아닌 것 같다. 어쨌든 이 모자가 근처에 있으면 대부분이 어쩔 수 없이 방향 감각을 잃는 모양이다. 너도 대부분보단 덜하지만.
^green;무의식 조작자: 약 60블록 내 적이 10-20초마다 1-3초간 기절. (중첩 가능)^reset;
^red;집중 상실: 공격력 -10%, [EWS] 적중 확률과 명중률 배율 -10%.^reset;"
"A thick raincape that protects its wearer from storms and is thick enough to take some punishment as well. A common tactics used by the tengu is to constantly start storms around the mountain to make logistics a nightmare for the human armies. Unfortunately, this does the same to their youkai allies as well.
  
^#589a45;Yamawaro Guerilla [VERSATILE] [3-SET BONUS]: +15% General Weapon Proficiency, +50 HP, +10% Movement Speed, +10% DODGE Chance
DEF: +10% SMALL-ARMS & THERMAL | +20% MELEE^reset;"	"착용자를 폭풍에서 지키고 어느 정도 타격도 견딜 만큼 두꺼운 두꺼운 레인케이프. 텐구의 상용 전술은 산 주변에 계속 폭풍을 일으켜 인간군 보급을 악몽으로 만드는 것. 불행히 요괴 동맹에도 똑같이 해가 된다.
  
^#589a45;야마와로 게릴라 [다목적] [3세트 보너스]: 일반 무기 숙련 +15%, +50 HP, 이동 속도 +10%, 회피 확률 +10%
방어력: 소화기·열 +10% | 근접 +20%^reset;"
"A traditional Blackpowder Clan outfit. Originally worn during the first battles against the human armies, it became apparent quickly that mobility alone isn't going to be enough to outwit the human's war machines and was phased out in favor of more armored designs.
^#efc565;Ronin of Blades: +20% DODGE Chance. Remove the Weapon Ability Cooldown for 5s upon triggered by a ability. | 30s Cooldown
^#efc565;Tengu Link [4-SET BONUS]: Gain Tengu Synchronization.
DEF: +20% PSYCHIC"	"전통 흑약 일족 복장. 인간군과의 첫 전투에서 쓰였지만 기동성만으로는 인간의 전쟁 기계를 앞지르기에 부족하다는 게 금방 드러나 더 장갑된 설계로 대체됐다.
^#efc565;칼날의 로닌: 회피 확률 +20%. 능력 발동 시 5초간 무기 능력 재사용 대기시간 제거. | 재사용 대기시간 30초
^#efc565;텐구 링크 [4세트 보너스]: 텐구 동기화 획득.
방어력: 사이킥 +20%"
"Although airborne operations are extremely rare now in the war due to Crow Tengu having complete aerial dominance in any place where flak isn't available, pathfinders used to mark various zones for paratroopers and supplies to be dropped through their radio packs. Many early battles were won thanks to the pathfinder's ability to find openings across the youkai lines.
^#b4a67f;Sharpshooter: Mark an enemy within 60 blocks. Marked enemies have reduced AIM, DODGE, and DEFENSE. When killed, another enemy is marked. | +10% Movement Speed. | +15% DODGE Chance.^reset;"	"까마귀 텐구가 대공포 없는 곳이면 어디든 완전한 공중 우위를 가져 지금은 공수 작전이 극히 드물지만, 패스파인더는 무선 팩으로 낙하산병과 보급품 투하 구역을 표시하곤 했다. 많은 초기 전투가 패스파인더의 요괴 전선 틈 찾기 능력 덕에 이겼다.
^#b4a67f;명사수: 60블록 내 적 표시. 표시된 적은 조준·회피·방어 감소. 처치 시 다른 적이 표시됨. | 이동 속도 +10%. | 회피 확률 +15%.^reset;"
"Anyone can become a magician. Whether it be a youkai or man, the only hurdle that stands in their way is finding out where to start. Fortunately during wartime, one does not have to look far to find someone willing to teach them.
  
  
^#efc565;Mana Recycler: 1 Free Reload with Woodland Wands. | 60s Cooldown
+15% Magic Proficiency. Fairy Cycle [4-SET BONUS]: Gain War Fairy.
DEF: +30% PSYCHIC | +5% BLEED^reset;"	"누구든 마술사가 될 수 있다. 요괴든 인간이든, 유일한 장벽은 어디서 시작할지 찾는 것뿐. 다행히 전시에는 가르쳐줄 이를 찾기 위해 멀리 갈 필요가 없다.
  
  
^#efc565;마나 재활용: 우드랜드 완드로 무재장전 1회. | 재사용 대기시간 60초
마법 숙련 +15%. 요정 순환 [4세트 보너스]: 전쟁 요정 획득.
방어력: 사이킥 +30% | 출혈 +5%^reset;"
"Armored breastplate underneath a trenchcoat accompanied by two armored shoulder pads with an ammunition belt and sword belt accompanied a holster going under each one. Attached to the belt, a air tank and tube, gas mask and large pack can be seen. A reminder of the First Continental War and its consequences.
^#b4a67f;Firepower Doctrine: Enemies within a 100 blocks have reduced Accuracy, DODGE Chance, and -25% SMALL-ARMS Resistance, Effects amplify if the target is Suppressed.
DEF: +25% SMALL-ARMS | +10% BLEED | +15% MELEE^reset;"	"트렌치코트 아래 장갑 흉갑, 탄약 벨트와 검 벨트가 달린 두 장갑 어깨보호대 아래로 각각 홀스터가 딸려 있다. 벨트에는 공기 탱크와 튜브, 방독면, 대형 배낭이 보인다. 제1차 대륙 전쟁과 그 결과를 상기시킨다.
^#b4a67f;화력 교리: 100블록 내 적의 명중률·회피 확률 감소 및 소화기 저항 -25%, 대상이 제압 상태면 효과 증폭.
방어력: 소화기 +25% | 출혈 +10% | 근접 +15%^reset;"
"Armored chestplate worn over a Yamawaro uniform. Is slightly thinner than all the other variants worn by youkai as this was designed in mind to be part of the standard outfit for a Yamawaro soldier before resources ran dry resulting in only some soldiers getting this vest.
^#589a45;Yamawaro Guerilla [DEFENSE] [3-SET BONUS]: +100% SMALL-ARMS, MELEE, and HEAVY-ARMS Resistance, +50% General Weapon Proficiency, and ^red;-75% Movement Speed^reset;^#589a45; for 1s upon taking damage. | 20s Cooldown. DEF: +20% SMALL-ARMS | +5% EXPLOSIVE | +15% MELEE^reset;"	"야마와로 군복 위에 입는 장갑 흉갑. 다른 요괴가 입는 변형들보다 약간 얇은데, 이는 자원이 바닥나 일부 병사만 이 조끼를 받기 전에 야마와로 병사 표준 복장의 일부로 설계됐기 때문이다.
^#589a45;야마와로 게릴라 [방어] [3세트 보너스]: 피해 시 1초간 소화기·근접·중화기 저항 +100%, 일반 무기 숙련 +50%, ^red;이동 속도 -75%^reset;^#589a45;. | 재사용 대기시간 20초. 방어력: 소화기 +20% | 폭발 +5% | 근접 +15%^reset;"
"As the push toward the mountains stalled and the youkai started using common military tactics against the human armies, morale began plummeting and logistics started becoming a massive hurdle among both armies. Officers along with their personal squads would take to the front and try to keep the frontline intact despite resource shortages and constant attacks.
^#698f78;Personal Guards [CHEST]: Summons one LION BATTALION GRENADIER when using a ^reset;^orange;DEPLOYMENT ORDER^reset;^#698f78; | 30s Cooldown.
+20% DODGE Chance. DEF: +20% BLEED^reset;"	"산을 향한 진격이 지체되고 요괴가 인간군에 일반 군사 전술을 쓰기 시작하자 사기가 곤두박질치고 보급이 양군 모두에 큰 장애가 됐다. 장교들은 자기 분대와 함께 전선으로 나가 자원 부족과 끊임없는 공격에도 전선을 유지하려 했다.
^#698f78;친위대 [가슴]: ^reset;^orange;배치 명령^reset;^#698f78; 사용 시 라이온 대대 척탄병 하나 소환 | 재사용 대기시간 30초.
회피 확률 +20%. 방어력: 출혈 +20%^reset;"
"As the war dragged on and the youkai became more familiar with human tactics, they started fielding their own firearms and equipment. Unlike the Federation and Lion that use ballistics to fire their weapons, the tengu and their kappas began using magic as a alternative propellant.
^#b4a67f;Engineer Corps: If enemies are within approximately 60 blocks, deploy a static sandbag that serves as cover against small arms and distracts enemies. | 30s Cooldown
DEF: +25% SMALL-ARMS | +10% SLASH & THRUST | +30% BLUNT^reset;"	"전쟁이 길어지고 요괴가 인간 전술에 익숙해지자 자체 화기와 장비를 투입하기 시작했다. 탄도로 무기를 쏘는 연방과 라이온과 달리 텐구와 그들의 캇파는 마법을 대체 추진제로 쓰기 시작했다.
^#b4a67f;공병대: 적이 약 60블록 내에 있으면 소화기를 막고 적을 분산시키는 고정 모래주머니 배치. | 재사용 대기시간 30초
방어력: 소화기 +25% | 참격·찌르기 +10% | 타격 +30%^reset;"
"As the war dragged on, manpower issue became more and more severe for the Federation. West Star Echelon units were quickly pulled to the frontline to compensate the lack of warm bodies, bringing along with them everything a support unit would need to keep a soldier fighting near the front.
^#b4a67f;Logistic Support [CHEST]: Nearby Infantry Summons gain +0.2% HP/sec, +10% General Resistance, and +15% General Weapon Proficiency. +1% HP/sec.
DEF: +30% THERMAL | +30% BLEED^reset;"	"전쟁이 길어지며 인력 문제가 연방에 점점 심각해졌다. 웨스트 스타 에셜론 부대는 부족한 병력을 메우기 위해 급히 최전선으로 투입됐고, 병사를 전선 근처에서 싸우게 유지하는 지원 부대에 필요한 모든 걸 가져왔다.
^#b4a67f;병참 지원 [가슴]: 근처 보병 소환물이 초당 체력 +0.2%, 일반 저항 +10%, 일반 무기 숙련 +15% 획득. 초당 체력 +1%.
방어력: 열 +30% | 출혈 +30%^reset;"
"Contrary to its appearence, the material this dress is made out of is akin to leather armor. Having been tested to able to resist all sorts of cutting, stabbing, and hitting, this dress is actually quite sturdy enough to be used in close quarter combat. Against guns however, the dress cannot stop bullets.
^#efc565;Traditional Fighter: +50HP when using a FORMATION, BOW, CROSSBOW, or MUZZLELOADER weapon.
^#efc565;Tengu Link [4-SET BONUS]: Gain Tengu Synchronization.
DEF: +12% SLASH | +8% THRUST | +5% BLUNT^reset;"	"외관과 달리 이 드레스의 재료는 가죽 갑옷과 유사하다. 온갖 베기, 찌르기, 타격을 견디는 것이 검증돼 근접전에 쓸 만큼 꽤 튼튼하다. 다만 총알은 막지 못한다.
^#efc565;전통 전사: 대형·활·석궁·머즐로더 무기 사용 시 +50HP.
^#efc565;텐구 링크 [4세트 보너스]: 텐구 동기화 획득.
방어력: 참격 +12% | 찌르기 +8% | 타격 +5%^reset;"
"Contrary to what you hear, flamethrowers were not actually likely to explode immediately if shot. Such records of it occurring can be summarized as operator error or being ignited by an outside force such as burning debris.
^#698f78;Flame Circle - Spawns a magic sentry above the character that fires flaming magic bullets at targets. | 60s Cooldown.
Immune to IGNITION.
Lion Volunteer [CHEST]: +5% Woodlands Weapon Proficiency.
DEF: +25% SMALL-ARMS | +40% THERMAL | +30% SLASH^reset;"	"듣는 것과 달리 화염방사기는 총을 맞아도 바로 폭발하지 않았다. 그런 기록은 조작자 실수나 불타는 파편 같은 외부 요인에 점화된 경우로 요약된다.
^#698f78;화염진 - 캐릭터 위에 표적에 화염 마법탄을 쏘는 마법 보초 생성. | 재사용 대기시간 60초.
점화 면역.
라이온 지원병 [가슴]: 우드랜즈 무기 숙련 +5%.
방어력: 소화기 +25% | 열 +40% | 참격 +30%^reset;"
"Despite kitsunes being immune to fire, the smoke that fire creates can still blind them and stain their fur in a ugly black color that most kitsunes despise. Add on the threat of incoming shrapnel and bullets, and it makes sense why the kitsune have their own mask to cover their faces.
  
^#698f78;Immune to IGNITION.
Lion Volunteer [HEAD]: +5% Woodlands Weapon Proficiency.
DEF: +5% SMALL-ARMS | +20% THERMAL^reset;"	"키츠네가 불에 면역임에도 불이 만드는 연기는 여전히 눈을 가리고 털을 키츠네 대부분이 혐오하는 추한 검은색으로 얼룩지게 한다. 다가오는 파편과 총알의 위협까지 더하면 키츠네가 얼굴 가면을 갖춘 이유가 설명된다.
  
^#698f78;점화 면역.
라이온 지원병 [머리]: 우드랜즈 무기 숙련 +5%.
방어력: 소화기 +5% | 열 +20%^reset;"
"Despite the disadvantages they had, the tengu fought valiantly against an unknown technologically superior enemy and managed to give enough time for the Tengu Clans to mobilize for war. Many tengu lost their lives during the early months and these blades are all that remain of their sacrifice.
^Orange;Mark of Prey: Mark a single enemy within approximately 60 blocks. A new enemy is marked every 10s. Killing the marked enemy grants all bearers of this trinket +10% Movement Speed, +1HP/sec, and +10% General Resistance for 5s.^reset;"	"불리한 조건에도 텐구는 알 수 없는 기술적으로 우월한 적과 용감히 싸웠고 텐구 일족이 전쟁 동원할 시간을 벌었다. 많은 텐구가 초기 몇 달간 목숨을 잃었고 이 칼날들이 그들의 희생의 전부다.
^Orange;사냥감 표적: 약 60블록 내 단일 적 표시. 10초마다 새 적이 표시됨. 표시된 적 처치 시 이 장신구 소지자 전원이 이동 속도 +10%, +1HP/초, 일반 저항 +10%를 5초간 획득.^reset;"
"Despite wearing heavy armor, Fairy Knights are trained to use all their strength to force a close engagement with the enemy knowing that the alternative is death. Surprisingly enough, the same skills could be also useful for running away.
^#efc565;Close The Gap: If there are no enemies within 20 blocks when you are hit, gain +60% DODGE Chance, negate all ARMOR penalties, and gain +20% Movement Speed for 3s. | 30s Cooldown.
Fairy Cycle [4-SET BONUS]: Gain War Fairy.
DEF: +10% SMALL-ARMS | +5% MELEE^reset;"	"중갑을 입었음에도 요정 기사는 대안이 죽음임을 알고 모든 힘으로 적과의 근접전을 강요하도록 훈련된다. 놀랍게도 같은 기술이 도망에도 유용하다.
^#efc565;거리 좁히기: 피격 시 20블록 내 적이 없으면 회피 확률 +60%, 모든 갑옷 페널티 무효, 3초간 이동 속도 +20%. | 재사용 대기시간 30초.
요정 순환 [4세트 보너스]: 전쟁 요정 획득.
방어력: 소화기 +10% | 근접 +5%^reset;"
"Dry Sap's origins are murky and unclear, but most agree it was used primarily as a hallucinogenic for primitive Drufloran tribes. It was only later when some Druflorans attempted to inject the substance into themselves that it proved quite capable of increasing focus and awareness.

^green;+10% Weapon Proficiency for 5 minutes.^white;"	"마른 수액의 기원은 불분명하지만 대부분 원시 드루플로란 부족의 환각제로 주로 쓰였다는 데 동의한다. 나중에 일부 드루플로란이 이 물질을 자신에게 주입하려 했을 때 집중력과 인지력 향상에 꽤 효과적임이 드러났다.

^green;무기 숙련 +10% 5분간.^white;"
"Due to the close quarter nature of the sapper's combat role, sappers are often equipped with submachine guns or shotguns to defend themselves with along with a variety of grenades. Furthermore, sappers are given armor as part of their standard uniform due to their close work with explosive ordanance.
  
^#b4a67f;10% BALLISTIC Resistance.^reset;"	"공병의 근접 전투 역할 때문에 공병은 자신을 지킬 기관단총이나 샷건과 다양한 수류탄을 자주 장비한다. 게다가 폭발성 탄약과 밀접하게 일하므로 표준 군복의 일부로 갑옷이 지급된다.
  
^#b4a67f;탄도 저항 10%.^reset;"
"Due to the close quarter nature of the sapper's combat role, sappers are often equipped with submachine guns or shotguns to defend themselves with along with a variety of grenades. Furthermore, sappers are given armor as part of their standard uniform due to their close work with explosive ordanance.
^#b4a67f;Mine Layer: When near enemies, drop a friendly mine at your location that takes 5s to arm. Will be destroyed if an enemy makes contact with it during arming. | 10s Cooldown
DEF: +10% SMALL-ARMS | +15% EXPLOSIVE^reset;"	"공병의 근접 전투 역할 때문에 공병은 자신을 지킬 기관단총이나 샷건과 다양한 수류탄을 자주 장비한다. 게다가 폭발성 탄약과 밀접하게 일하므로 표준 군복의 일부로 갑옷이 지급된다.
^#b4a67f;지뢰 부설: 적 근처에서 5초간 지뢰화되는 아군 지뢰를 위치에 투하. 지뢰화 중 적이 접촉하면 파괴됨. | 재사용 대기시간 10초
방어력: 소화기 +10% | 폭발 +15%^reset;"
"Due to the weight of their weapon, Rose Snipers will only relocate when they are certain that the area is clear of enemies or that they were spotted. While their anti-tank rifles do give them a significant firepower boost that most youkai can't compete with, the vast weight of the weapon means the sniper is heavily exposed when moving.
^#b4a67f;Camoflauged Position [LEGS]: If wearing a RE Sniper Fatigues, gain a 15% DODGE Chance when crouching for 3s.
+7.5% General Weapon Proficiency | +10% DODGE Chance^reset;"	"무거운 무기 때문에 로즈 저격수는 지역이 적에게서 안전하다고 확실하거나 발각됐을 때만 이동한다. 대전차 소총이 대부분의 요괴가 겨루기 힘든 화력 우위를 주지만 무거운 무게는 이동 중 저격수를 무방비로 만든다.
^#b4a67f;위장 진지 [다리]: RE 저격 군복 착용 시 3초간 웅크리면 회피 확률 15% 획득.
일반 무기 숙련 +7.5% | 회피 확률 +10%^reset;"
"During the war, the mistrust between the tengu clans remains constant as they do their best to stay at their own 'front' and never help the other. One exception however, are the White Wolves and Crow Tengu who instead try to build friendly relations between the clans despite their cold response.
^#efc565;Tengu Link [4-SET BONUS]: Gain Tengu Synchronization. (Applies various buffs and debuffs as well as amplify the effects of the armor the player is wearing.)
DEF: +5% SMALL-ARMS | +20% PSYCHIC & THERMAL^reset;"	"전쟁 중 텐구 일족 간 불신은 변함없이 이어져 자기 '전선'에 머물며 서로를 절대 돕지 않는다. 한 예외로 백랑과 까마귀 텐구는 차가운 반응에도 일족 간 우호 관계를 쌓으려 한다.
^#efc565;텐구 링크 [4세트 보너스]: 텐구 동기화 획득. (다양한 버프와 디버프 적용 및 플레이어가 착용한 갑옷 효과 증폭)
방어력: 소화기 +5% | 사이킥·열 +20%^reset;"
"Early barrier amulets lacked the safeguards needed to redirect force safely. This was due to magicians trying to make their shields as big as possible which caused any hit taken by the shield to compress itself onto it and would eventually explode on the user when dissipiated. 

^Orange;+400HP BUFFER. When hit, the barrier will disappear in 5s. Any additional hits taken after the first hit will deal 10 PSYCHIC damage to the user 1s AFTER the barrier has been removed. | 30s Cooldown^reset;"	"초기 방벽 부적엔 힘을 안전하게 전환할 안전장치가 부족했다. 마술사들이 방패를 최대한 크게 만들려 했기 때문인데, 방패가 받은 타격이 압축돼 소실될 때 결국 사용자 위에서 폭발했다. 

^Orange;+400HP 완충. 피격 시 방벽이 5초 뒤 사라짐. 방벽 제거 후 첫 타격 이후의 추가 타격은 사용자에게 1초 뒤 사이킥 피해 10. | 재사용 대기시간 30초^reset;"
"Even to this day, many still debate whether luck is real or if everything is predetermined by faith. Are some destined to die on the battlefield no matter what while others live? To some, having life be a gamble will always be better than knowing every decision they make has already been set in stone.

^orange;A certain staff will give you better luck with this.
Enemies approximately 60 blocks have a 5% chance to drop a Physical Credit.^reset;"	"오늘날에도 많은 이가 운이 실재하는지, 모든 게 신앙에 의해 정해졌는지 논쟁한다. 어떤 이는 무슨 일이 있어도 전장에서 죽을 운명이고 다른 이는 사는 걸까? 어떤 이에게 인생이 도박인 게 내리는 모든 결정이 이미 정해져 있다고 아는 것보다 항상 나을 것이다.

^orange;어떤 지팡이가 이걸로 운을 좋게 해줄 것이다.
약 60블록 내 적이 5% 확률로 물리 크레딧 드롭.^reset;"
"Fairies are divided into set roles dependant on their aspirations and attributes. Once they are given a role, they would be sent to the battlefield for 'orientation'. Only those who survive and remain mentally sound would be given training and be enlisted as a War Fairy.

^#efc565;Speed Loader: Reduce the cooldown of Magic Blast by 5s.
+7.5% Muzzle Loader Proficiency. Fairy Cycle [4-SET BONUS]: Gain War Fairy. DEF: +10% PSYCHIC & THERMAL^reset;"	"요정은 포부와 속성에 따라 정해진 역할로 나뉜다. 역할이 주어지면 '오리엔테이션'을 위해 전장으로 보내진다. 살아남고 정신이 온전한 자만 훈련을 받아 전쟁 요정으로 입대한다.

^#efc565;고속 장전: 마법 폭발 재사용 대기시간 5초 감소.
머즐로더 숙련 +7.5%. 요정 순환 [4세트 보너스]: 전쟁 요정 획득. 방어력: 사이킥·열 +10%^reset;"
"Fairies that display intellect beyond what most would expect from them are encouraged to become apprentices to magicians due to their rarity. Out of all the other groups within the Fairy Alliance, the magicians are the smallest in size.
  
^#efc565;Arcane Exploitation: Enemies approximately 60 blocks get -25% PSYCHIC Resistance when hit for 5s. | 20s Individual Cooldown
+7.5% Magic Proficiency. Fairy Cycle [4-SET BONUS]: Gain War Fairy.
DEF: +20% PSYCHIC^reset;"	"대부분의 기대 이상의 지능을 보이는 요정은 희귀해서 마술사의 견습이 되도록 장려된다. 요정 동맹 내 다른 집단 중 마술사가 가장 규모가 작다.
  
^#efc565;비전 착취: 약 60블록 내 적이 피격 시 5초간 사이킥 저항 -25%. | 개별 재사용 대기시간 20초
마법 숙련 +7.5%. 요정 순환 [4세트 보너스]: 전쟁 요정 획득.
방어력: 사이킥 +20%^reset;"
"Gun witch magilocks often use special catalysts that are vastly superior to standard ones used by other youkai. One such advantage of these catalysts is having a direct connection to the magician's mana pool, removing the need of ever swapping out the catalyst.

^#efc565;Magic Optimization [LEGS]: The cooldown of Magic Frenzy is reduced by 1s. Tengu Link [4-SET BONUS]: Gain Tengu Synchronization.
+7.5% DODGE Chance | DEF: +20% PSYCHIC^reset;"	"건 위치 매지락은 다른 요괴가 쓰는 표준 촉매보다 훨씬 우월한 특수 촉매를 쓰곤 한다. 이 촉매의 장점 중 하나는 마술사의 마나 풀에 직접 연결돼 촉매를 갈아 끼울 필요가 없다는 것이다.

^#efc565;마법 최적화 [다리]: 마법 격분 재사용 대기시간 1초 감소. 텐구 링크 [4세트 보너스]: 텐구 동기화 획득.
회피 확률 +7.5% | 방어력: 사이킥 +20%^reset;"
"Heavily armored engineer equipped with a flamethrower allowing the soldier to burn anything in their way. Is heavily resistant against small-arms and will ^red;explode on death if they take too much damage at once^reset;. Can also serve as meatshield to block small-arms fire due to wearing heavy armor during a push.
^yellow;Only one SUPPORT trinket can be active at a time. If multiple are being used, none of them will activate until only one is active.^reset;
^Orange;Summons one WEST STAR FLAME ENGINEER when using a DEPLOYMENT ORDER | 60s Cooldown.^reset;"	"화염방사기를 장비한 중갑 공병으로 병사가 앞길의 모든 걸 태울 수 있다. 소화기에 강하고 ^red;한 번에 너무 큰 피해를 받으면 죽음 시 폭발^reset;. 진격 시 중갑 착용으로 소화기 사격을 막는 방패 역할도 가능.
^yellow;지원 장신구는 한 번에 하나만 활성화 가능. 여러 개 사용 시 하나만 활성화될 때까지 전부 비활성.^reset;
^Orange;배치 명령 사용 시 웨스트 스타 화염 공병 하나 소환 | 재사용 대기시간 60초.^reset;"
"Immortals have been around long before the first spaceships were launched by humanity. If the legends of the Hourai Elixer are to be taken for granted, then immortality has long since been mastered by magical beings and has been kept a well guarded secret from humans for millions of years. Maybe that's for the best considering what we've seen immortality do to people.

^green;Fire Charms: 50% FIRE Resistance. Immune to BURNING, BURN WOUNDS and IGNITION.^reset;"	"불멸자는 인류가 첫 우주선을 쏘기 훨씬 전부터 있었다. 호라이 엘릭서 전설을 믿는다면 불사는 마법 존재가 오래전에 마스터했고 수백만 년간 인간에게 철저히 비밀로 지켜져 왔다. 불사가 사람에게 뭘 하는지를 본 걸 생각하면 그게 나을지도.

^green;화염 부적: 화염 저항 50%. 연소, 화염 상처, 점화 면역.^reset;"
"Kaiser Technician are equipped with various experimental weapons such as grenade launchers, magi weapons, or even gunblades. This is so that the Knights can keep up with new technological development and avoid being outclassed later as what happened in the First Continental War.
^#698f78;Grenade Trooper - Crouching for 5s will call in a L39 grenade rifle with 10 grenades. The rifle can only be used with this armor and ammunition can only be acquired here. | 240s Cooldown
DEF: +15% SMALL-ARMS | +5% HEAVY-ARMS | +10% MELEE^reset;"	"카이저 기술병은 척탄 발사기, 마기 무기, 심지어 건블레이드 같은 다양한 실험 무기를 장비한다. 기사단이 신기술 개발을 따라가고 제1차 대륙 전쟁 때처럼 압도당하는 걸 피하기 위해서다.
^#698f78;척탄병 - 5초간 웅크리면 수류탄 10발의 L39 척탄총 호출. 이 총은 이 갑옷으로만 사용 가능하고 탄약은 여기서만 획득. | 재사용 대기시간 240초
방어력: 소화기 +15% | 중화기 +5% | 근접 +10%^reset;"
"Kappas often carry large backpacks reminiscent of their ancestor's shells. These backpacks would carry hundreds of tools, half finished contraptions, and whatever else a Kappa would want to shove in there. While a human would likely crumble under the immense weight of these massive packs, a Kappa has no problem hauling around their entire workshop everywhere they go.


^green;+50HP.^reset;"	"캇파는 선조의 껍질을 연상시키는 대형 배낭을 메곤 한다. 이 배낭에는 수백 개의 도구, 반쯤 완성된 장치, 캇파가 쑤셔 넣고 싶은 뭐든 들어간다. 인간은 이 거대한 배낭 무게에 주저앉겠지만 캇파는 작업장 전체를 어디든 들고 다니는 데 문제없다.


^green;+50HP.^reset;"
"Large medicinal pellets, created from the blood of Youkai themselves. These were researched by Youkai Separatist alchemists before their project was cancelled due to Gensokyan Parliamentarian bombardments. These pellets are sometimes still concocted by the more feral youkai, who are more than willing to turn on their more 'civilized' kind to sustain themselves.
^#CE7777;Nearby enemies receive -50% DMG RES and Weapon Proficiency | Lasts 60s.^white;
^red;User is also afflicted with these effects.^white;"	"요괴 자신의 피로 만든 대형 약환. 겐소쿄 의회 폭격으로 프로젝트가 취소되기 전 요괴 분리주의 연금술사들이 연구했다. 이 약환은 아직도 더 야성적인 요괴들이 만들곤 하는데, 그들은 자신들을 유지하기 위해 더 '문명화된' 동족에게도 기꺼이 이빨을 들이댄다.
^#CE7777;근처 적의 피해 저항과 무기 숙련 -50% | 60초 지속.^white;
^red;사용자도 같은 효과에 걸림.^white;"
"Large pack carried by Waterfall Kappas. What would normally be used to carry their inventions and tools have now been replaced with weapons, medical supplies, and ammunition. Kappas primarily serve a support role amongst youkai groups as they're not as strong as the other youkai in combat.
  
^#6594ef;Kappa Repair Kits: Every 180s, drop a special Kappa Repair Kit that can repair any firearm regardless of its design for 20% of its durability.^reset;"	"폭포 캇파가 메는 대형 배낭. 원래 발명품과 도구를 나르던 게 이제 무기, 의료품, 탄약으로 바뀌었다. 캇파는 다른 요괴보다 전투가 약해 요괴 집단에서 주로 지원 역할을 한다.
  
^#6594ef;캇파 수리 킷: 180초마다 설계와 무관하게 어떤 화기든 내구도 20% 수리하는 특수 캇파 수리 킷 투하.^reset;"
"Large survival backpack used by the Queen's Inquisition forces. Due to the common tendency for their operations to be set in places far from any supply line, the Inquisition began creating special kits that provide their soldiers with everything they need to survive out in the wilderness for up to a month if not more depending on what natural resource they can find. 
  
  
^#b4a67f;+25HP.^reset;"	"여왕의 이단심문관 부대가 쓰는 대형 생존 배낭. 작전이 보급선에서 먼 곳에서 이뤄지는 경우가 많아 이단심문관은 야생에서 찾는 천연자원에 따라 최대 한 달 이상 생존에 필요한 모든 걸 제공하는 특수 킷을 만들기 시작했다. 
  
  
^#b4a67f;+25HP.^reset;"
"Like the Knights, Stormtroopers are given the same enhanced fortified armor they use allowing them to brush off machine gun fire and maintain their pace as a normal infantry man. This inadvertedly makes them one of the strongest ranged combatants on the field despite the Knights still heavily favoring melee combat.
^#698f78;Eye for An Eye: Upon taking more than 25 damage, gain +50% General Weapon Proficiency for 3s.
DEF: +25% SMALL-ARMS | +10% HEAVY-ARMS | +20% SLASH & THRUST^reset;"	"기사처럼 돌격대원도 같은 강화 요새 갑옷을 지급받아 기관총 사격을 튕겨내고 일반 보병 속도를 유지한다. 이로써 기사단이 여전히 근접전을 선호함에도 전장에서 가장 강한 원거리 전투원 중 하나가 된다.
^#698f78;눈에는 눈: 피해 25 이상을 받으면 3초간 일반 무기 숙련 +50% 획득.
방어력: 소화기 +25% | 중화기 +10% | 참격·찌르기 +20%^reset;"
"Lion Battalion infantry doctrine consists of basing most of the infantry squad's firepower around its machine guns. This is the compensate the lack of semi-automatic firearms the Lion had at the time compared to the Federation's superior battle rifles and light machine guns they produced in overwhelming numbers.
^yellow;Only one SUPPORT trinket can be active at a time. If multiple are being used, none of them will activate until only one is active.^reset;
^Orange;Summons one LION BATTALION MACHINE GUNNER when using a DEPLOYMENT ORDER | 60s Cooldown.^reset;"	"라이온 대대 보병 교리는 보병 분대 화력 대부분을 기관총 중심으로 한다. 이는 당시 라이온의 반자동 화기 부족을 메우기 위한 것으로, 연방은 우월한 전투 소총과 경기관총을 압도적 수로 생산했다.
^yellow;지원 장신구는 한 번에 하나만 활성화 가능. 여러 개 사용 시 하나만 활성화될 때까지 전부 비활성.^reset;
^Orange;배치 명령 사용 시 라이온 대대 기관총수 하나 소환 | 재사용 대기시간 60초.^reset;"
"Lion shock troops were originally an retired military class that was used in a earlier war from the Lion's homeland. They were only phased out back then cause of the immense weight of the armor. An oni however being much stronger does not have such issues and can sprint at the enemy without any slowdown.
^red;Oni Temper: General Weapon Proficiency is reduced by X% up to 50%. X is the percent of current missing HP.
^#698f78;Oni Determination: +200 HP | +50 ABILITY MANA
DEF: +30% SMALL-ARMS & SLASH & THRUST | +20% HEAVY-ARMS^reset;"	"라이온 돌격 부대는 원래 라이온 고향의 이전 전쟁에서 쓰인 퇴역 군사 계급이었다. 갑옷의 엄청난 무게 때문에 퇴역했던 것이다. 훨씬 강한 오니는 그런 문제가 없어 속도 저하 없이 적에게 질주할 수 있다.
^red;오니 성미: 일반 무기 숙련이 최대 50%까지 X% 감소. X는 현재 잃은 체력 비율.
^#698f78;오니의 결의: +200 HP | +50 능력 마나
방어력: 소화기·참격·찌르기 +30% | 중화기 +20%^reset;"
"Liquid medicine concocted by the occult scholars of the United Systems. Their unending search for wonder-weapons leads them to windows that should've never been looked-through, and doors that should've never been open.
^yellow;Does not stack with the World Walker artifacts, which will^reset; replace ^yellow;this medicine's effect.^reset;  
^green;Immunity to Suspicious Sensations for 6 hours.^reset;"	"통합 체계의 오컬트 학자들이 조제한 액체 약. 기적의 무기를 향한 끝없는 탐구는 그들을 절대 들여다봐선 안 될 창문과 절대 열어선 안 될 문으로 이끌었다.
^yellow;월드 워커 유물과 중첩되지 않으며, 그 유물이^reset; 이 약의 효과를 ^yellow;대체한다.^reset;  
^green;수상한 감각 면역 6시간.^reset;"
"Long range Rose Sniper equipped with a R55 anti-tank rifle capable of penetrating even armored vehicles. Has a very slow firerate, but will rarely if ever miss their shot when they fire which will likely kill any standard infantry it hits. Can be used as a stopgap measure against light vehicles.
^yellow;Only one SUPPORT trinket can be active at a time. If multiple are being used, none of them will activate until only one is active.^reset;
^Orange;Summons one ROSE ANTI-TANK SNIPER when using a DEPLOYMENT ORDER | 60s Cooldown.^reset;"	"장갑 차량조차 뚫는 R55 대전차 소총을 장비한 장거리 로즈 저격수. 발사 속도는 매우 느리지만 발사하면 거의 빗나가지 않고 맞은 표준 보병을 대부분 죽인다. 경차량 대응 임시 수단으로 쓸 수 있다.
^yellow;지원 장신구는 한 번에 하나만 활성화 가능. 여러 개 사용 시 하나만 활성화될 때까지 전부 비활성.^reset;
^Orange;배치 명령 사용 시 로즈 대전차 저격수 하나 소환 | 재사용 대기시간 60초.^reset;"
"Magic has always been ahead compared to technology when it comes to addressing certain issues. With the proper rituals and knowledge, one could easily create a talisman that will guard you against even the harshest of flames. Doing the same with technology on the other hand would requires layers upon layers of expensive equipment that very few will have access to.

^green;Fire Charms: 50% FIRE Resistance. Immune to BURNING, BURN WOUNDS and IGNITION.^reset;"	"특정 문제 해결에서 마법은 언제나 기술보다 앞서 있었다. 제대로 된 의식과 지식이 있으면 가장 혹독한 화염조차 막아줄 부적을 쉽게 만들 수 있다. 기술로 같은 걸 하려면 극소수만 접근 가능한 값비싼 장비의 겹겹이가 필요하다.

^green;화염 부적: 화염 저항 50%. 연소, 화염 상처, 점화 면역.^reset;"
"Most Kappas use an assortment of turrets, experimental inventions, and tools as their weapons. Despite their unusual loadout, the Kappas are better equipped than most youkai when it comes to conventional warfare. However, they do have a tendency to panic the moment they start getting shot at, shelled, or bombed.
^#6594ef;Turret Operator [ROCKET TURRET]: Summons one ROCKET TURRET when using a BUILD ORDER | 30s Cooldown.
DEF: +30% BLEED | +20% PSYCHIC & THERMAL^reset;"	"대부분의 캇파는 포탑, 실험 발명품, 도구를 무기로 쓴다. 특이한 장비에도 캇파는 재래식 전쟁에서 대부분의 요괴보다 장비가 낫다. 다만 총격, 포격, 폭격을 받기 시작하면 당황하는 경향이 있다.
^#6594ef;포탑 조작수 [로켓 포탑]: 건설 명령 사용 시 로켓 포탑 1기 소환 | 재사용 대기시간 30초.
방어력: 출혈 +30% | 사이킥·열 +20%^reset;"
"Most high ranking personnel in both the Federation and Lion Empire during the Second Continental War comprise of First Continental War veterans. Having been the ones to see first hand the devastating effect of modern weaponry, they were the first to come up with new tactics and strategies using it.
^#b4a67f;Our Finest Hour [CHEST]: When firing a [EWS] Weapon, you and all nearby Infantry Summons become IMMUNE to Suppression and have +50% DEF for 3s. | 10s Cooldown
DEF: +20% SMALL-ARMS & SLASH & THRUST | +15% BLUNT^reset;"	"제2차 대륙 전쟁 당시 연방과 라이온 제국 양쪽의 고위 인사 대부분은 제1차 대륙 전쟁 참전용사다. 현대 무기의 파괴적 효과를 직접 본 이들로서, 그걸 활용한 새 전술과 전략을 가장 먼저 고안했다.
^#b4a67f;최고의 시간 [가슴]: [EWS] 무기 발사 시 당신과 근처 모든 보병 소환물이 제압 면역과 3초간 방어력 +50%. | 재사용 대기시간 10초
방어력: 소화기·참격·찌르기 +20% | 타격 +15%^reset;"
"Most youkai volunteers use older equipment since the Lion does not have the logistics necessary yet to produce their more modern weapons. Even with the help of the native populace fueling the war effort, heavy equipment and armor is still far away from ever being manufactured locally.
  
^#698f78;Juggernaut: If wearing a LB Oni Shock Armor, gain +50 HP.
Lion Volunteer [LEGS]: +5% Woodlands Weapon Proficiency.
DEF: +20% SMALL-ARMS & BLUNT | +10% HEAVY-ARMS^reset;"	"대부분의 요괴 지원병은 라이온이 아직 현대 무기를 생산할 보급 능력이 없어 구식 장비를 쓴다. 토착민이 전쟁 노력을 지원해도 중장비와 갑옷의 현지 생산은 아직 멀었다.
  
^#698f78;저거너트: LB 오니 돌격 갑옷 착용 시 +50 HP 획득.
라이온 지원병 [다리]: 우드랜즈 무기 숙련 +5%.
방어력: 소화기·타격 +20% | 중화기 +10%^reset;"
"Named the Spaceport Emergency First Aid Kit, this medical kit is often loaded into spaceships and ground flitter vehicles as standard in adherence to laws established after the first Golden Trail wars. ^green;This kit offers all the required equipment in sterile, controlled environments^white;.
^green;- Restores 150 health/3s | Heal Delay: 1s | Immobile Time: 2s
^yellow;- Heals Bruising.^white;
^orange;- Heals Burn Wounds.^white;
^gray;- Heals Fractures.^white;"	"우주공항 응급 처치 킷이라 불리는 이 의료 킷은 최초 골든 트레일 전쟁 이후 제정된 법률에 따라 우주선과 지상 플리터 차량에 표준으로 적재된다. ^green;이 킷은 무균·통제 환경에 필요한 모든 장비를 제공한다^white;.
^green;- 체력 150 회복/3초 | 치유 지연: 1초 | 고정 시간: 2초
^yellow;- 타박상 치료.^white;
^orange;- 화염 상처 치료.^white;
^gray;- 골절 치료.^white;"
"Not every injury can be treated at a hospital or medical tent in time. Soldiers are given basic training on first aid to treat most wounds so that they can stay alive long enough to get them to a proper doctor.


^Orange;Designates nearby [GiC] Infantry Summons and players who do not have this trinket as medics, recover +10HP/sec for 5 seconds and cure BLEEDING upon reaching 50% HP. | 60s Cooldown^reset;"	"모든 부상을 병원이나 의무 천막에서 제때 치료할 수는 없다. 병사들은 제대로 된 의사에게 갈 때까지 살아있도록 대부분의 상처를 치료하는 기본 응급처치 훈련을 받는다.


^Orange;근처의 이 장신구가 없는 [GiC] 보병 소환물과 플레이어를 의무병으로 지정, 5초간 +10HP/초 회복하고 체력 50% 도달 시 출혈 치료. | 재사용 대기시간 60초^reset;"
"Officers of the battalion are often found in the front maintaining morale and issuing new orders. As the war dragged on and morale began plummetting, officers had to do their best to inspire soldiers and keep them focused as the tengu inflicted massive casualties using new tactics that they learned over the war.
^#698f78;Personal Guards [HEAD]: Summons one LION BATTALION GRENADIER when using a ^reset;^orange;DEPLOYMENT ORDER^reset;^#698f78; | 60s Cooldown.
Inspiring Presence: Nearby INFANTRY SUMMONS gain +25% General Weapon Proficiency. +12.5% DODGE Chance.^reset;"	"대대 장교들은 전방에서 사기를 유지하고 새 명령을 내리는 모습이 흔하다. 전쟁이 길어지고 사기가 곤두박질치자 장교들은 텐구가 전쟁 중 배운 새 전술로 대량 사상자를 내는 동안 병사를 격려하고 집중시키려 최선을 다했다.
^#698f78;친위대 [머리]: ^reset;^orange;배치 명령^reset;^#698f78; 사용 시 라이온 대대 척탄병 하나 소환 | 재사용 대기시간 60초.
고무적 존재: 근처 보병 소환물이 일반 무기 숙련 +25%. 회피 확률 +12.5%.^reset;"
"One of the first revised helmets made by the tengu clans during the start of the war similar to the human's steel helmet. Offers a lot more protection due to the heavier material used to make the helmet being no problem for youkai to deal with.
  
  
  
^#efc565;Tengu Link [4-SET BONUS]: Gain Tengu Synchronization.
DEF: +15% SMALL-ARMS | +10% PSYCHIC | +5% MELEE^reset;"	"전쟁 초에 텐구 일족이 만든 최초의 개량 헬멧 중 하나로 인간의 철모와 유사. 요괴에게 문제없는 더 무거운 재료를 써 훨씬 많은 보호를 제공한다.
  
  
  
^#efc565;텐구 링크 [4세트 보너스]: 텐구 동기화 획득.
방어력: 소화기 +15% | 사이킥 +10% | 근접 +5%^reset;"
"Out of all the other groups within the Fairy Alliance, knights have the highest casualty rate due to their role on the battlefield. They are also the most stalwart or headstrong bunch and are the last to break morale during a battle, making them the most reliable fairy anyone could rely on.
^#efc565;Body Shield: Killing an enemy within 10 blocks grants +100% SMALL-ARMS Resistance for 1s. | 5s Cooldown
Fairy Cycle [4-SET BONUS]: Gain War Fairy.
DEF: +5% SMALL-ARMS | +10% MELEE^reset;"	"요정 동맹 내 다른 집단 중 기사는 전장 역할 때문에 사상자율이 가장 높다. 가장 완고하고 고집 센 무리이기도 해 전투 중 사기가 마지막까지 꺾이지 않아 누구나 의지할 수 있는 가장 믿음직한 요정이다.
^#efc565;몸 방패: 10블록 내 적 처치 시 1초간 소화기 저항 +100%. | 재사용 대기시간 5초
요정 순환 [4세트 보너스]: 전쟁 요정 획득.
방어력: 소화기 +5% | 근접 +10%^reset;"
"Rangers are given more gear than average due to the mass weapon training program they go through. West Star Rangers are trained to use every infantry weapon the army fields.
^#b4a67f;Cover Sprint: Gain 1 ^#C8FAFA;HIT-SHIELD^reset;.^#b4a67f; Upon breaking, gain +60% DODGE Chance that decreases by -5% every second while not running and -3% when running. | 30s Cooldown
Ranger Assault [CHEST]: +7.5% | +15% General Weapon Proficiency and +2.5% | +5% DODGE Chance when NOT RUNNING | RUNNING.
DEF: +15% SMALL-ARMS | +25% SLASH | +10% THRUST & BLUNT^reset;"	"레인저는 대량 무기 훈련 프로그램 때문에 평균보다 많은 장비를 받는다. 웨스트 스타 레인저는 군이 배치하는 모든 보병 무기 사용 훈련을 받는다.
^#b4a67f;엄호 질주: ^#C8FAFA;피격 방패^reset;^#b4a67f; 1개 획득. 파괴 시 회피 확률 +60% 획득, 비달리기 시 초당 -5%, 달리기 시 -3% 감소. | 재사용 대기시간 30초
레인저 강습 [가슴]: 걷기 시 | 달리기 시 일반 무기 숙련 +7.5% | +15%, 회피 확률 +2.5% | +5%.
방어력: 소화기 +15% | 참격 +25% | 찌르기·타격 +10%^reset;"
"Rangers are trained to use a variety of firearms and heavy support weapons even if it is not standard issued. While there were plans to have the rangers also be able to use magic weapons, high command needed them at the frontline.
^#b4a67f;Cooked Frag: Throw a grenade that detonates immediately on contact toward enemies approximately 35 blocks. | 20s Cooldown
Ranger Assault [LEGS]: +7.5% | +15% General Weapon Proficiency and +2.5% | +5% DODGE Chance when NOT RUNNING | RUNNING.
DEF: +10% SMALL-ARMS | +5% SLASH^reset;"	"레인저는 제식이 아니어도 다양한 화기와 중형 지원 무기 사용 훈련을 받는다. 레인저가 마법 무기도 쓰게 하는 계획이 있었지만 고위 사령부는 그들이 최전선에 필요했다.
^#b4a67f;조리된 파편탄: 약 35블록 내 적에게 접촉 즉시 폭발하는 수류탄 투척. | 재사용 대기시간 20초
레인저 강습 [다리]: 걷기 시 | 달리기 시 일반 무기 숙련 +7.5% | +15%, 회피 확률 +2.5% | +5%.
방어력: 소화기 +10% | 참격 +5%^reset;"
"Same as the default Turret Stand, but with specific parameters. ^red;Once placed, it cannot be picked back up without breaking.^white;
^green;Scan Range: 200 | Firing Range: 190 | Aim Angle: 85 | Armament: MG2750 | Energy: 100 | Damage: 78 (fixed)
^yellow;Targets: [ALL] [MONSTERS] (This includes passive or neutral monster entities)
^red;Will [NOT] Target [NPCs] or [PLAYERs] (will ignore NPCs and Players regardless of affiliation)"	"기본 포탑 거치대와 같지만 특정 매개변수 사용. ^red;설치 후 부수지 않으면 다시 주울 수 없다.^white;
^green;탐지 범위: 200 | 사격 범위: 190 | 조준 각도: 85 | 무장: MG2750 | 에너지: 100 | 피해: 78 (고정)
^yellow;표적: [전부] [몬스터] (수동적·중립적 몬스터 개체 포함)
^red;[NPC]나 [플레이어]는 표적으로 삼지 않음 (소속과 무관하게 NPC와 플레이어 무시)"
"Soldiers tasked with carrying ammo for their whole squads are referred to as 'Ammo Bearers'. They are typically deployed with weapon teams such as machine guns, but may occassionally accompany standard infantry if needed. 


^Orange;Designates nearby [GiC] Infantry Summons and players who do not have this trinket as ammo bearers, gain 5s of [EWS] Infinite Ammo when firing your weapon near them. | 30s Cooldown^reset;"	"분대 전체의 탄약을 나르는 임무의 병사를 '탄약 운반병'이라 부른다. 보통 기관총 같은 무기 팀과 함께 배치되지만 필요하면 일반 보병과 동행하기도 한다. 


^Orange;근처의 이 장신구가 없는 [GiC] 보병 소환물과 플레이어를 탄약 운반병으로 지정, 그들 근처에서 무기 발사 시 [EWS] 무한 탄약 5초 획득. | 재사용 대기시간 30초^reset;"
"Some fairies had occupations before the war as hard as it is to believe. Even if they only had the mindset of a child, proper discipline and promise of a reward can ensure that a fairy will be able to follow some directions. These fairies were the most likely to mature into a war fairy, as they stayed alive much longer than natural fairies.
^#efc565;Arrow Rain: Firing a bow or crossbow summons a portal above you which launches a volley of arrows toward the closest enemy. | 20s Cooldown | +50HP. Fairy Cycle [4-SET BONUS]: Gain War Fairy.^reset;"	"믿기 어렵지만 일부 요정은 전쟁 전 직업이 있었다. 아이 같은 심성이어도 제대로 된 훈육과 보상 약속이면 요정이 몇 가지 지시를 따르게 할 수 있다. 이 요정들은 자연 요정보다 훨씬 오래 살아남아 전쟁 요정으로 성숙할 가능성이 가장 컸다.
^#efc565;화살비: 활이나 석궁 발사 시 위에 차원문을 소환해 가장 가까운 적에게 화살 일제 사격. | 재사용 대기시간 20초 | +50HP. 요정 순환 [4세트 보너스]: 전쟁 요정 획득.^reset;"
"Some sort of healing flask. Only dropped by [GiC] Bosses.
  
^green;Heals 200hp in a second. All Bleeding is removed.^white;
^red;Mobility hindered for 1 second.^white;"	"일종의 치유 물약. [GiC] 보스만 드롭.
  
^green;1초에 200hp 회복. 모든 출혈 제거.^white;
^red;1초간 기동성 저해.^white;"
"Sometimes pronounced ''Wolfak'' or cynically as ''Well, fuck''. This kit offers a lot of equipment to address the broadest range of conditions. Often part of long-term colonization efforts in hostile environments.
  
^green;- Restores 400 health/10s | Heal Delay: 2.75s | Immobile Time: 3s
^yellow;Removes ALL BLEEDING.^white;
^orange;- Heals Burn Wounds^white; | ^yellow;- Heals Bruising.^white;
^red;- Heals Blood Loss^white; | ^gray;- Heals Fractures.^white;"	"때로는 '울팍'으로, 냉소적으로는 '음, 망할'로 발음된다. 이 킷은 가장 넓은 범위의 상태를 처리할 장비를 다수 제공한다. 적대 환경에서의 장기 식민지화 작업의 일부인 경우가 많다.
  
^green;- 체력 400 회복/10초 | 치유 지연: 2.75초 | 고정 시간: 3초
^yellow;모든 출혈 제거.^white;
^orange;- 화염 상처 치료^white; | ^yellow;- 타박상 치료.^white;
^red;- 출혈 치료^white; | ^gray;- 골절 치료.^white;"
"Specialized pants that has been reinforced with more durable material and more pockets to carry things compared to its infantry counterpart. Only given to specialized or elites units of the Lion Battalion where the extra protection and utility can be more useful than if given to the standard infantry man. Slightly heavier than your normal pants which lowers mobility.
^#698f78;Elite Tactics [LEGS]: If wearing a LB Paratrooper Fatigues, reduce the DODGE Chance reduction penalty time to 1s instead of 3s.
DEF: +10% SMALL-ARMS & SLASH | +5% THRUST^reset;"	"보병용보다 더 튼튼한 재료와 물건을 넣을 주머니를 더한 전문 바지. 추가 보호와 유용성이 일반 보병보다 더 가치 있는 라이온 대대의 전문·정예 유닛에만 지급된다. 일반 바지보다 약간 무거워 기동성이 낮아진다.
^#698f78;정예 전술 [다리]: LB 낙하산병 군복 착용 시 회피 확률 감소 페널티 시간이 3초에서 1초로 감소.
방어력: 소화기·참격 +10% | 찌르기 +5%^reset;"
"Specialized repair kit used by the kappa youkai. Rather than what you'd expect in a traditional repair kit, the Kappa's version contains various spellpages and notes written by the kappa that instructs users on how to use magic to repair exotic equipment that most kits would not have normally.
  
^Yellow;Repairs ANY firearms by 20%. Even the most neglected and destroyed weapons can be restored thanks to the magic of the kappa.^reset;"	"캇파 요괴가 쓰는 전문 수리 킷. 전통 수리 킷과 달리 캇파 버전은 대부분 킷이 보통 갖지 못한 이국적 장비를 마법으로 수리하는 법을 알려주는 주문서와 캇파가 쓴 노트를 담고 있다.
  
^Yellow;어떤 화기든 20% 수리. 가장 방치되고 부서진 무기도 캇파의 마법으로 복원 가능.^reset;"
"Standard headwear worn by all tengu, both from the clans and the outsider White Wolves and Crow Tengu. While the war has drawn a need for more armored designs that would protect their head rather than these cloth hats, they would still be used in mass for traditional reasons by various tengu.
^#efc565;Mountain Guardian: +1% HP/sec. Gain an additional +1% HP/sec if under the effects of BLEEDING.
Tengu Link [4-SET BONUS]: Gain Tengu Synchronization. 
+5% DODGE Chance | DEF: +15% PSYCHIC & THERMAL^reset;"	"일족과 외래종 백랑·까마귀 텐구 모든 텐구가 쓰는 표준 두건. 전쟁으로 천모자 대신 머리를 지킬 장갑 설계가 필요해졌지만 전통적 이유로 다양한 텐구가 여전히 대량 사용한다.
^#efc565;산의 수호자: +1% HP/초. 출혈 효과 중이면 추가 +1% HP/초 획득.
텐구 링크 [4세트 보너스]: 텐구 동기화 획득. 
회피 확률 +5% | 방어력: 사이킥·열 +15%^reset;"
"Strength alone will not be enough to survive frontline combat. One must also be resourceful as well. These War Fairies did not survive cause they were strong, they survived because they were willing to do anything to see the next sunrise.
^#efc565;Fairies In Arms: Swinging your melee weapon will call in two fairy knights which will perform a whirlwind attack across each side from you. | 20s Cooldown
Fairy Cycle [4-SET BONUS]: Gain War Fairy.
DEF: +25% SMALL-ARMS & MELEE^reset;"	"힘만으로는 최전선 전투에서 살아남기에 부족하다. 수완도 있어야 한다. 이 전쟁 요정들은 강해서가 아니라 다음 일출을 보기 위해 무엇이든 했기에 살아남았다.
^#efc565;무장 요정: 근접 무기 휘두를 때 양옆에서 회전 공격을 하는 요정 기사 둘 호출. | 재사용 대기시간 20초
요정 순환 [4세트 보너스]: 전쟁 요정 획득.
방어력: 소화기·근접 +25%^reset;"
"Technicians are considered to be above a Knight when it comes to the Kaiser's Knight military hiearchy. Since being a technician requires having vast knowledge on military equipment and keeping up the rapid adoption of new military tactics, a technician cannot just be good at fighting. They must also be good at ensuring that the Kaiser's Knights will have a place in the future.
^#698f78;Grenade Surplus [HELMET] - If wearing a LB Kaiser Tech Chestplate, gain an additional 10 grenades when calling in a L39 grenade rifle.
DEF: +15% SMALL-ARMS | +10% SLASH & BLUNT^reset;"	"기술병은 카이저 기사단의 군사 위계에서 기사 위로 여겨진다. 기술병이 되려면 군사 장비에 대한 방대한 지식과 새 군사 전술의 급속한 도입을 따라가야 하므로 싸움만 잘해선 안 된다. 카이저 기사단이 미래에도 자리를 지키도록 하는 데도 능해야 한다.
^#698f78;수류탄 여유 [헬멧] - LB 카이저 기술 흉갑 착용 시 L39 척탄총 호출 시 수류탄 10발 추가 획득.
방어력: 소화기 +15% | 참격·타격 +10%^reset;"
"The Blackpowder Clan have lived on these lands longer than the other tengus clans have. They learned early in their life that distance is one of the greatest strengths one can have in a fight which is why they pioneered the magilock after having seen the inferior human's versions of the weapon.
^#efc565;Pistolier: Reloading your weapon, fires a hidden flintlock which deals 150 HEAVY-ARMS DAMAGE. | 30s Cooldown
^#efc565;Tengu Link [4-SET BONUS]: Gain Tengu Synchronization.
DEF: +15% SMALL-ARMS & SLASH | +30% PSYCHIC | +5% BLUNT^reset;"	"흑약 일족은 다른 텐구 일족보다 이 땅에 더 오래 살았다. 거리가 싸움에서 가질 수 있는 최고의 강점 중 하나임을 일찍 깨달았고, 열등한 인간의 무기를 본 후 매지락을 개척했다.
^#efc565;권총병: 무기 재장전 시 숨겨진 플린트록을 발사해 중화기 피해 150. | 재사용 대기시간 30초
^#efc565;텐구 링크 [4세트 보너스]: 텐구 동기화 획득.
방어력: 소화기·참격 +15% | 사이킥 +30% | 타격 +5%^reset;"
"The Crow Tengu did not have a warrior culture like the White Wolf Tengu. While they did know how to fight a little due to their tengu heritage, a average Crow Tengu was used to writing newspapers and gathering scoops rather than dodging bullets and dogfighting human aircraft charging at them.
^#efc565;Blinding Snapshot: Successful parries stuns all enemies within approximately 30 blocks for 3s. | 30s Cooldown
Tengu Link [4-SET BONUS]: Gain Tengu Synchronization.
+10% DODGE Chance | DEF: +30% PSYCHIC^reset;"	"까마귀 텐구는 백랑 텐구 같은 전사 문화가 없었다. 텐구 혈통으로 싸우는 법을 조금은 알았지만 평범한 까마귀 텐구는 다가오는 인간 항공기를 피하고 공중전을 하는 대신 신문 쓰고 특종을 모으는 데 익숙했다.
^#efc565;눈부신 스냅샷: 성공적인 패링 시 약 30블록 내 모든 적 3초간 기절. | 재사용 대기시간 30초
텐구 링크 [4세트 보너스]: 텐구 동기화 획득.
회피 확률 +10% | 방어력: 사이킥 +30%^reset;"
"The Crown Federation consists of five major nations led by its original founder, the Rose Empire. It was created shortly after the Great Compromise where the Queen conceded majority of their oversight among the massive colonies and allowed independant ruling under lenient conditions.
^#b4a67f;Covering Fire [CHEST]: If crouching, gain +10% General Resistance and General Weapon Proficiency.
Royal Army Training [CHEST]: +10% Woodlands Weapon Proficiency.
DEF: +25% SMALL-ARMS | +15% SLASH | 10% THRUST | 5% BLUNT^reset;"	"크라운 연방은 창시자인 로즈 제국이 이끄는 다섯 주요 국가로 구성된다. 대타협 직후 만들어졌는데, 여왕이 거대 식민지에 대한 대부분의 감독권을 양보하고 관대한 조건의 독립 통치를 허락한 것이었다.
^#b4a67f;엄호 사격 [가슴]: 웅크리면 일반 저항과 일반 무기 숙련 +10% 획득.
왕립군 훈련 [가슴]: 우드랜즈 무기 숙련 +10%.
방어력: 소화기 +25% | 참격 +15% | 찌르기 10% | 타격 5%^reset;"
"The Fairy Alliance consists of thousands of fairies who were drafted into the war. They are led by a select few long lived youkai who are rumored to have once been fairies themselves due to how easily they can control fairies to do what they want.
^#efc565;Magic Blast: Firing a muzzleloader, fires a shotgun cone of magishot that each deal 50 PSYCHIC damage at the closest enemy. | 10s Cooldown | +10% Muzzle Loader Proficiency.
Fairy Cycle [4-SET BONUS]: Gain War Fairy.
DEF: +30% PSYCHIC & THERMAL^reset;"	"요정 동맹은 전쟁에 징집된 수천의 요정으로 구성된다. 요정을 쉽게 통제하는 걸 보면 한때 요정이었을 거라 소문난 소수의 장수 요괴가 이끈다.
^#efc565;마법 폭발: 머즐로더 발사 시 가장 가까운 적에게 각각 사이킥 피해 50의 매지샷 샷건 콘 발사. | 재사용 대기시간 10초 | 머즐로더 숙련 +10%.
요정 순환 [4세트 보너스]: 전쟁 요정 획득.
방어력: 사이킥·열 +30%^reset;"
"The Fairy Musket Corps are made up of fairies who excel at long range marksmanship and have been given magilocks. While they still don't hold a candle to a tengu, these fairies stand as equals to the humans when it comes to marksmanship.
  
^#efc565;Load Shot: Crouching for 5s, switches magishot to HEAVY-ARMS minie balls when activating Magic Blast.
+7.5% Muzzle Loader Proficiency. Fairy Cycle [4-SET BONUS]: Gain War Fairy. DEF: +10% PSYCHIC & THERMAL^reset;"	"요정 머스킷 군단은 장거리 사격술이 뛰어나 매지락을 지급받은 요정들로 구성된다. 텐구에는 못 미치지만 사격술로는 인간과 대등하다.
  
^#efc565;장전 사격: 5초간 웅크리면 마법 폭발 발동 시 매지샷이 중화기 미니에 탄으로 전환.
머즐로더 숙련 +7.5%. 요정 순환 [4세트 보너스]: 전쟁 요정 획득. 방어력: 사이킥·열 +10%^reset;"
"The First Continental War has taught the few that survived vast amounts of knowledge that would be vital for the next generation of soldiers. Despite having witnessed insurmountable horror during their time in the front, their loyalty toward their Queen still takes precedent over their own sanity.
^#b4a67f;Our Finest Hour [HEAD]: When firing a [EWS] Weapon, you and all nearby Infantry Summons gain +50% General Weapon Proficiency for 3s. | 10s Cooldown
DEF: +20% SMALL-ARMS | +5% MELEE^reset;"	"제1차 대륙 전쟁은 살아남은 소수에게 차세대 병사에게 필수적인 방대한 지식을 가르쳐줬다. 전선에서 견딜 수 없는 공포를 목격했음에도 여왕을 향한 충성은 여전히 자기 정신보다 우선한다.
^#b4a67f;최고의 시간 [머리]: [EWS] 무기 발사 시 당신과 근처 모든 보병 소환물이 3초간 일반 무기 숙련 +50% 획득. | 재사용 대기시간 10초
방어력: 소화기 +20% | 근접 +5%^reset;"
"The Kaiser Captain holds a higher rank than the general staff within all Lion Battalions. This places the Kaiser Captain as the one leader of the entire Lion Battalion in this world. He does not use this authority however as he believes the generals under him were better suited at leading an entire army than he was.
^#698f78;Armored Spearhead [3-SET BONUS]: Crouching for 5s will call in a drivable Kaiserwagen III on your location. High firepower, but no armor. CANNOT fit through doorways. | 300s Cooldown | +10% DODGE Chance | DEF: +30% THERMAL^reset;"	"카이저 대장은 모든 라이온 대대에서 일반 참모보다 높은 계급이다. 이는 카이저 대장을 이 세계의 라이온 대대 전체의 유일한 지도자로 만든다. 그러나 그는 이 권한을 쓰지 않는다 — 휘하 장군들이 자기보다 전군 지휘에 더 적합하다 믿기 때문이다.
^#698f78;기갑 첨두 [3세트 보너스]: 5초간 웅크리면 위치에 운전 가능한 카이저바겐 III 호출. 고화력, 무장갑. 문을 지날 수 없음. | 재사용 대기시간 300초 | 회피 확률 +10% | 방어력: 열 +30%^reset;"
"The Kappas are one of the few youkai who can compete with the human's technological advantage. Some would even say that their tech is even superior to what the humans field. The downside is that they lack the industry and materials needed to utilize it. Can't make a gun if you don't have access to the materials for it let alone ammo.
^#6594ef;Turret Operator [FLAME TURRET]: Summons one FLAME TURRET when using a BUILD ORDER | 30s Cooldown.
DEF: +20% BLEED | +15% PSYCHIC & THERMAL^reset;"	"캇파는 인간의 기술 우위에 겨룰 수 있는 몇 안 되는 요괴다. 기술이 인간보다 우월하다는 말도 있다. 단점은 그걸 활용할 산업과 재료가 부족하다는 것. 탄약은커녕 재료가 없으면 총도 못 만든다.
^#6594ef;포탑 조작수 [화염 포탑]: 건설 명령 사용 시 화염 포탑 1기 소환 | 재사용 대기시간 30초.
방어력: 출혈 +20% | 사이킥·열 +15%^reset;"
"The Queen's Inquisition consists of fanatical soldiers who will follow any order no matter how barbaric it may be. Their presence alone means that there will be no mercy. To the youkai, they are no different than shrine maidens of the past that hunted them.
^#b4a67f;Old Guard Veterancy - If wearing a RE Royal Commissar Fatigues | RE Royal Commissar Mask, summon one ROSE ELITE SOLDIER when using a ^reset;^orange;DEPLOYMENT ORDER^reset;^#b4a67f; per item. | 60s Cooldown. If wearing a RE Royal Soldier Fatigues | RE Royal Soldier Mask, gain +25 HP and +10% General Weapon Proficiency per item. +12.5% DODGE Chance.^reset;"	"여왕의 이단심문관은 아무리 야만적이어도 어떤 명령이든 따르는 광신적 병사로 구성된다. 그들의 존재 자체가 자비가 없다는 뜻이다. 요괴에게 그들은 과거 자신들을 사냥한 무녀와 다를 바 없다.
^#b4a67f;노병 베테랑 - RE 왕립 집행관 군복 | RE 왕립 집행관 가면 착용 시 아이템당 ^reset;^orange;배치 명령^reset;^#b4a67f; 사용 시 로즈 정예 병사 하나 소환. | 재사용 대기시간 60초. RE 왕립 병사 군복 | RE 왕립 병사 가면 착용 시 아이템당 +25 HP와 일반 무기 숙련 +10% 획득. 회피 확률 +12.5%.^reset;"
"The Rose Empire and its allies firmly believed that in the future, entrenched warfare would be the norm. Where soldiers would be stationed in neigh impenetrable fortifications, enduring the enemy's onslaught until having to come out of their bunkers to repel another senseless attack. They realized how wrong they were once the Lion's Battalion simply went around their fortresses.
^Orange;Man the Guns!: +15% Medium Weapon Proficiency | +30% Heavy Weapon Proficiency^reset;"	"로즈 제국과 동맹은 미래엔 참호전이 표준이 될 거라 굳게 믿었다. 병사들이 거의 뚫리지 않는 요새에 주둔해 적의 맹공을 견디다 벙커에서 나와 또 무의미한 공격을 격퇴하는 식으로. 라이온 대대가 그들의 요새를 그냥 우회하자 얼마나 틀렸는지 깨달았다.
^Orange;포수 배치!: 중형 무기 숙련 +15% | 중화기 숙련 +30%^reset;"
"The WST-300 is the first radio used by the Federation with the nickname, 'walkie talkie'. It is currently used by West Star airborne divisions. The WST-300 is one of the only ways soldiers can communicate with each other from long distances.
^#b4a67f;Airborne Squad: If wearing clothing belonging to a WS Pathfinder or WS Ranger, summon X WEST STAR PATHFINDER/RANGER when using a ^reset;^orange;DEPLOYMENT ORDER^reset;^#b4a67f;. X is equal to each clothing item.^reset;
^red;Airborne Reinforcing: Units summoned will only last 60s undamaged but will take 120s to summon again.^reset;"	"WST-300은 '워키토키'라는 별명의 연방 최초 무선기다. 현재 웨스트 스타 공수 사단이 사용 중이다. WST-300은 병사들이 장거리에서 서로 통신할 수 있는 몇 안 되는 수단이다.
^#b4a67f;공수 분대: WS 패스파인더 또는 WS 레인저 의복 착용 시 ^reset;^orange;배치 명령^reset;^#b4a67f; 사용 시 웨스트 스타 패스파인더/레인저 X 소환. X는 각 의복 아이템 수와 동일.^reset;
^red;공수 증원: 소환된 유닛은 무피해 시 60초만 지속되고 재소환까지 120초.^reset;"
"The West Star had more armored vehicles than any other army when they arrived on this planet. Due to fuel and part shortages, half were scrapped for their parts and fuel so that the remaining half can stay combat capable as long as possible.
  
^#b4a67f;Armored Support [3-SET BONUS]: Crouching for 5s will call in a drivable S24 Chaffer on your location. Has less firepower than a Kaiserwagen III. Can fit through doorways. | 300s Cooldown | +10% DODGE Chance | DEF: +20% BLEED^reset;"	"웨스트 스타는 이 행성에 도착했을 때 다른 어떤 군대보다 많은 장갑 차량을 가지고 있었다. 연료와 부품 부족으로 절반은 부품과 연료를 위해 해체했고 나머지 절반이 최대한 오래 전투 능력을 유지했다.
  
^#b4a67f;기갑 지원 [3세트 보너스]: 5초간 웅크리면 위치에 운전 가능한 S24 채퍼 호출. 카이저바겐 III보다 화력 낮음. 문 통과 가능. | 재사용 대기시간 300초 | 회피 확률 +10% | 방어력: 출혈 +20%^reset;"
"The XMG-2418 Mech Weapon is an ^orange;extremely rapid-firing mech-mounted minigun^reset; most commonly seen on personal fightercraft and transport vehicles among other hardpoint armaments, typically ^orange;firing low-velocity caseless ammunition.^reset; The model is not actually experimental.

^orange;Miss Chance:^white; 50% per shot."	"XMG-2418 메카 무기는 개인 전투기와 수송 차량을 비롯한 하드포인트 무장에서 가장 흔히 보이는 ^orange;극도로 고속 연사의 메카 장착 미니건^reset;으로, 일반적으로 ^orange;저속 무약통 탄약을 발사한다.^reset; 이 모델은 실제로 실험용이 아니다.

^orange;빗나감 확률:^white; 발당 50%."
"The Yamawaro Army fights at the frontlines alongside with the tengu rather than hide behind turrets like what the Waterfall Kappa do. While they do not have the technical knowledge that a Waterfall Kappa would have, the Yamawaro makes up for it with their rigorous training and combat ability thanks to their wargames.
  
^#589a45;Yamawaro Guerilla [3-SET BONUS]: Gain Yamawaro Guerilla.
+10% DODGE Chance | DEF: +10% BLEED^reset;"	"야마와로군은 폭포 캇파처럼 포탑 뒤에 숨지 않고 텐구와 함께 최전선에서 싸운다. 폭포 캇파의 기술 지식은 없지만 워게임 덕분의 혹독한 훈련과 전투 능력으로 보완한다.
  
^#589a45;야마와로 게릴라 [3세트 보너스]: 야마와로 게릴라 획득.
회피 확률 +10% | 방어력: 출혈 +10%^reset;"
"The art of camoflauge is a tactic that the Yamawaro practice extensively that most youkai do not bother with due to their prideful mentality. While the average youkai will assume that whatever the humans throw at them will be useless, the Yamawaro are not so ignorant of the advantages of technologial superiority.
^#589a45;Yamawaro Wargames: +15% Woodlands Weapon Proficiency.
Yamawaro Guerilla [3-SET BONUS]: Gain Yamawaro Guerilla.
DEF: +5% SMALL-ARMS^reset;"	"위장술은 대부분의 요괴가 자존심 때문에 신경 쓰지 않는 전술이지만 야마와로가 광범위하게 연습하는 것이다. 평범한 요괴는 인간이 던지는 건 뭐든 쓸모없다고 여기지만 야마와로는 기술 우위의 이점을 모를 만큼 무지하지 않다.
^#589a45;야마와로 워게임: 우드랜즈 무기 숙련 +15%.
야마와로 게릴라 [3세트 보너스]: 야마와로 게릴라 획득.
방어력: 소화기 +5%^reset;"
"The dolls of the dollmaker would spend their entire existence looking for their mother. Having been parted ways in short notice, many dolls would find themselves on their own. Whether it is because they are programmed to or their own will, these dolls would search far and wide trying to find some purpose in their life.

^green;Doll Commander: Summons a temporary Defender Doll follower to provide fire support that is not psychotic | 60s Cooldown.^reset;"	"인형사의 인형들은 존재하는 내내 어머니를 찾아다녔다. 갑자기 헤어진 탓에 많은 인형이 혼자가 됐다. 프로그래밍 때문이든 자기 의지든, 이 인형들은 삶의 목적을 찾아 널리 수색했다.

^green;인형 지휘관: 정상적인 화력 지원을 위한 임시 수호 인형 추종자 소환 | 재사용 대기시간 60초.^reset;"
"The first time the human armies used poisonous gas to take out a tengu mountain fortress resulted in the Crow Tengu blowing it back at them. Since then, the humans have never brought it back out. While most youkai are not concerned with them redeploying it, the Yamawaro used some of their resources to give their soldiers gas masks based on human ones.
^#799E4B;Prevents certain [GIC] environmental hazards.^reset;
^#589a45;Yamawaro Guerilla [3-SET BONUS]: Gain Yamawaro Guerilla.
DEF: +15% SMALL-ARMS | +5% EXPLOSIVE & MELEE^reset;"	"인간군이 처음 독가스로 텐구 산 요새를 제거하려 하자 까마귀 텐구가 그걸 그들에게 되돌려 불어왔다. 그 후 인간들은 다시 꺼내지 않았다. 대부분의 요괴는 재배치를 신경 쓰지 않았지만 야마와로는 자원 일부를 들여 인간 것을 기반으로 한 방독면을 병사들에게 지급했다.
^#799E4B;특정 [GIC] 환경 위험 방지.^reset;
^#589a45;야마와로 게릴라 [3세트 보너스]: 야마와로 게릴라 획득.
방어력: 소화기 +15% | 폭발·근접 +5%^reset;"
"The integration of youkai soldiers in the army has resulted in a revival of many older military units that were originally discarded due to how warfare evolved. One such unit is the first generation of shock troops that were akin to knights in armor rather than what current day shock troops look like.
  
^#698f78;Juggernaut: If wearing a LB Oni Shock Armor, gain +50 HP.
Lion Volunteer [CHEST]: +5% Woodlands Weapon Proficiency.
DEF: +20% SMALL-ARMS | +10% SLASH & THRUST & HEAVY-ARMS^reset;"	"군대의 요괴 병사 편입은 전쟁 양상 변화로 폐기됐던 많은 옛 군사 부대의 부활을 가져왔다. 그중 하나가 1세대 돌격 부대로, 오늘날의 돌격 부대와 달리 갑옷 입은 기사와 같았다.
  
^#698f78;저거너트: LB 오니 돌격 갑옷 착용 시 +50 HP 획득.
라이온 지원병 [가슴]: 우드랜즈 무기 숙련 +5%.
방어력: 소화기 +20% | 참격·찌르기·중화기 +10%^reset;"
"The most well known ability of the satori is being able to read the minds of those around them. Some satori however find these decrepid thoughts too much to bear and would rather close off their world and live in ignorance than come to terms with reality.

^green;Unconscious Manipulator: Enemies within approximately 60 blocks are stunned for 1-3s every 10s-20s. (Can be stacked)^reset;
^red;Loss of Focus: -10% ATK Power and -10% [EWS] Hit Chance and Accuracy multiplier.^reset;"	"사토리의 가장 잘 알려진 능력은 주변 사람들의 생각을 읽는 것이다. 그러나 일부 사토리는 그 낡은 생각들을 견디기 힘들어 현실을 받아들이기보다 세계를 닫고 무지 속에 살길 택한다.

^green;무의식 조작자: 약 60블록 내 적이 10-20초마다 1-3초간 기절. (중첩 가능)^reset;
^red;집중 상실: 공격력 -10%, [EWS] 적중 확률과 명중률 배율 -10%.^reset;"
"The natives believed that the newly arrived humans and their rebellion would quickly be crushed by wild youkai if not by the tengu. After the Battle of Satushio Village however, both the native human and youkai could only stay silent after having seen the wolf tengu stationed were all shot dead in minutes.
^#698f78;Battlefield Conditioning [HEAD]: If wearing a LB Grunt Fatigues, gain +5% Movement Speed and +15% DODGE Chance applied to Battlefield Sprinter when active.
DEF: +10% SMALL-ARMS | +5% MELEE^reset;"	"토착민들은 새로 온 인간들과 그들의 반란이 야생 요괴 아니면 텐구에게 금방 진압될 거라 믿었다. 그러나 사츠시오 마을 전투 후 토착 인간과 요괴 모두 주둔 늑대 텐구가 몇 분 만에 전부 총살당하는 걸 보고 침묵할 수밖에 없었다.
^#698f78;전장 적응 [머리]: LB 병사 군복 착용 시 전장 질주병 활성 중 이동 속도 +5%와 회피 확률 +15% 적용.
방어력: 소화기 +10% | 근접 +5%^reset;"
"The reduction of faith in the world has left only a few youkai species able to fly. Mainly those who have some natural aspect of them associated with flight such as wings or being a spiritual entity. This left the skies to the world open for the human aircraft to rule over until the Crow Tengu and few youkai left that could fly learn how to repel them.

^#efc565;Crow Acrobatics: Negate Fall Damage.
Tengu Link [4-SET BONUS]: Gain Tengu Synchronization.^reset;"	"세계의 신앙 감소로 극소수 요괴 종족만 날 수 있게 됐다. 주로 날개 같은 비행과 관련된 자연적 특징이 있거나 영적 존재인 이들. 이로써 이 세계의 하늘은 인간 항공기가 지배하게 됐고, 까마귀 텐구와 날 수 있는 소수 요괴가 그들을 격퇴하는 법을 배울 때까지였다.

^#efc565;까마귀 곡예: 낙하 피해 무효.
텐구 링크 [4세트 보너스]: 텐구 동기화 획득.^reset;"
"The spade symbolizes good fortune for the Rangers in Cavalry Company. On the contrary, youkai believe that the symbol is a sign of death due the Rangers in Cavalry Company making sure nothing leaves their grasp once they are deployed into the field. 
^#b4a67f;Heavy Weapon Expertise: Halve the Heavy Weight Weapon penalty and gain +10% Weapon Proficiency when using a Heavy Weapon.
Ranger Assault [HEAD]: +7.5% | +15% General Weapon Proficiency and +2.5% | +5% DODGE Chance when NOT RUNNING | RUNNING.
DEF: +10% SMALL-ARMS | +5% SLASH^reset;"	"스페이드는 기병 중대 레인저에게 행운을 상징한다. 반대로 요괴는 그 문양이 죽음의 징조라 믿는다 — 기병 중대 레인저가 야전에 투입되면 아무것도 그들의 손아귀를 빠져나가지 못하게 하니까. 
^#b4a67f;중화기 전문성: 중화기 페널티 절반, 중화기 사용 시 무기 숙련 +10%.
레인저 강습 [머리]: 걷기 시 | 달리기 시 일반 무기 숙련 +7.5% | +15%, 회피 확률 +2.5% | +5%.
방어력: 소화기 +10% | 참격 +5%^reset;"
"The tengu clans believed that as long as there was enough armor between their vitals and a bullet, that they can continue using the same tactics they have done for centuries. While such tactics did have some success in early battles, they did poorly once armor and artillery got involved.
^#efc565;Steel Body [CHEST]: +50HP. Gain a +100HP BUFFER that disappears after 3s upon losing HP. | 30s Cooldown.
^#efc565;Tengu Link [4-SET BONUS]: Gain Tengu Synchronization.
DEF: +35% SMALL-ARMS | +20% HEAVY-ARMS | +15% MELEE^reset;"	"텐구 일족은 급소와 총알 사이에 갑옷만 충분하면 수세기간 해온 전술을 계속 쓸 수 있다고 믿었다. 그런 전술이 초반 전투에선 어느 정도 성공했지만 갑옷과 포병이 등장하자 형편없어졌다.
^#efc565;강철 신체 [가슴]: +50HP. 체력 잃은 후 3초 뒤 사라지는 +100HP 완충 획득. | 재사용 대기시간 30초.
^#efc565;텐구 링크 [4세트 보너스]: 텐구 동기화 획득.
방어력: 소화기 +35% | 중화기 +20% | 근접 +15%^reset;"
"The young dollmaker would always be surrounded by her dolls. They were all she cared about. Making dolls, playing with dolls, taking care of her dolls. These dolls were her children and they would protect their mother from any threat that would approach her. To say these dolls are alive is anyone's guess.


^green;Doll Commander: Summons a temporary Defender Doll follower to provide fire support that is not psychotic | 60s Cooldown.^reset;"	"젊은 인형사는 항상 인형들에게 둘러싸여 있었다. 인형이 그녀의 전부였다. 인형 만들기, 인형과 놀기, 인형 돌보기. 이 인형들은 그녀의 아이들이었고 다가오는 모든 위협에서 어머니를 지켰다. 이 인형들이 살아있는지는 아무도 모른다.


^green;인형 지휘관: 정상적인 화력 지원을 위한 임시 수호 인형 추종자 소환 | 재사용 대기시간 60초.^reset;"
"There are two ways gun witches engage their foes from range. One is through carefully placed shots as done by any other soldier or youkai with a rifle. The other is concentrating all their mana into their weapon and firing away with it without any regards to aiming. In practice, it is no different to a machine gun.
^#efc565;Magic Frenzy: Firing a [EWS] Weapon will also fire a magishot that deals 40 PSYCHIC damage. | 4s Cooldown
Tengu Link [4-SET BONUS]: Gain Tengu Synchronization.
+10% DODGE Chance | DEF: +35% PSYCHIC & +25% THERMAL^reset;"	"건 위치가 원거리에서 적을 교전하는 방법은 두 가지다. 하나는 소총 든 병사나 요괴처럼 신중히 조준 사격. 다른 하나는 모든 마나를 무기에 집중해 조준 무시하고 발사하는 것. 실제로 기관총과 다를 바 없다.
^#efc565;마법 격분: [EWS] 무기 발사 시 사이킥 피해 40의 매지샷 추가 발사. | 재사용 대기시간 4초
텐구 링크 [4세트 보너스]: 텐구 동기화 획득.
회피 확률 +10% | 방어력: 사이킥 +35%·열 +25%^reset;"
"There is no standard nor rulebook when learning magic. Anyone can learn anything in any order. It is partially why magic is one of the most complex subjects to go into due to the chaotic nature of it. 
  
  
^#efc565;^#efc565;Mana Residue: Reduce the cooldown of Mana Recycler by 10s.
+7.5% Magic Proficiency. Fairy Cycle [4-SET BONUS]: Gain War Fairy.
DEF: +20% PSYCHIC^reset;"	"마법 배우기엔 표준도 규칙서도 없다. 누구든 어떤 순서로든 뭐든 배울 수 있다. 마법이 가장 복잡한 주제 중 하나인 이유 일부가 그 혼돈스러운 성격 때문이다. 
  
  
^#efc565;^#efc565;마나 잔여물: 마나 재활용 재사용 대기시간 10초 감소.
마법 숙련 +7.5%. 요정 순환 [4세트 보너스]: 전쟁 요정 획득.
방어력: 사이킥 +20%^reset;"
"To makeup for their lack of technological advancement in the past, the Kaiser Knights created a new position among their order known as a Kaiser Technician. These knights would change their fighting style often and try out new technologies before proposing their integration into the Kaiser Knights.
  
^#698f78;Grenade Surplus [LEGS] - If wearing a LB Kaiser Tech Chestplate, gain an additional 10 grenades when calling in a L39 grenade rifle.
DEF: +15% SMALL-ARMS | +20% BLEED^reset;"	"과거의 기술 발전 부족을 메우려고 카이저 기사단은 카이저 기술병이라는 새 직책을 만들었다. 이 기사들은 전투 방식을 자주 바꾸고 신기술을 시험한 뒤 카이저 기사단 편입을 제안했다.
  
^#698f78;수류탄 여유 [다리] - LB 카이저 기술 흉갑 착용 시 L39 척탄총 호출 시 수류탄 10발 추가 획득.
방어력: 소화기 +15% | 출혈 +20%^reset;"
"Trained in scouting and marking valuable positions, the West Star pathfinders serve as the main scouting unit for the Federation. Having good marksmanship as well, pathfinders can engage small youkai patrols and quickly eliminate them despite only using a lightweight weapon originally meant to be given to support line troops.
^#b4a67f;Skirmisher [LEGS]: 10% Light Weapon Proficiency.
Amplify Mark [LEGS]: Increase the effect of Sharpshooter.
+10% DODGE Chance. | DEF: +5% SMALL-ARMS^reset;"	"정찰과 가치 있는 위치 표시 훈련을 받은 웨스트 스타 패스파인더는 연방의 주력 정찰 유닛이다. 사격술도 좋아 원래 지원선 부대용인 경량 무기만으로도 소규모 요괴 순찰대와 교전해 빠르게 제거할 수 있다.
^#b4a67f;척후병 [다리]: 경무기 숙련 10%.
표적 증폭 [다리]: 명사수 효과 증가.
회피 확률 +10%. | 방어력: 소화기 +5%^reset;"
"Using whatever metals they can get their hands on, the rabbit youkai created what can only be described as armor between eras. These metal chestplates and straps follow modern vest designs such as mag pouches and holsters, but is still a chestplate you'd see on a knight.
^#a59477;Rabbit's Trauma [COURAGE] [3-SET BONUS]: Start with -10% General Weapon Proficiency which slowly goes up to a +50% bonus. Taking damage reduces the bonus by -20% per hit. (+2%/sec)^reset;
^#a59477;DEF: +25% SMALL-ARMS | +20% SLASH & BLUNT | +10% THRUST^reset;"	"손에 넣을 수 있는 금속이면 뭐든 써서 토끼 요괴는 시대를 오가는 갑옷이라 할 수밖에 없는 걸 만들었다. 이 금속 흉갑과 끈은 탄창 파우치와 홀스터 같은 현대 조끼 설계를 따르지만 여전히 기사가 입을 흉갑이다.
^#a59477;토끼의 트라우마 [용기] [3세트 보너스]: 일반 무기 숙련 -10%로 시작해 천천히 +50% 보너스까지 상승. 피해 받으면 타격당 보너스 -20%. (+2%/초)^reset;
^#a59477;방어력: 소화기 +25% | 참격·타격 +20% | 찌르기 +10%^reset;"
"West Star sappers are engineers intended for a more frontline role rather than normal ones. Specializing in demolition and clearing the battlefield of hazards, the sapper stays close to the main infantry and ensures that no position holds them down.
  
^#b4a67f;Engineer Rigging: Negate the Medium Weight Weapon Penalty when using a Medium Weight Weapon. If using a Heavy Weight Weapon, halve the weapon penalty.
10% BALLISTIC Resistance.^reset;"	"웨스트 스타 공병은 일반 공병보다 최전선 역할을 위한 기술자다. 폭파와 전장 위험 제거 전문으로, 공병은 주력 보병 근처에서 어떤 진지도 그들을 묶지 못하게 한다.
  
^#b4a67f;공병 장비: 중형 무기 사용 시 중형 무기 페널티 무효. 중화기 사용 시 무기 페널티 절반.
탄도 저항 10%.^reset;"
"West Star sappers are engineers intended for a more frontline role rather than normal ones. Specializing in demolition and clearing the battlefield of hazards, the sapper stays close to the main infantry and ensures that no position holds them down.
  
^#b4a67f;Engineer Rigging: Negate the Medium Weight Weapon Penalty when using a Medium Weight Weapon. If using a Heavy Weight Weapon, halve the weapon penalty.
^#b4a67f;DEF: +30% SMALL-ARMS & EXPLOSIVE & THERMAL^reset;"	"웨스트 스타 공병은 일반 공병보다 최전선 역할을 위한 기술자다. 폭파와 전장 위험 제거 전문으로, 공병은 주력 보병 근처에서 어떤 진지도 그들을 묶지 못하게 한다.
  
^#b4a67f;공병 장비: 중형 무기 사용 시 중형 무기 페널티 무효. 중화기 사용 시 무기 페널티 절반.
^#b4a67f;방어력: 소화기·폭발·열 +30%^reset;"
"When it became certain that they were not on their planet anymore, rationing immediately became a main priority as every bullet, gun, and tool used or broken in the place would not be replaced until they find an alternative source to help them. The Lion Battalion made their way through village after village gathering intelligence regarding the land they now had to survive in.
  
^#698f78;+25HP.^reset;"	"더는 자기 행성이 아니라는 게 확실해지자 배급이 즉시 최우선이 됐다 — 쓰거나 부서진 총알, 총, 도구는 대체 공급원을 찾기 전까지 보충되지 않았으니까. 라이온 대대는 마을을 지나며 이제 살아남아야 할 땅에 대한 정보를 수집했다.
  
^#698f78;+25HP.^reset;"
"When it comes to technology with youkai, the Kappas are the most advanced while the Tengus and Rabbits remain slightly behind them. Most of the Tengu's technology comes from their close relationship with the Kappas while the Rabbits have adapted to the human's technology from looting their dead and doing raids on their supply convoys.
^#6594ef;Turret Operator [CANNON TURRET]: Summons one CANNON TURRET when using a BUILD ORDER | 30s Cooldown.
DEF: +20% BLEED | +15% PSYCHIC & THERMAL^reset;"	"요괴의 기술로는 캇파가 가장 진보됐고 텐구와 토끼는 약간 뒤처진다. 텐구의 기술 대부분은 캇파와의 긴밀한 관계에서 오고, 토끼는 죽은 인간 약탈과 보급 차대 습격으로 인간 기술에 적응했다.
^#6594ef;포탑 조작수 [대포 포탑]: 건설 명령 사용 시 대포 포탑 1기 소환 | 재사용 대기시간 30초.
방어력: 출혈 +20% | 사이킥·열 +15%^reset;"
"Whether against man or youkai, lightning warfare has proven itself to be a reliable tactic to the Lion and is used extensively by their mechanized divisions. While the youkai army do have the advantage of not having any centralized command hiearchy to cut off, their conflicting and disorganized nature as a youkai makes them vulnerable to encirclement.
^Orange;Blitz'em: +15% Light Weapon Proficiency. Gain an additional +15% Light Weapon Proficiency when running. Negates Medium Weight Weapon Penalty. -25% Heavy Weapon Proficiency.^reset;"	"인간이든 요괴든, 전격전은 라이온에게 검증된 전술이며 기계화 사단이 광범위하게 사용한다. 요괴군은 중앙 지휘 체계가 없어 끊을 수 없다는 이점이 있지만, 요괴 특유의 충돌적이고 무질서한 성격 때문에 포위에 취약하다.
^Orange;전격전: 경무기 숙련 +15%. 달리기 시 경무기 숙련 +15% 추가. 중형 무기 페널티 무효. 중화기 숙련 -25%.^reset;"
"While most commando teams make their insertion on foot, high command may occassionally order the usage of a glider for a more indepth operation. These gliders bring in more equipment that a commando team would normally would not be able to bring such as support weapons and heavier arms.
^#b4a67f;Smoke Cover: Firing your [EWS] weapon will drop a light smoke grenade at your feet that provides +30% DODGE Chance. | 15s Cooldown
+15% General Weapon Proficiency | +10% DODGE Chance^reset;"	"대부분의 특공대는 도보로 침투하지만 고위 사령부가 더 깊은 작전을 위해 글라이더 사용을 명할 때가 있다. 이 글라이더는 지원 무기나 중화기처럼 특공대가 보통 못 가져가는 장비를 더 싣는다.
^#b4a67f;연막 엄호: [EWS] 무기 발사 시 발밑에 회피 확률 +30%를 주는 경연막탄 투하. | 재사용 대기시간 15초
일반 무기 숙련 +15% | 회피 확률 +10%^reset;"
"While the White Wolf Tengu prided themselves on having a warrior culture, that did not mean they wanted things to go back to the olds day where they had to constantly fight for their existence like their ancestors. To many of the younger tengu, they wanted nothing more than to go back to their old home.
^#efc565;Old Memories: +20% Movement Speed when using a FORMATION, BOW, CROSSBOW, or MUZZLELOADER weapon.
Tengu Link [4-SET BONUS]: Gain Tengu Synchronization.
DEF: +22% SLASH | +16% THRUST | +12% BLUNT^reset;"	"백랑 텐구가 전사 문화를 자랑했지만 선조처럼 존재를 위해 끊임없이 싸워야 했던 옛날로 돌아가길 원한 건 아니었다. 많은 젊은 텐구는 옛 고향으로 돌아가는 것 이상을 바라지 않았다.
^#efc565;옛 기억: 대형·활·석궁·머즐로더 무기 사용 시 이동 속도 +20%.
텐구 링크 [4세트 보너스]: 텐구 동기화 획득.
방어력: 참격 +22% | 찌르기 +16% | 타격 +12%^reset;"
"Yamawaro soldiers use conventional arms like the human armies do. While magic is still something they can dabble in, the wargames they conducted were done under the pretense that they would have to rely on their own technical expertise rather than methods that they themselves are not knowledgeable in.
^#589a45;Yamawaro Guerilla [SPEED] [3-SET BONUS]: +60% DODGE Chance and +20% Movement Speed for 3s upon taking damage. +30% Woodlands Weapon Proficiency while this passive is ^red;NOT^reset;^#589a45; on cooldown. | 20s Cooldown | DEF: +30% BLEED | +20% PSYCHIC & THERMAL^reset;"	"야마와로 병사는 인간군처럼 재래식 무기를 쓴다. 마법도 다룰 수는 있지만 그들의 워게임은 자신들이 모르는 방법 대신 자체 기술력에 의존해야 한다는 전제로 진행됐다.
^#589a45;야마와로 게릴라 [속도] [3세트 보너스]: 피해 시 3초간 회피 확률 +60%와 이동 속도 +20%. 이 패시브가 재사용 대기시간이 ^red;아닐 때^reset;^#589a45; 우드랜즈 무기 숙련 +30%. | 재사용 대기시간 20초 | 방어력: 출혈 +30% | 사이킥·열 +20%^reset;"
"Youkai raids became a common occurrence within the trenches as the war dragged on. The Lion quickly made their own trench raiding parties in retaliation, hiring youkai volunteers to make up it as they were the only ones that had a fair chance of winning a close quarter fight against other youkai without using a gun.
^#698f78;Ruthless Execution: If enemies are killed within approximately 10 blocks, inflict nearby enemies with FEAR which slows their firerate and movement speed for 5s.
DEF: +25% SMALL-ARMS | +10% HEAVY-ARMS | +20% SLASH & BLUNT^reset;"	"전쟁이 길어지며 참호 내 요괴 습격이 흔해졌다. 라이온은 곧 자체 참호 습격대를 만들어 보복했고, 총 없이 다른 요괴와 근접전에서 이길 공평한 기회가 있는 유일한 이들인 요괴 지원병을 고용했다.
^#698f78;무자비한 처형: 약 10블록 내에서 적 처치 시 근처 적에게 공포 부여, 5초간 발사 속도와 이동 속도 감소.
방어력: 소화기 +25% | 중화기 +10% | 참격·타격 +20%^reset;"
"“只要你收集了足够多的监察者情报数据，我们就有办法帮你定位他们的位置。
——N.I.C技术员”

有关神秘监察者部队行动的情报，只要收集的够多，那找出他们的位置就也不是不可能了。"	"「충분한 감시자 정보 데이터를 모으기만 하면 그들의 위치를 찾아줄 방법이 있어.
——N.I.C 기술자」

정체불명 감시자 부대의 행동에 관한 정보. 충분히 모으면 그들의 위치를 찾아내는 것도 불가능하지 않다."
