asset	field	en	ko	src
/collections/arcana_collections/bosses.collection	title	The Navigator	내비게이터	reuse
/interface/arcana/arcana_auto/paint.config	caption	Paint	페인트	
/interface/windowconfig/arcana_portraitconfirmation.config	title	Confirmation	확인	
/interface/windowconfig/arcana_portraitconfirmation.config	caption	Cancel	취소	
/items/armors/anarkyons/arcana_armor_chemhyde/arcana_armor_chemhyde.chest	description	A simple combat outfit for the Anarkyons.	아나르콘용 간단한 전투복.	
/items/armors/anarkyons/arcana_armor_chemhyde/arcana_armor_chemhyde.chest	shortdescription	Chemhyde Outfit	켐하이드 옷	
/items/armors/anarkyons/arcana_armor_chemhyde/arcana_armor_chemhyde.head	description	A gas mask necessary for safely traversing radioactive and toxic environments.	방사성 및 독성 환경을 안전하게 통과하는 데 필요한 방독면.	
/items/armors/anarkyons/arcana_armor_chemhyde/arcana_armor_chemhyde.head	shortdescription	Chemhyde Mask	켐하이드 마스크	
/items/armors/anarkyons/arcana_armor_chemhyde/arcana_armor_chemhyde.legs	description	A simple attire worn by members of the Anarkyons.	아나르콘 단원들이 입는 간단한 옷.	
/items/armors/anarkyons/arcana_armor_chemhyde/arcana_armor_chemhyde.legs	shortdescription	Chemhyde Pants	켐하이드 바지	
/items/armors/anarkyons/arcana_armor_portobell/arcana_armor_portobell.chest	description	A simple combat outfit for the Anarkyons.	아나르콘용 간단한 전투복.	
/items/armors/anarkyons/arcana_armor_portobell/arcana_armor_portobell.chest	shortdescription	Portobell Outfit	포토벨 옷	
/items/armors/anarkyons/arcana_armor_portobell/arcana_armor_portobell.head	description	A gas mask necessary for safely traversing radioactive and toxic environments.	방사성 및 독성 환경을 안전하게 통과하는 데 필요한 방독면.	
/items/armors/anarkyons/arcana_armor_portobell/arcana_armor_portobell.head	shortdescription	Portobell Mask	포토벨 마스크	
/items/armors/anarkyons/arcana_armor_portobell/arcana_armor_portobell.legs	description	A simple attire worn by members of the Anarkyons.	아나르콘 단원들이 입는 간단한 옷.	
/items/armors/anarkyons/arcana_armor_portobell/arcana_armor_portobell.legs	shortdescription	Portobell Pants	포토벨 바지	
/items/armors/anarkyons/arcana_armor_virismoke/arcana_armor_virismoke.chest	description	A simple combat outfit for the Anarkyons.	아나르콘용 간단한 전투복.	
/items/armors/anarkyons/arcana_armor_virismoke/arcana_armor_virismoke.chest	shortdescription	Virismoke Outfit	비리스모크 옷	
/items/armors/anarkyons/arcana_armor_virismoke/arcana_armor_virismoke.head	description	A gas mask necessary for safely traversing radioactive and toxic environments.	방사성 및 독성 환경을 안전하게 통과하는 데 필요한 방독면.	
/items/armors/anarkyons/arcana_armor_virismoke/arcana_armor_virismoke.head	shortdescription	Virismoke Mask	비리스모크 마스크	
/items/armors/anarkyons/arcana_armor_virismoke/arcana_armor_virismoke.legs	description	A simple attire worn by members of the Anarkyons.	아나르콘 단원들이 입는 간단한 옷.	
/items/armors/anarkyons/arcana_armor_virismoke/arcana_armor_virismoke.legs	shortdescription	Virismoke Pants	비리스모크 바지	
/items/armors/arcana_armor_aegis/arcana_armor_aegis.chest	description	"A heavy armor forged from haken-stahlite. 

^orange;Set Bonus:^reset; 
Grants ^green;+20% Damage while using a Shield^reset;."	"하켄-스탈라이트로 단조된 중갑. 

^orange;세트 보너스:^reset; 
^green;방패 사용 시 피해 +20%^reset; 부여."	
/items/armors/arcana_armor_aegis/arcana_armor_aegis.chest	shortdescription	Aegis Chestplate	아이기스 흉갑	reuse
/items/armors/arcana_armor_aegis/arcana_armor_aegis.head	description	"A heavy armor forged from haken-stahlite. 

^orange;Set Bonus:^reset; 
Grants ^green;+20% Damage while using a Shield^reset;."	"하켄-스탈라이트로 단조된 중갑. 

^orange;세트 보너스:^reset; 
^green;방패 사용 시 피해 +20%^reset; 부여."	
/items/armors/arcana_armor_aegis/arcana_armor_aegis.head	shortdescription	Aegis Helmet	아이기스 헬멧	
/items/armors/arcana_armor_aegis/arcana_armor_aegis.legs	description	"A heavy armor forged from haken-stahlite. 

^orange;Set Bonus:^reset; 
Grants ^green;+20% Damage while using a Shield^reset;."	"하켄-스탈라이트로 단조된 중갑. 

^orange;세트 보너스:^reset; 
^green;방패 사용 시 피해 +20%^reset; 부여."	
/items/armors/arcana_armor_aegis/arcana_armor_aegis.legs	shortdescription	Aegis Leggings	아이기스 레깅스	reuse
/items/armors/arcana_armor_aeon/arcana_armor_aeon.chest	description	"The hand of minute, hot as the celestial sun. 

^orange;Set Bonus:^reset; 
Grants ^green;+5% Physical RES^reset;, ^green;+15% Speed^reset;, ^green;+15% Aeon weapon damage^reset;."	"천체의 태양처럼 뜨거운 분(分)의 손. 

^orange;세트 보너스:^reset; 
^green;+5% 물리 저항^reset;, ^green;+15% 속도^reset;, ^green;+15% 에이언 무기 피해^reset; 부여."	
/items/armors/arcana_armor_aeon/arcana_armor_aeon.chest	shortdescription	Aeon's Minute	에이언의 분	reuse
/items/armors/arcana_armor_aeon/arcana_armor_aeon.head	description	"The zero aeon, bright as the azure stars. 

^orange;Set Bonus:^reset; 
Grants ^green;+5% Physical RES^reset;, ^green;+15% Speed^reset;, ^green;+15% Aeon weapon damage^reset;."	"하늘별처럼 밝은 제로 에이언. 

^orange;세트 보너스:^reset; 
^green;+5% 물리 저항^reset;, ^green;+15% 속도^reset;, ^green;+15% 에이언 무기 피해^reset; 부여."	
/items/armors/arcana_armor_aeon/arcana_armor_aeon.head	shortdescription	Aeon's Zero	에이언의 제로	
/items/armors/arcana_armor_aeon/arcana_armor_aeon.legs	description	"The hand of hour, cold as the celestial moon. 

^orange;Set Bonus:^reset; 
Grants ^green;+5% Physical RES^reset;, ^green;+15% Speed^reset;, ^green;+15% Aeon weapon damage^reset;."	"천체의 달처럼 차가운 시(時)의 손. 

^orange;세트 보너스:^reset; 
^green;+5% 물리 저항^reset;, ^green;+15% 속도^reset;, ^green;+15% 에이언 무기 피해^reset; 부여."	
/items/armors/arcana_armor_aeon/arcana_armor_aeon.legs	shortdescription	Aeon's Hour	에이언의 시	reuse
/items/armors/arcana_armor_aeternus/arcana_armor_aeternus.chest	description	An enchanted Holosium armor, glowing with ancient energy. ^green;+5% Light and Abyss res.^reset;	고대의 기운으로 빛나는 마력 홀로시움 갑옷. ^green;+5% 광·어비스 저항^reset;	
/items/armors/arcana_armor_aeternus/arcana_armor_aeternus.chest	shortdescription	Aeternus Shell	에테르누스 껍데기	
/items/armors/arcana_armor_aeternus/arcana_armor_aeternus.head	description	An enchanted Holosium armor, glowing with ancient energy. ^green;+5% Light and Abyss RES, +20% Speed^reset;	고대의 기운으로 빛나는 마력 홀로시움 갑옷. ^green;+5% 광·어비스 저항, +20% 속도^reset;	
/items/armors/arcana_armor_aeternus/arcana_armor_aeternus.head	shortdescription	Aeternus Helmet	에테르누스 헬멧	
/items/armors/arcana_armor_aeternus/arcana_armor_aeternus.legs	description	An enchanted Holosium armor, glowing with ancient energy. ^green;+5% Light and Abyss res.^reset;	고대의 기운으로 빛나는 마력 홀로시움 갑옷. ^green;+5% 광·어비스 저항^reset;	
/items/armors/arcana_armor_aeternus/arcana_armor_aeternus.legs	shortdescription	Aeternus Leggings	에테르누스 레깅스	
/items/armors/arcana_armor_alchemilla/arcana_armor_alchemilla.chest	description	"A piece of clothing, decorated with flowers. 

^orange;Set Bonus:^reset; 
Grants ^green;+30% Energy Regen Rate^reset; and ^green;+15% Poison RES^reset;."	"꽃으로 장식된 옷. 

^orange;세트 보너스:^reset; 
^green;+30% 에너지 재생 속도^reset;와 ^green;+15% 독 저항^reset; 부여."	
/items/armors/arcana_armor_alchemilla/arcana_armor_alchemilla.chest	shortdescription	Alchemilla Shroud	알케밀라 외피	reuse
/items/armors/arcana_armor_alchemilla/arcana_armor_alchemilla.head	description	"A light circlet. 

^orange;Set Bonus:^reset; 
Grants ^green;+30% Energy Regen Rate^reset; and ^green;+15% Poison RES^reset;."	"가벼운 써클릿. 

^orange;세트 보너스:^reset; 
^green;+30% 에너지 재생 속도^reset;와 ^green;+15% 독 저항^reset; 부여."	
/items/armors/arcana_armor_alchemilla/arcana_armor_alchemilla.head	shortdescription	Alchemilla Circlet	알케밀라 써클릿	
/items/armors/arcana_armor_alchemilla/arcana_armor_alchemilla.legs	description	"A piece of plant made greaves. 

^orange;Set Bonus:^reset; 
Grants ^green;+30% Energy Regen Rate^reset; and ^green;+15% Poison RES^reset;."	"식물로 만든 그리브. 

^orange;세트 보너스:^reset; 
^green;+30% 에너지 재생 속도^reset;와 ^green;+15% 독 저항^reset; 부여."	
/items/armors/arcana_armor_alchemilla/arcana_armor_alchemilla.legs	shortdescription	Alchemilla Greaves	알케밀라 그리브	reuse
/items/armors/arcana_armor_anima/arcana_armor_anima.chest	description	"An enchanted helmet with slight fire protection. 

^orange;Set Bonus:^reset; 
Grants ^green;+10% Animus Weapon and Katana damage^reset;, and ^green;+10% Fire RES^reset;. ^orange;2 Piece Set^reset;."	"약간의 화염 방호가 있는 마력 헬멧. 

^orange;세트 보너스:^reset; 
^green;+10% 아니무스 무기·카타나 피해^reset;와 ^green;+10% 화염 저항^reset; 부여. ^orange;2피스 세트^reset;."	
/items/armors/arcana_armor_anima/arcana_armor_anima.chest	shortdescription	Anima Chestplate	아니마 흉갑	reuse
/items/armors/arcana_armor_anima/arcana_armor_anima.head	description	"A spooky-looking masked helm. 

^orange;Set Bonus:^reset; 
Grants ^green;+10% Animus Weapon and Katana damage^reset;, and ^green;+10% Fire RES^reset;. ^orange;2 Piece Set^reset;."	"으스스한 가면 투구. 

^orange;세트 보너스:^reset; 
^green;+10% 아니무스 무기·카타나 피해^reset;와 ^green;+10% 화염 저항^reset; 부여. ^orange;2피스 세트^reset;."	
/items/armors/arcana_armor_anima/arcana_armor_anima.head	shortdescription	Anima Mask	아니마 마스크	
/items/armors/arcana_armor_anima/arcana_armor_anima.legs	description	"A pair of leggings, crafted from anima bars. 

^orange;Set Bonus:^reset; 
Grants ^green;+10% Animus Weapon and Katana damage^reset;, and ^green;+10% Fire RES^reset;. ^orange;2 Piece Set^reset;."	"아니마 주괴로 만든 레깅스. 

^orange;세트 보너스:^reset; 
^green;+10% 아니무스 무기·카타나 피해^reset;와 ^green;+10% 화염 저항^reset; 부여. ^orange;2피스 세트^reset;."	
/items/armors/arcana_armor_anima/arcana_armor_anima.legs	shortdescription	Anima Leggings	아니마 레깅스	reuse
/items/armors/arcana_armor_architect/arcana_armor_architect.chest	description	A dark jacket worn by the Workshop's engineers.	작업장의 기술자들이 입는 검은 재킷.	reuse
/items/armors/arcana_armor_architect/arcana_armor_architect.chest	shortdescription	Architect's Jacket	아키텍트의 재킷	reuse
/items/armors/arcana_armor_architect/arcana_armor_architect.head	description	A dark helm with an orange visor, worn by the Workshop's engineers.	작업장 기술자들이 쓰는, 주황색 바이저가 달린 검은 투구.	
/items/armors/arcana_armor_architect/arcana_armor_architect.head	shortdescription	Architect's Headgear	아키텍트의 헤드기어	
/items/armors/arcana_armor_architect/arcana_armor_architect.legs	description	A pair of dark leggings, worn by the Workshop's engineers.	작업장의 기술자들이 입는 검은 레깅스.	reuse
/items/armors/arcana_armor_architect/arcana_armor_architect.legs	shortdescription	Architect's Leggings	아키텍트의 레깅스	reuse
/items/armors/arcana_armor_ardent/arcana_armor_ardent.chest	description	A simple otherworldly outfit that provides basic combat boosts.	기본적인 전투 강화를 제공하는 소박한 이세계 옷.	reuse
/items/armors/arcana_armor_ardent/arcana_armor_ardent.chest	shortdescription	Ardent Top	아던트 상의	reuse
/items/armors/arcana_armor_ardent/arcana_armor_ardent.legs	description	A simple otherworldly outfit that provides basic combat boosts.	기본적인 전투 강화를 제공하는 소박한 이세계 옷.	reuse
/items/armors/arcana_armor_ardent/arcana_armor_ardent.legs	shortdescription	Ardent Pants	아던트 바지	reuse
/items/armors/arcana_armor_ariorift/arcana_armor_ariorift.chest	description	"A light jacket for quick traversing. 

^orange;Set Bonus:^reset; 
Grants ^green;+20% Run Speed^reset;."	"빠른 이동을 위한 가벼운 재킷. 

^orange;세트 보너스:^reset; 
^green;+20% 달리기 속도^reset; 부여."	
/items/armors/arcana_armor_ariorift/arcana_armor_ariorift.chest	shortdescription	Ariorift Jacket	아리오리프트 재킷	reuse
/items/armors/arcana_armor_ariorift/arcana_armor_ariorift.head	description	"A light scarf that flows with the wind. 

^orange;Set Bonus:^reset; 
Grants ^green;+20% Run Speed^reset;."	"바람에 나부끼는 가벼운 스카프. 

^orange;세트 보너스:^reset; 
^green;+20% 달리기 속도^reset; 부여."	
/items/armors/arcana_armor_ariorift/arcana_armor_ariorift.head	shortdescription	Ariorift Scarf	아리오리프트 스카프	
/items/armors/arcana_armor_ariorift/arcana_armor_ariorift.legs	description	"A pair of light leggings for quick traversing. 

^orange;Set Bonus:^reset; 
Grants ^green;+20% Run Speed^reset;."	"빠른 이동을 위한 가벼운 레깅스. 

^orange;세트 보너스:^reset; 
^green;+20% 달리기 속도^reset; 부여."	
/items/armors/arcana_armor_ariorift/arcana_armor_ariorift.legs	shortdescription	Ariorift Leggings	아리오리프트 레깅스	reuse
/items/armors/arcana_armor_artist/arcana_armor_artist.back	description	An artist's brush!	화가의 붓!	
/items/armors/arcana_armor_artist/arcana_armor_artist.back	shortdescription	Artist Brush	화가의 붓	
/items/armors/arcana_armor_artist/arcana_armor_artist.chest	description	A paint-covered artist's apron.	물감이 묻은 화가의 앞치마.	reuse
/items/armors/arcana_armor_artist/arcana_armor_artist.chest	shortdescription	Artist Apron	화가의 앞치마	reuse
/items/armors/arcana_armor_artist/arcana_armor_artist.legs	description	A paint covered artist's pants.	물감이 묻은 화가의 바지.	reuse
/items/armors/arcana_armor_artist/arcana_armor_artist.legs	shortdescription	Artist Pants	화가의 바지	reuse
/items/armors/arcana_armor_astraea/arcana_armor_astraea.chest	description	"A glinting fragment of the falling stars. 
^green;+4% Fire and Light RES.^reset; 

^orange;Set Bonus:^reset; 
Grants ^green;+20% Max Energy^reset; and ^green;+10% Staff Damage^reset;."	"떨어지는 별의 번쩍이는 조각. 
^green;+4% 화염·광 저항.^reset; 

^orange;세트 보너스:^reset; 
^green;+20% 최대 에너지^reset;와 ^green;+10% 스태프 피해^reset; 부여."	
/items/armors/arcana_armor_astraea/arcana_armor_astraea.chest	shortdescription	Astraea Chestplate	아스트라이아 흉갑	
/items/armors/arcana_armor_astraea/arcana_armor_astraea.head	description	"A glinting fragment of the falling stars. 
^green;+4% Fire and Light RES.^reset; 

^orange;Set Bonus:^reset; 
Grants ^green;+20% Max Energy^reset; and ^green;+10% Staff Damage^reset;."	"떨어지는 별의 번쩍이는 조각. 
^green;+4% 화염·광 저항.^reset; 

^orange;세트 보너스:^reset; 
^green;+20% 최대 에너지^reset;와 ^green;+10% 스태프 피해^reset; 부여."	
/items/armors/arcana_armor_astraea/arcana_armor_astraea.head	shortdescription	Astraea Helm	아스트라이아 투구	
/items/armors/arcana_armor_astraea/arcana_armor_astraea.legs	description	"A glinting fragment of the falling stars. 
^green;+4% Fire and Light RES.^reset; 

^orange;Set Bonus:^reset; 
Grants ^green;+20% Max Energy^reset; and ^green;+10% Staff Damage^reset;."	"떨어지는 별의 번쩍이는 조각. 
^green;+4% 화염·광 저항.^reset; 

^orange;세트 보너스:^reset; 
^green;+20% 최대 에너지^reset;와 ^green;+10% 스태프 피해^reset; 부여."	
/items/armors/arcana_armor_astraea/arcana_armor_astraea.legs	shortdescription	Astraea Leggings	아스트라이아 레깅스	
/items/armors/arcana_armor_astromancer/arcana_armor_astromancer.chest	description	An Azure forged armor, worn commonly by the Stargazers. ^green;+5% Azure res.^reset;	스타게이저들이 즐겨 입는 아주르 단조 갑옷. ^green;+5% 아주르 저항^reset;	reuse
/items/armors/arcana_armor_astromancer/arcana_armor_astromancer.chest	shortdescription	Astromancer Covering	아스트로맨서 외투	reuse
/items/armors/arcana_armor_astromancer/arcana_armor_astromancer.head	description	An Azure forged armor, worn commonly by the Stargazers. ^green;+10% Azure res.^reset;	스타게이저들이 즐겨 입는 아주르 단조 갑옷. ^green;+10% 아주르 저항.^reset;	
/items/armors/arcana_armor_astromancer/arcana_armor_astromancer.head	shortdescription	Astromancer Hood	아스트로맨서 후드	
/items/armors/arcana_armor_astromancer/arcana_armor_astromancer.legs	description	An Azure forged armor, worn commonly by the Stargazers. ^green;+5% Azure res.^reset;	스타게이저들이 즐겨 입는 아주르 단조 갑옷. ^green;+5% 아주르 저항^reset;	reuse
/items/armors/arcana_armor_astromancer/arcana_armor_astromancer.legs	shortdescription	Astromancer Pants	아스트로맨서 바지	reuse
/items/armors/arcana_armor_baldr/arcana_armor_baldr.chest	description	A colorless armor piece forged by members of the Nulla Order.	눌라 교단 소속들이 단조한 무채색 갑옷.	reuse
/items/armors/arcana_armor_baldr/arcana_armor_baldr.chest	shortdescription	Baldr Chestplate	발드르 흉갑	reuse
/items/armors/arcana_armor_baldr/arcana_armor_baldr.head	description	A colorless armor piece forged by members of the Nulla Order.	눌라 교단 소속들이 단조한 무채색 갑옷.	reuse
/items/armors/arcana_armor_baldr/arcana_armor_baldr.head	shortdescription	Baldr Helmet	발드르 헬멧	
/items/armors/arcana_armor_baldr/arcana_armor_baldr.legs	description	A colorless armor piece forged by members of the Nulla Order.	눌라 교단 소속들이 단조한 무채색 갑옷.	reuse
/items/armors/arcana_armor_baldr/arcana_armor_baldr.legs	shortdescription	Baldr Leggings	발드르 레깅스	reuse
/items/armors/arcana_armor_borrhas/arcana_armor_borrhas.chest	description	A jacket for staying warm in the cold. ^green;+5% Ice Res.^reset;	추운 곳에서 따뜻하게 지내기 위한 재킷. ^green;+5% 냉기 저항^reset;	reuse
/items/armors/arcana_armor_borrhas/arcana_armor_borrhas.chest	shortdescription	Borrhas Jacket	보르하스 재킷	reuse
/items/armors/arcana_armor_borrhas/arcana_armor_borrhas.head	description	A hood that is designed to combat cold environments. ^green;+5% Ice Res.^reset;	추운 환경에 맞서도록 설계된 후드. ^green;+5% 냉기 저항.^reset;	
/items/armors/arcana_armor_borrhas/arcana_armor_borrhas.head	shortdescription	Borrhas Hood	보르하스 후드	
/items/armors/arcana_armor_borrhas/arcana_armor_borrhas.legs	description	A pair of leggings that are designed to combat cold environments. ^green;+5% Ice Res.^reset;	추운 환경에 맞서도록 설계된 레깅스. ^green;+5% 냉기 저항^reset;	reuse
/items/armors/arcana_armor_borrhas/arcana_armor_borrhas.legs	shortdescription	Borrhas Leggings	보르하스 레깅스	reuse
/items/armors/arcana_armor_butler/arcana_armor_butler.chest	description	A fancy tux, perfect for the prom.	파티에 딱 맞는 고급 턱시도.	reuse
/items/armors/arcana_armor_butler/arcana_armor_butler.chest	shortdescription	Butler Tux	집사 턱시도	reuse
/items/armors/arcana_armor_butler/arcana_armor_butler.legs	description	These fancy tux trousers let you step out in style.	이 고급 턱시도 바지로 멋지게 외출할 수 있다.	reuse
/items/armors/arcana_armor_butler/arcana_armor_butler.legs	shortdescription	Butler Trousers	집사 바지	reuse
/items/armors/arcana_armor_catalytic/arcana_armor_catalytic.chest	description	"An armor piece exhibiting a faint cosmic aura. 

^orange;Set Bonus:^reset; 
Grants ^green;+12% Fire RES^reset;, and ^green;+8% Crit. damage^reset;."	"희미한 우주 기운을 띤 갑옷. 

^orange;세트 보너스:^reset; 
^green;+12% 화염 저항^reset;과 ^green;+8% 치명타 피해^reset; 부여."	
/items/armors/arcana_armor_catalytic/arcana_armor_catalytic.chest	shortdescription	^#fcfcfc;Catalytic Chestplate^reset;	^#fcfcfc;촉매 흉갑^reset;	
/items/armors/arcana_armor_catalytic/arcana_armor_catalytic.head	description	"An armor piece exhibiting a faint cosmic aura. 

^orange;Set Bonus:^reset; 
Grants ^green;+12% Fire RES^reset;, and ^green;+8% Crit. damage^reset;."	"희미한 우주 기운을 띤 갑옷. 

^orange;세트 보너스:^reset; 
^green;+12% 화염 저항^reset;과 ^green;+8% 치명타 피해^reset; 부여."	
/items/armors/arcana_armor_catalytic/arcana_armor_catalytic.head	shortdescription	^#fcfcfc;Catalytic Helm^reset;	^#fcfcfc;촉매 헬멧^reset;	
/items/armors/arcana_armor_catalytic/arcana_armor_catalytic.legs	description	"An armor piece exhibiting a faint cosmic aura. 

^orange;Set Bonus:^reset; 
Grants ^green;+12% Fire RES^reset;, and ^green;+8% Crit. damage^reset;."	"희미한 우주 기운을 띤 갑옷. 

^orange;세트 보너스:^reset; 
^green;+12% 화염 저항^reset;과 ^green;+8% 치명타 피해^reset; 부여."	
/items/armors/arcana_armor_catalytic/arcana_armor_catalytic.legs	shortdescription	^#fcfcfc;Catalytic Leggings^reset;	^#fcfcfc;촉매 레깅스^reset;	
/items/armors/arcana_armor_chevalier/arcana_armor_chevalier.chest	description	A formal guard outfit reinforced with alien metal.	외계 금속으로 보강된 정장 근위대 복장.	reuse
/items/armors/arcana_armor_chevalier/arcana_armor_chevalier.chest	shortdescription	Chevalier Uniform	슈발리에 제복	reuse
/items/armors/arcana_armor_chevalier/arcana_armor_chevalier.head	description	A formal guard outfit reinforced with alien metal.	외계 금속으로 보강된 정장 근위대 복장.	reuse
/items/armors/arcana_armor_chevalier/arcana_armor_chevalier.head	shortdescription	Chevalier Cap	슈발리에 모자	
/items/armors/arcana_armor_chevalier/arcana_armor_chevalier.legs	description	A formal guard outfit reinforced with alien metal.	외계 금속으로 보강된 정장 근위대 복장.	reuse
/items/armors/arcana_armor_chevalier/arcana_armor_chevalier.legs	shortdescription	Chevalier Bottom	슈발리에 하의	reuse
/items/armors/arcana_armor_corekeeper/arcana_armor_corekeeper.chest	description	"An enchanted armor made from Solarium. 

^orange;Set Bonus:^reset; Grants ^green;+5% Fire, Ice, Electric and Poison RES^reset;."	"솔라리움으로 만든 마력 갑옷. 

^orange;세트 보너스:^reset; ^green;+5% 화염·냉기·전기·독 저항^reset; 부여."	
/items/armors/arcana_armor_corekeeper/arcana_armor_corekeeper.chest	shortdescription	Corekeeper Chestplate	코어키퍼 흉갑	
/items/armors/arcana_armor_corekeeper/arcana_armor_corekeeper.head	description	"An enchanted helm made from Solarium. 

^orange;Set Bonus:^reset; Grants ^green;+5% Fire, Ice, Electric and Poison RES^reset;."	"솔라리움으로 만든 마력 투구. 

^orange;세트 보너스:^reset; ^green;+5% 화염·냉기·전기·독 저항^reset; 부여."	
/items/armors/arcana_armor_corekeeper/arcana_armor_corekeeper.head	shortdescription	Corekeeper Helm	코어키퍼 헬멧	
/items/armors/arcana_armor_corekeeper/arcana_armor_corekeeper.legs	description	"A pair of enchanted leggings made from Solarium. 

^orange;Set Bonus:^reset; Grants ^green;+5% Fire, Ice, Electric and Poison RES^reset;."	"솔라리움으로 만든 마력 레깅스. 

^orange;세트 보너스:^reset; ^green;+5% 화염·냉기·전기·독 저항^reset; 부여."	
/items/armors/arcana_armor_corekeeper/arcana_armor_corekeeper.legs	shortdescription	Corekeeper Leggings	코어키퍼 레깅스	
/items/armors/arcana_armor_cryptspurn/arcana_armor_cryptspurn.chest	description	A piece of weathered clothing.	낡은 옷.	
/items/armors/arcana_armor_cryptspurn/arcana_armor_cryptspurn.chest	shortdescription	Cryptspurn Armor	크립트스펀 갑옷	
/items/armors/arcana_armor_cryptspurn/arcana_armor_cryptspurn.head	description	A piece of weathered clothing.	낡은 옷.	
/items/armors/arcana_armor_cryptspurn/arcana_armor_cryptspurn.head	shortdescription	Cryptspurn Hood	크립트스펀 후드	
/items/armors/arcana_armor_cryptspurn/arcana_armor_cryptspurn.legs	description	A piece of weathered clothing.	낡은 옷.	
/items/armors/arcana_armor_cryptspurn/arcana_armor_cryptspurn.legs	shortdescription	Cryptspurn Greaves	크립트스펀 그리브	
/items/armors/arcana_armor_embryonic/arcana_armor_embryonic.chest	description	An armor piece exhibiting a faint green aura. ^green;+5% Poison Res.^reset;	희미한 초록 기운이 감도는 갑옷. ^green;+5% 독 저항^reset;	reuse
/items/armors/arcana_armor_embryonic/arcana_armor_embryonic.chest	shortdescription	^#fcfcfc;Embryonic Chestplate^reset;	^#fcfcfc;엠브리오닉 흉갑^reset;	
/items/armors/arcana_armor_embryonic/arcana_armor_embryonic.head	description	An armor piece exhibiting a faint green aura. ^green;+5% Poison Res.^reset;	희미한 초록 기운이 감도는 갑옷. ^green;+5% 독 저항^reset;	reuse
/items/armors/arcana_armor_embryonic/arcana_armor_embryonic.head	shortdescription	^#fcfcfc;Embryonic Helm^reset;	^#fcfcfc;엠브리오닉 헬멧^reset;	
/items/armors/arcana_armor_embryonic/arcana_armor_embryonic.legs	description	An armor piece exhibiting a faint green aura. ^green;+5% Poison Res.^reset;	희미한 초록 기운이 감도는 갑옷. ^green;+5% 독 저항^reset;	reuse
/items/armors/arcana_armor_embryonic/arcana_armor_embryonic.legs	shortdescription	^#fcfcfc;Embryonic Leggings^reset;	^#fcfcfc;엠브리오닉 레깅스^reset;	
/items/armors/arcana_armor_evanescent/arcana_armor_evanescent.chest	description	A moment of red in the eye of infinitum aeternum. ^red;Has minor protection.^reset;	무한 영원의 눈 속 붉은 순간. ^red;약간의 방어력.^reset;	
/items/armors/arcana_armor_evanescent/arcana_armor_evanescent.chest	shortdescription	Evanescent Armor	에버네선트 갑옷	
/items/armors/arcana_armor_evanescent/arcana_armor_evanescent.head	description	A moment of red in the eye of infinitum aeternum. ^red;Has no protection.^reset; ^green;Taking damage grants 4s immunity and +50% Attack and Speed, every 16s.^reset;	무한 영원의 눈 속 붉은 순간. ^red;방어력 없음.^reset; ^green;피격 시 4초간 무적과 +50% 공격력·속도, 16초마다.^reset;	
/items/armors/arcana_armor_evanescent/arcana_armor_evanescent.head	shortdescription	Evanescent Visor	에버네선트 바이저	
/items/armors/arcana_armor_evanescent/arcana_armor_evanescent.legs	description	A moment of red in the eye of infinitum aeternum. ^red;Has less protection.^reset;	무한 영원의 눈 속 붉은 순간. ^red;낮은 방어력.^reset;	
/items/armors/arcana_armor_evanescent/arcana_armor_evanescent.legs	shortdescription	Evanescent Leggings	에버네선트 레깅스	
/items/armors/arcana_armor_frostclad/arcana_armor_frostclad.chest	description	"A reinforced jacket that defends against the cold. 

^orange;Set Bonus:^reset; 
Grants ^green;Frost Immunity^reset; and ^green;+20% Ice RES^reset;."	"추위를 막는 강화 재킷. 

^orange;세트 보너스:^reset; 
^green;서리 면역^reset;과 ^green;+20% 냉기 저항^reset; 부여."	
/items/armors/arcana_armor_frostclad/arcana_armor_frostclad.chest	shortdescription	Frostclad Jacket	프로스트클래드 재킷	
/items/armors/arcana_armor_frostclad/arcana_armor_frostclad.head	description	"A reinforced hood that defends against the cold. 

^orange;Set Bonus:^reset; 
Grants ^green;Frost Immunity^reset; and ^green;+20% Ice RES^reset;."	"추위를 막는 강화 후드. 

^orange;세트 보너스:^reset; 
^green;서리 면역^reset;과 ^green;+20% 냉기 저항^reset; 부여."	
/items/armors/arcana_armor_frostclad/arcana_armor_frostclad.head	shortdescription	Frostclad Hood	프로스트클래드 후드	
/items/armors/arcana_armor_frostclad/arcana_armor_frostclad.legs	description	"A reinforced legwear that defends against the cold. 

^orange;Set Bonus:^reset; 
Grants ^green;Frost Immunity^reset; and ^green;+20% Ice RES^reset;."	"추위를 막는 강화 다리 갑옷. 

^orange;세트 보너스:^reset; 
^green;서리 면역^reset;과 ^green;+20% 냉기 저항^reset; 부여."	
/items/armors/arcana_armor_frostclad/arcana_armor_frostclad.legs	shortdescription	Frostclad Leggings	프로스트클래드 레깅스	
/items/armors/arcana_armor_fusang/arcana_armor_fusang.chest	description	A Solar-forged armor that can withstand intense heat. ^green;+10% Solar and Fire res.^reset;	강렬한 열기도 견디는 태양 단조 갑옷. ^green;+10% 태양·화염 저항^reset;	reuse
/items/armors/arcana_armor_fusang/arcana_armor_fusang.chest	shortdescription	Fusang Chestplate	푸상 흉갑	reuse
/items/armors/arcana_armor_fusang/arcana_armor_fusang.head	description	A Solar-forged armor that can withstand intense heat. ^green;+5% Fire res, and grants Burning and Lava immunity. +10% ATK when using Melee weapons.^reset;	강렬한 열기도 견디는 태양 단조 갑옷. ^green;+5% 화염 저항, 화상·용암 면역, 근접 무기 사용 시 +10% 공격력.^reset;	
/items/armors/arcana_armor_fusang/arcana_armor_fusang.head	shortdescription	Fusang Helmet	푸상 헬멧	
/items/armors/arcana_armor_fusang/arcana_armor_fusang.legs	description	A Solar-forged armor that can withstand intense heat. ^green;+10% Solar and Fire res.^reset;	강렬한 열기도 견디는 태양 단조 갑옷. ^green;+10% 태양·화염 저항^reset;	reuse
/items/armors/arcana_armor_fusang/arcana_armor_fusang.legs	shortdescription	Fusang Leggings	푸상 레깅스	reuse
/items/armors/arcana_armor_goldmonger/arcana_armor_goldmonger.chest	description	A luxurious coat worn only by the affluent.	부유층만이 입는 호화로운 코트.	reuse
/items/armors/arcana_armor_goldmonger/arcana_armor_goldmonger.chest	shortdescription	Goldmonger Coat	골드몽거 코트	reuse
/items/armors/arcana_armor_goldmonger/arcana_armor_goldmonger.head	description	A luxurious piece of visor worn only by the affluent.	부유층만이 착용하는 호화로운 바이저.	
/items/armors/arcana_armor_goldmonger/arcana_armor_goldmonger.head	shortdescription	Goldmonger Visor	골드몽거 바이저	
/items/armors/arcana_armor_goldmonger/arcana_armor_goldmonger.legs	description	A luxurious piece of greaves worn only by the affluent.	부유층만이 착용하는 호화로운 그리브.	reuse
/items/armors/arcana_armor_goldmonger/arcana_armor_goldmonger.legs	shortdescription	Goldmonger Greaves	골드몽거 그리브	reuse
/items/armors/arcana_armor_graverotten/arcana_armor_graverotten.chest	description	A piece of weathered clothing.	낡은 옷.	
/items/armors/arcana_armor_graverotten/arcana_armor_graverotten.chest	shortdescription	Graverotten Armor	그레이브로튼 갑옷	
/items/armors/arcana_armor_graverotten/arcana_armor_graverotten.head	description	A piece of weathered clothing.	낡은 옷.	
/items/armors/arcana_armor_graverotten/arcana_armor_graverotten.head	shortdescription	Graverotten Hood	그레이브로튼 후드	
/items/armors/arcana_armor_graverotten/arcana_armor_graverotten.legs	description	A piece of weathered clothing.	낡은 옷.	
/items/armors/arcana_armor_graverotten/arcana_armor_graverotten.legs	shortdescription	Graverotten Greaves	그레이브로튼 그리브	
/items/armors/arcana_armor_heartseeker/arcana_armor_heartseeker.chest	description	"An ancient armor forged with red aspirite. 

^orange;Set Bonus:^reset; 
Grants ^green;minor health regeneration^reset;, ^green;+5% Damage^reset; per 10% of missing health."	"붉은 아스피라이트로 단조된 고대 갑옷. 

^orange;세트 보너스:^reset; 
^green;소량의 체력 재생^reset;, 잃은 체력 10%당 ^green;+5% 피해^reset; 부여."	
/items/armors/arcana_armor_heartseeker/arcana_armor_heartseeker.chest	shortdescription	Heartseeker's Aspiration	하트시커의 갈망	reuse
/items/armors/arcana_armor_heartseeker/arcana_armor_heartseeker.head	description	"An ancient armor forged with red aspirite. 

^orange;Set Bonus:^reset; 
Grants ^green;minor health regeneration^reset;, ^green;+5% Damage^reset; per 10% of missing health."	"붉은 아스피라이트로 단조된 고대 갑옷. 

^orange;세트 보너스:^reset; 
^green;소량의 체력 재생^reset;, 잃은 체력 10%당 ^green;+5% 피해^reset; 부여."	
/items/armors/arcana_armor_heartseeker/arcana_armor_heartseeker.head	shortdescription	Heartseeker's Adulation	하트시커의 찬미	
/items/armors/arcana_armor_heartseeker/arcana_armor_heartseeker.legs	description	"An ancient armor forged with red aspirite. 

^orange;Set Bonus:^reset; 
Grants ^green;minor health regeneration^reset;, ^green;+5% Damage^reset; per 10% of missing health."	"붉은 아스피라이트로 단조된 고대 갑옷. 

^orange;세트 보너스:^reset; 
^green;소량의 체력 재생^reset;, 잃은 체력 10%당 ^green;+5% 피해^reset; 부여."	
/items/armors/arcana_armor_heartseeker/arcana_armor_heartseeker.legs	shortdescription	Heartseeker's Lust	하트시커의 욕망	reuse
/items/armors/arcana_armor_horncaster/arcana_armor_horncaster.chest	description	"An ancient armor forged with blue immorite. 

^orange;Set Bonus:^reset; 
Grants ^green;+15% Magic damage^reset;, ^green;+10% Physical RES^reset; and ^green;+60% Energy Regen Rate^reset;."	"푸른 이모라이트로 단조된 고대 갑옷. 

^orange;세트 보너스:^reset; 
^green;+15% 마법 피해^reset;, ^green;+10% 물리 저항^reset;, ^green;+60% 에너지 재생 속도^reset; 부여."	
/items/armors/arcana_armor_horncaster/arcana_armor_horncaster.chest	shortdescription	Horncaster's Avarice	혼캐스터의 탐욕	reuse
/items/armors/arcana_armor_horncaster/arcana_armor_horncaster.head	description	"An ancient armor forged with blue immorite. 

^orange;Set Bonus:^reset; 
Grants ^green;+15% Magic damage^reset;, ^green;+10% Physical RES^reset; and ^green;+60% Energy Regen Rate^reset;."	"푸른 이모라이트로 단조된 고대 갑옷. 

^orange;세트 보너스:^reset; 
^green;+15% 마법 피해^reset;, ^green;+10% 물리 저항^reset;, ^green;+60% 에너지 재생 속도^reset; 부여."	
/items/armors/arcana_armor_horncaster/arcana_armor_horncaster.head	shortdescription	Horncaster's Gluttony	혼캐스터의 폭식	
/items/armors/arcana_armor_horncaster/arcana_armor_horncaster.legs	description	"An ancient armor forged with blue immorite. 

^orange;Set Bonus:^reset; 
Grants ^green;+15% Magic damage^reset;, ^green;+10% Physical RES^reset; and ^green;+60% Energy Regen Rate^reset;."	"푸른 이모라이트로 단조된 고대 갑옷. 

^orange;세트 보너스:^reset; 
^green;+15% 마법 피해^reset;, ^green;+10% 물리 저항^reset;, ^green;+60% 에너지 재생 속도^reset; 부여."	
/items/armors/arcana_armor_horncaster/arcana_armor_horncaster.legs	shortdescription	Horncaster's Obscenity	혼캐스터의 음란	reuse
/items/armors/arcana_armor_invisible/arcana_armor_invisible.chest	description	An invisible clothing item.	보이지 않는 옷.	
/items/armors/arcana_armor_invisible/arcana_armor_invisible.chest	shortdescription	Invisible Shirt	투명 셔츠	
/items/armors/arcana_armor_invisible/arcana_armor_invisible.head	description	An invisible clothing item.	보이지 않는 옷.	
/items/armors/arcana_armor_invisible/arcana_armor_invisible.head	shortdescription	Invisible Hat	투명 모자	
/items/armors/arcana_armor_invisible/arcana_armor_invisible.legs	description	An invisible clothing item.	보이지 않는 옷.	
/items/armors/arcana_armor_invisible/arcana_armor_invisible.legs	shortdescription	Invisible Pants	투명 바지	
/items/armors/arcana_armor_ironFlower/arcana_armor_ironFlower.head	itemName	arcana_armor_ironFlower_head	아이언 플라워 헬름	
/items/armors/arcana_armor_ironFlower/arcana_armor_ironFlower.head	description	An ancient helm. ^green;+20% Solar res.^reset;	고대의 투구. ^green;+20% 태양 저항.^reset;	
/items/armors/arcana_armor_ironFlower/arcana_armor_ironFlower.head	shortdescription	Iron Flower Helm	아이언 플라워 헬름	
/items/armors/arcana_armor_lepidoptera/arcana_armor_lepidoptera.chest	description	"A pale colored armor, crafted from holosium. 

^orange;Set Bonus:^reset; 
Grants ^green;+10% Light RES^reset; and ^green;+10% Magic, Spear and Lance Damage^reset;."	"홀로시움으로 만든 창백한 색의 갑옷. 

^orange;세트 보너스:^reset; 
^green;+10% 광 저항^reset;과 ^green;+10% 마법·창·랜스 피해^reset; 부여."	
/items/armors/arcana_armor_lepidoptera/arcana_armor_lepidoptera.chest	shortdescription	Lepidoptera Shell	레피돕테라 껍데기	reuse
/items/armors/arcana_armor_lepidoptera/arcana_armor_lepidoptera.head	description	"A pale colored helm, crafted from holosium. 

^orange;Set Bonus:^reset; 
Grants ^green;+10% Light RES^reset; and ^green;+10% Magic, Spear and Lance Damage^reset;."	"홀로시움으로 만든 창백한 색의 투구. 

^orange;세트 보너스:^reset; 
^green;+10% 광 저항^reset;과 ^green;+10% 마법·창·랜스 피해^reset; 부여."	
/items/armors/arcana_armor_lepidoptera/arcana_armor_lepidoptera.head	shortdescription	Lepidoptera Helmet	레피돕테라 헬멧	
/items/armors/arcana_armor_lepidoptera/arcana_armor_lepidoptera.legs	description	"A piece of pale colored leggings, crafted from holosium. 

^orange;Set Bonus:^reset; 
Grants ^green;+10% Light RES^reset; and ^green;+10% Magic, Spear and Lance Damage^reset;."	"홀로시움으로 만든 창백한 색의 레깅스. 

^orange;세트 보너스:^reset; 
^green;+10% 광 저항^reset;과 ^green;+10% 마법·창·랜스 피해^reset; 부여."	
/items/armors/arcana_armor_lepidoptera/arcana_armor_lepidoptera.legs	shortdescription	Lepidoptera Leggings	레피돕테라 레깅스	reuse
/items/armors/arcana_armor_mistRider/arcana_armor_mistRider.chest	itemName	arcana_armor_mistRider_chest	미스트 라이더의 갑옷	
/items/armors/arcana_armor_mistRider/arcana_armor_mistRider.chest	description	"A dark armor worn by the Mist Rider. 

^orange;Set Bonus:^reset; 
Grants ^green;+25% Damage when there's a monster with more health than you within 50 tiles^reset;."	"미스트 라이더가 입는 검은 갑옷. 

^orange;세트 보너스:^reset; 
50타일 이내에 체력이 더 높은 몬스터가 있을 때 ^green;+25% 피해^reset; 부여."	
/items/armors/arcana_armor_mistRider/arcana_armor_mistRider.chest	shortdescription	Mist Rider's Armor	미스트 라이더의 갑옷	reuse
/items/armors/arcana_armor_mistRider/arcana_armor_mistRider.head	itemName	arcana_armor_mistRider_head	미스트 라이더의 투구	
/items/armors/arcana_armor_mistRider/arcana_armor_mistRider.head	description	"The Hunt beckons. 

^orange;Set Bonus:^reset; 
Grants ^green;+25% Damage when there's a monster with more health than you within 50 tiles^reset;."	"사냥이 부른다. 

^orange;세트 보너스:^reset; 
50타일 이내에 체력이 더 높은 몬스터가 있을 때 ^green;+25% 피해^reset; 부여."	
/items/armors/arcana_armor_mistRider/arcana_armor_mistRider.head	shortdescription	Mist Rider's Hood	미스트 라이더의 후드	
/items/armors/arcana_armor_mistRider/arcana_armor_mistRider.legs	itemName	arcana_armor_mistRider_legs	미스트 라이더의 다리 갑옷	
/items/armors/arcana_armor_mistRider/arcana_armor_mistRider.legs	description	"A dark set of greaves worn by the Mist Rider. 

^orange;Set Bonus:^reset; 
Grants ^green;+25% Damage when there's a monster with more health than you within 50 tiles^reset;."	"미스트 라이더가 착용하는 검은 그리브. 

^orange;세트 보너스:^reset; 
50타일 이내에 체력이 더 높은 몬스터가 있을 때 ^green;+25% 피해^reset; 부여."	
/items/armors/arcana_armor_mistRider/arcana_armor_mistRider.legs	shortdescription	Mist Rider's Greaves	미스트 라이더의 그리브	reuse
/items/armors/arcana_armor_morphosis/arcana_armor_morphosis.chest	description	"A chestplate made from morphosis bars. 

^orange;Set Bonus:^reset; 
Grants ^green;+5% Poison RES^reset;. ^green;+10% Physical RES while using a Shield^reset;. ^orange;2 Piece set^reset;."	"모포시스 주괴로 만든 흉갑. 

^orange;세트 보너스:^reset; 
^green;+5% 독 저항^reset;. ^green;방패 사용 시 +10% 물리 저항^reset;. ^orange;2피스 세트^reset;."	
/items/armors/arcana_armor_morphosis/arcana_armor_morphosis.chest	shortdescription	Morphosis Chestplate	모포시스 흉갑	reuse
/items/armors/arcana_armor_morphosis/arcana_armor_morphosis.head	description	"A mask made from morphosis bars. 

^orange;Set Bonus:^reset; 
Grants ^green;+5% Poison RES^reset;. ^green;+10% Physical RES while using a Shield^reset;. ^orange;2 Piece set^reset;."	"모포시스 주괴로 만든 마스크. 

^orange;세트 보너스:^reset; 
^green;+5% 독 저항^reset;. ^green;방패 사용 시 +10% 물리 저항^reset;. ^orange;2피스 세트^reset;."	
/items/armors/arcana_armor_morphosis/arcana_armor_morphosis.head	shortdescription	Morphosis Mask	모포시스 마스크	
/items/armors/arcana_armor_morphosis/arcana_armor_morphosis.legs	description	"A piece of leggings made from morphosis bars. 

^orange;Set Bonus:^reset; 
Grants ^green;+5% Poison RES^reset;. ^green;+10% Physical RES while using a Shield^reset;. ^orange;2 Piece set^reset;."	"모포시스 주괴로 만든 레깅스. 

^orange;세트 보너스:^reset; 
^green;+5% 독 저항^reset;. ^green;방패 사용 시 +10% 물리 저항^reset;. ^orange;2피스 세트^reset;."	
/items/armors/arcana_armor_morphosis/arcana_armor_morphosis.legs	shortdescription	Morphosis Leggings	모포시스 레깅스	reuse
/items/armors/arcana_armor_offworld/arcana_armor_offworld.chest	description	"A white futuristic combat suit. 

^orange;Set Bonus:^reset; 
Grants ^green;+10% Ranged damage^reset;, ^green;+10% Electric RES^reset; and ^green;+40% Energy Regen Rate^reset;."	"하얀 미래형 전투 슈트. 

^orange;세트 보너스:^reset; 
^green;+10% 원거리 피해^reset;, ^green;+10% 전기 저항^reset;, ^green;+40% 에너지 재생 속도^reset; 부여."	
/items/armors/arcana_armor_offworld/arcana_armor_offworld.chest	shortdescription	Offworld Suit	오프월드 슈트	reuse
/items/armors/arcana_armor_offworld/arcana_armor_offworld.head	description	"A white futuristic helmet. 

^orange;Set Bonus:^reset; 
Grants ^green;+10% Ranged damage^reset;, ^green;+10% Electric RES^reset; and ^green;+40% Energy Regen Rate^reset;."	"하얀 미래형 헬멧. 

^orange;세트 보너스:^reset; 
^green;+10% 원거리 피해^reset;, ^green;+10% 전기 저항^reset;, ^green;+40% 에너지 재생 속도^reset; 부여."	
/items/armors/arcana_armor_offworld/arcana_armor_offworld.head	shortdescription	Offworld Helmet	오프월드 헬멧	
/items/armors/arcana_armor_offworld/arcana_armor_offworld.legs	description	"A white futuristic leggings. 

^orange;Set Bonus:^reset; 
Grants ^green;+10% Ranged damage^reset;, ^green;+10% Electric RES^reset; and ^green;+40% Energy Regen Rate^reset;."	"하얀 미래형 레깅스. 

^orange;세트 보너스:^reset; 
^green;+10% 원거리 피해^reset;, ^green;+10% 전기 저항^reset;, ^green;+40% 에너지 재생 속도^reset; 부여."	
/items/armors/arcana_armor_offworld/arcana_armor_offworld.legs	shortdescription	Offworld Leggings	오프월드 레깅스	reuse
/items/armors/arcana_armor_parasitic/arcana_armor_parasitic.chest	description	Standard uniform worn by Scorpio's operatives. ^green;+4% Electric res.^reset;	스콜피오 요원들이 입는 표준 제복. ^green;+4% 전기 저항.^reset;	
/items/armors/arcana_armor_parasitic/arcana_armor_parasitic.chest	shortdescription	Parasitic Suit	파라시틱 슈트	
/items/armors/arcana_armor_parasitic/arcana_armor_parasitic.head	description	A helmet with a headset, worn by Scorpio's operatives. ^green;+4% Electric res.^reset;	스콜피오 요원들이 쓰는 헤드셋 달린 헬멧. ^green;+4% 전기 저항.^reset;	
/items/armors/arcana_armor_parasitic/arcana_armor_parasitic.head	shortdescription	Parasitic Helmet	파라시틱 헬멧	
/items/armors/arcana_armor_parasitic/arcana_armor_parasitic.legs	description	Pants worn by Scorpio's operatives. ^green;+4% Electric res.^reset;	스콜피오 요원들이 입는 바지. ^green;+4% 전기 저항.^reset;	
/items/armors/arcana_armor_parasitic/arcana_armor_parasitic.legs	shortdescription	Parasitic Pants	파라시틱 바지	
/items/armors/arcana_armor_pearlKnight/arcana_armor_pearlKnight.chest	itemName	arcana_armor_pearlKnight_chest	진주 기사의 흉갑	
/items/armors/arcana_armor_pearlKnight/arcana_armor_pearlKnight.chest	description	Enter the battlefield with confidence, encased in this heavy titanium breastplate.	이 무거운 티타늄 흉갑을 두르고 자신감 있게 전장에 나서라.	reuse
/items/armors/arcana_armor_pearlKnight/arcana_armor_pearlKnight.chest	shortdescription	Pearl Knight's Breastplate	진주 기사의 흉갑	reuse
/items/armors/arcana_armor_pearlKnight/arcana_armor_pearlKnight.head	itemName	arcana_armor_pearlKnight_head	진주 기사의 투구	
/items/armors/arcana_armor_pearlKnight/arcana_armor_pearlKnight.head	description	The titanium clad Glitch fights with honour. And a sharp sword...	티타늄으로 무장한 글리치는 명예롭게 싸운다. 날카로운 검과 함께...	reuse
/items/armors/arcana_armor_pearlKnight/arcana_armor_pearlKnight.head	shortdescription	Pearl Knight's Helm	진주 기사의 헬름	
/items/armors/arcana_armor_pearlKnight/arcana_armor_pearlKnight.legs	itemName	arcana_armor_pearlKnight_legs	진주 기사의 태셋	
/items/armors/arcana_armor_pearlKnight/arcana_armor_pearlKnight.legs	description	The tassets of a knight protect the thighs of a warrior.	기사의 태셋은 전사의 허벅지를 지킨다.	reuse
/items/armors/arcana_armor_pearlKnight/arcana_armor_pearlKnight.legs	shortdescription	Pearl Knight's Tassets	진주 기사의 태셋	reuse
/items/armors/arcana_armor_prima/arcana_armor_prima.chest	description	"A white futuristic combat suit. 

^orange;Set Bonus:^reset; 
Grants ^green;+15% Electric RES^reset; and ^green;+50 Max Energy^reset;."	"하얀 미래형 전투 슈트. 

^orange;세트 보너스:^reset; 
^green;+15% 전기 저항^reset;과 ^green;+50 최대 에너지^reset; 부여."	
/items/armors/arcana_armor_prima/arcana_armor_prima.chest	shortdescription	Prima Suit	프리마 슈트	reuse
/items/armors/arcana_armor_prima/arcana_armor_prima.head	description	"A white futuristic helmet, worn by Orion's special security force. 

^orange;Set Bonus:^reset; 
Grants ^green;+15% Electric RES^reset; and ^green;+50 Max Energy^reset;."	"오리온 특별 경비대가 쓰는 하얀 미래형 헬멧. 

^orange;세트 보너스:^reset; 
^green;+15% 전기 저항^reset;과 ^green;+50 최대 에너지^reset; 부여."	
/items/armors/arcana_armor_prima/arcana_armor_prima.head	shortdescription	Prima Helmet	프리마 헬멧	
/items/armors/arcana_armor_prima/arcana_armor_prima.legs	description	"A white futuristic leggings. 

^orange;Set Bonus:^reset; 
Grants ^green;+15% Electric RES^reset; and ^green;+50 Max Energy^reset;."	"하얀 미래형 레깅스. 

^orange;세트 보너스:^reset; 
^green;+15% 전기 저항^reset;과 ^green;+50 최대 에너지^reset; 부여."	
/items/armors/arcana_armor_prima/arcana_armor_prima.legs	shortdescription	Prima Leggings	프리마 레깅스	reuse
/items/armors/arcana_armor_roboticist/arcana_armor_roboticist.chest	description	A white futuristic combat suit. ^green;+5% Electric res.^reset;	하얀 미래형 전투 슈트. ^green;+5% 전기 저항^reset;	reuse
/items/armors/arcana_armor_roboticist/arcana_armor_roboticist.chest	shortdescription	Roboticist Suit	로보티시스트 슈트	
/items/armors/arcana_armor_roboticist/arcana_armor_roboticist.head	description	A white futuristic helmet. ^green;+5% Electric res.^reset;	하얀 미래형 헬멧. ^green;+5% 전기 저항.^reset;	
/items/armors/arcana_armor_roboticist/arcana_armor_roboticist.head	shortdescription	Roboticist Helmet	로보티시스트 헬멧	
/items/armors/arcana_armor_roboticist/arcana_armor_roboticist.legs	description	A white futuristic leggings. ^green;+5% Electric res.^reset;	하얀 미래형 레깅스. ^green;+5% 전기 저항^reset;	reuse
/items/armors/arcana_armor_roboticist/arcana_armor_roboticist.legs	shortdescription	Roboticist Leggings	로보티시스트 레깅스	
/items/armors/arcana_armor_rococo/arcana_armor_rococo.chest	description	A simple otherworldly outfit that provides basic combat boosts.	기본적인 전투 강화를 제공하는 소박한 이세계 옷.	reuse
/items/armors/arcana_armor_rococo/arcana_armor_rococo.chest	shortdescription	Rocaille Top	로카유 상의	reuse
/items/armors/arcana_armor_rococo/arcana_armor_rococo.legs	description	A simple otherworldly outfit that provides basic combat boosts.	기본적인 전투 강화를 제공하는 소박한 이세계 옷.	reuse
/items/armors/arcana_armor_rococo/arcana_armor_rococo.legs	shortdescription	Rocaille Pants	로카유 바지	reuse
/items/armors/arcana_armor_royalty/arcana_armor_royalty.back	description	A fancy cape fit only for the royals.	왕족에게만 어울리는 고급 망토.	
/items/armors/arcana_armor_royalty/arcana_armor_royalty.back	shortdescription	Royalty Cape	로열티 망토	
/items/armors/arcana_armor_royalty/arcana_armor_royalty.chest	description	A fancy tux, perfect for the prom.	파티에 딱 맞는 고급 턱시도.	reuse
/items/armors/arcana_armor_royalty/arcana_armor_royalty.chest	shortdescription	Royalty Tux	로열티 턱시도	reuse
/items/armors/arcana_armor_royalty/arcana_armor_royalty.legs	description	These fancy tux trousers let you step out in style.	이 고급 턱시도 바지로 멋지게 외출할 수 있다.	reuse
/items/armors/arcana_armor_royalty/arcana_armor_royalty.legs	shortdescription	Royalty Trousers	로열티 바지	reuse
/items/armors/arcana_armor_salamander/arcana_armor_salamander.chest	description	"A piece of heavy armor made from obsidian. 

^orange;Set Bonus:^reset; 
Grants ^green;+25% Fire Resistance^reset;."	"흑요석으로 만든 중갑. 

^orange;세트 보너스:^reset; 
^green;+25% 화염 저항^reset; 부여."	
/items/armors/arcana_armor_salamander/arcana_armor_salamander.chest	shortdescription	Aneides Chestplate	아네이데스 흉갑	reuse
/items/armors/arcana_armor_salamander/arcana_armor_salamander.head	description	"A piece of heavy armor made from obsidian. 

^orange;Set Bonus:^reset; 
Grants ^green;+25% Fire Resistance^reset;."	"흑요석으로 만든 중갑. 

^orange;세트 보너스:^reset; 
^green;+25% 화염 저항^reset; 부여."	
/items/armors/arcana_armor_salamander/arcana_armor_salamander.head	shortdescription	Aneides Helmet	아네이데스 헬멧	
/items/armors/arcana_armor_salamander/arcana_armor_salamander.legs	description	"A piece of heavy armor made from obsidian. 

^orange;Set Bonus:^reset; 
Grants ^green;+25% Fire Resistance^reset;."	"흑요석으로 만든 중갑. 

^orange;세트 보너스:^reset; 
^green;+25% 화염 저항^reset; 부여."	
/items/armors/arcana_armor_salamander/arcana_armor_salamander.legs	shortdescription	Aneides Leggings	아네이데스 레깅스	reuse
/items/armors/arcana_armor_scholar/arcana_armor_scholar.chest	description	A piece of clothing crafted from arcanium.	아르카니움으로 만든 옷.	
/items/armors/arcana_armor_scholar/arcana_armor_scholar.chest	shortdescription	Scholar's Shroud	학자의 외피	
/items/armors/arcana_armor_scholar/arcana_armor_scholar.head	description	A circlet crafted from arcanium. ^green;+10% ATK when using Magic weapons.^reset;	아르카니움으로 만든 써클릿. ^green;마법 무기 사용 시 +10% 공격력.^reset;	
/items/armors/arcana_armor_scholar/arcana_armor_scholar.head	shortdescription	Scholar's Circlet	학자의 써클릿	
/items/armors/arcana_armor_scholar/arcana_armor_scholar.legs	description	A piece of greaves crafted from arcanium.	아르카니움으로 만든 그리브.	
/items/armors/arcana_armor_scholar/arcana_armor_scholar.legs	shortdescription	Scholar's Greaves	학자의 그리브	
/items/armors/arcana_armor_serpent/arcana_armor_serpent.chest	description	A chestplate radiating solar energy.	태양 에너지를 발산하는 흉갑.	reuse
/items/armors/arcana_armor_serpent/arcana_armor_serpent.chest	shortdescription	Serpent's Chestplate	서펀트의 흉갑	reuse
/items/armors/arcana_armor_serpent/arcana_armor_serpent.head	description	A headband radiating solar energy.	태양 에너지를 발산하는 머리띠.	
/items/armors/arcana_armor_serpent/arcana_armor_serpent.head	shortdescription	Serpent's Headband	서펀트의 머리띠	
/items/armors/arcana_armor_serpent/arcana_armor_serpent.legs	description	A pair of greaves radiating solar energy.	태양 에너지를 발산하는 그리브.	reuse
/items/armors/arcana_armor_serpent/arcana_armor_serpent.legs	shortdescription	Serpent's Greaves	서펀트의 그리브	reuse
/items/armors/arcana_armor_skullbearer/arcana_armor_skullbearer.chest	description	"An ancient armor forged with green noxion. 

^orange;Set Bonus:^reset; 
^green;Grants Thorns^reset;. ^green;+5% Damage and +2% Crit damage^reset; per enemy within 40 tiles, up to 10 enemies."	"녹색 녹시온으로 단조된 고대 갑옷. 

^orange;세트 보너스:^reset; 
^green;가시 부여^reset;. 40타일 내 적 1기당 ^green;+5% 피해·+2% 치명타 피해^reset;, 최대 10기."	
/items/armors/arcana_armor_skullbearer/arcana_armor_skullbearer.chest	shortdescription	Skullbearer's Disunion	스컬베어러의 불화	reuse
/items/armors/arcana_armor_skullbearer/arcana_armor_skullbearer.head	description	"An ancient armor forged with green noxion. ^green;+5% Poison RES.^reset; 

^orange;Set Bonus:^reset; 
^green;Grants Thorns^reset;. ^green;+5% Damage and +2% Crit damage^reset; per enemy within 40 tiles, up to 10 enemies."	"녹색 녹시온으로 단조된 고대 갑옷. ^green;+5% 독 저항.^reset; 

^orange;세트 보너스:^reset; 
^green;가시 부여^reset;. 40타일 내 적 1기당 ^green;+5% 피해·+2% 치명타 피해^reset;, 최대 10기."	
/items/armors/arcana_armor_skullbearer/arcana_armor_skullbearer.head	shortdescription	Skullbearer's Acrimony	스컬베어러의 원한	
/items/armors/arcana_armor_skullbearer/arcana_armor_skullbearer.legs	description	"An ancient armor forged with green noxion. 

^orange;Set Bonus:^reset; 
^green;Grants Thorns^reset;. ^green;+5% Damage and +2% Crit damage^reset; per enemy within 40 tiles, up to 10 enemies."	"녹색 녹시온으로 단조된 고대 갑옷. 

^orange;세트 보너스:^reset; 
^green;가시 부여^reset;. 40타일 내 적 1기당 ^green;+5% 피해·+2% 치명타 피해^reset;, 최대 10기."	
/items/armors/arcana_armor_skullbearer/arcana_armor_skullbearer.legs	shortdescription	Skullbearer's Spite	스컬베어러의 악의	reuse
/items/armors/arcana_armor_sleepwalker/arcana_armor_sleepwalker.chest	description	"A dark combat jacket. ^red;-10% Eletric resistance.^reset; 

^orange;Set Bonus:^reset; 
Grants ^green;+15% Katana and Dagger damage^reset;."	"검은 전투 재킷. ^red;-10% 전기 저항.^reset; 

^orange;세트 보너스:^reset; 
^green;+15% 카타나·단검 피해^reset; 부여."	
/items/armors/arcana_armor_sleepwalker/arcana_armor_sleepwalker.chest	shortdescription	Sleepwalker Jacket	슬립워커 재킷	reuse
/items/armors/arcana_armor_sleepwalker/arcana_armor_sleepwalker.head	description	"A dark lit futuristic helmet. ^red;-10% Eletric resistance.^reset; 

^orange;Set Bonus:^reset; 
Grants ^green;+15% Katana and Dagger damage^reset;."	"불이 켜지는 검은 미래형 헬멧. ^red;-10% 전기 저항.^reset; 

^orange;세트 보너스:^reset; 
^green;+15% 카타나·단검 피해^reset; 부여."	
/items/armors/arcana_armor_sleepwalker/arcana_armor_sleepwalker.head	shortdescription	Sleepwalker Helmet	슬립워커 헬멧	
/items/armors/arcana_armor_sleepwalker/arcana_armor_sleepwalker.legs	description	"A dark futuristic leggings. ^red;-10% Eletric resistance.^reset; 

^orange;Set Bonus:^reset; 
Grants ^green;+15% Katana and Dagger damage^reset;."	"검은 미래형 레깅스. ^red;-10% 전기 저항.^reset; 

^orange;세트 보너스:^reset; 
^green;+15% 카타나·단검 피해^reset; 부여."	
/items/armors/arcana_armor_sleepwalker/arcana_armor_sleepwalker.legs	shortdescription	Sleepwalker Leggings	슬립워커 레깅스	reuse
/items/armors/arcana_armor_umbral/arcana_armor_umbral.chest	description	"An armor shrouded by the midnight gloom. 

^orange;Set Bonus:^reset; Grants ^green;+5% Fire, Ice, Electric and Poison RES^reset;."	"한밤의 어둠에 둘러싸인 갑옷. 

^orange;세트 보너스:^reset; ^green;+5% 화염·냉기·전기·독 저항^reset; 부여."	
/items/armors/arcana_armor_umbral/arcana_armor_umbral.chest	shortdescription	Corekeeper Chestplate	코어키퍼 흉갑	
/items/armors/arcana_armor_umbral/arcana_armor_umbral.head	description	"An armor shrouded by the midnight gloom. 

^orange;Set Bonus:^reset; Grants ^green;+5% Fire, Ice, Electric and Poison RES^reset;."	"한밤의 어둠에 둘러싸인 갑옷. 

^orange;세트 보너스:^reset; ^green;+5% 화염·냉기·전기·독 저항^reset; 부여."	
/items/armors/arcana_armor_umbral/arcana_armor_umbral.head	shortdescription	Corekeeper Helm	코어키퍼 헬멧	
/items/armors/arcana_armor_umbral/arcana_armor_umbral.legs	description	"An armor shrouded by the midnight gloom. 

^orange;Set Bonus:^reset; Grants ^green;+5% Fire, Ice, Electric and Poison RES^reset;."	"한밤의 어둠에 둘러싸인 갑옷. 

^orange;세트 보너스:^reset; ^green;+5% 화염·냉기·전기·독 저항^reset; 부여."	
/items/armors/arcana_armor_umbral/arcana_armor_umbral.legs	shortdescription	Corekeeper Leggings	코어키퍼 레깅스	
/items/armors/arcana_backitems/arcana_back_aeonCape/arcana_back_aeonCape.back	itemName	arcana_back_aeonCape	에이언 망토	
/items/armors/arcana_backitems/arcana_back_aeonCape/arcana_back_aeonCape.back	description	A cape that can withstand even the tide of time.	시간의 조류마저 견디는 망토.	
/items/armors/arcana_backitems/arcana_back_aeonCape/arcana_back_aeonCape.back	shortdescription	Aeon Cape	에이언 망토	
/items/armors/arcana_backitems/arcana_back_aeonHands/arcana_back_aeonHands.back	itemName	arcana_back_aeonHands	에이언의 손	
/items/armors/arcana_backitems/arcana_back_aeonHands/arcana_back_aeonHands.back	description	A pair of floating wings.	공중에 떠 있는 한 쌍의 날개.	
/items/armors/arcana_backitems/arcana_back_aeonHands/arcana_back_aeonHands.back	shortdescription	Aeon Hands	에이언의 손	
/items/armors/arcana_backitems/arcana_back_aeonWings/arcana_back_aeonWings.back	itemName	arcana_back_aeonWings	에이언의 날개	
/items/armors/arcana_backitems/arcana_back_aeonWings/arcana_back_aeonWings.back	description	A pair of floating wings.	공중에 떠 있는 한 쌍의 날개.	
/items/armors/arcana_backitems/arcana_back_aeonWings/arcana_back_aeonWings.back	shortdescription	Aeon Wings	에이언의 날개	
/items/armors/arcana_backitems/arcana_back_arcaneEPP/arcana_back_arcaneEPP.back	description	This EPP provides ample oxygen and Energy Drain immunity. Useful on certain ^orange;Arcane Star^reset; planets.	충분한 산소와 에너지 드레인 면역을 제공하는 EPP. 특정 ^orange;아케인 스타^reset; 행성에서 유용하다.	
/items/armors/arcana_backitems/arcana_back_arcaneEPP/arcana_back_arcaneEPP.back	shortdescription	Arcane EPP	아케인 EPP	
/items/armors/arcana_backitems/arcana_back_azureArms/arcana_back_azureArms.back	itemName	arcana_back_azureArms	아주르 팔	
/items/armors/arcana_backitems/arcana_back_azureArms/arcana_back_azureArms.back	description	Decorative azure branches.	장식용 아주르 가지.	
/items/armors/arcana_backitems/arcana_back_azureArms/arcana_back_azureArms.back	shortdescription	Azure Arms	아주르 팔	
/items/armors/arcana_backitems/arcana_back_brightguardCape/arcana_back_brightguardCape.back	itemName	arcana_back_brightguardCape	브라이트가드 망토	
/items/armors/arcana_backitems/arcana_back_brightguardCape/arcana_back_brightguardCape.back	description	A black and gold cape.	검정과 금색의 망토.	
/items/armors/arcana_backitems/arcana_back_brightguardCape/arcana_back_brightguardCape.back	shortdescription	Brightguard Cape	브라이트가드 망토	
/items/armors/arcana_backitems/arcana_back_brightliteCape/arcana_back_brightliteCape.back	itemName	arcana_back_brightliteCape	브라이트라이트 망토	
/items/armors/arcana_backitems/arcana_back_brightliteCape/arcana_back_brightliteCape.back	description	A white and gold cape.	하양과 금색의 망토.	
/items/armors/arcana_backitems/arcana_back_brightliteCape/arcana_back_brightliteCape.back	shortdescription	Brightlite Cape	브라이트라이트 망토	
/items/armors/arcana_backitems/arcana_back_cerueonWings/arcana_back_cerueonWings.back	itemName	arcana_back_cerueonWings	케루에온 날개	
/items/armors/arcana_backitems/arcana_back_cerueonWings/arcana_back_cerueonWings.back	description	A pair of golden wings.	한 쌍의 황금 날개.	
/items/armors/arcana_backitems/arcana_back_cerueonWings/arcana_back_cerueonWings.back	shortdescription	Cerueon Wings	케루에온 날개	
/items/armors/arcana_backitems/arcana_back_goldenCape/arcana_back_goldenCape.back	itemName	arcana_back_goldenCape	황금 망토	
/items/armors/arcana_backitems/arcana_back_goldenCape/arcana_back_goldenCape.back	description	A shining cape.	빛나는 망토.	
/items/armors/arcana_backitems/arcana_back_goldenCape/arcana_back_goldenCape.back	shortdescription	Golden Cape	황금 망토	
/items/armors/arcana_backitems/arcana_back_horizonCape/arcana_back_horizonCape.back	itemName	arcana_back_horizonCape	호라이즌 망토	
/items/armors/arcana_backitems/arcana_back_horizonCape/arcana_back_horizonCape.back	description	A cape worn by Horizon soldiers.	호라이즌 병사들이 두르는 망토.	
/items/armors/arcana_backitems/arcana_back_horizonCape/arcana_back_horizonCape.back	shortdescription	Horizon Standard Cape	호라이즌 표준 망토	
/items/armors/arcana_backitems/arcana_back_horizonOmenkyrieCape/arcana_back_horizonOmenkyrieCape.back	itemName	arcana_back_horizonOmenkyrieCape	호라이즌 오멘키리 망토	
/items/armors/arcana_backitems/arcana_back_horizonOmenkyrieCape/arcana_back_horizonOmenkyrieCape.back	description	A cape worn by Horizon soldiers.	호라이즌 병사들이 두르는 망토.	
/items/armors/arcana_backitems/arcana_back_horizonOmenkyrieCape/arcana_back_horizonOmenkyrieCape.back	shortdescription	Horizon Omenkyrie Cape	호라이즌 오멘키리 망토	
/items/armors/arcana_backitems/arcana_back_illuminatedEPP/arcana_back_illuminatedEPP.back	description	This EPP upgrade grants immunity to Radiance. Useful on ^orange;Pale Star^reset; planets.	광휘 면역을 부여하는 EPP 업그레이드. ^orange;페일 스타^reset; 행성에서 유용하다.	
/items/armors/arcana_backitems/arcana_back_illuminatedEPP/arcana_back_illuminatedEPP.back	shortdescription	Pale EPP	페일 EPP	
/items/armors/arcana_backitems/arcana_back_invisible/arcana_back_invisible.back	description	An invisible clothing item.	보이지 않는 옷.	
/items/armors/arcana_backitems/arcana_back_invisible/arcana_back_invisible.back	shortdescription	Invisible Back	투명 등장비	
/items/armors/arcana_backitems/arcana_back_moltenThorns/arcana_back_moltenThorns.back	itemName	arcana_back_moltenThorns	용암 가시	
/items/armors/arcana_backitems/arcana_back_moltenThorns/arcana_back_moltenThorns.back	description	A pair of burning horns.	타오르는 한 쌍의 뿔.	
/items/armors/arcana_backitems/arcana_back_moltenThorns/arcana_back_moltenThorns.back	shortdescription	Molten Thorns	용암 가시	
/items/armors/arcana_backitems/arcana_back_nanoweaveCape/arcana_back_nanoweaveCape.back	itemName	arcana_back_nanoweaveCape	나노위브 망토	
/items/armors/arcana_backitems/arcana_back_nanoweaveCape/arcana_back_nanoweaveCape.back	description	A cape worn by Exousian military officers.	엑수시안 군 장교들이 두르는 망토.	
/items/armors/arcana_backitems/arcana_back_nanoweaveCape/arcana_back_nanoweaveCape.back	shortdescription	Nanoweave Cape	나노위브 망토	
/items/armors/arcana_backitems/arcana_back_nightbloomCape/arcana_back_nightbloomCape.back	itemName	arcana_back_nightbloomCape	나이트블룸 망토	
/items/armors/arcana_backitems/arcana_back_nightbloomCape/arcana_back_nightbloomCape.back	description	A specially tailored cape.	특별히 맞춘 망토.	
/items/armors/arcana_backitems/arcana_back_nightbloomCape/arcana_back_nightbloomCape.back	shortdescription	Nightbloom Cape	나이트블룸 망토	
/items/armors/arcana_backitems/arcana_back_orionCape/arcana_back_orionCape.back	itemName	arcana_back_orionCape	오리온 망토	
/items/armors/arcana_backitems/arcana_back_orionCape/arcana_back_orionCape.back	description	A cape worn by Orion officers.	오리온 장교들이 두르는 망토.	
/items/armors/arcana_backitems/arcana_back_orionCape/arcana_back_orionCape.back	shortdescription	Orion Cape	오리온 망토	
/items/armors/arcana_backitems/arcana_back_pyrocrazeBooster/arcana_back_pyrocrazeBooster.back	itemName	arcana_back_pyrocrazeBooster	파이로크레이즈 부스터	
/items/armors/arcana_backitems/arcana_back_pyrocrazeBooster/arcana_back_pyrocrazeBooster.back	description	A special Horizon booster designed for Pyro Hoplites. ^green;Grants +5% Fire Res and Pyrocraze.^reset;	파이로 홉라이트용으로 설계된 특수 호라이즌 부스터. ^green;+5% 화염 저항과 파이로크레이즈 부여.^reset;	
/items/armors/arcana_backitems/arcana_back_pyrocrazeBooster/arcana_back_pyrocrazeBooster.back	shortdescription	Pyrocraze Booster	파이로크레이즈 부스터	
/items/armors/arcana_backitems/arcana_back_solarFangs/arcana_back_solarFangs.back	itemName	arcana_back_solarFangs	태양 송곳니	
/items/armors/arcana_backitems/arcana_back_solarFangs/arcana_back_solarFangs.back	description	Decorative solar branches.	장식용 태양 가지.	
/items/armors/arcana_backitems/arcana_back_solarFangs/arcana_back_solarFangs.back	shortdescription	Solar Fangs	태양 송곳니	
/items/armors/arcana_backitems/arcana_back_solarFlames/arcana_back_solarFlames.back	itemName	arcana_back_solarFlames	태양 불꽃	
/items/armors/arcana_backitems/arcana_back_solarFlames/arcana_back_solarFlames.back	description	A flame emitting back device.	불꽃을 내뿜는 등 장치.	
/items/armors/arcana_backitems/arcana_back_solarFlames/arcana_back_solarFlames.back	shortdescription	Solar Flames	태양 불꽃	
/items/armors/arcana_backitems/arcana_back_superstormEPP/arcana_back_superstormEPP.back	description	This EPP upgrade also provides Supercharged immunity on top of previous benefits. Useful on ^orange;Superstorm Star^reset; planets.	기존 효과에 초충전 면역까지 주는 EPP 업그레이드. ^orange;슈퍼스톰 스타^reset; 행성에서 유용하다.	
/items/armors/arcana_backitems/arcana_back_superstormEPP/arcana_back_superstormEPP.back	shortdescription	Superstorm EPP	슈퍼스톰 EPP	
/items/armors/arcana_backitems/arcana_back_tornCape/arcana_back_tornCape.back	itemName	arcana_back_tornCape	찢어진 망토	
/items/armors/arcana_backitems/arcana_back_tornCape/arcana_back_tornCape.back	description	A ragged cape.	너덜너덜한 망토.	
/items/armors/arcana_backitems/arcana_back_tornCape/arcana_back_tornCape.back	shortdescription	Torn Cape	찢어진 망토	
/items/armors/arcana_backitems/arcana_back_tripolarEPP/arcana_back_tripolarEPP.back	description	This EPP upgrade provides Cataclysm immunity on top of previous benefits. Useful on ^orange;Tripolar and Mirage Star^reset; planets.	기존 효과에 재앙 면역까지 주는 EPP 업그레이드. ^orange;트리폴라·미라주 스타^reset; 행성에서 유용하다.	
/items/armors/arcana_backitems/arcana_back_tripolarEPP/arcana_back_tripolarEPP.back	shortdescription	Trinity EPP	트리니티 EPP	
/items/armors/arcana_backitems/arcana_back_verrostinRifle/arcana_back_verrostinRifle.back	itemName	arcana_back_verrostinRifle	베로스틴 라이플	
/items/armors/arcana_backitems/arcana_back_verrostinRifle/arcana_back_verrostinRifle.back	description	A verrostin rifle with a backpack. Makes you look intimidating.	배낭이 달린 베로스틴 라이플. 위협적으로 보인다.	
/items/armors/arcana_backitems/arcana_back_verrostinRifle/arcana_back_verrostinRifle.back	shortdescription	Verrostin Rifle	베로스틴 라이플	
/items/armors/arcana_backitems/arcana_back_whiteNanoweaveCape/arcana_back_whiteNanoweaveCape.back	itemName	arcana_back_whiteNanoweaveCape	화이트 나노위브 망토	
/items/armors/arcana_backitems/arcana_back_whiteNanoweaveCape/arcana_back_whiteNanoweaveCape.back	description	A cape worn by Exousian police officers.	엑수시안 경찰관들이 두르는 망토.	
/items/armors/arcana_backitems/arcana_back_whiteNanoweaveCape/arcana_back_whiteNanoweaveCape.back	shortdescription	White Nanoweave Cape	화이트 나노위브 망토	
/items/armors/arcana_cosmetics/arcana_armor_winterFroggSuit/arcana_armor_winterFroggSuit.chest	itemName	arcana_armor_winterFroggSuit_chest	윈터 프로그 슈트 흉갑	
/items/armors/arcana_cosmetics/arcana_armor_winterFroggSuit/arcana_armor_winterFroggSuit.chest	description	A slimy chestpiece.	미끈미끈한 흉갑.	
/items/armors/arcana_cosmetics/arcana_armor_winterFroggSuit/arcana_armor_winterFroggSuit.chest	shortdescription	Winter Frogg Chest	윈터 프로그 흉갑	
/items/armors/arcana_cosmetics/arcana_armor_winterFroggSuit/arcana_armor_winterFroggSuit.head	itemName	arcana_armor_winterFroggSuit_head	윈터 프로그 헬멧	
/items/armors/arcana_cosmetics/arcana_armor_winterFroggSuit/arcana_armor_winterFroggSuit.head	description	Somehow this mask keeps your head wet.	왠지 머리가 촉촉하게 유지되는 마스크.	
/items/armors/arcana_cosmetics/arcana_armor_winterFroggSuit/arcana_armor_winterFroggSuit.head	shortdescription	Winter Frogg Head	윈터 프로그 헬멧	
/items/armors/arcana_cosmetics/arcana_armor_winterFroggSuit/arcana_armor_winterFroggSuit.legs	itemName	arcana_armor_winterFroggSuit_legs	윈터 프로그 다리 갑옷	
/items/armors/arcana_cosmetics/arcana_armor_winterFroggSuit/arcana_armor_winterFroggSuit.legs	description	Wearing these will make you resemble a Frogg merchant.	입으면 프로그 상인처럼 보이게 된다.	
/items/armors/arcana_cosmetics/arcana_armor_winterFroggSuit/arcana_armor_winterFroggSuit.legs	shortdescription	Winter Frogg Legs	윈터 프로그 다리 갑옷	
/items/armors/arcana_cosmetics/arcana_body_redSkyHoodie/arcana_body_redSkyHoodie.chest	itemName	arcana_body_redSkyHoodie	레드 스카이 후디	
/items/armors/arcana_cosmetics/arcana_body_redSkyHoodie/arcana_body_redSkyHoodie.chest	description	A simple hoodie, in case it gets a bit chilly.	약간 쌀쌀해질 때를 위한 평범한 후드.	reuse
/items/armors/arcana_cosmetics/arcana_body_redSkyHoodie/arcana_body_redSkyHoodie.chest	shortdescription	Red Sky Hoodie	레드 스카이 후디	
/items/armors/arcana_cosmetics/arcana_body_simpleHoodie/arcana_body_simpleHoodie.chest	itemName	arcana_body_simpleHoodie	심플 후디	
/items/armors/arcana_cosmetics/arcana_body_simpleHoodie/arcana_body_simpleHoodie.chest	description	A simple hoodie, in case it gets a bit chilly.	약간 쌀쌀해질 때를 위한 평범한 후드.	reuse
/items/armors/arcana_cosmetics/arcana_body_simpleHoodie/arcana_body_simpleHoodie.chest	shortdescription	Simple Hoodie	심플 후디	
/items/armors/arcana_cosmetics/arcana_head_infinityHelm/arcana_head_infinityHelm.head	itemName	arcana_head_infinityHelm	인피니티 헬름	
/items/armors/arcana_cosmetics/arcana_head_infinityHelm/arcana_head_infinityHelm.head	description	Once worn by the guardian of time, the infinity helm rests eternal.	한때 시간의 수호자가 썼던 인피니티 헬름이 영원히 자리 잡고 있다.	
/items/armors/arcana_cosmetics/arcana_head_infinityHelm/arcana_head_infinityHelm.head	shortdescription	Infinity Helm	인피니티 헬름	
/items/armors/arcana_cosmetics/arcana_head_interruptionX/arcana_head_interruptionX.head	description	Description not found.	설명을 찾을 수 없습니다.	
/items/armors/arcana_cosmetics/arcana_head_interruptionX/arcana_head_interruptionX.head	shortdescription	Interruption X	인터럽션 X	
/items/armors/arcana_cosmetics/arcana_head_neonHelmet/arcana_head_neonHelmet.head	itemName	arcana_head_neonHelmet	네온 헬멧	
/items/armors/arcana_cosmetics/arcana_head_neonHelmet/arcana_head_neonHelmet.head	description	A simple protection helmet.	간단한 보호 헬멧.	
/items/armors/arcana_cosmetics/arcana_head_neonHelmet/arcana_head_neonHelmet.head	shortdescription	Neon Helmet	네온 헬멧	
/items/armors/arcana_cosmetics/arcana_head_nightmistGuise/arcana_head_nightmistGuise.head	itemName	arcana_head_nightmistGuise	나이트미스트 가면	
/items/armors/arcana_cosmetics/arcana_head_nightmistGuise/arcana_head_nightmistGuise.head	description	A mask worn by the grave-lurking azure shamans.	무덤에 잠복하는 하늘 주술사들의 가면.	
/items/armors/arcana_cosmetics/arcana_head_nightmistGuise/arcana_head_nightmistGuise.head	shortdescription	Nightmist Guise	나이트미스트 가면	
/items/armors/arcana_cosmetics/arcana_head_plaguedoctor/arcana_head_plaguedoctor.head	description	A mask in the shape of the Plague Doctor.	역병 의사 모양의 가면.	
/items/armors/arcana_cosmetics/arcana_head_plaguedoctor/arcana_head_plaguedoctor.head	shortdescription	Plague Doctor Mask	역병 의사 가면	
/items/armors/arcana_cosmetics/arcana_head_tinySva/arcana_head_tinySva.head	description	A tiny Sva!	작은 스바!	
/items/armors/arcana_cosmetics/arcana_head_tinySva/arcana_head_tinySva.head	shortdescription	Tiny Sva	타이니 스바	
/items/armors/arcana_cosmetics/arcana_head_tripledecker/arcana_head_tripledecker.head	description	TASTE the icy sweetness!	차가운 달콤함을 맛봐라!	
/items/armors/arcana_cosmetics/arcana_head_tripledecker/arcana_head_tripledecker.head	shortdescription	Triple Decking Slam	트리플 데킹 슬램	
/items/armors/arcana_cosmetics/contributors/arcana_head_aeonwitchhat/arcana_head_aeonwitchhat.head	description	A glowing witch hat.	빛나는 마녀 모자.	
/items/armors/arcana_cosmetics/contributors/arcana_head_aeonwitchhat/arcana_head_aeonwitchhat.head	shortdescription	Aeon Witch Hat	에이언 마녀 모자	
/items/armors/arcana_cosmetics/contributors/arcana_head_antlers/arcana_head_antlers.head	description	Dropped by an elk in the winter. ^orange;[imp]^reset;	겨울에 엘크가 떨어뜨린 것. ^orange;[imp]^reset;	
/items/armors/arcana_cosmetics/contributors/arcana_head_antlers/arcana_head_antlers.head	shortdescription	Antlers	순록 뿔	
/items/armors/arcana_cosmetics/contributors/arcana_head_ariasupporter/arcana_head_ariasupporter.head	description	Wait how'd you even learn about Aria?!	대체 아리아를 어떻게 알게 된 거야?!	
/items/armors/arcana_cosmetics/contributors/arcana_head_ariasupporter/arcana_head_ariasupporter.head	shortdescription	Aria Supporter	아리아 서포터	
/items/armors/arcana_cosmetics/contributors/arcana_head_batcowl/arcana_head_batcowl.head	description	The mask of a black knight. ^orange;[SpeedyDragon9k]^reset;	흑기사의 가면. ^orange;[SpeedyDragon9k]^reset;	
/items/armors/arcana_cosmetics/contributors/arcana_head_batcowl/arcana_head_batcowl.head	shortdescription	Bat Cowl	박쥐 카울	
/items/armors/arcana_cosmetics/contributors/arcana_head_birdofparadisehood/arcana_head_birdofparadisehood.head	description	A comfy green hood.	편안한 초록 후드.	
/items/armors/arcana_cosmetics/contributors/arcana_head_birdofparadisehood/arcana_head_birdofparadisehood.head	shortdescription	Bird of Paradise Hood	극락조 후드	
/items/armors/arcana_cosmetics/contributors/arcana_head_blairebustersupporter/arcana_head_blairebustersupporter.head	description	Designed by Baka B. Blaire herself!	바카 B. 블레어 본인이 디자인!	
/items/armors/arcana_cosmetics/contributors/arcana_head_blairebustersupporter/arcana_head_blairebustersupporter.head	shortdescription	Blaire Buster Supporter	블레어 버스터 서포터	
/items/armors/arcana_cosmetics/contributors/arcana_head_catwitchhat/arcana_head_catwitchhat.head	description	A purple witch hat with ears. Don't you know black cats are bad luck? ^orange;[Kazoo kid]^reset;	귀 달린 보라 마녀 모자. 검은 고양이는 불운이라던데? ^orange;[Kazoo kid]^reset;	
/items/armors/arcana_cosmetics/contributors/arcana_head_catwitchhat/arcana_head_catwitchhat.head	shortdescription	Cat Witch Hat	고양이 마녀 모자	
/items/armors/arcana_cosmetics/contributors/arcana_head_cheribombers/arcana_head_cheribombers.head	description	Pruned and ready to grow!	다듬어져 자랄 준비 완료!	
/items/armors/arcana_cosmetics/contributors/arcana_head_cheribombers/arcana_head_cheribombers.head	shortdescription	Cheri Bombers	체리 폭격기	
/items/armors/arcana_cosmetics/contributors/arcana_head_count01mask/arcana_head_count01mask.head	description	Is that dry blood on it or is that a loose wire? ^orange;[Armok]^reset;	마른 핏자국일까, 느슨한 전선일까? ^orange;[Armok]^reset;	
/items/armors/arcana_cosmetics/contributors/arcana_head_count01mask/arcana_head_count01mask.head	shortdescription	Count 01 Head	카운트 01 헤드	
/items/armors/arcana_cosmetics/contributors/arcana_head_cowboylantern/arcana_head_cowboylantern.head	description	Something wicked this way rides. ^orange;[BigIronJuliette]^reset;	사악한 것이 이리로 달려온다. ^orange;[BigIronJuliette]^reset;	
/items/armors/arcana_cosmetics/contributors/arcana_head_cowboylantern/arcana_head_cowboylantern.head	shortdescription	Cowboy Lantern	카우보이 랜턴	
/items/armors/arcana_cosmetics/contributors/arcana_head_coziesfiremask/arcana_head_coziesfiremask.head	description	The mask of a fire's warmth.	불의 따뜻함의 가면.	
/items/armors/arcana_cosmetics/contributors/arcana_head_coziesfiremask/arcana_head_coziesfiremask.head	shortdescription	Cozies Fire Mask	코지의 불 가면	
/items/armors/arcana_cosmetics/contributors/arcana_head_cryocatalysts/arcana_head_cryocatalysts.head	description	Your personal snow generator!	개인용 눈 발생기!	
/items/armors/arcana_cosmetics/contributors/arcana_head_cryocatalysts/arcana_head_cryocatalysts.head	shortdescription	Cryo Catalysts	크라이오 촉매	
/items/armors/arcana_cosmetics/contributors/arcana_head_darkwitchhat/arcana_head_darkwitchhat.head	description	An ominous and foreboding witch hat. A crescent moon dangles from it. ^orange;[Kazoo kid]^reset;	불길하고 험상궂은 마녀 모자. 초승달이 달려 있다. ^orange;[Kazoo kid]^reset;	
/items/armors/arcana_cosmetics/contributors/arcana_head_darkwitchhat/arcana_head_darkwitchhat.head	shortdescription	Dark Witch Hat	다크 마녀 모자	
/items/armors/arcana_cosmetics/contributors/arcana_head_demonlordsvisage/arcana_head_demonlordsvisage.head	description	The helm of a powerful demon lord.	강력한 마왕의 투구.	
/items/armors/arcana_cosmetics/contributors/arcana_head_demonlordsvisage/arcana_head_demonlordsvisage.head	shortdescription	Demon Lord's Visage	마왕의 얼굴	
/items/armors/arcana_cosmetics/contributors/arcana_head_efflorescentpetal/arcana_head_efflorescentpetal.head	description	Soft and cold to the touch!	만지면 부드럽고 차갑다!	
/items/armors/arcana_cosmetics/contributors/arcana_head_efflorescentpetal/arcana_head_efflorescentpetal.head	shortdescription	Efflorescent Petal	개화 꽃잎	
/items/armors/arcana_cosmetics/contributors/arcana_head_energyorb/arcana_head_energyorb.head	description	A convenient and comfortable headpiece that projects a ball of pure energy above your head!	머리 위로 순수 에너지 구체를 띄워주는 편리하고 편안한 헤드피스!	
/items/armors/arcana_cosmetics/contributors/arcana_head_energyorb/arcana_head_energyorb.head	shortdescription	Energy Orb	에너지 구슬	reuse
/items/armors/arcana_cosmetics/contributors/arcana_head_erchiusghosthead/arcana_head_erchiusghosthead.head	description	Angry Marshmallow. ^orange;[Malevolent VoidHeart]^reset;	화난 마시멜로. ^orange;[Malevolent VoidHeart]^reset;	
/items/armors/arcana_cosmetics/contributors/arcana_head_erchiusghosthead/arcana_head_erchiusghosthead.head	shortdescription	Erchius Ghost Head	엘키우스 유령 머리	
/items/armors/arcana_cosmetics/contributors/arcana_head_exousiavrheadset/arcana_head_exousiavrheadset.head	description	A VR headset!	VR 헤드셋!	
/items/armors/arcana_cosmetics/contributors/arcana_head_exousiavrheadset/arcana_head_exousiavrheadset.head	shortdescription	Exousia VR Headset	엑수시아 VR 헤드셋	
/items/armors/arcana_cosmetics/contributors/arcana_head_fakearcanianears/arcana_head_fakearcanianears.head	description	A pair of fake ears mimicking those of the astral canines. ^orange;[INVADA]^reset;	별의 개과 동물을 본뜬 가짜 귀. ^orange;[INVADA]^reset;	
/items/armors/arcana_cosmetics/contributors/arcana_head_fakearcanianears/arcana_head_fakearcanianears.head	shortdescription	Fake Arcanian Ears	가짜 아르카니안 귀	
/items/armors/arcana_cosmetics/contributors/arcana_head_fakegiltenhorns/arcana_head_fakegiltenhorns.head	description	A pair of fake horns mimicking those of the holy dragons. ^orange;[INVADA]^reset;	신성한 용을 본뜬 가짜 뿔. ^orange;[INVADA]^reset;	
/items/armors/arcana_cosmetics/contributors/arcana_head_fakegiltenhorns/arcana_head_fakegiltenhorns.head	shortdescription	Fake Gilten Horns	가짜 길텐 뿔	
/items/armors/arcana_cosmetics/contributors/arcana_head_giltenbeanie/arcana_head_giltenbeanie.head	description	A comfortable woven beanie.	편안한 짜임 비니.	
/items/armors/arcana_cosmetics/contributors/arcana_head_giltenbeanie/arcana_head_giltenbeanie.head	shortdescription	Gilten Beanie	길텐 비니	
/items/armors/arcana_cosmetics/contributors/arcana_head_hatalos/arcana_head_hatalos.head	description	This one won't ruin your style!	이건 스타일을 망치지 않는다!	
/items/armors/arcana_cosmetics/contributors/arcana_head_hatalos/arcana_head_hatalos.head	shortdescription	Hatalos	하탈로스	
/items/armors/arcana_cosmetics/contributors/arcana_head_hauntedantlers/arcana_head_hauntedantlers.head	description	Is it a good idea to wear these? ^orange;[imp]^reset;	이걸 쓰는 게 좋은 생각일까? ^orange;[imp]^reset;	
/items/armors/arcana_cosmetics/contributors/arcana_head_hauntedantlers/arcana_head_hauntedantlers.head	shortdescription	Haunted Antlers	유령 들린 순록 뿔	
/items/armors/arcana_cosmetics/contributors/arcana_head_hazolantern/arcana_head_hazolantern.head	description	With a built in respirator for getting through those rough patches. ^orange;[BigIronJuliette]^reset;	힘든 고비를 넘기 위한 내장 호흡기. ^orange;[BigIronJuliette]^reset;	
/items/armors/arcana_cosmetics/contributors/arcana_head_hazolantern/arcana_head_hazolantern.head	shortdescription	Haz o' Lantern	해즈 오 랜턴	
/items/armors/arcana_cosmetics/contributors/arcana_head_imphorns/arcana_head_imphorns.head	description	Pointy horns that stick straight up. ^orange;[imp]^reset;	곧게 솟은 뾰족한 뿔. ^orange;[imp]^reset;	
/items/armors/arcana_cosmetics/contributors/arcana_head_imphorns/arcana_head_imphorns.head	shortdescription	Imp Horns	임프 뿔	
/items/armors/arcana_cosmetics/contributors/arcana_head_jacobsheepshorns/arcana_head_jacobsheepshorns.head	description	Four horns, two point upward and two curve down. ^orange;[imp]^reset;	뿔 네 개, 두 개는 위로 뾰족하고 두 개는 아래로 휘었다. ^orange;[imp]^reset;	
/items/armors/arcana_cosmetics/contributors/arcana_head_jacobsheepshorns/arcana_head_jacobsheepshorns.head	shortdescription	Jacob Sheep's Horns	제이콥 양의 뿔	
/items/armors/arcana_cosmetics/contributors/arcana_head_kenopseacap/arcana_head_kenopseacap.head	description	A cap from a darkened distant world.	어두워진 머나먼 세계의 모자.	
/items/armors/arcana_cosmetics/contributors/arcana_head_kenopseacap/arcana_head_kenopseacap.head	shortdescription	Kenopsea Cap	케놉시아 모자	
/items/armors/arcana_cosmetics/contributors/arcana_head_kenopseahat/arcana_head_kenopseahat.head	description	A hat from a darkened distant world.	어두워진 머나먼 세계의 모자.	
/items/armors/arcana_cosmetics/contributors/arcana_head_kenopseahat/arcana_head_kenopseahat.head	shortdescription	Kenopsea Hat	케놉시아 모자	
/items/armors/arcana_cosmetics/contributors/arcana_head_kenopsearoundhat/arcana_head_kenopsearoundhat.head	description	A hat from a darkened distant world.	어두워진 머나먼 세계의 모자.	
/items/armors/arcana_cosmetics/contributors/arcana_head_kenopsearoundhat/arcana_head_kenopsearoundhat.head	shortdescription	Kenopsea Round Hat	케놉시아 둥근 모자	
/items/armors/arcana_cosmetics/contributors/arcana_head_kitsunemen/arcana_head_kitsunemen.head	description	Use this mask to hide yourself in a lively festival. ^orange;[Kumochan]^reset;	이 가면으로 시끌벅적한 축제 속에 숨어라. ^orange;[Kumochan]^reset;	
/items/armors/arcana_cosmetics/contributors/arcana_head_kitsunemen/arcana_head_kitsunemen.head	shortdescription	Kitsunemen	키츠네멘	
/items/armors/arcana_cosmetics/contributors/arcana_head_knighthelmet/arcana_head_knighthelmet.head	description	The helm of a knight.	기사의 투구.	
/items/armors/arcana_cosmetics/contributors/arcana_head_knighthelmet/arcana_head_knighthelmet.head	shortdescription	Knight Helmet	기사 헬멧	
/items/armors/arcana_cosmetics/contributors/arcana_head_livetargetpractice/arcana_head_livetargetpractice.head	description	Rookie mistake(s). ^orange;[Malevolent VoidHeart]^reset;	초보의 실수. ^orange;[Malevolent VoidHeart]^reset;	
/items/armors/arcana_cosmetics/contributors/arcana_head_livetargetpractice/arcana_head_livetargetpractice.head	shortdescription	Live Target Practice	살아있는 사격 표적	
/items/armors/arcana_cosmetics/contributors/arcana_head_log/arcana_head_log.head	description	A log! It's quite essential, or so I've heard.	통나무! 꽤 필수라더라고.	
/items/armors/arcana_cosmetics/contributors/arcana_head_lowbudgetvrheadset/arcana_head_lowbudgetvrheadset.head	description	A VR headset!	VR 헤드셋!	
/items/armors/arcana_cosmetics/contributors/arcana_head_lowbudgetvrheadset/arcana_head_lowbudgetvrheadset.head	shortdescription	Low Budget VR Headset	저예산 VR 헤드셋	
/items/armors/arcana_cosmetics/contributors/arcana_head_mageshood/arcana_head_mageshood.head	description	A hood worn by experienced mages.	숙련된 마법사들이 쓰는 후드.	
/items/armors/arcana_cosmetics/contributors/arcana_head_mageshood/arcana_head_mageshood.head	shortdescription	Mage's Hood	마법사의 후드	
/items/armors/arcana_cosmetics/contributors/arcana_head_mageshoodalt/arcana_head_mageshoodalt.head	description	A mage's hood. This variant has a different dyeable area.	마법사의 후드. 염색 부위가 다른 변형.	
/items/armors/arcana_cosmetics/contributors/arcana_head_mageshoodalt/arcana_head_mageshoodalt.head	shortdescription	Mage's Hood Alt	마법사의 후드 변형	
/items/armors/arcana_cosmetics/contributors/arcana_head_marilwyd/arcana_head_marilwyd.head	description	From an old holiday tradition on Earth. ^orange;[Agent Kirin]^reset;	지구의 오래된 명절 전통에서 유래. ^orange;[Agent Kirin]^reset;	
/items/armors/arcana_cosmetics/contributors/arcana_head_marilwyd/arcana_head_marilwyd.head	shortdescription	Mari Lwyd	마리 루이드	
/items/armors/arcana_cosmetics/contributors/arcana_head_neonskull/arcana_head_neonskull.head	description	A Cyberpunk mask for a Cyberpunk Halloween. ^orange;[Minewithhim]^reset;	사이버펑크 할로윈용 사이버펑크 가면. ^orange;[Minewithhim]^reset;	
/items/armors/arcana_cosmetics/contributors/arcana_head_neonskull/arcana_head_neonskull.head	shortdescription	Neon Skull	네온 스컬	
/items/armors/arcana_cosmetics/contributors/arcana_head_oceanivynymphhat/arcana_head_oceanivynymphhat.head	description	A colorful hat made from flowers.	꽃으로 만든 색색의 모자.	
/items/armors/arcana_cosmetics/contributors/arcana_head_oceanivynymphhat/arcana_head_oceanivynymphhat.head	shortdescription	Ocean Ivy Nymph Hat	바다 아이비 님프 모자	
/items/armors/arcana_cosmetics/contributors/arcana_head_orionvrheadset/arcana_head_orionvrheadset.head	description	A VR headset!	VR 헤드셋!	
/items/armors/arcana_cosmetics/contributors/arcana_head_orionvrheadset/arcana_head_orionvrheadset.head	shortdescription	Orion VR Headset	오리온 VR 헤드셋	
/items/armors/arcana_cosmetics/contributors/arcana_head_pumpkinwitchhat/arcana_head_pumpkinwitchhat.head	description	A purple witch hat with a pumpkin ribbon. ^orange;[Kazoo kid]^reset;	호박 리본이 달린 보라 마녀 모자. ^orange;[Kazoo kid]^reset;	
/items/armors/arcana_cosmetics/contributors/arcana_head_pumpkinwitchhat/arcana_head_pumpkinwitchhat.head	shortdescription	Pumpkin Witch Hat	호박 마녀 모자	
/items/armors/arcana_cosmetics/contributors/arcana_head_punkinhead/arcana_head_punkinhead.head	description	If you don't hand over your treats, prepare for nasty Tricks! ^orange;[cutieryan]^reset;	과자를 내놓지 않으면 고약한 장난을 각오하라! ^orange;[cutieryan]^reset;	
/items/armors/arcana_cosmetics/contributors/arcana_head_punkinhead/arcana_head_punkinhead.head	shortdescription	Punkin Head	펑킨 헤드	
/items/armors/arcana_cosmetics/contributors/arcana_head_purplevisor/arcana_head_purplevisor.head	description	A high tech purple visor.	하이테크 보라 바이저.	
/items/armors/arcana_cosmetics/contributors/arcana_head_purplevisor/arcana_head_purplevisor.head	shortdescription	Purple Visor	퍼플 바이저	
/items/armors/arcana_cosmetics/contributors/arcana_head_redseeker/arcana_head_redseeker.head	description	A single menacing red eye that stares into your soul. ^orange;[dr.nightmares2.0]^reset;	영혼을 꿰뚫어 보는 위협적인 붉은 눈. ^orange;[dr.nightmares2.0]^reset;	
/items/armors/arcana_cosmetics/contributors/arcana_head_redseeker/arcana_head_redseeker.head	shortdescription	Red Seeker	레드 시커	
/items/armors/arcana_cosmetics/contributors/arcana_head_redvisor/arcana_head_redvisor.head	description	A high tech red visor.	하이테크 빨간 바이저.	
/items/armors/arcana_cosmetics/contributors/arcana_head_redvisor/arcana_head_redvisor.head	shortdescription	Red Visor	레드 바이저	
/items/armors/arcana_cosmetics/contributors/arcana_head_requiem/arcana_head_requiem.head	description	The path to redemption is never an easy one. ^orange;[INVADA]^reset;	구원의 길은 결코 쉽지 않다. ^orange;[INVADA]^reset;	
/items/armors/arcana_cosmetics/contributors/arcana_head_requiem/arcana_head_requiem.head	shortdescription	Requiem	레퀴엠	
/items/armors/arcana_cosmetics/contributors/arcana_head_sandwormmaw/arcana_head_sandwormmaw.head	description	Eugh there's sand in here! ^orange;[Calano]^reset;	윽, 여기 모래가 들어있어! ^orange;[Calano]^reset;	
/items/armors/arcana_cosmetics/contributors/arcana_head_sandwormmaw/arcana_head_sandwormmaw.head	shortdescription	Sandworm Maw	샌드웜 주둥이	
/items/armors/arcana_cosmetics/contributors/arcana_head_sandwormstomach/arcana_head_sandwormstomach.head	description	Large enough to be a bag! ^orange;[Calano]^reset;	가방으로 쓸 만큼 크다! ^orange;[Calano]^reset;	
/items/armors/arcana_cosmetics/contributors/arcana_head_sandwormstomach/arcana_head_sandwormstomach.head	shortdescription	Sandworm Stomach	샌드웜 위	
/items/armors/arcana_cosmetics/contributors/arcana_head_sandwormtail/arcana_head_sandwormtail.head	description	Talk about rear support! ^orange;[Calano]^reset;	뒷받침이라니! ^orange;[Calano]^reset;	
/items/armors/arcana_cosmetics/contributors/arcana_head_sandwormtail/arcana_head_sandwormtail.head	shortdescription	Sandworm Tail	샌드웜 꼬리	
/items/armors/arcana_cosmetics/contributors/arcana_head_selinsupporter/arcana_head_selinsupporter.head	description	Yes, that's real Dawnfire!	그래, 진짜 던파이어 맞아!	
/items/armors/arcana_cosmetics/contributors/arcana_head_selinsupporter/arcana_head_selinsupporter.head	shortdescription	Selin Supporter	셀린 서포터	
/items/armors/arcana_cosmetics/contributors/arcana_head_slasholantern/arcana_head_slasholantern.head	description	The carved has become the carver. ^orange;[BigIronJuliette]^reset;	새겨진 자가 새기는 자가 되었다. ^orange;[BigIronJuliette]^reset;	
/items/armors/arcana_cosmetics/contributors/arcana_head_slasholantern/arcana_head_slasholantern.head	shortdescription	Slash o' Lantern	슬래시 오 랜턴	
/items/armors/arcana_cosmetics/contributors/arcana_head_sorcerershood/arcana_head_sorcerershood.head	description	A hood worn by experienced sorcerers.	숙련된 마술사들이 쓰는 후드.	
/items/armors/arcana_cosmetics/contributors/arcana_head_sorcerershood/arcana_head_sorcerershood.head	shortdescription	Sorcerer's Hood	마술사의 후드	
/items/armors/arcana_cosmetics/contributors/arcana_head_sorcerershoodalt/arcana_head_sorcerershoodalt.head	description	A sorcerer's hood. This variant has a different dyeable area.	마술사의 후드. 염색 부위가 다른 변형.	
/items/armors/arcana_cosmetics/contributors/arcana_head_sorcerershoodalt/arcana_head_sorcerershoodalt.head	shortdescription	Sorcerer's Hood Alt	마술사의 후드 변형	
/items/armors/arcana_cosmetics/contributors/arcana_head_supremewachterhelmet/arcana_head_supremewachterhelmet.head	description	A modified wachter helmet.	개조된 바흐터 헬멧.	
/items/armors/arcana_cosmetics/contributors/arcana_head_supremewachterhelmet/arcana_head_supremewachterhelmet.head	shortdescription	Supreme Wachter Helmet	슈프림 바흐터 헬멧	
/items/armors/arcana_cosmetics/contributors/arcana_head_vanillavrheadset/arcana_head_vanillavrheadset.head	description	A VR headset!	VR 헤드셋!	
/items/armors/arcana_cosmetics/contributors/arcana_head_vanillavrheadset/arcana_head_vanillavrheadset.head	shortdescription	Vanilla VR Headset	바닐라 VR 헤드셋	
/items/armors/arcana_cosmetics/contributors/arcana_head_wildprarienymphhat/arcana_head_wildprarienymphhat.head	description	A colorful hat made from flowers.	꽃으로 만든 색색의 모자.	
/items/armors/arcana_cosmetics/contributors/arcana_head_wildprarienymphhat/arcana_head_wildprarienymphhat.head	shortdescription	Wild Prarie Nymph Hat	들판 님프 모자	
/items/armors/arcana_wings/arcana_back_chaserWings/arcana_back_chaserWings.back	itemName	arcana_back_chaserWings	체이서 날개	
/items/armors/arcana_wings/arcana_back_chaserWings/arcana_back_chaserWings.back	description	A pair of wings.	한 쌍의 날개.	
/items/armors/arcana_wings/arcana_back_chaserWings/arcana_back_chaserWings.back	shortdescription	Chaser Wings	체이서 날개	
/items/armors/arcana_wings/arcana_back_cherubimWings/arcana_back_cherubimWings.back	itemName	arcana_back_cherubimWings	케루빔 날개	
/items/armors/arcana_wings/arcana_back_cherubimWings/arcana_back_cherubimWings.back	description	A pair of wings of the Gilten race, the holy dragons.	신성한 용 길텐족의 한 쌍의 날개.	
/items/armors/arcana_wings/arcana_back_cherubimWings/arcana_back_cherubimWings.back	shortdescription	Cherubim Wings	케루빔 날개	
/items/armors/arcana_wings/arcana_back_foliageWings/arcana_back_foliageWings.back	itemName	arcana_back_foliageWings	풀잎 날개	
/items/armors/arcana_wings/arcana_back_foliageWings/arcana_back_foliageWings.back	description	A pair of wings.	한 쌍의 날개.	
/items/armors/arcana_wings/arcana_back_foliageWings/arcana_back_foliageWings.back	shortdescription	Foliage Wings	풀잎 날개	
/items/armors/arcana_wings/arcana_back_lucidWings/arcana_back_lucidWings.back	itemName	arcana_back_lucidWings	루시드 날개	
/items/armors/arcana_wings/arcana_back_lucidWings/arcana_back_lucidWings.back	description	A pair of wings.	한 쌍의 날개.	
/items/armors/arcana_wings/arcana_back_lucidWings/arcana_back_lucidWings.back	shortdescription	Lucid Wings	루시드 날개	
/items/armors/arcana_wings/arcana_back_monarchWings/arcana_back_monarchWings.back	itemName	arcana_back_monarchWings	모나크 날개	
/items/armors/arcana_wings/arcana_back_monarchWings/arcana_back_monarchWings.back	description	A pair of wings.	한 쌍의 날개.	
/items/armors/arcana_wings/arcana_back_monarchWings/arcana_back_monarchWings.back	shortdescription	Monarch Wings	모나크 날개	
/items/armors/arcana_wings/arcana_back_seraphimWings/arcana_back_seraphimWings.back	itemName	arcana_back_seraphimWings	세라핌 날개	
/items/armors/arcana_wings/arcana_back_seraphimWings/arcana_back_seraphimWings.back	description	A pair of wings of the Gilten race, the holy dragons.	신성한 용 길텐족의 한 쌍의 날개.	
/items/armors/arcana_wings/arcana_back_seraphimWings/arcana_back_seraphimWings.back	shortdescription	Seraphim Wings	세라핌 날개	
/items/armors/arcanian/arcana_armor_arcka/arcana_armor_arcka.chest	description	An Arcanian ship crew outfit. ^green;+5% Azure res.^reset;	아르카니안 함선 승무원 복장. ^green;+5% 아주르 저항.^reset;	
/items/armors/arcanian/arcana_armor_arcka/arcana_armor_arcka.chest	shortdescription	Arcka Uniform	아르카 제복	reuse
/items/armors/arcanian/arcana_armor_arcka/arcana_armor_arcka.head	description	An Arcanian ship crew outfit. ^green;+5% Azure res.^reset;	아르카니안 함선 승무원 복장. ^green;+5% 아주르 저항.^reset;	
/items/armors/arcanian/arcana_armor_arcka/arcana_armor_arcka.head	shortdescription	Arcka Cap	아르카 모자	
/items/armors/arcanian/arcana_armor_arcka/arcana_armor_arcka.legs	description	An Arcanian ship crew outfit. ^green;+5% Azure res.^reset;	아르카니안 함선 승무원 복장. ^green;+5% 아주르 저항.^reset;	
/items/armors/arcanian/arcana_armor_arcka/arcana_armor_arcka.legs	shortdescription	Arcka Pants	아르카 바지	reuse
/items/armors/arcanian/arcana_armor_electromage/arcana_armor_electromage.back	description	A coat worn by experienced arcanian mages.	숙련된 아르카니안 마법사들이 입는 코트.	
/items/armors/arcanian/arcana_armor_electromage/arcana_armor_electromage.back	shortdescription	Electromage's Coat	일렉트로메이지의 코트	
/items/armors/arcanian/arcana_armor_electromage/arcana_armor_electromage.chest	description	An ornate clothing worn by arcanian technomancers.	아르카니안 테크노맨서들이 입는 화려한 옷.	
/items/armors/arcanian/arcana_armor_electromage/arcana_armor_electromage.chest	shortdescription	Electromage's Coverings	일렉트로메이지의 외투	
/items/armors/arcanian/arcana_armor_electromage/arcana_armor_electromage.head	description	An ornate clothing worn by arcanian technomancers.	아르카니안 테크노맨서들이 입는 화려한 옷.	
/items/armors/arcanian/arcana_armor_electromage/arcana_armor_electromage.head	shortdescription	Electromage's Headpiece	일렉트로메이지의 헤드피스	
/items/armors/arcanian/arcana_armor_electromage/arcana_armor_electromage.legs	description	An ornate clothing worn by arcanian technomancers.	아르카니안 테크노맨서들이 입는 화려한 옷.	
/items/armors/arcanian/arcana_armor_electromage/arcana_armor_electromage.legs	shortdescription	Electromage's Bottoms	일렉트로메이지의 하의	
/items/armors/arcanian/arcana_armor_goldheadpiece/arcana_armor_goldheadpiece.head	description	A gold decorative headpiece.	금 장식 헤드피스.	
/items/armors/arcanian/arcana_armor_goldheadpiece/arcana_armor_goldheadpiece.head	shortdescription	Gold Headpiece	골드 헤드피스	
/items/armors/arcanian/arcana_armor_magnate/arcana_armor_magnate.chest	description	A fabric clothing worn by Arcanian merchants. ^green;+5% Azure res.^reset;	아르카니안 상인들이 입는 직물 옷. ^green;+5% 아주르 저항^reset;	reuse
/items/armors/arcanian/arcana_armor_magnate/arcana_armor_magnate.chest	shortdescription	Magnate Covering	매그네이트 외투	reuse
/items/armors/arcanian/arcana_armor_magnate/arcana_armor_magnate.head	description	A fabric clothing worn by Arcanian merchants. ^green;+5% Azure res.^reset;	아르카니안 상인들이 입는 직물 옷. ^green;+5% 아주르 저항^reset;	reuse
/items/armors/arcanian/arcana_armor_magnate/arcana_armor_magnate.head	shortdescription	Magnate Hat	매그네이트 모자	
/items/armors/arcanian/arcana_armor_magnate/arcana_armor_magnate.legs	description	A fabric clothing worn by Arcanian merchants. ^green;+5% Azure res.^reset;	아르카니안 상인들이 입는 직물 옷. ^green;+5% 아주르 저항^reset;	reuse
/items/armors/arcanian/arcana_armor_magnate/arcana_armor_magnate.legs	shortdescription	Magnate Greaves	매그네이트 그리브	reuse
/items/armors/arcanian/arcana_armor_oceanite/arcana_armor_oceanite.chest	description	An armor soaked with the scent of the azure sea.	푸른 바다 향기가 밴 갑옷.	reuse
/items/armors/arcanian/arcana_armor_oceanite/arcana_armor_oceanite.chest	shortdescription	Oceanite Covering	오셔나이트 외투	reuse
/items/armors/arcanian/arcana_armor_oceanite/arcana_armor_oceanite.head	description	An armor soaked with the scent of the azure sea. ^green;+5% Azure res.^reset;	푸른 바다 향기가 밴 갑옷. ^green;+5% 아주르 저항^reset;	reuse
/items/armors/arcanian/arcana_armor_oceanite/arcana_armor_oceanite.head	shortdescription	Oceanite Hood	오셔나이트 후드	
/items/armors/arcanian/arcana_armor_oceanite/arcana_armor_oceanite.legs	description	An armor soaked with the scent of the azure sea. ^green;+5% Azure res.^reset;	푸른 바다 향기가 밴 갑옷. ^green;+5% 아주르 저항^reset;	reuse
/items/armors/arcanian/arcana_armor_oceanite/arcana_armor_oceanite.legs	shortdescription	Oceanite Pants	오셔나이트 바지	reuse
/items/armors/arcanian/arcana_armor_runic/arcana_armor_runic.chest	description	An ornate clothing covered with runic inscriptions.	룬 문자가 새겨진 화려한 옷.	
/items/armors/arcanian/arcana_armor_runic/arcana_armor_runic.chest	shortdescription	Runic Coverings	루닉 외투	
/items/armors/arcanian/arcana_armor_runic/arcana_armor_runic.head	description	An ornate clothing covered with runic inscriptions.	룬 문자가 새겨진 화려한 옷.	
/items/armors/arcanian/arcana_armor_runic/arcana_armor_runic.head	shortdescription	Runic Headpiece	루닉 헤드피스	
/items/armors/arcanian/arcana_armor_runic/arcana_armor_runic.legs	description	An ornate clothing covered with runic inscriptions.	룬 문자가 새겨진 화려한 옷.	
/items/armors/arcanian/arcana_armor_runic/arcana_armor_runic.legs	shortdescription	Runic Bottoms	루닉 하의	
/items/armors/arcanian/arcana_armor_runicalt/arcana_armor_runicalt.head	description	An ornate clothing covered with runic inscriptions.	룬 문자가 새겨진 화려한 옷.	
/items/armors/arcanian/arcana_armor_runicalt/arcana_armor_runicalt.head	shortdescription	Runic Mask	루닉 마스크	
/items/armors/arcanian/arcana_armor_stargleam/arcana_armor_stargleam.chest	description	A bygone outfit, once worn by Arcanian starfarers.	한때 아르카니안 별 여행자들이 입던 지난날의 옷.	
/items/armors/arcanian/arcana_armor_stargleam/arcana_armor_stargleam.chest	shortdescription	Stargleam Coverings	스타글림 외투	
/items/armors/arcanian/arcana_armor_stargleam/arcana_armor_stargleam.head	description	A bygone outfit, once worn by Arcanian starfarers.	한때 아르카니안 별 여행자들이 입던 지난날의 옷.	
/items/armors/arcanian/arcana_armor_stargleam/arcana_armor_stargleam.head	shortdescription	Stargleam Headpiece	스타글림 헤드피스	
/items/armors/arcanian/arcana_armor_stargleam/arcana_armor_stargleam.legs	description	A bygone outfit, once worn by Arcanian starfarers.	한때 아르카니안 별 여행자들이 입던 지난날의 옷.	
/items/armors/arcanian/arcana_armor_stargleam/arcana_armor_stargleam.legs	shortdescription	Stargleam Bottoms	스타글림 하의	
/items/armors/arcanian/arcana_armor_starwalker/arcana_armor_starwalker.chest	description	A loose fitting Arcanian outfit.	헐렁한 아르카니안 옷.	
/items/armors/arcanian/arcana_armor_starwalker/arcana_armor_starwalker.chest	shortdescription	Starwalker Coverings	스타워커 외투	
/items/armors/arcanian/arcana_armor_starwalker/arcana_armor_starwalker.head	description	An Arcanian decorative headpiece.	아르카니안 장식 헤드피스.	
/items/armors/arcanian/arcana_armor_starwalker/arcana_armor_starwalker.head	shortdescription	Starwalker Headpiece	스타워커 헤드피스	
/items/armors/arcanian/arcana_armor_starwalker/arcana_armor_starwalker.legs	description	A loose fitting Arcanian outfit.	헐렁한 아르카니안 옷.	
/items/armors/arcanian/arcana_armor_starwalker/arcana_armor_starwalker.legs	shortdescription	Starwalker Bottoms	스타워커 하의	
/items/armors/arcanian/arcana_armor_technomancer/arcana_armor_technomancer.chest	description	An ornate clothing worn by arcanian technomancers.	아르카니안 테크노맨서들이 입는 화려한 옷.	
/items/armors/arcanian/arcana_armor_technomancer/arcana_armor_technomancer.chest	shortdescription	Technomancer's Coverings	테크노맨서의 외투	
/items/armors/arcanian/arcana_armor_technomancer/arcana_armor_technomancer.head	description	An ornate clothing worn by arcanian technomancers.	아르카니안 테크노맨서들이 입는 화려한 옷.	
/items/armors/arcanian/arcana_armor_technomancer/arcana_armor_technomancer.head	shortdescription	Technomancer's Headpiece	테크노맨서의 헤드피스	
/items/armors/arcanian/arcana_armor_technomancer/arcana_armor_technomancer.legs	description	An ornate clothing worn by arcanian technomancers.	아르카니안 테크노맨서들이 입는 화려한 옷.	
/items/armors/arcanian/arcana_armor_technomancer/arcana_armor_technomancer.legs	shortdescription	Technomancer's Bottoms	테크노맨서의 하의	
/items/armors/arcanian/arcana_armor_technomancer/arcana_armor_technomanceralt.chest	description	An ornate clothing worn by arcanian technomancers.	아르카니안 테크노맨서들이 입는 화려한 옷.	
/items/armors/arcanian/arcana_armor_technomancer/arcana_armor_technomanceralt.chest	shortdescription	Technomancer's Coverings	테크노맨서의 외투	
/items/armors/arcanian/arcanian-outfit1/arcanianoutfit1.chest	description	An Arcanian chestwear.	아르카니안 상의.	reuse
/items/armors/arcanian/arcanian-outfit1/arcanianoutfit1.chest	shortdescription	Arcanium Shroud	아르카니움 외피	reuse
/items/armors/arcanian/arcanian-outfit1/arcanianoutfit1.legs	description	A decorated loincloth.	장식된 앞가리개.	reuse
/items/armors/arcanian/arcanian-outfit1/arcanianoutfit1.legs	shortdescription	Arcanian Loincloth	아르카니안 앞가리개	reuse
/items/armors/carnival/arcana_armor_bloodAssassin/arcana_armor_bloodAssassin.chest	itemName	arcana_armor_bloodAssassin_chest	블러드 어새신 흉갑	
/items/armors/carnival/arcana_armor_bloodAssassin/arcana_armor_bloodAssassin.chest	description	A piece of blood soaked clothing.	피에 젖은 옷.	
/items/armors/carnival/arcana_armor_bloodAssassin/arcana_armor_bloodAssassin.chest	shortdescription	Blood Assassin Armor	블러드 어새신 갑옷	
/items/armors/carnival/arcana_armor_bloodAssassin/arcana_armor_bloodAssassin.head	itemName	arcana_armor_bloodAssassin_head	블러드 어새신 투구	
/items/armors/carnival/arcana_armor_bloodAssassin/arcana_armor_bloodAssassin.head	description	A piece of blood soaked clothing.	피에 젖은 옷.	
/items/armors/carnival/arcana_armor_bloodAssassin/arcana_armor_bloodAssassin.head	shortdescription	Blood Assassin Helm	블러드 어새신 헬름	
/items/armors/carnival/arcana_armor_bloodAssassin/arcana_armor_bloodAssassin.legs	itemName	arcana_armor_bloodAssassin_legs	블러드 어새신 다리 갑옷	
/items/armors/carnival/arcana_armor_bloodAssassin/arcana_armor_bloodAssassin.legs	description	A piece of blood soaked clothing.	피에 젖은 옷.	
/items/armors/carnival/arcana_armor_bloodAssassin/arcana_armor_bloodAssassin.legs	shortdescription	Blood Assassin Greaves	블러드 어새신 그리브	
/items/armors/carnival/arcana_armor_butcher/arcana_armor_butcher.chest	description	A piece of blood soaked clothing.	피에 젖은 옷.	
/items/armors/carnival/arcana_armor_butcher/arcana_armor_butcher.chest	shortdescription	Butcher Armor	도살자 갑옷	
/items/armors/carnival/arcana_armor_butcher/arcana_armor_butcher.head	description	A piece of blood soaked clothing.	피에 젖은 옷.	
/items/armors/carnival/arcana_armor_butcher/arcana_armor_butcher.head	shortdescription	Butcher Helm	도살자 헬름	
/items/armors/carnival/arcana_armor_butcher/arcana_armor_butcher.legs	description	A piece of blood soaked clothing.	피에 젖은 옷.	
/items/armors/carnival/arcana_armor_butcher/arcana_armor_butcher.legs	shortdescription	Butcher Greaves	도살자 그리브	
/items/armors/exousia/arcana_armor_exousia_anhanger/arcana_armor_exousia_anhanger.chest	description	An abyss armor worn by Horizon elites.	호라이즌 정예가 입는 어비스 갑옷.	reuse
/items/armors/exousia/arcana_armor_exousia_anhanger/arcana_armor_exousia_anhanger.chest	shortdescription	Erexeno Suit	에렉세노 슈트	reuse
/items/armors/exousia/arcana_armor_exousia_anhanger/arcana_armor_exousia_anhanger.head	description	An abyss armor worn by Horizon elites.	호라이즌 정예가 입는 어비스 갑옷.	reuse
/items/armors/exousia/arcana_armor_exousia_anhanger/arcana_armor_exousia_anhanger.head	shortdescription	Erexeno Hat	에렉세노 모자	
/items/armors/exousia/arcana_armor_exousia_anhanger/arcana_armor_exousia_anhanger.legs	description	An abyss armor worn by Horizon elites.	호라이즌 정예가 입는 어비스 갑옷.	reuse
/items/armors/exousia/arcana_armor_exousia_anhanger/arcana_armor_exousia_anhanger.legs	shortdescription	Erexeno Leggings	에렉세노 레깅스	reuse
/items/armors/exousia/arcana_armor_exousia_nordwolf/arcana_armor_exousia_nordwolf.chest	description	A standard military armor worn by Exousian soldiers.	엑수시안 군인용 표준 군용 갑옷.	reuse
/items/armors/exousia/arcana_armor_exousia_nordwolf/arcana_armor_exousia_nordwolf.chest	shortdescription	Nordwolf Suit	노르드울프 슈트	reuse
/items/armors/exousia/arcana_armor_exousia_nordwolf/arcana_armor_exousia_nordwolf.head	description	A standard military armor worn by Exousian soldiers.	엑수시안 군인용 표준 군용 갑옷.	reuse
/items/armors/exousia/arcana_armor_exousia_nordwolf/arcana_armor_exousia_nordwolf.head	shortdescription	Nordwolf Helm	노르드울프 헬름	
/items/armors/exousia/arcana_armor_exousia_nordwolf/arcana_armor_exousia_nordwolf.legs	description	A standard military armor worn by Exousian soldiers.	엑수시안 군인용 표준 군용 갑옷.	reuse
/items/armors/exousia/arcana_armor_exousia_nordwolf/arcana_armor_exousia_nordwolf.legs	shortdescription	Nordwolf Leggings	노르드울프 레깅스	reuse
/items/armors/exousia/arcana_armor_exousia_soldat/arcana_armor_exousia_soldat.chest	description	A standard military armor worn by Exousian soldiers.	엑수시안 군인용 표준 군용 갑옷.	reuse
/items/armors/exousia/arcana_armor_exousia_soldat/arcana_armor_exousia_soldat.chest	shortdescription	Soldat Suit	졸다트 슈트	reuse
/items/armors/exousia/arcana_armor_exousia_soldat/arcana_armor_exousia_soldat.head	description	A standard military armor worn by Exousian soldiers.	엑수시안 군인용 표준 군용 갑옷.	reuse
/items/armors/exousia/arcana_armor_exousia_soldat/arcana_armor_exousia_soldat.head	shortdescription	Soldat Helm	졸다트 헬름	
/items/armors/exousia/arcana_armor_exousia_soldat/arcana_armor_exousia_soldat.legs	description	A standard military armor worn by Exousian soldiers.	엑수시안 군인용 표준 군용 갑옷.	reuse
/items/armors/exousia/arcana_armor_exousia_soldat/arcana_armor_exousia_soldat.legs	shortdescription	Soldat Leggings	졸다트 레깅스	reuse
/items/armors/exousia/arcana_armor_exousia_wachter/arcana_armor_exousia_wachter.chest	description	A standard armor worn by Exousian police officers. ^green;+4% Physical res.^reset;	엑수시안 경찰관용 표준 갑옷. ^green;+4% 물리 저항^reset;	reuse
/items/armors/exousia/arcana_armor_exousia_wachter/arcana_armor_exousia_wachter.chest	shortdescription	Wachter Suit	바흐터 슈트	reuse
/items/armors/exousia/arcana_armor_exousia_wachter/arcana_armor_exousia_wachter.head	description	A standard armor worn by Exousian police officers. ^green;+2% Physical res.^reset;	엑수시안 경찰관용 표준 갑옷. ^green;+2% 물리 저항.^reset;	
/items/armors/exousia/arcana_armor_exousia_wachter/arcana_armor_exousia_wachter.head	shortdescription	Wachter Helm	바흐터 헬름	
/items/armors/exousia/arcana_armor_exousia_wachter/arcana_armor_exousia_wachter.legs	description	A standard armor worn by Exousian police officers. ^green;+4% Physical res.^reset;	엑수시안 경찰관용 표준 갑옷. ^green;+4% 물리 저항^reset;	reuse
/items/armors/exousia/arcana_armor_exousia_wachter/arcana_armor_exousia_wachter.legs	shortdescription	Wachter Leggings	바흐터 레깅스	reuse
/items/armors/gilten/arcana_armor_aureaUniform/arcana_armor_aureaUniform.chest	itemName	arcana_armor_aureaUniform_chest	아우레아 제복 흉갑	
/items/armors/gilten/arcana_armor_aureaUniform/arcana_armor_aureaUniform.chest	description	A standard uniform worn by Seeker trainees.	시커 견습생용 표준 제복.	
/items/armors/gilten/arcana_armor_aureaUniform/arcana_armor_aureaUniform.chest	shortdescription	Seeker Uniform	시커 제복	
/items/armors/gilten/arcana_armor_aureaUniform/arcana_armor_aureaUniform.legs	itemName	arcana_armor_aureaUniform_legs	아우레아 제복 바지	
/items/armors/gilten/arcana_armor_aureaUniform/arcana_armor_aureaUniform.legs	description	A standard uniform worn by Seeker trainees.	시커 견습생용 표준 제복.	
/items/armors/gilten/arcana_armor_aureaUniform/arcana_armor_aureaUniform.legs	shortdescription	Seeker Pants	시커 바지	
/items/armors/gilten/arcana_armor_aureaguarduniform/arcana_armor_aureaguarduniform.chest	description	A uniform worn by high rank Seekers. Despite this, it's mostly for cosmetics.	고위 시커용 제복. 그래도 대부분 장식용이다.	
/items/armors/gilten/arcana_armor_aureaguarduniform/arcana_armor_aureaguarduniform.chest	shortdescription	Elite Seeker Uniform	엘리트 시커 제복	
/items/armors/gilten/arcana_armor_aureaguarduniform/arcana_armor_aureaguarduniform.head	description	A uniform worn by top performing Seekers. ^green;Grants +30% Max Health.^reset;	최우수 시커용 제복. ^green;+30% 최대 체력 부여.^reset;	
/items/armors/gilten/arcana_armor_aureaguarduniform/arcana_armor_aureaguarduniform.head	shortdescription	Elite Seeker Helm	엘리트 시커 헬름	
/items/armors/gilten/arcana_armor_aureaguarduniform/arcana_armor_aureaguarduniform.legs	description	A uniform worn by high rank Seekers. Despite this, it's mostly for cosmetics.	고위 시커용 제복. 그래도 대부분 장식용이다.	
/items/armors/gilten/arcana_armor_aureaguarduniform/arcana_armor_aureaguarduniform.legs	shortdescription	Elite Seeker Pants	엘리트 시커 바지	
/items/armors/gilten/arcana_armor_beholder/arcana_armor_beholder.chest	description	A strengthened robe worn by ancient prophets.	고대 예언자들이 입던 강화된 로브.	reuse
/items/armors/gilten/arcana_armor_beholder/arcana_armor_beholder.chest	shortdescription	Beholder Robe	비홀더 로브	reuse
/items/armors/gilten/arcana_armor_beholder/arcana_armor_beholder.head	description	A strengthened armor worn by ancient prophets.	고대 예언자들이 입던 강화된 갑옷.	reuse
/items/armors/gilten/arcana_armor_beholder/arcana_armor_beholder.head	shortdescription	Beholder Hood	비홀더 후드	
/items/armors/gilten/arcana_armor_beholder/arcana_armor_beholder.legs	description	A strengthened armor worn by ancient prophets.	고대 예언자들이 입던 강화된 갑옷.	reuse
/items/armors/gilten/arcana_armor_beholder/arcana_armor_beholder.legs	shortdescription	Beholder Bottom	비홀더 하의	reuse
/items/armors/gilten/arcana_armor_brightguard/arcana_armor_brightguard.chest	description	A formal guard outfit reinforced with alien metal.	외계 금속으로 보강된 정장 근위대 복장.	reuse
/items/armors/gilten/arcana_armor_brightguard/arcana_armor_brightguard.chest	shortdescription	Brightguard Uniform	브라이트가드 제복	reuse
/items/armors/gilten/arcana_armor_brightguard/arcana_armor_brightguard.head	description	A formal guard outfit reinforced with alien metal.	외계 금속으로 보강된 정장 근위대 복장.	reuse
/items/armors/gilten/arcana_armor_brightguard/arcana_armor_brightguard.head	shortdescription	Brightguard Cap	브라이트가드 모자	
/items/armors/gilten/arcana_armor_brightguard/arcana_armor_brightguard.legs	description	A formal guard outfit reinforced with alien metal.	외계 금속으로 보강된 정장 근위대 복장.	reuse
/items/armors/gilten/arcana_armor_brightguard/arcana_armor_brightguard.legs	shortdescription	Brightguard Bottom	브라이트가드 하의	reuse
/items/armors/gilten/arcana_armor_brightlite/arcana_armor_brightlite.chest	description	A formal guard outfit reinforced with alien metal.	외계 금속으로 보강된 정장 근위대 복장.	reuse
/items/armors/gilten/arcana_armor_brightlite/arcana_armor_brightlite.chest	shortdescription	Brightlite Uniform	브라이트라이트 제복	reuse
/items/armors/gilten/arcana_armor_brightlite/arcana_armor_brightlite.head	description	A formal guard outfit reinforced with alien metal.	외계 금속으로 보강된 정장 근위대 복장.	reuse
/items/armors/gilten/arcana_armor_brightlite/arcana_armor_brightlite.head	shortdescription	Brightlite Cap	브라이트라이트 모자	
/items/armors/gilten/arcana_armor_brightlite/arcana_armor_brightlite.legs	description	A formal guard outfit reinforced with alien metal.	외계 금속으로 보강된 정장 근위대 복장.	reuse
/items/armors/gilten/arcana_armor_brightlite/arcana_armor_brightlite.legs	shortdescription	Brightlite Bottom	브라이트라이트 하의	reuse
/items/armors/gilten/arcana_armor_devotee/arcana_armor_devotee.chest	description	Clothing once worn by the ancient holy devotees. ^green;+2% Light Res.^reset; ^red;-2% Physical Res.^reset;	고대 성직 신도들이 입던 옷. ^green;+2% 광 저항^reset; ^red;-2% 물리 저항^reset;	reuse
/items/armors/gilten/arcana_armor_devotee/arcana_armor_devotee.chest	shortdescription	Devotee Armor	신도의 갑옷	reuse
/items/armors/gilten/arcana_armor_devotee/arcana_armor_devotee.head	description	Clothing once worn by the ancient holy devotees. ^green;+2% Light Res.^reset; ^red;-2% Physical Res.^reset;	고대 성직 신도들이 입던 옷. ^green;+2% 광 저항^reset; ^red;-2% 물리 저항^reset;	reuse
/items/armors/gilten/arcana_armor_devotee/arcana_armor_devotee.head	shortdescription	Devotee Helm	신도의 헬름	
/items/armors/gilten/arcana_armor_devotee/arcana_armor_devotee.legs	description	Clothing once worn by the ancient holy devotees. ^green;+2% Light Res.^reset; ^red;-2% Physical Res.^reset;	고대 성직 신도들이 입던 옷. ^green;+2% 광 저항^reset; ^red;-2% 물리 저항^reset;	reuse
/items/armors/gilten/arcana_armor_devotee/arcana_armor_devotee.legs	shortdescription	Devotee Greaves	신도의 그리브	reuse
/items/armors/gilten/arcana_armor_disciple/arcana_armor_disciple.chest	description	A basic ceremonial clothing worn by the Gilten.	길텐족이 입는 기본 의식복.	reuse
/items/armors/gilten/arcana_armor_disciple/arcana_armor_disciple.chest	shortdescription	Disciple Garb	제자의 의복	reuse
/items/armors/gilten/arcana_armor_disciple/arcana_armor_disciple.head	description	A basic ceremonial clothing worn by the Gilten.	길텐족이 입는 기본 의식복.	reuse
/items/armors/gilten/arcana_armor_disciple/arcana_armor_disciple.head	shortdescription	Disciple Hood	제자의 후드	
/items/armors/gilten/arcana_armor_disciple/arcana_armor_disciple.legs	description	A basic ceremonial clothing worn by the Gilten.	길텐족이 입는 기본 의식복.	reuse
/items/armors/gilten/arcana_armor_disciple/arcana_armor_disciple.legs	shortdescription	Disciple Trousers	제자의 바지	reuse
/items/armors/gilten/arcana_armor_disciple/arcana_armor_disciple_alt.chest	description	A basic ceremonial clothing worn by the Gilten.	길텐족이 입는 기본 의식복.	reuse
/items/armors/gilten/arcana_armor_disciple/arcana_armor_disciple_alt.chest	shortdescription	Disciple Garb	제자의 의복	reuse
/items/armors/gilten/arcana_armor_gralsigh/arcana_armor_gralsigh.chest	description	A glinting golden armor from the ancient times. ^green;+4% Fire and Ice Res.^reset;	고대의 번쩍이는 황금 갑옷. ^green;+4% 화염·냉기 저항^reset;	reuse
/items/armors/gilten/arcana_armor_gralsigh/arcana_armor_gralsigh.chest	shortdescription	Gralsigh Armor	그랄시그 갑옷	reuse
/items/armors/gilten/arcana_armor_gralsigh/arcana_armor_gralsigh.head	description	A glinting golden armor from the ancient times. ^green;+4% Fire and Ice Res.^reset;	고대의 번쩍이는 황금 갑옷. ^green;+4% 화염·냉기 저항^reset;	reuse
/items/armors/gilten/arcana_armor_gralsigh/arcana_armor_gralsigh.head	shortdescription	Gralsigh Helm	그랄시그 헬름	
/items/armors/gilten/arcana_armor_gralsigh/arcana_armor_gralsigh.legs	description	A glinting golden armor from the ancient times. ^green;+4% Fire and Ice Res.^reset;	고대의 번쩍이는 황금 갑옷. ^green;+4% 화염·냉기 저항^reset;	reuse
/items/armors/gilten/arcana_armor_gralsigh/arcana_armor_gralsigh.legs	shortdescription	Gralsigh Greaves	그랄시그 그리브	reuse
/items/armors/gilten/arcana_armor_inquisitor/arcana_armor_inquisitor.chest	description	Uniform worn by Gilten Inquisitors. ^green;+4% Light Res.^reset;	길텐 심문관용 제복. ^green;+4% 광 저항.^reset;	
/items/armors/gilten/arcana_armor_inquisitor/arcana_armor_inquisitor.chest	shortdescription	Inquisitor Armor	심문관 갑옷	
/items/armors/gilten/arcana_armor_inquisitor/arcana_armor_inquisitor.head	description	Uniform worn by Gilten Inquisitors. ^green;+4% Light Res.^reset;	길텐 심문관용 제복. ^green;+4% 광 저항.^reset;	
/items/armors/gilten/arcana_armor_inquisitor/arcana_armor_inquisitor.head	shortdescription	Inquisitor Helm	심문관 헬름	
/items/armors/gilten/arcana_armor_inquisitor/arcana_armor_inquisitor.legs	description	Uniform worn by Gilten Inquisitors. ^green;+2% Light Res.^reset;	길텐 심문관용 제복. ^green;+2% 광 저항.^reset;	
/items/armors/gilten/arcana_armor_inquisitor/arcana_armor_inquisitor.legs	shortdescription	Inquisitor Greaves	심문관 그리브	
/items/armors/gilten/arcana_armor_seraph/arcana_armor_seraph.chest	description	Sacred armor of the dragonborn angels. ^green;+4% Light Res.^reset; ^red;-4% Physical Res.^reset;	용의 피를 이은 천사들의 성스러운 갑옷. ^green;+4% 광 저항^reset; ^red;-4% 물리 저항^reset;	reuse
/items/armors/gilten/arcana_armor_seraph/arcana_armor_seraph.chest	shortdescription	Seraph Armor	세라프 갑옷	reuse
/items/armors/gilten/arcana_armor_seraph/arcana_armor_seraph.head	description	Sacred armor of the dragonborn angels. ^green;+4% Light Res.^reset; ^red;-4% Physical Res.^reset;	용의 피를 이은 천사들의 성스러운 갑옷. ^green;+4% 광 저항^reset; ^red;-4% 물리 저항^reset;	reuse
/items/armors/gilten/arcana_armor_seraph/arcana_armor_seraph.head	shortdescription	Seraph Helm	세라프 헬름	
/items/armors/gilten/arcana_armor_seraph/arcana_armor_seraph.legs	description	Sacred armor of the dragonborn angels. ^green;+4% Light Res.^reset; ^red;-4% Physical Res.^reset;	용의 피를 이은 천사들의 성스러운 갑옷. ^green;+4% 광 저항^reset; ^red;-4% 물리 저항^reset;	reuse
/items/armors/gilten/arcana_armor_seraph/arcana_armor_seraph.legs	shortdescription	Seraph Greaves	세라프 그리브	reuse
/items/armors/gilten/arcana_armor_zealot/arcana_armor_zealot.chest	description	Armor worn by those with brimming faith in the holy light.	성스러운 빛에 대한 충만한 신앙을 가진 자들이 입는 갑옷.	reuse
/items/armors/gilten/arcana_armor_zealot/arcana_armor_zealot.chest	shortdescription	Zealot Armor	광신도의 갑옷	reuse
/items/armors/gilten/arcana_armor_zealot/arcana_armor_zealot.head	description	Armor worn by those with brimming faith in the holy light.	성스러운 빛에 대한 충만한 신앙을 가진 자들이 입는 갑옷.	reuse
/items/armors/gilten/arcana_armor_zealot/arcana_armor_zealot.head	shortdescription	Zealot Helm	광신도의 헬름	
/items/armors/gilten/arcana_armor_zealot/arcana_armor_zealot.legs	description	Armor worn by those with brimming faith in the holy light.	성스러운 빛에 대한 충만한 신앙을 가진 자들이 입는 갑옷.	reuse
/items/armors/gilten/arcana_armor_zealot/arcana_armor_zealot.legs	shortdescription	Zealot Greaves	광신도의 그리브	reuse
/items/armors/horizon/arcana_armor_cryoHoplite/arcana_armor_cryoHoplite.chest	itemName	arcana_armor_cryoHoplite_chest	크라이오크레이즈 흉갑	
/items/armors/horizon/arcana_armor_cryoHoplite/arcana_armor_cryoHoplite.chest	description	A battle suit armor worn by Horizon Cryo Hoplites. ^green;Grants +5% Ice Res.^reset;	호라이즌 크라이오 홉라이트가 입는 전투 슈트 갑옷. ^green;+5% 냉기 저항 부여^reset;	reuse
/items/armors/horizon/arcana_armor_cryoHoplite/arcana_armor_cryoHoplite.chest	shortdescription	Cryocraze Suit	크라이오크레이즈 슈트	reuse
/items/armors/horizon/arcana_armor_cryoHoplite/arcana_armor_cryoHoplite.head	itemName	arcana_armor_cryoHoplite_head	크라이오크레이즈 투구	
/items/armors/horizon/arcana_armor_cryoHoplite/arcana_armor_cryoHoplite.head	description	A battle suit armor worn by Horizon Cryo Hoplites. ^green;Grants +5% Ice Res.^reset;	호라이즌 크라이오 홉라이트가 입는 전투 슈트 갑옷. ^green;+5% 냉기 저항 부여^reset;	reuse
/items/armors/horizon/arcana_armor_cryoHoplite/arcana_armor_cryoHoplite.head	shortdescription	Cryocraze Helm	크라이오크레이즈 헬름	
/items/armors/horizon/arcana_armor_cryoHoplite/arcana_armor_cryoHoplite.legs	itemName	arcana_armor_cryoHoplite_legs	크라이오크레이즈 다리 갑옷	
/items/armors/horizon/arcana_armor_cryoHoplite/arcana_armor_cryoHoplite.legs	description	A battle suit armor worn by Horizon Cryo Hoplites. ^green;Grants +5% Ice Res.^reset;	호라이즌 크라이오 홉라이트가 입는 전투 슈트 갑옷. ^green;+5% 냉기 저항 부여^reset;	reuse
/items/armors/horizon/arcana_armor_cryoHoplite/arcana_armor_cryoHoplite.legs	shortdescription	Cryocraze Leggings	크라이오크레이즈 레깅스	reuse
/items/armors/horizon/arcana_armor_demise/arcana_armor_demise.chest	description	"A dark jacket with a few purple glowing bits, crafted from necroium. 

^orange;Set Bonus:^reset; 
Grants ^green;+10% Horizon Weapon damage^reset;, ^green;+10% Abyss RES^reset;."	"네크로이움으로 만든, 보라색 발광 부분이 있는 검은 재킷. 

^orange;세트 보너스:^reset; 
^green;+10% 호라이즌 무기 피해^reset;, ^green;+10% 어비스 저항^reset; 부여."	
/items/armors/horizon/arcana_armor_demise/arcana_armor_demise.chest	shortdescription	Demise Jacket	디마이즈 재킷	reuse
/items/armors/horizon/arcana_armor_demise/arcana_armor_demise.head	description	"A dark helm, crafted from necroium. 

^orange;Set Bonus:^reset; 
Grants ^green;+10% Horizon Weapon damage^reset;, ^green;+10% Abyss RES^reset;."	"네크로이움으로 만든 검은 투구. 

^orange;세트 보너스:^reset; 
^green;+10% 호라이즌 무기 피해^reset;, ^green;+10% 어비스 저항^reset; 부여."	
/items/armors/horizon/arcana_armor_demise/arcana_armor_demise.head	shortdescription	Demise Helmet	디마이즈 헬멧	
/items/armors/horizon/arcana_armor_demise/arcana_armor_demise.legs	description	"A piece of dark leg armor, crafted from necroium. 

^orange;Set Bonus:^reset; 
Grants ^green;+10% Horizon Weapon damage^reset;, ^green;+10% Abyss RES^reset;."	"네크로이움으로 만든 검은 다리 갑옷. 

^orange;세트 보너스:^reset; 
^green;+10% 호라이즌 무기 피해^reset;, ^green;+10% 어비스 저항^reset; 부여."	
/items/armors/horizon/arcana_armor_demise/arcana_armor_demise.legs	shortdescription	Demise Leggings	디마이즈 레깅스	reuse
/items/armors/horizon/arcana_armor_erexeno/arcana_armor_erexeno.chest	description	An abyss armor worn by Horizon elites.	호라이즌 정예가 입는 어비스 갑옷.	reuse
/items/armors/horizon/arcana_armor_erexeno/arcana_armor_erexeno.chest	shortdescription	Erexeno Suit	에렉세노 슈트	reuse
/items/armors/horizon/arcana_armor_erexeno/arcana_armor_erexeno.head	description	An abyss armor worn by Horizon elites.	호라이즌 정예가 입는 어비스 갑옷.	reuse
/items/armors/horizon/arcana_armor_erexeno/arcana_armor_erexeno.head	shortdescription	Erexeno Hat	에렉세노 모자	
/items/armors/horizon/arcana_armor_erexeno/arcana_armor_erexeno.legs	description	An abyss armor worn by Horizon elites.	호라이즌 정예가 입는 어비스 갑옷.	reuse
/items/armors/horizon/arcana_armor_erexeno/arcana_armor_erexeno.legs	shortdescription	Erexeno Leggings	에렉세노 레깅스	reuse
/items/armors/horizon/arcana_armor_horizonDisciple/arcana_armor_horizonDisciple.chest	itemName	arcana_armor_horizonDisciple_chest	호라이즌 제자 흉갑	
/items/armors/horizon/arcana_armor_horizonDisciple/arcana_armor_horizonDisciple.chest	description	A battle suit armor worn by Horizon Disciples.	호라이즌 제자들이 입는 전투 슈트 갑옷.	reuse
/items/armors/horizon/arcana_armor_horizonDisciple/arcana_armor_horizonDisciple.chest	shortdescription	Horizon Disciple Suit	호라이즌 제자 슈트	reuse
/items/armors/horizon/arcana_armor_horizonDisciple/arcana_armor_horizonDisciple.head	itemName	arcana_armor_horizonDisciple_head	호라이즌 제자 투구	
/items/armors/horizon/arcana_armor_horizonDisciple/arcana_armor_horizonDisciple.head	description	A battle suit armor worn by Horizon Disciples.	호라이즌 제자들이 입는 전투 슈트 갑옷.	reuse
/items/armors/horizon/arcana_armor_horizonDisciple/arcana_armor_horizonDisciple.head	shortdescription	Horizon Disciple Helm	호라이즌 제자 헬름	
/items/armors/horizon/arcana_armor_horizonDisciple/arcana_armor_horizonDisciple.legs	itemName	arcana_armor_horizonDisciple_legs	호라이즌 제자 다리 갑옷	
/items/armors/horizon/arcana_armor_horizonDisciple/arcana_armor_horizonDisciple.legs	description	A battle suit armor worn by Horizon Disciples.	호라이즌 제자들이 입는 전투 슈트 갑옷.	reuse
/items/armors/horizon/arcana_armor_horizonDisciple/arcana_armor_horizonDisciple.legs	shortdescription	Horizon Disciple Pants	호라이즌 제자 바지	reuse
/items/armors/horizon/arcana_armor_horizonDiscipleLeader/arcana_armor_horizonDiscipleLeader.chest	itemName	arcana_armor_horizonDiscipleLeader_chest	호라이즌 제자 리더 흉갑	
/items/armors/horizon/arcana_armor_horizonDiscipleLeader/arcana_armor_horizonDiscipleLeader.chest	description	A battle suit armor worn by Horizon Disciples squad leaders.	호라이즌 제자 분대장용 전투 슈트 갑옷.	
/items/armors/horizon/arcana_armor_horizonDiscipleLeader/arcana_armor_horizonDiscipleLeader.chest	shortdescription	Disp. Leader Suit	제자 리더 슈트	
/items/armors/horizon/arcana_armor_horizonDiscipleLeader/arcana_armor_horizonDiscipleLeader.head	itemName	arcana_armor_horizonDiscipleLeader_head	호라이즌 제자 리더 투구	
/items/armors/horizon/arcana_armor_horizonDiscipleLeader/arcana_armor_horizonDiscipleLeader.head	description	A battle suit armor worn by Horizon Disciple squad leaders.	호라이즌 제자 분대장용 전투 슈트 갑옷.	
/items/armors/horizon/arcana_armor_horizonDiscipleLeader/arcana_armor_horizonDiscipleLeader.head	shortdescription	Disp. Leader Helm	제자 리더 헬름	
/items/armors/horizon/arcana_armor_horizonDiscipleLeader/arcana_armor_horizonDiscipleLeader.legs	itemName	arcana_armor_horizonDiscipleLeader_legs	제자 리더 바지	
/items/armors/horizon/arcana_armor_horizonDiscipleLeader/arcana_armor_horizonDiscipleLeader.legs	description	A battle suit armor worn by Horizon Disciples squad leaders.	호라이즌 제자 분대장용 전투 슈트 갑옷.	
/items/armors/horizon/arcana_armor_horizonDiscipleLeader/arcana_armor_horizonDiscipleLeader.legs	shortdescription	Disp. Leader Pants	제자 리더 바지	
/items/armors/horizon/arcana_armor_horizonLiberator/arcana_armor_horizonLiberator.chest	itemName	arcana_armor_horizonLiberator_chest	해방자 슈트	
/items/armors/horizon/arcana_armor_horizonLiberator/arcana_armor_horizonLiberator.chest	description	A full heavy-armor worn by the Horizon Liberators. ^green;Grants +3% Electric Res & +3% Poison Res.^reset;	"호라이즌 해방자용 전체 중갑. 

^orange;세트 보너스:^reset; 
^green;+3% 전기 저항·+3% 독 저항 부여.^reset;"	
/items/armors/horizon/arcana_armor_horizonLiberator/arcana_armor_horizonLiberator.chest	shortdescription	Liberator Suit	해방자 슈트	
/items/armors/horizon/arcana_armor_horizonLiberator/arcana_armor_horizonLiberator.head	itemName	arcana_armor_horizonLiberator_head	해방자 헬름	
/items/armors/horizon/arcana_armor_horizonLiberator/arcana_armor_horizonLiberator.head	description	A full heavy-armor worn by the Horizon Liberators. ^green;Grants +3% Electric Res & +3% Poison Res.^reset;	"호라이즌 해방자용 전체 중갑. 

^orange;세트 보너스:^reset; 
^green;+3% 전기 저항·+3% 독 저항 부여.^reset;"	
/items/armors/horizon/arcana_armor_horizonLiberator/arcana_armor_horizonLiberator.head	shortdescription	Liberator Helm	해방자 헬름	
/items/armors/horizon/arcana_armor_horizonLiberator/arcana_armor_horizonLiberator.legs	itemName	arcana_armor_horizonLiberator_legs	해방자 레깅스	
/items/armors/horizon/arcana_armor_horizonLiberator/arcana_armor_horizonLiberator.legs	description	A full heavy-armor worn by the Horizon Liberators. ^green;Grants +3% Electric Res & +3% Poison Res.^reset;	"호라이즌 해방자용 전체 중갑. 

^orange;세트 보너스:^reset; 
^green;+3% 전기 저항·+3% 독 저항 부여.^reset;"	
/items/armors/horizon/arcana_armor_horizonLiberator/arcana_armor_horizonLiberator.legs	shortdescription	Liberator Leggings	해방자 레깅스	
/items/armors/horizon/arcana_armor_omenkyrie/arcana_armor_omenkyrie.chest	description	An Abyss-infused armor worn by Horizon's Omenkyries. ^green;+5% Abyss res.^reset;	호라이즌의 오멘키리들이 입는 어비스가 스며든 갑옷. ^green;+5% 어비스 저항^reset;	reuse
/items/armors/horizon/arcana_armor_omenkyrie/arcana_armor_omenkyrie.chest	shortdescription	Omenkyrie Uniform	오멘키리 제복	reuse
/items/armors/horizon/arcana_armor_omenkyrie/arcana_armor_omenkyrie.head	description	An Abyss-infused armor worn by Horizon's Omenkyries. ^green;+5% Abyss res.^reset;	호라이즌의 오멘키리들이 입는 어비스가 스며든 갑옷. ^green;+5% 어비스 저항^reset;	reuse
/items/armors/horizon/arcana_armor_omenkyrie/arcana_armor_omenkyrie.head	shortdescription	Omenkyrie Mask	오멘키리 마스크	
/items/armors/horizon/arcana_armor_omenkyrie/arcana_armor_omenkyrie.legs	description	An Abyss-infused armor worn by Horizon's Omenkyries. ^green;+5% Abyss res.^reset;	호라이즌의 오멘키리들이 입는 어비스가 스며든 갑옷. ^green;+5% 어비스 저항^reset;	reuse
/items/armors/horizon/arcana_armor_omenkyrie/arcana_armor_omenkyrie.legs	shortdescription	Omenkyrie Pants	오멘키리 바지	reuse
/items/armors/horizon/arcana_armor_onyx/arcana_armor_onyx.chest	description	A dark jacket with a few purple glowing bits, crafted from necroium.	네크로이움으로 만든, 보라색 발광 부분이 있는 검은 재킷.	reuse
/items/armors/horizon/arcana_armor_onyx/arcana_armor_onyx.chest	shortdescription	Onyx Jacket	오닉스 재킷	reuse
/items/armors/horizon/arcana_armor_onyx/arcana_armor_onyx.head	description	A dark helm, crafted from necroium.	네크로이움으로 만든 검은 투구.	
/items/armors/horizon/arcana_armor_onyx/arcana_armor_onyx.head	shortdescription	Onyx Helmet	오닉스 헬멧	
/items/armors/horizon/arcana_armor_onyx/arcana_armor_onyx.legs	description	A piece of dark leg armor, crafted from necroium.	네크로이움으로 만든 검은 다리 갑옷.	reuse
/items/armors/horizon/arcana_armor_onyx/arcana_armor_onyx.legs	shortdescription	Onyx Leggings	오닉스 레깅스	reuse
/items/armors/horizon/arcana_armor_pyroHoplite/arcana_armor_pyroHoplite.chest	itemName	arcana_armor_pyroHoplite_chest	파이로크레이즈 흉갑	
/items/armors/horizon/arcana_armor_pyroHoplite/arcana_armor_pyroHoplite.chest	description	A battle suit armor worn by Horizon Pyro Hoplites. ^green;Grants +5% Fire Res.^reset;	호라이즌 파이로 홉라이트가 입는 전투 슈트 갑옷. ^green;+5% 화염 저항 부여^reset;	reuse
/items/armors/horizon/arcana_armor_pyroHoplite/arcana_armor_pyroHoplite.chest	shortdescription	Pyrocraze Suit	파이로크레이즈 슈트	reuse
/items/armors/horizon/arcana_armor_pyroHoplite/arcana_armor_pyroHoplite.head	itemName	arcana_armor_pyroHoplite_head	파이로크레이즈 투구	
/items/armors/horizon/arcana_armor_pyroHoplite/arcana_armor_pyroHoplite.head	description	A battle suit armor worn by Horizon Pyro Hoplites. ^green;Grants +5% Fire Res.^reset;	호라이즌 파이로 홉라이트가 입는 전투 슈트 갑옷. ^green;+5% 화염 저항 부여^reset;	reuse
/items/armors/horizon/arcana_armor_pyroHoplite/arcana_armor_pyroHoplite.head	shortdescription	Pyrocraze Helm	파이로크레이즈 헬름	
/items/armors/horizon/arcana_armor_pyroHoplite/arcana_armor_pyroHoplite.legs	itemName	arcana_armor_pyroHoplite_legs	파이로크레이즈 다리 갑옷	
/items/armors/horizon/arcana_armor_pyroHoplite/arcana_armor_pyroHoplite.legs	description	A battle suit armor worn by Horizon Pyro Hoplites. ^green;Grants +5% Fire Res.^reset;	호라이즌 파이로 홉라이트가 입는 전투 슈트 갑옷. ^green;+5% 화염 저항 부여^reset;	reuse
/items/armors/horizon/arcana_armor_pyroHoplite/arcana_armor_pyroHoplite.legs	shortdescription	Pyrocraze Leggings	파이로크레이즈 레깅스	reuse
/items/armors/horizon/arcana_armor_voltabolt/arcana_armor_voltabolt.chest	description	A battle suit armor worn by Horizon Voltabolts. ^green;Grants +5% Electric Res.^reset;	호라이즌 볼타볼트용 전투 슈트 갑옷. ^green;+5% 전기 저항 부여.^reset;	
/items/armors/horizon/arcana_armor_voltabolt/arcana_armor_voltabolt.chest	shortdescription	Voltabolt Suit	볼타볼트 슈트	reuse
/items/armors/horizon/arcana_armor_voltabolt/arcana_armor_voltabolt.head	description	A battle suit armor worn by Horizon Voltabolts. ^green;Grants +5% Electric Res.^reset;	호라이즌 볼타볼트용 전투 슈트 갑옷. ^green;+5% 전기 저항 부여.^reset;	
/items/armors/horizon/arcana_armor_voltabolt/arcana_armor_voltabolt.head	shortdescription	Voltabolt Helm	볼타볼트 헬름	
/items/armors/horizon/arcana_armor_voltabolt/arcana_armor_voltabolt.legs	description	A battle suit armor worn by Horizon Voltabolts. ^green;Grants +5% Electric Res.^reset;	호라이즌 볼타볼트용 전투 슈트 갑옷. ^green;+5% 전기 저항 부여.^reset;	
/items/armors/horizon/arcana_armor_voltabolt/arcana_armor_voltabolt.legs	shortdescription	Voltabolt Leggings	볼타볼트 레깅스	reuse
/items/armors/ice/arcana_armor_iceElite/arcana_armor_iceElite.chest	itemName	arcana_armor_iceElite_chest	아이스 나이트 흉갑	
/items/armors/ice/arcana_armor_iceElite/arcana_armor_iceElite.chest	description	Enter the battlefield with confidence, encased in this heavy titanium breastplate.	이 무거운 티타늄 흉갑을 두르고 자신감 있게 전장에 나서라.	reuse
/items/armors/ice/arcana_armor_iceElite/arcana_armor_iceElite.chest	shortdescription	Ice Knight Breastplate	아이스 나이트 흉갑	
/items/armors/ice/arcana_armor_iceElite/arcana_armor_iceElite.head	itemName	arcana_armor_iceElite_head	아이스 나이트 헬름	
/items/armors/ice/arcana_armor_iceElite/arcana_armor_iceElite.head	description	The titanium clad Glitch fights with honour. And a sharp sword...	티타늄으로 무장한 글리치는 명예롭게 싸운다. 날카로운 검과 함께...	reuse
/items/armors/ice/arcana_armor_iceElite/arcana_armor_iceElite.head	shortdescription	Ice Knight Helm	아이스 나이트 헬름	
/items/armors/ice/arcana_armor_iceElite/arcana_armor_iceElite.legs	itemName	arcana_armor_iceElite_legs	아이스 나이트 태셋	
/items/armors/ice/arcana_armor_iceElite/arcana_armor_iceElite.legs	description	The tassets of a knight protect the thighs of a warrior.	기사의 태셋은 전사의 허벅지를 지킨다.	reuse
/items/armors/ice/arcana_armor_iceElite/arcana_armor_iceElite.legs	shortdescription	Ice Knight Tassets	아이스 나이트 태셋	
/items/armors/ice/arcana_armor_iceKnight/arcana_armor_iceKnight.chest	itemName	arcana_armor_iceKnight_chest	아이스 나이트 흉갑	
/items/armors/ice/arcana_armor_iceKnight/arcana_armor_iceKnight.chest	description	Enter the battlefield with confidence, encased in this heavy titanium breastplate.	이 무거운 티타늄 흉갑을 두르고 자신감 있게 전장에 나서라.	reuse
/items/armors/ice/arcana_armor_iceKnight/arcana_armor_iceKnight.chest	shortdescription	Ice Knight Breastplate	아이스 나이트 흉갑	
/items/armors/ice/arcana_armor_iceKnight/arcana_armor_iceKnight.head	itemName	arcana_armor_iceKnight_head	아이스 나이트 헬름	
/items/armors/ice/arcana_armor_iceKnight/arcana_armor_iceKnight.head	description	The titanium clad Glitch fights with honour. And a sharp sword...	티타늄으로 무장한 글리치는 명예롭게 싸운다. 날카로운 검과 함께...	reuse
/items/armors/ice/arcana_armor_iceKnight/arcana_armor_iceKnight.head	shortdescription	Ice Knight Helm	아이스 나이트 헬름	
/items/armors/ice/arcana_armor_iceKnight/arcana_armor_iceKnight.legs	itemName	arcana_armor_iceKnight_legs	아이스 나이트 태셋	
/items/armors/ice/arcana_armor_iceKnight/arcana_armor_iceKnight.legs	description	The tassets of a knight protect the thighs of a warrior.	기사의 태셋은 전사의 허벅지를 지킨다.	reuse
/items/armors/ice/arcana_armor_iceKnight/arcana_armor_iceKnight.legs	shortdescription	Ice Knight Tassets	아이스 나이트 태셋	
/items/armors/ice/arcana_armor_iceMage/arcana_armor_iceMage.chest	itemName	arcana_armor_iceMage_chest	아이스 메이지 흉갑	
/items/armors/ice/arcana_armor_iceMage/arcana_armor_iceMage.chest	description	Enter the battlefield with confidence, encased in this heavy titanium breastplate.	이 무거운 티타늄 흉갑을 두르고 자신감 있게 전장에 나서라.	reuse
/items/armors/ice/arcana_armor_iceMage/arcana_armor_iceMage.chest	shortdescription	Ice Mage Breastplate	아이스 메이지 흉갑	
/items/armors/ice/arcana_armor_iceMage/arcana_armor_iceMage.head	itemName	arcana_armor_iceMage_head	아이스 메이지 헬름	
/items/armors/ice/arcana_armor_iceMage/arcana_armor_iceMage.head	description	The titanium clad Glitch fights with honour. And a sharp sword...	티타늄으로 무장한 글리치는 명예롭게 싸운다. 날카로운 검과 함께...	reuse
/items/armors/ice/arcana_armor_iceMage/arcana_armor_iceMage.head	shortdescription	Ice Mage Helm	아이스 메이지 헬름	
/items/armors/ice/arcana_armor_iceMage/arcana_armor_iceMage.legs	itemName	arcana_armor_iceMage_legs	아이스 메이지 태셋	
/items/armors/ice/arcana_armor_iceMage/arcana_armor_iceMage.legs	description	The tassets of a knight protect the thighs of a warrior.	기사의 태셋은 전사의 허벅지를 지킨다.	reuse
/items/armors/ice/arcana_armor_iceMage/arcana_armor_iceMage.legs	shortdescription	Ice Mage Tassets	아이스 메이지 태셋	
/items/armors/luye/arcana_armor_heishe/arcana_armor_heishe.chest	description	"A light armor crafted from corrodium. 

^orange;Set Bonus:^reset; 
Grants ^green;+5% Poison RES^reset;, ^green;Poisoned and Acidic Burning Immunity^reset;, and ^green;+10% Crit. damage^reset;."	"코로디움으로 만든 경갑. 

^orange;세트 보너스:^reset; 
^green;+5% 독 저항^reset;, ^green;중독·산성 화상 면역^reset;, ^green;+10% 치명타 피해^reset; 부여."	
/items/armors/luye/arcana_armor_heishe/arcana_armor_heishe.chest	shortdescription	Heishe Chestplate	헤이셰 흉갑	reuse
/items/armors/luye/arcana_armor_heishe/arcana_armor_heishe.head	description	"A light armor crafted from corrodium. 

^orange;Set Bonus:^reset; 
Grants ^green;+5% Poison RES^reset;, ^green;Poisoned and Acidic Burning Immunity^reset;, and ^green;+10% Crit. damage^reset;."	"코로디움으로 만든 경갑. 

^orange;세트 보너스:^reset; 
^green;+5% 독 저항^reset;, ^green;중독·산성 화상 면역^reset;, ^green;+10% 치명타 피해^reset; 부여."	
/items/armors/luye/arcana_armor_heishe/arcana_armor_heishe.head	shortdescription	Heishe Helmet	헤이셰 헬멧	
/items/armors/luye/arcana_armor_heishe/arcana_armor_heishe.legs	description	"A light armor crafted from corrodium. 

^orange;Set Bonus:^reset; 
Grants ^green;+5% Poison RES^reset;, ^green;Poisoned and Acidic Burning Immunity^reset;, and ^green;+10% Crit. damage^reset;."	"코로디움으로 만든 경갑. 

^orange;세트 보너스:^reset; 
^green;+5% 독 저항^reset;, ^green;중독·산성 화상 면역^reset;, ^green;+10% 치명타 피해^reset; 부여."	
/items/armors/luye/arcana_armor_heishe/arcana_armor_heishe.legs	shortdescription	Heishe Leggings	헤이셰 레깅스	reuse
/items/armors/luye/arcana_armor_lushe/arcana_armor_lushe.chest	description	A casual clothing piece worn by the Gelsemis. ^green;+10% Poison res.^reset;	겔세미스가 입는 캐주얼 옷. ^green;+10% 독 저항^reset;	reuse
/items/armors/luye/arcana_armor_lushe/arcana_armor_lushe.chest	shortdescription	Lushe Jacket	루쉬 재킷	reuse
/items/armors/luye/arcana_armor_lushe/arcana_armor_lushe.head	description	A casual clothing piece worn by the Gelsemis. ^green;+10% Poison res.^reset;	겔세미스가 입는 캐주얼 옷. ^green;+10% 독 저항^reset;	reuse
/items/armors/luye/arcana_armor_lushe/arcana_armor_lushe.head	shortdescription	Lushe Branches	루쉬 가지	
/items/armors/luye/arcana_armor_lushe/arcana_armor_lushe.legs	description	A casual clothing piece worn by the Gelsemis. ^green;+10% Poison res.^reset;	겔세미스가 입는 캐주얼 옷. ^green;+10% 독 저항^reset;	reuse
/items/armors/luye/arcana_armor_lushe/arcana_armor_lushe.legs	shortdescription	Lushe Pants	루쉬 바지	reuse
/items/armors/luye/arcana_armor_shuying/arcana_armor_shuying.chest	description	"A camouflaged armor made from corrodium worn by Luye assassins. 

^orange;Set Bonus:^reset; 
Grants ^green;Poisoned Immunity^reset; and ^green;+15% Crit. Damage^reset;. ^red;-5% Fire RES^reset;."	"루예 암살자들이 입는 코로디움 위장 갑옷. 

^orange;세트 보너스:^reset; 
^green;중독 면역^reset;과 ^green;+15% 치명타 피해^reset; 부여. ^red;-5% 화염 저항^reset;."	
/items/armors/luye/arcana_armor_shuying/arcana_armor_shuying.chest	shortdescription	Shuying Chestplate	슈잉 흉갑	
/items/armors/luye/arcana_armor_shuying/arcana_armor_shuying.head	description	"A camouflaged armor by Luye assassins. 

^orange;Set Bonus:^reset; 
Grants ^green;Poisoned Immunity^reset; and ^green;+15% Crit. Damage^reset;. ^red;-5% Fire RES^reset;."	"루예 암살자들의 위장 갑옷. 

^orange;세트 보너스:^reset; 
^green;중독 면역^reset;과 ^green;+15% 치명타 피해^reset; 부여. ^red;-5% 화염 저항^reset;."	
/items/armors/luye/arcana_armor_shuying/arcana_armor_shuying.head	shortdescription	Shuying Helmet	슈잉 헬멧	
/items/armors/luye/arcana_armor_shuying/arcana_armor_shuying.legs	description	"A camouflaged armor made from corrodium worn by Luye assassins. 

^orange;Set Bonus:^reset; 
Grants ^green;Poisoned Immunity^reset; and ^green;+15% Crit. Damage^reset;. ^red;-5% Fire RES^reset;."	"루예 암살자들이 입는 코로디움 위장 갑옷. 

^orange;세트 보너스:^reset; 
^green;중독 면역^reset;과 ^green;+15% 치명타 피해^reset; 부여. ^red;-5% 화염 저항^reset;."	
/items/armors/luye/arcana_armor_shuying/arcana_armor_shuying.legs	shortdescription	Shuying Leggings	슈잉 레깅스	
/items/armors/scavengers/arcana_armor_scrapdiver/arcana_armor_scrapdiver.head	description	"A crude armor made from scavenged scrap parts. 

^orange;Set Bonus:^reset; 
Grants ^green;+10% Ranged damage.^reset;"	"주워온 고철 부품으로 만든 조잡한 갑옷. 

^orange;세트 보너스:^reset; 
^green;+10% 원거리 피해^reset; 부여."	
/items/armors/scavengers/arcana_armor_scrapdiver/arcana_armor_scrapdiver.head	shortdescription	Scrapdiver Helmet	스크랩다이버 헬멧	
/items/armors/scavengers/arcana_armor_scrapsewn/arcana_armor_scrapsewn.chest	description	"A crude armor made from scavenged scrap parts. 

^orange;Set Bonus:^reset; 
Grants ^green;+10% Ranged damage.^reset;"	"주워온 고철 부품으로 만든 조잡한 갑옷. 

^orange;세트 보너스:^reset; 
^green;+10% 원거리 피해^reset; 부여."	
/items/armors/scavengers/arcana_armor_scrapsewn/arcana_armor_scrapsewn.chest	shortdescription	Scrapsewn Chestwear	스크랩숀 흉갑	
/items/armors/scavengers/arcana_armor_scrapsewn/arcana_armor_scrapsewn.head	description	"A crude armor made from scavenged scrap parts. 

^orange;Set Bonus:^reset; 
Grants ^green;+10% Ranged damage.^reset;"	"주워온 고철 부품으로 만든 조잡한 갑옷. 

^orange;세트 보너스:^reset; 
^green;+10% 원거리 피해^reset; 부여."	
/items/armors/scavengers/arcana_armor_scrapsewn/arcana_armor_scrapsewn.head	shortdescription	Scrapsewn Helmet	스크랩숀 헬멧	
/items/armors/scavengers/arcana_armor_scrapsewn/arcana_armor_scrapsewn.legs	description	"A crude armor made from scavenged scrap parts. 

^orange;Set Bonus:^reset; 
Grants ^green;+10% Ranged damage.^reset;"	"주워온 고철 부품으로 만든 조잡한 갑옷. 

^orange;세트 보너스:^reset; 
^green;+10% 원거리 피해^reset; 부여."	
/items/armors/scavengers/arcana_armor_scrapsewn/arcana_armor_scrapsewn.legs	shortdescription	Scrapsewn Leggings	스크랩숀 레깅스	
/items/armors/scavengers/arcana_armor_verrostin/arcana_armor_verrostin.chest	description	"A haken-verrostin forged armor. 

^orange;Set Bonus:^reset; 
Grants ^green;+10% Verrostin Weapon, Rocket Launcher and Blast Rifle damage.^reset;"	"하켄-베로스틴 단조 갑옷. 

^orange;세트 보너스:^reset; 
^green;+10% 베로스틴 무기·로켓 런처·블라스트 라이플 피해^reset; 부여."	
/items/armors/scavengers/arcana_armor_verrostin/arcana_armor_verrostin.chest	shortdescription	Verrostin Chestplate	베로스틴 흉갑	reuse
/items/armors/scavengers/arcana_armor_verrostin/arcana_armor_verrostin.head	description	"A haken-verrostin forged armor. 

^orange;Set Bonus:^reset; 
Grants ^green;+10% Verrostin Weapon, Rocket Launcher and Blast Rifle damage.^reset;"	"하켄-베로스틴 단조 갑옷. 

^orange;세트 보너스:^reset; 
^green;+10% 베로스틴 무기·로켓 런처·블라스트 라이플 피해^reset; 부여."	
/items/armors/scavengers/arcana_armor_verrostin/arcana_armor_verrostin.head	shortdescription	Verrostin Helmet	베로스틴 헬멧	
/items/armors/scavengers/arcana_armor_verrostin/arcana_armor_verrostin.legs	description	"A haken-verrostin forged armor. 

^orange;Set Bonus:^reset; 
Grants ^green;+10% Verrostin Weapon, Rocket Launcher and Blast Rifle damage.^reset;"	"하켄-베로스틴 단조 갑옷. 

^orange;세트 보너스:^reset; 
^green;+10% 베로스틴 무기·로켓 런처·블라스트 라이플 피해^reset; 부여."	
/items/armors/scavengers/arcana_armor_verrostin/arcana_armor_verrostin.legs	shortdescription	Verrostin Leggings	베로스틴 레깅스	reuse
/items/armors/spectwing/cradling/arcana_cradling.chest	description	An intricately woven robe.	정교하게 짜인 로브.	
/items/armors/spectwing/cradling/arcana_cradling.chest	shortdescription	Cradling Robe	포대기 로브	
/items/armors/spectwing/cradling/arcana_cradling.legs	description	An intricately woven robe.	정교하게 짜인 로브.	
/items/armors/spectwing/cradling/arcana_cradling.legs	shortdescription	Cradling Bottoms	포대기 하의	
/items/armors/spectwing/duskkin/arcana_duskkin.chest	description	An sleeveless top.	민소매 상의.	
/items/armors/spectwing/duskkin/arcana_duskkin.chest	shortdescription	Duskkin Shirt	더스킨 셔츠	
/items/armors/spectwing/duskkin/arcana_duskkin.legs	description	An intricately woven robe.	정교하게 짜인 로브.	
/items/armors/spectwing/duskkin/arcana_duskkin.legs	shortdescription	Duskkin Bottoms	더스킨 하의	
/items/armors/spectwing/faetheri/arcana_faetheri.chest	description	A stealth focused armor piece, good for hunting in the dark.	은신에 특화된 갑옷, 어둠 속 사냥에 좋다.	
/items/armors/spectwing/faetheri/arcana_faetheri.chest	shortdescription	Faetheri Carapace	페더리 갑각	
/items/armors/spectwing/faetheri/arcana_faetheri.head	description	A stealth focused armor piece, good for hunting in the dark.	은신에 특화된 갑옷, 어둠 속 사냥에 좋다.	
/items/armors/spectwing/faetheri/arcana_faetheri.head	shortdescription	Faetheri Hood	페더리 후드	
/items/armors/spectwing/faetheri/arcana_faetheri.legs	description	A stealth focused armor piece, good for hunting in the dark.	은신에 특화된 갑옷, 어둠 속 사냥에 좋다.	
/items/armors/spectwing/faetheri/arcana_faetheri.legs	shortdescription	Faetheri Leg Armor	페더리 다리 갑옷	
/items/armors/spectwing/faetheri/arcana_faetherialt.chest	description	A stealth focused armor piece, good for hunting in the dark.	은신에 특화된 갑옷, 어둠 속 사냥에 좋다.	
/items/armors/spectwing/faetheri/arcana_faetherialt.chest	shortdescription	Faetheri Carapace Alt	페더리 갑각 변형	
/items/armors/spectwing/florahusk/arcana_florahusk.chest	description	A crude protective armor piece.	조잡한 보호용 갑옷.	
/items/armors/spectwing/florahusk/arcana_florahusk.chest	shortdescription	Florahusk Carapace	플로라허스크 갑각	
/items/armors/spectwing/florahusk/arcana_florahusk.head	description	A simple circlet decorated with flowers.	꽃으로 장식한 간단한 써클릿.	
/items/armors/spectwing/florahusk/arcana_florahusk.head	shortdescription	Florahusk Circlet	플로라허스크 써클릿	
/items/armors/spectwing/florahusk/arcana_florahusk.legs	description	A crude protective armor piece.	조잡한 보호용 갑옷.	
/items/armors/spectwing/florahusk/arcana_florahusk.legs	shortdescription	Florahusk Leg Armor	플로라허스크 다리 갑옷	
/items/armors/spectwing/greyshell/arcana_greyshell.chest	description	A basic protective chestwear.	기본 보호용 흉갑.	
/items/armors/spectwing/greyshell/arcana_greyshell.chest	shortdescription	Greyshell Carapace	그레이셸 갑각	
/items/armors/spectwing/greyshell/arcana_greyshell.head	description	A basic protective headwear.	기본 보호용 머리 보호구.	
/items/armors/spectwing/greyshell/arcana_greyshell.head	shortdescription	Greyshell Headplate	그레이셸 헤드플레이트	
/items/armors/spectwing/greyshell/arcana_greyshell.legs	description	A basic protective legwear.	기본 보호용 다리 보호구.	
/items/armors/spectwing/greyshell/arcana_greyshell.legs	shortdescription	Greyshell Leg Armor	그레이셸 다리 갑옷	
/items/armors/spectwing/revenant/arcana_revenant.chest	description	"A violium-infused carapace piece, for protection against monstrocities. 

^orange;Set Bonus:^reset; 
^green;+4 Health when activating Lifesteal.^reset;"	"괴물로부터 지켜주는 바이올륨 주입 갑각. 

^orange;세트 보너스:^reset; 
^green;흡혈 발동 시 체력 +4^reset;."	
/items/armors/spectwing/revenant/arcana_revenant.chest	shortdescription	Revenant Carapace	레버넌트 갑각	
/items/armors/spectwing/revenant/arcana_revenant.head	description	"A violium-infused carapace piece, for protection against monstrocities. 

^orange;Set Bonus:^reset; 
^green;+4 Health when activating Lifesteal.^reset;"	"괴물로부터 지켜주는 바이올륨 주입 갑각. 

^orange;세트 보너스:^reset; 
^green;흡혈 발동 시 체력 +4^reset;."	
/items/armors/spectwing/revenant/arcana_revenant.head	shortdescription	Revenant Helmet	레버넌트 헬멧	
/items/armors/spectwing/revenant/arcana_revenant.legs	description	"A violium-infused carapace piece, for protection against monstrocities. 

^orange;Set Bonus:^reset; 
^green;+4 Health when activating Lifesteal.^reset;"	"괴물로부터 지켜주는 바이올륨 주입 갑각. 

^orange;세트 보너스:^reset; 
^green;흡혈 발동 시 체력 +4^reset;."	
/items/armors/spectwing/revenant/arcana_revenant.legs	shortdescription	Revenant Leg Armor	레버넌트 다리 갑옷	
/items/armors/spectwing/spectwingcasual/arcana_spectwingcasual.chest	description	Casual rookie duds.	캐주얼한 신인들의 복장입니다.	reuse
/items/armors/spectwing/spectwingcasual/arcana_spectwingcasual.chest	shortdescription	Apprentice Jacket	수습생 재킷	
/items/armors/spectwing/spectwingcasual/arcana_spectwingcasual.legs	description	Comfy and casual. Brilliant for blending into a crowd.	편하고 캐주얼하다. 군중 속에 섞이기 좋다.	
/items/armors/spectwing/spectwingcasual/arcana_spectwingcasual.legs	shortdescription	Apprentice Shorts	수습생 반바지	
/items/armors/spectwing/wraith/arcana_wraith.chest	description	A more refined armor, built with good swiftness and toughness.	속도와 강인함을 갖춘 더 정교한 갑옷.	
/items/armors/spectwing/wraith/arcana_wraith.chest	shortdescription	Wraith Carapace	레이스 갑각	
/items/armors/spectwing/wraith/arcana_wraith.head	description	A more refined armor, built with good swiftness and toughness.	속도와 강인함을 갖춘 더 정교한 갑옷.	
/items/armors/spectwing/wraith/arcana_wraith.head	shortdescription	Wraith Headplate	레이스 헤드플레이트	
/items/armors/spectwing/wraith/arcana_wraith.legs	description	A more refined armor, built with good swiftness and toughness.	속도와 강인함을 갖춘 더 정교한 갑옷.	
/items/armors/spectwing/wraith/arcana_wraith.legs	shortdescription	Wraith Leg Armor	레이스 다리 갑옷	
/items/armors/workshop/arcana_armor_gearsS8/arcana_armor_gearsS8.chest	description	"A chestplate worn by Titancorp machinists. 

^orange;Set Bonus:^reset; 
Grants ^green;+5% Fire RES^reset; and ^green;+10% Axe and Hammer damage^reset;."	"타이탄코프 기계공용 흉갑. 

^orange;세트 보너스:^reset; 
^green;+5% 화염 저항^reset;과 ^green;+10% 도끼·망치 피해^reset; 부여."	
/items/armors/workshop/arcana_armor_gearsS8/arcana_armor_gearsS8.chest	shortdescription	Machinist Chestplate	기계공 흉갑	
/items/armors/workshop/arcana_armor_gearsS8/arcana_armor_gearsS8.head	description	"A heavy armor worn by Titancorp machinists. 

^orange;Set Bonus:^reset; 
Grants ^green;+5% Fire RES^reset; and ^green;+10% Axe and Hammer damage^reset;."	"타이탄코프 기계공용 중갑. 

^orange;세트 보너스:^reset; 
^green;+5% 화염 저항^reset;과 ^green;+10% 도끼·망치 피해^reset; 부여."	
/items/armors/workshop/arcana_armor_gearsS8/arcana_armor_gearsS8.head	shortdescription	Machinist Helmet	기계공 헬멧	
/items/armors/workshop/arcana_armor_gearsS8/arcana_armor_gearsS8.legs	description	"A piece of leggings worn by Titancorp machinists. 

^orange;Set Bonus:^reset; 
Grants ^green;+5% Fire RES^reset; and ^green;+10% Axe and Hammer damage^reset;."	"타이탄코프 기계공용 레깅스. 

^orange;세트 보너스:^reset; 
^green;+5% 화염 저항^reset;과 ^green;+10% 도끼·망치 피해^reset; 부여."	
/items/armors/workshop/arcana_armor_gearsS8/arcana_armor_gearsS8.legs	shortdescription	Machinist Leggings	기계공 레깅스	
/items/armors/workshop/arcana_armor_gearsS8E/arcana_armor_gearsS8E.chest	description	"Titancorp elite's uniform. 

^orange;Set Bonus:^reset; 
^green;+10% Titancorp weapon damage^reset;. ^green;Recover Health to max and +40% Speed for 30s when Health drops below 60%^reset;, ^orange;Cooldown 120s^reset;."	"타이탄코프 엘리트 제복. 

^orange;세트 보너스:^reset; 
^green;+10% 타이탄코프 무기 피해^reset;. 체력이 60% 아래로 떨어지면 30초간 ^green;체력 최대 회복·+40% 속도^reset;, ^orange;쿨다운 120초^reset;."	
/items/armors/workshop/arcana_armor_gearsS8E/arcana_armor_gearsS8E.chest	shortdescription	Gearshift Armor	기어시프트 갑옷	
/items/armors/workshop/arcana_armor_gearsS8E/arcana_armor_gearsS8E.head	description	"Titancorp elite's uniform. 

^orange;Set Bonus:^reset; 
^green;+10% Titancorp weapon damage^reset;. ^green;Recover Health to max and +40% Speed for 30s when Health drops below 60%^reset;, ^orange;Cooldown 120s^reset;."	"타이탄코프 엘리트 제복. 

^orange;세트 보너스:^reset; 
^green;+10% 타이탄코프 무기 피해^reset;. 체력이 60% 아래로 떨어지면 30초간 ^green;체력 최대 회복·+40% 속도^reset;, ^orange;쿨다운 120초^reset;."	
/items/armors/workshop/arcana_armor_gearsS8E/arcana_armor_gearsS8E.head	shortdescription	Gearshift Visor	기어시프트 바이저	
/items/armors/workshop/arcana_armor_gearsS8E/arcana_armor_gearsS8E.legs	description	"Titancorp elite's uniform. 

^orange;Set Bonus:^reset; 
^green;+10% Titancorp weapon damage^reset;. ^green;Recover Health to max and +40% Speed for 30s when Health drops below 60%^reset;, ^orange;Cooldown 120s^reset;."	"타이탄코프 엘리트 제복. 

^orange;세트 보너스:^reset; 
^green;+10% 타이탄코프 무기 피해^reset;. 체력이 60% 아래로 떨어지면 30초간 ^green;체력 최대 회복·+40% 속도^reset;, ^orange;쿨다운 120초^reset;."	
/items/armors/workshop/arcana_armor_gearsS8E/arcana_armor_gearsS8E.legs	shortdescription	Gearshift Leggings	기어시프트 레깅스	
/items/armors/workshop/arcana_armor_titancorp1/arcana_armor_titancorp1.chest	description	"Titancorp elite's uniform. 

^orange;Set Bonus:^reset; 
^green;+10% Titancorp weapon damage^reset;. ^green;Recover Health to max and +40% Speed for 30s when Health drops below 60%^reset;, ^orange;Cooldown 120s^reset;."	"타이탄코프 엘리트 제복. 

^orange;세트 보너스:^reset; 
^green;+10% 타이탄코프 무기 피해^reset;. 체력이 60% 아래로 떨어지면 30초간 ^green;체력 최대 회복·+40% 속도^reset;, ^orange;쿨다운 120초^reset;."	
/items/armors/workshop/arcana_armor_titancorp1/arcana_armor_titancorp1.chest	shortdescription	Titancorp Corebreaker Armor	타이탄코프 코어브레이커 갑옷	
/items/armors/workshop/arcana_armor_titancorp1/arcana_armor_titancorp1.head	description	"Titancorp elite's uniform. 

^orange;Set Bonus:^reset; 
^green;+10% Titancorp weapon damage^reset;. ^green;Recover Health to max and +40% Speed for 30s when Health drops below 60%^reset;, ^orange;Cooldown 120s^reset;."	"타이탄코프 엘리트 제복. 

^orange;세트 보너스:^reset; 
^green;+10% 타이탄코프 무기 피해^reset;. 체력이 60% 아래로 떨어지면 30초간 ^green;체력 최대 회복·+40% 속도^reset;, ^orange;쿨다운 120초^reset;."	
/items/armors/workshop/arcana_armor_titancorp1/arcana_armor_titancorp1.head	shortdescription	Titancorp Corebreaker Visor	타이탄코프 코어브레이커 바이저	
/items/armors/workshop/arcana_armor_titancorp1/arcana_armor_titancorp1.legs	description	"Titancorp elite's uniform. 

^orange;Set Bonus:^reset; 
^green;+10% Titancorp weapon damage^reset;. ^green;Recover Health to max and +40% Speed for 30s when Health drops below 60%^reset;, ^orange;Cooldown 120s^reset;."	"타이탄코프 엘리트 제복. 

^orange;세트 보너스:^reset; 
^green;+10% 타이탄코프 무기 피해^reset;. 체력이 60% 아래로 떨어지면 30초간 ^green;체력 최대 회복·+40% 속도^reset;, ^orange;쿨다운 120초^reset;."	
/items/armors/workshop/arcana_armor_titancorp1/arcana_armor_titancorp1.legs	shortdescription	Titancorp Corebreaker Leggings	타이탄코프 코어브레이커 레깅스	
/items/augments/back/arcana_augment_1.augment	description	An EPP module that boosts your total energy, health regen and damage by a small amount.	총 에너지·체력 재생·피해를 소폭 높여주는 EPP 모듈.	
/items/augments/back/arcana_augment_1.augment	shortdescription	Arcana 0, The Fool	아르카나 0, 바보	
/items/augments/back/arcana_augment_10.augment	description	^green;Grants +20% resist to Ice and immunity to frost. Inflict ice damage to the attacker when damaged.^reset;	^green;+20% 냉기 저항과 서리 면역. 피격 시 공격자에게 냉기 피해.^reset;	
/items/augments/back/arcana_augment_10.augment	shortdescription	Amp - Solitude	앰프 - 고독	
/items/augments/back/arcana_augment_13.augment	description	^green;Grants +20% resist to Electric, immunity to electrified and +60% energy.^reset;	^green;+20% 전기 저항, 감전 면역, +60% 에너지.^reset;	
/items/augments/back/arcana_augment_13.augment	shortdescription	Amp - Neocharge	앰프 - 네오차지	
/items/augments/back/arcana_augment_15.augment	description	^green;Grants immunity to burning, swim boost, +10% max health and +10% max energy.^reset;	^green;화상 면역, 수영 부스트, +10% 최대 체력, +10% 최대 에너지.^reset;	
/items/augments/back/arcana_augment_15.augment	shortdescription	Amp - Maelstrom	앰프 - 마엘스트롬	
/items/augments/back/arcana_augment_1_1.augment	description	An EPP module that boosts your total energy, health regen and damage by a small amount.	총 에너지·체력 재생·피해를 소폭 높여주는 EPP 모듈.	
/items/augments/back/arcana_augment_1_1.augment	shortdescription	Arcana 0, The Fool	아르카나 0, 바보	
/items/augments/back/arcana_augment_2.augment	description	^green;Grants +20% resist to Fire, immunity to burning and +40% attack.^reset;	^green;+20% 화염 저항, 화상 면역, +40% 공격력.^reset;	
/items/augments/back/arcana_augment_2.augment	shortdescription	Arcana I, The Magician	아르카나 I, 마법사	
/items/augments/back/arcana_augment_3.augment	description	^green;Grants light gravity, +40% run speed, immunity to fall damage and +20% energy.^reset;	^green;가벼운 중력, +40% 달리기 속도, 낙하 피해 면역, +20% 에너지.^reset;	
/items/augments/back/arcana_augment_3.augment	shortdescription	Amp - Windflow	앰프 - 윈드플로우	
/items/augments/back/arcana_augment_4.augment	description	^green;Grants immunity to burning, frost, electrified and poisoned. +10% health and +10% attack.^reset;	^green;화상·서리·감전·중독 면역. +10% 체력·+10% 공격력.^reset;	
/items/augments/back/arcana_augment_4.augment	shortdescription	Amp - Gleamstasis	앰프 - 글림스태시스	
/items/augments/back/arcana_augment_5.augment	description	^green;Grants Nova and +10% Attack. Upon triggering Nova, gain an additional +100% Attack for 4 seconds.	^green;노바와 +10% 공격력 부여. 노바 발동 시 추가로 4초간 +100% 공격력.	
/items/augments/back/arcana_augment_5.augment	shortdescription	Amp - Ragechant	앰프 - 레이지찬트	
/items/augments/back/arcana_augment_energyDrain.augment	itemName	arcana_augment_energyDrain	에너지 드레인	
/items/augments/back/arcana_augment_energyDrain.augment	description	^green;Grants energy drain immunity. Useful as an Arcane EPP replacement.^reset;	^green;에너지 드레인 면역 부여. 아케인 EPP 대용으로 유용하다.^reset;	
/items/augments/back/arcana_augment_energyDrain.augment	shortdescription	EPA - Arcane	EPA - 아케인	
/items/augments/back/arcana_augment_halcyon.augment	description	^green;Grants +10% resist to Fire, Electric, Ice and Poison, +100% health^reset; ^red;and -40% attack.^reset;	^green;+10% 화염·전기·냉기·독 저항, +100% 체력^reset; ^red;·-40% 공격력.^reset;	
/items/augments/back/arcana_augment_halcyon.augment	shortdescription	Gilded Key - Halcyon	도금 열쇠 - 할시온	
/items/augments/back/arcana_augment_radiance.augment	description	^green;Grants Radiance immunity. Useful as an Pale EPP replacement.^reset;	^green;광휘 면역 부여. 페일 EPP 대용으로 유용하다.^reset;	
/items/augments/back/arcana_augment_radiance.augment	shortdescription	EPA - Pale	EPA - 페일	
/items/augments/back/arcana_augment_raven.augment	description	^green;Grants resistance to fall damage, +60% attack, +60% speed^reset; ^red;and -40% health.^reset;	^green;낙하 피해 저항, +60% 공격력, +60% 속도^reset; ^red;·-40% 체력.^reset;	
/items/augments/back/arcana_augment_raven.augment	shortdescription	Gilded Key - Raven	도금 열쇠 - 레이븐	
/items/augments/back/arcana_augment_ruinous.augment	description	^green;Grants Cataclysm & Ruinous immunity. Useful for navigating through ruinous water.^reset;	^green;재앙·파멸 면역 부여. 파멸의 물속 항해에 유용하다.^reset;	
/items/augments/back/arcana_augment_ruinous.augment	shortdescription	EPA - Auric	EPA - 오릭	
/items/augments/back/arcana_augment_supercharged.augment	description	^green;Grants Supercharged immunity. Useful as a Superstorm EPP replacement.^reset;	^green;초충전 면역 부여. 슈퍼스톰 EPP 대용으로 유용하다.^reset;	
/items/augments/back/arcana_augment_supercharged.augment	shortdescription	EPA - Superstorm	EPA - 슈퍼스톰	
/items/currency/arcana_seekerlevel.currency	description	Increase your seeker level by using the Atlas!	아틀라스를 사용해 시커 레벨을 올려라!	
/items/currency/arcana_seekerlevel.currency	shortdescription	^#orange;Seeker Level^reset;	^#orange;시커 레벨^reset;	
/items/generic/dyes/arcana_auricdye.augment	description	This coloured dye can be applied to a piece of armour or clothing with a right-click.	이 색 염료는 갑옷이나 옷에 우클릭으로 바를 수 있다.	
/items/generic/dyes/arcana_auricdye.augment	shortdescription	Auric Dye	오릭 염료	
/items/generic/dyes/arcana_gleamdye.augment	description	This coloured dye can be applied to a piece of armour or clothing with a right-click.	이 색 염료는 갑옷이나 옷에 우클릭으로 바를 수 있다.	
/items/generic/dyes/arcana_gleamdye.augment	shortdescription	Gleam Dye	글림 염료	
/items/materials/aeolus_tile1.matitem	description	Bricks made from ariostone.	아리오스톤 벽돌.	reuse
/items/materials/aeolus_tile1.matitem	shortdescription	Ariostone Bricks	아리오스톤 벽돌	reuse
/items/materials/aeolus_tile2.matitem	description	Bricks made from ariostone.	아리오스톤 벽돌.	reuse
/items/materials/aeolus_tile2.matitem	shortdescription	Heavy Ariostone Bricks	중형 아리오스톤 벽돌	reuse
/items/materials/aeolus_tile3.matitem	description	A brick flooring made from ariostone.	아리오스톤으로 만든 벽돌 바닥.	reuse
/items/materials/aeolus_tile3.matitem	shortdescription	Ariostone Flooring	아리오스톤 바닥재	reuse
/items/materials/aeolus_tile4.matitem	description	A beam coated with anemone wood.	아네모네 목재를 입힌 들보.	reuse
/items/materials/aeolus_tile4.matitem	shortdescription	Arius Construct Beam	아리우스 컨스트럭트 빔	reuse
/items/materials/aeolus_tile5.matitem	description	A beam of anemone wood.	아네모네 목재 들보.	reuse
/items/materials/aeolus_tile5.matitem	shortdescription	Anemone Wood Beam	아네모네 목재 대들보	reuse
/items/materials/aeolus_tile6.matitem	description	A wall made from ariostone.	아리오스톤으로 만든 벽.	reuse
/items/materials/aeolus_tile6.matitem	shortdescription	Ariostone Wall	아리오스톤 벽	reuse
/items/materials/aeolus_tile7.matitem	description	A durable sail made from paper and texiles.	종이와 직물로 만든 튼튼한 돛입니다.	reuse
/items/materials/aeolus_tile7.matitem	shortdescription	Sail Block	돛 블록	reuse
/items/materials/aeon_tile1.matitem	description	A timeless flooring tile, slightly weathered.	살짝 풍화된, 시간을 초월한 바닥재 타일.	reuse
/items/materials/aeon_tile1.matitem	shortdescription	Aeon Flooring	에이언 바닥재	reuse
/items/materials/aeon_tile2.matitem	description	A timeless wall tile with gear patterns and golden cornerstones.	톱니 문양과 황금빛 모서리 돌이 있는, 시간을 초월한 벽 타일.	reuse
/items/materials/aeon_tile2.matitem	shortdescription	Aeon Gear Wall	에이언 톱니바퀴 벽	reuse
/items/materials/aeon_tile3.matitem	description	A sloped panel made from dark brass.	어두운 황동으로 만든 경사진 패널.	reuse
/items/materials/aeon_tile3.matitem	shortdescription	Aeon Dark Brass Panel	에이언 다크 황동 패널	reuse
/items/materials/aeon_tile4.matitem	description	A sloped panel made from rusting brass.	녹슬어가는 황동으로 만든 경사진 패널.	reuse
/items/materials/aeon_tile4.matitem	shortdescription	Aeon Brass Panel	에이언 황동 패널	reuse
/items/materials/aeon_tile5.matitem	description	A durable material found only in Timeless structures.	타임리스 구조물에서만 발견되는 튼튼한 재료입니다.	reuse
/items/materials/aeon_tile5.matitem	shortdescription	Chrono Panel	크로노 패널	reuse
/items/materials/ambersoil_tile1.matitem	description	A yellowish soil found in Ambersoil biomes.	앰버소일 생태계에서 발견되는 노르스름한 흙.	reuse
/items/materials/ambersoil_tile1.matitem	shortdescription	Ambersoil Dirt	앰버소일 흙	reuse
/items/materials/animus_tile1.matitem	description	A blood colored rock.	핏빛 바위.	reuse
/items/materials/animus_tile1.matitem	shortdescription	Ketsueki Rock	케츠에키 바위	reuse
/items/materials/animus_tile2.matitem	description	Dark, shadowy colored bricks.	어둡고 그늘진 색의 벽돌.	reuse
/items/materials/animus_tile2.matitem	shortdescription	Animus Bricks	애니머스 벽돌	reuse
/items/materials/animus_tile3.matitem	description	A dark, shadowy colored wood chunk.	어둡고 그늘진 색의 나무 덩어리입니다.	reuse
/items/materials/animus_tile3.matitem	shortdescription	Animus Wood	애니머스 나무	reuse
/items/materials/animus_tile4.matitem	description	Strange blue crystals that emit a faint light.	희미한 빛을 내는 이상한 파란 수정.	reuse
/items/materials/animus_tile4.matitem	shortdescription	Animus Crystals	애니머스 수정	reuse
/items/materials/animus_tile5.matitem	description	A dark smooth stone brick.	매끄러운 어두운 돌벽돌입니다.	reuse
/items/materials/animus_tile5.matitem	shortdescription	Animus Smooth Stone	애니머스 매끄러운 돌	reuse
/items/materials/animus_tile6.matitem	description	A blood red flooring block.	핏빛 바닥 블록.	reuse
/items/materials/animus_tile6.matitem	shortdescription	Animus Flooring	애니머스 바닥재	reuse
/items/materials/arcana_platform_aeonPlatform.matitem	itemName	arcana_platform_aeonPlatform	에이언 플랫폼	
/items/materials/arcana_platform_aeonPlatform.matitem	description	A timeless platform.	시간을 초월한 발판.	reuse
/items/materials/arcana_platform_aeonPlatform.matitem	shortdescription	Aeon Platform	에이언 플랫폼	reuse
/items/materials/arcana_platform_arkPlatform.matitem	itemName	arcana_platform_arkPlatform	아크 플랫폼	
/items/materials/arcana_platform_arkPlatform.matitem	description	A heavenly, pale platform.	천상의 빛을 띤 창백한 발판입니다.	reuse
/items/materials/arcana_platform_arkPlatform.matitem	shortdescription	Ark Platform	방주 발판	reuse
/items/materials/arcana_platform_astralPlatform.matitem	itemName	arcana_platform_astralPlatform	아스트랄 플랫폼	
/items/materials/arcana_platform_astralPlatform.matitem	description	A platform carefully crafted with sandstone and composite materials.	사암과 복합 재료로 정교하게 제작된 발판입니다.	reuse
/items/materials/arcana_platform_astralPlatform.matitem	shortdescription	Astral Platform	아스트랄 발판	reuse
/items/materials/arcana_platform_atlantisPlatform.matitem	itemName	arcana_platform_atlantisPlatform	아틀란티스 플랫폼	
/items/materials/arcana_platform_atlantisPlatform.matitem	description	A golden platform found in the ocean ruins.	바다 유적에서 발견되는 황금 플랫폼입니다.	reuse
/items/materials/arcana_platform_atlantisPlatform.matitem	shortdescription	Atlantis Platform	아틀란티스 발판	reuse
/items/materials/arcana_platform_auricPlatform.matitem	itemName	arcana_platform_auricPlatform	오릭 플랫폼	
/items/materials/arcana_platform_auricPlatform.matitem	shortdescription	Sanctus Platform	상크투스 발판	reuse
/items/materials/arcana_platform_auricPlatform.matitem	description	A solid metal platform.	단단한 금속 발판.	reuse
/items/materials/arcana_platform_exoslatePlatform.matitem	itemName	arcana_platform_exoslatePlatform	엑소슬레이트 플랫폼	
/items/materials/arcana_platform_exoslatePlatform.matitem	description	A dark platform made with exoslate.	엑소슬레이트로 만든 어두운 발판입니다.	reuse
/items/materials/arcana_platform_exoslatePlatform.matitem	shortdescription	Exoslate Platform	엑소슬레이트 발판	reuse
/items/materials/arcana_platform_icePlatform.matitem	itemName	arcana_platform_icePlatform	얼음 플랫폼	
/items/materials/arcana_platform_icePlatform.matitem	shortdescription	Ice Platform	얼음 플랫폼	reuse
/items/materials/arcana_platform_icePlatform.matitem	description	A platform of solid ice.	단단한 얼음으로 된 발판입니다.	reuse
/items/materials/arcana_platform_ingendepthPlatform.matitem	itemName	arcana_platform_ingendepthPlatform	잉건뎁스 플랫폼	
/items/materials/arcana_platform_ingendepthPlatform.matitem	shortdescription	Ingendepth Platform	인젠뎁스 발판	reuse
/items/materials/arcana_platform_ingendepthPlatform.matitem	description	An alien stone platform.	외계 석재 발판입니다.	reuse
/items/materials/arcana_platform_kuromatsuPlatform.matitem	itemName	arcana_platform_kuromatsuPlatform	쿠로마츠 플랫폼	
/items/materials/arcana_platform_kuromatsuPlatform.matitem	description	Nicely finished wooden platforms.	멋지게 장식된 나무 플랫폼이다.	reuse
/items/materials/arcana_platform_kuromatsuPlatform.matitem	shortdescription	Kuromatsu Platform	쿠로마츠 발판	reuse
/items/materials/arcana_platform_magiwoodPlatform.matitem	itemName	arcana_platform_magiwoodPlatform	마기우드 플랫폼	
/items/materials/arcana_platform_magiwoodPlatform.matitem	description	A polished platform, made from magiwood found in Arcane Wealds.	아케인 웰즈에서 발견된 마기우드로 만든, 매끄럽게 다듬어진 발판.	reuse
/items/materials/arcana_platform_magiwoodPlatform.matitem	shortdescription	Magiwood Platform	매지우드 발판	reuse
/items/materials/arcana_platform_necroiumPlatform.matitem	itemName	arcana_platform_necroiumPlatform	네크로이움 플랫폼	
/items/materials/arcana_platform_necroiumPlatform.matitem	description	A crude platform crafted from necroium.	네크로이움으로 만든 조악한 발판입니다.	reuse
/items/materials/arcana_platform_necroiumPlatform.matitem	shortdescription	Necroium Platform	네크로이움 플랫폼	reuse
/items/materials/arcana_platform_netherPlatform.matitem	itemName	arcana_platform_netherPlatform	네더 플랫폼	
/items/materials/arcana_platform_netherPlatform.matitem	description	A gleaming platform, made from crystals.	결정으로 만든 반짝이는 플랫폼입니다.	reuse
/items/materials/arcana_platform_netherPlatform.matitem	shortdescription	Crystal Platform	크리스탈 발판	reuse
/items/materials/arcana_platform_nullaPlatform.matitem	itemName	arcana_platform_nullaPlatform	눌라 플랫폼	
/items/materials/arcana_platform_nullaPlatform.matitem	description	A pale platform.	창백한 발판입니다.	reuse
/items/materials/arcana_platform_nullaPlatform.matitem	shortdescription	Nulla Platform	눌라 플랫폼	reuse
/items/materials/arcana_platform_orionPlatform.matitem	itemName	arcana_platform_orionPlatform	오리온 플랫폼	
/items/materials/arcana_platform_orionPlatform.matitem	shortdescription	Orion Platform	오리온 플랫폼	reuse
/items/materials/arcana_platform_orionPlatform.matitem	description	A sleek high-tech platform.	매끈한 첨단 발판.	reuse
/items/materials/arcana_platform_robustaPlatform.matitem	itemName	arcana_platform_robustaPlatform	로부스타 플랫폼	
/items/materials/arcana_platform_robustaPlatform.matitem	shortdescription	Robusta Platform	로부스타 플랫폼	reuse
/items/materials/arcana_platform_robustaPlatform.matitem	description	A dark wooden platform.	검은 목재 플랫폼.	
/items/materials/arcana_platform_runicPlatform.matitem	itemName	arcana_platform_runicPlatform	루닉 플랫폼	
/items/materials/arcana_platform_runicPlatform.matitem	description	A polished sandstone platform.	매끄럽게 다듬어진 사암 발판.	reuse
/items/materials/arcana_platform_runicPlatform.matitem	shortdescription	Runic Platform	룬 발판	reuse
/items/materials/arcana_platform_sacredPlatform.matitem	itemName	arcana_platform_sacredPlatform	신성 플랫폼	
/items/materials/arcana_platform_sacredPlatform.matitem	description	An ornate stone platform that has embraced the Sacred Wind's touch for eons.	오랜 세월 성스러운 바람의 손길을 받아온 화려한 석재 발판이다.	reuse
/items/materials/arcana_platform_sacredPlatform.matitem	shortdescription	Sacred Platform	신성한 발판	reuse
/items/materials/arcana_platform_stonePlatform.matitem	itemName	arcana_platform_stonePlatform	돌 플랫폼	
/items/materials/arcana_platform_stonePlatform.matitem	description	A smooth stone platform.	매끈한 돌 발판.	reuse
/items/materials/arcana_platform_stonePlatform.matitem	shortdescription	Stone Platform	돌 플랫폼	reuse
/items/materials/arcana_platform_verrostinPlatform.matitem	itemName	arcana_platform_verrostinPlatform	베로스틴 플랫폼	
/items/materials/arcana_platform_verrostinPlatform.matitem	description	A durable platform made from verrostin.	베로스틴으로 만든 튼튼한 플랫폼입니다.	reuse
/items/materials/arcana_platform_verrostinPlatform.matitem	shortdescription	Verrostin Platform	베로스틴 플랫폼	reuse
/items/materials/arcana_rail_lightrail.matitem	shortdescription	Light Rail	라이트 레일	reuse
/items/materials/arcana_rail_lightrail.matitem	description	A glowing rail track.	빛나는 레일 선로입니다.	reuse
/items/materials/arcana_runicdesert_tile_1.matitem	description	A block of sand. A faint blue rune glows through its form.	모래 블록. 희미한 파란 룬이 안쪽에서 빛난다.	reuse
/items/materials/arcana_runicdesert_tile_1.matitem	shortdescription	Runic Orange Sand	룬 오렌지 모래	reuse
/items/materials/arcana_spectwing_tile1.matitem	description	A brightly colored inset panel.	밝은 색상 매입 패널.	reuse
/items/materials/arcana_spectwing_tile1.matitem	shortdescription	Pale Nether Panel	창백한 네더 패널	reuse
/items/materials/arcana_spectwing_tile10.matitem	description	A sloped wooden beam for building support.	건축 지지대용 경사진 나무 들보.	reuse
/items/materials/arcana_spectwing_tile10.matitem	shortdescription	Nether Sloped Wood	네더 경사 목재	reuse
/items/materials/arcana_spectwing_tile11.matitem	description	A smooth set of planks in dark, nether colors.	어둡고 네더 색상인 매끈한 판자 세트.	reuse
/items/materials/arcana_spectwing_tile11.matitem	shortdescription	Nether Smooth Planks	네더 매끈한 판자	reuse
/items/materials/arcana_spectwing_tile12.matitem	description	A smooth flooring made from durable wood.	내구성 좋은 나무로 만든 매끈한 바닥재.	reuse
/items/materials/arcana_spectwing_tile12.matitem	shortdescription	Dark Wood Flooring	다크 나무 바닥재	reuse
/items/materials/arcana_spectwing_tile13.matitem	description	A patterned window tile, for pretty buildings.	예쁜 건물을 위한, 무늬가 있는 창문 타일입니다.	reuse
/items/materials/arcana_spectwing_tile13.matitem	shortdescription	Nether Window Tile	네더 창문 타일	reuse
/items/materials/arcana_spectwing_tile14.matitem	description	A bush of vibrant, colorful leaves.	선명하고 알록달록한 잎이 달린 덤불.	reuse
/items/materials/arcana_spectwing_tile14.matitem	shortdescription	Fairy Blossom Block	요정 꽃봉오리 블록	reuse
/items/materials/arcana_spectwing_tile15 - Copy.matitem	description	A block of twisted wood.	뒤틀린 나무 블록.	reuse
/items/materials/arcana_spectwing_tile15 - Copy.matitem	shortdescription	Twisted Wood	뒤틀린 목재	reuse
/items/materials/arcana_spectwing_tile15.matitem	description	A block of amethyst crystal formation.	자수정 결정 블록.	reuse
/items/materials/arcana_spectwing_tile15.matitem	shortdescription	Amethyst Crystal Block	자수정 크리스탈 블록	reuse
/items/materials/arcana_spectwing_tile2.matitem	description	A brightly colored inset panel.	밝은 색상 매입 패널.	reuse
/items/materials/arcana_spectwing_tile2.matitem	shortdescription	Plum Nether Panel	플럼 네더 패널	reuse
/items/materials/arcana_spectwing_tile3.matitem	description	A strudy pillar made from a dark colored wood.	짙은 색 나무로 만든 튼튼한 기둥.	reuse
/items/materials/arcana_spectwing_tile3.matitem	shortdescription	Nether Wood Pillar	네더 목재 기둥	reuse
/items/materials/arcana_spectwing_tile4.matitem	description	A strudy wooden beam, adorned with patterns.	무늬로 장식된 튼튼한 나무 들보.	reuse
/items/materials/arcana_spectwing_tile4.matitem	shortdescription	Nether Adorned Beam	네더 장식 들보	reuse
/items/materials/arcana_spectwing_tile5.matitem	description	A reinforced plating for building, in nether colors.	네더 색상의 건축용 강화 판재.	reuse
/items/materials/arcana_spectwing_tile5.matitem	shortdescription	Nether Wall Plate	네더 벽 패널	reuse
/items/materials/arcana_spectwing_tile6.matitem	description	A simple set of planks in dark, nether colors.	어둡고 네더 색상인 단순한 판자 세트.	reuse
/items/materials/arcana_spectwing_tile6.matitem	shortdescription	Nether Wood Planks	네더 목재 판자	reuse
/items/materials/arcana_spectwing_tile7.matitem	description	A fence for separating different areas.	서로 다른 구역을 나누는 울타리입니다.	reuse
/items/materials/arcana_spectwing_tile7.matitem	shortdescription	Nether Fence	네더 울타리	reuse
/items/materials/arcana_spectwing_tile8.matitem	description	A ridge tile for use as flooring or roofing.	바닥재나 지붕재로 사용되는 마루 타일.	reuse
/items/materials/arcana_spectwing_tile8.matitem	shortdescription	Nether Stone Ridge	네더 돌 능선	reuse
/items/materials/arcana_spectwing_tile9.matitem	description	A light roofing tile.	가벼운 지붕 타일입니다.	reuse
/items/materials/arcana_spectwing_tile9.matitem	shortdescription	Nether Roofing	네더 지붕	reuse
/items/materials/arcana_statustile_1.matitem	shortdescription	Blue Death Block	파란 죽음의 블록	reuse
/items/materials/arcana_tile1.matitem	description	A wooden window.	나무 창.	reuse
/items/materials/arcana_tile1.matitem	shortdescription	Magiwood Window	매지우드 창문	reuse
/items/materials/arcana_tile10.matitem	description	A magiwood beam. Good for building simple structures.	마법목 대들보입니다. 간단한 구조물을 짓기에 좋습니다.	reuse
/items/materials/arcana_tile10.matitem	shortdescription	Magiwood Beam	매지우드 들보	reuse
/items/materials/arcana_tile11.matitem	description	A magiwood log. Good for building simple structures.	마법목 통나무입니다. 간단한 구조물을 짓기에 좋습니다.	reuse
/items/materials/arcana_tile11.matitem	shortdescription	^#fffffe;Magiwood Log^reset;	^#fffffe;매지우드 통나무^reset;	reuse
/items/materials/arcana_tile12.matitem	description	A solid roofing tile.	단단한 지붕 타일.	reuse
/items/materials/arcana_tile12.matitem	shortdescription	Arcane Roofing	아케인 지붕	reuse
/items/materials/arcana_tile13.matitem	description	A composition of plants.	식물들을 모아 꾸민 장식입니다.	reuse
/items/materials/arcana_tile13.matitem	shortdescription	Arcane Leaf Block	아케인 잎 블록	reuse
/items/materials/arcana_tile14.matitem	description	A composition of flowers.	꽃 구성물.	reuse
/items/materials/arcana_tile14.matitem	shortdescription	Arcane Flower Block	아케인 꽃 블록	reuse
/items/materials/arcana_tile15.matitem	description	A wooden window.	나무 창.	reuse
/items/materials/arcana_tile15.matitem	shortdescription	Filled Magiwood Window	채워진 매지우드 창문	reuse
/items/materials/arcana_tile16.matitem	description	A brightly colored roofing tile.	밝은 색의 지붕 타일.	reuse
/items/materials/arcana_tile16.matitem	shortdescription	Cathaya Tile	카타야 타일	reuse
/items/materials/arcana_tile17.matitem	description	A brightly colored roofing tile.	밝은 색의 지붕 타일.	reuse
/items/materials/arcana_tile17.matitem	shortdescription	Cathaya Roofing	카타야 지붕	reuse
/items/materials/arcana_tile18.matitem	description	A brightly colored roofing tile.	밝은 색의 지붕 타일.	reuse
/items/materials/arcana_tile18.matitem	shortdescription	Gingko Tile	은행나무 타일	reuse
/items/materials/arcana_tile19.matitem	description	A brightly colored roofing tile.	밝은 색의 지붕 타일.	reuse
/items/materials/arcana_tile19.matitem	shortdescription	Gingko Roofing	은행나무 지붕	reuse
/items/materials/arcana_tile2.matitem	description	A wooden fence made of magiwood.	마기우드로 만든 나무 울타리.	reuse
/items/materials/arcana_tile2.matitem	shortdescription	Magiwood Fence	매지우드 울타리	reuse
/items/materials/arcana_tile20.matitem	description	A composition of flowers.	꽃 구성물.	reuse
/items/materials/arcana_tile20.matitem	shortdescription	Maple Flower Block	단풍꽃 블록	reuse
/items/materials/arcana_tile21.matitem	description	A wooden wall panel.	나무 벽 패널.	reuse
/items/materials/arcana_tile21.matitem	shortdescription	Cathaya Panel	카타야 패널	reuse
/items/materials/arcana_tile22.matitem	description	A block of tree branches.	나뭇가지 블록.	reuse
/items/materials/arcana_tile22.matitem	shortdescription	Tree Branch Block	나뭇가지 블록	reuse
/items/materials/arcana_tile23.matitem	description	A crude barricade made out of wood.	나무로 만든 조악한 바리케이드입니다.	reuse
/items/materials/arcana_tile23.matitem	shortdescription	Wooden Barricade	나무 바리케이드	reuse
/items/materials/arcana_tile24.matitem	description	A sloped concrete tile.	경사진 콘크리트 타일.	reuse
/items/materials/arcana_tile24.matitem	shortdescription	Sloped Concrete Block	경사형 콘크리트 블록	reuse
/items/materials/arcana_tile25.matitem	description	A sloped rusty copper tile.	경사진 녹슨 구리 타일.	reuse
/items/materials/arcana_tile25.matitem	shortdescription	Sloped Rusty Block	경사형 녹슨 블록	reuse
/items/materials/arcana_tile26.matitem	description	An old asphalt path, nearly made obsolete by hoverbike advancements.	호버바이크 기술의 발전으로 거의 쓸모없어진 낡은 아스팔트 길이다.	reuse
/items/materials/arcana_tile26.matitem	shortdescription	Thin Asphalt	얇은 아스팔트	reuse
/items/materials/arcana_tile27.matitem	description	A glass window.	유리창.	reuse
/items/materials/arcana_tile27.matitem	shortdescription	Lit Glass Window	불 켜진 유리창	reuse
/items/materials/arcana_tile28.matitem	description	A glass window.	유리창.	reuse
/items/materials/arcana_tile28.matitem	shortdescription	Unlit Glass Window	불이 꺼진 유리창	reuse
/items/materials/arcana_tile29.matitem	description	Blinds for covering windows.	창문을 가리는 블라인드.	reuse
/items/materials/arcana_tile29.matitem	shortdescription	Window Blinds	창문 블라인드	reuse
/items/materials/arcana_tile3.matitem	description	A wooden bridge made of magiwood.	마기우드로 만든 나무 다리.	reuse
/items/materials/arcana_tile3.matitem	shortdescription	Magiwood Bridge	매지우드 다리	reuse
/items/materials/arcana_tile30.matitem	description	A solid building panel.	단단한 건축용 패널.	reuse
/items/materials/arcana_tile30.matitem	shortdescription	Neonwave Panel	네온웨이브 패널	reuse
/items/materials/arcana_tile31.matitem	description	A solid wall painted to indicate a hazardous area.	위험 구역을 나타내도록 칠해진 단단한 벽.	reuse
/items/materials/arcana_tile31.matitem	shortdescription	Hazard Wall	위험 벽	reuse
/items/materials/arcana_tile32.matitem	description	A sloped rusty copper panel.	경사진 녹슨 구리 패널.	reuse
/items/materials/arcana_tile32.matitem	shortdescription	Sloped Rusty Panel	기울어진 녹슨 패널	reuse
/items/materials/arcana_tile34.matitem	description	A palm leaf block.	야자잎 블록입니다.	reuse
/items/materials/arcana_tile34.matitem	shortdescription	Palm Leaf Block	야자잎 블록	reuse
/items/materials/arcana_tile35.matitem	description	A leafy vine block.	잎이 무성한 덩굴 블록입니다.	reuse
/items/materials/arcana_tile35.matitem	shortdescription	Leafy Vine Block	잎 넝쿨 블록	reuse
/items/materials/arcana_tile36.matitem	description	A twisted wood block.	뒤틀린 나무 블록.	reuse
/items/materials/arcana_tile36.matitem	shortdescription	Twisted Wood	뒤틀린 목재	reuse
/items/materials/arcana_tile4.matitem	description	An ornate flooring block.	화려한 바닥재 블록이다.	reuse
/items/materials/arcana_tile4.matitem	shortdescription	Magiwood Ornate Flooring	매지우드 화려한 바닥재	reuse
/items/materials/arcana_tile5.matitem	description	This wood panelling was fashionable in a distant era.	이 나무 패널은 먼 시대에 유행한 적이 있다.	reuse
/items/materials/arcana_tile5.matitem	shortdescription	Magiwood Panelling	매지우드 패널	reuse
/items/materials/arcana_tile6.matitem	description	Wood that has been prepared for building and crafting.	건축 및 제작을 위해 준비된 목재입니다.	reuse
/items/materials/arcana_tile6.matitem	shortdescription	Magiwood Planks	매지우드 판자	reuse
/items/materials/arcana_tile7.matitem	description	A simple flooring built on cobblestone.	조약돌 위에 지은 단순한 바닥재.	reuse
/items/materials/arcana_tile7.matitem	shortdescription	Magiwood Flooring	매지우드 바닥재	reuse
/items/materials/arcana_tile8.matitem	description	Expertly treated ornate wood.	전문적으로 처리된 화려한 목재.	reuse
/items/materials/arcana_tile8.matitem	shortdescription	Ornate Magiwood	화려한 매지우드	reuse
/items/materials/arcana_tile9.matitem	description	Rough and unrefined, this wood looks freshly chopped.	방금 막 벤 것처럼 보이는 거칠고 가공되지 않은 나무다.	reuse
/items/materials/arcana_tile9.matitem	shortdescription	Unrefined Magiwood	미가공 매지우드	reuse
/items/materials/arcaneDesert_tile1.matitem	itemName	arcaneDesert_tile1	아르케인 사막 타일 1	
/items/materials/arcaneDesert_tile1.matitem	description	A reddish sand block.	불그스름한 모래 블록.	reuse
/items/materials/arcaneDesert_tile1.matitem	shortdescription	Arcane Sand	아케인 모래	reuse
/items/materials/arcaneDesert_tile2.matitem	itemName	arcaneDesert_tile2	아르케인 사막 타일 2	
/items/materials/arcaneDesert_tile2.matitem	description	Soft and warm sand.	부드럽고 따뜻한 모래다.	reuse
/items/materials/arcaneDesert_tile2.matitem	shortdescription	Sand	모래	
/items/materials/arcaneDesert_tile3.matitem	itemName	arcaneDesert_tile3	아르케인 사막 타일 3	
/items/materials/arcaneDesert_tile3.matitem	description	A blaststone block, looks tough.	폭파암 블록, 단단해 보여.	reuse
/items/materials/arcaneDesert_tile3.matitem	shortdescription	Arcane Blaststone	아케인 폭발석	reuse
/items/materials/arcaneForest_tile1.matitem	itemName	arcaneForest_tile1	아르케인 숲 타일 1	
/items/materials/arcaneForest_tile1.matitem	description	A blueish dirt block sprinkled with arcane magic.	비전 마법이 흩뿌려진 푸르스름한 흙 블록.	reuse
/items/materials/arcaneForest_tile1.matitem	shortdescription	Arcane Dirt	아케인 흙	reuse
/items/materials/arcaneForest_tile2.matitem	itemName	arcaneForest_tile2	아르케인 숲 타일 2	
/items/materials/arcaneForest_tile2.matitem	description	A blueish stone block sprinkled with arcane magic.	비전 마법이 흩뿌려진 푸르스름한 돌 블록.	reuse
/items/materials/arcaneForest_tile2.matitem	shortdescription	Arcane Cobblestone	비전 조약돌	reuse
/items/materials/arcaneForest_tile3.matitem	itemName	arcaneForest_tile3	아르케인 숲 타일 3	
/items/materials/arcaneForest_tile3.matitem	description	A blaststone block, looks tough.	폭파암 블록, 단단해 보여.	reuse
/items/materials/arcaneForest_tile3.matitem	shortdescription	Arcane Blaststone	아케인 폭발석	reuse
/items/materials/arcaneTundra_tile1.matitem	itemName	arcaneTundra_tile1	아르케인 툰드라 타일 1	
/items/materials/arcaneTundra_tile1.matitem	description	A frozen dirt block.	얼어붙은 흙 블록입니다.	reuse
/items/materials/arcaneTundra_tile1.matitem	shortdescription	Frozen Dirt	얼어붙은 흙	reuse
/items/materials/arcaneTundra_tile2.matitem	itemName	arcaneTundra_tile2	아르케인 툰드라 타일 2	
/items/materials/arcaneTundra_tile2.matitem	description	A solid ice block sprinkled with arcane magic. Emits a faint light.	아케인 마법이 뿌려진 단단한 얼음 블록. 은은한 빛을 낸다.	reuse
/items/materials/arcaneTundra_tile2.matitem	shortdescription	Arcane Ice	아케인 얼음	reuse
/items/materials/arcaneTundra_tile3.matitem	itemName	arcaneTundra_tile3	아르케인 툰드라 타일 3	
/items/materials/arcaneTundra_tile3.matitem	description	An alien ice material, tingly to the touch.	만지면 따끔거리는 외계 얼음 재료입니다.	reuse
/items/materials/arcaneTundra_tile3.matitem	shortdescription	Glacial Ice	빙하 얼음	reuse
/items/materials/arcaneTundra_tile4.matitem	itemName	arcaneTundra_tile4	아르케인 툰드라 타일 4	
/items/materials/arcaneTundra_tile4.matitem	description	A chiseled ice brick.	정교하게 깎은 얼음 벽돌.	reuse
/items/materials/arcaneTundra_tile4.matitem	shortdescription	Glacial Ice Bricks	빙하 얼음 벽돌	reuse
/items/materials/arcaneTundra_tile5.matitem	itemName	arcaneTundra_tile5	아르케인 툰드라 타일 5	
/items/materials/arcaneTundra_tile5.matitem	description	A chiseled ice pillar.	깎은 얼음 기둥.	reuse
/items/materials/arcaneTundra_tile5.matitem	shortdescription	Glacial Ice Pillar	빙하기 얼음 기둥	reuse
/items/materials/arcaneTundra_tile6.matitem	itemName	arcaneTundra_tile6	아르케인 툰드라 타일 6	
/items/materials/arcaneTundra_tile6.matitem	description	A chiseled ice pillar.	깎은 얼음 기둥.	reuse
/items/materials/arcaneTundra_tile6.matitem	shortdescription	Glacial Ice Pillar	빙하기 얼음 기둥	reuse
/items/materials/ardentTaiga_tile1.matitem	itemName	ardentTaiga_tile1	아던트 타이가 타일 1	
/items/materials/ardentTaiga_tile1.matitem	description	An orangeish rock.	주황빛이 도는 바위다.	reuse
/items/materials/ardentTaiga_tile1.matitem	shortdescription	Ardent Rock	아든 바위	reuse
/items/materials/ardentTaiga_tile2.matitem	itemName	ardentTaiga_tile2	아던트 타이가 타일 2	
/items/materials/ardentTaiga_tile2.matitem	description	A worn, orangeish stone.	닳고 불그스름한 돌.	reuse
/items/materials/ardentTaiga_tile2.matitem	shortdescription	Ardent Stone	아든 돌	reuse
/items/materials/ardentTaiga_tile3.matitem	itemName	ardentTaiga_tile3	아던트 타이가 타일 3	
/items/materials/ardentTaiga_tile3.matitem	description	A deep blue ice block.	짙은 파란색 얼음 블록입니다.	reuse
/items/materials/ardentTaiga_tile3.matitem	shortdescription	Ardent Ice	아든 얼음	reuse
/items/materials/ardentTaiga_tile4.matitem	itemName	ardentTaiga_tile4	아던트 타이가 타일 4	
/items/materials/ardentTaiga_tile4.matitem	description	A deep blue chunk of wood.	짙은 파란색 나무 덩어리입니다.	reuse
/items/materials/ardentTaiga_tile4.matitem	shortdescription	Ardent Wood	아든 나무	reuse
/items/materials/ashen_tile1.matitem	description	An ash-colored stony material. Its surface is unexpectedly smooth.	재빛 돌 소재입니다. 표면이 뜻밖에도 매끈합니다.	reuse
/items/materials/ashen_tile1.matitem	shortdescription	Ashmarble	재 대리석	
/items/materials/astral_tile1.matitem	description	An Arcanian flooring material made from sandstone.	사암으로 만든 아르카니안 바닥재.	reuse
/items/materials/astral_tile1.matitem	shortdescription	Astral Flooring	아스트랄 바닥재	reuse
/items/materials/astral_tile10.matitem	description	An gray material made from a flexible metallic texile.	유연한 금속 섬유로 만든 회색 소재다.	reuse
/items/materials/astral_tile10.matitem	shortdescription	Metallic Fabric ^#626262;Ashen^reset;	메탈릭 원단 ^#626262;애쉬^reset;	reuse
/items/materials/astral_tile11.matitem	description	An ancient temple wall.	고대 신전 벽입니다.	reuse
/items/materials/astral_tile11.matitem	shortdescription	Arcane Temple Panel	아케인 신전 패널	reuse
/items/materials/astral_tile12.matitem	description	A sandstone brick tile with different carved patterns.	다양한 조각 문양이 새겨진 사암 벽돌 타일.	reuse
/items/materials/astral_tile12.matitem	shortdescription	Arcane Temple Brick	아케인 신전 벽돌	reuse
/items/materials/astral_tile13.matitem	description	A smooth sandstone brick tile.	매끈 사암 벽돌 타일.	reuse
/items/materials/astral_tile13.matitem	shortdescription	Smooth Arcane Temple Brick	매끄러운 비전 신전 벽돌	reuse
/items/materials/astral_tile14.matitem	description	A smooth sandstone brick tile.	매끈 사암 벽돌 타일.	reuse
/items/materials/astral_tile14.matitem	shortdescription	Red Arcane Temple Brick	빨간 아케인 신전 벽돌	reuse
/items/materials/astral_tile15.matitem	description	An Arcanian fabric tile used for decorating purposes.	장식용 아르카니안 천 타일.	reuse
/items/materials/astral_tile15.matitem	shortdescription	Fabric Block ^#d17a40;Dunes^reset;	직물 블록 ^#d17a40;듄즈^reset;	reuse
/items/materials/astral_tile16.matitem	description	A solid metallic block used for end-points.	끝점으로 사용되는 단단한 금속 블록.	reuse
/items/materials/astral_tile16.matitem	shortdescription	Astral Metal Block	아스트랄 금속 블록	reuse
/items/materials/astral_tile2.matitem	description	An Arcanian flooring material, covered with blue carpet.	파란 카펫으로 덮인 아르카니안 바닥재.	reuse
/items/materials/astral_tile2.matitem	shortdescription	Astral Carpet Flooring	아스트랄 카펫 바닥재	reuse
/items/materials/astral_tile3.matitem	description	An Arcanian sandstone building material.	아르카니안 사암 건축재.	reuse
/items/materials/astral_tile3.matitem	shortdescription	Astral Bricks	아스트랄 벽돌	reuse
/items/materials/astral_tile4.matitem	description	An Arcanian sandstone support material.	아르카니안 사암 지지재.	reuse
/items/materials/astral_tile4.matitem	shortdescription	Astral Sandstone Beam	아스트랄 사암 빔	reuse
/items/materials/astral_tile5.matitem	description	An Arcanian fabric tile used for decorating purposes.	장식용 아르카니안 천 타일.	reuse
/items/materials/astral_tile5.matitem	shortdescription	Astral Fabric ^#588caa;Ocean^reset;	아스트랄 원단 ^#588caa;오션^reset;	reuse
/items/materials/astral_tile6.matitem	description	An Arcanian fabric tile used for decorating purposes.	장식용 아르카니안 천 타일.	reuse
/items/materials/astral_tile6.matitem	shortdescription	Astral Fabric ^#bc9e5c;Desert^reset;	아스트랄 원단 ^#bc9e5c;데저트^reset;	reuse
/items/materials/astral_tile7.matitem	description	An Arcanian composite material used to build complex structures.	복잡 구조 건설 아르카니아 복합 재료.	reuse
/items/materials/astral_tile7.matitem	shortdescription	Astral Sloped Panel ^blue;Ocean^reset;	아스트랄 경사 패널 ^blue;오션^reset;	reuse
/items/materials/astral_tile8.matitem	description	An Arcanian composite material used to build complex structures.	복잡 구조 건설 아르카니아 복합 재료.	reuse
/items/materials/astral_tile8.matitem	shortdescription	Astral Sloped Panel ^yellow;Desert^reset;	아스트랄 경사 패널 ^yellow;데저트^reset;	reuse
/items/materials/astral_tile9.matitem	description	An ancient constructing material made from azurium. Highly durable.	아주리움으로 만든 고대 건축 자재입니다. 내구성이 매우 뛰어납니다.	reuse
/items/materials/astral_tile9.matitem	shortdescription	Azurium Flooring	아주리움 바닥재	reuse
/items/materials/aurea_tile1.matitem	description	A durable sloped panel tile, used to construct complex buildings.	복잡한 건물 건설용 내구성 경사 패널 타일.	reuse
/items/materials/aurea_tile1.matitem	shortdescription	Complex Ark Panel	복합 방주 패널	reuse
/items/materials/aurea_tile10.matitem	description	A durable metal wall.	튼튼한 금속 벽.	reuse
/items/materials/aurea_tile10.matitem	shortdescription	Aurea Complex Wall	아우레아 복합 벽	reuse
/items/materials/aurea_tile11.matitem	description	A durable metal wall.	튼튼한 금속 벽.	reuse
/items/materials/aurea_tile11.matitem	shortdescription	Aurea Hazard Wall	아우레아 위험 벽	reuse
/items/materials/aurea_tile12.matitem	description	A Gilten glass barrier.	길튼 유리 장벽.	reuse
/items/materials/aurea_tile12.matitem	shortdescription	Solid Ark Barrier	솔리드 아크 방벽	reuse
/items/materials/aurea_tile13.matitem	description	A durable metal wall.	튼튼한 금속 벽.	reuse
/items/materials/aurea_tile13.matitem	shortdescription	Aurea Segmented Wall	아우레아 분절 벽	reuse
/items/materials/aurea_tile14.matitem	description	A light strip.	조명 스트립입니다.	reuse
/items/materials/aurea_tile14.matitem	shortdescription	Aurea Light Strip	아우레아 조명 스트립	reuse
/items/materials/aurea_tile15.matitem	description	A metal support beam.	금속 지지대입니다.	reuse
/items/materials/aurea_tile15.matitem	shortdescription	Aurea Prefab Support	아우레아 조립식 지지대	reuse
/items/materials/aurea_tile16.matitem	description	A durable metal wall.	튼튼한 금속 벽.	reuse
/items/materials/aurea_tile16.matitem	shortdescription	Aurea Prefab Wall	아우레아 조립식 벽	reuse
/items/materials/aurea_tile2.matitem	description	A durable white smooth panel tile, used to construct complex buildings.	복잡한 건물 건설용 내구성 흰 매끈 패널 타일.	reuse
/items/materials/aurea_tile2.matitem	shortdescription	Minimal Ark Panel	미니멀 아크 패널	reuse
/items/materials/aurea_tile3.matitem	description	A patterned ark panel.	무늬가 있는 방주 패널입니다.	reuse
/items/materials/aurea_tile3.matitem	shortdescription	Ornate Ark Panel	화려한 방주 패널	reuse
/items/materials/aurea_tile4.matitem	description	A Gilten glass barrier.	길튼 유리 장벽.	reuse
/items/materials/aurea_tile4.matitem	shortdescription	Ark Barrier	방주 장벽	reuse
/items/materials/aurea_tile5.matitem	description	An ark panel in the back layer.	후면 레이어에 놓는 방주 패널입니다.	reuse
/items/materials/aurea_tile5.matitem	shortdescription	Minimal Ark Panel B	미니멀 아크 패널 B	reuse
/items/materials/aurea_tile6.matitem	description	An ancient material.	고대 재료입니다.	reuse
/items/materials/aurea_tile6.matitem	shortdescription	Ancient Panel	고대 패널	reuse
/items/materials/aurea_tile7.matitem	description	A ship wall.	함선 벽.	reuse
/items/materials/aurea_tile7.matitem	shortdescription	Aurea Ship Wall	아우레아 함선 벽	reuse
/items/materials/aurea_tile8.matitem	description	A ship floor.	함선 바닥.	reuse
/items/materials/aurea_tile8.matitem	shortdescription	Aurea Ship Floor	아우레아 함선 바닥	reuse
/items/materials/aurea_tile9.matitem	description	A metal plating material for space-faring ships.	우주선용 금속 장갑판 재료입니다.	reuse
/items/materials/aurea_tile9.matitem	shortdescription	Aurea Ship Plating	아우레아 함선 장갑판	reuse
/items/materials/automated_tile1.matitem	description	A panel made from scraps.	고철 패널.	reuse
/items/materials/automated_tile1.matitem	shortdescription	S01 Panel A	S01 패널 A	reuse
/items/materials/automated_tile2.matitem	description	A panel made from scraps.	고철 패널.	reuse
/items/materials/automated_tile2.matitem	shortdescription	S01 Panel B	S01 패널 B	reuse
/items/materials/azureDesert_tile1.matitem	itemName	azureDesert_tile1	하늘 사막 타일 1	
/items/materials/azureDesert_tile1.matitem	description	A dry sand block that has been hardened with time.	시간이 지나며 굳은 마른 모래 블록입니다.	reuse
/items/materials/azureDesert_tile1.matitem	shortdescription	Hardened Sand	경화 모래	reuse
/items/materials/azureDesert_tile2.matitem	itemName	azureDesert_tile2	하늘 사막 타일 2	
/items/materials/azureDesert_tile2.matitem	description	Sand that has been sprinkled with the element of Azure.	'애저' 원소가 뿌려진 모래.	reuse
/items/materials/azureDesert_tile2.matitem	shortdescription	Azure Sand	하늘빛 모래	reuse
/items/materials/bleuark_tile1.matitem	description	A dark blue stone block.	짙은 파란 돌 블록입니다.	reuse
/items/materials/bleuark_tile1.matitem	shortdescription	Seastone Block	씨스톤 블록	reuse
/items/materials/bleuark_tile10.matitem	description	A smooth sea crystal block.	매끈한 바다 수정 블록.	reuse
/items/materials/bleuark_tile10.matitem	shortdescription	Smooth Sea Crystal	매끄러운 바다 수정	reuse
/items/materials/bleuark_tile11.matitem	description	A sea crystal block with a golden frame.	금빛 테두리를 가진 바다 수정 블록.	reuse
/items/materials/bleuark_tile11.matitem	shortdescription	Sea Crystal Wall	바다 수정 벽	reuse
/items/materials/bleuark_tile12.matitem	description	An ancient wall, still withstanding the deep waters.	깊은 물속에서도 여전히 버티는 고대 벽입니다.	reuse
/items/materials/bleuark_tile12.matitem	shortdescription	Undersea Panel	해저 패널	reuse
/items/materials/bleuark_tile2.matitem	description	Gold-colored sand.	금빛 모래입니다.	reuse
/items/materials/bleuark_tile2.matitem	shortdescription	Golden Sand Block	황금 모래 블록	reuse
/items/materials/bleuark_tile3.matitem	description	A seastone flooring surfaced with Atla gold.	아틀라 금으로 표면을 마감한 씨스톤 바닥재.	reuse
/items/materials/bleuark_tile3.matitem	shortdescription	Seastone Flooring	씨스톤 바닥재	reuse
/items/materials/bleuark_tile4.matitem	description	A smoothed seastone brick tile.	매끈하게 다듬은 씨스톤 벽돌 타일.	reuse
/items/materials/bleuark_tile4.matitem	shortdescription	Seastone Brick	씨스톤 벽돌	reuse
/items/materials/bleuark_tile5.matitem	description	A wall tile crafted with Atla gold.	아틀라 금으로 만든 벽 타일.	reuse
/items/materials/bleuark_tile5.matitem	shortdescription	Atlantis Wall	아틀란티스 벽	reuse
/items/materials/bleuark_tile6.matitem	description	A support beam crafted with Atla gold and seastone.	아틀라 금과 씨스톤으로 만든 지지대.	reuse
/items/materials/bleuark_tile6.matitem	shortdescription	Atlantis Support Beam	아틀란티스 지지대	reuse
/items/materials/bleuark_tile7.matitem	description	A smooth pillar crafted from seastone.	씨스톤으로 만든 매끈한 기둥.	reuse
/items/materials/bleuark_tile7.matitem	shortdescription	Seastone Pillar	씨스톤 기둥	reuse
/items/materials/bleuark_tile8.matitem	description	An Atla gold block.	알타 금 블록입니다.	reuse
/items/materials/bleuark_tile8.matitem	shortdescription	Atlantis Gold Block	아틀란티스 금 블록	reuse
/items/materials/bleuark_tile9.matitem	description	A blue sea crystal block.	파란 바다 수정 블록.	reuse
/items/materials/bleuark_tile9.matitem	shortdescription	Sea Crystal Block	바다 수정 블록	reuse
/items/materials/blistering_tile1.matitem	description	A reddish cobblestone block.	불그스름한 조약돌 블록.	reuse
/items/materials/blistering_tile1.matitem	shortdescription	Blistering Cobblestone	물집 자갈	reuse
/items/materials/blistering_tile2.matitem	description	A stone brick that originated from deep ruins.	깊은 폐허에서 나온 벽돌.	reuse
/items/materials/blistering_tile2.matitem	shortdescription	Cindered Bricks	그을린 벽돌	reuse
/items/materials/borealite_tile1.matitem	description	A borealite wall.	보리어라이트 벽.	reuse
/items/materials/borealite_tile1.matitem	shortdescription	Borealite Wall	보리얼라이트 벽	reuse
/items/materials/borealite_tile2.matitem	description	A borealite wall.	보리어라이트 벽.	reuse
/items/materials/borealite_tile2.matitem	shortdescription	Borealite Plating	보리얼라이트 장갑판	reuse
/items/materials/borealite_tile3.matitem	description	A borealite pillar.	보리얼라이트 기둥.	reuse
/items/materials/borealite_tile3.matitem	shortdescription	Borealite Pillar	보리얼라이트 기둥	reuse
/items/materials/borealite_tile4.matitem	description	A borealite beam.	보리얼라이트 빔.	reuse
/items/materials/borealite_tile4.matitem	shortdescription	Borealite Beam	보리얼라이트 대들보	reuse
/items/materials/borealite_tile5.matitem	description	A borealite beam.	보리얼라이트 빔.	reuse
/items/materials/borealite_tile5.matitem	shortdescription	Opus Deca	오푸스 데카	reuse
/items/materials/borealite_tile6.matitem	description	A borealite beam.	보리얼라이트 빔.	reuse
/items/materials/borealite_tile6.matitem	shortdescription	Opus Hecto	오푸스 헥토	reuse
/items/materials/borealite_tile7.matitem	description	A borealite beam.	보리얼라이트 빔.	reuse
/items/materials/borealite_tile7.matitem	shortdescription	Opus Kilo	오푸스 킬로	reuse
/items/materials/borealite_tile8.matitem	description	A borealite beam.	보리얼라이트 빔.	reuse
/items/materials/borealite_tile8.matitem	shortdescription	Opus Mega	오푸스 메가	reuse
/items/materials/cerueon_tile1.matitem	description	A blueish dirt tile, looks enchanted.	푸르스름한 흙 타일. 마법이 걸린 것 같다.	reuse
/items/materials/cerueon_tile1.matitem	shortdescription	Cerueon Dirt	세루에온 흙	reuse
/items/materials/cerueon_tile2.matitem	description	A blue flower tile, looks enchanted.	파란 꽃 타일. 마법이 걸린 것 같다.	reuse
/items/materials/cerueon_tile2.matitem	shortdescription	Cerueon Flower Block	세루에온 꽃 블록	reuse
/items/materials/desolate_tile1.matitem	description	A dark, smoldering rock.	어둡고 연기가 피어오르는 돌입니다.	reuse
/items/materials/desolate_tile1.matitem	shortdescription	Ruinous Stone	루이너스 돌	reuse
/items/materials/desolate_tile2.matitem	description	A black cobblestone block.	검은 조약돌 블록.	reuse
/items/materials/desolate_tile2.matitem	shortdescription	Desolate Cobblestone	황폐한 조약돌	reuse
/items/materials/elysia_tile1.matitem	description	A carpeted wooden tile.	카펫을 깐 나무 타일.	reuse
/items/materials/elysia_tile1.matitem	shortdescription	Resort Carpeted Timber	리조트 카펫 목재	reuse
/items/materials/elysia_tile2.matitem	description	A carpeted green flooring, somewhat resembles the texture of bamboos.	카펫을 깐 초록 바닥. 대나무 질감을 조금 닮았다.	reuse
/items/materials/elysia_tile2.matitem	shortdescription	Resort Carpeted Flooring	리조트 카펫 바닥재	reuse
/items/materials/elysia_tile3.matitem	description	An emerald-colored wall support.	에메랄드빛 벽 지지대다.	reuse
/items/materials/elysia_tile3.matitem	shortdescription	Resort Green Support	리조트 초록 지지대	reuse
/items/materials/elysia_tile4.matitem	description	A pale-colored wall support.	창백한 색의 벽 지지대입니다.	reuse
/items/materials/elysia_tile4.matitem	shortdescription	Resort White Support	리조트 흰색 지지대	reuse
/items/materials/eminsnow_tile1.matitem	description	Soft and fluffy snowy dirt.	부드럽고 폭신한 눈 덮인 흙.	reuse
/items/materials/eminsnow_tile1.matitem	shortdescription	Eminsnow Dirt	에민스노우 흙	reuse
/items/materials/empress_tile1.matitem	description	A golden patterned tile.	황금 무늬 타일입니다.	reuse
/items/materials/empress_tile1.matitem	shortdescription	Empress Gold Block	엠프레스 골드 블록	reuse
/items/materials/empress_tile2.matitem	description	A golden patterned flooring.	황금 무늬 바닥재입니다.	reuse
/items/materials/empress_tile2.matitem	shortdescription	Empress Gold Flooring	엠프레스 골드 바닥재	reuse
/items/materials/empress_tile3.matitem	description	A gold plated flooring.	금도금된 바닥재입니다.	reuse
/items/materials/empress_tile3.matitem	shortdescription	Empress Flooring	엠프레스 바닥재	reuse
/items/materials/empress_tile4.matitem	description	A gold plated roofing.	금도금된 지붕재입니다.	reuse
/items/materials/empress_tile4.matitem	shortdescription	Empress Roofing	엠프레스 지붕재	reuse
/items/materials/empress_tile5.matitem	description	A dark wall panel.	어두운 벽 패널입니다.	reuse
/items/materials/empress_tile5.matitem	shortdescription	Empress Wall	엠프레스 벽	reuse
/items/materials/empress_tile6.matitem	description	A sleek dark wall panel.	매끈하고 어두운 벽 패널.	reuse
/items/materials/empress_tile6.matitem	shortdescription	Empress Sleek Panel	엠프레스 매끈한 패널	reuse
/items/materials/empyrean_tile1.matitem	shortdescription	Cobblestone	조약돌	
/items/materials/empyrean_tile1.matitem	description	Hard cobblestones, smooth to the touch.	단단한 조약돌. 만져보면 부드럽다.	reuse
/items/materials/empyrean_tile2.matitem	description	A patterned brick wall.	무늬 벽돌 벽.	reuse
/items/materials/empyrean_tile2.matitem	shortdescription	Sky Ark Bricks	스카이 아크 벽돌	reuse
/items/materials/empyrean_tile3.matitem	description	A patterned brick wall.	무늬 벽돌 벽.	reuse
/items/materials/empyrean_tile3.matitem	shortdescription	Sky Ark Revere Bricks	스카이 아크 리비어 벽돌	reuse
/items/materials/empyrean_tile4.matitem	description	A polished roofing tile.	매끄럽게 다듬어진 지붕 타일.	reuse
/items/materials/empyrean_tile4.matitem	shortdescription	Ark Roof Tile	방주 지붕 타일	reuse
/items/materials/empyrean_tile5.matitem	description	A polished pillar tile.	매끄럽게 다듬어진 기둥 타일.	reuse
/items/materials/empyrean_tile5.matitem	shortdescription	Ark Pillar Tile	방주 기둥 타일	reuse
/items/materials/empyrean_tile6.matitem	description	A block of leaves.	잎 블록.	reuse
/items/materials/empyrean_tile6.matitem	shortdescription	Empyrean Leaf Block	엠피리언 나뭇잎 블록	reuse
/items/materials/evoaquatic_tile1.matitem	description	A greenish mud tile.	녹색을 띤 진흙 타일입니다.	reuse
/items/materials/evoaquatic_tile1.matitem	shortdescription	Evoaquatic Mud	에보아쿠아틱 진흙	reuse
/items/materials/evoaquatic_tile2.matitem	description	A strange alien block of dirt.	기묘한 외계 흙 블록.	reuse
/items/materials/evoaquatic_tile2.matitem	shortdescription	Evoaquatic Dirt	에보아쿠아틱 흙	reuse
/items/materials/evoaquatic_tile3.matitem	description	A yellowish rock tile.	노르스름한 바위 타일.	reuse
/items/materials/evoaquatic_tile3.matitem	shortdescription	Evoaquatic Rock	에보아쿠아틱 바위	reuse
/items/materials/evoaquatic_tile4.matitem	description	A block of green crystals, emitting faint light.	희미한 빛을 내는 초록 수정 블록.	reuse
/items/materials/evoaquatic_tile4.matitem	shortdescription	Evoaquatic Crystals	에보아쿠아틱 크리스탈	reuse
/items/materials/exousia_tile1.matitem	description	A minimalistic while tile, often used in Exousian modern structures.	엑수시아의 현대식 건축물에 흔히 쓰이는, 미니멀한 흰색 타일입니다.	reuse
/items/materials/exousia_tile1.matitem	shortdescription	Exousian White Tile	엑수시안 흰색 타일	reuse
/items/materials/exousia_tile10.matitem	description	A durable white machinary crafted from Enartz composites.	에나츠 복합재로 만든 튼튼한 흰색 기계 장치입니다.	reuse
/items/materials/exousia_tile10.matitem	shortdescription	Enartz Machinery Tile	에나르츠 기계 타일	reuse
/items/materials/exousia_tile11.matitem	description	A patterned smooth wall crafted from Enartz composites.	에나츠 복합 소재로 제작된, 무늬가 있는 매끄러운 벽입니다.	reuse
/items/materials/exousia_tile11.matitem	shortdescription	Enartz Smooth Wall	에나르츠 매끈한 벽	reuse
/items/materials/exousia_tile12.matitem	description	A plated wall panel crafted from Exoslate composites.	엑소슬레이트 복합 소재로 제작된 판금 벽 패널입니다.	reuse
/items/materials/exousia_tile12.matitem	shortdescription	Exoslate Plated Wall	엑소슬레이트 판금 벽	reuse
/items/materials/exousia_tile13.matitem	description	A wall panel crafted from Exoslate composites. ^orange;(Paint changes pattern.)^reset;	엑소슬레이트 복합재로 만든 벽 패널. ^orange;(칠하면 무늬가 바뀝니다.)^reset;	reuse
/items/materials/exousia_tile13.matitem	shortdescription	Exoslate Industrial Wall	엑소슬레이트 산업용 벽	reuse
/items/materials/exousia_tile14.matitem	description	A durable plating tile crafted from Exoslate composites.	엑소슬레이트 복합재로 만든 튼튼한 판금 타일입니다.	reuse
/items/materials/exousia_tile14.matitem	shortdescription	Exoslate Plating	엑소슬레이트 도금판	reuse
/items/materials/exousia_tile15.matitem	description	A durable sloped panel tile, used to construct complex buildings.	복잡한 건물 건설용 내구성 경사 패널 타일.	reuse
/items/materials/exousia_tile15.matitem	shortdescription	Composite Enartz Panel	복합 에나르츠 패널	reuse
/items/materials/exousia_tile16.matitem	description	A durable red sloped panel tile, used to construct complex buildings.	복잡한 건물을 짓는 데 쓰이는 튼튼한 빨간색 경사 패널 타일입니다.	reuse
/items/materials/exousia_tile16.matitem	shortdescription	Composite Rufescite Panel	복합 루페스사이트 패널	reuse
/items/materials/exousia_tile17.matitem	description	A durable black sloped panel tile, used to construct complex buildings.	복잡한 건물을 짓는 데 쓰이는 튼튼한 검은색 경사 패널 타일입니다.	reuse
/items/materials/exousia_tile17.matitem	shortdescription	Composite Exoslate Panel	복합 엑소슬레이트 패널	reuse
/items/materials/exousia_tile18.matitem	description	A durable dark black sloped panel tile, used to construct complex buildings.	복잡한 건물을 짓는 데 쓰이는 튼튼한 짙은 검은색 경사 패널 타일입니다.	reuse
/items/materials/exousia_tile18.matitem	shortdescription	Composite Endoslate Panel	복합 엔도슬레이트 패널	reuse
/items/materials/exousia_tile19.matitem	description	A durable white smooth panel tile, used to construct complex buildings.	복잡한 건물 건설용 내구성 흰 매끈 패널 타일.	reuse
/items/materials/exousia_tile19.matitem	shortdescription	Smooth Enartz Panel	매끄러운 에나츠 패널	reuse
/items/materials/exousia_tile2.matitem	description	A minimalistic while flooring tile used to construct composite structures.	복합 구조물 건축에 사용되는, 미니멀한 흰색 바닥재입니다.	reuse
/items/materials/exousia_tile2.matitem	shortdescription	Exousian Flooring W^#a0a0a0;RB^reset;	엑수시안 바닥재 W^#a0a0a0;RB^reset;	reuse
/items/materials/exousia_tile20.matitem	description	A durable red smooth panel tile, used to construct complex buildings.	복잡한 건물을 짓는 데 쓰이는 튼튼한 빨간색 매끈한 패널 타일입니다.	reuse
/items/materials/exousia_tile20.matitem	shortdescription	Smooth Rufescite Panel	매끄러운 루페스사이트 패널	reuse
/items/materials/exousia_tile21.matitem	description	A durable black smooth panel tile, used to construct complex buildings.	복잡한 건물을 짓는 데 쓰이는 튼튼한 검은색 매끈한 패널 타일입니다.	reuse
/items/materials/exousia_tile21.matitem	shortdescription	Smooth Exoslate Panel	매끈 엑소슬레이트 패널	reuse
/items/materials/exousia_tile22.matitem	description	A durable dark black smooth panel tile, used to construct complex buildings.	복잡한 건물을 짓는 데 쓰이는 튼튼한 짙은 검은색 매끈한 패널 타일입니다.	reuse
/items/materials/exousia_tile22.matitem	shortdescription	Smooth Endoslate Panel	매끄러운 엔도슬레이트 패널	reuse
/items/materials/exousia_tile23.matitem	description	A sloped red glass tile.	경사진 빨간 유리 타일.	reuse
/items/materials/exousia_tile23.matitem	shortdescription	Exousian Red Glass	엑수시안 빨간 유리	reuse
/items/materials/exousia_tile24.matitem	description	A sloped gray glass tile.	경사진 회색 유리 타일.	reuse
/items/materials/exousia_tile24.matitem	shortdescription	Exousian Gray Glass	엑수시안 회색 유리	reuse
/items/materials/exousia_tile25.matitem	description	A sloped white metal frame.	경사진 흰색 금속 프레임.	reuse
/items/materials/exousia_tile25.matitem	shortdescription	Enartz Frame	에나르츠 프레임	reuse
/items/materials/exousia_tile26.matitem	description	A sloped black metal frame.	경사진 검은 금속 프레임.	reuse
/items/materials/exousia_tile26.matitem	shortdescription	Exoslate Frame	엑소슬레이트 프레임	reuse
/items/materials/exousia_tile27.matitem	description	A glass window.	유리창.	reuse
/items/materials/exousia_tile27.matitem	shortdescription	Unlit Window	불이 꺼진 창	reuse
/items/materials/exousia_tile28.matitem	description	A glass window.	유리창.	reuse
/items/materials/exousia_tile28.matitem	shortdescription	Lit Window	불 켜진 창문	reuse
/items/materials/exousia_tile29.matitem	description	A large metal pipe.	커다란 금속 파이프입니다.	reuse
/items/materials/exousia_tile29.matitem	shortdescription	Enartz Pipe H	에나르츠 수평 파이프	reuse
/items/materials/exousia_tile3.matitem	description	A minimalistic red and white flooring tile used to construct composite structures.	복합 구조물 건축에 사용되는, 미니멀한 적백 바닥재입니다.	reuse
/items/materials/exousia_tile3.matitem	shortdescription	Exousian Flooring W^#c3483a;R^reset;^#a0a0a0;B^reset;	엑수시안 바닥재 W^#c3483a;R^reset;^#a0a0a0;B^reset;	reuse
/items/materials/exousia_tile30.matitem	description	A large metal pipe.	커다란 금속 파이프입니다.	reuse
/items/materials/exousia_tile30.matitem	shortdescription	Enartz Pipe V	에나르츠 수직 파이프	reuse
/items/materials/exousia_tile31.matitem	description	A chainlink fence.	철망 울타리.	reuse
/items/materials/exousia_tile31.matitem	shortdescription	Chainlink Fence	체인링크 울타리	reuse
/items/materials/exousia_tile32.matitem	description	A durable material found in Vermilion ruins.	버밀리온 유적에서 발견되는 튼튼한 재료입니다.	reuse
/items/materials/exousia_tile32.matitem	shortdescription	Vermilion Panel	주홍 패널	reuse
/items/materials/exousia_tile33.matitem	description	An exoslate panel in the back layer.	뒷면 레이어에 붙은 외골격판 패널이다.	reuse
/items/materials/exousia_tile33.matitem	shortdescription	Smooth Exoslate Panel	매끈 엑소슬레이트 패널	reuse
/items/materials/exousia_tile34.matitem	description	A durable plating crafted from Enartz composites.	에나츠 복합재로 만든 튼튼한 판금입니다.	reuse
/items/materials/exousia_tile34.matitem	shortdescription	Gray Industrial Plating	회색 산업용 철판	reuse
/items/materials/exousia_tile4.matitem	description	A minimalistic black and white flooring tile used to construct composite structures.	복합 구조물 건축에 사용되는, 미니멀한 흑백 바닥재입니다.	reuse
/items/materials/exousia_tile4.matitem	shortdescription	Exousian Flooring W^#a0a0a0;R^reset;^#373737;B^reset;	엑수시안 바닥재 W^#a0a0a0;R^reset;^#373737;B^reset;	reuse
/items/materials/exousia_tile5.matitem	description	A light slate tile used to construct Exousian modern structures.	엑수시아의 현대식 구조물을 짓는 데 쓰이는 밝은 점판암 타일입니다.	reuse
/items/materials/exousia_tile5.matitem	shortdescription	Light Exoslate Tile	가벼운 엑소슬레이트 타일	reuse
/items/materials/exousia_tile6.matitem	description	A dark slate tile used to construct Exousian modern structures.	엑수시아의 현대식 건축에 쓰이는 어두운 슬레이트 타일입니다.	reuse
/items/materials/exousia_tile6.matitem	shortdescription	Dark Exoslate Tile	다크 엑소슬레이트 타일	reuse
/items/materials/exousia_tile7.matitem	description	A red slate flooring tile used to construct Exousian modern structures.	엑수시안의 현대적인 건축물을 짓는 데 사용되는 붉은 슬레이트 바닥 타일.	reuse
/items/materials/exousia_tile7.matitem	shortdescription	Red Exoslate Flooring	레드 엑소슬레이트 바닥재	reuse
/items/materials/exousia_tile8.matitem	description	A black slate flooring tile used to construct Exousian modern structures.	엑수시안 현대식 구조물을 짓는 데 쓰는 검은 슬레이트 바닥 타일.	reuse
/items/materials/exousia_tile8.matitem	shortdescription	Black Exoslate Flooring	검은색 엑소슬레이트 바닥재	reuse
/items/materials/exousia_tile9.matitem	description	A durable plating tile crafted from Enartz composites.	에나츠 복합재로 만든 튼튼한 판금 타일입니다.	reuse
/items/materials/exousia_tile9.matitem	shortdescription	Enartz Plating	에나르츠 도금판	reuse
/items/materials/ferocious_tile1.matitem	description	A soil mixed with wastes.	폐기물이 섞인 흙.	reuse
/items/materials/ferocious_tile1.matitem	shortdescription	Ferocious Soil	사나운 토양	reuse
/items/materials/ferocious_tile2.matitem	description	A sturdy dirt block filled with rusted materials.	녹슨 소재가 섞인 튼튼한 흙 블록.	reuse
/items/materials/ferocious_tile2.matitem	shortdescription	Ferocious Dirt	사나운 흙	reuse
/items/materials/gaea_tile1.matitem	description	An ancient stone brick block made of florastone.	플로라스톤으로 만든 고대 석조 벽돌 블록입니다.	reuse
/items/materials/gaea_tile1.matitem	shortdescription	Florastone Bricks	플로라스톤 벽돌	reuse
/items/materials/gaea_tile2.matitem	description	An ancient stone pillar made of florastone.	플로라스톤으로 만든 고대 돌기둥입니다.	reuse
/items/materials/gaea_tile2.matitem	shortdescription	Florastone Pillar	플로라스톤 기둥	reuse
/items/materials/gaea_tile3.matitem	description	A decorative florastone wall.	장식용 플로라스톤 벽입니다.	reuse
/items/materials/gaea_tile3.matitem	shortdescription	Florastone Wall	플로라스톤 벽	reuse
/items/materials/gaea_tile4.matitem	description	A florastone roofing tile.	플로라스톤 지붕 타일입니다.	reuse
/items/materials/gaea_tile4.matitem	shortdescription	Florastone Roofing	플로라스톤 지붕	reuse
/items/materials/geoelectra_tile1.matitem	description	A stone pulsating with electric energy, harnessed from the depths of a subterranean biome.	지하 생물군계 깊은 곳에서 얻어낸, 전기 에너지로 고동치는 돌.	reuse
/items/materials/geoelectra_tile1.matitem	shortdescription	Geoelectra Stone	지오일렉트라 돌	reuse
/items/materials/geoelectra_tile2.matitem	description	A smooth cave stone.	매끈한 동굴 돌.	reuse
/items/materials/geoelectra_tile2.matitem	shortdescription	Geoelectra Smooth Stone	지오일렉트라 매끈한 돌	reuse
/items/materials/geoelectra_tile3.matitem	description	A reinforced wall forged from synthite.	신사이트로 벼려낸 강화 벽.	reuse
/items/materials/geoelectra_tile3.matitem	shortdescription	Neo Synthite Wall	네오 신씨트 벽	reuse
/items/materials/geoelectra_tile4.matitem	description	A reinforced wall forged from galvasteel.	갈바스틸로 벼려낸 강화 벽.	reuse
/items/materials/geoelectra_tile4.matitem	shortdescription	Neo Machinery Wall	네오 기계 벽	reuse
/items/materials/geoelectra_tile5.matitem	description	A reinforced glass floor.	강화 유리 바닥.	reuse
/items/materials/geoelectra_tile5.matitem	shortdescription	Neo Synthite Flooring	네오 신씨트 바닥재	reuse
/items/materials/glowtearUnderground_tile1.matitem	itemName	glowtearUnderground_tile1	글림스톤	
/items/materials/glowtearUnderground_tile1.matitem	description	A large glowing rock found in Gleaming Basin.	글리밍 베이슨에서 발견되는 빛나는 커다란 바위입니다.	reuse
/items/materials/glowtearUnderground_tile1.matitem	shortdescription	Gleamstone	글림스톤	
/items/materials/glowtearUnderground_tile2.matitem	itemName	glowtearUnderground_tile2	티어스톤	
/items/materials/glowtearUnderground_tile2.matitem	description	A solid soil found in Glowtear Undergrounds.	글로우티어 지하에서 발견되는 단단한 흙.	reuse
/items/materials/glowtearUnderground_tile2.matitem	shortdescription	Glowspectral Soil	발광 스펙트럼 흙	reuse
/items/materials/glowtear_tile1.matitem	description	A dark blue stone tile.	짙은 파란 돌 타일입니다.	reuse
/items/materials/glowtear_tile1.matitem	shortdescription	Tearstone	티어스톤	
/items/materials/glowtear_tile2.matitem	description	A glowing cyan crystal block, emits light.	빛을 내는 빛나는 하늘색 수정 블록입니다.	reuse
/items/materials/glowtear_tile2.matitem	shortdescription	Glowtear Crystal	발광 눈물 수정	reuse
/items/materials/goldenForest_tile1.matitem	itemName	goldenForest_tile1	황금 숲 타일 1	
/items/materials/goldenForest_tile1.matitem	description	A block of dirt found in the ancient grounds.	고대의 땅에서 발견된 흙 블록.	reuse
/items/materials/goldenForest_tile1.matitem	shortdescription	Dirt Block	흙 블록	reuse
/items/materials/goldenForest_tile2.matitem	itemName	goldenForest_tile2	황금 숲 타일 2	
/items/materials/goldenForest_tile2.matitem	description	A pile of golden leaves.	황금빛 낙엽 더미입니다.	reuse
/items/materials/goldenForest_tile2.matitem	shortdescription	Golden Leaves	황금 나뭇잎	reuse
/items/materials/havencrest_tile1.matitem	description	A sandstone block.	사암 블록.	reuse
/items/materials/havencrest_tile1.matitem	shortdescription	Arcane Sandstone	아케인 사암	reuse
/items/materials/havencrest_tile2.matitem	description	A sandstone flooring tile.	사암 바닥재 타일.	reuse
/items/materials/havencrest_tile2.matitem	shortdescription	Havencrest Flooring	헤이븐크레스트 바닥재	reuse
/items/materials/havencrest_tile3.matitem	description	A decorative sandstone tile.	장식용 사암 타일입니다.	reuse
/items/materials/havencrest_tile3.matitem	shortdescription	Decorative Sandstone	장식용 사암	reuse
/items/materials/havencrest_tile4.matitem	description	A solid sandstone fence.	단단한 사암 울타리.	reuse
/items/materials/havencrest_tile4.matitem	shortdescription	Sandstone Fence	사암 울타리	reuse
/items/materials/havencrest_tile5.matitem	description	A painted white wall panel.	흰색으로 칠해진 벽 패널입니다.	reuse
/items/materials/havencrest_tile5.matitem	shortdescription	White Wall Panel	흰색 벽 패널	reuse
/items/materials/havencrest_tile6.matitem	description	A sandstone bridge tile.	사암 다리 타일.	reuse
/items/materials/havencrest_tile6.matitem	shortdescription	Havencrest Bridge Block	헤이븐크레스트 다리 블록	reuse
/items/materials/havencrest_tile7.matitem	description	A solid brick tile.	단단한 벽돌 타일.	reuse
/items/materials/havencrest_tile7.matitem	shortdescription	Stone Support Block	돌 지지 블록	reuse
/items/materials/havencrest_tile8.matitem	description	A silver colored roofing tile.	은색 지붕 타일.	reuse
/items/materials/havencrest_tile8.matitem	shortdescription	Havencrest Roofing	헤이븐크레스트 지붕재	reuse
/items/materials/havencrest_tile9.matitem	description	A white wall panel in the back layer.	뒷면 레이어에 설치하는 하얀 벽 패널.	reuse
/items/materials/havencrest_tile9.matitem	shortdescription	White Wall Panel B	흰색 벽 패널 B	reuse
/items/materials/hephaestus_tile1.matitem	description	An ancient flooring made with magistone.	매지스톤으로 만든 고대 바닥입니다.	reuse
/items/materials/hephaestus_tile1.matitem	shortdescription	Magistone Flooring	매지스톤 바닥재	reuse
/items/materials/hephaestus_tile2.matitem	description	An ancient building material fused with magifire.	매지파이어와 융합한 고대 건축 자재입니다.	reuse
/items/materials/hephaestus_tile2.matitem	shortdescription	Magistone Block	매지스톤 블록	reuse
/items/materials/hephaestus_tile3.matitem	description	A dry stone bridge tile.	마른 돌다리 타일입니다.	reuse
/items/materials/hephaestus_tile3.matitem	shortdescription	Dry Stone Bridge	마른 돌 다리	reuse
/items/materials/hephaestus_tile4.matitem	description	An ancient building material carrying the desert heat.	사막의 열기를 품은 고대 건축 자재입니다.	reuse
/items/materials/hephaestus_tile4.matitem	shortdescription	Dry Stone Block	마른 돌 블록	reuse
/items/materials/hephaestus_tile5.matitem	description	A decorative magistone wall tile.	장식용 매지스톤 벽 타일입니다.	reuse
/items/materials/hephaestus_tile5.matitem	shortdescription	Magistone Wall	매지스톤 벽	reuse
/items/materials/hephaestus_tile6.matitem	description	A decorative magistone pillar.	장식용 매지스톤 기둥입니다.	reuse
/items/materials/hephaestus_tile6.matitem	shortdescription	Magistone Pillar	매지스톤 기둥	reuse
/items/materials/horizon_tile1.matitem	description	A simple iron support tile.	단순한 철제 지지대 타일.	reuse
/items/materials/horizon_tile1.matitem	shortdescription	Horizon Iron Support	호라이즌 철제 지지대	reuse
/items/materials/horizon_tile10.matitem	description	A durable black smooth panel tile, made from a smelted compound.	제련된 화합물로 만든 튼튼한 검은색 매끈한 패널 타일입니다.	reuse
/items/materials/horizon_tile10.matitem	shortdescription	Viotech Clean Panel	비오테크 깨끗한 패널	reuse
/items/materials/horizon_tile11.matitem	description	A durable black composite panel tile, made from a smelted compound.	제련 복합재로 만든 내구성 검은 복합 패널 타일.	reuse
/items/materials/horizon_tile11.matitem	shortdescription	Viotech Composite Panel	비오테크 복합 패널	reuse
/items/materials/horizon_tile12.matitem	description	A durable black composite panel tile, made from a smelted compound.	제련 복합재로 만든 내구성 검은 복합 패널 타일.	reuse
/items/materials/horizon_tile12.matitem	shortdescription	Viotech Ship Wall	비오테크 함선 벽	reuse
/items/materials/horizon_tile13.matitem	description	A piece of pipe for transporting liquids and gasses.	액체와 기체를 운반하는 파이프 조각입니다.	reuse
/items/materials/horizon_tile13.matitem	shortdescription	Viotech Lab Pipe	비오테크 연구실 파이프	reuse
/items/materials/horizon_tile2.matitem	description	A weathered dark iron block.	풍화된 검은 철 블록.	reuse
/items/materials/horizon_tile2.matitem	shortdescription	Dark Iron Block	다크 철제 블록	reuse
/items/materials/horizon_tile3.matitem	description	A solid flooring tile.	단단한 바닥재 타일.	reuse
/items/materials/horizon_tile3.matitem	shortdescription	Horizon Flooring	호라이즌 바닥재	reuse
/items/materials/horizon_tile4.matitem	description	A metal hazard beam, painted black.	검게 칠해진 금속 위험 표지 대들보입니다.	reuse
/items/materials/horizon_tile4.matitem	shortdescription	Dark Hazard Beam	다크 위험 빔	reuse
/items/materials/horizon_tile5.matitem	description	A metal beam crafted from necroium.	네크로이움으로 제작한 금속 대들보입니다.	reuse
/items/materials/horizon_tile5.matitem	shortdescription	Necroium Dark Beam	네크로이움 다크 빔	reuse
/items/materials/horizon_tile6.matitem	description	A solid sloped wall crafted from necroium.	네크로이움으로 벼려낸 단단한 경사벽.	reuse
/items/materials/horizon_tile6.matitem	shortdescription	Necroium Sloped Wall	네크로이움 경사벽	reuse
/items/materials/horizon_tile7.matitem	description	An enhanced purple glass panel.	강화된 보라색 유리 패널이다.	reuse
/items/materials/horizon_tile7.matitem	shortdescription	Purple Sloped Glass	보라색 경사 유리	reuse
/items/materials/horizon_tile8.matitem	description	A reinforced solid defense wall.	강화된 견고한 방어벽.	reuse
/items/materials/horizon_tile8.matitem	shortdescription	Reinforced Wall	강화 벽	reuse
/items/materials/horizon_tile9.matitem	description	A solid iron sheet for protecting walls.	벽을 보호하는 단단한 철판.	reuse
/items/materials/horizon_tile9.matitem	shortdescription	Dark Iron Sheet	다크 철판	reuse
/items/materials/jadeMorass_tile1.matitem	itemName	jadeMorass_tile1	옥 늪 타일 1	
/items/materials/jadeMorass_tile1.matitem	description	Green flowers found in Jade Morass biomes.	제이드 모라스 생물군계에서 발견되는 초록 꽃.	reuse
/items/materials/jadeMorass_tile1.matitem	shortdescription	Jade Flower Block	옥 꽃 블록	reuse
/items/materials/jadeMorass_tile2.matitem	itemName	jadeMorass_tile2	옥 늪 타일 2	
/items/materials/jadeMorass_tile2.matitem	description	Glowing green crystals found in Jade Morass biomes.	옥빛 수렁 생물군계에서 발견되는 빛나는 녹색 수정입니다.	reuse
/items/materials/jadeMorass_tile2.matitem	shortdescription	Jade Crystal Block	옥 수정 블록	reuse
/items/materials/lunar_tile1.matitem	description	A dark ornate wooden fence, crafted by the Tsukuyomi clan.	츠쿠요미 일족이 만든, 어둡고 화려한 나무 울타리입니다.	reuse
/items/materials/lunar_tile1.matitem	shortdescription	Kuromatsu Fence	쿠로마츠 울타리	reuse
/items/materials/lunar_tile10.matitem	description	An ornate flooring tile.	화려한 바닥 타일이다.	reuse
/items/materials/lunar_tile10.matitem	shortdescription	Kuromatsu Ornate Flooring	쿠로마츠 화려한 바닥재	reuse
/items/materials/lunar_tile11.matitem	description	A dark ornate roofing tile.	어둡고 화려한 지붕 타일입니다.	reuse
/items/materials/lunar_tile11.matitem	shortdescription	Kuromatsu Ornate Roofing	쿠로마츠 화려한 지붕재	reuse
/items/materials/lunar_tile12.matitem	description	An ornate roof tile commonly found in buildings of Lunar villages.	루나 마을의 건물에서 흔히 볼 수 있는 화려한 지붕 타일이다.	reuse
/items/materials/lunar_tile12.matitem	shortdescription	Kuromatsu Ornate Tile	쿠로마츠 화려한 타일	reuse
/items/materials/lunar_tile13.matitem	description	An ornate ceiling tile commonly found in buildings of Lunar villages.	루나 마을의 건물에서 흔히 볼 수 있는 화려한 천장 타일이다.	reuse
/items/materials/lunar_tile13.matitem	shortdescription	Kuromatsu Ceiling Tile	쿠로마츠 천장 타일	reuse
/items/materials/lunar_tile14.matitem	description	A block of sakura petals.	벚꽃잎 블록.	reuse
/items/materials/lunar_tile14.matitem	shortdescription	Sakura Block	사쿠라 블록	reuse
/items/materials/lunar_tile15.matitem	description	Eh?... What is this alien material? Horizontal ornate wood? Impossible!	어?... 이 외계 물질은 뭐지? 수평으로 장식된 나무? 말도 안 돼!	reuse
/items/materials/lunar_tile15.matitem	shortdescription	Kuromatsu Ornate Wood ^green;H^reset;	쿠로마츠 화려한 목재 ^green;H^reset;	reuse
/items/materials/lunar_tile16.matitem	description	A block of pink leaves.	분홍 잎 블록.	reuse
/items/materials/lunar_tile16.matitem	shortdescription	Sakura Leaf Block	사쿠라 잎 블록	reuse
/items/materials/lunar_tile17.matitem	description	An ancient constructing material made from luminarium. Highly durable.	루미나리움으로 만든 고대 건축 자재입니다. 내구성이 매우 뛰어납니다.	reuse
/items/materials/lunar_tile17.matitem	shortdescription	Luinarium Flooring	루이나리움 바닥재	reuse
/items/materials/lunar_tile2.matitem	description	A dark ornate wooden window tile, crafted by the Tsukuyomi clan.	츠쿠요미 일족이 만든, 어둡고 화려한 나무 창문 타일입니다.	reuse
/items/materials/lunar_tile2.matitem	shortdescription	Kuromatsu Window	쿠로마츠 창문	reuse
/items/materials/lunar_tile3.matitem	description	A dark wooden bridge tile, made from kuromatsu wood.	쿠로마츠 목재로 만든 어두운 나무 다리 타일입니다.	reuse
/items/materials/lunar_tile3.matitem	shortdescription	Kuromatsu Bridge Tile	쿠로마츠 다리 타일	reuse
/items/materials/lunar_tile4.matitem	description	A dark timber, prepared with kuromatsu wood.	쿠로마츠 목재로 가공한 어두운 목재입니다.	reuse
/items/materials/lunar_tile4.matitem	shortdescription	Kuromatsu Timber	쿠로마츠 목재	reuse
/items/materials/lunar_tile5.matitem	description	A sturdy metal beam, often used in city buildings.	도시 건물에 흔히 사용되는 튼튼한 금속 들보.	reuse
/items/materials/lunar_tile5.matitem	shortdescription	Dark Support Beam	다크 지지빔	reuse
/items/materials/lunar_tile6.matitem	description	A carpet tile dyed with the signature Lunar purple.	루나 특유의 보라색으로 물들인 카펫 타일.	reuse
/items/materials/lunar_tile6.matitem	shortdescription	Lunar Carpet Flooring	루나 카펫 바닥재	reuse
/items/materials/lunar_tile7.matitem	description	An ornate wall decorated in a traditional pattern.	전통 문양으로 장식된 화려한 벽이다.	reuse
/items/materials/lunar_tile7.matitem	shortdescription	Lunar Ornate Wall	루나 화려한 벽	reuse
/items/materials/lunar_tile8.matitem	description	An ornate wooden beam, often used for critical construction parts.	화려한 목재 대들보로, 흔히 중요한 건축 부재에 쓰인다.	reuse
/items/materials/lunar_tile8.matitem	shortdescription	Kuromatsu Ornate Wood	쿠로마츠 화려한 목재	reuse
/items/materials/lunar_tile9.matitem	description	An thick wooden beam, often used for critical construction parts.	두꺼운 목재 대들보로, 흔히 중요한 건축 부재에 쓰인다.	reuse
/items/materials/lunar_tile9.matitem	shortdescription	Kuromatsu Thick Wood	쿠로마츠 두꺼운 목재	reuse
/items/materials/luye_tile1.matitem	description	A solid, metal beam.	단단한 금속 들보.	reuse
/items/materials/luye_tile1.matitem	shortdescription	Luye Support Beam	루이에 지지 기둥	reuse
/items/materials/luye_tile2.matitem	description	A metal plated wall, looks fairly durable.	금속판을 덧댄 벽으로, 꽤 튼튼해 보입니다.	reuse
/items/materials/luye_tile2.matitem	shortdescription	Luye Mechanical Wall	루이에 기계 벽	reuse
/items/materials/luye_tile3.matitem	description	A metal plated block filled with machinary.	기계 장치로 가득 찬 금속판 블록입니다.	reuse
/items/materials/luye_tile3.matitem	shortdescription	Luye Tech Block	루이에 기술 블록	reuse
/items/materials/luye_tile4.matitem	description	A rusty metal plating tile.	녹슨 금속 판재 타일.	reuse
/items/materials/luye_tile4.matitem	shortdescription	Luye Sloped Plating	루이에 경사 도금판	reuse
/items/materials/luye_tile5.matitem	description	A smooth wall panel for building interior walls.	실내 벽을 짓기 위한 매끈한 벽 패널.	reuse
/items/materials/luye_tile5.matitem	shortdescription	Luye Smooth Wall	루이에 매끈한 벽	reuse
/items/materials/monarch_tile1.matitem	description	A pale blaststone block.	창백한 폭발석 블록입니다.	reuse
/items/materials/monarch_tile1.matitem	shortdescription	Palestone Block	페일스톤 블록	reuse
/items/materials/monarch_tile10.matitem	description	A pale stone wall.	창백한 석벽입니다.	reuse
/items/materials/monarch_tile10.matitem	shortdescription	Holosium Wall	홀로시움 벽	reuse
/items/materials/monarch_tile2.matitem	description	A dark blaststone block.	어두운 폭발석 블록입니다.	reuse
/items/materials/monarch_tile2.matitem	shortdescription	Voidstone Block	공허석 블록	reuse
/items/materials/monarch_tile3.matitem	description	A pale ash block.	창백한 잿빛 블록입니다.	reuse
/items/materials/monarch_tile3.matitem	shortdescription	Pale Ash Block	창백한 재 블록	reuse
/items/materials/monarch_tile4.matitem	description	A dark ash block.	어두운 재 블록입니다.	reuse
/items/materials/monarch_tile4.matitem	shortdescription	Dark Ash Block	다크 애시 블록	reuse
/items/materials/monarch_tile5.matitem	description	A grey brick tile..	회색 벽돌 타일입니다..	reuse
/items/materials/monarch_tile5.matitem	shortdescription	Palace Stone Brick	궁전 석재 벽돌	reuse
/items/materials/monarch_tile6.matitem	description	A heavy grey brick tile.	짙은 회색의 단단한 벽돌 타일입니다.	reuse
/items/materials/monarch_tile6.matitem	shortdescription	Palace Heavy Brick	궁전 육중한 벽돌	reuse
/items/materials/monarch_tile7.matitem	description	A grey stone pillar.	회색 돌기둥입니다.	reuse
/items/materials/monarch_tile7.matitem	shortdescription	Palace Stone Pillar	궁전 석재 기둥	reuse
/items/materials/monarch_tile8.matitem	description	A grey brick wall tile.	회색 벽돌 벽 타일입니다.	reuse
/items/materials/monarch_tile8.matitem	shortdescription	Palace Wall	궁전 벽	reuse
/items/materials/monarch_tile9.matitem	description	A black and white stone-made fence.	흑백 돌로 만든 울타리.	reuse
/items/materials/monarch_tile9.matitem	shortdescription	Palace Stone Fence	궁전 석재 울타리	reuse
/items/materials/nihil_tile1.matitem	description	The black void manifested as the solid earth.	검은 공허가 단단한 대지로 현현했다.	reuse
/items/materials/nihil_tile1.matitem	shortdescription	Akyri Gi	아키리 기	reuse
/items/materials/nihil_tile2.matitem	description	A distorted cobblestone tile.	뒤틀린 조약돌 타일입니다.	reuse
/items/materials/nihil_tile2.matitem	shortdescription	Nullastone	눌라스톤	
/items/materials/nulla_tile1.matitem	description	An ancient glass flooring tile.	고대 유리 바닥 타일입니다.	reuse
/items/materials/nulla_tile1.matitem	shortdescription	Nulla Glass Flooring	눌라 유리 바닥	reuse
/items/materials/nulla_tile2.matitem	description	A fancy white flooring tile.	화려한 흰색 바닥 타일입니다.	reuse
/items/materials/nulla_tile2.matitem	shortdescription	Nulla White Flooring	눌라 흰색 바닥	reuse
/items/materials/nulla_tile3.matitem	description	A grey carpet tile.	회색 카펫 타일입니다.	reuse
/items/materials/nulla_tile3.matitem	shortdescription	Nulla Grey Carpet	눌라 회색 카펫	reuse
/items/materials/nulla_tile4.matitem	description	A distorted brick tile.	뒤틀린 벽돌 타일입니다.	reuse
/items/materials/nulla_tile4.matitem	shortdescription	Nulla Bricks	눌라 벽돌	reuse
/items/materials/nulla_tile5.matitem	description	A black and white palace fence tile.	흑백 궁전 울타리 타일.	reuse
/items/materials/nulla_tile5.matitem	shortdescription	Nulla Fence	눌라 울타리	reuse
/items/materials/nulla_tile6.matitem	description	A composition of pale plants.	창백한 식물들을 모아 꾸민 장식입니다.	reuse
/items/materials/nulla_tile6.matitem	shortdescription	Illuminated Leaf Block	빛나는 나뭇잎 블록	reuse
/items/materials/orion_tile1.matitem	description	A soft prefabricated wall panel.	부드러운 조립식 벽 패널.	reuse
/items/materials/orion_tile1.matitem	shortdescription	Soft Prefab Wall	소프트 조립식 벽	reuse
/items/materials/orion_tile10.matitem	description	A sloped metal panel used by the Orion, painted white.	오리온이 사용하는, 흰색으로 칠해진 경사진 금속 패널.	reuse
/items/materials/orion_tile10.matitem	shortdescription	Orion Light Panel	오리온 라이트 패널	reuse
/items/materials/orion_tile11.matitem	description	A sloped metal panel composed of a mix of machinery, used by the Orion.	오리온이 사용하는, 다양한 기계장치가 뒤섞인 경사진 금속 패널.	reuse
/items/materials/orion_tile11.matitem	shortdescription	Orion Machinery Panel	오리온 기계 패널	reuse
/items/materials/orion_tile12.matitem	description	A sloped inset panel.	경사진 매입형 패널.	reuse
/items/materials/orion_tile12.matitem	shortdescription	Orion Inset Panel	오리온 매립 패널	reuse
/items/materials/orion_tile13.matitem	description	A blue light display panel.	파란 조명 표시판.	reuse
/items/materials/orion_tile13.matitem	shortdescription	Blue LED Panel	파란 LED 패널	reuse
/items/materials/orion_tile14.matitem	description	A pink light display panel.	분홍색 조명 디스플레이 패널입니다.	reuse
/items/materials/orion_tile14.matitem	shortdescription	Pink LED Panel	핑크 LED 패널	reuse
/items/materials/orion_tile15.matitem	description	A solid metal beam.	단단한 금속 들보.	reuse
/items/materials/orion_tile15.matitem	shortdescription	Sturdy Floor Beam	튼튼한 바닥 대들보	reuse
/items/materials/orion_tile16.matitem	description	Sturdy metal panelling that has been rusted with age.	시간이 지나면서 녹슬어버린 튼튼한 금속 패널이다.	reuse
/items/materials/orion_tile16.matitem	shortdescription	Blue Rusty Panel	파란 녹슨 패널	reuse
/items/materials/orion_tile17.matitem	description	A soft prefab wall in the back layer.	뒷면 레이어에 설치하는 부드러운 조립식 벽.	reuse
/items/materials/orion_tile17.matitem	shortdescription	Soft Prefab Wall B	소프트 조립식 벽 B	reuse
/items/materials/orion_tile18.matitem	description	A reinforced wall.	강화 벽.	reuse
/items/materials/orion_tile18.matitem	shortdescription	Orion Steel Wall	오리온 강철 벽	reuse
/items/materials/orion_tile19.matitem	description	A metal panel used by the Orion, painted white.	흰색으로 칠해진, 오리온에서 사용하는 금속 패널입니다.	reuse
/items/materials/orion_tile19.matitem	shortdescription	Orion Large Panel	오리온 대형 패널	reuse
/items/materials/orion_tile2.matitem	description	A white concrete flooring tile.	하얀 콘크리트 바닥재 타일.	reuse
/items/materials/orion_tile2.matitem	shortdescription	White Concrete Floor	흰색 콘크리트 바닥	reuse
/items/materials/orion_tile3.matitem	description	A heavy pipe, commonly used in waste systems.	주로 폐기물 처리 시설에서 쓰이는 무거운 파이프다.	reuse
/items/materials/orion_tile3.matitem	shortdescription	Industrial Heavy Pipe	산업용 중형 파이프	reuse
/items/materials/orion_tile4.matitem	description	An electrical panel block.	전기 패널 블록이다.	reuse
/items/materials/orion_tile4.matitem	shortdescription	Electrical Panel	전기 패널	reuse
/items/materials/orion_tile5.matitem	description	A reinforced steel wall.	강화 강철 벽.	reuse
/items/materials/orion_tile5.matitem	shortdescription	Steel Wall	강철 벽	reuse
/items/materials/orion_tile6.matitem	description	A mass produced industrial girder for construction.	건설용으로 대량 생산된 산업용 거더입니다.	reuse
/items/materials/orion_tile6.matitem	shortdescription	Industrial Girder	산업용 거더	reuse
/items/materials/orion_tile7.matitem	description	A reinforced beam used by the Orion, painted white.	오리온이 사용하는 흰색으로 칠해진 강화 빔.	reuse
/items/materials/orion_tile7.matitem	shortdescription	Orion Light Beam	오리온 라이트 빔	reuse
/items/materials/orion_tile8.matitem	description	A reinforced beam used by the Orion, painted black.	오리온이 사용하는 검은색으로 칠해진 강화 빔.	reuse
/items/materials/orion_tile8.matitem	shortdescription	Orion Dark Beam	오리온 다크 빔	reuse
/items/materials/orion_tile9.matitem	description	A sloped metal panel used by the Orion, painted dark-blue.	오리온이 사용하는, 짙은 파란색으로 칠해진 경사진 금속 패널.	reuse
/items/materials/orion_tile9.matitem	shortdescription	Orion Dark Panel	오리온 다크 패널	reuse
/items/materials/polar_tile1.matitem	description	A red rock found in aspirite caves.	아스피라이트 동굴에서 발견되는 붉은 돌.	reuse
/items/materials/polar_tile1.matitem	shortdescription	Aspirite Rock	아스피라이트 바위	reuse
/items/materials/polar_tile2.matitem	description	A green rock found in noxion caves.	녹시온 동굴에서 발견되는 초록색 돌입니다.	reuse
/items/materials/polar_tile2.matitem	shortdescription	Noxion Rock	녹시온 암석	reuse
/items/materials/polar_tile3.matitem	description	A blue rock found in immorite caves.	이모라이트 동굴에서 발견된 파란 바위.	reuse
/items/materials/polar_tile3.matitem	shortdescription	Immorite Rock	이모라이트 바위	reuse
/items/materials/polar_tile4.matitem	description	A bamboo tile.	대나무 타일.	reuse
/items/materials/polar_tile4.matitem	shortdescription	Bamboo Stalk	대나무 줄기	reuse
/items/materials/polar_tile5.matitem	description	A thin bamboo tile.	얇은 대나무 타일.	reuse
/items/materials/polar_tile5.matitem	shortdescription	Thin Bamboo Stalk	가는 대나무 줄기	reuse
/items/materials/redTerminus_tile1.matitem	itemName	redTerminus_tile1	붉은 종착지 타일 1	
/items/materials/redTerminus_tile1.matitem	description	A block of nothingness.	무(無) 블록.	reuse
/items/materials/redTerminus_tile1.matitem	shortdescription	Red Void Block	빨간 공허 블록	reuse
/items/materials/redTerminus_tile2.matitem	itemName	redTerminus_tile2	붉은 종착지 타일 2	
/items/materials/redTerminus_tile2.matitem	description	A dirt block native to the Terminus.	터미너스 고유의 흙 블록입니다.	reuse
/items/materials/redTerminus_tile2.matitem	shortdescription	Red Dirt Block	빨간 흙 블록	reuse
/items/materials/redTerminus_tile3.matitem	itemName	redTerminus_tile3	붉은 종착지 타일 3	
/items/materials/redTerminus_tile3.matitem	description	A stone block native to the Terminus.	터미너스 토착의 돌 블록.	reuse
/items/materials/redTerminus_tile3.matitem	shortdescription	Red Stone Block	빨간 돌 블록	reuse
/items/materials/redTerminus_tile4.matitem	itemName	redTerminus_tile4	붉은 종착지 타일 4	
/items/materials/redTerminus_tile4.matitem	description	A hard crystal native to the Terminus.	터미너스에서 나는 단단한 결정입니다.	reuse
/items/materials/redTerminus_tile4.matitem	shortdescription	Red Crystal Block	빨간 크리스탈 블록	reuse
/items/materials/redTerminus_tile5.matitem	itemName	redTerminus_tile5	붉은 종착지 타일 5	
/items/materials/redTerminus_tile5.matitem	description	A bright, red tinted flower block.	밝은 붉은빛이 도는 꽃 블록.	reuse
/items/materials/redTerminus_tile5.matitem	shortdescription	Lightborne Flower Block	빛나는 꽃 블록	reuse
/items/materials/redTerminus_tile6.matitem	itemName	redTerminus_tile6	붉은 종착지 타일 6	
/items/materials/redTerminus_tile6.matitem	description	A block of nothingness.	무(無) 블록.	reuse
/items/materials/redTerminus_tile6.matitem	shortdescription	Blue Void Block	파란 공허 블록	reuse
/items/materials/romantic_tile1.matitem	description	A white smooth stone brick that is frequently used by Gilten architects and sculptors.	길텐 건축가와 조각가들이 자주 사용하는, 매끈한 하얀 돌벽돌.	reuse
/items/materials/romantic_tile1.matitem	shortdescription	Gallica Smooth Stone	갈리카 매끈한 돌	reuse
/items/materials/romantic_tile2.matitem	description	A white stone pillar that is frequently used by Gilten architects and sculptors.	길텐 건축가와 조각가들이 자주 사용하는 하얀 돌기둥.	reuse
/items/materials/romantic_tile2.matitem	shortdescription	Gallica Stone Pillar	갈리카 돌기둥	reuse
/items/materials/romantic_tile3.matitem	description	A white stone roofing that is frequently used by Gilten architects and sculptors.	길텐 건축가와 조각가들이 자주 사용하는 하얀 지붕재.	reuse
/items/materials/romantic_tile3.matitem	shortdescription	Gallica Roofing Tile	갈리카 지붕 타일	reuse
/items/materials/romantic_tile4.matitem	description	A white stone column that is frequently used by Gilten architects and sculptors.	길텐 건축가와 조각가들이 자주 사용하는 하얀 돌기둥.	reuse
/items/materials/romantic_tile4.matitem	shortdescription	Gallica Column Tile	갈리카 기둥 타일	reuse
/items/materials/ruinous_tile1.matitem	description	A soil that has been tainted by ruinous water.	파멸의 물로 오염된 흙.	reuse
/items/materials/ruinous_tile1.matitem	shortdescription	Ruinous Soil	루이너스 토양	reuse
/items/materials/ruinous_tile2.matitem	description	A stone brick block that has been tainted by ruinous water.	파멸의 물로 오염된 벽돌 블록.	reuse
/items/materials/ruinous_tile2.matitem	shortdescription	Ruinous Stone Bricks	루이너스 돌벽돌	reuse
/items/materials/sanguine_tile1.matitem	description	A crimson grass block.	진홍빛 잔디 블록입니다.	reuse
/items/materials/sanguine_tile1.matitem	shortdescription	Sanguine Grass Block	핏빛 잔디 블록	reuse
/items/materials/sanguine_tile2.matitem	description	A reddish mud block.	불그스름한 진흙 블록.	reuse
/items/materials/sanguine_tile2.matitem	shortdescription	Sanguine Mud	핏빛 진흙	reuse
/items/materials/solar_tile1.matitem	description	An ancient construction material made from umberstone and solar crystal. Highly durable.	엄버스톤과 태양 수정으로 만든 고대 건축 자재입니다. 내구성이 매우 뛰어납니다.	reuse
/items/materials/solar_tile1.matitem	shortdescription	Umberstone Bricks	엄버스톤 벽돌	reuse
/items/materials/solar_tile2.matitem	description	An ancient constructing material made from umberstone and solar crystal. Highly durable.	엄버스톤과 태양 수정으로 만든 고대 건축 자재입니다. 내구성이 매우 뛰어납니다.	reuse
/items/materials/solar_tile2.matitem	shortdescription	Umberstone Flooring	엄버스톤 마루	reuse
/items/materials/solar_tile3.matitem	description	An ancient pillar made from umberstone and solar crystal. Highly durable.	엄버스톤과 태양 수정 고대 기둥. 고내구.	reuse
/items/materials/solar_tile3.matitem	shortdescription	Umberstone Pillar	엄버스톤 기둥	reuse
/items/materials/solar_tile4.matitem	description	An ancient pillar made from umberstone and solar crystal. Highly durable.	엄버스톤과 태양 수정 고대 기둥. 고내구.	reuse
/items/materials/solar_tile4.matitem	shortdescription	Activated Umberstone Pillar	활성화된 엄버스톤 기둥	reuse
/items/materials/solar_tile5.matitem	description	An ancient constructing material made from umberstone. Highly durable.	엄버스톤으로 만든 고대 건축 자재. 내구성이 매우 높다.	reuse
/items/materials/solar_tile5.matitem	shortdescription	Umberstone Constructor	엄버스톤 컨스트럭터	reuse
/items/materials/solar_tile6.matitem	description	An ancient constructing material made from umberstone. Highly durable.	엄버스톤으로 만든 고대 건축 자재. 내구성이 매우 높다.	reuse
/items/materials/solar_tile6.matitem	shortdescription	Activated Umberstone Constructor	활성화된 엄버스톤 컨스트럭터	reuse
/items/materials/solarized_tile1.matitem	description	A piece of rock, covered with bright, burning grass.	밝게 타오르는 풀로 뒤덮인 바위 조각입니다.	reuse
/items/materials/solarized_tile1.matitem	shortdescription	Solarized Rock	솔라라이즈드 바위	reuse
/items/materials/solarized_tile2.matitem	description	A piece of rock. Highly durable.	바위 조각입니다. 매우 튼튼합니다.	reuse
/items/materials/solarized_tile2.matitem	shortdescription	Umberstone Rock	엄버스톤 암석	reuse
/items/materials/solarized_tile3.matitem	description	A deposite of burning crystals.	불타는 크리스탈 광맥입니다.	reuse
/items/materials/solarized_tile3.matitem	shortdescription	Solite Crystal Block	솔라이트 수정 블록	reuse
/items/materials/solarized_tile4.matitem	description	An ancient building material.	고대 건축 자재입니다.	reuse
/items/materials/solarized_tile4.matitem	shortdescription	Solar Ancient Material	솔라 에인션트 소재	reuse
/items/materials/stahlernBadlands_tile1.matitem	itemName	stahlernBadlands_tile1	스탈런 황야 타일 1	
/items/materials/stahlernBadlands_tile1.matitem	description	A dirt block.	흙 블록.	reuse
/items/materials/stahlernBadlands_tile1.matitem	shortdescription	Stahlern Dirt	슈탈레른 흙	reuse
/items/materials/steelblades_tile1.matitem	description	A durable stack of bricks.	튼튼하게 쌓인 벽돌입니다.	reuse
/items/materials/steelblades_tile1.matitem	shortdescription	Stahlern Brick Tile	슈탈레른 벽돌 타일	reuse
/items/materials/steelblades_tile2.matitem	description	A durable building material made from verrostin.	베로스틴으로 만든 튼튼한 건축 자재입니다.	reuse
/items/materials/steelblades_tile2.matitem	shortdescription	Verrostin Tile	베로스틴 타일	reuse
/items/materials/steelblades_tile3.matitem	description	A durable floor tile made from verrostin.	베로스틴으로 만든 튼튼한 바닥 타일입니다.	reuse
/items/materials/steelblades_tile3.matitem	shortdescription	Verrostin Flooring	베로스틴 마루	reuse
/items/materials/steelblades_tile4.matitem	description	A durable support beam.	튼튼한 지지대입니다.	reuse
/items/materials/steelblades_tile4.matitem	shortdescription	Stahlern Beam	슈탈레른 대들보	reuse
/items/materials/steelblades_tile5.matitem	description	A durable support beam, emits a faint yellow light.	은은한 노란빛을 내는 튼튼한 지지대입니다.	reuse
/items/materials/steelblades_tile5.matitem	shortdescription	Verrostin Beam	베로스틴 빔	reuse
/items/materials/steelblades_tile6.matitem	description	A wall panel. Looks highly durable.	벽 패널. 고내구성 같아.	reuse
/items/materials/steelblades_tile6.matitem	shortdescription	Stahl-Verro Panel	슈탈베로 패널	reuse
/items/materials/steelblades_tile7.matitem	description	A wall panel. Looks highly durable.	벽 패널. 고내구성 같아.	reuse
/items/materials/steelblades_tile7.matitem	shortdescription	Verrostin Panel	베로스틴 패널	reuse
/items/materials/steelblades_tile8.matitem	description	A wall panel. Looks highly durable.	벽 패널. 고내구성 같아.	reuse
/items/materials/steelblades_tile8.matitem	shortdescription	Stahlern Panel	슈탈레른 패널	reuse
/items/materials/studio_tile1.matitem	description	An acacia wall made for modern homes.	현대식 주택용 아카시아 벽입니다.	reuse
/items/materials/studio_tile1.matitem	shortdescription	Studio Acacia Panel	스튜디오 아카시아 패널	reuse
/items/materials/studio_tile10.matitem	description	An ornate Robusta fence.	화려한 로부스타 울타리다.	reuse
/items/materials/studio_tile10.matitem	shortdescription	Studio Robusta Fence	스튜디오 로부스타 울타리	reuse
/items/materials/studio_tile11.matitem	description	A barely saturated blue roofing tile.	채도가 아주 낮은 파란 지붕 타일.	reuse
/items/materials/studio_tile11.matitem	shortdescription	Morose Roof Tile	모로스 지붕 타일	reuse
/items/materials/studio_tile12.matitem	description	A solid iron fence.	단단한 철제 울타리.	reuse
/items/materials/studio_tile12.matitem	shortdescription	Iron Fence	철 울타리	reuse
/items/materials/studio_tile13.matitem	description	Slightly worn stone bricks, found in the catacombs.	약간 낡은 돌벽돌, 지하묘지에서 발견.	reuse
/items/materials/studio_tile13.matitem	shortdescription	Catacomb Stone Brick	카타콤 석벽돌	reuse
/items/materials/studio_tile14.matitem	description	Slightly worn stone bricks, found in the catacombs.	약간 낡은 돌벽돌, 지하묘지에서 발견.	reuse
/items/materials/studio_tile14.matitem	shortdescription	Shrouded Ornate Brick	가려진 장식 벽돌	reuse
/items/materials/studio_tile15.matitem	description	Slightly worn stone bricks, found in the catacombs.	약간 낡은 돌벽돌, 지하묘지에서 발견.	reuse
/items/materials/studio_tile15.matitem	shortdescription	Shrouded Stone Brick	가려진 돌 벽돌	reuse
/items/materials/studio_tile16.matitem	description	A ghostly smooth stone.	유령처럼 매끄러운 돌입니다.	reuse
/items/materials/studio_tile16.matitem	shortdescription	Soulsea Smooth Stone	소울시 매끈한 돌	reuse
/items/materials/studio_tile17.matitem	description	Slightly worn stone bricks, now shrouded by the nightmist.	약간 닳은 돌벽돌로, 지금은 나이트미스트에 뒤덮여 있다.	reuse
/items/materials/studio_tile17.matitem	shortdescription	Nightmist Stone Flooring	나이트미스트 석재 바닥	reuse
/items/materials/studio_tile18.matitem	description	A solid stone pillar.	단단한 돌기둥.	reuse
/items/materials/studio_tile18.matitem	shortdescription	Dark Stone Pillar	다크 돌기둥	reuse
/items/materials/studio_tile2.matitem	description	An acacia beam made for modern homes.	현대식 주택용 아카시아 들보입니다.	reuse
/items/materials/studio_tile2.matitem	shortdescription	Studio Acacia Beam	스튜디오 아카시아 대들보	reuse
/items/materials/studio_tile3.matitem	description	A smooth wooden wall panel made for modern studios.	현대적인 스튜디오를 위해 만들어진 매끈한 나무 벽 패널.	reuse
/items/materials/studio_tile3.matitem	shortdescription	Studio Robusta Panel	스튜디오 로부스타 패널	reuse
/items/materials/studio_tile4.matitem	description	A smooth wooden beam made for modern studios.	현대적인 스튜디오를 위해 만들어진 매끈한 나무 들보.	reuse
/items/materials/studio_tile4.matitem	shortdescription	Studio Robusta Beam	스튜디오 로부스타 대들보	reuse
/items/materials/studio_tile5.matitem	description	A smooth Robusta panel.	매끈한 로부스타 패널.	reuse
/items/materials/studio_tile5.matitem	shortdescription	Studio Smooth Wall	스튜디오 매끈한 벽	reuse
/items/materials/studio_tile6.matitem	description	A textured Robusta panel.	질감이 있는 로부스타 패널.	reuse
/items/materials/studio_tile6.matitem	shortdescription	Studio Textured Wall	스튜디오 질감 벽	reuse
/items/materials/studio_tile7.matitem	description	A modern wooden flooring tile for studios.	스튜디오용 현대식 목재 바닥재입니다.	reuse
/items/materials/studio_tile7.matitem	shortdescription	Studio Robusta Flooring	스튜디오 로부스타 바닥재	reuse
/items/materials/studio_tile8.matitem	description	A modern ornate wood for studios.	스튜디오용 현대적 장식 목재입니다.	reuse
/items/materials/studio_tile8.matitem	shortdescription	Studio Ornate Wood	스튜디오 장식 목재	reuse
/items/materials/studio_tile9.matitem	description	A thick wooden support beam for studios.	스튜디오용 두꺼운 나무 지지대.	reuse
/items/materials/studio_tile9.matitem	shortdescription	Studio Thick Beam	스튜디오 두꺼운 대들보	reuse
/items/materials/superstormExpanse_tile1.matitem	itemName	superstormExpanse_tile1	슈퍼스톰 광야 타일 1	
/items/materials/superstormExpanse_tile1.matitem	description	A piece of thunder struck rock.	번개를 맞은 바위 조각입니다.	reuse
/items/materials/superstormExpanse_tile1.matitem	shortdescription	Superstorm Rock	슈퍼스톰 암석	reuse
/items/materials/superstormExpanse_tile2.matitem	itemName	superstormExpanse_tile2	슈퍼스톰 광야 타일 2	
/items/materials/superstormExpanse_tile2.matitem	description	A piece of thunder stroke mud.	번개를 맞은 진흙 조각입니다.	reuse
/items/materials/superstormExpanse_tile2.matitem	shortdescription	Superstorm Mud	슈퍼스톰 진흙	reuse
/items/materials/superstormExpanse_tile3.matitem	itemName	superstormExpanse_tile3	슈퍼스톰 광야 타일 3	
/items/materials/superstormExpanse_tile3.matitem	description	A piece of lightning tased dirt.	번개에 감전된 흙 조각입니다.	reuse
/items/materials/superstormExpanse_tile3.matitem	shortdescription	Superstorm Hardened Dirt	슈퍼스톰 경화된 흙	reuse
/items/materials/superstormExpanse_tile4.matitem	itemName	superstormExpanse_tile4	슈퍼스톰 광야 타일 4	
/items/materials/superstormExpanse_tile4.matitem	description	A glowing stone.	빛나는 돌입니다.	reuse
/items/materials/superstormExpanse_tile4.matitem	shortdescription	Boltstone	볼트스톤	
/items/materials/thalassa_tile1.matitem	description	A blue flooring surfaced with pink aquamarine.	분홍 아콰마린으로 표면을 입힌 파란 바닥재.	reuse
/items/materials/thalassa_tile1.matitem	shortdescription	Aquamarine Flooring	아쿠아마린 바닥재	reuse
/items/materials/thalassa_tile2.matitem	description	An alien stone building remnant.	외계 돌 건물 잔해.	reuse
/items/materials/thalassa_tile2.matitem	shortdescription	Ingendepth Melodium Wall	인젠뎁스 멜로디움 벽	reuse
/items/materials/thalassa_tile3.matitem	description	An alien stone building remnant.	외계 돌 건물 잔해.	reuse
/items/materials/thalassa_tile3.matitem	shortdescription	Ingendepth Brick	인젠뎁스 벽돌	reuse
/items/materials/thalassa_tile4.matitem	description	A stone block made from pink aquamarine.	분홍빛 아쿠아마린으로 만든 돌 블록.	reuse
/items/materials/thalassa_tile4.matitem	shortdescription	Celestia Fuscia Brick	셀레스티아 푸시아 벽돌	reuse
/items/materials/thalassa_tile5.matitem	description	Bricks made from aquamerine stone.	아쿠아메린석으로 만든 벽돌.	reuse
/items/materials/thalassa_tile5.matitem	shortdescription	Heavy Aquamarine Brick	중형 아쿠아마린 벽돌	reuse
/items/materials/thalassa_tile6.matitem	description	An alien stone building remnant.	외계 돌 건물 잔해.	reuse
/items/materials/thalassa_tile6.matitem	shortdescription	Ingendepth Beam	인젠뎁스 빔	reuse
/items/materials/thalassa_tile7.matitem	description	A worn metal wall panel.	닳은 금속 벽 패널.	reuse
/items/materials/thalassa_tile7.matitem	shortdescription	Ingendepth Panel	인젠뎁스 패널	reuse
/items/materials/timeless_tile1.matitem	description	A yellowish stone brick tile.	노르스름한 석재 벽돌 타일.	reuse
/items/materials/timeless_tile1.matitem	shortdescription	Timeless Stone Brick	시간을 초월한 석재 벽돌	reuse
/items/materials/timeless_tile2.matitem	description	A yellowish wood tile.	노르스름한 목재 타일.	reuse
/items/materials/timeless_tile2.matitem	shortdescription	Timeless Wood	시간을 초월한 나무	reuse
/items/materials/turbulent_tile1.matitem	description	A sea stained rock block.	바닷물 얼룩 암석 블록.	reuse
/items/materials/turbulent_tile1.matitem	shortdescription	Turbulent Rock	격동의 바위	reuse
/items/materials/turbulent_tile2.matitem	description	A sea stained rock block.	바닷물 얼룩 암석 블록.	reuse
/items/materials/turbulent_tile2.matitem	shortdescription	Turbulent Deep Rock	격동의 깊은 바위	reuse
/items/materials/verdant_tile1.matitem	description	A dirt block.	흙 블록.	reuse
/items/materials/verdant_tile1.matitem	shortdescription	Verdant Dirt	버던트 흙	reuse
/items/materials/verdant_tile2.matitem	description	A brownish rock.	갈색빛 바위.	reuse
/items/materials/verdant_tile2.matitem	shortdescription	Verdant Rock	버던트 바위	reuse
/items/materials/viridescent_tile1.matitem	description	A green wood block, laced with acid.	산이 스며든 초록색 나무 블록입니다.	reuse
/items/materials/viridescent_tile1.matitem	shortdescription	Viridescent Wood Block	비리데슨트 나무 블록	reuse
/items/materials/viridescent_tile2.matitem	description	A rusty scrap panel tile.	녹슨 고철 패널 타일.	reuse
/items/materials/viridescent_tile2.matitem	shortdescription	Viridescent Scrap Panel	비리데슨트 고철 패널	reuse
/items/materials/viridescent_tile3.matitem	description	A bright, green leaf block.	밝은 초록색 잎 블록.	reuse
/items/materials/viridescent_tile3.matitem	shortdescription	Viridescent Leaf Block	비리데슨트 잎 블록	reuse
/items/materials/volcanicCave_tile1.matitem	itemName	volcanicCave_tile1	화산 동굴 타일 1	
/items/materials/volcanicCave_tile1.matitem	description	A reddish volcanic rock.	불그스름한 화산암.	reuse
/items/materials/volcanicCave_tile1.matitem	shortdescription	Volcanic Rock	화산석	reuse
/items/materials/windswept_tile1.matitem	description	A dirt block covered with lush grass.	무성한 풀로 뒤덮인 흙 블록입니다.	reuse
/items/materials/windswept_tile1.matitem	shortdescription	Highland Dirt	고지대 흙	reuse
/items/materials/workshop_tile1.matitem	description	A wall panel, painted in orange.	주황색으로 칠해진 벽 패널.	reuse
/items/materials/workshop_tile1.matitem	shortdescription	Orange Sloped Panel	주황 경사 패널	reuse
/items/materials/workshop_tile10.matitem	description	A simple metal background wall for use in factories.	공장에서 사용하는 단순한 금속 배경 벽.	reuse
/items/materials/workshop_tile10.matitem	shortdescription	Foundry Background Wall	주조소 배경 벽	reuse
/items/materials/workshop_tile11.matitem	shortdescription	Sloped Girder	경사 대들보	reuse
/items/materials/workshop_tile11.matitem	description	A strong reinforced girder.	튼튼하게 강화된 대들보.	reuse
/items/materials/workshop_tile12.matitem	description	An alternate pattern of the machinery panel.	기계 패널의 다른 무늬입니다.	reuse
/items/materials/workshop_tile12.matitem	shortdescription	Alt Machinery Panel	보조 기계장치 패널	reuse
/items/materials/workshop_tile13.matitem	description	A orange light display panel.	주황색 조명 디스플레이 패널입니다.	reuse
/items/materials/workshop_tile13.matitem	shortdescription	Orange LED Panel	주황 LED 패널	reuse
/items/materials/workshop_tile2.matitem	description	A wall panel, painted in black.	검은색으로 칠해진 벽 패널.	reuse
/items/materials/workshop_tile2.matitem	shortdescription	Black Sloped Panel	검은색 경사 패널	reuse
/items/materials/workshop_tile3.matitem	description	An orange wall tile used by the Workshop.	워크숍에서 사용하는 주황색 벽 타일이다.	reuse
/items/materials/workshop_tile3.matitem	shortdescription	Orange Workshop Wall	주황 작업장 벽	reuse
/items/materials/workshop_tile4.matitem	description	An industrial beam.	산업용 대들보다.	reuse
/items/materials/workshop_tile4.matitem	shortdescription	Industrial Vertical Beam	산업용 수직 빔	reuse
/items/materials/workshop_tile5.matitem	description	A metal flooring tile used by the Workshop.	워크숍에서 사용하는 금속 바닥재입니다.	reuse
/items/materials/workshop_tile5.matitem	shortdescription	Workshop Metal Flooring	작업장 금속 바닥	reuse
/items/materials/workshop_tile6.matitem	description	A dark support tile used by the Workshop.	워크숍에서 쓰는 어두운 지지대 타일입니다.	reuse
/items/materials/workshop_tile6.matitem	shortdescription	Workshop Metal Support	작업장 금속 지지대	reuse
/items/materials/workshop_tile7.matitem	description	A machinery block covered in orange.	주황색으로 덮인 기계 블록입니다.	reuse
/items/materials/workshop_tile7.matitem	shortdescription	Orange Machinery Panel	주황 기계 패널	reuse
/items/materials/workshop_tile8.matitem	description	A machinery block covered in black.	검은색으로 덮인 기계 블록입니다.	reuse
/items/materials/workshop_tile8.matitem	shortdescription	Black Machinery Panel	검은색 기계 패널	reuse
/items/materials/workshop_tile9.matitem	description	A wall panel, painted in turquoise.	터쿼이즈색으로 칠해진 벽 패널.	reuse
/items/materials/workshop_tile9.matitem	shortdescription	Turquoise Sloped Panel	청록색 경사 패널	reuse
/items/throwables/arcana_throwable_aeolus.thrownitem	shortdescription	Arioforged Dagger	아리오 단조 단검	
/items/throwables/arcana_throwable_aeolus.thrownitem	description	A throwing dagger, made from ariostone.	아리오스톤으로 만든 투척 단검.	
/items/throwables/arcana_throwable_boss_cosmoNemesis.thrownitem	itemName	arcana_throwable_boss_cosmoNemesis	코스모 네메시스	
/items/throwables/arcana_throwable_boss_cosmoNemesis.thrownitem	shortdescription	^orange;Sakura Tribute^reset;	^orange;벚꽃 공물^reset;	
/items/throwables/arcana_throwable_boss_cosmoNemesis.thrownitem	description	A shadowy stone covered in red blossom flowers... ^orange;[Use to summon a strong foe.]^reset;	붉은 벚꽃으로 뒤덮인 그림자 돌... ^orange;[사용해 강적을 소환]^reset;	
/items/throwables/arcana_throwable_boss_cosmoNemesis.thrownitem	subtitle	^green;Summon Item^#reset;	^green;소환 아이템^#reset;	
/items/throwables/arcana_throwable_boss_evolapis.thrownitem	shortdescription	^orange;Evo Abomination^reset;	^orange;에보 혐오체^reset;	
/items/throwables/arcana_throwable_boss_evolapis.thrownitem	description	A suspicious looking rock covered in green goo... ^orange;[Use to summon a strong foe.]^reset;	초록 점액으로 뒤덮인 수상한 돌... ^orange;[사용해 강적을 소환]^reset;	
/items/throwables/arcana_throwable_boss_evolapis.thrownitem	subtitle	^green;Summon Item^#reset;	^green;소환 아이템^#reset;	
/items/throwables/arcana_throwable_gleamplane.thrownitem	shortdescription	Gleamplane	글림플레인	
/items/throwables/arcana_throwable_gleamplane.thrownitem	description	A paper plane! Will it fly?	종이비행기! 날 수 있을까?	
/items/throwables/arcana_throwable_noveltyStar.thrownitem	itemName	arcana_throwable_noveltyStar	노벌티 스타	
/items/throwables/arcana_throwable_noveltyStar.thrownitem	shortdescription	Super Star	슈퍼 스타	
/items/throwables/monarch_throwable_1.thrownitem	shortdescription	Illuminated Dart	발광 다트	
/items/throwables/monarch_throwable_1.thrownitem	description	A throwing dart, emits light.	빛을 내뿜는 투척 다트.	
/objects/arcana/biome/patchy/arcana_patchy.object	description	Patchy	패치	
/objects/arcana/unused/elemental_craftingstation_1/elemental_craftingstation_1.object	description	A basic crafting station for elementally infused items.	원소 주입 아이템용 기본 제작대.	
/objects/arcana/unused/elemental_craftingstation_1/elemental_craftingstation_1.object	shortdescription	Wooden Elemental Table	목재 원소 작업대	
/objects/crafting/arcana_crafting_anvil_1/arcana_crafting_anvil_1.object	description	The highest tier of weapon and armor printing station imbued with gold.	황금의 힘이 깃든 최고 등급 무기·방어구 인쇄소.	reuse
/objects/crafting/arcana_crafting_anvil_1/arcana_crafting_anvil_1.object	shortdescription	^#dfcf4e;Aurea Armory^reset;	^#dfcf4e;아우레아 병기고^reset;	reuse
/objects/crafting/arcana_crafting_cookingStation_2/arcana_crafting_cookingStation_2.object	objectName	arcana_crafting_cookingStation_2	요리 스테이션	
/objects/crafting/arcana_crafting_cookingStation_2/arcana_crafting_cookingStation_2.object	description	A modern kitchen, where you can produce top quality consumeables.	최고급 소모품을 만들 수 있는 현대식 주방입니다.	reuse
/objects/crafting/arcana_crafting_cookingStation_2/arcana_crafting_cookingStation_2.object	shortdescription	^#dfcf4e;Advanced Cooking Station^reset;	^#dfcf4e;고급 조리대^reset;	reuse
/objects/crafting/arcana_crafting_essenceExtractor_1/arcana_crafting_essenceExtractor_1.object	objectName	arcana_crafting_essenceExtractor_1	에센스 추출기	
/objects/crafting/arcana_crafting_essenceExtractor_1/arcana_crafting_essenceExtractor_1.object	description	The ultimate essence extractor that can extract most types of essence from materials.	대부분의 재료에서 정수를 추출할 수 있는 궁극의 정수 추출기.	reuse
/objects/crafting/arcana_crafting_essenceExtractor_1/arcana_crafting_essenceExtractor_1.object	shortdescription	^#dfcf4e;Gilded Essence Extractor^reset;	^#dfcf4e;길디드 에센스 추출기^reset;	reuse
/objects/crafting/arcana_crafting_furnace_2/arcana_crafting_furnace_2.object	description	A smelter that can process just about everything, made with Aureola bars.	아우레올라 봉으로 만든, 거의 모든 것을 처리할 수 있는 제련로.	reuse
/objects/crafting/arcana_crafting_furnace_2/arcana_crafting_furnace_2.object	shortdescription	^#dfcf4e;Auric Smelter^reset;	^#dfcf4e;아우릭 용광로^reset;	reuse
/objects/crafting/arcana_crafting_main_1/arcana_crafting_main_1.object	description	The most capable inventing table of all, made from Aureola bars.	아우레올라 봉으로 만든, 모든 발명대 가운데 가장 뛰어난 것.	reuse
/objects/crafting/arcana_crafting_main_1/arcana_crafting_main_1.object	shortdescription	^#dfcf4e;Artificer's Table^reset;	^#dfcf4e;아티피서의 작업대^reset;	reuse
/objects/crafting/arcana_crafting_techStation_3/arcana_crafting_techStation_3.object	objectName	arcana_crafting_techStation_3	테크 스테이션	
/objects/crafting/arcana_crafting_techStation_3/arcana_crafting_techStation_3.object	description	An advanced station for creating high-tech goods.	첨단 물품을 만드는 고급 제작대입니다.	reuse
/objects/crafting/arcana_crafting_techStation_3/arcana_crafting_techStation_3.object	shortdescription	^#dfcf4e;Advanced Tech Station^reset;	^#dfcf4e;고급 테크 스테이션^reset;	reuse
/objects/crafting/arcana_crafting_workbench_2/arcana_crafting_workbench_2.object	description	An aureola reinforced crafting table, lets you craft furniture and materials.	아우레올라로 강화된 제작대로, 가구와 재료를 제작할 수 있다.	reuse
/objects/crafting/arcana_crafting_workbench_2/arcana_crafting_workbench_2.object	shortdescription	^#dfcf4e;Aurelian Workstation^reset;	^#dfcf4e;아우렐리안 작업대^reset;	reuse
/objects/crafting/arcana_upgradeanvil/arcana_upgradeanvil.object	description	An Ancient anvil for upgrading weapons, up to ^orange;Tier 10^reset;.	무기를 최대 ^orange;10등급^reset;까지 강화하는 고대의 모루.	reuse
/objects/crafting/arcana_upgradeanvil/arcana_upgradeanvil.object	shortdescription	^#ffffff;^orange;¤^reset; Upgrade Station^reset;	^#ffffff;^orange;¤^reset; 업그레이드 스테이션^reset;	
/stats/effects/arcana/debuffs/arcana_status_gloom.statuseffect	label	Gloom	암영	
/stats/effects/arcana/debuffs/arcana_status_hexed.statuseffect	label	Hexed	저주됨	
/stats/effects/arcana_gearshift/arcana_gearshift.statuseffect	label	Gearshift	기어시프트	
/stats/effects/arcana_sanguine/arcana_sanguine.statuseffect	label	Sanguine	생혈	
/stats/effects/arcana_status_bleeding/arcana_status_bleeding.statuseffect	label	Bleeding	출혈	
/stats/effects/arcana_status_cataclysm/arcana_status_cataclysm.statuseffect	label	Cataclysm	재앙	
/stats/effects/arcana_status_cryocraze/arcana_status_cryocraze.statuseffect	label	Nova	노바	
/stats/effects/arcana_status_death/arcana_status_death.statuseffect	label	Death	죽음	
/stats/effects/arcana_status_electricVeil/arcana_status_electricVeil.statuseffect	label	Nova	노바	
/stats/effects/arcana_status_electricVeil/arcana_status_electricVeilEasy.statuseffect	label	Nova	노바	
/stats/effects/arcana_status_energized/arcana_status_energized.statuseffect	label	Energized	충전됨	
/stats/effects/arcana_status_floating/arcana_status_floating.statuseffect	label	Levitation	공중부양	
/stats/effects/arcana_status_heal_4000/arcana_status_heal_4000.statuseffect	label	Healing	치유	
/stats/effects/arcana_status_pyrocraze/arcana_status_pyrocraze.statuseffect	label	Nova	노바	
/stats/effects/arcana_status_radiance/arcana_status_radiance.statuseffect	label	Radiance	광휘	
/stats/effects/arcana_status_ruinous/arcana_status_ruinous.statuseffect	label	Ruinous	파멸	
/stats/effects/arcana_status_runSpeed/arcana_status_runSpeed_aeternus.statuseffect	label	Voidhaste	공허 가속	
/stats/effects/arcana_status_runSpeed/haste.statuseffect	label	Haste	가속	
/stats/effects/arcana_status_shining/arcana_status_shining.statuseffect	label	Shining	빛남	
/stats/effects/arcana_status_shivery/arcana_status_shivery.statuseffect	label	Shivery	오한	
/stats/effects/arcana_status_solitude/arcana_status_solitude.statuseffect	label	Solitude	고독	
/stats/effects/arcana_status_soulburn/arcana_status_soulburn.statuseffect	label	Soulburn	영혼 연소	
/stats/effects/arcana_status_sovereignty/arcana_status_sovereignty.statuseffect	label	Nova	노바	
/stats/effects/arcana_status_supercharged/arcana_status_supercharged.statuseffect	label	Supercharged	초충전	
/stats/effects/arcana_status_transience/arcana_status_transience.statuseffect	label	Transience	덧없음	
/stats/effects/arcana_status_weaponbuff/arcana_status_magicbuff.statuseffect	label	Magic+	마법+	
/stats/effects/arcana_status_weaponbuff/arcana_status_weaponbuff.statuseffect	label	Melee+	근접+	
/stats/effects/arcana_status_windswept/arcana_status_windswept.statuseffect	label	Windswept	윈드스웹트	
/stats/effects/camouflage/arcana_camouflage10.statuseffect	label	Camouflage	위장	
/stats/effects/heal/arcana_heal10.statuseffect	label	Healing	치유	
/stats/effects/heal/arcana_instantheal40.statuseffect	label	Healing	치유	
/stats/effects/heal/arcana_status_heal_energizedNanopack.statuseffect	label	Healing	치유	
/stats/effects/heal/arcana_status_heal_evoNanopack.statuseffect	label	Healing	치유	
/stats/effects/heal/arcana_status_heal_nanopack.statuseffect	label	Healing	치유	
/stats/effects/heal/arcana_status_heal_neoNanopack.statuseffect	label	Healing	치유	
