asset	pointer	en	ko	issues
/IFD_statuseffects.config.patch	/effectNames/bouncy/customLabels/0	"^green;+ 튕김^reset;
^green;+ 낙하 피해
  면역^reset;"	^green;+ 탄성^reset;	tags,lines
/IFD_statuseffects.config.patch	/effectNames/electricblock/customLabels/0	"^green;+ 25% 전기 저항.^reset;
^green;+ 감전 면역^reset;"	^green;+ 25% 전기 저항^reset;	tags,lines
/IFD_statuseffects.config.patch	/effectNames/fireblock/customLabels/0	"^green;+ 25% 화염 저항.^reset;
^green;+ 연소 면역^reset;"	^green;+ 25% 화염 저항^reset;	tags,lines
/IFD_statuseffects.config.patch	/effectNames/iceblock/customLabels/0	"^green;+ 25% 얼음 저항.^reset;
^green;+ 얼음 미끄러짐 면역^reset;"	^green;+ 25% 얼음 저항^reset;	tags,lines
/_FUversioning.config.patch	/info	"
^orange;Incompatible Mods^reset;

For a list of incompatible mods, check the wiki on Miraheze (NOT Fandom). It is linked on the main menu of the game. It is the most direct place to get the most updated information.


^orange;Frequently Asked Questions^reset;

Q: Where is the official wiki?
A: frackinuniverse.miraheze.org is the address. The Fandom one is incorrect, and horribly outdated. They merely want your ad revenue.

Q: Is there a social hub for FU users such as myself?
A: Yes, there is a Discord server. Check the mods page for a link.

Q: Where can I report issues/bugs, contribute, or make suggestions?
A: The FU discord server

"	"^orange;호환되지 않는 모드^reset;

호환되지 않는 모드 목록은 Miraheze 위키(Fandom 아님)를 확인하라. 게임 메인 메뉴에 링크되어 있다. 최신 정보를 가장 직접적으로 얻을 수 있는 곳이다.


^orange;자주 묻는 질문^reset;

Q: 공식 위키는 어디인가?
A: 주소는 frackinuniverse.miraheze.org다. Fandom 쪽은 부정확하고 끔찍할 정도로 오래됐다. 그들은 당신의 광고 수익을 원할 뿐이다.

Q: 나 같은 FU 사용자를 위한 소셜 허브가 있는가?
A: 있다, Discord 서버가 있다. 링크는 모드 페이지를 확인하라.

Q: 문제/버그를 신고하거나, 기여하거나, 제안은 어디에 하는가?
A: FU Discord 서버"	lines
/_ZBversioning.config.patch	/welcome	"
Welcome to ^orange;Ztarbound^reset;; A mod that aims to improve some of the untouched by mods vanilla aspects and add some more tools for modders to play with!

^orange;Updated to 1.05c:^reset;
^green;>^reset; Some research tree fixed and QoL improvements

This window, added by this mod, is here to notify you when a mod (using this feature) was updated, as well as guide new and old users through some basic mod info and important changes, including, but not limited to, changelogs, extra information, and credits.*

Normally, these windows cannot be closed instantly when called by a mods update, a newly created character(Because of limitations), or when installing a new mod.

But don't worry, if only one mod is updated/added, you can close the window after a short timer that appears in the bottom left corner.**

If multiple mods were updated/added, the pane will be closeable after you've viewed all the mods.** (Via the 'previous'/'next' buttons)

You can open this window manually through SAIL, or the quickbar. (provided by StardutLib/QuickbarMini)

Want your mod to use this feature? Not a problem! Head on to the 'Information' tab, you'll find everything you need there.

Be advised - This mod is integrated into Frackin' Universe, and does not require the standalone version. If you have the standalone version installed alongside FU, remove the standalone version as to not slow down Starbounds loading time, and to prevent potential issues.

Thanks, and have fun! :)

* - The information provided depends on whether the mod in question is using this feature, and the info itself is provided by said mods author.

** - Technically, you CAN close the window, but it'll re-open itself, and reset the timer. :) 
"	"^orange;Ztarbound^reset;에 온 걸 환영해; 모드가 건드리지 않은 바닐라 요소들을 개선하고 모더들이 가지고 놀 도구를 더하는 걸 목표로 하는 모드야!

^orange;1.05c로 업데이트됨:^reset;
^green;>^reset; 일부 연구 트리 수정과 편의성 개선

이 모드가 추가한 이 창은, (이 기능을 사용하는) 모드가 업데이트됐을 때 알려주고, 변경로그, 추가 정보, 크레딧 등 기본적인 모드 정보와 중요한 변경점을 신규·기존 사용자에게 안내하기 위한 거야.*

보통 이 창들은 모드 업데이트로 호출되거나, 새로 만든 캐릭터로 호출되거나(제한 때문에), 새 모드를 설치했을 때는 바로 닫을 수 없어.

하지만 걱정 마, 업데이트/추가된 모드가 하나뿐이라면 왼쪽 아래에 나타나는 짧은 타이머 후에 창을 닫을 수 있어.**

여러 모드가 업데이트/추가됐다면, 모든 모드를 다 보고 나서야 창을 닫을 수 있어.** ('이전'/'다음' 버튼으로)

이 창은 SAIL이나 퀵바를 통해 수동으로 열 수 있어. (StardutLib/QuickbarMini 제공)

네 모드에서 이 기능을 쓰고 싶다고? 문제없어! '정보' 탭으로 가면 필요한 게 다 있어.

참고 - 이 모드는 Frackin' Universe에 통합되어 있어서 독립 버전이 필요 없어. FU와 함께 독립 버전이 설치되어 있다면, 스타바운드 로딩 속도 저하와 잠재적 문제를 막기 위해 독립 버전을 제거해줘.

고마워, 그리고 재밌게 놀아! :)

* - 제공되는 정보는 해당 모드가 이 기능을 사용하는지에 따라 달라지며, 정보 자체는 그 모드의 제작자가 제공해.

** - 사실 창을 닫을 수는 있지만, 다시 열리면서 타이머가 초기화돼. :)"	lines
/_ZBversioning.config.patch	/credits	"
- ^orange;Sayter^reset; - Original UI designer
- ^orange;[fox emoji]^reset; - Some scripts for the new SAIL, and scan-for-blueprint used as base for scan-interaction
- ^orange;Hubnester^reset; + ^orange;Lucca^reset; - Original creators of the FU music player
- ^orange;Kherae^reset; - Some bug fixes
- ^orange;jss2a98aj^reset; - Minor fix
"	"- ^orange;Sayter^reset; - 원본 UI 디자이너
- ^orange;[fox emoji]^reset; - 새 SAIL용 일부 스크립트, 스캔 상호작용의 바탕이 된 설계도 스캔 기능
- ^orange;Hubnester^reset; + ^orange;Lucca^reset; - FU 음악 플레이어 원작자
- ^orange;Kherae^reset; - 일부 버그 수정
- ^orange;jss2a98aj^reset; - 사소한 수정"	lines
/codex/arcana_codex_exousia/arcana_codex_exousia_2.codex.patch	/contentPages/0	"
A typical division within the Imperial Army is classified into one of the following groups.

Frontline Divisions, Schwarzritters
Incendiary Divisions, Nashorns
Stealth Divisions, Nordwolves
Special Support Divisions
Engineering Divisions 
Science Divisions
Behemoths (Armored, Terrestrial)
Leviathans (Armored, Celestial)
"	"제국군의 일반적인 사단은 다음 분류 중 하나로 나뉜다.

전선 사단, 슈바르츠리터
소이 사단, 나스호른
은밀 사단, 노르트볼프
특수 지원 사단
공병 사단 
과학 사단
베헤모스 (기갑, 지상)
레비아탄 (기갑, 우주)"	lines
/codex/arcana_codex_exousia/arcana_codex_exousia_2.codex.patch	/contentPages/1	"
Large scale military confrontation are typically handled by the infantry and armored divisions, while the engineering and science divisions handle maintenance, production and research. The special support divisions generally handle medical tasks, but sometimes work with science divisions to enforce chemical and cryogenic warfare.
"	대규모 군사 충돌은 보통 보병과 기갑 사단이 담당하며, 공병과 과학 사단은 정비, 생산, 연구를 담당한다. 특수 지원 사단은 대체로 의료 임무를 맡지만, 때로는 과학 사단과 함께 화학전과 냉동전을 수행하기도 한다.	lines
/codex/arcana_codex_guide/arcana_codex_guide_1.codex.patch	/contentPages/0	"
^yellow;Arcana^reset; - Getting Started

Welcome to Arcana! This mod adds a large quantity of planets and items, and most are made for late-game gameplay. To start your journey as a mage, you will first need to craft a ^orange;magician's table^reset; at an inventor's table or by hand. To start the main progression, you can then travel to Arcane Stars and find ^orange;Arcanium Ore^reset; from Arcane planets.
"	"^yellow;아르카나^reset; - 시작하기

아르카나에 온 걸 환영한다! 이 모드는 다량의 행성과 아이템을 추가하며, 대부분 후반 플레이용이다. 마법사로서 여정을 시작하려면 먼저 발명가의 탁자나 맨손으로 ^orange;마술사의 탁자^reset;를 제작해야 한다. 메인 진행을 시작하려면 비전 별로 가서 비전 행성에서 ^orange;아르카니움 광석^reset;을 찾아라."	lines
/codex/arcana_codex_guide/arcana_codex_guide_2.codex.patch	/contentPages/0	"
^yellow;Arcana^reset; - Essence

The most common forms of essence that you will encounter are arcane, illuminated and superstorm essence. Most essence can be extracted by materials and liquids. For example, ^orange;arcane water^reset;, found in Shining Seas, can be extracted for ^orange;arcane essence^reset;.
"	"^yellow;아르카나^reset; - 정수

만나게 될 가장 흔한 정수 형태는 비전, 일루미네이티드, 슈퍼스톰 정수다. 대부분의 정수는 재료와 액체에서 추출할 수 있다. 예를 들어, 샤이닝 바다에서 발견되는 ^orange;비전수^reset;는 ^orange;비전 정수^reset;로 추출할 수 있다."	lines
/codex/arcana_codex_guide/arcana_codex_guide_3.codex.patch	/contentPages/0	"
^yellow;Arcana^reset; - Progression

Arcana's progression system is primarily spread through the newly added stars, where you can find various crafting materials either by exploring or defeating strong foes.

^#6cc13d;[T1-T6]^reset; Magician's Table, Arcane Star
^#3dacc1;[T7]^reset; Academician's Table, Illuminated Star
^#a43dc1;[T8]^reset; Cyberneticist's Table, Superstorm Star
^yellow;[T9]^reset; Artificer's Table, Tripolar Star
"	"^yellow;아르카나^reset; - 진행

아르카나의 진행 시스템은 주로 새로 추가된 별들에 분산돼 있으며, 탐험이나 강한 적 처치로 다양한 제작 재료를 찾을 수 있다.

^#6cc13d;[T1-T6]^reset; 마술사의 탁자, 비전 별
^#3dacc1;[T7]^reset; 학자의 탁자, 일루미네이티드 별
^#a43dc1;[T8]^reset; 사이버네티시스트의 탁자, 슈퍼스톰 별
^yellow;[T9]^reset; 아티피서의 탁자, 트라이폴라 별"	lines
/codex/arcana_codex_guide/arcana_codex_mwhaddon_guide_1.codex.patch	/contentPages/0	"^orange;Arcane stars^white; are one of the stars infused by what we Arcanian called 'Elementals', with a light blue appearance. These stars are relatively the mildest and are therefore the first ones recommended for exploration.
Blessed by ^orange;Arcane Essence^white;, Arcane stars feature seven different kind of unique planets: ^#EE8A45;Blistering^white;, ^#6189E3;Turbulent^white;, ^#7FAD23;Verdant^white;, ^#BCE279;Windswept^white;, ^#8EEFD6;Arcane Weald^white;, ^#3ED0E8;Shining Sea^white; and ^#d6642e;Runic Desert^white;.
"	"^orange;아케인 별^white;은 우리 아르카니안이 '원소'라 부르는 것이 깃든 별 중 하나로, 옅은 파란색을 띤다. 이 별들은 상대적으로 가장 온화해서 탐사에 가장 먼저 추천된다.
^orange;아케인 정수^white;의 축복을 받은 아케인 별에는 일곱 종류의 독특한 행성이 있다: ^#EE8A45;블리스터링^white;, ^#6189E3;터뷸런트^white;, ^#7FAD23;버던트^white;, ^#BCE279;윈드스웹트^white;, ^#8EEFD6;아케인 웰드^white;, ^#3ED0E8;샤이닝 시^white;, 그리고 ^#d6642e;루닉 사막^white;."	lines
/codex/arcana_codex_guide/arcana_codex_mwhaddon_guide_1.codex.patch	/contentPages/1	"^#8EEFD6;Arcane Weald^white;, ^#3ED0E8;Shining Sea^white; and ^#d6642e;Runic Desert^white; will have ^orange;Arcane Drain^white; on explorers, preventing them from recovering energy. Respective protection method, such as EPP, is required to nullify the effect.
"	^#8EEFD6;아케인 웰드^white;, ^#3ED0E8;샤이닝 시^white;, ^#d6642e;루닉 사막^white;은 탐험가에게 ^orange;아케인 드레인^white;을 걸어 에너지 회복을 막는다. EPP 같은 각각의 보호 수단이 효과를 무효화하는 데 필요하다.	lines
/codex/arcana_codex_guide/arcana_codex_mwhaddon_guide_1.codex.patch	/contentPages/2	"^#8EEFD6;Arcane Weald^white;

^#8EEFD6;Arcane Weald^white; is the most important and representative planet in Arcane stars. The planet is mainly covered by cyan forests filled with Arcane energy, but other mysterious landscapes can occasionally be found there as well. 
The notable mineral here is ^#8EEFD6;Arcanium Ore^white; in the color of cyan, which can be used to craft basic Arcane equipments after being melted. This planet is also the only place to find ^#b7b7c0;Borealite^white;.
"	"^#8EEFD6;아케인 웰드^white;

^#8EEFD6;아케인 웰드^white;는 아케인 항성들 중 가장 중요하고 대표적인 행성이다. 행성은 주로 아케인 에너지로 가득한 청록색 숲으로 덮여 있지만, 다른 신비로운 풍경도 가끔 발견된다. 
이곳의 주목할 광물은 청록색의 ^#8EEFD6;아르카니움 광석^white;으로, 녹이면 기본 아케인 장비 제작에 사용할 수 있다. 이 행성은 또한 ^#b7b7c0;보리얼라이트^white;를 찾을 수 있는 유일한 장소다."	lines
/codex/arcana_codex_guide/arcana_codex_mwhaddon_guide_1.codex.patch	/contentPages/4	"You may also find a huge sanctuary plunging straight into the ground. One has to turn on a switch to enter, yet doing so may cause the entrance to be closed and the lava to pour out. The sanctuary is filled with fire monsters and dangerous traps, so anyone who dares to enter it must have themselves perpared well.
"	땅속으로 곧장 뻗은 거대한 성역을 발견할 수도 있다. 들어가려면 스위치를 켜야 하지만, 그러면 입구가 닫히고 용암이 쏟아질 수 있다. 성역 안은 불의 괴물과 위험한 함정으로 가득하니, 감히 들어가는 자는 스스로 잘 준비해야 한다.	lines
/codex/arcana_codex_guide/arcana_codex_mwhaddon_guide_1.codex.patch	/contentPages/5	"^#6189E3;Turbulent^white;

^#6189E3;Turbulent^white; is a beautiful marine planet. Its seafloor is obiously different from normal ocean planets', as its is full of cracks.
You may notice the ^orange;Pink Aquamarines^white;, the specialties beneath the ground by their pink appearance. They are also one of those elemental minerals.
"	"^#6189E3;터뷸런트^white;

^#6189E3;터뷸런트^white;는 아름다운 해양 행성이다. 해저는 금이 가 있어 일반 해양 행성과는 확연히 다르다.
분홍빛 외형으로 땅속에서 구별되는 특산물 ^orange;핑크 아쿠아마린^white;을 발견할 수 있다. 이것들도 원소 광물의 하나다."	lines
/codex/arcana_codex_guide/arcana_codex_mwhaddon_guide_1.codex.patch	/contentPages/6	"^#7FAD23;Verdant^white;

Green ^#7FAD23;Verdant^white; is the home of great trees and thick vines with dense vegetation.
You can find ^orange;Florastones^white;, another elemental minerals beneath the soil. They can also be looted from small ruins here. 
"	"^#7FAD23;버던트^white;

녹색의 ^#7FAD23;버던트^white;는 거대한 나무와 짙은 덩굴, 빽빽한 초목의 고향이다.
흙속에서 또 다른 원소 광물인 ^orange;플로라스톤^white;을 찾을 수 있다. 이곳의 작은 폐허에서 전리품으로 얻을 수도 있다."	lines
/codex/arcana_codex_guide/arcana_codex_mwhaddon_guide_1.codex.patch	/contentPages/7	"Remarkably you can also find some sort of temple here, buried underground as well, with two locked doors at the entrance to the temple. I'm pretty sure the key is hidden beneath the temple, yet that place has all the poisonous monsters. Perhaps only those brave enough to step inside will be able to uncover the secrets of the treasure behind the doors.
"	놀랍게도 이곳에는 지하에 묻힌 일종의 신전도 있으며, 신전 입구에는 잠긴 문이 두 개 있다. 열쇠는 아마 신전 아래 어딘가에 숨겨져 있을 것 같지만, 그곳에는 독성 몬스터가 득실거린다. 어쩌면 안으로 들어갈 용기가 있는 자만이 문 뒤에 숨겨진 보물의 비밀을 밝혀낼 수 있을 것이다.	lines
/codex/arcana_codex_guide/arcana_codex_mwhaddon_guide_1.codex.patch	/contentPages/8	"^#BCE279;Windswept^white;

As the name suggests, ^#BCE279;Windswept^white; is a very windy meadow. 
Lavender ^orange;Aviostones^white;, the last elemental minerals, can be found under the surface or in the ruins.
"	"^#BCE279;윈즈웁트^white;

이름이 시사하듯 ^#BCE279;윈즈웁트^white;는 바람이 매우 강한 초원이다. 
마지막 원소 광물인 라벤더색 ^orange;아비오스톤^white;을 지표 아래나 폐허에서 찾을 수 있다."	lines
/codex/arcana_codex_guide/arcana_codex_mwhaddon_guide_1.codex.patch	/contentPages/9	"There's also a prodigious construction. Consisting of several floating towers, the construction is fraught with danger. Nobody knows who built these miracle buildings, however I'm quite sure about the existence of treasures at the top of it.
"	엄청난 규모의 건축물도 있다. 떠 있는 탑 여러 개로 이루어졌고 위험이 가득하다. 누가 이 경이로운 건물들을 세웠는지는 아무도 모르지만, 꼭대기에 보물이 있다는 건 꽤 확신한다.	lines
/codex/arcana_codex_guide/arcana_codex_mwhaddon_guide_2.codex.patch	/contentPages/0	"^orange;Pale stars^white; are one of the stars infused by what we Arcanian called 'Elements', with a white appearance. They are the second most recommended stars to explore after Arcane Stars.
Nurtured by ^orange;Pale Essence^white;, Pale stars feature five different kind of unique planets: ^#8C8D90;Illuminated^white;, ^#5b3ea0;Abyssal Woods^white;, ^#09A9AB;Evoaquatic^white;, ^#D82C4C;Animus^white; and ^#3b8c99;Nightmist^white;.
"	"^orange;페일 별^white;은 우리 아르카니안이 '원소'라 부르는 것이 깃든 별 중 하나로, 흰색 외형을 띤다. 아케인 별 다음으로 탐사를 추천하는 별이다.
^orange;페일 정수^white;의 양육을 받은 페일 별에는 다섯 종류의 독특한 행성이 있다: ^#8C8D90;일루미네이티드^white;, ^#5b3ea0;어비설 우즈^white;, ^#09A9AB;에보아쿠아틱^white;, ^#D82C4C;아니무스^white;, 그리고 ^#3b8c99;나이트미스트^white;."	lines
/codex/arcana_codex_guide/arcana_codex_mwhaddon_guide_2.codex.patch	/contentPages/1	"All of these planets but ^#3b8c99;Nightmist^white; will have ^orange;Radiance^white; on explorers, increasingly lose their lives. Respective protection methods, such as EPP, is required to nullify the effect.
"	^#3b8c99;나이트미스트^white;를 제외한 이 모든 행성에서는 탐험가에게 ^orange;방사^white;가 발생해, 점점 생명력을 잃게 됩니다. 이 효과를 없애려면 EPP 같은 적절한 보호 수단이 필요합니다.	lines
/codex/arcana_codex_guide/arcana_codex_mwhaddon_guide_2.codex.patch	/contentPages/2	"^#8C8D90;Illuminated^white;

^#8C8D90;Illuminated^white; is the most important and representative planet among Pale stars, covered by exotic and white landscape.
Faded ^#8C8D90;Holosium Fragments^white; and green ^#6AC57D;Renatines^white; fill the earth of Illuminated planet. The former can be melt into ^orange;Holosium Bars^white; and both of them are important materials.
"	"^#8C8D90;일루미네이티드^white;

^#8C8D90;일루미네이티드^white;는 페일 항성들 중 가장 중요하고 대표적인 행성으로, 이색적이고 하얀 풍경으로 뒤덮여 있다.
바랜 ^#8C8D90;홀로시움 파편^white;과 녹색 ^#6AC57D;레나틴^white;이 일루미네이티드 행성의 대지를 채운다. 전자는 ^orange;홀로시움 주괴^white;로 녹일 수 있고 둘 다 중요한 재료다."	lines
/codex/arcana_codex_guide/arcana_codex_mwhaddon_guide_2.codex.patch	/contentPages/3	"In addition, this is the only place to locate ^orange;Illuminated Water^white;, one source of ^orange;Darklight Resins^white;.
"	게다가, 이곳은 ^orange;다크라이트 수지^white;의 원천 중 하나인 ^orange;빛나는 물^white;을 구할 수 있는 유일한 장소다.	lines
/codex/arcana_codex_guide/arcana_codex_mwhaddon_guide_2.codex.patch	/contentPages/4	"^#5b3ea0;Abyssal Woods^white;

^#5b3ea0;Abyssal Woods^white; is a terrifying night planet ravaged by endless storms. Influenced by the power of the Abyss, ^yellow;Spectwings^reset; are among the few intelligent beings here. These winged insectoids are born with sharp claws. They lived in caves, and the entrance leading to the surface were often blocked by several layers of spider webs.
"	"^#5b3ea0;어비설 우즈^white;

^#5b3ea0;어비설 우즈^white;는 끝없는 폭풍이 몰아치는 무시무시한 밤의 행성이다. 어비스의 힘에 영향을 받아, ^yellow;스펙트윙^reset;이 이곳 몇 안 되는 지성체 중 하나다. 이 날개 달린 곤충형 생물은 날카로운 발톱을 타고난다. 그들은 동굴에서 살았고, 지표로 이어지는 입구는 종종 여러 겹의 거미줄로 막혀 있었다."	lines
/codex/arcana_codex_guide/arcana_codex_mwhaddon_guide_2.codex.patch	/contentPages/5	"Gruesome ^#D03AD7;Horizon Fleets^white;, on the other hand, are far from friendly. These dangerous terrorists will indiscriminately attack any travelers nearby.
Speaking of ^#D03AD7;Horizon Fleets^white;, the main materials they use in their armory are ^orange;Necroium Bars^white; melted from ^#973DC5;Necroium Fragments^white; which widely present beneath the surface of ^#5b3ea0;Abyssal Woods^white;.
"	"반면, 소름 끼치는 ^#D03AD7;호라이즌 함대^white;는 전혀 우호적이지 않습니다. 이 위험한 테러리스트들은 근처의 어떤 여행자든 가리지 않고 공격합니다.
^#D03AD7;호라이즌 함대^white; 이야기가 나온 김에, 그들이 병기고에서 사용하는 주요 재료는 ^#5b3ea0;심연의 숲^white; 지표 아래에 널리 존재하는 ^#973DC5;네크로이움 파편^white;을 녹여 만든 ^orange;네크로이움 주괴^white;입니다."	lines
/codex/arcana_codex_guide/arcana_codex_mwhaddon_guide_2.codex.patch	/contentPages/6	"^#09A9AB;Evoaquatic^white;

^#09A9AB;Evoaquatic^white; is a comforting ecosystem of yellow and green, colonized by various plants. You may even find a cave filled with giant fluorescent spikes and poptops.
Besides, ^#ADA729;Morphosis Shards^white; are hidden in the soil there, which display a high degree of affinity for a ^cyan;hypertoxic abomination^white; created by Ecolife that wanders across ^#09A9AB;Evoaquatic^white;.
"	"^#09A9AB;에보아쿠아틱^white;

^#09A9AB;에보아쿠아틱^white;은 노랑과 초록의 아늑한 생태계로, 다양한 식물들이 자리잡고 있다. 거대한 형광 가시와 팝톱으로 가득한 동굴을 발견할 수도 있다.
게다가 그곳의 흙속에는 ^#ADA729;모포시스 파편^white;이 숨겨져 있는데, 이것은 ^#09A9AB;에보아쿠아틱^white;을 떠도는 에코라이프가 만든 ^cyan;고독성 괴물^white;과 높은 친화성을 보인다."	lines
/codex/arcana_codex_guide/arcana_codex_mwhaddon_guide_2.codex.patch	/contentPages/8	"^#3b8c99;Nightmist^white;

Dark ^#3b8c99;Nightmist^white; is surrounded by thick fog and wandering souls. It is said that there were once traces of civilisation in these spooky places. There may be ^cyan;some secrets hidden in the catacombs deep underground^white;.
"	"^#3b8c99;나이트미스트^white;

어둠의 ^#3b8c99;나이트미스트^white;는 짙은 안개와 떠도는 영혼들로 둘러싸여 있다. 이 으스스한 장소들에 한때 문명의 흔적이 있었다고 전해진다. ^cyan;깊은 지하의 지하묘지에 숨겨진 비밀^white;이 있을지도 모른다."	lines
/codex/arcana_codex_guide/arcana_codex_mwhaddon_guide_3.codex.patch	/contentPages/0	"^orange;Superstorm stars^white; are one of the stars infused by what we Arcanian called 'Elements', with a purple appearance. Recommend to explore when you have completed your exploration in Pale Stars.
Nourished by ^orange;Superstorm Essence^white;, Superstorm stars feature six different kind of unique planets: ^#9c36cb;Superstorm Expanse^white;, ^#ffb3eb;Neon Sea^white;, ^#bea04d;Stahlern Badland^white;, ^#d1a733;Timeless^white;, ^#ff993d;Automated^white; and ^#f3ff92;Viridescent^white;.
"	"^orange;슈퍼스톰 별^white;은 우리 아르카니안이 '원소'라 부르는 것이 깃든 별 중 하나로, 보라색 외형을 띤다. 페일 별의 탐사를 마쳤을 때 탐사를 추천한다.
^orange;슈퍼스톰 정수^white;의 양육을 받은 슈퍼스톰 별에는 여섯 종류의 독특한 행성이 있다: ^#9c36cb;슈퍼스톰 익스팬스^white;, ^#ffb3eb;네온 시^white;, ^#bea04d;슈탈레른 불모지^white;, ^#d1a733;타임리스^white;, ^#ff993d;오토메이티드^white;, 그리고 ^#f3ff92;비리데슨트^white;."	lines
/codex/arcana_codex_guide/arcana_codex_mwhaddon_guide_3.codex.patch	/contentPages/1	"All of these planets will have ^orange;Supercharged^white; on explorers, insanely lose their lives. Respective protection methods, such as EPP, is required to nullify the effect.
"	이 모든 행성에서는 탐험가에게 ^orange;과충전^white;이 발생해, 정신없이 생명력을 잃게 됩니다. 이 효과를 없애려면 EPP 같은 적절한 보호 수단이 필요합니다.	lines
/codex/arcana_codex_guide/arcana_codex_mwhaddon_guide_3.codex.patch	/contentPages/2	"^#5a4f6e;Galvasteel^white; can be found underground in most ^orange;Superstorm stars^white;' planets, which is mostly used in industrial production. 
"	^#5a4f6e;갈바스틸^white;은 대부분의 ^orange;슈퍼스톰 항성^white; 행성 지하에서 찾을 수 있으며, 주로 산업 생산에 사용된다.	lines
/codex/arcana_codex_guide/arcana_codex_mwhaddon_guide_3.codex.patch	/contentPages/4	"In addition to ^yellow;buildings owned by Megacorps like Orion^white;, it's also worth pointing out that some ^yellow;strange floating structures^white; are witnessed there, where many rhombus rooms irregularly connected to each other.
"	^yellow;오리온 같은 메가코프 소유 건물^white; 외에도, 그곳에서는 ^yellow;이상한 부유 구조물^white;도 목격되는데, 많은 마름모꼴 방들이 불규칙하게 서로 연결되어 있다는 점도 주목할 만하다.	lines
/codex/arcana_codex_guide/arcana_codex_mwhaddon_guide_3.codex.patch	/contentPages/6	"^#bea04d;Stahlern Badlands^white;

As its name suggests, the ^#bea04d;Stahlern Badland^white; is a rusty planet, a paradise for dangerous scavengers, bandits and mercenaries. 
The weaponary they use requires a native mineral called ^#bea04d;Verrostin Ore^white;.
"	"^#bea04d;슈탈레른 황야^white;

이름이 말해주듯, ^#bea04d;슈탈레른 황야^white;는 녹슨 행성으로, 위험한 스캐빈저와 산적, 용병들의 낙원이다. 
그들이 쓰는 무기에는 ^#bea04d;베로스틴 광석^white;이라는 토착 광물이 필요하다."	lines
/codex/arcana_codex_guide/arcana_codex_mwhaddon_guide_3.codex.patch	/contentPages/7	"^#d1a733;Timeless^white;

^#d1a733;Timeless^white; is literally a planet of no time. Countless spikes of brown and blue pierce the entire land.
Beneath the earth are blue ^#27b2ec;Raw Diathryliums^white;, a kind of rare ores that can only be found here.
"	"^#d1a733;타임리스^white;

^#d1a733;타임리스^white;는 문자 그대로 시간이 없는 행성이다. 갈색과 푸른 무수한 첨탑이 대지 전체를 꿰뚫고 있다.
땅 밑에는 푸른 ^#27b2ec;미가공 디아트릴륨^white;이 있는데, 이곳에서만 찾을 수 있는 희귀 광석이다."	lines
/codex/arcana_codex_guide/arcana_codex_mwhaddon_guide_3.codex.patch	/contentPages/8	"There is a long-standing scholastic consensus on this point that every ^#d1a733;Timeless^white; planet has a clocktower on it, at which top an ^cyan;Aeon Timepiece^white; can be found. Yet many people still argue whether ^cyan;Aeon Timepiece^white; is an incarnation of Aeon's golden lights till today.
"	모든 ^#d1a733;타임리스^white; 행성에는 시계탑이 있고 그 꼭대기에서 ^cyan;에이언 타임피스^white;를 찾을 수 있다는 것이 학계의 오랜 통설이다. 그런데도 오늘날까지 많은 사람이 ^cyan;에이언 타임피스^white;가 에이언의 황금빛이 구현된 것인지 논쟁한다.	lines
/codex/arcana_codex_guide/arcana_codex_mwhaddon_guide_3.codex.patch	/contentPages/9	"^#ff993d;Automated^white;

^#ff993d;Automated^white; are planets belong to the Titancorp. Just like every other Titancorp's planet, these gray planets are terraformed by Workshop's E.C.O and occupied by unwelcoming Titancorp clerks. But gangs like ^yellow;Anarkyons^white; are also spotted there sometimes.
"	"^#ff993d;오토메이티드^white;

^#ff993d;오토메이티드^white;는 타이탄코프 소유의 행성들이다. 다른 타이탄코프 행성들처럼, 이 회색 행성들은 워크숍의 E.C.O로 테라포밍됐고 불친절한 타이탄코프 직원들이 차지하고 있다. 하지만 ^yellow;아나르키온^white; 같은 갱단도 가끔 목격된다."	lines
/codex/arcana_codex_guide/arcana_codex_mwhaddon_guide_3.codex.patch	/contentPages/12	"It is very intriguing that those highly-corrosive ^#f3ff92;Viridescent^white; are like to be the only place to find ^yellow;Gelsemis^white;. They are quite friendly and, surprisingly, full of wisdom. The famous Luye also came from ^#f3ff92;Viridescent^white;, whose speciality is Viridescent Tea bag.
"	저 강한 부식성을 지닌 ^#f3ff92;비리데슨트^white;가 ^yellow;겔세미스^white;를 찾을 수 있는 유일한 곳일 가능성이 높다는 건 매우 흥미롭다. 그들은 상당히 친절하고, 놀랍게도 지혜로 가득하다. 유명한 루예도 ^#f3ff92;비리데슨트^white; 출신이며, 그의 특기는 비리데슨트 티백이다.	lines
/codex/arcana_codex_guide/arcana_codex_mwhaddon_guide_4.codex.patch	/contentPages/0	"^orange;Tripolar stars^white; are one of the stars infused by what we Arcanian called 'Elements'. Recommend to explore when you have completed your exploration in Superstorm Stars.
Tripolar stars feature six different kind of unique planets: ^#ec9858;Solarized^white;, ^#9ec450;Bamboo Forest^white;, ^#e4c6ff;Eminsnow^white;, ^#f8bcc8;Senbonzakura^white;, ^#e7c475;Azure Desert^white; and ^#84cede;Azure Sea^white;.
"	"^orange;트라이폴라 별^white;은 우리 아르카니안이 '원소'라 부르는 것이 깃든 별 중 하나다. 슈퍼스톰 별의 탐사를 마쳤을 때 탐사를 추천한다.
트라이폴라 별에는 여섯 종류의 독특한 행성이 있다: ^#ec9858;솔라라이즈드^white;, ^#9ec450;대나무 숲^white;, ^#e4c6ff;에민스노우^white;, ^#f8bcc8;센본자쿠라^white;, ^#e7c475;하늘빛 사막^white;, 그리고 ^#84cede;하늘빛 바다^white;."	lines
/codex/arcana_codex_guide/arcana_codex_mwhaddon_guide_4.codex.patch	/contentPages/2	"Deeply underneath the ground of some planets there you can find three unique minerals: ^#c64544;Aspirite^white;, ^#417b45;Noxion^white; and ^#6574c1;Immorite^white;.
All of these planets will have ^orange;Cataclysm^white; on explorers, greatly lose their lives. Respective protection methods, such as EPP, is required to nullify the effect.
"	"일부 행성의 지하 깊은 곳에는 세 가지 독특한 광물을 찾을 수 있습니다: ^#c64544;아스피라이트^white;, ^#417b45;녹시온^white;, ^#6574c1;이모라이트^white;.
이런 행성들은 모두 탐험가들에게 ^orange;대격변^white; 효과를 일으켜 생명력을 크게 잃게 만듭니다. EPP 같은 적절한 보호 수단이 있어야 이 효과를 무력화할 수 있습니다."	lines
/codex/arcana_codex_guide/arcana_codex_mwhaddon_guide_4.codex.patch	/contentPages/3	"^#ec9858;Solarized^white;

^#ec9858;Solarized^white; is an orange forest planet of heat. ^#ec9858;Atumium ores^white; can be discovered there.
^orange;Giant shadow spires^white; can be spotted here, with a portal to a ^green;Solar Corridor^white; at their tops.
"	"^#ec9858;솔라라이즈드^white;

^#ec9858;솔라라이즈드^white;는 열기의 주황빛 숲 행성이다. 그곳에서는 ^#ec9858;아투미움 광석^white;을 발견할 수 있다.
여기서는 ^orange;거대한 그림자 첨탑^white;을 볼 수 있으며, 그 꼭대기에는 ^green;솔라 회랑^white;으로 통하는 포털이 있다."	lines
/codex/arcana_codex_guide/arcana_codex_mwhaddon_guide_4.codex.patch	/contentPages/4	"^#9ec450;Bamboo Forest^white;

^#9ec450;Bamboo Forest^white; is just as the name suggests, covered by green bamboos. Nothing special about it other than that.
Those ^orange;giant shadow spires^white; mentioned before can also be found here.
"	"^#9ec450;대나무 숲^white;

^#9ec450;대나무 숲^white;은 이름 그대로 푸른 대나무로 덮여 있다. 그것 말곤 특별할 게 없다.
앞서 언급된 ^orange;거대 그림자 첨탑^white;도 여기서 찾을 수 있다."	lines
/codex/arcana_codex_guide/arcana_codex_mwhaddon_guide_4.codex.patch	/contentPages/5	"^#e4c6ff;Eminsnow^white;

^#e4c6ff;Eminsnow^white; is a beautiful purple planet covered in soft snow. It's the origin of ^orange;Cerulean Roll^white;, a famous fruit snack.
^#e4c6ff;Luminarium Ores^white; are found exclusively in these planets.
"	"^#e4c6ff;에민스노우^white;

^#e4c6ff;에민스노우^white;는 부드러운 눈으로 덮인 아름다운 보라색 행성이다. 유명한 과일 간식 ^orange;세룰리안 롤^white;의 원산지다.
^#e4c6ff;루미나리움 광석^white;은 오직 이 행성들에서만 발견된다."	lines
/codex/arcana_codex_guide/arcana_codex_mwhaddon_guide_4.codex.patch	/contentPages/6	"Sometimes you may find a ^orange;ruined castle^white; on one of these planets. The castle is heavily eroded by ^orange;Erchius^white;. Rumors said that a ^cyan;terrible creature^white; had taken over that place.
"	가끔 이런 행성들 중 하나에서 ^orange;폐허가 된 성^white;을 발견할 수 있다. 그 성은 ^orange;에르키우스^white;에 심하게 침식되어 있다. 소문에 따르면 ^cyan;끔찍한 생물^white;이 그곳을 차지했다고 한다.	lines
/codex/arcana_codex_guide/arcana_codex_mwhaddon_guide_4.codex.patch	/contentPages/7	"^#f8bcc8;Senbonzakura^white;

^#f8bcc8;Senbonzakura^white; is a planet full of cherry blossom. The planet's name is a reference to a famous Hylotl song. Nothing special about it other than that.
A ^orange;shrine^white; guarded by Hylotl can be found in both ^#e4c6ff;Eminsnow^white; and ^#f8bcc8;Senbonzakura^white;, where you will find a portal to a ^green;Lunar Corridor^white;.
"	"^#f8bcc8;센본자쿠라^white;

^#f8bcc8;센본자쿠라^white;는 벚꽃으로 가득한 행성이다. 행성 이름은 유명한 하이로틀 노래를 참조한 것이다. 그 외에는 특별한 게 없다.
하이로틀이 지키는 ^orange;신사^white;가 ^#e4c6ff;에민스노우^white;와 ^#f8bcc8;센본자쿠라^white; 양쪽에서 찾아볼 수 있으며, 그곳에서 ^green;루나 회랑^white;으로 통하는 포털을 찾을 수 있다."	lines
/codex/arcana_codex_guide/arcana_codex_mwhaddon_guide_4.codex.patch	/contentPages/9	"^#84cede;Azure Sea^white;

The ^#84cede;Azure Seas^white; were residence for an ancient civilization, as many great palaces still stand under the sea. A portal to a ^green;Azure Corridor^white; can be found at the top of every palace.
"	"^#84cede;애저 해^white;

^#84cede;애저 해^white;는 고대 문명의 거주지였으며, 많은 거대한 궁전이 아직도 해저에 서 있다. 모든 궁전 꼭대기에서 ^green;애저 회랑^white;으로 가는 포털을 찾을 수 있다."	lines
/codex/arcana_codex_guide/arcana_codex_mwhaddon_guide_4.codex.patch	/contentPages/10	"The ^#fce691;Oceanite^white; native to these planets is still the most used building material for Arcanian. They even have managed to reproduce them only by using water, gold and iron.
"	이 행성들에 자생하는 ^#fce691;오셔나이트^white;는 여전히 아르카니안이 가장 많이 사용하는 건축 재료다. 그들은 심지어 물과 금, 철만으로 그것을 재현하는 데 성공하기까지 했다.	lines
/codex/arcana_codex_guide/arcana_codex_mwhaddon_guide_4.codex.patch	/contentPages/11	"^green;Celestial Corridor^white;

In short, ^green;Celestial Corridors^white; are distortions aroused by celestial elementals. Three types of ^green;Celestial Corridors^white; exist: ^green;Solar^white;, ^green;Lunar^white; and ^green;Azure^white;. Each differs in its risk level and respective essence can be harvested in these corridors.
"	"^green;천상 회랑^white;

간단히 말해, ^green;천상 회랑^white;은 천체 원소가 일으키는 뒤틀림이다. ^green;천상 회랑^white;에는 세 종류가 있다: ^green;태양^white;, ^green;달^white;, ^green;아주르^white;. 각각 위험도가 다르며 회랑에서 각기 다른 정수를 수확할 수 있다."	lines
/codex/arcana_codex_guide/arcana_codex_mwhaddon_guide_5.codex.patch	/contentPages/0	"^orange;Mirage stars^white; are one of the stars infused by what we Arcanian called 'Elements', with a pink spherical appearance. They are the last galaxy recommend to explore.
Mirage stars are commonly believed to be shaped by ^orange;Mirage Essence^white;, an essence so rare that some scholars still debate its existence today.
"	"^orange;미라지 별^white;은 우리 아르카니안이 '원소'라 부르는 것이 깃든 별 중 하나로, 분홍색 구형 외형을 띤다. 탐사에서 마지막으로 추천되는 은하다.
미라지 별은 보통 ^orange;미라지 정수^white;에 의해 형성됐다고 여겨지는데, 이 정수는 너무 희귀해서 오늘날에도 일부 학자들이 그 존재를 논쟁할 정도다."	lines
/codex/arcana_codex_guide/arcana_codex_mwhaddon_guide_5.codex.patch	/contentPages/1	"The stars feature five different kind of unique planets: ^#c38166;Amorous^white;, ^#c3483a;Vermilion^white;, ^#e951d3;Ruinous^white;, ^#dcd4b7;Empyrean^white; and ^#a50909;Red Terminus^white;.
Except ^#dcd4b7;Empyrean^white;, all of these planets will have ^orange;Cataclysm^white; on explorers, greatly lose their lives. Respective protection, such as EPP, is required to nullify the effect.
"	"우주에는 독특한 행성이 다섯 종류 있다. ^#c38166;아모러스^white;, ^#c3483a;버밀리언^white;, ^#e951d3;루이너스^white;, ^#dcd4b7;엠피리언^white;, ^#a50909;붉은 종말^white;이다.
^#dcd4b7;엠피리언^white;을 제외한 모든 행성에서는 탐험가가 ^orange;대재앙^white;의 영향을 받아 생명력이 크게 줄어든다. 이 효과를 막으려면 EPP 같은 적절한 보호 장비가 필요하다."	lines
/codex/arcana_codex_guide/arcana_codex_mwhaddon_guide_5.codex.patch	/contentPages/2	"^#c38166;Amorous^white;

^#c38166;Amorous^white; is a lush planet bathed in eternal sunset, rich in gems and other luxury resources. Many nobles have settled here for the planet's beautiful rivers and skies.
Nothing special's about these planets.
"	"^#c38166;아모러스^white;

^#c38166;아모러스^white;는 영원한 석양에 물든 풍요로운 행성으로, 보석과 사치 자원이 풍부하다. 많은 귀족들이 이 행성의 아름다운 강과 하늘 때문에 이곳에 정착했다.
이 행성들에 특별한 건 없다."	lines
/codex/arcana_codex_guide/arcana_codex_mwhaddon_guide_5.codex.patch	/contentPages/4	"^#e951d3;Ruinous^white;

Infected by the influence of World Horizon, ^#e951d3;Ruinous^white; is now engulfed with air of blight and catastrophe. The entire planet's surface has been encased in shadows, leaving the skies in eternal darkness. ^#d03ad7;Horizon Fleets^reset; have set up camps here to conduct research on ancient relics.
"	"^#e951d3;루이너스^white;

월드 호라이즌의 영향에 감염된 ^#e951d3;루이너스^white;는 이제 역병과 대재앙의 공기에 휩싸여 있다. 행성의 지표 전체가 그림자에 갇혀, 하늘은 영원한 어둠 속에 있다. ^#d03ad7;호라이즌 함대^reset;가 이곳에 야영지를 세우고 고대 유물 연구를 진행하고 있다."	lines
/codex/arcana_codex_guide/arcana_codex_mwhaddon_guide_5.codex.patch	/contentPages/5	"A magic ore can be found in the underground of ^#e951d3;Ruinous^white; named ^#ffa5fe;Super Star^white;. These magical minerals are light in mass and seem to work miraculously in curbing Ruinous water.
"	^#e951d3;루이너스^white;의 지하에서는 ^#ffa5fe;슈퍼 스타^white;라 불리는 마법 광석을 찾을 수 있다. 이 마법 광물은 질량이 가벼우며 루이너스의 물을 억제하는 데 기적적인 효과를 발휘하는 듯하다.	lines
/codex/arcana_codex_guide/arcana_codex_mwhaddon_guide_5.codex.patch	/contentPages/6	"^#dcd4b7;Empyrean^white;

^#dcd4b7;Empyrean^white; is covered by beautiful lakes and golden forests and treated by Giltens as their home. It's said that access to ^#dcd4b7;Empyrean^white; is strictly limited. 
"	"^#dcd4b7;엠피리언^white;

^#dcd4b7;엠피리언^white;은 아름다운 호수와 황금 숲으로 덮여 있으며, 길텐들이 고향으로 여기는 곳이다. ^#dcd4b7;엠피리언^white;의 출입은 엄격히 제한된다고 한다."	lines
/codex/arcana_codex_guide/arcana_codex_mwhaddon_guide_5.codex.patch	/contentPages/8	"^#a50909;Red Terminus^white;

^#a50909;Red Terminus^white; is a planet with shattered landscape resembling the end of the world. Few even dare to venture there, so we know very little about it till tody. 
"	"^#a50909;레드 터미너스^white;

^#a50909;레드 터미너스^white;는 세상의 종말을 닮은 산산조각 난 지형의 행성이다. 감히 그곳에 발을 들이는 자도 거의 없어, 오늘날까지도 그곳에 대해 아는 것이 거의 없다."	lines
/codex/arcana_codex_mission/arcana_codex_desertstart1.codex.patch	/contentPages/0	"
^blue;[---]^reset;: So... are you really going to just leave it here?

^#893EC5;[---]^reset;: Hey, I have to leave behind something! You know, for the next generation and whatnots.

^blue;[---]^reset;: And that's what you've picked? Out of everything?

^#893EC5;[---]^reset;: Oh c'mon. We have way more impressive stuff back at the ship.
"	"^blue;[---]^reset;: 그래서... 정말 그냥 여기 두고 갈 거야?

^#893EC5;[---]^reset;: 야, 뭔가는 남겨야지! 다음 세대를 위해서랄까 뭐랄까.

^blue;[---]^reset;: 그리고 하필 그걸 골랐어? 그 많은 것 중에?

^#893EC5;[---]^reset;: 아이 참. 함에는 훨씬 더 대단한 물건들이 있어."	lines
/codex/arcana_codex_mission/arcana_codex_desertstart1.codex.patch	/contentPages/1	"
^blue;[---]^reset;: Haaah.. there's a significance to its origin, you know?

^#893EC5;[---]^reset;: They'll be finnnnnne. It'll be good hands! They have to pass the trials and everything.

^blue;[---]^reset;: Sure, the definitely not very easy to pass trials.

^#893EC5;[---]^reset;: Hmm... Maybe I'll just add a few more spike strips and lasers...
"	"^blue;[---]^reset;: 하아아.. 기원에는 의미가 있는 거다, 알지?

^#893EC5;[---]^reset;: 괜찮~을 거야. 좋은 손에 들어갈 거라고! 시련도 통과해야 하고 뭐 그런 게 있으니까.

^blue;[---]^reset;: 그래, 전혀 쉽지 않은 시련을 통과해야 하지.

^#893EC5;[---]^reset;: 흠... 가시 스트립이랑 레이저를 좀 더 추가할까..."	lines
/codex/documents/agarans.codex.patch	/longContentPages/0	"아가란 종족의 기원은 오랫동안 논란이 되어 왔습니다. 현재 진행 중인 논쟁에는 여러 가지 요인이 작용하고 있지만, 아가란의 미스터리에 가장 큰 기여를 하는 것은 아가란이 우주를 통해 어떻게 흩어졌는가 하는 점입니다. 다른 것들은 배와 기술이 필요하지만 아가란은 포자 구름을 방출하고, 일부는 비정상적으로 탄력적인 구조로 인해 대기를 통과할 수 있습니다.

더욱 특이한 것은 이 포자를 조사하기조차 어렵다는 점입니다! 포자의 구조는 끊임없이 변화하기 때문에 상세한 분석이 느리게 진행됩니다. 하지만 지금까지 제시된 증거를 바탕으로 몇 가지 결론을 내릴 수 있었습니다.

- 모든 아가란은 질소가 부족한 대기에 매우 치명적인 영향을 받습니다. 그러한 장소에서는 결국 질식하게 되며, 이는 아가란이 내부와 외부 모두에서 수반되는 물집을 견뎌낼 수 있을 때에만 가능합니다.
- 아가란은 단순히 이해하기 어려운 것이 아니라, 소리를 내는 능력은 윙윙거리는 소리를 내는 빠른 진동에 의존합니다. 우리 번역가들은 이러한 음색 방출을 모방할 수 없습니다. 이것은 종을 상당히 이해하기 어렵게 만듭니다.
- 그들은 완전히 재배치 된 내부 장기 세트 (그리고 우리가 그 목적을 추측 할 수있는 일부 새로운 장기)를 가지고 있음에도 불구하고 유전 적 수준에서 플로란과 직접 연결되어 있습니다. 포자가 플로란에 영향을 미쳐 숙주의 몸을 유전적으로 변이시킨 것으로 추정됩니다.
- 아가란에서 방출되는 포자는 수 킬로미터 떨어진 곳에서 따뜻한 수분(특히 혈액)의 원천을 추적하고 바람을 이용해 목표물에 도달할 수 있습니다. 영리하지는 않지만, 이전에는 이런 종류의 유기체가 보여주지 않았던 행동입니다.

이 생물체가 방출하는 포자는 매우 치명적일 수 있으며, 이 포자에 의해 사망한 개체는 그 안에 기생충의 숙주가 됩니다. 이 기생충은 즉시 숙주의 중추 신경계를 '탈취'합니다. 이때 아가란 의식은 탄생합니다. 이 종의 무리를 발견한 탐험가들은 이런 이유로 멀리 떨어져 있으라고 조언합니다. 포자 구름에 의해 며칠 만에 식민지 전체가 몰살당했다는 이야기도 있습니다.



"	"아가란 종의 기원을 두고는 오랫동안 논쟁이 이어졌다. 논쟁에는 여러 요인이 얽혀 있지만, 가장 큰 수수께끼는 그들이 우주 전역으로 퍼지는 방식이다. 우리에게는 함선과 기술이 필요한 반면, 아가란은 그저 ^green;포자 구름을 방출^reset;하기만 하면 된다. 비정상적으로 튼튼한 포자 중 일부는 결국 대기를 통과해 목적지에 도달한다.

더 특이한 점은 이 포자를 살펴보는 것조차 몹시 어렵다는 사실이다! 포자의 구조가 끊임없이 변하기 때문에 상세 분석은 더디다. 그래도 지금까지 모은 증거로 몇 가지 결론을 내릴 수 있었다:

- 모든 아가란에게 질소가 없는 대기는 치명적이다. 그런 곳에서는 결국 질식하며, 그에 동반되는 안팎의 물집까지 견뎌 낸다고 해도 마찬가지다.
- 아가란은 이해하기 어려운 정도가 아니다. 그들이 소리를 내는 방식은 빠른 진동에 의존해 웅웅거리는 듯한 소리를 만든다. 우리 번역기는 이 음조를 흉내 낼 수 없다. 이 때문에 이 종은 말을 거의 알아들을 수 없다.
- 내부 장기들이 완전히 재배열되고 용도를 짐작할 수밖에 없는 새 장기들도 생겼지만, 유전적으로는 플로란과 직접 연결된다. 포자가 플로란에게 영향을 주어 숙주의 몸을 유전적으로 변이시켰다고 여겨진다.
- 아가란이 내보낸 포자는 수 킬로미터 떨어진 곳에서도 따뜻한 수분, 특히 피의 근원을 추적하고 바람을 타고 목표에 도달한다. 지성은 없지만 이런 종류의 생물에서 이전에 보지 못한 행동임은 분명하다.

이 생물이 내보내는 포자는 ^red;유난히^reset; 치명적일 수 있다. 포자로 죽은 이는 모두 내부의 기생충에게 숙주가 된다. 기생충은 곧바로 숙주의 중추신경계를 ‘장악’한다. 이때 아가란의 의식이 태어난다. 이 때문에 탐험가들은 이 종의 무리를 발견하면 멀리하기 바란다. 포자 구름 때문에 며칠 만에 정착지 전체가 궤멸했다는 이야기도 있다."	tags,lines
/codex/documents/bees/bees2.codex.patch	/longContentPages/0	"^orange;꿀벌과 함께 일하기^reset;


취미 또는 직업으로서 양봉에 관심이 있는 새내기 여러분, 환영합니다! 이 보람찬 라이프스타일은 가볍게 걸어갈 수 있는 것이 아닙니다. 양봉업에서 성공하려면 단순히 벌을 상자에 넣고 떠나는 것 이상의 노력이 필요합니다! 양봉을 할 때 염두에 두어야 할 사항이 많습니다. 여기서 주요 요점만 짚어드리니, 이제 진짜 중요한 일에 집중하세요!



^red;Note^reset;


벌은 우주선에서 생산하거나 짝짓기를 할 수 없습니다. 하지만 우주 정거장은 잘 작동합니다.


^orange;종^reset;


모든 꿀벌 종에는 양봉가에게 도움이 되거나 방해가 될 수 있는 고유한 장점과 함정이 있으며, 양봉가가 현명하고 충전의 건강을 주시한다면 결과적으로 높은 수익성을 가진 사업이 될 수 있습니다. 하지만 꿀벌을 최대한 활용하려면 기꺼이 실험을 해야 합니다.

여왕벌을 다른 종류의 드론과 짝짓기하여 종을 혼합하고 매칭하면 여왕벌의 자손의 효능을 크게 향상시킬 수 있습니다. 일부 꿀벌은 특정 환경, 시간대, 장소를 선호합니다. 다른 꿀벌을 싫어하는 꿀벌도 있으므로 양봉장에서 사육하는 꿀벌에 주의를 기울여야 할 수도 있습니다. 이를 염두에 두세요.

^orange;벌의 필요 사항^reset;


벌집이 둥지를 틀고 상품을 생산하기 위해 필요한 몇 가지 사항이 있습니다. 첫 번째이자 가장 확실한 것은 벌들이 서식할 양봉장입니다. 우선 작은 벌통부터 하나 만들어 보세요(가능하면 큰 벌통을 추천합니다!). 양봉장을 세팅했다면, 다음 단계이자 가장 중요한 단계는 벌을 찾는 것입니다. 우주의 야생을 돌아다니며 주위를 잘 살펴보세요. 곤충이 보이면 믿을 수 있는 방충망을 꺼내서 포획을 시작하세요. 운이 좋다면 여왕벌이나 드론을 발견할 수도 있습니다! 양봉장을 운영하려면 여왕벌과 드론이 모두 필요합니다!

다음으로는 꽃이 필요합니다. 꿀벌은 수분 매개자이기 때문에 식물을 찾아 꽃가루를 모은 다음 다른 식물로 이동하여 꽃가루를 퍼뜨려야 합니다. 식물(꽃은 대부분의 꿀벌이 가장 좋아하는 식물입니다)이 많을수록 벌통에서 더 많은 꽃가루를 생산할 수 있습니다. 어떤 종류의 꽃과 식물은 다른 종류의 벌보다 특정 품종의 벌에게 더 매력적입니다. 즉, 어떤 종류의 꿀벌을 최대한 활용하려면 약간의 시행착오가 필요할 수 있습니다. 대부분의 꿀벌은 매우 까다롭지 않기 때문에 꿀벌이 좋아하는 꽃이나 식물을 잘 모른다면 일반적으로 어떤 꽃이나 식물이라도 괜찮습니다.

양봉장, 여왕, 드론, 꽃을 갖추었다면 필요한 핵심 장비가 하나 더 있습니다. 벌통은 꿀벌이 생활하고 벌집을 지을 수 있는 플랫폼 역할을 하는 매우 유용한 장비입니다. 양봉가로서 우리는 창의적인 재료 활용을 통해 다양한 유형의 프레임을 제작할 수 있습니다. 좋은 프레임은 특히 꿀벌을 번식시키고 유전적 능력을 향상시킬 때 꿀벌의 품질에 큰 영향을 미칠 수 있습니다! 사용 가능한 다양한 유형의 프레임을 조사하고 벌통의 필요와 약점에 맞춰 생산량을 극대화하세요!

마지막으로, 벌통의 위치와 시간은 벌통에 큰 영향을 미칠 수 있습니다. 어떤 벌은 특정 환경을 싫어하는 반면(또는 그 환경에 의해 완전히 죽을 수도 있습니다!) 어떤 벌은 다른 환경에서 번성합니다. 양봉장이 번성할 수 있는 환경을 파악하는 것은 양봉장 관리자의 의무입니다. 낮에만 활동하는 꿀벌(주간형)과 밤에만 활동하는 꿀벌(야행성)이 있습니다. 소수의 꿀벌은 언제든지 활동할 수 있습니다.

마지막으로 염두에 두어야 할 것은 경쟁자입니다: 일부 꿀벌은 치열한 경쟁을 통해 특정 아종을 사냥하여 죽이기도 합니다. 이런 벌들은 라이벌이 있는 다른 벌통 근처에 있으면 절대 번성하지 못합니다. 그들은 서로를 죽일 뿐입니다.


^orange;현미경^reset;


현미경으로 확인하면 벌의 아종을 식별할 수 있으므로 번식 및 선택 과정에 도움이 되는 벌의 통계에 대한 지식을 얻을 수 있습니다. 현미경의 각 단계는 이전 단계보다 성능이 약간 더 뛰어납니다. 가장 좋은 현미경은 전자 현미경입니다.


^orange;꿀벌 번식 및 생산^reset;


양봉장의 첫 번째 슬롯에 여왕을 배치합니다. 여왕벌은 그곳으로 갑니다. 드론은 두 번째 슬롯에 놓습니다. 큰 양봉장에는 드론을 위한 슬롯이 두 개 있다는 점에 유의하세요. 이를 통해 두 마리의 *다른* 드론을 넣어 여왕벌 선택 과정에 유전적 변이를 추가할 수 있습니다. 왼쪽의 다른 슬롯은 프레임을 위한 슬롯입니다(대형 양봉장을 사용하는 경우 두 개). 이 슬롯이 가득 차면 그곳에 사는 꿀벌의 요구 사항이 충족되면 생산이 시작됩니다. 이러한 요구 사항이 충족되지 않으면 꿀벌은 짝짓기를 할 수 없게 됩니다. 따라서 필요한 모든 것을 추가했는데도 아무 일도 일어나지 않는다면 무슨 일이 일어나고 있는지 확인해야 합니다.

가장 먼저 확인해야 할 것은 다른 종류의 꿀벌이 똑같은 상황에서 생산하는지 확인하는 것입니다. 꿀벌은 잘 작동하는데 난초벌은 그렇지 않다면, 시간대나 생물군 또는 주변의 경쟁자 때문에 '고장난' 꿀벌이 번식하지 못하는 것일 수 있습니다. 요구 사항이 충족되면 꿀벌은 자원을 생산하기 시작할 것입니다! 이는 여러분의 존재 여부와 관계없이 시간이 지남에 따라 점진적으로 이루어집니다. 여러분이 월드 밖에 있을 경우, 양봉장은 여러분이 없는 동안 벌들이 수행했을 작업을 '시뮬레이션'하여 여러분이 돌아오면 이를 적용합니다. 하지만 이는 여왕벌의 나이이며, 주의를 기울이지 않으면 벌집을 죽일 수 있습니다. 여왕벌의 수명은 제한되어 있으며, 수명이 다하면 죽게 됩니다. 여왕벌이 죽으면 드론은 약 60초의 안전 시간을 가지며, 그 이후에는 여왕벌의 안내 없이 드론이 서서히 죽기 시작합니다. 이렇게 되면 벌통 전체가 무너질 수밖에 없습니다. 따라서 번식의 중요성이 분명해집니다.


벌을 번식시키려면 다음이 필요합니다: 여왕벌, 드론, 양봉장, 인내심이 필요합니다. 번식할 때 염두에 두어야 할 몇 가지 특징이 있습니다: 새로운 여왕벌과 드론을 프레임이 있는 빈 양봉장에 넣으면 여왕벌은 양봉장에 처음 추가된 드론과만 짝짓기를 합니다. 이것은 선택적 번식 과정입니다. 여왕벌은 드론과 짝짓기를 마치면 자신의 무리가 될 드론을 직접 생산하기 시작합니다. 기존 드론은 이제 열등한 개체이기 때문에 죽게 됩니다. 이 새로운 드론은 여왕의 게놈을 똑같이 모방하여 지속적으로 생산합니다. 때때로 여왕이 어린 여왕을 낳기도 합니다. 이것이 바로 여러분의 금광입니다. 어린 여왕벌을 현미경으로 스캔하여 번식을 위해 최고의 여왕벌을 보관하세요. 나머지는 꿀벌 피난처에서 판매하여 쉽게 수익을 올리세요.

새로운 세대의 꿀벌은 우수한 품종으로 돌연변이를 일으킬 기회가 있습니다. 돌연변이 가능성은 종, 생물군, 틀, 운에 의해 영향을 받습니다. 돌연변이가 발생하면 최소 한 가지 스탯에 무작위 보너스가 주어집니다. 이 보너스는 일반적으로 상당합니다. 선택적 번식을 통해 꿀벌을 새로운 세대에 전달할 수 있는 고도의 돌연변이 형태로 유도할 수 있습니다. 신중한 계획을 세우면 막대한 수익을 얻을 수 있습니다."	"^orange;벌과 함께 일하기^reset;


취미나 직업으로 양봉에 관심 있는 초심자 여러분, 환영합니다! 이 보람찬 생활 방식은 가볍게 걸을 길이 아니다. 이 업계에서 성공하려면 벌 몇 마리를 상자에 던져 넣고 떠나는 것 이상이 필요하다! 양봉할 때 명심할 것이 많다. 여기서 주요 요점을 다뤄보겠으니, 정말 중요한 일에 착수하길 바란다!



^red;참고^reset;


벌은 함선에서는 생산하거나 교미하지 않는다. 그러나 우주 정거장에서는 잘 작동한다.



^orange;종^reset;


모든 벌 종은 양봉가에게 도움이 되거나 방해가 되는 고유한 장점과 함정이 있으며, 양봉가가 영리하고 맡은 벌들의 안녕을 주시한다면 최종 결과는 수익성 높은 사업이 된다. 그러나 벌을 최대한 활용하려면 기꺼이 실험해야 한다.

여왕벌을 다른 종류의 수벌과 교미시켜 종을 섞고 맞추면 그 여왕벌의 후손의 능력을 크게 향상시킬 수 있다. 어떤 벌은 특정 환경, 시간대, 장소를 선호한다. 어떤 벌은 다른 벌 집안을 혐오하는데, 양봉장에서 무엇을 키우는지 주의해야 한다는 뜻이다. 그저 명심해두라.

^orange;벌의 필요^reset;


벌집이 둥지를 틀고 물품을 생산하는 데 필요한 것이 몇 가지 있다. 첫 번째로 가장 명백한 것은 벌들이 살 양봉장이다. 우선 하나를 만들어라(가능한 한 빨리 큰 크기를 추천한다!). 양봉장을 설치했으면 다음(그리고 가장 중요한) 단계는 벌을 찾는 것이다. 우주의 야생을 돌아다니며 잘 살펴라. 곤충이 보이면 믿음직한 곤충 채집망을 꺼내 포획을 시작하라. 운이 좋으면 여왕벌이나 수벌을 잡게 될 것이다! 양봉장을 돌리려면 여왕벌과 수벌 둘 다 필요하다!

다음으로 꽃이 필요하다. 벌은 수분 매개자로, 식물에서 꽃가루를 찾아 모은 뒤 이동해 다른 식물에 그 꽃가루를 퍼뜨린다. 식물이 많을수록(대부분의 벌이 꽃을 좋아한다) 벌집의 생산량이 늘어난다. 어떤 종류의 꽃과 식물은 특정 품종의 벌에게 더 매력적이다. 즉 어떤 벌 종에서든 최대 효율을 끌어내려면 시행착오가 필요할 수 있다. 대부분은 그리 까다롭지 않으니, 선호를 모르면 아무 꽃이나 식물이면 대체로 충분하다.

양봉장, 여왕벌, 수벌, 꽃을 갖췄으면 필요한 핵심 장비가 하나 더 있다. 프레임은 벌이 살고 벌집을 짓는 바닥과 주위의 발판 역할을 해 꽤 유용하다. 양봉가인 우리는 자원의 창의적 활용으로 다양한 프레임을 만들 수 있다. 좋은 프레임은 특히 벌을 교배하고 유전적 능력을 강화할 때 벌의 질에 큰 영향을 준다! 이용 가능한 여러 프레임 유형을 조사하고, 벌집의 필요와 약점에 맞춰 생산을 극대화하라!

마지막으로, 위치와 시간대가 벌집에 큰 영향을 줄 수 있다. 어떤 벌은 특정 환경을 혐오하거나(그로 인해 죽을 수도 있다!), 다른 환경에서는 번성한다. 양봉장이 번성할 환경을 배우는 것은 양봉가의 의무다. 어떤 벌은 낮에만 활동하고(주행성), 어떤 벌은 밤에만 활동한다(야행성). 아주 일부만 언제든 활동할 수 있다.

마지막으로 명심할 것은 경쟁자다: 어떤 벌은 특정 아종을 쫓아내 죽이는 치열한 경쟁을 벌인다. 이런 벌들은 경쟁자가 든 다른 벌집이 근처에 있으면 결코 번성하지 못한다. 서로 죽일 뿐이다.



^orange;현미경^reset;


현미경으로 확인하면 모든 벌의 아종을 식별할 수 있어, 교배와 선발 과정에 도움이 되는 벌의 능력치 정보를 얻을 수 있다. 현미경은 등급이 오를수록 이전 등급보다 조금씩 성능이 좋아진다. 이용 가능한 최고 유형은 전자 현미경이다.



^orange;벌 교배와 생산^reset;


여왕벌을 양봉장 첫 번째 슬롯에 놓아라. 그곳이 그녀의 자리다. 수벌은 두 번째 슬롯에 넣는다. 대형 양봉장에서는 수벌 슬롯이 두 개라는 점에 유의하라. *서로 다른* 수벌 두 마리를 넣어 여왕벌의 짝 선택 과정에 유전적 다양성을 더할 수 있다. 왼쪽 다른 슬롯은 프레임용이다(대형 양봉장 사용 시 두 개). 이 슬롯들이 채워지고 그곳에 사는 벌들의 필요가 충족되면, 벌들은 생산을 시작한다. 필요가 충족되지 않으면 벌들은 교미할 수 없다. 그러니 필요한 것을 모두 넣었는데 아무 일도 안 일어나면, 무엇이 문제인지 확인할 시간이다.

가장 먼저 확인할 것은 같은 상황에서 다른 벌 종이 생산하는지다. 꿀벌은 잘 되는데 난초 벌이 안 된다면, 시간대이거나 바이옴이거나 근처 경쟁자가 '고장 난' 벌의 번성을 막는 것일 수 있다. 필요가 충족되면 벌들이 자원 생산을 시작한다! 당신이 있든 없든 시간에 걸쳐 점진적으로 일어난다. 다른 세계에 나가 있으면 양봉장은 당신이 없는 동안 벌들이 했을 일을 '시뮬레이션'해 귀환 시 적용한다. 그러나 이것은 이점인 동시에 불이익인데, 같은 데이터가 여왕벌의 수명에도 적용되어 주의하지 않으면 벌집을 죽일 수 있다. 여왕벌은 수명이 제한돼 있어 그 시간이 끝나면 죽는다. 여왕벌이 죽으면 수벌들은 약 60초의 안전 시간이 지난 뒤 그녀의 지도 없이 서서히 죽기 시작한다. 이는 벌집 전체의 불가피한 붕괴로 이어진다. 그러므로 교배의 중요성이 분명해진다.



벌을 교배하려면 여왕벌, 수벌, 양봉장, 인내가 필요하다. 교배 시 명심할 특이사항이 몇 가지 있다: 새 여왕벌과 수벌을 프레임이 있는 빈 양봉장에 넣으면, 여왕벌은 양봉장에 넣은 *첫 번째* 수벌과만 교미한다. 이것이 선택 교배 과정이다. 수벌과 교미한 뒤 여왕벌은 자신의 혈통이 될 수벌 무리 생산을 시작한다. 이제 열등한 혈통이 된 기존 수벌은 죽는다. 이 새 수벌 무리는 여왕벌의 게놈을 동일하게 모방해 계속 생산된다. 때때로 여왕벌은 어린 여왕벌을 낳는다. 이것들이 말하자면 금광이다. 어린 여왕벌을 현미경으로 스캔하고, 최고 혈통을 교배용으로 남겨라. 나머지는 벌 피난처에 팔아 손쉬운 이익을 얻어라.

새로운 세대의 벌은 우수한 품종으로 돌연변이할 확률이 있다. 돌연변이 확률은 종, 바이옴, 프레임, 운에 영향을 받는다. 돌연변이가 일어나면 최소 하나의 스탯에 무작위 보너스가 붙는다. 이 보너스는 보통 상당하다. 선택 교배로 벌들을 새 세대에 계승 가능한 고돌연변이 형태로 이끌 수 있다. 신중한 계획으로 엄청난 이익으로 이어질 수 있다."	lines
/codex/documents/ffguide2.codex.patch	/longContentPages/0	"우주에는 탐험을 기다리는 여러 새로운 세계가 있습니다. 다음 몇 페이지에서 그 중 일부를 자세히 설명하겠습니다. 나열된 것보다 더 많은 세계가 있습니다.

생물군계는 다양한 유형의 별 주변에 나타날 수 있으며, 일부는 특정 항성유형에만 나타납니다. 예를 들어: ^orange;인퍼너스^reset; 주변에는 ^white;온화한 별^reset; 이 나타나지 않습니다. 

^blue;------------------------^reset;
^green;Star Types^reset;
^blue;------------------------^reset;
Gentle Star
Temperate
Radioactive
Frozen
Fiery
Binary
Red
Blue
Black
Dying

^blue; ------------------------^reset;
^green;늪지^white;
^blue;------------------------^reset;
조류, 진흙, 식물 생물이 풍부합니다. 비가 오는 날씨와 두꺼운 늪으로 무르익어 있습니다. 여행은 어려울 수 있지만, 잉여 조류는 유용하게 쓰일 것입니다.


^blue;------------------------^reset;
^green;열대우림^white;
^blue;------------------------^reset;
식물들로 가득한 열대우림은 일반 흙의 용량을 훨씬 뛰어넘는 풍부한 토양을 가지고 있습니다. 열대우림에는 수많은 벌을 비롯한 다양한 야생동물이 서식합니다.


^blue;------------------------^reset;
^green;결정질^white;
^blue;------------------------^reset;
(퍼플 크리스탈의 추출 덕분에) 실리콘과 ^yellow;루나리^reset; 결정체가 풍부하게 함유된 곳이기도 합니다. 하지만 크리스탈 비를 조심하세요.


^blue;------------------------^reset;
^green;젤라틴^white;
^blue;------------------------^reset;
유전자 물질에 좋습니다. 입안에서 뭉개지는 맛없는 젤라틴 수프를 정말 좋아하지 않는다면 양상추는 절대 먹지 마세요. 끈적끈적한 것이 필요하다면 이곳이 첫 번째 목적지입니다.


^blue;------------------------^reset;
^green;프로토 월드^white;
^blue;------------------------^reset;
이 기괴한 행성은 열악하지는 않지만 천연 생물학적 슬라임이 살을 녹일 수 있습니다. 게다가 슬라임 폭풍도 있죠. 그리고 정말 정말 이상한 식물도 있죠. 하지만 그곳은 매우 귀중한 프로토케이트를 얻을 수 있는 유일한 곳이에요. 꼭 필요하실 겁니다. 또한 대기에는 무조건적인 생명체에 부정적인 영향을 미치는 기괴한 박테리아가 포함되어 있습니다. 탐험할 때는 주의하세요.


^blue;------------------------^reset;
^green;얼음 황무지^white;
^blue;------------------------^reset;
얼음 황무지는 정말 무서울 정도로 차갑습니다. 물속에서 수영하지 않으면 더 빨리 얼어버릴 수 있습니다. 하지만 그곳에는 몇 가지 독특한 종류의 얼음이 있어 채굴할 때 도움이 됩니다. 게다가 귀중한 아이소젠 광석이 풍부하게 매장되어 있습니다.


^blue;------------------------^reset;
^green;황산^white;
^blue;------------------------^reset;
가장 혹독한 환경 중 하나라고 할 수 있습니다. 유황 세계에서는 매 순간이 치명적입니다. 치명적인 바람, 날아다니는 파편, 산소도 없죠. 멋지네요. 하지만 유황이 매우 풍부하죠. 하지만 여름 별장으로는 적합하지 않죠. 하지만 사람들은 계속 시도합니다...


^blue;------------------------^reset;
^green;반그림자^white;
^blue;------------------------^reset;
존재의 대부분을 칠흑같이 어두운 이 희귀 세계는 태양에 일종의 환경 보호막을 가지고 있습니다. 오존의 자연적인 선글라스 효과 때문인지도 모르죠. 어쨌든... 어둡고 으스스합니다.


^blue;------------------------^reset;
^green;황무지^white;
^blue;------------------------^reset;
한때 이 황량한 바위 위에 번화한 인구가 살았죠. 이제 그들의 폐허는 버려진 쓰레기처럼 표면을 뒤덮고 있습니다. 하지만 채굴할 수 있는 기술이 남아 있을 수 있으며, 예비 부품을 찾는다면 부족하지 않습니다.


^blue;------------------------^reset;
^green;극방사능^white;
^blue;------------------------^reset;
이 방사능 암석은 신기하게도 토착 생명체에 풍부하게 존재합니다. 물론 식용은 불가능하고 너무 많이 채취하고 싶지는 않겠지만요. 물론 방사능 자원이 엄청나게 많이 있습니다.


^blue;------------------------^reset;
^green;인퍼너스^white;
^blue;------------------------^reset;
많은 보호 장비 없이 이곳에 가는 건 추천하고 싶지 않네요. 그들의 표면은 친절하지 않습니다. 온갖 위험으로 가득하지만 파이라이트의 매력은 거부하기 어렵습니다.


^blue;------------------------^reset;
^green;얼어붙은 달^white;
^blue;------------------------^reset;
이 차가운 달은 기이하지만 전혀 위협적이지 않습니다. 그 표면에는 생명체가 살지 않습니다. 공기가 없기 때문이죠.


^blue;------------------------^reset;
^green;질소 바다^white;
^blue;------------------------^reset;
수영하기 좋은 곳 같지 않나요? 네, 정말 그렇지 않아요. 그래도 저기엔 편리한 액체가 있네요.


^blue;------------------------^reset;
^green;사이버-스피어^white;
^blue;------------------------^reset;
언젠가 누군가 우주에 이 엄청나게 거대한 구조물을 만들었죠. 이것이 어떻게 설계되었는지는 과학계에서 여전히 뜨거운 논쟁거리입니다.


^blue;------------------------^reset;
^green;원시림^white;
^blue;------------------------^reset;
큰 나무, 많은 야생동물, 풍부한 자연 자원이 있어 방문하기에 멋진 곳입니다. 일반적으로는 그리 위험하지 않지만, 이 거대한 숲에 무엇이 숨어 있을지 모르기 때문에 항상 조심해야 합니다. 공중에 10미터 이상 서 있는 거대한 파충류가 있다는 소문을 들었어요!


^blue;------------------------^reset;
^green;아트로퍼스^white;
^blue;------------------------^reset;
모든 것을 위반하는 아트로퍼스 행성은 살아도 죽어도 마찬가지입니다. 말 그대로 살로 이루어져 있으며, 일부는 심지어 지각이 있다고 믿기도 합니다. 그것이 어떻게 가능한지는 아직 밝혀지지 않았지만, 모든 면에서 부자연스럽다는 것은 의심할 여지가 없습니다.


^blue;------------------------^reset;
^green;산악^white;
^blue;------------------------^reset;
이름만 보면 알겠지만, 이 세계는 다소 울퉁불퉁하고 산이 많다는 것을 알려드리도록 지시받은 바가 있습니다. 자원이 풍부하며, 희귀한 제르세슘 광석을 포함하여 대부분의 생물계(황계 제외)보다 많은 금속을 보유하고 있습니다.


^blue;------------------------^reset;
^green;타이드워터^white;
^blue;------------------------^reset;
이 바다들은 일반적인 물 행성보다 훨씬 더 바위가 많고 불안정합니다. 일반적으로 열대 섬은 없지만, 바위가 많은 지형과 산호초를 좋아한다면 이곳을 좋아할 수도 있습니다. 타이드워터를 통해 탐험가들은 과학적 기적을 일으킬 수 있는 특이한 결절을 발견했습니다.


^blue;------------------------^reset;
^green;빛이 없는 ^white;
^blue;------------------------^reset;
이 특별한 세계는 고대이며 무언가가 태양이 표면에 닿지 못하게 막고 있습니다. 하지만 그곳에 유용한 것들이 있을지도 몰라요. 빛을 많이 가져와요!

^blue;--------------------------------------------------^reset;
^yellow;프랙킨 위키
^blue;--------------------------------------------------^reset;
위키의 도움이 필요하다면 ^cyan;공식 위키^reset; 여기:
^green;frackinuniverse.miraheze.org^reset;

^red;팬덤 위키를 사용하지 말아주세요. 끔찍하게 구식입니다."	"우주 곳곳에는 탐험을 기다리는 새로운 세계가 있다. 다음 몇 장에서는 그중 일부를 소개한다. 여기에 실린 것보다 훨씬 많다는 점을 기억하자.

생물군계는 여러 종류의 별 주위에 나타나며, 특정한 별에서만 발견되는 것도 있다. 예를 들어 ^orange;인퍼너스^reset;는 ^white;평화로운 항성^reset; 주위에서 절대 찾을 수 없다.

^blue;------------------------^reset;
^green;항성 종류^reset;
^blue;------------------------^reset;
평화로운 항성
온화한 항성
방사능 항성
얼어붙은 항성
불타는 항성
쌍성
붉은 항성
푸른 항성
검은 항성
죽어 가는 항성

^blue;------------------------^reset;
^green;늪지^white;
^blue;------------------------^reset;
조류와 진흙, 식물이 풍부하다. 비가 자주 내리고 늪이 빽빽하게 펼쳐진다. 이동하기는 어렵지만 넘쳐나는 조류는 유용하게 쓰일 것이다.


^blue;------------------------^reset;
^green;열대우림^white;
^blue;------------------------^reset;
식물이 무성한 열대우림의 토양은 보통 흙보다 훨씬 비옥하다. 꿀벌을 비롯해 온갖 야생동물이 산다.


^blue;------------------------^reset;
^green;결정질^white;
^blue;------------------------^reset;
보라색 결정을 추출할 수 있어 규소가 풍부하고 ^yellow;루나리^reset; 결정도 얻을 수 있다. 다만 결정 비를 조심하라.


^blue;------------------------^reset;
^green;젤라틴^white;
^blue;------------------------^reset;
유전 물질을 얻기에 좋다. 맛없는 젤라틴 수프가 입안에서 뭉개지는 감촉을 즐기는 게 아니라면 상추는 절대 먹지 말자. 끈적한 물질이 필요하다면 가장 먼저 찾을 곳이다.


^blue;------------------------^reset;
^green;프로토 월드^white;
^blue;------------------------^reset;
이 기묘한 행성은 살 수 없는 곳은 아니지만, 천연 생물 점액이 살을 녹일 수 있다. 점액 폭풍도 있고, 으, 식물도 정말 이상하다. 하지만 대단히 귀한 프로토사이트를 얻을 수 있는 유일한 곳이다. 언젠가 필요할 것이다. 대기에는 익숙하지 않은 생명체에 해로운 기묘한 세균도 있으니 탐험할 때 조심하라.


^blue;------------------------^reset;
^green;얼음 황무지^white;
^blue;------------------------^reset;
얼음 황무지는 무서울 만큼 춥다. 물에 들어가면 더 빨리 얼어붙으니 수영하지 말자. 이곳의 독특한 얼음은 추출하면 부가 물질을 얻을 수 있다. 귀중한 아이소젠 광석도 풍부하다.


^blue;------------------------^reset;
^green;유황^white;
^blue;------------------------^reset;
마주칠 수 있는 가장 가혹한 환경 가운데 하나다. 유황 행성에서는 매 순간이 치명적이다. 위험한 바람, 날아다니는 파편, 산소도 없다. 근사하지 않은가. 대신 유황은 엄청나게 풍부하다. 별장을 지을 곳은 아니다. 그런데도 사람들은 계속 시도한다...


^blue;------------------------^reset;
^green;반그림자^white;
^blue;------------------------^reset;
드문 이 세계는 대부분의 시간 동안 칠흑처럼 어둡다. 태양을 막는 환경 장벽이 있는 듯하다. 오존층의 천연 선글라스 효과 같은 것일지도 모른다. 어쨌든... 어둡고 으스스하다.


^blue;------------------------^reset;
^green;황무지^white;
^blue;------------------------^reset;
한때 북적이던 사람들이 이 황량한 바위 위에 살았다. 이제 폐허가 버려진 쓰레기처럼 지표를 뒤덮는다. 건질 만한 기술이 남아 있을 수 있고, 예비 부품을 찾는다면 부족할 일도 없다.


^blue;------------------------^reset;
^green;극방사능^white;
^blue;------------------------^reset;
이 방사능 바위 행성에는 이상하게도 토착 생물이 풍부하다. 물론 먹을 수는 없고, 너무 오래 머무는 것도 좋지 않다. 짐작했겠지만 방사성 자원이 잔뜩 있다.


^blue;------------------------^reset;
^green;인퍼너스^white;
^blue;------------------------^reset;
보호 장비를 잔뜩 갖추지 않았다면 가지 말자. 지표면은 살기에 몹시 부적합하다. 온갖 위험이 도사리지만 파이라이트 광석의 유혹은 떨치기 어렵다.


^blue;------------------------^reset;
^green;얼어붙은 달^white;
^blue;------------------------^reset;
이 추운 달은 소박하며 아주 위협적이지는 않다. 지표면에는 생물이 살지 않는다. 공기가 전혀 없기 때문이다.


^blue;------------------------^reset;
^green;질소 바다^white;
^blue;------------------------^reset;
수영하기 좋은 곳처럼 들리지 않는가? 그래, 전혀 아니다. 그래도 쓸 만한 액체가 있다.


^blue;------------------------^reset;
^green;사이버스피어^white;
^blue;------------------------^reset;
언젠가 누군가가 우주에 믿기 어려울 만큼 거대한 구조물을 세웠다. 어떻게 만들었는지는 과학계에서 여전히 치열한 논쟁거리다.


^blue;------------------------^reset;
^green;원시림^white;
^blue;------------------------^reset;
거대한 나무와 풍부한 야생동물, 넘쳐나는 천연자원 덕분에 방문하기 좋은 곳이다. 보통은 그리 위험하지 않지만 그래도 뒤를 조심하라... 이 거대한 숲에 무엇이 숨어 있을지는 모른다. 높이가 10미터를 넘는 거대한 파충류가 서 있다는 소문도 들었다!


^blue;------------------------^reset;
^green;아트로퍼스^white;
^blue;------------------------^reset;
아트로퍼스 행성은 모든 상식을 거스르며 살아 있으면서도 죽어 있다. 말 그대로 살점으로 이루어져 있고, 지성이 있다고 믿는 사람도 있다. 어떻게 존재할 수 있는지는 알 수 없지만, 모든 면에서 부자연스럽다는 것만은 확실하다.


^blue;------------------------^reset;
^green;산악지대^white;
^blue;------------------------^reset;
이름만 봐도 알겠지만, 이 세계가 상당히 울퉁불퉁하고 산이 많다는 사실을 알리라는 지시를 받았다. 자원이 풍부하며, 희귀한 제르세슘 광석을 비롯해 유황을 제외한 대부분의 생물군계보다 금속이 많다.


^blue;------------------------^reset;
^green;해안가^white;
^blue;------------------------^reset;

이 바다는 보통 해양 행성보다 바위가 훨씬 많고 불안정하다. 열대 섬은 대체로 없지만 바위 지형과 산호초를 좋아한다면 마음에 들 수 있다. 탐험가들은 해안가에서 과학적 기적을 일으킬 수 있는 특이한 결절을 발견했다.


^blue;------------------------^reset;
^green;빛 없는 세계^white;
^blue;------------------------^reset;
이 특이한 고대 세계에는 햇빛이 지표에 닿지 못하도록 막는 무언가가 있다. 그래도 유용한 물건이 있을지 모른다. 조명을 많이 챙겨라!

^blue;--------------------------------------------------^reset;
^yellow;프래킨 위키
^blue;--------------------------------------------------^reset;
위키의 도움이 필요하다면 이곳의 ^cyan;공식 위키^reset;를 이용하라:
^green;frackinuniverse.miraheze.org^reset;

^red;절대^reset; 팬덤 위키를 이용하지 말라. 내용이 심각하게 오래되었다."	tags,lines
/codex/documents/ffguide3.codex.patch	/longContentPages/0	"스타바운드에 일반적으로 존재하는 통계 외에도, FU는 자체적인 통계를 추가합니다. 이는 캐릭터 능력치 또는 무기 능력치 중 한 종류이거나, 둘 다 해당될 수도 있습니다!.

^green;카리스마^white; - FU 우주 정거장에서 쇼핑할 때 카리스마는 ^cyan;판매 및 구매^reset; 값에 영향을 주어 수익을 창출하는 데 도움이 됩니다. 카리스마가 높을수록 수익률이 높아집니다! 이는 당분간 우주 정거장 거래 및 관련 키오스크에만 적용된다는 점에 유의하세요. 특별히 카리스마가 33% 증가할 때마다 승무원 한 명을 추가로 필드에 데려올 수 있습니다. 카리스마에 페널티를 주면 반대 효과가 나타날 수 있으니 주의하세요!

^green;기절 확률^white; - 둔기 무기로 적을 치명타할 때마다 적을 기절시킬 확률이 높아집니다. 방패 공격에 성공했을 때도 마찬가지입니다. 이 능력치는 기절이 발생할 확률에 영향을 주며, 대거나 레이피어를 포함한 몇 가지 무기로도 유발할 수 있습니다.

^green;방패방어 확률^white; - 방패로 방패를 막으면 일정 확률로 방패방어를 할 수 있습니다. 이 능력치는 밀치기 성공 확률에 영향을 줍니다.

^green;방패 밀치기^white; - 방패가 적을 얼마나 멀리 밀치고, 성공 시 얼마나 많은 피해를 입히는지 나타냅니다.

^green;발사체 수^white; - 일반적으로 무기의 능력치 란에 대각선으로 정렬된 총알 3개 아이콘으로 표시되는, 한 번에 발사되는 발사체 수를 나타냅니다.

^green;버스트 횟수^white; - 무기에만 표시됩니다. 설명에 작은 총알 4개가 퍼져 있는 것으로 표시됩니다. 이 무기는 발사체를 순차적으로 발사합니다.

^green;

^green;기술 보너스^white; - 기술 보너스에는 다양한 유형이 있습니다. 해당되는 경우 나열됩니다. 이러한 보너스는 기술에 영향을 미칩니다. 예를 들어 '점프 기술 +25%'는 점프 관련 기술의 효율을 그 만큼 증가시킵니다.

^green;무기 숙련도^white; - 때때로 다양한 레벨에서 '무기 숙련도'를 부여하는 장비를 찾을 수 있습니다. 무기 숙련도는 특정 무기에 추가 혜택을 제공합니다.

^green;치명타 확률^white; - 무기로 치명타 공격에 성공할 확률입니다. 이 능력치는 자신과 무기 모두의 능력치일 수 있습니다. 이들은 합산됩니다.

^green;치명타 피해 보너스^white; - 치명타 공격에 적용되는 총 보너스(백분율).

^green;흡혈^white; - 일반 치유 수치의 영향을 받지 않는 치유 형태입니다. 이 치유량은 지속 시간(기본 10초)에 따라 나뉘며, +10% 거머리는 인스턴스당 10초 동안 초당 생명력의 최대 1%를 치유한다는 의미입니다.

^green;최대 흡혈^white; - 한 번에 받을 수 있는 최대 치유량으로, 거머리로부터 받을 수 있는 최대치입니다. 기본값은 10%이며, 모든 흡혈 객체는 초당 최대 HP의 10% 이상을 회복할 수 없습니다.

^#e43774;광기^white; - 현재 정신력을 나타냅니다. 수치가 높을수록 더 미쳤다는 뜻입니다. 광기로 인해 50종류 이상의 효과가 발생할 수 있지만, 모두 나쁜 효과를 나타내지는 않습니다. 광기는 ^#e43774;형이상학 연구 트리^reset;에서 사용할 수 있습니다. 



^blue;--------------------------------------------------^reset;
^yellow;프랙킨 위키
^blue;--------------------------------------------------^reset;
위키의 도움이 필요하다면, ^cyan;공식 위키^reset;를 참고하세요:
^green;frackinuniverse.miraheze.org^reset;

^red; 팬덤 위키를 사용하지 말아주세요. 끔찍하게 구식입니다."	"스타바운드에 원래 있던 스탯들 외에도, FU는 자체적으로 다수의 스탯을 추가합니다. 일부는 캐릭터 스탯일 수도, 일부는 무기 스탯일 수도 있습니다. 둘 다인 경우도 있죠! 나중에 쉽게 찾아볼 수 있도록 이 가이드에 상세히 정리되어 있습니다.

^green;카리스마^white; - FU 우주 정거장에서 쇼핑할 때, 카리스마는 ^cyan;판매 및 구매^reset; 가격에 영향을 미쳐 이익을 내는 데 도움을 줍니다. 높은 카리스마는 높은 수익률을 의미합니다! 이는 현재로서는 우주 정거장 거래와 관련 키오스크에만 적용된다는 점에 유의하세요. 특별히, 카리스마 33%마다 현장에 추가 승무원 한 명을 더 데려갈 수 있게 됩니다. 주의하세요, 카리스마 페널티는 정반대 효과를 낼 수 있습니다!

^green;기절 확률^white; - 둔기 무기를 사용하면, 타격마다 적을 기절시킬 확률이 있습니다. 방패 밀치기 성공 시에도 마찬가지입니다. 이 스탯은 이 기절이 발생할 확률에 영향을 줍니다. 단검, 레이피어 및 기타 몇몇 무기에서도 발생할 수 있습니다.

^green;방패 밀치기 확률^white; - 방패로 막을 때, 방패 밀치기를 할 확률이 있습니다. 이 스탯은 밀치기 성공 확률에 영향을 줍니다.

^green;방패 밀치기 넉백^white; - 방패 밀치기가 적을 얼마나 멀리 밀어내는지, 그리고 성공 시 얼마만큼의 피해를 입히는지를 결정합니다.

^green;투사체 수^white; - 보통 무기 스탯으로만 나타나며, 대부분의 총기 툴팁에서 대각선으로 배열된 총알 3개로 표시됩니다. 이는 한 번에 몇 개의 투사체가 발사되는지를 나타냅니다.

^green;버스트 수^white; - 무기에만 적용됩니다. 툴팁에서 작은 총알 4개가 펼쳐진 모양으로 표시됩니다. 이런 무기는 연속으로 투사체를 버스트 발사합니다.

^green;테크 보너스^white; - 다양한 종류의 테크 보너스가 있습니다. 해당되는 경우 표시됩니다. 이런 보너스는 테크에 영향을 줍니다. 예를 들어 '점프 테크 +25%'는 점프 관련 테크의 효율을 그만큼 증가시킵니다.

^green;무기 숙련^white; - 가끔 다양한 등급의 '무기 숙련'을 부여하는 장비를 발견할 수 있습니다. 무기 숙련은 특정 무기에 추가 이점을 제공합니다.

^green;치명타 확률^white; - 무기로 치명타 공격을 성공시킬 가능성입니다. 이는 캐릭터와 무기 양쪽 모두에 적용되는 스탯일 수 있다는 점에 유의하세요. 이 둘은 합산됩니다.

^green;치명타 피해 보너스^white; - 치명타 공격에 적용되는 총 보너스로, 백분율로 표시됩니다.

^green;흡혈^white; - 일반적인 치유 배율의 영향을 받지 않는 형태의 치유입니다. 이 치유는 지속시간(기본 10초)에 걸쳐 분산되어 적용됩니다. 흡혈 +10%는 발동당 10초 동안 초당 체력의 최대 1%까지 회복함을 의미합니다.

^green;최대 흡혈^white; - 흡혈로 한 번에 얻을 수 있는 최대 치유량입니다. 기본값은 10%이며, 모든 흡혈 발동을 합쳐도 초당 체력의 10% 이상은 회복할 수 없습니다.

^#e43774;광기^white; - 현재 정신 상태를 나타내는 수치입니다. 값이 높을수록 더 미쳐 있습니다. 광기로 인해 50가지가 넘는 효과가 발생할 수 있으며, 전부 나쁜 것만은 아닙니다. ^#e43774;형이상학 연구 트리^reset;에서 광기를 소비할 수 있습니다.



^blue;--------------------------------------------------^reset;
^yellow;프랙킨 위키
^blue;--------------------------------------------------^reset;
위키의 도움이 필요하다면, 여기 ^cyan;공식 위키^reset;를 이용하세요:
^green;frackinuniverse.miraheze.org^reset;

^red;팬덤 위키는^reset; 사용하지 마세요. 심각하게 오래된 정보입니다."	tags,lines
/codex/documents/ffguide6.codex.patch	/contentPages/0	이 코덱스를 읽으려면 ^orange;개인용 트라이코더^reset;를 사용한 다음, 책 아이콘을 클릭하세요.	이거 읽기 강화 코덱스 뷰어 사용. 트라이코더 접근.	tags
/codex/documents/ffguidebattle.codex.patch	/contentPages/0	이 코덱스를 읽으려면 ^orange;개인용 트라이코더^reset;를 사용한 다음, 책 아이콘을 클릭하세요.	트라이코더의 'FU' 섹션 코덱스 탭에서 보십시오.	tags
/codex/documents/ffguidepower.codex.patch	/contentPages/0	이 코덱스를 읽으려면 ^orange;개인용 트라이코더^reset;를 사용한 다음, 책 아이콘을 클릭하세요.	이거 읽기 강화 코덱스 뷰어 사용. 트라이코더 접근.	tags
/codex/documents/networkguide.codex.patch	/contentPages/20	"크레딧: 

 이 모든 난해한 암호를 풀게 해준 Kherae, 네트워크 가이드 원본을 작성한 HelloWorld123, 스팀바운드 리로디드의 TP, 선박 연결 컨테이너 링크 코드의 Cratesmith, 엔트로피를 역전시키는 방법을 알아내고 이 가이드를 작성해준 Terminal."	"크레딧:

  이 모든 비전(祕傳)스러운 잡동사니가 작동하게 해 준 Kherae.
  최초의 네트워크 안내서를 작성한 HelloWorld123.
  스팀바운드 리로디드의 TP.
  베슬바운드 컨테이너 링크 코드의 Cratesmith.
  엔트로피를 역전시키는 방법을 알아내고 이 안내서를 작성한 Terminal."	lines
/codex/documents/randombook15.codex.patch	/contentPages/3	정찰선으로 후퇴하는 것은 결코 조용한 일이 아니었습니다. 그들의 무기 시험 소리가 울려 퍼지고 공기를 흔들며 제 존재 자체를 흔들어 놓았기 때문입니다. 정글 오두막을 안전하게 벗어나 셔틀을 주차한 공터에 도착하고 나서야 제가 주차 장소를 선택한 것이 큰 실수였다는 것을 깨달았습니다. 제 개인 셔틀은 폭주하는 대포탄에 찌그러지고 단단히 박살 났고, 궤도 엔진은 거의 치명적일 정도로 여러 시스템이 손상되었습니다. 이 저주받은 행성을 탈출하는 동안 제 비칭 베티 유닛에서 발사체 경고음이 울려 퍼집니다. 하지만 제 우주선은 너무 손상되어서 가장 게으른 회피 외에는 아무것도 할 수 없었고, 저는 제 우주선이 충돌하지 않기를 소리 내어 기도합니다. 철판이 이미 매우 비싼 공 모양으로 구겨져 있었기 때문이죠.	"정찰선으로 후퇴하는 건 절대 조용한 일이 아니었다. 그들의 무기 시험 소리가 울려 퍼지며 대기를 뒤흔들고 내 온몸을 떨게 만들었다. 그들의 정글 오두막을 안전하게 시야에서 벗어나게 한 뒤, 셔틀을 세워둔 공터에 도착해서야 비로소 내 주차 장소 선택이 치명적인 실수였음이 분명해졌다. 내 개인 셔틀은, 통제 불능의 포탄에 맞아 움푹 패고 완전히 부서져 있었으며,
여러 시스템이 손상되었고, 궤도 엔진은 거의 치명적일 정도로 망가져 있었다. 이 저주받은 행성을 탈출하는 동안, 내 '비칭 베티' 유닛에서 발사체 경고음이 울려 퍼졌다. 하지만 내 셔틀은 너무 손상되어 가장 굼뜬 회피 기동조차 힘든 상태였고, 나는 내 배가 맞지 않기를 소리 내어 기도했다; 소모성 장갑판은 이미 아주 값비싼 고철 덩어리로 구겨져 있었다."	lines
/codex/documents/scienceoutpost_kevin.codex.patch	/contentPages/95	10월 31-1 - 케빈이 오늘 오후에 '할로윈' 파티를 계획했다고 주장했습니다. 작년이 유쾌하지 않았던 만큼 올해는 어떤 장난을 계획했는지 궁금합니다. 그는 다양한 파티 용품을 연구실로 가져왔고(이런 것들은 어디서 이런 양을 구할 수 있을까요?), 몇 톤에 달하는 호박도 가져왔어요. 그는 '호박 왕'이라고 주장하며 제 사무실에서 저를 바리케이드로 막았습니다.	10월 31일-1 - 케빈이 오늘 늦게 '핼러윈' 파티를 계획했다고 주장했다. 올해는 그가 무슨 장난을 계획했을지 보고 싶지 않다, 작년도 결코 유쾌하지 않았으니까. 그는 각종 파티 용품을 실험실로 들여왔고(대체 이런 걸 이렇게 많은 양으로 어디서 구하는 걸까?) 호박도 몇 ^red;톤^white;어치나 가져왔다. 그는 나를 사무실에서 못 들어가게 막아놓고, 자신을 '펌킨 킹'이라 자처하고 있다.	tags
/codex/documents/scienceoutpost_kevin.codex.patch	/contentPages/98	10월 31~4일 - 케빈에게 했던 칭찬을 취소합니다. 좀비 분장을 한 게 아니라 진짜 좀비였거든요. 약 10명의 과학자가 물린 후 언데드 괴물로 변했습니다. 케빈을 죽일 거야. 이 좀비들을 죽인 직후에. 이제 리볼버를 어디다 뒀지?	10월 31일-4 - 케빈에게 했던 칭찬을 전부 취소한다. 그건 좀비 의상을 입은 그가 아니라 ^red;진짜^white; 좀비였다. 과학자 열 명 정도가 물려서 언데드 괴물로 변했다. 케빈을 죽여버릴 거다. 이 좀비들을 죽인 다음 바로. 근데 내 리볼버를 어디다 뒀더라?	tags
/codex/documents/scienceoutpost_kevin.codex.patch	/contentPages/99	"^red;-- 오류: 버퍼 오버플로 --
나 이 항목을 보려면 더 긴 코덱스 페이지가 필요합니다!
^#666666;(이 페이지를 보려면 하이파이 코덱스를 사용하세요)"	"^red;-- 오류: 버퍼 오버플로 --

이 항목을 보려면 더 긴 코덱스 페이지가 필요합니다!
^#666666;(고충실도 코덱스로 이 페이지 보기)"	lines
/codex/documents/scienceoutpost_kevin.codex.patch	/contentPages/100	"^red;-- 오류: 버퍼 오버플로 --
나 이 항목을 보려면 더 긴 코덱스 페이지가 필요합니다!
^#666666;(이 페이지를 보려면 하이파이 코덱스를 사용하세요)"	"^red;-- 오류: 버퍼 오버플로 --

이 항목을 보려면 더 긴 코덱스 페이지가 필요합니다!
^#666666;(고충실도 코덱스로 이 페이지 보기)"	lines
/codex/documents/scienceoutpost_kevin.codex.patch	/contentPages/101	"^red;-- 오류: 버퍼 오버플로 --
나 이 항목을 보려면 더 긴 코덱스 페이지가 필요합니다!
^#666666;(이 페이지를 보려면 하이파이 코덱스를 사용하세요)"	"^red;-- 오류: 버퍼 오버플로 --

이 항목을 보려면 더 긴 코덱스 페이지가 필요합니다!
^#666666;(고충실도 코덱스로 이 페이지 보기)"	lines
/codex/documents/scienceoutpost_kevin.codex.patch	/longContentPages/2	"^EDB347;8월 4일^#FFFFFF; - 누군가 공기 시스템에 익소 알을 넣었습니다. 이제 약 900마리의 익소링이 부엌에서 난동을 부리고 있습니다. 케빈은 그들을 '진정시키기' 위해 분노 가루 4파운드를 추가했습니다. 4. 4파운드요 어디서 그렇게 많은 양의 1급 마약을 구한 거죠?!?!

^#EDB347;Aug 8^#FFFFFF; - 케빈의 또 다른 '뚱보' 농담. 그는 튜바 연주 소리를 녹음했어요. 제가 움직일 때마다 그는 재생을 누릅니다. 7월 16일부터 계속되고 있는데 더 이상 참을 수 없어요.

^#EDB347;Aug 12^#FFFFFF; - 다른 사람의 헤어 제품을 황산으로 대체하는 것이 어떻게 우스운 일인지 정말 모르겠어요. 내 피부가 면역력이 있는지 모르겠지만, 이제 대머리가 되어서 신생아 엉덩이처럼 생겼어요.

^#EDB347;Aug 22^#FFFFFF; - 드디어 톤을 낮춘 것 같아요...12일 이후로 아무것도 없어요.

^#EDB347;Aug 23^#FFFFFF; - 젠장. 내가 너무 빨리 말했어. 그는 우리 안에 있는 타조 알을 모두 랩터 알로 바꾼 것 같습니다. 그들은 부화하여 새끼들을 먹었습니다. 우리가 화를 냈을 때 그는 '알들이 외로워서. 알들에게 친구를 만들어줬어요'

^#EDB347;Aug 26^#FFFFFF; - 케빈은 아무도 랩터 근처에 못 오게 했어요. 그는 랩터들에게 작은 발레리나 투투를 입히고 그들을 '학생'이라고 부릅니다."	"^#EDB347;8월 4일^#FFFFFF; - 누군가 환기 시스템에 익소알을 넣었다. 지금 주방에는 익소링 약 900마리가 날뛰고 있다. '진정시킨다'며 케빈이 레이지 파우더를 4파운드나 넣었다. 4파운드. 그 정도 양의 1급 마약을 대체 어디서 구한 거지?!?!

^#EDB347;8월 8일^#FFFFFF; - 케빈이 또 '뚱보' 농담을 했다. 튜바 연주 소리를 녹음해놨다. 내가 움직일 때마다 재생 버튼을 누른다. 7월 16일부터 계속되고 있는데, 더는 못 참겠다.

^#EDB347;8월 12일^#FFFFFF; - 누군가의 헤어 제품을 물에 희석한 황산으로 바꿔놓는 게 어떻게 웃긴 건지 정말 모르겠다. 내 피부는 면역일지 몰라도, 이제 나는 대머리가 되어 갓난아기 엉덩이처럼 보인다.

^#EDB347;8월 22일^#FFFFFF; - 마침내 자중한 모양이다...12일 이후로 아무 일도 없었다.

^#EDB347;8월 23일^#FFFFFF; - 젠장. 성급했다. 그가 사육장의 타조알을 전부 랩터 알로 바꿔놓은 모양이다. 알들이 부화해 새끼들을 잡아먹었다. 우리가 화를 내자, 그는 '알들이 외로워했어. 친구를 만들어줬지'라고 설명했다.

^#EDB347;8월 26일^#FFFFFF; - 케빈이 아무도 랩터 근처에 못 가게 한다. 랩터들에게 전부 조그만 발레리나 튀튀를 입혀놓고 자기 '제자들'이라고 부른다."	tags
/codex/documents/scienceoutpost_kevin.codex.patch	/longContentPages/9	"^#EDB347;5월 15일^#FFFFFF; - 우리 무기 연구팀은 개조된 전동 칫솔로 데이터 뱅크를 파괴한 케빈의 비행을 금지시켜야 했습니다. 사실 조금 걱정되네요. 친구 맥레디가 폐기물로 떠난 이후로 좀 이상하게 행동했거든요...

^#EDB347;May 20^#FFFFFF; - 정상으로 돌아온 것 같네요. 오늘 아침에 일어났는데 케빈이 침대 가장자리에 앉아 제 발을 쓰다듬으며 강아지처럼 말을 걸어요. 깨어났을 때 케빈은 제가 초대받지 않았으니 발은 놔두고 나가라고 하더군요.

^#EDB347;5월 28일^#FFFFFF; - 역의 모든 예술 작품이 케빈의 그림으로 바뀌었고 그 밑에 굵은 글씨로 '립글로스'라고 적혀 있었어요. 도대체 이게 무슨 일인지 아무도 모릅니다.

^#EDB347;5월 30일^#FFFFFF; - 바닥을 포함한 역의 모든 물건이 립글로스로 코팅되어 있습니다. 어떻게 이런 일이 일어났는지 모르겠어요. 8시간밖에 안 지났는데요! 청소하는 것은 거의 불가능에 가깝습니다. 정말 개자식이네요."	"^#EDB347;5월 2일^#FFFFFF; - 우리 무기 연구팀은 케빈이 개조한 전동 칫솔로 데이터 뱅크를 파괴한 후 그를 자기네 부서에서 출입 금지시켰다.

^#EDB347;5월 15일^#FFFFFF; - 그가 한동안 싸가지 없는 짓을 멈췄다. 오히려 좀 걱정된다. 그의 친구 맥레디가 황무지로 떠난 이후로 조금 이상하게 굴고 있다...

^#EDB347;5월 20일^#FFFFFF; - 음, 그가 다시 정상으로 돌아온 것 같다. 오늘 케빈이 내 침대 가장자리에 앉아 내 발을 쓰다듬으며 마치 강아지에게 말하듯 발에게 말을 걸고 있는 채로 깨어났다. 내가 깨어나자, 그는 나는 초대받지 않았으니 가야 한다고, 하지만 발은 두고 가라고 말했다.

^#EDB347;5월 28일^#FFFFFF; - 정거장의 예술 작품 전부가 케빈 사진과 그 밑에 굵은 글씨로 '립글로스'라고 적힌 것으로 교체됐다. 대체 이게 무슨 의미인지 아무도 짐작조차 못 한다.

^#EDB347;5월 30일^#FFFFFF; - 정거장의 모든 물건이, 바닥까지 포함해서, 립글로스로 뒤덮여 있다. 이걸 어떻게 해냈는지 전혀 모르겠다. 우리는 겨우 8시간밖에 자리를 비우지 않았는데! 청소가 거의 불가능하다. 이 무슨 개자식인지."	tags,lines
/codex/documents/scienceoutpost_kevin.codex.patch	/longContentPages/13	"^#EDB347;11월 16일^#FFFFFF; - 오늘 새로운 방문자가 있었는데, '새로운'이란 '오늘까지 이 종족을 본 적이 없다'는 뜻입니다. 그는 자신의 종을 '스피릿 가디언', 줄여서 '스피릿'이라고 부른다고 합니다. 그의 종은 생물학적으로 남성과 여성이 있지만 출산에 필요한 기관이 없다는 점에서 생명과학팀에게 꽤 인기가 있었습니다. 그는 대신 '정령 나무'라는 거대한 나무에 의해 생성된다고 설명했습니다.

이 정보는 우리 팀원들에게 매우 흥미로웠고, 내일 전초기지로 돌아와서 테스트를 해보자고 했습니다. 제가 위반 일지에 이 이야기를 꺼낸 이유는 케빈이 처음 정령과 마주쳤을 때 회의실 출입구 앞을 자주 지나가는 것을 볼 수 있었기 때문입니다. 불길한 기운이 느껴졌어요. 무슨 생각인지 물어봐야겠군요.

^#EDB347;Nov 17^#FFFFFF; - 알고 보니 케빈은 단순히 오늘 계획했던 테스트에 참여하고 싶었던 것뿐이었어요. 우리는 유전자 샘플을 채취하고, 신체 비율과 질량을 측정하고, 기타 다양한 생리적 특성을 파악할 계획이었어요. 모든 것이 순조롭게 진행되었고, 감히 말하건대 케빈이 이 일을 해내는 데 '꽤 도움이 되었다'고 말할 수 있습니다. 그뿐만 아니라 저희 방문객도 케빈을 매우 편안하게 대했습니다. 저는 케빈의 노고에 감사 인사를 전할까 생각했지만, 그 전에 케빈이 '화장실에 가야 한다'는 이유로 연구실을 떠났어요. 어차피 마무리 작업 중이었기 때문에 케빈 없이도 작업을 마칠 수 있었으니 큰 문제는 아니었습니다. 알고 보니 케빈은 에어혼을 들고 출입구 뒤에서 기다리고 있었습니다. 유령이 방을 나가자 케빈이 경적을 울렸어요. 스피릿이 너무 겁을 먹은 나머지 벽을 발로 차서 자신을 밀어내려다 결국 철판에 상당한 크기의 흠집을 냈어요. 지금 생각해보면 에어혼보다 벽을 발로 차는 소리가 사람들을 더 놀라게 했던 것 같아요."	"^#EDB347;11월 16일^#FFFFFF; - 오늘 새로운 방문자가 왔는데, '새로운'이라는 건 '오늘까지 이 종족을 본 적이 없다'는 뜻이다. 자기 종족은 '스피릿 가디언', 줄여서 그냥 '스피릿'이라고 한다. 생물학적 수컷과 암컷이 있으면서도 번식에 필요한 기관이 없는 종족이라, 생명과학팀에게 꽤 인기가 있었다. 그는 대신 '스피릿 트리'라는 거대한 나무에 의해 만들어진다고 설명했다.

이 정보는 우리 팀원들에게 매우 흥미로웠기에, 그에게 내일 전초기지에 다시 와서 몇 가지 검사를 받아달라고 부탁했다. 이걸 위반 기록에 올리는 이유는, 스피릿과의 첫 만남 동안 케빈이 회의실 문 앞을 자꾸 오가는 걸 눈치채지 않을 수 없었기 때문이다. 뭔가 불길한 느낌이 들었다. 무슨 생각인지 물어봐야겠다.

^#EDB347;11월 17일^#FFFFFF; - 알고 보니 케빈은 그저 오늘 계획된 검사에 참여하는 데 관심이 있었던 것뿐이었다. 우리는 유전자 샘플을 채취하고, 신체 비율과 질량을 측정하고, 그 외 각종 생리학적 특성을 얻을 예정이었다. 평소 하던 것들이다.

모든 것이 순조롭게 진행됐고, 감히 말하건대 케빈은 이 일을 끝내는 데 오히려 *꽤 도움이 됐다*. 게다가 방문자도 그를 꽤 편하게 여기게 됐다. 잘 해준 것에 감사할까 생각하고 있었는데, 그러기도 전에 케빈은 '화장실에 가야 한다'며 실험실을 나갔다. 큰 문제는 아니었다, 어차피 마무리 단계였으니 그 없이도 일을 끝낼 수 있었다. 알고 보니, 케빈은 그저 문 뒤에서 에어혼을 들고 기다리고 있었다. 스피릿이 방을 나서자, 케빈이 경적을 울렸다. 스피릿은 너무 놀라 벽을 차고 몸을 날리다가 판금에 제법 큰 흠집을 냈다. 생각보면 에어혼보다 그가 벽을 차는 소리에 사람들이 더 놀란 것 같다."	lines
/codex/ees/EES_thankyou.codex.patch	/contentPages/1	"
I do really hope that you enjoyed ^orange;EE for Starbound^reset;.

If you did, please consider going back to the Steam Workshop page and:

1) Drop some ^orange;nice words^reset;.
2) Hit the ^orange;""Like""^reset; and ^orange;""Favorite""^reset; buttons.

That's all! Have a nice day!
- Alberto-Rota, author of EE for Starbound

"	"^orange;EE for Starbound^reset;를 즐기셨길 정말 바랍니다.

그러셨다면, 스팀 워크숍 페이지로 돌아가서 다음을 고려해주세요:

1) ^orange;좋은 말 한마디^reset; 남기기.
2) ^orange;""좋아요""^reset;와 ^orange;""즐겨찾기""^reset; 버튼 누르기.

그게 다예요! 좋은 하루 되세요!
- Alberto-Rota, EE for Starbound 제작자"	lines
/codex/elder/blackbook7.codex.patch	/contentPages/0	"혼돈을 나타내는 하이브-마인드를 불러내는 것.
 혼돈의 느낌을 불러내는 것.
 질서 없이.
 네즈퍼디언의 혼돈의 하이브-마인드. 잘고.
 벽 뒤에서 기다리는 자.
"	"혼돈을 대변하는 군집 의식을 불러내기 위해.
    혼돈의 느낌을 불러내며.
    질서 없이.
    혼돈의 네즈퍼드 군집 의식. 잘고.
    벽 뒤에서 기다리는 자."	lines
/codex/grimoire/amherbgrimoire1.codex.patch	/contentPages/4	"^#961C7F;Arcane Arts ^white; - Getting started with Herbology; ^#31BB15;Plants

^#FFFFFF;Aloe Vera:
Found in the Savannah Biome
Drops: Aloe Vera

Sage:
Found in the Enchanted Forest Biome
Drops: Sage Leaf

Angelica:
Found in Forest, Garden & Enchanted Forest Biome
Drop: Angelica Flower, Angelica Root
"	"^#961C7F;아케인 아츠 ^white; - 약초학 시작하기; ^#31BB15;식물

^#FFFFFF;알로에 베라:
사바나 바이옴에서 발견
드롭: 알로에 베라

세이지:
마법의 숲 바이옴에서 발견
드롭: 세이지 잎

안젤리카:
숲, 가든 & 마법의 숲 바이옴에서 발견
드롭: 안젤리카 꽃, 안젤리카 뿌리"	lines
/codex/grimoire/amherbgrimoire1.codex.patch	/contentPages/6	"^#961C7F;Arcane Arts ^white; - Getting started with Herbology; ^#31BB15;Plants

^#FFFFFF;Water Pearl Lily:
Found in the Oasis Biome
Drops: Water Pearl

Wisp Shroom:
Found in the Underground Mushroom Biome
Drops: Wisp Spore - Used as a Torch

Magic Wheat:
Found in Enchanted Forest Biome
Drop: Magic Wheat
"	"^#961C7F;아케인 아츠 ^white; - 약초학 시작하기; ^#31BB15;식물

^#FFFFFF;물진주 백합:
오아시스 바이옴에서 발견
드롭: 물진주

위습 버섯:
지하 버섯 바이옴에서 발견
드롭: 위습 포자 - 횃불로 사용

마법 밀:
마법의 숲 바이옴에서 발견
드롭: 마법 밀"	lines
/codex/human/broadcast.codex.patch	/contentPages/0	"^red;//URGENT^white;

Effective immediately, the Universal Space Corporate Military has been disbanded

All property is to be abandoned and/or liquidated, all contracts have been terminated.

This is our final directive.

May the force and influence of Humanity continue to expand.

"	"^red;//긴급^white;

즉시 발효함, 유니버설 스페이스 코퍼레이트 밀리터리는 해산됐다

모든 자산은 폐기 및/또는 청산되어야 하며, 모든 계약은 종료됐다.

이것이 우리의 최종 지령이다.

인류의 힘과 영향력이 계속 확장되기를."	lines
/codex/legacy_codex/fuapexplea.codex.patch	/contentPages/0	에이펙스 동지 여러분, 저항군은 여러분에게 의지하고 있습니다. 지금도 미니크녹는 우리의 비밀 기지로 내려오고 있습니다. 우주선을 조종할 수 있는 유일한 대원이 바로 당신이기 때문에 당신은 우리의 마지막 희망입니다.	"우리의 에이펙스 동지에게,
레지스탕스가 너를 믿고 있다. 지금 이 순간에도 미니크녹이 우리의 비밀 기지로 몰려오고 있다. 너는 우리의 마지막이자 최고의 희망이다 - 우리 소대에서 우주선을 몰 줄 아는 유일한 대원이라는 이유도 일부 있지만."	lines
/codex/legacy_codex/fubunkerlog1.codex.patch	/contentPages/0	"암호화되지 않은 양자 전송이 수신되었습니다: USCMCENTCOM EARTH
BEGIN MESSAGE:
ALL STATIONS. 지구가 집중 공격을 받고 있다. 명령은 신속히 대기하라. 행운을 빈다
종료 메시지"	"암호화되지 않은 양자 전송 수신
발신: USCM 중앙사령부 지구
메시지 시작:
전 기지. 지구가 맹렬한 공격을 받고 있다. 명령은 굳게 버텨내는 것. 행운을 빈다
메시지 종료"	lines
/codex/legacy_codex/fubunkerlog8.codex.patch	/contentPages/0	모든 스테이션 직원 여러분, 지구 시간으로 약 2200시에 본 스테이션은 현재 지구가 정체불명의 적으로부터 집중 공격을 받고 있다는 보안되지 않은 전송을 받았습니다.	"전 스테이션 인원에게 알린다:
지구 시각 약 2200시경, 본 스테이션은 U.S.C.M. 중앙 사령부로부터 지구가 현재 미확인 적으로부터 강력한 공격을 받고 있음을 알리는 비보안 전송을 수신했다."	lines
/codex/lofty_irisil/lofty_irisil_guide.codex.patch	/contentPages/8	"^yellow;PROJECT INFO (1/2)^reset;

Project Irisil has been a lot of fun!
If you have suggestions or feedback, share them on the mod's Steam Workshop page.

Project Started: 2023/05/28
Version ^green;1.0^reset; Released: 2023/06/01
Version ^green;1.1^reset; Released: 2023/06/07
Version ^green;1.2^reset; Released: 2023/06/12
Version ^green;1.3^reset; Released: 2023/06/18
Version ^green;1.4^reset; Released: 2023/06/23
Version ^green;1.5^reset; Released: 2025/04/13
Version ^green;1.6^reset; Released: 2026/01/28
"	"^yellow;프로젝트 정보 (1/2)^reset;

프로젝트 이리실은 정말 즐거웠다!
제안이나 피드백이 있다면 모드의 Steam Workshop 페이지에 공유해 달라.

프로젝트 시작: 2023/05/28
버전 ^green;1.0^reset; 출시: 2023/06/01
버전 ^green;1.1^reset; 출시: 2023/06/07
버전 ^green;1.2^reset; 출시: 2023/06/12
버전 ^green;1.3^reset; 출시: 2023/06/18
버전 ^green;1.4^reset; 출시: 2023/06/23
버전 ^green;1.5^reset; 출시: 2025/04/13
버전 ^green;1.6^reset; 출시: 2026/01/28"	lines
/codex/lofty_irisil/lofty_irisil_itemids.codex.patch	/contentPages/0	"^yellow;PROJECT IRISIL MOD IDS^reset;

Hello friend!

This guide contains IDs for most of the spawnable items, monsters, dungeons, and other assets added by the Project Irisil mod.

Some pages contain ^green;additional notes^reset; that I hope are helpful!

Cheers,
-^red;Lofty^reset;
"	"^yellow;프로젝트 이리실 모드 ID^reset;

안녕, 친구!

이 가이드에는 프로젝트 이리실 모드가 추가한 소환 가능한 아이템, 괴물, 던전, 기타 자산 대부분의 ID가 들어 있다.

일부 페이지에는 도움이 되길 바라는 ^green;추가 메모^reset;가 있다!

건배,
-^red;로프티^reset;"	lines
/codex/lustling/lustlingdiary.codex.patch	/contentPages/0	"






   Day 3 Without Sex"	                 섹스 없이 지낸 지 3일째	lines
/codex/lustling/lustlingdiary.codex.patch	/contentPages/2	"
   
   
   
   
   
   Day 1820 Without Sex
(masterbution is exempt,Im not a god)"	"                              섹스 없이 지낸 지 1820일째
(자위는 예외임, 난 신이 아니니까)"	lines
/codex/lustling/lustlinghistory1.codex.patch	/contentPages/0	"






         The Golden Garden of Lathasia"	                       라타시아의 황금 정원	lines
/codex/lustling/lustlinghistory2.codex.patch	/contentPages/0	"
  
  
  
  
  
  
          The Downfall of Lathasia."	                                    라타시아의 몰락.	lines
/codex/lustling/lustlinghistory3.codex.patch	/contentPages/0	"
  
  
  
  
  
  
          The Bargain with the Devil"	                                    악마와의 거래	lines
/codex/lustling/lustlinghistory4.codex.patch	/contentPages/0	"
  
  
  
  
  
  
           Dawn of the Lustling"	                                     러스틀링의 여명	lines
/codex/lustling/lustlinghistory5.codex.patch	/contentPages/0	"
  
  
  
  
  
  
          The Lustling Resettlement "	                                    러스틀링 재정착	lines
/codex/lustling/lustlinghistory6.codex.patch	/contentPages/0	"
  
  
  
  
  
  
          The Lustling of Today "	                                    오늘날의 러스틀링	lines
/codex/lustling/lustlingsorigins.codex.patch	/contentPages/0	"
   
   
   
   
   
   
             A Lustling Introduction"	                                             러스틀링 입문	lines
/codex/lustling/lustlingsxeno.codex.patch	/contentPages/0	"
   
   
   
   
   
   
                  Lustling Etiquette 
                      Chapter 1
            Greetings and Farewells"	"                                                  러스틀링 예절 
                      제1장
            인사와 작별"	lines
/codex/lustling/lustlingsxeno.codex.patch	/contentPages/6	"
   
   
   
   
   
   
               Lustling Etiquette 
                     Chapter 2
                 Fluids and You"	"                                               러스틀링 예절 
                     제2장
                 체액과 당신"	lines
/codex/lustling/lustlingsxeno.codex.patch	/contentPages/11	"
   
   
   
   
   
   
               Lustling Etiquette 
                     Chapter 3
                 The Casual Sex"	"                                               러스틀링 예절 
                     제3장
                 캐주얼 섹스"	lines
/codex/lustling/lustlingsxeno.codex.patch	/contentPages/15	"
   
   
   
   
   
   
               Lustling Etiquette 
                     Chapter 4
                 Honor the Queen"	"                                               러스틀링 예절 
                     제4장
                 여왕님을 공경하라"	lines
/codex/missions/extraalienjungle2.codex.patch	/contentPages/0	"부족의 지배자

유적은 파크리스에게 힘을 준다

파크리스는 힘을 준다

파크리스는 고기를 먹지 마라

다른 플로란을 멀리하라

강해지라."	"부족의 규칙쓰

폐허가 반짝이는 것 준다쓰

반짝이는 것 힘 준다쓰

반짝이는 것 먹어치워라쓰

고기쓰 멀리하라

다른 플로란 멀리하라

가장 강해져라쓰"	lines
/codex/missions/extrahighway.codex.patch	/contentPages/1	먼 미래의 도시에서 온 듯한 첨단 기술이 가득한 도시, 테크노 시티. 모두가 이 멋진 첨단 도시에서 살고 싶어 했지만, 바로 그때 도시의 지도자가 미쳐서 곳곳에 혼란을 일으키기 시작했어요. 리더는 강력한 생체 돌연변이와 강력한 기술 전사를 만들고, 강화된 인간 군대와 팀을 이루어 도시 전역에 혼란을 퍼뜨립니다.	"'테크노 시티. 먼 미래의 도시처럼 보일 만큼 첨단 기술로 가득한 도시. 모두가 이 경이로운 초첨단 도시에서 살고 싶어 했다.

'그러던 어느 날, 도시의 지도자가 미쳐 버려 곳곳을 파괴하기 시작했다. 그는 강력한 생체 돌연변이와 강력한 기술 전사들을 만들어 내고, 강화 인간 군대와 손잡아 도시 전체에 혼돈을 퍼뜨렸다."	lines
/codex/mwhaddon_codex_artifact/mwhaddon_codex_artifact_shadastrophe.codex.patch	/contentPages/5	"^green;Well, looks like I don't have the right to refuse?

^yellow;Of course you don't...ugh, it's time to say goodbye now?

^green;It seems so. Farewell then.

^yellow;Farewell, and come back alive.
"	"^green;흠, 거절할 권리도 없는 모양이네?

^yellow;물론 없지...윽, 이제 작별할 시간인가?

^green;그런 것 같아. 그럼 잘 가.

^yellow;잘 가, 살아서 돌아와."	lines
/codex/mwhaddon_codex_artifact/mwhaddon_codex_artifact_trayodhatava.codex.patch	/contentPages/0	"In the language of a civilisation long vanished, Trayo Dhātava meant 'the three worlds'. 
Since the very ancient times, countless monks have been travelling painstakingly through the vast ocean of the Celestial Tripolars, seeking only a mere instant's contact with the Cosmo. Nevertheless, none of them has ever succeeded, as none of them is really qualified in the so-called trinity.
"	"오래전 사라진 문명의 언어로, 트라요 다타바는 '세 세계'를 뜻했다. 
아주 먼 옛날부터, 셀 수 없이 많은 수도승들이 천상의 트라이폴라라는 광대한 바다를 힘겹게 여행하며, 오직 코스모와의 찰나의 접촉만을 구했다. 그러나 그 누구도 성공하지 못했으니, 이른바 삼위의 자격을 진정으로 갖춘 자가 아무도 없었기 때문이다."	lines
/codex/mwhaddon_codex_artifact/mwhaddon_codex_artifact_trayodhatava.codex.patch	/contentPages/1	"When THE threat of universe surged forth, some of them saw in themselves a more important path. With courage, patience and hope in their mind, they put all their life's learning, thinking and expertise into fusing the three essence into one in spite of the fact that this had never worked.

Luckily, they did it.
"	"우주의 위협이 밀려왔을 때, 그들 중 일부는 자신 안에서 더 중요한 길을 보았다. 용기와 인내, 그리고 희망을 품고, 이것이 성공한 적이 없다는 사실에도 불구하고, 자신의 평생의 배움과 사유와 전문성을 모두 쏟아 세 정수를 하나로 융합했다.

다행히도, 그들은 해냈다."	lines
/codex/mwhaddon_codex_artifact/mwhaddon_codex_artifact_trayodhatava.codex.patch	/contentPages/2	"In that very moment, the three world responded them, and the trinity connected. For the first time, the Cosmo cast its glance at these insignificant mortals. And here came the Trayo Dhātava, the three worlds of mortals, essence and the Cosmo, the first Magna this universe ever had.
"	바로 그 순간, 세 세계가 그들에게 응답했고, 삼위가 연결되었다. 처음으로, 코스모가 이 하찮은 필멸자들에게 시선을 던졌다. 그리고 여기, 트라요 다타바가, 필멸자와 정수와 코스모라는 세 세계가, 이 우주가 처음으로 가진 마그나가 나타났다.	lines
/codex/mwhaddon_codex_artifact/mwhaddon_codex_artifact_tsukitsune.codex.patch	/contentPages/0	"Stories of Lunar deities have been told in those Hylotl clans since ancient times. But few have ever really seen one of these gods. They believe the gods will talk to them if they manage to reach their absolute inner peace. Once they have reached a certain level of inner spirituality, the gods will resonate with them and imbue them with great power both physically and spiritually.
"	그 하이로틀 씨족들 사이에서는 아주 오래전부터 달의 신들에 대한 이야기가 전해져 왔다. 하지만 그 신들 중 하나를 실제로 본 이는 거의 없다. 그들은 완전한 내면의 평화에 도달하면 신들이 자신들에게 말을 걸어줄 것이라 믿는다. 어느 정도의 내적 영성 수준에 도달하면, 신들이 그들과 공명하여 육체적으로도 정신적으로도 커다란 힘을 불어넣어 줄 것이다.	lines
/codex/mwhaddon_codex_artifact/mwhaddon_codex_artifact_tsukitsune.codex.patch	/contentPages/1	"But there will always be those who would take such power in an unorthodox way. They tried various way to imbuse Lunar Essence into devastating arsenals, and as it should be, no one succeeded. Their impatience made them stop to try something else before long.
Yet there was still one apprentice, revamping the way of imbusing persistently. The time he spent was in no way shorter than that of those lunar samurais spent in practice.
"	"하지만 그런 힘을 비정통적인 방식으로 손에 넣으려는 이들은 언제나 있기 마련이다. 그들은 파괴적인 무기에 루나 에센스를 불어넣는 다양한 방법을 시도했고, 당연하게도 아무도 성공하지 못했다. 조급함 때문에 그들은 오래지 않아 다른 걸 시도하러 발길을 돌렸다.
그러나 여전히 끈질기게 주입 방식을 개량하는 견습생 한 명이 있었다. 그가 들인 시간은 저 달의 사무라이들이 수련에 쏟은 시간에 결코 뒤지지 않았다."	lines
/codex/mwhaddon_codex_artifact/mwhaddon_codex_artifact_tsukitsune.codex.patch	/contentPages/2	"Regardless of his intention, the lunar deities seemed to recognize him. On a full moon night when the exhausted boy was in his late sleep, the soft light poured onto one blastrifle of a dead flame monster. And then, came the Tsukitsune.
"	그의 의도와 상관없이, 달의 신들은 그를 알아본 듯했다. 보름달이 뜬 밤, 지친 소년이 늦은 잠에 빠져 있을 때, 부드러운 빛이 죽은 화염 괴물의 블래스터 소총 한 자루 위로 쏟아졌다. 그리고, 츠키츠네가 나타났다.	lines
/codex/mwhaddon_codex_boss/mwhaddon_codex_receipt_execration.codex.patch	/contentPages/0	"^yellow;Execration, Battle Machine of the Horizon^reset;

Designer : Minewithhim (MWH)
Programmer : Minewithhim (MWH)
Texture Designer : kumochan, Rusteel

Music : ^green;Boss Boss Boss^reset; from video game ^orange;Katana Zero^reset;
"	"^yellow;엑세크레이션, 호라이즌의 전투 기계^reset;

디자이너 : Minewithhim (MWH)
프로그래머 : Minewithhim (MWH)
텍스처 디자이너 : kumochan, Rusteel

음악 : 비디오 게임 ^orange;카타나 제로^reset;의 ^green;Boss Boss Boss^reset;"	lines
/codex/mwhaddon_codex_boss/mwhaddon_codex_receipt_execration.codex.patch	/contentPages/4	"Special thanks to ^#7f2dcf;Void Eye Gaming^reset;, who helped me in optimizing Execration's projectile logic!
"	^#7f2dcf;Void Eye Gaming^reset;에게 특별히 감사드립니다, 이그제크레이션의 투사체 로직을 최적화하는 데 도움을 주셨어요!	lines
/codex/mwhaddon_codex_misc/mwhaddon_codex_AOintro.codex.patch	/contentPages/0	"^green;Welcome to Astral Observatory, traveller! ^reset;

Astral Observatory is a comprehensive service station founded by Arcanian stargazers of the Great Library and open to all interstellar travellers located in a comfortable oasis near the Khnemnn Island on the Azure Desert of Sirius II. 
"	"^green;아스트랄 천문대에 온 것을 환영한다, 여행자여! ^reset;

아스트랄 천문대는 대도서관의 아르카니안 별관측자들이 세운 종합 서비스 스테이션으로, 시리우스 II의 아주르 사막에 있는 크넴 섬 근처의 아늑한 오아시스에서 모든 성간 여행자에게 열려 있다."	lines
/codex/mwhaddon_codex_misc/mwhaddon_codex_AOintro.codex.patch	/contentPages/1	"In Astral Observatory you can experience the local Arcanian customs and culture, have your ship repaired in our repair dock, or enjoy a drink from the famous Atlantis Bar.

The Archivist there is in charge of all the work in Astral Observatory, but they do take time to welcome every traveller who has the wish to pay a visit as well.
"	"아스트랄 천문대에서는 현지 아르카니안의 관습과 문화를 체험하거나, 저희 정비 도크에서 함선을 수리하거나, 유명한 아틀란티스 바에서 음료를 즐길 수 있습니다.

그곳의 기록관이 아스트랄 천문대의 모든 업무를 총괄하지만, 방문을 원하는 모든 여행자를 환영하는 데도 시간을 할애합니다."	lines
/codex/mwhaddon_codex_misc/mwhaddon_codex_atlantisFlyer.codex.patch	/contentPages/0	"Greetings, Atlantis' loyal customers. Good news for you! Atlantis has launched a new Premium Pass mechanism!

After you subscribe our Premium Pass. All of our chain stores will offer you a whole new range of drinks, including Abyssal Reef and Beast Slaughter! And you will receive notification when we are promoting!
"	"안녕하세요, 아틀란티스의 충성스러운 고객 여러분. 좋은 소식이 있어요! 아틀란티스가 새로운 프리미엄 패스 제도를 출시했습니다!

프리미엄 패스를 구독하시면, 저희 모든 체인점에서 어비설 리프와 비스트 슬로터를 포함한 완전히 새로운 음료 라인업을 즐기실 수 있어요! 그리고 프로모션이 있을 때 알림을 받으실 수 있습니다!"	lines
/codex/mwhaddon_codex_misc/mwhaddon_codex_atlantisFlyer.codex.patch	/contentPages/1	"^yellow;How to subscribe Premium Pass?^white;

The mechanism is still in testing, so only a few customers can enjoy the service at the begining. For now, we only accept new Premium Pass subscribers invited by another Premium Pass subscriber. But as the mechanism progresses, we will relax the restriction and open it to everyone! 
"	"^yellow;프리미엄 패스 구독 방법?^white;

이 시스템은 아직 테스트 중이라 처음엔 소수의 고객만 서비스를 이용할 수 있다. 현재는 다른 프리미엄 패스 가입자의 초대를 받은 신규 프리미엄 패스 가입자만 받고 있다. 하지만 시스템이 발전하면 제한을 완화해 모두에게 개방할 것이다!"	lines
/codex/mwhaddon_codex_mission/mwhaddon_codex_horizonMission/mwhaddon_codex_horizonMission_1.codex.patch	/contentPages/0	"Finally, made it in port. That's a lot more exhausting than I thought.
The next freighter is hours away, I've got plenty of time. Maybe I can take a rest here before having dinner. The recuperation room here are said to have excellent environmental conditions.
"	"드디어 항구에 도착했다. 생각보다 훨씬 더 피곤한 여정이었다.
다음 화물선까지는 몇 시간 남았고, 시간은 충분하다. 저녁 먹기 전에 여기서 좀 쉬어야겠다. 여기 요양실은 환경 조건이 훌륭하다고 들었다."	lines
/codex/mwhaddon_codex_mission/mwhaddon_codex_horizonMission/mwhaddon_codex_horizonMission_3.codex.patch	/contentPages/0	"Base number: ^yellow;PEAE066^reset;
Planet ref: ^yellow;#BSA-T4357^reset;

Report ref: ^yellow;PEAE066-W04D02-R01^reset;
Progression: ^green;On schedule^reset;
"	"기지 번호: ^yellow;PEAE066^reset;
행성 참조: ^yellow;#BSA-T4357^reset;

보고서 참조: ^yellow;PEAE066-W04D02-R01^reset;
진행 상황: ^green;예정대로 진행 중^reset;"	lines
/codex/mwhaddon_codex_mission/mwhaddon_codex_horizonMission/mwhaddon_codex_horizonMission_3.codex.patch	/contentPages/1	"It's been exactly 30 days since we found this Ancient ruin on this planet and set up base over it. Excavation progress, as always, is the same as planned.
If all goes well, we'll be able to complete all the excavation work within the planned timeframe.
"	"이 행성에서 고대인 유적을 발견하고 그 위에 기지를 세운 지 정확히 30일이 지났다. 발굴 진행 상황은 언제나처럼 계획대로다.
모든 게 순조롭다면, 계획된 기간 내에 발굴 작업을 전부 마칠 수 있을 것이다."	lines
/codex/nightar/funightarhistory5.codex.patch	/contentPages/0	"불 주위로 모여라

이야기를 들려줄게

그녀가 권력을 잡은 날

우리의 삶은 영원히 바뀌었네

이런 어둠은 전에 본 적이 없네

고통의 끝은 없네

강대한 여왕을 찬양하라

그녀에게 숨을 곳은 없네

모든 것을 보네

철권으로 지배한다

너희는 그녀가 여왕이라는 걸 알아라


그녀는 네 심장을 먹어치울 것이다


그녀의 눈으로 널 녹일 수 있고

그녀의 손가락에서 타오르는 액체 불을 뱉어낼 것이다

말 한마디 없이 너는 그녀의 주문에 걸려 맨손으로 몸을 찢을 것이다

 그녀의 종소리에 행진하는 동안
 
 
."	"불가에 모여라

이야기 하나 들려주마

그녀가 권력을 잡은 날

우리 삶은 영원히 바뀌었지


이런 어둠은 전에도 본 적 없었어

고통은 끝나지 않아

우리의 위대한 여왕 만세


그녀에게서 숨을 수는 없어

그녀는 모든 것을 보지

철권으로 다스려

그녀가 여족장인 걸 알잖아


그녀는 네 심장을 먹을 거야


들었는데

그녀는 눈빛으로 널 녹일 수 있대

그리고 손가락에서는 타오르는 액체 불을 뿜어내지


말 한마디 없이 넌 그녀의 마법에 걸려

맨손으로 스스로를 찢어발기고

그녀의 종소리에 맞춰 행진하게 될 거야"	lines
/codex/nightar/funightarhistory5.codex.patch	/contentPages/1	"위로 올라갈 수 없네

그녀는 모든 것을 익사시키네

자유는 존재하지 않네

그대들은 저항할 수 없네

그대들은 멀리 가지 못하네

그녀는 악몽을 현실로 가져와

더럽고 비틀린 종류

그리고 네가 죽겠다고 빌면

그녀는 영광을 누린다."	"벗어날 길은 없어

그녀는 모든 것을 익사시키고

자유란 존재하지 않아

저항할 수 없어


여족장이여


넌 멀리 가지 못해


아, 그녀는 악몽에 생명을 불어넣어

가장 추악하고 뒤틀린 것들에게

네가 죽게 해 달라고 빌면

그녀는 그것을 영광으로 여기지"	lines
/codex/other/PBcollectorschecklistcommunity.codex.patch	/contentPages/1	"

^green;Community Edition 2 Popball:^white;
- Deadbeat Bruiser Plushie
- Deadbeat Merchant Plushie
- Divergent Lad Plushie
- Doomguy Plushie
- Fatal CirCuitie Plushie
- Fiberweaver Plushie
- Fortunata Persavqui Plushie
- Friendship Square Plushie
- Ganransu Plushie
- Pyrokinetic Plushie"	"^green;커뮤니티 에디션 2 팝볼:^white;
- - 데드비트 브루저 인형
- - 데드비트 상인 인형
- - 다이버전트 래드 인형
- - 둠가이 인형
- - 페이탈 서큐티 인형
- - 파이버위버 인형
- - 포르투나타 페르사브퀴 인형
- - 우정 광장 인형
- - 간란수 인형
- - 사이로키네틱 인형"	lines
/codex/other/PBcollectorschecklistcommunity.codex.patch	/contentPages/6	"

^green;Community Edition 7 Popball:^white;
- Uncle Bob Plushie
- Void Whisper Plushie
- Warden Plushie
- Webby Plushie
- Wisper Plushie
- Yukai Kabuto Plushie"	"^green;커뮤니티 에디션 7 팝볼:^white;
- - 밥 삼촌 인형
- - 공허의 속삭임 인형
- - 워든 인형
- - 웨비 인형
- - 위스퍼 인형
- - 유카이 카부토 인형"	lines
/codex/other/PBcollectorschecklistcommunity2.codex.patch	/contentPages/5	"

^green;Community Edition 2-6 Popball:^white;
- Hewlett Deckard Plushie
- Huggy Plushie
- Hughie Dullahan Plushie
- Ineffable Angel Plushie
- Ineffable Demon Plushie
- InkWarrior Plushie
- Ishmael Plushie
- Izanagi-no-Okami Plushie
- Jack Frost Plushie
- Jarvis Plushie"	"^green;커뮤니티 에디션 2-6 팝볼:^white;
- - 휴렛 데카드 인형
- - 허기 인형
- - 휴기 둘라한 인형
- - 형언 불가 천사 인형
- - 형언 불가 악마 인형
- - 잉크워리어 인형
- - 이시마엘 인형
- - 이자나기노오카미 인형
- - 잭 프로스트 인형
- - 자비스 인형"	lines
/codex/other/PBcollectorschecklistcommunity2.codex.patch	/contentPages/7	"

^green;Community Edition 2-8 Popball:^white;
- Leonid Plushie
- Lexi the Orca Plushie
- Lief Plushie
- Lucy Plushie
- Lytra Plushie
- Maggot Boy Plushie
- Manager Mule Plushie
- Mawtrap Plushie
- Mercia Plushie
- Mercival Plushie"	"^green;커뮤니티 에디션 2-8 팝볼:^white;
- - 레오니드 인형
- - 범고래 렉시 인형
- - 리프 인형
- - 루시 인형
- - 리트라 인형
- - 구더기 소년 인형
- - 관리자 노새 인형
- - 모트랩 인형
- - 머시아 인형
- - 머시발 인형"	lines
/codex/other/PBcollectorschecklistcommunity2.codex.patch	/contentPages/13	"

^green;Community Edition 2-14 Popball:^white;
- Stimer Games Plushie
- Tea Mug Plushie
- Tenri Plushie
- Thornwing Plushie
- Throg Oinkicer Plushie
- Throg Plushie
- Tors Plushie
- Travelling Merchant Plushie
- Undead Knight Plushie
- Uumie Plushie"	"^green;커뮤니티 에디션 2-14 팝볼:^white;
- - 스티머 게임즈 인형
- - 찻잔 인형
- - 텐리 인형
- - 쏜윙 인형
- - 스로그 오잉키서 인형
- - 스로그 인형
- - 토르스 인형
- - 떠돌이 상인 인형
- - 언데드 기사 인형
- - 우미 인형"	lines
/codex/other/PBcollectorschecklistcommunity2.codex.patch	/contentPages/17	"

^green;Community Edition 2-3 Pack:^white;
- Echelon Logo Sticker
- FICSIT Sticker
- GMC Logo Sticker
- Gnome Sticker
- Hiraki Sticker
- Hummingbird Sticker
- NexTech Logo Sticker"	"^green;커뮤니티 에디션 2-3 팩:^white;
- - 에셜론 로고 스티커
- - FICSIT 스티커
- - GMC 로고 스티커
- - 노움 스티커
- - 히라키 스티커
- - 벌새 스티커
- - 넥스테크 로고 스티커"	lines
/codex/other/PBcollectorschecklistcommunity2.codex.patch	/contentPages/19	"

^green;Community Edition 2-5 Pack:^white;
- Ruined Landscape Sticker
- Scorching Sticker
- Spookit Sticker
- Starcleaver Sticker
- Sword and Shield Sticker
- Thundersnow Sticker
- Void Sticker"	"^green;커뮤니티 에디션 2-5 팩:^white;
- - 루인드 풍경 스티커
- - 작열 스티커
- - 스푸키트 스티커
- - 스타클리버 스티커
- - 검과 방패 스티커
- - 뇌설 스티커
- - 공허 스티커"	lines
/codex/other/PBcollectorschecklistcommunity3.codex.patch	/contentPages/1	"

^green;Community Edition 3-2 Popball:^white;
- Dokutah Plushie
- Electric Sheep Plushie
- Fair Bear Plushie
- Fair Turtle Plushie
- Farrish Herald Plushie
- Finned Raptor Plushie
- Forest Keeper Plushie
- Gamemaster Plushie
- GESTALT Class Plushie
- Gnome Plushie"	"^green;커뮤니티 에디션 3-2 팝볼:^white;
- - 도쿠타 인형
- - 전기 양 인형
- - 페어 베어 인형
- - 페어 터틀 인형
- - 패리시 전령 인형
- - 지느러미 랩터 인형
- - 숲의 파수꾼 인형
- - 게임마스터 인형
- - GESTALT 클래스 인형
- - 노움 인형"	lines
/codex/other/PBcollectorschecklistcommunity3.codex.patch	/contentPages/3	"

^green;Community Edition 3-4 Popball:^white;
- Iva Hellock Plushie
- Jane Doe Plushie
- Juggernaut Plushie
- Kitsune Plushie
- Knightframe Plushie
- Kytiee Plushie
- Life-Sized Pyromancer Plushie
- Lil Hero Plushie
- LOADER-4 Plushie"	"^green;커뮤니티 에디션 3-4 팝볼:^white;
- - 이바 헬록 인형
- - 제인 도 인형
- - 거신 인형
- - 키츠네 인형
- - 나이트프레임 인형
- - 카이티 인형
- - 등신대 화염술사 인형
- - 릴 히어로 인형
- - LOADER-4 인형"	lines
/codex/other/PBcollectorschecklistcommunity3.codex.patch	/contentPages/9	"

^green;Community Edition 3-2 Pack:^white;
- Requiem Sticker
- Shattered Sticker
- Starset Sticker
- The Ruin Sticker
- UAC Chainsaw Massacre Sticker
- UPDF Rifle Sticker
- UPDF Soldier Sticker
- UPDF Sticker
- Violet Moon Sticker"	"^green;커뮤니티 에디션 3-2 팩:^white;
- - 레퀴엠 스티커
- - 산산조각 스티커
- - 스타셋 스티커
- - 루인 스티커
- - UAC 전기톱 학살 스티커
- - UPDF 소총 스티커
- - UPDF 병사 스티커
- - UPDF 스티커
- - 보라색 달 스티커"	lines
/codex/other/aphroditesretreat.codex.patch	/contentPages/1	"
Firstly, you'll need to help ^orange;Aphrodite's Handmaiden^reset; to summon ^orange;Aphrodite^reset;, so you must accept her quest to begin the ^orange;Summoning Ritual^reset;. You are expected to help the ^orange;Handmaiden^reset; complete the ^orange;Summoning Ritual^reset;, and you can begin by lying down upon the plinth that rests before ^orange;Aphrodite's Golden Statue^reset;. The ^orange;Handmaiden^reset; will join you in sexual intercourse as she recites a summoning incantation, and you must listen to her words to determine which sex position to enter.
"	먼저, ^orange;아프로디테를 소환하기^reset; 위해 ^orange;아프로디테의 시녀^reset;를 도와야 하니, ^orange;소환 의식^reset;을 시작하려면 그녀의 의뢰를 수락해야 한다. 당신은 ^orange;시녀^reset;가 ^orange;소환 의식^reset;을 완수하도록 도와야 하며, ^orange;아프로디테의 황금상^reset; 앞에 놓인 받침대 위에 누우면 시작할 수 있다. ^orange;시녀^reset;는 소환 주문을 외우며 당신과 성교에 참여할 것이며, 당신은 그녀의 말을 잘 들어 어떤 체위로 들어가야 할지 판단해야 한다.	lines
/codex/other/aphroditesretreat.codex.patch	/contentPages/2	"
You must continue having sex with the ^orange;Handmaiden^reset; throughout the entire ritual, or until ^orange;Aphrodite^reset; appears. 

If you or the ^orange;Handmaiden^reset; leaves the plinth before completing the ^orange;Summoning Ritual^reset;, then you will need to interact with the plinth to start over.
"	"의식 내내 ^orange;시녀^reset;와 계속 성교해야 하며, ^orange;아프로디테^reset;가 나타날 때까지 계속한다. 

너나 ^orange;시녀^reset;가 ^orange;소환 의식^reset;을 완료하기 전에 받침대를 떠나면, 다시 시작하려면 받침대와 상호작용해야 한다."	lines
/codex/other/aphroditesretreat.codex.patch	/contentPages/3	"
Upon summoning ^orange;Aphrodite^reset; for the first time, she will be very interested to see her staff, and she might even let you keep it! 

In that case, she will give you a quest to craft ^orange;Aphrodite's Bow^reset;, and you must go to the ^orange;Aphrodite's Bow Stringer^reset; to supply it with the required crafting ingredients - ^orange;Aphrodite's Staff^reset; and ^orange;Aphrodite's Twine^reset;.
"	"^orange;아프로디테^reset;를 처음 소환하면 그녀는 자기 지팡이에 큰 관심을 보일 것이고, 네가 그것을 가지게 해줄지도 모른다! 

그런 경우, 그녀는 너에게 ^orange;아프로디테의 활^reset;을 만들라는 퀘스트를 줄 것이고, 너는 ^orange;아프로디테의 활시위 도구^reset;에 필요한 제작 재료 - ^orange;아프로디테의 지팡이^reset;와 ^orange;아프로디테의 노끈^reset; - 을 제공해야 한다."	lines
/codex/other/aphroditesretreat.codex.patch	/contentPages/4	"
Remember to finish ^orange;Aphrodite's^reset; quest by allowing her to imbue the crafted ^orange;Aphrodite's Bow^reset;. It will not function as expected until she imbues it to become ^orange;Aphrodite's Bow (i)^reset;.

You are recommended to try to use the imbued ^orange;Aphrodite's Bow (i)^reset; outside of dungeons because it may or may not work inside of dungeons. So, if you try to use it in a dungeon, and it doesn't work, then don't fret. Just leave the dungeon, and go hunt for a settlement of NPCs.
"	"^orange;아프로디테^reset;의 퀘스트를 끝내려면 그녀가 제작된 ^orange;아프로디테의 활^reset;에 마법을 불어넣도록 해야 한다는 걸 잊지 마세요. 그녀가 마법을 불어넣어 ^orange;아프로디테의 활 (i)^reset;가 되기 전까지는 제대로 작동하지 않습니다.

마법이 깃든 ^orange;아프로디테의 활 (i)^reset;는 던전 안에서는 제대로 작동하지 않을 수도 있으니 던전 밖에서 사용해보는 것을 권장합니다. 그러니 던전 안에서 사용했는데 작동하지 않더라도 실망하지 마세요. 그냥 던전을 나가서 NPC 정착지를 찾아다니세요."	lines
/codex/other/aphroditesretreat.codex.patch	/contentPages/5	"
Lastly, ^orange;Aphrodite^reset; doesn't like players snooping around her retreat, and it was implied earlier that she values her privacy. Please do not attempt to discover any secret passageways.

You have been warned!

Enjoy your stay! ^red;«^reset;
"	"마지막으로, ^orange;아프로디테^reset;는 플레이어가 자기 은신처를 기웃거리는 걸 싫어하며, 앞서 그녀가 사생활을 중요시한다는 게 암시되었다. 비밀 통로를 찾으려 하지 마라.

경고했다!

즐거운 시간 보내라! ^red;«^reset;"	lines
/codex/other/collapsible_stove_codex.codex.patch	/contentPages/0	"                    ^yellow;INSTRUCTIONS:^white;
You can heat your cannned food before eating. Just like real camping in real life. Heated can food can not preserve, but taste much better.

You can heat ^red;ANY^white; canned food on this stove, beside the food, you also need some stuff like fuel(^red;something flammable^white;) or water which you probably could find around your camp to do the job.
"	"^yellow;사용법:^white;
통조림 음식을 먹기 전에 데울 수 있다. 현실의 진짜 캠핑처럼. 데운 통조림 음식은 보존할 수 없지만, 훨씬 맛있어진다.

이 화로에서는 어떤 통조림 음식이든 ^red;무엇이든^white; 데울 수 있다, 음식 외에도 연료(^red;타는 물질^white;)나 물 같은 게 필요하며, 아마 캠프 주변에서 찾을 수 있을 것이다."	lines
/codex/other/eblovelywhipscodex.codex.patch	/contentPages/0	"
Hello. I, Engorged_Banana have a tale to tell.

It's called the Tale of EB and the Lovely Whips. 

One day, EB wanted to have intense sex with a scorpion. Alas, it was not meant to be, as he was stung in the privates and his genitalia melted.
"	"안녕하세요. 저는, Engorged_Banana, 들려드릴 이야기가 있습니다.

제목은 '이비와 사랑스러운 채찍의 이야기'입니다.

어느 날, 이비는 전갈과 격렬한 섹스를 하고 싶어 했습니다. 그러나 그것은 이루어지지 않았으니, 은밀한 부위를 쏘여 생식기가 녹아버렸기 때문입니다."	lines
/codex/other/eblovelywhipscodex.codex.patch	/contentPages/1	"
Then, he found a whip in some chest on an alien planet. He smacked it around and found it oddly satisfying to use on his enemies. He asked himself, ^yellow;why hadn't anyone made a whip for SxB yet?^reset;

So he did. 

The end.
"	"그러다 그는 외계 행성의 상자에서 채찍을 발견했다. 채찍을 휘둘러 보니 적에게 쓰는 맛이 묘하게 좋았다. 그는 생각했다. ^yellow;왜 아직 SxB용 채찍을 만든 사람이 없지?^reset;

그래서 직접 만들었다. 

끝."	lines
/codex/other/eblovelywhipscodex.codex.patch	/contentPages/2	"
What? You wanted more? I suppose I did say I had a tale to tell, but I didn't say it wasn't going to be a short one.

I suppose I could tell you what happened to the whips. He doesn't have them anymore. He gifted them to some vtuber on the internet. They could be ^orange;anywhere on any planet in the galaxy.^reset; Maybe someone reverse engineered them and ^orange;even made copies,^reset; who knows?
"	"뭐? 더 듣고 싶었어? 이야기를 해주겠다고 하긴 했지만, 짧지 않을 거라고는 안 했어.

채찍들이 어떻게 됐는지는 알려줄 수 있겠네. 그는 이제 그것들을 가지고 있지 않아. 인터넷의 어떤 브이튜버에게 선물했거든. ^orange;은하계 어떤 행성 어디에든 있을 수 있어.^reset; 누군가 역설계해서 ^orange;복제품까지 만들었을지도^reset; 몰라, 누가 알겠어?"	lines
/codex/other/eblovelywhipscodex.codex.patch	/contentPages/3	"
He had made two whips, each made to unleash pure sexual energy: one ^#f57afc;pink,^reset; and one ^#ae38f1;purple,^reset; He dubbed them the ^#f57afc;Lovely Whip^reset; and the ^#ae38f1;Lustful Whip,^reset; respectfully. 

The first of the two, would overpower its victims with overwhelming feelings of ^#f57afc;love,^reset; exposing their hearts ^orange;and bodies^reset; to anyone who would dare ^orange;take advantage of them.^reset;
"	"그는 순수한 성적 에너지를 발산하도록 만든 채찍 두 개를 만들었다: 하나는 ^#f57afc;분홍색^reset;, 다른 하나는 ^#ae38f1;보라색^reset;이었다. 그는 이것들을 각각 ^#f57afc;러블리 위프^reset;와 ^#ae38f1;색욕의 채찍^reset;라 이름 붙였다.

둘 중 첫 번째는 희생자를 압도적인 ^#f57afc;사랑^reset;의 감정으로 제압하여, 감히 ^orange;그들을 이용하려는^reset; 누구에게든 그들의 마음^orange;과 몸^reset;을 열어젖혔다."	lines
/codex/other/eblovelywhipscodex.codex.patch	/contentPages/4	"
The second, would overpower its victims with overwhelming feelings of ^#ae38f1;lust,^reset; uninhibiting their sexual desires to a point where they helplessly ^orange;seek out anyone or anything that can satisfy them.^reset;

Cool huh? EB had actually made ^orange;six^reset; whips, but ^orange;the other four^reset; are in some museum on another server or something and they will probably ^orange;not be lingering around in any chests.^reset;
"	"두 번째 것은 희생자를 압도적인 ^#ae38f1;욕정^reset;으로 제압하여 성적 욕망의 억제를 풀고, 무력하게 ^orange;자신을 만족시켜 줄 사람이나 물건을 찾아 나서게^reset; 했다.

멋지지? EB는 사실 채찍을 ^orange;여섯 개^reset; 만들었지만 ^orange;나머지 네 개^reset;는 다른 서버의 어떤 박물관에 있고, 아마 ^orange;상자에서는 찾아볼 수 없을 거야.^reset;"	lines
/codex/other/eblovelywhipscodex.codex.patch	/contentPages/5	"
They also have been ^orange;stripped of their powers^reset; for the sake of protecting the museum curators. ^orange;The remaining four are completely useless^reset; for the time being and using them would be ^orange;just for show.^reset;

If any adventurers are beheld ^orange;divine powers,^reset; they may summon them with ^green;cheat codes^reset; on the last page.
"	"그들은 박물관 관리인들을 보호하기 위해 ^orange;힘을 박탈당했다^reset;. ^orange;남은 넷은 당분간 완전히 쓸모없고^reset;, 사용한다 해도 ^orange;보여주기에 불과하다.^reset;

모험가가 ^orange;신성한 힘을^reset; 지녔다면, 마지막 장의 ^green;치트 코드^reset;로 그들을 소환할 수 있다."	lines
/codex/other/eblovelywhipscodex.codex.patch	/contentPages/6	"
A shocking discovery has occured, some millenia ago, someone had stolen a whip from the museum and is last heard to roam your universe! ^orange;The Remorseful Whip is now set loose somewhere in the galaxy!^reset;

Legend has it that the ^orange;Remorseful Whip^reset; has the power to ^orange;reverse the effects of pregnancy!^reset; As if the egg had never been fertilized to begin with! Perhaps someone may have restored it to its rightful potential...
"	"충격적인 사실이 밝혀졌다. 수천 년 전, 누군가가 박물관에서 채찍을 훔쳐 갔고, 마지막으로 전해지는 소식에 따르면 그것이 지금 이 우주를 떠돌고 있다고 한다! ^orange;후회의 채찍이 은하 어딘가에 풀려나 있다!^reset;

전설에 따르면 ^orange;후회의 채찍^reset;은 ^orange;임신의 효과를 되돌리는^reset; 힘을 지녔다고 한다! 마치 처음부터 수정이 되지 않았던 것처럼! 어쩌면 누군가 그 본래의 힘을 되찾아 놓았을지도 모른다..."	lines
/codex/other/eblovelywhipscodex.codex.patch	/contentPages/7	"
What another one? Rumor has it that ^orange;two more whips have been smuggled into the galaxy!^reset;

Ooh, this next one ^orange;gives girls male parts!^reset; Oh, I like that. It's called the ^green;Venturous Whip.^reset; Nice.

Hmm... The ^yellow;Nostalgic Whip ^orange;returns girls back to their original body types.^reset; How boring...
"	"또 하나 있어? 소문에 따르면 ^orange;채찍 두 개가 더 은하계로 밀반입됐대!^reset;

오, 이번 건 ^orange;여자에게 남자 부위를 준대!^reset; 오, 맘에 들어. 이름은 ^green;모험의 채찍.^reset; 좋아.

음... ^yellow;향수의 채찍 ^orange;은 여자를 원래 체형으로 되돌린대.^reset; 재미없어..."	lines
/codex/other/eblovelywhipscodex.codex.patch	/contentPages/8	"
Oh, what's this? ^orange;Depending on your SxB configuration, the ^green;Venturous Whip^orange; may or may not be useful.^reset; Huh, whatever that means.

^green;It means that the player must go into their Sexbound mods folder and find the Sexbound.config file, open it up with Notepad++ or equivalents and find the ^blue;futanari^green; setting. From there they must change the ^blue;enable^green; setting from ^blue;false^green; to ^blue;true.^reset;

Oh, thanks.
"	"오, 이게 뭐지? ^orange;SxB 설정에 따라 ^green;모험의 채찍^orange;이 유용할 수도, 아닐 수도 있어.^reset; 흠, 그게 무슨 뜻이든 간에.

^green;이건 플레이어가 자기 Sexbound 모드 폴더에 들어가서 Sexbound.config 파일을 찾아, 메모장++ 같은 프로그램으로 열고 ^blue;futanari^green; 설정을 찾아야 한다는 뜻이다. 거기서 ^blue;enable^green; 설정을 ^blue;false^green;에서 ^blue;true^reset;로 바꿔야 한다.

오, 고마워."	lines
/codex/other/eblovelywhipscodex.codex.patch	/contentPages/9	"
Lovely Whip:^blue;eblovelywhip^reset;
Lustful Whip:^blue;eblustfulwhip^reset;
Fertile Whip:^blue;ebfertilewhip^reset;
Remorseful Whip:^blue;ebremorsefulwhip^reset;
Venturous Whip:^blue;ebventurouswhip^reset;
Nostalgic Whip:^blue;ebnostalgicwhip^reset;

^green;You can use cheats by opening up your chat box and typing ^reset;/admin^green; and hitting enter. From there you can spawn in any item in the game ^orange;including all the whips^green; by typing ^reset;/spawnitem^green; followed by a space and the ^blue;item name^green;.
"	"사랑스러운 채찍:^blue;eblovelywhip^reset;
색욕의 채찍:^blue;eblustfulwhip^reset;
풍요의 채찍:^blue;ebfertilewhip^reset;
후회의 채찍:^blue;ebremorsefulwhip^reset;
모험의 채찍:^blue;ebventurouswhip^reset;
향수의 채찍:^blue;ebnostalgicwhip^reset;

^green;채팅창을 열고 ^reset;/admin^green;을 입력한 뒤 엔터를 누르면 치트를 쓸 수 있습니다. 그다음 ^reset;/spawnitem^green;을 입력하고 한 칸 띄운 뒤 ^blue;아이템 이름^green;을 적으면 ^orange;모든 채찍을 포함해^green; 게임 속 어떤 아이템이든 소환할 수 있습니다."	lines
/codex/other/eblovelywhipscodextldr.codex.patch	/contentPages/0	"
^green;The whips can be found in chests on any planet in the galaxy.

There are five functional whips.

The ^#f57afc;Lovely Whip ^green;transforms NPCs into SxB nodes.

The ^#ae38f1;Lustful Whip, ^green;causes NPCs to seek out SxB nodes.

The ^orange;Remorseful Whip ^green;reverses the effects of pregnancy.
"	"^green;채찍들은 은하 어느 행성의 상자에서나 찾을 수 있다.

기능하는 채찍은 다섯 개다.

^#f57afc;사랑스러운 채찍^green;은 NPC를 SxB 노드로 변하게 한다.

^#ae38f1;색욕의 채찍^green;은 NPC가 SxB 노드를 찾게 만든다.

^orange;후회의 채찍^green;은 임신 효과를 되돌린다."	lines
/codex/other/eblovelywhipscodextldr.codex.patch	/contentPages/1	"
^green;The ^reset;Venturous Whip^green; transforms girls into futanari.

The ^yellow;Nostalgic Whip ^green;returns girls back to their original body type.

The ^orange;Fertility Whip ^green;is not functional.

Depending on your SxB configuration, the ^reset;Venturous Whip^green; may or may not show results.
"	"^green;^reset;모험의 채찍^green;은 소녀들을 후타나리로 변하게 한다.

^yellow;향수의 채찍^green;은 소녀들을 원래 체형으로 되돌린다.

^orange;풍요의 채찍^green;은 작동하지 않는다.

SxB 설정에 따라, ^reset;모험의 채찍^green;의 효과가 나타날 수도 아닐 수도 있다."	lines
/codex/other/eblovelywhipscodextldr.codex.patch	/contentPages/2	"
^green;If the player wants to adjust their SxB Configuration, they must go into their Sexbound mods folder and find the Sexbound.config file, open it with Notepad++ or equivalents and find the ^blue;futanari^green; setting. From there they must change the ^blue;enable^green; setting from ^blue;false^green; to ^blue;true^green;.
"	^green;플레이어가 SxB 설정을 조정하고 싶다면 Sexbound 모드 폴더로 가서 Sexbound.config 파일을 찾아 Notepad++나 비슷한 프로그램으로 연 뒤, ^blue;futanari^green; 설정을 찾아야 한다. 그리고 ^blue;enable^green; 값을 ^blue;false^green;에서 ^blue;true^green;로 바꾸면 된다.	lines
/codex/other/eblovelywhipscodextldr.codex.patch	/contentPages/3	"
Lovely Whip:^blue;eblovelywhip^reset;
Lustful Whip:^blue;eblustfulwhip^reset;
Fertile Whip:^blue;ebfertilewhip^reset;
Remorseful Whip:^blue;ebremorsefulwhip^reset;
Venturous Whip:^blue;ebventurouswhip^reset;
Nostalgic Whip:^blue;ebnostalgicwhip^reset;

^green;You can use cheats by opening up your chat box and typing ^reset;/admin^green; and hitting enter. From there you can spawn in any item in the game ^orange;including all the whips^green; by typing ^reset;/spawnitem^green; followed by a space and the ^blue;item name^green;.
"	"사랑스러운 채찍:^blue;eblovelywhip^reset;
색욕의 채찍:^blue;eblustfulwhip^reset;
풍요의 채찍:^blue;ebfertilewhip^reset;
후회의 채찍:^blue;ebremorsefulwhip^reset;
모험의 채찍:^blue;ebventurouswhip^reset;
향수의 채찍:^blue;ebnostalgicwhip^reset;

^green;채팅창을 열고 ^reset;/admin^green;을 입력한 뒤 엔터를 누르면 치트를 쓸 수 있습니다. 그다음 ^reset;/spawnitem^green;을 입력하고 한 칸 띄운 뒤 ^blue;아이템 이름^green;을 적으면 ^orange;모든 채찍을 포함해^green; 게임 속 어떤 아이템이든 소환할 수 있습니다."	lines
/codex/other/foodprocesser_codex_j.codex.patch	/contentPages/0	"This themed food processor was inspired by the Japanese anime<<Kemono Friends>>.
  
Recipe:
  ^yellow;1: kelp x 5
  2: mashroom x 5
  3: corn
  4: plantfibre x 30^white;
  "	"이 테마 식품 가공기는 일본 애니메이션 <<케모노 프렌즈>>에서 영감을 받았다.
  
레시피:
  ^yellow;1: 다시마 x 5
  2: 버섯 x 5
  3: 옥수수
  4: 식물 섬유 x 30^white;"	lines
/codex/other/sexbound1.codex.patch	/contentPages/0	"
^orange;Q:^reset; What is Sexbound?

^orange;A:^reset; Sexbound provides custom artwork, AI, animations, items, objects, particles, sfx, scripts, and API scripting interface that can be used by modders to create custom sex interactions in Starbound.
"	"^orange;Q:^reset; Sexbound가 뭔가요?

^orange;A:^reset; Sexbound는 모더가 Starbound에서 커스텀 성교 상호작용을 만드는 데 쓸 수 있는 커스텀 아트워크, AI, 애니메이션, 아이템, 오브젝트, 파티클, 효과음, 스크립트, API 스크립팅 인터페이스를 제공합니다."	lines
/codex/other/sexbound1.codex.patch	/contentPages/1	"
^orange;Q:^reset; What vanilla species are supported?

^orange;A:^reset; All playable vanilla species are supported by default.
"	"^orange;Q:^reset; 어떤 바닐라 종족이 지원되나요?

^orange;A:^reset; 모든 플레이 가능한 바닐라 종족이 기본으로 지원됩니다."	lines
/codex/other/sexbound1.codex.patch	/contentPages/2	"
^orange;Q:^reset; What custom species are supported?

^orange;A:^reset; Custom species are not supported by default. 

^green;You must download and install a separate add-on mod that enables each one. If you are unable to locate an add-on mod for your character's species then you should make a request for the SxB Community to create a support mod.^reset;
"	"^orange;Q:^reset; 어떤 커스텀 종족이 지원되나요?

^orange;A:^reset; 커스텀 종족은 기본으로 지원되지 않습니다. 

^green;각 종족을 활성화하는 별도의 애드온 모드를 다운로드해 설치해야 합니다. 캐릭터 종족용 애드온 모드를 찾을 수 없다면 SxB 커뮤니티에 지원 모드 제작을 요청하세요.^reset;"	lines
/codex/other/sexbound1.codex.patch	/contentPages/3	"
^orange;Q:^reset; How do I have sex?

^orange;A:^reset; 1) You can use a SxB Loungeable Add-on to upgrade an object such as a bed. NPCs and player can use upgraded objects for having sex with each other.

^orange;A:^reset; 2) You can download and install add-on mods which provide different methods to initiate sex with other entities. 
"	"^orange;Q:^reset; 어떻게 성교하나요?

^orange;A:^reset; 1) SxB 라운지 가능 애드온으로 침대 같은 오브젝트를 업그레이드할 수 있습니다. NPC와 플레이어는 업그레이드된 오브젝트로 서로 성교할 수 있습니다.

^orange;A:^reset; 2) 다른 개체와의 성교를 시작하는 다양한 방법을 제공하는 애드온 모드를 다운로드해 설치할 수 있습니다."	lines
/codex/other/sexbound1.codex.patch	/contentPages/4	"
^orange;Q:^reset; How can I obtain a Sexbound Loungeable Add-on item?

^orange;A:^reset; You can find them randomly as common treasure drops, or you can purchase one of them from the Infinity Express at the Outpost.
"	"^orange;Q:^reset; Sexbound 라운지 가능 애드온 아이템은 어떻게 얻나요?

^orange;A:^reset; 일반 보물 드롭으로 무작위 획득하거나, 전초기지의 인피니티 익스프레스에서 구매할 수 있습니다."	lines
/codex/other/sexbound1.codex.patch	/contentPages/5	"
^orange;Q:^reset; Why can't I have sex with certain NPCs?

^orange;A:^reset; You can have sex with most of the NPCs, but some NPCs are not compatible with Sexbound for a variety of different reasons.

i.e. Some NPCs in-game aren't really NPCs or they have not been patched by Sexbound.
"	"^orange;Q:^reset; 왜 특정 NPC와는 성교할 수 없나요?

^orange;A:^reset; 대부분의 NPC와 성교할 수 있지만, 일부 NPC는 여러 이유로 Sexbound와 호환되지 않습니다.

즉 게임 내 일부 NPC는 사실 NPC가 아니거나 Sexbound 패치가 적용되지 않았습니다."	lines
/codex/other/sexbound1.codex.patch	/contentPages/6	"
^orange;Q:^reset; How can I obtain support when I am experiencing an issue?

^orange;A:^reset; You can get support from other players in the Loverslab Support Forum:

^blue;https://www.loverslab.com/topic/111871-mod-starbound-sexbound/^reset;
"	"^orange;Q:^reset; 문제가 발생했을 때 지원은 어디서 받나요?

^orange;A:^reset; Loverslab 지원 포럼에서 다른 플레이어의 지원을 받을 수 있습니다:

^blue;https://www.loverslab.com/topic/111871-mod-starbound-sexbound/^reset;"	lines
/codex/other/sexbound_pregnancy.codex.patch	/contentPages/0	"                  ^cyan;CONGRATULATIONS!^reset;
            You just became a mother!

First of all, let us thank you for bringing love and family into this wretched, broken, war-filled universe! Finding the right partner under this circumstances is a mighty feat and yet here you are having done it*!

(* The author does not take responsibility for any non-consentual impregnations happend to the readers.)
"	"^cyan;축하합니다!^reset;
            당신은 방금 어머니가 되었습니다!

무엇보다, 이 불쌍하고 망가지고 전쟁으로 가득한 우주에 사랑과 가족을 데려와 주셔서 감사합니다! 이런 상황에서 올바른 짝을 찾는 것은 위대한 업적인데, 해내셨군요*!

(* 저자는 독자에게 발생한 비합의적 임신에 대해 책임을 지지 않습니다.)"	lines
/codex/other/sexbound_pregnancy.codex.patch	/contentPages/1	"This guide will help you understand everything you need to know about your future child growing inside of you and all the responsibilities you now have to shoulder!

Now, we know that becoming a parent for the first time can be scary, plunging deeply into the great unknown. *nudge nudge* But don't worry, we got you covered!
"	"이 안내서는 뱃속에서 자라는 네 아이와 이제 네 어깨에 얹힐 모든 책임에 대해 알아야 할 모든 것을 이해하도록 도와준다!

물론 처음 부모가 되는 건 위대한 미지 속으로 깊이 뛰어드는 일이라 무서울 수 있다는 걸 안다. *윙크 윙크* 하지만 걱정 마라, 우리가 다 챙겨 줄 테니까!"	lines
/codex/other/sexbound_pregnancy.codex.patch	/contentPages/2	"                      ^cyan;PREPARATION^reset;
                Be ready, be happy!

Growing a baby takes time. Usually around 6-9 days - calculated based on good ol' Earth's day length time, as are all our future timing values, so it might differ based on whereever you are right now!

That is both plenty of time to prepare, yet might also seem way too short for some. Don't worry, with these simple tips and steps you will be ready in no time!
"	"^cyan;준비^reset;
                준비하고, 행복하세요!

아기를 키우는 데는 시간이 걸립니다. 보통 6~9일 정도 - 예나 지금이나 지구의 하루 길이를 기준으로 계산되며, 앞으로의 모든 시간 값도 그렇게 계산되니 지금 있는 곳에 따라 다를 수 있습니다!

준비하기에 충분한 시간이면서도 어떤 분에게는 너무 짧게 느껴질 수도 있습니다. 걱정 마세요. 이 간단한 조언과 단계만 따르면 금방 준비됩니다!"	lines
/codex/other/sexbound_pregnancy.codex.patch	/contentPages/3	"^orange;1.^reset; Choose a proper home
Once it's time to give birth, you don't want to find yourself stranded in the middle of the jungle. While you might be able to use your sheer willpower to postpone the inevitable birth of your child for a bit, better be safe than sorry!

Furthermore, considering you will be founding a family now, you should rather spend the remaining time preparing your future home shouldn't you already have one.
"	"^orange;1.^reset; 적절한 집을 고를 것
출산할 때가 되면 정글 한가운데 발이 묶여 있고 싶지 않을 것이다. 억지 의지력으로 아이의 피할 수 없는 탄생을 조금 미룰 수는 있겠지만, 안전한 편이 낫다!

게다가 이제 가족을 꾸리는 것이니, 아직 집이 없다면 남은 시간 동안 미래의 집을 준비하는 게 좋다."	lines
/codex/other/sexbound_pregnancy.codex.patch	/contentPages/4	"While family members tend to have quite the resilience compared to your average mercenary thug, creating a safe environment should be your priority.

Considering your baby has to come from your special someone, moving in with them is always the easy option - though we understand some of you out there might face *special* circumstances.
"	"가족 구성원은 평범한 용병 깡패에 비해 상당한 회복력을 갖는 경향이 있지만, 안전한 환경을 만드는 것이 최우선이어야 한다.

아기는 너의 특별한 사람에게서 나와야 하므로, 그들과 동거하는 게 언제나 쉬운 선택이다 - 물론 일부는 *특별한* 사정이 있을 수 있다는 걸 이해한다."	lines
/codex/other/sexbound_pregnancy.codex.patch	/contentPages/5	"^orange;2.^reset; Plan ahead
Successfully giving birth to a healthy baby boy or baby girl is just the beginning - the *real* family life starts right after! While the duration of your pregnancy might be the most important part to consider, what comes after is no less relevant.

What do *you* want to do with *your* life from here on out?
"	"^orange;2.^reset; 미리 계획할 것
건강한 남아나 여아의 출산은 시작에 불과하다 - *진짜* 가족 생활은 그 직후에 시작된다! 임신 기간이 가장 중요하게 고려할 부분일 수 있지만, 그 이후의 일도 못지않게 중요하다.

*너*는 *네* 인생을 앞으로 어떻게 하고 싶은가?"	lines
/codex/other/sexbound_pregnancy.codex.patch	/contentPages/6	"Many of our readers travel among the stars, looking for treasures and adventures for a living so settling down and retiring might not be an option - money and food for your family have to come from somewhere.
But maybe consider taking your family along? Many children look up to their parents and want to become just like them, wanting to join them on their journey. And maybe you can convince your partner to come along too?
"	"우리 독자들 중 많은 이들이 보물과 모험을 찾아 별들 사이를 떠돌며 생계를 유지하기에, 정착해서 은퇴하는 건 선택지가 아닐지도 모릅니다 - 가족을 위한 돈과 음식은 어디선가 나와야 하니까요.
하지만 가족을 데려가는 건 어떨까요? 많은 아이들이 부모를 우러러보며 그들처럼 되고 싶어 하고, 여정에 함께하고 싶어 합니다. 그리고 어쩌면 배우자도 함께 오도록 설득할 수 있을지도요?"	lines
/codex/other/sexbound_pregnancy.codex.patch	/contentPages/7	"^orange;3.^reset; Take it easy
Finally, it's time to take it easy. When you have done all you need, prepared a home and a plan for the future, all that's left to do is taking it easy and waiting for your bundle of joy to come out of you!

No need to stress yourself any more, the time close to and during labor will be one hell of a ride anyway! Just enjoy the calm and make sure nothing happens to you or your family, present and future!
"	"^orange;3.^reset; 마음 편히 가질 것
마지막으로, 마음 편히 가질 시간이다. 할 일을 다 하고, 집과 미래 계획을 준비했다면, 남은 건 편히 지내며 기쁨의 꾸러미가 너에게서 나오기를 기다리는 것뿐이다!

더 이상 스트레스받을 필요 없다. 분만 전후의 시간은 어차피 대단한 경험이 될 테니! 그저 평온을 즐기고, 현재와 미래의 너와 네 가족에게 아무 일도 없게 하라!"	lines
/codex/other/sexbound_pregnancy.codex.patch	/contentPages/8	"                          ^cyan;HAZARDS^reset;
            Big no-no for little Bobo!

Now, keeping your health and more importantly the one of your growing baby in mind as priority #1 should be a given - though sadly we always hear about tragic incidents where *some* parents just think they know better, or not care at all.
This universe is more dangerous than you think, especially to babies, so here are a couple of things to keep in mind to ensure a stress and incident free pregnancy!
"	"^cyan;위험 요소^reset;
            어린 보보에게는 절대 안 되는 것들!

자, 당신의 건강과 더 중요하게는 자라나는 아기의 건강을 최우선 순위로 두는 것은 당연한 일이어야 한다 - 하지만 슬프게도 *어떤* 부모들은 더 잘 안다고 생각하거나 아예 신경 쓰지 않는 비극적 사건을 우리는 항상 듣는다.
이 우주는 생각보다 위험하며, 특히 아기에게는 더욱 그렇다. 스트레스와 사고 없는 임신을 위해 명심할 몇 가지를 소개한다!"	lines
/codex/other/sexbound_pregnancy.codex.patch	/contentPages/9	"^orange;1.^reset; Stay alive
Yes, we have to include this for a reason. Many things are really dangerous to an unborn child, and the mother straight up dying is the most severe one.

Many of you will probably be Space Adventurers, running around unknown planets with dangerous flora, fauna, hazardous conditions and unfriendly locals being after your juicy booty, one way or another.
"	"^orange;1.^reset; 살아남을 것
그래, 이걸 굳이 적어야 하는 데는 이유가 있다. 많은 것이 태아에게 정말 위험하고, 어머니가 그냥 죽어버리는 것이 가장 심각한 경우다.

여러분 대부분은 아마 우주 모험가일 것이다. 어떻게든 네 달콤한 보물을 노리는 미지의 행성과 위험한 동식물, 위험한 환경, 불친절한 원주민들 사이를 돌아다니는."	lines
/codex/other/sexbound_pregnancy.codex.patch	/contentPages/10	"And while in this day and age most of you will be equipped with cloning technology on your ships in order to cheat death, we have to remind you of the following fact:

In compliance with the Reproduction Ethniticy Act III, cloning devices do NOT reproduce unborn entities within the recreated body. Meaning, when you die and ""respawn"", your baby will still be gone.
"	"그리고 오늘날 여러분 대부분은 죽음을 속이기 위해 선박에 복제 기술을 갖추고 있겠지만, 우리는 다음 사실을 다시 한번 상기시켜야 합니다:

생식 윤리법 III에 따라, 복제 장치는 재생성된 신체 안에서 태어나지 않은 존재를 복제하지 않습니다. 즉, 당신이 죽고 ""리스폰""하더라도, 당신의 아기는 여전히 사라진 채로 남습니다."	lines
/codex/other/sexbound_pregnancy.codex.patch	/contentPages/11	"^orange;2.^reset; Keep your urges in check
Sex is great. We can all agree on that, and your baby is the proof of that. Though while mindlessly fucking all your worries away might be the galaxy-wide biggest freetime pastime, there are times when you should restrain yourself. For example when you are pregnant.
Due to obvious ethnical restrictions we were never allowed to empirically prove this, though it is common believe that mindlessly having rough, unprotected sex while pregnant is a bad choice.
"	"^orange;2.^reset; 충동을 억제할 것
섹스는 좋다. 다들 동의할 것이고, 네 아이가 그 증거다. 하지만 걱정을 마구잡이로 잊는 것이 은하계 최고의 여가 활동이라 해도, 자제해야 할 때가 있다. 예를 들면 임신 중일 때.
분명한 윤리적 제한 때문에 경험적으로 증명할 수는 없었지만, 임신 중에 무작정 거칠고 무방비한 섹스를 하는 것은 나쁜 선택이라는 게 통설이다."	lines
/codex/other/sexbound_pregnancy.codex.patch	/contentPages/12	"So while having a *hot* night with the local Novakid might be the most exotic experience of your journey, just consider that filling your womb with steaming hot Novakid cum might be unhealthy for whatever is growing inside there right now. Unless, of course, you yourself are a Novakid too.
"	지역 노바키드와의 *뜨거운* 밤이 이 여정에서 가장 이국적인 경험일 수는 있지만, 지금 그 안에서 자라나는 무언가에게 김이 나는 뜨거운 노바키드 정액으로 자궁을 채우는 게 건강에 안 좋을 수도 있다는 걸 생각해봐. 물론, 당신 자신도 노바키드라면 얘기가 다르지만.	lines
/codex/other/sexbound_pregnancy.codex.patch	/contentPages/13	"^orange;3.^reset; A healthy diet
It is a vastly known fact that keeping your own body in pristine condition is key to giving birth to a healthy baby. So all you nutrient paste loving space junkies out there should seriously start to consider expanding your food variety.

This universe is filled with tasty food and tastier recipes to try out. We're sure you came across a fair share on your journeys so far. 
"	"^orange;3.^reset; 건강한 식단
몸을 최상의 상태로 유지하는 것이 건강한 아이를 낳는 열쇠라는 건 널리 알려진 사실이다. 그러니 영양 페이스트를 좋아하는 우주 중독자들은 진지하게 음식의 다양성을 넓히는 걸 고려해야 한다.

이 우주는 맛있는 음식과 더 맛있는 레시피로 가득하다. 지금까지의 여정에서 꽤 많이 접했을 것이다."	lines
/codex/other/sexbound_pregnancy.codex.patch	/contentPages/14	"Just make sure what you eat is fresh and that the tasty looking fruit you collected on that random planet is actually edible.

Furthermore - obviously you should abstain from drinking and smoking while being pregnant. You have been warned, we do not take responsibility for any harm *you* did to your baby by sheer negligence.
"	"먹는 게 신선한지, 아무 행성에서나 주운 맛있어 보이는 과일이 실제로 먹을 수 있는 건지 꼭 확인해라.

그리고, 당연한 얘기지만 임신 중에는 음주와 흡연을 삼가야 한다. 경고했다, 부주의로 아기에게 해를 끼쳤다면 우리는 *어떤* 책임도 지지 않는다."	lines
/codex/other/sexbound_pregnancy.codex.patch	/contentPages/15	"                  ^cyan;THE FINAL WAY OUT^reset;
      Sometimes it's better to say no.

All this time we talked about how to prepare for a happy future with your healthy child. But we also do understand that sometimes the happiest future is just one without said child. So for completionist's sake, let's talk about the alternative.
"	"^cyan;마지막 출구^reset;
      때로는 거절하는 편이 낫다.

지금까지 건강한 아이와 함께할 행복한 미래를 준비하는 방법을 이야기해 왔다. 하지만 누군가에게 가장 행복한 미래는 그 아이가 없는 미래일 수 있다는 것도 우리는 이해한다. 그러니 완벽을 위해, 다른 선택지에 대해서도 이야기해 보자."	lines
/codex/other/sexbound_pregnancy.codex.patch	/contentPages/16	"If you really consider not going through with your pregnancy and conciving your child, we are geniunely sad to hear about your decision but we understand that sometimes it is necessary.

Youthful mistakes happen all the time, and the sad truth is that just as it is filled with war and crime this universe is also filled with rape and unwanted pregnancies as a result of it.
"	"정말로 임신을 지속하지 않고 아이를 갖지 않기로 고려하고 있다면, 그 결정을 듣게 되어 진심으로 안타깝지만 때로는 필요한 일이라는 걸 이해합니다.

어린 시절의 실수는 늘 일어나며, 슬픈 진실은 이 우주가 전쟁과 범죄로 가득한 것처럼 그로 인한 강간과 원치 않는 임신으로도 가득하다는 것입니다."	lines
/codex/other/sexbound_pregnancy.codex.patch	/contentPages/17	"So in case you really, really want to abort your pregnancy you can always take an officially licensed and clinically tested abortion pill, available at your nearest adult-themed vending machine.

Yet despite all that, we'd like to urge you to reconsider your choice - as even an unexpected child can lead to a happy, family oriented future!
"	"그러니 만약 정말로, 정말로 임신을 중단하고 싶다면, 언제든 가까운 성인용 자판기에서 정식 인가받고 임상 시험을 거친 낙태약을 구할 수 있다.

하지만 그럼에도, 우리는 다시 한번 생각해보길 권한다 - 예상치 못한 아이라도 행복하고 가족 중심적인 미래로 이어질 수 있으니까!"	lines
/codex/other/sexbound_pregnancy.codex.patch	/contentPages/18	"                    ^cyan;FINAL WORDS^reset;

With these steps and options in mind, you should now be settled for a smooth ride all the way to parenthood and beyond, so that you can face your upcoming challenges with confidence!

We'd like to extend our thanks to you, the reader, for trusting in our services and wish you the best of luck for whatever lies ahead of you!
"	"^cyan;마지막 말^reset;

이 단계들과 선택지들을 염두에 두었다면, 이제 부모가 되는 길과 그 너머까지 순탄한 여정이 될 것이다. 다가올 도전들을 자신 있게 맞이할 수 있도록!

우리의 서비스를 믿어 준 독자 여러분께 감사를 전하며, 앞날에 무엇이 있든 행운을 빈다!"	lines
/codex/other/sexbound_sexed.codex.patch	/contentPages/0	"...when the time comes for you and your partner to procreate, it is imperative to be educated on the important know-hows of intercourse. In order to plan or prevent conciving a child, one must first understand the way the human body and hence the process of fertilization works. In order to successfully create new life, a series of conditions needs to be met. A healthy, fertile male capable of producing sperm and a healthy, fertile female capable of ovulating engage in sexual intercourse.
"	...당신과 파트너가 아이를 가질 때가 오면, 성교에 관한 중요한 지식을 반드시 익혀 두어야 합니다. 아이를 계획하거나 피하려면, 먼저 인간의 몸과 그에 따른 수정 과정이 어떻게 작동하는지 이해해야 합니다. 새 생명을 성공적으로 만들려면 일련의 조건이 충족되어야 합니다. 정자를 만들 수 있는 건강하고 생식 능력 있는 남성과, 배란할 수 있는 건강하고 생식 능력 있는 여성이 성교를 하는 것입니다.	lines
/codex/other/sexbound_sexed.codex.patch	/contentPages/1	"During this process, at any given moment the male partner reaches a state of climax, releasing any amount of semen into the female's uterus.
^orange;Note:^reset; While in a consensual procreation setting highly encouraged, for this endeavour to be fruitful it is entirely unnecessary for the female to reach a state of climax aswell, nor does it matter how much semen the male brings forth into the female's womb in order to create the risk of pregnancy.

...
"	"이 과정에서 어느 시점에 남성 파트너는 절정에 도달해 여성의 자궁 안으로 정액을 방출한다.
^orange;참고:^reset; 합의된 생식 상황에서는 매우 권장되지만, 이 시도가 결실을 맺기 위해 여성 역시 절정에 도달할 필요는 전혀 없으며, 남성이 여성의 자궁 안에 얼마나 많은 정액을 방출하는지도 임신 위험을 만드는 데 전혀 상관이 없다.

..."	lines
/codex/other/sexbound_sexed.codex.patch	/contentPages/2	"...do also mind that in some rarer parts of the universe you might find individuals commonly refered to as ""Futanari"". This non-scientific classification simply means that their bodies are fitted with both the male and female reproduction organs and hence are able to both impregnate as well as be impregnated during intercourse. You yourself should always keep in mind to not immediately judge another individual by their looks and always act responsibly in face of the act of procreation.
...
"	"...또한 우주의 일부 드문 지역에서는 흔히 ""후타나리""라고 불리는 개체를 만날 수도 있다는 점을 유념하십시오. 이 비과학적인 분류는 단순히 남성과 여성의 생식 기관을 모두 갖춰 성교 중에 임신시킬 수도, 임신할 수도 있다는 뜻입니다. 겉모습만으로 다른 이를 섣불리 판단하지 말고, 생식 행위 앞에서는 언제나 책임감 있게 행동해야 한다는 점을 늘 명심하십시오.
..."	lines
/codex/other/sexbound_sexed.codex.patch	/contentPages/3	"...when the moment of climax comes, the risk of fertilization is already high enough to be taken seriously. Should you find yourself in this situation without actively planning for a potential pregnancy, consult your doctor immediately. The only remaining condition to be met at this point for impregnation to occur is the actual fertilization of an ovum by the male's semen. This event only ever occurs with a certain probability so keep this in mind when aiming for bearing children.
"	...절정의 순간이 오면, 수정 위험은 이미 진지하게 고려해야 할 만큼 높습니다. 임신을 적극적으로 계획하지 않았는데 이런 상황에 처했다면, 즉시 의사와 상담하십시오. 이 시점에서 임신이 이루어지기 위해 남은 조건은 남성의 정액이 실제로 난자를 수정시키는 것뿐입니다. 이 일은 언제나 일정한 확률로만 일어나므로, 아이를 가지려 할 때는 이 점을 명심하십시오.	lines
/codex/other/sexbound_sexed.codex.patch	/contentPages/4	"Do also keep in mind that the female body is capable of adapting to a given male partner during extended periods of intercourse. When the mating process goes on for longer time and especially when additionally stimulated through multiple orgasms the chance of successful fertilization increases slightly. Another factor that can be helping or hindering depending on your objective and another reason to choose proper means of contraception where needed.
"	또한 여성의 신체가 특정 남성 파트너에게 장기간의 성교 기간 동안 적응할 수 있다는 점도 유념하십시오. 짝짓기 과정이 더 오래 지속되고, 특히 여러 번의 오르가슴으로 추가 자극을 받을 때, 수정 성공 확률이 약간 증가합니다. 이는 목적에 따라 도움이 되거나 방해가 될 수 있는 또 다른 요인이며, 필요할 경우 적절한 피임 수단을 선택해야 하는 또 다른 이유이기도 합니다.	lines
/codex/other/sexbound_sexed.codex.patch	/contentPages/5	"However, for this chance to exist in the first place the female partner needs to be in a state of ovulation. The peak of her menstruation cycle during which one or rarely multiple hopefully fertile ova are present and ready for fertilization. While intercourse could be considered safe outside of this timeframe, its exact timing cannot be taken for granted and varies by person so caution and proper preparation still needs to be taken.
...
"	"그러나, 애초에 이런 가능성이 존재하려면 여성 파트너가 배란 상태여야 한다. 하나 혹은 드물게 여러 개의, 바라건대 수정 가능한 난자가 존재해 수정될 준비가 되는 월경 주기의 정점 말이다. 이 시기 밖에서도 성관계가 안전하다고 여겨질 수 있지만, 정확한 시기는 사람마다 다르고 장담할 수 없으므로 여전히 주의와 적절한 준비가 필요하다.
..."	lines
/codex/other/sexbound_sexed.codex.patch	/contentPages/6	"...over the course of its evolution humanity developed a wide variety of conception aids. When trying to safely prevent conception, the simplest and most obvious solution are condoms which simply physically prevent the male's semen to reach the female's womb. Alternatively the female can choose to use contraception pills in order to ensure ovulation never happens, that way nullifying any chance of fertilization. In some cultures there is also the option of long-term contraception patches or clinical sterilization.    ...
"	...진화 과정에서 인류는 다양한 임신 조절 수단을 발전시켰습니다. 임신을 안전하게 막으려 할 때 가장 간단하고 확실한 해결책은 콘돔으로, 남성의 정액이 여성의 자궁에 닿는 것을 물리적으로 막아 줍니다. 또는 여성이 피임약을 복용해 배란 자체가 일어나지 않게 함으로써 수정 가능성을 없앨 수도 있습니다. 일부 문화권에서는 장기 피임 패치나 임상적 불임 시술이라는 선택지도 있습니다.    ...	lines
/codex/other/sexbound_sexed.codex.patch	/contentPages/7	"...on the other hand there are means for increasing the odds of successful conception too, should you aim for founding a family. The most widely spread one is the common, cheaply available fertility pill which simply increases a female's fertilization chance should the remaining criterias be met. For more severe cases of low fertilization rates a stronger version of the fertility pill was invented as well, which forcibly raises the fertilization chance to 100% for a short time.
"	...한편, 가정을 꾸리는 것이 목표라면 임신 성공 확률을 높이는 방법도 있습니다. 가장 널리 퍼진 것은 흔하고 저렴한 배란 촉진제로, 다른 조건이 충족되었을 때 여성의 수정 확률을 높여 줄 뿐입니다. 수정률이 낮은 더 심각한 경우를 위해 더 강력한 버전의 배란 촉진제도 개발되었는데, 짧은 시간 동안 수정 확률을 강제로 100%까지 끌어올립니다.	lines
/codex/other/sexbound_sexed.codex.patch	/contentPages/8	"^orange;Note:^reset; Due to the extreme effect of this stronger fertility pill it is strongly advised to consult your doctor before using it, keep the usage to a minimum and treat any side effects immediately.

^orange;Note:^reset; Keep in mind that raising the fertility chance to 100% does not immediately guarantee conception, as it has no effect on the other conditions.

...
"	"^orange;참고:^reset; 이 강력한 다산 알약의 극단적인 효과로 인해, 사용 전 의사와 상담하고 사용을 최소한으로 줄이며 부작용은 즉시 치료할 것을 강력히 권장한다.

^orange;참고:^reset; 다산 확률을 100%로 올려도 다른 조건에는 영향이 없으므로 즉시 임신이 보장되지는 않는다는 점을 명심하라.

..."	lines
/codex/other/sexbound_sexed.codex.patch	/contentPages/9	"...the process of fertilization isn't an immediate action. Before thinking about the final stage of conception, first remember the female period cycle. For fertilization to happen, ovulation must have happened first. The offest and length of an individual female's period may differ greatly, so you must keep track of your body's condition yourself, though generally an ovulation cycle lasts 3-5 days with the ovum being available for fertilization for a full day. These metrics may differ greatly among other species. ...
"	...수정 과정은 즉각적으로 일어나는 일이 아닙니다. 임신의 마지막 단계를 생각하기 전에, 먼저 여성의 생리 주기를 기억하십시오. 수정이 일어나려면 먼저 배란이 일어나야 합니다. 여성마다 생리의 시작 시점과 기간이 크게 다를 수 있으니 자기 몸 상태를 스스로 기록해 두어야 합니다. 일반적으로 배란 주기는 3~5일이며, 난자는 꼬박 하루 동안 수정할 수 있는 상태로 있습니다. 이 수치는 다른 종에서는 크게 다를 수 있습니다. ...	lines
/codex/other/sexbound_sexed.codex.patch	/contentPages/10	"...also keep in mind that semen can survive inside a female's womb for up to a day. When actively trying to prevent conception without the use of contraception, remember that fertilization can happen even after you are done having intercourse. The safest way to control conception will always be to prepare over being responsibly.

...
"	"...또한 정액은 여성의 자궁 안에서 최대 하루까지 살아남을 수 있다는 점을 명심하십시오. 피임 도구 없이 임신을 적극적으로 피하려 할 때는, 성교를 마친 뒤에도 수정이 일어날 수 있다는 점을 기억하십시오. 임신을 조절하는 가장 안전한 방법은 언제나 책임감 있게 미리 대비하는 것입니다.

..."	lines
/codex/other/sexbound_sexed.codex.patch	/contentPages/11	"...when trying to determine the outcome of your last sexual intercourse, ironically keeping calm and waiting is the best approach. The easily visible changes to a female's body during pregnancy only become apparent roughly halfway into the pregnancy - a time where it might already be too late. When clearly wanting to confirm your pregnancy state, using a licensed pregnancy test is the most accurate option.
"	...마지막 성교의 결과를 알고 싶을 때는, 역설적이게도 침착하게 기다리는 것이 최선입니다. 임신 중 여성의 몸에 눈에 띄는 변화는 대략 임신 기간의 절반쯤 지나서야 드러나며, 그때는 이미 늦었을 수도 있습니다. 임신 여부를 확실히 확인하고 싶다면, 인증된 임신 테스트기를 쓰는 것이 가장 정확합니다.	lines
/codex/other/sexbound_sexed.codex.patch	/contentPages/12	"^orange;Note:^reset; Keep in mind that the actual fertilization may happen a notable amount of time after climax occured. During that time, even the pregnancy test cannot detect your pregnancy as it has not yet actually happened. Doing regular checks during the following day is a must to ensure the result is accurate.

...
"	"^orange;참고:^reset; 실제 수정은 절정 이후 상당한 시간이 지나 일어날 수 있다는 점을 명심하라. 그동안은 아직 실제로 일어나지 않았으므로 임신 테스트도 감지할 수 없다. 정확한 결과를 위해 이튿날 정기적인 확인이 필수다.

..."	lines
/codex/project45/project45manual.codex.patch	/contentPages/0	"# ^#E2C344;Contents^reset;
- Introduction
- Weapon Stats
- Firing & Recoil
- Charged Weapons
- Misc Stats
- Ammo & Reloading
- Reload Rating
- Per-Bullet Reload
- Stock Ammo
- Jamming
"	"# ^#E2C344;목차^reset;
- 소개
- 무기 능력치
- 사격 및 반동
- 충전식 무기
- 기타 능력치
- 탄약 및 재장전
- 재장전 등급
- 탄환별 재장전
- 예비 탄약
- 걸림"	lines
/codex/project45/project45manual.codex.patch	/contentPages/1	"# ^#E2C344;Contents^reset;
- Gun Modding
- Stat Bonuses
- The Supply Transponder
- (Quickbar) Mod Settings
"	"# ^#E2C344;목차^reset;
- 총 개조
- 스탯 보너스
- 보급 트랜스폰더
- (퀵바) 모드 설정"	lines
/codex/project45/project45manual.codex.patch	/contentPages/2	"# ^#E2C344;Introduction^reset;
Project 45 guns are different from vanilla guns in the following aspects:
1. They have the ability to ^#D93A3A;crit^reset; (and supercrit beyond 100% chance).
2. They are more ^#51BD3B;energy-efficient^reset; due to being ammo-based.
3. They are ^#d29ce7;modifiable and upgradable^reset; on the fly.
4. Some fire different kinds of projectiles.
5. Most can be converted to fire other kinds of projectiles.
"	"# ^#E2C344;소개^reset;
Project 45 총기는 다음과 같은 점에서 바닐라 총기와 다릅니다.
1. ^#D93A3A;치명타^reset;를 가할 수 있습니다. 치명타 확률이 100%를 넘으면 초치명타도 발생합니다.
2. 탄약을 사용하므로 ^#51BD3B;에너지 효율이 더 높습니다^reset;.
3. 언제든 ^#d29ce7;개조하고 업그레이드할 수 있습니다^reset;.
4. 일부 무기는 여러 종류의 탄환을 발사합니다.
5. 대부분의 무기는 다른 종류의 탄환을 발사하도록 개조할 수 있습니다."	lines
/codex/project45/project45manual.codex.patch	/contentPages/3	"# ^#E2C344;Weapon Stats^reset;
^#95d1f3;- Upgrade Capacity^reset;: The number of Stat Mods you can install on the weapon.
^#EA9931;- Damage per Shot^reset;: The range of damage a gun's (initial) projectiles will deal at 100% power multiplier, disregarding the target's defense.
^#E2C344;- Fire Time^reset;: the overall time it takes for the gun to fire a round.
^#51BD3B;- Reload Cost^reset;: the total percentage of energy required to reload a gun to its full capacity.
"	"# ^#E2C344;무기 스탯^reset;
^#95d1f3;- 업그레이드 용량^reset;: 무기에 장착할 수 있는 스탯 모드의 수입니다.
^#EA9931;- 발당 피해량^reset;: 대상의 방어력을 무시하고 위력 배율이 100%일 때 총기에서 처음 발사되는 투사체가 주는 피해량의 범위입니다.
^#E2C344;- 발사 시간^reset;: 총기가 한 발을 발사하는 데 걸리는 전체 시간입니다.
^#51BD3B;- 재장전 비용^reset;: 총기를 최대 장탄량까지 재장전하는 데 필요한 총 에너지의 비율입니다."	lines
/codex/project45/project45manual.codex.patch	/contentPages/4	"# ^#E2C344;Weapon Stats^reset;
^#cccccc;- Reload Time^reset;: the maximum possible amount of time it takes to reload a gun to its full capacity.
^#D93A3A;- Crit Chance^reset;: the chance of the gun dealing increased damage. Odds beyond 100% give shots a chance to deal even more damage (i.e. a ""Supercrit"").
^#D93A3A;- Crit Damage^reset;: the number multiplied to the projectile's damage when it deals a super/crit.
"	"# ^#E2C344;무기 스탯^reset;
^#cccccc;- 재장전 시간^reset;: 총기를 최대 장탄량까지 재장전하는 데 걸릴 수 있는 최대 시간입니다.
^#D93A3A;- 치명타 확률^reset;: 총기가 증가된 피해를 줄 확률입니다. 100%를 넘는 확률은 한층 더 큰 피해를 주는 ""초치명타""가 발생할 확률로 계산됩니다.
^#D93A3A;- 치명타 피해^reset;: 치명타 또는 초치명타가 발생했을 때 발사체의 피해량에 곱하는 수치입니다."	lines
/codex/project45/project45manual.codex.patch	/contentPages/5	"# ^#E2C344;Firing & Recoil^reset;
Project 45 guns fire like any other gun, except they have a relatively predictable recoil.

When firing, your gun's muzzle will kick up, and you will have to adjust your aim downward to counteract the recoil.

Take a moment to steady your aim; ^#D93A3A;projectile direction is based on the angle of your gun^reset;.
"	"# ^#E2C344;사격·반동^reset;
Project 45 총기는 다른 총기와 같은 방식으로 발사하지만, 반동을 비교적 예측하기 쉽습니다.

발사하면 총구가 위로 들리므로 반동을 상쇄하려면 조준점을 아래로 내려야 합니다.

잠시 시간을 들여 조준을 안정시키세요. ^#D93A3A;탄환의 방향은 총기의 각도를 기준으로 결정됩니다^reset;."	lines
/codex/project45/project45manual.codex.patch	/contentPages/6	"# ^#E2C344;Firing & Recoil^reset;
The amount of recoil is also affected by how much you're moving, whether you're walking, running or standing still.

To drastically reduce recoil, it is recommended to shoot while crouched. You could also modify your weapon with mods that reduce recoil.
"	"# ^#E2C344;사격·반동^reset;
반동의 크기는 걷거나 달리는 중인지, 가만히 서 있는지 등 사용자의 움직임에도 영향을 받습니다.

반동을 크게 줄이려면 앉아서 사격하는 것이 좋습니다. 반동 감소 모드를 장착해 무기를 개조하는 방법도 있습니다."	lines
/codex/project45/project45manual.codex.patch	/contentPages/7	"# ^#E2C344;Charged Weapons^reset;
Some weapons require to be charged before being able to fire them, and some continue ^#96cbe7;overcharging^reset; to deal bonus damage.

The charge level of the weapon is indicated below the chamber indicator:

- If the bar is ^#838383;gray^reset;, the weapon is charging and ^#D93A3A;cannot be triggered to fire^reset.
"	"# ^#E2C344;충전 무기^reset;
일부 무기는 발사하기 전에 충전해야 하며, 어떤 무기는 계속 ^#96cbe7;과충전^reset;하여 추가 피해를 줄 수도 있습니다.

무기의 충전 수준은 약실 표시기 아래에 나타납니다.

- 막대가 ^#838383;회색^reset;이면 무기가 충전 중이며 ^#D93A3A;아직 발사할 수 없습니다^reset;."	tags,lines
/codex/project45/project45manual.codex.patch	/contentPages/8	"# ^#E2C344;Charged Weapons^reset;
- If the bar is ^#E2C344;yellow^reset; turning ^#D93A3A;red^reset;, the weapon is ^#96cbe7;overcharging^reset;. Projectiles fired by the weapon while the charge level is in this ^#96cbe7;deals up to 2x bonus damage^reset; at ^#D93A3A;full overcharge^reset;.

- If the bar is lit up, the charge is ^#E2C344;perfect^reset;; Projectiles fired by the weapon during perfect charge ^#E2C344;deals at least 2x bonus damage^reset;.
"	"# ^#E2C344;충전 무기^reset;
- 막대가 ^#E2C344;노란색^reset;에서 ^#D93A3A;빨간색^reset;으로 변하고 있다면 무기가 ^#96cbe7;과충전^reset; 중인 것입니다. 이 구간에서 발사한 탄환은 ^#D93A3A;완전히 과충전^reset;되었을 때 ^#96cbe7;최대 2배의 추가 피해^reset;를 줍니다.

- 막대에 불이 들어오면 ^#E2C344;완벽 충전^reset; 상태입니다. 완벽 충전 중 발사한 탄환은 ^#E2C344;최소 2배의 추가 피해^reset;를 줍니다."	lines
/codex/project45/project45manual.codex.patch	/contentPages/9	"# ^#E2C344;Misc Stats^reset;
These stats are not necessarily shown in the weapon's tooltip, but affect the weapon's performance nonetheless.
^#96cbe7;- Multishot^reset;: Multiplier to the number of projectiles a weapon fires. Decimals are treated as odds that the gun fires an additional set of projectiles.
^#f4988c;- Heavy^reset;: Forces the wielder to walk while holding the weapon.
^#f4988c;- Recoil^reset;: Multiplier to the kick-up angle (and maximum recoil angle) of the gun when firing.
"	"# ^#E2C344;기타 스탯^reset;
다음 스탯은 무기 툴팁에 표시되지 않을 수도 있지만 무기의 성능에 영향을 줍니다.
^#96cbe7;- 멀티샷^reset;: 무기가 발사하는 탄환 수의 배율입니다. 소수 부분은 탄환 한 묶음을 추가로 발사할 확률로 계산됩니다.
^#f4988c;- 중량^reset;: 무기를 든 사용자가 걷기만 할 수 있게 합니다.
^#f4988c;- 반동^reset;: 사격할 때 총구가 들리는 각도와 최대 반동 각도에 적용되는 배율입니다."	lines
/codex/project45/project45manual.codex.patch	/contentPages/10	"# ^#E2C344;Misc Stats^reset;
^#f4988c;- Inaccuracy^reset;: Random movement of the arm as the weapon fires.
^#f4988c;- Spread^reset;: Natural deviation of bullets from their trajectory.
^#9da8af;- Trigger Time^reset;: Amount of time it takes before registering the next click. A factor of overall ^#E2C344;fire time^reset;.
"	"# ^#E2C344;기타 스탯^reset;
^#f4988c;- 부정확도^reset;: 무기를 발사할 때 팔이 무작위로 움직이는 정도입니다.
^#f4988c;- 탄퍼짐^reset;: 탄환이 본래 궤적에서 자연스럽게 벗어나는 정도입니다.
^#9da8af;- 방아쇠 시간^reset;: 다음 클릭을 인식하기까지 걸리는 시간으로, 전체 ^#E2C344;발사 시간^reset;을 구성하는 요소입니다."	lines
/codex/project45/project45manual.codex.patch	/contentPages/11	"# ^#E2C344;Ammo & Reloading^reset;
You will have an indicator next to your crosshair showing the amount of ammo your weapon has.

- If the indicator is ^#D93A3A;""0""^reset;, you will need to eject the magazine to reload. In this case, ^#EA9931;fire the gun to eject the magazine^reset;.

- If the indicator is ^#D93A3A;""E""^reset;, the weapon has no magazine - you are ready to reload. ^#EA9931;Fire the gun to consume energy and begin reloading.^reset;
"	"# ^#E2C344;탄약·재장전^reset;
조준점 옆의 표시기에서 무기에 남은 탄약량을 확인할 수 있습니다.

- 표시기가 ^#D93A3A;""0""^reset;이면 재장전하기 전에 탄창을 빼야 합니다. 이때는 ^#EA9931;무기를 발사하여 탄창을 빼세요^reset;.

- 표시기가 ^#D93A3A;""E""^reset;이면 무기에 탄창이 없어 재장전할 준비가 된 상태입니다. ^#EA9931;무기를 발사하면 에너지를 소모하여 재장전을 시작합니다.^reset;"	lines
/codex/project45/project45manual.codex.patch	/contentPages/12	"# ^#E2C344;Ammo & Reloading^reset;
When you begin reloading, a vertical bar with a colored section will appear in place of the ammo indicator, and a red line will move up along it.

^#EA9931;Fire the weapon when the red line is over the colored region to execute an Active Reload, finishing the reloading process early.^reset;

Take a moment to ready your aim after reloading; firing immediately can shoot projectiles off-target.
"	"# ^#E2C344;탄약·재장전^reset;
재장전을 시작하면 탄약 표시기 자리에 색칠된 구간이 있는 세로 막대가 나타나며, 그 위를 빨간 선이 올라갑니다.

^#EA9931;빨간 선이 색칠된 구간을 지날 때 무기를 발사하면 액티브 재장전을 실행하여 재장전을 일찍 끝낼 수 있습니다.^reset;

재장전을 마친 뒤에는 잠시 조준을 가다듬으세요. 곧바로 발사하면 탄환이 빗나갈 수 있습니다."	lines
/codex/project45/project45manual.codex.patch	/contentPages/13	"# ^#E2C344;Reload Rating^reset;
Your weapon's performance will change depending on whether you executed an Active Reload and whether you hit the colored regions:

^#E2C344;PERFECT^reset; - Hitting the lighter-colored region gives your gun a ^#E2C344;1.3x damage bonus^reset; and ^#E2C344;completely prevents jamming^reset;
"	"# ^#E2C344;재장전 등급^reset;
액티브 재장전의 실행 여부와 색칠된 구간을 맞혔는지에 따라 무기의 성능이 달라집니다.

^#E2C344;완벽^reset; - 밝은 색 구간을 맞히면 총기가 ^#E2C344;1.3배의 피해 보너스^reset;를 얻고 ^#E2C344;절대 걸리지 않습니다^reset;."	lines
/codex/project45/project45manual.codex.patch	/contentPages/14	"# ^#E2C344;Reload Rating^reset;
^#60B8EA;GOOD^reset; - Hitting the darker-colored region gives your gun a ^#60B8EA;1.1x damage bonus^reset; and ^#60B8EA;completely prevents jamming^reset;.

OK - Allowing the red line to reach the end of the bar will simply reload your gun.

^#D93A3A;BAD^reset; - Hitting the white region will ^#D93A3A;increase the chance of a gun jam happening^reset;
"	"# ^#E2C344;재장전 등급^reset;
^#60B8EA;좋음^reset; - 어두운 색 구간을 맞히면 총기가 ^#60B8EA;1.1배의 피해 보너스^reset;를 얻고 ^#60B8EA;절대 걸리지 않습니다^reset;.

보통 - 빨간 선이 막대 끝까지 도달하면 별다른 효과 없이 재장전됩니다.

^#D93A3A;나쁨^reset; - 흰색 구간을 맞히면 ^#D93A3A;총기가 걸릴 확률이 증가합니다^reset;."	lines
/codex/project45/project45manual.codex.patch	/contentPages/15	"# ^#E2C344;Per-bullet Reload^reset;
Some guns allow you to reload them on a per-bullet or per-clip basis. The ""reload rating"" of your gun (discussed in the previous section) depends on your ""reload score"" from reloading each (set of) bullets:

- ^#E2C344;Perfect reloads are worth 2 points.^reset;
- ^#60B8EA;Good reloads are worth 1 point.^reset;
- ^#D93A3A;Bad reloads are worth 0 points.^reset;
"	"# ^#E2C344;한 발씩 재장전^reset;
일부 총기는 탄환 또는 클립 단위로 재장전할 수 있습니다. 해당 총기의 ""재장전 등급""은 이전 절에서 설명한 것처럼 각 탄환 또는 탄환 묶음을 장전할 때 얻은 ""재장전 점수""에 따라 결정됩니다.

- ^#E2C344;완벽한 재장전은 2점입니다.^reset;
- ^#60B8EA;좋은 재장전은 1점입니다.^reset;
- ^#D93A3A;나쁜 재장전은 0점입니다.^reset;"	lines
/codex/project45/project45manual.codex.patch	/contentPages/16	"# ^#E2C344;Per-bullet Reload^reset;
Allowing the red line to reach the end of the bar will end the reload sequence, leaving your gun with the amount of ammo you ended up with.

^#EA9931;Your reload score will be evaluated at the end of the reload sequence:^reset;

- ^#E2C344;Perfect reloads are worth 2 points.^reset;
- ^#60B8EA;Good reloads are worth 1 point.^reset;
- ^#D93A3A;Bad reloads are worth 0 points^reset;.
"	"# ^#E2C344;한 발씩 재장전^reset;
빨간 선이 막대 끝에 도달하도록 두면 재장전 과정이 끝나며, 그때까지 넣은 만큼의 탄약만 장전됩니다.

^#EA9931;재장전 과정이 끝나면 다음과 같이 재장전 점수를 평가합니다.^reset;

- ^#E2C344;완벽한 재장전은 2점입니다.^reset;
- ^#60B8EA;좋은 재장전은 1점입니다.^reset;
- ^#D93A3A;나쁜 재장전은 0점입니다^reset;."	lines
/codex/project45/project45manual.codex.patch	/contentPages/17	"# ^#E2C344;Stock Ammo^reset;
You can stock ammo on your gun to ^#ea9931;increase its damage (up to 2x)^reset; based on the amount of ammo stocked.

Ammo Stock can be bought from the Gun Shop, or can be dropped in by the Supply Transponder.
"	"# ^#E2C344;예비 탄약^reset;
총기에 예비 탄약을 비축하면 비축량에 따라 ^#ea9931;피해량이 최대 2배까지 증가합니다^reset;.

예비 탄약은 총기 상점에서 구매하거나 보급 트랜스폰더 호출로 받을 수 있습니다."	lines
/codex/project45/project45manual.codex.patch	/contentPages/18	"# ^#E2C344;Jamming^reset;
Some guns have a chance to jam when firing, especially when reloaded badly. When they do, they fail to fire, and an orange jam bar appears beside the crosshair.

^#EA9931;Press the fire button to deplenish the jam bar.^reset;

Your gun will unjam and load the next round when the jam bar is empty.
"	"# ^#E2C344;총기 걸림^reset;
일부 총기는 발사할 때 걸릴 수 있으며, 특히 재장전을 잘못했을 때 그 확률이 높아집니다. 총기가 걸리면 발사에 실패하고 조준점 옆에 주황색 걸림 막대가 나타납니다.

^#EA9931;발사 버튼을 눌러 걸림 막대를 줄이세요.^reset;

걸림 막대가 완전히 사라지면 총기의 걸림이 풀리고 다음 탄환이 약실에 들어갑니다."	lines
/codex/project45/project45manual.codex.patch	/contentPages/19	"# ^#E2C344;Gun Modding^reset;
Modding weapons is similar to installing augments on EPPs. Whether you can install a mod on a weapon or not is largely dependent on their ^#d29ce7;Categories^reset;, ^#95d1f3;Upgrade Capacity^reset; and associated ^#9da8af;Mod Slots^reset;. For ammo mods, their ^#EA9931;Archetype^reset; also matters.
"	"# ^#E2C344;총 개조^reset;
무기 개조는 EPP에 증강 장치를 장착하는 것과 비슷합니다. 모드를 장착할 수 있는지는 주로 무기의 ^#d29ce7;카테고리^reset;, ^#95d1f3;업그레이드 용량^reset;, 그리고 해당 ^#9da8af;모드 슬롯^reset;에 따라 결정됩니다. 탄약 모드에는 ^#EA9931;아키타입^reset;도 영향을 줍니다."	lines
/codex/project45/project45manual.codex.patch	/contentPages/20	"# ^#E2C344;Gun Modding^reset;
If a mod cannot be installed on a weapon, it will be indicated the next time you hold your weapon via red text that appears above the player character's head.
"	"# ^#E2C344;총 개조^reset;
모드를 장착할 수 없는 무기라면, 다음에 그 무기를 들었을 때 플레이어 캐릭터의 머리 위에 빨간색 안내문이 표시됩니다."	lines
/codex/project45/project45manual.codex.patch	/contentPages/21	"# ^#E2C344;Stat Bonuses^reset;
Weapons spawn with a seeded stat ^#96cbe7;bonus ratio^reset;.

The weapons can have
- up to a ^#ea9931;+12%^reset; bonus to their base damage,
- up to a ^#f4988c;+20%^reset; bonus to their base critical chance, and
- up to a ^#d93a3a;+6%^reset; bonus to their base critical damage multiplier.
"	"# ^#E2C344;스탯 보너스^reset;
무기는 생성될 때 시드에 따라 정해지는 스탯 ^#96cbe7;보너스 비율^reset;을 가집니다.

무기가 받을 수 있는 보너스는 다음과 같습니다.
- 기본 피해량에 최대 ^#ea9931;+12%^reset;,
- 기본 치명타 확률에 최대 ^#f4988c;+20%^reset;,
- 기본 치명타 피해 배율에 최대 ^#d93a3a;+6%^reset;."	lines
/codex/project45/project45manual.codex.patch	/contentPages/22	"# ^#E2C344;Stat Bonuses^reset;
For example, if a weapon is indicated to bear a ""60% bonus"", this means that they get
- 1 + ^#96cbe7;0.6^reset; * ^#ea9931;0.12^reset; = ^#ea9931;x1.072 multiplier to their base damage^reset;
- 1 + ^#96cbe7;0.6^reset; * ^#f4988c;0.20^reset; = ^#f4988c;x1.120 multiplier to their base crit chance^reset;
- 1 + ^#96cbe7;0.6^reset; * ^#d93a3a;0.06^reset; = ^#d93a3a;x1.036 multiplier to their base crit damage^reset;

Items bought from the Project 45 Gun Shop can only have a maximum bonus ratio of ^#d93a3a;50%.^reset;
"	"# ^#E2C344;스탯 보너스^reset;
예를 들어 무기에 ""60% 보너스""가 표시되어 있다면 실제로 적용되는 배율은 다음과 같습니다.
- 1 + ^#96cbe7;0.6^reset; * ^#ea9931;0.12^reset; = ^#ea9931;기본 피해량 ×1.072^reset;
- 1 + ^#96cbe7;0.6^reset; * ^#f4988c;0.20^reset; = ^#f4988c;기본 치명타 확률 ×1.120^reset;
- 1 + ^#96cbe7;0.6^reset; * ^#d93a3a;0.06^reset; = ^#d93a3a;기본 치명타 피해 배율 ×1.036^reset;

Project 45 총기 상점에서 구매한 아이템의 보너스 비율은 최대 ^#d93a3a;50%^reset;입니다."	lines
/codex/project45/project45manual.codex.patch	/contentPages/23	"# ^#E2C344;The Supply Transponder^reset;
^#eab3db;The Supply Transponder^reset; provides a relatively affordable way to obtain various Project 45 items. This item has the following odds for calling in:
- a ^#96cbe7;50%^reset; chance to drop a ^#96cbe7;Common or Rare Supply Drop (R)^reset;,
- a ^#cb44ff;46%^reset; chance to drop a ^#cb44ff;Rare or higher rarity Supply Drop (SR)^reset;,
- a ^#ffffa7;2%^reset; chance to drop an ^#ffffa7;Essential Supply Drop (SSR)^reset;, and
- a ^#f4988c;2%^reset; chance to drop ^#f4988c;Unique Essential Supply Drop (XSSR)^reset;.
"	"# ^#E2C344;보급 트랜스폰더^reset;
^#eab3db;보급 트랜스폰더^reset;를 이용하면 여러 Project 45 아이템을 비교적 저렴하게 얻을 수 있습니다. 호출 시 확률은 다음과 같습니다.
- ^#96cbe7;50%^reset; 확률로 ^#96cbe7;일반 또는 희귀 보급품(R)^reset;,
- ^#cb44ff;46%^reset; 확률로 ^#cb44ff;희귀 이상 등급 보급품(SR)^reset;,
- ^#ffffa7;2%^reset; 확률로 ^#ffffa7;필수 보급품(SSR)^reset;,
- ^#f4988c;2%^reset; 확률로 ^#f4988c;고유 필수 보급품(XSSR)^reset;."	lines
/codex/project45/project45manual.codex.patch	/contentPages/24	"# ^#E2C344;Supply Transponder Guarantees^reset;
The Supply Transponder will guarantee you a ^#fdd14d;Unique (XSSR)^reset; drop within the first 25 calls. After that, it will guarantee you either a ^#fdd14d;Unique (XSSR)^reset; or ^#ffffa7;Essential (SSR)^reset; drop within the next 25 calls thereafter.

If you obtain an ^#ffffa7;Essential (SSR)^reset; drop, you are guaranteed a ^#fdd14d;Unique (XSSR)^reset; drop within the next 25 calls.
"	"# ^#E2C344;보급 트랜스폰더 보장^reset;
보급 트랜스폰더는 최초 25회 호출 안에 ^#fdd14d;고유(XSSR)^reset; 보급품이 반드시 나오도록 보장합니다. 그 이후에는 매 25회 호출 안에 ^#fdd14d;고유(XSSR)^reset; 또는 ^#ffffa7;필수(SSR)^reset; 보급품이 반드시 나옵니다.

^#ffffa7;필수(SSR)^reset; 보급품을 획득했다면 다음 25회 호출 안에는 ^#fdd14d;고유(XSSR)^reset; 보급품이 반드시 나옵니다."	lines
/codex/project45/project45manual.codex.patch	/contentPages/25	"# ^#E2C344;(Quickbar) Mod Settings^reset;
If you have Stardust Core/Lite or Quickbar Mini installed, you can change the following settings:
- ^#EA9931;Performance Mode:^reset; If this setting is ticked,
  - most particles (e.g. casings, smoke) will not be emitted,
  - dynamic audio (hollow sounds, firing sound pitch changes) is disabled, and
  - screenshake, magazine animations, and lasers are disabled

"	"# ^#E2C344;(퀵바) 모드 설정^reset;
Stardust Core/Lite 또는 Quickbar Mini가 설치되어 있으면 다음 설정을 변경할 수 있습니다.
- ^#EA9931;성능 모드:^reset; 이 설정을 선택하면,
  - 탄피와 연기 등 대부분의 입자가 생성되지 않고,
  - 공허하게 울리는 소리와 사격음 높낮이 변화 같은 동적 음향이 비활성화되며,
  - 화면 흔들림, 탄창 애니메이션과 레이저가 비활성화됩니다."	lines
/codex/project45/project45manual.codex.patch	/contentPages/26	"# ^#E2C344;(Quickbar) Mod Settings^reset;
- ^#EA9931;Render Bars Beside Cursor:^reset; If this setting is ticked, the reload bar and jam bar will be rendered beside the cursor.

- ^#EA9931;Use Reload/Empty Images:^reset; If this setting is ticked, animated sprites will be used to indicate a reloading or empty gun, instead of 'R' and 'E'.
  ^#D93A3A;- Enabling Performance Mode disables this setting.^reset;
"	"# ^#E2C344;(퀵바) 모드 설정^reset;
- ^#EA9931;커서 옆에 막대 표시:^reset; 이 설정을 선택하면 재장전 막대와 총기 걸림 막대가 커서 옆에 표시됩니다.

- ^#EA9931;재장전/빈 탄창 이미지 사용:^reset; 이 설정을 선택하면 'R'과 'E' 대신 애니메이션 스프라이트로 재장전 중이거나 탄창이 비었음을 표시합니다.
  ^#D93A3A;- 성능 모드를 켜면 이 설정은 비활성화됩니다.^reset;"	lines
/codex/project45/project45manual.codex.patch	/contentPages/27	"# ^#E2C344;(Quickbar) Mod Settings^reset;  
- ^#EA9931;Accurate Reload/Charge Bars:^reset; If this setting is ticked, drawables will be used to render both the reload ranges and arrow and the charge bar progress.
  ^#D93A3A;- Enabling Performance Mode disables this setting.^reset;
"	"# ^#E2C344;(퀵바) 모드 설정^reset;  
- ^#EA9931;정밀한 재장전/충전 막대:^reset; 이 설정을 선택하면 그래픽 요소를 이용해 재장전 구간과 화살표, 충전 막대의 진행도를 표시합니다.
  ^#D93A3A;- 성능 모드를 켜면 이 설정은 비활성화됩니다.^reset;"	lines
/codex/radien/radien1.codex.patch	/longContentPages/0	이번 주 초 외곽 식민지에 대한 최근 잇따른 공격에 관한 브리핑에서 짜이의 수석 외교관을 만났어요. 그녀는 라이즌이라는 이름... 아마도 직책은 확실하지 않지만... 라이즌이라는 이름으로 불립니다. 우리와 소통할 수 있을 만큼의 커먼 언어를 구사하는 몇 안 되는 존재입니다. 그녀보다 키가 크다고 기록된 제다이도 없지 않습니까? 키로만 리더를 뽑는다면 4미터가 넘을 거예요. 12'7''(384cm)의 키로 우리 팀원들 위에 우뚝 솟아 있죠. 좀 위압적이죠. 라이즌은 별과 블랙홀 사이의 전쟁에서 어떻게 싸웠는지, 멸종 직전의 블랙홀을 구하기 위해 어떻게 별들을 몰아냈는지에 대한 이야기를 들려줍니다. 확실하지는 않지만 별들은 사실 노바키드를 가리키는 것일 수도 있다고 생각합니다. 중요한 것은 무슨 말을 했느냐가 아니라 어떻게 했느냐였습니다. 제 기억을 더듬어 보면, '스타 차일드들은 반 차일드들을 몰아내고 싶어 했습니다. 우리는 반 아이들을 도왔습니다. 그들의 성운은 안전했고, 그들을 통해 탄생이 이루어졌다' 하지만 알려진 은하계 데이터베이스에서 이 충돌에 대한 기록은 찾을 수 없습니다. 만약 그런 일이 있었다면 아주 오래전 일이지요.	"이번 주 초에 외곽 식민지들에 대한 최근 공격 사태와 관련한 브리핑에서 짜'이의 수석 외교관을 만났다. 그녀는 이름인지... 아니면 직함인지 확실치 않지만... '라이즌'이라는 이름으로 불린다. 우리와 소통할 만큼 공용어를 구사할 수 있는 몇 안 되는 개체 중 하나다. 그녀보다-그것보다? 더 큰 짜'이는 기록된 적이 없다. 만약 지도자를 키만으로 뽑는다면, 4미터가 넘는 그녀는 딱 어울릴 것이다. 12피트 7인치, 즉 384cm에 달하는 키로, 우리의 왜소한 인간 팀을 압도한다. 조금 위압적이다. 라이즌은 자신이 별과 블랙홀 사이의 전쟁에서 어떻게 싸웠는지, 그리고 거의 멸종 위기에 처한 블랙홀들을 구하기 위해 별들을 어떻게 몰아냈는지에 대한 이야기를 들려준다. 확실친 않지만, 우리는 그 '별들'이 사실 노바키드를 가리키는 것일지도 모른다고 생각한다. 중요한 건 무엇을 말했는가가 아니라 -어떻게- 말했는가였다. 기억하기로는 이랬다:

'최초자의 별-아이들은 반(反)-아이들을 몰아내고 싶어 했다. 우리는 반-아이들을 도왔다. 그들의 성운은 안전했고, 그것을 통해 탄생이 찾아왔다'.

하지만, 어떤 알려진 은하 데이터베이스에서도 이 분쟁에 대한 기록은 찾을 수 없다. 만약 그런 일이 있었다면 아주, 아주 오래전이었을 것이다."	lines
/codex/radien/radien3.codex.patch	/longContentPages/0	"짜'이의 대량 멸종과 멸종 직전의 원인은 아직까지도 논쟁의 여지가 있는 미스터리입니다. 외계인의 침략부터 유성 충돌이나 감마선 폭발과 같은 사건까지 다양한 추측이 있습니다. 무슨 일이 있었든 거의 98%가 거의 동시에 인터트 상태가 되어 핵도 함께 죽었습니다. 개인적으로는 기생충 형태의 치명적인 전염병이었다고 생각합니다. 최근 버려진 유령 마을에서 이 사건에서 살아남은 일부 짜이 코어를 연구하면서 스캔했을 때 불안한 터널의 지도를 보여주는 작은 구멍을 많이 발견했습니다. 그 안에는 작은 물체, 아마도 알 같은 것이 놓여 있었지만 샘플을 채취하려 하자 증발해 버렸습니다.'
제 가설을 통해 많은 질문에 쉽게 답할 수 있었습니다. 앞으로 더 많은 죽은 도시를 조사하면서 더 많은 숨겨진 진실을 밝혀낼 수 있을지도 모릅니다. 단 하나의 샘플만 있으면 됩니다!"	"짜'이의 집단 폐사와 거의 멸종에 이른 원인은 우리에게 논쟁 중인 미스터리다. 추측은 침략부터 운석 충돌이나 감마선 폭발 같은 사건까지 다양하다. 무슨 일이 있었든, 거의 98%가 거의 동시에 무력하게 변했고, 그들의 코어도 함께 죽어갔다.
개인적으로 나는 기생충 형태의 치명적인 전염병이었다고 믿는다. 최근 버려진 유령 도시들에서 그 사건을 견뎌낸 짜'이 코어 몇 개를 연구해 보니, 스캔했을 때 섬뜩한 터널 지도를 보여주는 작은 구멍들이 충분히 발견됐다. 안에는 작은 물체들이 놓여 있었는데, 아마 알이었겠지만, 표본 채취를 시도하자 증발해 버렸다.
내 가설이 맞다면 많은 의문이 쉽게 풀린다. 더 많은 죽은 도시를 조사하면서 앞으로 며칠 안에 더 많은 숨겨진 진실을 밝혀낼 수 있다면 우리는 운이 좋은 셈이다. 표본 하나만 있으면 되는데!"	lines
/codex/radien/radien9.codex.patch	/longContentPages/0	"짜'이는 저희 팀이 집중적으로 연구하는 주제입니다. 이들에 대해 알려진 것이 거의 없기 때문에 연구하는 것이 더 흥미로울 뿐입니다!

정확히 말하자면, 우리 대부분은 이들에 대해 생각보다 적게 알고 있지만, 그 누구보다 많이 알고 있습니다.

우리는 대부분의 역사가들이 널리 받아들이거나 고려하지 않는 몇 가지 추측을 하고 있는데, 시간이 남아 있다면 살펴보고 싶은 것이 있습니다. 외계인의 생물학적 특징 --
외계인의 체화학은 지금까지 우리 은하계에서 본 어떤 것과도 닮지 않았으며, 세포에 영향을 미치는 특별한 질병은 거의 없는 것으로 보입니다. 그들은 실리콘을 기반으로 하지만 식물의 유전적 구성과 유사한 DNA를 다량 함유하고 있습니다. 그들의 몸은 심지어 식물계와 비슷한 패턴을 따르는데, 전구를 배치하여 성숙하게 자라는 것입니다. 조건이 맞으면 전구가 '부화'하고 새로운 짜이가 태어날 수 있습니다. 안타깝게도 이런 일이 실제로 어떻게 일어나는지는 알 수 없습니다. 무성 생식 과정으로 알려져 있지만 실제로 수정이 어떻게 이루어지는지에 대한 검증이 이루어지지 않았고, 출산율이 극히 낮으며(지금까지 우리가 아는 한 지난 40년 동안 단 한 건의 출산도 이루어지지 않았습니다) 인위적으로 새로운 X'i로 개화하도록 유도할 수 있는 방법도 고안해낼 수 없었습니다. 사실, 대부분의 경우 이로 인해 식물 내부의 코어가 불안정해졌습니다. 이 식물은 강하게 밀치면 폭발하는 습성이 있기 때문에 이것은 나쁜 일입니다. 대부분의 방사능에 면역이 되어 있지 않다면 이는 매우 위험합니다. 저희 팀은 이 사실을 뼈저리게 배웠습니다. 이제 전구 실험실에서는 추가적인 예방 조치를 취하고 있습니다. X'i는 필요에 따라 이 전구를 생성하고(말하자면... 사실 배변을 연상시키는 다소 역겨운 과정입니다) 이를 이용해 자신의 몸을 물리적으로 운반할 수 있는 것 같습니다! 또한 전구의 폭발성을 이용해 위협을 막는 데도 사용하는 것을 보았습니다. 그뿐만이 아니에요! 이 전구는 또한 대부분의 예술품, 집, 무기 및 도구의 기초를 형성합니다! 자신의 조각으로 장비를 만든다고 상상해 보세요!

자이언트의 또 다른 타고난 능력은 방사능 포자 덩어리를 형성하여 물리적으로 던질 수 있다는 점입니다. 이는 전적으로 방어적인 성격을 띠는 것으로 보이며, 고대에는 자신을 보호하는 것 외에도 잠재적인 먹이원을 무력화하기 위해 사용되었을 가능성이 높습니다.

A 껍질의 경우, 짜이의 '피부'는 실제로 흑연과 매우 유사한 성질을 가지고 있는 것으로 보입니다. 그러나 흑연의 분자는 육각형 구조가 아닌 매우 특이한 팔각형 구조를 가지고 있어 차별화됩니다. 이 구조는 매우 흡수성이 뛰어나서 짜이의 방사능 대부분이 몸 밖으로 유출되지 않고 재흡수되어 핵연료로 사용됩니다.
짜이가 살아 있을 때 이 살은 더 유연하고 일반적으로 방사능 핵의 추가 단열 역할을 하는 얇은 '깃털' 층으로 코팅되어 있습니다. 깃털과 살이 결합되어 있어 방사능 에너지의 유출은 거의 제로에 가깝지만, 일단 짜이가 죽으면 즉시 핵이 불안정해지기 시작합니다. 이렇게 되면 짜이의 살은 현미경 없이는 흑연과 구별할 수 없는 돌처럼 딱딱하게 굳어버립니다. 약 12시간이 지나면 핵이 파열되어 폭발합니다. 그 결과 작은 핵 에너지가 폭발하는데, 주로 돌처럼 단단한 살의 흡수성 때문에 매우 빠르게 스스로 붕괴합니다. 이 반응이 완료되면 그들은 완전히 불활성 상태가 됩니다."	"짜'이족은 우리 팀의 연구 대상이다. 그들에 대해 알려진 게 극히 적어서, 오히려 연구하기 더 흥미롭다!

분명히 말하자면: 우리 대부분도 그들에 대해 원하는 만큼 모른다...하지만 그 누구보다는 많이 안다.

대부분의 역사학자들이 받아들이지도 고려하지도 않는 몇 가지 추측이 있는데, 다 끝나고 시간이 남으면 다뤄보고 싶다.

-- 짜'이족 생물학 노트 --
그들의 체화학은 지금까지 우리 은하에서 본 어떤 것과도 닮지 않았고, 세포에 영향을 주는 것도 거의 없다 - 특화된 질병이 그들에게 영향을 주는 몇 안 되는 것 중 하나로 보인다. 그들은 규소 기반이지만 식물의 유전 구성과 닮은 DNA를 대량으로 함유하고 있다. 그들의 몸은 식물계와 비슷한 패턴을 따르기까지 한다: 구근을 심고, 그것이 성숙한다. 조건이 맞으면 '부화'해서 새로운 짜'이가 태어날 수 있다. 이것이 실제로 일어나는 방식은 불행히도 우리를 벗어난다. 이것이 무성 과정이라고 믿어지지만, 실제로 그렇다면 수정이 어떻게 일어나는지 검증할 방법이 없다.

그들의 출생률은 극도로 낮고(우리가 아는 한 지난 40년간 산 출생은 한 건도 없었다), 식물을 인위적으로 새 짜'이로 개화시키는 방법은 고안 되지 못했다. 사실 대부분의 경우 이것이 식물 안의 코어를 불안정하게 만들었다. 이건 나쁜 일인데, 그들은 세게 흔들리면 폭발하는 버릇이 있기 때문이다. 대부분의 형태의 방사선에 면역이 아니라면 이건 각별히 위험하다. 우리 팀은 이걸 어렵게 배웠다. 이제 구근 실험실에서는 추가 주의가 지켜진다.
짜'이는 필요에 따라 이 구근들을 생성할 수 있는 것 같고(말하자면...사실 배변을 연상시키는 다소 역한 과정이다), 그것을 자신들의 몸을 물리적으로 운반하는 데 쓴다! 구근의 폭발성 측면을 위협을 물리치는 데 쓰는 것도 봤다. 그게 다가 아니다! 이 구근들은 그들의 대부분의 예술품, 집, 무기, 도구의 기반이기도 하다! 자기 몸의 일부로 장비를 만든다고 상상해봐라!

그들의 또 다른 선천적 능력은 짜'이인이 물리적으로 던질 수 있는 방사성 포자 덩어리를 만드는 것이다. 이것은 분명 전적으로 방어적 성질이며, 고대에는 자신을 지키는 것 외에 잠재적 먹이 자원을 무력화하는 데에도 쓰였을 것이다.

그들의 껍질에 대해: 짜'이의 '피부'는 사실 흑연과 매우 비슷한 성질로 보인다. 다만 분자 구조가 육각형이 아니라 매우 특이한 팔각형 구조라는 점이 다르다. 이것은 각별한 흡수성을 가진 것으로 보이며, 짜'이의 방사능 작용 대부분이 몸 밖으로 새지 않고 재흡수되어 코어의 연료로 더 쓰이게 한다.
짜'이가 살아 있을 때 이 살은 더 유연하고 일반적으로 방사성 코어를 추가로 단열하는 얇은 '깃털' 층으로 덮여 있다. 깃털과 살이 결합되면 방사성 에너지의 유출은 거의 0이다.
하지만 짜'이가 죽으면, 코어는 즉시 불안정해지기 시작한다. 이것이 일어나면 살은 돌 같은 표면으로 굳어져 현미경 없이는 흑연과 구별할 수 없다. 약 12시간 후 코어가 파열되어 폭발한다. 결과는 핵에너지의 작은 폭발로, 주로 돌 같은 살의 흡수성 때문에 매우 빠르게 자기 안으로 붕괴한다. 이 반응이 완료되면 그들은 완전히 비활성이 된다."	lines
/codex/woofie/woofie_goldenheart.codex.patch	/contentPages/0	"
    Most outlaw Woof have their own purpose, beyond simply being evil and causing chaos in the universe for their own pleasure. They choose a life of crime as a means of survival, as their race has a high birth rate.

    To ensure the survival of their offspring in harsh environments, they must produce more food. Stealing and a life of outlawry become a necessary option to sustain their lifestyle.
"	"대부분의 무법자 우프는 그저 사악하고 우주에서 자기 즐거움을 위해 혼란을 일으키는 것 이상의 목적을 가지고 있다. 그들은 생존 수단으로 범죄자의 삶을 선택하는데, 이는 그들 종족의 출산율이 높기 때문이다.

    가혹한 환경에서 후손이 살아남게 하려면, 더 많은 식량을 생산해야 한다. 도둑질과 무법자로서의 삶은 이런 생활방식을 유지하기 위한 필수적인 선택이 된다."	lines
/codex/woofie/woofie_goldenheart.codex.patch	/contentPages/1	"
    Some Woof, skilled in the ways of the outlaw, have earned respect by using their abilities to help the poor of their own race, which they have found on their path of journey.

    They adopted poor Woof villages for prioritizing on producing and trading their own products and services for insiders."	"무법자의 방식에 능숙한 일부 우프는, 여정 중에 마주친 자기 종족의 가난한 이들을 돕는 데 그 능력을 사용해 존경을 얻었다.

    그들은 내부자를 위한 자체 상품과 서비스의 생산 및 거래를 우선시하도록 가난한 우프 마을을 후원했다."	lines
/codex/woofie/woofie_mkfertilitystudy.codex.patch	/contentPages/0	"
    Observation of sw-148 to sw-169

    SW-148 to SW-157
    Pure breed Canine, 16-25 year old, healthy female subject.
    SW-158 to SW-166
    Pure breed Canine, 14-18 year old, healthy male subject.

    These female subjects have the heat cycles around 3-7 days. Prefer to separate themselves in the locked room, continuously uncontrolled whining for mating with any male."	"SW-148부터 SW-169까지 관찰

    SW-148 ~ SW-157
    순종 개과, 16-25세, 건강한 암컷 개체.
    SW-158 ~ SW-166
    순종 개과, 14-18세, 건강한 수컷 개체.

    이 암컷 개체들은 대략 3-7일 주기의 발정기를 갖는다. 잠긴 방 안에서 스스로를 격리하는 걸 선호하며, 어떤 수컷과든 짝짓기하고 싶다는 듯 끊임없이 통제 불능 상태로 낑낑거린다."	lines
/codex/woofie/woofie_mkfertilitystudy.codex.patch	/contentPages/1	"
    These young male aggressively response to the mate call by their instinct.

    Some lack of self-control attacked obstacles, try to get the female behide the well protected room and wooden cages, some of consciously male subjects decided to lock up themselves behide the metal door until the female heat pheromones faded while the less try to fight the other to protect the female subjects from being attacked."	"이 어린 수컷들은 본능적으로 짝짓기 신호에 공격적으로 반응한다.

자제력이 부족한 일부는 장애물을 공격해 잘 지켜진 방과 나무 우리 뒤에 있는 암컷에게 다가가려 했고, 의식이 온전한 수컷 실험체 일부는 암컷의 발정 페로몬이 옅어질 때까지 스스로 금속 문 뒤에 갇히기로 했으며, 나머지는 다른 수컷과 싸워 암컷 실험체가 공격받지 않도록 보호했다."	lines
/codex/woofie/woofie_mkfertilitystudy.codex.patch	/contentPages/2	"
    Their aggressive mating process around 8-12 hour or until the female heat pheromones faded after The eggs are fertilized. The aggressive of male not end up with only the female, breeding behavior use to show their power above the other male too.

    Only four female subjects get pregnant in this observation. We will put them in the nursery project to observe the Woof tribe behavior to their newborn."	"그들의 격렬한 짝짓기는 8~12시간 동안, 또는 암컷의 발정 페로몬이 수정 후 사라질 때까지 이어진다. 수컷의 공격성은 암컷에게만 향하지 않는다. 교미 행동으로 다른 수컷에게도 자신의 힘을 과시한다.

    이번 관찰에서는 암컷 대상 네 마리만 임신했다. 새끼에 대한 우프 부족의 행동을 관찰하기 위해 이들을 육아 연구 계획에 넣을 것이다."	lines
/codex/woofie/woofie_priceandtime2.codex.patch	/contentPages/2	"
    Again and again,
    until nothing standing in their way.

    In this point, Matt thought it no one could stop his captain from pickup his new girlfriend, even that ugly big guy right there."	"몇 번이고 반복해서,
    길을 막는 것이 아무것도 남지 않을 때까지.

    이 시점에서, 매트는 저 못생긴 덩치 큰 놈조차, 자신의 선장이 새 여자친구를 데리러 가는 걸 아무도 막을 수 없다고 생각했다."	lines
/codex/woofie/woofie_rottenbloodline.codex.patch	/contentPages/2	"

    I was the only one who holding the gun at that moment , decided to trade his pathetic life with my life beyond his shadow and bathing in the rain of cash."	그 순간 총을 들고 있던 건 나뿐이었고, 그는 자신의 하찮은 그림자 너머의 삶과 현금비를 맞으며 사는 내 삶을 맞바꾸기로 했다.	lines
/codex/woofie/woofie_scientificcommunity.codex.patch	/contentPages/0	"


    I have read a few of the newly leaked Minkong lab research papers that have been controversial in the scientific community in recent days.

    It's a bold decision by whoever leaked this information about these uncivilized projects."	"최근 며칠 사이 과학계에서 논란이 된 미니크녹 연구소 연구 자료 유출본을 몇 개 읽어봤어.

    이렇게 비인도적인 프로젝트에 대한 정보를 유출한 사람이 누구든, 대담한 결정이었어."	lines
/codex/woofie/woofie_scientificcommunity.codex.patch	/contentPages/1	"

    The science societies have decided to enact new laws governing scientific testing on living beings.

    These laws will apply to all undiscovered species, not just intelligent creatures. While this may slow the pace of scientific discovery, it will ultimately benefit all life in the universe."	"과학 협회들이 살아 있는 생명체에 대한 과학 실험을 규제할 새로운 법률을 제정하기로 했다.

    이 법률은 지적 생물뿐 아니라 아직 발견되지 않은 모든 종에도 적용된다. 과학적 발견의 속도는 늦어질 수 있지만, 결국 우주의 모든 생명에 도움이 될 것이다."	lines
/codex/woofie/woofie_themonkeybusiness.codex.patch	/contentPages/0	"
    Danny has been frequently visiting Minkong's lab lately as she heard about a new high potential defense technology from many of her Apex friends.
    In the past, Danny sent one of the smart young Woolotl in her care to learn many blueprints of Apex technologies. but this one, the defense technology is beyond her trading contact with the Apex lab's principal, so her hiring us for stealing the blueprint for her own uses."	"대니는 요즘 밍콩의 연구실을 자주 찾고 있는데, 그녀의 에이펙스 친구들에게서 잠재력이 높은 새로운 방어 기술에 대해 들었기 때문입니다.
    과거에 대니는 자신이 돌보던 영리하고 어린 울로틀 한 명을 보내 에이펙스 기술의 여러 설계도를 배우게 한 적이 있습니다. 하지만 이번 방어 기술은 에이펙스 연구소 소장과의 거래 인맥으로도 손이 닿지 않는 수준이라, 그녀는 자신을 위해 설계도를 훔쳐올 우리를 고용했습니다."	lines
/codex/woofie/woofie_themonkeybusiness.codex.patch	/contentPages/1	"
    But we also secretly made some of the copy of the blueprint. In case anyone in HQ is interested in this new apex technology, we gladly sell it at a fair price.

                - Frank and his associates"	"하지만 저희는 설계도 사본도 몰래 몇 장 만들었습니다. 본부에 이 새로운 에이펙스 기술에 관심 있는 분이 계시다면, 저희가 기꺼이 합리적인 가격에 판매하겠습니다.

                - 프랭크와 동료들 드림"	lines
/codex/woofie/woofie_woofpackbehavior.codex.patch	/contentPages/0	"
    By the nature, Most of Woof race lives together as a group of family members. Sometimes, the Woof pack is simply a gathering group of strangers who decides to live together only for strength of their pack.

    However, A fews of Woof choosing to living as pair of partnership. And below than one percent of chance decided to live carefree life by themselves."	"본성상, 대부분의 우프 종족은 가족 구성원 집단으로 함께 산다. 때로는, 우프 무리가 단지 힘을 위해 함께 살기로 한 낯선 이들의 모임인 경우도 있다.

    하지만, 소수의 우프는 짝을 이루어 사는 것을 선택한다. 그리고 1% 미만의 확률로 혼자서 근심 없는 삶을 살기로 결정한다."	lines
/codex/woofie/woofie_woofpackbehavior.codex.patch	/contentPages/1	"
    Most packs have around 6-12 members who live together in the same place, such as on a spaceship or a planetary den. They prioritize the care of their pack members over outsiders, giving the weak first priority.

    While fights within the pack are common, the percentage of members being expelled from their own bloodline is almost zero compared to the packs of the Woof, which consist of members from different bloodlines."	"대부분의 무리는 우주선이나 행성의 굴 같은 곳에서 함께 사는 6~12명 정도의 구성원으로 이루어진다. 이들은 외부인보다 무리 구성원의 보살핌을 우선시하며, 약자에게 최우선권을 준다.

    무리 내부의 다툼은 흔하지만, 서로 다른 혈통의 구성원들로 이루어진 우프의 무리와 비교하면, 자기 혈통 안에서 추방당하는 구성원의 비율은 거의 0에 가깝다."	lines
/codex/woofie/woofiediary.codex.patch	/contentPages/0	"

^#ba4030;I'm^reset; on hunting mission on a Mid-Night planet w^#ba4030;ith th^reset;e pack. our two man kneeled for ^#ba4030;the Grim on the first^reset; encounter ^#ba4030;with the target. the^reset; youngest hurt ^#ba4030;badly , he may not^reset; survive this night.

    Only ^#ba4030;me n^reset;ow...
    No^#ba4030;thing I^reset; can do more ^#ba4030;than sharpen^reset; my teeth and compleate the ^#ba4030;hunt by^reset; myself."	"^#ba4030;나는^reset; 지금 무리와 함께 ^#ba4030;미드나이트 행성^reset;에서 ^#ba4030;사냥 임무^reset; 중이다. 우리 두 명이 목표와의 첫 조우에서 ^#ba4030;그림에게^reset; 무릎을 꿇었다. ^#ba4030;막내가 심하게^reset; 다쳐, 오늘밤을 ^#ba4030;넘기지 못할^reset; 것이다.

    이제 ^#ba4030;나만^reset; 남았다...
    이제 할 수 있는 건 ^#ba4030;이를 갈고^reset; 혼자서 ^#ba4030;사냥을 완수하는 것^reset;뿐이다."	lines
/dialog/converse.config.patch	/converse/nightar/fukirhos/2	부질없는 협상은 그만두고, 썩 꺼져라, <entityname>.	쓸데없는 담판은 그만하고 사라져라, <실체명>.	ph
/dialog/converse.config.patch	/converse/nightar/fukirhos/7	키르호시 놀음은 안 돼, <entityname>. 네 욕심은 챙겨서 꺼져.	키르호시 게임은 안 된다, <실체명>. 욕심 버리고 꺼져라.	ph
/dialog/converse.config.patch	/converse/nightar/shadow/0	근원이시여, 여기선 환영받는다고 생각하세요, <entityname>.	근원의 <실체명>, 이곳에 온 걸 환영한다.	ph
/dialog/converse.config.patch	/greeting/nightar/shadow/1	우리가 만나는 시각에 별이 빛나는군, <entityname>.	우리 만남의 시간에 별이 빛나네, <실체이름>.	ph
/dialog/converse.config.patch	/greeting/shadow/shadow/0	우리가 만나는 시각에 별이 빛나는군, <entityname>.	우리 만남의 시간에 별이 빛납니다, <아이덴티티 이름>.	ph
/dialog/tentacles/proximity.config.patch	/15/text	"   ^gray;*Splurt~*
^white;Cumming!! ^red;«
"	"^gray;*쭈읍~*
^white;싼다!! ^red;«"	lines
/ffs_weapons/ffs_0_cultist/ffs_molotov_cultist/ffs_molotov_cultist.activeitem.patch	/description	"
^red;YOU SHOULD NOT HAVE THIS!!."	^red;당신은 이걸 가지면 안 된다!!.	lines
/ffs_weapons/ffs_0_cultist/ffs_spanner/ffs_spanner.activeitem.patch	/description	"^#ffb73b;Manuf. ffs_spanner
^#7c7c7c;ffs_spanner : ^white;ffs_spanner










"	"^#ffb73b;제조사: ffs_spanner
^#7c7c7c;ffs_spanner : ^white;ffs_spanner"	lines
/ffs_weapons/ffs_1_pst/ffs_beretta92/ffs_beretta92_onehand.activeitem.patch	/description	"^#ffb73b;제조사: 베레타
^#7c7c7c;1티어 : 민간 제식
^#7c7c7c;조준 속도 : ^white;0.1s
^#7c7c7c;장착 속도 : ^green;0.5s
^#7c7c7c;LMB=사격 : ^white;9×19mm Parabellum

^#7c7c7c;자동 재장전 속도 : ^white;1s
^#7c7c7c;탄도 사양 : 7.45g × 380m/s × 1/1000 = 2.831 = ^white;2.8/발
^#7c7c7c;탄도 효과 : FMJ = ^#fff700;20% 치명타
^#7c7c7c;유효 사거리·명중률 : ^white;50블록 & 90%
^#7c7c7c;방아쇠 기구 : 직동 슬라이드 = ^white;0.2s/발
^#7c7c7c;급탄 : 박스 탄창 = ^white;8발
^#7c7c7c;부착물 : ^white;한손, ^red;1H 명중률 페널티!"	"^#ffb73b;제조. 파브리카 다르미 피에트로 베레타
^#7c7c7c;1티어 : 민간용
^#7c7c7c;조준 속도 : ^white;0.1s
^#7c7c7c;장착 속도 : ^green;0.5s
^#7c7c7c;LMB=사격 : ^white;9×19mm 파라벨럼

^#7c7c7c;자동 재장전 속도 : ^white;1s
^#7c7c7c;탄도 사양 : 7.45g × 380m/s × 1/1000 = 2.831 = ^white;2.8/발
^#7c7c7c;탄도 효과 : FMJ = ^#fff700;40% 치명타
^#7c7c7c;유효 사거리·명중률 : ^white;50블록 & 90%
^#7c7c7c;방아쇠 기구 : 직동 슬라이드 = ^white;0.2s/발
^#7c7c7c;급탄 : 박스 탄창 = ^white;8발
^#7c7c7c;부착물 : ^white;한손"	tags
/interface/RPGskillbook/RPGskillbook.config.patch	/gui/infolayout/children/displaystats/value	"Amount:

            Bonus Health:

            Bonus Energy:

            Energy Recharge Rate:

            Energy Recharge Delay:

            Hunger:

            Physical Resistance:

            Poison Resistance:

            Frost Resistance:

            Fire Resistance:

            Electric Resistance:

            Knockback Resistance:

            Fall Damage Multiplier:

            Shield Health Multiplier:

            Bleed Chance:

            Bleed Length:
"	"수량:

            보너스 체력:

            보너스 에너지:

            에너지 재생 속도:

            에너지 재생 지연:

            배고픔:

            물리 저항:

            독 저항:

            냉기 저항:

            화염 저항:

            전기 저항:

            넉백 저항:

            낙하 피해 배율:

            방패 체력 배율:

            출혈 확률:

            출혈 지속:"	lines
/interface/RPGskillbook/RPGskillbook.config.patch	/gui/professionslayout/children/subtitle/value	"직업은 귀중한 자산이며 ^yellow;1000 픽셀^white;로 해금할 수 있습니다.
직업은 언제든 바꿀 수 있습니다."	"직업은 귀중한 자산이며 ^yellow;1000 픽셀로 선택할 수 있습니다.
^red;직업은 언제든 그만둘 수 있지만 다시 선택하려면 또 지불해야 합니다!"	tags
/interface/RPGskillbook/RPGskillbook.config.patch	/gui/masterylayout/children/refinetext/value	"

Refine your extra Experience into a powerful substance.
^red;Every 10000 Experience refines into 1 Mastery!^reset;"	"남는 경험치를 강력한 물질로 정제하세요.
^red;경험치 10000마다 마스터리 1로 정제됩니다!^reset;"	lines
/interface/confirmation/arcana_confirmation_teleport.config.patch	/seekerIntro/message	"

Are you ready to start the ^orange;Seeker Trial?^reset;
^red;It's recommended to complete this mission without any equipment or stat boosts.^reset;"	"^orange;구도자의 시련^reset;을 시작할 준비가 되었나요?
^red;이 임무는 장비나 능력치 강화 없이 완료하는 것을 권장합니다.^reset;"	lines
/interface/confirmation/arcana_confirmation_teleport.config.patch	/desertstart/message	"

Are you ready to start the trek to the ^orange;Lodestar Temple?^reset;
^red;It's recommended to have at least Tier 1 or Tier 2 equipment before entering.^reset;"	"^orange;로드스타 신전^reset;으로 가는 여정을 시작할 준비가 되었나요?
^red;진입하기 전에 최소 1티어나 2티어 장비를 갖추는 것을 권장합니다.^reset;"	lines
/interface/confirmation/atprk_teleportconfirmation.config.patch	/atprk_devoutattackmission/message	"

Ready to explore the Cryogenic Tomb?
^red;You'll want to have very good equipment for this."	"냉동 무덤을 탐험할 준비가 되었나요?
^red;이곳에는 아주 좋은 장비가 필요할 겁니다."	lines
/interface/confirmation/atprk_teleportconfirmation.config.patch	/atprk_4drifttutorial/message	"

Are you ready for me to deploy you to the ^orange;dimensional tunnel^white;? 
^red;Don't forget to equip the ^orange;Riftdiver mech body^red;, a mining tool, and a ranged weapon!"	"^orange;차원 터널^white;로 당신을 보낼 준비가 되었나요? 
^red;^orange;리프트다이버 메크 본체^red;와 채광 도구, 원거리 무기 장착을 잊지 마세요!"	lines
/interface/confirmation/atprk_teleportconfirmation.config.patch	/atprk_mechbotchallenge1/message	"

Are you ready?
^red;You'll have to pilot a mech with a predetermined loadout."	"준비되었나요?
^red;정해진 장비를 갖춘 메크를 조종하셔야 합니다."	lines
/interface/confirmation/atprk_teleportconfirmation.config.patch	/atprk_mechbotchallenge2/message	"

Are you prepared?
^red;You'll have to pilot a mech with a predetermined loadout."	"준비되었나요?
^red;정해진 장비를 갖춘 메크를 조종하셔야 합니다."	lines
/interface/confirmation/atprk_teleportconfirmation.config.patch	/atprk_mechbotchallenge3/message	"

Ready to go?
^red;You'll have to pilot a mech with a predetermined loadout."	"준비됐나요?
^red;미리 정해진 장비로 메크를 조종해야 할 겁니다."	lines
/interface/confirmation/gico_teleportconfirmation.config.patch	/gico_village_outskirts_confirmation/message	"

Gunfire and explosions can be heard outside. Looks like the humans are already beginning their counter attack."	밖에서 총성과 폭발음이 들립니다. 인간들이 벌써 반격을 시작한 모양입니다.	lines
/interface/scripted/NpcMenu/modConfig.config.patch	/infoDescription/Generate/9/detail	"


The Container layout is as follows (The S in SPrimary/SAlt represents sheathed):"	컨테이너 배치는 다음과 같다 (SPrimary/SAlt의 S는 집어넣음을 의미):	lines
/interface/scripted/NpcMenu/modConfigv2.config.patch	/infoDescription/Generate/9/detail	"


The Container layout is as follows (The S in SPrimary/SAlt represents sheathed):"	컨테이너 배치는 다음과 같다 (SPrimary/SAlt의 S는 집어넣음을 의미):	lines
/interface/scripted/arcana_books/arcana_guideBook.config.patch	/gui/tutorialPane/children/tutorialArea/children/label_0/value	"아르카나에 오신 것을 환영합니다! 이것은 이 모드 콘텐츠를 시작하기 위한 간단한 안내서로, 아르카나의 새로운 별 세 개의 진행법도 다룹니다.
이 안내서는 Voyage 모드 소개도 제공합니다."	아르카나에 오신 것을 환영합니다! 이것은 이 모드 콘텐츠를 시작하기 위한 간단한 안내서로, 아르카나의 새로운 별 세 개의 진행법도 다룹니다.	lines
/interface/scripted/shuttlecraftscanner/config_npcshuttlecraft/config_scannersignals.config.patch	/flightcontrol_signal_science/responseTextAllow/hostile/0	"Response: ^white;Yes. You will make an excellent
  test subject for our... Experiments.
  "	"응답: ^white;그래. 넌 우리의... 실험에
  훌륭한 실험체가 되어줄 거다."	lines
/interface/tooltips/cp_custom_largebase_armor.tooltip.patch	/instructionLabel/value	"Install [GiC] TRINKETS


"	[GiC] 장신구 설치	lines
/interface/tooltips/esc_largebase_stratagems.tooltip.patch	/instructionLabel/value	"Install [GIC:E] Offensive Stratagems


"	[GIC:E] 공격 전략 설치	lines
/interface/tooltips/esc_largebase_stratagems.tooltip.patch	/instructionLabel2/value	"Install [GIC:E] Defensive Stratagems


"	[GIC:E] 방어 전략 설치	lines
/interface/tooltips/esc_largebase_stratagems.tooltip.patch	/instructionLabel3/value	"Install [GIC:E] Supportive Stratagems


"	[GIC:E] 지원 전략 설치	lines
/items/AUGMENTS/TRINKETS/AFFLICTED/gic_defensediverter.augment.patch	/description	"''We would use anything in our fight against the Abyss. Stimulants, Shields, even tinkering with our very genes to give us a combat edge. Anything to keep the fight going against an enemy more relentless than the drone hordes.''

^orange;Gain a ^#C8FAFA;HIT-SHIELD^orange; layer that absorbs one hit | 20s cooldown | Stacks with other ^#C8FAFA;HIT-SHIELDS.^reset;

^red;Reduces MAX HP by -20% when on cooldown.^reset;"	"''심연과의 싸움에서 우리는 뭐든 썼다. 각성제, 방패, 심지어 전투 우위를 얻으려고 우리 유전자까지 손댔다. 드론 떼거리보다 더 집요한 적을 상대로 싸움을 이어가기 위해서는 뭐든.''

^orange;한 번의 피격을 흡수하는 ^#C8FAFA;HIT-SHIELD^orange; 층 획득 | 재사용 대기 20초 | 다른 ^#C8FAFA;HIT-SHIELD^orange;와 중첩.^reset;

^red;재사용 대기 중 최대 체력 -20%.^reset;"	tags
/items/AUGMENTS/TRINKETS/GARDEN/gic_goldencross.augment.patch	/description	"''Enter through the narrow gate; for the gate is wide and the way is broad that leads to destruction, and there are many who enter through it. For the gate is small and the way is narrow that leads to life, and there are few who find it'' - Matthew 7:13-14
A cross made of gold, Given by an unknown young man from New Holbeck to you and Kasa.
^orange;Gain a ^#C8FAFA;HIT-SHIELD^orange; layer that absorbs one hit | 55s cooldown | Entering cooldown procs 1s of DMG IMMUNITY | Stacks with other ^#C8FAFA;HIT-SHIELDS.^reset;"	"''좁은 문으로 들어가라. 멸망으로 이끄는 문은 넓고 길은 널찍하여 거기로 들어가는 자가 많고, 생명으로 이끄는 문은 좁고 길은 좁아 찾는 이가 적도다.'' - 마태복음 7:13-14
뉴 홀벡의 이름 모를 청년이 너와 카사에게 준, 금으로 만든 십자가.
^orange;한 번의 피격을 흡수하는 ^#C8FAFA;HIT-SHIELD^orange; 층 획득 | 재사용 대기 55초 | 재사용 대기 돌입 시 1초 피해 면역 발동 | 다른 ^#C8FAFA;HIT-SHIELD^orange;와 중첩.^reset;"	tags
/items/AUGMENTS/TRINKETS/KHURTOVYNA/gic_frostmoon_artifact.augment.patch	/description	"''It's getting dark. If you get lost it's alright, for now. I hope you enjoy the shooting stars. Rest in peace.''

^green;+50HP.^reset;
^yellow;-50HP/s when ABOVE 50% HP | -50HP/s when ABOVE 75% HP.^reset;
^orange;Gain a ^#C8FAFA;HIT-SHIELD^orange; layer that absorbs one hit | 20s cooldown | Stacks with other ^#C8FAFA;HIT-SHIELDS.^reset;"	"''어두워지고 있어. 길을 잃어도 괜찮아, 지금은. 유성을 즐기길 바라. 편히 잠들길.''

^green;+50HP.^reset;
^yellow;체력 50% 초과일 때 초당 -50HP | 체력 75% 초과일 때 초당 -50HP.^reset;
^orange;한 번의 피격을 흡수하는 ^#C8FAFA;HIT-SHIELD^orange; 층 획득 | 재사용 대기 20초 | 다른 ^#C8FAFA;HIT-SHIELD^orange;와 중첩.^reset;"	tags
/items/AUGMENTS/TRINKETS/PROTECTED/gic_hardlightmicrogenerator.augment.patch	/description	"''Humanity has created a surprising number of inventions that spurred violence. They assured us it was necessary, and in truth, once in our long history, it actually proved to be so. Was it enough to justify the millions dead for the sake of peace? They spent a great deal of effort assuring us it was.''

^orange;Gain a ^#C8FAFA;HIT-SHIELD^orange; layer that absorbs one hit | 35s cooldown | Stacks with other ^#C8FAFA;HIT-SHIELDS.^reset;"	"''인류는 폭력을 부추긴 놀라운 수의 발명품을 만들어 왔다. 그들은 그게 필요하다고 우리를 설득했고, 실제로 우리의 긴 역사에서 한 번은 그게 입증되기도 했다. 평화를 위한 수백만의 죽음을 정당화하기에 충분했는가? 그들은 그렇다고 우리를 설득하는 데 상당한 노력을 들였다.''

^orange;한 번의 피격을 흡수하는 ^#C8FAFA;HIT-SHIELD^orange; 층 획득 | 재사용 대기 35초 | 다른 ^#C8FAFA;HIT-SHIELD^orange;와 중첩.^reset;"	tags
/items/AUGMENTS/TRINKETS/UNUSED/gic_caligae.augment.patch	/description	"''Who the hell names an Emperor after a pair of shoes!?''

Caligae (Latin; singular caliga) are heavy-soled hobnailed military sandal-boots that were worn as standard issue by Roman legionary foot-soldiers and auxiliaries, including cavalry.

^green;+50HP and +100% KNOCKBACK Resistance when using a ^#EFE1B6;Formation Weapon.^reset;"	"''도대체 어떤 놈이 황제 이름을 신발 한 짝으로 짓냐!?''

칼리가(라틴어; 단수 caliga)는 로마 군단 보병과 보조병, 기병을 포함해 제식으로 신은 무거운 밑창에 못이 박힌 군용 샌들부츠다.

^green;^#EFE1B6;진형 무기^reset; 사용 시 +50HP와 넉백 저항 +100%.^reset;"	tags
/items/AUGMENTS/TRINKETS/UNUSED/gic_daredevilsamulet.augment.patch	/description	"''Some folks thrive on danger. Don't live long. But damn they're fun to watch.''

^yellow;Affects EWS/GIC weapons only | Some weapons are unaffected.^reset;

^green;Reloading does not consume ammunition with EWS/GiC Weapons when ^red;BELOW 20% HP.^reset;"	"''위험에서 번창하는 놈들이 있지. 오래 못 살아. 하지만 보는 맛은 절로 나지.''

^yellow;EWS/GIC 무기에만 적용 | 일부 무기는 영향 없음.^reset;

^green;^red;체력 20% 미만^reset;일 때 EWS/GiC 무기 재장전이 탄약을 소모하지 않는다.^reset;"	tags
/items/COMMODITIES/ARCHTYPE/gico_sake/gico_sake.consumable.patch	/description	"Alcoholic beverage that is common as water within the youkai forces and native human villages. It is more often found in youkai garrisons as both the Lion and Crown Federation as a whole forbade soldiers from drinking unless they were on leave. It is not uncommon for soldiers to find empty sake bottles lying around the battlefield due to its widespread consumption.
  
  
"	요괴군과 토착 인간 마을에서 물처럼 흔한 알코올 음료. 사자와 황관 연방 모두 휴가 중이 아니면 병사들의 음주를 금지했기에, 요괴 주둔지에서 더 흔하게 발견된다. 워낙 널리 소비되어 전장 곳곳에서 빈 사케 병을 발견하는 것도 드문 일이 아니다.	lines
/items/MEDICAL/BUFF/gico_lion_pink_potion.consumable.patch	/description	"
  
^orange;Swinging a melee weapon fires a HOMING CHERRY BLOSSOM that will speed up and become ^reset;^red;INDISCRIMINATE^reset;^orange; in 3s if it doesn't hit anything. | 3s Cooldown | 120s Duration^reset;
^#c93d3d;Applies Potion Overload. | 120s Duration^reset;"	"^orange;근접 무기를 휘두르면 가속하는 유도 벚꽃이 발사되고, 아무것도 맞히지 못하면 3초 후 ^reset;^red;무차별^reset;^orange;화 된다. | 재사용 3초 | 지속 120초^reset;
^#c93d3d;물약 과부하 적용. | 지속 120초^reset;"	lines
/items/SHIELDS/esc_nt_bubbleshield/esc_nt_bubbleshield.activeitem.patch	/description	" 
  
^orange;Cold-Blooded: 450HP STABILITY | 70% DEF.^white;
^#D6DFFF;Shield Bash: Moving at great speeds and colliding with an enemy will deal damage based on the speed of the user. Cannot perfect-block.^white;"	"^orange;냉혈: 450HP 안정성 | 방어력 70%^white;
^#D6DFFF;방패 강타: 고속으로 움직여 적과 충돌하면 사용자의 속도에 비례한 피해를 준다. 완전 방어 불가.^white;"	lines
/items/SHIELDS/esc_towershield_support/esc_towershield_support.activeitem.patch	/description	"
  
^orange;Table Stance: 1600HP STABILITY | 90% DEF.^white;

^#D6DFFF;Shield Bash: Moving at great speeds and colliding with an enemy will deal damage based on the speed of the user. Cannot perfect-block.^white;"	"^orange;탁자 자세: 안정성 1600HP | 방어력 90%.^white;

^#D6DFFF;방패 강타: 빠르게 이동하며 적과 충돌하면 사용자의 속도에 비례한 피해를 준다. 퍼펙트 블록은 할 수 없다.^white;"	lines
/items/SHIELDS/esc_towershield_support/esc_towershield_support_npc.activeitem.patch	/description	"
  
^orange;Table Stance: 1600HP STABILITY | 90% DEF.^white;

^#D6DFFF;Shield Bash: Moving at great speeds and colliding with an enemy will deal damage based on the speed of the user. Cannot perfect-block.^white;"	"^orange;탁자 자세: 안정성 1600HP | 방어력 90%.^white;

^#D6DFFF;방패 강타: 빠르게 이동하며 적과 충돌하면 사용자의 속도에 비례한 피해를 준다. 퍼펙트 블록은 할 수 없다.^white;"	lines
/items/WEAPONS/GICEXP/esc_dcbren2/esc_dcbren2_npc.activeitem.patch	/description	"

Uses STANAG-FEDERATSIYA 5.56x45mm magazines.

^green;Hold down ""Alt Fire"" to switch between Full Auto and Semi-Auto.^reset;"	"STANAG-FEDERATSIYA 5.56x45mm 탄창을 사용한다.

^green;""보조 발사""를 누르고 있으면 완전 자동과 반자동을 전환한다.^reset;"	lines
/items/WEAPONS/GICEXP/gicexp_electrobaton/gicexp_electrobaton.activeitem.patch	/description	"
The PROVA is a melee weapon that delivers a high-intensity shock to its target.
^green;1s STUN per hit.^white;"	"PROVA는 목표에 고강도 전격을 가하는 근접 무기다.
^green;타격당 1초 기절.^white;"	lines
/items/WEAPONS/GICEXP/gicexp_ts12/gicexp_ts12.activeitem.patch	/description	"
  Uses 18.50x70mm Shotgun Shells."	18.50x70mm 산탄을 사용한다.	lines
/items/WEAPONS/MELEE/ESCALATE/esc_powerpickaxe/esc_powerpickaxe_player.activeitem.patch	/description	"''Heave, Ho, for Rock and Stone
Bend your backs to take your Gold
Dark and Dirt is what we know
Deep in Rock is where we go.''

^orange;Industrial Origins: Breaks foreground blocks on first strike.
^#D6DFFF;Underground Underdog: Deals 3s [GiC] BOSS-BLEED and 2x DMG on first strike^white; | ^orange;First attack is Armor-Piercing, dealing 50 TRUE damage."	"''이야, 바위를 친다
금 얻기 위해 허리 굽히고
어둠과 먼지가 우리가 아는 것
바위 속 깊은 곳으로 가.''^orange;산업 기원: 첫 공격 시 전경 블록을 부순다.^#D6DFFF;어두운 지하세계: [GiC] 보스에게 3초 보스 출혈을 유발하고 첫 공격 시 2배 피해를 줌.^white;^orange;첫 공격은 50 실제 피해를 주며 방어를 꿰뚫습니다."	lines
/items/WEAPONS/MELEE/PLAYER/cp_sladge_hammer/cp_sladge_hammer_old.activeitem.patch	/description	"In a world of madness and ghosts, one man had a simple rule for any entity, dead or alive, that resided on his property:
''IF YOU STAY, THEN YOU PAY.''
^#E2006D;Multiversal Shattering: Obliterates a target's defenses for 5 seconds.^white;
^yellow;Material Freebooter: Killing blows on most anomalies confers microcredits as loot.^white;"	"광기와 유령의 세계에서, 한 남자는 자신의 재산 안에 살며 죽었거나 살아있는 모든 존재에 대한 간단한 규칙을 가지고 있었습니다:
''남아있다면, 대가를 치러야 한다.''^#E2006D;다중우주 붕괴: 대상의 방어를 5초 동안 소멸시킵니다.^white;^yellow;물질 자유 약탈자: 대다수의 이상 현상에 대한 최종 타격이 루트로써 마이크로크레딧을 제공합니다.^white;"	lines
/items/WEAPONS/RANGED/COPSC/gicexp_copsc_gaussrifle/gicexp_copsc_gaussrifle_npc.activeitem.patch	/description	"''Troopers, ready for action.''
Standard issue heavy gauss rifle for COPSC Zone Troopers, with enough power to knock down powerarmor units, heavy synths, drones or light armor vehicles.

Uses 30rnd COPSC 10.36x77mm magazines.
"	"''트루퍼, 출동 준비.''
COPSC 존 트루퍼의 표준 지급 중형 가우스 소총. 파워 아머 유닛, 중형 합성체, 드론, 경장갑차를 쓰러뜨릴 만큼 강력하다.

30발들이 COPSC 10.36x77mm 탄창을 사용한다."	lines
/items/WEAPONS/RANGED/UNITED_SYSTEMS/esc_ks23m/esc_ks23_pmc.activeitem.patch	/description	"''These PMC always appear in conflict areas. The United Systems sends these 'Agents' for political considerations''
KS-23 Shot Gun with Summitco upgrade kits. Specifically designed for CQB combat.
Uses 23x75mm shell.
 ^#EA3C0B;Point Blank Cannonade:Extreme-High damage when in the point-blank range, but x0.25 damage when out of the point-blank range^reset;
"	"''이 민간 군사 기업은 늘 분쟁 지역에 나타난다. 연합 시스템이 정치적인 이유로 이 '요원'들을 보낸다''
서밋코 개량 키트를 장착한 KS-23 산탄총. 근접 전투용으로 특별히 설계되었다.
23x75mm 탄을 사용한다.
 ^#EA3C0B;근접 포격: 근접 사거리에서는 피해가 극도로 높지만, 근접 사거리를 벗어나면 피해가 0.25배가 된다^reset;"	lines
/items/WEAPONS/SPECIAL/bo_winchester/bo_winchester.activeitem.patch	/description	"The modernized Winchester lever-action rifle refers to a version that preserves the classic design and operating mechanism while incorporating modern technology and materials to enhance performance, durability, and user convenience. These upgrades are aimed at strengthening its traditional purposes, such as hunting and sport shooting, or meeting contemporary tactical demands.
^yellow;Uses 6x52mm ammunition.
^orange;NEVER FADE AWAY: Can deal more damage to the Boss monster.
  "	"현대화된 윈체스터 레버액션 소총은 고전적인 설계와 작동 방식은 유지하면서 현대 기술과 재료로 성능, 내구성, 편의성을 높인 버전이다. 이러한 개선은 사냥과 스포츠 사격 같은 전통적인 용도를 강화하거나 현대의 전술적 요구를 충족하기 위한 것이다.
^yellow;6x52mm 탄약 사용.
^orange;NEVER FADE AWAY: 보스 몬스터에게 더 많은 피해를 줄 수 있다."	lines
/items/WEAPONS/SPECIAL/gic_remotelydetonated_explosives/esc_remotesatchelcharge.activeitem.patch	/description	"

Be it an obstacle or a particularly thickheaded adversary, a good ol' Satchel Charge usually gets the job done. Stand well back before hitting the trigger.
^orange;Requires a Remote Detonator.^reset;"	"장애물이든 특히 아둔한 적이든, 이 오래된 새첼 폭약이면 대개 일이 해결된다. 방아쇠를 당기기 전에 충분히 멀리 물러서라.
^orange;원격 기폭 장치 필요.^reset;"	lines
/items/active/alta/tools/lights/flashlight/ct_alta_flashlight.flashlight.patch	/upgradeParameters/shortdescription	Enhanced Flashlight ^#8020f0;^reset;	강화 손전등 ^#8020f0;^reset;	glyphs
/items/active/alta/tools/plant/omni/ct_colorful_grass_seeds.thrownitem.patch	/shortdescription	Omni Colorful Seeds ^#8020f0;^reset;	옴니 알록달록 씨앗 ^#8020f0;^reset;	glyphs
/items/active/alta/tools/plant/omni/ct_crimson_grass_seeds.thrownitem.patch	/shortdescription	Omni Crimson Seeds ^#8020f0;^reset;	옴니 크림슨 씨앗 ^#8020f0;^reset;	glyphs
/items/active/alta/tools/plant/omni/ct_flowery_grass_seeds.thrownitem.patch	/shortdescription	Omni Flowery Seeds ^#2080f0;^reset;	옴니 꽃덮인 씨앗 ^#2080f0;^reset;	glyphs
/items/active/alta/tools/plant/omni/ct_grass_seeds.thrownitem.patch	/shortdescription	Omni Grass Seeds ^#2080f0;^reset;	옴니 풀 씨앗 ^#2080f0;^reset;	glyphs
/items/active/alta/tools/plant/omni/ct_lush_grass_seeds.thrownitem.patch	/shortdescription	Omni Lush Seeds ^#2080f0;^reset;	옴니 우거진 씨앗 ^#2080f0;^reset;	glyphs
/items/active/alta/tools/plant/omni/ct_mical_grass_seeds.thrownitem.patch	/shortdescription	Omni Mical Seeds ^#8020f0;^reset;	옴니 미칼 씨앗 ^#8020f0;^reset;	glyphs
/items/active/alta/tools/plant/omni/ct_warped_grass_seeds.thrownitem.patch	/shortdescription	Omni Warped Seeds ^#8020f0;^reset;	옴니 뒤틀린 씨앗 ^#8020f0;^reset;	glyphs
/items/active/shields/hellishshield1.activeitem.patch	/description	"공포로부터 지키는 지옥 방패.
^green;면역: 광기^reset;"	공포로부터 지키는 지옥 방패..	tags,lines
/items/active/shields/hellishshield2.activeitem.patch	/description	"공포로부터 지키는 지옥 방패.
^green;면역: 광기^reset;"	공포로부터 지키는 지옥 방패..	tags,lines
/items/active/shields/r-guardianshield.activeitem.patch	/description	행성 수호자 로고를 본떠 만든 의식용 방패. ^green;낙하 피해 -10%^reset;, ^cyan;면역: 감전^reset;	행성 가디언즈 로고를 본떠 만든 의식용 방패.	tags
/items/active/shpd_unsorted/book.activeitem.patch	/tooltipFields/descriptionBLabel	"

^#ff0;Practical Applications of Alchemy."	^#ff0;연금술의 실용적 응용.	lines
/items/active/specweapons/saboteur/overcharge.activeitem.patch	/description	"

^green;Causes Overload."	^green;과부하를 유발한다.	lines
/items/active/specweapons/saboteur/sarin.activeitem.patch	/description	"

^green;Attack foes to infect them with Spores. Spored enemies that get hit infect nearby enemies with Spores."	^green;적을 공격해 포자에 감염시킨다. 포자에 감염된 적이 맞으면 주변 적도 포자에 감염된다.	lines
/items/active/weapons/bow/zerchesiumbow/zerchesiumbow.activeitem.patch	/description	"서늘한 위협으로 가득합니다.
^cyan;적을 둔화시킵니다^rseet;"	"서늘한 위협으로 가득하다.
^cyan;적을 둔화시킨다^reset;"	tags
/items/active/weapons/melee/axe/irradiumaxe.activeitem.patch	/description	정제된 방사능 무기입니다.^cyan;방사능 화상 유발함^reset;	"정제된 이라듐 무기.
^cyan;방사능 화상 부여^reset;"	lines
/items/active/weapons/melee/broadsword/fugoldenblade.activeitem.patch	/description	불가능. 꿀을 무기화했습니다.	"말도 안 되긴. 무기화된 꿀입니다.
일반 타격은 ^red;물리 피해^reset;를 입히고 ^red;벌침^reset;과 ^orange;화상^reset;을 유발합니다"	tags,lines
/items/active/weapons/melee/hammer/mystichammer.activeitem.patch	/description	"신비롭군.
^red;물리 피해를 입힘^reset;"	정말 신비롭다.	tags,lines
/items/active/weapons/melee/hammer/mystichammer.activeitem.patch	/shortdescription	미스틱해머	"미스틱해머
^red;물리 피해를 입힌다^reset;"	tags,lines
/items/active/weapons/melee/katana/aetheriumkatana.activeitem.patch	/description	"이 검을 능가하는 검은 없습니다.
^cyan;대규모 10연타 콤보!
^reset;"	"이보다 뛰어난 카타나는 없다.
^cyan;강력한 10연타 콤보!^reset;"	lines
/items/active/weapons/melee/katana/triangliumkatana.activeitem.patch	/description	"공기처럼 가볍고, 면도날처럼 날카롭습니다.
^cyan;10연타 콤보!
^reset;"	"공기처럼 가볍고, 면도날처럼 날카롭다.
^cyan;강력한 10연타 콤보!^reset;"	lines
/items/active/weapons/melee/mace/bonemace.activeitem.patch	/description	"단순하지만 효과적입니다. ^cyan;Sacre^reset;에 의해 디자인되었습니다.
^cyan;플로란^reset;"	"단순하지만 효과적이다. 사크레 디자인.
^cyan;플로란^reset;"	tags
/items/active/weapons/melee/quarterstaff/curvestaff.activeitem.patch	/description	지팡이치고는 꽤나 날카롭습니다. ^cyan;세트 보너스^reset; 시 플라즈마 무기로 간주됩니다;	"지팡이치고는 꽤 검같이 생겼네. 지이이잉 자아앙!
^cyan;세트 보너스 플라즈마 무기로 집계^reset;"	lines
/items/active/weapons/melee/spear/elderspear.activeitem.patch	/description	"신을 베는 날카로운 창.^reset;
^cyan;사냥용 무기^reset;"	"^#a5ff00;신조차 벨 수 있는 예리한 칼날.^reset;
^cyan;사냥용 무기^reset;"	tags
/items/active/weapons/other/spellorbs/angelorb1/angelorb1.activeitem.patch	/description	이 ^red;화염^reset; 마법구는 적을 조준해 내리친다!	"^green;T5^reset;
이 ^red;불^reset; 스펠오브는 적을 조준해 내리친다!"	tags,lines
/items/active/weapons/other/spellorbs/angelorb2/angelorb2.activeitem.patch	/description	이 ^violet;번개^reset; 마법구는 적을 조준해 내리친다!	"^green;T5^reset;
이 ^violet;번개^reset; 스펠오브는 적을 조준해 내리친다!"	tags,lines
/items/active/weapons/other/spellorbs/angelorb3/angelorb3.activeitem.patch	/description	이 ^cyan;성화^reset; 마법구는 적을 조준해 내리친다!	"^green;T5^reset;
이 ^cyan;신성한 불^reset; 스펠오브는 적을 조준해 내리친다!"	tags,lines
/items/active/weapons/other/spellorbs/angelorb4/angelorb4.activeitem.patch	/description	이 ^red;화염^reset; 주문발사기는 불타는 화염을 발사한다!	"^green;T6^reset;
이 ^red;불^reset; 스펠스로어는 불타는 화염을 발사한다!"	tags,lines
/items/active/weapons/other/spellorbs/angelorb5/angelorb5.activeitem.patch	/description	이 ^violet;번개^reset; 주문발사기는 찌릿한 번개 볼트를 발사한다!	"^green;T6^reset;
이 ^violet;번개^reset; 스펠스로어는 감전시키는 볼트를 발사한다!"	tags,lines
/items/active/weapons/other/spellorbs/angelorb6/angelorb6.activeitem.patch	/description	이 ^cyan;성화^reset; 주문발사기는 성스럽고 불타는 화염을 발사한다!	"^green;T6^reset;
이 ^cyan;신성한 불^reset; 스펠스로어는 신성하고 불타는 화염을 발사한다!"	tags,lines
/items/active/weapons/ranged/flamethrower/r-npcflamethrower.activeitem.patch	/upgradeParameters/shortdescription	Flamethrower ^yellow;^reset;	화염방사기 ^yellow;★^reset;	glyphs
/items/active/weapons/ranged/laserdisc/laserdisc.activeitem.patch	/upgradeParameters/shortdescription	Neo Chakram ^yellow;^reset;	네오 차크람 ^yellow;★^reset;	glyphs
/items/active/weapons/ranged/project45/project45-neo-flamethrower/project45-neo-flamethrower.activeitem.patch	/lore	"

It werfs flammens."	그것은 불꽃을 뿜는다.	lines
/items/active/weapons/ranged/unique/gravitongun.activeitem.patch	/description	"미세 중력이 무기로 변했습니다.
^yellow;파동 폭발 주^reset;엔알트: ^green;큰 넉백, 주요 취약성^reset;"	"무기로 바뀐 미소중력.
^yellow;웨이브 버스트 주 공격^reset;
대체: ^green;큰 넉백, 심각한 취약^reset;"	lines
/items/active/weapons/ranged/unique/lasrifle.activeitem.patch	/upgradeParameters/description	"뛰어난 화력. 섹시한 광택.
^yellow;신뢰성^reset;"	뛰어난 화력. 섹시한 광택.^yellow;신뢰성^reset;	lines
/items/active/weapons/whip/pyreitewhip.activeitem.patch	/description	이보다 더 뜨거운 채찍은 없습니다. ^cyan;네이팜을 유발함^reset;	"이보다 더 뜨거운 채찍은 없다. 어떤 뜻으로 받아들이든 마음대로다.
^cyan;네이팜 부여^reset;"	lines
/items/armors/GiC IJA Uniforms/Helmets/Hachimaki helmets/type92hachimakicover/gic_type92hachimakicover.head.patch	/description	"Type 92 Helmet with cloth cover and a Hachimaki headband tied on top. Suicide units were not uncommon for 20th century Asia. Besides Japanese ''Special Attack Units'', there were KMT's ''Dare to Die Corps'' and Indonesian ''Jibakutai''. 
^#DBC5A6;DEF: +10% SMALL-ARMS | +5% SLASH | +5% THRUST | +7.5% BLEED^reset;
^#96CBE7;SECOND CHANCE - On taking FATAL Damage, gain 3s of INVULNERABILITY^reset; | ^#B0313F;LONG LIVE HIS MAJESTY - Each piece reduces cooldown of SECOND CHANCE by 20%^reset;
^#96CBE7;+3HP/s when under 35% HP.^reset;"	"천 커버를 씌우고 위에 하치마키 머리띠를 묶은 92식 철모. 자결 부대는 20세기 아시아에서 드물지 않았다. 일본의 '특공대' 외에도 국민당의 '결사대'와 인도네시아의 '지바쿠타이'가 있었다.
^#DBC5A6;방어력: 소화기 +10% | 참격 +5% | 찌르기 +5% | 출혈 +7.5%^reset;
^#96CBE7;두 번째 기회 - 치명적 피해를 받으면 3초간 무적 획득^reset; | ^#B0313F;폐하 만세 - 부품 하나마다 두 번째 기회 재사용 대기시간 20% 감소^reset;
^#96CBE7;체력 35% 미만일 때 초당 체력 +3.^reset;
"	lines
/items/armors/alta/tier3/scout/lightwear/ct_alta_scout_lightwear.chest.patch	/upgradeParameters/shortdescription	Protea's Jacket ^#8020f0;^reset;	프로테아의 재킷 ^#8020f0;^reset;	glyphs
/items/armors/alta/tier3/scout/mask/ct_alta_scout_mask.head.patch	/upgradeParameters/shortdescription	Protea's Mask ^#8020f0;^reset;	프로테아의 마스크 ^#8020f0;^reset;	glyphs
/items/armors/alta/tier3/scout/velocity_eaters/ct_alta_scout_velocity_eaters.legs.patch	/upgradeParameters/shortdescription	Protea's Vectors ^#8020f0;^reset;	프로테아의 벡터 ^#8020f0;^reset;	glyphs
/items/armors/alta/tier4/elin/helmet/ct_elin_helmet.head.patch	/shortdescription	Elin Guard Helmet ^#20f080;^reset;	엘린 가드 헬멧 ^#20f080;^reset;	glyphs
/items/armors/alta/tier4/security/captain_helmet/ct_alta_security_captain_helmet.head.patch	/shortdescription	Security Captain's Helmet ^#20f080;^reset;	경비 대장의 헬멧 ^#20f080;^reset;	glyphs
/items/armors/alta/tier4/security/chest/ct_alta_security_chest.chest.patch	/upgradeParameters/shortdescription	GR Guard ^#8020f0;^reset;	GR 가드 ^#8020f0;^reset;	glyphs
/items/armors/alta/tier4/security/droid_back/ct_alta_security_droid_back.back.patch	/shortdescription	Security Droid Powermod ^#20f080;^reset;	경비 드로이드 파워모드 ^#20f080;^reset;	glyphs
/items/armors/alta/tier4/security/droid_head/ct_alta_security_droid_head.head.patch	/shortdescription	Security Droid Head ^#20f080;^reset;	경비 드로이드 헤드 ^#20f080;^reset;	glyphs
/items/armors/alta/tier4/security/helmet/ct_alta_security_helmet.head.patch	/upgradeParameters/shortdescription	"GR ""Animus"" ^#8020f0;^reset;"	"GR ""아니무스"" ^#8020f0;^reset;"	glyphs
/items/armors/alta/tier4/security/helmet_mk2/ct_alta_security_helmet_mk2.head.patch	/shortdescription	Security MkII Helmet ^#20f080;^reset;	경비 MkII 헬멧 ^#20f080;^reset;	glyphs
/items/armors/alta/tier4/security/legwear/ct_alta_security_legwear.legs.patch	/upgradeParameters/shortdescription	GR Stands ^#8020f0;^reset;	GR 스탠즈 ^#8020f0;^reset;	glyphs
/items/armors/alta/tier4/security/pack/ct_alta_security_pack.back.patch	/upgradeParameters/shortdescription	GR Supply ^#8020f0;^reset;	GR 서플라이 ^#8020f0;^reset;	glyphs
/items/armors/alta/tier5/arco/android_head/ct_arco_android_head.head.patch	/shortdescription	Enviro Android Head ^#2080f0;^reset;	엔바이로 안드로이드 헤드 ^#2080f0;^reset;	glyphs
/items/armors/alta/tier5/arco/helmet_mk2/ct_arco_helmet_mk2.head.patch	/shortdescription	Envirosuit MkII Helmet ^#2080f0;^reset;	엔바이로슈트 MkII 헬멧 ^#2080f0;^reset;	glyphs
/items/armors/alta/tier5/arco/protector/ct_arco_protector.back.patch	/shortdescription	Enviroprotector ^#2080f0;^reset;	엔바이로프로텍터 ^#2080f0;^reset;	glyphs
/items/armors/alta/tier5/arco/rebreather/ct_arco_rebreather.head.patch	/shortdescription	Envirosuit Rebreather ^#2080f0;^reset;	엔바이로슈트 리브리더 ^#2080f0;^reset;	glyphs
/items/armors/alta/tier5/combat/android_head/ct_combat_android_head.head.patch	/shortdescription	Combat Android Head ^#2080f0;^reset;	전투 안드로이드 헤드 ^#2080f0;^reset;	glyphs
/items/armors/alta/tier5/combat/chest/ct_combat_chest.chest.patch	/presets/light/shortdescription	Sona Jacketarmor ^#2080f0;^reset;	소나 재킷아머 ^#2080f0;^reset;	glyphs
/items/armors/alta/tier5/combat/helmet/ct_combat_helmet.head.patch	/shortdescription	Combat Helmet ^#2080f0;^reset;	전투 헬멧 ^#2080f0;^reset;	glyphs
/items/armors/alta/tier5/combat/legwear/ct_combat_legwear.legs.patch	/presets/light/shortdescription	Sona Legarmor ^#2080f0;^reset;	소나 레그아머 ^#2080f0;^reset;	glyphs
/items/armors/alta/tier5/combat/mask_mk2/ct_combat_mask_mk2.head.patch	/presets/stardust/shortdescription	Faceless Mask ^#8020f0;^reset;	무면 마스크 ^#8020f0;^reset;	glyphs
/items/armors/alta/tier5/eds/android_back/ct_eds_android_back.back.patch	/shortdescription	^#f02020;EDS^reset; Android Defensystem ^#2080f0;^reset;	^#f02020;EDS^reset; 안드로이드 디펜시스템 ^#2080f0;^reset;	glyphs
/items/armors/alta/tier5/eds/android_head/ct_eds_android_head.head.patch	/shortdescription	^#f02020;EDS^reset; Android Head ^#2080f0;^reset;	^#f02020;EDS^reset; 안드로이드 헤드 ^#2080f0;^reset;	glyphs
/items/armors/alta/tier5/eds/chest/ct_eds_chest.chest.patch	/presets/koywa/shortdescription	Thermoarmor ^#20f080;^reset;	테르모아머 ^#20f080;^reset;	glyphs
/items/armors/alta/tier5/eds/helmet/ct_eds_helmet.head.patch	/presets/koywa/shortdescription	Thermo Helmet ^#20f080;^reset;	테르모 헬멧 ^#20f080;^reset;	glyphs
/items/armors/alta/tier5/eds/helmet_mk2/ct_eds_helmet_mk2.head.patch	/shortdescription	^#f02020;EDS^reset; MkII Helmet ^#2080f0;^reset;	^#f02020;EDS^reset; MkII 헬멧 ^#2080f0;^reset;	glyphs
/items/armors/alta/tier5/eds/legwear/ct_eds_legwear.legs.patch	/presets/koywa/shortdescription	Thermoleggings ^#20f080;^reset;	테르모레깅스 ^#20f080;^reset;	glyphs
/items/armors/alta/tier5/eds/proto_helmet/ct_eds_proto_helmet.head.patch	/shortdescription	^#f02020;EDS^reset; Proto Helmet ^#2080f0;^reset;	^#f02020;EDS^reset; 프로토 헬멧 ^#2080f0;^reset;	glyphs
/items/armors/alta/tier5/misc/bishyn/helmet/ct_bishyn_helmet.head.patch	/shortdescription	Bishyn Helmet ^#2080f0;^reset;	비신 헬멧 ^#2080f0;^reset;	glyphs
/items/armors/alta/tier6/ceterai/android_head/ct_ceterai_android_head.head.patch	/shortdescription	^#2080f0;C.T.^reset; Android Head ^#8020f0;^reset;	^#2080f0;C.T.^reset; 안드로이드 헤드 ^#8020f0;^reset;	glyphs
/items/armors/alta/tier6/ceterai/mindframe/ct_ceterai_mindframe.head.patch	/shortdescription	^#2080f0;C.T.^reset; Mindframe ^#8020f0;^reset;	^#2080f0;C.T.^reset; 마인드프레임 ^#8020f0;^reset;	glyphs
/items/armors/alta/tier6/dreamer/android_head/ct_dreamer_android_head.head.patch	/shortdescription	Dreamer Android Head ^#8020f0;^reset;	드리머 안드로이드 헤드 ^#8020f0;^reset;	glyphs
/items/armors/alta/tier6/dreamer/enhancer/ct_dreamer_enhancer.back.patch	/presets/koywa/shortdescription	Thermo Thrusters ^#20f080;^reset;	테르모 추진기 ^#20f080;^reset;	glyphs
/items/armors/alta/tier6/elite/android_head/ct_elite_android_head.head.patch	/shortdescription	^#20f080;Elite^reset; Android Head ^#8020f0;^reset;	^#20f080;엘리트^reset; 안드로이드 헤드 ^#8020f0;^reset;	glyphs
/items/armors/alta/tier6/elite/generator/ct_elite_generator.back.patch	/presets/capital/shortdescription	Imperial Generator ^#8020f0;^reset;	임페리얼 제너레이터 ^#8020f0;^reset;	glyphs
/items/armors/angel/angel-tier1/angeltier1.chest.patch	/description	"^orange;세트 보너스^reset;:
^yellow;^reset; +^green;5^reset;% 속도
^yellow;^reset; +^green;1.05^reset;% 신성 피해"	아름다운 장식 보석이 달린 기본 옷감 조각.	tags,lines,glyphs
/items/armors/angel/angel-tier1/angeltier1.head.patch	/description	"^orange;세트 보너스^reset;:
^yellow;^reset; +^green;5^reset;% 속도
^yellow;^reset; +^green;1.05^reset;% 신성 피해"	성스러운 상징을 나타내는 원형 관.	tags,lines,glyphs
/items/armors/angel/angel-tier1/angeltier1.legs.patch	/description	"^orange;세트 보너스^reset;:
^yellow;^reset; +^green;5^reset;% 속도
^yellow;^reset; +^green;1.05^reset;% 신성 피해"	부드러운 천에 금 팔찌를 단 앞치마.	tags,lines,glyphs
/items/armors/angel/angel-tier2/angeltier2.chest.patch	/description	"^orange;세트 보너스^reset;:
^yellow;^reset; +^green;7.5^reset;% 속도
^yellow;^reset; +^green;1.05^reset;% 신성 피해"	이 텅스텐 사슬 상의는 금과 아름다운 보석으로 여며져 있다.	tags,lines,glyphs
/items/armors/angel/angel-tier2/angeltier2.head.patch	/description	"^orange;세트 보너스^reset;:
^yellow;^reset; +^green;7.5^reset;% 속도
^yellow;^reset; +^green;1.05^reset;% 신성 피해"	모든 사악함으로부터 머리를 지켜주는, 금과 텅스텐으로 만든 경이로운 투구.	tags,lines,glyphs
/items/armors/angel/angel-tier2/angeltier2.legs.patch	/description	"^orange;세트 보너스^reset;:
^yellow;^reset; +^green;7.5^reset;% 속도
^yellow;^reset; +^green;1.05^reset;% 신성 피해"	이 사슬 다리 갑옷은 텅스텐으로 만들고 금 팔찌와 단순한 앞치마로 장식했다.	tags,lines,glyphs
/items/armors/angel/angel-tier3/angeltier3.chest.patch	/description	"^orange;세트 보너스^reset;:
^yellow;^reset; +^green;10^reset;% 속도
^yellow;^reset; +^green;1.05^reset;% 신성 피해
^yellow;^reset; ^cyan;면역^reset;: 호흡"	천사 경비병이 주로 입는 튼튼한 티타늄 흉갑. 안에 사슬갑옷을 입는다.	tags,lines,glyphs
/items/armors/angel/angel-tier3/angeltier3.head.patch	/description	"^orange;세트 보너스^reset;:
^yellow;^reset; +^green;10^reset;% 속도
^yellow;^reset; +^green;1.05^reset;% 신성 피해
^yellow;^reset; ^cyan;면역^reset;: 호흡"	무겁지만 튼튼한 티타늄 투구. 십자가와 보석 몇 개로 장식되어 있다. 천사 경비병이 주로 쓴다.	tags,lines,glyphs
/items/armors/angel/angel-tier3/angeltier3.legs.patch	/description	"^orange;세트 보너스^reset;:
^yellow;^reset; +^green;10^reset;% 속도
^yellow;^reset; +^green;1.05^reset;% 신성 피해
^yellow;^reset; ^cyan;면역^reset;: 호흡"	튼튼하면서도 움직이기 쉬운 티타늄 다리 갑옷, 안에 사슬갑옷이 들어 있다. 천사 경비병이 주로 입는다.	tags,lines,glyphs
/items/armors/angel/angel-tier4/angeltier4.chest.patch	/description	"^orange;세트 보너스^reset;:
^yellow;^reset; +^green;10^reset;% 속도
^yellow;^reset; +^green;1.10^reset;% 신성 피해
^yellow;^reset; ^cyan;면역^reset;: 호흡"	천사 마을의 강력한 지도자인 천사 수호장이 입는 견고한 듀라스틸 흉갑.	tags,lines,glyphs
/items/armors/angel/angel-tier4/angeltier4.head.patch	/description	"^orange;세트 보너스^reset;:
^yellow;^reset; +^green;10^reset;% 속도
^yellow;^reset; +^green;1.10^reset;% 신성 피해
^yellow;^reset; ^cyan;면역^reset;: 호흡"	이 견고한 듀라스틸 투구는 마을의 지도자인 천사 수호장이 쓴다.	tags,lines,glyphs
/items/armors/angel/angel-tier4/angeltier4.legs.patch	/description	"^orange;세트 보너스^reset;:
^yellow;^reset; +^green;10^reset;% 속도
^yellow;^reset; +^green;1.10^reset;% 신성 피해
^yellow;^reset; ^cyan;면역^reset;: 호흡"	듀라스틸로 만든 이 각반은 굳세고 강하다. 마을의 천사 수호장 지도자들이 입는다.	tags,lines,glyphs
/items/armors/angel/angel-tier5accelerator/angeltier5accelerator.chest.patch	/description	"^orange;세트 보너스^reset;:
^yellow;^reset; +^green;10^reset;% 속도
^yellow;^reset; +^green;1.15^reset;% 신성 피해
^yellow;^reset; ^cyan;면역^reset;: 호흡"	불타는 열정을 지닌 태양처럼 되라, 그러면 살아남으리라.	tags,lines,glyphs
/items/armors/angel/angel-tier5accelerator/angeltier5accelerator.head.patch	/description	"^orange;세트 보너스^reset;:
^yellow;^reset; +^green;10^reset;% 속도
^yellow;^reset; +^green;1.15^reset;% 신성 피해
^yellow;^reset; ^cyan;면역^reset;: 호흡"	태양 자신이 네 집중을 이끌고 길을 밝혀주길.	tags,lines,glyphs
/items/armors/angel/angel-tier5accelerator/angeltier5accelerator.legs.patch	/description	"^orange;세트 보너스^reset;:
^yellow;^reset; +^green;10^reset;% 속도
^yellow;^reset; +^green;1.15^reset;% 신성 피해
^yellow;^reset; ^cyan;면역^reset;: 호흡"	네가 걸어가는 길 뒤에는 불과 화살이 남는다.	tags,lines,glyphs
/items/armors/angel/angel-tier5manipulator/angeltier5manipulator.chest.patch	/description	"^orange;세트 보너스^reset;:
^yellow;^reset; +^green;10^reset;% 속도
^yellow;^reset; +^green;1.15^reset;% 신성 피해
^yellow;^reset; ^cyan;면역^reset;: 호흡"	그림자가 널 눌러 꺾으려 해도, 네 빛은 계속 빛나며 널 감싼다.	tags,lines,glyphs
/items/armors/angel/angel-tier5manipulator/angeltier5manipulator.head.patch	/description	"^orange;세트 보너스^reset;:
^yellow;^reset; +^green;10^reset;% 속도
^yellow;^reset; +^green;1.15^reset;% 신성 피해
^yellow;^reset; ^cyan;면역^reset;: 호흡"	모든 것이 어둠으로 변해도, 넌 굳건히 서서 전능한 분노로 싸운다.	tags,lines,glyphs
/items/armors/angel/angel-tier5manipulator/angeltier5manipulator.legs.patch	/description	"^orange;세트 보너스^reset;:
^yellow;^reset; +^green;10^reset;% 속도
^yellow;^reset; +^green;1.15^reset;% 신성 피해
^yellow;^reset; ^cyan;면역^reset;: 호흡"	완전한 어둠 속에서도 넌 용감하게 굳건히 선다.	tags,lines,glyphs
/items/armors/angel/angel-tier5separator/angeltier5separator.chest.patch	/description	"^orange;세트 보너스^reset;:
^yellow;^reset; +^green;10^reset;% 속도
^yellow;^reset; +^green;1.15^reset;% 신성 피해
^yellow;^reset; ^cyan;면역^reset;: 호흡"	밤은 널 두렵게 하지 않는다---오히려 넌 그것을 받아들인다. 달조차 흐릿한 빛을 드리우니까.	tags,lines,glyphs
/items/armors/angel/angel-tier5separator/angeltier5separator.head.patch	/description	"^orange;세트 보너스^reset;:
^yellow;^reset; +^green;10^reset;% 속도
^yellow;^reset; +^green;1.15^reset;% 신성 피해
^yellow;^reset; ^cyan;면역^reset;: 호흡"	적들 사이를 살금살금 돌아다닐 때 그림자도 드리우지 않기를.	tags,lines,glyphs
/items/armors/angel/angel-tier5separator/angeltier5separator.legs.patch	/description	"^orange;세트 보너스^reset;:
^yellow;^reset; +^green;10^reset;% 속도
^yellow;^reset; +^green;1.15^reset;% 신성 피해
^yellow;^reset; ^cyan;면역^reset;: 호흡"	달의 은총처럼 조심스레 발을 내딛기를.	tags,lines,glyphs
/items/armors/angel/angel-tier6accelerator/angeltier6accelerator.chest.patch	/description	"^orange;세트 보너스^reset;:
^yellow;^reset; +^green;10^reset;% 속도
^yellow;^reset; +^green;1.20^reset;% 신성 피해
^yellow;^reset; ^cyan;면역^reset;: 호흡"	빛과 어둠의 균형은 반드시 지켜져야 한다.	tags,lines,glyphs
/items/armors/angel/angel-tier6accelerator/angeltier6accelerator.head.patch	/description	"^orange;세트 보너스^reset;:
^yellow;^reset; +^green;10^reset;% 속도
^yellow;^reset; +^green;1.20^reset;% 신성 피해
^yellow;^reset; ^cyan;면역^reset;: 호흡"	넌 우주의 균형을 지켜야 한다.	tags,lines,glyphs
/items/armors/angel/angel-tier6accelerator/angeltier6accelerator.legs.patch	/description	"^orange;세트 보너스^reset;:
^yellow;^reset; +^green;10^reset;% 속도
^yellow;^reset; +^green;1.20^reset;% 신성 피해
^yellow;^reset; ^cyan;면역^reset;: 호흡"	균형이 우주를 한데 묶어주니까.	tags,lines,glyphs
/items/armors/angel/angel-tier6manipulator/angeltier6manipulator.chest.patch	/description	"^orange;세트 보너스^reset;:
^yellow;^reset; +^green;10^reset;% 속도
^yellow;^reset; +^green;1.20^reset;% 신성 피해
^yellow;^reset; ^cyan;면역^reset;: 호흡"	넌 '끝'이다.	tags,lines,glyphs
/items/armors/angel/angel-tier6manipulator/angeltier6manipulator.head.patch	/description	"^orange;세트 보너스^reset;:
^yellow;^reset; +^green;10^reset;% 속도
^yellow;^reset; +^green;1.20^reset;% 신성 피해
^yellow;^reset; ^cyan;면역^reset;: 호흡"	모든 시작에는 반드시 끝이 있어야 한다.	tags,lines,glyphs
/items/armors/angel/angel-tier6manipulator/angeltier6manipulator.legs.patch	/description	"^orange;세트 보너스^reset;:
^yellow;^reset; +^green;10^reset;% 속도
^yellow;^reset; +^green;1.20^reset;% 신성 피해
^yellow;^reset; ^cyan;면역^reset;: 호흡"	넌 사악함에 몸부림치는 자들에게 종말을 내린다...	tags,lines,glyphs
/items/armors/angel/angel-tier6separator/angeltier6separator.chest.patch	/description	"^orange;세트 보너스^reset;:
^yellow;^reset; +^green;10^reset;% 속도
^yellow;^reset; +^green;1.20^reset;% 신성 피해
^yellow;^reset; ^cyan;면역^reset;: 호흡"	넌 '시작'이다.	tags,lines,glyphs
/items/armors/angel/angel-tier6separator/angeltier6separator.head.patch	/description	"^orange;세트 보너스^reset;:
^yellow;^reset; +^green;10^reset;% 속도
^yellow;^reset; +^green;1.20^reset;% 신성 피해
^yellow;^reset; ^cyan;면역^reset;: 호흡"	끝이 있기 전에 반드시 시작이 있어야 한다.	tags,lines,glyphs
/items/armors/angel/angel-tier6separator/angeltier6separator.legs.patch	/description	"^orange;세트 보너스^reset;:
^yellow;^reset; +^green;10^reset;% 속도
^yellow;^reset; +^green;1.20^reset;% 신성 피해
^yellow;^reset; ^cyan;면역^reset;: 호흡"	넌 희망과 평화의 시대를 열기 시작한다...	tags,lines,glyphs
/items/armors/backitems/hellishprotection/hellishprotection.back.patch	/description	이 업그레이드된 EPP는 ^#e5004c;지옥 같은^white; 행성의 ^#e5004c;악마적 대기^reset;의 모든 ^red;부정적 효과^reset;로부터 보호한다. ^cyan;산성, 호흡, 극한 열기 및 광기 면역.^reset;	이 개량 EPP는 모든 위험한 온도를 차단하고 ^#e5004c;지옥 같은 ^white;행성의 ^#e5004c;악마적 대기^reset;를 막아준다.	tags
/items/armors/hellish/hellish-tier7/om_hellisharmor.chest.patch	/description	"하데시움으로 강화된 이 지옥 흉갑은 튼튼하고 무시무시하다.
^orange;세트 효과^reset;:
^yellow;^reset; ^cyan;피격 시 화염 노바^reset;
^yellow;^reset; ^#ac522b;발광^reset;
^yellow;^reset; 화염방사기/지옥: 피해량 x^green;1.35^reset;
^yellow;^reset; ^cyan;면역^reset;: 치명적 열기, 화상, 산성, 광기"	하데시움으로 강화된 지옥의 흉갑은 견고하고——무섭다.	tags,lines,glyphs
/items/armors/hellish/hellish-tier7/om_hellisharmor.head.patch	/description	"말 그대로 모두를 겁주어 쫓아내기에 완벽한 악마 투구.
^orange;세트 보너스^reset;:
^yellow;^reset; ^cyan;피격 시 화염 노바^reset;
^yellow;^reset; ^#ac522b;발광^reset;
^yellow;^reset; 화염방사기/지옥: 피해 x^green;1.35^reset;
^yellow;^reset; ^cyan;면역^reset;: 치명적인 열기, 화상, 산성, 광기"	말 그대로 모두를 겁내게 하는 데 완벽한 악마 헬멧.	tags,lines,glyphs
/items/armors/hellish/hellish-tier7/om_hellisharmor.legs.patch	/description	"이 하데시움 각반을 신으면 움직이기 편하다. 적에게 몰래 다가가 놀라게 하기에 딱 좋다.
^orange;세트 보너스^reset;:
^yellow;^reset; ^cyan;피격 시 화염 폭발^reset;
^yellow;^reset; ^#ac522b;발광^reset;
^yellow;^reset; 화염방사기/지옥: 피해량 x^green;1.35^reset;
^yellow;^reset; ^cyan;면역^reset;: 치명적인 열기, 화상, 산성, 광기"	이 하데시움 그리브는 움직이기 쉽다——적을 몰래 겁주기에 완벽하다.	tags,lines,glyphs
/items/armors/horizon/arcana_armor_horizonLiberator/arcana_armor_horizonLiberator.chest.patch	/description	A full heavy-armor worn by the Horizon Liberators. ^green;Grants +3% Electric Res & +3% Poison Res.^reset;	"호라이즌 해방자용 전체 중갑. 

^orange;세트 보너스:^reset; 
^green;+3% 전기 저항·+3% 독 저항 부여.^reset;"	tags,lines
/items/armors/horizon/arcana_armor_horizonLiberator/arcana_armor_horizonLiberator.head.patch	/description	A full heavy-armor worn by the Horizon Liberators. ^green;Grants +3% Electric Res & +3% Poison Res.^reset;	"호라이즌 해방자용 전체 중갑. 

^orange;세트 보너스:^reset; 
^green;+3% 전기 저항·+3% 독 저항 부여.^reset;"	tags,lines
/items/armors/horizon/arcana_armor_horizonLiberator/arcana_armor_horizonLiberator.legs.patch	/description	A full heavy-armor worn by the Horizon Liberators. ^green;Grants +3% Electric Res & +3% Poison Res.^reset;	"호라이즌 해방자용 전체 중갑. 

^orange;세트 보너스:^reset; 
^green;+3% 전기 저항·+3% 독 저항 부여.^reset;"	tags,lines
/items/armors/lawEventPoliceNoel/lawpolicenoel.chest.patch	/description	"I'm not Santa but almost !

Effect : ^blue;Christmas Snow^reset;"	산타는 아니지만 거의 비슷해!\n효과: ^blue;크리스마스 눈^reset;	lines
/items/armors/lawEventPoliceNoel/lawpolicenoel.head.patch	/description	"I'm not Santa but almost !

Effect : ^blue;Christmas Snow^reset;"	산타는 아니지만 거의 비슷해!\n효과: ^blue;크리스마스 눈^reset;	lines
/items/armors/lawEventPoliceNoel/lawpolicenoel.legs.patch	/description	"I'm not Santa but almost !

Effect : ^blue;Christmas Snow^reset;"	산타는 아니지만 거의 비슷해!\n효과: ^blue;크리스마스 눈^reset;	lines
/items/armors/lawHumanDroneP1078armor_FriendlyNPC/P1078.chest.patch	/description	"Enforce the law...

Augment slot : ^orange;1^reset;"	법을 집행하라...\n증강 슬롯: ^orange;1^reset;	lines
/items/armors/lawHumanDroneP1078armor_FriendlyNPC/P1078.legs.patch	/description	"Intercept the suspect...

Augment slot : ^orange;1^reset;"	용의자를 가로채라...\n증강 슬롯: ^orange;1^reset;	lines
/items/armors/lawHumanDroneP1078armor_Player/P1078.chest.patch	/description	"Enforce the law...

Augment slot : ^orange;1^reset;"	법을 집행하라...\n증강 슬롯: ^orange;1^reset;	lines
/items/armors/lawHumanDroneP1078armor_Player/P1078.legs.patch	/description	"Intercept the suspect...

Augment slot : ^orange;1^reset;"	용의자를 가로채라...\n증강 슬롯: ^orange;1^reset;	lines
/items/armors/lustling/modifyed/Redemption/protectoratearmor/protectoratearmor.chest.patch	/description	"Experimental power armor to ensure protection for all. 

Equipped with a powerful dash tech."	모두의 보호를 보장하기 위한 실험적 파워 아머.\n\n강력한 대시 테크 장착.	lines
/items/armors/lustling/modifyed/Redemption/protectoratearmor/protectoratearmor.legs.patch	/description	"These boots march onwards to a brighter future. 

Equipped with boot thrusters."	더 밝은 미래를 향해 행진하는 부츠.\n\n부츠 스러스터 장착.	lines
/items/armors/lustling/modifyed/Redemption/r-prismatic/r-prismatic.chest.patch	/description	"^orange;Set Bonuses^reset;: 
^yellow;^reset; +^green;30^reset;% Shield Stamina, Block, Shield Regen
^yellow;^reset; ^cyan;Immune^reset;: All Cold, Oxygen"	프리실라이트로 만들어진 튼튼한 흉갑.	tags,lines,glyphs
/items/armors/lustling/modifyed/Redemption/r-prismatic/r-prismatic.legs.patch	/description	"^orange;Set Bonuses^reset;: 
^yellow;^reset; +^green;30^reset;% Shield Stamina, Block, Shield Regen
^yellow;^reset; ^cyan;Immune^reset;: All Cold, Oxygen"	다리를 지켜주는 프리실라이트 방어용 레그 아머.	tags,lines,glyphs
/items/armors/lustling/modifyed/Redemption/r_impervious/r_impervious.chest.patch	/description	"^orange;Set Bonuses^reset;: 
^yellow;^reset; +^green;35^reset;% Shield Stamina, Block, Shield Regen
^yellow;^reset; ^cyan;Immune^reset;: Deadly Heat, Acid, Burning, Oxygen, Gas, Pressure"	난공불락의 보디 아머. 용암에 무적이 된다.	tags,lines,glyphs
/items/armors/lustling/modifyed/Redemption/r_impervious/r_impervious.legs.patch	/description	"^orange;Set Bonuses^reset;: 
^yellow;^reset; +^green;35^reset;% Shield Stamina, Block, Shield Regen
^yellow;^reset; ^cyan;Immune^reset;: Deadly Heat, Acid, Burning, Oxygen, Gas, Pressure"	굴하지 않는 바지. 넉백을 견딜 만하다.	tags,lines,glyphs
/items/armors/lustling/modifyed/ffs_armors/ffs_1tier_srs/ffs_1tier_srs.chest.patch	/description	"This is a uniform of the Protectorate S.R.S.
100% cotton."	행성 보호국 S.R.S의 제복.\n면 100%.	lines
/items/armors/lustling/modifyed/ffs_armors/ffs_1tier_srs/ffs_1tier_srs.legs.patch	/description	"This is a uniform of the Protectorate S.R.S.
100% cotton.
^green;Dyeing possible"	행성 보호국 S.R.S의 제복.\n면 100%.\n^green;염색 가능	lines
/items/armors/lustling/modifyed/ffs_armors/ffs_1tier_trainingwear/ffs_trainingwear_top.chest.patch	/description	"A light sports top suitable for working out.
^green;Dyeing possible"	운동하기 좋은 가벼운 스포츠 상의.\n^green;염색 가능	lines
/items/armors/lustling/modifyed/ffs_armors/ffs_2tier_lapd/ffs_2tier_lapd.chest.patch	/description	"This is a uniform of the Local Area Protectorate Department.
It is durable because it is made of carbon fiber."	지역 보호국 경찰청의 제복.\n탄소 섬유로 만들어 튼튼하다.	lines
/items/armors/lustling/modifyed/ffs_armors/ffs_2tier_lapd/ffs_2tier_lapd.legs.patch	/description	"This is a uniform of the Local Area Protectorate Department.
It is durable because it is made of carbon fiber."	지역 보호국 경찰청의 제복.\n탄소 섬유로 만들어 튼튼하다.	lines
/items/armors/lustling/modifyed/ffs_armors/ffs_3tier_fbi/ffs_3tier_fbi.chest.patch	/description	"This isss a uniform of the Floran Bureau of Invessstigation.
NIJ Lv.III bulletproof plate isss added."	이거슨 플로란 수사국(F.B.I)의 제복이다쓰.\nNIJ Lv.III 방탄판이 들어갔다쓰.	lines
/items/armors/lustling/modifyed/ffs_armors/ffs_3tier_fbi/ffs_3tier_fbi.legs.patch	/description	"This isss a uniform of the Floran Bureau of Invessstigation.
Bullet proof kneepad isss added."	이거슨 플로란 수사국(F.B.I)의 제복이다쓰.\n방탄 무릎 보호대가 들어갔다쓰.	lines
/items/armors/lustling/modifyed/ffs_armors/ffs_4tier_swat/ffs_4tier_swat.chest.patch	/description	"This is a uniform of the Protectorate S.W.A.T.
It is durable and sturdy because it is made of durasteel fiber and carbon fiber."	행성 보호국 S.W.A.T의 제복.\n듀라스틸 섬유와 탄소 섬유로 만들어 튼튼하고 견고하다.	lines
/items/armors/lustling/modifyed/ffs_armors/ffs_4tier_swat/ffs_4tier_swat.legs.patch	/description	"This is a uniform of the Protectorate S.W.A.T.
It is durable and sturdy because it is made of durasteel fiber and carbon fiber."	행성 보호국 S.W.A.T의 제복.\n듀라스틸 섬유와 탄소 섬유로 만들어 튼튼하고 견고하다.	lines
/items/armors/lustling/modifyed/ffs_armors/ffs_4tier_swat/ffs_4tier_swat_blue.chest.patch	/description	"This is a uniform of the Protectorate S.W.A.T.
It is durable and sturdy because it is made of durasteel fiber and carbon fiber."	행성 보호국 S.W.A.T의 제복.\n듀라스틸 섬유와 탄소 섬유로 만들어 튼튼하고 견고하다.	lines
/items/armors/lustling/modifyed/ffs_armors/ffs_4tier_swat/ffs_4tier_swat_blue.legs.patch	/description	"This is a uniform of the Protectorate S.W.A.T.
It is durable and sturdy because it is made of durasteel fiber and carbon fiber."	행성 보호국 S.W.A.T의 제복.\n듀라스틸 섬유와 탄소 섬유로 만들어 튼튼하고 견고하다.	lines
/items/armors/lustling/modifyed/ffs_armors/ffs_4tier_swat/ffs_4tier_swat_red.chest.patch	/description	"This is a uniform of the Protectorate S.W.A.T.
It is durable and sturdy because it is made of durasteel fiber and carbon fiber."	행성 보호국 S.W.A.T의 제복.\n듀라스틸 섬유와 탄소 섬유로 만들어 튼튼하고 견고하다.	lines
/items/armors/lustling/modifyed/ffs_armors/ffs_4tier_swat/ffs_4tier_swat_red.legs.patch	/description	"This is a uniform of the Protectorate S.W.A.T.
It is durable and sturdy because it is made of durasteel fiber and carbon fiber."	행성 보호국 S.W.A.T의 제복.\n듀라스틸 섬유와 탄소 섬유로 만들어 튼튼하고 견고하다.	lines
/items/armors/lustling/modifyed/ffs_armors/ffs_5tier_pmc/ffs_5tier_pmc.chest.patch	/description	"This uniform is made of trizium composite fiber with inner military-grade bullet-proof plates.
But, it just looks casual."	트리지움 복합 섬유와 군용급 방탄 내장판으로 만든 제복.\n다만 겉으로는 평범해 보인다.	lines
/items/armors/lustling/modifyed/ffs_armors/ffs_5tier_pmc/ffs_5tier_pmc.legs.patch	/description	"This uniform is made of trizium composite fiber with inner military-grade bullet-proof plates.
But, it just looks casual."	트리지움 복합 섬유와 군용급 방탄 내장판으로 만든 제복.\n다만 겉으로는 평범해 보인다.	lines
/items/armors/lustling/modifyed/ffs_armors/ffs_6tier_ng/ffs_6tier_ng.chest.patch	/description	"This is a uniform of the Protectorate Native Guard
It is the most luxurious item that can be purchased at a resonable price."	행성 보호국 네이티브 가드의 제복.\n적당한 가격으로 살 수 있는 가장 고급스러운 물건이다.	lines
/items/armors/lustling/modifyed/ffs_armors/ffs_6tier_ng/ffs_6tier_ng.legs.patch	/description	"This is a uniform of the Protectorate Native Guard
It is the most luxurious item that can be purchased at a resonable price."	행성 보호국 네이티브 가드의 제복.\n적당한 가격으로 살 수 있는 가장 고급스러운 물건이다.	lines
/items/armors/lustling/modifyed/law/lawEventPoliceNoel/lawpolicenoel.chest.patch	/description	"I'm not Santa but almost !

Effect : ^blue;Christmas Snow^reset;"	산타는 아니지만 거의 비슷해!\n효과: ^blue;크리스마스 눈^reset;	lines
/items/armors/lustling/modifyed/law/lawEventPoliceNoel/lawpolicenoel.legs.patch	/description	"I'm not Santa but almost !

Effect : ^blue;Christmas Snow^reset;"	산타는 아니지만 거의 비슷해!\n효과: ^blue;크리스마스 눈^reset;	lines
/items/armors/lustling/modifyed/law/lawHumanDroneP1078armor_Player/P1078.chest.patch	/description	"Enforce the law...

Augment slot : ^orange;1^reset;"	법을 집행하라...\n증강 슬롯: ^orange;1^reset;	lines
/items/armors/lustling/modifyed/law/lawHumanDroneP1078armor_Player/P1078.legs.patch	/description	"Intercept the suspect...

Augment slot : ^orange;1^reset;"	용의자를 가로채라...\n증강 슬롯: ^orange;1^reset;	lines
/items/armors/neki/nekitier1/nekitier1.chest.patch	/description	"^orange;세트 보너스^reset;:
^yellow;^reset; 권갑: 피해량 x^green;1.2"	"뭐라더라... ""갑-오-링""이라는 게 필요하대?
제대로 알아들었길 바란다."	tags,glyphs
/items/armors/neki/nekitier1/nekitier1.head.patch	/description	"^orange;세트 보너스^reset;:
^yellow;^reset; 권갑: 피해량 x^green;1.2"	적어도 예쁘잖아!	tags,lines,glyphs
/items/armors/neki/nekitier1/nekitier1.legs.patch	/description	"^orange;세트 보너스^reset;:
^yellow;^reset; 권갑: 피해량 x^green;1.2"	이걸 왜 차야 하는지 모르겠다.	tags,lines,glyphs
/items/armors/neki/nekitier2/nekitier2.chest.patch	/description	"^orange;세트 보너스^reset;:
^yellow;^reset; 권갑: 피해량 x^green;1.2^reset;
^yellow;^reset; +^green;20^reset;% 넉백 저항"	귀여운 작은 반짝 패드.	tags,lines,glyphs
/items/armors/neki/nekitier2/nekitier2.head.patch	/description	"^orange;세트 보너스^reset;:
^yellow;^reset; 권갑: 피해량 x^green;1.2^reset;
^yellow;^reset; +^green;20^reset;% 넉백 저항"	"이거, 음...
귀를 강화해주는 건가?"	tags,lines,glyphs
/items/armors/neki/nekitier2/nekitier2.legs.patch	/description	"^orange;세트 보너스^reset;:
^yellow;^reset; 권갑: 피해량 x^green;1.2^reset;
^yellow;^reset; +^green;20^reset;% 넉백 저항"	"이거, 음...
피부를 강화해주나?"	tags,lines,glyphs
/items/armors/neki/nekitier3/nekitier3.chest.patch	/description	"^orange;세트 보너스^reset;:
^yellow;^reset; 권갑: 피해량 x^green;1.25^reset;, +^green;10^reset;% 치명타 피해
^yellow;^reset; +^green;30^reset;% 넉백 저항"	갑-오-링 달린 작은 반짝 패드.	tags,lines,glyphs
/items/armors/neki/nekitier3/nekitier3.head.patch	/description	"^orange;세트 보너스^reset;:
^yellow;^reset; 권갑: 피해량 x^green;1.25^reset;, +^green;10^reset;% 치명타 피해
^yellow;^reset; +^green;30^reset;% 넉백 저항"	이거 쓰면 냄새가 하나도 안 나!	tags,lines,glyphs
/items/armors/neki/nekitier3/nekitier3.legs.patch	/description	"^orange;세트 보너스^reset;:
^yellow;^reset; 권갑: 피해량 x^green;1.25^reset;, +^green;10^reset;% 치명타 피해
^yellow;^reset; +^green;30^reset;% 넉백 저항"	날 무겁게 할 물건이 더 생겼다.	tags,lines,glyphs
/items/armors/neki/nekitier4/nekitier4.chest.patch	/description	"^orange;세트 보너스^reset;:
^yellow;^reset; 권갑: 피해량 x^green;1.3^reset;, +^green;20^reset;% 치명타 피해
^yellow;^reset; 저격: 피해량 x^green;1.15^reset;, +^green;2.5^reset;% 치명타
^yellow;^reset; +^green;50^reset;% 넉백 저항"	크기가 중요할 때.	tags,lines,glyphs
/items/armors/neki/nekitier4/nekitier4.head.patch	/description	"^orange;세트 보너스^reset;:
^yellow;^reset; 권갑: 피해량 x^green;1.3^reset;, +^green;20^reset;% 치명타 피해
^yellow;^reset; 저격: 피해량 x^green;1.15^reset;, +^green;2.5^reset;% 치명타
^yellow;^reset; +^green;50^reset;% 넉백 저항"	이거 써도 냄새가 하나도 안 나.	tags,lines,glyphs
/items/armors/neki/nekitier4/nekitier4.legs.patch	/description	"^orange;세트 보너스^reset;:
^yellow;^reset; 권갑: 피해량 x^green;1.3^reset;, +^green;20^reset;% 치명타 피해
^yellow;^reset; 저격: 피해량 x^green;1.15^reset;, +^green;2.5^reset;% 치명타
^yellow;^reset; +^green;50^reset;% 넉백 저항"	항상 냐옹호를 써야 해!	tags,lines,glyphs
/items/armors/neki/nekitier5s/nekitier5s.chest.patch	/description	"^orange;세트 보너스^reset;:
^yellow;^reset; 권갑: 피해량 x^green;1.4^reset;, +^green;33^reset;% 치명타 피해
^yellow;^reset; 저격: 피해량 x^green;1.33^reset;, +^green;3.33^reset;% 치명타
^yellow;^reset; +^green;70^reset;% 넉백 저항"	크기는 여전히 중요하다.	tags,lines,glyphs
/items/armors/neki/nekitier5s/nekitier5s.head.patch	/description	"^orange;세트 보너스^reset;:
^yellow;^reset; 권갑: 피해량 x^green;1.4^reset;, +^green;33^reset;% 치명타 피해
^yellow;^reset; 저격: 피해량 x^green;1.33^reset;, +^green;3.33^reset;% 치명타
^yellow;^reset; +^green;70^reset;% 넉백 저항"	이거 배틀토드야?!	tags,lines,glyphs
/items/armors/neki/nekitier5s/nekitier5s.legs.patch	/description	"^orange;세트 보너스^reset;:
^yellow;^reset; 권갑: 피해량 x^green;1.4^reset;, +^green;33^reset;% 치명타 피해
^yellow;^reset; 저격: 피해량 x^green;1.33^reset;, +^green;3.33^reset;% 치명타
^yellow;^reset; +^green;70^reset;% 넉백 저항"	내 냐옹호를 프릴로 장식해줘!	tags,lines,glyphs
/items/armors/neki/nekitier6s/nekitier6s.chest.patch	/description	"^orange;세트 보너스^reset;:
^yellow;^reset; 저격: 피해량 x^green;1.5^reset;, +^green;5^reset;% 치명타
^yellow;^reset; ^cyan;면역^reset;: 화상"	"[네키 전용]
미니크녹 네키 갑옷의 소매."	tags,lines,glyphs
/items/armors/neki/nekitier6s/nekitier6s.head.patch	/description	"^orange;세트 보너스^reset;:
^yellow;^reset; 저격: 피해량 x^green;1.5^reset;, +^green;5^reset;% 치명타
^yellow;^reset; ^cyan;면역^reset;: 화상"	"[네키 전용]
미니크녹 네키 요원용 맞춤 제작 투구."	tags,lines,glyphs
/items/armors/neki/nekitier6s/nekitier6s.legs.patch	/description	"^orange;세트 보너스^reset;:
^yellow;^reset; 저격: 피해량 x^green;1.5^reset;, +^green;5^reset;% 치명타
^yellow;^reset; ^cyan;면역^reset;: 화상"	"[애니메이션]
미니크녹 네키 요원용으로 설계된 갑옷."	tags,lines,glyphs
/items/armors/om_starryplanet/om_starryarmor/om_starryarmor.chest.patch	/description	"이 흉갑은 성운과 관련된 듯한 물질인 네뷸라사이트로 만들어졌다.
방사능과 우주 피해에 대한 ^yellow;약간^reset;의 저항을 제공한다."	이 흉갑은 성운과 관련된 듯한 물질, 네뷸라사이트로 만들었다.	tags,lines
/items/armors/om_starryplanet/om_starryarmor/om_starryarmor.head.patch	/description	"이 네뷸라사이트 투구는 별들로 반짝인다.
방사능과 코스믹 피해에 ^yellow;약간의^reset; 보호를 준다.
^blue;면역: 어둠^reset;"	이 네뷸라사이트 헬멧은 별들로 반짝인다.	tags,lines
/items/armors/om_starryplanet/om_starryarmor/om_starryarmor.legs.patch	/description	"이 네뷸라사이트 바지는 걸을 때 반짝인다. 얼마나 경이로운가!
방사능과 우주 피해에 대한 ^yellow;약간^reset;의 저항을 제공한다."	걸을 때마다 반짝이는 네뷸라사이트 바지. 경이롭다!	tags,lines
/items/armors/other/atprk_elderarmorset/atprk_elderarmor.chest.patch	/description	"^orange;세트 보너스^reset;:
^yellow;^reset; 창/로켓 발사기: 피해량 x^green;1.25^reset;
^yellow;^reset; ^cyan;면역^reset;: 치명 방사선, 치명 열/한기, 독, 산소, 액체 질소, 검은 타르, 황산"	수천 년을 입을 수 있는 튼튼한 흉갑.	tags,lines,glyphs
/items/armors/other/atprk_elderarmorset/atprk_elderarmor.head.patch	/description	"^orange;세트 보너스^reset;:
^yellow;^reset; 창/로켓 발사기: 피해량 x^green;1.25^reset;
^yellow;^reset; ^cyan;면역^reset;: 치명 방사선, 치명 열/한기, 독, 산소, 액체 질소, 검은 타르, 황산"	하이테크 바이저가 내장된 고대 헬멧.	tags,lines,glyphs
/items/armors/other/atprk_elderarmorset/atprk_elderarmor.legs.patch	/description	"^orange;세트 보너스^reset;:
^yellow;^reset; 창/로켓 발사기: 피해량 x^green;1.25^reset;
^yellow;^reset; ^cyan;면역^reset;: 치명 방사선, 치명 열/한기, 독, 산소, 액체 질소, 검은 타르, 황산"	이 튼튼한 그리브로 다리를 지켜라.	tags,lines,glyphs
/items/armors/other/r-heavypeacekeeper/r-heavypeacekeeper.chest.patch	/description	"^orange;세트 보너스^reset;:
^yellow;^reset; 단검/권총/로켓 발사기: 피해량 x^green;1.25^reset;
^yellow;^reset; ^cyan;면역^reset;: 산소, 가스, 기절, 감전, 독"	너를 크고 터프해 보이게 하기 위한 것.	tags,lines,glyphs
/items/armors/other/r-heavypeacekeeper/r-heavypeacekeeper.head.patch	/description	"^orange;세트 보너스^reset;:
^yellow;^reset; 단검/권총/로켓 발사기: 피해량 x^green;1.25^reset;
^yellow;^reset; ^cyan;면역^reset;: 산소, 가스, 기절, 감전, 독"	튼튼한 바이저가 위압적인 외모를 준다.	tags,lines,glyphs
/items/armors/other/r-heavypeacekeeper/r-heavypeacekeeper.legs.patch	/description	"^orange;세트 보너스^reset;:
^yellow;^reset; 단검/권총/로켓 발사기: 피해량 x^green;1.25^reset;
^yellow;^reset; ^cyan;면역^reset;: 산소, 가스, 기절, 감전, 독"	이 다리의 견고한 설계는 너를 굳건히 서게 한다.	tags,lines,glyphs
/items/armors/other/r-platinum/r-platinum.chest.patch	/description	"^orange;세트 보너스^reset;:
^yellow;^reset; 권갑: 피해량 x^green;1.15^reset;, +^green;3^reset;% 치명타 확률
^yellow;^reset; ^green;30^reset;% 넉백 저항
^yellow;^reset; 낙하 피해량 x^green;0.75^reset;"	거의 전체가 플래티넘으로 만들어진 반짝이는 흉갑.	tags,lines,glyphs
/items/armors/other/r-platinum/r-platinum.head.patch	/description	"^orange;세트 보너스^reset;:
^yellow;^reset; 권갑: 피해량 x^green;1.15^reset;, +^green;3^reset;% 치명타 확률
^yellow;^reset; ^green;30^reset;% 넉백 저항
^yellow;^reset; 낙하 피해량 x^green;0.75^reset;"	빛나는 백금 도금 헬멧.	tags,lines,glyphs
/items/armors/other/r-platinum/r-platinum.legs.patch	/description	"^orange;세트 보너스^reset;:
^yellow;^reset; 권갑: 피해량 x^green;1.15^reset;, +^green;3^reset;% 치명타 확률
^yellow;^reset; ^green;30^reset;% 넉백 저항
^yellow;^reset; 낙하 피해량 x^green;0.75^reset;"	플래티넘으로 덮인 반짝이는 그리브.	tags,lines,glyphs
/items/armors/saturn/Wings/Banded/saturnWingBanded.back.patch	/description	Decorative black wings with white stripes on them.	"흰 줄무늬가 있는 장식용 검은 날개.
^gray;Eumorpha fasciatus^reset;"	tags,lines
/items/armors/saturn/Wings/Eternal/saturnWingEternal.back.patch	/description	Wings of a male bagworm moth? Something seems odd about them...	"수컷 도롱이벌레나방의 날개? 어딘가 익숙하다...
^gray;과: Psychidae? #414^reset;"	tags,lines
/items/armors/saturn/Wings/Fairy/saturnWingBeeFly.back.patch	/description	These bee fly wings leave glitter everywhere. Something seems familiar about them...	"이 벌파리 날개는 어디에나 반짝이를 흩뿌린다. 어딘가 익숙하다...
^gray;목: Diptera, 과: Bombyliidae? #743^reset;"	tags,lines
/items/armors/saturn/Wings/Io/saturnWingIOF.back.patch	/description	Wings with large eyes on the wrong side thanks to the limitations of 2D.	"이오 마법사들은 마법을 최초로 발견한 새터니안들로, 다른 이들에게 가르치는 데도 결정적 역할을 했다.
^#A781D6;Automeris io (암컷)^reset;"	tags,lines
/items/armors/saturn/Wings/Lantern/saturnWinglanternstick.back.patch	/description	Provides light while leaving your hands free. An essential accessory for adventurering!	"날개와 함께 다는 등불. 빛을 제공한다. 너무 오래 쫓지 말 것.
^gray;과: Saturniidae^reset;"	tags,lines
/items/armors/saturn/Wings/Leopard/saturnWingLeopard.back.patch	/description	White wings covered with iridescent spots.	"무지개빛 반점으로 뒤덮인 흰 날개.
^blue;Hypercompe scribonia^reset;"	tags,lines
/items/armors/saturn/Wings/LeopardB/saturnWingLeopardB.back.patch	/description	Wings covered with white spots.	"흰 반점으로 뒤덮인 날개.
^blue;Hypercompe scribonia?^reset;"	tags,lines
/items/armors/saturn/Wings/LeopardC/saturnWingLeopardC.back.patch	/description	Wings covered with black spots.	"검은 반점으로 뒤덮인 날개.
^blue;Hypercompe scribonia?^reset;"	tags,lines
/items/armors/saturn/Wings/LeopardD/saturnWingLeopardD.back.patch	/description	Black wings covered with colored spots.	"채색 반점으로 뒤덮인 검은 날개.
^blue;Hypercompe scribonia?^reset;"	tags,lines
/items/armors/saturn/Wings/LunaA/saturnWingLuna.back.patch	/description	Rarely seen, the Luna Mages are well known among Saturnians for their spirit magic.	"드물게 보이는 달 마법사들은 정령 마법으로 잘 알려져 있다.
^#A0FA8E;Graellsia isabellae^reset;"	tags,lines
/items/armors/saturn/Wings/LunaB/saturnWingLunaB.back.patch	/description	Old folklore says that western luna scale dust could make objects disappear.	"옛 민담에 의하면 서쪽 달 인분이 물체를 사라지게 할 수 있다고 한다.
^#A3ED9A;Actias luna^reset;"	tags,lines
/items/armors/saturn/Wings/Merchant/saturnWingMerchant.back.patch	/description	A backpack worn over synthetic wings.	"합성 날개 위에 멘 배낭.
^gray;과: Saturniidae^reset;"	tags,lines
/items/armors/saturn/Wings/Parallelogram/saturnWingParallelogram.back.patch	/description	Completely synthetic wings used to fly through sandstorms in the Northern Desert region.	"키테라의 모래폭풍을 날아다니기 위한 날개. 어딘가 익숙하다...
^gray;목: Neuroptera, 과: Myrmeleontidae? #329^reset;"	tags,lines
/items/armors/saturn/Wings/Regal/saturnWingRegal.back.patch	/description	Solid colored wings that can easily be dyed to match armor	"솔라레이 왕실의 화려한 날개.
^orange;Citheronia regalis^reset;"	tags,lines
/items/armors/saturn/Wings/RegalKnight/saturnWingRegalKnight.back.patch	/description	These armored wings emit a faint glow.	"이 장갑 왕실 날개들은 희미한 빛을 낸다.
^orange;Citheronia regalis^reset;"	tags,lines
/items/armors/saturn/Wings/Rosy/saturnWingRosy.back.patch	/description	Bright pink and yellow wings used as camouflage.	"꽃 사이에서 위장용으로 쓰이는 밝은 분홍색과 노란색 날개.
^pink;Dryocampa rubicunda^reset;"	tags,lines
/items/armors/saturn/Wings/RosyB/saturnWingRosyB.back.patch	/description	Rosy maple wings with black instead of yellow.	"노란색 대신 검은색인 장미 단풍 날개.
^pink;Dryocampa rubicunda?^reset;"	tags,lines
/items/armors/saturn/Wings/RosyC/saturnWingRosyC.back.patch	/description	Rosy maple wings with white instead of yellow.	"노란색 대신 흰색인 장미 단풍 날개.
^pink;Dryocampa rubicunda?^reset;"	tags,lines
/items/armors/saturn/Wings/RosyD/saturnWingRosyD.back.patch	/description	White rosy maple wings with a colored stripe.	"채색 줄이 있는 흰 장미 단풍 날개.
^pink;Dryocampa rubicunda?^reset;"	tags,lines
/items/armors/saturn/Wings/RosyE/saturnWingRosyE.back.patch	/description	Black rosy maple wings with a colored stripe.	"채색 줄이 있는 검은 장미 단풍 날개.
^pink;Dryocampa rubicunda?^reset;"	tags,lines
/items/armors/saturn/Wings/SimpleColor/saturnWingSimple.back.patch	/description	Synthetic wings have been recently developed for those who fail to develop wings.	"날개가 자라지 못한 이들을 위해 최근 개발된 합성 날개.
^gray;과: Saturniidae^reset;"	tags,lines
/items/armors/saturn/Wings/Solar/saturnWingSolar.back.patch	/description	These six wings warm the surronding air like fire. Something seems familiar about them...	"태양 신의 날개를 본뜬 여섯 날개. 어딘가 익숙하다...
^gray;과: Saturniidae? #637^reset;"	tags,lines
/items/armors/saturn/Wings/Wasp/saturnWingWasp.back.patch	/description	Clear wings that help with a disguise.	"말벌 모방에 도움을 주는 투명 날개.
^blue;Cosmosoma myrodora^reset;"	tags,lines
/items/augments/back/ct_alternia_augment.augment.patch	/shortdescription	^#2080f0;Alternia^reset; Augment ^#8020f0;^reset;	^#2080f0;알테르니아^reset; 증강 ^#8020f0;^reset;	glyphs
/items/augments/back/ct_arco_blockade_augment.augment.patch	/shortdescription	Enviroblockade Augment ^#2080f0;^reset;	엔바이로블록케이드 증강 ^#2080f0;^reset;	glyphs
/items/augments/back/ct_bishyn_augment.augment.patch	/shortdescription	Bishyn Augment ^#2080f0;^reset;	비신 증강 ^#2080f0;^reset;	glyphs
/items/augments/back/ct_ceterai_augment.augment.patch	/shortdescription	^#2080f0;C.T.^reset; Augment ^#8020f0;^reset;	^#2080f0;C.T.^reset; 증강 ^#8020f0;^reset;	glyphs
/items/augments/back/ct_ceternia_augment.augment.patch	/shortdescription	^#20f080;Ceternia^reset; Augment ^#8020f0;^reset;	^#20f080;세터니아^reset; 증강 ^#8020f0;^reset;	glyphs
/items/augments/back/ct_combat_power_augment.augment.patch	/shortdescription	Combat Power Augment ^#2080f0;^reset;	전투 동력 증강 ^#2080f0;^reset;	glyphs
/items/augments/back/ct_dreamer_augment.augment.patch	/shortdescription	Dreamer's Augment ^#8020f0;^reset;	드리머의 증강 ^#8020f0;^reset;	glyphs
/items/augments/back/ct_eds_aimbot_augment.augment.patch	/shortdescription	^#f02020;EDS^reset; Aimbot Augment ^#2080f0;^reset;	^#f02020;EDS^reset; 에임봇 증강 ^#2080f0;^reset;	glyphs
/items/augments/back/ct_elite_augment.augment.patch	/shortdescription	^#20f080;Elite^reset; Augment ^#8020f0;^reset;	^#20f080;엘리트^reset; 증강 ^#8020f0;^reset;	glyphs
/items/augments/back/ct_enternia_augment.augment.patch	/shortdescription	^#8020f0;Enternia^reset; Augment ^#8020f0;^reset;	^#8020f0;에터니아^reset; 증강 ^#8020f0;^reset;	glyphs
/items/augments/back/ct_hevika_augment.augment.patch	/shortdescription	Hevika Augment ^#2080f0;^reset;	헤비카 증강 ^#2080f0;^reset;	glyphs
/items/augments/back/ct_impulse_augment.augment.patch	/shortdescription	Impulse Augment ^#2080f0;^reset;	임펄스 증강 ^#2080f0;^reset;	glyphs
/items/augments/back/ct_ion_core_augment.augment.patch	/shortdescription	Ioncore Augment ^#2080f0;^reset;	이온코어 증강 ^#2080f0;^reset;	glyphs
/items/augments/back/ct_ionic_augment.augment.patch	/shortdescription	Ionic Augment ^#2080f0;^reset;	이온 증강 ^#2080f0;^reset;	glyphs
/items/augments/back/ct_plasma_augment.augment.patch	/shortdescription	Plasma Augment ^#2080f0;^reset;	플라스마 증강 ^#2080f0;^reset;	glyphs
/items/augments/back/ct_warped_augment.augment.patch	/shortdescription	Warped Augment ^#20f080;^reset;	뒤틀린 증강 ^#20f080;^reset;	glyphs
/items/augments/back/r-protectorateaugment.augment.patch	/description	에너지 보호막으로 물리 저항 +^green;25^reset;를 제공하는 고급 EPP 모듈입니다.	에너지 방패로 물리 저항을 부여하는 고급 EPP 모듈.	tags
/items/augments/pet/ct_aric_collar.augment.patch	/shortdescription	Toxic Spores Collar ^#2080f0;^reset;	독 포자 목걸이 ^#2080f0;^reset;	glyphs
/items/food/avalibbq.consumable.patch	/description	Sweet and sticky ribs. Delicious!	달콤하고 끈적끈적한 갈비. 맛있어요! ^orange;유형: 조리된 고기^reset;	tags
/items/food/pitayacreampie.consumable.patch	/description	Better for eating, or for throwing in people's faces?	먹기에 더 좋을까요, 아니면 사람들 얼굴에 던지기에 더 좋을까요? ^orange;유형: 과일 유제품 디저트^reset;	tags
/items/food/tuckercookie.consumable.patch	/description	Just like normal cookies, only spikier.	일반 쿠키와 똑같지만 더 뾰족합니다. ^orange;유형: 야채 + 유제품 + 계란 + 설탕^reset;	tags
/items/generic/arcana_essence/arcana_essence_tripolarEssence.item.patch	/shortdescription	삼극 정수	^green;[기본]^reset; 삼극 정수	tags
/items/generic/crafting/basicpelt.item.patch	/description	동물의 모피다. 몇 개를 모으면 ^orange;용광로^reset;에서 가죽으로 만들 수 있을지도...	동물의 가죽이다.	tags
/items/generic/crafting/chemlab/narcotics/fu_aetherpowder.consumable.patch	/description	"^green;Weight : 1g^reset;^green;Weight : 1g^reset; ^red;Narcotic.
^white; Doubles health, but halves energy reserve.
^blue;Madness Gain^reset; 3
"	"^green;무게 : 1g^reset;^green;무게 : 1g^reset; ^red;마약류.
^white; 체력이 두 배가 되지만 에너지 저장량이 절반이 된다.
^blue;광기 획득^reset; 3"	lines
/items/generic/crafting/chemlab/narcotics/fu_driedghostmushroom.consumable.patch	/description	"^green;Weight : 1g^reset;^red; Narcotic
^white;Reduces defense by 80%, but gain 60% energy regen rates.
^blue;Madness Gain^reset; 3
"	"^green;무게 : 1g^reset;^red; 마약류
^white;방어력이 80% 감소하지만 에너지 재생률이 60% 상승한다.
^blue;광기 획득^reset; 3"	lines
/items/generic/crafting/chemlab/narcotics/fu_driedradleaf.consumable.patch	/description	"^green;Weight : 1g^reset;^red; Narcotic
^white;Relaxes your mind, opening it to vistas of scientific possibility previously unconsidered.
^blue;Madness Gain^reset; 3
"	"^green;무게 : 1g^reset;^red; 마약류
^white;정신을 이완해, 이전에는 생각하지 못한 과학적 가능성의 지평을 연다.
^blue;광기 획득^reset; 3"	lines
/items/generic/crafting/chemlab/narcotics/fu_expiravittar.consumable.patch	/description	"^green;Weight : 1g^reset;.
^blue;Madness Gain^reset; 3
"	"^green;무게 : 1g^reset;.
^blue;광기 획득^reset; 3"	lines
/items/generic/crafting/chemlab/narcotics/fu_malware.consumable.patch	/description	"^green;Weight : 1g^reset;.
^blue;Madness Gain^reset; 3
"	"^green;무게 : 1g^reset;.
^blue;광기 획득^reset; 3"	lines
/items/generic/crafting/chemlab/narcotics/fu_prerolled.consumable.patch	/description	"^green;Weight : 1g^reset;.
^blue;Madness Gain^reset; 3
"	"^green;무게 : 1g^reset;.
^blue;광기 획득^reset; 3"	lines
/items/generic/crafting/chemlab/narcotics/fu_radiant.consumable.patch	/description	"^green;Weight : 1g^reset;.
^blue;Madness Gain^reset; 3
"	"^green;무게 : 1g^reset;.
^blue;광기 획득^reset; 3"	lines
/items/generic/crafting/chemlab/narcotics/fu_toxictop_blotter.consumable.patch	/description	"^green;Weight : 1g^reset;.
^blue;Madness Gain^reset; 3
"	"^green;무게 : 1g^reset;.
^blue;광기 획득^reset; 3"	lines
/items/generic/crafting/chemlab/narcotics/fu_vexpill.consumable.patch	/description	"^green;Weight : 1g^reset;.
^blue;Madness Gain^reset; 3
"	"^green;무게 : 1g^reset;.
^blue;광기 획득^reset; 3"	lines
/items/generic/crafting/chemlab/narcotics/fu_wubwub.consumable.patch	/description	"^green;Weight : 1g^reset;.
^blue;Madness Gain^reset; 3
"	"^green;무게 : 1g^reset;.
^blue;광기 획득^reset; 3"	lines
/items/generic/crafting/endomorphicjelly.item.patch	/description	손길에 반응하는 것처럼 보이는 기묘한 젤리. ^orange;합성 강화^reset;를 제작하는 데 사용할 수 있다!	만지면 반응하는 듯한 이상한 젤리.	tags
/items/generic/crafting/fossilore.item.patch	/description	정체불명의 화석이다. 어떤 종류일지 궁금하다. ^orange;화석 연구대^reset;로 가져가면 알 수 있다!	화석이다. 무슨 화석인지 궁금하네.	tags
/items/generic/crafting/holidayspirit.item.patch	/description	가장 순수한 형태의 연말연시 정수! ^orange;12월에 발견됩니다.^reset;	연말연시의 정수를 가장 순수한 형태로!	tags
/items/generic/crafting/processor.item.patch	/description	매우 강력한 프로세서. ^orange;로봇 공구대^reset;를 제작하는 데 사용할 수 있다!	아주 강력한 프로세서.	tags
/items/generic/drinks/chestojuice/chestojuice.consumable.patch	/description	활력을 주는 시원한 음료. ^green;유형: 과일^reset;	활력을 주는 시원한 음료.	tags
/items/generic/drinks/pechajuice/pechajuice.consumable.patch	/description	차갑고 달콤한 음료. ^green;유형: 과일^reset;	차갑고 달콤한 음료.	tags
/items/generic/food/canned/mcf_cannedalienfruit.consumable.patch	/description	A can full of juicy alien fruits. ^green;Type: Fruit^reset;	즙 많은 외계 과일이 가득 든 통조림.	tags
/items/generic/food/canned/mcf_cannedalienmeat.consumable.patch	/description	Canned meat of unknown origin. However, it is well preserved and rich in calories. ^orange;Type: Cooked Meat^reset;	출처를 알 수 없는 통조림 고기. 하지만 보존 상태가 좋고 칼로리가 풍부하다.	tags
/items/generic/food/canned/mcf_cannedautomato.consumable.patch	/description	Tastes like tomatoes but with a metallic aftertaste. Try not to break your teeth! ^yellow;Type: Robot Food^reset;	토마토 맛이 나지만 금속성 뒷맛이 있다. 이빨 부러뜨리지 않게 조심하라!	tags
/items/generic/food/canned/mcf_cannedavesmingo.consumable.patch	/description	A 100 flavours inside of one can. ^green;Type: Fruit^reset;	캔 하나에 담긴 100가지 맛.	tags
/items/generic/food/canned/mcf_cannedbeakseed.consumable.patch	/description	As crunchy and seedy as fresh beakseeds. ^green;Type: Vegetable^reset;	신선한 부리씨만큼 아삭하고 씨가 많다.	tags
/items/generic/food/canned/mcf_cannedboneboo.consumable.patch	/description	That's a spooky can indeed. Watch out for bones! ^green;Type: Meaty Plant^reset;	그거 정말 으스스한 캔이네. 뼈 조심해!	tags
/items/generic/food/canned/mcf_cannedcarrot.consumable.patch	/description	Sliced and canned, they are a great and healthy snack to have on hand. ^green;Type: Vegetable^reset;	썰어서 통조림으로 만들었으며, 손쉽게 챙길 수 있는 건강한 간식이다.	tags
/items/generic/food/canned/mcf_cannedcarrotsoup.consumable.patch	/description	Creamy, delicious, nutritious! ^orange;Type: Vegetables + Dairy^reset;	마치 크림같은, 영양가 많고 맛있는 수프입니다!	tags
/items/generic/food/canned/mcf_cannedchili.consumable.patch	/description	As hot as lava. I can even feel the heat coming through the can. ^green;Type: Vegetable^reset;	용암처럼 뜨겁다. 캔을 통해서도 열기가 느껴질 정도다.	tags
/items/generic/food/canned/mcf_cannedcoralcreep.consumable.patch	/description	Canned coralcreep fruits from the bottom of an ocean. ^green;Type: Fruit^reset;	바다 밑바닥에서 채취한 산호초 열매 통조림.	tags
/items/generic/food/canned/mcf_cannedcorn.consumable.patch	/description	Simple and tasty, canned corn makes a good snack for when you don't have time for cooking. ^green;Type: Vegetable^reset;	단순하고 맛있는 통조림 옥수수는 요리할 시간이 없을 때 좋은 간식이 된다.	tags
/items/generic/food/canned/mcf_cannedcurrentcorn.consumable.patch	/description	While being a good snack for robotic creatures, it might not be the best choice for anyone else. ^yellow;Type: Robot Food^reset;	로봇 생물에게는 좋은 간식이지만, 다른 이들에겐 최선의 선택이 아닐 수 있다.	tags
/items/generic/food/canned/mcf_canneddiodia.consumable.patch	/description	Tastes like oil-covered copper. ^yellow;Type: Robot Food^reset;	기름 덮인 구리 맛이 난다.	tags
/items/generic/food/canned/mcf_canneddirturchin.consumable.patch	/description	While being not the tastiest product, it has a good amount of vitamins in it. ^green;Type: Vegetable^reset;	가장 맛있는 제품은 아니지만, 비타민이 적당히 들어 있다.	tags
/items/generic/food/canned/mcf_cannedeggshot.consumable.patch	/description	Despite being a plant, it actually looks and tastes like an egg. ^green;Type: Vegetable^reset;	식물임에도 불구하고, 실제로는 계란처럼 생기고 계란 맛이 납니다.	tags
/items/generic/food/canned/mcf_cannedfeathercrown.consumable.patch	/description	Canned feathercrowns make a flavoursome and refreshing snack in a hot climate. ^green;Type: Vegetable^reset;	통조림 깃털왕관은 더운 기후에서 맛있고 상쾌한 간식이 된다.	tags
/items/generic/food/canned/mcf_cannedfish.consumable.patch	/description	A can of processed fish fillet, ready to be eaten anytime. ^orange;Type: Cooked Seafood^reset;	가공한 생선 필레 통조림. 언제든 바로 먹을 수 있다.	tags
/items/generic/food/canned/mcf_cannedfishstew.consumable.patch	/description	A light stew that goes down easy. ^orange;Type: Cooked Seafood + Vegetables^reset;	소화하기 쉬운 스튜입니다.	tags
/items/generic/food/canned/mcf_cannedgrapes.consumable.patch	/description	A can full of grapes. Sweet and juicy. ^green;Type: Fruit^reset;	포도가 가득 든 통조림. 달고 즙이 많다.	tags
/items/generic/food/canned/mcf_cannedkiwi.consumable.patch	/description	Sliced and canned, it is as sweet and tangy as the fresh ones. ^green;Type: Fruit^reset;	썰어서 통조림으로 만들었지만, 신선한 것만큼 달콤하고 톡 쏘는 맛이다.	tags
/items/generic/food/canned/mcf_cannedmeatstew.consumable.patch	/description	Just like mama used to make! ^orange;Type: Cooked Meat + Vegetables^reset;	엄마가 만들어 주던 바로 그 맛입니다!	tags
/items/generic/food/canned/mcf_cannedneonmelon.consumable.patch	/description	Canned in healing water slices of a neonmelon. ^green;Type: Fruit^reset;	치유의 물에 담긴 통조림 네온멜론 조각.	tags
/items/generic/food/canned/mcf_cannedoculemon.consumable.patch	/description	A sour product that stares at you when you open it. ^green;Type: Meaty Plant^reset;	열면 당신을 빤히 쳐다보는 신맛 제품.	tags
/items/generic/food/canned/mcf_cannedpearlpea.consumable.patch	/description	Canned pearlpeas, an excellent source of vitamins, minerals and protein. ^green;Type: Vegetable^reset;	통조림 진주완두, 비타민, 미네랄, 단백질의 훌륭한 공급원이다.	tags
/items/generic/food/canned/mcf_cannedpineapple.consumable.patch	/description	Canned pineapple slices. Very sweet. ^green;Type: Fruit^reset;	통조림 파인애플 조각. 매우 달콤하다.	tags
/items/generic/food/canned/mcf_cannedpoultry.consumable.patch	/description	Canned poultry of unknown origin. However, it is well preserved and rich in calories. ^orange;Type: Cooked Meat^reset;	출처를 알 수 없는 통조림 가금류. 하지만 보존 상태가 좋고 칼로리가 풍부하다.	tags
/items/generic/food/canned/mcf_cannedpussplum.consumable.patch	/description	A can full of chunky and juicy pussplums. ^green;Type: Fruit^reset;	큼직하고 즙 많은 고름 자두가 가득 든 통조림.	tags
/items/generic/food/canned/mcf_cannedreefpod.consumable.patch	/description	Canned reefpod fruits from the bottom of an ocean. ^green;Type: Fruit^reset;	바다 밑바닥에서 채취한 암초 열매 통조림.	tags
/items/generic/food/canned/mcf_cannedtentacle.consumable.patch	/description	That's definitely not the best food choice, but hey, at least they're nutritious. ^orange;Type: Cooked Meat^reset;	확실히 최고의 음식 선택은 아니지만, 뭐, 적어도 영양가는 있어.	tags
/items/generic/food/canned/mcf_cannedtomato.consumable.patch	/description	A can full of whole tomatoes. They're easy to store and they're tasty. What else do you need? ^green;Type: Vegetable^reset;	통토마토가 가득 든 통조림. 보관하기 쉽고 맛도 좋다. 뭐가 더 필요하겠는가?	tags
/items/generic/food/canned/mcf_cannedtomatosoup.consumable.patch	/description	A rich, silky soup made of ripe tomatoes. ^orange;Type: Vegetables + Dairy^reset;	잘 익은 토마토로 만들어 진하고 부드러운 수프입니다.	tags
/items/generic/food/canned/mcf_cannedtoxictop.consumable.patch	/description	Toxic fruit, canned in toxic liquid. That's definitely safe to eat. ^green;Type: Fruit^reset;	독성 과일을 독성 액체에 통조림으로 담았다. 분명히 먹어도 안전할 거다.	tags
/items/generic/food/canned/mcf_cannedwartweed.consumable.patch	/description	All warts and weeds inside one can. ^green;Type: Vegetable^reset;	사마귀와 잡초가 전부 캔 하나에.	tags
/items/generic/food/canned/mcf_cannedwartweedstew.consumable.patch	/description	A hearty, thick stew of wartweed and vegetables. ^green;Type: Vegetables^reset;	사마귀초와 야채가 푸짐하고 진한 스튜입니다.	tags
/items/generic/food/other/WIP/ct_special_mimosa_slice.consumable.patch	/variants/0/shortdescription	Lenn's Mimosa ^#8020f0;^reset;	렌의 미모사 ^#8020f0;^reset;	glyphs
/items/generic/food/tier1/atprk_cookedambergine.consumable.patch	/description	고유의 풍미를 좀 잃었을 수도 있지만, 그래도 여전히 맛있다. ^green;종류: 초식^reset;	고유의 풍미를 좀 잃었을 수도 있지만, 그래도 여전히 맛있다.	tags
/items/generic/food/tier1/atprk_cookedtraproot.consumable.patch	/description	맛이 좀 상했을 수도 있지만 이제는 먹어도 안전하다. ^green;종류: 초식^reset;	맛이 좀 상했을 수도 있지만 이제는 먹어도 안전하다.	tags
/items/generic/food/tier1/om_starbreaker.consumable.patch	/description	"설탕과 스타더스트로 만든 단단한 사탕 과자.
^green;종류: 초식동물용^reset;"	설탕과 스타더스트로 만든 단단한 사탕 과자.	tags,lines
/items/generic/food/tier1/om_stardust.consumable.patch	/description	"잠깐.. 별가루를? 그것만? 뭐 하는 거야?! 설마 코로 흡입할 건 아니지!
^blue;+^white;1 ^blue;광기^reset;
^red;유형: ...위험?^reset;"	잠깐.. 스타더스트를? 그것만? 뭐 하는 거야?! 설마 코로 흡입할 건 아니지!	tags,lines
/items/generic/food/tier1/woofiedrinks_organicsoup.consumable.patch	/description	"
^orange;Type: Cooked Meat^reset;"	^orange;유형: 익힌 고기^reset;	lines
/items/generic/food/tier2/atprk_prehistoricpasta.consumable.patch	/description	원래 조리법은 오랜 세월 속에 사라졌다. 지금 만들 수 있는 것은 이와 가장 비슷하다. ^green;유형: 초식동물^reset;	원래 조리법은 오랜 세월 속에 사라졌다. 지금 만들 수 있는 것은 이와 가장 비슷하다.	tags
/items/generic/food/tier2/om_blackhole.consumable.patch	/description	"부드럽고, 걸쭉하지만, 맛있는 휘핑크림! 스타더스트의 기운이 살짝 느껴진다.
^green;종류: 초식^reset;"	부드럽고, 걸쭉하지만, 맛있는 휘핑크림! 스타더스트의 기운이 살짝 느껴진다.	tags,lines
/items/generic/food/tier2/om_cosmiccrisp.consumable.patch	/description	"스타더스트로 반짝이는 즙 많은 빨간 사과!
^green;종류: 초식동물용^reset;"	스타더스트로 반짝이는 즙 많은 빨간 사과!	tags,lines
/items/generic/food/tier2/om_starLED.consumable.patch	/description	"밝은 색의 영양 간식.
^yellow;유형: 로봇^reset;"	밝은 색의 영양 간식.	tags,lines
/items/generic/food/tier2/om_starcrackers.consumable.patch	/description	"별 모양의 바삭한 작은 크래커! 정말 귀여워요!
^green;종류: 초식^reset;"	별 모양의 바삭한 작은 크래커! 정말 귀여워요!	tags,lines
/items/generic/food/tier3/atprk_sanguinesalad.consumable.patch	/description	약간 쓰지만 건강에 좋고 영양가 있습니다. ^green;종류: 초식동물^reset;	건강하고 영양 있으나 약간 씀.	tags
/items/generic/food/tier3/atprk_stuffedflytrap.consumable.patch	/description	걱정 마세요, 이름과 달리 파리는 전혀 없으니까요. ^orange;종류: 육류+채소 요리^reset;	걱정 마, 이름과 달리 파리 없어.	tags
/items/generic/food/tier3/atprk_venusbite.consumable.patch	/description	포식 식물과 선인장 즙을 섞었다. ^green;유형: 초식^reset;	포식성 식물과 선인장 즙 블렌드.	tags
/items/generic/food/tier3/atprk_venuskiss.consumable.patch	/description	포식성 식물로 만든 상쾌한 음료. ^green;종류: 초식동물용^reset;	포식 식물로 만든 상쾌 음료.	tags
/items/generic/food/tier3/om_staronigiri.consumable.patch	/description	"스타더스트로 장식한 전통 주먹밥.
^green;종류: 초식동물용^reset;"	스타더스트로 장식한 전통 주먹밥.	tags,lines
/items/generic/food/tier3/om_starrycake.consumable.patch	/description	"별 장식과 별가루를 뿌린 끈적하고 녹진한 초콜릿 케이크입니다!
^green;종류: 만능^reset;"	별 장식과 스타더스트를 뿌린 끈적하고 녹진한 초콜릿 케이크입니다!	tags,lines
/items/generic/food/tier3/om_superstar.consumable.patch	/description	"스타더스트로 반짝이는 스타프루트, 순수한 에너지와 공명한다.
^green;종류: 초식동물용^reset;"	스타더스트로 반짝이는 스타프루트, 순수한 에너지와 공명한다.	tags,lines
/items/generic/food/tier4/om_heliojuice.consumable.patch	/description	"가니시로 별가루를 얹고 어베스밍고로 향을 내니, 강렬한 한 방이 있는 음료가 됐다.
^green;유형: 초식^reset;"	가니시로 스타더스트를 얹고 어베스밍고로 향을 내니, 강렬한 한 방이 있는 음료가 됐다.	tags,lines
/items/generic/food/tier4/om_starcandy.consumable.patch	/description	"맛있고, 새콤하면서도 달콤한 간식으로 네 이를 망가뜨릴 거다!
^green;유형: 초식^reset;"	맛있고, 새콤하면서도 달콤한 간식으로 네 이를 망가뜨릴 거다!	tags,lines
/items/generic/food/tier4/om_starcandy2.consumable.patch	/description	"매끄러운 초콜릿이 이 새콤한 별사탕을 뒤덮고 있다!
^green;종류: 초식^reset;"	매끄러운 초콜릿이 이 새콤한 별사탕을 뒤덮고 있다!	tags,lines
/items/generic/food/tier4/om_starryjam.consumable.patch	/description	"새콤하지만 맛있는 별미! 샌드위치에 완벽하다.
^green;종류: 초식동물용^reset;"	새콤하지만 맛있는 별미! 샌드위치에 완벽하다.	tags,lines
/items/generic/food/tier4/om_starrypie.consumable.patch	/description	"달콤한 크림을 얹은, 새콤하고 별로 가득한 파이!
^green;종류: 초식동물용^reset;"	달콤한 크림을 얹은, 새콤하고 별로 가득한 파이!	tags,lines
/items/generic/food/tier4/om_starryplanetstar.consumable.patch	/description	"작은 별 하나를 곁들인 별빛 주스!
^green;유형: 초식^reset;"	작은 별 하나를 곁들인 별빛 주스!	tags,lines
/items/generic/food/tier4/om_starrysandwich.consumable.patch	/description	"별빛 잼을 바른 빵 조각입니다! 맛있어요!
^green;유형: 초식동물^reset;"	별빛 잼을 바른 빵 조각입니다! 맛있어요!	tags,lines
/items/generic/food/tier4/om_starryshake.consumable.patch	/description	"별무늬 밀크셰이크! 그야말로 스텔라!
^green;종류: 초식동물용^reset;"	별무늬 밀크셰이크! 그야말로 스텔라!	tags,lines
/items/generic/food/tier5/om_starrybutterfish.consumable.patch	/description	"약간의 버터를 곁들인 반짝이는 스타리피시! 버터는 항상 뭐든 더 맛있게 만들어주지!
^orange;종류: 조리된 생선 + 채소^reset;"	약간의 버터를 곁들인 반짝이는 스타리피시! 버터는 항상 뭐든 더 맛있게 만들어주지!	tags,lines
/items/generic/food/tier6/atprk_deepseasteak.consumable.patch	/description	심해 고기를 튀긴 스테이크입니다. 맵기도 합니다. ^orange;유형: 조리된 고기^reset;	심해 고기를 튀겨 낸 스테이크. 맵기까지 하다.	tags
/items/generic/food/tier6/atprk_starfishsushi.consumable.patch	/description	저녁을 근사하게 만들어줄 이국적인 불가사리 롤. ^orange;종류: 생선, 식물^reset;	저녁 돋우는 이국 불가사리 롤.	tags
/items/generic/food/tier6/atprk_stellarsauce.consumable.patch	/description	진정으로 우주적인 맛. ^orange;종류: 생선, 식물^reset;	진정 우주적 맛.	tags
/items/generic/food/tier6/om_neonmelonstars.consumable.patch	/description	"별 모양 네온멜론에 맛있는 포도를 곁들여, 전부 꼬치에 꿴 것!
^green;유형: 초식^reset;"	별 모양 네온멜론에 맛있는 포도를 곁들여, 전부 꼬치에 꿴 것!	tags,lines
/items/generic/food/tier6/om_rainbowrockyroad.consumable.patch	/description	"부드러운 초콜릿 아이스크림의 진미! 그 안에는 맛있는 덩어리들이 다양하게 들어 있습니다!
^green;종류: 초식^reset;"	부드러운 초콜릿 아이스크림의 진미! 그 안에는 맛있는 덩어리들이 다양하게 들어 있습니다!	tags,lines
/items/generic/food/tier6/om_stardustramen.consumable.patch	/description	"아베스밍고로 만들고 별가루를 올린, 더없이 맛있는 라멘 한 그릇입니다!
^orange;유형: 조리된 고기 + 채소^reset;"	아베스밍고로 만들고 스타더스트를 올린, 더없이 맛있는 라멘 한 그릇입니다!	tags,lines
/items/generic/food/tier6/om_starempanadas.consumable.patch	/description	"따뜻하고 군침 도는 재료에 별가루 한 스푼을 더한 갓 구운 엠파나다입니다!
^orange;종류: 익힌 고기 + 채소^reset;"	따뜻하고 군침 도는 재료에 스타더스트 한 스푼을 더한 갓 구운 엠파나다입니다!	tags,lines
/items/generic/food/tier6/om_starryfishcurry.consumable.patch	/description	"스타리 생선, 토마토, 고추, 우유로 만든 카레! 마치 그 안에 작은 별들이 들어 있는 것처럼 엄청 맵습니다!
^orange;종류: 조리된 생선 + 채소^reset;"	스타리 생선, 토마토, 고추, 우유로 만든 카레! 마치 그 안에 작은 별들이 들어 있는 것처럼 엄청 맵습니다!	tags,lines
/items/generic/food/tier9001/fruitskewer.consumable.patch	/description	Various fruits all conveniently mixed together.	다양한 과일을 편리하게 섞은 요리. ^green;유형: 과일^reset;	tags
/items/generic/food/viera/tier6/spicedgysahlribs.consumable.patch	/description	Sweet and spicy ribs. Delicious!	매콤달콤한 갈비. 맛있어요! ^orange;유형: 익힌 고기^reset;	tags
/items/generic/meat/cookeddemonmeat.consumable.patch	/description	조리된 데몬 고기 덩어리로, 보기 불편하다. 냄새를 맡으면 불쾌한 기분이 든다. ^orange;유형: 조리된 고기^reset;	조리된 데몬 고기 덩어리로, 보기 불편하다. 냄새를 맡으면 불쾌한 기분이 든다.	tags
/items/generic/meat/demonmeat.consumable.patch	/description	그림자 데몬의 날고기 덩어리. 보기에... 역겹다. ^red;종류: 날고기^reset;	그림자 데몬의 날고기 덩어리. 보기에... 역겹다.	tags
/items/generic/meat/om_starrycookedfish.consumable.patch	/description	"맛있게 조리된 스타리 물고기 필레. 이제는 ^orange;아마도^reset; 먹어도 안전할 것이다...
^orange;종류: 조리된 생선^reset;"	맛있게 조리된 스타리 물고기 필레. 이제는 ^orange;아마도^reset; 먹어도 안전할 것이다...	tags,lines
/items/generic/meat/om_starryrawfish.consumable.patch	/description	"반짝이는 생선살 조각입니다. 다소 역겹습니다.
^red;종류: 방사능 생선^reset;"	반짝이는 생선살 조각입니다. 다소 역겹습니다.	tags,lines
/items/generic/mechparts/body/atprk_mechbodydevout.item.patch	/description	^cyan;면역^reset;: 보통 추위, 보통 독, 사막/열대 더위.	글리치 신도회가 쓰는 육중한 장갑 메크 몸체.	tags
/items/generic/mechparts/body/atprk_mechbodydevout2.item.patch	/description	^cyan;면역^reset;: 극한 추위/독/방사능/더위, 용암/액체 질소.	거대한 기사처럼 보이도록 설계된 위압적인 메크 몸체다.	tags
/items/generic/mechparts/body/atprk_mechbodykrakothrobo.item.patch	/description	^cyan;면역^reset;: 극한 방사능/열/추위/독, 용암/액체 질소, ^magenta;공간 왜곡^reset;.	고대 전투 로봇의 잔해로 만든 메크 본체입니다.	tags
/items/generic/mechparts/body/atprk_mechbodykrakothsuit.item.patch	/description	^cyan;면역^reset;: 극한 방사능/열/추위/독, 용암/액체 질소, ^magenta;공간 왜곡^reset;.	크라코탄 강화 갑주를 개조해 만든 메카 몸체.	tags
/items/generic/mechparts/body/atprk_mechbodyrelicseeker.item.patch	/description	^cyan;면역^reset;: 보통 추위/독, 사막/열대 더위.	이 메크 몸체는 고고학 현장에 자주 배치된다.	tags
/items/generic/mechparts/body/atprk_mechbodyriftdiver.item.patch	/description	^cyan;면역^reset;: 약한 방사능, 극한 추위/독, 사막/열대 더위, 액체 질소, ^magenta;공간 왜곡^reset;.	이 실험적 메크 몸체는 차원 터널에 안전하게 들어갈 수 있게 해 준다.	tags
/items/generic/mechparts/body/mechbodydvamech.item.patch	/description	^cyan;면역^reset;: 압력, 극한 더위/추위/방사능/독, 프로토	경고: 고폭발성!	tags
/items/generic/mechparts/body/mechbodyxsm_elitesigma.item.patch	/description	^cyan;면역^reset;: 중간 추위, 경미 열/독/프로토	시그마, 럭셔리 에디션.	tags
/items/generic/mechparts/body/mechbodyxsm_piraterhomech.item.patch	/description	^cyan;면역^reset;: 압력, 극한 열/한기/방사선, 약한 독/프로토	전설의 Q. 플린트 선장의 맞춤 메크.	tags
/items/generic/mechparts/body/mechbodyxsm_rhomech.item.patch	/description	^cyan;면역^reset;: 압력, 극한 열/한기/방사선, 약한 독/프로토	적을 썰어야 할 때를 위해.	tags
/items/generic/mechparts/body/mechbodyxsm_roninrhomech.item.patch	/description	^cyan;면역^reset;: 압력, 극한 열/한기/방사선, 약한 독/프로토	적을 녹여야 할 때를 위해.	tags
/items/generic/mechparts/body/mechbodyxsm_sigma.item.patch	/description	^cyan;면역^reset;: 중간 추위, 경미 열/독/프로토	다재다능한 XS 시그마는 언제나 훌륭한 선택이다!	tags
/items/generic/mechparts/body/mechbodyxsm_thetamech.item.patch	/description	^cyan;면역^reset;: 압력, 산성, 극한 더위/추위/방사능/독/프로토, 에테르	경고: 고도 파괴적.	tags
/items/generic/other/valentinechocolates.consumable.patch	/description	"테마 초콜릿이 든 하트 모양 상자입니다!
체력과 허기를 모두 채우세요!"	테마 초콜릿이 들어 있는 하트 모양 상자!	lines
/items/generic/produce/atprk_ambergine.consumable.patch	/description	달콤한 향이 나는 채소. ^green;종류: 식물^reset;	달콤한 향이 나는 채소.	tags
/items/generic/produce/atprk_traproot.consumable.patch	/description	포식성이지만 대체로 식용 가능한 식물. 조심하지 않으면 당신을 잡아먹을 것이다. ^green;종류: 식물^reset;	포식성이지만 대체로 식용 가능한 식물. 조심하지 않으면 당신을 잡아먹을 것이다.	tags
/items/generic/produce/chestoberry.consumable.patch	/description	기운을 북돋아 주고 맛이 텁텁한 베리. ^green;유형: 과일^reset;	에너지를 북돋아 주지만 맛은 퍽퍽한 열매.	tags
/items/generic/produce/om_starrystarfruit.consumable.patch	/description	"새콤하지만 달콤한 과일! 사과, 배, 포도, 오렌지 맛이 한데 어우러진다!
^green;종류: 과일^reset;"	새콤하지만 달콤한 과일! 사과, 배, 포도, 오렌지 맛이 한데 어우러진다!	tags,lines
/items/generic/produce/pechaberry.consumable.patch	/description	달콤하고 몸속의 독을 없애 주는 베리. ^green;유형: 과일^reset;	달콤하며 몸속의 독을 없애 주는 열매.	tags
/items/liquids/akkimariacid.liqitem.patch	/description	"부식성이 매우 강한 유기 물질입니다.
^yellow;원심분리 가능^reset;."	고부식성 유기 물질.	tags,lines
/items/liquids/centensianliquid.liqitem.patch	/description	"이 우주에 속하지 않은 것처럼 느껴지는, 기묘하고 걸쭉한 액체.
^yellow;원심분리 가능^reset;."	이 우주에 속하지 않는 듯한 이상하고 걸쭉 액체.	tags,lines
/items/materials/atprk_amberblock.matitem.patch	/description	"화석화된 나무 수지다. 고대 벌레도 발견할 수 있다!
^green;추출 가능^reset;, ^orange;분쇄 가능^reset;."	화석화된 나무 수지다. 고대 벌레도 발견할 수 있다!	tags,lines
/items/materials/atprk_ashrock.matitem.patch	/description	"재로 뒤덮인 바위.
^green;채취 가능^reset;, ^orange;분쇄 가능^reset;."	재로 뒤덮인 바위.	tags,lines
/items/materials/atprk_chthonianrock.matitem.patch	/description	"밀도 높은 금속질 암석.
^green;채취 가능^reset;, ^orange;파괴 가능^reset;."	밀도 높은 금속질 암석.	tags,lines
/items/materials/atprk_frozenfishwater.matitem.patch	/description	"물고기로 가득한 얼어붙은 바닷물.
^green;채취 가능^reset;."	물고기로 가득한 얼어붙은 바닷물.	tags,lines
/items/materials/atprk_radiotrophicwood.matitem.patch	/description	"외계의 방사영양성 목재 조각입니다.
^green;추출 가능^reset;."	외계의 방사영양성 목재 조각입니다.	tags,lines
/items/materials/atprk_spongeblock.matitem.patch	/description	"부드러운 스펀지 블록. 아니, 물을 흡수하지는 않는다.
^green;채취 가능^reset;, ^orange;분쇄 가능^reset;."	부드러운 스펀지 블록. 아니, 물을 흡수하지는 않는다.	tags,lines
/items/materials/bloodstonematerial.matitem.patch	/description	"불그스름한 돌 블록입니다.
^green;추출 가능^reset;, ^orange;분쇄 가능^reset;."	"핏빛으로 물든 돌 블록.
^green;추출 가능^reset;."	tags
/items/materials/bloodstonewall.matitem.patch	/description	"귀중한 콰이투스 정수가 들어있습니다.
^green;추출 가능^reset;."	"귀중한 콰이어투스 에센스를 함유.
^green;추출 가능^reset;, ^orange;분쇄 가능^reset;."	tags
/items/materials/candyblock.matitem.patch	/description	"달콤한 향이 나는 돌사탕!
^green;추출 가능^reset;, ^orange;분쇄 가능^reset;."	달콤한 냄새의 록 캔디!	tags,lines
/items/materials/hellstone.matitem.patch	/description	"으엑, 살덩어리처럼 보이는 재료야!
^green;채취 가능^reset;."	윽, 살덩이 같은 재질이야!	tags,lines
/items/materials/matterblock.matitem.patch	/description	"물질 블록입니다. 중요한(matter) 블록이죠.
^green;추출 가능^reset;, ^red;제련 가능^reset;."	물질 블록. 물질적인 블록이다.	tags,lines
/items/materials/purplecrystal.matitem.patch	/description	"이 보라색 수정 안에서 빛이 뒤틀리는 것 같다.
^green;채굴 가능^reset;, ^orange;분쇄 가능^reset;."	이 보라색 크리스탈 안에서 빛이 뒤틀리는 듯하다.	tags,lines
/items/materials/spidersilkblock.matitem.patch	/description	"거미줄을 단단히 모아 만든 견고한 블록.
^green;추출 가능^reset;."	거미줄을 빽빽하게 채워 만든 단단한 블록.	tags,lines
/items/materials/stomachblock.matitem.patch	/description	"이 살덩이 덩어리는 어떤 생명체의 위의 일부인 것처럼 보입니다.
^green;추출 가능^reset;."	이 살덩이는 어떤 생물의 위 일부였던 듯하다.	tags,lines
/items/throwables/ct_ion_javelin.thrownitem.patch	/shortdescription	Ion Javelin ^#8020f0;^reset;	이온 투창 ^#8020f0;^reset;	glyphs
/items/throwables/ct_vortex_nade.thrownitem.patch	/shortdescription	Vortex Nade ^#2080f0;^reset;	보텍스 수류탄 ^#2080f0;^reset;	glyphs
/ivrpgStats.config.patch	/vitality/1/text	"^green;생명력 20부터:^reset;
클래식 모드의 최대 체력 페널티 절반.
전문화의 최대 체력 페널티 절반."	허기 속도를 감소시킵니다.	tags,lines
/ivrpgtext.config.patch	/lore/children/people/children/winter/children/whoareyoureally/children	"Who are you? No, no. This isn't a question for you, so calm down, and keep your lips shut: after all, it's a question for me. Who are you? The reason I ask is simple. Have you changed? Are you no longer that wretched season necessitating death? Are you alive, or dead? Where are you, why, and when? Who are you?

"	너는 누구냐? 아니, 아니. 이건 네게 하는 질문이 아니니, 진정하고 입을 다물라: 결국 나에게 하는 질문이니까. 너는 누구냐? 내가 묻는 이유는 간단하다. 너는 변했는가? 너는 더 이상 죽음을 필요로 하는 그 비참한 계절이 아닌가? 너는 살아 있는가, 죽었는가? 너는 어디에, 왜, 언제 있는가? 너는 누구냐?	lines
/ivrpgversion.config.patch	/changelog/children/2.01/children	"A smaller update but one which we welcome Ven as a coder, that made some of this possible, especially the hunter and battlemage stuff.

Compatibility:
    Small compatibility fix concerning alchemists and Futaradragons.

Mechanics:
    Stat scaling is now increased if you play Classic Mode. This is to help make Classic Mode actually worth considering rather than simply turning on consequences for no gain.

Specialization:
    Hunter: Crouching now recharges the camoflague and allows them to remain hidden indefinitely. However, the duration when moving has been reduced from 5 seconds to 3 to compensate for this.
    Battlemage: Now available for Knights. It never made any sense that Battlemage was purely for Wizards (especially since they're closer to knights anyway.)
    Crusader: It is now possible to unlock it by defeating enemies with Holy damage (this makes it possible for Wizards to unlock it via the use of holy damage Runes and Grimoires.)
    Paladin: By request, the points needed to unlock it has been reduced from 300 to 200.
"	"작지만 반가운 업데이트입니다. 이번 작업을 가능하게 해준 코더 Ven을 새로 맞이했으며, 특히 헌터와 배틀메이지 관련 작업 대부분이 그 덕분입니다.

호환성:
    연금술사와 Futaradragon 관련 사소한 호환성 문제를 수정했습니다.

메커니즘:
    클래식 모드 플레이 시 스탯 스케일링이 증가하도록 변경했습니다. 이는 아무런 이득 없이 페널티만 켜는 것에 그쳤던 클래식 모드를 실제로 고려할 가치가 있도록 돕기 위함입니다.

전문화:
    헌터: 웅크리기가 이제 위장을 재충전시키며 무한정 숨어 있을 수 있게 합니다. 다만 이를 보완하기 위해 이동 중 지속 시간은 5초에서 3초로 줄었습니다.
    배틀메이지: 이제 나이트도 사용할 수 있습니다. 배틀메이지가 오직 마법사 전용이었다는 것은 애초에 말이 되지 않았습니다(오히려 나이트 쪽에 더 가깝기도 하고요).
    크루세이더: 이제 성속성 피해로 적을 처치하여 해금할 수 있습니다(이로써 마법사도 성속성 피해를 주는 룬과 그리모어를 사용해 해금할 수 있게 되었습니다).
    팔라딘: 요청에 따라 해금에 필요한 포인트가 300에서 200으로 줄었습니다."	lines
/ivrpgversion.config.patch	/changelog/children/2.1/children	"Specialization:
    Unlocked Specializations are usable at level 1 (no more waiting for L25 after Prestiging)
Mechanics:
(None so far)
Chips:
Poison Petal: Petal Dance inflicts a fast-acting poison in addition to its other effects. If paired with Flower Gardener, also causes seeded.
Compatibility:
    Added Starforge compatibility
"	"전문화:
    잠금 해제된 전문화는 레벨 1부터 사용할 수 있습니다 (프레스티지 후 L25까지 기다릴 필요 없음)
역학:
(현재 없음)
칩:
독 꽃잎: 페탈 댄스가 다른 효과에 더해 빠르게 발동하는 독을 입힙니다. 플라워 가드너와 조합하면 씨뿌림 효과도 발생시킵니다.
호환성:
    스타포지 호환성 추가"	lines
/ivrpgversion.config.patch	/changelog/children/2.0/children	"Announcement:
Rylasasin (who had previously contributed) has been added as a dev and will be maintaining this mod in the future, as the original author no longer has the time nor energy to do so.
For those familar with the 'Rylasasin Fork', those changes have been merged (with a notable exception.) For those not familiar, they will be listed below.
For the forseeable future, efforts will be spent on improving what is already here instead of adding new major things (like Specs.) We apologize to those that were looking forward to the Pilot/Theif/Etc specs,
but that simply will not happen in the forseeable future.

Finally, we must announce removal of GiC support. They wish for a Standalone experience, and we will respect that. Plus it will allow us to concentrate efforts on compatibility with other mods (Arcana, Maple32, Starforge, etc) and on things of greater priorities (such as upgrade chips).
We appreciate your understanding.
Mechanics:
    Mechanist can now be unlocked (faster) by killing Frackin, Shellguard, FFS/DaE, Arcana, and Maple32 robots. Defeating robot bosses from these mods vastly helps.
    Mechanist Fortify covers these too.
    Valkyrie can now use shortspears.
    Most Specializations no longer have stat requirements. They looked good on paper before skills were a thing, but no one likes them now so they're gone. Those that still have them are halved.
    Specializations are unlockable at level 25 instead of 35.
    Affinities can be upgraded at level 35 instead of 45.
Techs:
    Shadow Step: When used, a black puff of smoke hides your escape (purely visual/flavor, the smoke does nothing unlike with Escape! or Petal Dance)
Compatiblity:
    Swansong now drops XP
    Return to Earth bosses and monsters drop XP
    Arcana support
    Maple32 support
    Kitsunebn and Lucario Aura usable with all classes in classic (all races for now but will change in the future).
Chips:
    Six new weapon chips for specialization weapons. Two for Omniathrower, two for Orbital, and two for True Aegis
        Omniapressure increases Omniathrower range and knockback at the expense of effect duration.
        Omniapalm leaves sticky projectiles on surfaces and has increased after effects at the expense of direct damage.
        Nebula causes orbitals to phase through walls at the cost of range.
        High Orbit increases range and gives seeking to orbitals, at the expense of projectiles no longer bouncing/peircing.
        Great Wall, which increases shield health and removes perfect blocking requirement, while also removing perfect blocking.
        Parry This! a parry upgrade that gives more power and beam length for perfect blocks in exchange for demaning more precise perfect blocking.
"	"공지:
Rylasasin(이전에 기여했던 사람)이 개발자로 합류해 앞으로 이 모드를 관리할 예정입니다. 원작자가 더 이상 시간과 여력이 없기 때문입니다.
'Rylasasin Fork'에 익숙한 분들을 위해 말씀드리면, 해당 변경 사항은 (한 가지 주목할 예외를 제외하고) 병합되었습니다. 익숙하지 않은 분들을 위해 아래에 목록을 나열합니다.
당분간은 새로운 대형 요소(특성화 등)를 추가하기보다 기존 요소를 개선하는 데 노력을 쏟을 예정입니다. Pilot/Theif 등 특성화를 기대하셨던 분들께는 죄송합니다만,
당분간은 단순히 실현되지 않을 예정입니다.

마지막으로, GiC 지원 제거를 공지해야 합니다. 그쪽에서는 독립형 경험을 원하고 있고, 저희는 그 뜻을 존중합니다. 또한 이를 통해 다른 모드(Arcana, Maple32, Starforge 등)와의 호환성, 그리고 업그레이드 칩처럼 우선순위가 더 높은 작업에 역량을 집중할 수 있게 됩니다.
양해해 주셔서 감사합니다.
역학:
    이제 Frackin, Shellguard, FFS/DaE, Arcana, Maple32의 로봇을 처치하면 (더 빠르게) 메카니스트를 해금할 수 있습니다. 이 모드들의 로봇 보스를 처치하면 큰 도움이 됩니다.
    메카니스트 포티파이도 이들을 포함합니다.
    이제 발키리는 숏스피어를 사용할 수 있습니다.
    대부분의 특성화에는 더 이상 스탯 요구치가 없습니다. 스킬이 도입되기 전에는 서류상으로 괜찮아 보였지만, 이제는 아무도 좋아하지 않아 없앴습니다. 아직 남아 있는 요구치는 절반으로 줄었습니다.
    특성화는 35레벨이 아닌 25레벨에 해금됩니다.
    친화력은 45레벨이 아닌 35레벨에 업그레이드할 수 있습니다.
테크:
    그림자 걸음: 사용하면 검은 연기가 탈출을 가려줍니다 (순수하게 시각/연출 효과이며, Escape!나 Petal Dance와 달리 연기 자체는 아무 효과가 없습니다)
호환성:
    이제 Swansong이 경험치를 드롭합니다
    Return to Earth의 보스와 몬스터가 경험치를 드롭합니다
    Arcana 지원
    Maple32 지원
    클래식 모드의 모든 클래스에서 Kitsunebn과 Lucario Aura 사용 가능 (현재는 모든 종족, 향후 변경 예정).
칩:
    특성화 무기용 신규 무기 칩 6종. Omniathrower용 2종, Orbital용 2종, True Aegis용 2종
        Omniapressure는 효과 지속시간을 희생하는 대신 Omniathrower의 사거리와 넉백을 증가시킵니다.
        Omniapalm은 직접 피해를 희생하는 대신 표면에 끈적한 투사체를 남기고 후속 효과가 강화됩니다.
        Nebula는 사거리를 희생하는 대신 궤도체가 벽을 통과하게 합니다.
        High Orbit은 투사체가 더 이상 튕기거나 관통하지 않는 대신 사거리를 늘리고 궤도체에 유도 기능을 부여합니다.
        Great Wall은 방패 체력을 늘리고 퍼펙트 블록 요구 조건을 없애지만, 퍼펙트 블록 자체도 제거합니다.
        Parry This!는 더 정밀한 퍼펙트 블록을 요구하는 대신 퍼펙트 블록에 더 큰 위력과 더 긴 빔 길이를 부여하는 패링 업그레이드입니다."	lines
/ivrpgversion.config.patch	/changelog/children/1.95/children	"Bugs:
    Zia's Legacy now spawns at level 6.
    Adrenaline Rush - Mind should now properly activate.
Mechanics:
    Specialization and Class updates to Classic Mode thanks to Rylasasin.
    GiC support thanks to Rylasasin.
    More Mage Baton support thanks to Rylasasin.
    Wizard Class Ability now works with Grimoires and Orbs.
Weapons:
    Added Eldnir, an Electric Spear for a Patron.
    Reimplemented Oathkeeper thanks to Ribs.
    True Aegis now maintains its Perfect Shield Bonus when unequipped.
Professions:
    Added Alchemist.
"	"버그:
    지아의 유산이 이제 레벨 6에서 등장합니다.
    아드레날린 러시 - 마인드가 이제 제대로 발동해야 합니다.
메커닉:
    Rylasasin 덕분에 클래식 모드에 전문화와 클래스 업데이트가 추가되었습니다.
    Rylasasin 덕분에 GiC를 지원합니다.
    Rylasasin 덕분에 메이지 배턴 지원이 늘었습니다.
    마법사 클래스 능력이 이제 그리모어 및 오브와 함께 작동합니다.
무기:
    후원자용 전기 창 엘드니르를 추가했습니다.
    Ribs 덕분에 오스키퍼를 재구현했습니다.
    트루 이지스가 장착 해제 시에도 이제 완벽 방어 보너스를 유지합니다.
직업:
    연금술사를 추가했습니다."	lines
/ivrpgversion.config.patch	/changelog/children/1.94/children	"Weapons:
    Added Orbs, a new type of randomly generated magic weapon. See the lore entry that unlocked on launch for more information.
    Added ""Zia's Legacy"", a Unique Grimoire with unique attacks: change elements with its Alt Fire and then unleash a flurry of projectiles with its Primary Fire.
Skills:
    Modified some skills to have a slightly better trade-off.
        Increased the Health percentage and Power Multiplier of 'Adrenaline Rush - Body'
        Increased the Health percentage of 'Adrenaline Rush - Mind', and changed the Max Energy benefit to Energy Regen Delay and Recharge Rate.
        Changed Armor to Physical Resistance for 'Armor Up' Skills.
"	"무기:
    오브 추가, 무작위 생성 마법 무기의 새 유형. 자세한 내용은 실행 시 해금된 설정 기록을 참조.
    ""지아의 유산"" 추가, 고유 공격을 지닌 유일한 그리모어: 보조 발사로 원소를 바꾼 뒤 주 공격으로 발사체 연사를 쏟아낸다.
기술:
    일부 기술이 약간 더 나은 트레이드오프를 갖도록 수정.
        '아드레날린 러시 - 바디'의 체력 비율과 위력 배율 증가
        '아드레날린 러시 - 마인드'의 체력 비율 증가, 최대 에너지 혜택을 에너지 재생 지연과 충전 속도로 변경.
        '갑옷 강화' 기술의 방어도를 물리 저항으로 변경."	lines
/ivrpgversion.config.patch	/changelog/children/1.91/children	"General:
    Updated the Patron list to include all Patrons who have not been added yet.
Weapons:
    Grimoires:
        Can no longer be equipped by every Class that can use two-handed weapons.
        Thoron image now properly loops.
        Judgement now properly does Holy damage instead of Demonic.
        Grimoires no longer consume Energy on discharge if no spell was cast.
        Having Intelligence at 20 now properly enables Grimoires with 50% power.
Specializations:
    Adept:
        Revamped Phase Shift: While holding Primary Fire, cursor movement is tracked. Upon releasing Primary Fire, unleash a rift of energy that follows those movements, dealing more damage the longer it travels.
        Revamped Passive: Nearby allies gain a temporary Speed Boost once Energy recharges. When Energy depletes, nearby enemies are pushed away.
"	"일반:
    아직 추가되지 않았던 모든 후원자를 후원자 목록에 넣었습니다.
무기:
    마도서:
        양손 무기를 사용할 수 있는 모든 직업이 더는 마도서를 장착할 수 없습니다.
        토론의 이미지가 이제 정상적으로 반복됩니다.
        심판이 이제 악마 피해 대신 올바르게 신성 피해를 줍니다.
        주문을 시전하지 않았다면 마도서를 해제해도 에너지를 소모하지 않습니다.
        지능이 20이면 이제 마도서를 50% 위력으로 사용할 수 있습니다.
전문화:
    숙련자:
        위상 전환 개편: 기본 공격을 누르는 동안 커서의 움직임을 기록합니다. 손을 떼면 그 경로를 따라 에너지 균열이 뻗어 나가며, 이동 거리가 길수록 더 큰 피해를 줍니다.
        지속 효과 개편: 에너지가 재충전되면 주변 아군의 속도가 잠시 증가합니다. 에너지가 바닥나면 주변 적을 밀어냅니다. "	lines
/ivrpgversion.config.patch	/changelog/children/1.73/children	"Mechanics:
    Skill points are now granted when leveling in a mech.
    Level Up sound now plays when leveling in a mech.
    Every Prestige now grants +3 permanent Stat Points.
    If the player who gets the final kill has a matching Mastery Boss Challenge, it will trigger for nearby players.
    Many level requirements changed to rely on values in ivrpgLevelRequirements.config so that players can easily create patches to change them.
    More FFS compatibility thanks to Rylasasin.
Weapon Scaling:
    Whips now scale with Dexterity or Strength, similar to Katanas.
Class:
    Soldier:
        Classic Mode:
            Can wield Daggers with Ranged Weapons.
    Ninja:
        Classic Mode:
            Health Penalty changed from 0.5x to 0.66x.
Specializations:
    Now unlock at Level 30 instead of Level 35.
    Paladin:
        Immaculate Shield:
            Range for healing pulse increased to 30 from 15.
            Healing percent now properly scales with Intelligence and Strength, instead of just Strength x2.
    Valkyrie:
        Einherjar:
            No longer drains Health when activating ally immortality.
            Added a heal conversion for healing allies quickly and efficiently.
    Cannoneer:
        Fighting Lion:
            Rare Lua error due to how Starbound culls entities fixed.
Items:
    Added a Challenge Reset Scroll for those who are having issues triggering Mastery Challenges. Currently only obtainable through commands: ivrpgscrollresetchallenges.
"	"역학:
    이제 메카 안에서 레벨업할 때 스킬 포인트가 지급됩니다.
    이제 메카 안에서 레벨업할 때 레벨업 효과음이 재생됩니다.
    모든 프레스티지마다 이제 영구 스탯 포인트 +3을 지급합니다.
    마지막 처치를 한 플레이어에게 일치하는 숙련 보스 도전 과제가 있으면, 근처 플레이어에게도 발동합니다.
    많은 레벨 요구치가 ivrpgLevelRequirements.config의 값을 참조하도록 변경되어, 플레이어가 쉽게 패치를 만들어 이를 바꿀 수 있습니다.
    Rylasasin 덕분에 FFS 호환성이 더 좋아졌습니다.
무기 스케일링:
    이제 채찍이 카타나처럼 민첩성이나 힘에 비례해 스케일링됩니다.
직업:
    군인:
        클래식 모드:
            원거리 무기와 함께 단검을 장착할 수 있습니다.
    닌자:
        클래식 모드:
            체력 페널티가 0.5배에서 0.66배로 변경되었습니다.
전문화:
    이제 레벨 35 대신 레벨 30에 잠금 해제됩니다.
    팔라딘:
        임마큘레이트 실드:
            치유 파동 범위가 15에서 30으로 증가했습니다.
            치유량 비율이 이제 힘 x2뿐 아니라 지능과 힘 모두에 제대로 비례합니다.
    발키리:
        에인헤랴르:
            아군 불멸을 발동할 때 더는 체력을 소모하지 않습니다.
            아군을 빠르고 효율적으로 치유하기 위한 치유 전환을 추가했습니다.
    포수:
        파이팅 라이온:
            스타바운드가 엔티티를 정리하는 방식 때문에 발생하던 드문 Lua 오류를 수정했습니다.
아이템:
    숙련 도전 과제 발동에 문제가 있는 이들을 위해 도전 과제 초기화 스크롤을 추가했습니다. 현재는 명령어로만 얻을 수 있습니다: ivrpgscrollresetchallenges."	lines
/ivrpgversion.config.patch	/changelog/children/1.72/children	"Lore:
    Kunoichi and Pioneer now unlock certain lore entries when equipped. Re-equip them to unlock said lore.
Specializations:
    Fae - A Rogue Specialization - enabled.
"	"전승:
    쿠노이치와 개척자는 장착 시 특정 전승 항목의 잠금을 해제합니다. 잠금 해제하려면 재장착하십시오.
전문화:
    페이 - 도적 전문화 - 활성화됨."	lines
/ivrpgversion.config.patch	/credits/children/2/children	"
Caine
Lorekeeper
Fylix
Aegis
MaximumDumb
Guilherme
Mightyfarmer3
DocDewrill
DodgerJPS
Kurlya
Mightyfarmer3
Arcadye1002
Mathias
Refolde
^green;Thanks for everything! :)"	"Caine
Lorekeeper
Fylix
Aegis
MaximumDumb
Guilherme
Mightyfarmer3
DocDewrill
DodgerJPS
Kurlya
Mightyfarmer3
Arcadye1002
Mathias
Refolde
^green;모든 것에 감사드려요! :)"	lines
/npcs/scienceoutpost/fuoutpostcivilian3.npctype.patch	/scriptConfig/dialog/converse/thelusian/default/0	yellow;xk-ch-ch kth^reset;!	^yellow;쿠웩-츠-츠 크트^reset;!	tags
/objects/CRAFTING/GICEXP/gicexp_nitoriindustries_tradeterminal/gicexp_nitoriindustries_tradeterminal.object.patch	/interactData/paneLayoutOverride/windowtitle/title	"  Trade Terminal: Nitori Industries







"	무역 터미널: 니토리 인더스트리즈	lines
/objects/CRAFTING/GICEXP/gicexp_nitoriindustries_tradeterminal/gicexp_nitoriindustries_tradeterminal.object.patch	/interactData/paneLayoutOverride/windowtitle/subtitle	"  ''Ours is the grasping golden hand. We are desire.''

  Founded by Ms.Kawashiro Nitori and several unknow partners, The Nitori Industries are a conglomeration of plutocratic commercial and industrial interests.
  
  Not like the prevailing outside view, The Nitori Industries are not a united organization, Their Board is constantly plagued by infights and discord.
  Especially after the 'disappearance' of their founder.
"	"''움켜쥐는 황금의 손은 우리의 것. 우리는 욕망이다.''

  카와시로 니토리 씨와 정체불명의 동업자 몇 명이 세운 니토리 산업은 금권 정치적인 상업·산업 이해관계의 복합체다.
  
  외부에 널리 퍼진 인식과 달리 니토리 산업은 단결된 조직이 아니며, 이사회는 늘 내분과 불화에 시달린다.
  특히 창립자가 '실종'된 뒤로는 더욱 그렇다."	lines
/objects/CRAFTING/cp_ammo_bench/cp_ammo_bench.object.patch	/interactData/paneLayoutOverride/windowtitle/title	"^#6060ff;Welcome to Delamain Work bench!







"	^#6060ff;델라메인 작업대에 오신 것을 환영합니다!	lines
/objects/CRAFTING/cp_ammo_bench/cp_ammo_bench.object.patch	/interactData/paneLayoutOverride/windowtitle/subtitle	"
^#8888ff;Hello, sir or madam. On client world, don't use the ammunition of our world, so to use the firearms we
provide, appropriate modification or manufacturing of ammunition is necessary. But don't worry! Delamain
Corporation ensure thorough aftercare service for our client. If client follow the blueprints we provide,
Will be able to create the necessary items, even if client have a significant decrease in cognitive abilities.
and also, If client are not good at making or lack materials, client can purchase ammunition by pay eddies. 
The ammunition that client purchased will be sent right away through [white noise sound].
^reset;
"	"^#8888ff;안녕하세요, 선생님. 고객 세계에서는 우리 세계의 탄약을 사용하지 않으므로, 제공하는
화기를 쓰려면 탄약의 적절한 개조나 제조가 필요합니다. 하지만 걱정 마세요! 델라메인
코퍼레이션은 고객에게 철저한 사후 관리를 보장합니다. 제공하는 설계도를 따르기만 하면,
인지 능력이 크게 저하된 고객이라도 필요한 아이템을 만들 수 있습니다.
또한 제작이 서툴거나 재료가 부족하다면 에디를 지불해 탄약을 구매할 수도 있습니다.
고객이 구매한 탄약은 [백색소음 소리]를 통해 즉시 전송됩니다.
^reset;"	lines
/objects/CRAFTING/cp_delamain_shop/cp_delamain_shop.object.patch	/interactData/paneLayoutOverride/windowtitle/title	"^#6060ff;Delamain Pawnshop







"	^#6060ff;델라메인 전당포	lines
/objects/CRAFTING/cp_ripperdoc_shop/cp_ripperdoc_shop.object.patch	/interactData/paneLayoutOverride/windowtitle/title	"^#6060ff;Delamain Cyberware Shop







"	^#6060ff;델라메인 사이버웨어 상점	lines
/objects/CRAFTING/cp_ripperdoc_shop/cp_ripperdoc_shop.object.patch	/interactData/paneLayoutOverride/windowtitle/subtitle	"^#8888ff;Excessive installation of cyberware has the potential for a specifically
dissociative disorder called ^yellow;cyberpsycosis^reset;. when more technological load on the body, the
more likely it is to lose touch with humanity and go crazy. Also, some times due to rejection
reaction of implant is accompanied by internal breakdown and critical damage on nervous system.
^orange;As higher the physical and mental load given by cyberware, Will greater the rejection occurs.
^red;When +4 Mental loads over, it can cause Cyberphychosis.
When +4 Physical loads over, it can cause Circulatory System Breakdown.
^#880000;When +6 Physical loads over, it may cause Fatal Nervous system meltdown.
"	"^#8888ff;사이버웨어의 과도한 설치는 ^yellow;사이버사이코시스^reset;라는 특정
해리성 장애를 일으킬 가능성이 있습니다. 신체의 기술 부하가 클수록
인간성을 잃고 미칠 가능성이 높아집니다. 또한 임플란트의 거부 반응으로
내부 붕괴와 신경계 치명적 손상이 동반되기도 합니다.
^orange;사이버웨어가 주는 신체적·정신적 부하가 클수록 거부 반응도 커집니다.
^red;정신 부하가 +4 초과 시 사이버사이코시스가 발생할 수 있습니다.
신체 부하가 +4 초과 시 순환계 붕괴가 발생할 수 있습니다.
^#880000;신체 부하가 +6 초과 시 치명적 신경계 녹다운이 발생할 수 있습니다."	lines
/objects/CRAFTING/cp_warped_labtop/cp_warped_labtop.object.patch	/interactData/paneLayoutOverride/windowtitle/title	"^white;[blinking eldritch laptop, first seen website was on the screen]^reset;







"	^white;[깜빡이는 엘드리치 노트북, 처음 본 웹사이트가 화면에]^reset;	lines
/objects/CRAFTING/cp_warped_labtop/cp_warped_labtop.object.patch	/interactData/paneLayoutOverride/windowtitle/subtitle	"^#6060ff;Welcome to Delamain Weapon shop!
^#8888ff;Delamain is one of the major corporation in the New United States of America, operated entirely by artificial
intelligence, with a primary focus on customer satisfaction. Whether you're stepping into Delamain Weapon
Shop for the first time or have found your way here by chance, it doesn't matter! Whatever your dream weapon
may be, with Delamain as your guide, that dream is sure to become a reality.
^#505050;
Imports: Eddies, Data shard
Service: Cyberpunk 2077 Weapons, Attachment | Cyberpunk 2077 Craft bench
"	"^#6060ff;델라메인 무기 상점에 오신 것을 환영합니다!
^#8888ff;델라메인은 뉴 아메리카 합중국의 주요 기업 중 하나로, 전적으로 인공지능이
운영하며 고객 만족을 최우선으로 합니다. 델라메인 무기 상점에 처음 오셨든
우연히 찾아오셨든 상관없습니다! 꿈의 무기가 무엇이든, 델라메인과 함께라면
그 꿈은 반드시 현실이 됩니다.
^#505050;
수입: 에디, 데이터 샤드
서비스: 사이버펑크 2077 무기, 부착물 | 사이버펑크 2077 제작대"	lines
/objects/CRAFTING/gic_ija_grave/gic_ija_grave.object.patch	/interactData/paneLayoutOverride/windowtitle/subtitle	"  
 ''The dead know only one thing: it is better to be alive.''
 
 Second Sino-Japanese War of 1937-1945 took lives of about 22 million people. It is now a mere footnote 
 in the history of Humanity. No humans left alive who would remember it, or care about it.
 
 But now, with the fabric of reality thinning, spirits of those who died want to be heard again.
 Through this impromptu shrine, hear them, pay your respect, and carry on their strength and wisdom.
 "	"''죽은 자는 한 가지만 안다. 살아 있는 것이 낫다는 것.''
 
 1937~1945년의 중일 전쟁은 약 2,200만 명의 목숨을 앗아갔다. 이제는 인류 역사의 
 각주 한 줄에 불과하다. 그 전쟁을 기억하거나 마음에 두는 인간은 아무도 남지 않았다.
 
 그러나 이제 현실의 결이 얇아지면서, 죽은 이들의 영혼이 다시 들리기를 원한다.
 이 즉석 신단을 통해 그들의 목소리를 듣고, 예를 올리고, 그들의 힘과 지혜를 이어받으라."	lines
/objects/CRAFTING/gic_ija_grave_iwashita/gic_ija_grave_iwashita.object.patch	/interactData/paneLayoutOverride/windowtitle/subtitle	"  
 ''The dead know only one thing: it is better to be alive.''
 
 Second Sino-Japanese War of 1937-1945 took lives of about 22 million people. It is now a mere footnote 
 in the history of Humanity. No humans left alive who would remember it, or care about it.
 
 But now, with the fabric of reality thinning, spirits of those who died want to be heard again.
 Through this impromptu shrine, hear them, pay your respect, and carry on their strength and wisdom.
 "	"''죽은 자는 한 가지만 안다. 살아 있는 것이 낫다는 것.''
 
 1937~1945년의 중일 전쟁은 약 2,200만 명의 목숨을 앗아갔다. 이제는 인류 역사의 
 각주 한 줄에 불과하다. 그 전쟁을 기억하거나 마음에 두는 인간은 아무도 남지 않았다.
 
 그러나 이제 현실의 결이 얇아지면서, 죽은 이들의 영혼이 다시 들리기를 원한다.
 이 즉석 신단을 통해 그들의 목소리를 듣고, 예를 올리고, 그들의 힘과 지혜를 이어받으라."	lines
/objects/CRAFTING/gico_alchemytable/gico_alchemytable.object.patch	/interactData/paneLayoutOverride/windowtitle/subtitle	" A simple table that has all the tools necessary to craft potions as long as you have
 the materials needed. A suitable alternative to normal medicine and drugs despite the
 lack of knowledge surrounding alchemy.
 
 
 
 
 "	"재료만 있으면 포션을 만드는 데 필요한 도구가 다 있는 단순한 탁자다.
 일반 약품과 약물의 적절한 대안이야,
 연금술 지식이 부족함에도 말이야."	lines
/objects/CRAFTING/gico_ammobench/gico_ammobench.object.patch	/interactData/paneLayoutOverride/windowtitle/title	" Ammo Bench







"	탄약 벤치	lines
/objects/CRAFTING/gico_ammobench/gico_ammobench.object.patch	/interactData/paneLayoutOverride/windowtitle/subtitle	" A simple workbench that has all the tools necessary to craft ammunition as long as you have
 the materials needed. It can also be used to break down materials or convert them to other
 types that may be more useful.
 
 
 
 
 "	"재료만 있으면 탄약을 만드는 데 필요한 도구가 다 있는 단순한 작업대다.
 재료를 분해하거나 더 유용할 수 있는 다른
 유형으로 변환하는 데도 쓸 수 있어."	lines
/objects/CRAFTING/gico_magilocktable/gico_magilocktable.object.patch	/interactData/paneLayoutOverride/windowtitle/title	" Magilock Workbench







"	매지락 작업대	lines
/objects/CRAFTING/gico_magilocktable/gico_magilocktable.object.patch	/interactData/paneLayoutOverride/windowtitle/subtitle	" A simple table that has all the tools necessary to craft ammo used by the youkai forces.
 Whether it be magic or conventional, the youkai armies are not above using whatever means
 they have available to win the war.
 
 
 
 
 "	"요괴군이 쓰는 탄약을 만드는 데 필요한 도구가 다 있는 단순한 탁자다.
 마법이든 재래식이든, 요괴 군대는 전쟁에서 이기기 위해
 가용한 모든 수단을 쓰는 걸 마다하지 않아."	lines
/objects/EXPLORATION/esc_exp_rebel_mechanic/esc_exp_rebel_mechanic.object.patch	/interactData/paneLayoutOverride/windowtitle/subtitle	"  ''For Our Homeland.''
"	''조국을 위하여.''	lines
/objects/EXPLORATION/esx_exp_yf_quartermaster/esc_exp_yf_quartermaster.object.patch	/interactData/paneLayoutOverride/windowtitle/subtitle	"  ''IN VICTORY TO PROSPERITY''
"	''승리 속에서 번영으로''	lines
/objects/MERCHANT/gico_jiangshi_merchant/gico_jiangshi_merchant.object.patch	/interactData/paneLayoutOverride/windowtitle/title	" Jiangshi Armorers - Youkai Equipment







"	장시 갑주장 - 요괴 장비	lines
/objects/MERCHANT/gico_mouse_merchant/gico_mouse.object.patch	/interactData/paneLayoutOverride/windowtitle/title	" Lion Battalion Requisition Officer 'Nissa'







"	LION 대대 징발관 '니사'	lines
/objects/MERCHANT/gico_shrine_merchant/gico_shrine_merchant.object.patch	/interactData/paneLayoutOverride/windowtitle/title	" Shrine Maiden Kayori







"	무녀 카요리	lines
/objects/arcana/bleuark/craftingstation_1/bleuark_craftingstation_1.object.patch	/upgradeStages/1/interactData/paneLayoutOverride/windowtitle/subtitle	Innovation station	^#b9b5b2;혁신 스테이션	tags
/objects/arcana/bleuark/craftingstation_1/bleuark_craftingstation_1.object.patch	/upgradeStages/2/interactData/paneLayoutOverride/windowtitle/subtitle	Innovation station	^#b9b5b2;혁신 스테이션	tags
/objects/arcana/orion/teleporter_1/orion_teleporter_1.object.patch	/description	"A personal teleporter, connects to bookmarked locations. 
^red;Destroyed when broken."	북마크된 장소로 연결된 개인용 텔레포터입니다. ^red;파괴하면 부서집니다.	lines
/objects/arcana/teleporter/astralCorridor/arcana_teleporter_astralCorridor.object.patch	/description	미지의 차원으로 이어지는 신비로운 문이다. ^red;사용하거나 파괴하면 사라진다.^reset;	미지의 차원으로 통하는 신비한 문입니다. 뭐가 잘못될 수 있을까요?	tags
/objects/arcana/teleporter/astralCorridor/arcana_teleporter_astralCorridor.object.patch	/shortdescription	^#4bb4ca;애저^reset; 복도 문	도전의 문	tags
/objects/arcana/teleporter/lunarCorridor/arcana_teleporter_lunarCorridor.object.patch	/description	미지의 차원으로 이어지는 신비로운 문이다. ^red;사용하거나 파괴하면 사라진다.^reset;	미지의 차원으로 통하는 신비한 문입니다. 뭐가 잘못될 수 있을까요?	tags
/objects/arcana/teleporter/lunarCorridor/arcana_teleporter_lunarCorridor.object.patch	/shortdescription	^#8f82e9;루나^reset; 회랑 문	도전의 문	tags
/objects/arcana/teleporter/solarCorridor/arcana_teleporter_solarCorridor.object.patch	/description	미지의 차원으로 이어지는 신비로운 문이다. ^red;사용하거나 파괴하면 사라진다.^reset;	미지의 차원으로 통하는 신비한 문입니다. 뭐가 잘못될 수 있을까요?	tags
/objects/arcana/teleporter/solarCorridor/arcana_teleporter_solarCorridor.object.patch	/shortdescription	^#e99763;솔라^reset; 회랑 문	도전의 문	tags
/objects/arcana_teleporter/arcana_teleporter_bleuark/arcana_teleporter_bleuark.object.patch	/description	"A personal teleporter, connects to bookmarked locations. 
^red;Destroyed when broken."	북마크된 장소로 연결된 개인용 텔레포터입니다. ^red;파괴하면 부서집니다.	lines
/objects/arcana_teleporter/arcana_teleporter_gilten/arcana_teleporter_gilten.object.patch	/description	"A personal teleporter, connects to bookmarked locations. 
^red;Destroyed when broken."	북마크된 장소로 연결된 개인용 텔레포터입니다. ^red;파괴하면 부서집니다.	lines
/objects/crafting/arcana_crafting_anvil_1/arcana_crafting_anvil_1.object.patch	/shortdescription	^#9e6b55;Basic Anvil^reset;	^#dfcf4e;아우레아 병기고^reset;	tags
/objects/crafting/arcana_crafting_cookingStation_2/arcana_crafting_cookingStation_2.object.patch	/shortdescription	^#3ec7dd;Basic Cooking Station^reset;	^#dfcf4e;고급 조리대^reset;	tags
/objects/crafting/arcana_crafting_essenceExtractor_1/arcana_crafting_essenceExtractor_1.object.patch	/shortdescription	^#9e6b55;Wooden Essence Extractor^reset;	^#dfcf4e;길디드 에센스 추출기^reset;	tags
/objects/crafting/arcana_crafting_furnace_2/arcana_crafting_furnace_2.object.patch	/shortdescription	^#3ec7dd;Arcanium Furnace^reset;	^#dfcf4e;아우릭 용광로^reset;	tags
/objects/crafting/arcana_crafting_main_1/arcana_crafting_main_1.object.patch	/shortdescription	^#9e6b55;Magician's Table^reset;	^#dfcf4e;아티피서의 작업대^reset;	tags
/objects/crafting/arcana_crafting_techStation_3/arcana_crafting_techStation_3.object.patch	/shortdescription	^#9e6b55;Basic Tech Station^reset;	^#dfcf4e;고급 테크 스테이션^reset;	tags
/objects/crafting/arcana_crafting_workbench_2/arcana_crafting_workbench_2.object.patch	/shortdescription	^#3ec7dd;Arcanium Workstation^reset;	^#dfcf4e;아우렐리안 작업대^reset;	tags
/objects/crafting/extractionlab/extractionlab.object.patch	/description	대부분의 블록에서 유용한 재료를 추출합니다. ^cyan;^orange;10J^청록색 필요; 추출당.^reset; 바닥이나 천장에 설치할 수 있습니다.	대부분의 블록에서 유용한 재료를 추출한다. ^cyan;추출마다 ^orange;10J^cyan; 필요.^reset; 바닥 또는 천장에 설치 가능.	tags
/objects/crafting/extractionlabadv/extractionlabadv.object.patch	/description	대부분의 블록에서 유용한 재료를 효율적으로 추출합니다. ^cyan;^orange;30J^청록색 필요; 추출당.^reset; 바닥이나 천장에 설치할 수 있습니다.	대부분의 블록에서 유용한 재료를 효율적으로 추출한다. ^cyan;추출마다 ^orange;30J^cyan; 필요.^reset; 바닥 또는 천장에 설치 가능.	tags
/objects/crafting/ironanvil/ironanvil.object.patch	/shortdescription	^orange;철 모루^reset;	^orange;철 모루^white;	tags
/objects/crafting/ironcraftingtable/ironcraftingtable.object.patch	/shortdescription	^orange;철제 제작대^reset;	^orange;철 제작대^white;	tags
/objects/crafting/matterassembler/prototyper.object.patch	/description	^cyan;(Frackin' Universe 메인 테이블)^reset; 모든 종류의 유용한 장비를 제작하세요.	고급 기술을 만든다.	tags
/objects/crafting/matterassembler/prototyperoutpost.object.patch	/description	^cyan;(Frackin' Universe 메인 테이블)^reset; 모든 종류의 유용한 장비를 제작하세요.	고급 기술을 만든다.	tags
/objects/crafting/mwhaddon_crafting_alchemist/mwhaddon_crafting_alchemist.object.patch	/shortdescription	^#9e6b55;Chemist's Table^reset;	^#dfcf4e;그랜드소서러의 작업대^reset;	tags
/objects/crafting/outfitfitter_saturn/outfitfitter_saturn.object.patch	/description	"Morphs hats and helmets to better fit Saturnians. Converted hats are marked with ""^cyan;^reset;"""	"모자와 투구를 새터니안에게 더 잘 맞게 변형한다. 변형된 모자는 ""^cyan;\ue012^reset;""로 표시된다."	glyphs
/objects/crafting/outfitfitter_saturn/outfitfitter_saturn.object.patch	/subtitle	"Morphs hats to fit Saturnians. Converted hats are marked with ""^cyan;^white;"""	"모자를 새터니안에게 맞게 변형한다. 변형된 모자는 ""^cyan;\ue012^white;""로 표시된다."	glyphs
/objects/felin/felinteleporter/felinteleporter.object.patch	/description	"A personal teleporter, connects to bookmarked locations. 
^red;Destroyed when broken."	북마크된 장소로 연결된 개인용 텔레포터입니다. ^red;파괴하면 부서집니다.	lines
/objects/felin/platter/carrotcakeplatter.object.patch	/description	It's a delicious carrot cake! Tastes better than it sounds.	맛있는 당근 케이크예요! 생각보다 맛있어요. ^orange;유형: 야채 + 유제품 + 계란 + 설탕^reset;	tags
/objects/felin/platter/ribplatter.object.patch	/description	Pass the barbecue sauce!	바비큐 소스 좀 줘! ^orange;유형: 익힌 고기^reset;	tags
/objects/felin/platter/ribplatter.object.patch	/humanDescription	Pass the barbecue sauce!	바비큐 소스 좀 줘! ^orange;유형: 익힌 고기^reset;	tags
/objects/generic/randomfountain/randomfountain.object.patch	/description	가장 예측할 수 없는 분수. ^red;빈 상태에서 부수면 파괴됩니다.	무작위 분수. 가장 예측 불가능한 분수.	tags
/objects/knightfall/teleporter/knightfall_largeteleporter/knightfall_largeteleporter.object.patch	/description	"A personal teleporter, connects to bookmarked locations. 
^red;Destroyed when broken."	북마크된 장소로 연결된 개인용 텔레포터입니다. ^red;파괴하면 부서집니다.	lines
/objects/knightfall/teleporter/knightfall_lowteleporter/knightfall_lowteleporter.object.patch	/description	"A personal teleporter, connects to bookmarked locations. 
^red;Destroyed when broken."	북마크된 장소로 연결된 개인용 텔레포터입니다. ^red;파괴하면 부서집니다.	lines
/objects/knightfall/teleporter/knightfall_tallteleporter/knightfall_tallteleporter.object.patch	/description	"A personal teleporter, connects to bookmarked locations. 
^red;Destroyed when broken."	북마크된 장소로 연결된 개인용 텔레포터입니다. ^red;파괴하면 부서집니다.	lines
/objects/lawPoliceSmallTeleporter_Missions/lawpoliceteleporter.object.patch	/description	"A personal teleporter, connects to bookmarked locations. 
^red;Destroyed when broken."	북마크된 장소로 연결된 개인용 텔레포터입니다. ^red;파괴하면 부서집니다.	lines
/objects/lawPoliceSmallTeleporter_Missions/lawpoliceteleporterM04.object.patch	/description	"A personal teleporter, connects to bookmarked locations. 
^red;Destroyed when broken."	북마크된 장소로 연결된 개인용 텔레포터입니다. ^red;파괴하면 부서집니다.	lines
/objects/lawPoliceTeleporter_Missions/lawpoliceteleporter.object.patch	/description	"A personal teleporter, connects to bookmarked locations. 
^red;Destroyed when broken."	북마크된 장소로 연결된 개인용 텔레포터입니다. ^red;파괴하면 부서집니다.	lines
/objects/legion/letheiaexpandedlegionteleporter1/letheiaexpandedlegionteleporter1.object.patch	/description	"A personal teleporter, connects to bookmarked locations. 
^red;Destroyed when broken."	북마크된 장소로 연결된 개인용 텔레포터입니다. ^red;파괴하면 부서집니다.	lines
/objects/letheiaobjectsexpanded/letheia_extra_21/letheia_extra_21.object.patch	/description	"Equip and enhance your techs at this station. 
^red;Destroyed when broken."	이 스테이션에서 기술을 장착하고 강화하세요. ^red;파괴하면 부서집니다.	lines
/objects/letheiaobjectsexpanded/letheiaexpandedstore/letheiaexpandedstore.object.patch	/shortdescription	^orange;레테이아 상점^reset;	레테이아 상점	tags
/objects/lighting/playbirdsign1/playbirdsign1.object.patch	/shortdescription	"플레이 버드 사인.
'그에 걸맞게' 차려입어라."	플레이 버드 사인	lines
/objects/nmm_generic/rooftopbillboards/billboardbeautifulattempt.object.patch	/hylotlDescription	Oh no, how could you possibly make a sequel to that? /n...I admit, I'm interested.	"오 이런, 대체 어떻게 저기서 속편을 만들 수 있는 거지?
...인정한다, 흥미가 생기네."	lines
/objects/postcards/protectorateFlyer.item.patch	/description	"행성 보호국 광고입니다. ^yellow;""오늘 보호자가 되세요!"""	보호국에 관한 낡은 선전물이다.	tags
/objects/ship/researchstation/researchstation.object.patch	/shortdescription	^orange;연구 스테이션^reset;	^orange;연구 스테이션^white;	tags
/objects/smartbox/splitter/splitter.object.patch	/description	"스택을 100개, 10개, 1개로 분할할 수 있습니다.
항목-네트워크 호환."	"더미를 100개, 10개,
그리고 1개 단위로 (가능한 한) 나눕니다.
아이템 네트워크 호환."	lines
/objects/spawner/spawners/spawner_apex.object.patch	/shortdescription	^yellow;에이펙스 스포너^reset;	에이펙스 생성기	tags
/objects/spawner/spawners/spawner_avian.object.patch	/shortdescription	^yellow;아비안 스포너^reset;	에이비언 생성기	tags
/objects/spawner/spawners/spawner_chef.object.patch	/shortdescription	^yellow;셰프 스포너^reset;	요리사 생성기	tags
/objects/spawner/spawners/spawner_floran.object.patch	/shortdescription	^yellow;플로란 스포너^reset;	플로란 생성기	tags
/objects/spawner/spawners/spawner_glitch.object.patch	/shortdescription	^yellow;글리치 스포너^reset;	글리치 생성기	tags
/objects/spawner/spawners/spawner_guard.object.patch	/shortdescription	^yellow;경비병 스포너^reset;	경비 생성기	tags
/objects/spawner/spawners/spawner_human.object.patch	/shortdescription	^yellow;인간 스포너^reset;	인간 생성기	tags
/objects/spawner/spawners/spawner_hylotl.object.patch	/shortdescription	^yellow;하이로틀 스포너^reset;	하이로틀 생성기	tags
/objects/spawner/spawners/spawner_wizard.object.patch	/shortdescription	^yellow;마법사 스포너^reset;	마법사 생성기	tags
/objects/spawner/spawnerstation/spawnerstation.object.patch	/shortdescription	^orange;고용주 스테이션^reset;	^orange;고용주 스테이션^white;	tags
/objects/stone_tentacle_teleporter/stone_tentacleteleporter.object.patch	/description	"A personal teleporter, connects to bookmarked locations. 
^red;Destroyed when broken."	북마크된 장소로 연결된 개인용 텔레포터입니다. ^red;파괴하면 부서집니다.	lines
/objects/teleporter/akkimarilowteleporter/akkimarilowteleporter.object.patch	/description	"A personal teleporter, connects to bookmarked locations. 
^red;Destroyed when broken."	북마크된 장소로 연결된 개인용 텔레포터입니다. ^red;파괴하면 부서집니다.	lines
/objects/teleporter/alliancelowteleporter/alliancelowteleporter.object.patch	/description	"A personal teleporter, connects to bookmarked locations. 
^red;Destroyed when broken."	북마크된 장소로 연결된 개인용 텔레포터입니다. ^red;파괴하면 부서집니다.	lines
/objects/teleporter/alliancetallteleporter/alliancetallteleporter.object.patch	/description	"A personal teleporter, connects to bookmarked locations. 
^red;Destroyed when broken."	북마크된 장소로 연결된 개인용 텔레포터입니다. ^red;파괴하면 부서집니다.	lines
/objects/teleporter/angelteleporter2/angelteleporter2.object.patch	/description	"A personal teleporter, connects to bookmarked locations. 
^red;Destroyed when broken."	북마크된 장소로 연결된 개인용 텔레포터입니다. ^red;파괴하면 부서집니다.	lines
/objects/teleporter/angelteleporter3/angelteleporter3.object.patch	/description	"A personal teleporter, connects to bookmarked locations. 
^red;Destroyed when broken."	북마크된 장소로 연결된 개인용 텔레포터입니다. ^red;파괴하면 부서집니다.	lines
/objects/teleporter/atprk_corporateteleporter/atprk_corporateteleporter.object.patch	/description	"A personal teleporter, connects to bookmarked locations. 
^red;Destroyed when broken."	북마크된 장소로 연결된 개인용 텔레포터입니다. ^red;파괴하면 부서집니다.	lines
/objects/teleporter/atprk_crystallineteleporter/atprk_crystallineteleporter.object.patch	/description	"A personal teleporter, connects to bookmarked locations. 
^red;Destroyed when broken."	북마크된 장소로 연결된 개인용 텔레포터입니다. ^red;파괴하면 부서집니다.	lines
/objects/teleporter/atprk_overgrownteleporter/atprk_overgrownteleporter.object.patch	/description	"A personal teleporter, connects to bookmarked locations. 
^red;Destroyed when broken."	북마크된 장소로 연결된 개인용 텔레포터입니다. ^red;파괴하면 부서집니다.	lines
/objects/teleporter/avikanlowteleporter/avikanlowteleporter.object.patch	/description	"A personal teleporter, connects to bookmarked locations. 
^red;Destroyed when broken."	북마크된 장소로 연결된 개인용 텔레포터입니다. ^red;파괴하면 부서집니다.	lines
/objects/teleporter/avikantallteleporter/avikantallteleporter.object.patch	/description	"A personal teleporter, connects to bookmarked locations. 
^red;Destroyed when broken."	북마크된 장소로 연결된 개인용 텔레포터입니다. ^red;파괴하면 부서집니다.	lines
/objects/teleporter/centensianmidteleporter/centensianmidteleporter.object.patch	/description	"A personal teleporter, connects to bookmarked locations. 
^red;Destroyed when broken."	북마크된 장소로 연결된 개인용 텔레포터입니다. ^red;파괴하면 부서집니다.	lines
/objects/teleporter/centensianteleporter/centensianteleporter.object.patch	/description	"A personal teleporter, connects to bookmarked locations. 
^red;Destroyed when broken."	북마크된 장소로 연결된 개인용 텔레포터입니다. ^red;파괴하면 부서집니다.	lines
/objects/teleporter/om_starryteleporter1/om_starryteleporter1.object.patch	/description	"A personal teleporter, connects to bookmarked locations. 
^red;Destroyed when broken."	북마크된 장소로 연결된 개인용 텔레포터입니다. ^red;파괴하면 부서집니다.	lines
/objects/teleporter/trinklowteleporter/trinklowteleporter.object.patch	/description	"A personal teleporter, connects to bookmarked locations. 
^red;Destroyed when broken."	북마크된 장소로 연결된 개인용 텔레포터입니다. ^red;파괴하면 부서집니다.	lines
/objects/teleporter/trinktallteleporter/trinktallteleporter.object.patch	/description	"A personal teleporter, connects to bookmarked locations. 
^red;Destroyed when broken."	북마크된 장소로 연결된 개인용 텔레포터입니다. ^red;파괴하면 부서집니다.	lines
/objects/tentacle_teleporter/tentacleteleporter.object.patch	/description	"A personal teleporter, connects to bookmarked locations. 
^red;Destroyed when broken."	북마크된 장소로 연결된 개인용 텔레포터입니다. ^red;파괴하면 부서집니다.	lines
/objects/upgrade/sb_techstation/apex.object.patch	/description	"Equip and enhance your techs at this station. 
^red;Destroyed when broken."	이 스테이션에서 기술을 장착하고 강화하세요. ^red;파괴하면 부서집니다.	lines
/objects/upgrade/sb_techstation/avian.object.patch	/description	"Equip and enhance your techs at this station. 
^red;Destroyed when broken."	이 스테이션에서 기술을 장착하고 강화하세요. ^red;파괴하면 부서집니다.	lines
/objects/upgrade/sb_techstation/floran.object.patch	/description	"Equip and enhance your techs at this station. 
^red;Destroyed when broken."	이 스테이션에서 기술을 장착하고 강화하세요. ^red;파괴하면 부서집니다.	lines
/objects/upgrade/sb_techstation/glitch.object.patch	/description	"Equip and enhance your techs at this station. 
^red;Destroyed when broken."	이 스테이션에서 기술을 장착하고 강화하세요. ^red;파괴하면 부서집니다.	lines
/objects/upgrade/sb_techstation/human.object.patch	/description	"Equip and enhance your techs at this station. 
^red;Destroyed when broken."	이 스테이션에서 기술을 장착하고 강화하세요. ^red;파괴하면 부서집니다.	lines
/objects/upgrade/sb_techstation/hylotl.object.patch	/description	"Equip and enhance your techs at this station. 
^red;Destroyed when broken."	이 스테이션에서 기술을 장착하고 강화하세요. ^red;파괴하면 부서집니다.	lines
/objects/upgrade/sb_techstation/novakid.object.patch	/description	"Equip and enhance your techs at this station. 
^red;Destroyed when broken."	이 스테이션에서 기술을 장착하고 강화하세요. ^red;파괴하면 부서집니다.	lines
/objects/wired/scanner/slimepersonscanner2.object.patch	/slimenpcDescription	<자기 이름>과 친구들의 눈동자 시계.	눈이 <selfname>과 친구들을 지켜본다.	ph
/quest/oculemonade.questtemplate.patch	/completionText	"고마워! 오늘 그렇게 나쁘진 않을지도...

행성 밖 훈련이 있는데, 늦으면 함선이 날 두고 떠날지도 몰라. 얼른 가는 게 좋겠다."	고마워, 오늘 그렇게 나쁘진 않을지도 몰라.	lines
/quests/STORY/LEGACY/ESTHER/LIONHEART/gic_esther_chapter_4c_grandlibrarian.questtemplate.patch	/title	^yellow;[GiC]: Grand Librarion	라이온하트	tags
/quests/STORY/LEGACY/ESTHER/LIONHEART/gic_esther_chapter_4d_noblevampire.questtemplate.patch	/title	^yellow;[GiC]: Noble Vampire	라이온하트	tags
/quests/STORY/LEGACY/ESTHER/gic_esther_chapter_0_2_armsofgazring.questtemplate.patch	/title	^yellow;[GiC]: Chapter 0 - Arms of Gazring	카미쉬	tags
/quests/STORY/LEGACY/ESTHER/gic_esther_chapter_1_1_fng.questtemplate.patch	/title	^yellow;[GiC]: Chapter 1 - F.N.G	카미쉬	tags
/quests/STORY/LEGACY/ESTHER/gic_esther_chapter_2_0_thekinless.questtemplate.patch	/title	^yellow;[GiC]: Chapter 2 - The Kinless	카미쉬	tags
/quests/STORY/LEGACY/ESTHER/gic_esther_chapter_2_wud_birdhunting.questtemplate.patch	/title	^yellow;[GiC]: Gazri - Eye of the Sun	황무지 상인	tags
/quests/STORY/LEGACY/ESTHER/gic_esther_chapter_3_0_theotherworld.questtemplate.patch	/title	^yellow;[GiC]: Chapter 3 - The Other World	카미쉬	tags
/quests/STORY/LEGACY/ESTHER/gic_esther_chapter_4_0_eldestabode.questtemplate.patch	/title	^yellow;[GiC]: Chapter 4 - The Eldest Abode	카미쉬	tags
/quests/STORY/LEGACY/ESTHER/gic_esther_chapter_5_0_division16.questtemplate.patch	/title	^yellow;[GiC]: Chapter 5 - Division 16	카미쉬	tags
/quests/STORY/LEGACY/ESTHER/gic_esther_chapter_6_0_luna.questtemplate.patch	/title	^yellow;[GiC]: Chapter 6 - Luna	카미쉬	tags
/quests/ftlrepairmain.questtemplate.patch	/completionText	이제 이 태양계 내의 행성을 방문할 수 있게 되었어^green;내 FTL 드라이브를 어떻게 수리할지 보기 시작해야겠어,^orange;NEKI가 더 많이 알 것 같아.	작동한다! 드디어 다른 성계로 갈 수 있어!	tags
/quests/story/vierabootship.questtemplate.patch	/title	^orange;Awaking the Wood...^reset;	숲	tags
/quests/story/vierawakeup.questtemplate.patch	/title	^orange;A Day in the Life...^reset;	선하 대위	tags
/radiomessages/ffs2_radiomessages_hc.radiomessages.patch	/ffs2_5_0_funny1/text	"Oh great, it's this stupid mission again. And in it's old form.
How did Ryl screw it up this time?!
"	"오 잘됐네, 또 이 멍청한 임무야. 그것도 예전 방식 그대로.
릴은 이번엔 또 어떻게 망친 거야?!"	lines
/radiomessages/pf_newhazards.radiomessages.patch	/pf_mildbiomeradiation/text	여기 대기에 방사능이 많아요. 곧 보호가 필요할 거예요.	"경고! 대기 중 방사능이 위험 수준이다!
전체 체력이 감소하고 있다. 적절한 장비를 갖추길 권한다. 조심히 나아가라!"	lines
/radiomessages/pf_newhazards.radiomessages.patch	/pf_mildbiomecold/text	밖이 혹한이에요... 따뜻하게 하세요.	"경고! 기온이 다소 낮다!
체력이 서서히 떨어지고 움직임이 저해되고 있다. 적절한 장비를 갖추길 권한다. 너무 오래 머물지 마라!"	lines
/radiomessages/pf_newhazards.radiomessages.patch	/pf_mildbiomeheat/text	정말, 정말 더워요... 기절하지 않게 조심해요...	"경고! 기온이 다소 높다!
체력이 서서히 떨어지고 에너지 비축이 낮다. 적절한 장비를 갖추길 권한다. 너무 오래 머물지 마라!"	lines
/radiomessages/pf_newhazards.radiomessages.patch	/pf_mildbiomelightning/text	공기에 전기가 많아요. 에너지가 지켜주지만 조심하세요.	"경고! 대기 정전기가 손상 수준이다!
지금 생명을 유지하는 건 에너지 공급뿐이다. 적절한 장비를 갖추길 권한다. 조심하라!"	lines
/radiomessages/pf_newhazards.radiomessages.patch	/pf_mildbiomepoison/text	여기 공기는 독성이에요! 보호 안 하면 병에 걸려요!	"경고! 공기가 독소로 가득하다!
체력이 떨어지고 있다. 적절한 장비를 갖추길 권한다. 건강히 버텨라!"	lines
/radiomessages/pf_newhazards.radiomessages.patch	/pf_biomelightning/text	여기 공기에 치명적인 정전기가 있어요! 에너지 공급을 찢을 거예요 - 보호 장비가 필요해요!	"경고! 이 행성의 정전기 수치가 위험하게 높다!
에너지 공급이 방해당하고 있다. 적절한 장비 없는 탐험은 권장하지 않는다!"	lines
/radiomessages/pf_newhazards.radiomessages.patch	/pf_biomepoison/text	여기 공기는 치명적으로 독성이에요! 보호 없이 탐험 금지!	"경고! 이 행성의 독 수치가 위험하게 높다!
전체 체력이 시간이 지나며 떨어진다. 적절한 장비 없는 탐험은 권장하지 않는다!"	lines
/radiomessages/pf_newtutorial.radiomessages.patch	/pf_mildhazardtutorial_a/text	^reset;지금 우리가 처한 조건은 생존 가능하지만 조심해야 해요. 이런 위험은 날씨든 행성 대기든 우리를 많이 위험에 빠뜨릴 거예요.	현재 행성 기후나 날씨로 인한 위험 환경에 있으며, 위험에 처해 있다. 충분한 계획으로 생존할 수 있지만, 생존율은 낮아질 것이다.	tags
/radiomessages/pf_newtutorial.radiomessages.patch	/pf_mildhazardtutorial_b/text	시간 나면 ^orange;위험물 실험 테이블^reset;을 조립할 수 있는지 보세요. 거기서 보호 장비를 만들 수 있어요.	그런 상황이 생길 때마다 보호 장비를 만들려면 ^green;발명가의 작업대^reset;에서 ^orange;위험 실험 탁자^reset;를 만드는 걸 추천해.	tags
/radiomessages/shpd.radiomessages.patch	/shpd_dart/text	You discovered a ^green;dart^reset;. These are useful tools due to their ability to be ^oange;tipped^reset; with alchemy seeds or cleaned at an ^green;alchemy pot^reset;.	^green;다트^reset;를 발견했다. ^orange;연금술 씨앗을 바르거나^reset; ^green;연금술 가마^reset;에서 정화할 수 있어 유용한 도구다.	tags
/species/aegi.species.patch	/charCreationTooltip/description	"자연재해를 피해 지구에서 달아난 인간들의 후손이다. 외교적이고 평화로우며 기술적으로 앞선 에지는 엘리시아 동맹이라는 성간 다종족 연합의 창립자로 자리 잡았다.
    ^#00A9FF;능력치^reset;
^white;최대 체력^reset;: ^green;+10%^reset;
^white;최대 에너지^reset;: ^green;+10%^reset;
^white;에너지 재생^reset;: ^green;+25%^reset;
^darkgray;공격력 배율: -^reset;
^darkgray;방어력: -^reset;
    ^#00A9FF;저항^reset;
^white;화염 저항^reset;: ^red;-10%^reset;
^white;전기 저항^reset;: ^red;-10%^reset;
^white;독 저항^reset;: ^green;+5%^reset;
^white;냉기 저항^reset;: ^green;+5%^reset;
^darkgray;물리 저항: -^reset;
    ^#00A9FF;면역^reset;: -
    ^#00A9FF;종족 특성^reset;: -
^white;이동 속도^reset;: ^green;+25%^reset;, ^white;최대 숨^reset;: ^green;+100.0^reset;"	자연재해를 피해 지구에서 달아난 인간들의 후손이다. 외교적이고 평화로우며 기술적으로 앞선 에지는 엘리시안 얼라이언스이라는 성간 다종족 연합의 창립자로 자리 잡았다.	tags,lines
/species/akkimari.species.patch	/charCreationTooltip/description	"아키마리는 붕괴된 종족으로, 그들의 사회는 그들을 다스리던 AI를 잃은 뒤 여전히 회복 중이다. 이제, 많은 아키마리가 자신들의 AI와 부 모두를 찾아 스캐빈저와 현상금 사냥꾼으로서 은하를 떠돈다.
    ^#00A9FF;능력치^reset;
^darkgray;최대 체력: -^reset;
^darkgray;최대 에너지: -^reset;
^white;에너지 재생^reset;: ^green;+15%^reset;
^darkgray;공격 배율: -^reset;
^white;방어력^reset;: ^red;-5%^reset;
    ^#00A9FF;저항^reset;
^white;화염 저항^reset;: ^green;+15%^reset;
^darkgray;전기 저항: -^reset;
^darkgray;독 저항: -^reset;
^white;냉기 저항^reset;: ^red;-15%^reset;
^white;물리 저항^reset;: ^red;-5%^reset;
    ^#00A9FF;면역^reset;: ^green;둔화
    ^#00A9FF;종족 특성^reset;: ^#AA72FF;전투 분노, 열정적인 탐험가
^white;점프 높이^reset;: ^green;+10%^reset;, ^white;허기 속도^reset;: ^red;+15%^reset;"	아키마리는 붕괴된 종족으로, 그들의 사회는 그들을 다스리던 AI를 잃은 뒤 여전히 회복 중이다. 이제, 많은 아키마리가 자신들의 AI와 부 모두를 찾아 스캐빈저와 현상금 사냥꾼으로서 은하를 떠돈다.	tags,lines
/species/angel.species.patch	/charCreationTooltip/description	"천사는 컬티베이터가 자신의 다른 창조물인 필멸자들을 감시하도록 만들었다. 그러나 창조주가 사라진 지금, 천사들은 뿔뿔이 흩어져 우주 곳곳에 퍼졌다. 천사는 필멸자를 완전히 이해하지 못하는 것으로 알려져 있다.
    ^#00A9FF;능력치^reset;
^white;최대 체력^reset;: ^green;+15%^reset;
^white;최대 에너지^reset;: ^green;+25%^reset;
^white;에너지 재생^reset;: ^green;+10%^reset;
^darkgray;공격 배율: -^reset;
^darkgray;방어력: -^reset;
    ^#00A9FF;저항^reset;
^white;화염 저항^reset;: ^green;+35%^reset;
^white;전기 저항^reset;: ^green;+25%^reset;
^white;독 저항^reset;: ^red;-25%^reset;
^white;냉기 저항^reset;: ^red;-35%^reset;
^darkgray;물리 저항: -^reset;
    ^#00A9FF;면역^reset;: ^green;기아, 허기, 화상
    ^#00A9FF;종족 특성^reset;: ^#AA72FF;굶지 않음
^white;낙하 피해^reset;: ^green;-100%^reset;, ^white;넉백 저항^reset;: ^green;+15%^reset;, ^white;허기 속도^reset;: ^green;-100%^reset;"	천사는 컬티베이터가 자신의 다른 창조물인 필멸자들을 감시하도록 만들었다. 그러나 창조주가 사라진 지금, 천사들은 뿔뿔이 흩어져 우주 곳곳에 퍼졌다. 천사는 필멸자를 완전히 이해하지 못하는 것으로 알려져 있다.	tags,lines
/species/arcanian.species.patch	/charCreationTooltip/description	"가혹한 환경에 단련된 사막 거주 종족. 이들은 자연스럽게 신비로운 힘에 대한 감각을 진화시켰다. 이제는 오아시스에 정착하여 신비로운 학문과 학구적인 일들을 추구한다.

  ^orange;식성^reset;: 잡식성

^orange;장점^reset;:
  에너지 x^green;1.1^reset;, 속도 +^green;10^reset;%, 매력 x^green;1.1^reset;
  ^green;저항^reset;: 물리 +^green;10^reset;%, 전기 +^green;15^reset;%, 화염 +^green;20^reset;%
  ^green;타고난 신비 지식^reset;으로 ^cyan;기술^reset; ^green;신비 활력 부여^reset;를 사용할 수 있다

^orange;환경^reset;:
  ^green;더운^reset; 생물군계: 체력 x^green;1.2^reset;, 에너지 x^green;1.2^reset;
  ^red;추운^reset; 생물군계: 체력 x^red;0.9^reset;, 에너지 x^red;0.8^reset;, 속도 x^red;0.9^reset;

^orange;무기^reset;:
  완드/스태프: 피해량 x^green;1.15^reset;, 치명타 확률 +^green;10^reset;%, 에너지 재생 x^green;1.05^reset;%
  단검: 방어력 x^green;1.1^reset;

^red;약점^reset;:
  체력 x^red;0.9^reset;
  ^red;저항^reset;: 냉기 -^red;40^reset;%, 독 -^red;15^reset;%"	^#50c5b5;아르카니안^reset;은 거친 환경 탓에 단련된 사막 거주 종족이다. 그들은 아케인에 대한 타고난 감각을 지니도록 진화했다. 이제 오아시스에서 쉬며, 그들은 아케인과 학문의 문제를 추구한다.	tags,lines
/species/avikan.species.patch	/charCreationTooltip/description	"텔레안 군대의 거듭된 침공을 피해 고향 행성을 떠난 유목민 우주 항해자 종족. 고도로 발전된 기술 수준에도 불구하고, 전통 문화 탓에 뼈와 가죽으로 만든 장비를 자주 사용한다.
    ^#00A9FF;특성^reset;
^white;최대 체력^reset;: ^green;+10%^reset;
^white;최대 에너지^reset;: ^green;+5%^reset;
^darkgray;에너지 재생: -^reset;
^darkgray;공격 배율: -^reset;
^darkgray;방어력: -^reset;
    ^#00A9FF;저항^reset;
^white;화염 저항^reset;: ^green;+40%^reset;
^white;전기 저항^reset;: ^green;+15%^reset;
^white;독 저항^reset;: ^red;-10%^reset;
^white;냉기 저항^reset;: ^red;-40%^reset;
^darkgray;물리 저항: -^reset;
    ^#00A9FF;면역^reset;: ^green;둔화
    ^#00A9FF;종족 특성^reset;: -"	텔레안 군대의 거듭된 침공을 피해 고향 행성을 떠난 유목민 우주 항해자 종족. 고도로 발전된 기술 수준에도 불구하고, 전통 문화 탓에 뼈와 가죽으로 만든 장비를 자주 사용한다.	tags,lines
/species/centens.species.patch	/charCreationTooltip/description	"우리 우주 너머에서 온 고대 종족 센텐스는 비할 데 없는 수준의 기술 발전을 이뤘습니다. 그들의 문명은 아주 오래전 신비한 상황에서 붕괴했지만, 일부 센텐스는 정지 포드에 갇힌 채 아직 살아 있습니다.
    ^#00A9FF;특성^reset;
^darkgray;최대 체력: -^reset;
^white;최대 에너지^reset;: ^green;+50%^reset;
^white;에너지 재생^reset;: ^green;+35%^reset;
^white;공격 배율^reset;: ^red;-10%^reset;
^darkgray;방어력: -^reset;
    ^#00A9FF;저항^reset;
^darkgray;화염 저항: -^reset;
^white;전기 저항^reset;: ^green;+25%^reset;
^white;독 저항^reset;: ^red;-25%^reset;
^white;냉기 저항^reset;: ^green;+15%^reset;
^darkgray;물리 저항: -^reset;
    ^#00A9FF;면역^reset;: -
    ^#00A9FF;종족 특성^reset;: -
^white;낙하 피해^reset;: ^red;+10%^reset;, ^white;점프 높이^reset;: ^green;+10%^reset;, ^white;이동 속도^reset;: ^green;+10%^reset;, ^white;숨 소모 속도^reset;: ^red;+12.5%^reset;"	우리 우주 너머에서 온 고대 종족 센텐스는 비할 데 없는 수준의 기술 발전을 이뤘습니다. 그들의 문명은 아주 오래전 신비한 상황에서 붕괴했지만, 일부 센텐스는 정지 포드에 갇힌 채 아직 살아 있습니다.	tags,lines
/species/droden.species.patch	/charCreationTooltip/description	"드로덴은 텔레안과의 전쟁에서 소모품 병사로 쓰기 위해 아비칸이 만들어낸 존재다. 드로덴 전쟁 중 일어난 반란이 실패로 끝난 후, 새로운 AI 생성이 금지되었고, 오늘날에는 진정한 AI가 거의 남아있지 않다.
    ^#00A9FF;능력치^reset;
^darkgray;최대 체력: -^reset;
^white;최대 에너지^reset;: ^green;+15%^reset;
^white;에너지 재생^reset;: ^green;+10%^reset;
^white;공격 배율^reset;: ^green;+5%^reset;
^darkgray;방어력: -^reset;
    ^#00A9FF;저항^reset;
^darkgray;화염 저항: -^reset;
^white;전기 저항^reset;: ^red;-50%^reset;
^white;독 저항^reset;: ^green;+50%^reset;
^darkgray;냉기 저항: -^reset;
^white;물리 저항^reset;: ^red;-15%^reset;
    ^#00A9FF;면역^reset;: ^green;기아, 식중독, 중독, 질식, 배고픔
    ^#00A9FF;종족 특성^reset;: ^#AA72FF;굶주리지 않음
^white;넉백 저항^reset;: ^green;+15%^reset;, ^white;숨 소모 속도^reset;: ^green;-100%^reset;, ^white;배고픔 속도^reset;: ^green;-100%^reset;"	드로덴은 텔레안과의 전쟁에서 소모품 병사로 쓰기 위해 아비칸이 만들어낸 존재다. 드로덴 전쟁 중 일어난 반란이 실패로 끝난 후, 새로운 AI 생성이 금지되었고, 오늘날에는 진정한 AI가 거의 남아있지 않다.	tags,lines
/species/esc_realisticapex.species.patch	/charCreationTooltip/description	A race of highly intelligent primates. For millennia, the Apex were close to human in appearance until a scientific breakthrough allowed them to trade physical devolution for intellectual evolution.	"고도로 지능적인 영장류 종족입니다. 에이펙스는 수천 년 동안 외모가 인간과 비슷했으나, 과학적 돌파구를 통해 신체적 퇴화와 지적 진화를 맞바꿀 수 있게 되었습니다.

 ^orange;음식 유형^reset;: 잡식성

^orange;특성^reset;:
 물질 조작기: +^green;1^reset; 반경
 체력 x^green;1.08^reset;, 에너지 x^green;1.06^reset;
 ^green;저항^reset;: +^cyan;14^reset;% 냉기, +^cyan;12^reset;% 전기, +^cyan;7^reset;% 우주, +^cyan;4^reset;% 물리
 ^cyan;모든 기술 효율 향상^reset;
 ^cyan;면역^reset;: 정글, 진흙

^orange;환경^reset;:
 ^green;정글, ^green;원시^reset;, ^green;숲^reset;, ^green;열대우림^reset;, ^green;눈^reset; 생물군계: 방어 x^green;1.15^reset;, 체력 x^green;1.1^reset;
 ^red;사막^reset;, ^red;붉은 사막^reset; 생물군계: 방어력 x^red;0.85^reset;, 체력 x^red;0.85^reset;

^orange;무기^reset;:
 없음

^red;약점^reset;:
 최대 식량 x^red;0.9^reset;
 ^red;저항^reset;: -^red;12^reset;% 불 & 독, -^red;5^reset;% 방사능"	tags,lines
/species/felin.species.patch	/charCreationTooltip/description	"우주 고양이처럼 보이지만, 저들이 듣는 곳에서 함부로 '고양이'라 부르지 말 것. 호기심 많은 민족으로 겉으론 온화하지만, 그만큼 자주 사납고 교활하다. 더 높은 점프력과 부드러운 착지를 갖췄다.
    ^#00A9FF;능력치^reset;
^white;최대 체력^reset;: ^green;+10%^reset;
^white;최대 에너지^reset;: ^green;+10%^reset;
^white;에너지 재생^reset;: ^red;-5%^reset;
^white;공격 배율^reset;: ^green;+10%^reset;
^darkgray;방어력: -^reset;
    ^#00A9FF;저항^reset;
^darkgray;화염 저항: -^reset;
^darkgray;전기 저항: -^reset;
^white;독 저항^reset;: ^red;-50%^reset;
^darkgray;냉기 저항: -^reset;
^darkgray;물리 저항: -^reset;
    ^#00A9FF;면역^reset;: ^green;느려짐
    ^#00A9FF;종족 특성^reset;: -"	우주 고양이처럼 보이지만, 들리는 곳에서 가볍게 '고양이'라 부르지 마세요. 호기심 많은 민족이고 표면으론 평화롭지만, 똑같이 자주 사납고 교활해요. 점프 높이가 증가하고 착지가 부드러워요.	tags,lines
/species/femalefeolviera.species.patch	/charCreationTooltip/description	"순혈 비에라와 사랑한 에이질 리더 페올타노스 후예, 그 이름 종족 탄생.
    ^#00A9FF;속성^reset;
^white;최대 체력^reset;: ^red;-15%^reset;
^white;최대 에너지^reset;: ^green;+25%^reset;
^white;에너지 재생^reset;: ^green;+10%^reset;
^white;공격 배율^reset;: ^green;+5%^reset;
^white;방어^reset;: ^red;-5%^reset;
    ^#00A9FF;저항^reset;
^darkgray;화염 저항: -^reset;
^darkgray;전기 저항: -^reset;
^darkgray;독 저항: -^reset;
^darkgray;얼음 저항: -^reset;
^darkgray;물리 저항: -^reset;
    ^#00A9FF;면역^reset;: -
    ^#00A9FF;종족 특성^reset;: -
^white;낙하 피해^reset;: ^green;-10%^reset;, ^white;점프 높이^reset;: ^green;+25%^reset;, ^white;이동속도^reset;: ^green;+15%^reset;"	에이질의 지도자 페올타노스가 순혈 비에라와 사랑에 빠져 태어난 후손들로, 그의 이름을 물려받은 종족이다.	tags,lines
/species/femaleveenaravaviera.species.patch	/charCreationTooltip/description	"숲의 아이들이라 불리는 삼림의 비에라는 고향 세계의 나무 너머에 있는 모든 것을 경계해 왔다. 비에라는 숲이 설계한 수정 동력 함선을 타고 이발리스에 풀려난 고대의 악으로부터 달아났다.
    ^#00A9FF;속성^reset;
^white;최대 체력^reset;: ^red;-15%^reset;
^white;최대 에너지^reset;: ^green;+25%^reset;
^white;에너지 재생^reset;: ^green;+10%^reset;
^white;공격 배율^reset;: ^green;+5%^reset;
^white;방어^reset;: ^red;-5%^reset;
    ^#00A9FF;저항^reset;
^darkgray;화염 저항: -^reset;
^darkgray;전기 저항: -^reset;
^darkgray;독 저항: -^reset;
^darkgray;얼음 저항: -^reset;
^darkgray;물리 저항: -^reset;
    ^#00A9FF;면역^reset;: -
    ^#00A9FF;종족 특성^reset;: -
^white;낙하 피해^reset;: ^green;-10%^reset;, ^white;점프 높이^reset;: ^green;+25%^reset;, ^white;이동 속도^reset;: ^green;+15%^reset;"	숲의 아이들이라 불리는 삼림의 비에라는 고향 세계의 나무 너머에 있는 모든 것을 경계해 왔다. 비에라는 숲이 설계한 수정 동력 함선을 타고 이발리스에 풀려난 고대의 악으로부터 달아났다.	tags,lines
/species/fumantizi.species.patch	/charCreationTooltip/description	"딱정벌레를 닮은 잡식성 이족보행 동물로, 단단한 키틴 판과 풍요로운 것을 좋아합니다.

 ^orange;식성^reset;: 잡식성

^orange;특성^reset;:
 +^green;20^reset; 체력, +^green;5^reset; 방어력, 최대 식량 x^green;1.5^reset;
^green;저항^reset;: +^cyan;15^reset;% 물리,+^cyan;10^reset;% 불, 독 및 전기, +^cyan;5^reset;% 방사능

^orange;환경^reset;:
 ^green;정글, 사막 및 황산^reset; 생물군계: 에너지 x^green;1.1^reset;, 방어력 x^green;1.1^reset;

^orange;무기^reset;:
 단창 마스터리: +^green;25^reset;%
 활 마스터리:  +^green;5^reset;%
 방패: +방패 강타, +^green;2^reset;% 방패 밀치기 거리
 완벽한 방어는 ^green;체력과 ^green;20^reset;% 방패 체력^reset;을 회복시킵니다:

^red;약점^reset;: 
 불쌍한 상인 (-^red;5^reset;% 카리스마)
 ^red;저항^reset;: -^red;15^reset;% 얼음, -^red;12^reset;% 코스믹, -^red;10^reset;% 그림자"	"단단한 키틴 갑각을 두르고 화려한 것을 좋아하는, 딱정벌레를 닮은 잡식성 이족보행 종족.

 ^orange;식성^reset;: 잡식

^orange;특전^reset;:
 +^green;20^reset; 체력, +^green;5^reset; 방어, 최대 식량 x^green;1.5^reset;
 ^green;저항^reset;: +^cyan;15^reset;% 물리,+^cyan;10^reset;% 화염, 독·전기, +^cyan;5^reset;% 방사능

^orange;환경^reset;:
 ^green;정글, 사막, 유황^reset; 생물군계: 에너지 x^green;1.1^reset;, 방어 x^green;1.1^reset;

^orange;무기^reset;:
 단창 숙련: +^green;25^reset;%
 활 숙련: +^green;5^reset;%
 방패: +^green;2^reset;% 방패 강타, +^green;2^reset; 방패 밀기 거리
 퍼펙트 블록은 ^green;체력과 ^green;20^reset;% 방패 스태미나^reset; 회복

^red;약점^reset;:
 서툰 상인 (-^red;5^reset;% 매력)
 ^red;저항^reset;: -^red;15^reset;% 얼음, -^red;12^reset;% 우주, -^red;10^reset;% 암흑"	tags
/species/gelsemis.species.patch	/charCreationTooltip/description	"버리디슨트에서 기원한, 진화한 식물 인간형 종족. 버리디슨트의 독성 환경에 적응한 겔세미스는 어떤 독이나 산에도 강한 저항력을 지닌다. 플로란과 비슷한 특징을 공유하지만, 겔세미스는 절대적으로 필요한 경우가 아니면 유혈이나 전투에 관여하지 않는 경향이 있다. 대부분의 겔세미스는 여전히 버리디슨트의 독성 도시에 거주한다.
    ^#00A9FF;특성^reset;
^darkgray;최대 체력: -^reset;
^darkgray;최대 에너지: -^reset;
^darkgray;에너지 재생: -^reset;
^darkgray;공격 배율: -^reset;
^darkgray;방어력: -^reset;
    ^#00A9FF;저항^reset;
^white;화염 저항^reset;: ^red;-20%^reset;
^darkgray;전기 저항: -^reset;
^white;독 저항^reset;: ^green;+20%^reset;
^darkgray;냉기 저항: -^reset;
^darkgray;물리 저항: -^reset;
    ^#00A9FF;면역^reset;: ^green;중독
    ^#00A9FF;종족 특성^reset;: -"	버리디슨트에서 기원한, 진화한 식물 인간형 종족. 버리디슨트의 독성 환경에 적응한 겔세미스는 어떤 독이나 산에도 강한 저항력을 지닌다. 플로란과 비슷한 특징을 공유하지만, 겔세미스는 절대적으로 필요한 경우가 아니면 유혈이나 전투에 관여하지 않는 경향이 있다. 대부분의 겔세미스는 여전히 버리디슨트의 독성 도시에 거주한다.	tags,lines
/species/gilten.species.patch	/charCreationTooltip/description	"하늘에 떠 있는 방주에 거주하는 ^#c0ab5e;길텐^reset;은 신성한 아이온의 빛을 숭배하는 용인(龍人)이다. 빛에서 얻은 친화력을 지닌 길텐은 기본 원소에는 자연히 강한 저항력을 가지지만, 물리 공격에는 약하다.
    ^#00A9FF;속성^reset;
^darkgray;최대 체력: -^reset;
^darkgray;최대 에너지: -^reset;
^darkgray;에너지 재생: -^reset;
^darkgray;공격 배율: -^reset;
^darkgray;방어력: -^reset;
    ^#00A9FF;저항^reset;
^white;화염 저항^reset;: ^green;+10%^reset;
^white;전기 저항^reset;: ^green;+10%^reset;
^white;독 저항^reset;: ^green;+10%^reset;
^white;냉기 저항^reset;: ^green;+10%^reset;
^white;물리 저항^reset;: ^red;-20%^reset;
    ^#00A9FF;면역^reset;: -
    ^#00A9FF;종족 특성^reset;: -
^white;낙하 피해^reset;: ^green;-20%^reset;"	하늘에 떠 있는 방주에 거주하는 ^#c0ab5e;길텐^reset;은 신성한 에이언의 빛을 숭배하는 용인(龍人)이다. 빛에서 얻은 친화력을 지닌 길텐은 기본 원소에는 자연히 강한 저항력을 가지지만, 물리 공격에는 약하다.	tags,lines
/species/halfsea.species.patch	/charCreationTooltip/description	"키츠네가 되기 전의 키츠네.
    ^#00A9FF;능력치^reset;
^darkgray;최대 체력: -^reset;
^white;최대 에너지^reset;: ^green;+10%^reset;
^darkgray;에너지 재생: -^reset;
^white;공격력 배율^reset;: ^red;-5%^reset;
^darkgray;방어력: -^reset;
    ^#00A9FF;저항^reset;
^white;화염 저항^reset;: ^red;-35%^reset;
^white;전기 저항^reset;: ^red;-10%^reset;
^darkgray;독 저항: -^reset;
^white;냉기 저항^reset;: ^green;+25%^reset;
^darkgray;물리 저항: -^reset;
    ^#00A9FF;면역^reset;: ^green;젖음, 타르, 슬라임
    ^#00A9FF;종족 특성^reset;: ^#AA72FF;수영 강화(대체), 수중 호흡
^white;숨 소모 속도^reset;: ^green;-50%^reset;, ^white;최대 숨^reset;: ^green;+100.0^reset;"	키츠네가 되기 전의 키츠네.	tags,lines
/species/juux.species.patch	/charCreationTooltip/description	"특이한 사이오닉 종족입니다. 순수한 의지력으로 강력한 사이오닉 진동을 생성할 수 있습니다.

 ^orange;음식 유형^reset;: 무관함 (준비된 동위원소 포함)

^orange;특전^reset;:
 에너지 x^green;1.1^reset;
 ^green;저항^reset;: +^cyan;30^reset;% 정신적, +^cyan;20^reset;% 화염 및 전기, +^cyan;15^reset;% 코스믹 및 방사능
 ^cyan;면역^reset;: 불타탐n 기술: ^green;사이오닉 웨이브^reset;

^orange;환경^reset;:
 ^green;전기 폭풍 또는 크리스탈라인^reset; 생물군계: +^green;5% 속도^reset;
 ^red;추운^reset; 생물군계: 방어력 x^red;0.9^reset;

^orange;무기^reset;:
 예지력: +^cyan;8%^reset; ^green;모두^reset; 피해
 사이오닉 이젝터:  데미지 x^green;1.2^reset;
 마그노브 마스터리: +^green;20^reset;%

^red;약점^reset;:
 체력: x^red;0.88^reset;
 ^red;저항^reset;: -^red;12^reset;% 물리, -^red;20^reset;% 독, -^red;5^reset;% 얼음
 -^red;10^reset;% 카리스마"	"기이한 극한생물 사이오닉 종족이다. 순수한 의지력만으로 강력한 사이오닉 진동을 만들어낼 수 있다.

 ^orange;식성^reset;: 무엇이든(조리된 동위원소 포함)

^orange;특전^reset;:
 에너지 x^green;1.1^reset;
 ^green;저항^reset;: 정신 +^cyan;30^reset;%, 화염 및 전기 +^cyan;20^reset;%, 우주 및 방사능 +^cyan;15^reset;%
 ^cyan;면역^reset;: 화상
 기술: ^green;사이오닉 웨이브^reset;

^orange;환경^reset;:
 ^green;전기가 흐르거나 수정으로 이루어진^reset; 생물군계: 이동 속도 +^green;5%^reset;
 ^red;추운^reset; 생물군계: 방어력 x^red;0.9^reset;

^orange;무기^reset;:
 예지: ^green;모든^reset; 피해에 +^cyan;8%^reset;
 사이오닉 이젝터: 피해량 x^green;1.2^reset;
 마그노브 숙련: +^green;20^reset;%

^red;약점^reset;:
 체력: x^red;0.88^reset;
 ^red;저항^reset;: 물리 -^red;12^reset;%, 독 -^red;20^reset;%, 냉기 -^red;5^reset;%
 매력 -^red;10^reset;%"	lines
/species/kitsune.species.patch	/charCreationTooltip/description	"키츠네, 짧게 말하면, 여우 반인반수다.
    ^#00A9FF;능력치^reset;
^white;최대 체력^reset;: ^red;-15%^reset;
^white;최대 에너지^reset;: ^green;+35%^reset;
^white;에너지 재생^reset;: ^green;+10%^reset;
^darkgray;공격 배율: -^reset;
^darkgray;방어력: -^reset;
    ^#00A9FF;저항^reset;
^white;화염 저항^reset;: ^green;+50%^reset;
^white;전기 저항^reset;: ^green;+15%^reset;
^white;독 저항^reset;: ^red;-10%^reset;
^darkgray;냉기 저항: -^reset;
^darkgray;물리 저항: -^reset;
    ^#00A9FF;면역^reset;: ^green;화상
    ^#00A9FF;종족 특성^reset;: ^#AA72FF;노바"	키츠네, 짧게 말하면, 여우 반인반수다.	tags,lines
/species/lamia.species.patch	/charCreationTooltip/description	"이 씨발 우주선에 있는 씨발 뱀놈들은 이제 지긋지긋해
    ^#00A9FF;능력치^reset;
^darkgray;최대 체력: -^reset;
^darkgray;최대 기력: -^reset;
^white;기력 재생^reset;: ^green;+10%^reset;
^white;공격 배율^reset;: ^green;+5%^reset;
^darkgray;방어력: -^reset;
    ^#00A9FF;저항^reset;
^white;화염 저항^reset;: ^green;+5%^reset;
^darkgray;전기 저항: -^reset;
^white;독 저항^reset;: ^green;+25%^reset;
^white;냉기 저항^reset;: ^red;-5%^reset;
^darkgray;물리 저항: -^reset;
    ^#00A9FF;면역^reset;: ^green;식중독, 슬라임
    ^#00A9FF;종족 특성^reset;: -
^white;낙하 피해^reset;: ^green;-5%^reset;, ^white;넉백 저항^reset;: ^green;+2%^reset;, ^white;이동 속도^reset;: ^green;+10%^reset;, ^white;점프 높이^reset;: ^red;-10%^reset;, ^white;최대 호흡^reset;: ^green;+25.0^reset;"	이 씨발 우주선에 있는 씨발 뱀놈들은 이제 지긋지긋해	tags,lines
/species/lucario.species.patch	/charCreationTooltip/description	"복슬복슬한 겉모습과 달리, 이 종족은 놀랍도록 적응력이 뛰어납니다. 전투에 낯설지 않으며 '아우라'라는 자신들만의 고유한 힘을 가지고 있습니다. 그 기원은 의문스럽지만, 특히 보호국 내 여러 곳에서 모습을 드러냈습니다.
    ^#00A9FF;속성^reset;
^white;최대 체력^reset;: ^red;-10%^reset;
^white;최대 에너지^reset;: ^green;+10%^reset;
^white;에너지 재생^reset;: ^green;+25%^reset;
^white;공격력 배율^reset;: ^green;+5%^reset;
^white;방어력^reset;: ^red;-5%^reset;
    ^#00A9FF;저항^reset;
^white;화염 저항^reset;: ^red;-35%^reset;
^white;전기 저항^reset;: ^red;-15%^reset;
^white;독 저항^reset;: ^green;+50%^reset;
^white;냉기 저항^reset;: ^green;+20%^reset;
^darkgray;물리 저항: -^reset;
    ^#00A9FF;면역^reset;: ^green;식중독, 중독
    ^#00A9FF;종족 특성^reset;: -"	복슬복슬한 겉모습과 달리, 이 종족은 놀랍도록 적응력이 뛰어납니다. 전투에 낯설지 않으며 '아우라'라는 자신들만의 고유한 힘을 가지고 있습니다. 그 기원은 의문스럽지만, 특히 보호국 내 여러 곳에서 모습을 드러냈습니다.	tags,lines
/species/malefeolviera.species.patch	/charCreationTooltip/description	"순혈 비에라와 사랑한 에이질 리더 페올타노스 후예, 그 이름 종족 탄생.
    ^#00A9FF;속성^reset;
^white;최대 체력^reset;: ^red;-15%^reset;
^white;최대 에너지^reset;: ^green;+25%^reset;
^white;에너지 재생^reset;: ^green;+10%^reset;
^white;공격 배율^reset;: ^green;+5%^reset;
^white;방어^reset;: ^red;-5%^reset;
    ^#00A9FF;저항^reset;
^darkgray;화염 저항: -^reset;
^darkgray;전기 저항: -^reset;
^darkgray;독 저항: -^reset;
^darkgray;얼음 저항: -^reset;
^darkgray;물리 저항: -^reset;
    ^#00A9FF;면역^reset;: -
    ^#00A9FF;종족 특성^reset;: -
^white;낙하 피해^reset;: ^green;-10%^reset;, ^white;점프 높이^reset;: ^green;+25%^reset;, ^white;이동속도^reset;: ^green;+15%^reset;"	에이질의 지도자 페올타노스가 순혈 비에라와 사랑에 빠져 태어난 후손들로, 그의 이름을 물려받은 종족이다.	tags,lines
/species/maleveenaravaviera.species.patch	/charCreationTooltip/description	"숲의 아이들이라 불리는 삼림의 비에라는 고향 세계의 나무 너머에 있는 모든 것을 경계해 왔다. 비에라는 숲이 설계한 수정 동력 함선을 타고 이발리스에 풀려난 고대의 악으로부터 달아났다.
    ^#00A9FF;속성^reset;
^white;최대 체력^reset;: ^red;-15%^reset;
^white;최대 에너지^reset;: ^green;+25%^reset;
^white;에너지 재생^reset;: ^green;+10%^reset;
^white;공격 배율^reset;: ^green;+5%^reset;
^white;방어^reset;: ^red;-5%^reset;
    ^#00A9FF;저항^reset;
^darkgray;화염 저항: -^reset;
^darkgray;전기 저항: -^reset;
^darkgray;독 저항: -^reset;
^darkgray;얼음 저항: -^reset;
^darkgray;물리 저항: -^reset;
    ^#00A9FF;면역^reset;: -
    ^#00A9FF;종족 특성^reset;: -
^white;낙하 피해^reset;: ^green;-10%^reset;, ^white;점프 높이^reset;: ^green;+25%^reset;, ^white;이동 속도^reset;: ^green;+15%^reset;"	숲의 아이들이라 불리는 삼림의 비에라는 고향 세계의 나무 너머에 있는 모든 것을 경계해 왔다. 비에라는 숲이 설계한 수정 동력 함선을 타고 이발리스에 풀려난 고대의 악으로부터 달아났다.	tags,lines
/species/moogle.species.patch	/charCreationTooltip/description	"이발리스 출신의 토끼형 박쥐 종족.
    ^#00A9FF;특성^reset;
^white;최대 체력^reset;: ^red;-20%^reset;
^white;최대 에너지^reset;: ^green;+10%^reset;
^darkgray;에너지 재생: -^reset;
^darkgray;공격 배율: -^reset;
^darkgray;방어력: -^reset;
    ^#00A9FF;저항^reset;
^white;화염 저항^reset;: ^red;-20%^reset;
^white;전기 저항^reset;: ^green;+20%^reset;
^white;독 저항^reset;: ^green;+10%^reset;
^white;냉기 저항^reset;: ^green;+30%^reset;
^white;물리 저항^reset;: ^red;-20%^reset;
    ^#00A9FF;면역^reset;: ^green;겁먹음
    ^#00A9FF;종족 특성^reset;: ^#AA72FF;느린 수영
^white;낙하 피해^reset;: ^green;-20%^reset;, ^white;점프 높이^reset;: ^green;+20%^reset;, ^white;이동 속도^reset;: ^green;+10%^reset;, ^white;배고픔 속도^reset;: ^red;+10%^reset;"	이발리스 출신의 토끼형 박쥐 종족.	tags,lines
/species/nightar.species.patch	/charCreationTooltip/description	"인간과 비슷하지만 냉담하고 비사교적이면서도 명예를 중시하는 '종족'으로, 발달한 기술을 지녔음에도 여전히 지하에서 살기를 선호하며, 인간이 중세 시대에 그랬듯 검과 활로 싸우는 방식을 고수한다.
    ^#00A9FF;능력치^reset;
^white;최대 체력^reset;: ^red;-15%^reset;
^white;최대 에너지^reset;: ^green;+10%^reset;
^white;에너지 재생^reset;: ^red;-5%^reset;
^white;공격력 배율^reset;: ^green;+5%^reset;
^white;방어력^reset;: ^green;+5%^reset;
    ^#00A9FF;저항^reset;
^white;화염 저항^reset;: ^green;+15%^reset;
^white;전기 저항^reset;: ^red;-15%^reset;
^white;독 저항^reset;: ^green;+5%^reset;
^white;얼음 저항^reset;: ^green;+20%^reset;
^white;물리 저항^reset;: ^green;+10%^reset;
    ^#00A9FF;면역^reset;: ^green;서리
    ^#00A9FF;종족 특성^reset;: ^#AA72FF;분노
^white;낙하 피해^reset;: ^green;-20%^reset;, ^white;넉백 저항^reset;: ^green;+66%^reset;, ^white;점프 높이^reset;: ^green;+5%^reset;, ^white;이동 속도^reset;: ^green;+5%^reset;, ^white;호흡 소모 속도^reset;: ^green;-15%^reset;, ^white;허기 속도^reset;: ^red;+25%^reset;"	전통에 깊이 얽매인, 수수께끼 같은 나이터는 반음영 세계에서 진화한 종족이다. 자긍심이 강하지만 극단적으로 외국인을 혐오한다.	tags,lines
/species/om_harpy.species.patch	/charCreationTooltip/description	"가짜 하피는 '^red;하피병^reset;'에 감염된 ^yellow;인간^reset;이다. 치료법이 없어, 이 인간들은 원래의 생물학적 특징 상당수를 바꿔놓는 완전한 질병으로 진행되는 이 고통스러운 피부 감염을 견뎌내야 한다.
    ^#00A9FF;능력치^reset;
^white;최대 체력^reset;: ^red;-20%^reset;
^darkgray;최대 에너지: -^reset;
^white;에너지 재생^reset;: ^green;+15%^reset;
^white;공격 배율^reset;: ^green;+10%^reset;
^white;방어력^reset;: ^green;+3%^reset;
    ^#00A9FF;저항^reset;
^white;화염 저항^reset;: ^red;-25%^reset;
^white;전기 저항^reset;: ^red;-5%^reset;
^darkgray;독 저항: -^reset;
^white;냉기 저항^reset;: ^green;+15%^reset;
^white;물리 저항^reset;: ^green;+3%^reset;
    ^#00A9FF;면역^reset;: -
    ^#00A9FF;종족 특성^reset;: -
^white;낙하 피해^reset;: ^green;-25%^reset;, ^white;점프 높이^reset;: ^green;+20%^reset;, ^white;이동 속도^reset;: ^green;+10%^reset;, ^white;호흡 소모 속도^reset;: ^red;+12.5%^reset;, ^white;허기 속도^reset;: ^red;+10%^reset;"	가짜 하피는 '^red;하피병^reset;'에 감염된 ^yellow;인간^reset;이다. 치료법이 없어, 이 인간들은 원래의 생물학적 특징 상당수를 바꿔놓는 완전한 질병으로 진행되는 이 고통스러운 피부 감염을 견뎌내야 한다.	tags,lines
/species/om_ruined.species.patch	/charCreationTooltip/description	"근데 음, 걔네를 플레이 가능하게 만들고 싶으면, '플레이 가능 패치'를 만드는 건 자유예요 - 그냥 애셋을 훔치지만 마세요 - 루인드용 무기/방어구/오브젝트 등은 직접 만드세요 - 그냥 기억해두세요 - 저는 걔네를 플레이 가능하게 만들 생각이 전혀 없었어요
    ^#00A9FF;능력치^reset;
^white;최대 체력^reset;: ^red;-10%^reset;
^darkgray;최대 에너지: -^reset;
^darkgray;에너지 재생: -^reset;
^white;공격 배율^reset;: ^red;-5%^reset;
^white;방어력^reset;: ^red;-5%^reset;
    ^#00A9FF;저항^reset;
^white;화염 저항^reset;: ^green;+15%^reset;
^white;전기 저항^reset;: ^green;+5%^reset;
^white;독 저항^reset;: ^red;-35%^reset;
^white;냉기 저항^reset;: ^red;-50%^reset;
^white;물리 저항^reset;: ^red;-5%^reset;
    ^#00A9FF;면역^reset;: ^green;서리, 배고픔, 굶주림
    ^#00A9FF;종족 특성^reset;: ^#AA72FF;굶지 않음
^white;배고픔 속도^reset;: ^green;-100%^reset;, ^white;낙하 피해^reset;: ^green;-50%^reset;"	근데 음, 걔네를 플레이 가능하게 만들고 싶으면, '플레이 가능 패치'를 만드는 건 자유예요 - 그냥 애셋을 훔치지만 마세요 - 루인드용 무기/방어구/오브젝트 등은 직접 만드세요 - 그냥 기억해두세요 - 저는 걔네를 플레이 가능하게 만들 생각이 전혀 없었어요	tags,lines
/species/penguin.species.patch	/charCreationTooltip/description	"여기 뭘 써야 할지 모르겠음
    ^#00A9FF;능력치^reset;
^white;최대 체력^reset;: ^red;-15%^reset;
^white;최대 에너지^reset;: ^green;+25%^reset;
^white;에너지 재생^reset;: ^green;+15%^reset;
^darkgray;공격력 배율: -^reset;
^white;방어력^reset;: ^red;-10%^reset;
    ^#00A9FF;저항^reset;
^white;화염 저항^reset;: ^red;-15%^reset;
^white;전기 저항^reset;: ^red;-35%^reset;
^darkgray;독 저항: -^reset;
^white;냉기 저항^reset;: ^green;+35%^reset;
^darkgray;물리 저항: -^reset;
    ^#00A9FF;면역^reset;: ^green;젖음, 타르, 슬라임, 서리
    ^#00A9FF;종족 특성^reset;: ^#AA72FF;수영 강화(대체)
^white;낙하 피해^reset;: ^green;-15%^reset;, ^white;숨 소모 속도^reset;: ^green;-50%^reset;"	여기에 뭘 써야 할지 모르겠다	tags,lines
/species/satkyterran.species.patch	/charCreationTooltip/description	"이 땅속 개미귀신들은 대부분 자기들끼리만 지내다가, 비교적 최근에 솔라레이의 새터니안들과 동맹을 맺었다. 이들은 미라실 행성의 잿빛 황무지, 사막, 산맥 아래에 서식한다.
    ^#00A9FF;능력치^reset;
^darkgray;최대 체력: -^reset;
^white;최대 에너지^reset;: ^red;-10%^reset;
^darkgray;에너지 재생: -^reset;
^darkgray;공격력 배율: -^reset;
^darkgray;방어력: -^reset;
    ^#00A9FF;저항^reset;
^darkgray;화염 저항: -^reset;
^darkgray;전기 저항: -^reset;
^darkgray;독 저항: -^reset;
^white;냉기 저항^reset;: ^red;-25%^reset;
^white;물리 저항^reset;: ^green;+10%^reset;
    ^#00A9FF;면역^reset;: ^green;용해
    ^#00A9FF;종족 특성^reset;: -
^white;넉백 저항^reset;: ^green;+10%^reset;"	잿더미 지대와 사막에 사는 개미귀신 같은 종족이다. 키테란은 불이 붙지 않으며 화염 피해에 25% 저항을 지닌다. 이 문구는 게임 내에서 보여서는 안 됩니다.	tags,lines
/species/saturn.species.patch	/charCreationTooltip/description	"새터니안은 머나먼 하늘 도시 솔랄레이 출신의 빛을 숭배하는 나방 마법사들이다. 그들은 오랫동안 빛을 엮어 완드를 만드는 기술을 연구해왔다. 새터니안은 미지의 것을 탐험하고 새로운 종족을 만나기를 갈망한다.
    ^#00A9FF;능력치^reset;
^white;최대 체력^reset;: ^red;-10%^reset;
^white;최대 에너지^reset;: ^green;+10%^reset;
^white;에너지 재생^reset;: ^green;+10%^reset;
^darkgray;공격 배율: -^reset;
^darkgray;방어력: -^reset;
    ^#00A9FF;저항^reset;
^white;화염 저항^reset;: ^green;+5%^reset;
^white;전기 저항^reset;: ^green;+10%^reset;
^white;독 저항^reset;: ^red;-25%^reset;
^darkgray;냉기 저항: -^reset;
^white;물리 저항^reset;: ^red;-5%^reset;
    ^#00A9FF;면역^reset;: -
    ^#00A9FF;종족 특성^reset;: -"	새터니안은 머나먼 하늘 도시 솔라레이 출신의 빛을 숭배하는 나방 마법사들이다. 그들은 오랫동안 빛을 엮어 완드를 만드는 기술을 연구해왔다. 새터니안은 미지의 것을 탐험하고 새로운 종족을 만나기를 갈망한다.	tags,lines
/species/saturn2.species.patch	/charCreationTooltip/description	"야행성 새터니안은 스스로를 타우모스라 부른다. 그들은 이상하고, 달을 숭배하는, 나무 위 도시 악티아스 출신이다. 타우모스는 흔히 새터니안이 흑마법이라 부르는 것을 수련하는 경향이 있다. 최근의 달 활동이 그들을 우주로 이끌었다...
    ^#00A9FF;능력치^reset;
^white;최대 체력^reset;: ^red;-10%^reset;
^white;최대 에너지^reset;: ^green;+10%^reset;
^white;에너지 재생^reset;: ^green;+10%^reset;
^darkgray;공격력 배율: -^reset;
^darkgray;방어력: -^reset;
    ^#00A9FF;저항^reset;
^white;화염 저항^reset;: ^red;-25%^reset;
^white;전기 저항^reset;: ^green;+10%^reset;
^white;독 저항^reset;: ^green;+5%^reset;
^darkgray;냉기 저항: -^reset;
^white;물리 저항^reset;: ^red;-5%^reset;
    ^#00A9FF;면역^reset;: -
    ^#00A9FF;종족 특성^reset;: -"	야행성 새터니안은 스스로를 타우모스라 부른다. 그들은 이상하고, 달을 숭배하는, 나무 위 도시 악티아스 출신이다. 타우모스는 흔히 새터니안이 흑마법이라 부르는 것을 수련하는 경향이 있다. 최근의 달 활동이 그들을 우주로 이끌었다...	tags,lines
/species/saturnmothman.species.patch	/charCreationTooltip/description	"희귀 승무원에게 빛나는 눈을 주는 데 쓰인다. 플레이 가능한 종족을 위한 건 아니다.
    ^#00A9FF;특성^reset;
^white;최대 체력^reset;: ^red;-10%^reset;
^white;최대 에너지^reset;: ^green;+5%^reset;
^darkgray;에너지 재생: -^reset;
^darkgray;공격 배율: -^reset;
^darkgray;방어력: -^reset;
    ^#00A9FF;저항^reset;
^white;화염 저항^reset;: ^red;-25%^reset;
^white;전기 저항^reset;: ^red;-25%^reset;
^white;독 저항^reset;: ^green;+10%^reset;
^white;냉기 저항^reset;: ^green;+10%^reset;
^white;물리 저항^reset;: ^green;+15%^reset;
    ^#00A9FF;면역^reset;: ^green;젖음, 타르, 슬라임
    ^#00A9FF;종족 특성^reset;: -"	희귀 승무원에게 빛나는 눈을 주는 데 쓰인다. 플레이 가능한 종족을 위한 건 아니다.	tags,lines
/species/skath.species.patch	/charCreationTooltip/description	"스카스는 심해에서 온 유달리 강인한 종족으로, 군사력과 질서를 크게 중시한다.
    ^#00A9FF;능력치^reset;
^darkgray;최대 체력: -^reset;
^white;최대 에너지^reset;: ^green;+10%^reset;
^white;에너지 재생^reset;: ^red;-5%^reset;
^white;공격 배율^reset;: ^green;+15%^reset;
^white;방어력^reset;: ^green;+5%^reset;
    ^#00A9FF;저항^reset;
^white;화염 저항^reset;: ^red;-10%^reset;
^white;전기 저항^reset;: ^red;-15%^reset;
^white;독 저항^reset;: ^green;+25%^reset;
^white;냉기 저항^reset;: ^red;-15%^reset;
^white;물리 저항^reset;: ^green;+5%^reset;
    ^#00A9FF;면역^reset;: -
    ^#00A9FF;종족 특성^reset;: ^#AA72FF;수중 호흡, 수영 강화 (대체)"	"한때 외계 세력의 침공을 받아 군사력과 방어에 집중할 수밖에 없었기에, 이들은 매우 잘 훈련된 전사가 되었다. 수생 기원 덕분에 물속에서 특히 위험하며 만만치 않은 상대다.

 ^orange;식성^reset;: 잡식

^orange;특전^reset;:
 에너지 x^green;1.05^reset;, 방어력 +^green;5^reset;, 숨 +^green;500^reset;
 ^green;저항^reset;: 냉기 +^cyan;20^reset;%, 방사능 +^cyan;10^reset;%
 ^cyan;수영 강화 2^reset;

^orange;환경^reset;:
 대양 생물군계: 체력 x^green;1.25^reset; 및 방어력 +^green;6^reset;
 고온 생물군계: 에너지 x^red;0.7^reset;, 체력 x^red;0.7^reset;, 속도 x^red;0.8^reset;
 (치유/폐기물/늪지) 물: 체력 재생 +^green;0.1^reset;%

^orange;무기^reset;:
 에너지 무기 숙련: +^green;15^reset;%
 돌격소총 숙련: +^green;25^reset;%

^red;약점^reset;:
 ^red;저항^reset;: 전기 -^red;20^reset;%"	tags,lines
/species/slimeperson.species.patch	/charCreationTooltip/description	"이주 통제에 있어서, 특정 정부 관리들은 슬라임이 안 보이는 모양이다. ^green;HP 재생, 면역: 슬라임 감속, 독, 전기,^reset; ^orange;저항: 화염,^reset; ^red;약점: 얼음^reset;
^red;이 종족은 ^green;종족 특성^red;에서 의도적으로 지원되지 않습니다. ^yellow;제작자가 스탯을 요청하지 않았거나, 자체 내장 비-RT 스탯이 있거나, 기술적인 이유로 지원할 수 없습니다."	"쓰러진 자들로부터 태어난 심비오트. 지각을 지녔다. 자신들이 어디서 왔는지 받아들이기 힘들어하는, 독특하고 강인한 종족이다.

 ^orange;식성^reset;: 잡식

^orange;특전^reset;:
 낙하 피해 x^green;0.5^reset;
 ^green;저항^reset;: +^cyan;30^reset;% 독, +^cyan;10^reset;% 방사능, +^cyan;4^reset;% 전기, +^cyan;3^reset;% 코스믹
 +^green;1^reset;% 체력 재생 (지속)
 기술: ^green;점착구, 벽 붙잡기^reset;
 ^cyan;면역^reset;: 점액 튕김, 점액 고착, 중독, 거미줄

^orange;환경^reset;:
 젤라틴, 늪, 습지 생물군계: 체력 x^green;1.25^reset; 및 +^green;15^reset;% 속도
 추운 생물군계: 체력 x^red;0.75^reset;
 액체 점액 속에서 숨을 쉴 수 있음

^orange;무기^reset;:
 채찍 숙련: x^green;15^reset;%
 생체무기: 피해 x^green;1.15^reset;, +^green;20^reset;%^reset; 치명타 피해

^red;약점^reset;:
 ^red;저항^reset;: -^red;20^reset;% 화염 & 냉기
 +^red;25^reset;% 허기 소모"	tags,lines
/species/spectwing.species.patch	/charCreationTooltip/description	"스펙트윙은 어비스라 불리는 우주적 균열에 의해 형태를 갖추게 된, 날개 달린 곤충형 종족이다. 타고난 심연 태생 포식자인 그들은 날카로운 발톱과, 먹잇감을 유인하는 눈부신 날개를 지니고 있다.
    ^#00A9FF;능력치^reset;
^white;최대 체력^reset;: ^red;-15%^reset;
^darkgray;최대 에너지: -^reset;
^darkgray;에너지 재생: -^reset;
^white;공격 배율^reset;: ^green;+15%^reset;
^darkgray;방어력: -^reset;
    ^#00A9FF;저항^reset;
^white;화염 저항^reset;: ^red;-10%^reset;
^darkgray;전기 저항: -^reset;
^white;독 저항^reset;: ^green;+10%^reset;
^white;냉기 저항^reset;: ^green;+5%^reset;
^darkgray;물리 저항: -^reset;
    ^#00A9FF;면역^reset;: ^green;식중독
    ^#00A9FF;종족 특성^reset;: ^#AA72FF;야간 재생
^white;낙하 피해^reset;: ^green;-50%^reset;"	스펙트윙은 어비스라 불리는 우주적 균열에 의해 형태를 갖추게 된, 날개 달린 곤충형 종족이다. 타고난 심연 태생 포식자인 그들은 날카로운 발톱과, 먹잇감을 유인하는 눈부신 날개를 지니고 있다.	tags,lines
/species/thelean.species.patch	/charCreationTooltip/description	"텔레안은 오래된 종족으로, 그들 구역의 은하에서 지배적인 세력이다. 대부분의 텔레안은 잔혹한 지도자 크레아톤에게 변함없는 충성을 바치지만, 일부는 다른 삶의 길을 선택했다.
    ^#00A9FF;능력치^reset;
^darkgray;최대 체력: -^reset;
^darkgray;최대 에너지: -^reset;
^darkgray;에너지 재생: -^reset;
^white;공격 배율^reset;: ^green;+25%^reset;
^darkgray;방어력: -^reset;
    ^#00A9FF;저항^reset;
^white;화염 저항^reset;: ^red;-35%^reset;
^darkgray;전기 저항: -^reset;
^darkgray;독 저항: -^reset;
^white;냉기 저항^reset;: ^red;-35%^reset;
^darkgray;물리 저항: -^reset;
    ^#00A9FF;면역^reset;: ^green;겁먹음
    ^#00A9FF;종족 특성^reset;: -
^white;낙하 피해^reset;: ^green;-15%^reset;, ^white;넉백 저항^reset;: ^red;-5%^reset;, ^white;이동 속도^reset;: ^green;+15%^reset;, ^white;배고픔 속도^reset;: ^green;-25%^reset;"	텔레안은 오래된 종족으로, 그들 구역의 은하에서 지배적인 세력이다. 대부분의 텔레안은 잔혹한 지도자 크레아톤에게 변함없는 충성을 바치지만, 일부는 다른 삶의 길을 선택했다.	tags,lines
/species/thelusian.species.patch	/charCreationTooltip/description	"육식성인 텔루시아인은 단단한 키틴 껍질과 매우 위험한 전투 능력으로 잘 알려져 있습니다. 어떤 전투 상황에도 적응할 수 있습니다.

 ^orange;음식 유형^reset;: 육식성

^orange;특성^reset;:
 체력 x^green;1.25^reset;, +^green;8^reset; 방어, 추락 데미지 x^green;0.4^reset;
 ^green;저항^reset;: +^cyan;30^reset;% 정신력, +^cyan;15^reset;% 물리력, +^cyan;20^reset;% 방사능
 ^cyan;면역^reset;: 광기
 기술: ^green;전사 본능^reset;

^orange;환경^reset;:
 ^green;뜨거운^reset; 생물군계: 체력 x^green;1.1^reset;
 향상된 지반 견인력

^orange;무기^reset;:
 낫 숙달: +^green;15^reset;%
 브로드소드 숙련도: +^green;15^reset;%
 도끼 숙련도: +^green;10^reset;%
 방패: 방어력 ×^green;1.1^reset;
 퍼펙트 블록: 방패 강타^reset; 확률 증가

^red;약점^reset;:
 에너지 x^red;0.75^reset;, -^red;25^reset;% 카리스마
 ^red;저항^reset;: -^red;30^reset;% 화염, -^red;15^reset;% 얼음"	"육식성인 텔루시안은 단단한 키틴질 외피와 유달리 위험한 전투 능력으로 잘 알려져 있다. 어떤 전투 상황에도 적응할 수 있다.

 ^orange;식성^reset;: 육식

^orange;특전^reset;:
 체력 x^green;1.25^reset;, +^green;8^reset; 방어력, 낙하 피해 x^green;0.4^reset;
 ^green;저항^reset;: +^cyan;30^reset;% 정신, +^cyan;15^reset;% 물리, +^cyan;20^reset;% 방사능
 ^cyan;면역^reset;: 광기
 테크: ^green;전사의 본능^reset;

^orange;환경^reset;:
 ^green;고온^reset; 생물군계: 체력 x^green;1.1^reset;
 향상된 지면 접지력

^orange;무기^reset;:
 낫 숙련: +^green;15^reset;%
 브로드소드 숙련: +^green;15^reset;%
 도끼 숙련: +^green;10^reset;%
 방패: 방어력 x^green;1.1^reset;
 퍼펙트 블록: ^green;방패 강타^reset; 확률 증가

^red;약점^reset;:
 에너지 x^red;0.75^reset;, -^red;25^reset;% 매력
 ^red;저항^reset;: -^red;30^reset;% 화염, -^red;15^reset;% 냉기"	tags
/species/trink.species.patch	/charCreationTooltip/description	"노틱스가 만든 트링크들은 자신들의 창조자와 조화롭게 살아가는 지각 있는 로봇 종족입니다. 이들은 무엇보다 효율을 중시하며, 엘리시안 연합의 수많은 기술 발전에 기여했습니다.
    ^#00A9FF;속성^reset;
^darkgray;최대 체력: -^reset;
^white;최대 에너지^reset;: ^green;+35%^reset;
^white;에너지 재생^reset;: ^green;+15%^reset;
^darkgray;공격력 배율: -^reset;
^white;방어력^reset;: ^green;+5%^reset;
    ^#00A9FF;저항^reset;
^white;화염 저항^reset;: ^green;+15%^reset;
^white;전기 저항^reset;: ^red;-50%^reset;
^white;독 저항^reset;: ^green;+50%^reset;
^white;냉기 저항^reset;: ^green;+25%^reset;
^white;물리 저항^reset;: ^green;+15%^reset;
    ^#00A9FF;면역^reset;: ^green;굶주림, 식중독, 중독, 질식, 배고픔
    ^#00A9FF;종족 특성^reset;: ^#AA72FF;굶주리지 않음
^white;넉백 저항^reset;: ^green;+15%^reset;, ^white;호흡 소모 속도^reset;: ^green;-100%^reset;, ^white;허기 속도^reset;: ^green;-100%^reset;"	노틱스가 만든 트링크들은 자신들의 창조자와 조화롭게 살아가는 지각 있는 로봇 종족입니다. 이들은 무엇보다 효율을 중시하며, 엘리시안 얼라이언스의 수많은 기술 발전에 기여했습니다.	tags,lines
/species/veluu.species.patch	/charCreationTooltip/description	"분열된 고양이 종족입니다. 절반은 평화를 사랑하는 자유사상가이고, 나머지는 전쟁에 굶주린 괴물입니다.

 ^orange;음식 유형^reset;: 잡식성, 날고기를 먹을 수 있습니다.

^orange;특성^reset;:
 체력: x^green;1.05^reset;, 피해량 x^green;1.05^reset;
 이득 ^green;13^reset;% 점프 및 ^green;6^reset;% 달리기 속도^reset;, 추락 데미지 x^green;0.8^reset;
 저항^reset;
 ^green; 저항^reset;: +^cyan;15^reset;% 얼음,+^cyan;5^reset;% 전기
 ^cyan;나이트비전^reset;
 기술: ^green;면도날 발톱^reset;
 ^green;면역^reset;: 정글, 진흙

^orange;환경^reset;:
 ^green;정글, 원시, 숲, 열대우림, 사막^reset;: 체력 x^green;1.1^reset;, 에너지 x^green;1.1^reset;
 ^green;불모지, 유황, 지옥^reset;: 체력 x^red;0.8^reset;, 에너지 x^red;0.8^reset;

^orange;무기^reset;:
 주먹 마스터리: +^green;20^reset;%
 단검 마스터리: ^green;15^reset;%
 암 캐논 숙련도: +^green;15^reset;%

^red;약점^reset;:
 ^red;저항^reset;: -^red;10^reset;% 화염, 독, 방사능, -^red;5^reset;% 물리"	"갈라진 지각 있는 고양이 종족입니다. 절반은 평화를 사랑하는 자유사상가이고, 나머지는 전쟁에 굶주린 괴물입니다.

 ^orange;식성^reset;: 잡식, 날고기 섭취 가능.

^orange;특전^reset;:
 체력: x^green;1.05^reset;, 피해 x^green;1.05^reset;
 ^green;13^reset;% 점프와 ^green;6^reset;% 달리기 속도^reset; 획득, 낙하 피해 x^green;0.8^reset;
 ^green;저항^reset;: +^cyan;15^reset;% 냉기, +^cyan;5^reset;% 전기
 ^cyan;야간 투시^reset;
 기술: ^green;면도날 발톱^reset;
 ^green;면역^reset;: 정글, 진흙

^orange;환경^reset;:
 ^green;정글, 원시림, 숲, 열대우림, 사막^reset;: 체력 x^green;1.1^reset;, 에너지 x^green;1.1^reset;
 ^green;불모지, 황 지대, 인퍼너스^reset;: 체력 x^red;0.8^reset;, 에너지 x^red;0.8^reset;

^orange;무기^reset;:
 맨주먹 숙련: +^green;20^reset;%
 단검 숙련: ^green;15^reset;%
 암 캐논 숙련: +^green;15^reset;%

^red;약점^reset;:
 ^red;저항^reset;: -^red;10^reset;% 화염, 독, 방사능, -^red;5^reset;% 물리"	tags,lines
/species/viera.species.patch	/charCreationTooltip/description	"숲의 사람들이라 불리는 비에라는 키가 크고 은발이며, 날렵하고 강인하며 전투에 능하다.
    ^#00A9FF;능력치^reset;
^white;최대 체력^reset;: ^red;-15%^reset;
^white;최대 에너지^reset;: ^green;+25%^reset;
^white;에너지 재생^reset;: ^green;+10%^reset;
^white;공격력 배율^reset;: ^green;+5%^reset;
^white;방어력^reset;: ^red;-5%^reset;
    ^#00A9FF;저항^reset;
^darkgray;화염 저항: -^reset;
^darkgray;전기 저항: -^reset;
^darkgray;독 저항: -^reset;
^darkgray;냉기 저항: -^reset;
^darkgray;물리 저항: -^reset;
    ^#00A9FF;면역^reset;: -
    ^#00A9FF;종족 특성^reset;: -
^white;낙하 피해^reset;: ^green;-10%^reset;, ^white;점프 높이^reset;: ^green;+25%^reset;, ^white;이동 속도^reset;: ^green;+15%^reset;"	숲의 사람들이라 불리는 비에라는 키가 크고 은발이며, 날렵하고 강인하며 전투에 능하다.	tags,lines
/species/woofie.species.patch	/charCreationTooltip/description	"...태양 재앙으로 평화로운 삶과 고향을 잃고 우주로 흩어졌다. 우프 종족은 미지의 도전이 풍기는 냄새를 쫓는 걸 좋아하고, 오락 삼아 머리 사냥을 하거나 살아남기 위해 다른 종족을 습격하기도 한다. 친구인지 적인지 분간하기 어렵지만, 무리에 충성하는 투사들인 것만은 분명하다.

  ^orange;식성^reset;: 육식

^orange;특전^reset;:
  최대 에너지 ^green;+25%^reset;.
  속도 ^green;+15%^reset;, 점프 ^green;+5%^reset;, 낙하 저항 ^green;+20%^reset;
  ^cyan;저항^reset;: 냉기 ^green;50%^reset;,
  ^cyan;면역^reset;: 눈, 진창, 얼음

^orange;환경^reset;:
  주로 ^cyan; 어두운^reset; 생물군계에서 ^green;체력, 보호, 속도^reset;, 공격력이 추가로 오른다
  ^cyan; 툰드라/극지/눈/얼음^reset; 생물군계에서 ^green;체력, 에너지 재생, 속도, 공격력^reset;이 추가로 오른다
  ^cyan; 질소 바다/블러드스톤 바다^reset; 생물군계에서 ^green;체력, 에너지 재생, 공격력^reset;이 추가로 오른다

^orange;무기^reset;:
  없음

^red;약점^reset;:
  ^red;빠른 허기^reset;
  ^red;저항^reset;: 물리 -^red;6^reset;% 화염 저항 -^red;35^reset;%"	...태양 재앙으로 평화로운 삶과 고향을 잃고 우주로 흩어졌다. 우프 종족은 미지의 도전이 풍기는 냄새를 쫓고, 오락 삼아 머리 사냥을 하며, 살아남기 위해 다른 종족을 습격한다. 친구인지 적인지 분간하기 어렵지만, 무리에 충성하는 투사들인 것만은 분명하다.	tags,lines
/tech/angelflight/angelflight.tech.patch	/description	You can now fly; the skies are yours once again!	^green;[space]^reset;를 계속 눌러 더 높이 날아오르세요! ^orange;에너지를 사용합니다.^reset;	tags
/xrc_pp/confirmation.config.patch	/import/message	"
This is for characters played before installing ^orange;Lagless Pixel Printer.^reset;

Proceeding will import your scanned objects from the vanilla Pixel Printer to the lagless Pixel Printer.
^red;This could be laggy.^reset;"	"^orange;래그리스 픽셀 프린터.^reset;를 설치하기 전에 플레이하던 캐릭터용이다.

계속하면 바닐라 픽셀 프린터에 스캔된 오브젝트를 래그리스 픽셀 프린터로 가져온다.
^red;렉이 걸릴 수 있다.^reset;"	lines
/xrc_pp/confirmation.config.patch	/vanillaPrinter/message	"
Proceeding will temporarily disable ^orange;Lagless Pixel Printer.^reset; This is useful if you wish to see all objects in admin mode and do not have ^orange;OpenStarbound^reset;.

^red;This will most likely be laggy.^reset;"	"계속하면 ^orange;래그리스 픽셀 프린터^reset;가 일시적으로 비활성화됩니다. 이는 관리자 모드에서 모든 오브젝트를 보고 싶지만 ^orange;OpenStarbound^reset;가 없을 때 유용합니다.

^red;이 경우 대부분 랙이 발생할 것입니다.^reset;"	lines
/xrc_pp/confirmation.config.patch	/erase/message	"
Proceeding will remove this object from the printer. It will be as if you never scanned it."	계속하면 이 물체가 프린터에서 제거됩니다. 마치 스캔한 적이 없었던 것처럼 됩니다.	lines
/zb/newSail/data.config.patch	/Speech/shipStatus/0/text	"^#6f6f6f;$ status 
^cyan;>음. 안녕. 함선을 재부팅해 줄래?"	쿨... 쿨... 쿨...	tags,lines
