sourceMod	pak	assetPath	jsonPointer	englishText	excludedReason
Black Armory	Black_Armory_4.2.5_FU_NEKI_compat.pak	/interface/windowconfig/workshop.config	/paneLayout/scrollArea/children/itemList/schema/listTemplate/itemName/value	Replace Me	template-placeholder
Extended Story	Extended_Story_contents_899795176.pak	/behaviors/monsters/boss/healthguardianboss_es/plaguewaveattack.behavior	/root/children/2/parameters/time/value	<windupTime>	behavior-tree-parameter
Extended Story	Extended_Story_contents_899795176.pak	/behaviors/monsters/boss/healthguardianboss_es/plaguewaveattack.behavior	/root/children/6/parameters/time/value	<windupTime>	behavior-tree-parameter
Extended Story	Extended_Story_contents_899795176.pak	/behaviors/monsters/boss/ancientavatar/fireattack.behavior	/root/children/4/children/1/parameters/time/value	<windupTime>	behavior-tree-parameter
Extended Story	Extended_Story_contents_899795176.pak	/behaviors/monsters/boss/ancientavatar/fireattack.behavior	/root/children/4/children/3/parameters/time/value	<windupTime>	behavior-tree-parameter
Extended Story	Extended_Story_contents_899795176.pak	/behaviors/monsters/boss/ancientavatar/fireattack.behavior	/root/children/12/parameters/time/value	<windupTime>	behavior-tree-parameter
Extended Story	Extended_Story_contents_899795176.pak	/behaviors/monsters/boss/ancientavatar/fireattack.behavior	/root/children/15/parameters/time/value	<windupTime>	behavior-tree-parameter
Extended Story	Extended_Story_contents_899795176.pak	/behaviors/monsters/boss/ancientavatarstatue/statuefireattack.behavior	/root/children/3/parameters/time/value	<windupTime>	behavior-tree-parameter
Extended Story	Extended_Story_contents_899795176.pak	/behaviors/monsters/boss/ancientavatarstatue/statuefireattack.behavior	/root/children/8/parameters/time/value	<windupTime>	behavior-tree-parameter
Extended Story	Extended_Story_contents_899795176.pak	/behaviors/monsters/boss/ancientavatarstatue/statuefireattack.behavior	/root/children/14/parameters/time/value	<windupTime>	behavior-tree-parameter
Extended Story	Extended_Story_contents_899795176.pak	/behaviors/monsters/boss/ancientavatarstatue/statuefireattack.behavior	/root/children/16/parameters/time/value	<windupTime>	behavior-tree-parameter
Extended Story	Extended_Story_contents_899795176.pak	/behaviors/monsters/boss/poisonspiderboss/stage2.behavior	/root/child/children/1/title	Toxinia Sweep	behavior-tree-parameter
Extended Story	Extended_Story_contents_899795176.pak	/behaviors/monsters/boss/poisonspiderboss/stage2.behavior	/root/child/children/2/title	Acid Spray	behavior-tree-parameter
Extended Story	Extended_Story_contents_899795176.pak	/behaviors/monsters/boss/poisonspiderboss/stage2.behavior	/root/child/children/3/title	Acid Spray	behavior-tree-parameter
Extended Story	Extended_Story_contents_899795176.pak	/behaviors/monsters/boss/poisonspiderboss/stage2.behavior	/root/child/children/4/child/child/children/0/title	Toxinia Return	behavior-tree-parameter
Extended Story	Extended_Story_contents_899795176.pak	/behaviors/monsters/boss/poisondragonboss/slam.behavior	/root/parameters/maxLoops/value	<slamNumber>	behavior-tree-parameter
Extended Story	Extended_Story_contents_899795176.pak	/behaviors/monsters/boss/poisonspiderboss/acidspraymines.behavior	/root/children/22/child/children/0/parameters/projectileConfig/value	<acidSprayConfig>	behavior-tree-parameter
Extended Story	Extended_Story_contents_899795176.pak	/interface/windowconfig/ancientfurnace.config	/paneLayout/scrollArea/children/itemList/schema/listTemplate/itemName/value	Replace Me	template-placeholder
Extended Story	Extended_Story_contents_899795176.pak	/behaviors/monsters/boss/phoenixboss_es/gapattack3.behavior	/root/children/9/child/children/0/parameters/time/value	<windupTime>	behavior-tree-parameter
Extended Story	Extended_Story_contents_899795176.pak	/interface/windowconfig/upgradestation.config	/paneLayout/scrollArea/children/itemList/schema/listTemplate/itemName/value	Replace Me	template-placeholder
Extended Story	Extended_Story_contents_899795176.pak	/interface/windowconfig/ancientforge.config	/paneLayout/scrollArea/children/itemList/schema/listTemplate/itemName/value	Replace Me	template-placeholder
Extended Story	Extended_Story_contents_899795176.pak	/behaviors/monsters/boss/poisonspiderboss/stage1.behavior	/root/child/children/1/title	Acid Spray	behavior-tree-parameter
Extended Story	Extended_Story_contents_899795176.pak	/behaviors/monsters/boss/poisonspiderboss/stage1.behavior	/root/child/children/2/child/child/children/0/title	Toxinia Return	behavior-tree-parameter
Extended Story	Extended_Story_contents_899795176.pak	/behaviors/monsters/boss/poisonspiderboss/stage1.behavior	/root/child/children/3/title	Acid Spray	behavior-tree-parameter
Extended Story	Extended_Story_contents_899795176.pak	/behaviors/monsters/boss/poisonspiderboss/acidspray.behavior	/root/children/24/child/children/0/parameters/projectileConfig/value	<acidSprayConfig>	behavior-tree-parameter
Extended Story	Extended_Story_contents_899795176.pak	/behaviors/monsters/boss/ancientavatarstatue/statueplasmaattack.behavior	/root/children/3/child/child/children/1/parameters/time/value	<fastWindupTime>	behavior-tree-parameter
Extended Story	Extended_Story_contents_899795176.pak	/behaviors/monsters/boss/ancientavatarstatue/statueplasmaattack.behavior	/root/children/3/child/child/children/7/parameters/time/value	<fastWindupTime>	behavior-tree-parameter
Extended Story	Extended_Story_contents_899795176.pak	/behaviors/monsters/boss/poisonspiderboss/sweep.behavior	/root/children/13/children/1/children/0/children/1/children/0/children/0/child/children/1/parameters/projectileConfig/value	<acidSweepConfig>	behavior-tree-parameter
Extended Story	Extended_Story_contents_899795176.pak	/behaviors/monsters/boss/ancientavatar/plasmaattack.behavior	/root/children/5/children/1/child/children/1/parameters/time/value	<fastWindupTime>	behavior-tree-parameter
Extended Story	Extended_Story_contents_899795176.pak	/behaviors/monsters/boss/ancientavatar/plasmaattack.behavior	/root/children/5/children/1/child/children/5/parameters/time/value	<fastWindupTime>	behavior-tree-parameter
Extended Story	Extended_Story_contents_899795176.pak	/behaviors/monsters/boss/poisonspiderboss/main.behavior	/root/children/0/children/0/children/0/children/1/children/1/children/1/children/1/title	Ixodoom Stage 1	behavior-tree-parameter
Extended Story	Extended_Story_contents_899795176.pak	/behaviors/monsters/boss/poisonspiderboss/main.behavior	/root/children/0/children/0/children/0/children/1/children/3/children/2/title	Ixodoom Stage 1	behavior-tree-parameter
Extended Story	Extended_Story_contents_899795176.pak	/behaviors/monsters/boss/poisonspiderboss/main.behavior	/root/children/0/children/0/children/0/children/1/children/4/children/0/title	Set stage	behavior-tree-parameter
Extended Story	Extended_Story_contents_899795176.pak	/behaviors/monsters/boss/poisonspiderboss/main.behavior	/root/children/0/children/0/children/0/children/1/children/4/children/1/children/1/title	Ixodoom Stage 2	behavior-tree-parameter
Extended Story	Extended_Story_contents_899795176.pak	/behaviors/monsters/boss/poisonspiderboss/main.behavior	/root/children/0/children/0/children/0/children/1/children/6/children/2/title	Ixodoom Stage 2	behavior-tree-parameter
Extended Story	Extended_Story_contents_899795176.pak	/behaviors/monsters/boss/poisonspiderboss/main.behavior	/root/children/0/children/0/children/0/children/1/children/7/children/0/title	Set stage	behavior-tree-parameter
Extended Story	Extended_Story_contents_899795176.pak	/behaviors/monsters/boss/poisonspiderboss/main.behavior	/root/children/0/children/0/children/0/children/1/children/7/children/1/children/1/title	Ixodoom Stage 3	behavior-tree-parameter
Extended Story	Extended_Story_contents_899795176.pak	/behaviors/monsters/boss/poisonspiderboss/main.behavior	/root/children/0/children/0/children/0/children/1/children/9/children/2/title	Ixodoom Stage 3	behavior-tree-parameter
Extended Story	Extended_Story_contents_899795176.pak	/behaviors/monsters/boss/poisonspiderboss/main.behavior	/root/children/0/children/0/children/2/children/1/title	Return to spawn	behavior-tree-parameter
Extended Story	Extended_Story_contents_899795176.pak	/behaviors/monsters/boss/poisonspiderboss/main.behavior	/root/children/0/children/0/children/2/children/6/children/4/child/children/5/child/children/0/parameters/projectileConfig/value	<deathAcidSprayConfig>	behavior-tree-parameter
Extended Story	Extended_Story_contents_899795176.pak	/behaviors/monsters/boss/poisonspiderboss/main.behavior	/root/children/0/children/1/children/2/title	Return to spawn	behavior-tree-parameter
Extended Story	Extended_Story_contents_899795176.pak	/behaviors/monsters/boss/supervoidboss/supervoidbossidle.behavior	/root/children/2/parameters/time/value	<idleTime>	behavior-tree-parameter
Extended Story	Extended_Story_contents_899795176.pak	/behaviors/monsters/boss/poisonspiderbossphase2/beam.behavior	/root/children/22/child/children/0/parameters/projectileConfig/value	<acidSprayConfig>	behavior-tree-parameter
Extended Story	Extended_Story_contents_899795176.pak	/behaviors/monsters/boss/zombienox/flyingslashattack.behavior	/root/children/2/parameters/time/value	<beaminTime>	behavior-tree-parameter
Extended Story	Extended_Story_contents_899795176.pak	/behaviors/monsters/boss/zombienox/flyingslashattack.behavior	/root/children/7/children/2/children/0/parameters/time/value	<stopTime>	behavior-tree-parameter
Extended Story	Extended_Story_contents_899795176.pak	/behaviors/monsters/boss/zombienox/flyingslashattack.behavior	/root/children/7/children/2/children/4/children/4/child/children/0/parameters/time/value	<projectileInterval>	behavior-tree-parameter
Extended Story	Extended_Story_contents_899795176.pak	/behaviors/monsters/boss/iceartifactbossnew_es/slam.behavior	/root/parameters/maxLoops/value	<slamNumber>	behavior-tree-parameter
Extended Story	Extended_Story_contents_899795176.pak	/behaviors/monsters/boss/ruinamalgamation/slam.behavior	/root/parameters/maxLoops/value	<slamNumber>	behavior-tree-parameter
Extended Story	Extended_Story_contents_899795176.pak	/behaviors/monsters/boss/supervoidboss/supervoidbossspawncultistboss.behavior	/root/children/1/child/children/1/parameters/time/value	<windupTime>	behavior-tree-parameter
Extended Story	Extended_Story_contents_899795176.pak	/behaviors/monsters/boss/eyebossrematch/eyebossrematch.behavior	/root/children/7/children/2/children/0/children/1/children/2/children/2/parameters/phase1/value	<phase1>	behavior-tree-parameter
Extended Story	Extended_Story_contents_899795176.pak	/behaviors/monsters/boss/eyebossrematch/eyebossrematch.behavior	/root/children/7/children/2/children/0/children/1/children/2/children/2/parameters/phase2/value	<phase2>	behavior-tree-parameter
Extended Story	Extended_Story_contents_899795176.pak	/behaviors/monsters/boss/ancientavatar/poisonattack.behavior	/root/children/5/children/1/child/children/1/parameters/time/value	<fastWindupTime>	behavior-tree-parameter
Extended Story	Extended_Story_contents_899795176.pak	/behaviors/monsters/boss/ancientavatar/poisonattack.behavior	/root/children/5/children/1/child/children/5/parameters/time/value	<fastWindupTime>	behavior-tree-parameter
Extended Story	Extended_Story_contents_899795176.pak	/behaviors/monsters/boss/healthguardianboss_es/changecolor.behavior	/root/children/1/parameters/time/value	<colorChangeWindup>	behavior-tree-parameter
Extended Story	Extended_Story_contents_899795176.pak	/behaviors/monsters/boss/healthguardianboss_es/changecolor.behavior	/root/children/2/parameters/tag/value	<color>	behavior-tree-parameter
Extended Story	Extended_Story_contents_899795176.pak	/behaviors/monsters/boss/healthguardianboss_es/changecolor.behavior	/root/children/4/parameters/time/value	<colorChangeWinddown>	behavior-tree-parameter
Extended Story	Extended_Story_contents_899795176.pak	/behaviors/monsters/boss/phoenixboss_es/charge.behavior	/root/parameters/maxLoops/value	<slamNumber>	behavior-tree-parameter
Extended Story	Extended_Story_contents_899795176.pak	/behaviors/monsters/boss/ancientavatar/iceattack.behavior	/root/children/5/child/children/1/parameters/time/value	<windupTime>	behavior-tree-parameter
Extended Story	Extended_Story_contents_899795176.pak	/behaviors/monsters/boss/poisonspiderbossphase2/beam2.behavior	/root/children/22/child/children/0/parameters/projectileConfig/value	<acidSprayConfig>	behavior-tree-parameter
Extended Story	Extended_Story_contents_899795176.pak	/behaviors/monsters/boss/supervoidboss/supervoidbossplasmafloor.behavior	/root/children/0/child/children/1/parameters/time/value	<windupTime>	behavior-tree-parameter
Extended Story	Extended_Story_contents_899795176.pak	/behaviors/monsters/boss/supervoidboss/supervoidboss.behavior	/root/children/7/children/2/children/0/children/1/children/1/children/1/parameters/phase1/value	<phase1>	behavior-tree-parameter
Extended Story	Extended_Story_contents_899795176.pak	/behaviors/monsters/boss/supervoidboss/supervoidboss.behavior	/root/children/7/children/2/children/0/children/1/children/1/children/1/parameters/phase2/value	<phase2>	behavior-tree-parameter
Extended Story	Extended_Story_contents_899795176.pak	/behaviors/monsters/boss/poisonspiderbossphase2/main.behavior	/root/children/0/children/1/children/2/title	Return to spawn	behavior-tree-parameter
Extended Story	Extended_Story_contents_899795176.pak	/behaviors/monsters/boss/ancientboss2/fistattack2.behavior	/root/children/6/child/children/0/parameters/entity/value	<leftfistId>	behavior-tree-parameter
Extended Story	Extended_Story_contents_899795176.pak	/behaviors/monsters/boss/ancientboss2/fistattack2.behavior	/root/children/6/child/children/1/parameters/entity/value	<leftfistId>	behavior-tree-parameter
Extended Story	Extended_Story_contents_899795176.pak	/behaviors/monsters/boss/ancientboss2/fistattack2.behavior	/root/children/6/child/children/3/parameters/entity/value	<rightfistId>	behavior-tree-parameter
Extended Story	Extended_Story_contents_899795176.pak	/behaviors/monsters/boss/ancientboss2/fistattack2.behavior	/root/children/6/child/children/4/parameters/entity/value	<rightfistId>	behavior-tree-parameter
Extended Story	Extended_Story_contents_899795176.pak	/behaviors/monsters/boss/poisonspiderboss/setstage.behavior	/root/children/1/parameters/state/value	<shellState>	behavior-tree-parameter
Extended Story	Extended_Story_contents_899795176.pak	/behaviors/monsters/boss/ancientboss2/fistattack.behavior	/root/children/1/child/children/0/parameters/entity/value	<leftfistId>	behavior-tree-parameter
Extended Story	Extended_Story_contents_899795176.pak	/behaviors/monsters/boss/ancientboss2/fistattack.behavior	/root/children/1/child/children/1/parameters/entity/value	<leftfistId>	behavior-tree-parameter
Extended Story	Extended_Story_contents_899795176.pak	/behaviors/monsters/boss/ancientboss2/fistattack.behavior	/root/children/1/child/children/3/parameters/entity/value	<rightfistId>	behavior-tree-parameter
Extended Story	Extended_Story_contents_899795176.pak	/behaviors/monsters/boss/ancientboss2/fistattack.behavior	/root/children/1/child/children/4/parameters/entity/value	<rightfistId>	behavior-tree-parameter
Extended Story	Extended_Story_contents_899795176.pak	/behaviors/monsters/boss/phoenixboss_es/fireballattack.behavior	/root/children/3/children/1/child/children/0/parameters/time/value	<fastWindupTime>	behavior-tree-parameter
Extended Story	Extended_Story_contents_899795176.pak	/behaviors/monsters/boss/phoenixboss_es/fireballattack.behavior	/root/children/3/children/1/child/children/2/parameters/time/value	<fastWindupTime>	behavior-tree-parameter
Extended Story	Extended_Story_contents_899795176.pak	/behaviors/monsters/boss/phoenixboss_es/gapattack.behavior	/root/children/3/child/children/0/parameters/time/value	<windupTime>	behavior-tree-parameter
Extended Story	Extended_Story_contents_899795176.pak	/behaviors/monsters/boss/supervoidboss/supervoidbossplasmaeye.behavior	/root/children/0/child/children/1/parameters/time/value	<windupTime>	behavior-tree-parameter
Extended Story	Extended_Story_contents_899795176.pak	/behaviors/monsters/boss/poisonspiderboss/stage3.behavior	/root/child/children/0/title	Return to spawn	behavior-tree-parameter
Extended Story	Extended_Story_contents_899795176.pak	/behaviors/monsters/boss/poisonspiderboss/stage3.behavior	/root/child/children/2/title	Acid Spray	behavior-tree-parameter
Extended Story	Extended_Story_contents_899795176.pak	/behaviors/monsters/boss/poisonspiderboss/stage3.behavior	/root/child/children/4/title	Acid Spray	behavior-tree-parameter
Extended Story	Extended_Story_contents_899795176.pak	/behaviors/monsters/boss/poisonspiderboss/stage3.behavior	/root/child/children/5/title	Toxinia Sweep	behavior-tree-parameter
Extended Story	Extended_Story_contents_899795176.pak	/behaviors/monsters/boss/poisonspiderboss/stage3.behavior	/root/child/children/6/child/child/children/0/title	Toxinia Return	behavior-tree-parameter
Extended Story	Extended_Story_contents_899795176.pak	/behaviors/monsters/boss/poisonspiderboss/stage3.behavior	/root/child/children/7/title	Plasma Slash	behavior-tree-parameter
Extended Story	Extended_Story_contents_899795176.pak	/behaviors/monsters/boss/poisonspiderboss/stage3.behavior	/root/child/children/8/title	Acid Spray	behavior-tree-parameter
Extended Story	Extended_Story_contents_899795176.pak	/behaviors/monsters/boss/iceartifactbossnew_es/slam2.behavior	/root/parameters/maxLoops/value	<slamNumber>	behavior-tree-parameter
Extended Story	Extended_Story_contents_899795176.pak	/behaviors/monsters/boss/supervoidboss/supervoidbossbullethell.behavior	/root/children/0/child/children/1/parameters/time/value	<windupTime>	behavior-tree-parameter
Extended Story	Extended_Story_contents_899795176.pak	/behaviors/monsters/boss/eyebossrematch/eyebossidle.behavior	/root/children/2/parameters/time/value	<idleTime>	behavior-tree-parameter
GiC	Galaxy_in_Conflict_contents_2754886445.pak	/codex/LEGACY/MISSIONS/ESTHER/1_1_FNG/gic_ec11_enitbriefing.codex	/title	EC11 - Enit's Briefing	unused-or-deprecated-asset
GiC	Galaxy_in_Conflict_contents_2754886445.pak	/codex/LEGACY/MISSIONS/ESTHER/1_1_FNG/gic_ec11_enitbriefing.codex	/description	Esther Chapter 1-1-EB	unused-or-deprecated-asset
GiC	Galaxy_in_Conflict_contents_2754886445.pak	/items/SHIELDS/LEGACY/gic_protectorate_hardlightbucklershield/gic_protectorate_hardlightbucklershield.activeitem	/description	"-blank-
^yellow;Antithetical Arts: 1.5 second perfect block time.^white;
^yellow;Passivity, Parted: 5hp blocking power.^white;"	unused-or-deprecated-asset
GiC	Galaxy_in_Conflict_contents_2754886445.pak	/items/SHIELDS/LEGACY/gic_protectorate_hardlightbucklershield/gic_protectorate_hardlightbucklershield.activeitem	/shortdescription	Protectorate Hardlight Buckler Shield	unused-or-deprecated-asset
GiC	Galaxy_in_Conflict_contents_2754886445.pak	/items/WEAPONS/LEGACY/DEPRECATED_SPECIAL/gic_firebreathbottle/gic_firebreathbottle_npc_graveyardfather.activeitem	/description	inhale oil, exhale fire.	unused-or-deprecated-asset
GiC	Galaxy_in_Conflict_contents_2754886445.pak	/items/WEAPONS/LEGACY/DEPRECATED_SPECIAL/gic_firebreathbottle/gic_firebreathbottle_npc_graveyardfather.activeitem	/shortdescription	fire breath thing	unused-or-deprecated-asset
GiC	Galaxy_in_Conflict_contents_2754886445.pak	/npcs/crew/LEGACY/gic_floran_primitive_katana_crew.npctype	/scriptConfig/crew/role/name	Primitive Katana Infantry	unused-or-deprecated-asset
GiC	Galaxy_in_Conflict_contents_2754886445.pak	/interface/warping/LEGACY/gic_leedscharge_5_6.config	/destinations/0/name	Part 4: Flakturm Escape	unused-or-deprecated-asset
GiC	Galaxy_in_Conflict_contents_2754886445.pak	/quests/STORY/LEGACY/ESTHER/gic_esther_chapter_4_0_eldestabode.questtemplate	/title	^yellow;[GiC]: Chapter 4 - The Eldest Abode	unused-or-deprecated-asset
GiC	Galaxy_in_Conflict_contents_2754886445.pak	/codex/LEGACY/MISSIONS/INDEPENDENT/1_1_JIANGSHICANYON/gic_ic11_demoralizedstaff.codex	/title	IC11 - Demoralized Staff	unused-or-deprecated-asset
GiC	Galaxy_in_Conflict_contents_2754886445.pak	/codex/LEGACY/MISSIONS/INDEPENDENT/1_1_JIANGSHICANYON/gic_ic11_demoralizedstaff.codex	/description	Independent Chapter 1-1-DS	unused-or-deprecated-asset
GiC	Galaxy_in_Conflict_contents_2754886445.pak	/codex/LEGACY/MISSIONS/INDEPENDENT/0_2_GROUNDZERO/gic_ic02_longcommtranscript_1.codex	/title	M.M Long-Comm Transcript #1	unused-or-deprecated-asset
GiC	Galaxy_in_Conflict_contents_2754886445.pak	/codex/LEGACY/MISSIONS/INDEPENDENT/0_2_GROUNDZERO/gic_ic02_longcommtranscript_1.codex	/description	Wait, matter manipulators have a recording-function?	unused-or-deprecated-asset
GiC	Galaxy_in_Conflict_contents_2754886445.pak	/monsters/LEGACY/MEGA_LEGACY/gic_alphaixoling/gic_alphaixoling.monstertype	/shortdescription	[Alpha Ixoling]	unused-or-deprecated-asset
GiC	Galaxy_in_Conflict_contents_2754886445.pak	/monsters/LEGACY/MEGA_LEGACY/gic_alphaixoling/gic_alphaixoling.monstertype	/description	Only the strong survive.	unused-or-deprecated-asset
GiC	Galaxy_in_Conflict_contents_2754886445.pak	/codex/LEGACY/UNITED_SYSTEMS/gic_unitedsystems_voidborderpatrol/gic_unitedsystems_voidborderpatrol.codex	/title	US - Void Border Patrol	unused-or-deprecated-asset
GiC	Galaxy_in_Conflict_contents_2754886445.pak	/codex/LEGACY/UNITED_SYSTEMS/gic_unitedsystems_voidborderpatrol/gic_unitedsystems_voidborderpatrol.codex	/description	General laws on relative void border patrol.	unused-or-deprecated-asset
GiC	Galaxy_in_Conflict_contents_2754886445.pak	/items/SHIELDS/LEGACY/gic_securityriotshield/gic_securityriotshield.activeitem	/description	A real, transparent riot shield.	unused-or-deprecated-asset
GiC	Galaxy_in_Conflict_contents_2754886445.pak	/items/SHIELDS/LEGACY/gic_securityriotshield/gic_securityriotshield.activeitem	/shortdescription	Security Riot Shield	unused-or-deprecated-asset
GiC	Galaxy_in_Conflict_contents_2754886445.pak	/items/WEAPONS/LEGACY/ANCIENT_LEGACY/DCSRK54/gic_dcsrk54/gic_dcsrk54.activeitem	/description	"A joint weapons project by DynamiCore shipbuilders and Koloniya. Heeding the call for a lighter, smaller yet powerful weapon, the DynamiCore Security Rifle Koloniya 54 became a reality. The rounds it fires are potent, and incredibly powerful for its small profile. Consequently, the firearm is difficult to control and it lacks the modularity of modern firearms. Loads STANAG-K 7.7x56mm Magazines.

^green;Hold down ""Alt Fire"" to switch between Full Auto and Semi-Auto.^reset;"	unused-or-deprecated-asset
GiC	Galaxy_in_Conflict_contents_2754886445.pak	/items/WEAPONS/LEGACY/DEPRECATED_SPECIAL/gic_firebreathbottle/gic_firebreathbottle_disposable.activeitem	/description	"''I love cheap whiskey!''

A swig of flammable oil right down yer noggin', then right back out at the would-be Assassin in a wave of flame.

^#D6DFFF;Use to drink, and spit out a short-ranged flame blast.^white;"	unused-or-deprecated-asset
GiC	Galaxy_in_Conflict_contents_2754886445.pak	/items/WEAPONS/LEGACY/DEPRECATED_SPECIAL/gic_firebreathbottle/gic_firebreathbottle_disposable.activeitem	/shortdescription	Disposable Fire-Breath Bottle	unused-or-deprecated-asset
GiC	Galaxy_in_Conflict_contents_2754886445.pak	/codex/LEGACY/TYLIAN/gic_tylian_fleetingthoughts_2.codex	/title	Fleeting Thoughts #2	unused-or-deprecated-asset
GiC	Galaxy_in_Conflict_contents_2754886445.pak	/codex/LEGACY/TYLIAN/gic_tylian_fleetingthoughts_2.codex	/description	It becomes a little clearer?	unused-or-deprecated-asset
GiC	Galaxy_in_Conflict_contents_2754886445.pak	/monsters/LEGACY/FLORAN/gic_floran_cannoneer/gic_floran_cannoneer_playersummon.monstertype	/shortdescription	[Floran Cannoneer]	unused-or-deprecated-asset
GiC	Galaxy_in_Conflict_contents_2754886445.pak	/monsters/LEGACY/FLORAN/gic_floran_cannoneer/gic_floran_cannoneer_playersummon.monstertype	/description	Age of Fire.	unused-or-deprecated-asset
GiC	Galaxy_in_Conflict_contents_2754886445.pak	/items/UNUSED/RESEARCH/gic_unitan_militarydocument/gic_unitan_militarydocument.item	/description	"''Those colonies are still as rebellious as ever. The Protectorate, for all their technology, fails to keep hold over them.''
  
An oddly specific document denoting things like military assets, rogue militia groups, and the occasional secret facility. Most of these are located in ''Protectorate Space'', much of which used to belong to the United Systems apparently."	unused-or-deprecated-asset
GiC	Galaxy_in_Conflict_contents_2754886445.pak	/items/UNUSED/RESEARCH/gic_unitan_militarydocument/gic_unitan_militarydocument.item	/shortdescription	Unitan Military Document	unused-or-deprecated-asset
GiC	Galaxy_in_Conflict_contents_2754886445.pak	/items/WEAPONS/LEGACY/gic_vss7/gic_vss7.activeitem	/description	LEGACY ITEM - This is a pre-v4.0 item and you should not be seeing this unless you have an older save. This item may no longer work. Please find a post-v4.0 item equivalent for its updated code and delete this item.	unused-or-deprecated-asset
GiC	Galaxy_in_Conflict_contents_2754886445.pak	/items/WEAPONS/LEGACY/gic_vss7/gic_vss7.activeitem	/shortdescription	[LEGACY ITEM]	unused-or-deprecated-asset
GiC	Galaxy_in_Conflict_contents_2754886445.pak	/codex/LEGACY/MISSIONS/ESTHER/1_H_DOCKINGBAY75/gic_ec1h_smugglingledger.codex	/title	EC1H - Smuggling Ledger	unused-or-deprecated-asset
GiC	Galaxy_in_Conflict_contents_2754886445.pak	/codex/LEGACY/MISSIONS/ESTHER/1_H_DOCKINGBAY75/gic_ec1h_smugglingledger.codex	/description	Esther Chapter 1-H-SL	unused-or-deprecated-asset
GiC	Galaxy_in_Conflict_contents_2754886445.pak	/monsters/LEGACY/SECURITY/gic_autogunturret/gic_autogunturret.monstertype	/shortdescription	Autogun Turret	unused-or-deprecated-asset
GiC	Galaxy_in_Conflict_contents_2754886445.pak	/monsters/LEGACY/SECURITY/gic_autogunturret/gic_autogunturret.monstertype	/description	A security turret that uses ballistic weapons.	unused-or-deprecated-asset
GiC	Galaxy_in_Conflict_contents_2754886445.pak	/monsters/LEGACY/ERCHIUS/gic_afflictedwalker/gic_afflictedwalker.monstertype	/description	This wandering creature might've been a person once...	unused-or-deprecated-asset
GiC	Galaxy_in_Conflict_contents_2754886445.pak	/interface/warping/LEGACY/gic_md1_md2.config	/destinations/0/name	Part 2: Three Way Deal	unused-or-deprecated-asset
GiC	Galaxy_in_Conflict_contents_2754886445.pak	/items/AMMUNITION/LEGACY/OLD/gic_ppsh_mag/gic_ppsh_mag.item	/description	Fits in the PPsH-2600. 28 rounds in the magazine.	unused-or-deprecated-asset
GiC	Galaxy_in_Conflict_contents_2754886445.pak	/items/AMMUNITION/LEGACY/OLD/gic_ppsh_mag/gic_ppsh_mag.item	/shortdescription	PPsH-2600 Magazine	unused-or-deprecated-asset
GiC	Galaxy_in_Conflict_contents_2754886445.pak	/codex/LEGACY/gic_antiminiknog/gic_antiminiknog.codex	/title	Combat Report: Miniknog	unused-or-deprecated-asset
GiC	Galaxy_in_Conflict_contents_2754886445.pak	/codex/LEGACY/MISSIONS/INDEPENDENT/0_1_DERELICTSHIP/gic_ic01_stophim.codex	/title	STOP HIM	unused-or-deprecated-asset
GiC	Galaxy_in_Conflict_contents_2754886445.pak	/codex/LEGACY/MISSIONS/INDEPENDENT/0_1_DERELICTSHIP/gic_ic01_stophim.codex	/description	A paper... made of pixels?	unused-or-deprecated-asset
GiC	Galaxy_in_Conflict_contents_2754886445.pak	/interface/windowconfig/COOKING/gic_cooking_glitchstove.config	/paneLayout/scrollArea/children/itemList/schema/listTemplate/itemName/value	Replace Me	template-placeholder
GiC	Galaxy_in_Conflict_contents_2754886445.pak	/items/WEAPONS/LEGACY/gic_travelerchainpistol/gic_travelerchainpistol_onehanded.activeitem	/description	LEGACY ITEM - This is a pre-v4.0 item and you should not be seeing this unless you have an older save. This item may no longer work. Please find a post-v4.0 item equivalent for its updated code and delete this item.	unused-or-deprecated-asset
GiC	Galaxy_in_Conflict_contents_2754886445.pak	/items/WEAPONS/LEGACY/gic_travelerchainpistol/gic_travelerchainpistol_onehanded.activeitem	/shortdescription	[LEGACY ITEM]	unused-or-deprecated-asset
GiC	Galaxy_in_Conflict_contents_2754886445.pak	/monsters/ANOMALIES/LEGACY/gic_arkoutpost_caretakerpilgrim/gic_arkoutpost_caretakerpilgrim.monstertype	/shortdescription	[Caretaker Pilgrim]	unused-or-deprecated-asset
GiC	Galaxy_in_Conflict_contents_2754886445.pak	/monsters/ANOMALIES/LEGACY/gic_arkoutpost_caretakerpilgrim/gic_arkoutpost_caretakerpilgrim.monstertype	/description	Knights of old.	unused-or-deprecated-asset
GiC	Galaxy_in_Conflict_contents_2754886445.pak	/items/WEAPONS/LEGACY/ANCIENT_LEGACY/BOSS/gic_yari_spear_boss/gic_yari_spear_boss.activeitem	/description	A good fighter will parry correctly.	unused-or-deprecated-asset
GiC	Galaxy_in_Conflict_contents_2754886445.pak	/items/WEAPONS/LEGACY/ANCIENT_LEGACY/BOSS/gic_yari_spear_boss/gic_yari_spear_boss.activeitem	/shortdescription	Yari Spear	unused-or-deprecated-asset
GiC	Galaxy_in_Conflict_contents_2754886445.pak	/codex/LEGACY/OCCASUS/gic_occasus_unsurrendered/gic_occasus_unsurrendered.codex	/title	Occasus - Unsurrendered	unused-or-deprecated-asset
GiC	Galaxy_in_Conflict_contents_2754886445.pak	/codex/LEGACY/OCCASUS/gic_occasus_unsurrendered/gic_occasus_unsurrendered.codex	/description	A Protectorate Citizen's denouncement of his nation.	unused-or-deprecated-asset
GiC	Galaxy_in_Conflict_contents_2754886445.pak	/objects/CRAFTING/LEGACY_CRAFTING/UNUSED/gic_wasteprocessingtrader/gic_wasteprocessingtrader.object	/description	Turn in Junk for cash.	unused-or-deprecated-asset
GiC	Galaxy_in_Conflict_contents_2754886445.pak	/objects/CRAFTING/LEGACY_CRAFTING/UNUSED/gic_wasteprocessingtrader/gic_wasteprocessingtrader.object	/shortdescription	^orange;Waste Processing Turn-in (GIC)^white;	unused-or-deprecated-asset
GiC	Galaxy_in_Conflict_contents_2754886445.pak	/objects/CRAFTING/LEGACY_CRAFTING/UNUSED/gic_wasteprocessingtrader/gic_wasteprocessingtrader.object	/interactData/paneLayoutOverride/windowtitle/title	  Waste Processing Dealer	unused-or-deprecated-asset
GiC	Galaxy_in_Conflict_contents_2754886445.pak	/objects/CRAFTING/LEGACY_CRAFTING/UNUSED/gic_wasteprocessingtrader/gic_wasteprocessingtrader.object	/interactData/paneLayoutOverride/windowtitle/subtitle	  Turn in various junk items for pitiful amounts of Physical Credits.	unused-or-deprecated-asset
GiC	Galaxy_in_Conflict_contents_2754886445.pak	/objects/CRAFTING/LEGACY_CRAFTING/UNUSED/gic_wasteprocessingtrader/gic_wasteprocessingtrader.object	/apexDescription	You turn in some special junk to get money.	unused-or-deprecated-asset
GiC	Galaxy_in_Conflict_contents_2754886445.pak	/objects/CRAFTING/LEGACY_CRAFTING/UNUSED/gic_wasteprocessingtrader/gic_wasteprocessingtrader.object	/avianDescription	Nothing to see here. Just a normal trade.	unused-or-deprecated-asset
GiC	Galaxy_in_Conflict_contents_2754886445.pak	/objects/CRAFTING/LEGACY_CRAFTING/UNUSED/gic_wasteprocessingtrader/gic_wasteprocessingtrader.object	/floranDescription	Concept of junk for money is confussing to Floran.	unused-or-deprecated-asset
GiC	Galaxy_in_Conflict_contents_2754886445.pak	/objects/CRAFTING/LEGACY_CRAFTING/UNUSED/gic_wasteprocessingtrader/gic_wasteprocessingtrader.object	/glitchDescription	Amused. You can input certain junk items to receive money.	unused-or-deprecated-asset
GiC	Galaxy_in_Conflict_contents_2754886445.pak	/objects/CRAFTING/LEGACY_CRAFTING/UNUSED/gic_wasteprocessingtrader/gic_wasteprocessingtrader.object	/humanDescription	For all the violent things that happen in the Galaxy, they're still doing 5 cents worth a bottle.	unused-or-deprecated-asset
GiC	Galaxy_in_Conflict_contents_2754886445.pak	/objects/CRAFTING/LEGACY_CRAFTING/UNUSED/gic_wasteprocessingtrader/gic_wasteprocessingtrader.object	/hylotlDescription	For humans, it has to be money to convince themselves to recycle.	unused-or-deprecated-asset
GiC	Galaxy_in_Conflict_contents_2754886445.pak	/objects/CRAFTING/LEGACY_CRAFTING/UNUSED/gic_wasteprocessingtrader/gic_wasteprocessingtrader.object	/novakidDescription	I throw the junk in, they throw the money out.	unused-or-deprecated-asset
GiC	Galaxy_in_Conflict_contents_2754886445.pak	/codex/LEGACY/MISSIONS/ESTHER/3_3b_SEAR/gic_ec33b_searsdiary.codex	/title	EC33B - Seer's Diary	unused-or-deprecated-asset
GiC	Galaxy_in_Conflict_contents_2754886445.pak	/codex/LEGACY/MISSIONS/ESTHER/3_3b_SEAR/gic_ec33b_searsdiary.codex	/description	What Heresy did they even commit? What Blasphemy afflicts them?	unused-or-deprecated-asset
GiC	Galaxy_in_Conflict_contents_2754886445.pak	/quests/STORY/LEGACY/ESTHER/gic_esther_chapter_6_0_luna.questtemplate	/title	^yellow;[GiC]: Chapter 6 - Luna	unused-or-deprecated-asset
GiC	Galaxy_in_Conflict_contents_2754886445.pak	/monsters/LEGACY/gic_otherworld_sear/gic_otherworld_sear.monstertype	/shortdescription	[The Questing Quarreler]	unused-or-deprecated-asset
GiC	Galaxy_in_Conflict_contents_2754886445.pak	/monsters/LEGACY/gic_otherworld_sear/gic_otherworld_sear.monstertype	/description	Knights of old.	unused-or-deprecated-asset
GiC	Galaxy_in_Conflict_contents_2754886445.pak	/items/WEAPONS/LEGACY/ANCIENT_LEGACY/SYBER/gic_syberm4_enforcer/gic_syberm4_enforcer.activeitem	/description	Syber M4 Enforcer Kit variant typically fielded by Colonial Authorities and other rapid-response units for use within the confines of a colony or space station. The laser unit has been specifically tuned to output at higher power and lower cycle rates, increasing the bore of vaporized material whilst sacrificing power capacity and armor-piercing capabilities.	unused-or-deprecated-asset
GiC	Galaxy_in_Conflict_contents_2754886445.pak	/items/WEAPONS/LEGACY/ANCIENT_LEGACY/SYBER/gic_syberm4_enforcer/gic_syberm4_enforcer.activeitem	/shortdescription	Syber M4 Enforcer	unused-or-deprecated-asset
GiC	Galaxy_in_Conflict_contents_2754886445.pak	/items/AMMUNITION/LEGACY/OLD/gic_ake_mag/gic_ake_mag.item	/description	Fits in the AKE-40 and its varients. 28 charges in a magazine.	unused-or-deprecated-asset
GiC	Galaxy_in_Conflict_contents_2754886445.pak	/items/AMMUNITION/LEGACY/OLD/gic_ake_mag/gic_ake_mag.item	/shortdescription	AKE-40 Magazine	unused-or-deprecated-asset
GiC	Galaxy_in_Conflict_contents_2754886445.pak	/items/WEAPONS/LEGACY/ANCIENT_LEGACY/gic_m556cq/gic_m556cq.activeitem	/description	5.56x45mm Rotary Firearm intended for close-quarters lethality and long-range suppression through multiple barrels to properly ventilate heat.	unused-or-deprecated-asset
GiC	Galaxy_in_Conflict_contents_2754886445.pak	/items/WEAPONS/LEGACY/ANCIENT_LEGACY/gic_m556cq/gic_m556cq.activeitem	/shortdescription	M556 Close-Quarters	unused-or-deprecated-asset
GiC	Galaxy_in_Conflict_contents_2754886445.pak	/items/WEAPONS/LEGACY/gic_uscm4/gic_uscm4_sapper_npc.activeitem	/description	"''I was separated from my group when I stumbled upon another lone Floran. Felt like an eternity till I just started running at him with my bayonet. He spun his spear 'round but it was too late; Knife went deep into his chest. Saw eye-to-eye. Poor soul looked underfed, scrawny. A lot smaller than me. I gave him a final shot to the head.''
Outdated assault rifle used during the late-stages of the USCM-Floran War, chambered in 5.56x45mm STANAG-FEDERATSIYA.
^orange;The Lost: 0.6s PARRY WINDOW | 100HP STABILITY^reset;"	unused-or-deprecated-asset
GiC	Galaxy_in_Conflict_contents_2754886445.pak	/items/WEAPONS/LEGACY/gic_uscm4/gic_uscm4_sapper_npc.activeitem	/shortdescription	M16A3 SAPPER NPC	unused-or-deprecated-asset
GiC	Galaxy_in_Conflict_contents_2754886445.pak	/items/WEAPONS/LEGACY/gic_uscm4/gic_uscm4_sapper_npc.activeitem	/altAbility/name	Perfect Parry	unused-or-deprecated-asset
GiC	Galaxy_in_Conflict_contents_2754886445.pak	/quests/STORY/LEGACY/ESTHER/gic_esther_chapter_0_1_revelations.questtemplate	/title	^yellow;[GiC]: Chapter 0 - Revelations	unused-or-deprecated-asset
GiC	Galaxy_in_Conflict_contents_2754886445.pak	/npcs/crew/LEGACY/gic_republic_raider_crew.npctype	/scriptConfig/crew/role/name	Republic Infantry	unused-or-deprecated-asset
GiC	Galaxy_in_Conflict_contents_2754886445.pak	/items/WEAPONS/LEGACY/gic_uscm4/gic_uscm4_merckit.activeitem	/description	"---
Outdated assault rifle used during the late-stages of the USCM-Floran War, chambered in 5.56x45mm STANAG-FEDERATSIYA.
^orange;The Lost: 0.6s PARRY WINDOW | 100HP STABILITY^reset;"	unused-or-deprecated-asset
GiC	Galaxy_in_Conflict_contents_2754886445.pak	/items/WEAPONS/LEGACY/gic_uscm4/gic_uscm4_merckit.activeitem	/shortdescription	M16A3 Merc Kit	unused-or-deprecated-asset
GiC	Galaxy_in_Conflict_contents_2754886445.pak	/interface/windowconfig/gic_nazrin_storymerchant.config	/paneLayout/scrollArea/children/itemList/schema/listTemplate/itemName/value	Replace Me	template-placeholder
GiC	Galaxy_in_Conflict_contents_2754886445.pak	/codex/LEGACY/NEWSPAPER/Tobler_One/gic_to_3/gic_to_3.codex	/title	The Planetary #3	unused-or-deprecated-asset
GiC	Galaxy_in_Conflict_contents_2754886445.pak	/codex/LEGACY/NEWSPAPER/Tobler_One/gic_to_3/gic_to_3.codex	/description	[22nd November, 2821]	unused-or-deprecated-asset
GiC	Galaxy_in_Conflict_contents_2754886445.pak	/items/WEAPONS/LEGACY/ANCIENT_LEGACY/HISTORICAL/gic_mg42/gic_mg42.activeitem	/description	An ^yellow;ancient^white;, ^yellow;cost-cutting^white; and a ^yellow;classic^white; design. But a ^red;fast^white; and ^red;hard hitter^white;. Historically known as the ^red;''Hitler's Buzzsaw''^white;, this terrifying weapon of war strikes fear amongst those against it.	unused-or-deprecated-asset
GiC	Galaxy_in_Conflict_contents_2754886445.pak	/items/WEAPONS/LEGACY/ANCIENT_LEGACY/HISTORICAL/gic_mg42/gic_mg42.activeitem	/shortdescription	^yellow;MG 42 ^green;7.92mm	unused-or-deprecated-asset
GiC	Galaxy_in_Conflict_contents_2754886445.pak	/monsters/LEGACY/gic_knightofnights/gic_knightofnights_summon.monstertype	/shortdescription	[Knight of Nights]	unused-or-deprecated-asset
GiC	Galaxy_in_Conflict_contents_2754886445.pak	/monsters/LEGACY/gic_knightofnights/gic_knightofnights_summon.monstertype	/description	Why?	unused-or-deprecated-asset
GiC	Galaxy_in_Conflict_contents_2754886445.pak	/codex/LEGACY/Global_Earth_News/gic_gen_9/gic_gen_9.codex	/title	Earth Newspaper Headline #9	unused-or-deprecated-asset
GiC	Galaxy_in_Conflict_contents_2754886445.pak	/items/AMMUNITION/LEGACY/gic_mg2750_770x56mm_mag/gic_mg2750_770x56mm_drum_mag.item	/description	75 round 7.7x56mm ammunition drum magazine for MG-series weapons. Unlike standard LMG boxes, 3 can be carried per slot, making the MG2750 suitable as an aggressive fast-firing firearm when on the move. LEGACY ITEM, NO LONGER USED.	unused-or-deprecated-asset
GiC	Galaxy_in_Conflict_contents_2754886445.pak	/items/AMMUNITION/LEGACY/gic_mg2750_770x56mm_mag/gic_mg2750_770x56mm_drum_mag.item	/shortdescription	MG2750 7.7x56mm 75rnd Drum Magazine	unused-or-deprecated-asset
GiC	Galaxy_in_Conflict_contents_2754886445.pak	/items/AMMUNITION/LEGACY/RG8/gic_rg8_airburst_rocket.item	/description	Engineered rocket fitted with a special ^#FFDD00;proximity fuze^reset; allowing it to detonate over valid hostile targets, showering enemies in a hail of shrapnel. Unsurprisingly, unlike its HEAT counterpart it ^#FFDD00;cannot effectively engage armored vehicles.^reset; This type of munition finds effectiveness in open warfare scenarios which allow for a much more predictable flight path for indirect engagements of enemies. ^#FFDD00;Only compatible with the RPG-7 Launcher.^reset;	unused-or-deprecated-asset
GiC	Galaxy_in_Conflict_contents_2754886445.pak	/items/AMMUNITION/LEGACY/RG8/gic_rg8_airburst_rocket.item	/shortdescription	RPG-7 ^#FFDD00;[Airburst]^reset;	unused-or-deprecated-asset
GiC	Galaxy_in_Conflict_contents_2754886445.pak	/interface/warping/LEGACY/gic_powerplantdestruction_1_2.config	/destinations/0/name	Part 1: Nova's Blast	unused-or-deprecated-asset
GiC	Galaxy_in_Conflict_contents_2754886445.pak	/interface/warping/LEGACY/gic_powerplantdestruction_1_2.config	/destinations/1/name	Part 2: Battle-Train 'Maverick'	unused-or-deprecated-asset
GiC	Galaxy_in_Conflict_contents_2754886445.pak	/codex/LEGACY/GUN_INFORMATION/gic_usmgunseries/gic_usmgunseries.codex	/title	Origins: 'USM'	unused-or-deprecated-asset
GiC	Galaxy_in_Conflict_contents_2754886445.pak	/codex/LEGACY/MISSIONS/INDEPENDENT/0_2_GROUNDZERO/gic_ic02_longcommtranscript_2.codex	/title	M.M Long-Comm Transcript #2	unused-or-deprecated-asset
GiC	Galaxy_in_Conflict_contents_2754886445.pak	/codex/LEGACY/MISSIONS/INDEPENDENT/0_2_GROUNDZERO/gic_ic02_longcommtranscript_2.codex	/description	Does this take you back?	unused-or-deprecated-asset
GiC	Galaxy_in_Conflict_contents_2754886445.pak	/monsters/LEGACY/PROTECTORATE/gic_undyingprotectorateadventurer/gic_undyingprotectorateadventurer.monstertype	/shortdescription	[Undying Protectorate Adventurer]	unused-or-deprecated-asset
GiC	Galaxy_in_Conflict_contents_2754886445.pak	/monsters/LEGACY/PROTECTORATE/gic_undyingprotectorateadventurer/gic_undyingprotectorateadventurer.monstertype	/description	Knights of old.	unused-or-deprecated-asset
GiC	Galaxy_in_Conflict_contents_2754886445.pak	/items/MATERIALS/OLD/gic_basiclasersight/gic_basiclasersight.item	/description	Rail-mounted red laser sight attachment.	unused-or-deprecated-asset
GiC	Galaxy_in_Conflict_contents_2754886445.pak	/items/MATERIALS/OLD/gic_basiclasersight/gic_basiclasersight.item	/shortdescription	Laser Sight Attachment	unused-or-deprecated-asset
GiC	Galaxy_in_Conflict_contents_2754886445.pak	/codex/LEGACY/TYLIAN/gic_tylian_fleetingthoughts_3.codex	/title	Fleeting Thoughts #3	unused-or-deprecated-asset
GiC	Galaxy_in_Conflict_contents_2754886445.pak	/codex/LEGACY/TYLIAN/gic_tylian_fleetingthoughts_3.codex	/description	Is it clear now?	unused-or-deprecated-asset
GiC	Galaxy_in_Conflict_contents_2754886445.pak	/npcs/crew/LEGACY/gic_lunarian_radioman_crew.npctype	/scriptConfig/crew/role/name	Artillery Officer	unused-or-deprecated-asset
GiC	Galaxy_in_Conflict_contents_2754886445.pak	/items/WEAPONS/LEGACY/gic_tyurma70/gic_tyurma70_special_spotter.activeitem	/description	The Tyur'ma 70 is a semi-automatic shotgun utilising a proprietary action design called the ''auto-regulating gas-operated'' (ARGO) system. The weapon's design roots remain clouded in antiquity but apparently traces its roots to the late 20th Century Earth Standard Time. The weapon has seen adoption across human-space as a general-purpose shotgun amongst civilian and military departments, but remains exceptionally popular in the hands of Colonial Prison Security Forces. Accepts 18.50x70mm Buckshot and Slug rounds.	unused-or-deprecated-asset
GiC	Galaxy_in_Conflict_contents_2754886445.pak	/items/WEAPONS/LEGACY/gic_tyurma70/gic_tyurma70_special_spotter.activeitem	/shortdescription	Tyur'ma 70	unused-or-deprecated-asset
GiC	Galaxy_in_Conflict_contents_2754886445.pak	/interface/windowconfig/gic_wildlands_porttrader.config	/paneLayout/scrollArea/children/itemList/schema/listTemplate/itemName/value	Replace Me	template-placeholder
GiC	Galaxy_in_Conflict_contents_2754886445.pak	/monsters/LEGACY/SUMMONS/gic_summon_protectoratefootsoldier/gic_summon_protectoratefootsoldier_crestfallen_intro.monstertype	/shortdescription	[Crestfallen Protectorate Foot Soldier]	unused-or-deprecated-asset
GiC	Galaxy_in_Conflict_contents_2754886445.pak	/monsters/LEGACY/SUMMONS/gic_summon_protectoratefootsoldier/gic_summon_protectoratefootsoldier_crestfallen_intro.monstertype	/description	Knights of old.	unused-or-deprecated-asset
GiC	Galaxy_in_Conflict_contents_2754886445.pak	/behaviors/monsters/modular/actions/action-gic_bufferedcharge.behavior	/root/children/0/children/0/children/0/parameters/windupState/value	<windupState>	behavior-tree-parameter
GiC	Galaxy_in_Conflict_contents_2754886445.pak	/behaviors/monsters/modular/actions/action-gic_bufferedcharge.behavior	/root/children/0/children/0/children/0/parameters/windupTime/value	<windupTime>	behavior-tree-parameter
GiC	Galaxy_in_Conflict_contents_2754886445.pak	/behaviors/monsters/modular/actions/action-gic_bufferedcharge.behavior	/root/children/0/children/0/children/0/parameters/windupStateType/value	<chargeStateType>	behavior-tree-parameter
GiC	Galaxy_in_Conflict_contents_2754886445.pak	/behaviors/monsters/modular/actions/action-gic_bufferedcharge.behavior	/root/children/0/children/0/children/0/parameters/skillName/value	<skillName>	behavior-tree-parameter
GiC	Galaxy_in_Conflict_contents_2754886445.pak	/behaviors/monsters/modular/actions/action-gic_bufferedcharge.behavior	/root/children/0/children/1/child/children/0/parameters/shouldRun/value	<aimAtTarget>	behavior-tree-parameter
GiC	Galaxy_in_Conflict_contents_2754886445.pak	/behaviors/monsters/modular/actions/action-gic_bufferedcharge.behavior	/root/children/0/children/2/child/parameters/time/value	<windupBufferTime>	behavior-tree-parameter
GiC	Galaxy_in_Conflict_contents_2754886445.pak	/behaviors/monsters/modular/actions/action-gic_bufferedcharge.behavior	/root/children/1/children/1/children/0/children/0/children/0/child/parameters/state/value	<chargeState>	behavior-tree-parameter
GiC	Galaxy_in_Conflict_contents_2754886445.pak	/behaviors/monsters/modular/actions/action-gic_bufferedcharge.behavior	/root/children/1/children/1/children/0/children/0/children/0/child/parameters/type/value	<chargeStateType>	behavior-tree-parameter
GiC	Galaxy_in_Conflict_contents_2754886445.pak	/behaviors/monsters/modular/actions/action-gic_bufferedcharge.behavior	/root/children/1/children/1/children/0/children/1/children/0/child/children/1/child/parameters/sound/value	<wallCrashSound>	behavior-tree-parameter
GiC	Galaxy_in_Conflict_contents_2754886445.pak	/behaviors/monsters/modular/actions/action-gic_bufferedcharge.behavior	/root/children/1/children/1/children/0/children/1/children/0/child/children/2/child/parameters/emitter/value	<wallCrashEmitter>	behavior-tree-parameter
GiC	Galaxy_in_Conflict_contents_2754886445.pak	/behaviors/monsters/modular/actions/action-gic_bufferedcharge.behavior	/root/children/1/children/1/children/0/children/1/children/1/parameters/time/value	<chargeTime>	behavior-tree-parameter
GiC	Galaxy_in_Conflict_contents_2754886445.pak	/behaviors/monsters/modular/actions/action-gic_bufferedcharge.behavior	/root/children/2/parameters/winddownState/value	<winddownState>	behavior-tree-parameter
GiC	Galaxy_in_Conflict_contents_2754886445.pak	/behaviors/monsters/modular/actions/action-gic_bufferedcharge.behavior	/root/children/2/parameters/winddownStateType/value	<chargeStateType>	behavior-tree-parameter
GiC	Galaxy_in_Conflict_contents_2754886445.pak	/items/MEDICAL/OLD/gic_ammo_replicator.consumable	/description	"''After the Ruin arrived, ammunition was abundant, yet it wasn't enough to combat the dangers that lurked around every corner. Protectors kept running out, no matter how much we gave them. Nowadays, we scavenge for every last bullet we can find, making an ammo replicator a true lifesaver in the fight for survival.''

^orange;Infinite EWS Reloads, lasting for 30s.^reset;"	unused-or-deprecated-asset
GiC	Galaxy_in_Conflict_contents_2754886445.pak	/items/MEDICAL/OLD/gic_ammo_replicator.consumable	/shortdescription	^yellow;Protectorate Replicator	unused-or-deprecated-asset
GiC	Galaxy_in_Conflict_contents_2754886445.pak	/items/WEAPONS/LEGACY/ANCIENT_LEGACY/AUGMENTYR/gic_augmentyr_ilcs/gic_augmentyr_ilcs.activeitem	/description	"The last project funded by the Cyborg Research Divisions on Gazri. Designed for the common infantry, this weapon retunes the standard Infantry Laser Weapons System to output a much greater damage output against vehicles on the move. Whilst not as stealthy as more portable options, it makes up for it in its 'always-ready' deployed firing state.
  
  The AUG Infantry Laser Cannon System is an alternative cheaper option to dedicated ballistic anti-tank weaponry but suffers from its unwieldy nature and high-energy use."	unused-or-deprecated-asset
GiC	Galaxy_in_Conflict_contents_2754886445.pak	/items/WEAPONS/LEGACY/ANCIENT_LEGACY/AUGMENTYR/gic_augmentyr_ilcs/gic_augmentyr_ilcs.activeitem	/shortdescription	AUG Infantry Laser Cannon System	unused-or-deprecated-asset
GiC	Galaxy_in_Conflict_contents_2754886445.pak	/items/WEAPONS/LEGACY/ANCIENT_LEGACY/ILWS/gic_57ap_ilws/gic_57ap_ilws.activeitem	/description	Carries the standard Type-P Powerpack. Increasing the amount of micro-laser beams from 1000 to 4000 per shot drastically reduces the amount of damage it deals, but offering greater penetration.	unused-or-deprecated-asset
GiC	Galaxy_in_Conflict_contents_2754886445.pak	/items/WEAPONS/LEGACY/ANCIENT_LEGACY/ILWS/gic_57ap_ilws/gic_57ap_ilws.activeitem	/shortdescription	57-AP I.L.W.S	unused-or-deprecated-asset
GiC	Galaxy_in_Conflict_contents_2754886445.pak	/codex/LEGACY/gic_precursor_unified4/gic_precursor_unified4.codex	/title	Precursor: We Struggle [4]	unused-or-deprecated-asset
GiC	Galaxy_in_Conflict_contents_2754886445.pak	/items/WEAPONS/LEGACY/gic_usm47a2/gic_usm47a2_flashbang_riflegrenade_npc.activeitem	/description	Rifle Grenade variant of the USM47A2 equipped with an AK-type Spigot Cup launcher used only by NPCs.	unused-or-deprecated-asset
GiC	Galaxy_in_Conflict_contents_2754886445.pak	/items/WEAPONS/LEGACY/gic_usm47a2/gic_usm47a2_flashbang_riflegrenade_npc.activeitem	/shortdescription	USM47A2 Flashbang Rifle-Grenade NPC	unused-or-deprecated-asset
GiC	Galaxy_in_Conflict_contents_2754886445.pak	/npcs/crew/LEGACY/gic_retainer_ashigaru_convert_crew.npctype	/scriptConfig/crew/interactData/title	^#52A8DD;Ashigaru Convert Retainer^reset;	unused-or-deprecated-asset
GiC	Galaxy_in_Conflict_contents_2754886445.pak	/npcs/crew/LEGACY/gic_retainer_ashigaru_convert_crew.npctype	/scriptConfig/crew/interactData/subtitle	^#E0C200;''Your blade? Hah, it would not even deal a scratch!''^reset;	unused-or-deprecated-asset
GiC	Galaxy_in_Conflict_contents_2754886445.pak	/npcs/crew/LEGACY/gic_retainer_ashigaru_convert_crew.npctype	/scriptConfig/crew/role/name	Ashigaru Convert	unused-or-deprecated-asset
GiC	Galaxy_in_Conflict_contents_2754886445.pak	/codex/LEGACY/OCCASUS/gic_occasus_unsilenced/gic_occasus_unsilenced.codex	/title	Occasus - Unsilenced	unused-or-deprecated-asset
GiC	Galaxy_in_Conflict_contents_2754886445.pak	/codex/LEGACY/OCCASUS/gic_occasus_unsilenced/gic_occasus_unsilenced.codex	/description	A Protectorate Citizen's betrayal? Or disillusionment?	unused-or-deprecated-asset
GiC	Galaxy_in_Conflict_contents_2754886445.pak	/npcs/UNUSED/VEHICLECAPABLE/gic_gunnercrew.npctype	/scriptConfig/crew/role/name	Gunnery Specialist	unused-or-deprecated-asset
GiC	Galaxy_in_Conflict_contents_2754886445.pak	/monsters/LEGACY/MEGA_LEGACY/gic_crusaderchampion/gic_crusaderchampion.monstertype	/shortdescription	[Crusader Champion]	unused-or-deprecated-asset
GiC	Galaxy_in_Conflict_contents_2754886445.pak	/monsters/LEGACY/MEGA_LEGACY/gic_crusaderchampion/gic_crusaderchampion.monstertype	/description	Peak Performance.	unused-or-deprecated-asset
GiC	Galaxy_in_Conflict_contents_2754886445.pak	/items/WEAPONS/LEGACY/COPSC/gic_copsc_sidearm/gic_copsc_sidearm.activeitem	/description	LEGACY ITEM - This is a pre-v4.0 item and you should not be seeing this unless you have an older save. This item may no longer work. Please find a post-v4.0 item equivalent for its updated code and delete this item.	unused-or-deprecated-asset
GiC	Galaxy_in_Conflict_contents_2754886445.pak	/items/WEAPONS/LEGACY/COPSC/gic_copsc_sidearm/gic_copsc_sidearm.activeitem	/shortdescription	[LEGACY ITEM]	unused-or-deprecated-asset
GiC	Galaxy_in_Conflict_contents_2754886445.pak	/items/SHIELDS/LEGACY/gic_protectorate_greatshield/gic_protectorate_greatshield.activeitem	/description	"''We pushed ourselves beyond the boundaries of our bodies. We did not simply push ourselves to the limit. We went beyond. It wasn't that they had their flesh torn. It was that they had their souls torn out.''
  
^orange;Cold-Blooded: 220HP STABILITY | 80% DEF.^white;
^#D6DFFF;Shield Bash: Moving at great speeds and colliding with an enemy will deal damage based on the speed of the user. Cannot perfect-block.^white;"	unused-or-deprecated-asset
GiC	Galaxy_in_Conflict_contents_2754886445.pak	/items/SHIELDS/LEGACY/gic_protectorate_greatshield/gic_protectorate_greatshield.activeitem	/shortdescription	Protectorate Knight Greatshield	unused-or-deprecated-asset
GiC	Galaxy_in_Conflict_contents_2754886445.pak	/vehicles/LEGACY/gic_unitan_partisan_mbt/gic_unitan_partisan_mbt.vehicle	/repairTextConfig/actionOnReap/0/specification/text	^green;+100 HP^reset;	unused-or-deprecated-asset
GiC	Galaxy_in_Conflict_contents_2754886445.pak	/codex/LEGACY/OCCASUS/gic_occasus_uninformed/gic_occasus_uninformed.codex	/title	Occasus - Uninformed	unused-or-deprecated-asset
GiC	Galaxy_in_Conflict_contents_2754886445.pak	/codex/LEGACY/OCCASUS/gic_occasus_uninformed/gic_occasus_uninformed.codex	/description	The Occasus whistled...	unused-or-deprecated-asset
GiC	Galaxy_in_Conflict_contents_2754886445.pak	/quests/STORY/LEGACY/PLANET_INCENTIVES/gic_esther_planetincentive_5_protectedcolony.questtemplate	/title	^orange;[GiC] Into the Breach: Protected	unused-or-deprecated-asset
GiC	Galaxy_in_Conflict_contents_2754886445.pak	/interface/windowconfig/gic_blackmarket_crusade.config	/paneLayout/scrollArea/children/itemList/schema/listTemplate/itemName/value	Replace Me	template-placeholder
GiC	Galaxy_in_Conflict_contents_2754886445.pak	/interface/warping/LEGACY/gic_leedscharge_4_5.config	/destinations/0/name	Part 3: Flakturm	unused-or-deprecated-asset
GiC	Galaxy_in_Conflict_contents_2754886445.pak	/interface/windowconfig/COOKING/gic_cooking_sovietstove.config	/paneLayout/scrollArea/children/itemList/schema/listTemplate/itemName/value	Replace Me	template-placeholder
GiC	Galaxy_in_Conflict_contents_2754886445.pak	/items/AMMUNITION/LEGACY/gic_6p41mg_762x54mm_mag/gic_6p41mg_762x54mm_box_mag.item	/description	100 round 7.62x54mm ammunition box for the 6P41MG.	unused-or-deprecated-asset
GiC	Galaxy_in_Conflict_contents_2754886445.pak	/items/AMMUNITION/LEGACY/gic_6p41mg_762x54mm_mag/gic_6p41mg_762x54mm_box_mag.item	/shortdescription	6P41MG 7.62x54mm Box	unused-or-deprecated-asset
GiC	Galaxy_in_Conflict_contents_2754886445.pak	/behaviors/npc/gic_villager.behavior	/root/children/0/title	Tenant Baseline Behavior	behavior-tree-parameter
GiC	Galaxy_in_Conflict_contents_2754886445.pak	/behaviors/npc/gic_villager.behavior	/root/children/0/name	Tenant Baseline Behavior	behavior-tree-parameter
GiC	Galaxy_in_Conflict_contents_2754886445.pak	/behaviors/npc/gic_villager.behavior	/root/children/5/title	NPC Idle	behavior-tree-parameter
GiC	Galaxy_in_Conflict_contents_2754886445.pak	/behaviors/npc/gic_villager.behavior	/root/children/5/name	NPC Idle	behavior-tree-parameter
GiC	Galaxy_in_Conflict_contents_2754886445.pak	/behaviors/npc/gic_villager.behavior	/root/children/5/parameters/play/value	<play>	behavior-tree-parameter
GiC	Galaxy_in_Conflict_contents_2754886445.pak	/items/MEDICAL/OLD/gic_wolffak_medkit.consumable	/description	"Sometimes pronounced ''Wolfak'' or cynically as ''Well, fuck''. This kit offers a lot of equipment to address the broadest range of conditions. Often part of long-term colonization efforts in hostile environments.
  
^green;- Restores 400 health/10s | Heal Delay: 2.75s | Immobile Time: 3s
^yellow;Removes ALL BLEEDING.^white;
^orange;- Heals Burn Wounds^white; | ^yellow;- Heals Bruising.^white;
^red;- Heals Blood Loss^white; | ^gray;- Heals Fractures.^white;"	unused-or-deprecated-asset
GiC	Galaxy_in_Conflict_contents_2754886445.pak	/items/MEDICAL/OLD/gic_wolffak_medkit.consumable	/shortdescription	^yellow;Wolf First Aid Kit	unused-or-deprecated-asset
GiC	Galaxy_in_Conflict_contents_2754886445.pak	/codex/LEGACY/MISSIONS/INDEPENDENT/0_2_GROUNDZERO/gic_ic02_longcommtranscript_3.codex	/title	M.M Long-Comm Transcript #3	unused-or-deprecated-asset
GiC	Galaxy_in_Conflict_contents_2754886445.pak	/codex/LEGACY/MISSIONS/INDEPENDENT/0_2_GROUNDZERO/gic_ic02_longcommtranscript_3.codex	/description	This isn't funny anymore...	unused-or-deprecated-asset
GiC	Galaxy_in_Conflict_contents_2754886445.pak	/codex/LEGACY/gic_humancredit/gic_humancredit.codex	/title	Human Credits	unused-or-deprecated-asset
GiC	Galaxy_in_Conflict_contents_2754886445.pak	/codex/LEGACY/TYLIAN/gic_tylian_fleetingthoughts_4.codex	/title	Fleeting Thoughts #4	unused-or-deprecated-asset
GiC	Galaxy_in_Conflict_contents_2754886445.pak	/codex/LEGACY/TYLIAN/gic_tylian_fleetingthoughts_4.codex	/description	It's all clear now...	unused-or-deprecated-asset
GiC	Galaxy_in_Conflict_contents_2754886445.pak	/items/WEAPONS/LEGACY/gic_m2055/gic_m2055_npc.activeitem	/description	Standard ballistic pistol.	unused-or-deprecated-asset
GiC	Galaxy_in_Conflict_contents_2754886445.pak	/items/WEAPONS/LEGACY/ANCIENT_LEGACY/gic_mhp45/gic_thompson_old.activeitem	/description	A Valentine's Day classic. Gives you 30 rounds of .45 instead of chocolate.	unused-or-deprecated-asset
GiC	Galaxy_in_Conflict_contents_2754886445.pak	/items/WEAPONS/LEGACY/ANCIENT_LEGACY/gic_mhp45/gic_thompson_old.activeitem	/shortdescription	Thompson Submachinegun	unused-or-deprecated-asset
GiC	Galaxy_in_Conflict_contents_2754886445.pak	/monsters/LEGACY/UNITED_SYSTEMS/gic_unitan_gausshawk_fighter/gic_unitan_gausshawk_fighter_test.monstertype	/description	Protectorate Beluga Fighter	unused-or-deprecated-asset
GiC	Galaxy_in_Conflict_contents_2754886445.pak	/items/UNUSED/RESEARCH/gic_wildlands_damagedcapturepod/gic_wildlands_damagedcapturepod.item	/description	"''There was no denying that the creatures we kept were being used for... non-scientific purposes.''

An antiquated yet functional capture pod. Somebody went out of their way to capture the creature they were genetically engineering. Someone in an undercolony might be able to troubleshoot it. Fuel value: 500u."	unused-or-deprecated-asset
GiC	Galaxy_in_Conflict_contents_2754886445.pak	/items/UNUSED/RESEARCH/gic_wildlands_damagedcapturepod/gic_wildlands_damagedcapturepod.item	/shortdescription	Wildlands Damaged Capture Pod	unused-or-deprecated-asset
GiC	Galaxy_in_Conflict_contents_2754886445.pak	/codex/LEGACY/GUN_INFORMATION/gic_eaglegunseries/gic_eaglegunseries.codex	/title	Origins: 'Eagle'	unused-or-deprecated-asset
GiC	Galaxy_in_Conflict_contents_2754886445.pak	/codex/LEGACY/MISSIONS/ESTHER/0_1_ARKBEYOND/gic_ec01_facilitycollapse.codex	/title	EC01 - Facility Collapse	unused-or-deprecated-asset
GiC	Galaxy_in_Conflict_contents_2754886445.pak	/codex/LEGACY/MISSIONS/ESTHER/0_1_ARKBEYOND/gic_ec01_facilitycollapse.codex	/description	Esther Chapter 0-1-FC	unused-or-deprecated-asset
GiC	Galaxy_in_Conflict_contents_2754886445.pak	/codex/LEGACY/gic_spaceinfantry/gic_spaceinfantry.codex	/title	Space Infantry Warfare	unused-or-deprecated-asset
GiC	Galaxy_in_Conflict_contents_2754886445.pak	/behaviors/npc/combat/gic_rangedcombat_adv.behavior	/root/children/1/children/0/child/children/3/children/1/children/0/children/0/children/5/parameters/time/value	<rangedAimTime>	behavior-tree-parameter
GiC	Galaxy_in_Conflict_contents_2754886445.pak	/behaviors/npc/combat/gic_rangedcombat_adv.behavior	/root/children/1/children/0/child/children/3/children/1/children/0/children/1/parameters/time/value	<rangedWindupTime>	behavior-tree-parameter
GiC	Galaxy_in_Conflict_contents_2754886445.pak	/behaviors/npc/combat/gic_rangedcombat_adv.behavior	/root/children/1/children/0/child/children/3/children/1/children/0/children/2/children/1/children/0/parameters/time/value	<rangedMinFireTime>	behavior-tree-parameter
GiC	Galaxy_in_Conflict_contents_2754886445.pak	/behaviors/npc/combat/gic_rangedcombat_adv.behavior	/root/children/1/children/0/child/children/3/children/1/children/0/children/2/children/1/children/1/children/0/children/2/parameters/time/value	<rangedMaxFireTime>	behavior-tree-parameter
GiC	Galaxy_in_Conflict_contents_2754886445.pak	/monsters/LEGACY/UNITED_SYSTEMS/gic_augmentyr_airborne_suicideskull/gic_augmentyr_airborne_suicideskull.monstertype	/shortdescription	Augmentyr Suicide Skull	unused-or-deprecated-asset
GiC	Galaxy_in_Conflict_contents_2754886445.pak	/monsters/LEGACY/UNITED_SYSTEMS/gic_augmentyr_airborne_suicideskull/gic_augmentyr_airborne_suicideskull.monstertype	/description	Some sort of anomaly. Reacts violently.	unused-or-deprecated-asset
GiC	Galaxy_in_Conflict_contents_2754886445.pak	/monsters/LEGACY/UNITED_SYSTEMS/gic_unitan_airborne_crowtengu/gic_unitan_airborne_crowtengu.monstertype	/shortdescription	Crow Tengu	unused-or-deprecated-asset
GiC	Galaxy_in_Conflict_contents_2754886445.pak	/monsters/LEGACY/UNITED_SYSTEMS/gic_unitan_airborne_crowtengu/gic_unitan_airborne_crowtengu.monstertype	/description	Some sort of anomaly. Reacts violently.	unused-or-deprecated-asset
GiC	Galaxy_in_Conflict_contents_2754886445.pak	/items/WEAPONS/LEGACY/ANCIENT_LEGACY/AUGMENTYR/gic_augmentyr_pistol/gic_augmentyr_pistol.activeitem	/description	"A literal handcannon. Most can wield these, at a heavy price in mobility. Boasting a shell diameter of 20mm firing standard tungsten AP rounds, this firearm was developed as a complement to the former Cyborg Battalions of the Gazrian Planetary Guard of the United Systems.
  
  The gun's success was short-lived due to being absolutely overkill against standard non-augmented infantry and causing common shortages of 20mm ammunition better equipped on actual vehicles for anti-aircraft weaponry. Production is few and far between but remains popular in the hands of Hunters."	unused-or-deprecated-asset
GiC	Galaxy_in_Conflict_contents_2754886445.pak	/items/WEAPONS/LEGACY/ANCIENT_LEGACY/AUGMENTYR/gic_augmentyr_pistol/gic_augmentyr_pistol.activeitem	/shortdescription	Augmentyr Pistol	unused-or-deprecated-asset
GiC	Galaxy_in_Conflict_contents_2754886445.pak	/behaviors/npc/reactions/gic_flee_20.behavior	/root/children/0/parameters/time/value	<fleeDuration>	behavior-tree-parameter
GiC	Galaxy_in_Conflict_contents_2754886445.pak	/codex/LEGACY/MISSIONS/ESTHER/0_1_ARKBEYOND/gic_ec01_anomaliesofthefield.codex	/title	EC01 - Anomalies of the Field	unused-or-deprecated-asset
GiC	Galaxy_in_Conflict_contents_2754886445.pak	/codex/LEGACY/MISSIONS/ESTHER/0_1_ARKBEYOND/gic_ec01_anomaliesofthefield.codex	/description	Esther Chapter 0-1-AF	unused-or-deprecated-asset
GiC	Galaxy_in_Conflict_contents_2754886445.pak	/items/WEAPONS/LEGACY/gic_sova_gb/gic_sova_gb.activeitem	/description	Sova Grazhdanskiye Boyepripasy rifle of the 5.45x15mm caliber. It is identical to the USM-platform. Designed specifically for strict civilian firearm markets and only accepts special 10rnd 5.45x15mm ammunition magazines. Incompatible with receiver parts from the SOVA-545 and 762.	unused-or-deprecated-asset
GiC	Galaxy_in_Conflict_contents_2754886445.pak	/monsters/LEGACY/ERCHIUS/gic_afflicted_stoneknight/gic_afflicted_stoneknight_dying.monstertype	/shortdescription	[Afflicted Stone Knight]	unused-or-deprecated-asset
GiC	Galaxy_in_Conflict_contents_2754886445.pak	/monsters/LEGACY/ERCHIUS/gic_afflicted_stoneknight/gic_afflicted_stoneknight_dying.monstertype	/description	Knights of old.	unused-or-deprecated-asset
GiC	Galaxy_in_Conflict_contents_2754886445.pak	/monsters/LEGACY/FLORAN/gic_floran_triarii/gic_floran_triarii.monstertype	/shortdescription	[Floran Triarii]	unused-or-deprecated-asset
GiC	Galaxy_in_Conflict_contents_2754886445.pak	/monsters/LEGACY/FLORAN/gic_floran_triarii/gic_floran_triarii.monstertype	/description	Knights of old.	unused-or-deprecated-asset
GiC	Galaxy_in_Conflict_contents_2754886445.pak	/monsters/LEGACY/SUMMONS/gic_summon_protectorateundeadpaladin/gic_summon_protectorateundeadpaladin.monstertype	/shortdescription	[Protectorate Undead Paladin]	unused-or-deprecated-asset
GiC	Galaxy_in_Conflict_contents_2754886445.pak	/monsters/LEGACY/SUMMONS/gic_summon_protectorateundeadpaladin/gic_summon_protectorateundeadpaladin.monstertype	/description	Knights of old.	unused-or-deprecated-asset
GiC	Galaxy_in_Conflict_contents_2754886445.pak	/monsters/LEGACY/SUMMONS/gic_summon_chapter4_lionheart/gic_summon_chapter4_lionheart.monstertype	/shortdescription	[Lionheart, The Yamaxanadu]	unused-or-deprecated-asset
GiC	Galaxy_in_Conflict_contents_2754886445.pak	/monsters/LEGACY/SUMMONS/gic_summon_chapter4_lionheart/gic_summon_chapter4_lionheart.monstertype	/description	Knights of old.	unused-or-deprecated-asset
GiC	Galaxy_in_Conflict_contents_2754886445.pak	/quests/STORY/LEGACY/gic_mortalshell_solonshrine.questtemplate	/title	^#D1FFDE;Solon, The Lawbringer	unused-or-deprecated-asset
GiC	Galaxy_in_Conflict_contents_2754886445.pak	/items/WEAPONS/LEGACY/ANCIENT_LEGACY/gic_lust_c7/gic_lust_c7.activeitem	/description	"Lust's second personal weapon of choice. I see that he has a taste for weapons from the ""Nicest"" people."	unused-or-deprecated-asset
GiC	Galaxy_in_Conflict_contents_2754886445.pak	/items/WEAPONS/LEGACY/ANCIENT_LEGACY/gic_lust_c7/gic_lust_c7.activeitem	/shortdescription	Lust's C7 Assault Rifle	unused-or-deprecated-asset
GiC	Galaxy_in_Conflict_contents_2754886445.pak	/interface/windowconfig/gic_colonial_bioengineer.config	/paneLayout/scrollArea/children/itemList/schema/listTemplate/itemName/value	Replace Me	template-placeholder
GiC	Galaxy_in_Conflict_contents_2754886445.pak	/objects/unused/gic_redstarweaponrack2/gic_redstarweaponrack2.object	/apexDescription	A weapon rack. A lock prevents me from taking it.	unused-or-deprecated-asset
GiC	Galaxy_in_Conflict_contents_2754886445.pak	/objects/unused/gic_redstarweaponrack2/gic_redstarweaponrack2.object	/avianDescription	Human guns. These seem to shoot in a similar method to Avian Crystal discharges.	unused-or-deprecated-asset
GiC	Galaxy_in_Conflict_contents_2754886445.pak	/objects/unused/gic_redstarweaponrack2/gic_redstarweaponrack2.object	/floranDescription	Floran don't like ssshooty thing. Bladesss, and ssstab, ssstab, ssstab is better.	unused-or-deprecated-asset
GiC	Galaxy_in_Conflict_contents_2754886445.pak	/objects/unused/gic_redstarweaponrack2/gic_redstarweaponrack2.object	/glitchDescription	Observant. These rifles are attached to rack with a lock.	unused-or-deprecated-asset
GiC	Galaxy_in_Conflict_contents_2754886445.pak	/objects/unused/gic_redstarweaponrack2/gic_redstarweaponrack2.object	/humanDescription	Red Star Rifles locked to a weapons rack. These were powerful, almost part-less Laser Rifles that merely only required a battery pack to fire. It could never jam. Was supposed to replace the AKE-40.	unused-or-deprecated-asset
GiC	Galaxy_in_Conflict_contents_2754886445.pak	/objects/unused/gic_redstarweaponrack2/gic_redstarweaponrack2.object	/hylotlDescription	Red Star Weaponry were once heralded by Hylotl Science as an outright advancement in Human Sciences and even thought to have been superior to almost every type of firearm at the time these weapons were in service. Unfortunately, the technology required to create these weapons have been lost to time.	unused-or-deprecated-asset
GiC	Galaxy_in_Conflict_contents_2754886445.pak	/monsters/ANOMALIES/LEGACY/gic_abyssal_takeda_yariashigaru/gic_abyssal_takeda_yariashigaru.monstertype	/shortdescription	[Takeda Yari Ashigaru]	unused-or-deprecated-asset
GiC	Galaxy_in_Conflict_contents_2754886445.pak	/monsters/ANOMALIES/LEGACY/gic_abyssal_takeda_yariashigaru/gic_abyssal_takeda_yariashigaru.monstertype	/description	Knights of old.	unused-or-deprecated-asset
GiC	Galaxy_in_Conflict_contents_2754886445.pak	/items/WEAPONS/LEGACY/gic_stormstubber/gic_stormstubber.activeitem	/description	LEGACY ITEM - This is a pre-v4.0 item and you should not be seeing this unless you have an older save. This item may no longer work. Please find a post-v4.0 item equivalent for its updated code and delete this item.	unused-or-deprecated-asset
GiC	Galaxy_in_Conflict_contents_2754886445.pak	/items/WEAPONS/LEGACY/gic_stormstubber/gic_stormstubber.activeitem	/shortdescription	[LEGACY ITEM]	unused-or-deprecated-asset
GiC	Galaxy_in_Conflict_contents_2754886445.pak	/items/MATERIALS/OLD/gic_magcoverupgrade/gic_magcoverupgrade.item	/description	Shields the weapon's magazine, improving energy efficiency.	unused-or-deprecated-asset
GiC	Galaxy_in_Conflict_contents_2754886445.pak	/items/MATERIALS/OLD/gic_magcoverupgrade/gic_magcoverupgrade.item	/shortdescription	Magazine Shielding	unused-or-deprecated-asset
GiC	Galaxy_in_Conflict_contents_2754886445.pak	/items/AMMUNITION/LEGACY/gic_dcmk51_762x51mm_mag/gic_dcmk51_762x51mm_box_mag.item	/description	200 round 7.62x51mm ammunition box for the DCMK51. DEPRECATED (NO LONGER USED)	unused-or-deprecated-asset
GiC	Galaxy_in_Conflict_contents_2754886445.pak	/items/AMMUNITION/LEGACY/gic_dcmk51_762x51mm_mag/gic_dcmk51_762x51mm_box_mag.item	/shortdescription	DCMK51 7.62x51mm Box Magazine	unused-or-deprecated-asset
GiC	Galaxy_in_Conflict_contents_2754886445.pak	/monsters/LEGACY/gic_genecultist_agricola/gic_genecultist_agricola.monstertype	/shortdescription	[Agricola]	unused-or-deprecated-asset
GiC	Galaxy_in_Conflict_contents_2754886445.pak	/monsters/LEGACY/gic_genecultist_agricola/gic_genecultist_agricola.monstertype	/description	Knights of old.	unused-or-deprecated-asset
GiC	Galaxy_in_Conflict_contents_2754886445.pak	/interface/windowconfig/WORKSTATION/gic_sewing_workstation.config	/paneLayout/scrollArea/children/itemList/schema/listTemplate/itemName/value	Replace Me	template-placeholder
GiC	Galaxy_in_Conflict_contents_2754886445.pak	/items/WEAPONS/LEGACY/gic_usm47/gic_usm47.activeitem	/description	LEGACY ITEM - This is a pre-v4.0 item and you should not be seeing this unless you have an older save. This item may no longer work. Please find a post-v4.0 item equivalent for its updated code and delete this item.	unused-or-deprecated-asset
GiC	Galaxy_in_Conflict_contents_2754886445.pak	/items/WEAPONS/LEGACY/gic_usm47/gic_usm47.activeitem	/shortdescription	[LEGACY ITEM]	unused-or-deprecated-asset
GiC	Galaxy_in_Conflict_contents_2754886445.pak	/items/WEAPONS/LEGACY/gic_usoa50/gic_usoa50_mousecommander.activeitem	/description	NPC version of the FUNNY!	unused-or-deprecated-asset
GiC	Galaxy_in_Conflict_contents_2754886445.pak	/items/WEAPONS/LEGACY/gic_usoa50/gic_usoa50_mousecommander.activeitem	/shortdescription	^yellow;USOA .50 Mouse Commander NPC Var.	unused-or-deprecated-asset
GiC	Galaxy_in_Conflict_contents_2754886445.pak	/items/WEAPONS/LEGACY/gic_steelguardpercussionrifle/gic_steelguardpercussionrifle_npc.activeitem	/description	"A rifle often fielded by the Glitch who have broken free of the Gestalt. This type of rifle loads using 15mm Minié-Balls, primed via simple muzzle-loaded gunpowder and fired through the use of a Percussion-Cap which holds many advantages over the more primitive Flintlocks of the past. Those that are hunted by the Gestalt would do well to arm themselves, for the Crusades against their existence are not so kind.
  
^green;By the Void: Muzzle will deal damage.^reset;"	unused-or-deprecated-asset
GiC	Galaxy_in_Conflict_contents_2754886445.pak	/items/WEAPONS/LEGACY/gic_steelguardpercussionrifle/gic_steelguardpercussionrifle_npc.activeitem	/shortdescription	Steel Guard Percussion Rifle	unused-or-deprecated-asset
GiC	Galaxy_in_Conflict_contents_2754886445.pak	/items/AMMUNITION/LEGACY/OLD/gic_xme8_mag/gic_xme8_mag.item	/description	Fits in the XME-8 and its varients. 20 charges in a magazine.	unused-or-deprecated-asset
GiC	Galaxy_in_Conflict_contents_2754886445.pak	/items/AMMUNITION/LEGACY/OLD/gic_xme8_mag/gic_xme8_mag.item	/shortdescription	XME-8 Magazine	unused-or-deprecated-asset
GiC	Galaxy_in_Conflict_contents_2754886445.pak	/monsters/LEGACY/gic_otherworld_forlorn/gic_otherworld_forlorn.monstertype	/shortdescription	[Forlorn Forager]	unused-or-deprecated-asset
GiC	Galaxy_in_Conflict_contents_2754886445.pak	/monsters/LEGACY/gic_otherworld_forlorn/gic_otherworld_forlorn.monstertype	/description	Knights of old.	unused-or-deprecated-asset
GiC	Galaxy_in_Conflict_contents_2754886445.pak	/monsters/LEGACY/SECURITY/gic_bunkergunturret/gic_bunkergunturret.monstertype	/shortdescription	Autogun Turret	unused-or-deprecated-asset
GiC	Galaxy_in_Conflict_contents_2754886445.pak	/monsters/LEGACY/SECURITY/gic_bunkergunturret/gic_bunkergunturret.monstertype	/description	A security turret that uses ballistic weapons.	unused-or-deprecated-asset
GiC	Galaxy_in_Conflict_contents_2754886445.pak	/items/AMMUNITION/LEGACY/MK483/gic_mk483smaw_heaa/gic_mk483smaw_heaa.item	/description	"Mk483 High-Explosive Anti-Armor to be used in destroying armored vehicles or otherwise penetrating deep fortifications.
  
This rocket type has significantly less explosive payload than its HEDP counterpart, but also means it actively minimises collateral damage."	unused-or-deprecated-asset
GiC	Galaxy_in_Conflict_contents_2754886445.pak	/items/AMMUNITION/LEGACY/MK483/gic_mk483smaw_heaa/gic_mk483smaw_heaa.item	/shortdescription	Mk483 HE-AA	unused-or-deprecated-asset
GiC	Galaxy_in_Conflict_contents_2754886445.pak	/interface/windowconfig/LEGACY/gic_tradeterminal_largebase.config	/paneLayout/windowtitle/subtitle	  Make sharp things.	unused-or-deprecated-asset
GiC	Galaxy_in_Conflict_contents_2754886445.pak	/interface/windowconfig/LEGACY/gic_tradeterminal_largebase.config	/paneLayout/lblSchematics/value	^#b9b5b2;BLUEPRINTS	unused-or-deprecated-asset
GiC	Galaxy_in_Conflict_contents_2754886445.pak	/interface/windowconfig/LEGACY/gic_tradeterminal_largebase.config	/paneLayout/lblProducttitle/value	^#b9b5b2;PRODUCT	unused-or-deprecated-asset
GiC	Galaxy_in_Conflict_contents_2754886445.pak	/interface/windowconfig/LEGACY/gic_tradeterminal_largebase.config	/paneLayout/lblProduct/value	MATERIALS AVAILABLE	unused-or-deprecated-asset
GiC	Galaxy_in_Conflict_contents_2754886445.pak	/interface/windowconfig/LEGACY/gic_tradeterminal_largebase.config	/paneLayout/scrollArea/children/itemList/schema/listTemplate/itemName/value	Replace Me	unused-or-deprecated-asset
GiC	Galaxy_in_Conflict_contents_2754886445.pak	/items/AMMUNITION/LEGACY/gic_stormstubber_1270x108mm_mag/gic_stormstubber_1270x108mm_mag.item	/description	Fits any compatible Storm Stubber weapons. 20rnd Magazine.	unused-or-deprecated-asset
GiC	Galaxy_in_Conflict_contents_2754886445.pak	/items/AMMUNITION/LEGACY/gic_stormstubber_1270x108mm_mag/gic_stormstubber_1270x108mm_mag.item	/shortdescription	Storm Stubber 12.7x108mm 20rnd Magazine	unused-or-deprecated-asset
GiC	Galaxy_in_Conflict_contents_2754886445.pak	/quests/UNUSED/gic_luftbrenner_endless_quest.questtemplate	/title	^green;Luftbrenner (Endless) Gamemode Unlocked!	unused-or-deprecated-asset
GiC	Galaxy_in_Conflict_contents_2754886445.pak	/interface/windowconfig/gic_humanfoodshop_tradeterminal.config	/paneLayout/scrollArea/children/itemList/schema/listTemplate/itemName/value	Replace Me	template-placeholder
GiC	Galaxy_in_Conflict_contents_2754886445.pak	/interface/windowconfig/WORKSTATION/gic_production_workbench.config	/paneLayout/scrollArea/children/itemList/schema/listTemplate/itemName/value	Replace Me	template-placeholder
GiC	Galaxy_in_Conflict_contents_2754886445.pak	/interface/warping/LEGACY/gic_assaulttotakeover.config	/destinations/0/name	Part 4: The Takeover	unused-or-deprecated-asset
GiC	Galaxy_in_Conflict_contents_2754886445.pak	/items/SHIELDS/LEGACY/gic_highlander_targe/gic_highlander_targe.activeitem	/description	"''If I were to pick up this cowering-plate, I would have to put down my second sword,'' a Scotsman thinks. ''And surely that is madness.''

^yellow;Knightly Demolitionist: 0.5s PARRY WINDOW | 5HP BLOCK.^reset;
^#D6DFFF;+50% fire damage resistance on wearer.^white;
^#D6DFFF;+30% explosive damage resistance on wearer.^reset;
^#orange;Moving at great speeds and colliding with an enemy will deal heightened damage based on the speed of the user.^reset;"	unused-or-deprecated-asset
GiC	Galaxy_in_Conflict_contents_2754886445.pak	/items/SHIELDS/LEGACY/gic_highlander_targe/gic_highlander_targe.activeitem	/shortdescription	Highlander Targe	unused-or-deprecated-asset
GiC	Galaxy_in_Conflict_contents_2754886445.pak	/items/WEAPONS/LEGACY/gic_g218/gic_g218_onehanded.activeitem	/description	LEGACY ITEM - This is a pre-v4.0 item and you should not be seeing this unless you have an older save. This item may no longer work. Please find a post-v4.0 item equivalent for its updated code and delete this item.	unused-or-deprecated-asset
GiC	Galaxy_in_Conflict_contents_2754886445.pak	/items/WEAPONS/LEGACY/gic_g218/gic_g218_onehanded.activeitem	/shortdescription	[LEGACY ITEM]	unused-or-deprecated-asset
GiC	Galaxy_in_Conflict_contents_2754886445.pak	/items/WEAPONS/LEGACY/gic_sbrl24/gic_sbrl24_onehanded.activeitem	/description	An incredibly simple rocket launcher unfit for general modern use. Whilst relatively simple to use and maintain, these weapons lack advanced sighting or proper fittings for more advanced types of ammunition. It's almost as if these weapons weren't produced locally, but rather dumped as a stop-gap measure to at least allow for some measure of anti-tank warfare should the need arise. Uses M20H9 rockets, which are also highly effective against infantry.	unused-or-deprecated-asset
GiC	Galaxy_in_Conflict_contents_2754886445.pak	/items/WEAPONS/LEGACY/gic_sbrl24/gic_sbrl24_onehanded.activeitem	/shortdescription	Smooth-Bore Rocket Launcher 24	unused-or-deprecated-asset
GiC	Galaxy_in_Conflict_contents_2754886445.pak	/monsters/LEGACY/BLOOD_YOUKAI/gic_bloodyoukai_airborne_riflewoman/gic_bloodyoukai_airborne_riflewoman_static.monstertype	/shortdescription	Blood Youkai Rifle-Woman Static	unused-or-deprecated-asset
GiC	Galaxy_in_Conflict_contents_2754886445.pak	/monsters/LEGACY/BLOOD_YOUKAI/gic_bloodyoukai_airborne_riflewoman/gic_bloodyoukai_airborne_riflewoman_static.monstertype	/description	The skin appears to be made of stone.	unused-or-deprecated-asset
GiC	Galaxy_in_Conflict_contents_2754886445.pak	/monsters/LEGACY/PROTECTORATE/gic_undyingprotectorateadventurer/gic_undyingprotectorateadventurer_reviving.monstertype	/shortdescription	[Undying Protectorate Adventurer]	unused-or-deprecated-asset
GiC	Galaxy_in_Conflict_contents_2754886445.pak	/monsters/LEGACY/PROTECTORATE/gic_undyingprotectorateadventurer/gic_undyingprotectorateadventurer_reviving.monstertype	/description	Knights of old.	unused-or-deprecated-asset
GiC	Galaxy_in_Conflict_contents_2754886445.pak	/interface/windowconfig/gic_humanrestaurant_craftingfood.config	/paneLayout/scrollArea/children/itemList/schema/listTemplate/itemName/value	Replace Me	template-placeholder
GiC	Galaxy_in_Conflict_contents_2754886445.pak	/items/AMMUNITION/LEGACY/STANAG_KOLONIYA/gic_stanag_koloniya_770x56mm_mag.item	/description	Fits any compatible CCR-Platform weapons of the 7.7x56mm caliber. 20 round magazine.	unused-or-deprecated-asset
GiC	Galaxy_in_Conflict_contents_2754886445.pak	/items/AMMUNITION/LEGACY/STANAG_KOLONIYA/gic_stanag_koloniya_770x56mm_mag.item	/shortdescription	STANAG-KOLONIYA 7.7x56mm	unused-or-deprecated-asset
GiC	Galaxy_in_Conflict_contents_2754886445.pak	/monsters/LEGACY/MEGA_LEGACY/gic_downsun_helicopter/gic_downsun_helicopter.monstertype	/shortdescription	[Downsun Absolute Unit]	unused-or-deprecated-asset
GiC	Galaxy_in_Conflict_contents_2754886445.pak	/monsters/LEGACY/MEGA_LEGACY/gic_downsun_helicopter/gic_downsun_helicopter.monstertype	/description	Last of their kind.	unused-or-deprecated-asset
GiC	Galaxy_in_Conflict_contents_2754886445.pak	/items/WEAPONS/LEGACY/gic_rk6/gic_rk6.activeitem	/description	"''Who are the Resigans? It's where the Alliance of Independent Systems were born. The United Systems were getting too big for their own good and opted to split the nation in half. It saved them, but it can only last so long.''

5.45x39mm Resigan Assault Rifle K-designation, variant 6. Accepts AK 5.45x39mm magazines.

^green;Hold down ""Alt Fire"" to switch between Full Auto and Semi-Auto.^reset;"	unused-or-deprecated-asset
GiC	Galaxy_in_Conflict_contents_2754886445.pak	/items/UNUSED/REMNANTS/gic_remnant_tyrantjudge.item	/description	"A tainted remnant of the Tyrant Judge, a fragmented avatar of the Great Yamaxanadu.
The Tyrant Judge, as she was so-called, was ultimately a disjointed personality created from the One True Yamaxanadu created to hold the tide of Abyssal forces from outright wiping worlds that had an excess of psychic potential. Tragically, her efforts would often be for naught as humanity would still find a way to worsen their own state through petty conflicts.
^#FFE460;Trade at a Soulsmith to transform into something greater.^reset;"	unused-or-deprecated-asset
GiC	Galaxy_in_Conflict_contents_2754886445.pak	/items/UNUSED/REMNANTS/gic_remnant_tyrantjudge.item	/shortdescription	Remnant of the Tyrant Judge	unused-or-deprecated-asset
GiC	Galaxy_in_Conflict_contents_2754886445.pak	/items/WEAPONS/RANGED/BLACKPOWDER/LEGACY/gic_nagashinomatchlock/gic_nagashinomatchlock.activeitem	/description	"''Imagawa has 40 000 men marching toward this place? I don't believe that. He 'only' has 25 000 soldiers. Yes, that is still too many. So, Sado, you want me to surrender. What if we do surrender? Will you get content with losing your life that way?''

^#DD765F;HIT CHANCE replaced with CRIT CHANCE (all projectiles always hit). CRIT Shots have different effects based on the shot.^reset; Uses 20mm Musket Ball and Shot."	unused-or-deprecated-asset
GiC	Galaxy_in_Conflict_contents_2754886445.pak	/items/WEAPONS/RANGED/BLACKPOWDER/LEGACY/gic_nagashinomatchlock/gic_nagashinomatchlock.activeitem	/shortdescription	Nagashino Matchlock	unused-or-deprecated-asset
GiC	Galaxy_in_Conflict_contents_2754886445.pak	/monsters/LEGACY/MEGA_LEGACY/gic_ixolingrider/gic_ixolingrider.monstertype	/shortdescription	[Ixoling Rider]	unused-or-deprecated-asset
GiC	Galaxy_in_Conflict_contents_2754886445.pak	/monsters/LEGACY/MEGA_LEGACY/gic_ixolingrider/gic_ixolingrider.monstertype	/description	Only the strong survive.	unused-or-deprecated-asset
GiC	Galaxy_in_Conflict_contents_2754886445.pak	/items/WEAPONS/LEGACY/DEPRECATED_SPECIAL/gic_psychic_translocator/gic_strangepucklauncher.activeitem	/description	"Looks like someone affixed a crystalline wand over an antiquated dragon pistol. But the pistol's receiver and hammer are connected to a spring system designed to launch a puck. Said puck is of a material consistent with the crystals of the wand. While it may function on different principles, it achieves the same effect as a Translocator Beacon launcher.

^yellow;Translocator Beacon lasts 20 seconds.
^#D6DFFF;[ALT-FIRE] to teleport to the Beacon."	unused-or-deprecated-asset
GiC	Galaxy_in_Conflict_contents_2754886445.pak	/items/WEAPONS/LEGACY/DEPRECATED_SPECIAL/gic_psychic_translocator/gic_strangepucklauncher.activeitem	/shortdescription	Strange Puck Launcher	unused-or-deprecated-asset
GiC	Galaxy_in_Conflict_contents_2754886445.pak	/items/WEAPONS/LEGACY/gic_sova545/gic_sova545.activeitem	/description	Semi-automatic hunting carbine of the 5.45x39mm caliber. It was created on the platform of the United Systems Model (USM) and has identical appearance, weight and dimensions. Designed for professional and amateur hunting of small game, as well as sporting use. Hammer type firing mechanism administers single shots only.	unused-or-deprecated-asset
GiC	Galaxy_in_Conflict_contents_2754886445.pak	/quests/UNUSED/gic_khurtovyna_dealer_repeatable.questtemplate	/title	^orange;Document Hunting [Repeatable]	unused-or-deprecated-asset
GiC	Galaxy_in_Conflict_contents_2754886445.pak	/interface/warping/LEGACY/gic_leedscharge_3_4.config	/destinations/0/name	Part 2: Speed or Strength?	unused-or-deprecated-asset
GiC	Galaxy_in_Conflict_contents_2754886445.pak	/behaviors/crew/gic_noinspectcrew.behavior	/root/children/1/children/0/title	Tenant Baseline Behavior	behavior-tree-parameter
GiC	Galaxy_in_Conflict_contents_2754886445.pak	/behaviors/crew/gic_noinspectcrew.behavior	/root/children/1/children/0/name	Tenant Baseline Behavior	behavior-tree-parameter
GiC	Galaxy_in_Conflict_contents_2754886445.pak	/behaviors/crew/gic_noinspectcrew.behavior	/root/children/1/children/10/title	NPC Idle	behavior-tree-parameter
GiC	Galaxy_in_Conflict_contents_2754886445.pak	/behaviors/crew/gic_noinspectcrew.behavior	/root/children/1/children/10/name	NPC Idle	behavior-tree-parameter
GiC	Galaxy_in_Conflict_contents_2754886445.pak	/monsters/ANOMALIES/LEGACY/gic_wildlands_anthrolynx/gic_wildlands_anthrolynx.monstertype	/shortdescription	[Anthro-Lynx]	unused-or-deprecated-asset
GiC	Galaxy_in_Conflict_contents_2754886445.pak	/monsters/ANOMALIES/LEGACY/gic_wildlands_anthrolynx/gic_wildlands_anthrolynx.monstertype	/description	Knights of old.	unused-or-deprecated-asset
GiC	Galaxy_in_Conflict_contents_2754886445.pak	/monsters/BRIGHT/LEGACY/gic_otherworld_possessedaxethrower/gic_otherworld_possessedaxethrower.monstertype	/shortdescription	[Possessed Axe-Thrower]	unused-or-deprecated-asset
GiC	Galaxy_in_Conflict_contents_2754886445.pak	/monsters/BRIGHT/LEGACY/gic_otherworld_possessedaxethrower/gic_otherworld_possessedaxethrower.monstertype	/description	Knights of old.	unused-or-deprecated-asset
GiC	Galaxy_in_Conflict_contents_2754886445.pak	/monsters/LEGACY/gic_greatswordwarrior/gic_greatswordwarrior.monstertype	/shortdescription	[Linebreaker, The Greatsword Guardsman]	unused-or-deprecated-asset
GiC	Galaxy_in_Conflict_contents_2754886445.pak	/monsters/LEGACY/gic_greatswordwarrior/gic_greatswordwarrior.monstertype	/description	SOLDIER OF RICK-GOD	unused-or-deprecated-asset
GiC	Galaxy_in_Conflict_contents_2754886445.pak	/monsters/LEGACY/FLORAN/gic_floran_yariashigaru/gic_floran_yariashigaru_playersummon.monstertype	/shortdescription	[Floran Yari Ashigaru]	unused-or-deprecated-asset
GiC	Galaxy_in_Conflict_contents_2754886445.pak	/monsters/LEGACY/FLORAN/gic_floran_yariashigaru/gic_floran_yariashigaru_playersummon.monstertype	/description	Knights of old.	unused-or-deprecated-asset
GiC	Galaxy_in_Conflict_contents_2754886445.pak	/codex/LEGACY/UNITED_SYSTEMS/gic_unitedsystems_anomalousblackmarket/gic_unitedsystems_anomalousblackmarket.codex	/title	US-D16 Black Market Summary	unused-or-deprecated-asset
GiC	Galaxy_in_Conflict_contents_2754886445.pak	/codex/LEGACY/UNITED_SYSTEMS/gic_unitedsystems_anomalousblackmarket/gic_unitedsystems_anomalousblackmarket.codex	/description	Awareness of a growing black market for the occult.	unused-or-deprecated-asset
GiC	Galaxy_in_Conflict_contents_2754886445.pak	/items/WEAPONS/LEGACY/DEPRECATED_SPECIAL/gic_mustangandsally/gic_mustang.activeitem	/description	"''I am no hero, nor a coward. I will remain focused and vigilant, until the evils of this world have been vanquished, until my men have been avenged.''
  
The gun is a lot thicker than it looks. Uses custom M&S 25rnd magazines.
  
^orange;Torque Shot: Hold [SHIFT] for 0.2s to enter FOCUS MODE. Releasing will fire a bullet capable of cleanly piercing through multiple walls."	unused-or-deprecated-asset
GiC	Galaxy_in_Conflict_contents_2754886445.pak	/items/WEAPONS/LEGACY/DEPRECATED_SPECIAL/gic_mustangandsally/gic_mustang.activeitem	/shortdescription	^#EA3C0B;''Mustang''	unused-or-deprecated-asset
GiC	Galaxy_in_Conflict_contents_2754886445.pak	/monsters/LEGACY/PROTECTORATE/gic_protectorate_airborne_jumpdiver/gic_protectorate_airborne_jumpdiver.monstertype	/shortdescription	Protectorate Jump Diver	unused-or-deprecated-asset
GiC	Galaxy_in_Conflict_contents_2754886445.pak	/monsters/LEGACY/PROTECTORATE/gic_protectorate_airborne_jumpdiver/gic_protectorate_airborne_jumpdiver.monstertype	/description	Some sort of anomaly. Reacts violently.	unused-or-deprecated-asset
GiC	Galaxy_in_Conflict_contents_2754886445.pak	/items/AMMUNITION/LEGACY/STANAG_FEDERATSIYA/gic_20rnd_stanag_556x45mm_mag.item	/description	The original AR magazine. Extensively used during the American Vietnam War due to the technical restraints of the era. The now standard 30 round mags wouldn't go on to see widespread use until the mid to late 70's, well after the end of the war. These mags still tend to pop up & are used by small colonial armies on an extreme budget & law enforcement. Only compatible with the XM177 Commando.	unused-or-deprecated-asset
GiC	Galaxy_in_Conflict_contents_2754886445.pak	/items/AMMUNITION/LEGACY/STANAG_FEDERATSIYA/gic_20rnd_stanag_556x45mm_mag.item	/shortdescription	STANAG NATO 5.56 20rnd	unused-or-deprecated-asset
GiC	Galaxy_in_Conflict_contents_2754886445.pak	/codex/LEGACY/NEWSPAPER/News_Watch/gic_nw_2/gic_nw_2.codex	/title	NewsWatch #2	unused-or-deprecated-asset
GiC	Galaxy_in_Conflict_contents_2754886445.pak	/codex/LEGACY/NEWSPAPER/News_Watch/gic_nw_2/gic_nw_2.codex	/description	[13th November, 2821]	unused-or-deprecated-asset
GiC	Galaxy_in_Conflict_contents_2754886445.pak	/codex/LEGACY/TYLIAN/gic_tylian_uscmwar.codex	/title	On the USCM's War	unused-or-deprecated-asset
GiC	Galaxy_in_Conflict_contents_2754886445.pak	/codex/LEGACY/TYLIAN/gic_tylian_uscmwar.codex	/description	[Tylian, 57th, Month of Trials]	unused-or-deprecated-asset
GiC	Galaxy_in_Conflict_contents_2754886445.pak	/monsters/LEGACY/FLORAN/gic_greenfinger_hwacha/gic_greenfinger_hwacha.monstertype	/shortdescription	Greenfinger Hwacha	unused-or-deprecated-asset
GiC	Galaxy_in_Conflict_contents_2754886445.pak	/monsters/LEGACY/FLORAN/gic_greenfinger_hwacha/gic_greenfinger_hwacha.monstertype	/description	Siege Weapon	unused-or-deprecated-asset
GiC	Galaxy_in_Conflict_contents_2754886445.pak	/monsters/ANOMALIES/LEGACY/gic_khurtovyna_watcher/gic_khurtovyna_watcher.monstertype	/shortdescription	[Watcher]	unused-or-deprecated-asset
GiC	Galaxy_in_Conflict_contents_2754886445.pak	/monsters/ANOMALIES/LEGACY/gic_khurtovyna_watcher/gic_khurtovyna_watcher.monstertype	/description	Some sort of anomaly.	unused-or-deprecated-asset
GiC	Galaxy_in_Conflict_contents_2754886445.pak	/interface/windowconfig/gic_springfieldbar.config	/paneLayout/scrollArea/children/itemList/schema/listTemplate/itemName/value	Replace Me	template-placeholder
GiC	Galaxy_in_Conflict_contents_2754886445.pak	/npcs/UNUSED/VEHICLECAPABLE/gic_sika_copilot.npctype	/scriptConfig/crew/role/name	Sika WSO Specialist	unused-or-deprecated-asset
GiC	Galaxy_in_Conflict_contents_2754886445.pak	/codex/LEGACY/GUN_INFORMATION/gic_capstoneceleronad/gic_capstoneceleronad.codex	/title	Capstone Weapons: Celeron	unused-or-deprecated-asset
GiC	Galaxy_in_Conflict_contents_2754886445.pak	/monsters/LEGACY/ERCHIUS/gic_afflictedwalker_husk/gic_afflictedwalker_husk.monstertype	/description	This wandering creature might've been a person once...	unused-or-deprecated-asset
GiC	Galaxy_in_Conflict_contents_2754886445.pak	/items/AMMUNITION/LEGACY/OLD/gic_em2_mag/gic_em2_mag.item	/description	Fits in the US. Model EM2. 8 rounds in a magazine.	unused-or-deprecated-asset
GiC	Galaxy_in_Conflict_contents_2754886445.pak	/items/AMMUNITION/LEGACY/OLD/gic_em2_mag/gic_em2_mag.item	/shortdescription	Model EM2 Magazine	unused-or-deprecated-asset
GiC	Galaxy_in_Conflict_contents_2754886445.pak	/monsters/LEGACY/UNITED_SYSTEMS/gic_moonrabbit_lunarbattlefield_riflewoman/gic_moonrabbit_lunarbattlefield_riflewoman.monstertype	/shortdescription	[Moon Rabbit Lunar Battlefield Riflewoman]	unused-or-deprecated-asset
GiC	Galaxy_in_Conflict_contents_2754886445.pak	/monsters/LEGACY/UNITED_SYSTEMS/gic_moonrabbit_lunarbattlefield_riflewoman/gic_moonrabbit_lunarbattlefield_riflewoman.monstertype	/description	Knights of old.	unused-or-deprecated-asset
GiC	Galaxy_in_Conflict_contents_2754886445.pak	/monsters/LEGACY/UNITED_SYSTEMS/gic_augmentyr_airborne_serviceskull/gic_augmentyr_airborne_serviceskull_returningshot.monstertype	/shortdescription	Augmentyr Service Skull	unused-or-deprecated-asset
GiC	Galaxy_in_Conflict_contents_2754886445.pak	/monsters/LEGACY/UNITED_SYSTEMS/gic_augmentyr_airborne_serviceskull/gic_augmentyr_airborne_serviceskull_returningshot.monstertype	/description	Some sort of anomaly. Reacts violently.	unused-or-deprecated-asset
GiC	Galaxy_in_Conflict_contents_2754886445.pak	/items/AMMUNITION/LEGACY/gic_bastardgun_545x15mm_mag/gic_bastardgun_545x15mm_mag.item	/description	A magazine for the scavenger's bastard gun. 30 rounds.	unused-or-deprecated-asset
GiC	Galaxy_in_Conflict_contents_2754886445.pak	/items/AMMUNITION/LEGACY/gic_bastardgun_545x15mm_mag/gic_bastardgun_545x15mm_mag.item	/shortdescription	Bastard Gun 5.45x15mm Magazine	unused-or-deprecated-asset
GiC	Galaxy_in_Conflict_contents_2754886445.pak	/codex/LEGACY/MISSIONS/INDEPENDENT/1_1_JIANGSHICANYON/gic_ic11_deathcount.codex	/title	IC11 - Death Count	unused-or-deprecated-asset
GiC	Galaxy_in_Conflict_contents_2754886445.pak	/codex/LEGACY/MISSIONS/INDEPENDENT/1_1_JIANGSHICANYON/gic_ic11_deathcount.codex	/description	Independent Chapter 1-1-DC	unused-or-deprecated-asset
GiC	Galaxy_in_Conflict_contents_2754886445.pak	/monsters/LEGACY/gic_otherworld_seija/gic_otherworld_seija.monstertype	/shortdescription	[Pilgrim of the East]	unused-or-deprecated-asset
GiC	Galaxy_in_Conflict_contents_2754886445.pak	/monsters/LEGACY/gic_otherworld_seija/gic_otherworld_seija.monstertype	/description	Knights of old.	unused-or-deprecated-asset
GiC	Galaxy_in_Conflict_contents_2754886445.pak	/codex/LEGACY/Global_Earth_News/gic_gen_2/gic_gen_2.codex	/title	Earth Newspaper Headline #2	unused-or-deprecated-asset
GiC	Galaxy_in_Conflict_contents_2754886445.pak	/items/WEAPONS/LEGACY/DEPRECATED_SPECIAL/gic_realmlockfirelance/gic_realmlockfirelance.activeitem	/description	A blunt stick equipped with a shortened Realmlock Jezail. Loaded with realmlock pellets.	unused-or-deprecated-asset
GiC	Galaxy_in_Conflict_contents_2754886445.pak	/items/WEAPONS/LEGACY/DEPRECATED_SPECIAL/gic_realmlockfirelance/gic_realmlockfirelance.activeitem	/shortdescription	Realmlock Jezail	unused-or-deprecated-asset
GiC	Galaxy_in_Conflict_contents_2754886445.pak	/codex/LEGACY/FLORAN_LIBERATION_FRONT/gic_floranliberationfront_theprimitivelie/gic_floranliberationfront_theprimitivelie.codex	/title	FLF - The Primitives Lie	unused-or-deprecated-asset
GiC	Galaxy_in_Conflict_contents_2754886445.pak	/codex/LEGACY/FLORAN_LIBERATION_FRONT/gic_floranliberationfront_theprimitivelie/gic_floranliberationfront_theprimitivelie.codex	/description	Death to the Primitives.	unused-or-deprecated-asset
GiC	Galaxy_in_Conflict_contents_2754886445.pak	/interface/windowconfig/gic_automatedtransfermachine.config	/paneLayout/scrollArea/children/itemList/schema/listTemplate/itemName/value	Replace Me	template-placeholder
GiC	Galaxy_in_Conflict_contents_2754886445.pak	/items/WEAPONS/LEGACY/gic_mk483smaw/gic_mk483smaw_npc.activeitem	/description	"''We were always selected by our sergeant and our leaders to do the firing because they wanted to see the explosion, you know, they wanted to see the target get hit.''
  
Mk483 Shoulder-Launched Multipurpose Assault Weapon. Loads either Mk483 High-Explosive Dual-Purpose which has destructive capabilities, or Mk483 High-Explosive Anti-Armor designated for use against enemy armor."	unused-or-deprecated-asset
GiC	Galaxy_in_Conflict_contents_2754886445.pak	/items/WEAPONS/LEGACY/gic_mk483smaw/gic_mk483smaw_npc.activeitem	/shortdescription	Mk483 SMAW	unused-or-deprecated-asset
GiC	Galaxy_in_Conflict_contents_2754886445.pak	/items/SHIELDS/LEGACY/gic_wolfknights_greatshield/gic_wolfknights_greatshield_draft.activeitem	/description	"The White Wolves seldom used Greatshields, reserving the heavier equipment for the protection and rescue of lone pups, and to push back against threats to whatever new home they've found among humans.

^#B24A5A;Abyss-Walker: +0.5% HP regeneration when equipped in either hand | 600hp blocking power.^white;  
^#D6DFFF;Shield Bash: Moving at great speeds and colliding with an enemy will deal damage based on the speed of the user.^white;"	unused-or-deprecated-asset
GiC	Galaxy_in_Conflict_contents_2754886445.pak	/items/SHIELDS/LEGACY/gic_wolfknights_greatshield/gic_wolfknights_greatshield_draft.activeitem	/shortdescription	Wolf-Knight's Scutum	unused-or-deprecated-asset
GiC	Galaxy_in_Conflict_contents_2754886445.pak	/vehicles/LEGACY/gic_sika_helicopter_civilian/gic_sika_helicopter_civilian.vehicle	/repairTextConfig/actionOnReap/0/specification/text	^green;+100 HP^reset;	unused-or-deprecated-asset
GiC	Galaxy_in_Conflict_contents_2754886445.pak	/codex/LEGACY/THE_WAR_ON_MARS/HUB/gic_twom_thewarringtunnels/gic_twom_thewarringtunnels.codex	/title	[PH] The Warring Tunnels	unused-or-deprecated-asset
GiC	Galaxy_in_Conflict_contents_2754886445.pak	/quests/STORY/LEGACY/ESTHER/LIONHEART/gic_esther_chapter_4_mansion_lionheart.questtemplate	/title	^#D1FFDE;Lionheart's Distant Bloodline	unused-or-deprecated-asset
GiC	Galaxy_in_Conflict_contents_2754886445.pak	/monsters/LEGACY/UNITED_SYSTEMS/gic_division16_hallowedcity_rifleman/gic_division16_hallowedcity_rifleman.monstertype	/shortdescription	[Division 16 Hallowed City Soldier]	unused-or-deprecated-asset
GiC	Galaxy_in_Conflict_contents_2754886445.pak	/monsters/LEGACY/UNITED_SYSTEMS/gic_division16_hallowedcity_rifleman/gic_division16_hallowedcity_rifleman.monstertype	/description	Knights of old.	unused-or-deprecated-asset
GiC	Galaxy_in_Conflict_contents_2754886445.pak	/behaviors/TEST_OLD/NPC_TEST/gic_roam.behavior	/root/children/0/children/1/title	Go inside	behavior-tree-parameter
GiC	Galaxy_in_Conflict_contents_2754886445.pak	/behaviors/TEST_OLD/NPC_TEST/gic_roam.behavior	/root/children/0/children/2/title	Go outside	behavior-tree-parameter
GiC	Galaxy_in_Conflict_contents_2754886445.pak	/behaviors/TEST_OLD/NPC_TEST/gic_roam.behavior	/root/children/0/children/3/title	Wander but stay indoors/outdoors	behavior-tree-parameter
GiC	Galaxy_in_Conflict_contents_2754886445.pak	/behaviors/TEST_OLD/NPC_TEST/gic_roam.behavior	/root/children/0/children/3/children/2/child/children/0/title	Stay inside/outside	behavior-tree-parameter
GiC	Galaxy_in_Conflict_contents_2754886445.pak	/behaviors/TEST_OLD/NPC_TEST/gic_roam.behavior	/root/children/0/children/3/children/2/child/children/0/children/1/children/0/title	Both inside	behavior-tree-parameter
GiC	Galaxy_in_Conflict_contents_2754886445.pak	/behaviors/TEST_OLD/NPC_TEST/gic_roam.behavior	/root/children/0/children/3/children/2/child/children/0/children/1/children/1/title	Both outside	behavior-tree-parameter
GiC	Galaxy_in_Conflict_contents_2754886445.pak	/behaviors/TEST_OLD/NPC_TEST/gic_roam.behavior	/root/children/0/children/3/children/2/child/children/4/child/parameters/time/value	<wanderTime>	behavior-tree-parameter
GiC	Galaxy_in_Conflict_contents_2754886445.pak	/behaviors/TEST_OLD/NPC_TEST/gic_roam.behavior	/root/children/2/parameters/time/value	<idleTime>	behavior-tree-parameter
GiC	Galaxy_in_Conflict_contents_2754886445.pak	/items/WEAPONS/LEGACY/gic_usm60_psychic/gic_usm60_psychic.activeitem	/description	"NPC-only weapon that is visually 2-handed.

^green;Hold down ""Alt Fire"" to switch between Full Auto and Semi-Auto.^reset;"	unused-or-deprecated-asset
GiC	Galaxy_in_Conflict_contents_2754886445.pak	/items/WEAPONS/LEGACY/DEPRECATED_SPECIAL/gic_owlhunterscrossbow/gic_owlhunterscrossbow.activeitem	/description	"''Everyone always says they can fashion shit from junk from their mother's arse. That they can sooo easily do it. Yeah, so why don't you make it, huh? Fuckin' city-folk...''

^#688686;I SAID GET BACK: Heavy Knockback and Bleeding in every shot.^reset;
^#D6AF8B;Can only use custom Owl-Hunter Bolts.^reset;
^yellow;Heat Overcharging: Direct hits lower enemy attack power by 50%"	unused-or-deprecated-asset
GiC	Galaxy_in_Conflict_contents_2754886445.pak	/items/WEAPONS/LEGACY/DEPRECATED_SPECIAL/gic_owlhunterscrossbow/gic_owlhunterscrossbow.activeitem	/shortdescription	Owl Hunter's Crossbow	unused-or-deprecated-asset
GiC	Galaxy_in_Conflict_contents_2754886445.pak	/items/AMMUNITION/LEGACY/OLD/gic_syberm4_mag/gic_syberm4_mag.item	/description	Fits in the Syber M4 and its varients. 28 rounds in a magazine.	unused-or-deprecated-asset
GiC	Galaxy_in_Conflict_contents_2754886445.pak	/items/AMMUNITION/LEGACY/OLD/gic_syberm4_mag/gic_syberm4_mag.item	/shortdescription	Syber M4 Magazine	unused-or-deprecated-asset
GiC	Galaxy_in_Conflict_contents_2754886445.pak	/monsters/LEGACY/UNITED_SYSTEMS/gic_genecultist_slinger/gic_genecultist_slinger.monstertype	/shortdescription	[Gene-Cultist Slinger]	unused-or-deprecated-asset
GiC	Galaxy_in_Conflict_contents_2754886445.pak	/monsters/LEGACY/UNITED_SYSTEMS/gic_genecultist_slinger/gic_genecultist_slinger.monstertype	/description	Knights of old.	unused-or-deprecated-asset
GiC	Galaxy_in_Conflict_contents_2754886445.pak	/interface/windowconfig/COOKING/gic_cooking_civilwar_cookstove.config	/paneLayout/scrollArea/children/itemList/schema/listTemplate/itemName/value	Replace Me	template-placeholder
GiC	Galaxy_in_Conflict_contents_2754886445.pak	/quests/STORY/LEGACY/ESTHER/LIONHEART/gic_esther_chapter_3_lionheart.questtemplate	/title	^#D1FFDE;The Cursed	unused-or-deprecated-asset
GiC	Galaxy_in_Conflict_contents_2754886445.pak	/monsters/LEGACY/MEGA_LEGACY/gic_goshawk_colonial_flyer/gic_goshawk_colonial_flyer.monstertype	/description	Hostile aircraft	unused-or-deprecated-asset
GiC	Galaxy_in_Conflict_contents_2754886445.pak	/items/SHIELDS/LEGACY/gic_afflicted_riotshield/gic_afflicted_riotshield_npc.activeitem	/description	"A bullet-resistant riot shield reinforced with metal frames and a shield boss to better protect against strikes.

^#D6DFFF;Shield Bash: Moving at great speeds and colliding with an enemy will deal damage based on the speed of the user. Deals higher bash damage compared to other greatshields. No perfect-block.^white;"	unused-or-deprecated-asset
GiC	Galaxy_in_Conflict_contents_2754886445.pak	/items/SHIELDS/LEGACY/gic_afflicted_riotshield/gic_afflicted_riotshield_npc.activeitem	/shortdescription	Afflicted Riot Shield NPC	unused-or-deprecated-asset
GiC	Galaxy_in_Conflict_contents_2754886445.pak	/codex/LEGACY/TUTORIAL/gic_munitionsworkbench_mortalshellguide/gic_munitionsworkbench_mortalshell_arthur_guide.codex	/title	GIC: Arthur, The Venerable	unused-or-deprecated-asset
GiC	Galaxy_in_Conflict_contents_2754886445.pak	/codex/LEGACY/TUTORIAL/gic_munitionsworkbench_mortalshellguide/gic_munitionsworkbench_mortalshell_arthur_guide.codex	/description	Guide to Arthur, The Venerable	unused-or-deprecated-asset
GiC	Galaxy_in_Conflict_contents_2754886445.pak	/codex/LEGACY/SKYBURNER/gic_skyburner_chapter6/gic_skyburner_chapter6.codex	/title	Skyburner: Chapter 6	unused-or-deprecated-asset
GiC	Galaxy_in_Conflict_contents_2754886445.pak	/objects/MISSIONS/LEGACY/gic_esther_chapter_1_lionheart/gic_esther_chapter_2_lionheart.object	/interactData/paneLayoutOverride/windowtitle/title	  Lionheart, The Cunning	unused-or-deprecated-asset
GiC	Galaxy_in_Conflict_contents_2754886445.pak	/objects/MISSIONS/LEGACY/gic_esther_chapter_1_lionheart/gic_esther_chapter_2_lionheart.object	/interactData/paneLayoutOverride/windowtitle/subtitle	  He who gives those a kick towards victory.	unused-or-deprecated-asset
GiC	Galaxy_in_Conflict_contents_2754886445.pak	/items/SHIELDS/LEGACY/gic_amanojakusrepentance_greatshield/gic_amanojakusrepentance_greatshield.activeitem	/description	As the last of her kind that remained in the frigid wastes, she would take up the mantle of lordship to a dying populace. The Amanojaku risked everything and fought unflinchingly as a one-woman vanguard. Following the loss of the one she wished to protect, she forsook her shield. ^Yellow;Inchling Defender: 300HP STABILITY | 50% DEF.^white; ^#D6DFFF;Strategic Suffering: When taking 150HP or greater damage: Heals 250HP over 5s^reset; | ^yellow;30s cooldown.^reset; ^Orange;Effect procs even if incoming damage is reduced to below 150HP due to a block (DMG must still be 150+ before block calc).^white;	unused-or-deprecated-asset
GiC	Galaxy_in_Conflict_contents_2754886445.pak	/items/SHIELDS/LEGACY/gic_amanojakusrepentance_greatshield/gic_amanojakusrepentance_greatshield.activeitem	/shortdescription	Amanojaku's Regret	unused-or-deprecated-asset
GiC	Galaxy_in_Conflict_contents_2754886445.pak	/items/WEAPONS/LEGACY/DEPRECATED_SPECIAL/gic_riotstunspear_javelin/gic_riotstunspear_javelin_broken.item	/description	"^red;A discharged Riot Stun Spear. Cannot be used as-is and must be recharged or repaired at a Munitions Workbench.^reset;

Riot Stun Spears were notorious for being utterly useless in the face of actual spears, let alone firearms. Peace and pacifism often begets such ineffectual tools. Its utility still finds its way into the kits of Survivalists though, and serves just as well against wild animals as much as the animals of urban jungles."	unused-or-deprecated-asset
GiC	Galaxy_in_Conflict_contents_2754886445.pak	/items/WEAPONS/LEGACY/DEPRECATED_SPECIAL/gic_riotstunspear_javelin/gic_riotstunspear_javelin_broken.item	/shortdescription	Discharged Riot Stun Spear	unused-or-deprecated-asset
GiC	Galaxy_in_Conflict_contents_2754886445.pak	/codex/LEGACY/SKYBURNER/gic_skyburner_chapter2/gic_skyburner_chapter2.codex	/title	Skyburner: Chapter 2	unused-or-deprecated-asset
GiC	Galaxy_in_Conflict_contents_2754886445.pak	/objects/MISSIONS/LEGACY/gic_luftbrenner_endless/gic_luftbrenner_endless.object	/apexDescription	Planes? Alright... Arcade-styled? What?	unused-or-deprecated-asset
GiC	Galaxy_in_Conflict_contents_2754886445.pak	/objects/MISSIONS/LEGACY/gic_luftbrenner_endless/gic_luftbrenner_endless.object	/avianDescription	Dear Kluex.... I'll finally be able to fly after all these years!	unused-or-deprecated-asset
GiC	Galaxy_in_Conflict_contents_2754886445.pak	/objects/MISSIONS/LEGACY/gic_luftbrenner_endless/gic_luftbrenner_endless.object	/floranDescription	Floran not good at flying planesss.	unused-or-deprecated-asset
GiC	Galaxy_in_Conflict_contents_2754886445.pak	/objects/MISSIONS/LEGACY/gic_luftbrenner_endless/gic_luftbrenner_endless.object	/glitchDescription	Proud. I can take to the skies and hit the enemy from above.	unused-or-deprecated-asset
GiC	Galaxy_in_Conflict_contents_2754886445.pak	/objects/MISSIONS/LEGACY/gic_luftbrenner_endless/gic_luftbrenner_endless.object	/humanDescription	Hey, that's pretty good. I get to fly aircraft and fight an endless wave of baddies.	unused-or-deprecated-asset
GiC	Galaxy_in_Conflict_contents_2754886445.pak	/objects/MISSIONS/LEGACY/gic_luftbrenner_endless/gic_luftbrenner_endless.object	/hylotlDescription	Arcade-style shoot 'em ups!	unused-or-deprecated-asset
GiC	Galaxy_in_Conflict_contents_2754886445.pak	/objects/MISSIONS/LEGACY/gic_luftbrenner_endless/gic_luftbrenner_endless.object	/novakidDescription	I sit in a flying metal box. I dunno 'bout this.	unused-or-deprecated-asset
GiC	Galaxy_in_Conflict_contents_2754886445.pak	/items/WEAPONS/LEGACY/gic_vich515/gic_vich515_onehanded.activeitem	/description	LEGACY ITEM - This is a pre-v4.0 item and you should not be seeing this unless you have an older save. This item may no longer work. Please find a post-v4.0 item equivalent for its updated code and delete this item.	unused-or-deprecated-asset
GiC	Galaxy_in_Conflict_contents_2754886445.pak	/items/WEAPONS/LEGACY/gic_vich515/gic_vich515_onehanded.activeitem	/shortdescription	[LEGACY ITEM]	unused-or-deprecated-asset
GiC	Galaxy_in_Conflict_contents_2754886445.pak	/quests/UNUSED/gic_razed_dealer_repeatable.questtemplate	/title	^orange;Cultural Preservation [Repeatable]	unused-or-deprecated-asset
GiC	Galaxy_in_Conflict_contents_2754886445.pak	/items/AMMUNITION/LEGACY/gic_fieldbattery_ilws/gic_fieldbattery_ilws.item	/description	"A field battery that can rapidly recharge an ILWS magazine. ''Laser'' is an acronym for light amplification by stimulated emission of radiation. A laser beam can cut through steel while a flashlight cannot due to the fact that laser light is coherent. This means all the photons in the beam are ''in step'' with each other. By analogy, a unit of army troops marching in step can inadvertently cause a bridge to collapse, while the same number of people using the bridge in a random fashion have no effect.
  - Project Rho"	unused-or-deprecated-asset
GiC	Galaxy_in_Conflict_contents_2754886445.pak	/items/AMMUNITION/LEGACY/gic_fieldbattery_ilws/gic_fieldbattery_ilws.item	/shortdescription	ILWS Field Battery	unused-or-deprecated-asset
GiC	Galaxy_in_Conflict_contents_2754886445.pak	/items/WEAPONS/LEGACY/DEPRECATED_SPECIAL/gic_grenade_bandolier/gic_hgmk121_grenade_bandolier.activeitem	/description	"''You're weak. I'm strong. And I win, toymaker!''

This item allows the rapid throwing of multiple HGMK121 Grenades at once, at the cost of precision 'cooking'. Reloading will use HGMK121 Grenades from your inventory to refill the bandolier."	unused-or-deprecated-asset
GiC	Galaxy_in_Conflict_contents_2754886445.pak	/items/WEAPONS/LEGACY/DEPRECATED_SPECIAL/gic_grenade_bandolier/gic_hgmk121_grenade_bandolier.activeitem	/shortdescription	HGMK121 Grenade Bandolier	unused-or-deprecated-asset
GiC	Galaxy_in_Conflict_contents_2754886445.pak	/monsters/LEGACY/UNITED_SYSTEMS/gic_unitan_airborne_astraldiverengineer/gic_unitan_airborne_astraldiverengineer.monstertype	/shortdescription	[Fuckin' Ballin']	unused-or-deprecated-asset
GiC	Galaxy_in_Conflict_contents_2754886445.pak	/monsters/LEGACY/UNITED_SYSTEMS/gic_unitan_airborne_astraldiverengineer/gic_unitan_airborne_astraldiverengineer.monstertype	/description	Some sort of anomaly. Reacts violently.	unused-or-deprecated-asset
GiC	Galaxy_in_Conflict_contents_2754886445.pak	/items/AMMUNITION/LEGACY/STANAG_USM/gic_stanag_usm_762x39mm_mag_needler.item	/description	[Legacy Item] Seek a newer version of this item. Thank you.	unused-or-deprecated-asset
GiC	Galaxy_in_Conflict_contents_2754886445.pak	/items/AMMUNITION/LEGACY/STANAG_USM/gic_stanag_usm_762x39mm_mag_needler.item	/shortdescription	[Legacy Item]	unused-or-deprecated-asset
GiC	Galaxy_in_Conflict_contents_2754886445.pak	/monsters/LEGACY/FLORAN/gic_floran_yariashigaru/gic_floran_yariashigaru_daimyoguard.monstertype	/shortdescription	[Floran Yari Ashigaru]	unused-or-deprecated-asset
GiC	Galaxy_in_Conflict_contents_2754886445.pak	/monsters/LEGACY/FLORAN/gic_floran_yariashigaru/gic_floran_yariashigaru_daimyoguard.monstertype	/description	Knights of old.	unused-or-deprecated-asset
GiC	Galaxy_in_Conflict_contents_2754886445.pak	/quests/STORY/LEGACY/ESTHER/LIONHEART/gic_lionheart_intro.questtemplate	/title	^#D1FFDE;The Couragous	unused-or-deprecated-asset
GiC	Galaxy_in_Conflict_contents_2754886445.pak	/interface/warping/LEGACY/gic_leedscharge_2_3.config	/destinations/0/name	Part 1: Ground Assault	unused-or-deprecated-asset
GiC	Galaxy_in_Conflict_contents_2754886445.pak	/interface/windowconfig/LEGACY/gic_automarket_tradeterminal.config	/paneLayout/windowtitle/subtitle	  Make sharp things.	unused-or-deprecated-asset
GiC	Galaxy_in_Conflict_contents_2754886445.pak	/interface/windowconfig/LEGACY/gic_automarket_tradeterminal.config	/paneLayout/lblSchematics/value	^#b9b5b2;BLUEPRINTS	unused-or-deprecated-asset
GiC	Galaxy_in_Conflict_contents_2754886445.pak	/interface/windowconfig/LEGACY/gic_automarket_tradeterminal.config	/paneLayout/lblProducttitle/value	^#b9b5b2;PRODUCT	unused-or-deprecated-asset
GiC	Galaxy_in_Conflict_contents_2754886445.pak	/interface/windowconfig/LEGACY/gic_automarket_tradeterminal.config	/paneLayout/lblProduct/value	MATERIALS AVAILABLE	unused-or-deprecated-asset
GiC	Galaxy_in_Conflict_contents_2754886445.pak	/interface/windowconfig/LEGACY/gic_automarket_tradeterminal.config	/paneLayout/scrollArea/children/itemList/schema/listTemplate/itemName/value	Replace Me	unused-or-deprecated-asset
GiC	Galaxy_in_Conflict_contents_2754886445.pak	/items/WEAPONS/LEGACY/gic_stgl40/gic_stgl40_old.activeitem	/description	The STGL40 grenade launcher is a single-shot, shoulder-fired, break-action grenade launcher that fires a 40x46mm LV grenade, which uses the High-Low Propulsion System to keep recoil forces low. While largely replaced by Underbarrel Grenade Launchers, such designs have remained in service in niche roles.	unused-or-deprecated-asset
GiC	Galaxy_in_Conflict_contents_2754886445.pak	/items/WEAPONS/LEGACY/gic_stgl40/gic_stgl40_old.activeitem	/shortdescription	Single-Tube Grenade Launcher	unused-or-deprecated-asset
GiC	Galaxy_in_Conflict_contents_2754886445.pak	/items/WEAPONS/LEGACY/ANCIENT_LEGACY/HISTORICAL/gic_mosin_scope/gic_mosin_scope.activeitem	/description	An ^yellow;M91/30^white; integrated with a ^yellow;PU Scope^white;. A cheaper solution to a ^yellow;sniper rifle^white;.	unused-or-deprecated-asset
GiC	Galaxy_in_Conflict_contents_2754886445.pak	/items/WEAPONS/LEGACY/ANCIENT_LEGACY/HISTORICAL/gic_mosin_scope/gic_mosin_scope.activeitem	/shortdescription	^yellow;Mosin Nagant M91/30 /w PU Scope ^green;7.62mm	unused-or-deprecated-asset
GiC	Galaxy_in_Conflict_contents_2754886445.pak	/items/SHIELDS/LEGACY/gic_ovalscutum_greatshield/gic_ovalscutum_greatshield_npc.activeitem	/description	"An oval scutum shield that can be aimed to provide cover against primitive missiles (but not against contemporary rocket-propelled munitions). The first depictions of the scutum were by the Este culture in the 8th century BC, and subsequently spread to the Etruscans, Illyrians, Celts, and Italians.

^green;Attacking Testudo: Can be aimed | 100hp blocking power (npc).^white;  
^#D6DFFF;Shield Bash: Moving at great speeds and colliding with an enemy will deal damage based on the speed of the user.^white;"	unused-or-deprecated-asset
GiC	Galaxy_in_Conflict_contents_2754886445.pak	/items/SHIELDS/LEGACY/gic_ovalscutum_greatshield/gic_ovalscutum_greatshield_npc.activeitem	/shortdescription	Primitive Oval Scutum NPC	unused-or-deprecated-asset
GiC	Galaxy_in_Conflict_contents_2754886445.pak	/codex/LEGACY/FLORAN_LIBERATION_FRONT/gic_floranliberationfront_guidance/gic_floranliberationfront_guidance.codex	/title	FLF - Guidance	unused-or-deprecated-asset
GiC	Galaxy_in_Conflict_contents_2754886445.pak	/codex/LEGACY/FLORAN_LIBERATION_FRONT/gic_floranliberationfront_guidance/gic_floranliberationfront_guidance.codex	/description	Guidance of the Florans.	unused-or-deprecated-asset
GiC	Galaxy_in_Conflict_contents_2754886445.pak	/items/UNUSED/REMNANTS/gic_remnant_excultist.item	/description	"A dull remnant of the Ex-Cultist, a man who imbued himself with otherworldly powers for the sake of survival.

The Ex-Cultist was a rather unremarkable man on a personal level. He did not care for any specific goal and was mostly interested in just collecting shiny trinkets and killing off anyone who he considered was worthy of fighting in a duel, which was more of a spectacle than a life-threatening duel.
^#FFE460;Trade at a Soulsmith to transform into something greater.^reset;"	unused-or-deprecated-asset
GiC	Galaxy_in_Conflict_contents_2754886445.pak	/items/UNUSED/REMNANTS/gic_remnant_excultist.item	/shortdescription	Remnant of the Ex-Cultist	unused-or-deprecated-asset
GiC	Galaxy_in_Conflict_contents_2754886445.pak	/items/WEAPONS/LEGACY/ANCIENT_LEGACY/ILWS/gic_gazri_ilws/gic_gazri_ilws.activeitem	/description	An internal motor increases firing rate, but must sacrifice overall energy storage.	unused-or-deprecated-asset
GiC	Galaxy_in_Conflict_contents_2754886445.pak	/items/WEAPONS/LEGACY/ANCIENT_LEGACY/ILWS/gic_gazri_ilws/gic_gazri_ilws.activeitem	/shortdescription	Gazri-Model I.L.W.S	unused-or-deprecated-asset
GiC	Galaxy_in_Conflict_contents_2754886445.pak	/codex/LEGACY/Global_Earth_News/gic_gen_8/gic_gen_8.codex	/title	Earth Newspaper Headline #8	unused-or-deprecated-asset
GiC	Galaxy_in_Conflict_contents_2754886445.pak	/items/AMMUNITION/LEGACY/M20_H/gic_m20h9_rocket_he/gic_m20h9_rocket_he.item	/description	M20H9 High-Explosive Rocket, designated as such for its origins during the 20th Century and a specific explosive payload type: H9. Primarily used in the Smooth-Bore Rocket Launcher 24. No contemporary company produces this type of ammo, last seeing production during the USCM-Floran wars.	unused-or-deprecated-asset
GiC	Galaxy_in_Conflict_contents_2754886445.pak	/items/AMMUNITION/LEGACY/M20_H/gic_m20h9_rocket_he/gic_m20h9_rocket_he.item	/shortdescription	M20H9 HE Rocket	unused-or-deprecated-asset
GiC	Galaxy_in_Conflict_contents_2754886445.pak	/objects/CRAFTING/LEGACY_CRAFTING/UNUSED/gic_galacticstandardweaponry_tradeterminal/gic_galacticstandardweaponry_tradeterminal.object	/description	Trade Terminal with common weaponry.	unused-or-deprecated-asset
GiC	Galaxy_in_Conflict_contents_2754886445.pak	/objects/CRAFTING/LEGACY_CRAFTING/UNUSED/gic_galacticstandardweaponry_tradeterminal/gic_galacticstandardweaponry_tradeterminal.object	/shortdescription	^orange;Trade Terminal: Galactic Standard Weaponry [GIC]^white;	unused-or-deprecated-asset
GiC	Galaxy_in_Conflict_contents_2754886445.pak	/objects/CRAFTING/LEGACY_CRAFTING/UNUSED/gic_galacticstandardweaponry_tradeterminal/gic_galacticstandardweaponry_tradeterminal.object	/interactData/paneLayoutOverride/windowtitle/title	  Trade Terminal: Galactic Standard Weaponry	unused-or-deprecated-asset
GiC	Galaxy_in_Conflict_contents_2754886445.pak	/objects/CRAFTING/LEGACY_CRAFTING/UNUSED/gic_galacticstandardweaponry_tradeterminal/gic_galacticstandardweaponry_tradeterminal.object	/interactData/paneLayoutOverride/windowtitle/subtitle	  Various commonly-employed weaponry available to most militaries.	unused-or-deprecated-asset
GiC	Galaxy_in_Conflict_contents_2754886445.pak	/items/WEAPONS/LEGACY/DEPRECATED_SPECIAL/gic_grenade_bandolier/gic_ibuki_gourd.activeitem	/description	"''I regret, I forget, life is simple just like that.''

Use the gourd to spill the liquid, causing an area-of-effect miracle that heals ^yellow;all^reset; units within a small radius with the ^yellow;same effect as a typical Healing Flask^reset;. Reloading will use Healing Flasks to imbue the Ibuki Gourd's waters with medicinal properties. The waters within the gourd are infinite, but its properties must be infused if it is to be of any practical use."	unused-or-deprecated-asset
GiC	Galaxy_in_Conflict_contents_2754886445.pak	/items/WEAPONS/LEGACY/DEPRECATED_SPECIAL/gic_grenade_bandolier/gic_ibuki_gourd.activeitem	/shortdescription	Ibuki Gourd	unused-or-deprecated-asset
GiC	Galaxy_in_Conflict_contents_2754886445.pak	/items/AMMUNITION/LEGACY/gic_emeriamarkets_9x18mm_mag/gic_emeriamarkets_9x18mm_mag.item	/description	8rnd 9x18mm ammunition magazine for Emeria Market weaponry.	unused-or-deprecated-asset
GiC	Galaxy_in_Conflict_contents_2754886445.pak	/items/AMMUNITION/LEGACY/gic_emeriamarkets_9x18mm_mag/gic_emeriamarkets_9x18mm_mag.item	/shortdescription	Emeria Markets 9x18mm Magazine	unused-or-deprecated-asset
GiC	Galaxy_in_Conflict_contents_2754886445.pak	/monsters/LEGACY/BLOOD_YOUKAI/gic_bloodyoukai_hallowedcity_machinegunner/gic_bloodyoukai_hallowedcity_machinegunner.monstertype	/shortdescription	[Blood Youkai Hallowed City Soldier]	unused-or-deprecated-asset
GiC	Galaxy_in_Conflict_contents_2754886445.pak	/monsters/LEGACY/BLOOD_YOUKAI/gic_bloodyoukai_hallowedcity_machinegunner/gic_bloodyoukai_hallowedcity_machinegunner.monstertype	/description	Knights of old.	unused-or-deprecated-asset
GiC	Galaxy_in_Conflict_contents_2754886445.pak	/items/AMMUNITION/LEGACY/gic_scumbagpistol_1143x23mm_mag/gic_scumbagpistol_1143x23mm_mag.item	/description	8 round 11.43x23mm magazine.	unused-or-deprecated-asset
GiC	Galaxy_in_Conflict_contents_2754886445.pak	/items/AMMUNITION/LEGACY/gic_scumbagpistol_1143x23mm_mag/gic_scumbagpistol_1143x23mm_mag.item	/shortdescription	Scumbag Pistol 11.43x23mm Magazine	unused-or-deprecated-asset
GiC	Galaxy_in_Conflict_contents_2754886445.pak	/items/SHIELDS/LEGACY/gic_peacekeepers_shield/gic_peacekeepers_shield.activeitem	/description	"''The strongest took the spoils, and we fell down at their shoes.''

^orange;Heretic: 0.75s PARRY WINDOW | 180HP STABILITY | 60% DEF.^reset;
^#D6DFFF;Full Force Forward!: +25% HIT CHANCE and ACCURACY with [EWS] guns whilst equipped in either hand.^white;
^red;New Age Movement: Energy regeneration crippled whilst equipped.^reset;"	unused-or-deprecated-asset
GiC	Galaxy_in_Conflict_contents_2754886445.pak	/items/SHIELDS/LEGACY/gic_peacekeepers_shield/gic_peacekeepers_shield.activeitem	/shortdescription	Peacekeeper's Shield	unused-or-deprecated-asset
GiC	Galaxy_in_Conflict_contents_2754886445.pak	/items/WEAPONS/LEGACY/ANCIENT_LEGACY/DCSRK54/gic_dcsrk54s/gic_dcsrk54s.activeitem	/description	-disabled- If found, please notify the devs of where.	unused-or-deprecated-asset
GiC	Galaxy_in_Conflict_contents_2754886445.pak	/codex/LEGACY/MISSIONS/ESTHER/1_1_FNG/OLD/gic_ec11_fight.codex	/title	EC11 - Fight	unused-or-deprecated-asset
GiC	Galaxy_in_Conflict_contents_2754886445.pak	/codex/LEGACY/MISSIONS/ESTHER/1_1_FNG/OLD/gic_ec11_fight.codex	/description	Esther Chapter 1-1-F	unused-or-deprecated-asset
GiC	Galaxy_in_Conflict_contents_2754886445.pak	/behaviors/monsters/modular/movement/gic_flyapproach.behavior	/root/children/0/parameters/fallback/value	<idleState>	behavior-tree-parameter
GiC	Galaxy_in_Conflict_contents_2754886445.pak	/behaviors/monsters/modular/movement/gic_flyapproach.behavior	/root/children/0/parameters/state/value	<flyState>	behavior-tree-parameter
GiC	Galaxy_in_Conflict_contents_2754886445.pak	/behaviors/monsters/modular/movement/gic_flyapproach.behavior	/root/children/2/children/0/children/1/parameters/time/value	<approachTime>	behavior-tree-parameter
GiC	Galaxy_in_Conflict_contents_2754886445.pak	/items/UNUSED/RESEARCH/gic_wildlands_asylumdocument/gic_wildlands_asylumdocument.item	/description	"''Turn back. Tell the others. Lock the bulkheads. Bury it in concrete. Cover it up and burn the evidence. Nobody can come back here. Nobody!''

Information regarding clandestine genetic research. Despite orderly documentation, it seems many experiments became increasingly unscientific."	unused-or-deprecated-asset
GiC	Galaxy_in_Conflict_contents_2754886445.pak	/items/UNUSED/RESEARCH/gic_wildlands_asylumdocument/gic_wildlands_asylumdocument.item	/shortdescription	Wildlands Asylum Document	unused-or-deprecated-asset
GiC	Galaxy_in_Conflict_contents_2754886445.pak	/codex/LEGACY/RED_STAR_ALLIANCE/ENGLISH/gic_precursor_redstar4/gic_precursor_redstar4.codex	/title	Precursor: Metal on Metal [4]	unused-or-deprecated-asset
GiC	Galaxy_in_Conflict_contents_2754886445.pak	/items/WEAPONS/LEGACY/ANCIENT_LEGACY/ILWS/gic_colonial_ilws/gic_colonial_ilws.activeitem	/description	Colonial variant of the standard ILWS.	unused-or-deprecated-asset
GiC	Galaxy_in_Conflict_contents_2754886445.pak	/items/WEAPONS/LEGACY/ANCIENT_LEGACY/ILWS/gic_colonial_ilws/gic_colonial_ilws.activeitem	/shortdescription	Colonial I.L.W.S	unused-or-deprecated-asset
GiC	Galaxy_in_Conflict_contents_2754886445.pak	/monsters/BRIGHT/LEGACY/gic_abyssal_undeadshieldsman/gic_abyssal_undeadshieldsman.monstertype	/shortdescription	[Undead Shieldsman]	unused-or-deprecated-asset
GiC	Galaxy_in_Conflict_contents_2754886445.pak	/monsters/BRIGHT/LEGACY/gic_abyssal_undeadshieldsman/gic_abyssal_undeadshieldsman.monstertype	/description	Knights of old.	unused-or-deprecated-asset
GiC	Galaxy_in_Conflict_contents_2754886445.pak	/items/AMMUNITION/LEGACY/gic_mhp45_1143x23mm_mag/gic_mhp45_1143x23mm_mag.item	/description	30 round 11.43x23mm (.45) magazine for the M1A1 Thompson.	unused-or-deprecated-asset
GiC	Galaxy_in_Conflict_contents_2754886445.pak	/items/AMMUNITION/LEGACY/gic_mhp45_1143x23mm_mag/gic_mhp45_1143x23mm_mag.item	/shortdescription	M1A1 Magazine	unused-or-deprecated-asset
GiC	Galaxy_in_Conflict_contents_2754886445.pak	/interface/windowconfig/gic_lionheart.config	/paneLayout/scrollArea/children/itemList/schema/listTemplate/itemName/value	Replace Me	template-placeholder
GiC	Galaxy_in_Conflict_contents_2754886445.pak	/codex/LEGACY/MISSIONS/ESTHER/4_3_EldestAbode/gic_ec43_buildingshift.codex	/title	EC43 - Building Shift	unused-or-deprecated-asset
GiC	Galaxy_in_Conflict_contents_2754886445.pak	/codex/LEGACY/MISSIONS/ESTHER/4_3_EldestAbode/gic_ec43_buildingshift.codex	/description	Worlds smashing together.	unused-or-deprecated-asset
GiC	Galaxy_in_Conflict_contents_2754886445.pak	/monsters/LEGACY/UNITED_SYSTEMS/gic_unitan_airborne_soldierfairy/gic_unitan_airborne_soldierfairy.monstertype	/shortdescription	Unitan Soldier Fairy	unused-or-deprecated-asset
GiC	Galaxy_in_Conflict_contents_2754886445.pak	/monsters/LEGACY/UNITED_SYSTEMS/gic_unitan_airborne_soldierfairy/gic_unitan_airborne_soldierfairy.monstertype	/description	Some sort of anomaly. Reacts violently.	unused-or-deprecated-asset
GiC	Galaxy_in_Conflict_contents_2754886445.pak	/items/WEAPONS/LEGACY/gic_sbrl24/gic_sbrl24.activeitem	/description	LEGACY ITEM - This is a pre-v4.0 item and you should not be seeing this unless you have an older save. This item may no longer work. Please find a post-v4.0 item equivalent for its updated code and delete this item.	unused-or-deprecated-asset
GiC	Galaxy_in_Conflict_contents_2754886445.pak	/items/WEAPONS/LEGACY/gic_sbrl24/gic_sbrl24.activeitem	/shortdescription	[LEGACY ITEM]	unused-or-deprecated-asset
GiC	Galaxy_in_Conflict_contents_2754886445.pak	/items/MEDICAL/OLD/gic_ds1_combatstimulant.consumable	/description	"These substances significantly improve the cognitive functions of Druflorans. Applied into the bloodstream.

^green;+10% Weapon Proficiency for 10 minutes.^white;"	unused-or-deprecated-asset
GiC	Galaxy_in_Conflict_contents_2754886445.pak	/items/MEDICAL/OLD/gic_ds1_combatstimulant.consumable	/shortdescription	^yellow;DS-1	unused-or-deprecated-asset
GiC	Galaxy_in_Conflict_contents_2754886445.pak	/codex/LEGACY/MISSIONS/ESTHER/1_1_FNG/gic_ec11_wewerekings.codex	/title	EC11 - We Were Kings	unused-or-deprecated-asset
GiC	Galaxy_in_Conflict_contents_2754886445.pak	/codex/LEGACY/MISSIONS/ESTHER/1_1_FNG/gic_ec11_wewerekings.codex	/description	Esther Chapter 1-1-WWK	unused-or-deprecated-asset
GiC	Galaxy_in_Conflict_contents_2754886445.pak	/monsters/LEGACY/UNITED_SYSTEMS/gic_genecultist_slinger/gic_genecultist_slinger_defensive.monstertype	/shortdescription	[Gene-Cultist Slinger]	unused-or-deprecated-asset
GiC	Galaxy_in_Conflict_contents_2754886445.pak	/monsters/LEGACY/UNITED_SYSTEMS/gic_genecultist_slinger/gic_genecultist_slinger_defensive.monstertype	/description	Knights of old.	unused-or-deprecated-asset
GiC	Galaxy_in_Conflict_contents_2754886445.pak	/items/WEAPONS/LEGACY/gic_m2055/gic_m2055_onehanded.activeitem	/description	LEGACY ITEM - This is a pre-v4.0 item and you should not be seeing this unless you have an older save. This item may no longer work. Please find a post-v4.0 item equivalent for its updated code and delete this item.	unused-or-deprecated-asset
GiC	Galaxy_in_Conflict_contents_2754886445.pak	/items/WEAPONS/LEGACY/gic_m2055/gic_m2055_onehanded.activeitem	/shortdescription	[LEGACY ITEM]	unused-or-deprecated-asset
GiC	Galaxy_in_Conflict_contents_2754886445.pak	/interface/windowconfig/gic_colonial_advancedweaponsdealer.config	/paneLayout/scrollArea/children/itemList/schema/listTemplate/itemName/value	Replace Me	template-placeholder
GiC	Galaxy_in_Conflict_contents_2754886445.pak	/quests/UNUSED/gic_blackmarket_wartorn_mechdealer.questtemplate	/title	^#D1FFDE;Wartorn Black Market: Mech Cache	unused-or-deprecated-asset
GiC	Galaxy_in_Conflict_contents_2754886445.pak	/behaviors/TEST_OLD/UNIQUE_TEST/gic_hostileinvader.behavior	/root/children/2/children/2/children/0/title	NPC Hostile Tracking	behavior-tree-parameter
GiC	Galaxy_in_Conflict_contents_2754886445.pak	/behaviors/TEST_OLD/UNIQUE_TEST/gic_hostileinvader.behavior	/root/children/2/children/2/children/1/title	NPC Combat	behavior-tree-parameter
GiC	Galaxy_in_Conflict_contents_2754886445.pak	/interface/windowconfig/gic_requisitioncommand_store.config	/paneLayout/scrollArea/children/itemList/schema/listTemplate/itemName/value	Replace Me	template-placeholder
GiC	Galaxy_in_Conflict_contents_2754886445.pak	/monsters/LEGACY/ERCHIUS/gic_crystal_lunar_machinegunner/gic_crystal_lunar_machinegunner.monstertype	/shortdescription	[Crystal Lunar Machinegunner]	unused-or-deprecated-asset
GiC	Galaxy_in_Conflict_contents_2754886445.pak	/monsters/LEGACY/ERCHIUS/gic_crystal_lunar_machinegunner/gic_crystal_lunar_machinegunner.monstertype	/description	Soldiers of old.	unused-or-deprecated-asset
GiC	Galaxy_in_Conflict_contents_2754886445.pak	/items/WEAPONS/LEGACY/ANCIENT_LEGACY/RED_STAR/gic_ake40/gic_ake40.activeitem	/description	Developed and maintained by the Martian Military since 2240.	unused-or-deprecated-asset
GiC	Galaxy_in_Conflict_contents_2754886445.pak	/items/MEDICAL/OLD/gic_crackedredsun.consumable	/description	Legacy item. No effect.	unused-or-deprecated-asset
GiC	Galaxy_in_Conflict_contents_2754886445.pak	/items/MEDICAL/OLD/gic_crackedredsun.consumable	/shortdescription	^red;Cracked Red Sun	unused-or-deprecated-asset
GiC	Galaxy_in_Conflict_contents_2754886445.pak	/items/WEAPONS/LEGACY/COPSC/gic_copsc_laserrifle/gic_copsc_laserrifle.activeitem	/description	LEGACY ITEM - This is a pre-v4.0 item and you should not be seeing this unless you have an older save. This item may no longer work. Please find a post-v4.0 item equivalent for its updated code and delete this item.	unused-or-deprecated-asset
GiC	Galaxy_in_Conflict_contents_2754886445.pak	/items/WEAPONS/LEGACY/COPSC/gic_copsc_laserrifle/gic_copsc_laserrifle.activeitem	/shortdescription	[LEGACY ITEM]	unused-or-deprecated-asset
GiC	Galaxy_in_Conflict_contents_2754886445.pak	/items/WEAPONS/LEGACY/DEPRECATED_SPECIAL/gic_firebreathbottle/gic_firebreathbottle.activeitem	/description	inhale oil, exhale fire.	unused-or-deprecated-asset
GiC	Galaxy_in_Conflict_contents_2754886445.pak	/items/WEAPONS/LEGACY/DEPRECATED_SPECIAL/gic_firebreathbottle/gic_firebreathbottle.activeitem	/shortdescription	fire breath thing	unused-or-deprecated-asset
GiC	Galaxy_in_Conflict_contents_2754886445.pak	/objects/CRAFTING/WORKBENCH/LEGACY/gic_ammunition_workbench/gic_ammunition_workbench_old.object	/description	Create ammunition and certain items at a bench with all the required information.	unused-or-deprecated-asset
GiC	Galaxy_in_Conflict_contents_2754886445.pak	/objects/CRAFTING/WORKBENCH/LEGACY/gic_ammunition_workbench/gic_ammunition_workbench_old.object	/shortdescription	^orange;Ammunition Workbench (GiC)^white;	unused-or-deprecated-asset
GiC	Galaxy_in_Conflict_contents_2754886445.pak	/objects/CRAFTING/WORKBENCH/LEGACY/gic_ammunition_workbench/gic_ammunition_workbench_old.object	/interactData/paneLayoutOverride/windowtitle/title	  Ammunition Workbench	unused-or-deprecated-asset
GiC	Galaxy_in_Conflict_contents_2754886445.pak	/objects/CRAFTING/WORKBENCH/LEGACY/gic_ammunition_workbench/gic_ammunition_workbench_old.object	/interactData/paneLayoutOverride/windowtitle/subtitle	  Bullets | Ammunition | Explosives | Unconventional Ammo | Ammo Unloading | Gunpowder Recovery	unused-or-deprecated-asset
GiC	Galaxy_in_Conflict_contents_2754886445.pak	/objects/CRAFTING/WORKBENCH/LEGACY/gic_ammunition_workbench/gic_ammunition_workbench_old.object	/apexDescription	Rebel Apex troops would often have to create their own weapons like this.	unused-or-deprecated-asset
GiC	Galaxy_in_Conflict_contents_2754886445.pak	/objects/CRAFTING/WORKBENCH/LEGACY/gic_ammunition_workbench/gic_ammunition_workbench_old.object	/avianDescription	To be honest, anything could be turned into a workbench if you tried hard enough.	unused-or-deprecated-asset
GiC	Galaxy_in_Conflict_contents_2754886445.pak	/objects/CRAFTING/WORKBENCH/LEGACY/gic_ammunition_workbench/gic_ammunition_workbench_old.object	/floranDescription	Big heavy boxes, good for dropping on prey.	unused-or-deprecated-asset
GiC	Galaxy_in_Conflict_contents_2754886445.pak	/objects/CRAFTING/WORKBENCH/LEGACY/gic_ammunition_workbench/gic_ammunition_workbench_old.object	/glitchDescription	Confused. I need to make these weapons in parts?	unused-or-deprecated-asset
GiC	Galaxy_in_Conflict_contents_2754886445.pak	/objects/CRAFTING/WORKBENCH/LEGACY/gic_ammunition_workbench/gic_ammunition_workbench_old.object	/humanDescription	A workshop with most things required to painstakingly work on the field of firearms.	unused-or-deprecated-asset
GiC	Galaxy_in_Conflict_contents_2754886445.pak	/objects/CRAFTING/WORKBENCH/LEGACY/gic_ammunition_workbench/gic_ammunition_workbench_old.object	/hylotlDescription	A table to create violent weapons of war.	unused-or-deprecated-asset
GiC	Galaxy_in_Conflict_contents_2754886445.pak	/objects/CRAFTING/WORKBENCH/LEGACY/gic_ammunition_workbench/gic_ammunition_workbench_old.object	/novakidDescription	Whoo-ey! Looks like the guns the blacksmiths make.	unused-or-deprecated-asset
GiC	Galaxy_in_Conflict_contents_2754886445.pak	/monsters/LEGACY/gic_greenfingertruedaimyo/gic_greenfingertruedaimyo_original.monstertype	/shortdescription	[Ishinoi Yoshitatsu, Greenfinger Daimyo]	unused-or-deprecated-asset
GiC	Galaxy_in_Conflict_contents_2754886445.pak	/monsters/LEGACY/gic_greenfingertruedaimyo/gic_greenfingertruedaimyo_original.monstertype	/description	Last of their kind.	unused-or-deprecated-asset
GiC	Galaxy_in_Conflict_contents_2754886445.pak	/interface/warping/LEGACY/gic_ch0_1_to_2.config	/destinations/0/name	Part 2: The Preparation	unused-or-deprecated-asset
GiC	Galaxy_in_Conflict_contents_2754886445.pak	/interface/warping/LEGACY/gic_md2_md3.config	/destinations/0/name	Part 3: Gunship	unused-or-deprecated-asset
GiC	Galaxy_in_Conflict_contents_2754886445.pak	/items/AMMUNITION/LEGACY/gic_dshk_1270x108mm_mag/gic_dshk_1270x108mm_mag.item	/description	50 round 12.7x108mm ammunition drum magazine for DShK-series weapons.	unused-or-deprecated-asset
GiC	Galaxy_in_Conflict_contents_2754886445.pak	/items/AMMUNITION/LEGACY/gic_dshk_1270x108mm_mag/gic_dshk_1270x108mm_mag.item	/shortdescription	DShK 12.7x108mm 50rnd Box Magazine	unused-or-deprecated-asset
GiC	Galaxy_in_Conflict_contents_2754886445.pak	/monsters/BRIGHT/LEGACY/gic_otherworld_relentlessheadless/gic_otherworld_relentlessheadless.monstertype	/shortdescription	[Relentless Headless]	unused-or-deprecated-asset
GiC	Galaxy_in_Conflict_contents_2754886445.pak	/monsters/BRIGHT/LEGACY/gic_otherworld_relentlessheadless/gic_otherworld_relentlessheadless.monstertype	/description	Knights of old.	unused-or-deprecated-asset
GiC	Galaxy_in_Conflict_contents_2754886445.pak	/items/WEAPONS/LEGACY/ANCIENT_LEGACY/RED_STAR/gic_ake40_volk/gic_ake40_volk.activeitem	/description	A common militia variant of the AKE-40.	unused-or-deprecated-asset
GiC	Galaxy_in_Conflict_contents_2754886445.pak	/items/WEAPONS/LEGACY/ANCIENT_LEGACY/RED_STAR/gic_ake40_volk/gic_ake40_volk.activeitem	/shortdescription	AKE-40 Volk	unused-or-deprecated-asset
GiC	Galaxy_in_Conflict_contents_2754886445.pak	/quests/UNUSED/gic_workshop_wildlands_vehicledealer.questtemplate	/title	^#D1FFDE;Workshop: Schnellfeuer Hoverbike	unused-or-deprecated-asset
GiC	Galaxy_in_Conflict_contents_2754886445.pak	/items/WEAPONS/LEGACY/gic_m2055/gic_m2055.activeitem	/description	LEGACY ITEM - This is a pre-v4.0 item and you should not be seeing this unless you have an older save. This item may no longer work. Please find a post-v4.0 item equivalent for its updated code and delete this item.	unused-or-deprecated-asset
GiC	Galaxy_in_Conflict_contents_2754886445.pak	/items/WEAPONS/LEGACY/gic_m2055/gic_m2055.activeitem	/shortdescription	[LEGACY ITEM]	unused-or-deprecated-asset
GiC	Galaxy_in_Conflict_contents_2754886445.pak	/items/MATERIALS/OLD/gic_suppressorattachment/gic_suppressorattachment.item	/description	Suppressor compatible with pretty much anything if you have enough time.	unused-or-deprecated-asset
GiC	Galaxy_in_Conflict_contents_2754886445.pak	/items/MATERIALS/OLD/gic_suppressorattachment/gic_suppressorattachment.item	/shortdescription	Suppressor Attachment	unused-or-deprecated-asset
GiC	Galaxy_in_Conflict_contents_2754886445.pak	/items/AMMUNITION/LEGACY/STANAG_FEDERATSIYA/gic_stanag_federatsiya_556x45mm_mag.item	/description	5.56x45mm magazine adopted by a variety of private firearms manufacturers. 30 rounds in a magazine.	unused-or-deprecated-asset
GiC	Galaxy_in_Conflict_contents_2754886445.pak	/items/AMMUNITION/LEGACY/STANAG_FEDERATSIYA/gic_stanag_federatsiya_556x45mm_mag.item	/shortdescription	STANAG NATO 5.56 Mag	unused-or-deprecated-asset
GiC	Galaxy_in_Conflict_contents_2754886445.pak	/items/WEAPONS/LEGACY/DEPRECATED_SPECIAL/gic_blessed_blackpowder_pistol/gic_blessed_blackpowder_pistol.activeitem	/description	"''The crime is your existence. The punishment, is death.''

A double-barrel pistol, seemingly custom-made by the Order of the Glitch-Hunters. This special pistol supports both Free-Thinker 15mm Minié-Ball and archaic 20mm Musket Ball and Shot, loading each type of shot individually and firing both at once."	unused-or-deprecated-asset
GiC	Galaxy_in_Conflict_contents_2754886445.pak	/items/WEAPONS/LEGACY/DEPRECATED_SPECIAL/gic_blessed_blackpowder_pistol/gic_blessed_blackpowder_pistol.activeitem	/shortdescription	The Hydra	unused-or-deprecated-asset
GiC	Galaxy_in_Conflict_contents_2754886445.pak	/quests/UNUSED/gic_ancientgate_choice.questtemplate	/title	^green;Ancient Gate Choice	unused-or-deprecated-asset
GiC	Galaxy_in_Conflict_contents_2754886445.pak	/items/SHIELDS/LEGACY/gic_frostdynasty_greatshield/gic_frostdynasty_greatshield_npc.activeitem	/description	"---

^#D6DFFF;Shield Bash: Moving at great speeds and colliding with an enemy will deal damage based on the speed of the user.^white;"	unused-or-deprecated-asset
GiC	Galaxy_in_Conflict_contents_2754886445.pak	/items/SHIELDS/LEGACY/gic_frostdynasty_greatshield/gic_frostdynasty_greatshield_npc.activeitem	/shortdescription	Frost Dynasty Scutum NPC	unused-or-deprecated-asset
GiC	Galaxy_in_Conflict_contents_2754886445.pak	/interface/windowconfig/gic_generic_crafting_notab.config	/paneLayout/scrollArea/children/itemList/schema/listTemplate/itemName/value	Replace Me	template-placeholder
GiC	Galaxy_in_Conflict_contents_2754886445.pak	/items/SHIELDS/LEGACY/gic_oldhunters_greatshield/gic_oldhunters_greatshield.activeitem	/description	"''Just a piece of wood. That's what those stupid Protectors in their armchairs typing away on their computers would say. They don't have to do what I do to survive.''

^orange;Hot-Blooded: 3500HP STABILITY | 40% DEF.^white;

^#D6DFFF;Shield Rush: Moving at mere running speeds and colliding with an enemy will deal damage and ^orange;STUN^#D6DFFF; based on the speed of the user. 2-second cooldown per stun.^white;"	unused-or-deprecated-asset
GiC	Galaxy_in_Conflict_contents_2754886445.pak	/items/SHIELDS/LEGACY/gic_oldhunters_greatshield/gic_oldhunters_greatshield.activeitem	/shortdescription	Old-Hunter's Greatshield	unused-or-deprecated-asset
GiC	Galaxy_in_Conflict_contents_2754886445.pak	/items/WEAPONS/LEGACY/DEPRECATED_SPECIAL/gic_fairyrotarygun/gic_hellravenminigun.activeitem	/description	A minigun used against a Bureaucratically Isolated Rectification Bot.	unused-or-deprecated-asset
GiC	Galaxy_in_Conflict_contents_2754886445.pak	/items/WEAPONS/LEGACY/DEPRECATED_SPECIAL/gic_fairyrotarygun/gic_hellravenminigun.activeitem	/shortdescription	Hell Raven Minigun	unused-or-deprecated-asset
GiC	Galaxy_in_Conflict_contents_2754886445.pak	/objects/CRAFTING/LEGACY_CRAFTING/UNUSED/gic_supplymanagement_merchantterminal/gic_frontiercolony_merchantterminal.object	/description	A universal Merchant Terminal for Frontier Colonies, handling local planetary operations.	unused-or-deprecated-asset
GiC	Galaxy_in_Conflict_contents_2754886445.pak	/objects/CRAFTING/LEGACY_CRAFTING/UNUSED/gic_supplymanagement_merchantterminal/gic_frontiercolony_merchantterminal.object	/shortdescription	^orange;Merchant Terminal: Frontier Colony [GIC]^white;	unused-or-deprecated-asset
GiC	Galaxy_in_Conflict_contents_2754886445.pak	/objects/CRAFTING/LEGACY_CRAFTING/UNUSED/gic_supplymanagement_merchantterminal/gic_frontiercolony_merchantterminal.object	/interactData/paneLayoutOverride/windowtitle/title	  Merchant Terminal: Frontier Colony	unused-or-deprecated-asset
GiC	Galaxy_in_Conflict_contents_2754886445.pak	/objects/CRAFTING/LEGACY_CRAFTING/UNUSED/gic_supplymanagement_merchantterminal/gic_frontiercolony_merchantterminal.object	/interactData/paneLayoutOverride/windowtitle/subtitle	  A universal Merchant Terminal for Frontier Colonies, handling local planetary operations.	unused-or-deprecated-asset
GiC	Galaxy_in_Conflict_contents_2754886445.pak	/items/WEAPONS/LEGACY/gic_usm174/gic_usm174.activeitem	/description	LEGACY ITEM - This is a pre-v4.0 item and you should not be seeing this unless you have an older save. This item may no longer work. Please find a post-v4.0 item equivalent for its updated code and delete this item.	unused-or-deprecated-asset
GiC	Galaxy_in_Conflict_contents_2754886445.pak	/items/WEAPONS/LEGACY/gic_usm174/gic_usm174.activeitem	/shortdescription	[LEGACY ITEM]	unused-or-deprecated-asset
GiC	Galaxy_in_Conflict_contents_2754886445.pak	/items/UNUSED/RESEARCH/gic_bounty_blackrocktoken/gic_bounty_blackrocktoken.item	/description	A token made from the same material commonly found in the blank-white Psychic Realm engraved with unknown runes which give this small object enormous energy potential. Its qualities are unknown save for its enigmatic properties of granting ''change'' in individuals who undergo a special ritual. For the Unbranded Novakids, these tokens are the key to stabilizing their withering bodies to allow them to live a normal and fulfilling life. Only by killing Great Warriors can the Unbranded survive.	unused-or-deprecated-asset
GiC	Galaxy_in_Conflict_contents_2754886445.pak	/items/UNUSED/RESEARCH/gic_bounty_blackrocktoken/gic_bounty_blackrocktoken.item	/shortdescription	Black Rock Token	unused-or-deprecated-asset
GiC	Galaxy_in_Conflict_contents_2754886445.pak	/items/AMMUNITION/LEGACY/gic_usm12_1850x70mm_mag/gic_usm12_1850x70mm_drum_mag.item	/description	Fits any compatible USM12-type weapons. 20rnd Drum Magazine.	unused-or-deprecated-asset
GiC	Galaxy_in_Conflict_contents_2754886445.pak	/items/AMMUNITION/LEGACY/gic_usm12_1850x70mm_mag/gic_usm12_1850x70mm_drum_mag.item	/shortdescription	USM12 20rnd Drum [Buck]	unused-or-deprecated-asset
GiC	Galaxy_in_Conflict_contents_2754886445.pak	/interface/windowconfig/LEGACY/gic_tradeterminal.config	/paneLayout/windowtitle/subtitle	  Make sharp things.	unused-or-deprecated-asset
GiC	Galaxy_in_Conflict_contents_2754886445.pak	/interface/windowconfig/LEGACY/gic_tradeterminal.config	/paneLayout/lblSchematics/value	^#b9b5b2;BLUEPRINTS	unused-or-deprecated-asset
GiC	Galaxy_in_Conflict_contents_2754886445.pak	/interface/windowconfig/LEGACY/gic_tradeterminal.config	/paneLayout/lblProducttitle/value	^#b9b5b2;PRODUCT	unused-or-deprecated-asset
GiC	Galaxy_in_Conflict_contents_2754886445.pak	/interface/windowconfig/LEGACY/gic_tradeterminal.config	/paneLayout/lblProduct/value	MATERIALS AVAILABLE	unused-or-deprecated-asset
GiC	Galaxy_in_Conflict_contents_2754886445.pak	/interface/windowconfig/LEGACY/gic_tradeterminal.config	/paneLayout/scrollArea/children/itemList/schema/listTemplate/itemName/value	Replace Me	unused-or-deprecated-asset
GiC	Galaxy_in_Conflict_contents_2754886445.pak	/items/WEAPONS/LEGACY/gic_usm47/gic_usm47_conscriptinfantry_npc.activeitem	/description	NPC Gun	unused-or-deprecated-asset
GiC	Galaxy_in_Conflict_contents_2754886445.pak	/items/WEAPONS/LEGACY/gic_usm47/gic_usm47_conscriptinfantry_npc.activeitem	/shortdescription	USM47 Conscript Infantry Var.	unused-or-deprecated-asset
GiC	Galaxy_in_Conflict_contents_2754886445.pak	/interface/cockpit/cockpit.config	/gui/bookmarksFrame/children/bookmarkList/children/bookmarkItemList/schema/listTemplate/name/value	Bookmark Name	template-placeholder
GiC	Galaxy_in_Conflict_contents_2754886445.pak	/interface/cockpit/cockpit.config	/gui/bookmarksFrame/children/bookmarkList/children/bookmarkItemList/schema/listTemplate/planetName/value	Planet Name	template-placeholder
GiC	Galaxy_in_Conflict_contents_2754886445.pak	/interface/cockpit/cockpit.config	/gui/systeminfo/children/inner/children/planetList/schema/listTemplate/type/value	PLANET TYPE	template-placeholder
GiC	Galaxy_in_Conflict_contents_2754886445.pak	/items/AMMUNITION/LEGACY/ILWS/gic_powerpack_type_c_mag.item	/description	Extremely potent power pack used for thousand-dollar infantry weapons. 'Curved' magazine style is easy to train with, similar to ballistic weaponry.	unused-or-deprecated-asset
GiC	Galaxy_in_Conflict_contents_2754886445.pak	/items/AMMUNITION/LEGACY/ILWS/gic_powerpack_type_c_mag.item	/shortdescription	Power Pack Type-C Mag	unused-or-deprecated-asset
GiC	Galaxy_in_Conflict_contents_2754886445.pak	/codex/LEGACY/MISSIONS/ESTHER/1_1_FNG/gic_ec11_song.codex	/title	EC11 - Song	unused-or-deprecated-asset
GiC	Galaxy_in_Conflict_contents_2754886445.pak	/codex/LEGACY/MISSIONS/ESTHER/1_1_FNG/gic_ec11_song.codex	/description	Esther Chapter 1-1-S	unused-or-deprecated-asset
GiC	Galaxy_in_Conflict_contents_2754886445.pak	/interface/warping/LEGACY/gic_leedscharge_1_2.config	/destinations/0/name	Part 1: Ground Assault	unused-or-deprecated-asset
GiC	Galaxy_in_Conflict_contents_2754886445.pak	/codex/LEGACY/TUTORIAL/gic_munitionsworkbench_mortalshellguide/gic_munitionsworkbench_mortalshellguide.codex	/title	GIC: Mortal Shells	unused-or-deprecated-asset
GiC	Galaxy_in_Conflict_contents_2754886445.pak	/codex/LEGACY/TUTORIAL/gic_munitionsworkbench_mortalshellguide/gic_munitionsworkbench_mortalshellguide.codex	/description	"A small guide to Mortal Shells, an alternative to using equipment to parry.

^yellow;Interact to read codex.^reset;"	unused-or-deprecated-asset
GiC	Galaxy_in_Conflict_contents_2754886445.pak	/items/AMMUNITION/LEGACY/STANAG_FEDERATSIYA/gic_stanag_federatsiya_556x45mm_mag_corrosive.item	/description	"Type: STANAG NATO
Caliber: 5.56x45mm
Capacity: 30rnds

Effect: RAPID CORROSION (-30% DMG RES/10s)

Compatible: DCDR516, M16A3"	unused-or-deprecated-asset
GiC	Galaxy_in_Conflict_contents_2754886445.pak	/items/AMMUNITION/LEGACY/STANAG_FEDERATSIYA/gic_stanag_federatsiya_556x45mm_mag_corrosive.item	/shortdescription	5.56x45mm ^#FFDD00;[Corrosive]^reset;	unused-or-deprecated-asset
GiC	Galaxy_in_Conflict_contents_2754886445.pak	/interface/windowconfig/gic_wildlands_bountystatue.config	/paneLayout/scrollArea/children/itemList/schema/listTemplate/itemName/value	Replace Me	template-placeholder
GiC	Galaxy_in_Conflict_contents_2754886445.pak	/items/WEAPONS/LEGACY/gic_stgl40/gic_stgl40_khurtovyna_republic_officer.activeitem	/shortdescription	STGL40 Khurtovyna Republic Officer	unused-or-deprecated-asset
GiC	Galaxy_in_Conflict_contents_2754886445.pak	/npcs/crew/LEGACY/gic_floran_primitive_javelinthrower_crew.npctype	/scriptConfig/crew/role/name	Primitive Javelin-Thrower	unused-or-deprecated-asset
GiC	Galaxy_in_Conflict_contents_2754886445.pak	/codex/LEGACY/FLORAN_LIBERATION_FRONT/gic_floranliberationfront_marchforth/gic_floranliberationfront_marchforth.codex	/title	FLF - March Forth!	unused-or-deprecated-asset
GiC	Galaxy_in_Conflict_contents_2754886445.pak	/codex/LEGACY/FLORAN_LIBERATION_FRONT/gic_floranliberationfront_marchforth/gic_floranliberationfront_marchforth.codex	/description	To claim lost valor and avenge injustice.	unused-or-deprecated-asset
GiC	Galaxy_in_Conflict_contents_2754886445.pak	/codex/LEGACY/TUTORIAL/gic_novakidbackground_selfwrittennote/gic_novakidbackground_selfwrittennote.codex	/description	Must've been important.	unused-or-deprecated-asset
GiC	Galaxy_in_Conflict_contents_2754886445.pak	/monsters/LEGACY/PROTECTORATE/gic_protectorate_gunnerdrone/gic_protectorate_gunnerdrone.monstertype	/description	Protectorate Beluga Fighter	unused-or-deprecated-asset
GiC	Galaxy_in_Conflict_contents_2754886445.pak	/codex/LEGACY/Global_Earth_News/gic_gen_16/gic_gen_16.codex	/title	Earth Newspaper Headline #16	unused-or-deprecated-asset
GiC	Galaxy_in_Conflict_contents_2754886445.pak	/items/WEAPONS/LEGACY/DEPRECATED_SPECIAL/gic_grenade_bandolier/gic_fanofknives_bandolier.activeitem	/description	"''My memories no one knew are swept away
This power so detested... To you.''

Now you can throw multiple Fans of Knives at once, which deal light bleeding damage. Time controlling shenanigans are sadly still beyond the scope of this mundane kit... Reloading will use Fans of Knives from your inventory to refill the bandolier.

^green;Knives deal heavy bleeding.^reset;"	unused-or-deprecated-asset
GiC	Galaxy_in_Conflict_contents_2754886445.pak	/items/WEAPONS/LEGACY/DEPRECATED_SPECIAL/gic_grenade_bandolier/gic_fanofknives_bandolier.activeitem	/shortdescription	Bandolier of Knives	unused-or-deprecated-asset
GiC	Galaxy_in_Conflict_contents_2754886445.pak	/npcs/UNUSED/TRADE/gic_extractiondealer.npctype	/scriptConfig/guiConfig/gui/windowtitle/title	Extraction Dealer	unused-or-deprecated-asset
GiC	Galaxy_in_Conflict_contents_2754886445.pak	/npcs/UNUSED/TRADE/gic_extractiondealer.npctype	/scriptConfig/guiConfig/gui/windowtitle/subtitle	Manages extraction of Minerals.	unused-or-deprecated-asset
GiC	Galaxy_in_Conflict_contents_2754886445.pak	/interface/windowconfig/gic_generic_shop_notab_keine.config	/paneLayout/scrollArea/children/itemList/schema/listTemplate/itemName/value	Replace Me	template-placeholder
GiC	Galaxy_in_Conflict_contents_2754886445.pak	/monsters/LEGACY/UNITED_SYSTEMS/gic_unitan_gausshawk_fighter/gic_unitan_gausshawk_fighter.monstertype	/description	Protectorate Beluga Fighter	unused-or-deprecated-asset
GiC	Galaxy_in_Conflict_contents_2754886445.pak	/quests/STORY/LEGACY/ESTHER/MISSION_ACTIONS/gic_springfieldbar_intro.questtemplate	/title	^#D1FFDE;Springfield's Bar	unused-or-deprecated-asset
GiC	Galaxy_in_Conflict_contents_2754886445.pak	/objects/CRAFTING/LEGACY_CRAFTING/UNUSED/gic_extraction_merchantterminal/gic_extraction_merchantterminal.object	/description	Merchant Terminal for Extractions.	unused-or-deprecated-asset
GiC	Galaxy_in_Conflict_contents_2754886445.pak	/objects/CRAFTING/LEGACY_CRAFTING/UNUSED/gic_extraction_merchantterminal/gic_extraction_merchantterminal.object	/shortdescription	^orange;Merchant Terminal: Extraction [GIC]^white;	unused-or-deprecated-asset
GiC	Galaxy_in_Conflict_contents_2754886445.pak	/objects/CRAFTING/LEGACY_CRAFTING/UNUSED/gic_extraction_merchantterminal/gic_extraction_merchantterminal.object	/interactData/paneLayoutOverride/windowtitle/title	  Merchant Terminal: Extraction	unused-or-deprecated-asset
GiC	Galaxy_in_Conflict_contents_2754886445.pak	/objects/CRAFTING/LEGACY_CRAFTING/UNUSED/gic_extraction_merchantterminal/gic_extraction_merchantterminal.object	/interactData/paneLayoutOverride/windowtitle/subtitle	  Purchase of raw mineral resources for hobbyist purposes.	unused-or-deprecated-asset
GiC	Galaxy_in_Conflict_contents_2754886445.pak	/quests/STORY/LEGACY/ESTHER/MISSION_ACTIONS/gic_ec35b_shrinemaidenstatue.questtemplate	/title	^#D1FFDE;The Shrine Maiden	unused-or-deprecated-asset
GiC	Galaxy_in_Conflict_contents_2754886445.pak	/items/AMMUNITION/LEGACY/gic_owlhunterscrossbow_bolt/gic_owlhunterscrossbow_bolt.item	/description	"''We ain't got claws and teeth like these monsters, but we got smarts enough to make our own bite.''
  
A special crossbow bolt that hits like a truck and has explosive capabilities."	unused-or-deprecated-asset
GiC	Galaxy_in_Conflict_contents_2754886445.pak	/items/AMMUNITION/LEGACY/gic_owlhunterscrossbow_bolt/gic_owlhunterscrossbow_bolt.item	/shortdescription	Owl Hunter's Crossbow Bolt	unused-or-deprecated-asset
GiC	Galaxy_in_Conflict_contents_2754886445.pak	/behaviors/monsters/modular/actions/gic_fire_rotangle.behavior	/root/children/0/children/0/children/1/children/0/parameters/windupState/value	<windupState>	behavior-tree-parameter
GiC	Galaxy_in_Conflict_contents_2754886445.pak	/behaviors/monsters/modular/actions/gic_fire_rotangle.behavior	/root/children/0/children/0/children/1/children/0/parameters/skillName/value	<skillName>	behavior-tree-parameter
GiC	Galaxy_in_Conflict_contents_2754886445.pak	/behaviors/monsters/modular/actions/gic_fire_rotangle.behavior	/root/children/0/children/0/children/1/children/1/child/parameters/state/value	<fireState>	behavior-tree-parameter
GiC	Galaxy_in_Conflict_contents_2754886445.pak	/behaviors/monsters/modular/actions/gic_fire_rotangle.behavior	/root/children/0/children/0/children/1/children/1/child/parameters/type/value	<fireStateType>	behavior-tree-parameter
GiC	Galaxy_in_Conflict_contents_2754886445.pak	/behaviors/monsters/modular/actions/gic_fire_rotangle.behavior	/root/children/0/children/0/children/1/children/2/parameters/time/value	<fireDelay>	behavior-tree-parameter
GiC	Galaxy_in_Conflict_contents_2754886445.pak	/behaviors/monsters/modular/actions/gic_fire_rotangle.behavior	/root/children/0/children/0/children/1/children/4/children/1/child/children/0/child/parameters/sound/value	<fireSound>	behavior-tree-parameter
GiC	Galaxy_in_Conflict_contents_2754886445.pak	/behaviors/monsters/modular/actions/gic_fire_rotangle.behavior	/root/children/0/children/0/children/1/children/4/children/1/child/children/1/child/parameters/emitter/value	<fireParticleBurst>	behavior-tree-parameter
GiC	Galaxy_in_Conflict_contents_2754886445.pak	/behaviors/monsters/modular/actions/gic_fire_rotangle.behavior	/root/children/0/children/0/children/1/children/4/children/1/child/children/4/child/children/1/children/0/child/children/1/child/child/children/0/parameters/projectileName/value	<projectileType>	behavior-tree-parameter
GiC	Galaxy_in_Conflict_contents_2754886445.pak	/behaviors/monsters/modular/actions/gic_fire_rotangle.behavior	/root/children/0/children/0/children/1/children/4/children/1/child/children/4/child/children/3/parameters/projectileConfig/value	<projectileParameters>	behavior-tree-parameter
GiC	Galaxy_in_Conflict_contents_2754886445.pak	/behaviors/monsters/modular/actions/gic_fire_rotangle.behavior	/root/children/0/children/0/children/1/children/4/children/1/child/children/4/child/children/3/parameters/projectileType/value	<projectileType>	behavior-tree-parameter
GiC	Galaxy_in_Conflict_contents_2754886445.pak	/behaviors/monsters/modular/actions/gic_fire_rotangle.behavior	/root/children/0/children/0/children/1/children/4/children/1/child/children/6/child/children/1/children/1/parameters/time/value	<projectileInterval>	behavior-tree-parameter
GiC	Galaxy_in_Conflict_contents_2754886445.pak	/behaviors/monsters/modular/actions/gic_fire_rotangle.behavior	/root/children/1/parameters/winddownState/value	<winddownState>	behavior-tree-parameter
GiC	Galaxy_in_Conflict_contents_2754886445.pak	/monsters/LEGACY/PROTECTORATE/gic_protectorate_beluga_fighter/gic_protectorate_beluga_fighter_birdhunting.monstertype	/description	Protectorate Beluga Fighter	unused-or-deprecated-asset
GiC	Galaxy_in_Conflict_contents_2754886445.pak	/quests/STORY/LEGACY/PLANET_INCENTIVES/gic_esther_planetincentive_6_wartorn.questtemplate	/title	^orange;[GiC] Insurgency: Wartorn	unused-or-deprecated-asset
GiC	Galaxy_in_Conflict_contents_2754886445.pak	/items/WEAPONS/LEGACY/gic_frostmilitia_lightballista/gic_frostmilitia_lightballista.activeitem	/description	"^#D6AF8B;Bolts are classed as MELEE DMG. Shots deal double damage compared to their standard counterparts and deal 2s STUN per shot.^reset;
A gift from Lionheart: A miniature hand-held ballista. Lionheart knew deep in his own frail shell that he was no grand commissar or leader, no prize-winner, not even someone who was particularly charismatic. But he did know something very important: fear. With ice and iron, he fashioned weapons to challenge those he used to revere: Youkai."	unused-or-deprecated-asset
GiC	Galaxy_in_Conflict_contents_2754886445.pak	/items/WEAPONS/LEGACY/gic_frostmilitia_lightballista/gic_frostmilitia_lightballista.activeitem	/shortdescription	Lionheart's Light Ballista	unused-or-deprecated-asset
GiC	Galaxy_in_Conflict_contents_2754886445.pak	/monsters/LEGACY/FLORAN/gic_floran_liberationarcher/gic_floran_liberationarcher.monstertype	/shortdescription	[Floran Liberation Archer]	unused-or-deprecated-asset
GiC	Galaxy_in_Conflict_contents_2754886445.pak	/monsters/LEGACY/FLORAN/gic_floran_liberationarcher/gic_floran_liberationarcher.monstertype	/description	Ringed Knight moment.	unused-or-deprecated-asset
GiC	Galaxy_in_Conflict_contents_2754886445.pak	/monsters/LEGACY/gic_bandit_spectre_combatrobot/gic_bandit_spectre_combatrobot.monstertype	/shortdescription	[Spectre]	unused-or-deprecated-asset
GiC	Galaxy_in_Conflict_contents_2754886445.pak	/monsters/LEGACY/gic_bandit_spectre_combatrobot/gic_bandit_spectre_combatrobot.monstertype	/description	Knights of old.	unused-or-deprecated-asset
GiC	Galaxy_in_Conflict_contents_2754886445.pak	/items/AMMUNITION/LEGACY/gic_grantle_9x19mm_mag/gic_grantle_9x19mm_mag.item	/description	17rnd 9x19mm ammunition pistol double-stack magazine for Grantle weaponry.	unused-or-deprecated-asset
GiC	Galaxy_in_Conflict_contents_2754886445.pak	/items/AMMUNITION/LEGACY/gic_grantle_9x19mm_mag/gic_grantle_9x19mm_mag.item	/shortdescription	Grantle 9x19mm Mag	unused-or-deprecated-asset
GiC	Galaxy_in_Conflict_contents_2754886445.pak	/items/WEAPONS/LEGACY/gic_mg2750/gic_mg2750.activeitem	/description	LEGACY ITEM - This is a pre-v4.0 item and you should not be seeing this unless you have an older save. This item may no longer work. Please find a post-v4.0 item equivalent for its updated code and delete this item.	unused-or-deprecated-asset
GiC	Galaxy_in_Conflict_contents_2754886445.pak	/items/WEAPONS/LEGACY/gic_mg2750/gic_mg2750.activeitem	/shortdescription	[LEGACY ITEM]	unused-or-deprecated-asset
GiC	Galaxy_in_Conflict_contents_2754886445.pak	/items/WEAPONS/LEGACY/DEPRECATED_SPECIAL/gic_erchius_shrike_armcannon/gic_erchius_shrike_armcannon.activeitem	/shortdescription	Shrike Arm Cannon	unused-or-deprecated-asset
GiC	Galaxy_in_Conflict_contents_2754886445.pak	/monsters/LEGACY/SUMMONS/gic_summon_protectorateundeadpaladin/gic_summon_protectorateundeadpaladin_crestfallen_intro.monstertype	/shortdescription	[Crestfallen Protectorate Undead Paladin]	unused-or-deprecated-asset
GiC	Galaxy_in_Conflict_contents_2754886445.pak	/monsters/LEGACY/SUMMONS/gic_summon_protectorateundeadpaladin/gic_summon_protectorateundeadpaladin_crestfallen_intro.monstertype	/description	Knights of old.	unused-or-deprecated-asset
GiC	Galaxy_in_Conflict_contents_2754886445.pak	/items/MATERIALS/OLD/gic_rocketlauncherbase/gic_rocketlauncherbase.item	/description	The basic tubular skeleton for a rocket launcher.	unused-or-deprecated-asset
GiC	Galaxy_in_Conflict_contents_2754886445.pak	/items/MATERIALS/OLD/gic_rocketlauncherbase/gic_rocketlauncherbase.item	/shortdescription	Rocket Launcher Skeleton	unused-or-deprecated-asset
GiC	Galaxy_in_Conflict_contents_2754886445.pak	/items/WEAPONS/LEGACY/DEPRECATED_SPECIAL/gic_glitchhunter_repeatingpistol/gic_glitchhunter_repeatingpistol.activeitem	/description	LEGACY ITEM - This is a pre-v4.0 item and you should not be seeing this unless you have an older save. This item may no longer work. Please find a post-v4.0 item equivalent for its updated code and delete this item.	unused-or-deprecated-asset
GiC	Galaxy_in_Conflict_contents_2754886445.pak	/items/WEAPONS/LEGACY/DEPRECATED_SPECIAL/gic_glitchhunter_repeatingpistol/gic_glitchhunter_repeatingpistol.activeitem	/shortdescription	[LEGACY ITEM]	unused-or-deprecated-asset
GiC	Galaxy_in_Conflict_contents_2754886445.pak	/codex/LEGACY/CIVILIAN/gic_quarantinemeasurements/gic_quarantinemeasurements.codex	/title	Foreign Quarantine Regulations	unused-or-deprecated-asset
GiC	Galaxy_in_Conflict_contents_2754886445.pak	/codex/LEGACY/CIVILIAN/gic_quarantinemeasurements/gic_quarantinemeasurements.codex	/description	Information of regulating foreign contaminants within human space.	unused-or-deprecated-asset
GiC	Galaxy_in_Conflict_contents_2754886445.pak	/items/WEAPONS/LEGACY/gic_usm45/gic_usm45_onehanded.activeitem	/description	LEGACY ITEM - This is a pre-v4.0 item and you should not be seeing this unless you have an older save. This item may no longer work. Please find a post-v4.0 item equivalent for its updated code and delete this item.	unused-or-deprecated-asset
GiC	Galaxy_in_Conflict_contents_2754886445.pak	/items/WEAPONS/LEGACY/gic_usm45/gic_usm45_onehanded.activeitem	/shortdescription	[LEGACY ITEM]	unused-or-deprecated-asset
GiC	Galaxy_in_Conflict_contents_2754886445.pak	/codex/LEGACY/MISSIONS/TECHNICALITIES/gic_technicalities_vol11.codex	/title	Technicalities Vol.11	unused-or-deprecated-asset
GiC	Galaxy_in_Conflict_contents_2754886445.pak	/codex/LEGACY/MISSIONS/TECHNICALITIES/gic_technicalities_vol11.codex	/description	An excerpt from a redacted sociology publication.	unused-or-deprecated-asset
GiC	Galaxy_in_Conflict_contents_2754886445.pak	/monsters/LEGACY/gic_tombofthesatori_eye/gic_tombofthesatori_eye.monstertype	/shortdescription	[Eye of the Satori]	unused-or-deprecated-asset
GiC	Galaxy_in_Conflict_contents_2754886445.pak	/monsters/LEGACY/gic_tombofthesatori_eye/gic_tombofthesatori_eye.monstertype	/description	Some sort of anomaly.	unused-or-deprecated-asset
GiC	Galaxy_in_Conflict_contents_2754886445.pak	/interface/windowconfig/gic_undercolonyworkshopmerchant_merchantterminal.config	/paneLayout/scrollArea/children/itemList/schema/listTemplate/itemName/value	Replace Me	template-placeholder
GiC	Galaxy_in_Conflict_contents_2754886445.pak	/quests/STORY/LEGACY/BOSS_RUSH/gic_chapter2_bossrush_protected.questtemplate	/title	^orange;Boss Rush: Protected	unused-or-deprecated-asset
GiC	Galaxy_in_Conflict_contents_2754886445.pak	/quests/UNUSED/gic_shockbandit_bossbattle.questtemplate	/title	^yellow;Shock Bandit Boss	unused-or-deprecated-asset
GiC	Galaxy_in_Conflict_contents_2754886445.pak	/items/WEAPONS/LEGACY/ANCIENT_LEGACY/gic_soulspitter_bow/gic_soulspitter_bow.activeitem	/description	"Ask any sorcerer, and they'll tell you that something must be used as a catalyst to channel otherworldly energies. While the particular ''rules'' are unclear, any item with personal or sentimental value should suffice. Such items could include common weapons like swords, spears, bows, and even firearms.
^red;Energy regeneration is crippled while the bow is equipped.^reset;
^yellow;Arcane Archery: Standard shots fire 3 split arrows at a consistent speed regardless of draw-length. Charged shots fire a singular, piercing, soul-arrow.^reset;"	unused-or-deprecated-asset
GiC	Galaxy_in_Conflict_contents_2754886445.pak	/monsters/BRIGHT/LEGACY/gic_abyssal_undeadshieldsman/gic_abyssal_undeadshieldsman_summon.monstertype	/shortdescription	[Shieldsman]	unused-or-deprecated-asset
GiC	Galaxy_in_Conflict_contents_2754886445.pak	/monsters/BRIGHT/LEGACY/gic_abyssal_undeadshieldsman/gic_abyssal_undeadshieldsman_summon.monstertype	/description	Knights of old.	unused-or-deprecated-asset
GiC	Galaxy_in_Conflict_contents_2754886445.pak	/interface/windowconfig/LEGACY/gic_waterfiltrationstation.config	/paneLayout/windowtitle/subtitle	  Make sharp things.	unused-or-deprecated-asset
GiC	Galaxy_in_Conflict_contents_2754886445.pak	/interface/windowconfig/LEGACY/gic_waterfiltrationstation.config	/paneLayout/lblSchematics/value	^#b9b5b2;BLUEPRINTS	unused-or-deprecated-asset
GiC	Galaxy_in_Conflict_contents_2754886445.pak	/interface/windowconfig/LEGACY/gic_waterfiltrationstation.config	/paneLayout/lblProducttitle/value	^#b9b5b2;PRODUCT	unused-or-deprecated-asset
GiC	Galaxy_in_Conflict_contents_2754886445.pak	/interface/windowconfig/LEGACY/gic_waterfiltrationstation.config	/paneLayout/lblProduct/value	MATERIALS AVAILABLE	unused-or-deprecated-asset
GiC	Galaxy_in_Conflict_contents_2754886445.pak	/interface/windowconfig/LEGACY/gic_waterfiltrationstation.config	/paneLayout/scrollArea/children/itemList/schema/listTemplate/itemName/value	Replace Me	unused-or-deprecated-asset
GiC	Galaxy_in_Conflict_contents_2754886445.pak	/items/WEAPONS/LEGACY/gic_t60mg/gic_t60mg.activeitem	/description	A heavy, somehow usable 12.70x108mm cartridge Heavy Machine Gun light enough to be carried around by hand without immediately crippling the user. This weapon provides tremendous fire support but is ^red;indiscriminate^reset; in its damage. Only accepts the custom T60 HMG 12.7x108mm 40rnd Box Magazine.	unused-or-deprecated-asset
GiC	Galaxy_in_Conflict_contents_2754886445.pak	/items/WEAPONS/LEGACY/gic_t60mg/gic_t60mg.activeitem	/shortdescription	"T60 ""Tabor"" HMG"	unused-or-deprecated-asset
GiC	Galaxy_in_Conflict_contents_2754886445.pak	/items/MEDICAL/OLD/gic_spefak_medkit.consumable	/description	"Named the Spaceport Emergency First Aid Kit, this medical kit is often loaded into spaceships and ground flitter vehicles as standard in adherence to laws established after the first Golden Trail wars. ^green;This kit offers all the required equipment in sterile, controlled environments^white;.
^green;- Restores 150 health/3s | Heal Delay: 1s | Immobile Time: 2s
^yellow;- Heals Bruising.^white;
^orange;- Heals Burn Wounds.^white;
^gray;- Heals Fractures.^white;"	unused-or-deprecated-asset
GiC	Galaxy_in_Conflict_contents_2754886445.pak	/items/MEDICAL/OLD/gic_spefak_medkit.consumable	/shortdescription	^yellow;SPEFAK	unused-or-deprecated-asset
GiC	Galaxy_in_Conflict_contents_2754886445.pak	/monsters/LEGACY/gic_possessed_dynasty_machinegun_turret/gic_possessed_dynasty_machinegun_turret.monstertype	/shortdescription	AA Autocannon	unused-or-deprecated-asset
GiC	Galaxy_in_Conflict_contents_2754886445.pak	/monsters/LEGACY/gic_possessed_dynasty_machinegun_turret/gic_possessed_dynasty_machinegun_turret.monstertype	/description	4-barreled manned Autocannon.	unused-or-deprecated-asset
GiC	Galaxy_in_Conflict_contents_2754886445.pak	/interface/windowconfig/WORKSTATION/gic_optics_workstation.config	/paneLayout/scrollArea/children/itemList/schema/listTemplate/itemName/value	Replace Me	template-placeholder
GiC	Galaxy_in_Conflict_contents_2754886445.pak	/codex/LEGACY/gic_afflicted_indigestibleacademicjournal/gic_afflicted_indigestibleacademicjournal.codex	/title	Indigestible Academic Journal	unused-or-deprecated-asset
GiC	Galaxy_in_Conflict_contents_2754886445.pak	/codex/LEGACY/gic_afflicted_indigestibleacademicjournal/gic_afflicted_indigestibleacademicjournal.codex	/description	Why would something eat this? Oh...	unused-or-deprecated-asset
GiC	Galaxy_in_Conflict_contents_2754886445.pak	/items/WEAPONS/LEGACY/DEPRECATED_SPECIAL/gic_grenade_bandolier/gic_molotovbomb_bandolier.activeitem	/description	"''A drink to go with his food parcels.''

This item allows the rapid throwing of multiple Liquid Firebombs at once. Reloading will use Liquid Firebombs from your inventory to refill the bandolier."	unused-or-deprecated-asset
GiC	Galaxy_in_Conflict_contents_2754886445.pak	/items/WEAPONS/LEGACY/DEPRECATED_SPECIAL/gic_grenade_bandolier/gic_molotovbomb_bandolier.activeitem	/shortdescription	Liquid Firebomb Bandolier	unused-or-deprecated-asset
GiC	Galaxy_in_Conflict_contents_2754886445.pak	/vehicles/LEGACY/gic_sika_helicopter_urbanwarfare/gic_sika_helicopter_strikeforce/gic_sika_helicopter_strikeforce.vehicle	/repairTextConfig/actionOnReap/0/specification/text	^green;+100 HP^reset;	unused-or-deprecated-asset
GiC	Galaxy_in_Conflict_contents_2754886445.pak	/monsters/LEGACY/PROTECTORATE/gic_protectoratesynthknight/gic_protectoratesynthknight.monstertype	/shortdescription	[Protectorate Synth Knight]	unused-or-deprecated-asset
GiC	Galaxy_in_Conflict_contents_2754886445.pak	/monsters/LEGACY/PROTECTORATE/gic_protectoratesynthknight/gic_protectoratesynthknight.monstertype	/description	Knights of old.	unused-or-deprecated-asset
GiC	Galaxy_in_Conflict_contents_2754886445.pak	/items/WEAPONS/LEGACY/gic_otherworld_harpoonlauncher/gic_otherworld_harpoonlauncher.activeitem	/description	The native choice of 'suppressive' weaponry.	unused-or-deprecated-asset
GiC	Galaxy_in_Conflict_contents_2754886445.pak	/items/WEAPONS/LEGACY/gic_otherworld_harpoonlauncher/gic_otherworld_harpoonlauncher.activeitem	/shortdescription	Otherworld Harpoon Launcher	unused-or-deprecated-asset
GiC	Galaxy_in_Conflict_contents_2754886445.pak	/items/WEAPONS/LEGACY/COPSC/gic_copsc_smg/gic_copsc_smg_onehanded.activeitem	/description	LEGACY ITEM - This is a pre-v4.0 item and you should not be seeing this unless you have an older save. This item may no longer work. Please find a post-v4.0 item equivalent for its updated code and delete this item.	unused-or-deprecated-asset
GiC	Galaxy_in_Conflict_contents_2754886445.pak	/items/WEAPONS/LEGACY/COPSC/gic_copsc_smg/gic_copsc_smg_onehanded.activeitem	/shortdescription	[LEGACY ITEM]	unused-or-deprecated-asset
GiC	Galaxy_in_Conflict_contents_2754886445.pak	/codex/LEGACY/MISSIONS/ESTHER/1_1_FNG/gic_ec11_missingengineer.codex	/title	EC11 - Missing Engineer	unused-or-deprecated-asset
GiC	Galaxy_in_Conflict_contents_2754886445.pak	/codex/LEGACY/MISSIONS/ESTHER/1_1_FNG/gic_ec11_missingengineer.codex	/description	Esther Chapter 1-1-ME	unused-or-deprecated-asset
GiC	Galaxy_in_Conflict_contents_2754886445.pak	/items/AMMUNITION/LEGACY/STANAG_USM/gic_stanag_usm_762x39mm_mag_airburst.item	/description	[Legacy Item] Seek a newer version of this item. Thank you.	unused-or-deprecated-asset
GiC	Galaxy_in_Conflict_contents_2754886445.pak	/items/AMMUNITION/LEGACY/STANAG_USM/gic_stanag_usm_762x39mm_mag_airburst.item	/shortdescription	[Legacy Item]	unused-or-deprecated-asset
GiC	Galaxy_in_Conflict_contents_2754886445.pak	/interface/windowconfig/gic_dullahansorceress_merchant.config	/paneLayout/scrollArea/children/itemList/schema/listTemplate/itemName/value	Replace Me	template-placeholder
GiC	Galaxy_in_Conflict_contents_2754886445.pak	/quests/UNUSED/gic_letheiadealer_livingerchiussample.questtemplate	/title	^orange;Get me a sample [Repeatable]	unused-or-deprecated-asset
GiC	Galaxy_in_Conflict_contents_2754886445.pak	/codex/LEGACY/WARTORN/gic_wartorn_ruinedcomplex_sealedoffstorage/gic_wartorn_ruinedcomplex_sealedoffstorage.codex	/title	Sealed-Off Storage	unused-or-deprecated-asset
GiC	Galaxy_in_Conflict_contents_2754886445.pak	/codex/LEGACY/WARTORN/gic_wartorn_ruinedcomplex_sealedoffstorage/gic_wartorn_ruinedcomplex_sealedoffstorage.codex	/description	Underneath the unassuming depot...	unused-or-deprecated-asset
GiC	Galaxy_in_Conflict_contents_2754886445.pak	/codex/LEGACY/Global_Earth_News/gic_gen_13/gic_gen_13.codex	/title	Earth Newspaper Headline #13	unused-or-deprecated-asset
GiC	Galaxy_in_Conflict_contents_2754886445.pak	/items/MEDICAL/OLD/gic_unbranded_bloodtoken.consumable	/description	"The Unbranded are anomalies. The brand that which supposedly represents everything that makes them sapient simply... isn't. They are alive, but falling apart. They will lose their memories, until they return to the cosmos in a blast of plasma. Some are unfortunate, revived in their rapidly-detoriorating state and forced to endure another Flawless Hunt once more.
^orange;Stops Unbranded Novakids from deteroriating, thus granting them a normal life. ^red;Clears on death. If you are revived, you will need to obtain another Blood Token."	unused-or-deprecated-asset
GiC	Galaxy_in_Conflict_contents_2754886445.pak	/items/MEDICAL/OLD/gic_unbranded_bloodtoken.consumable	/shortdescription	^red;Unbranded Blood-Loop Token	unused-or-deprecated-asset
GiC	Galaxy_in_Conflict_contents_2754886445.pak	/monsters/GARDEN/LEGACY/gic_savage_impaler/gic_savage_impaler.monstertype	/shortdescription	[Gene-Cultist Impaler]	unused-or-deprecated-asset
GiC	Galaxy_in_Conflict_contents_2754886445.pak	/monsters/GARDEN/LEGACY/gic_savage_impaler/gic_savage_impaler.monstertype	/description	Knights of old.	unused-or-deprecated-asset
GiC	Galaxy_in_Conflict_contents_2754886445.pak	/interface/windowconfig/crafting.config	/paneLayout/scrollArea/children/itemList/schema/listTemplate/itemName/value	Replace Me	template-placeholder
GiC	Galaxy_in_Conflict_contents_2754886445.pak	/codex/LEGACY/TUTORIAL/gic_munitionsworkbench_mortalshellguide/gic_munitionsworkbench_mortalshell_hadern_guide.codex	/title	GIC: Hadern, The Shackled	unused-or-deprecated-asset
GiC	Galaxy_in_Conflict_contents_2754886445.pak	/codex/LEGACY/TUTORIAL/gic_munitionsworkbench_mortalshellguide/gic_munitionsworkbench_mortalshell_hadern_guide.codex	/description	Guide to Hadern, The Shackled	unused-or-deprecated-asset
GiC	Galaxy_in_Conflict_contents_2754886445.pak	/codex/LEGACY/gic_precursor_unified3/gic_precursor_unified3.codex	/title	Precursor: Our Struggle [3]	unused-or-deprecated-asset
GiC	Galaxy_in_Conflict_contents_2754886445.pak	/items/WEAPONS/LEGACY/gic_usm45/gic_usm45_stoppingpower.activeitem	/description	LEGACY ITEM - This is a pre-v4.0 item and you should not be seeing this unless you have an older save. This item may no longer work. Please find a post-v4.0 item equivalent for its updated code and delete this item.	unused-or-deprecated-asset
GiC	Galaxy_in_Conflict_contents_2754886445.pak	/items/WEAPONS/LEGACY/gic_usm45/gic_usm45_stoppingpower.activeitem	/shortdescription	[LEGACY ITEM]	unused-or-deprecated-asset
GiC	Galaxy_in_Conflict_contents_2754886445.pak	/items/SHIELDS/LEGACY/gic_tungstentable_towershield/gic_tungstentable_towershield.activeitem	/description	"''Anything could be a weapon if you're creative enough. A shield, after all, is just a wooden board with some handles. No one thing is capable of fighting against our ingenuity.''
  
^orange;Table Stance: 1000HP STABILITY | 45% DEF.^white;

^#D6DFFF;Shield Bash: Moving at great speeds and colliding with an enemy will deal damage based on the speed of the user. Cannot perfect-block.^white;"	unused-or-deprecated-asset
GiC	Galaxy_in_Conflict_contents_2754886445.pak	/items/SHIELDS/LEGACY/gic_tungstentable_towershield/gic_tungstentable_towershield.activeitem	/shortdescription	Tungsten Table Tower Shield	unused-or-deprecated-asset
GiC	Galaxy_in_Conflict_contents_2754886445.pak	/codex/LEGACY/gic_hyperspacewarpdrive/gic_hyperspacewarpdrive.codex	/title	Hyperspace Warp Drive	unused-or-deprecated-asset
GiC	Galaxy_in_Conflict_contents_2754886445.pak	/monsters/LEGACY/gic_division16_langley/gic_division16_langley.monstertype	/shortdescription	[Director Kirisame of Division 16]	unused-or-deprecated-asset
GiC	Galaxy_in_Conflict_contents_2754886445.pak	/monsters/LEGACY/gic_division16_langley/gic_division16_langley.monstertype	/description	Some sort of anomaly. Reacts violently.	unused-or-deprecated-asset
GiC	Galaxy_in_Conflict_contents_2754886445.pak	/items/WEAPONS/LEGACY/gic_frostmilitia_crossbow/gic_frostmilitia_crossbow.activeitem	/description	"^#D6AF8B;Uses various bolts. Bolts are classed as MELEE DMG.^reset;

The earliest archaeological evidence of the repeating crossbow is found in the state of Chu, but it uses a pistol grip that is different from the later and more commonly known Ming dynasty design. Although the repeating crossbow was in use throughout most of Chinese history until the late Qing dynasty, it was generally regarded as a non-military weapon suited for women, defending households against robbers, and even hunting."	unused-or-deprecated-asset
GiC	Galaxy_in_Conflict_contents_2754886445.pak	/interface/windowconfig/gic_blackmarket_razed.config	/paneLayout/scrollArea/children/itemList/schema/listTemplate/itemName/value	Replace Me	template-placeholder
GiC	Galaxy_in_Conflict_contents_2754886445.pak	/monsters/LEGACY/ERCHIUS/gic_erchius_seeker/gic_erchius_seeker.monstertype	/shortdescription	Erchius Crystal Sentinel	unused-or-deprecated-asset
GiC	Galaxy_in_Conflict_contents_2754886445.pak	/monsters/LEGACY/ERCHIUS/gic_erchius_seeker/gic_erchius_seeker.monstertype	/description	Some sort of living rock.	unused-or-deprecated-asset
GiC	Galaxy_in_Conflict_contents_2754886445.pak	/items/WEAPONS/LEGACY/ANCIENT_LEGACY/gic_ccr71_gazscav/gic_ccr71_gazscav.activeitem	/description	"^green;7.7x56mm^white; Battle Rifle suited to the harsh blockaded environment of the Gazring. A foregrip has been added for better stability in zero-gravity environments. The rear sight has been removed entirely and the front sight folded to increase visibility. A laser sight now sits atop where the rear sight once was to allow accurate fire without proper aiming. This setup improves recoil management, but overall accuracy is penalized.

^green;Hold down ""Alt Fire"" to switch between Full Auto and Semi-Auto.^reset;"	unused-or-deprecated-asset
GiC	Galaxy_in_Conflict_contents_2754886445.pak	/items/WEAPONS/LEGACY/ANCIENT_LEGACY/gic_ccr71_gazscav/gic_ccr71_gazscav.activeitem	/shortdescription	Colonial Combat Rifle 71 'Gaz-Scav'	unused-or-deprecated-asset
GiC	Galaxy_in_Conflict_contents_2754886445.pak	/items/WEAPONS/LEGACY/ANCIENT_LEGACY/BOSS/gic_grenadethrow_npc/gic_molotovthrow_npc.activeitem	/description	The arcane magic of throwing things.	unused-or-deprecated-asset
GiC	Galaxy_in_Conflict_contents_2754886445.pak	/items/WEAPONS/LEGACY/ANCIENT_LEGACY/BOSS/gic_grenadethrow_npc/gic_molotovthrow_npc.activeitem	/shortdescription	NPC Molotov Throw.	unused-or-deprecated-asset
GiC	Galaxy_in_Conflict_contents_2754886445.pak	/quests/STORY/LEGACY/ESTHER/MISSION_ACTIONS/gic_ec36_komachi.questtemplate	/title	^#D1FFDE;The Assassination Target	unused-or-deprecated-asset
GiC	Galaxy_in_Conflict_contents_2754886445.pak	/items/AMMUNITION/LEGACY/gic_usm45_1143x23mm_mag/gic_usm45_1143x23mm_mag.item	/description	7rnd .45 caliber ammunition magazine for the M1911 pistol.	unused-or-deprecated-asset
GiC	Galaxy_in_Conflict_contents_2754886445.pak	/items/AMMUNITION/LEGACY/gic_usm45_1143x23mm_mag/gic_usm45_1143x23mm_mag.item	/shortdescription	M1911 Magazine	unused-or-deprecated-asset
GiC	Galaxy_in_Conflict_contents_2754886445.pak	/items/UNUSED/RESEARCH/gic_erchiusfuelrod/gic_erchiusfuelrod.item	/description	A standard fuel rod compatible with most recently-manufactured human space vessels. Fuel Value: 3000u	unused-or-deprecated-asset
GiC	Galaxy_in_Conflict_contents_2754886445.pak	/items/UNUSED/RESEARCH/gic_erchiusfuelrod/gic_erchiusfuelrod.item	/shortdescription	Erchius Fuel Rod	unused-or-deprecated-asset
GiC	Galaxy_in_Conflict_contents_2754886445.pak	/monsters/LEGACY/ERCHIUS/gic_erchius_shieldsman/gic_erchius_shieldsman_summon.monstertype	/shortdescription	[Erchius Shieldsman]	unused-or-deprecated-asset
GiC	Galaxy_in_Conflict_contents_2754886445.pak	/monsters/LEGACY/ERCHIUS/gic_erchius_shieldsman/gic_erchius_shieldsman_summon.monstertype	/description	Knights of old.	unused-or-deprecated-asset
GiC	Galaxy_in_Conflict_contents_2754886445.pak	/objects/CRAFTING/WORKBENCH/LEGACY/gic_ammunition_workbench/gic_ammunition_workbench.object	/description	DEPRECATED | Moved over to Ammunition Workstation.	unused-or-deprecated-asset
GiC	Galaxy_in_Conflict_contents_2754886445.pak	/objects/CRAFTING/WORKBENCH/LEGACY/gic_ammunition_workbench/gic_ammunition_workbench.object	/shortdescription	^orange;Ammunition Workbench^white;	unused-or-deprecated-asset
GiC	Galaxy_in_Conflict_contents_2754886445.pak	/objects/CRAFTING/WORKBENCH/LEGACY/gic_ammunition_workbench/gic_ammunition_workbench.object	/interactData/paneLayoutOverride/windowtitle/title	  Ammunition Workbench	unused-or-deprecated-asset
GiC	Galaxy_in_Conflict_contents_2754886445.pak	/objects/CRAFTING/WORKBENCH/LEGACY/gic_ammunition_workbench/gic_ammunition_workbench.object	/interactData/paneLayoutOverride/windowtitle/subtitle	  DEPRECATED | Moved over to Ammunition Workstation.	unused-or-deprecated-asset
GiC	Galaxy_in_Conflict_contents_2754886445.pak	/objects/CRAFTING/WORKBENCH/LEGACY/gic_ammunition_workbench/gic_ammunition_workbench.object	/apexDescription	Rebel Apex troops would often have to create their own weapons like this.	unused-or-deprecated-asset
GiC	Galaxy_in_Conflict_contents_2754886445.pak	/objects/CRAFTING/WORKBENCH/LEGACY/gic_ammunition_workbench/gic_ammunition_workbench.object	/avianDescription	To be honest, anything could be turned into a workbench if you tried hard enough.	unused-or-deprecated-asset
GiC	Galaxy_in_Conflict_contents_2754886445.pak	/objects/CRAFTING/WORKBENCH/LEGACY/gic_ammunition_workbench/gic_ammunition_workbench.object	/floranDescription	Big heavy boxes, good for dropping on prey.	unused-or-deprecated-asset
GiC	Galaxy_in_Conflict_contents_2754886445.pak	/objects/CRAFTING/WORKBENCH/LEGACY/gic_ammunition_workbench/gic_ammunition_workbench.object	/glitchDescription	Confused. I need to make these weapons in parts?	unused-or-deprecated-asset
GiC	Galaxy_in_Conflict_contents_2754886445.pak	/objects/CRAFTING/WORKBENCH/LEGACY/gic_ammunition_workbench/gic_ammunition_workbench.object	/humanDescription	A workshop with most things required to painstakingly work on the field of firearms.	unused-or-deprecated-asset
GiC	Galaxy_in_Conflict_contents_2754886445.pak	/objects/CRAFTING/WORKBENCH/LEGACY/gic_ammunition_workbench/gic_ammunition_workbench.object	/hylotlDescription	A table to create violent weapons of war.	unused-or-deprecated-asset
GiC	Galaxy_in_Conflict_contents_2754886445.pak	/objects/CRAFTING/WORKBENCH/LEGACY/gic_ammunition_workbench/gic_ammunition_workbench.object	/novakidDescription	Whoo-ey! Looks like the guns the blacksmiths make.	unused-or-deprecated-asset
GiC	Galaxy_in_Conflict_contents_2754886445.pak	/behaviors/npc/gic_hostileguard.behavior	/root/children/1/children/2/children/0/children/1/children/3/title	NPC Combat	behavior-tree-parameter
GiC	Galaxy_in_Conflict_contents_2754886445.pak	/behaviors/npc/gic_hostileguard.behavior	/root/children/1/children/3/title	NPC Idle	behavior-tree-parameter
GiC	Galaxy_in_Conflict_contents_2754886445.pak	/behaviors/npc/gic_hostileguard.behavior	/root/children/1/children/3/name	NPC Idle	behavior-tree-parameter
GiC	Galaxy_in_Conflict_contents_2754886445.pak	/monsters/LEGACY/UNITED_SYSTEMS/gic_augmentyr_airborne_serviceskull/gic_augmentyr_airborne_serviceskull.monstertype	/shortdescription	Augmentyr Service Skull	unused-or-deprecated-asset
GiC	Galaxy_in_Conflict_contents_2754886445.pak	/monsters/LEGACY/UNITED_SYSTEMS/gic_augmentyr_airborne_serviceskull/gic_augmentyr_airborne_serviceskull.monstertype	/description	Some sort of anomaly. Reacts violently.	unused-or-deprecated-asset
GiC	Galaxy_in_Conflict_contents_2754886445.pak	/quests/STORY/LEGACY/BOSS_RUSH/gic_chapter2_bossrush_crusade.questtemplate	/title	^orange;Boss Rush: Crusade	unused-or-deprecated-asset
GiC	Galaxy_in_Conflict_contents_2754886445.pak	/items/UNUSED/RESEARCH/gic_glitch_soul/gic_glitch_soul.item	/description	A soul, twisted and crammed into a physical form so it may interface with an otherwise mundane Glitch body. No one can guess as to its true origin, but someone with esoteric knowledge may be able to utilize its energy. Bring to a Celestial Merchant.	unused-or-deprecated-asset
GiC	Galaxy_in_Conflict_contents_2754886445.pak	/items/UNUSED/RESEARCH/gic_glitch_soul/gic_glitch_soul.item	/shortdescription	Glitch Soul	unused-or-deprecated-asset
GiC	Galaxy_in_Conflict_contents_2754886445.pak	/interface/windowconfig/gic_clothingstore_citymall.config	/paneLayout/scrollArea/children/itemList/schema/listTemplate/itemName/value	Replace Me	template-placeholder
GiC	Galaxy_in_Conflict_contents_2754886445.pak	/monsters/LEGACY/ERCHIUS/gic_afflicted_stoneknight/gic_afflicted_stoneknight.monstertype	/shortdescription	[Afflicted Stone Knight]	unused-or-deprecated-asset
GiC	Galaxy_in_Conflict_contents_2754886445.pak	/monsters/LEGACY/ERCHIUS/gic_afflicted_stoneknight/gic_afflicted_stoneknight.monstertype	/description	Knights of old.	unused-or-deprecated-asset
GiC	Galaxy_in_Conflict_contents_2754886445.pak	/items/WEAPONS/LEGACY/DEPRECATED_SPECIAL/gic_riotstunspear_javelin/gic_riotstunspear_javelin.activeitem	/description	"Designed for societies with heavy disarmament, these spears allow local policing forces to utilise ancient pike-and-shot tactics for riot suppression. Survivalists have found different uses, also being tuned to overload upon impact with the ground, releasing chaff-like metallic dust which rapidly electrifies an immediate area.

^green;Direct hits overcharge targets for 30s, reducing their attack power by 50%"	unused-or-deprecated-asset
GiC	Galaxy_in_Conflict_contents_2754886445.pak	/items/WEAPONS/LEGACY/DEPRECATED_SPECIAL/gic_riotstunspear_javelin/gic_riotstunspear_javelin.activeitem	/shortdescription	Riot Stun Spear Javelin	unused-or-deprecated-asset
GiC	Galaxy_in_Conflict_contents_2754886445.pak	/codex/LEGACY/Global_Earth_News/gic_gen_1/gic_gen_1.codex	/title	Earth Newspaper Headline #1	unused-or-deprecated-asset
GiC	Galaxy_in_Conflict_contents_2754886445.pak	/monsters/LEGACY/gic_colonial_courageous_ship/gic_colonial_courageous_ship.monstertype	/description	Protectorate Beluga Fighter	unused-or-deprecated-asset
GiC	Galaxy_in_Conflict_contents_2754886445.pak	/interface/windowconfig/gic_blackmarket_wartorn.config	/paneLayout/scrollArea/children/itemList/schema/listTemplate/itemName/value	Replace Me	template-placeholder
GiC	Galaxy_in_Conflict_contents_2754886445.pak	/interface/windowconfig/gic_blackmarket_gazrianvillage_merchant.config	/paneLayout/scrollArea/children/itemList/schema/listTemplate/itemName/value	Replace Me	template-placeholder
GiC	Galaxy_in_Conflict_contents_2754886445.pak	/items/AMMUNITION/LEGACY/gic_sova_gb_545x15mm_mag/gic_sova_gb_545x15mm_mag.item	/description	10rnd Civilian Magazine that fits the SOVA-GB only. 5.45x15mm caliber.	unused-or-deprecated-asset
GiC	Galaxy_in_Conflict_contents_2754886445.pak	/items/AMMUNITION/LEGACY/gic_sova_gb_545x15mm_mag/gic_sova_gb_545x15mm_mag.item	/shortdescription	SOVA-GB 5.45x15mm Magazine	unused-or-deprecated-asset
GiC	Galaxy_in_Conflict_contents_2754886445.pak	/interface/windowconfig/COOKING/gic_cooking_boilingpot.config	/paneLayout/scrollArea/children/itemList/schema/listTemplate/itemName/value	Replace Me	template-placeholder
GiC	Galaxy_in_Conflict_contents_2754886445.pak	/items/UNUSED/REMNANTS/gic_remnant_hellraven.item	/description	"A fiery remnant of the Hell Raven, a noble spirit given a world in turmoil.

The Hell Raven was in truth not a human like her sworn knight nor a synthetic like her robotic cousin on the resistance's side, but a youkai whose raw power and changed ways enabled her to assume nobleship of a dying state. Whether she was successful or not still remains to be seen.
^#FFE460;Trade at a Soulsmith to transform into something greater.^reset;"	unused-or-deprecated-asset
GiC	Galaxy_in_Conflict_contents_2754886445.pak	/items/UNUSED/REMNANTS/gic_remnant_hellraven.item	/shortdescription	Remnant of the Hell Raven	unused-or-deprecated-asset
GiC	Galaxy_in_Conflict_contents_2754886445.pak	/items/MEDICAL/OLD/gic_woundcauterization_kit.consumable	/description	"A crude 'kit' consisting of nothing more than a box of matches and a lighter. Used in the most dire of situations: If you're bleeding out, you probably don't have the steady hands necessary to strike a match, so that's what the lighter is for. Just ignite a fistful of matches and stab it in the wound.

^green;- Immediately recovers Light, Medium, and Heavy Bleeding.^white;
^orange;- Causes Burn Wounds.^white;
^red;- Mobility hindered for 5 seconds.^reset;"	unused-or-deprecated-asset
GiC	Galaxy_in_Conflict_contents_2754886445.pak	/items/MEDICAL/OLD/gic_woundcauterization_kit.consumable	/shortdescription	^yellow;Wound Cauterization Kit	unused-or-deprecated-asset
GiC	Galaxy_in_Conflict_contents_2754886445.pak	/npcs/UNUSED/MERCHANT/gic_electronicmerchant.npctype	/scriptConfig/merchant/paneLayoutOverride/windowtitle/title	  Electronics Guru	unused-or-deprecated-asset
GiC	Galaxy_in_Conflict_contents_2754886445.pak	/npcs/UNUSED/MERCHANT/gic_electronicmerchant.npctype	/scriptConfig/merchant/paneLayoutOverride/windowtitle/subtitle	  Sells basic electronics.	unused-or-deprecated-asset
GiC	Galaxy_in_Conflict_contents_2754886445.pak	/npcs/crew/LEGACY/gic_retainer_peacekeeper_veteran_crew.npctype	/scriptConfig/crew/interactData/title	^#52A8DD;Peacekeeper Veteran Retainer^reset;	unused-or-deprecated-asset
GiC	Galaxy_in_Conflict_contents_2754886445.pak	/npcs/crew/LEGACY/gic_retainer_peacekeeper_veteran_crew.npctype	/scriptConfig/crew/interactData/subtitle	^#E0C200;''I've kept what peace I could find...''^reset;	unused-or-deprecated-asset
GiC	Galaxy_in_Conflict_contents_2754886445.pak	/npcs/crew/LEGACY/gic_retainer_peacekeeper_veteran_crew.npctype	/scriptConfig/crew/interactData/message	"^#E0C200;Attack Power, EWS Accuracy, and EWS Hit Chance^reset; increased by +15% each
^#52A8DD;Peacekeepers take up arms for the Protectorate voluntarily. Many go uncredited and forgotten, having seen more of the galaxy than most undying Protectors.^reset;"	unused-or-deprecated-asset
GiC	Galaxy_in_Conflict_contents_2754886445.pak	/monsters/LEGACY/SUMMONS/gic_summon_tsukasa/gic_summon_tsukasa.monstertype	/shortdescription	[Tsukasa Kudamaki]	unused-or-deprecated-asset
GiC	Galaxy_in_Conflict_contents_2754886445.pak	/monsters/LEGACY/SUMMONS/gic_summon_tsukasa/gic_summon_tsukasa.monstertype	/description	Knights of old.	unused-or-deprecated-asset
GiC	Galaxy_in_Conflict_contents_2754886445.pak	/items/WEAPONS/LEGACY/DEPRECATED_SPECIAL/gic_hunterspistol/gic_braceofhunterpistols.activeitem	/description	"^#EA3C0B;Point-Blank Shot: Shots at muzzle range deal heavy damage, as well as knocking the enemy and player back^reset; | ^yellow;Cannot hit targets beyond point-blank ranges.^reset;
^orange;HIT CHANCE replaced with CRIT CHANCE. CRIT Shots increase pellet DMG by 3x.^reset;
^#EA3C0B;Highwayman's Resourcefulness: Shots are packed with large consistent pellets, dealing 5x50 additional damage | Auto-reloading.^reset;
Uses 20mm Musket Ball and Shot."	unused-or-deprecated-asset
GiC	Galaxy_in_Conflict_contents_2754886445.pak	/items/WEAPONS/LEGACY/DEPRECATED_SPECIAL/gic_hunterspistol/gic_braceofhunterpistols.activeitem	/shortdescription	Brigand's Brace of Hunter-Pistols	unused-or-deprecated-asset
GiC	Galaxy_in_Conflict_contents_2754886445.pak	/interface/windowconfig/gic_wildlands_bountyhunt_deputy.config	/paneLayout/scrollArea/children/itemList/schema/listTemplate/itemName/value	Replace Me	template-placeholder
GiC	Galaxy_in_Conflict_contents_2754886445.pak	/codex/LEGACY/GUN_INFORMATION/gic_kalashgunseries/gic_kalashgunseries.codex	/title	Origins: 'Kalash'	unused-or-deprecated-asset
GiC	Galaxy_in_Conflict_contents_2754886445.pak	/items/WEAPONS/LEGACY/DEPRECATED_SPECIAL/gic_grenade_bandolier/gic_temptinggoblet_bandolier.activeitem	/description	"''Decisions are made. And consequences follow. It is the way.''

Weaponizes healing flasks, turning the divine waters into something vile and rancid.

Reloading will use Healing Flasks from your inventory to refill the Tempting Goblet."	unused-or-deprecated-asset
GiC	Galaxy_in_Conflict_contents_2754886445.pak	/items/WEAPONS/LEGACY/DEPRECATED_SPECIAL/gic_grenade_bandolier/gic_temptinggoblet_bandolier.activeitem	/shortdescription	Tempting Goblet	unused-or-deprecated-asset
GiC	Galaxy_in_Conflict_contents_2754886445.pak	/interface/windowconfig/WORKSTATION/gic_emplacements_workstation.config	/paneLayout/scrollArea/children/itemList/schema/listTemplate/itemName/value	Replace Me	template-placeholder
GiC	Galaxy_in_Conflict_contents_2754886445.pak	/interface/windowconfig/LEGACY/gic_scrapworkbench_old.config	/paneLayout/windowtitle/subtitle	  Make sharp things.	unused-or-deprecated-asset
GiC	Galaxy_in_Conflict_contents_2754886445.pak	/interface/windowconfig/LEGACY/gic_scrapworkbench_old.config	/paneLayout/lblSchematics/value	^#b9b5b2;BLUEPRINTS	unused-or-deprecated-asset
GiC	Galaxy_in_Conflict_contents_2754886445.pak	/interface/windowconfig/LEGACY/gic_scrapworkbench_old.config	/paneLayout/lblProducttitle/value	^#b9b5b2;PRODUCT	unused-or-deprecated-asset
GiC	Galaxy_in_Conflict_contents_2754886445.pak	/interface/windowconfig/LEGACY/gic_scrapworkbench_old.config	/paneLayout/lblProduct/value	MATERIALS AVAILABLE	unused-or-deprecated-asset
GiC	Galaxy_in_Conflict_contents_2754886445.pak	/interface/windowconfig/LEGACY/gic_scrapworkbench_old.config	/paneLayout/scrollArea/children/itemList/schema/listTemplate/itemName/value	Replace Me	unused-or-deprecated-asset
GiC	Galaxy_in_Conflict_contents_2754886445.pak	/quests/STORY/LEGACY/ESTHER/LIONHEART/gic_lionheart_redsunnecklace.questtemplate	/title	^#D1FFDE;The Virtuous	unused-or-deprecated-asset
GiC	Galaxy_in_Conflict_contents_2754886445.pak	/items/WEAPONS/LEGACY/gic_36cal_freemanrevolver/gic_36cal_freemanrevolver.activeitem	/description	LEGACY ITEM - This is a pre-v4.0 item and you should not be seeing this unless you have an older save. This item may no longer work. Please find a post-v4.0 item equivalent for its updated code and delete this item.	unused-or-deprecated-asset
GiC	Galaxy_in_Conflict_contents_2754886445.pak	/items/WEAPONS/LEGACY/gic_36cal_freemanrevolver/gic_36cal_freemanrevolver.activeitem	/shortdescription	[LEGACY ITEM]	unused-or-deprecated-asset
GiC	Galaxy_in_Conflict_contents_2754886445.pak	/npcs/crew/LEGACY/gic_colonial_egoisticadventurer_crew.npctype	/scriptConfig/crew/role/name	Egoistic Adventurer	unused-or-deprecated-asset
GiC	Galaxy_in_Conflict_contents_2754886445.pak	/items/WEAPONS/LEGACY/ANCIENT_LEGACY/gic_tranquilizerrifle/gic_tranquilizerrifle.activeitem	/description	Tranquilizer gun. Will severely stun anything it hits.	unused-or-deprecated-asset
GiC	Galaxy_in_Conflict_contents_2754886445.pak	/items/WEAPONS/LEGACY/ANCIENT_LEGACY/gic_tranquilizerrifle/gic_tranquilizerrifle.activeitem	/shortdescription	Tranquilizer Rifle	unused-or-deprecated-asset
GiC	Galaxy_in_Conflict_contents_2754886445.pak	/monsters/LEGACY/ERCHIUS/gic_erchius_suppressor/gic_erchius_suppressor.monstertype	/shortdescription	Erchius Suppressor	unused-or-deprecated-asset
GiC	Galaxy_in_Conflict_contents_2754886445.pak	/monsters/LEGACY/ERCHIUS/gic_erchius_suppressor/gic_erchius_suppressor.monstertype	/description	Crouch and this thing will never be able to touch you.	unused-or-deprecated-asset
GiC	Galaxy_in_Conflict_contents_2754886445.pak	/codex/LEGACY/UNITED_SYSTEMS/gic_unitedsystems_warhistory/gic_unitedsystems_warhistory.codex	/title	US - War History	unused-or-deprecated-asset
GiC	Galaxy_in_Conflict_contents_2754886445.pak	/codex/LEGACY/UNITED_SYSTEMS/gic_unitedsystems_warhistory/gic_unitedsystems_warhistory.codex	/description	A somewhat limited list of major conflicts the United Systems have been involved in.	unused-or-deprecated-asset
GiC	Galaxy_in_Conflict_contents_2754886445.pak	/monsters/BRIGHT/LEGACY/gic_abyssal_suppressor/gic_abyssal_suppressor_summon.monstertype	/description	Crouch and this thing will never be able to touch you.	unused-or-deprecated-asset
GiC	Galaxy_in_Conflict_contents_2754886445.pak	/objects/CRAFTING/LEGACY_CRAFTING/UNUSED/gic_humanclothesshop_tradeterminal/gic_humanclothesshop_tradeterminal.object	/description	Extra-Solar Human fashion is understandably militant... except when it isn't.	unused-or-deprecated-asset
GiC	Galaxy_in_Conflict_contents_2754886445.pak	/objects/CRAFTING/LEGACY_CRAFTING/UNUSED/gic_humanclothesshop_tradeterminal/gic_humanclothesshop_tradeterminal.object	/shortdescription	^orange;Trade Terminal: Human Clothes Shop [GIC]^white;	unused-or-deprecated-asset
GiC	Galaxy_in_Conflict_contents_2754886445.pak	/objects/CRAFTING/LEGACY_CRAFTING/UNUSED/gic_humanclothesshop_tradeterminal/gic_humanclothesshop_tradeterminal.object	/interactData/paneLayoutOverride/windowtitle/title	  Trade Terminal: Human Clothes Shop	unused-or-deprecated-asset
GiC	Galaxy_in_Conflict_contents_2754886445.pak	/objects/CRAFTING/LEGACY_CRAFTING/UNUSED/gic_humanclothesshop_tradeterminal/gic_humanclothesshop_tradeterminal.object	/interactData/paneLayoutOverride/windowtitle/subtitle	  Extra-Solar Human fashion is understandably militant... except when it isn't.	unused-or-deprecated-asset
GiC	Galaxy_in_Conflict_contents_2754886445.pak	/codex/LEGACY/PRISON/gic_abandonedcolonialprison_abandonmentorder/gic_abandonedcolonialprison_abandonmentorder.codex	/title	Colonial Penitentiary Abandonment Order	unused-or-deprecated-asset
GiC	Galaxy_in_Conflict_contents_2754886445.pak	/monsters/LEGACY/FLORAN/gic_floran_cannoneer/gic_floran_cannoneer.monstertype	/shortdescription	[Floran Cannoneer]	unused-or-deprecated-asset
GiC	Galaxy_in_Conflict_contents_2754886445.pak	/monsters/LEGACY/FLORAN/gic_floran_cannoneer/gic_floran_cannoneer.monstertype	/description	Age of Fire.	unused-or-deprecated-asset
GiC	Galaxy_in_Conflict_contents_2754886445.pak	/monsters/LEGACY/MEGA_LEGACY/gic_evolvedswarmerdrone/gic_evolvedswarmerdrone.monstertype	/shortdescription	[Evolved Swarmer Drone]	unused-or-deprecated-asset
GiC	Galaxy_in_Conflict_contents_2754886445.pak	/monsters/LEGACY/MEGA_LEGACY/gic_evolvedswarmerdrone/gic_evolvedswarmerdrone.monstertype	/description	The mastermind of an incursion.	unused-or-deprecated-asset
GiC	Galaxy_in_Conflict_contents_2754886445.pak	/codex/LEGACY/TYLIAN/gic_tylian_usm47a2.codex	/title	Mystery of the A2	unused-or-deprecated-asset
GiC	Galaxy_in_Conflict_contents_2754886445.pak	/codex/LEGACY/TYLIAN/gic_tylian_usm47a2.codex	/description	[Tylian, 2nd, Month of Sacrifice]	unused-or-deprecated-asset
GiC	Galaxy_in_Conflict_contents_2754886445.pak	/npcs/UNUSED/MERCHANT/gic_spaceportvehicledealer.npctype	/scriptConfig/merchant/paneLayoutOverride/windowtitle/title	  Colony Spaceport Dealer	unused-or-deprecated-asset
GiC	Galaxy_in_Conflict_contents_2754886445.pak	/npcs/UNUSED/MERCHANT/gic_spaceportvehicledealer.npctype	/scriptConfig/merchant/paneLayoutOverride/windowtitle/subtitle	  Sells entry-level spacecraft.	unused-or-deprecated-asset
GiC	Galaxy_in_Conflict_contents_2754886445.pak	/interface/windowconfig/WORKSTATION/gic_ballistics_workshop.config	/paneLayout/scrollArea/children/itemList/schema/listTemplate/itemName/value	Replace Me	template-placeholder
GiC	Galaxy_in_Conflict_contents_2754886445.pak	/items/WEAPONS/LEGACY/gic_mg2750/gic_mg2750_npc.activeitem	/description	Extremely fast-firing machinegun chambered for the 7.7x56mm round. This model uses either 100rnd box magazines or 50rnd drum magazines. Best used for suppressive fire roles.	unused-or-deprecated-asset
GiC	Galaxy_in_Conflict_contents_2754886445.pak	/items/WEAPONS/LEGACY/gic_mg2750/gic_mg2750_npc.activeitem	/shortdescription	MG2750 (NPC)	unused-or-deprecated-asset
GiC	Galaxy_in_Conflict_contents_2754886445.pak	/items/WEAPONS/LEGACY/ANCIENT_LEGACY/gic_bohiya/gic_bohiya_flamer.activeitem	/description	Extremely ancient 'rifle' dating back to the 10th Century which fires rocket arrows. This modern variant fashioned out of scavenged parts is a feat of engineering on its own, and uses the same principles as the ones from ancient Earth.	unused-or-deprecated-asset
GiC	Galaxy_in_Conflict_contents_2754886445.pak	/items/WEAPONS/LEGACY/ANCIENT_LEGACY/gic_bohiya/gic_bohiya_flamer.activeitem	/shortdescription	Bo-Hiya Flamer	unused-or-deprecated-asset
GiC	Galaxy_in_Conflict_contents_2754886445.pak	/npcs/UNUSED/TRADE/gic_rationtrader.npctype	/scriptConfig/guiConfig/gui/windowtitle/title	Rations Trader	unused-or-deprecated-asset
GiC	Galaxy_in_Conflict_contents_2754886445.pak	/npcs/UNUSED/TRADE/gic_rationtrader.npctype	/scriptConfig/guiConfig/gui/windowtitle/subtitle	Deals mainly with Rations when it comes to trading.	unused-or-deprecated-asset
GiC	Galaxy_in_Conflict_contents_2754886445.pak	/items/SHIELDS/LEGACY/gic_securityriotshield/gic_securityriotshield_lowposture.activeitem	/description	A real, transparent riot shield.	unused-or-deprecated-asset
GiC	Galaxy_in_Conflict_contents_2754886445.pak	/items/SHIELDS/LEGACY/gic_securityriotshield/gic_securityriotshield_lowposture.activeitem	/shortdescription	Low Posture Security Riot Shield	unused-or-deprecated-asset
GiC	Galaxy_in_Conflict_contents_2754886445.pak	/codex/LEGACY/MISSIONS/INDEPENDENT/1_1_JIANGSHICANYON/gic_ic11_lastmanstanding.codex	/title	IC11 - Last Man Standing	unused-or-deprecated-asset
GiC	Galaxy_in_Conflict_contents_2754886445.pak	/codex/LEGACY/MISSIONS/INDEPENDENT/1_1_JIANGSHICANYON/gic_ic11_lastmanstanding.codex	/description	Independent Chapter 1-1-LMS	unused-or-deprecated-asset
GiC	Galaxy_in_Conflict_contents_2754886445.pak	/items/UNUSED/RESEARCH/gic_solarshuttle_pilotlog/gic_solarshuttle_pilotlog.item	/description	The final manifest of a crew that once piloted a shuttle. Handing this in to a Colonial Authority such as those at the Archivists of a Colonized Barren should yield a sizeable reward for the relocation of one such vessel. Its cargo of raw materials would yield resources that would find use in a refinery or factory. The ship itself could also be scrapped, where ship-breakers would get to work on recovering valuable components.	unused-or-deprecated-asset
GiC	Galaxy_in_Conflict_contents_2754886445.pak	/items/UNUSED/RESEARCH/gic_solarshuttle_pilotlog/gic_solarshuttle_pilotlog.item	/shortdescription	Shuttle Pilot Log	unused-or-deprecated-asset
GiC	Galaxy_in_Conflict_contents_2754886445.pak	/codex/LEGACY/MISSIONS/ESTHER/3_3a_THEFRACTUREDFORGE/gic_ec33a_unitanfieldreport_forlornforager.codex	/title	US Field Report: Forlorn Forager	unused-or-deprecated-asset
GiC	Galaxy_in_Conflict_contents_2754886445.pak	/codex/LEGACY/MISSIONS/ESTHER/3_3a_THEFRACTUREDFORGE/gic_ec33a_unitanfieldreport_forlornforager.codex	/description	Remnants of a remotely submitted report.	unused-or-deprecated-asset
GiC	Galaxy_in_Conflict_contents_2754886445.pak	/codex/LEGACY/Global_Earth_News/gic_gen_10/gic_gen_10.codex	/title	Earth Newspaper Headline #10	unused-or-deprecated-asset
GiC	Galaxy_in_Conflict_contents_2754886445.pak	/items/AMMUNITION/LEGACY/COPSC/gic_copsc_1143x23mm_mag/gic_copsc_1143x23mm_mag.item	/description	15rnd 11.43x23mm magazine for the COPSC 'Sparrow' Service Pistol.	unused-or-deprecated-asset
GiC	Galaxy_in_Conflict_contents_2754886445.pak	/items/AMMUNITION/LEGACY/COPSC/gic_copsc_1143x23mm_mag/gic_copsc_1143x23mm_mag.item	/shortdescription	COPSC 'Sparrow' Service Pistol 15rnd Magazine	unused-or-deprecated-asset
GiC	Galaxy_in_Conflict_contents_2754886445.pak	/objects/unused/gic_marsmap_flakturmassault/gic_marsmap_flakturmassault.object	/apexDescription	A map of the current ongoing situation.	unused-or-deprecated-asset
GiC	Galaxy_in_Conflict_contents_2754886445.pak	/objects/unused/gic_marsmap_flakturmassault/gic_marsmap_flakturmassault.object	/avianDescription	A war map. Where's the pieces?	unused-or-deprecated-asset
GiC	Galaxy_in_Conflict_contents_2754886445.pak	/objects/unused/gic_marsmap_flakturmassault/gic_marsmap_flakturmassault.object	/floranDescription	Floran think colorsss iss funny.	unused-or-deprecated-asset
GiC	Galaxy_in_Conflict_contents_2754886445.pak	/objects/unused/gic_marsmap_flakturmassault/gic_marsmap_flakturmassault.object	/glitchDescription	Factual. This is a map for planning.	unused-or-deprecated-asset
GiC	Galaxy_in_Conflict_contents_2754886445.pak	/objects/unused/gic_marsmap_flakturmassault/gic_marsmap_flakturmassault.object	/humanDescription	A map of Leeds City and the current faction territories. The red and yellow make it look like... mustard! I have such great humor *deadpan*	unused-or-deprecated-asset
GiC	Galaxy_in_Conflict_contents_2754886445.pak	/objects/unused/gic_marsmap_flakturmassault/gic_marsmap_flakturmassault.object	/hylotlDescription	A war room map of the territories of the Leeds City operations.	unused-or-deprecated-asset
GiC	Galaxy_in_Conflict_contents_2754886445.pak	/objects/unused/gic_marsmap_flakturmassault/gic_marsmap_flakturmassault.object	/novakidDescription	A map of some sorts.	unused-or-deprecated-asset
GiC	Galaxy_in_Conflict_contents_2754886445.pak	/items/WEAPONS/LEGACY/ANCIENT_LEGACY/gic_ppsh2600/gic_ppsh2600.activeitem	/description	"Extremely simplified version of the modern USM-series weapons. Accepts STANAG-USM 7.62x39mm magazines.

^green;Hold down ""Alt Fire"" to switch between Full Auto and Semi-Auto.^reset;"	unused-or-deprecated-asset
GiC	Galaxy_in_Conflict_contents_2754886445.pak	/monsters/ANOMALIES/LEGACY/gic_pericarpyx_husk_flyer/gic_pericarpyx_husk_flyer.monstertype	/shortdescription	Pericarpyx Husk	unused-or-deprecated-asset
GiC	Galaxy_in_Conflict_contents_2754886445.pak	/monsters/ANOMALIES/LEGACY/gic_pericarpyx_husk_flyer/gic_pericarpyx_husk_flyer.monstertype	/description	Some sort of anomaly. Reacts violently.	unused-or-deprecated-asset
GiC	Galaxy_in_Conflict_contents_2754886445.pak	/monsters/LEGACY/SUMMONS/gic_summon_protectoratefootsoldier/gic_summon_protectoratefootsoldier.monstertype	/shortdescription	[Protectorate Foot Soldier]	unused-or-deprecated-asset
GiC	Galaxy_in_Conflict_contents_2754886445.pak	/monsters/LEGACY/SUMMONS/gic_summon_protectoratefootsoldier/gic_summon_protectoratefootsoldier.monstertype	/description	Knights of old.	unused-or-deprecated-asset
GiC	Galaxy_in_Conflict_contents_2754886445.pak	/codex/LEGACY/TUTORIAL/gic_munitionsworkbench_meleeguide/gic_munitionsworkbench_meleeguide.codex	/title	GIC: Melee & Bosses	unused-or-deprecated-asset
GiC	Galaxy_in_Conflict_contents_2754886445.pak	/codex/LEGACY/TUTORIAL/gic_munitionsworkbench_meleeguide/gic_munitionsworkbench_meleeguide.codex	/description	"Guide to the basics of GiC Melee and Bosses.

^yellow;Interact to read codex.^reset;"	unused-or-deprecated-asset
GiC	Galaxy_in_Conflict_contents_2754886445.pak	/items/WEAPONS/LEGACY/ANCIENT_LEGACY/XME/gic_xme8_enforcer/gic_xme8_enforcer.activeitem	/description	The Enforcer Variant of the XME-8.	unused-or-deprecated-asset
GiC	Galaxy_in_Conflict_contents_2754886445.pak	/items/WEAPONS/LEGACY/ANCIENT_LEGACY/XME/gic_xme8_enforcer/gic_xme8_enforcer.activeitem	/shortdescription	XME-8 Enforcer	unused-or-deprecated-asset
GiC	Galaxy_in_Conflict_contents_2754886445.pak	/items/WEAPONS/LEGACY/gic_transheya12c_berserker/gic_transheya12c_berserker.activeitem	/description	LEGACY ITEM - This is a pre-v4.0 item and you should not be seeing this unless you have an older save. This item may no longer work. Please find a post-v4.0 item equivalent for its updated code and delete this item.	unused-or-deprecated-asset
GiC	Galaxy_in_Conflict_contents_2754886445.pak	/items/WEAPONS/LEGACY/gic_transheya12c_berserker/gic_transheya12c_berserker.activeitem	/shortdescription	[LEGACY ITEM]	unused-or-deprecated-asset
GiC	Galaxy_in_Conflict_contents_2754886445.pak	/items/WEAPONS/LEGACY/gic_transheya12c_berserker/gic_transheya12c_berserker.activeitem	/altAbility/name	Perfect Parry	unused-or-deprecated-asset
GiC	Galaxy_in_Conflict_contents_2754886445.pak	/behaviors/TEST_OLD/NPC_TEST/gic_flee_20.behavior	/root/children/1/children/1/name	Run Away	behavior-tree-parameter
GiC	Galaxy_in_Conflict_contents_2754886445.pak	/items/WEAPONS/LEGACY/ANCIENT_LEGACY/gic_onislayer_lightningbow/gic_onislayer_lightningbow.activeitem	/description	"A bow compatible with standard Protectorate energy systems. Scales with the attack power of the user. Oni are not exactly something one would expect the Florans to fear, but that shouldn't be a problem with the advent of firearms...
^red;Energy Systems Overload: Energy regeneration is crippled whilst the bow is equipped.^reset;
^yellow;Lightning Puncture: When fully charged, fire a slow lightning arrow that flies perfectly straight, piercing all targets. Hit targets are stunned for a second.^reset;"	unused-or-deprecated-asset
GiC	Galaxy_in_Conflict_contents_2754886445.pak	/codex/LEGACY/Global_Earth_News/gic_gen_7/gic_gen_7.codex	/title	Earth Newspaper Headline #7	unused-or-deprecated-asset
GiC	Galaxy_in_Conflict_contents_2754886445.pak	/items/UNUSED/REMNANTS/gic_remnant_maku.item	/description	"A dull remnant of Maku, the synthetic woman.
Maku was built foremost as a personal idol for the growing resistance movement across a Protected world, and less so to serve any military purpose. She knew this from the moment she was ''born'', and dissociated herself from the questionable men who approved her assembly. To the agreement of a few commanders, she was given a quiet position along the resistance-held coast to live in peace.
^#FFE460;Trade at a Soulsmith to transform into something greater.^reset;"	unused-or-deprecated-asset
GiC	Galaxy_in_Conflict_contents_2754886445.pak	/items/UNUSED/REMNANTS/gic_remnant_maku.item	/shortdescription	Remnant of Maku	unused-or-deprecated-asset
GiC	Galaxy_in_Conflict_contents_2754886445.pak	/codex/LEGACY/NEWSPAPER/Tobler_One/gic_to_1/gic_to_1.codex	/title	The Planetary #1	unused-or-deprecated-asset
GiC	Galaxy_in_Conflict_contents_2754886445.pak	/codex/LEGACY/NEWSPAPER/Tobler_One/gic_to_1/gic_to_1.codex	/description	[9th November, 2821]	unused-or-deprecated-asset
GiC	Galaxy_in_Conflict_contents_2754886445.pak	/items/AMMUNITION/LEGACY/STANAG_USM/gic_stanag_usm_545x39mm_mag_corrosive.item	/description	[Legacy Item] Seek a newer version of this item. Thank you.	unused-or-deprecated-asset
GiC	Galaxy_in_Conflict_contents_2754886445.pak	/items/AMMUNITION/LEGACY/STANAG_USM/gic_stanag_usm_545x39mm_mag_corrosive.item	/shortdescription	[Legacy Item]	unused-or-deprecated-asset
GiC	Galaxy_in_Conflict_contents_2754886445.pak	/codex/LEGACY/MISSIONS/ESTHER/1_1_FNG/gic_ec11_flooded.codex	/title	EC11 - Flooded	unused-or-deprecated-asset
GiC	Galaxy_in_Conflict_contents_2754886445.pak	/codex/LEGACY/MISSIONS/ESTHER/1_1_FNG/gic_ec11_flooded.codex	/description	Esther Chapter 1-3-Fl	unused-or-deprecated-asset
GiC	Galaxy_in_Conflict_contents_2754886445.pak	/items/WEAPONS/LEGACY/ANCIENT_LEGACY/ILWS/gic_unitedearth_ilws/gic_unitedearth_ilws.activeitem	/description	A memorial of Earth.	unused-or-deprecated-asset
GiC	Galaxy_in_Conflict_contents_2754886445.pak	/items/WEAPONS/LEGACY/ANCIENT_LEGACY/ILWS/gic_unitedearth_ilws/gic_unitedearth_ilws.activeitem	/shortdescription	Earth I.L.W.S	unused-or-deprecated-asset
GiC	Galaxy_in_Conflict_contents_2754886445.pak	/items/SHIELDS/LEGACY/gic_wolfknights_greatshield/gic_wolfknights_greatshield.activeitem	/description	"''The uniform. The maple-leaf emblem you have earned. Will make the difference between the freedom of the world, and its' enslavement.''
  
^#B24A5A;Abyss-Walker: +0.5% HP regeneration when equipped in either hand | 240HP STABILITY | 65% DEF.^white;  

^#D6DFFF;Shield Bash: Moving at great speeds and colliding with an enemy will deal damage based on the speed of the user.^white;"	unused-or-deprecated-asset
GiC	Galaxy_in_Conflict_contents_2754886445.pak	/items/SHIELDS/LEGACY/gic_wolfknights_greatshield/gic_wolfknights_greatshield.activeitem	/shortdescription	Wolf-Knight's Scutum	unused-or-deprecated-asset
GiC	Galaxy_in_Conflict_contents_2754886445.pak	/vehicles/LEGACY/gic_aml56_machinegun_turret/gic_aml56_machinegun_turret_prefab.vehicle	/jammedTextConfig/actionOnReap/0/specification/text	^red;JAMMED^reset;	unused-or-deprecated-asset
GiC	Galaxy_in_Conflict_contents_2754886445.pak	/vehicles/LEGACY/gic_aml56_machinegun_turret/gic_aml56_machinegun_turret_prefab.vehicle	/unjammedTextConfig/actionOnReap/0/specification/text	^green;UNJAMMED^reset;	unused-or-deprecated-asset
GiC	Galaxy_in_Conflict_contents_2754886445.pak	/vehicles/LEGACY/gic_aml56_machinegun_turret/gic_aml56_machinegun_turret_prefab.vehicle	/repairedTextConfig/actionOnReap/0/specification/text	^green;FULLY REPAIRED^reset;	unused-or-deprecated-asset
GiC	Galaxy_in_Conflict_contents_2754886445.pak	/vehicles/LEGACY/gic_aml56_machinegun_turret/gic_aml56_machinegun_turret_prefab.vehicle	/repairTextConfig/actionOnReap/0/specification/text	^green;+100 HP^reset;	unused-or-deprecated-asset
GiC	Galaxy_in_Conflict_contents_2754886445.pak	/items/WEAPONS/LEGACY/DEPRECATED_SPECIAL/gic_grenade_bandolier/gic_maidsfanofknives_bandolier.activeitem	/description	"''In this twisted dimension there is a sharpening whirlpool of light
With the power of a hidden watch, it becomes an invisible wind.''
This facilitates throwing empowered Fans of Knives, as well as additional illusory knives, freezing time in a large radius. Time-frozen enemies cannot be damaged, and other projectiles will not be affected. Reloading will use Fans of Knives from your inventory to refill the bandolier.
^green;Twice the knives are thrown compared to the standard variant, but the time-freeze may make close-ranged throwing difficult.^reset;"	unused-or-deprecated-asset
GiC	Galaxy_in_Conflict_contents_2754886445.pak	/items/WEAPONS/LEGACY/DEPRECATED_SPECIAL/gic_grenade_bandolier/gic_maidsfanofknives_bandolier.activeitem	/shortdescription	Maid's Bandolier of Knives	unused-or-deprecated-asset
GiC	Galaxy_in_Conflict_contents_2754886445.pak	/npcs/crew/LEGACY/gic_retainer_moonrabbit_matriarch_crew.npctype	/scriptConfig/crew/interactData/title	^#52A8DD;Moon-Rabbit Matriarch Retainer^reset;	unused-or-deprecated-asset
GiC	Galaxy_in_Conflict_contents_2754886445.pak	/npcs/crew/LEGACY/gic_retainer_moonrabbit_matriarch_crew.npctype	/scriptConfig/crew/interactData/subtitle	^#E0C200;''Gold is more powerful than steel, for steel obeys gold.''^reset;	unused-or-deprecated-asset
GiC	Galaxy_in_Conflict_contents_2754886445.pak	/npcs/crew/LEGACY/gic_retainer_moonrabbit_matriarch_crew.npctype	/scriptConfig/crew/interactData/message	"Grants a ^#E0C200;credit-giving white rabbit^reset; that drops 10 microcredits every 10 seconds when closer than 40 blocks and facing valid enemy target | Fortune can be slowly earnt from neutral colonists.

^#52A8DD;Her sheer presence radiates an unmistakable aura of fortune and luck.^reset;"	unused-or-deprecated-asset
GiC	Galaxy_in_Conflict_contents_2754886445.pak	/monsters/LEGACY/gic_tombofthesatori_eye/gic_tombofthesatori_eye_alt.monstertype	/shortdescription	[Eye of the Satori]	unused-or-deprecated-asset
GiC	Galaxy_in_Conflict_contents_2754886445.pak	/monsters/LEGACY/gic_tombofthesatori_eye/gic_tombofthesatori_eye_alt.monstertype	/description	Some sort of anomaly.	unused-or-deprecated-asset
GiC	Galaxy_in_Conflict_contents_2754886445.pak	/codex/LEGACY/gic_unitanhistory/gic_unitanhistory.codex	/title	The United Existance	unused-or-deprecated-asset
GiC	Galaxy_in_Conflict_contents_2754886445.pak	/items/UNUSED/RESEARCH/gic_fusioncannonfuelrod/gic_fusioncannonfuelrod.item	/description	"A Fusion Cannon dropped by a Bureaucratically Isolated Rectification Bot. It appears to be made in the likeness of a Fuel Rod, and emits a faint field of Alpha particles.

It cannot be used as a weapon in its current state. Can be brought to a Celestial Workshop or fitted onto your ship. Fully refuels an FTL Drive."	unused-or-deprecated-asset
GiC	Galaxy_in_Conflict_contents_2754886445.pak	/items/UNUSED/RESEARCH/gic_fusioncannonfuelrod/gic_fusioncannonfuelrod.item	/shortdescription	Fusion Cannon Fuel Rod	unused-or-deprecated-asset
GiC	Galaxy_in_Conflict_contents_2754886445.pak	/items/WEAPONS/LEGACY/gic_genecultist_rifle/gic_genecultist_rifle.activeitem	/shortdescription	^yellow;Gene-Cultist Slinger Rifle	unused-or-deprecated-asset
GiC	Galaxy_in_Conflict_contents_2754886445.pak	/behaviors/monsters/modular/actions/fire_aim2.behavior	/root/children/0/children/0/children/1/children/0/parameters/windupState/value	<windupState>	behavior-tree-parameter
GiC	Galaxy_in_Conflict_contents_2754886445.pak	/behaviors/monsters/modular/actions/fire_aim2.behavior	/root/children/0/children/0/children/1/children/0/parameters/skillName/value	<skillName>	behavior-tree-parameter
GiC	Galaxy_in_Conflict_contents_2754886445.pak	/behaviors/monsters/modular/actions/fire_aim2.behavior	/root/children/0/children/0/children/1/children/1/child/parameters/state/value	<fireState>	behavior-tree-parameter
GiC	Galaxy_in_Conflict_contents_2754886445.pak	/behaviors/monsters/modular/actions/fire_aim2.behavior	/root/children/0/children/0/children/1/children/1/child/parameters/type/value	<fireStateType>	behavior-tree-parameter
GiC	Galaxy_in_Conflict_contents_2754886445.pak	/behaviors/monsters/modular/actions/fire_aim2.behavior	/root/children/0/children/0/children/1/children/2/parameters/time/value	<fireDelay>	behavior-tree-parameter
GiC	Galaxy_in_Conflict_contents_2754886445.pak	/behaviors/monsters/modular/actions/fire_aim2.behavior	/root/children/0/children/0/children/1/children/4/children/1/child/children/0/child/parameters/sound/value	<fireSound>	behavior-tree-parameter
GiC	Galaxy_in_Conflict_contents_2754886445.pak	/behaviors/monsters/modular/actions/fire_aim2.behavior	/root/children/0/children/0/children/1/children/4/children/1/child/children/1/child/parameters/emitter/value	<fireParticleBurst>	behavior-tree-parameter
GiC	Galaxy_in_Conflict_contents_2754886445.pak	/behaviors/monsters/modular/actions/fire_aim2.behavior	/root/children/0/children/0/children/1/children/4/children/1/child/children/4/child/children/1/children/0/child/children/1/child/child/children/0/parameters/projectileName/value	<projectileType>	behavior-tree-parameter
GiC	Galaxy_in_Conflict_contents_2754886445.pak	/behaviors/monsters/modular/actions/fire_aim2.behavior	/root/children/0/children/0/children/1/children/4/children/1/child/children/4/child/children/3/parameters/projectileConfig/value	<projectileParameters>	behavior-tree-parameter
GiC	Galaxy_in_Conflict_contents_2754886445.pak	/behaviors/monsters/modular/actions/fire_aim2.behavior	/root/children/0/children/0/children/1/children/4/children/1/child/children/4/child/children/3/parameters/projectileType/value	<projectileType>	behavior-tree-parameter
GiC	Galaxy_in_Conflict_contents_2754886445.pak	/behaviors/monsters/modular/actions/fire_aim2.behavior	/root/children/0/children/0/children/1/children/4/children/1/child/children/6/child/children/1/children/1/parameters/time/value	<projectileInterval>	behavior-tree-parameter
GiC	Galaxy_in_Conflict_contents_2754886445.pak	/behaviors/monsters/modular/actions/fire_aim2.behavior	/root/children/1/parameters/winddownState/value	<winddownState>	behavior-tree-parameter
GiC	Galaxy_in_Conflict_contents_2754886445.pak	/items/SHIELDS/LEGACY/gic_oldfloransgreenscutum_greatshield/gic_oldfloransgreenscutum_greatshield_npc.activeitem	/description	"---

^#D6DFFF;Shield Bash: Moving at great speeds and colliding with an enemy will deal damage based on the speed of the user.^white;"	unused-or-deprecated-asset
GiC	Galaxy_in_Conflict_contents_2754886445.pak	/items/SHIELDS/LEGACY/gic_oldfloransgreenscutum_greatshield/gic_oldfloransgreenscutum_greatshield_npc.activeitem	/shortdescription	Heian Defender Scutum	unused-or-deprecated-asset
GiC	Galaxy_in_Conflict_contents_2754886445.pak	/monsters/LEGACY/gic_tombofthesatori_vessel/gic_tombofthesatori_vessel_alt.monstertype	/shortdescription	[Tomb of the Satori]	unused-or-deprecated-asset
GiC	Galaxy_in_Conflict_contents_2754886445.pak	/monsters/LEGACY/gic_tombofthesatori_vessel/gic_tombofthesatori_vessel_alt.monstertype	/description	Some sort of anomaly.	unused-or-deprecated-asset
GiC	Galaxy_in_Conflict_contents_2754886445.pak	/objects/MISSIONS/LEGACY/gic_esther_keine_hubworld/gic_esther_keine_hubworld.object	/interactData/paneLayoutOverride/windowtitle/title	  Kamish, The History Teacher	unused-or-deprecated-asset
GiC	Galaxy_in_Conflict_contents_2754886445.pak	/objects/MISSIONS/LEGACY/gic_esther_keine_hubworld/gic_esther_keine_hubworld.object	/interactData/paneLayoutOverride/windowtitle/subtitle	''Used to be a school teacher, you know?''	unused-or-deprecated-asset
GiC	Galaxy_in_Conflict_contents_2754886445.pak	/items/WEAPONS/LEGACY/gic_usm47p/gic_usm47p_onehanded_undead.activeitem	/description	Special variant that cannot rotate aim.	unused-or-deprecated-asset
GiC	Galaxy_in_Conflict_contents_2754886445.pak	/items/WEAPONS/LEGACY/gic_usm47p/gic_usm47p_onehanded_undead.activeitem	/shortdescription	USM47P Undead Variant Base	unused-or-deprecated-asset
GiC	Galaxy_in_Conflict_contents_2754886445.pak	/interface/windowconfig/gic_romance_confessionalaltar.config	/paneLayout/scrollArea/children/itemList/schema/listTemplate/itemName/value	Replace Me	template-placeholder
GiC	Galaxy_in_Conflict_contents_2754886445.pak	/items/WEAPONS/LEGACY/gic_transheya12/gic_transheya12.activeitem	/description	"''Shipments came in for us to 'test' some new experimental rounds on the Druflorans. Shells were marked as 'WP'. Before then our breachers just used the usual buckshot. The next time we were out clearing wood-forts, our breacher fires wildly into a hut. Florans come screaming out of the house, the chemicals burning into their skin, trying to roll in the mud, pour water on themselves, anything to stop the pain. They couldn't.''
Uses 18.50x70mm Shotgun Shells."	unused-or-deprecated-asset
GiC	Galaxy_in_Conflict_contents_2754886445.pak	/quests/STORY/LEGACY/ESTHER/LIONHEART/gic_esther_chapter_2_lionheart.questtemplate	/title	^#D1FFDE;The Call to Duty	unused-or-deprecated-asset
GiC	Galaxy_in_Conflict_contents_2754886445.pak	/codex/LEGACY/gic_bazaar_celestialengineersdiary.codex	/title	Celestial Engineer's Diary	unused-or-deprecated-asset
GiC	Galaxy_in_Conflict_contents_2754886445.pak	/codex/LEGACY/gic_bazaar_celestialengineersdiary.codex	/description	[Month of Sacrifice]	unused-or-deprecated-asset
GiC	Galaxy_in_Conflict_contents_2754886445.pak	/quests/STORY/LEGACY/BOSS_RUSH/gic_chapter2_bossrush_astraltemple.questtemplate	/title	^orange;Boss Rush: Astral Temple	unused-or-deprecated-asset
GiC	Galaxy_in_Conflict_contents_2754886445.pak	/items/AMMUNITION/LEGACY/COPSC/gic_copsc_1270x108mm_mag/gic_copsc_1270x108mm_mag.item	/description	7rnd 12.7x108mm magazine for the COPSC 'Falcon' Designated Marksman Rifle.	unused-or-deprecated-asset
GiC	Galaxy_in_Conflict_contents_2754886445.pak	/items/AMMUNITION/LEGACY/COPSC/gic_copsc_1270x108mm_mag/gic_copsc_1270x108mm_mag.item	/shortdescription	COPSC 'Falcon' DMR 7rnd Magazine	unused-or-deprecated-asset
GiC	Galaxy_in_Conflict_contents_2754886445.pak	/items/UNUSED/RESEARCH/gic_occasus_militarydocument/gic_occasus_militarydocument.item	/description	Insightful intel on the last-known military positions, tactics, equipment, and personnel of Occasus military forces. There is enough here to prove that the Occasus is far more organized than what many are led to believe: It gives the impression that there are completely separate forces out there, distinct from Asra's supremacist cult. The language this document uses, suggests that an unspoken xeno oppression exists; And that it must be resisted by any willing human at any cost.	unused-or-deprecated-asset
GiC	Galaxy_in_Conflict_contents_2754886445.pak	/items/UNUSED/RESEARCH/gic_occasus_militarydocument/gic_occasus_militarydocument.item	/shortdescription	Occasus Military Document	unused-or-deprecated-asset
GiC	Galaxy_in_Conflict_contents_2754886445.pak	/items/MEDICAL/OLD/gic_aseptic_bandage.consumable	/description	Legacy item. Has no use.	unused-or-deprecated-asset
GiC	Galaxy_in_Conflict_contents_2754886445.pak	/items/MEDICAL/OLD/gic_aseptic_bandage.consumable	/shortdescription	^yellow;Aseptic Bandage	unused-or-deprecated-asset
GiC	Galaxy_in_Conflict_contents_2754886445.pak	/quests/STORY/LEGACY/ESTHER/gic_esther_chapter_5_2_truelangley.questtemplate	/title	^#D1FFDE;The Grand Garand Supply	unused-or-deprecated-asset
GiC	Galaxy_in_Conflict_contents_2754886445.pak	/items/AMMUNITION/LEGACY/STANAG_USM/gic_stanag_usm_762x39mm_mag_antixeno.item	/description	[Legacy Item] Seek a newer version of this item. Thank you.	unused-or-deprecated-asset
GiC	Galaxy_in_Conflict_contents_2754886445.pak	/items/AMMUNITION/LEGACY/STANAG_USM/gic_stanag_usm_762x39mm_mag_antixeno.item	/shortdescription	[Legacy Item]	unused-or-deprecated-asset
GiC	Galaxy_in_Conflict_contents_2754886445.pak	/interface/windowconfig/gic_kitchen_romanstove.config	/paneLayout/scrollArea/children/itemList/schema/listTemplate/itemName/value	Replace Me	template-placeholder
GiC	Galaxy_in_Conflict_contents_2754886445.pak	/codex/LEGACY/EVE_4/gic_eve4/gic_eve4.codex	/title	Planet Eve-IV	unused-or-deprecated-asset
GiC	Galaxy_in_Conflict_contents_2754886445.pak	/codex/LEGACY/MISSIONS/ESTHER/1_1_FNG/OLD/gic_ec11_retreat.codex	/title	EC11 - Retreat	unused-or-deprecated-asset
GiC	Galaxy_in_Conflict_contents_2754886445.pak	/codex/LEGACY/MISSIONS/ESTHER/1_1_FNG/OLD/gic_ec11_retreat.codex	/description	Esther Chapter 1-1-R	unused-or-deprecated-asset
GiC	Galaxy_in_Conflict_contents_2754886445.pak	/items/MATERIALS/OLD/gic_kalashstock/gic_kalashstock.item	/description	Kalashnikov-84 Stock able to be attached to some weapons.	unused-or-deprecated-asset
GiC	Galaxy_in_Conflict_contents_2754886445.pak	/items/MATERIALS/OLD/gic_kalashstock/gic_kalashstock.item	/shortdescription	Kalash 84 Stock	unused-or-deprecated-asset
GiC	Galaxy_in_Conflict_contents_2754886445.pak	/monsters/LEGACY/PROTECTORATE/gic_protectorateknight/gic_protectorateknight.monstertype	/shortdescription	[Protectorate Foot Soldier]	unused-or-deprecated-asset
GiC	Galaxy_in_Conflict_contents_2754886445.pak	/monsters/LEGACY/PROTECTORATE/gic_protectorateknight/gic_protectorateknight.monstertype	/description	Knights of old.	unused-or-deprecated-asset
GiC	Galaxy_in_Conflict_contents_2754886445.pak	/items/WEAPONS/LEGACY/DEPRECATED_SPECIAL/gic_grenade_bandolier/gic_mule_shockgrenade_bandolier.activeitem	/description	"''Are we done? I was just gettin' warmed up!''

This item allows the rapid throwing of multiple Mule Shock Grenades at once. Reloading will use Mule Shock Grenades from your inventory to refill the bandolier."	unused-or-deprecated-asset
GiC	Galaxy_in_Conflict_contents_2754886445.pak	/items/WEAPONS/LEGACY/DEPRECATED_SPECIAL/gic_grenade_bandolier/gic_mule_shockgrenade_bandolier.activeitem	/shortdescription	Mule Shock Grenade Bandolier	unused-or-deprecated-asset
GiC	Galaxy_in_Conflict_contents_2754886445.pak	/interface/scripted/techupgrade/gic_techupgradegui.config	/gui/techScrollArea/children/techList/schema/listTemplate/techName/value	Replace Me	template-placeholder
GiC	Galaxy_in_Conflict_contents_2754886445.pak	/items/WEAPONS/LEGACY/DEPRECATED_SPECIAL/gic_crowspistol/gic_crowspistol.activeitem	/description	LEGACY ITEM - This is a pre-v4.0 item and you should not be seeing this unless you have an older save. This item may no longer work. Please find a post-v4.0 item equivalent for its updated code and delete this item.	unused-or-deprecated-asset
GiC	Galaxy_in_Conflict_contents_2754886445.pak	/items/WEAPONS/LEGACY/DEPRECATED_SPECIAL/gic_crowspistol/gic_crowspistol.activeitem	/shortdescription	[LEGACY ITEM]	unused-or-deprecated-asset
GiC	Galaxy_in_Conflict_contents_2754886445.pak	/quests/UNUSED/gic_ancientgate_warpsurfacegate.questtemplate	/title	^green;Surface Gate	unused-or-deprecated-asset
GiC	Galaxy_in_Conflict_contents_2754886445.pak	/items/WEAPONS/LEGACY/ANCIENT_LEGACY/gic_bohiya/gic_bohiya.activeitem	/description	Extremely ancient 'rifle' dating back to the 10th Century which fires rocket arrows. This modern variant fashioned out of scavenged parts is a feat of engineering on its own, and uses the same principles as the ones from ancient Earth.	unused-or-deprecated-asset
GiC	Galaxy_in_Conflict_contents_2754886445.pak	/items/MATERIALS/OLD/gic_gripattachment/gic_gripattachment.item	/description	Underside rail-mounted grip.	unused-or-deprecated-asset
GiC	Galaxy_in_Conflict_contents_2754886445.pak	/items/MATERIALS/OLD/gic_gripattachment/gic_gripattachment.item	/shortdescription	Grip Attachment	unused-or-deprecated-asset
GiC	Galaxy_in_Conflict_contents_2754886445.pak	/codex/LEGACY/TYLIAN/gic_tylian_unitanmyth.codex	/title	Unitan Myth	unused-or-deprecated-asset
GiC	Galaxy_in_Conflict_contents_2754886445.pak	/codex/LEGACY/TYLIAN/gic_tylian_unitanmyth.codex	/description	[Tylian, 91st, Month of Fire]	unused-or-deprecated-asset
GiC	Galaxy_in_Conflict_contents_2754886445.pak	/items/SHIELDS/LEGACY/gic_lionheartspiercingshield/gic_lionheartspiercingshield.activeitem	/description	"The center of the shield features a large, sharpened spike which can be used to impale opponents when moving at great speeds. This shield was intended for a friend, but sometimes family just never arrive...
^yellow;Unbreakable Stance: 1.5s PARRY WINDOW | 5HP STABILITY.^white;
^#D6DFFF;Shield Bash: Moving at great speeds and colliding with an enemy will deal damage based on the speed of the user. More effective than Greatshields.
^red;Heavy Lance: 0.75s shield cooldown^white;"	unused-or-deprecated-asset
GiC	Galaxy_in_Conflict_contents_2754886445.pak	/items/SHIELDS/LEGACY/gic_lionheartspiercingshield/gic_lionheartspiercingshield.activeitem	/shortdescription	Lionheart's Piercer	unused-or-deprecated-asset
GiC	Galaxy_in_Conflict_contents_2754886445.pak	/monsters/CRUSADE/LEGACY/gic_freethinker_cavalrypistoleer/gic_freethinker_cavalrypistoleer.monstertype	/shortdescription	[Free-Thinker Cavalry Pistoleer]	unused-or-deprecated-asset
GiC	Galaxy_in_Conflict_contents_2754886445.pak	/monsters/CRUSADE/LEGACY/gic_freethinker_cavalrypistoleer/gic_freethinker_cavalrypistoleer.monstertype	/description	To battle!	unused-or-deprecated-asset
GiC	Galaxy_in_Conflict_contents_2754886445.pak	/monsters/LEGACY/MEGA_LEGACY/gic_industrialmine/gic_industrialmine.monstertype	/shortdescription	Space Mine	unused-or-deprecated-asset
GiC	Galaxy_in_Conflict_contents_2754886445.pak	/monsters/LEGACY/MEGA_LEGACY/gic_industrialmine/gic_industrialmine.monstertype	/description	An experimental magnetic space mine developed to deter trespassers.	unused-or-deprecated-asset
GiC	Galaxy_in_Conflict_contents_2754886445.pak	/interface/windowconfig/gic_generic_12tab_template.config	/paneLayout/scrollArea/children/itemList/schema/listTemplate/itemName/value	Replace Me	template-placeholder
GiC	Galaxy_in_Conflict_contents_2754886445.pak	/interface/windowconfig/LEGACY/gic_embassy_merchantterminal.config	/paneLayout/windowtitle/subtitle	  Make sharp things.	unused-or-deprecated-asset
GiC	Galaxy_in_Conflict_contents_2754886445.pak	/interface/windowconfig/LEGACY/gic_embassy_merchantterminal.config	/paneLayout/lblSchematics/value	^#b9b5b2;STOCK	unused-or-deprecated-asset
GiC	Galaxy_in_Conflict_contents_2754886445.pak	/interface/windowconfig/LEGACY/gic_embassy_merchantterminal.config	/paneLayout/lblProducttitle/value	^#b9b5b2;PRODUCT	unused-or-deprecated-asset
GiC	Galaxy_in_Conflict_contents_2754886445.pak	/interface/windowconfig/LEGACY/gic_embassy_merchantterminal.config	/paneLayout/lblProduct/value	MATERIALS AVAILABLE	unused-or-deprecated-asset
GiC	Galaxy_in_Conflict_contents_2754886445.pak	/interface/windowconfig/LEGACY/gic_embassy_merchantterminal.config	/paneLayout/scrollArea/children/itemList/schema/listTemplate/itemName/value	Replace Me	unused-or-deprecated-asset
GiC	Galaxy_in_Conflict_contents_2754886445.pak	/quests/STORY/LEGACY/ESTHER/gic_esther_chapter_0_1_arkbeyond.questtemplate	/title	^yellow;[GiC]: Chapter 0 - Ark Beyond	unused-or-deprecated-asset
GiC	Galaxy_in_Conflict_contents_2754886445.pak	/items/WEAPONS/LEGACY/ANCIENT_LEGACY/HISTORICAL/gic_thompson/gic_thompson.activeitem	/description	A Valentine's Day classic. Gives you 30 rounds of .45 instead of chocolate.	unused-or-deprecated-asset
GiC	Galaxy_in_Conflict_contents_2754886445.pak	/items/WEAPONS/LEGACY/ANCIENT_LEGACY/HISTORICAL/gic_thompson/gic_thompson.activeitem	/shortdescription	Thompson Submachinegun	unused-or-deprecated-asset
GiC	Galaxy_in_Conflict_contents_2754886445.pak	/monsters/LEGACY/MEGA_LEGACY/FIGHTERS/gic_redstar_swarmdrone/gic_redstar_swarmdrone.monstertype	/shortdescription	Red Star Swarm Fighter	unused-or-deprecated-asset
GiC	Galaxy_in_Conflict_contents_2754886445.pak	/monsters/LEGACY/MEGA_LEGACY/FIGHTERS/gic_redstar_swarmdrone/gic_redstar_swarmdrone.monstertype	/description	An ancient overloading drone, itching to discharge its weapons on something.	unused-or-deprecated-asset
GiC	Galaxy_in_Conflict_contents_2754886445.pak	/objects/unused/gic_marsmap/gic_marsmap.object	/apexDescription	A map of an area on Mars. Some people have scribbled over the board.	unused-or-deprecated-asset
GiC	Galaxy_in_Conflict_contents_2754886445.pak	/objects/unused/gic_marsmap/gic_marsmap.object	/avianDescription	A regular map scribbled over by some people.	unused-or-deprecated-asset
GiC	Galaxy_in_Conflict_contents_2754886445.pak	/objects/unused/gic_marsmap/gic_marsmap.object	/floranDescription	Floran think ssscribble is funny.	unused-or-deprecated-asset
GiC	Galaxy_in_Conflict_contents_2754886445.pak	/objects/unused/gic_marsmap/gic_marsmap.object	/glitchDescription	Factual. This is a map for planning.	unused-or-deprecated-asset
GiC	Galaxy_in_Conflict_contents_2754886445.pak	/objects/unused/gic_marsmap/gic_marsmap.object	/humanDescription	A map of Mars and Leeds city along with some base locations. Surprised noone has drawn any genitals on it yet.	unused-or-deprecated-asset
GiC	Galaxy_in_Conflict_contents_2754886445.pak	/objects/unused/gic_marsmap/gic_marsmap.object	/hylotlDescription	A map for planning out missions. The area focused on appears to be a large desert with Leeds City in the corner.	unused-or-deprecated-asset
GiC	Galaxy_in_Conflict_contents_2754886445.pak	/objects/unused/gic_marsmap/gic_marsmap.object	/novakidDescription	A map of some desert, scribbled over with some pen.	unused-or-deprecated-asset
GiC	Galaxy_in_Conflict_contents_2754886445.pak	/codex/LEGACY/MISSIONS/ESTHER/2_3a_WASTELANDMERCHANT/gic_ec23a_genecultist.codex	/title	Kari: Gene-Cultist	unused-or-deprecated-asset
GiC	Galaxy_in_Conflict_contents_2754886445.pak	/codex/LEGACY/MISSIONS/ESTHER/2_3a_WASTELANDMERCHANT/gic_ec23a_genecultist.codex	/description	"''My experience with the splicers. - Kari''
  
^yellow;Interact to read codex.^reset;"	unused-or-deprecated-asset
GiC	Galaxy_in_Conflict_contents_2754886445.pak	/items/WEAPONS/LEGACY/gic_bvar80/gic_bvar80_old.activeitem	/description	"''With no maps and no knowledge of the terrain we could often only take our direction from the refugees. They too were moving away from the Ultranationalists but sadly and forlornly and there was nothing we could do to help them.''
Known as the Bullpup Void Assault Rifle, these were originally issued to the British Military during WW3 for use in space environments. It curiously houses an AK-style receiver, and a profile resembling that of the SA80 rifle.
Loads STANAG-FEDERATSIYA 5.56x45mm magazines only."	unused-or-deprecated-asset
GiC	Galaxy_in_Conflict_contents_2754886445.pak	/interface/optionsmenu/optionsmenu.config	/paneLayout/sfxValueLabel/value	Replace Me	template-placeholder
GiC	Galaxy_in_Conflict_contents_2754886445.pak	/interface/optionsmenu/optionsmenu.config	/paneLayout/musicValueLabel/value	Replace Me	template-placeholder
GiC	Galaxy_in_Conflict_contents_2754886445.pak	/quests/STORY/LEGACY/ESTHER/LIONHEART/gic_esther_chapter_4d_noblevampire.questtemplate	/title	^yellow;[GiC]: Noble Vampire	unused-or-deprecated-asset
GiC	Galaxy_in_Conflict_contents_2754886445.pak	/items/WEAPONS/LEGACY/ANCIENT_LEGACY/gic_bastardgun/gic_bastardgun.activeitem	/description	A form of gun that has refused to die since the Earth was first scorched by nuclear weaponry during World War 3. First conceived by a joint Ukrainian-Russian effort to rapidly arm civilians with guns that could be produced by metal workers. This form uses 5.45x15mm rounds, common off-the-shelf hunting ammunition.	unused-or-deprecated-asset
GiC	Galaxy_in_Conflict_contents_2754886445.pak	/items/WEAPONS/LEGACY/ANCIENT_LEGACY/gic_bastardgun/gic_bastardgun.activeitem	/shortdescription	Bastard Gun	unused-or-deprecated-asset
GiC	Galaxy_in_Conflict_contents_2754886445.pak	/objects/MISSIONS/LEGACY/gic_esther_chapter_1_lionheart/gic_esther_chapter_4_lionheart.object	/interactData/paneLayoutOverride/windowtitle/title	  Lionheart, The Court Judge	unused-or-deprecated-asset
GiC	Galaxy_in_Conflict_contents_2754886445.pak	/items/WEAPONS/LEGACY/DEPRECATED_SPECIAL/gic_hunterspistol/gic_hunterspistol.activeitem	/description	"^#EA3C0B;Point-Blank Shot: Shots at muzzle range deal heavy damage, as well as knocking the enemy and player back^reset; | ^yellow;Cannot hit targets beyond point-blank ranges.^reset;
^orange;Brigand's Blast: Shots are packed with large pellets, dealing 5x50 additional damage.^reset;
Single-shot blackpowder weapon with immense firepower. Best used at point-blank ranges, for silencing foes too close for comfort. ^yellow;Immediately discarded after firing. A brace may assist with rapid-fire options...^reset;"	unused-or-deprecated-asset
GiC	Galaxy_in_Conflict_contents_2754886445.pak	/items/WEAPONS/LEGACY/DEPRECATED_SPECIAL/gic_hunterspistol/gic_hunterspistol.activeitem	/shortdescription	Hunter's Pistol	unused-or-deprecated-asset
GiC	Galaxy_in_Conflict_contents_2754886445.pak	/interface/windowconfig/gic_nightbird_izakaya.config	/paneLayout/scrollArea/children/itemList/schema/listTemplate/itemName/value	Replace Me	template-placeholder
GiC	Galaxy_in_Conflict_contents_2754886445.pak	/items/AMMUNITION/LEGACY/gic_dcmk51_556x45mm_mag/gic_dcmk51_556x45mm_box_mag.item	/description	200 round 5.56x45mm ammunition box for the DCMK51.	unused-or-deprecated-asset
GiC	Galaxy_in_Conflict_contents_2754886445.pak	/items/AMMUNITION/LEGACY/gic_dcmk51_556x45mm_mag/gic_dcmk51_556x45mm_box_mag.item	/shortdescription	DCMK51 5.56x45mm Box	unused-or-deprecated-asset
GiC	Galaxy_in_Conflict_contents_2754886445.pak	/items/WEAPONS/LEGACY/ANCIENT_LEGACY/SYBER/gic_syberm4/gic_syberm4.activeitem	/description	A popular energy rifle favored by Private Security. Developed by the Syber Galactics Mining Cooperative in response to the need for a highly modular rifle able to adapt to nearly all conditions outside of an Atmosphere. Powered by a Type-C Power Pack Mag and tuned to provide extreme armor-piercing capabilities, in exchange for poor overall stopping power.	unused-or-deprecated-asset
GiC	Galaxy_in_Conflict_contents_2754886445.pak	/items/WEAPONS/LEGACY/ANCIENT_LEGACY/SYBER/gic_syberm4/gic_syberm4.activeitem	/shortdescription	Syber M4	unused-or-deprecated-asset
GiC	Galaxy_in_Conflict_contents_2754886445.pak	/codex/LEGACY/gic_unitedsystems_inspiration/gic_unitedsystems_inspiration.codex	/title	US - Inspiration	unused-or-deprecated-asset
GiC	Galaxy_in_Conflict_contents_2754886445.pak	/monsters/LEGACY/gic_otherworld_nue/gic_otherworld_nue.monstertype	/shortdescription	[Hero of the Heian Era]	unused-or-deprecated-asset
GiC	Galaxy_in_Conflict_contents_2754886445.pak	/monsters/LEGACY/gic_otherworld_nue/gic_otherworld_nue.monstertype	/description	Knights of old.	unused-or-deprecated-asset
GiC	Galaxy_in_Conflict_contents_2754886445.pak	/codex/LEGACY/THE_WAR_ON_MARS/CHAPTER_0/1_TRAINING/gic_twom_privateprotectordiary/gic_twom_privateprotectordiary.codex	/title	[CH0-1] Private Protector's Diary	unused-or-deprecated-asset
GiC	Galaxy_in_Conflict_contents_2754886445.pak	/items/AMMUNITION/LEGACY/SPELLCARD/gic_spellcard_blaster.item	/description	"^#8FAED3;Charges 16 shots. Attuned staff would be somewhat comparable to the performance of an automatic shotgun.^reset;
An attunement first pioneered during the early reign of the Dynasty. This spellcard focuses an extreme amount of kinetic energy in a few telekinetically-held projectiles (lead pellets are preferred, but gravel and sand can work). When desired, the projectiles are launched at immense speed in a cone of devastating shrapnel. Effective against hordes, whether that be against the Possessed, or an attempt at a worker's union."	unused-or-deprecated-asset
GiC	Galaxy_in_Conflict_contents_2754886445.pak	/items/AMMUNITION/LEGACY/SPELLCARD/gic_spellcard_blaster.item	/shortdescription	Spellcard 'Blaster' Type	unused-or-deprecated-asset
GiC	Galaxy_in_Conflict_contents_2754886445.pak	/items/WEAPONS/LEGACY/gic_stgl40/gic_stgl40.activeitem	/description	LEGACY ITEM - This is a pre-v4.0 item and you should not be seeing this unless you have an older save. This item may no longer work. Please find a post-v4.0 item equivalent for its updated code and delete this item.	unused-or-deprecated-asset
GiC	Galaxy_in_Conflict_contents_2754886445.pak	/items/WEAPONS/LEGACY/gic_stgl40/gic_stgl40.activeitem	/shortdescription	[LEGACY ITEM]	unused-or-deprecated-asset
GiC	Galaxy_in_Conflict_contents_2754886445.pak	/items/AMMUNITION/LEGACY/STANAG_USM/gic_stanag_usm_545x39mm_drum_mag.item	/description	[Legacy Item] Seek a newer version of this item. Thank you.	unused-or-deprecated-asset
GiC	Galaxy_in_Conflict_contents_2754886445.pak	/items/AMMUNITION/LEGACY/STANAG_USM/gic_stanag_usm_545x39mm_drum_mag.item	/shortdescription	[Legacy Item]	unused-or-deprecated-asset
GiC	Galaxy_in_Conflict_contents_2754886445.pak	/interface/windowconfig/WORKSTATION/gic_centralplanning_workstation.config	/paneLayout/scrollArea/children/itemList/schema/listTemplate/itemName/value	Replace Me	template-placeholder
GiC	Galaxy_in_Conflict_contents_2754886445.pak	/monsters/LEGACY/MEGA_LEGACY/gic_yamaxanadu_airborne_judgmentwisp/gic_yamaxanadu_airborne_judgmentwisp.monstertype	/shortdescription	Judgment Wisp	unused-or-deprecated-asset
GiC	Galaxy_in_Conflict_contents_2754886445.pak	/monsters/LEGACY/MEGA_LEGACY/gic_yamaxanadu_airborne_judgmentwisp/gic_yamaxanadu_airborne_judgmentwisp.monstertype	/description	Some sort of anomaly. Reacts violently.	unused-or-deprecated-asset
GiC	Galaxy_in_Conflict_contents_2754886445.pak	/npcs/crew/LEGACY/gic_floran_primitive_greatbow_crew.npctype	/scriptConfig/crew/role/name	Primitive Greatbow Infantry	unused-or-deprecated-asset
GiC	Galaxy_in_Conflict_contents_2754886445.pak	/items/WEAPONS/LEGACY/gic_electric_torch_ews/gic_electric_torch_ews.activeitem	/description	Electric torches are the preferred cheap light sources for today's modern mining industry. One equipped with a small battery can easily last up to an hour.	unused-or-deprecated-asset
GiC	Galaxy_in_Conflict_contents_2754886445.pak	/items/WEAPONS/LEGACY/gic_electric_torch_ews/gic_electric_torch_ews.activeitem	/shortdescription	Basic Electric Torch (GiC)	unused-or-deprecated-asset
GiC	Galaxy_in_Conflict_contents_2754886445.pak	/interface/windowconfig/gic_occultist_workbench.config	/paneLayout/scrollArea/children/itemList/schema/listTemplate/itemName/value	Replace Me	template-placeholder
GiC	Galaxy_in_Conflict_contents_2754886445.pak	/items/WEAPONS/LEGACY/gic_m100h/gic_m100h_riflegrenade_lunarian_radioman_npc.activeitem	/description	Rifle Grenade variant of the M1 used only by NPCs.	unused-or-deprecated-asset
GiC	Galaxy_in_Conflict_contents_2754886445.pak	/items/WEAPONS/LEGACY/gic_m100h/gic_m100h_riflegrenade_lunarian_radioman_npc.activeitem	/shortdescription	M1 Rifle-Grenade Lunarian Radioman NPC	unused-or-deprecated-asset
GiC	Galaxy_in_Conflict_contents_2754886445.pak	/codex/LEGACY/SKYBURNER/gic_skyburner_chapter5/gic_skyburner_chapter5.codex	/title	Skyburner: Chapter 5	unused-or-deprecated-asset
GiC	Galaxy_in_Conflict_contents_2754886445.pak	/items/AMMUNITION/LEGACY/OLD/gic_scar18_mag/gic_scar18_mag.item	/description	Fits in the SCAR-18. 20 rounds in a magazine.	unused-or-deprecated-asset
GiC	Galaxy_in_Conflict_contents_2754886445.pak	/items/AMMUNITION/LEGACY/OLD/gic_scar18_mag/gic_scar18_mag.item	/shortdescription	SCAR-18 Type Magazine	unused-or-deprecated-asset
GiC	Galaxy_in_Conflict_contents_2754886445.pak	/monsters/LEGACY/PROTECTORATE/gic_protectorate_beluga_fighter/gic_protectorate_beluga_fighter.monstertype	/description	Protectorate Beluga Fighter	unused-or-deprecated-asset
GiC	Galaxy_in_Conflict_contents_2754886445.pak	/codex/LEGACY/UNITED_SYSTEMS/gic_unitedsystems_immigrationpolicy/gic_unitedsystems_immigrationpolicy.codex	/title	US - Immigration Policy	unused-or-deprecated-asset
GiC	Galaxy_in_Conflict_contents_2754886445.pak	/codex/LEGACY/UNITED_SYSTEMS/gic_unitedsystems_immigrationpolicy/gic_unitedsystems_immigrationpolicy.codex	/description	The requirements for immigration into the United Systems.	unused-or-deprecated-asset
GiC	Galaxy_in_Conflict_contents_2754886445.pak	/items/WEAPONS/LEGACY/gic_coldwell1851navy/gic_coldwell1851navy.activeitem	/description	LEGACY ITEM - This is a pre-v4.0 item and you should not be seeing this unless you have an older save. This item may no longer work. Please find a post-v4.0 item equivalent for its updated code and delete this item.	unused-or-deprecated-asset
GiC	Galaxy_in_Conflict_contents_2754886445.pak	/items/WEAPONS/LEGACY/gic_coldwell1851navy/gic_coldwell1851navy.activeitem	/shortdescription	[LEGACY ITEM]	unused-or-deprecated-asset
GiC	Galaxy_in_Conflict_contents_2754886445.pak	/items/MATERIALS/OLD/gic_generallubricant/gic_generallubricant.item	/description	Various hydrocarbons stored into an aerosol canister, able to emit a solution that works as a general lubricant which evaporates shortly after. Sees common use in colonial engineering where atmospheres have been tuned similarly to Earth's, but atmospheres of different compositions (or lacking entirely) may have different results. Used to create high-grade repair kits.	unused-or-deprecated-asset
GiC	Galaxy_in_Conflict_contents_2754886445.pak	/items/MATERIALS/OLD/gic_generallubricant/gic_generallubricant.item	/shortdescription	General Lubricant	unused-or-deprecated-asset
GiC	Galaxy_in_Conflict_contents_2754886445.pak	/items/AMMUNITION/LEGACY/BOHIYA/gic_bohiya_rocket_he/gic_bohiya_rocket_he.item	/description	A single Bo-Hiya High-Explosive Rocket. Primitively designed, but more than enough for medium-range harrassment of enemy assets.	unused-or-deprecated-asset
GiC	Galaxy_in_Conflict_contents_2754886445.pak	/items/AMMUNITION/LEGACY/BOHIYA/gic_bohiya_rocket_he/gic_bohiya_rocket_he.item	/shortdescription	Bo-Hiya HE Rocket	unused-or-deprecated-asset
GiC	Galaxy_in_Conflict_contents_2754886445.pak	/interface/windowconfig/LEGACY/gic_spaceporttrader.config	/paneLayout/lblSchematics/value	^#b9b5b2;COLLECTION	unused-or-deprecated-asset
GiC	Galaxy_in_Conflict_contents_2754886445.pak	/interface/windowconfig/LEGACY/gic_spaceporttrader.config	/paneLayout/lblProducttitle/value	^#b9b5b2;PIECE	unused-or-deprecated-asset
GiC	Galaxy_in_Conflict_contents_2754886445.pak	/interface/windowconfig/LEGACY/gic_spaceporttrader.config	/paneLayout/lblFilters/value	^#b9b5b2;FILTERS	unused-or-deprecated-asset
GiC	Galaxy_in_Conflict_contents_2754886445.pak	/interface/windowconfig/LEGACY/gic_spaceporttrader.config	/paneLayout/lblProduct/value	CAN AFFORD	unused-or-deprecated-asset
GiC	Galaxy_in_Conflict_contents_2754886445.pak	/interface/windowconfig/LEGACY/gic_spaceporttrader.config	/paneLayout/scrollArea/children/itemList/schema/listTemplate/itemName/value	Replace Me	unused-or-deprecated-asset
GiC	Galaxy_in_Conflict_contents_2754886445.pak	/interface/windowconfig/LEGACY/gic_spaceporttrader.config	/paneLayout/lblFurniture/value	Local Supplies	unused-or-deprecated-asset
GiC	Galaxy_in_Conflict_contents_2754886445.pak	/interface/windowconfig/LEGACY/gic_spaceporttrader.config	/paneLayout/lblCommunity/value	Port Supplies	unused-or-deprecated-asset
GiC	Galaxy_in_Conflict_contents_2754886445.pak	/codex/LEGACY/SKYBURNER/gic_skyburner_chapter1/gic_skyburner_chapter1.codex	/title	Skyburner: Chapter 1	unused-or-deprecated-asset
GiC	Galaxy_in_Conflict_contents_2754886445.pak	/items/UNUSED/REMNANTS/gic_remnant_occultistassassin.item	/description	"A neutral remnant of the Occultist Assassin, a mercenary augmented by magic neither dark nor divine, but something given unto him by a loving patron.
For some, magic was a pathway towards degeneracy and a sign of a failing humanity. For others like the Occultists, they would embrace these new ideas and integrate them into their work. After all, if a rat swarm could bring down an enemy target just as well as a concealed blade, why not take the option?
^#FFE460;Trade at a Soulsmith to transform into something greater.^reset;"	unused-or-deprecated-asset
GiC	Galaxy_in_Conflict_contents_2754886445.pak	/items/UNUSED/REMNANTS/gic_remnant_occultistassassin.item	/shortdescription	Remnant of the Occultist Assassin	unused-or-deprecated-asset
GiC	Galaxy_in_Conflict_contents_2754886445.pak	/monsters/LEGACY/ERCHIUS/gic_afflictedwalker/gic_afflictedwalker_miniboss.monstertype	/shortdescription	Afflicted Walker	unused-or-deprecated-asset
GiC	Galaxy_in_Conflict_contents_2754886445.pak	/monsters/LEGACY/ERCHIUS/gic_afflictedwalker/gic_afflictedwalker_miniboss.monstertype	/description	This wandering creature might've been a person once...	unused-or-deprecated-asset
GiC	Galaxy_in_Conflict_contents_2754886445.pak	/monsters/LEGACY/PROTECTORATE/gic_protectorate_beluga_fighter/gic_protectorate_beluga_fightertest.monstertype	/description	Protectorate Beluga Fighter	unused-or-deprecated-asset
GiC	Galaxy_in_Conflict_contents_2754886445.pak	/interface/warping/LEGACY/gic_citytoboonestreet.config	/destinations/0/name	Part 2: Raining Shells	unused-or-deprecated-asset
GiC	Galaxy_in_Conflict_contents_2754886445.pak	/items/WEAPONS/LEGACY/DEPRECATED_SPECIAL/gic_armoredprotectorspistol/gic_armoredprotectorspistol_onehanded.activeitem	/description	LEGACY ITEM - This is a pre-v4.0 item and you should not be seeing this unless you have an older save. This item may no longer work. Please find a post-v4.0 item equivalent for its updated code and delete this item.	unused-or-deprecated-asset
GiC	Galaxy_in_Conflict_contents_2754886445.pak	/items/WEAPONS/LEGACY/DEPRECATED_SPECIAL/gic_armoredprotectorspistol/gic_armoredprotectorspistol_onehanded.activeitem	/shortdescription	[LEGACY ITEM]	unused-or-deprecated-asset
GiC	Galaxy_in_Conflict_contents_2754886445.pak	/interface/windowconfig/gic_bazaarbetweentime_celestialmerchant.config	/paneLayout/scrollArea/children/itemList/schema/listTemplate/itemName/value	Replace Me	template-placeholder
GiC	Galaxy_in_Conflict_contents_2754886445.pak	/interface/windowconfig/gic_spaceport_tradeterminal.config	/paneLayout/scrollArea/children/itemList/schema/listTemplate/itemName/value	Replace Me	template-placeholder
GiC	Galaxy_in_Conflict_contents_2754886445.pak	/monsters/LEGACY/gic_fallenyamaxanadu/gic_fallenyamaxanadu.monstertype	/shortdescription	[Burnt Yamaxanadu Queen]	unused-or-deprecated-asset
GiC	Galaxy_in_Conflict_contents_2754886445.pak	/monsters/LEGACY/gic_fallenyamaxanadu/gic_fallenyamaxanadu.monstertype	/description	Peak Performance.	unused-or-deprecated-asset
GiC	Galaxy_in_Conflict_contents_2754886445.pak	/items/WEAPONS/LEGACY/DEPRECATED_SPECIAL/gic_hunterspistol/gic_bracedhunterspistol.item	/description	You have prepared this pistol to be attached to a Brace of Pistols. You may draw, fire, and discard them more easily when using it with the Brigand's Brace of Hunter-Pistols.	unused-or-deprecated-asset
GiC	Galaxy_in_Conflict_contents_2754886445.pak	/items/WEAPONS/LEGACY/DEPRECATED_SPECIAL/gic_hunterspistol/gic_bracedhunterspistol.item	/shortdescription	Braced Hunter's Pistol	unused-or-deprecated-asset
GiC	Galaxy_in_Conflict_contents_2754886445.pak	/interface/windowconfig/gic_nitori_storymerchant.config	/paneLayout/scrollArea/children/itemList/schema/listTemplate/itemName/value	Replace Me	template-placeholder
GiC	Galaxy_in_Conflict_contents_2754886445.pak	/interface/warping/LEGACY/gic_md3_md4.config	/destinations/0/name	Part 4: Escape	unused-or-deprecated-asset
GiC	Galaxy_in_Conflict_contents_2754886445.pak	/items/WEAPONS/LEGACY/DEPRECATED_SPECIAL/gic_armoredprotectorspistol/gic_armoredprotectorspistol.activeitem	/description	LEGACY ITEM - This is a pre-v4.0 item and you should not be seeing this unless you have an older save. This item may no longer work. Please find a post-v4.0 item equivalent for its updated code and delete this item.	unused-or-deprecated-asset
GiC	Galaxy_in_Conflict_contents_2754886445.pak	/items/WEAPONS/LEGACY/DEPRECATED_SPECIAL/gic_armoredprotectorspistol/gic_armoredprotectorspistol.activeitem	/shortdescription	[LEGACY ITEM]	unused-or-deprecated-asset
GiC	Galaxy_in_Conflict_contents_2754886445.pak	/codex/LEGACY/MISSIONS/ESTHER/1_1_FNG/gic_ec11_gunsgone.codex	/title	EC11 - Guns Gone	unused-or-deprecated-asset
GiC	Galaxy_in_Conflict_contents_2754886445.pak	/codex/LEGACY/MISSIONS/ESTHER/1_1_FNG/gic_ec11_gunsgone.codex	/description	Esther Chapter 1-1-GG	unused-or-deprecated-asset
GiC	Galaxy_in_Conflict_contents_2754886445.pak	/monsters/ANOMALIES/LEGACY/gic_khurtovyna_lostdoll/gic_khurtovyna_lostdoll.monstertype	/shortdescription	[Passive Lost Doll]	unused-or-deprecated-asset
GiC	Galaxy_in_Conflict_contents_2754886445.pak	/monsters/ANOMALIES/LEGACY/gic_khurtovyna_lostdoll/gic_khurtovyna_lostdoll.monstertype	/description	HI!!!	unused-or-deprecated-asset
GiC	Galaxy_in_Conflict_contents_2754886445.pak	/items/MEDICAL/OLD/gic_unitan_psychicsedative.consumable	/description	"Liquid medicine concocted by the occult scholars of the United Systems. Their unending search for wonder-weapons leads them to windows that should've never been looked-through, and doors that should've never been open.
^yellow;Does not stack with the World Walker artifacts, which will^reset; replace ^yellow;this medicine's effect.^reset;  
^green;Immunity to Suspicious Sensations for 6 hours.^reset;"	unused-or-deprecated-asset
GiC	Galaxy_in_Conflict_contents_2754886445.pak	/items/MEDICAL/OLD/gic_unitan_psychicsedative.consumable	/shortdescription	^red;Unitan Astral Sedative	unused-or-deprecated-asset
GiC	Galaxy_in_Conflict_contents_2754886445.pak	/items/SHIELDS/LEGACY/gic_oldfloransgreenscutum_greatshield/gic_oldfloransgreenscutum_greatshield.activeitem	/description	"''Beware the barbarian, they travel in packs
When they send cavalry, send a javelin back
We shall launch in their face
As the masses attack
And out of the ashes, a hero is rising
The final wish of his father will drive him.''

^orange;Dying Empire: 0.5s PARRY WINDOW | 180HP STABILITY | 80% DEF.^reset;"	unused-or-deprecated-asset
GiC	Galaxy_in_Conflict_contents_2754886445.pak	/items/SHIELDS/LEGACY/gic_oldfloransgreenscutum_greatshield/gic_oldfloransgreenscutum_greatshield.activeitem	/shortdescription	Old Floran's Green Scutum	unused-or-deprecated-asset
GiC	Galaxy_in_Conflict_contents_2754886445.pak	/items/SHIELDS/LEGACY/gic_psychicjunkshield/gic_psychicjunkshield.activeitem	/shortdescription	Psychic Junk Shield	unused-or-deprecated-asset
GiC	Galaxy_in_Conflict_contents_2754886445.pak	/items/WEAPONS/LEGACY/gic_mk483smaw/gic_mk483smaw.activeitem	/description	LEGACY ITEM - This is a pre-v4.0 item and you should not be seeing this unless you have an older save. This item may no longer work. Please find a post-v4.0 item equivalent for its updated code and delete this item.	unused-or-deprecated-asset
GiC	Galaxy_in_Conflict_contents_2754886445.pak	/items/WEAPONS/LEGACY/gic_mk483smaw/gic_mk483smaw.activeitem	/shortdescription	[LEGACY ITEM]	unused-or-deprecated-asset
GiC	Galaxy_in_Conflict_contents_2754886445.pak	/monsters/LEGACY/FLORAN/gic_floran_liberationrifleman/gic_floran_liberationrifleman.monstertype	/shortdescription	[Floran Rifleman]	unused-or-deprecated-asset
GiC	Galaxy_in_Conflict_contents_2754886445.pak	/monsters/LEGACY/FLORAN/gic_floran_liberationrifleman/gic_floran_liberationrifleman.monstertype	/description	Knights of old.	unused-or-deprecated-asset
GiC	Galaxy_in_Conflict_contents_2754886445.pak	/items/WEAPONS/LEGACY/ANCIENT_LEGACY/gic_lust_scar_17/gic_lust_scar_17.activeitem	/description	Lust's personal weapon of choice. There's scratches of his ^red;naughtiest^white; desires on this rifle. 	unused-or-deprecated-asset
GiC	Galaxy_in_Conflict_contents_2754886445.pak	/items/WEAPONS/LEGACY/ANCIENT_LEGACY/gic_lust_scar_17/gic_lust_scar_17.activeitem	/shortdescription	Lust's SCAR 17 Battle Rifle	unused-or-deprecated-asset
GiC	Galaxy_in_Conflict_contents_2754886445.pak	/items/AMMUNITION/LEGACY/SPELLCARD/gic_spellcard_explosion.item	/description	"^#8FAED3;Attunes the wand to explode, dealing significant damage to anything within a massive radius.^reset;

^red;The bearer and any nearby allies are not immune to this, and will most likely die in the process.^reset;

''The Dynasty must survive. It's just a pleasant bonus if it keeps us alive.''"	unused-or-deprecated-asset
GiC	Galaxy_in_Conflict_contents_2754886445.pak	/items/AMMUNITION/LEGACY/SPELLCARD/gic_spellcard_explosion.item	/shortdescription	Spellcard 'Explosion' Type	unused-or-deprecated-asset
GiC	Galaxy_in_Conflict_contents_2754886445.pak	/npcs/crew/LEGACY/gic_retainer_independent_patrician_crew.npctype	/scriptConfig/crew/interactData/title	^#52A8DD;Independent Patrician Retainer^reset;	unused-or-deprecated-asset
GiC	Galaxy_in_Conflict_contents_2754886445.pak	/npcs/crew/LEGACY/gic_retainer_independent_patrician_crew.npctype	/scriptConfig/crew/interactData/subtitle	^#E0C200;''Three senatorial visits in one month! They noticed!''^reset;	unused-or-deprecated-asset
GiC	Galaxy_in_Conflict_contents_2754886445.pak	/npcs/crew/LEGACY/gic_retainer_independent_patrician_crew.npctype	/scriptConfig/crew/interactData/message	"^#E0C200;+50HP^reset;

^#52A8DD;As the face of the ship's crew, a patrician can serve to source ''exotic'' personal goods to better one's lifestyle. Whilst seemingly meager, the quality of air and sustenance can make a difference in one's longevity.^reset;"	unused-or-deprecated-asset
GiC	Galaxy_in_Conflict_contents_2754886445.pak	/quests/UNUSED/gic_ancientgate_choice_mercenary.questtemplate	/title	Mercenary Choice	unused-or-deprecated-asset
GiC	Galaxy_in_Conflict_contents_2754886445.pak	/interface/windowconfig/gic_wymond_storymerchant.config	/paneLayout/scrollArea/children/itemList/schema/listTemplate/itemName/value	Replace Me	template-placeholder
GiC	Galaxy_in_Conflict_contents_2754886445.pak	/interface/windowconfig/WORKSTATION/gic_gunner_workstation.config	/paneLayout/scrollArea/children/itemList/schema/listTemplate/itemName/value	Replace Me	template-placeholder
GiC	Galaxy_in_Conflict_contents_2754886445.pak	/items/WEAPONS/LEGACY/DEPRECATED_SPECIAL/gic_mustangandsally/gic_sally.activeitem	/description	"''I have my orders. I am to remain alive until my body is annihilated, until my mind is gone. For King and Country.''
  
The gun is a lot thicker than it looks. Uses custom M&S 25rnd magazines.
  
^orange;Exposing Shot: Hold [SHIFT] for 0.2s to enter FOCUS MODE. Releasing will fire a bullet that MARKS (-100% DMG RES) any hit target for 3s."	unused-or-deprecated-asset
GiC	Galaxy_in_Conflict_contents_2754886445.pak	/items/WEAPONS/LEGACY/DEPRECATED_SPECIAL/gic_mustangandsally/gic_sally.activeitem	/shortdescription	^#EA3C0B;''Sally''	unused-or-deprecated-asset
GiC	Galaxy_in_Conflict_contents_2754886445.pak	/codex/LEGACY/TUTORIAL/gic_munitionsworkbench_mortalshellguide/gic_munitionsworkbench_mortalshell_solon_guide.codex	/title	GIC: Solon, The Lawbringer	unused-or-deprecated-asset
GiC	Galaxy_in_Conflict_contents_2754886445.pak	/codex/LEGACY/TUTORIAL/gic_munitionsworkbench_mortalshellguide/gic_munitionsworkbench_mortalshell_solon_guide.codex	/description	Guide to Solon, The Lawbringer	unused-or-deprecated-asset
GiC	Galaxy_in_Conflict_contents_2754886445.pak	/items/WEAPONS/LEGACY/gic_ccr71/gic_ccr71_squadleader.activeitem	/description	"Koloniya's early solution to the rifle power gap. Boasting 7.7x56mm ammunition, the CCR71 offers substantial stopping power at most ranges and is often seen as overkill for use in Colonies. Loads STANAG-K 7.7x56mm Magazines

^green;Hold down ""Alt Fire"" to switch between Full Auto and Semi-Auto.^reset;"	unused-or-deprecated-asset
GiC	Galaxy_in_Conflict_contents_2754886445.pak	/items/WEAPONS/LEGACY/gic_dcmk51/gic_dcmk51_npc.activeitem	/description	Primary light machinegun of Dynami-Core's Corporate Security Forces, chambered in a heavy 7.62x51mm round. Only supports the unique 100rnd Box designed specifically for the DCMK51.	unused-or-deprecated-asset
GiC	Galaxy_in_Conflict_contents_2754886445.pak	/items/WEAPONS/LEGACY/gic_dcmk51/gic_dcmk51_npc.activeitem	/shortdescription	Dynami-Core Mk51 (NPC)	unused-or-deprecated-asset
GiC	Galaxy_in_Conflict_contents_2754886445.pak	/quests/STORY/LEGACY/ESTHER/gic_esther_chapter_2_1_unitandollars.questtemplate	/title	^#D1FFDE;Before you go...	unused-or-deprecated-asset
GiC	Galaxy_in_Conflict_contents_2754886445.pak	/interface/windowconfig/gic_nitori_storymerchant_closed.config	/paneLayout/scrollArea/children/itemList/schema/listTemplate/itemName/value	Replace Me	template-placeholder
GiC	Galaxy_in_Conflict_contents_2754886445.pak	/monsters/LEGACY/FLORAN/gic_floran_whitworth_cannon/gic_floran_whitworth_cannon.monstertype	/shortdescription	FLF Whitworth Cannon	unused-or-deprecated-asset
GiC	Galaxy_in_Conflict_contents_2754886445.pak	/monsters/LEGACY/FLORAN/gic_floran_whitworth_cannon/gic_floran_whitworth_cannon.monstertype	/description	Siege Weapon	unused-or-deprecated-asset
GiC	Galaxy_in_Conflict_contents_2754886445.pak	/monsters/LEGACY/SECURITY/gic_ultrasheriff_twigun/gic_ultrasheriff_twigun.monstertype	/description	A variant of the standard Twigun. Deals chip damage.	unused-or-deprecated-asset
GiC	Galaxy_in_Conflict_contents_2754886445.pak	/items/WEAPONS/LEGACY/DEPRECATED_SPECIAL/gic_grenade_bandolier/gic_lf2_grenade_bandolier.activeitem	/description	"''Grow some hair on yer face, and come and try me again, lad!''

This item allows the rapid throwing of multiple LF-2 Grenades at once, at the cost of precision 'cooking'. Reloading will use LF-2 Grenades from your inventory to refill the bandolier."	unused-or-deprecated-asset
GiC	Galaxy_in_Conflict_contents_2754886445.pak	/items/WEAPONS/LEGACY/DEPRECATED_SPECIAL/gic_grenade_bandolier/gic_lf2_grenade_bandolier.activeitem	/shortdescription	LF-2 Grenade Bandolier	unused-or-deprecated-asset
GiC	Galaxy_in_Conflict_contents_2754886445.pak	/items/SHIELDS/LEGACY/gic_afflicted_riotshield/gic_afflicted_riotshield.activeitem	/description	"''They say that anything not like us can't think like us. That we were special and the only enemies we'd be fighting were stupid primitives. From what I've seen, there's nothing stupid about our enemy.''
^orange;Riot Stance: 300HP STABILITY | 75% DEF | Regain HP when shot by a bullet.^white;"	unused-or-deprecated-asset
GiC	Galaxy_in_Conflict_contents_2754886445.pak	/items/SHIELDS/LEGACY/gic_afflicted_riotshield/gic_afflicted_riotshield.activeitem	/shortdescription	Afflicted Riot Shield	unused-or-deprecated-asset
GiC	Galaxy_in_Conflict_contents_2754886445.pak	/codex/LEGACY/RED_STAR_ALLIANCE/ENGLISH/gic_precursor_redstar3/gic_precursor_redstar3.codex	/title	Precursor: Victory or Death [3]	unused-or-deprecated-asset
GiC	Galaxy_in_Conflict_contents_2754886445.pak	/behaviors/NPC_COMBAT/gic_npccombat.behavior	/root/children/1/children/1/children/1/children/0/children/1/child/children/1/title	NPC Melee	behavior-tree-parameter
GiC	Galaxy_in_Conflict_contents_2754886445.pak	/behaviors/NPC_COMBAT/gic_npccombat.behavior	/root/children/1/children/1/children/1/children/1/children/2/title	NPC Ranged	behavior-tree-parameter
GiC	Galaxy_in_Conflict_contents_2754886445.pak	/behaviors/NPC_COMBAT/gic_npccombat.behavior	/root/children/1/children/1/children/1/children/2/child/children/2/title	NPC Melee Standby	behavior-tree-parameter
GiC	Galaxy_in_Conflict_contents_2754886445.pak	/codex/LEGACY/TUTORIAL/gic_manual_sika_helicopter/gic_manual_sika_helicopter.codex	/title	Manual - Sika Helicopter	unused-or-deprecated-asset
GiC	Galaxy_in_Conflict_contents_2754886445.pak	/codex/LEGACY/TUTORIAL/gic_manual_sika_helicopter/gic_manual_sika_helicopter.codex	/description	How to operate the Sika Helicopter.	unused-or-deprecated-asset
GiC	Galaxy_in_Conflict_contents_2754886445.pak	/items/WEAPONS/LEGACY/COPSC/gic_copsc_smg/gic_copsc_smg.activeitem	/description	LEGACY ITEM - This is a pre-v4.0 item and you should not be seeing this unless you have an older save. This item may no longer work. Please find a post-v4.0 item equivalent for its updated code and delete this item.	unused-or-deprecated-asset
GiC	Galaxy_in_Conflict_contents_2754886445.pak	/items/WEAPONS/LEGACY/COPSC/gic_copsc_smg/gic_copsc_smg.activeitem	/shortdescription	[LEGACY ITEM]	unused-or-deprecated-asset
GiC	Galaxy_in_Conflict_contents_2754886445.pak	/interface/windowconfig/gic_protectorate_terraforge.config	/paneLayout/scrollArea/children/itemList/schema/listTemplate/itemName/value	Replace Me	template-placeholder
GiC	Galaxy_in_Conflict_contents_2754886445.pak	/monsters/LEGACY/gic_colonial_gunpowderhunter/gic_colonial_gunpowderhunter.monstertype	/shortdescription	[Demoknight]	unused-or-deprecated-asset
GiC	Galaxy_in_Conflict_contents_2754886445.pak	/monsters/LEGACY/gic_colonial_gunpowderhunter/gic_colonial_gunpowderhunter.monstertype	/description	Knights of old.	unused-or-deprecated-asset
GiC	Galaxy_in_Conflict_contents_2754886445.pak	/codex/KHURTOVYNA/UNUSED/gic_khurtovyna_darkonecontainment.codex	/description	"[???]

^orange;Interact to read.^reset;"	unused-or-deprecated-asset
GiC	Galaxy_in_Conflict_contents_2754886445.pak	/monsters/LEGACY/MEGA_LEGACY/FIGHTERS/gic_protectoratedrone_fighter/gic_protectoratedrone_fighter.monstertype	/description	Hostile aircraft	unused-or-deprecated-asset
GiC	Galaxy_in_Conflict_contents_2754886445.pak	/items/WEAPONS/LEGACY/gic_frostsoldier_staff/gic_frostsoldier_staff.activeitem	/description	"^#8FAED3;Uses SPELLCARDS from the OTHERWORLD.^reset; In a time before the Dynasty, sorcerers and witches alike were often secluded hermits who spent their lives in pursuit of the ''arts''. The Dynasty that rose turned the tide of power from youkai-dominance to that of human rule and youkai client states, which saw to the rise of Sorcerer-Soldiers and other infantrymen. Staves would be produced en-masse, rather than handed-down or gifted by deities.
^orange;Iron Will: 0.4s PARRY WINDOW | 150HP STABILITY^reset;"	unused-or-deprecated-asset
GiC	Galaxy_in_Conflict_contents_2754886445.pak	/items/WEAPONS/LEGACY/gic_frostsoldier_staff/gic_frostsoldier_staff.activeitem	/shortdescription	Frost-Soldier Staff	unused-or-deprecated-asset
GiC	Galaxy_in_Conflict_contents_2754886445.pak	/items/WEAPONS/LEGACY/gic_frostsoldier_staff/gic_frostsoldier_staff.activeitem	/altAbility/name	Perfect Parry	unused-or-deprecated-asset
GiC	Galaxy_in_Conflict_contents_2754886445.pak	/items/WEAPONS/LEGACY/ANCIENT_LEGACY/gic_metroshambler/gic_metroshambler.activeitem	/description	"''When Earth faced its first Nuclear Holocaust, humanity was hurried into massive underground complexes. The greatest minds of that generation were among the privileged survivors, and they created designs like these--not to fight against monsters, but other men.''

The Metro Shambler takes its name from a complex revolver-type gun fielded by militia forces after Earth's 3rd World War. Accepts 18.50x70mm Buckshot and Slug rounds."	unused-or-deprecated-asset
GiC	Galaxy_in_Conflict_contents_2754886445.pak	/items/WEAPONS/LEGACY/ANCIENT_LEGACY/gic_metroshambler/gic_metroshambler.activeitem	/shortdescription	Metro Shambler	unused-or-deprecated-asset
GiC	Galaxy_in_Conflict_contents_2754886445.pak	/items/WEAPONS/LEGACY/DEPRECATED_SPECIAL/gic_okuucontrolrod/gic_okuucontrolrod.activeitem	/description	"''The sunlight that rains down on the Earth is a nuclear furnace that will create new atoms.''
  
Uses a ^orange;Healing Flask^reset; as a temporary fuel source for this energy-hungry arm cannon.
^yellow;When Standing: Fires two highly inaccurate danmaku shots per unit of ammo for covering an extremely wide area.
^green;When Crouching: Fires semi-accurate energy projectiles for targetted fire. No miss chance."	unused-or-deprecated-asset
GiC	Galaxy_in_Conflict_contents_2754886445.pak	/items/WEAPONS/LEGACY/DEPRECATED_SPECIAL/gic_okuucontrolrod/gic_okuucontrolrod.activeitem	/shortdescription	^yellow;Okuu^reset; Control Rod	unused-or-deprecated-asset
GiC	Galaxy_in_Conflict_contents_2754886445.pak	/codex/LEGACY/gic_alcubierrewarpdrive/gic_alcubierrewarpdrive.codex	/title	Alcubierre Warp Drive	unused-or-deprecated-asset
GiC	Galaxy_in_Conflict_contents_2754886445.pak	/monsters/LEGACY/FLORAN/gic_floran_liberationflamer/gic_floran_liberationflamer.monstertype	/shortdescription	[Floran Liberation Flamer]	unused-or-deprecated-asset
GiC	Galaxy_in_Conflict_contents_2754886445.pak	/monsters/LEGACY/FLORAN/gic_floran_liberationflamer/gic_floran_liberationflamer.monstertype	/description	Knights of old.	unused-or-deprecated-asset
GiC	Galaxy_in_Conflict_contents_2754886445.pak	/items/WEAPONS/LEGACY/gic_frostmilitia_crossbow/gic_frostmilitia_crossbow_npc.activeitem	/description	^#D6AF8B;Uses various Bolts.^reset; Shots affected by melee-resistant armor.	unused-or-deprecated-asset
GiC	Galaxy_in_Conflict_contents_2754886445.pak	/items/WEAPONS/LEGACY/gic_frostmilitia_crossbow/gic_frostmilitia_crossbow_npc.activeitem	/shortdescription	Frost Militia Crossbow	unused-or-deprecated-asset
GiC	Galaxy_in_Conflict_contents_2754886445.pak	/items/SHIELDS/LEGACY/gic_oldfloransmarinescutum_greatshield/gic_oldfloransmarinescutum_greatshield_npc.activeitem	/description	"---

^#D6DFFF;Shield Bash: Moving at great speeds and colliding with an enemy will deal damage based on the speed of the user.^white;"	unused-or-deprecated-asset
GiC	Galaxy_in_Conflict_contents_2754886445.pak	/items/SHIELDS/LEGACY/gic_oldfloransmarinescutum_greatshield/gic_oldfloransmarinescutum_greatshield_npc.activeitem	/shortdescription	Heian Defender Scutum	unused-or-deprecated-asset
GiC	Galaxy_in_Conflict_contents_2754886445.pak	/codex/LEGACY/UNITED_SYSTEMS/gic_unitedsystems_mediumprioritymissive/gic_unitedsystems_mediumprioritymissive.codex	/title	US - Medium Priority Missive	unused-or-deprecated-asset
GiC	Galaxy_in_Conflict_contents_2754886445.pak	/codex/LEGACY/UNITED_SYSTEMS/gic_unitedsystems_mediumprioritymissive/gic_unitedsystems_mediumprioritymissive.codex	/description	Looks like a photocopy of a letter from a captain-	unused-or-deprecated-asset
GiC	Galaxy_in_Conflict_contents_2754886445.pak	/items/UNUSED/RESEARCH/gic_gunpowderhunters_badge/gic_gunpowderhunters_badge.item	/description	"The back reads: ''Kill a Protector once. Pay's not much. Prove you can keep doing it though, even to the same one... People notice.''

                                        Zhuangbei kuijia
                                      sha si mosheng ren

                                      Equipar armadura
                                        Matar extraños"	unused-or-deprecated-asset
GiC	Galaxy_in_Conflict_contents_2754886445.pak	/items/UNUSED/RESEARCH/gic_gunpowderhunters_badge/gic_gunpowderhunters_badge.item	/shortdescription	Gunpowder Hunters Badge	unused-or-deprecated-asset
GiC	Galaxy_in_Conflict_contents_2754886445.pak	/items/WEAPONS/LEGACY/ANCIENT_LEGACY/gic_stungrenadelauncher/gic_stungrenadelauncher.activeitem	/description	A gun able to fire the tips of stun spears, effectively turning it into a grenade launcher. Uses cut-down Stun Spears, typically referred to as a 'Mule Shock Grenade'.	unused-or-deprecated-asset
GiC	Galaxy_in_Conflict_contents_2754886445.pak	/items/WEAPONS/LEGACY/ANCIENT_LEGACY/gic_stungrenadelauncher/gic_stungrenadelauncher.activeitem	/shortdescription	Stun Grenade Launcher	unused-or-deprecated-asset
GiC	Galaxy_in_Conflict_contents_2754886445.pak	/quests/STORY/LEGACY/ESTHER/gic_esther_chapter_1_1_fng.questtemplate	/title	^yellow;[GiC]: Chapter 1 - F.N.G	unused-or-deprecated-asset
GiC	Galaxy_in_Conflict_contents_2754886445.pak	/items/MEDICAL/OLD/gic_healingflask.consumable	/description	"''Flasks filled with a sun-like liquid from another realm. Many beings of great power treasure these green dull flasks: Youkai, Demigods, Undead, and so-forth.''
  
- No effect."	unused-or-deprecated-asset
GiC	Galaxy_in_Conflict_contents_2754886445.pak	/items/MEDICAL/OLD/gic_healingflask.consumable	/shortdescription	^yellow;Healing Flask	unused-or-deprecated-asset
GiC	Galaxy_in_Conflict_contents_2754886445.pak	/items/UNUSED/REMNANTS/gic_remnant_greenfingergeneral.item	/description	"A flickering remnant of the Greenfinger General, a Drufloran soldier who held the line alone while others fled.
The Greenfinger General served as a retainer for his Daimyo, having been adopted after said Daimyo's forces were ordered to execute his own parents. Despite holding the high ranking of Samurai, he yearned for something more than total dominion over mere peasants and knew that one day, he would face a worthy adversary.
^#FFE460;Trade at a Soulsmith to transform into something greater.^reset;"	unused-or-deprecated-asset
GiC	Galaxy_in_Conflict_contents_2754886445.pak	/items/UNUSED/REMNANTS/gic_remnant_greenfingergeneral.item	/shortdescription	Remnant of the Greenfinger General	unused-or-deprecated-asset
GiC	Galaxy_in_Conflict_contents_2754886445.pak	/items/WEAPONS/LEGACY/ANCIENT_LEGACY/BOSS/gic_grenadethrow_npc/gic_mule_shockgrenadethrow_npc.activeitem	/description	The arcane magic of throwing things.	unused-or-deprecated-asset
GiC	Galaxy_in_Conflict_contents_2754886445.pak	/items/WEAPONS/LEGACY/ANCIENT_LEGACY/BOSS/gic_grenadethrow_npc/gic_mule_shockgrenadethrow_npc.activeitem	/shortdescription	NPC Grenade Throw.	unused-or-deprecated-asset
GiC	Galaxy_in_Conflict_contents_2754886445.pak	/monsters/LEGACY/MEGA_LEGACY/gic_weapon_uvv/gic_weapon_uvv.monstertype	/shortdescription	Red Star Swarm Fighter	unused-or-deprecated-asset
GiC	Galaxy_in_Conflict_contents_2754886445.pak	/monsters/LEGACY/MEGA_LEGACY/gic_weapon_uvv/gic_weapon_uvv.monstertype	/description	A discrete Unmanned Void Vehicle.	unused-or-deprecated-asset
GiC	Galaxy_in_Conflict_contents_2754886445.pak	/codex/LEGACY/NEWSPAPER/News_Watch/gic_nw_3/gic_nw_3.codex	/title	NewsWatch #3	unused-or-deprecated-asset
GiC	Galaxy_in_Conflict_contents_2754886445.pak	/codex/LEGACY/NEWSPAPER/News_Watch/gic_nw_3/gic_nw_3.codex	/description	[27th November, 2821]	unused-or-deprecated-asset
GiC	Galaxy_in_Conflict_contents_2754886445.pak	/items/AMMUNITION/LEGACY/gic_vich_545x15mm_mag/gic_vich_545x15mm_mag.item	/description	40rnd 5.45x15mm Vich-type Magazine. LEGACY ITEM, NO LONGER USED.	unused-or-deprecated-asset
GiC	Galaxy_in_Conflict_contents_2754886445.pak	/items/AMMUNITION/LEGACY/gic_vich_545x15mm_mag/gic_vich_545x15mm_mag.item	/shortdescription	Vich 40rnd 5.45x15mm Magazine	unused-or-deprecated-asset
GiC	Galaxy_in_Conflict_contents_2754886445.pak	/items/WEAPONS/LEGACY/gic_sova762/gic_sova762.activeitem	/description	Semi-automatic hunting carbine of the 7.62x39mm caliber. It was created on the platform of the United Systems Model (USM) and has identical appearance, weight and dimensions. Designed for professional and amateur hunting of game, as well as sporting use. Hammer type firing mechanism administers single shots only.	unused-or-deprecated-asset
GiC	Galaxy_in_Conflict_contents_2754886445.pak	/monsters/LEGACY/UNITED_SYSTEMS/gic_division16_airborne_soldierfairy/gic_division16_airborne_soldierfairy_playercompanion.monstertype	/shortdescription	Rifle Fairy	unused-or-deprecated-asset
GiC	Galaxy_in_Conflict_contents_2754886445.pak	/items/WEAPONS/LEGACY/gic_steelguardpercussionpistol/gic_steelguardpercussionpistol.activeitem	/description	LEGACY ITEM - This is a pre-v4.0 item and you should not be seeing this unless you have an older save. This item may no longer work. Please find a post-v4.0 item equivalent for its updated code and delete this item.	unused-or-deprecated-asset
GiC	Galaxy_in_Conflict_contents_2754886445.pak	/items/WEAPONS/LEGACY/gic_steelguardpercussionpistol/gic_steelguardpercussionpistol.activeitem	/shortdescription	[LEGACY ITEM]	unused-or-deprecated-asset
GiC	Galaxy_in_Conflict_contents_2754886445.pak	/behaviors/monsters/modular/actions/action-gic_chainactions.behavior	/root/children/0/parameters/windupState/value	<windupState>	behavior-tree-parameter
GiC	Galaxy_in_Conflict_contents_2754886445.pak	/behaviors/monsters/modular/actions/action-gic_chainactions.behavior	/root/children/0/parameters/windupStateType/value	<windupStateType>	behavior-tree-parameter
GiC	Galaxy_in_Conflict_contents_2754886445.pak	/behaviors/monsters/modular/actions/action-gic_chainactions.behavior	/root/children/0/parameters/skillName/value	<skillName>	behavior-tree-parameter
GiC	Galaxy_in_Conflict_contents_2754886445.pak	/behaviors/monsters/modular/actions/action-gic_chainactions.behavior	/root/children/2/child/parameters/state/value	<winddownState>	behavior-tree-parameter
GiC	Galaxy_in_Conflict_contents_2754886445.pak	/behaviors/monsters/modular/actions/action-gic_chainactions.behavior	/root/children/3/parameters/time/value	<winddownTime>	behavior-tree-parameter
GiC	Galaxy_in_Conflict_contents_2754886445.pak	/codex/LEGACY/MISSIONS/INDEPENDENT/1_1_JIANGSHICANYON/gic_ic11_canyoncassette.codex	/title	IC11 - A Recorded Conversation	unused-or-deprecated-asset
GiC	Galaxy_in_Conflict_contents_2754886445.pak	/codex/LEGACY/MISSIONS/INDEPENDENT/1_1_JIANGSHICANYON/gic_ic11_canyoncassette.codex	/description	Cain and Selist's deductions regarding the Jiangshi mining colony.	unused-or-deprecated-asset
GiC	Galaxy_in_Conflict_contents_2754886445.pak	/monsters/LEGACY/gic_greenfingertruedaimyo/gic_greenfingeracclaimeddaimyo.monstertype	/shortdescription	[Last Man Standing]	unused-or-deprecated-asset
GiC	Galaxy_in_Conflict_contents_2754886445.pak	/monsters/LEGACY/gic_greenfingertruedaimyo/gic_greenfingeracclaimeddaimyo.monstertype	/description	Last of their kind.	unused-or-deprecated-asset
GiC	Galaxy_in_Conflict_contents_2754886445.pak	/items/WEAPONS/LEGACY/gic_usm174/gic_usm174_old.activeitem	/description	"''Protectorate Officials had keen interest in our weapons development programs and approached us. What resulted was the COPSC: Cherez-Ormond Private Security Company. A joint secret program that benefitted both parties. Though, since I've told you about them, it's not so secret anymore, eh?''
Lightweight 40mm four-shot revolver-type grenade launcher, intended to significantly increase a small squad's destructive capabilities in the absence of armored support.
Loads 40x46mm LV Grenades."	unused-or-deprecated-asset
GiC	Galaxy_in_Conflict_contents_2754886445.pak	/items/WEAPONS/LEGACY/gic_usm174/gic_usm174_old.activeitem	/shortdescription	USM174 Grenade Launcher	unused-or-deprecated-asset
GiC	Galaxy_in_Conflict_contents_2754886445.pak	/interface/windowconfig/LEGACY/gic_crafting_largebase_colonyvendingmachine.config	/paneLayout/windowtitle/subtitle	  Make sharp things.	unused-or-deprecated-asset
GiC	Galaxy_in_Conflict_contents_2754886445.pak	/interface/windowconfig/LEGACY/gic_crafting_largebase_colonyvendingmachine.config	/paneLayout/lblSchematics/value	^#b9b5b2;BLUEPRINTS	unused-or-deprecated-asset
GiC	Galaxy_in_Conflict_contents_2754886445.pak	/interface/windowconfig/LEGACY/gic_crafting_largebase_colonyvendingmachine.config	/paneLayout/lblProducttitle/value	^#b9b5b2;PRODUCT	unused-or-deprecated-asset
GiC	Galaxy_in_Conflict_contents_2754886445.pak	/interface/windowconfig/LEGACY/gic_crafting_largebase_colonyvendingmachine.config	/paneLayout/lblProduct/value	MATERIALS AVAILABLE	unused-or-deprecated-asset
GiC	Galaxy_in_Conflict_contents_2754886445.pak	/interface/windowconfig/LEGACY/gic_crafting_largebase_colonyvendingmachine.config	/paneLayout/scrollArea/children/itemList/schema/listTemplate/itemName/value	Replace Me	unused-or-deprecated-asset
GiC	Galaxy_in_Conflict_contents_2754886445.pak	/codex/LEGACY/MISSIONS/FLORAN_INTRO/gic_fi_supplyissues.codex	/title	FI - Supply Issues	unused-or-deprecated-asset
GiC	Galaxy_in_Conflict_contents_2754886445.pak	/codex/LEGACY/MISSIONS/FLORAN_INTRO/gic_fi_supplyissues.codex	/description	Read this!	unused-or-deprecated-asset
GiC	Galaxy_in_Conflict_contents_2754886445.pak	/items/MATERIALS/OLD/GUN_KITS/gic_industrygunmodkit/gic_industrygunmodkit.item	/description	High-end Industrial-quality modification kit for an absolutely pristine and intensive reworking of a weapon's internal and external components.	unused-or-deprecated-asset
GiC	Galaxy_in_Conflict_contents_2754886445.pak	/items/MATERIALS/OLD/GUN_KITS/gic_industrygunmodkit/gic_industrygunmodkit.item	/shortdescription	^blue;Industry Gun Mod Kit	unused-or-deprecated-asset
GiC	Galaxy_in_Conflict_contents_2754886445.pak	/items/AMMUNITION/LEGACY/BOHIYA/gic_bohiya_rocket_incendiary/gic_bohiya_rocket_incendiary.item	/description	A single Bo-Hiya Incendiary Rocket.	unused-or-deprecated-asset
GiC	Galaxy_in_Conflict_contents_2754886445.pak	/items/AMMUNITION/LEGACY/BOHIYA/gic_bohiya_rocket_incendiary/gic_bohiya_rocket_incendiary.item	/shortdescription	Bo-Hiya Incendiary Rocket	unused-or-deprecated-asset
GiC	Galaxy_in_Conflict_contents_2754886445.pak	/monsters/CRUSADE/LEGACY/gic_crusader_halberdier/gic_crusader_halberdier.monstertype	/shortdescription	[Crusader Halberdier]	unused-or-deprecated-asset
GiC	Galaxy_in_Conflict_contents_2754886445.pak	/monsters/CRUSADE/LEGACY/gic_crusader_halberdier/gic_crusader_halberdier.monstertype	/description	Knights of old.	unused-or-deprecated-asset
GiC	Galaxy_in_Conflict_contents_2754886445.pak	/items/WEAPONS/LEGACY/ANCIENT_LEGACY/XME/gic_xme8/gic_xme8.activeitem	/description	The Experimental Model Electric 8. A modular alternative to the Syber M4.	unused-or-deprecated-asset
GiC	Galaxy_in_Conflict_contents_2754886445.pak	/monsters/LEGACY/UNITED_SYSTEMS/gic_unitan_defenderdoll_fighter/gic_unitan_defenderdoll_fighter.monstertype	/shortdescription	Defender Doll Fighter	unused-or-deprecated-asset
GiC	Galaxy_in_Conflict_contents_2754886445.pak	/monsters/LEGACY/UNITED_SYSTEMS/gic_unitan_defenderdoll_fighter/gic_unitan_defenderdoll_fighter.monstertype	/description	Summoned by Unitan Psychic Fightercraft to provide firepower support.	unused-or-deprecated-asset
GiC	Galaxy_in_Conflict_contents_2754886445.pak	/items/AMMUNITION/LEGACY/OLD/gic_usm47_mag/gic_usm47_545_mag.item	/description	Fits in the Sova 5.45x39mm.	unused-or-deprecated-asset
GiC	Galaxy_in_Conflict_contents_2754886445.pak	/items/AMMUNITION/LEGACY/OLD/gic_usm47_mag/gic_usm47_545_mag.item	/shortdescription	USM47B545-Type Magazine	unused-or-deprecated-asset
GiC	Galaxy_in_Conflict_contents_2754886445.pak	/codex/LEGACY/EVE_4/gic_redyacountry/gic_redyacountry.codex	/title	Eve-IV: Redya	unused-or-deprecated-asset
GiC	Galaxy_in_Conflict_contents_2754886445.pak	/monsters/LEGACY/UNITED_SYSTEMS/gic_moonrabbit_lunarbattlefield_riflewoman/gic_moonrabbit_lunarbattlefield_riflewoman_air_static.monstertype	/shortdescription	[Moon Rabbit Lunar Battlefield Riflewoman]	unused-or-deprecated-asset
GiC	Galaxy_in_Conflict_contents_2754886445.pak	/monsters/LEGACY/UNITED_SYSTEMS/gic_moonrabbit_lunarbattlefield_riflewoman/gic_moonrabbit_lunarbattlefield_riflewoman_air_static.monstertype	/description	Knights of old.	unused-or-deprecated-asset
GiC	Galaxy_in_Conflict_contents_2754886445.pak	/monsters/LEGACY/PROTECTORATE/gic_protectorate_beluga_fighter/gic_protectorate_beluga_fighter_chapter2.monstertype	/description	Protectorate Beluga Fighter	unused-or-deprecated-asset
GiC	Galaxy_in_Conflict_contents_2754886445.pak	/interface/warping/LEGACY/gic_powerplantdestruction_longwalkhome.config	/destinations/0/name	The long walk home.	unused-or-deprecated-asset
GiC	Galaxy_in_Conflict_contents_2754886445.pak	/monsters/LEGACY/gic_greenfingerdaimyo/gic_greenfingerdaimyo.monstertype	/shortdescription	[Greenfinger Daimyo]	unused-or-deprecated-asset
GiC	Galaxy_in_Conflict_contents_2754886445.pak	/monsters/LEGACY/gic_greenfingerdaimyo/gic_greenfingerdaimyo.monstertype	/description	Last of their kind.	unused-or-deprecated-asset
GiC	Galaxy_in_Conflict_contents_2754886445.pak	/objects/CRAFTING/LEGACY_CRAFTING/UNUSED/gic_advancedmunitions_engineer/gic_advancedmunitions_engineer.object	/description	Someone willing to offer his expertise in advanced munitions.	unused-or-deprecated-asset
GiC	Galaxy_in_Conflict_contents_2754886445.pak	/objects/CRAFTING/LEGACY_CRAFTING/UNUSED/gic_advancedmunitions_engineer/gic_advancedmunitions_engineer.object	/shortdescription	Advanced Munitions Engineer	unused-or-deprecated-asset
GiC	Galaxy_in_Conflict_contents_2754886445.pak	/objects/CRAFTING/LEGACY_CRAFTING/UNUSED/gic_advancedmunitions_engineer/gic_advancedmunitions_engineer.object	/interactData/paneLayoutOverride/windowtitle/title	"  Advanced Munitions Engineer







"	unused-or-deprecated-asset
GiC	Galaxy_in_Conflict_contents_2754886445.pak	/objects/CRAFTING/LEGACY_CRAFTING/UNUSED/gic_advancedmunitions_engineer/gic_advancedmunitions_engineer.object	/interactData/paneLayoutOverride/windowtitle/subtitle	"


 Thanks to subsidies from colonial governments and certain administrators, engineers like this one 
 only require that clients bring specific parts and the host item for conversion or modification. 
 Engineered Munitions can provide effective situational benefits against a variety of targets.
 
 These services give the average adventurer an edge in particularly dangerous territories, 
 -perhaps so that they might bring something of value back to the colony. 
 
 Faction Embassies sometimes sell pre-engineered items that cannot be crafted here."	unused-or-deprecated-asset
GiC	Galaxy_in_Conflict_contents_2754886445.pak	/items/UNUSED/RESEARCH/gic_unitan_sealedpsionicwarpcrystal/gic_unitan_sealedpsionicwarpcrystal.item	/description	A crystal is sealed within this containment unit. Appears to be of great importance to the United Systems. The title on the box reads ''Перемещение''.	unused-or-deprecated-asset
GiC	Galaxy_in_Conflict_contents_2754886445.pak	/items/WEAPONS/LEGACY/gic_vich919/gic_vich919_special_spotter.activeitem	/description	"Vich-919 intended to be used by NPCs only.

^green;Hold down ""Alt Fire"" to switch between Full Auto and Semi-Auto.^reset;"	unused-or-deprecated-asset
GiC	Galaxy_in_Conflict_contents_2754886445.pak	/items/WEAPONS/LEGACY/gic_vich919/gic_vich919_special_spotter.activeitem	/shortdescription	Vich-919 .Special Spotter NPC	unused-or-deprecated-asset
GiC	Galaxy_in_Conflict_contents_2754886445.pak	/quests/STORY/LEGACY/ESTHER/LIONHEART/gic_esther_chapter_4c_grandlibrarian.questtemplate	/title	^yellow;[GiC]: Grand Librarion	unused-or-deprecated-asset
GiC	Galaxy_in_Conflict_contents_2754886445.pak	/monsters/LEGACY/SECURITY/gic_laserturret/gic_laserturret.monstertype	/shortdescription	Laser Turret	unused-or-deprecated-asset
GiC	Galaxy_in_Conflict_contents_2754886445.pak	/monsters/LEGACY/SECURITY/gic_laserturret/gic_laserturret.monstertype	/description	Rapidly fires a stream from its twin-linked lasguns at hostile boarders.	unused-or-deprecated-asset
GiC	Galaxy_in_Conflict_contents_2754886445.pak	/items/AMMUNITION/LEGACY/STANAG_KOLONIYA/gic_stanag_koloniya_770x56mm_mag_smart.item	/description	"Type: STANAG-KOLONIYA
Caliber: 7.7x56mm
Capacity: 20rnds

Effect: TRACKING (Negates MISS CHANCE and homes-in on targets)

Compatible: CCR71"	unused-or-deprecated-asset
GiC	Galaxy_in_Conflict_contents_2754886445.pak	/items/AMMUNITION/LEGACY/STANAG_KOLONIYA/gic_stanag_koloniya_770x56mm_mag_smart.item	/shortdescription	7.7x56mm ^#FFDD00;[Smart]^reset;	unused-or-deprecated-asset
GiC	Galaxy_in_Conflict_contents_2754886445.pak	/items/WEAPONS/LEGACY/COPSC/gic_copsc_servicerifle/gic_copsc_servicerifle_old.activeitem	/description	"A rugged combat rifle issued to COPSC enforcers in high risk conflict zones. High lethality provided by the 7.7x56mm cartridge is crippled by high recoil, although controlled bursts will be enough tame the beast. The large cartridge size is almost perfect for taking down synths and light drones. Almost too perfect.

  ^green;Hold down ""Alt Fire"" to switch between Full Auto and Semi-Auto.^reset;"	unused-or-deprecated-asset
GiC	Galaxy_in_Conflict_contents_2754886445.pak	/items/WEAPONS/LEGACY/COPSC/gic_copsc_servicerifle/gic_copsc_servicerifle_old.activeitem	/shortdescription	COPSC 'Komodo' Service Rifle	unused-or-deprecated-asset
GiC	Galaxy_in_Conflict_contents_2754886445.pak	/interface/windowconfig/LEGACY/gic_gunterminal_largebase.config	/paneLayout/windowtitle/subtitle	  Make sharp things.	unused-or-deprecated-asset
GiC	Galaxy_in_Conflict_contents_2754886445.pak	/interface/windowconfig/LEGACY/gic_gunterminal_largebase.config	/paneLayout/lblSchematics/value	^#b9b5b2;BLUEPRINTS	unused-or-deprecated-asset
GiC	Galaxy_in_Conflict_contents_2754886445.pak	/interface/windowconfig/LEGACY/gic_gunterminal_largebase.config	/paneLayout/lblProducttitle/value	^#b9b5b2;PRODUCT	unused-or-deprecated-asset
GiC	Galaxy_in_Conflict_contents_2754886445.pak	/interface/windowconfig/LEGACY/gic_gunterminal_largebase.config	/paneLayout/lblProduct/value	MATERIALS AVAILABLE	unused-or-deprecated-asset
GiC	Galaxy_in_Conflict_contents_2754886445.pak	/interface/windowconfig/LEGACY/gic_gunterminal_largebase.config	/paneLayout/scrollArea/children/itemList/schema/listTemplate/itemName/value	Replace Me	unused-or-deprecated-asset
GiC	Galaxy_in_Conflict_contents_2754886445.pak	/items/WEAPONS/LEGACY/gic_usm47a2/gic_usm47a2_onehanded.activeitem	/description	7.62x39mm Assault Rifle. A2 variant offers higher overall factory-quality standards, reducing clunky uncomfortable recoil movements and excessive wear on the weapon. Models built after 2659, after the end of the Floran Invasion of Humanity.	unused-or-deprecated-asset
GiC	Galaxy_in_Conflict_contents_2754886445.pak	/codex/LEGACY/MISSIONS/INDEPENDENT/0_2_GROUNDZERO/gic_ic02_audiorecordingtranscript_1.codex	/title	M.M. Audio-Recording Transcript #1	unused-or-deprecated-asset
GiC	Galaxy_in_Conflict_contents_2754886445.pak	/codex/LEGACY/MISSIONS/INDEPENDENT/0_2_GROUNDZERO/gic_ic02_audiorecordingtranscript_1.codex	/description	This is becoming some strange and twisted nightmare of mundane madness.	unused-or-deprecated-asset
GiC	Galaxy_in_Conflict_contents_2754886445.pak	/npcs/UNUSED/TRADE/gic_industrialdealer.npctype	/scriptConfig/guiConfig/gui/windowtitle/title	Refinery Dealer	unused-or-deprecated-asset
GiC	Galaxy_in_Conflict_contents_2754886445.pak	/npcs/UNUSED/TRADE/gic_industrialdealer.npctype	/scriptConfig/guiConfig/gui/windowtitle/subtitle	Further refines metals into goods.	unused-or-deprecated-asset
GiC	Galaxy_in_Conflict_contents_2754886445.pak	/npcs/crew/LEGACY/gic_militia_partisan_gunner_crew.npctype	/scriptConfig/crew/role/name	Partisan Gunner	unused-or-deprecated-asset
GiC	Galaxy_in_Conflict_contents_2754886445.pak	/items/WEAPONS/LEGACY/DEPRECATED_SPECIAL/gic_oldsynthguard_armcannon/gic_oldsynthguard_armcannon.activeitem	/shortdescription	Old Synth Guard Arm Cannon	unused-or-deprecated-asset
GiC	Galaxy_in_Conflict_contents_2754886445.pak	/codex/LEGACY/UNITED_SYSTEMS/gic_unitedsystems_oath/gic_unitedsystems_oath.codex	/title	US - Oath	unused-or-deprecated-asset
GiC	Galaxy_in_Conflict_contents_2754886445.pak	/codex/LEGACY/UNITED_SYSTEMS/gic_unitedsystems_oath/gic_unitedsystems_oath.codex	/description	The Naturalization Oath to United Systems Citizenship.	unused-or-deprecated-asset
GiC	Galaxy_in_Conflict_contents_2754886445.pak	/items/WEAPONS/LEGACY/DEPRECATED_SPECIAL/gic_grenade_bandolier/gic_nail_grenade_bandolier.activeitem	/description	"''What makes me a good Demoman? If I were a bad Demoman, I wouldn't be sittin' here, discussin' it with ya, now would I!?''

This item allows the rapid throwing of multiple Nail Grenades at once, at the cost of precision 'cooking'. Reloading will use Nail Grenades from your inventory to refill the bandolier."	unused-or-deprecated-asset
GiC	Galaxy_in_Conflict_contents_2754886445.pak	/items/WEAPONS/LEGACY/DEPRECATED_SPECIAL/gic_grenade_bandolier/gic_nail_grenade_bandolier.activeitem	/shortdescription	Nail Grenade Bandolier	unused-or-deprecated-asset
GiC	Galaxy_in_Conflict_contents_2754886445.pak	/monsters/LEGACY/PROTECTORATE/gic_rogueprotectorateknight/gic_rogueprotectorateknight.monstertype	/shortdescription	[RogueProtectorate Knight]	unused-or-deprecated-asset
GiC	Galaxy_in_Conflict_contents_2754886445.pak	/monsters/LEGACY/PROTECTORATE/gic_rogueprotectorateknight/gic_rogueprotectorateknight.monstertype	/description	Knights of old.	unused-or-deprecated-asset
GiC	Galaxy_in_Conflict_contents_2754886445.pak	/items/UNUSED/RESEARCH/gic_glitchsteelshard/gic_glitchsteelshard.item	/description	The living shard of a Crusader Champion. It pulses ever so slightly and yet remains cold to the touch. It bears unknown energies, radiating strongly in the presence of both Glitch and Humans. A Celestial Merchant may know what to do with this.	unused-or-deprecated-asset
GiC	Galaxy_in_Conflict_contents_2754886445.pak	/items/UNUSED/RESEARCH/gic_glitchsteelshard/gic_glitchsteelshard.item	/shortdescription	Glitch-Steel Shard	unused-or-deprecated-asset
GiC	Galaxy_in_Conflict_contents_2754886445.pak	/interface/windowconfig/gic_civilianfirearms_tradeterminal.config	/paneLayout/scrollArea/children/itemList/schema/listTemplate/itemName/value	Replace Me	template-placeholder
GiC	Galaxy_in_Conflict_contents_2754886445.pak	/interface/windowconfig/WORKSTATION/gic_ammunition_workstation.config	/paneLayout/scrollArea/children/itemList/schema/listTemplate/itemName/value	Replace Me	template-placeholder
GiC	Galaxy_in_Conflict_contents_2754886445.pak	/codex/LEGACY/Global_Earth_News/gic_gen_6/gic_gen_6.codex	/title	Earth Newspaper Headline #6	unused-or-deprecated-asset
GiC	Galaxy_in_Conflict_contents_2754886445.pak	/codex/LEGACY/PROTECTORATE/COASTLINE/gic_wildlands_asylum_patientsessiontranscript.codex	/title	^#6B88FF;Therapy Session Transcript	unused-or-deprecated-asset
GiC	Galaxy_in_Conflict_contents_2754886445.pak	/codex/LEGACY/PROTECTORATE/COASTLINE/gic_wildlands_asylum_patientsessiontranscript.codex	/description	Musings from a mecca of madness...	unused-or-deprecated-asset
GiC	Galaxy_in_Conflict_contents_2754886445.pak	/interface/windowconfig/gic_guardsmansupplies_citymall.config	/paneLayout/scrollArea/children/itemList/schema/listTemplate/itemName/value	Replace Me	template-placeholder
GiC	Galaxy_in_Conflict_contents_2754886445.pak	/items/AMMUNITION/LEGACY/STANAG_USM/gic_stanag_usm_762x39mm_mag.item	/description	[Legacy Item] Seek a newer version of this item. Thank you.	unused-or-deprecated-asset
GiC	Galaxy_in_Conflict_contents_2754886445.pak	/items/AMMUNITION/LEGACY/STANAG_USM/gic_stanag_usm_762x39mm_mag.item	/shortdescription	[Legacy Item]	unused-or-deprecated-asset
GiC	Galaxy_in_Conflict_contents_2754886445.pak	/items/WEAPONS/LEGACY/gic_usoa50/gic_usoa50.activeitem	/description	LEGACY ITEM - This is a pre-v4.0 item and you should not be seeing this unless you have an older save. This item may no longer work. Please find a post-v4.0 item equivalent for its updated code and delete this item.	unused-or-deprecated-asset
GiC	Galaxy_in_Conflict_contents_2754886445.pak	/items/WEAPONS/LEGACY/gic_usoa50/gic_usoa50.activeitem	/shortdescription	[LEGACY ITEM]	unused-or-deprecated-asset
GiC	Galaxy_in_Conflict_contents_2754886445.pak	/items/MATERIALS/OLD/GUN_KITS/gic_advancedgunmodkit/gic_advancedgunmodkit.item	/description	A hobbyist's kit for clean modifications to a weapon's internal and external parts.	unused-or-deprecated-asset
GiC	Galaxy_in_Conflict_contents_2754886445.pak	/items/MATERIALS/OLD/GUN_KITS/gic_advancedgunmodkit/gic_advancedgunmodkit.item	/shortdescription	^green;Advanced Gun Mod Kit	unused-or-deprecated-asset
GiC	Galaxy_in_Conflict_contents_2754886445.pak	/quests/STORY/LEGACY/BOSS_RUSH/gic_chapter2_bossrush_whitewolf.questtemplate	/title	^orange;Boss Rush: White Wolf	unused-or-deprecated-asset
GiC	Galaxy_in_Conflict_contents_2754886445.pak	/items/WEAPONS/LEGACY/ANCIENT_LEGACY/HISTORICAL/gic_garand/gic_garand.activeitem	/description	A truly ^yellow;revolutionary design^white; for it's time. Now a ^yellow;legendary piece^white; amongst collectors. An icon of America's strength and power, 900 years ago.	unused-or-deprecated-asset
GiC	Galaxy_in_Conflict_contents_2754886445.pak	/items/WEAPONS/LEGACY/ANCIENT_LEGACY/HISTORICAL/gic_garand/gic_garand.activeitem	/shortdescription	^yellow;M1 Garand ^green;.30-06	unused-or-deprecated-asset
GiC	Galaxy_in_Conflict_contents_2754886445.pak	/monsters/LEGACY/ERCHIUS/gic_erchius_crystalsentinel/gic_erchius_crystalsentinel_dying.monstertype	/shortdescription	Erchius Crystal Sentinel	unused-or-deprecated-asset
GiC	Galaxy_in_Conflict_contents_2754886445.pak	/monsters/LEGACY/ERCHIUS/gic_erchius_crystalsentinel/gic_erchius_crystalsentinel_dying.monstertype	/description	Some sort of living rock.	unused-or-deprecated-asset
GiC	Galaxy_in_Conflict_contents_2754886445.pak	/quests/STORY/LEGACY/ESTHER/LIONHEART/gic_esther_chapter_4_bridge_lionheart.questtemplate	/title	^#D1FFDE;The Replacement Yama	unused-or-deprecated-asset
GiC	Galaxy_in_Conflict_contents_2754886445.pak	/behaviors/TEST_OLD/Combat_Old_test/gic_combat_aggressive.behavior	/root/children/1/children/0/children/0/title	NPC Hostile Tracking	behavior-tree-parameter
GiC	Galaxy_in_Conflict_contents_2754886445.pak	/behaviors/TEST_OLD/Combat_Old_test/gic_combat_aggressive.behavior	/root/children/1/children/0/children/1/children/2/title	NPC Combat	behavior-tree-parameter
GiC	Galaxy_in_Conflict_contents_2754886445.pak	/behaviors/TEST_OLD/Combat_Old_test/gic_combat_aggressive.behavior	/root/children/2/title	NPC Idle	behavior-tree-parameter
GiC	Galaxy_in_Conflict_contents_2754886445.pak	/behaviors/TEST_OLD/Combat_Old_test/gic_combat_aggressive.behavior	/root/children/2/name	NPC Idle	behavior-tree-parameter
GiC	Galaxy_in_Conflict_contents_2754886445.pak	/items/WEAPONS/LEGACY/gic_transheya12/gic_transheya12_slug_npc.activeitem	/description	Slug-priority variant of the Transheya-12 used by NPCs.	unused-or-deprecated-asset
GiC	Galaxy_in_Conflict_contents_2754886445.pak	/items/SHIELDS/LEGACY/gic_wolfknights_shield/gic_wolfknights_shield.activeitem	/description	"''The skies have burnt above. Mankind has abandoned us.''
  
^#D6DFFF;Unmoving Posture: 2.0s PARRY WINDOW | 200HP STABILITY | 50% DEF.^white;

^red;Accursed Attacks: -50% GENERAL RESISTANCE when equipped in either hand.^white;"	unused-or-deprecated-asset
GiC	Galaxy_in_Conflict_contents_2754886445.pak	/items/SHIELDS/LEGACY/gic_wolfknights_shield/gic_wolfknights_shield.activeitem	/shortdescription	Wolf-Knight's Shield	unused-or-deprecated-asset
GiC	Galaxy_in_Conflict_contents_2754886445.pak	/items/WEAPONS/LEGACY/gic_u500/gic_u500_alliancesapper_npc.activeitem	/description	Sapper NPC	unused-or-deprecated-asset
GiC	Galaxy_in_Conflict_contents_2754886445.pak	/items/WEAPONS/LEGACY/gic_u500/gic_u500_alliancesapper_npc.activeitem	/shortdescription	ROKS U-500 Flamethrower Alliance Sapper NPC	unused-or-deprecated-asset
GiC	Galaxy_in_Conflict_contents_2754886445.pak	/quests/STORY/LEGACY/ESTHER/LIONHEART/gic_esther_chapter_6_lionheart.questtemplate	/title	^#D1FFDE;Lionheart, The Lunarian	unused-or-deprecated-asset
GiC	Galaxy_in_Conflict_contents_2754886445.pak	/items/SHIELDS/LEGACY/gic_ovalscutum_greatshield/gic_ovalscutum_greatshield_npc_raised.activeitem	/description	"An oval scutum shield that can be aimed to provide cover against primitive missiles (but not against contemporary rocket-propelled munitions). The first depictions of the scutum were by the Este culture in the 8th century BC, and subsequently spread to the Etruscans, Illyrians, Celts, and Italians.

^green;Attacking Testudo: Can be aimed | 100hp blocking power (npc).^white;  
^#D6DFFF;Shield Bash: Moving at great speeds and colliding with an enemy will deal damage based on the speed of the user.^white;"	unused-or-deprecated-asset
GiC	Galaxy_in_Conflict_contents_2754886445.pak	/items/SHIELDS/LEGACY/gic_ovalscutum_greatshield/gic_ovalscutum_greatshield_npc_raised.activeitem	/shortdescription	Primitive Oval Scutum NPC Raised	unused-or-deprecated-asset
GiC	Galaxy_in_Conflict_contents_2754886445.pak	/codex/LEGACY/THE_WAR_ON_MARS/HUB/gic_twom_thenuclearfire/gic_twom_thenuclearfire.codex	/title	[PH] The Martian Nuclear Fire	unused-or-deprecated-asset
GiC	Galaxy_in_Conflict_contents_2754886445.pak	/monsters/LEGACY/FLORAN/gic_floran_musketeer/gic_floran_musketeer_playersummon.monstertype	/shortdescription	[Floran Musketeer]	unused-or-deprecated-asset
GiC	Galaxy_in_Conflict_contents_2754886445.pak	/monsters/LEGACY/FLORAN/gic_floran_musketeer/gic_floran_musketeer_playersummon.monstertype	/description	Age of Fire.	unused-or-deprecated-asset
GiC	Galaxy_in_Conflict_contents_2754886445.pak	/monsters/LEGACY/BLOOD_YOUKAI/gic_bloodyoukai_airborne_stabber/gic_bloodyoukai_airborne_stabber_mobiletaskforce.monstertype	/shortdescription	Blood Youkai Stabber	unused-or-deprecated-asset
GiC	Galaxy_in_Conflict_contents_2754886445.pak	/monsters/LEGACY/BLOOD_YOUKAI/gic_bloodyoukai_airborne_stabber/gic_bloodyoukai_airborne_stabber_mobiletaskforce.monstertype	/description	No evil shall take me!	unused-or-deprecated-asset
GiC	Galaxy_in_Conflict_contents_2754886445.pak	/items/WEAPONS/LEGACY/gic_usoa50/gic_usoa50_old.activeitem	/description	In war-time, the destruction of various strategic targets can go a long way towards neutralizing the enemy's tactical advantage. Accurate long-range fire is necessary to eliminate high-value targets. Operational forces are soon rendered ineffective without the support of radar installations, communications equipment, aircraft, command centres and fuel storage facilities. This anti-material rifle handles all those and more, by firing 12.7x108mm ammunition.	unused-or-deprecated-asset
GiC	Galaxy_in_Conflict_contents_2754886445.pak	/items/WEAPONS/LEGACY/gic_usoa50/gic_usoa50_old.activeitem	/shortdescription	^yellow;Unified Systems Ordnance Arms .50	unused-or-deprecated-asset
GiC	Galaxy_in_Conflict_contents_2754886445.pak	/items/WEAPONS/LEGACY/gic_usm47p/gic_usm47p.activeitem	/description	"''I told you to cease fire. Are you supposed to be observing? I see you with a goddamned rifle!''

A stripped-down and shortened version of the USM47. At the onset of the Floran Invasions, only a handful of colonies were properly-equipped to fight a war.
^orange;Vandal: Alt-fire to utilize attached bayonet.^reset;

^green;Double-Tap [SHIFT] to switch to a questionable one-handed stance.^reset;"	unused-or-deprecated-asset
GiC	Galaxy_in_Conflict_contents_2754886445.pak	/codex/LEGACY/EVE_4/gic_isigacountry/gic_isigacountry.codex	/title	Eve-IV: Isiga	unused-or-deprecated-asset
GiC	Galaxy_in_Conflict_contents_2754886445.pak	/codex/LEGACY/MISSIONS/INDEPENDENT/0_2_GROUNDZERO/gic_ic02_audiorecordingtranscript_2.codex	/title	M.M. Audio-Recording Transcript #2	unused-or-deprecated-asset
GiC	Galaxy_in_Conflict_contents_2754886445.pak	/codex/LEGACY/MISSIONS/INDEPENDENT/0_2_GROUNDZERO/gic_ic02_audiorecordingtranscript_2.codex	/description	Wait, who shot who exactly?	unused-or-deprecated-asset
GiC	Galaxy_in_Conflict_contents_2754886445.pak	/interface/windowconfig/LEGACY/gic_archivist_largebase.config	/paneLayout/windowtitle/subtitle	  Make sharp things.	unused-or-deprecated-asset
GiC	Galaxy_in_Conflict_contents_2754886445.pak	/interface/windowconfig/LEGACY/gic_archivist_largebase.config	/paneLayout/lblSchematics/value	^#b9b5b2;STOCK	unused-or-deprecated-asset
GiC	Galaxy_in_Conflict_contents_2754886445.pak	/interface/windowconfig/LEGACY/gic_archivist_largebase.config	/paneLayout/lblProducttitle/value	^#b9b5b2;PRODUCT	unused-or-deprecated-asset
GiC	Galaxy_in_Conflict_contents_2754886445.pak	/interface/windowconfig/LEGACY/gic_archivist_largebase.config	/paneLayout/lblProduct/value	MATERIALS AVAILABLE	unused-or-deprecated-asset
GiC	Galaxy_in_Conflict_contents_2754886445.pak	/interface/windowconfig/LEGACY/gic_archivist_largebase.config	/paneLayout/scrollArea/children/itemList/schema/listTemplate/itemName/value	Replace Me	unused-or-deprecated-asset
GiC	Galaxy_in_Conflict_contents_2754886445.pak	/monsters/LEGACY/gic_bandit_spectre_combatrobot/gic_bandit_spectre_combatrobot_playersummon.monstertype	/shortdescription	[Spectre]	unused-or-deprecated-asset
GiC	Galaxy_in_Conflict_contents_2754886445.pak	/monsters/LEGACY/gic_bandit_spectre_combatrobot/gic_bandit_spectre_combatrobot_playersummon.monstertype	/description	Knights of old.	unused-or-deprecated-asset
GiC	Galaxy_in_Conflict_contents_2754886445.pak	/codex/LEGACY/PRISON/gic_abandonedcolonialprison_inmateorientation/gic_abandonedcolonialprison_inmateorientation.codex	/title	Colonial Anomalous Detainment Orientation	unused-or-deprecated-asset
GiC	Galaxy_in_Conflict_contents_2754886445.pak	/items/AMMUNITION/LEGACY/gic_t60mg_1270x108mm_box_mag/gic_t60mg_1270x108mm_box_mag.item	/description	"40 round 12.7x108mm ammunition box for the T60 ""Tabor"" Heavy Machine Gun."	unused-or-deprecated-asset
GiC	Galaxy_in_Conflict_contents_2754886445.pak	/items/AMMUNITION/LEGACY/gic_t60mg_1270x108mm_box_mag/gic_t60mg_1270x108mm_box_mag.item	/shortdescription	T60 HMG Box Magazine	unused-or-deprecated-asset
GiC	Galaxy_in_Conflict_contents_2754886445.pak	/quests/STORY/LEGACY/gic_realisticfloranintro.questtemplate	/title	^yellow;[GIC] Battle for New Germania	unused-or-deprecated-asset
GiC	Galaxy_in_Conflict_contents_2754886445.pak	/monsters/LEGACY/UNITED_SYSTEMS/gic_genecultist_impaler/gic_genecultist_impaler_defensive.monstertype	/shortdescription	[Gene-Cultist Impaler]	unused-or-deprecated-asset
GiC	Galaxy_in_Conflict_contents_2754886445.pak	/monsters/LEGACY/UNITED_SYSTEMS/gic_genecultist_impaler/gic_genecultist_impaler_defensive.monstertype	/description	Knights of old.	unused-or-deprecated-asset
GiC	Galaxy_in_Conflict_contents_2754886445.pak	/quests/STORY/LEGACY/BOSS_RUSH/gic_chapter2_bossrush_undercolony.questtemplate	/title	^orange;Boss Rush: Undercolony	unused-or-deprecated-asset
GiC	Galaxy_in_Conflict_contents_2754886445.pak	/codex/LEGACY/THE_WAR_ON_MARS/CHAPTER_0/3_CRASH/gic_twom_uscmbankruptcy/gic_twom_uscmbankruptcy.codex	/title	[CH0-3] USCM's Bankruptcy	unused-or-deprecated-asset
GiC	Galaxy_in_Conflict_contents_2754886445.pak	/quests/STORY/LEGACY/BOSS_RUSH/gic_chapter2_bossrush_wartorn.questtemplate	/title	^orange;Boss Rush: Wartorn	unused-or-deprecated-asset
GiC	Galaxy_in_Conflict_contents_2754886445.pak	/codex/LEGACY/MISSIONS/INDEPENDENT/1_1_JIANGSHICANYON/gic_ic11_miningconditions.codex	/title	IC11 - Mining Conditions	unused-or-deprecated-asset
GiC	Galaxy_in_Conflict_contents_2754886445.pak	/codex/LEGACY/MISSIONS/INDEPENDENT/1_1_JIANGSHICANYON/gic_ic11_miningconditions.codex	/description	Independent Chapter 1-1-MC	unused-or-deprecated-asset
GiC	Galaxy_in_Conflict_contents_2754886445.pak	/items/AMMUNITION/LEGACY/COPSC/gic_copsc_770x56mm_mag/gic_copsc_770x56mm_mag.item	/description	30rnd 7.7x56mm magazine for the COPSC 'Komodo' Service Rifle.	unused-or-deprecated-asset
GiC	Galaxy_in_Conflict_contents_2754886445.pak	/items/AMMUNITION/LEGACY/COPSC/gic_copsc_770x56mm_mag/gic_copsc_770x56mm_mag.item	/shortdescription	COPSC 'Komodo' Service Rifle 30rnd Magazine	unused-or-deprecated-asset
GiC	Galaxy_in_Conflict_contents_2754886445.pak	/codex/LEGACY/PROTECTORATE/gic_ancientvault_kiln_weapondump_note/gic_ancientvault_kiln_weapondump_note.codex	/title	Uncontrollable Kiln Production	unused-or-deprecated-asset
GiC	Galaxy_in_Conflict_contents_2754886445.pak	/codex/LEGACY/PROTECTORATE/gic_ancientvault_kiln_weapondump_note/gic_ancientvault_kiln_weapondump_note.codex	/description	A note of sorts.	unused-or-deprecated-asset
GiC	Galaxy_in_Conflict_contents_2754886445.pak	/interface/warping/LEGACY/gic_citytotunnels.config	/destinations/0/name	Part 2: The Darkness Below	unused-or-deprecated-asset
GiC	Galaxy_in_Conflict_contents_2754886445.pak	/codex/LEGACY/gic_hyperspaceregistrationrequirements_old/gic_hyperspaceregistrationrequirements.codex	/title	Hyperspace Registration	unused-or-deprecated-asset
GiC	Galaxy_in_Conflict_contents_2754886445.pak	/monsters/LEGACY/UNITED_SYSTEMS/gic_unitan_airborne_icefairy/gic_unitan_airborne_icefairy.monstertype	/shortdescription	Ice Fairy	unused-or-deprecated-asset
GiC	Galaxy_in_Conflict_contents_2754886445.pak	/monsters/LEGACY/UNITED_SYSTEMS/gic_unitan_airborne_icefairy/gic_unitan_airborne_icefairy.monstertype	/description	Some sort of anomaly. Reacts violently.	unused-or-deprecated-asset
GiC	Galaxy_in_Conflict_contents_2754886445.pak	/items/AMMUNITION/LEGACY/gic_vich_9x19mm_mag/gic_vich_9x19mm_mag.item	/description	35rnd Double-Stacked 9x19mm Kurtz-type Magazine for use in the Kurtz Maschinenpistole 5 Submachine Gun.	unused-or-deprecated-asset
GiC	Galaxy_in_Conflict_contents_2754886445.pak	/items/AMMUNITION/LEGACY/gic_vich_9x19mm_mag/gic_vich_9x19mm_mag.item	/shortdescription	Kurtz 35rnd 9x19mm Mag	unused-or-deprecated-asset
GiC	Galaxy_in_Conflict_contents_2754886445.pak	/items/UNUSED/RESEARCH/gic_gazri_portallab_notice/gic_gazri_portallab_notice.item	/shortdescription	^#E577C8;Portal Lab Notice	unused-or-deprecated-asset
GiC	Galaxy_in_Conflict_contents_2754886445.pak	/items/MEDICAL/OLD/gic_pbv4_medkit.consumable	/description	"'Paket Bystrogo Vosstanovleniya' or 'Quick Recovery Package' is a mass-producible medical kit intended to quickly recover life-threatening damage in a combat environment using traditional methods: The equipment within this kit contains a significant amount of hemotherapy paraphernalia.
^green;- Restores 100 health/4s | Heal Delay: 0.75s | Immobile Time: 1.5s
^yellow;- Heals Bruising.^white;
^red;- Heals Blood Loss.^white;
^gray;- Heals Fractures.^white;"	unused-or-deprecated-asset
GiC	Galaxy_in_Conflict_contents_2754886445.pak	/items/MEDICAL/OLD/gic_pbv4_medkit.consumable	/shortdescription	^yellow;PBV-4 Medkit	unused-or-deprecated-asset
GiC	Galaxy_in_Conflict_contents_2754886445.pak	/monsters/BRIGHT/LEGACY/gic_otherworld_relentlessheadless/gic_otherworld_relentlessheadless_crypt.monstertype	/shortdescription	[Relentless Headless]	unused-or-deprecated-asset
GiC	Galaxy_in_Conflict_contents_2754886445.pak	/monsters/BRIGHT/LEGACY/gic_otherworld_relentlessheadless/gic_otherworld_relentlessheadless_crypt.monstertype	/description	Knights of old.	unused-or-deprecated-asset
GiC	Galaxy_in_Conflict_contents_2754886445.pak	/items/AMMUNITION/LEGACY/gic_usm12_1850x70mm_mag/gic_usm12_1850x70mm_slug_drum_mag.item	/description	Fits any compatible USM12-type weapons. 20rnd Drum Magazine.	unused-or-deprecated-asset
GiC	Galaxy_in_Conflict_contents_2754886445.pak	/items/AMMUNITION/LEGACY/gic_usm12_1850x70mm_mag/gic_usm12_1850x70mm_slug_drum_mag.item	/shortdescription	USM12 20rnd Drum [Slug]	unused-or-deprecated-asset
GiC	Galaxy_in_Conflict_contents_2754886445.pak	/objects/MISSIONS/LEGACY/gic_esther_chapter_1_lionheart/gic_esther_chapter_1_lionheart.object	/interactData/paneLayoutOverride/windowtitle/title	  Lionheart, The Scoundrel	unused-or-deprecated-asset
GiC	Galaxy_in_Conflict_contents_2754886445.pak	/codex/LEGACY/gic_precursor_unified2/gic_precursor_unified2.codex	/title	Precursor: Their Struggle [2]	unused-or-deprecated-asset
GiC	Galaxy_in_Conflict_contents_2754886445.pak	/codex/LEGACY/MISSIONS/ESTHER/1_1_FNG/gic_ec11_larrysfinalnote.codex	/title	EC11 - Larry's Final Note	unused-or-deprecated-asset
GiC	Galaxy_in_Conflict_contents_2754886445.pak	/codex/LEGACY/MISSIONS/ESTHER/1_1_FNG/gic_ec11_larrysfinalnote.codex	/description	Esther Chapter 1-1-LFN	unused-or-deprecated-asset
GiC	Galaxy_in_Conflict_contents_2754886445.pak	/interface/windowconfig/LEGACY/gic_tradeterminal_restaurant.config	/paneLayout/windowtitle/subtitle	  Make sharp things.	unused-or-deprecated-asset
GiC	Galaxy_in_Conflict_contents_2754886445.pak	/interface/windowconfig/LEGACY/gic_tradeterminal_restaurant.config	/paneLayout/lblSchematics/value	^#b9b5b2;BLUEPRINTS	unused-or-deprecated-asset
GiC	Galaxy_in_Conflict_contents_2754886445.pak	/interface/windowconfig/LEGACY/gic_tradeterminal_restaurant.config	/paneLayout/lblProducttitle/value	^#b9b5b2;PRODUCT	unused-or-deprecated-asset
GiC	Galaxy_in_Conflict_contents_2754886445.pak	/interface/windowconfig/LEGACY/gic_tradeterminal_restaurant.config	/paneLayout/lblProduct/value	MATERIALS AVAILABLE	unused-or-deprecated-asset
GiC	Galaxy_in_Conflict_contents_2754886445.pak	/interface/windowconfig/LEGACY/gic_tradeterminal_restaurant.config	/paneLayout/scrollArea/children/itemList/schema/listTemplate/itemName/value	Replace Me	unused-or-deprecated-asset
GiC	Galaxy_in_Conflict_contents_2754886445.pak	/items/AMMUNITION/LEGACY/gic_modello_9x19mm_mag/gic_modello_9x19mm_mag.item	/description	13rnd magazine for the Mk.3 2055(B) pistol.	unused-or-deprecated-asset
GiC	Galaxy_in_Conflict_contents_2754886445.pak	/items/AMMUNITION/LEGACY/gic_modello_9x19mm_mag/gic_modello_9x19mm_mag.item	/shortdescription	Mk.3 9x19mm Mag	unused-or-deprecated-asset
GiC	Galaxy_in_Conflict_contents_2754886445.pak	/codex/LEGACY/TUTORIAL/gic_munitionsworkbench_weaponsguide/gic_munitionsworkbench_weaponsguide.codex	/title	EWS: Firearms & Ammo	unused-or-deprecated-asset
GiC	Galaxy_in_Conflict_contents_2754886445.pak	/codex/LEGACY/TUTORIAL/gic_munitionsworkbench_weaponsguide/gic_munitionsworkbench_weaponsguide.codex	/description	"A small guide to the basics of EWS.

^yellow;Interact to read codex.^reset;"	unused-or-deprecated-asset
GiC	Galaxy_in_Conflict_contents_2754886445.pak	/codex/LEGACY/PROTECTORATE/gic_protectorate_administrativeprotocolmodule/gic_protectorate_administrativeprotocolmodule.codex	/title	^#6B88FF;P.S.F Admin-Protocol Module	unused-or-deprecated-asset
GiC	Galaxy_in_Conflict_contents_2754886445.pak	/codex/LEGACY/PROTECTORATE/gic_protectorate_administrativeprotocolmodule/gic_protectorate_administrativeprotocolmodule.codex	/description	The circuitry reeks of some Cultivator or Ancient-forged material.	unused-or-deprecated-asset
GiC	Galaxy_in_Conflict_contents_2754886445.pak	/items/MEDICAL/OLD/gic_military_bandage.consumable	/description	Legacy item. Has no use.	unused-or-deprecated-asset
GiC	Galaxy_in_Conflict_contents_2754886445.pak	/items/MEDICAL/OLD/gic_military_bandage.consumable	/shortdescription	^yellow;Military Bandage	unused-or-deprecated-asset
GiC	Galaxy_in_Conflict_contents_2754886445.pak	/monsters/LEGACY/FLORAN/gic_floran_tribalarcher/gic_floran_tribalarcher.monstertype	/shortdescription	[Floran Tribal Archer]	unused-or-deprecated-asset
GiC	Galaxy_in_Conflict_contents_2754886445.pak	/monsters/LEGACY/gic_exitcamper/gic_exitcamper.monstertype	/shortdescription	[Exit Camper]	unused-or-deprecated-asset
GiC	Galaxy_in_Conflict_contents_2754886445.pak	/monsters/LEGACY/gic_exitcamper/gic_exitcamper.monstertype	/description	What?	unused-or-deprecated-asset
GiC	Galaxy_in_Conflict_contents_2754886445.pak	/monsters/LEGACY/UNITED_SYSTEMS/gic_genecultist_impaler/gic_genecultist_impaler_dying.monstertype	/shortdescription	[Gene-Cultist Impaler]	unused-or-deprecated-asset
GiC	Galaxy_in_Conflict_contents_2754886445.pak	/monsters/LEGACY/UNITED_SYSTEMS/gic_genecultist_impaler/gic_genecultist_impaler_dying.monstertype	/description	Knights of old.	unused-or-deprecated-asset
GiC	Galaxy_in_Conflict_contents_2754886445.pak	/items/WEAPONS/LEGACY/gic_steelguardpercussionrifle/gic_steelguardpercussionrifle.activeitem	/description	LEGACY ITEM - This is a pre-v4.0 item and you should not be seeing this unless you have an older save. This item may no longer work. Please find a post-v4.0 item equivalent for its updated code and delete this item.	unused-or-deprecated-asset
GiC	Galaxy_in_Conflict_contents_2754886445.pak	/items/WEAPONS/LEGACY/gic_steelguardpercussionrifle/gic_steelguardpercussionrifle.activeitem	/shortdescription	[LEGACY ITEM]	unused-or-deprecated-asset
GiC	Galaxy_in_Conflict_contents_2754886445.pak	/items/WEAPONS/LEGACY/gic_steelguardpercussionrifle/gic_steelguardpercussionrifle.activeitem	/altAbility/name	Perfect Parry	unused-or-deprecated-asset
GiC	Galaxy_in_Conflict_contents_2754886445.pak	/interface/warping/LEGACY/gic_powerplantdestruction_4_5_alt.config	/destinations/0/name	Path: Rail Train Escape	unused-or-deprecated-asset
GiC	Galaxy_in_Conflict_contents_2754886445.pak	/items/UNUSED/RESEARCH/gic_protector_idcard/gic_protector_idcard.item	/description	This denotes Protectorate affiliated personnel, such as Protectors, Peacekeepers, or more specifically Cherez Ormand Private Security which remains the most relevant face of the Protectorate even out in the lost colonies and Unitan space. Somewhat useless in the post-Protectorate day and age, but at least it still sells for something.	unused-or-deprecated-asset
GiC	Galaxy_in_Conflict_contents_2754886445.pak	/items/UNUSED/RESEARCH/gic_protector_idcard/gic_protector_idcard.item	/shortdescription	Protector ID Card	unused-or-deprecated-asset
GiC	Galaxy_in_Conflict_contents_2754886445.pak	/monsters/LEGACY/ERCHIUS/gic_erchius_shieldsman/gic_erchius_shieldsman.monstertype	/shortdescription	[Erchius Shieldsman]	unused-or-deprecated-asset
GiC	Galaxy_in_Conflict_contents_2754886445.pak	/monsters/LEGACY/ERCHIUS/gic_erchius_shieldsman/gic_erchius_shieldsman.monstertype	/description	Knights of old.	unused-or-deprecated-asset
GiC	Galaxy_in_Conflict_contents_2754886445.pak	/codex/LEGACY/MISSIONS/ESTHER/1_1_FNG/gic_ec11_triskullsecurity.codex	/title	EC11 - Triskull Security	unused-or-deprecated-asset
GiC	Galaxy_in_Conflict_contents_2754886445.pak	/codex/LEGACY/MISSIONS/ESTHER/1_1_FNG/gic_ec11_triskullsecurity.codex	/description	Esther Chapter 1-1-TS	unused-or-deprecated-asset
GiC	Galaxy_in_Conflict_contents_2754886445.pak	/items/WEAPONS/LEGACY/gic_tyurma70/gic_tyurma70_flashbang_riflegrenade_npc.activeitem	/description	Rifle Grenade variant of the Tyurma-70 equipped with a Spigot Cup launcher used only by NPCs.	unused-or-deprecated-asset
GiC	Galaxy_in_Conflict_contents_2754886445.pak	/items/WEAPONS/LEGACY/gic_tyurma70/gic_tyurma70_flashbang_riflegrenade_npc.activeitem	/shortdescription	Tyur'ma 70 Flashbang Rifle-Grenade NPC	unused-or-deprecated-asset
GiC	Galaxy_in_Conflict_contents_2754886445.pak	/items/WEAPONS/LEGACY/gic_usm47a2/gic_usm47a2_special_spotter.activeitem	/description	7.62x39mm Assault Rifle. A2 variant offers higher overall factory-quality standards, reducing clunky uncomfortable recoil movements and excessive wear on the weapon. Models built after 2659, after the end of the Floran Invasion of Humanity.	unused-or-deprecated-asset
GiC	Galaxy_in_Conflict_contents_2754886445.pak	/items/WEAPONS/LEGACY/gic_usm47a2/gic_usm47a2_special_spotter.activeitem	/shortdescription	USM47A2 Special Spotter	unused-or-deprecated-asset
GiC	Galaxy_in_Conflict_contents_2754886445.pak	/npcs/crew/LEGACY/gic_retainer_auxilia_pedes_crew.npctype	/scriptConfig/crew/interactData/title	^#52A8DD;Auxilia Pedes Retainer^reset;	unused-or-deprecated-asset
GiC	Galaxy_in_Conflict_contents_2754886445.pak	/npcs/crew/LEGACY/gic_retainer_auxilia_pedes_crew.npctype	/scriptConfig/crew/interactData/subtitle	^#E0C200;''I will return as a new believer!''^reset;	unused-or-deprecated-asset
GiC	Galaxy_in_Conflict_contents_2754886445.pak	/items/MEDICAL/OLD/gic_heroin_pack.consumable	/description	"Heroin is made when morphine is heated and combined with certain chemicals. One of the biggest differences between heroin and morphine is the tripled potency. Its impure chemical composition makes it unsuitable for use in medical crafting.
^green;- Restores 50 health/1s | Heal Delay: 1.25s | Immobile Time: 1.75s
^yellow;- Heals Bruising.^white;
^red;- Causes Opiate Addiction.^white;"	unused-or-deprecated-asset
GiC	Galaxy_in_Conflict_contents_2754886445.pak	/items/MEDICAL/OLD/gic_heroin_pack.consumable	/shortdescription	^Orange;Heroin Pack	unused-or-deprecated-asset
GiC	Galaxy_in_Conflict_contents_2754886445.pak	/items/WEAPONS/LEGACY/ANCIENT_LEGACY/gic_breechloader54/gic_breechloader54.activeitem	/description	-To do better reload animation-	unused-or-deprecated-asset
GiC	Galaxy_in_Conflict_contents_2754886445.pak	/items/WEAPONS/LEGACY/ANCIENT_LEGACY/gic_breechloader54/gic_breechloader54.activeitem	/shortdescription	Breech Loader 54	unused-or-deprecated-asset
GiC	Galaxy_in_Conflict_contents_2754886445.pak	/quests/UNUSED/gic_wildlands_dealer_repeatable.questtemplate	/title	^orange;Old Frontiers [Repeatable]	unused-or-deprecated-asset
GiC	Galaxy_in_Conflict_contents_2754886445.pak	/items/WEAPONS/LEGACY/gic_usm47a2_servicerifle/gic_usm47a2_servicerifle.activeitem	/description	7.62x39mm Assault Rifle. Custom-built body allows use of foregrip and sight tradition rail sight attachments, giving it significantly improved tactical flexibility over the traditional non-railed USM47s.	unused-or-deprecated-asset
GiC	Galaxy_in_Conflict_contents_2754886445.pak	/items/WEAPONS/LEGACY/gic_usm47a2_servicerifle/gic_usm47a2_servicerifle.activeitem	/shortdescription	USM47A2 Service Rifle	unused-or-deprecated-asset
GiC	Galaxy_in_Conflict_contents_2754886445.pak	/items/UNUSED/REMNANTS/gic_remnant_legion.item	/description	"An energetic remnant of Legion, the Erchius Commander who would assemble an army.
When the Coordinator overrode the defense systems of the area, the renegade mind would need a force capable of directly assaulting the colony itself to drive out its human occupants. Legion represented that answer; ruthless in its march, an army of stone soldiers marched with spears forwards and with a curious sense of historical affinity.
^#FFE460;Trade at a Soulsmith to transform into something greater.^reset;"	unused-or-deprecated-asset
GiC	Galaxy_in_Conflict_contents_2754886445.pak	/items/UNUSED/REMNANTS/gic_remnant_legion.item	/shortdescription	Remnant of Legion	unused-or-deprecated-asset
GiC	Galaxy_in_Conflict_contents_2754886445.pak	/items/UNUSED/REMNANTS/gic_remnant_falseprotector.item	/description	"A fading remnant of the False Protector, an abomination who hid under the skin of a long-dead Shell.
  
The Abyss uses any means necessary to bring its corruption into the world. Whoever was under that lie has long since died, leaving only a malevolent force to wreak its havoc as much as it can. What its' goals were, none can say.
  
^#FFE460;Trade at a Soulsmith to transform into something greater.^reset;"	unused-or-deprecated-asset
GiC	Galaxy_in_Conflict_contents_2754886445.pak	/items/UNUSED/REMNANTS/gic_remnant_falseprotector.item	/shortdescription	Remnant of the False Protector	unused-or-deprecated-asset
GiC	Galaxy_in_Conflict_contents_2754886445.pak	/items/WEAPONS/LEGACY/ANCIENT_LEGACY/gic_sace_nailgun/gic_sace_nailgun.activeitem	/description	"Despite being labelled as a ''Nailgun'', it's actually a converted scrap launcher that uses air-pressure to accelerate pellets of old metal (GiC Scrap Metal) at enemy targets. Whilst not great as a tactical weapon, its unconventional nature may yet hold value against other equally unconventional targets.

^yellow;Very poor range | Partial reloads are significantly faster.
^orange;HIT CHANCE is replaced with CRIT CHANCE. CRIT shots deal an additional +25 TRUE DMG (ignores all resists)."	unused-or-deprecated-asset
GiC	Galaxy_in_Conflict_contents_2754886445.pak	/items/WEAPONS/LEGACY/ANCIENT_LEGACY/gic_sace_nailgun/gic_sace_nailgun.activeitem	/shortdescription	S-ACE Nailgun	unused-or-deprecated-asset
GiC	Galaxy_in_Conflict_contents_2754886445.pak	/codex/LEGACY/PRISON/gic_abandonedcolonialprison_pointblank/gic_abandonedcolonialprison_pointblank.codex	/title	Point Blank	unused-or-deprecated-asset
GiC	Galaxy_in_Conflict_contents_2754886445.pak	/codex/LEGACY/FLORAN_LIBERATION_FRONT/gic_floranliberationfront_unified/gic_floranliberationfront_unified.codex	/title	FLF - Unified	unused-or-deprecated-asset
GiC	Galaxy_in_Conflict_contents_2754886445.pak	/codex/LEGACY/FLORAN_LIBERATION_FRONT/gic_floranliberationfront_unified/gic_floranliberationfront_unified.codex	/description	The unification of the Floran Race.	unused-or-deprecated-asset
GiC	Galaxy_in_Conflict_contents_2754886445.pak	/items/WEAPONS/LEGACY/gic_u500/gic_u500.activeitem	/description	LEGACY ITEM - This is a pre-v4.0 item and you should not be seeing this unless you have an older save. This item may no longer work. Please find a post-v4.0 item equivalent for its updated code and delete this item.	unused-or-deprecated-asset
GiC	Galaxy_in_Conflict_contents_2754886445.pak	/items/WEAPONS/LEGACY/gic_u500/gic_u500.activeitem	/shortdescription	[LEGACY ITEM]	unused-or-deprecated-asset
GiC	Galaxy_in_Conflict_contents_2754886445.pak	/items/WEAPONS/LEGACY/gic_m89_servicerifle/gic_m89_servicerifle.activeitem	/description	A reliable modern bolt-action rifle developed by Dynami-Core Shipbuilders for use within colonies that lack the local technology to hand-assemble weaponry. Intended only as a stopgap, this weapon tends to see service under poorer nations before being sold as hunting rifles to civilian markets once supply allows for standard-issue equipment. Uses individual 7.62x54mm rounds, and supports USM-type barrel attachments.	unused-or-deprecated-asset
GiC	Galaxy_in_Conflict_contents_2754886445.pak	/items/WEAPONS/LEGACY/gic_m89_servicerifle/gic_m89_servicerifle.activeitem	/shortdescription	M89 Service Rifle	unused-or-deprecated-asset
GiC	Galaxy_in_Conflict_contents_2754886445.pak	/items/WEAPONS/LEGACY/gic_pirate_lasercannon/gic_pirate_lasercannon.activeitem	/description	"Pirate Laser Cannon used by Abandoned Vessel Pirates.
  
^yellow;Unaffected by Infinite Spare Ammo Buffs^reset;"	unused-or-deprecated-asset
GiC	Galaxy_in_Conflict_contents_2754886445.pak	/items/WEAPONS/LEGACY/gic_pirate_lasercannon/gic_pirate_lasercannon.activeitem	/shortdescription	Pirate Laser Cannon	unused-or-deprecated-asset
GiC	Galaxy_in_Conflict_contents_2754886445.pak	/items/AMMUNITION/LEGACY/STANAG_USM/gic_stanag_usm_545x39mm_mag_overcharged.item	/description	[Legacy Item] Seek a newer version of this item. Thank you.	unused-or-deprecated-asset
GiC	Galaxy_in_Conflict_contents_2754886445.pak	/items/AMMUNITION/LEGACY/STANAG_USM/gic_stanag_usm_545x39mm_mag_overcharged.item	/shortdescription	[Legacy Item]	unused-or-deprecated-asset
GiC	Galaxy_in_Conflict_contents_2754886445.pak	/items/WEAPONS/LEGACY/gic_vich919/gic_vich919.activeitem	/description	LEGACY ITEM - This is a pre-v4.0 item and you should not be seeing this unless you have an older save. This item may no longer work. Please find a post-v4.0 item equivalent for its updated code and delete this item.	unused-or-deprecated-asset
GiC	Galaxy_in_Conflict_contents_2754886445.pak	/items/WEAPONS/LEGACY/gic_vich919/gic_vich919.activeitem	/shortdescription	[LEGACY ITEM]	unused-or-deprecated-asset
GiC	Galaxy_in_Conflict_contents_2754886445.pak	/items/WEAPONS/LEGACY/ANCIENT_LEGACY/ILWS/gic_rsp61_ilws/gic_rsp61_ilws.activeitem	/description	"Developed within the Red Star Alliance, the RSP-61 was named for winning the service pistol status out of 2000 other service pistol contendors despite the original creators having forgot to name the gun right after the collapse of the Human Federation's split into the Red Star Alliance, United Systems, Alliance of Independents and the plethora of other powers.

^green;Double tap Shift to switch to a versatile one-handed grip.^reset;"	unused-or-deprecated-asset
GiC	Galaxy_in_Conflict_contents_2754886445.pak	/items/WEAPONS/LEGACY/ANCIENT_LEGACY/ILWS/gic_rsp61_ilws/gic_rsp61_ilws.activeitem	/shortdescription	RSP-61 ILWS (Two-Handed)	unused-or-deprecated-asset
GiC	Galaxy_in_Conflict_contents_2754886445.pak	/items/WEAPONS/LEGACY/ANCIENT_LEGACY/SYBER/gic_syberpds9/gic_syberpds9.activeitem	/description	"The Syber Personal Defense Sidearm-9 came to be after the initial popularity of the Syber M4. The compact modular design caused this sidearm to rocket into popularity among small-time starship crews. Double-pulse action allows the user to quickly release bursts of suppressive fire. Tuned to provide exceptional performance against light armor. Reloads via I.L.W.S Field Batteries.

^green;Double tap Shift to switch to a versatile one-handed grip.^reset;"	unused-or-deprecated-asset
GiC	Galaxy_in_Conflict_contents_2754886445.pak	/items/WEAPONS/LEGACY/ANCIENT_LEGACY/SYBER/gic_syberpds9/gic_syberpds9.activeitem	/shortdescription	Syber PDS-9 (Two-Handed)	unused-or-deprecated-asset
GiC	Galaxy_in_Conflict_contents_2754886445.pak	/interface/windowconfig/gic_blackmarket_strandedsorcerer_merchant.config	/paneLayout/scrollArea/children/itemList/schema/listTemplate/itemName/value	Replace Me	template-placeholder
GiC	Galaxy_in_Conflict_contents_2754886445.pak	/items/AMMUNITION/LEGACY/gic_kedr_9x18mm_mag/gic_kedr_9x18mm_mag.item	/description	35rnd 9x18mm double-stacked ammunition magazine for the Kedr-Gepard Mk18 SMG.	unused-or-deprecated-asset
GiC	Galaxy_in_Conflict_contents_2754886445.pak	/items/AMMUNITION/LEGACY/gic_kedr_9x18mm_mag/gic_kedr_9x18mm_mag.item	/shortdescription	Kedr 9x18mm Mag	unused-or-deprecated-asset
GiC	Galaxy_in_Conflict_contents_2754886445.pak	/monsters/LEGACY/gic_augmentyr_scorch/gic_augmentyr_scorch.monstertype	/shortdescription	[Scorch]	unused-or-deprecated-asset
GiC	Galaxy_in_Conflict_contents_2754886445.pak	/monsters/LEGACY/gic_augmentyr_scorch/gic_augmentyr_scorch.monstertype	/description	Some sort of anomaly. Reacts violently.	unused-or-deprecated-asset
GiC	Galaxy_in_Conflict_contents_2754886445.pak	/monsters/LEGACY/MEGA_LEGACY/gic_cultistboss/gic_cultistboss.monstertype	/shortdescription	Asra Nox	unused-or-deprecated-asset
GiC	Galaxy_in_Conflict_contents_2754886445.pak	/codex/LEGACY/CIVILIAN/gic_enlistforsecurity/gic_enlistforsecurity.codex	/title	Enlist for System Security!	unused-or-deprecated-asset
GiC	Galaxy_in_Conflict_contents_2754886445.pak	/codex/LEGACY/CIVILIAN/gic_enlistforsecurity/gic_enlistforsecurity.codex	/description	A leaflet advertising Local System Security jobs.	unused-or-deprecated-asset
GiC	Galaxy_in_Conflict_contents_2754886445.pak	/items/WEAPONS/LEGACY/gic_6p41mg/gic_6p41mg.activeitem	/description	LEGACY ITEM - This is a pre-v4.0 item and you should not be seeing this unless you have an older save. This item may no longer work. Please find a post-v4.0 item equivalent for its updated code and delete this item.	unused-or-deprecated-asset
GiC	Galaxy_in_Conflict_contents_2754886445.pak	/items/WEAPONS/LEGACY/gic_6p41mg/gic_6p41mg.activeitem	/shortdescription	[LEGACY ITEM]	unused-or-deprecated-asset
GiC	Galaxy_in_Conflict_contents_2754886445.pak	/interface/windowconfig/gic_eskhatos_smugglersfort_merchant.config	/paneLayout/scrollArea/children/itemList/schema/listTemplate/itemName/value	Replace Me	template-placeholder
GiC	Galaxy_in_Conflict_contents_2754886445.pak	/items/WEAPONS/LEGACY/DEPRECATED_SPECIAL/gic_floran_lightbow/gic_floran_lightbow.activeitem	/shortdescription	Nue Hankyu	unused-or-deprecated-asset
GiC	Galaxy_in_Conflict_contents_2754886445.pak	/quests/UNUSED/gic_shiprepair_engineer.questtemplate	/title	^green;Ship Repair	unused-or-deprecated-asset
GiC	Galaxy_in_Conflict_contents_2754886445.pak	/monsters/LEGACY/gic_falseprotector/gic_falseprotector.monstertype	/shortdescription	[Puppet of the Abyss]	unused-or-deprecated-asset
GiC	Galaxy_in_Conflict_contents_2754886445.pak	/monsters/LEGACY/gic_falseprotector/gic_falseprotector.monstertype	/description	What does it mean?	unused-or-deprecated-asset
GiC	Galaxy_in_Conflict_contents_2754886445.pak	/monsters/LEGACY/PROTECTORATE/gic_protectoratesynthknight_spearbearer/gic_protectoratesynthknight_spearbearer.monstertype	/shortdescription	[Protectorate Synth Knight Spear-Bearer]	unused-or-deprecated-asset
GiC	Galaxy_in_Conflict_contents_2754886445.pak	/monsters/LEGACY/PROTECTORATE/gic_protectoratesynthknight_spearbearer/gic_protectoratesynthknight_spearbearer.monstertype	/description	Knights of old.	unused-or-deprecated-asset
GiC	Galaxy_in_Conflict_contents_2754886445.pak	/behaviors/TEST_OLD/gic_hostileguard_old.behavior	/root/children/2/children/0/children/1/children/2/title	NPC Combat	behavior-tree-parameter
GiC	Galaxy_in_Conflict_contents_2754886445.pak	/behaviors/TEST_OLD/gic_hostileguard_old.behavior	/root/children/3/title	NPC Idle	behavior-tree-parameter
GiC	Galaxy_in_Conflict_contents_2754886445.pak	/behaviors/TEST_OLD/gic_hostileguard_old.behavior	/root/children/3/name	NPC Idle	behavior-tree-parameter
GiC	Galaxy_in_Conflict_contents_2754886445.pak	/quests/STORY/LEGACY/ESTHER/LIONHEART/gic_esther_chapter_1_lionheart.questtemplate	/title	^#D1FFDE;The Calling	unused-or-deprecated-asset
GiC	Galaxy_in_Conflict_contents_2754886445.pak	/monsters/LEGACY/PROTECTORATE/gic_undyingprotectorateadventurer/gic_undyingprotectorateadventurer_slab.monstertype	/shortdescription	[Undying Protectorate Adventurer]	unused-or-deprecated-asset
GiC	Galaxy_in_Conflict_contents_2754886445.pak	/monsters/LEGACY/PROTECTORATE/gic_undyingprotectorateadventurer/gic_undyingprotectorateadventurer_slab.monstertype	/description	Knights of old.	unused-or-deprecated-asset
GiC	Galaxy_in_Conflict_contents_2754886445.pak	/codex/LEGACY/TUTORIAL/gic_tutorial_suitmechanics/gic_tutorial_suitmechanics.codex	/title	Tutorial: Suit Mechanics	unused-or-deprecated-asset
GiC	Galaxy_in_Conflict_contents_2754886445.pak	/codex/LEGACY/gic_risefromashes/gic_risefromashes.codex	/title	A Rise From the Ashes	unused-or-deprecated-asset
GiC	Galaxy_in_Conflict_contents_2754886445.pak	/codex/LEGACY/Global_Earth_News/gic_gen_15/gic_gen_15.codex	/title	Earth Newspaper Headline #15	unused-or-deprecated-asset
GiC	Galaxy_in_Conflict_contents_2754886445.pak	/codex/LEGACY/NEWSPAPER/Drake_Atkins/gic_da_1/gic_da_1.codex	/title	Drake Atkins #1	unused-or-deprecated-asset
GiC	Galaxy_in_Conflict_contents_2754886445.pak	/codex/LEGACY/NEWSPAPER/Drake_Atkins/gic_da_1/gic_da_1.codex	/description	[14th November, 2821]	unused-or-deprecated-asset
GiC	Galaxy_in_Conflict_contents_2754886445.pak	/items/AMMUNITION/LEGACY/gic_u500_back_tank/gic_u500_back_tank.item	/description	High-pressure fuel tank system for use with the ROKS U-500 Flamethrower.	unused-or-deprecated-asset
GiC	Galaxy_in_Conflict_contents_2754886445.pak	/items/AMMUNITION/LEGACY/gic_u500_back_tank/gic_u500_back_tank.item	/shortdescription	ROKS U-500 Tank	unused-or-deprecated-asset
GiC	Galaxy_in_Conflict_contents_2754886445.pak	/interface/windowconfig/LEGACY/gic_civilianfirearms_merchantterminal.config	/paneLayout/windowtitle/subtitle	  Make sharp things.	unused-or-deprecated-asset
GiC	Galaxy_in_Conflict_contents_2754886445.pak	/interface/windowconfig/LEGACY/gic_civilianfirearms_merchantterminal.config	/paneLayout/lblSchematics/value	^#b9b5b2;BLUEPRINTS	unused-or-deprecated-asset
GiC	Galaxy_in_Conflict_contents_2754886445.pak	/interface/windowconfig/LEGACY/gic_civilianfirearms_merchantterminal.config	/paneLayout/lblProducttitle/value	^#b9b5b2;PRODUCT	unused-or-deprecated-asset
GiC	Galaxy_in_Conflict_contents_2754886445.pak	/interface/windowconfig/LEGACY/gic_civilianfirearms_merchantterminal.config	/paneLayout/lblProduct/value	MATERIALS AVAILABLE	unused-or-deprecated-asset
GiC	Galaxy_in_Conflict_contents_2754886445.pak	/interface/windowconfig/LEGACY/gic_civilianfirearms_merchantterminal.config	/paneLayout/scrollArea/children/itemList/schema/listTemplate/itemName/value	Replace Me	unused-or-deprecated-asset
GiC	Galaxy_in_Conflict_contents_2754886445.pak	/items/AMMUNITION/LEGACY/BOHIYA/gic_bohiya_rocket_arrow/gic_bohiya_rocket_arrow.item	/description	A single Bo-Hiya Rocket with a really sharp tip.	unused-or-deprecated-asset
GiC	Galaxy_in_Conflict_contents_2754886445.pak	/items/AMMUNITION/LEGACY/BOHIYA/gic_bohiya_rocket_arrow/gic_bohiya_rocket_arrow.item	/shortdescription	Bo-Hiya Rocket Arrow	unused-or-deprecated-asset
GiC	Galaxy_in_Conflict_contents_2754886445.pak	/codex/LEGACY/MISSIONS/ESTHER/0_1_ARKBEYOND/gic_ec01_rockpileup.codex	/title	EC01 - Rock Pileup	unused-or-deprecated-asset
GiC	Galaxy_in_Conflict_contents_2754886445.pak	/codex/LEGACY/MISSIONS/ESTHER/0_1_ARKBEYOND/gic_ec01_rockpileup.codex	/description	Esther Chapter 0-1-RP	unused-or-deprecated-asset
GiC	Galaxy_in_Conflict_contents_2754886445.pak	/monsters/LEGACY/gic_yamaxanadu_tyrantjudge/gic_yamaxanadu_tyrantjudge.monstertype	/shortdescription	[The Tyrant Judge]	unused-or-deprecated-asset
GiC	Galaxy_in_Conflict_contents_2754886445.pak	/monsters/LEGACY/gic_yamaxanadu_tyrantjudge/gic_yamaxanadu_tyrantjudge.monstertype	/description	This war ends here.	unused-or-deprecated-asset
GiC	Galaxy_in_Conflict_contents_2754886445.pak	/monsters/ANOMALIES/LEGACY/gic_wildlands_owlbide/gic_wildlands_owlbide.monstertype	/shortdescription	[Owl-Bide]	unused-or-deprecated-asset
GiC	Galaxy_in_Conflict_contents_2754886445.pak	/monsters/ANOMALIES/LEGACY/gic_wildlands_owlbide/gic_wildlands_owlbide.monstertype	/description	It bides its time.	unused-or-deprecated-asset
GiC	Galaxy_in_Conflict_contents_2754886445.pak	/behaviors/gic_soldier_altfire.behavior	/root/children/0/title	Tenant Baseline Behavior	behavior-tree-parameter
GiC	Galaxy_in_Conflict_contents_2754886445.pak	/behaviors/gic_soldier_altfire.behavior	/root/children/0/name	Tenant Baseline Behavior	behavior-tree-parameter
GiC	Galaxy_in_Conflict_contents_2754886445.pak	/behaviors/gic_soldier_altfire.behavior	/root/children/2/children/0/children/0/parameters/hostileDamageTeam/value	<hostileDamageTeam>	behavior-tree-parameter
GiC	Galaxy_in_Conflict_contents_2754886445.pak	/behaviors/gic_soldier_altfire.behavior	/root/children/2/children/0/children/1/children/2/title	NPC Combat	behavior-tree-parameter
GiC	Galaxy_in_Conflict_contents_2754886445.pak	/items/WEAPONS/LEGACY/ANCIENT_LEGACY/BOSS/gic_grenadethrow_npc/gic_grenadethrow_npc.activeitem	/description	The arcane magic of throwing things.	unused-or-deprecated-asset
GiC	Galaxy_in_Conflict_contents_2754886445.pak	/items/WEAPONS/LEGACY/ANCIENT_LEGACY/BOSS/gic_grenadethrow_npc/gic_grenadethrow_npc.activeitem	/shortdescription	NPC Grenade Throw.	unused-or-deprecated-asset
GiC	Galaxy_in_Conflict_contents_2754886445.pak	/items/WEAPONS/LEGACY/gic_coldwell1851navy/gic_coldwell1851navy_onehanded.activeitem	/description	LEGACY ITEM - This is a pre-v4.0 item and you should not be seeing this unless you have an older save. This item may no longer work. Please find a post-v4.0 item equivalent for its updated code and delete this item.	unused-or-deprecated-asset
GiC	Galaxy_in_Conflict_contents_2754886445.pak	/items/WEAPONS/LEGACY/gic_coldwell1851navy/gic_coldwell1851navy_onehanded.activeitem	/shortdescription	[LEGACY ITEM]	unused-or-deprecated-asset
GiC	Galaxy_in_Conflict_contents_2754886445.pak	/items/UNUSED/REMNANTS/gic_remnant_eyeofthesatori.item	/description	"A tainted remnant of the Eye of the Satori.
The Satori were a race of youkai who were simply able to read the thoughts of humans. When extensive strategic nuclear bombing campaigns wreaked its havoc across Europe during the Third World War, the Gensokyan Barrier broke and they were able to see firsthand the wants and desires of a dying humanity. As fractured spirits, some would attempt to safeguard nuclear facilities from any future prying eyes.
^#FFE460;Trade at a Soulsmith to transform into something greater.^reset;"	unused-or-deprecated-asset
GiC	Galaxy_in_Conflict_contents_2754886445.pak	/items/UNUSED/REMNANTS/gic_remnant_eyeofthesatori.item	/shortdescription	Remnant of the Eye of the Satori	unused-or-deprecated-asset
GiC	Galaxy_in_Conflict_contents_2754886445.pak	/items/SHIELDS/LEGACY/gic_heiandefender_greatshield/gic_heiandefender_greatshield.activeitem	/description	"---

^#D6DFFF;Shield Bash: Moving at great speeds and colliding with an enemy will deal damage based on the speed of the user.^white;"	unused-or-deprecated-asset
GiC	Galaxy_in_Conflict_contents_2754886445.pak	/items/SHIELDS/LEGACY/gic_heiandefender_greatshield/gic_heiandefender_greatshield.activeitem	/shortdescription	Heian Defender Scutum	unused-or-deprecated-asset
GiC	Galaxy_in_Conflict_contents_2754886445.pak	/monsters/LEGACY/PROTECTORATE/gic_protectorate_swarmerdrone_awakened/gic_protectorate_swarmerdrone_awakened.monstertype	/description	Enigmatic drone resistant to most forms of damage. Slow, but persistent.	unused-or-deprecated-asset
GiC	Galaxy_in_Conflict_contents_2754886445.pak	/interface/windowconfig/WORKSTATION/gic_beamtuning_workshop.config	/paneLayout/scrollArea/children/itemList/schema/listTemplate/itemName/value	Replace Me	template-placeholder
GiC	Galaxy_in_Conflict_contents_2754886445.pak	/monsters/LEGACY/ERCHIUS/gic_erchius_suppressor/gic_erchius_suppressor_summon.monstertype	/shortdescription	Erchius Suppressor	unused-or-deprecated-asset
GiC	Galaxy_in_Conflict_contents_2754886445.pak	/monsters/LEGACY/ERCHIUS/gic_erchius_suppressor/gic_erchius_suppressor_summon.monstertype	/description	Crouch and this thing will never be able to touch you.	unused-or-deprecated-asset
GiC	Galaxy_in_Conflict_contents_2754886445.pak	/codex/LEGACY/MISSIONS/INDEPENDENT/1_1_JIANGSHICANYON/gic_ic11_slaverevolt.codex	/title	IC11 - Slave Revolt	unused-or-deprecated-asset
GiC	Galaxy_in_Conflict_contents_2754886445.pak	/codex/LEGACY/MISSIONS/INDEPENDENT/1_1_JIANGSHICANYON/gic_ic11_slaverevolt.codex	/description	Independent Chapter 1-1-SR	unused-or-deprecated-asset
GiC	Galaxy_in_Conflict_contents_2754886445.pak	/quests/STORY/LEGACY/PLANET_INCENTIVES/gic_esther_planetincentive_4_frosted.questtemplate	/title	^orange;[GiC] Necropolis: Khurtovyna	unused-or-deprecated-asset
GiC	Galaxy_in_Conflict_contents_2754886445.pak	/monsters/LEGACY/MEGA_LEGACY/gic_glitchhuntercaptain/gic_glitchhuntercaptain.monstertype	/shortdescription	[Glitch-Hunter Captain]	unused-or-deprecated-asset
GiC	Galaxy_in_Conflict_contents_2754886445.pak	/monsters/LEGACY/MEGA_LEGACY/gic_glitchhuntercaptain/gic_glitchhuntercaptain.monstertype	/description	What does it mean?	unused-or-deprecated-asset
GiC	Galaxy_in_Conflict_contents_2754886445.pak	/items/WEAPONS/LEGACY/DEPRECATED_SPECIAL/gic_grenade_bandolier/gic_m86_flashbang_grenade_bandolier.activeitem	/description	"''Lads, I watched their scrim! I think this might be a mercy killing!''

This item allows the rapid throwing of multiple M86 Flashbang Grenades at once, at the cost of precision 'cooking'. Reloading will use M86 Flashbang Grenades from your inventory to refill the bandolier."	unused-or-deprecated-asset
GiC	Galaxy_in_Conflict_contents_2754886445.pak	/items/WEAPONS/LEGACY/DEPRECATED_SPECIAL/gic_grenade_bandolier/gic_m86_flashbang_grenade_bandolier.activeitem	/shortdescription	M86 Flashbang Grenade Bandolier	unused-or-deprecated-asset
GiC	Galaxy_in_Conflict_contents_2754886445.pak	/quests/UNUSED/gic_blackmarket_razed_mechdealer.questtemplate	/title	^#D1FFDE;Razed Black Market: M2420 Incendiary Multicannon	unused-or-deprecated-asset
GiC	Galaxy_in_Conflict_contents_2754886445.pak	/items/WEAPONS/LEGACY/ANCIENT_LEGACY/ILWS/gic_enfield_ilws/gic_enfield_ilws.activeitem	/description	A historical firearm mixed with the ILWS system.	unused-or-deprecated-asset
GiC	Galaxy_in_Conflict_contents_2754886445.pak	/items/WEAPONS/LEGACY/ANCIENT_LEGACY/ILWS/gic_enfield_ilws/gic_enfield_ilws.activeitem	/shortdescription	Enfield I.L.W.S	unused-or-deprecated-asset
GiC	Galaxy_in_Conflict_contents_2754886445.pak	/monsters/LEGACY/gic_metrowanderer/gic_metrowanderer.monstertype	/shortdescription	[Mandrivnyk]	unused-or-deprecated-asset
GiC	Galaxy_in_Conflict_contents_2754886445.pak	/monsters/LEGACY/gic_metrowanderer/gic_metrowanderer.monstertype	/description	The mastermind of an incursion.	unused-or-deprecated-asset
GiC	Galaxy_in_Conflict_contents_2754886445.pak	/monsters/LEGACY/gic_greenfingertruedaimyo/gic_greenfingertruedaimyo.monstertype	/shortdescription	[Ishinoi Yoshitatsu, Greenfinger Daimyo]	unused-or-deprecated-asset
GiC	Galaxy_in_Conflict_contents_2754886445.pak	/monsters/LEGACY/gic_greenfingertruedaimyo/gic_greenfingertruedaimyo.monstertype	/description	Last of their kind.	unused-or-deprecated-asset
GiC	Galaxy_in_Conflict_contents_2754886445.pak	/interface/windowconfig/LEGACY/gic_crafting_largebase_currencyexchangemachine.config	/paneLayout/windowtitle/subtitle	  Make sharp things.	unused-or-deprecated-asset
GiC	Galaxy_in_Conflict_contents_2754886445.pak	/interface/windowconfig/LEGACY/gic_crafting_largebase_currencyexchangemachine.config	/paneLayout/lblSchematics/value	^#b9b5b2;BLUEPRINTS	unused-or-deprecated-asset
GiC	Galaxy_in_Conflict_contents_2754886445.pak	/interface/windowconfig/LEGACY/gic_crafting_largebase_currencyexchangemachine.config	/paneLayout/lblProducttitle/value	^#b9b5b2;PRODUCT	unused-or-deprecated-asset
GiC	Galaxy_in_Conflict_contents_2754886445.pak	/interface/windowconfig/LEGACY/gic_crafting_largebase_currencyexchangemachine.config	/paneLayout/lblProduct/value	CURRENCY AVAILABLE	unused-or-deprecated-asset
GiC	Galaxy_in_Conflict_contents_2754886445.pak	/interface/windowconfig/LEGACY/gic_crafting_largebase_currencyexchangemachine.config	/paneLayout/scrollArea/children/itemList/schema/listTemplate/itemName/value	Replace Me	unused-or-deprecated-asset
GiC	Galaxy_in_Conflict_contents_2754886445.pak	/interface/windowconfig/gic_tylian_blacksmith.config	/paneLayout/scrollArea/children/itemList/schema/listTemplate/itemName/value	Replace Me	template-placeholder
GiC	Galaxy_in_Conflict_contents_2754886445.pak	/items/UNUSED/RESEARCH/gic_wildlands_capturepodbattery/gic_wildlands_capturepodbattery.item	/description	"''We were better off keeping these creatures contained. Now they're running everywhere like they own the damned place.''

A backup power supply for antiquated capture pods that still required batteries. Newer models forego this modularity and are more streamlined. Fuel value: 500u."	unused-or-deprecated-asset
GiC	Galaxy_in_Conflict_contents_2754886445.pak	/items/UNUSED/RESEARCH/gic_wildlands_capturepodbattery/gic_wildlands_capturepodbattery.item	/shortdescription	Wildlands Capture Pod Battery	unused-or-deprecated-asset
GiC	Galaxy_in_Conflict_contents_2754886445.pak	/monsters/LEGACY/gic_ilws_dynamidefender_autoturret/gic_ilws_dynamidefender_autoturret.monstertype	/shortdescription	ILWS DynamiDefender AutoTurret	unused-or-deprecated-asset
GiC	Galaxy_in_Conflict_contents_2754886445.pak	/codex/LEGACY/gic_reachingspace/gic_reachingspace.codex	/title	United Systems Spaceflight	unused-or-deprecated-asset
GiC	Galaxy_in_Conflict_contents_2754886445.pak	/items/WEAPONS/RANGED/BLACKPOWDER/LEGACY/gic_nagashimamatchlock/gic_nagashimamatchlock.activeitem	/description	"The lord of the Japanese island Tanegashima Tokitaka (1528-1579) purchased two matchlock rifles from the Portuguese and put a swordsmith to work copying the matchlock barrel and firing mechanism.

Uses 20mm Blackpowder Ball and Shot ammunition.

^#DD765F;HIT CHANCE replaced with CRIT CHANCE (all projectiles always hit). CRIT Shots have different effects based on the shot.^reset;"	unused-or-deprecated-asset
GiC	Galaxy_in_Conflict_contents_2754886445.pak	/items/WEAPONS/RANGED/BLACKPOWDER/LEGACY/gic_nagashimamatchlock/gic_nagashimamatchlock.activeitem	/shortdescription	Nagashima Matchlock	unused-or-deprecated-asset
GiC	Galaxy_in_Conflict_contents_2754886445.pak	/items/WEAPONS/LEGACY/ANCIENT_LEGACY/HISTORICAL/gic_mosin/gic_mosin.activeitem	/description	A ^yellow;dirt-cheap^white;, ^yellow;ancient^white;, but ^yellow;reliable^white; rifle - cheap enough to be assembled in a toy store. Historically served the Soviet Union and it's communist allies, 900 years ago.	unused-or-deprecated-asset
GiC	Galaxy_in_Conflict_contents_2754886445.pak	/items/WEAPONS/LEGACY/ANCIENT_LEGACY/HISTORICAL/gic_mosin/gic_mosin.activeitem	/shortdescription	^yellow;Mosin Nagant M91/30 ^green;7.62mm	unused-or-deprecated-asset
GiC	Galaxy_in_Conflict_contents_2754886445.pak	/monsters/LEGACY/MEGA_LEGACY/FIGHTERS/gic_unknownace/gic_unknownace.monstertype	/description	Hostile aircraft	unused-or-deprecated-asset
GiC	Galaxy_in_Conflict_contents_2754886445.pak	/quests/UNUSED/gic_ancientgate_choice_vanilla.questtemplate	/title	Vanilla Gate Choice	unused-or-deprecated-asset
GiC	Galaxy_in_Conflict_contents_2754886445.pak	/interface/windowconfig/COOKING/gic_cooking_romanstove.config	/paneLayout/scrollArea/children/itemList/schema/listTemplate/itemName/value	Replace Me	template-placeholder
GiC	Galaxy_in_Conflict_contents_2754886445.pak	/monsters/LEGACY/gic_tombofthesatori_vessel/gic_tombofthesatori_vessel.monstertype	/shortdescription	[Tomb of the Satori]	unused-or-deprecated-asset
GiC	Galaxy_in_Conflict_contents_2754886445.pak	/monsters/LEGACY/gic_tombofthesatori_vessel/gic_tombofthesatori_vessel.monstertype	/description	Some sort of anomaly.	unused-or-deprecated-asset
GiC	Galaxy_in_Conflict_contents_2754886445.pak	/monsters/LEGACY/SECURITY/gic_securityfloodlight/gic_securityfloodlight.monstertype	/shortdescription	Security Floodlight	unused-or-deprecated-asset
GiC	Galaxy_in_Conflict_contents_2754886445.pak	/monsters/LEGACY/SECURITY/gic_securityfloodlight/gic_securityfloodlight.monstertype	/description	High-powered beam that attempts to track nearby targets.	unused-or-deprecated-asset
GiC	Galaxy_in_Conflict_contents_2754886445.pak	/interface/windowconfig/gic_mainland_privateinvestigations.config	/paneLayout/scrollArea/children/itemList/schema/listTemplate/itemName/value	Replace Me	template-placeholder
GiC	Galaxy_in_Conflict_contents_2754886445.pak	/behaviors/NPC_COMBAT/gic_npccombat_old.behavior	/root/children/1/children/1/children/1/children/0/children/1/child/children/1/title	NPC Melee	behavior-tree-parameter
GiC	Galaxy_in_Conflict_contents_2754886445.pak	/behaviors/NPC_COMBAT/gic_npccombat_old.behavior	/root/children/1/children/1/children/1/children/1/children/2/title	GIC/CTO NPC Ranged	behavior-tree-parameter
GiC	Galaxy_in_Conflict_contents_2754886445.pak	/behaviors/NPC_COMBAT/gic_npccombat_old.behavior	/root/children/1/children/1/children/1/children/2/child/children/2/title	NPC Melee Standby	behavior-tree-parameter
GiC	Galaxy_in_Conflict_contents_2754886445.pak	/monsters/LEGACY/FLORAN/gic_floran_triarii/gic_floran_triarii_playersummon.monstertype	/shortdescription	[Floran Triarii]	unused-or-deprecated-asset
GiC	Galaxy_in_Conflict_contents_2754886445.pak	/monsters/LEGACY/FLORAN/gic_floran_triarii/gic_floran_triarii_playersummon.monstertype	/description	Knights of old.	unused-or-deprecated-asset
GiC	Galaxy_in_Conflict_contents_2754886445.pak	/quests/STORY/LEGACY/gic_independent_chapter_1_2_crusade.questtemplate	/title	^orange;[GiC] Spiritual Dissection	unused-or-deprecated-asset
GiC	Galaxy_in_Conflict_contents_2754886445.pak	/monsters/LEGACY/FLORAN/gic_floran_triballevy/gic_floran_triballevy.monstertype	/shortdescription	[Floran Tribal Levy]	unused-or-deprecated-asset
GiC	Galaxy_in_Conflict_contents_2754886445.pak	/monsters/LEGACY/FLORAN/gic_floran_triballevy/gic_floran_triballevy.monstertype	/description	Knights of old.	unused-or-deprecated-asset
GiC	Galaxy_in_Conflict_contents_2754886445.pak	/items/WEAPONS/LEGACY/DEPRECATED_SPECIAL/gic_huntersrepeatingpistol/gic_huntersrepeatingpistol.activeitem	/description	"''My days of hunting down Protectors ended when I finally ran out of shot on the battlefield.''

Multi-shot blackpowder weapon with immense firepower. Uses 20mm Blackpowder Ball & Shot ammunition.
^green;Will always hit at point-blank ranges.^reset;
^red;Cannot hit targets beyond point-blank ranges.^reset;"	unused-or-deprecated-asset
GiC	Galaxy_in_Conflict_contents_2754886445.pak	/items/WEAPONS/LEGACY/DEPRECATED_SPECIAL/gic_huntersrepeatingpistol/gic_huntersrepeatingpistol.activeitem	/shortdescription	Hunter's Repeating Pistol	unused-or-deprecated-asset
GiC	Galaxy_in_Conflict_contents_2754886445.pak	/codex/LEGACY/gic_wormholewarpdrive/gic_wormholewarpdrive.codex	/title	Wormhole Warp Drive	unused-or-deprecated-asset
GiC	Galaxy_in_Conflict_contents_2754886445.pak	/interface/windowconfig/LEGACY/gic_scrapworkbench.config	/paneLayout/windowtitle/subtitle	  Make sharp things.	unused-or-deprecated-asset
GiC	Galaxy_in_Conflict_contents_2754886445.pak	/interface/windowconfig/LEGACY/gic_scrapworkbench.config	/paneLayout/lblSchematics/value	^#b9b5b2;BLUEPRINTS	unused-or-deprecated-asset
GiC	Galaxy_in_Conflict_contents_2754886445.pak	/interface/windowconfig/LEGACY/gic_scrapworkbench.config	/paneLayout/lblProducttitle/value	^#b9b5b2;PRODUCT	unused-or-deprecated-asset
GiC	Galaxy_in_Conflict_contents_2754886445.pak	/interface/windowconfig/LEGACY/gic_scrapworkbench.config	/paneLayout/lblProduct/value	MATERIALS AVAILABLE	unused-or-deprecated-asset
GiC	Galaxy_in_Conflict_contents_2754886445.pak	/interface/windowconfig/LEGACY/gic_scrapworkbench.config	/paneLayout/scrollArea/children/itemList/schema/listTemplate/itemName/value	Replace Me	unused-or-deprecated-asset
GiC	Galaxy_in_Conflict_contents_2754886445.pak	/interface/windowconfig/teleportdialog.config	/paneLayout/bookmarkList/children/bookmarkItemList/schema/listTemplate/name/value	Bookmark Name	template-placeholder
GiC	Galaxy_in_Conflict_contents_2754886445.pak	/items/SHIELDS/LEGACY/gic_frostdynasty_greatshield/gic_frostdynasty_greatshield.activeitem	/description	"Also known as the ''Double-Arc'' shield, this type of shield was the most ubiquitous ''Chinese'' shield. It could be made of lacquered hide mounted on a wooden frame, lacquered wooden plank, or wood with lacquered hide facing. Many of the intricate shields still used by the Dynasty are handed-down from previous generations, kept immaculate via mundane and magical means.
^orange;Dead Empire: Cannot parry | 280HP STABILITY | 65% DEF.^reset;
^#D6DFFF;Shield Bash: Deals damage based on the speed of the user | +100% Knockback Resistance^white;"	unused-or-deprecated-asset
GiC	Galaxy_in_Conflict_contents_2754886445.pak	/items/SHIELDS/LEGACY/gic_frostdynasty_greatshield/gic_frostdynasty_greatshield.activeitem	/shortdescription	Frost Dynasty Greatshield	unused-or-deprecated-asset
GiC	Galaxy_in_Conflict_contents_2754886445.pak	/monsters/LEGACY/FLORAN/gic_floran_rocketeer/gic_floran_rocketeer.monstertype	/shortdescription	[Floran Rocketeer]	unused-or-deprecated-asset
GiC	Galaxy_in_Conflict_contents_2754886445.pak	/monsters/LEGACY/FLORAN/gic_floran_rocketeer/gic_floran_rocketeer.monstertype	/description	Knights of old.	unused-or-deprecated-asset
GiC	Galaxy_in_Conflict_contents_2754886445.pak	/items/MATERIALS/OLD/gic_kalashironsight/gic_kalashironsight.item	/description	Kalashnikov rail-mounted Iron Sights.	unused-or-deprecated-asset
GiC	Galaxy_in_Conflict_contents_2754886445.pak	/items/MATERIALS/OLD/gic_kalashironsight/gic_kalashironsight.item	/shortdescription	Kalash 50 Iron Sights	unused-or-deprecated-asset
GiC	Galaxy_in_Conflict_contents_2754886445.pak	/items/WEAPONS/LEGACY/DEPRECATED_SPECIAL/gic_grenade_bandolier/gic_rolling_grenade_bandolier.activeitem	/description	"''I've a bomb with each and every one of their names on it!''

This item allows the rapid throwing of multiple Rolling Grenades at once, at the cost of precision 'cooking'. Reloading will use Rolling Grenades from your inventory to refill the bandolier."	unused-or-deprecated-asset
GiC	Galaxy_in_Conflict_contents_2754886445.pak	/items/WEAPONS/LEGACY/DEPRECATED_SPECIAL/gic_grenade_bandolier/gic_rolling_grenade_bandolier.activeitem	/shortdescription	Rolling Grenade Bandolier	unused-or-deprecated-asset
GiC	Galaxy_in_Conflict_contents_2754886445.pak	/monsters/LEGACY/UNITED_SYSTEMS/gic_unitan_airborne_icefairy/gic_unitan_airborne_icefairy_summon.monstertype	/shortdescription	Ice Fairy	unused-or-deprecated-asset
GiC	Galaxy_in_Conflict_contents_2754886445.pak	/monsters/LEGACY/UNITED_SYSTEMS/gic_unitan_airborne_icefairy/gic_unitan_airborne_icefairy_summon.monstertype	/description	Some sort of anomaly. Reacts violently.	unused-or-deprecated-asset
GiC	Galaxy_in_Conflict_contents_2754886445.pak	/monsters/BRIGHT/LEGACY/gic_abyssal_suppressor/gic_abyssal_suppressor.monstertype	/description	Crouch and this thing will never be able to touch you.	unused-or-deprecated-asset
GiC	Galaxy_in_Conflict_contents_2754886445.pak	/interface/windowconfig/gic_generic_embassy_4tab.config	/paneLayout/scrollArea/children/itemList/schema/listTemplate/itemName/value	Replace Me	template-placeholder
GiC	Galaxy_in_Conflict_contents_2754886445.pak	/behaviors/NPC_COMBAT/gic_npccombat_altfire.behavior	/root/children/1/children/1/children/1/children/0/children/1/child/children/1/title	NPC Melee	behavior-tree-parameter
GiC	Galaxy_in_Conflict_contents_2754886445.pak	/behaviors/NPC_COMBAT/gic_npccombat_altfire.behavior	/root/children/1/children/1/children/1/children/1/children/2/title	NPC Ranged	behavior-tree-parameter
GiC	Galaxy_in_Conflict_contents_2754886445.pak	/behaviors/NPC_COMBAT/gic_npccombat_altfire.behavior	/root/children/1/children/1/children/1/children/2/child/children/2/title	NPC Melee Standby	behavior-tree-parameter
GiC	Galaxy_in_Conflict_contents_2754886445.pak	/codex/LEGACY/Global_Earth_News/gic_gen_12/gic_gen_12.codex	/title	Earth Newspaper Headline #12	unused-or-deprecated-asset
GiC	Galaxy_in_Conflict_contents_2754886445.pak	/monsters/ANOMALIES/LEGACY/gic_wildlands_anthrolynx/gic_wildlands_anthrolynx_captured.monstertype	/shortdescription	[Captured Anthro-Lynx]	unused-or-deprecated-asset
GiC	Galaxy_in_Conflict_contents_2754886445.pak	/monsters/ANOMALIES/LEGACY/gic_wildlands_anthrolynx/gic_wildlands_anthrolynx_captured.monstertype	/description	Knights of old.	unused-or-deprecated-asset
GiC	Galaxy_in_Conflict_contents_2754886445.pak	/codex/LEGACY/TUTORIAL/gic_tutorial_hazardmarkers/gic_tutorial_hazardmarkers.codex	/title	Tutorial: Hazard Markers	unused-or-deprecated-asset
GiC	Galaxy_in_Conflict_contents_2754886445.pak	/items/WEAPONS/LEGACY/gic_ccr71/gic_ccr71_merckit.activeitem	/description	"''This place was once full of guns like this. To the Protectors, it may seem like a mystery as to how the Insurgents were able to turn the tide of the war so quickly. Best not to dwell on that.''
Koloniya's early solution to the rifle power gap. Boasting 7.7x56mm ammunition, the CCR71 is capable of penetrating walls (along with most other mid-caliber weapons like the Lewis Gun) at long-distances and runs off the logic that more energy means more damage. Loads STANAG-K 7.7x56mm Magazines
^green;Hold down ""Alt Fire"" to switch between Full Auto and Semi-Auto.^reset;"	unused-or-deprecated-asset
GiC	Galaxy_in_Conflict_contents_2754886445.pak	/interface/windowconfig/LEGACY/gic_wasteprocessing_largebase.config	/paneLayout/windowtitle/subtitle	  Make sharp things.	unused-or-deprecated-asset
GiC	Galaxy_in_Conflict_contents_2754886445.pak	/interface/windowconfig/LEGACY/gic_wasteprocessing_largebase.config	/paneLayout/lblSchematics/value	^#b9b5b2;BLUEPRINTS	unused-or-deprecated-asset
GiC	Galaxy_in_Conflict_contents_2754886445.pak	/interface/windowconfig/LEGACY/gic_wasteprocessing_largebase.config	/paneLayout/lblProducttitle/value	^#b9b5b2;PRODUCT	unused-or-deprecated-asset
GiC	Galaxy_in_Conflict_contents_2754886445.pak	/interface/windowconfig/LEGACY/gic_wasteprocessing_largebase.config	/paneLayout/lblProduct/value	MATERIALS AVAILABLE	unused-or-deprecated-asset
GiC	Galaxy_in_Conflict_contents_2754886445.pak	/interface/windowconfig/LEGACY/gic_wasteprocessing_largebase.config	/paneLayout/scrollArea/children/itemList/schema/listTemplate/itemName/value	Replace Me	unused-or-deprecated-asset
GiC	Galaxy_in_Conflict_contents_2754886445.pak	/monsters/LEGACY/gic_erchius_bannerbearer/gic_erchius_bannerbearer.monstertype	/shortdescription	[Legion]	unused-or-deprecated-asset
GiC	Galaxy_in_Conflict_contents_2754886445.pak	/monsters/LEGACY/gic_erchius_bannerbearer/gic_erchius_bannerbearer.monstertype	/description	Knights of old.	unused-or-deprecated-asset
GiC	Galaxy_in_Conflict_contents_2754886445.pak	/items/AMMUNITION/LEGACY/gic_mr42_792x57mm_mag/gic_mr42_792x57mm_mag.item	/description	20rnd magazine for the MR42.	unused-or-deprecated-asset
GiC	Galaxy_in_Conflict_contents_2754886445.pak	/items/AMMUNITION/LEGACY/gic_mr42_792x57mm_mag/gic_mr42_792x57mm_mag.item	/shortdescription	MR42 7.92x57mm 20rnd Magazine	unused-or-deprecated-asset
GiC	Galaxy_in_Conflict_contents_2754886445.pak	/quests/STORY/LEGACY/ESTHER/MISSION_ACTIONS/gic_ec43b_clownpiece.questtemplate	/title	^#D1FFDE;Clowning Around	unused-or-deprecated-asset
GiC	Galaxy_in_Conflict_contents_2754886445.pak	/items/AMMUNITION/LEGACY/gic_usm12_1850x70mm_mag/gic_usm12_1850x70mm_mag.item	/description	Fits any compatible USM12-type weapons. 10rnd Magazine.	unused-or-deprecated-asset
GiC	Galaxy_in_Conflict_contents_2754886445.pak	/items/AMMUNITION/LEGACY/gic_usm12_1850x70mm_mag/gic_usm12_1850x70mm_mag.item	/shortdescription	USM12 10rnd [Buck]	unused-or-deprecated-asset
GiC	Galaxy_in_Conflict_contents_2754886445.pak	/interface/windowconfig/gic_generic_economy_3tab.config	/paneLayout/scrollArea/children/itemList/schema/listTemplate/itemName/value	Replace Me	template-placeholder
GiC	Galaxy_in_Conflict_contents_2754886445.pak	/monsters/LEGACY/UNITED_SYSTEMS/gic_genecultist_impaler/gic_genecultist_impaler_setpiece.monstertype	/shortdescription	[Gene-Cultist Impaler]	unused-or-deprecated-asset
GiC	Galaxy_in_Conflict_contents_2754886445.pak	/monsters/LEGACY/UNITED_SYSTEMS/gic_genecultist_impaler/gic_genecultist_impaler_setpiece.monstertype	/description	Knights of old.	unused-or-deprecated-asset
GiC	Galaxy_in_Conflict_contents_2754886445.pak	/items/WEAPONS/LEGACY/ANCIENT_LEGACY/gic_bohiya/gic_bohiya_sniper.activeitem	/description	Extremely ancient 'rifle' dating back to the 10th Century which fires rocket arrows. This modern variant fashioned out of scavenged parts is a feat of engineering on its own, and uses the same principles as the ones from ancient Earth.	unused-or-deprecated-asset
GiC	Galaxy_in_Conflict_contents_2754886445.pak	/items/AMMUNITION/LEGACY/STANAG_USM/gic_stanag_usm_762x39mm_drum_mag.item	/description	[Legacy Item] Seek a newer version of this item. Thank you.	unused-or-deprecated-asset
GiC	Galaxy_in_Conflict_contents_2754886445.pak	/items/AMMUNITION/LEGACY/STANAG_USM/gic_stanag_usm_762x39mm_drum_mag.item	/shortdescription	[Legacy Item]	unused-or-deprecated-asset
GiC	Galaxy_in_Conflict_contents_2754886445.pak	/codex/LEGACY/gic_shipdesignations/gic_shipdesignations.codex	/title	Book of Designations	unused-or-deprecated-asset
GiC	Galaxy_in_Conflict_contents_2754886445.pak	/interface/windowconfig/LEGACY/gic_advancedmunitions_engineer.config	/paneLayout/windowtitle/subtitle	  Make sharp things.	unused-or-deprecated-asset
GiC	Galaxy_in_Conflict_contents_2754886445.pak	/interface/windowconfig/LEGACY/gic_advancedmunitions_engineer.config	/paneLayout/lblSchematics/value	^#b9b5b2;BLUEPRINTS	unused-or-deprecated-asset
GiC	Galaxy_in_Conflict_contents_2754886445.pak	/interface/windowconfig/LEGACY/gic_advancedmunitions_engineer.config	/paneLayout/lblProducttitle/value	^#b9b5b2;PRODUCT	unused-or-deprecated-asset
GiC	Galaxy_in_Conflict_contents_2754886445.pak	/interface/windowconfig/LEGACY/gic_advancedmunitions_engineer.config	/paneLayout/lblProduct/value	MATERIALS AVAILABLE	unused-or-deprecated-asset
GiC	Galaxy_in_Conflict_contents_2754886445.pak	/interface/windowconfig/LEGACY/gic_advancedmunitions_engineer.config	/paneLayout/scrollArea/children/itemList/schema/listTemplate/itemName/value	Replace Me	unused-or-deprecated-asset
GiC	Galaxy_in_Conflict_contents_2754886445.pak	/items/WEAPONS/LEGACY/gic_m100h/gic_m100h.activeitem	/description	LEGACY ITEM - This is a pre-v4.0 item and you should not be seeing this unless you have an older save. This item may no longer work. Please find a post-v4.0 item equivalent for its updated code and delete this item.	unused-or-deprecated-asset
GiC	Galaxy_in_Conflict_contents_2754886445.pak	/items/WEAPONS/LEGACY/gic_m100h/gic_m100h.activeitem	/shortdescription	[LEGACY ITEM]	unused-or-deprecated-asset
GiC	Galaxy_in_Conflict_contents_2754886445.pak	/monsters/ANOMALIES/LEGACY/gic_wildlands_anthrolynx/gic_wildlands_anthrolynx_denizen.monstertype	/shortdescription	[Anthro-Lynx]	unused-or-deprecated-asset
GiC	Galaxy_in_Conflict_contents_2754886445.pak	/monsters/ANOMALIES/LEGACY/gic_wildlands_anthrolynx/gic_wildlands_anthrolynx_denizen.monstertype	/description	Knights of old.	unused-or-deprecated-asset
GiC	Galaxy_in_Conflict_contents_2754886445.pak	/monsters/LEGACY/gic_otherworld_haunt/gic_otherworld_haunt.monstertype	/shortdescription	[Othniel, The First]	unused-or-deprecated-asset
GiC	Galaxy_in_Conflict_contents_2754886445.pak	/monsters/LEGACY/gic_otherworld_haunt/gic_otherworld_haunt.monstertype	/description	Knights of old.	unused-or-deprecated-asset
GiC	Galaxy_in_Conflict_contents_2754886445.pak	/items/WEAPONS/LEGACY/DEPRECATED_SPECIAL/gic_psychic_translocator/gic_psychic_translocator_debug.activeitem	/description	"Can fire through walls. Intended as a less finnicky solution to quick map access.

^yellow;Translocator Beacon lasts 20 seconds.
^#D6DFFF;[ALT-FIRE] to teleport to the Beacon."	unused-or-deprecated-asset
GiC	Galaxy_in_Conflict_contents_2754886445.pak	/items/WEAPONS/LEGACY/DEPRECATED_SPECIAL/gic_psychic_translocator/gic_psychic_translocator_debug.activeitem	/shortdescription	Psychic Translocator [Debug]	unused-or-deprecated-asset
GiC	Galaxy_in_Conflict_contents_2754886445.pak	/npcs/crew/LEGACY/gic_wildlands_grimchaplain_crew.npctype	/scriptConfig/crew/role/name	Ranger Chaplain	unused-or-deprecated-asset
GiC	Galaxy_in_Conflict_contents_2754886445.pak	/codex/LEGACY/FLORAN_LIBERATION_FRONT/gic_floranliberationfront_tovictory/gic_floranliberationfront_tovictory.codex	/title	FLF - To Victory!	unused-or-deprecated-asset
GiC	Galaxy_in_Conflict_contents_2754886445.pak	/codex/LEGACY/FLORAN_LIBERATION_FRONT/gic_floranliberationfront_tovictory/gic_floranliberationfront_tovictory.codex	/description	We shall take everything from our enemies!	unused-or-deprecated-asset
GiC	Galaxy_in_Conflict_contents_2754886445.pak	/monsters/CRUSADE/LEGACY/gic_crusader_cavalrylancer/gic_crusader_cavalrylancer.monstertype	/shortdescription	[Crusader Cavalryman]	unused-or-deprecated-asset
GiC	Galaxy_in_Conflict_contents_2754886445.pak	/monsters/CRUSADE/LEGACY/gic_crusader_cavalrylancer/gic_crusader_cavalrylancer.monstertype	/description	To battle!	unused-or-deprecated-asset
GiC	Galaxy_in_Conflict_contents_2754886445.pak	/monsters/LEGACY/MEGA_LEGACY/gic_magical_sorceress/gic_magical_sorceress.monstertype	/shortdescription	Ved'ma	unused-or-deprecated-asset
GiC	Galaxy_in_Conflict_contents_2754886445.pak	/monsters/LEGACY/MEGA_LEGACY/gic_magical_sorceress/gic_magical_sorceress.monstertype	/description	Some sort of anomaly. Reacts violently.	unused-or-deprecated-asset
GiC	Galaxy_in_Conflict_contents_2754886445.pak	/codex/LEGACY/MISSIONS/ESTHER/1_1_FNG/gic_ec11_looted.codex	/title	EC11 - Looted	unused-or-deprecated-asset
GiC	Galaxy_in_Conflict_contents_2754886445.pak	/codex/LEGACY/MISSIONS/ESTHER/1_1_FNG/gic_ec11_looted.codex	/description	Esther Chapter 1-1-L	unused-or-deprecated-asset
GiC	Galaxy_in_Conflict_contents_2754886445.pak	/interface/windowconfig/COOKING/gic_cooking_brickoven.config	/paneLayout/scrollArea/children/itemList/schema/listTemplate/itemName/value	Replace Me	template-placeholder
GiC	Galaxy_in_Conflict_contents_2754886445.pak	/behaviors/npc/reactions/gic_rout.behavior	/root/children/0/parameters/time/value	<fleeDuration>	behavior-tree-parameter
GiC	Galaxy_in_Conflict_contents_2754886445.pak	/interface/windowconfig/LEGACY/gic_tradeterminal_food.config	/paneLayout/windowtitle/subtitle	  Make sharp things.	unused-or-deprecated-asset
GiC	Galaxy_in_Conflict_contents_2754886445.pak	/interface/windowconfig/LEGACY/gic_tradeterminal_food.config	/paneLayout/lblSchematics/value	^#b9b5b2;BLUEPRINTS	unused-or-deprecated-asset
GiC	Galaxy_in_Conflict_contents_2754886445.pak	/interface/windowconfig/LEGACY/gic_tradeterminal_food.config	/paneLayout/lblProducttitle/value	^#b9b5b2;PRODUCT	unused-or-deprecated-asset
GiC	Galaxy_in_Conflict_contents_2754886445.pak	/interface/windowconfig/LEGACY/gic_tradeterminal_food.config	/paneLayout/lblProduct/value	MATERIALS AVAILABLE	unused-or-deprecated-asset
GiC	Galaxy_in_Conflict_contents_2754886445.pak	/interface/windowconfig/LEGACY/gic_tradeterminal_food.config	/paneLayout/scrollArea/children/itemList/schema/listTemplate/itemName/value	Replace Me	unused-or-deprecated-asset
GiC	Galaxy_in_Conflict_contents_2754886445.pak	/codex/LEGACY/MISSIONS/ESTHER/1_1_FNG/gic_ec11_corpsedisposal.codex	/title	EC11 - Corpse Disposal	unused-or-deprecated-asset
GiC	Galaxy_in_Conflict_contents_2754886445.pak	/codex/LEGACY/MISSIONS/ESTHER/1_1_FNG/gic_ec11_corpsedisposal.codex	/description	Esther Chapter 1-1-CD	unused-or-deprecated-asset
GiC	Galaxy_in_Conflict_contents_2754886445.pak	/codex/LEGACY/gic_frostedairdrop/gic_frostedairdrop.codex	/title	Frost: Airdrop	unused-or-deprecated-asset
GiC	Galaxy_in_Conflict_contents_2754886445.pak	/codex/LEGACY/SKYBURNER/gic_skyburner_chapter4/gic_skyburner_chapter4.codex	/title	Skyburner: Chapter 4	unused-or-deprecated-asset
GiC	Galaxy_in_Conflict_contents_2754886445.pak	/codex/LEGACY/FROSTED/gic_frostedmetro_ghosttrainwarning/gic_frostedmetro_ghosttrainwarning.codex	/title	Frosted Metro - Ghost Train Warning	unused-or-deprecated-asset
GiC	Galaxy_in_Conflict_contents_2754886445.pak	/codex/LEGACY/MISSIONS/ESTHER/0_1_ARKBEYOND/gic_ec01_cutthewire.codex	/title	EC01 - Cut the Wire	unused-or-deprecated-asset
GiC	Galaxy_in_Conflict_contents_2754886445.pak	/codex/LEGACY/MISSIONS/ESTHER/0_1_ARKBEYOND/gic_ec01_cutthewire.codex	/description	Esther Chapter 0-1-CTW	unused-or-deprecated-asset
GiC	Galaxy_in_Conflict_contents_2754886445.pak	/monsters/LEGACY/UNITED_SYSTEMS/gic_otherworld_possessed_modernised_hudson_tank/gic_otherworld_possessed_modernised_hudson_tank.monstertype	/shortdescription	[M65-S Hudson MBT ''Gensou'' Retrofit]	unused-or-deprecated-asset
GiC	Galaxy_in_Conflict_contents_2754886445.pak	/interface/windowconfig/WORKSTATION/gic_explosives_workstation.config	/paneLayout/scrollArea/children/itemList/schema/listTemplate/itemName/value	Replace Me	template-placeholder
GiC	Galaxy_in_Conflict_contents_2754886445.pak	/codex/LEGACY/Global_Earth_News/gic_gen_5/gic_gen_5.codex	/title	Earth Newspaper Headline #5	unused-or-deprecated-asset
GiC	Galaxy_in_Conflict_contents_2754886445.pak	/npcs/UNUSED/TRADE/gic_recreationaldealer.npctype	/scriptConfig/guiConfig/gui/windowtitle/title	Recreational Dealer	unused-or-deprecated-asset
GiC	Galaxy_in_Conflict_contents_2754886445.pak	/npcs/UNUSED/TRADE/gic_recreationaldealer.npctype	/scriptConfig/guiConfig/gui/windowtitle/subtitle	Buys Consumer Goods and sells Junk Cargo.	unused-or-deprecated-asset
GiC	Galaxy_in_Conflict_contents_2754886445.pak	/items/UNUSED/RESEARCH/gic_unitan_sealedpsioniccrystal/gic_unitan_sealedpsioniccrystal.item	/description	A crystal is sealed within this containment unit. Appears to be of great importance to the United Systems. The title on the box reads ''фея''.	unused-or-deprecated-asset
GiC	Galaxy_in_Conflict_contents_2754886445.pak	/items/SHIELDS/LEGACY/gic_frostmilitia_greatshield/gic_frostmilitia_greatshield.activeitem	/description	"

^orange;Lost Empire: Cannot parry | 400hp blocking power.^reset;
^#D6DFFF;Shield Bash: Moving at great speeds and colliding with an enemy will deal damage based on the speed of the user.^white;"	unused-or-deprecated-asset
GiC	Galaxy_in_Conflict_contents_2754886445.pak	/items/SHIELDS/LEGACY/gic_frostmilitia_greatshield/gic_frostmilitia_greatshield.activeitem	/shortdescription	Frost Militia Scutum	unused-or-deprecated-asset
GiC	Galaxy_in_Conflict_contents_2754886445.pak	/items/SHIELDS/LEGACY/gic_crusadersoldier_shield/gic_crusadersoldier_shield.activeitem	/description	"''The Glitch Gestalt for all of its hivemind moniker still retained a large degree of independence upon its subject hosts. All lived their stable and unchanging lives, with any social or technological development simply ceasing. Would it be shocking to tell you that I am still part of the Gestalt?''

^#D6DFFF;Venerable Ancient Battlefield: 1.25s PARRY WINDOW | 100HP STABILITY | 40% DEF.^white;"	unused-or-deprecated-asset
GiC	Galaxy_in_Conflict_contents_2754886445.pak	/items/SHIELDS/LEGACY/gic_crusadersoldier_shield/gic_crusadersoldier_shield.activeitem	/shortdescription	Crusader Soldier Shield	unused-or-deprecated-asset
GiC	Galaxy_in_Conflict_contents_2754886445.pak	/behaviors/npc/gic_npccombat_adv.behavior	/root/children/1/children/1/children/1/children/0/children/1/child/children/1/title	NPC Melee	behavior-tree-parameter
GiC	Galaxy_in_Conflict_contents_2754886445.pak	/behaviors/npc/gic_npccombat_adv.behavior	/root/children/1/children/1/children/1/children/1/children/2/title	GiC NPC Ranged Advanced	behavior-tree-parameter
GiC	Galaxy_in_Conflict_contents_2754886445.pak	/behaviors/npc/gic_npccombat_adv.behavior	/root/children/1/children/1/children/1/children/2/child/children/2/title	NPC Melee Standby	behavior-tree-parameter
GiC	Galaxy_in_Conflict_contents_2754886445.pak	/interface/windowconfig/LEGACY/gic_humanclothesshop_militarysection_tradeterminal.config	/paneLayout/windowtitle/subtitle	  Make sharp things.	unused-or-deprecated-asset
GiC	Galaxy_in_Conflict_contents_2754886445.pak	/interface/windowconfig/LEGACY/gic_humanclothesshop_militarysection_tradeterminal.config	/paneLayout/lblSchematics/value	^#b9b5b2;BLUEPRINTS	unused-or-deprecated-asset
GiC	Galaxy_in_Conflict_contents_2754886445.pak	/interface/windowconfig/LEGACY/gic_humanclothesshop_militarysection_tradeterminal.config	/paneLayout/lblProducttitle/value	^#b9b5b2;PRODUCT	unused-or-deprecated-asset
GiC	Galaxy_in_Conflict_contents_2754886445.pak	/interface/windowconfig/LEGACY/gic_humanclothesshop_militarysection_tradeterminal.config	/paneLayout/lblProduct/value	MATERIALS AVAILABLE	unused-or-deprecated-asset
GiC	Galaxy_in_Conflict_contents_2754886445.pak	/interface/windowconfig/LEGACY/gic_humanclothesshop_militarysection_tradeterminal.config	/paneLayout/scrollArea/children/itemList/schema/listTemplate/itemName/value	Replace Me	unused-or-deprecated-asset
GiC	Galaxy_in_Conflict_contents_2754886445.pak	/codex/LEGACY/OCCASUS/gic_occasus_unyielding/gic_occasus_unyielding.codex	/title	Occasus - Unyielding	unused-or-deprecated-asset
GiC	Galaxy_in_Conflict_contents_2754886445.pak	/codex/LEGACY/OCCASUS/gic_occasus_unyielding/gic_occasus_unyielding.codex	/description	The Occasus fed-up with Feds.	unused-or-deprecated-asset
GiC	Galaxy_in_Conflict_contents_2754886445.pak	/behaviors/npc/gic_villageguard.behavior	/root/children/0/title	Tenant Baseline Behavior	behavior-tree-parameter
GiC	Galaxy_in_Conflict_contents_2754886445.pak	/behaviors/npc/gic_villageguard.behavior	/root/children/0/name	Tenant Baseline Behavior	behavior-tree-parameter
GiC	Galaxy_in_Conflict_contents_2754886445.pak	/behaviors/npc/gic_villageguard.behavior	/root/children/5/title	NPC Idle	behavior-tree-parameter
GiC	Galaxy_in_Conflict_contents_2754886445.pak	/behaviors/npc/gic_villageguard.behavior	/root/children/5/name	NPC Idle	behavior-tree-parameter
GiC	Galaxy_in_Conflict_contents_2754886445.pak	/behaviors/npc/gic_villageguard.behavior	/root/children/5/parameters/play/value	<play>	behavior-tree-parameter
GiC	Galaxy_in_Conflict_contents_2754886445.pak	/items/AMMUNITION/LEGACY/gic_mg2750_770x56mm_mag/gic_mg2750_770x56mm_box_mag.item	/description	200 round 7.7x56mm ammunition box for MG-series weapons. LEGACY ITEM, NO LONGER USED.	unused-or-deprecated-asset
GiC	Galaxy_in_Conflict_contents_2754886445.pak	/items/AMMUNITION/LEGACY/gic_mg2750_770x56mm_mag/gic_mg2750_770x56mm_box_mag.item	/shortdescription	MG2750 7.7x56mm Box Magazine	unused-or-deprecated-asset
GiC	Galaxy_in_Conflict_contents_2754886445.pak	/items/WEAPONS/LEGACY/gic_uscm4/gic_uscm4_republic_npc.activeitem	/description	"''I was separated from my group when I stumbled upon another lone Floran. Felt like an eternity till I just started running at him with my bayonet. He spun his spear 'round but it was too late; Knife went deep into his chest. Saw eye-to-eye. Poor soul looked underfed, scrawny. A lot smaller than me. I gave him a final shot to the head.''
Outdated assault rifle used during the late-stages of the USCM-Floran War, chambered in 5.56x45mm STANAG-FEDERATSIYA.
^orange;The Lost: 0.6s PARRY WINDOW | 100HP STABILITY^reset;"	unused-or-deprecated-asset
GiC	Galaxy_in_Conflict_contents_2754886445.pak	/items/WEAPONS/LEGACY/gic_uscm4/gic_uscm4_republic_npc.activeitem	/altAbility/name	Perfect Parry	unused-or-deprecated-asset
GiC	Galaxy_in_Conflict_contents_2754886445.pak	/monsters/LEGACY/UNITED_SYSTEMS/gic_division16_hellstrain_mustang/gic_division16_hellstrain_mustang_vsnoblevampire.monstertype	/description	Division 16 Hell's Train Mustang	unused-or-deprecated-asset
GiC	Galaxy_in_Conflict_contents_2754886445.pak	/quests/STORY/LEGACY/ESTHER/LIONHEART/gic_esther_chapter_2_nuke_lionheart.questtemplate	/title	^#D1FFDE;The Beginning of Nuclear War	unused-or-deprecated-asset
GiC	Galaxy_in_Conflict_contents_2754886445.pak	/items/WEAPONS/LEGACY/gic_rpg40/gic_rpg40.activeitem	/description	LEGACY ITEM - This is a pre-v4.0 item and you should not be seeing this unless you have an older save. This item may no longer work. Please find a post-v4.0 item equivalent for its updated code and delete this item.	unused-or-deprecated-asset
GiC	Galaxy_in_Conflict_contents_2754886445.pak	/items/WEAPONS/LEGACY/gic_rpg40/gic_rpg40.activeitem	/shortdescription	[LEGACY ITEM]	unused-or-deprecated-asset
GiC	Galaxy_in_Conflict_contents_2754886445.pak	/items/WEAPONS/LEGACY/gic_stgl40/gic_stgl40_npc.activeitem	/description	The ''Single-Tube Grenade Launcher'' is a single-shot, shoulder-fired, break-action grenade launcher that fires a 40x46mm LV grenade, which uses the High-Low Propulsion System to keep recoil forces low. While largely replaced by Underbarrel Grenade Launchers, such designs have remained in service in niche roles.	unused-or-deprecated-asset
GiC	Galaxy_in_Conflict_contents_2754886445.pak	/items/WEAPONS/LEGACY/gic_stgl40/gic_stgl40_npc.activeitem	/shortdescription	M79 ''Thumper'' NPC	unused-or-deprecated-asset
GiC	Galaxy_in_Conflict_contents_2754886445.pak	/items/AMMUNITION/LEGACY/gic_ilws_powerpack_type2/gic_ilws_powerpack_type2.item	/description	Power Pack for ILW Systems of compact nature, designed to be loaded into a weapon fully akin to a stripper clip or commercial battery. Shots tuned to provide the ballistic performance of 5.56x45mm will provide 400 shots worth of ammunition in one battery.	unused-or-deprecated-asset
GiC	Galaxy_in_Conflict_contents_2754886445.pak	/items/AMMUNITION/LEGACY/gic_ilws_powerpack_type2/gic_ilws_powerpack_type2.item	/shortdescription	ILWS Power Pack Type-2	unused-or-deprecated-asset
GiC	Galaxy_in_Conflict_contents_2754886445.pak	/monsters/LEGACY/UNITED_SYSTEMS/gic_genecultist_slinger/gic_genecultist_slinger_setpiece.monstertype	/shortdescription	[Gene-Cultist Slinger]	unused-or-deprecated-asset
GiC	Galaxy_in_Conflict_contents_2754886445.pak	/monsters/LEGACY/UNITED_SYSTEMS/gic_genecultist_slinger/gic_genecultist_slinger_setpiece.monstertype	/description	Knights of old.	unused-or-deprecated-asset
GiC	Galaxy_in_Conflict_contents_2754886445.pak	/items/MATERIALS/OLD/gic_firearmprimer/gic_firearmprimer.item	/description	"Special type of explosive powder that initiates the actual propellant combustion process, which then propels the bullet from the casing and out of the gun barrel. Not required to craft basic ammunition types.
  
Used to craft special ammunition such as AP rounds."	unused-or-deprecated-asset
GiC	Galaxy_in_Conflict_contents_2754886445.pak	/items/MATERIALS/OLD/gic_firearmprimer/gic_firearmprimer.item	/shortdescription	Special Firearm Primer	unused-or-deprecated-asset
GiC	Galaxy_in_Conflict_contents_2754886445.pak	/quests/STORY/LEGACY/PLANET_INCENTIVES/gic_esther_planetincentive_1_afflicted.questtemplate	/title	^orange;Letheia Lunacy: Affliction	unused-or-deprecated-asset
GiC	Galaxy_in_Conflict_contents_2754886445.pak	/interface/windowconfig/gic_myourenbrewery_bar.config	/paneLayout/scrollArea/children/itemList/schema/listTemplate/itemName/value	Replace Me	template-placeholder
GiC	Galaxy_in_Conflict_contents_2754886445.pak	/codex/LEGACY/NEWSPAPER/Tobler_One/gic_to_2/gic_to_2.codex	/title	The Planetary #2	unused-or-deprecated-asset
GiC	Galaxy_in_Conflict_contents_2754886445.pak	/codex/LEGACY/NEWSPAPER/Tobler_One/gic_to_2/gic_to_2.codex	/description	[12th November, 2821]	unused-or-deprecated-asset
GiC	Galaxy_in_Conflict_contents_2754886445.pak	/npcs/UNUSED/MERCHANT/gic_extractionmerchant.npctype	/scriptConfig/merchant/paneLayoutOverride/windowtitle/title	  Extraction Dealer	unused-or-deprecated-asset
GiC	Galaxy_in_Conflict_contents_2754886445.pak	/npcs/UNUSED/MERCHANT/gic_extractionmerchant.npctype	/scriptConfig/merchant/paneLayoutOverride/windowtitle/subtitle	  Sells raw minerals commonly mined from barren rocks.	unused-or-deprecated-asset
GiC	Galaxy_in_Conflict_contents_2754886445.pak	/interface/windowconfig/LEGACY/gic_munitionsworkbench.config	/paneLayout/windowtitle/subtitle	  Make sharp things.	unused-or-deprecated-asset
GiC	Galaxy_in_Conflict_contents_2754886445.pak	/interface/windowconfig/LEGACY/gic_munitionsworkbench.config	/paneLayout/lblSchematics/value	^#b9b5b2;BLUEPRINTS	unused-or-deprecated-asset
GiC	Galaxy_in_Conflict_contents_2754886445.pak	/interface/windowconfig/LEGACY/gic_munitionsworkbench.config	/paneLayout/lblProducttitle/value	^#b9b5b2;PRODUCT	unused-or-deprecated-asset
GiC	Galaxy_in_Conflict_contents_2754886445.pak	/interface/windowconfig/LEGACY/gic_munitionsworkbench.config	/paneLayout/lblProduct/value	MATERIALS AVAILABLE	unused-or-deprecated-asset
GiC	Galaxy_in_Conflict_contents_2754886445.pak	/interface/windowconfig/LEGACY/gic_munitionsworkbench.config	/paneLayout/scrollArea/children/itemList/schema/listTemplate/itemName/value	Replace Me	unused-or-deprecated-asset
GiC	Galaxy_in_Conflict_contents_2754886445.pak	/interface/warping/LEGACY/gic_tunnelstoassault.config	/destinations/0/name	Part 3: The Assault	unused-or-deprecated-asset
GiC	Galaxy_in_Conflict_contents_2754886445.pak	/monsters/LEGACY/PROTECTORATE/gic_protectorate_crestfallenveteran/gic_protectorate_crestfallenveteran.monstertype	/shortdescription	[New Londinium Crestfallen Veteran]	unused-or-deprecated-asset
GiC	Galaxy_in_Conflict_contents_2754886445.pak	/monsters/LEGACY/PROTECTORATE/gic_protectorate_crestfallenveteran/gic_protectorate_crestfallenveteran.monstertype	/description	Knights of old.	unused-or-deprecated-asset
GiC	Galaxy_in_Conflict_contents_2754886445.pak	/npcs/UNUSED/MERCHANT/gic_refinerymerchant.npctype	/scriptConfig/merchant/paneLayoutOverride/windowtitle/title	  Extraction Dealer	unused-or-deprecated-asset
GiC	Galaxy_in_Conflict_contents_2754886445.pak	/npcs/UNUSED/MERCHANT/gic_refinerymerchant.npctype	/scriptConfig/merchant/paneLayoutOverride/windowtitle/subtitle	  Sells processed minerals at a fairer price than Ursa.	unused-or-deprecated-asset
GiC	Galaxy_in_Conflict_contents_2754886445.pak	/items/UNUSED/RESEARCH/gic_soulscalpel/gic_soulscalpel.item	/description	The Free-Thinkers attempted to destroy their simulated life to create some sort of ''real life''. But what's the difference? Life is still life, is it not?	unused-or-deprecated-asset
GiC	Galaxy_in_Conflict_contents_2754886445.pak	/items/UNUSED/RESEARCH/gic_soulscalpel/gic_soulscalpel.item	/shortdescription	Soul Scalpel	unused-or-deprecated-asset
GiC	Galaxy_in_Conflict_contents_2754886445.pak	/codex/LEGACY/MISSIONS/ESTHER/1_1_FNG/gic_ec11_merchantsletter.codex	/title	EC11 - Merchant's Letter	unused-or-deprecated-asset
GiC	Galaxy_in_Conflict_contents_2754886445.pak	/codex/LEGACY/MISSIONS/ESTHER/1_1_FNG/gic_ec11_merchantsletter.codex	/description	Esther Chapter 1-1-ML	unused-or-deprecated-asset
GiC	Galaxy_in_Conflict_contents_2754886445.pak	/behaviors/npc/gic_hostileguard_advanced.behavior	/root/children/1/children/2/children/0/children/1/children/3/title	NPC Combat	behavior-tree-parameter
GiC	Galaxy_in_Conflict_contents_2754886445.pak	/behaviors/npc/gic_hostileguard_advanced.behavior	/root/children/1/children/3/title	NPC Idle	behavior-tree-parameter
GiC	Galaxy_in_Conflict_contents_2754886445.pak	/behaviors/npc/gic_hostileguard_advanced.behavior	/root/children/1/children/3/name	NPC Idle	behavior-tree-parameter
GiC	Galaxy_in_Conflict_contents_2754886445.pak	/monsters/LEGACY/UNITED_SYSTEMS/gic_augmentyr_airborne_serviceskull/gic_augmentyr_airborne_serviceskull_beckon.monstertype	/shortdescription	Augmentyr Service Skull	unused-or-deprecated-asset
GiC	Galaxy_in_Conflict_contents_2754886445.pak	/monsters/LEGACY/UNITED_SYSTEMS/gic_augmentyr_airborne_serviceskull/gic_augmentyr_airborne_serviceskull_beckon.monstertype	/description	Some sort of anomaly. Reacts violently.	unused-or-deprecated-asset
GiC	Galaxy_in_Conflict_contents_2754886445.pak	/monsters/LEGACY/gic_greatswordwarrior/gic_bufferedcharge_demo.monstertype	/shortdescription	[Buffered Charge Demo]	unused-or-deprecated-asset
GiC	Galaxy_in_Conflict_contents_2754886445.pak	/monsters/LEGACY/gic_greatswordwarrior/gic_bufferedcharge_demo.monstertype	/description	SOLDIER OF RICK-GOD	unused-or-deprecated-asset
GiC	Galaxy_in_Conflict_contents_2754886445.pak	/interface/windowconfig/COOKING/gic_cooking_fryingpan.config	/paneLayout/scrollArea/children/itemList/schema/listTemplate/itemName/value	Replace Me	template-placeholder
GiC	Galaxy_in_Conflict_contents_2754886445.pak	/codex/LEGACY/PROTECTORATE/gic_protectorate_unified/gic_protectorate_unified.codex	/title	Protectorate - Unified	unused-or-deprecated-asset
GiC	Galaxy_in_Conflict_contents_2754886445.pak	/codex/LEGACY/PROTECTORATE/gic_protectorate_unified/gic_protectorate_unified.codex	/description	Surviving records of a Grand Protector's speech.	unused-or-deprecated-asset
GiC	Galaxy_in_Conflict_contents_2754886445.pak	/items/WEAPONS/LEGACY/gic_kulak/gic_kulak.activeitem	/description	LEGACY ITEM - This is a pre-v4.0 item and you should not be seeing this unless you have an older save. This item may no longer work. Please find a post-v4.0 item equivalent for its updated code and delete this item.	unused-or-deprecated-asset
GiC	Galaxy_in_Conflict_contents_2754886445.pak	/items/WEAPONS/LEGACY/gic_kulak/gic_kulak.activeitem	/shortdescription	[LEGACY ITEM]	unused-or-deprecated-asset
GiC	Galaxy_in_Conflict_contents_2754886445.pak	/codex/LEGACY/MISSIONS/ESTHER/1_1_FNG/gic_ec11_deadplanetletter.codex	/title	EC11 - Dead Planet Letter	unused-or-deprecated-asset
GiC	Galaxy_in_Conflict_contents_2754886445.pak	/codex/LEGACY/MISSIONS/ESTHER/1_1_FNG/gic_ec11_deadplanetletter.codex	/description	Esther Chapter 1-1-DPL	unused-or-deprecated-asset
GiC	Galaxy_in_Conflict_contents_2754886445.pak	/quests/UNUSED/gic_protectedcolony_dealer_repeatable.questtemplate	/title	^orange;Subterranean Animism [Repeatable]	unused-or-deprecated-asset
GiC	Galaxy_in_Conflict_contents_2754886445.pak	/interface/windowconfig/gic_humanclothesshop_merchantterminal.config	/paneLayout/scrollArea/children/itemList/schema/listTemplate/itemName/value	Replace Me	template-placeholder
GiC	Galaxy_in_Conflict_contents_2754886445.pak	/items/AMMUNITION/LEGACY/STANAG_USM/gic_stanag_usm_545x39mm_mag.item	/description	Fits any compatible AK-platform weapons of the 5.45x39mm caliber. 30 Round Magazine.	unused-or-deprecated-asset
GiC	Galaxy_in_Conflict_contents_2754886445.pak	/items/AMMUNITION/LEGACY/STANAG_USM/gic_stanag_usm_545x39mm_mag.item	/shortdescription	AK 5.45x39mm Mag	unused-or-deprecated-asset
GiC	Galaxy_in_Conflict_contents_2754886445.pak	/monsters/LEGACY/PROTECTORATE/gic_protectorate_swarmerdrone_fighter/gic_protectorate_swarmerdrone_fighter.monstertype	/shortdescription	Swarmer Drone Fighter	unused-or-deprecated-asset
GiC	Galaxy_in_Conflict_contents_2754886445.pak	/monsters/LEGACY/PROTECTORATE/gic_protectorate_swarmerdrone_fighter/gic_protectorate_swarmerdrone_fighter.monstertype	/description	Summoned by Protectorate Beluga Fightercraft to provide firepower support. Unlike the Defender Dolls, takes a more shield-like approach, firing slower but getting closer to its target.	unused-or-deprecated-asset
GiC	Galaxy_in_Conflict_contents_2754886445.pak	/interface/windowconfig/gic_munitionsworkbench_6tab.config	/paneLayout/scrollArea/children/itemList/schema/listTemplate/itemName/value	Replace Me	template-placeholder
GiC	Galaxy_in_Conflict_contents_2754886445.pak	/behaviors/NPC_COMBAT/gic_friendlynpccombat.behavior	/root/children/0/children/1/children/2/title	NPC Combat	behavior-tree-parameter
GiC	Galaxy_in_Conflict_contents_2754886445.pak	/codex/LEGACY/RED_STAR_ALLIANCE/ENGLISH/gic_precursor_redstar2/gic_precursor_redstar2.codex	/title	Precursor: The Alliance [2]	unused-or-deprecated-asset
GiC	Galaxy_in_Conflict_contents_2754886445.pak	/items/AMMUNITION/LEGACY/M20_H/gic_m20h5_grenade_he/gic_m20h5_grenade_he.item	/description	M20H5 High-Explosive Grenade, designated as such for its origins during the 20th Century and a specific explosive payload type: H5. This type is a dumb-fired grenade.	unused-or-deprecated-asset
GiC	Galaxy_in_Conflict_contents_2754886445.pak	/items/AMMUNITION/LEGACY/M20_H/gic_m20h5_grenade_he/gic_m20h5_grenade_he.item	/shortdescription	M20H5 HE Grenade	unused-or-deprecated-asset
GiC	Galaxy_in_Conflict_contents_2754886445.pak	/objects/CRAFTING/WORKBENCH/LEGACY/gic_medical_workbench/gic_medical_workbench.object	/description	DEPRECATED | Moved over to Medical Workstation.	unused-or-deprecated-asset
GiC	Galaxy_in_Conflict_contents_2754886445.pak	/objects/CRAFTING/WORKBENCH/LEGACY/gic_medical_workbench/gic_medical_workbench.object	/shortdescription	^orange;Medical Workbench^white;	unused-or-deprecated-asset
GiC	Galaxy_in_Conflict_contents_2754886445.pak	/objects/CRAFTING/WORKBENCH/LEGACY/gic_medical_workbench/gic_medical_workbench.object	/interactData/paneLayoutOverride/windowtitle/title	  Medical Workbench	unused-or-deprecated-asset
GiC	Galaxy_in_Conflict_contents_2754886445.pak	/objects/CRAFTING/WORKBENCH/LEGACY/gic_medical_workbench/gic_medical_workbench.object	/interactData/paneLayoutOverride/windowtitle/subtitle	  DEPRECATED | Moved over to Medical Workstation.	unused-or-deprecated-asset
GiC	Galaxy_in_Conflict_contents_2754886445.pak	/codex/LEGACY/GUN_INFORMATION/gic_usm47manual/gic_usm47manual.codex	/title	USM-47 Handbook	unused-or-deprecated-asset
GiC	Galaxy_in_Conflict_contents_2754886445.pak	/interface/windowconfig/gic_furniturestore_citymall.config	/paneLayout/scrollArea/children/itemList/schema/listTemplate/itemName/value	Replace Me	template-placeholder
GiC	Galaxy_in_Conflict_contents_2754886445.pak	/items/AMMUNITION/LEGACY/SPELLCARD/gic_spellcard_lobber.item	/description	"^#8FAED3;Charges two lobbed shots. Attuned staff would be somewhat comparable to a double-shot incendiary launcher.^reset;
An elementary attunement powered-up to lethal levels. Whilst its older and weaker ''fireball'' cousin would remain a staple for most hardline traditionalist magicians, these lobbed fire shots have proved themselves deadly as field artillery provided the wand is charged by a suitable sorcerer. A weaker student may find their shot only reaching as far as 50 metres, unsuited for siege bombardment, but still enough for close-ranged fire suppression."	unused-or-deprecated-asset
GiC	Galaxy_in_Conflict_contents_2754886445.pak	/items/AMMUNITION/LEGACY/SPELLCARD/gic_spellcard_lobber.item	/shortdescription	Spellcard 'Lobber' Type	unused-or-deprecated-asset
GiC	Galaxy_in_Conflict_contents_2754886445.pak	/monsters/LEGACY/gic_greenfingergeneral/gic_greenfingergeneral.monstertype	/shortdescription	[Greenfinger General]	unused-or-deprecated-asset
GiC	Galaxy_in_Conflict_contents_2754886445.pak	/monsters/LEGACY/gic_greenfingergeneral/gic_greenfingergeneral.monstertype	/description	Last of their kind.	unused-or-deprecated-asset
GiC	Galaxy_in_Conflict_contents_2754886445.pak	/quests/STORY/LEGACY/ESTHER/gic_esther_chapter_2_0_thekinless.questtemplate	/title	^yellow;[GiC]: Chapter 2 - The Kinless	unused-or-deprecated-asset
GiC	Galaxy_in_Conflict_contents_2754886445.pak	/items/WEAPONS/LEGACY/DEPRECATED_SPECIAL/gic_witchhunterspistol/gic_witchhunterspistol.activeitem	/description	"''I am straying. I need a sign that I still tread the righteous path. One noone can doubt.''

Single-shot blackpowder weapon with immense firepower but horrendous miss chance. Uses 20mm Blackpowder Ball and Shot ammunition. Bears a minor rune of replication that allows for quantum superposition of the pistol's loaded state, should it be discarded."	unused-or-deprecated-asset
GiC	Galaxy_in_Conflict_contents_2754886445.pak	/items/WEAPONS/LEGACY/DEPRECATED_SPECIAL/gic_witchhunterspistol/gic_witchhunterspistol.activeitem	/shortdescription	Witch Hunter's Solution	unused-or-deprecated-asset
GiC	Galaxy_in_Conflict_contents_2754886445.pak	/interface/craftingtooltip/craftingtooltip.config	/itemList/schema/listTemplate/itemName/value	Golden Moustache	template-placeholder
GiC	Galaxy_in_Conflict_contents_2754886445.pak	/items/SHIELDS/LEGACY/gic_oldfloransmarinescutum_greatshield/gic_oldfloransmarinescutum_greatshield.activeitem	/description	"''Knowledge born from Eden
Foretold of our undoing
Civilizations have risen to fall
Seek vengeance for our fathers
Heretics reborn as martyrs
All that they've bled for will crumble and fall.''

^orange;Marius Titus: 1.25s PARRY WINDOW | 5HP STABILITY.^reset;"	unused-or-deprecated-asset
GiC	Galaxy_in_Conflict_contents_2754886445.pak	/items/SHIELDS/LEGACY/gic_oldfloransmarinescutum_greatshield/gic_oldfloransmarinescutum_greatshield.activeitem	/shortdescription	Old Floran's Marine Scutum	unused-or-deprecated-asset
GiC	Galaxy_in_Conflict_contents_2754886445.pak	/interface/windowconfig/gic_embassy_merchantterminal.config	/paneLayout/scrollArea/children/itemList/schema/listTemplate/itemName/value	Replace Me	template-placeholder
GiC	Galaxy_in_Conflict_contents_2754886445.pak	/monsters/LEGACY/gic_erchiuscrystalcoordinator/gic_erchiuscrystalcoordinator.monstertype	/shortdescription	[Leech]	unused-or-deprecated-asset
GiC	Galaxy_in_Conflict_contents_2754886445.pak	/monsters/LEGACY/gic_erchiuscrystalcoordinator/gic_erchiuscrystalcoordinator.monstertype	/description	The mastermind of an incursion.	unused-or-deprecated-asset
GiC	Galaxy_in_Conflict_contents_2754886445.pak	/items/WEAPONS/LEGACY/gic_usm47a2/gic_usm47a2_onehanded_special_flashbanger.activeitem	/description	A special NPC-only USM47A2 that has a flashbang as the reload projectile. Also significantly less accurate.	unused-or-deprecated-asset
GiC	Galaxy_in_Conflict_contents_2754886445.pak	/items/WEAPONS/LEGACY/gic_vich515/gic_vich515.activeitem	/description	LEGACY ITEM - This is a pre-v4.0 item and you should not be seeing this unless you have an older save. This item may no longer work. Please find a post-v4.0 item equivalent for its updated code and delete this item.	unused-or-deprecated-asset
GiC	Galaxy_in_Conflict_contents_2754886445.pak	/items/WEAPONS/LEGACY/gic_vich515/gic_vich515.activeitem	/shortdescription	[LEGACY ITEM]	unused-or-deprecated-asset
GiC	Galaxy_in_Conflict_contents_2754886445.pak	/codex/LEGACY/TUTORIAL/gic_manual_colonial_partisan/gic_manual_colonial_partisan.codex	/title	Manual - Colonial Partisan	unused-or-deprecated-asset
GiC	Galaxy_in_Conflict_contents_2754886445.pak	/codex/LEGACY/TUTORIAL/gic_manual_colonial_partisan/gic_manual_colonial_partisan.codex	/description	How to operate the Colonial Partisan.	unused-or-deprecated-asset
GiC	Galaxy_in_Conflict_contents_2754886445.pak	/interface/warping/LEGACY/gic_powerplantdestruction_longflighthome.config	/destinations/0/name	The long flight home.	unused-or-deprecated-asset
GiC	Galaxy_in_Conflict_contents_2754886445.pak	/codex/LEGACY/MISSIONS/TECHNICALITIES/gic_technicalities_vol6.codex	/title	Technicalities Vol.6	unused-or-deprecated-asset
GiC	Galaxy_in_Conflict_contents_2754886445.pak	/codex/LEGACY/MISSIONS/TECHNICALITIES/gic_technicalities_vol6.codex	/description	An excerpt from a redacted sociology publication.	unused-or-deprecated-asset
GiC	Galaxy_in_Conflict_contents_2754886445.pak	/codex/LEGACY/TUTORIAL/gic_munitionsworkbench_medicalguide/gic_munitionsworkbench_medicalguide.codex	/title	GIC: Medical	unused-or-deprecated-asset
GiC	Galaxy_in_Conflict_contents_2754886445.pak	/codex/LEGACY/TUTORIAL/gic_munitionsworkbench_medicalguide/gic_munitionsworkbench_medicalguide.codex	/description	"A small guide to the basics of GiC's Medical System.

^yellow;Interact to read codex.^reset;"	unused-or-deprecated-asset
GiC	Galaxy_in_Conflict_contents_2754886445.pak	/items/UNUSED/REMNANTS/gic_remnant_armoredprotector.item	/description	"A dull remnant of the Armored Protector, a knight who swore himself in service to the Hell Raven.

Much like other Immortal Shells, this unknown knight roamed human space in search of some challenge or adversary to face. After seeing the grace of a Hell Raven, he swore himself to her, if only to obtain some sort of purpose.
  
^#FFE460;Trade at a Soulsmith to transform into something greater.^reset;"	unused-or-deprecated-asset
GiC	Galaxy_in_Conflict_contents_2754886445.pak	/items/UNUSED/REMNANTS/gic_remnant_armoredprotector.item	/shortdescription	Remnant of the Armored Protector	unused-or-deprecated-asset
GiC	Galaxy_in_Conflict_contents_2754886445.pak	/items/MEDICAL/OLD/gic_ds1fc_combatstimulant.consumable	/description	"Dry Sap's origins are murky and unclear, but most agree it was used primarily as a hallucinogenic for primitive Drufloran tribes. It was only later when some Druflorans attempted to inject the substance into themselves that it proved quite capable of increasing focus and awareness.

^green;+10% Weapon Proficiency for 5 minutes.^white;"	unused-or-deprecated-asset
GiC	Galaxy_in_Conflict_contents_2754886445.pak	/items/MEDICAL/OLD/gic_ds1fc_combatstimulant.consumable	/shortdescription	^yellow;DS-1FC	unused-or-deprecated-asset
GiC	Galaxy_in_Conflict_contents_2754886445.pak	/monsters/LEGACY/PROTECTORATE/gic_protectorate_swarmerdrone_pacifier/gic_protectorate_swarmerdrone_pacifier.monstertype	/description	No longer bound by AI constraints, this drone will lay down heavy suppressive fire.	unused-or-deprecated-asset
GiC	Galaxy_in_Conflict_contents_2754886445.pak	/monsters/CRUSADE/LEGACY/gic_crusader_knight/gic_crusader_knight.monstertype	/shortdescription	[Crusader Knight]	unused-or-deprecated-asset
GiC	Galaxy_in_Conflict_contents_2754886445.pak	/monsters/CRUSADE/LEGACY/gic_crusader_knight/gic_crusader_knight.monstertype	/description	Knights of old.	unused-or-deprecated-asset
GiC	Galaxy_in_Conflict_contents_2754886445.pak	/npcs/UNUSED/MERCHANT/gic_colonyarmsdealer.npctype	/scriptConfig/merchant/paneLayoutOverride/windowtitle/title	  Colony Arms Dealer	unused-or-deprecated-asset
GiC	Galaxy_in_Conflict_contents_2754886445.pak	/npcs/UNUSED/MERCHANT/gic_colonyarmsdealer.npctype	/scriptConfig/merchant/paneLayoutOverride/windowtitle/subtitle	  Deals military weaponry.	unused-or-deprecated-asset
GiC	Galaxy_in_Conflict_contents_2754886445.pak	/interface/windowconfig/WORKSTATION/gic_knitting_workstation.config	/paneLayout/scrollArea/children/itemList/schema/listTemplate/itemName/value	Replace Me	template-placeholder
GiC	Galaxy_in_Conflict_contents_2754886445.pak	/items/UNUSED/REMNANTS/gic_remnant_spetsnazoperator.item	/description	"A flaring, highly-infused remnant of Ruslan Stanislav, a man whose skill was entirely without magic, neither abyssal nor divine. He was weak by the standards of immortals, but by following his training he fought off someone far more powerful than he was.
Ruslan was a former member of the colonial government that predated the planet's apocalypse. Their uniform and training harkon heavily to the Great Soviet-era of pre-21st Century Earth.

^#FFE460;Trade at a Soulsmith to transform into something greater.^reset;"	unused-or-deprecated-asset
GiC	Galaxy_in_Conflict_contents_2754886445.pak	/items/UNUSED/REMNANTS/gic_remnant_spetsnazoperator.item	/shortdescription	Remnant of Ruslan Stanislav	unused-or-deprecated-asset
GiC	Galaxy_in_Conflict_contents_2754886445.pak	/monsters/LEGACY/FLORAN/gic_ixolingbomber/gic_ixolingbomber.monstertype	/shortdescription	[Ixoling Bomber]	unused-or-deprecated-asset
GiC	Galaxy_in_Conflict_contents_2754886445.pak	/monsters/LEGACY/FLORAN/gic_ixolingbomber/gic_ixolingbomber.monstertype	/description	Only the strong survive.	unused-or-deprecated-asset
GiC	Galaxy_in_Conflict_contents_2754886445.pak	/items/SHIELDS/LEGACY/gic_heavyballisticshield/gic_heavyballisticshield.activeitem	/description	Extremely thick ballistic shield.	unused-or-deprecated-asset
GiC	Galaxy_in_Conflict_contents_2754886445.pak	/items/SHIELDS/LEGACY/gic_heavyballisticshield/gic_heavyballisticshield.activeitem	/shortdescription	Heavy Ballistic Shield	unused-or-deprecated-asset
GiC	Galaxy_in_Conflict_contents_2754886445.pak	/monsters/LEGACY/UNITED_SYSTEMS/gic_genecultist_impaler/gic_genecultist_impaler.monstertype	/shortdescription	[Gene-Cultist Impaler]	unused-or-deprecated-asset
GiC	Galaxy_in_Conflict_contents_2754886445.pak	/monsters/LEGACY/UNITED_SYSTEMS/gic_genecultist_impaler/gic_genecultist_impaler.monstertype	/description	Knights of old.	unused-or-deprecated-asset
GiC	Galaxy_in_Conflict_contents_2754886445.pak	/items/WEAPONS/LEGACY/ANCIENT_LEGACY/FANTASY/gic_fae_wand/gic_fae_wand.activeitem	/description	Watch this.	unused-or-deprecated-asset
GiC	Galaxy_in_Conflict_contents_2754886445.pak	/items/WEAPONS/LEGACY/ANCIENT_LEGACY/FANTASY/gic_fae_wand/gic_fae_wand.activeitem	/shortdescription	Fae Wand	unused-or-deprecated-asset
GiC	Galaxy_in_Conflict_contents_2754886445.pak	/quests/STORY/LEGACY/ESTHER/LIONHEART/gic_esther_chapter_5_lionheart.questtemplate	/title	^#D1FFDE;Lionheart, The Hearty	unused-or-deprecated-asset
GiC	Galaxy_in_Conflict_contents_2754886445.pak	/monsters/LEGACY/ERCHIUS/gic_erchius_gladiator/gic_erchius_gladiator_dying.monstertype	/shortdescription	[Erchius Gladiator]	unused-or-deprecated-asset
GiC	Galaxy_in_Conflict_contents_2754886445.pak	/monsters/LEGACY/ERCHIUS/gic_erchius_gladiator/gic_erchius_gladiator_dying.monstertype	/description	Last of their kind.	unused-or-deprecated-asset
GiC	Galaxy_in_Conflict_contents_2754886445.pak	/interface/windowconfig/crafting_draft.config	/paneLayout/scrollArea/children/itemList/schema/listTemplate/itemName/value	Replace Me	template-placeholder
GiC	Galaxy_in_Conflict_contents_2754886445.pak	/monsters/LEGACY/SUMMONS/gic_summon_protectorateundeadknight/gic_summon_protectorateundeadknight.monstertype	/shortdescription	[Protectorate Undead Knight]	unused-or-deprecated-asset
GiC	Galaxy_in_Conflict_contents_2754886445.pak	/monsters/LEGACY/SUMMONS/gic_summon_protectorateundeadknight/gic_summon_protectorateundeadknight.monstertype	/description	Knights of old.	unused-or-deprecated-asset
GiC	Galaxy_in_Conflict_contents_2754886445.pak	/npcs/crew/LEGACY/gic_survivalist_spearthrower_crew.npctype	/scriptConfig/crew/role/name	Survivalist Spear-Thrower	unused-or-deprecated-asset
GiC	Galaxy_in_Conflict_contents_2754886445.pak	/items/SHIELDS/LEGACY/gic_hollowprotectorateknight_shield/gic_hollowprotectorateknight_shield.activeitem	/description	"''Don't you dare go hollow!''

The Shells are immortal individuals who've been unceremoniously granted the powers of undeath. They they are undying, they often lose parts of their memories much in a similar capacity to alzheimers and dementia. Without purpose or reason after countless mortal deaths, they lose their sense of self. In a sense, they go ''hollow''.
^orange;Hollow Knight: 1.0s PARRY WINDOW | 160HP STABILITY | 65% DEF^reset;"	unused-or-deprecated-asset
GiC	Galaxy_in_Conflict_contents_2754886445.pak	/items/SHIELDS/LEGACY/gic_hollowprotectorateknight_shield/gic_hollowprotectorateknight_shield.activeitem	/shortdescription	Hollow Shell Knight Shield	unused-or-deprecated-asset
GiC	Galaxy_in_Conflict_contents_2754886445.pak	/items/MEDICAL/OLD/gic_fabric_bandage.consumable	/description	"Absolutely basic last resort option for bleeding. Will halve all bleed damage sources but can't do any better.

^green;BLEED damage HALVED^white; for ^yellow;4 minutes (+50% Bleed Resist).^white;"	unused-or-deprecated-asset
GiC	Galaxy_in_Conflict_contents_2754886445.pak	/items/MEDICAL/OLD/gic_fabric_bandage.consumable	/shortdescription	^yellow;Fabric Bandage (GiC)	unused-or-deprecated-asset
GiC	Galaxy_in_Conflict_contents_2754886445.pak	/items/WEAPONS/LEGACY/ANCIENT_LEGACY/ILWS/gic_unita_ilws/gic_unita_ilws.activeitem	/description	The most commonly-used Unitan Standard-Issue Rifle within the Empire.	unused-or-deprecated-asset
GiC	Galaxy_in_Conflict_contents_2754886445.pak	/items/WEAPONS/LEGACY/ANCIENT_LEGACY/ILWS/gic_unita_ilws/gic_unita_ilws.activeitem	/shortdescription	Unita-Model I.L.W.S	unused-or-deprecated-asset
GiC	Galaxy_in_Conflict_contents_2754886445.pak	/monsters/ANOMALIES/LEGACY/gic_magical_defenderfae/gic_magical_defenderfae.monstertype	/description	Some sort of anomaly. Reacts violently.	unused-or-deprecated-asset
GiC	Galaxy_in_Conflict_contents_2754886445.pak	/interface/windowconfig/COOKING/gic_cooking_communalcookingpot.config	/paneLayout/scrollArea/children/itemList/schema/listTemplate/itemName/value	Replace Me	template-placeholder
GiC	Galaxy_in_Conflict_contents_2754886445.pak	/codex/LEGACY/PRISON/gic_abandonedcolonialprison_oldstickynote/gic_abandonedcolonialprison_oldstickynote.codex	/title	Old Sticky Note	unused-or-deprecated-asset
GiC	Galaxy_in_Conflict_contents_2754886445.pak	/monsters/LEGACY/BLOOD_YOUKAI/gic_bloodyoukai_hellstrain_transport/gic_bloodyoukai_hellstrain_transport.monstertype	/description	Blood Youkai Hell's Train Transport	unused-or-deprecated-asset
GiC	Galaxy_in_Conflict_contents_2754886445.pak	/items/WEAPONS/LEGACY/ANCIENT_LEGACY/gic_mkms/gic_mkms.activeitem	/description	"The marking says the following:
^green;''This weapon is the only remnant of what it used to belong to Anson Sioux and later ^green;Major Tanya.''^white;

It is implied that this is a 'recreation' by an obsessed fan. Someone must've dedicated their lives over a show that they decided to make a functional firearm out of it, detail by detail. Props to whoever created did this."	unused-or-deprecated-asset
GiC	Galaxy_in_Conflict_contents_2754886445.pak	/items/WEAPONS/LEGACY/ANCIENT_LEGACY/gic_mkms/gic_mkms.activeitem	/shortdescription	^blue;Sioux's Remnant ^green;9x19mm	unused-or-deprecated-asset
GiC	Galaxy_in_Conflict_contents_2754886445.pak	/items/WEAPONS/LEGACY/gic_tyurma70/gic_tyurma70.activeitem	/description	LEGACY ITEM - This is a pre-v4.0 item and you should not be seeing this unless you have an older save. This item may no longer work. Please find a post-v4.0 item equivalent for its updated code and delete this item.	unused-or-deprecated-asset
GiC	Galaxy_in_Conflict_contents_2754886445.pak	/items/WEAPONS/LEGACY/gic_tyurma70/gic_tyurma70.activeitem	/shortdescription	[LEGACY ITEM]	unused-or-deprecated-asset
GiC	Galaxy_in_Conflict_contents_2754886445.pak	/items/WEAPONS/LEGACY/gic_usm45/gic_usm45.activeitem	/description	LEGACY ITEM - This is a pre-v4.0 item and you should not be seeing this unless you have an older save. This item may no longer work. Please find a post-v4.0 item equivalent for its updated code and delete this item.	unused-or-deprecated-asset
GiC	Galaxy_in_Conflict_contents_2754886445.pak	/items/WEAPONS/LEGACY/gic_usm45/gic_usm45.activeitem	/shortdescription	[LEGACY ITEM]	unused-or-deprecated-asset
GiC	Galaxy_in_Conflict_contents_2754886445.pak	/codex/LEGACY/UNITED_SYSTEMS/gic_unitedsystems_voting/gic_unitedsystems_voting.codex	/title	Unitan Voting	unused-or-deprecated-asset
GiC	Galaxy_in_Conflict_contents_2754886445.pak	/codex/LEGACY/UNITED_SYSTEMS/gic_unitedsystems_voting/gic_unitedsystems_voting.codex	/description	Simplified voting process within the United Systems.	unused-or-deprecated-asset
GiC	Galaxy_in_Conflict_contents_2754886445.pak	/monsters/LEGACY/MEGA_LEGACY/gic_evolvedswarmerdrone/gic_evolvedswarmerdrone_broken.monstertype	/shortdescription	[Evolved Swarmer Drone]	unused-or-deprecated-asset
GiC	Galaxy_in_Conflict_contents_2754886445.pak	/monsters/LEGACY/MEGA_LEGACY/gic_evolvedswarmerdrone/gic_evolvedswarmerdrone_broken.monstertype	/description	It's a small and pathetic thing, yet it still desires to learn.	unused-or-deprecated-asset
GiC	Galaxy_in_Conflict_contents_2754886445.pak	/monsters/LEGACY/gic_otherworld_guardiantengu/gic_otherworld_guardiantengu.monstertype	/shortdescription	[Claviger, The Last]	unused-or-deprecated-asset
GiC	Galaxy_in_Conflict_contents_2754886445.pak	/items/UNUSED/REMNANTS/gic_remnant_scatterspearsicario.item	/description	"A strong remnant of the Scatter-Spear Sicario, a human warrior on-par with those that would need magic to do his job.
  
The Sicario hunted down both Man and Youkai in the underground halls of subterranean colonies, taking jobs against targets that were suspected of involving otherworldly magic. Even if he was a hired gun, a sellsword, and a mercenary... He always kept his morals closer, for the hunt was more important.
^#FFE460;Trade at a Soulsmith to transform into something greater.^reset;"	unused-or-deprecated-asset
GiC	Galaxy_in_Conflict_contents_2754886445.pak	/items/UNUSED/REMNANTS/gic_remnant_scatterspearsicario.item	/shortdescription	Remnant of the Scatter-Spear Sicario	unused-or-deprecated-asset
GiC	Galaxy_in_Conflict_contents_2754886445.pak	/interface/windowconfig/WORKSTATION/gic_fletcher_workstation.config	/paneLayout/scrollArea/children/itemList/schema/listTemplate/itemName/value	Replace Me	template-placeholder
GiC	Galaxy_in_Conflict_contents_2754886445.pak	/monsters/LEGACY/gic_greenfingertruedaimyo/gic_chainattack_demo.monstertype	/shortdescription	[Demo- Chain Attacks]	unused-or-deprecated-asset
GiC	Galaxy_in_Conflict_contents_2754886445.pak	/monsters/LEGACY/gic_greenfingertruedaimyo/gic_chainattack_demo.monstertype	/description	Last of their kind.	unused-or-deprecated-asset
GiC	Galaxy_in_Conflict_contents_2754886445.pak	/items/WEAPONS/LEGACY/DEPRECATED_SPECIAL/gic_fairyrotarygun/gic_augmentyr_suppressor.activeitem	/description	A minigun used against a Bureaucratically Isolated Rectification Bot.	unused-or-deprecated-asset
GiC	Galaxy_in_Conflict_contents_2754886445.pak	/items/WEAPONS/LEGACY/DEPRECATED_SPECIAL/gic_fairyrotarygun/gic_augmentyr_suppressor.activeitem	/shortdescription	Augmentyr Suppressor	unused-or-deprecated-asset
GiC	Galaxy_in_Conflict_contents_2754886445.pak	/interface/windowconfig/gic_ammunition_workbench.config	/paneLayout/scrollArea/children/itemList/schema/listTemplate/itemName/value	Replace Me	template-placeholder
GiC	Galaxy_in_Conflict_contents_2754886445.pak	/items/WEAPONS/LEGACY/ANCIENT_LEGACY/HISTORICAL/gic_ppsh/gic_ppsh.activeitem	/description	Ancient, but a reliable Soviet submachine gun.	unused-or-deprecated-asset
GiC	Galaxy_in_Conflict_contents_2754886445.pak	/items/AMMUNITION/LEGACY/OLD/gic_uscm4_mag/gic_uscm4_mag.item	/description	Fits in the USCM-4. 30 round in a magazine	unused-or-deprecated-asset
GiC	Galaxy_in_Conflict_contents_2754886445.pak	/items/AMMUNITION/LEGACY/OLD/gic_uscm4_mag/gic_uscm4_mag.item	/shortdescription	USCM-4 Magazine	unused-or-deprecated-asset
GiC	Galaxy_in_Conflict_contents_2754886445.pak	/items/WEAPONS/LEGACY/COPSC/gic_copsc_shotgun/gic_copsc_shotgun.activeitem	/description	LEGACY ITEM - This is a pre-v4.0 item and you should not be seeing this unless you have an older save. This item may no longer work. Please find a post-v4.0 item equivalent for its updated code and delete this item.	unused-or-deprecated-asset
GiC	Galaxy_in_Conflict_contents_2754886445.pak	/items/WEAPONS/LEGACY/COPSC/gic_copsc_shotgun/gic_copsc_shotgun.activeitem	/shortdescription	[LEGACY ITEM]	unused-or-deprecated-asset
GiC	Galaxy_in_Conflict_contents_2754886445.pak	/codex/LEGACY/PROTECTORATE/RANGER/gic_protectorateranger_orientation.codex	/title	Protectorate Ranger - Orientation	unused-or-deprecated-asset
GiC	Galaxy_in_Conflict_contents_2754886445.pak	/codex/LEGACY/PROTECTORATE/RANGER/gic_protectorateranger_orientation.codex	/description	Orientation message for Rangers.	unused-or-deprecated-asset
GiC	Galaxy_in_Conflict_contents_2754886445.pak	/monsters/LEGACY/ERCHIUS/gic_erchius_gladiator/gic_erchius_gladiator.monstertype	/shortdescription	[Erchius Gladiator]	unused-or-deprecated-asset
GiC	Galaxy_in_Conflict_contents_2754886445.pak	/monsters/LEGACY/ERCHIUS/gic_erchius_gladiator/gic_erchius_gladiator.monstertype	/description	Last of their kind.	unused-or-deprecated-asset
GiC	Galaxy_in_Conflict_contents_2754886445.pak	/monsters/LEGACY/gic_guardianofnod/gic_guardianofnod.monstertype	/shortdescription	[Marcian, The First Test]	unused-or-deprecated-asset
GiC	Galaxy_in_Conflict_contents_2754886445.pak	/monsters/LEGACY/gic_guardianofnod/gic_guardianofnod.monstertype	/description	This stench... Smells like you, stranger.	unused-or-deprecated-asset
GiC	Galaxy_in_Conflict_contents_2754886445.pak	/items/WEAPONS/LEGACY/ANCIENT_LEGACY/gic_mfsg12_old/gic_mfsg12_old.activeitem	/description	''ARE YOU A MAN?'' ^yellow;Accepts 18.50x70mm Buckshot and Slug rounds.^reset; Scatterguns seem to be compact shotguns, yet still necessitate two-handed operation and usage. This model's size makes it easily smuggled back into Protectorate space from human manufacturers in unaffiliated colonies or United Systems' space. It serves the discrete need for close-range firepower in hunting contexts where advanced Protectorate weaponry generally causes too much collateral damage to leave anything behind worth eating.	unused-or-deprecated-asset
GiC	Galaxy_in_Conflict_contents_2754886445.pak	/items/WEAPONS/LEGACY/ANCIENT_LEGACY/gic_mfsg12_old/gic_mfsg12_old.activeitem	/shortdescription	Manford Scattergun 12	unused-or-deprecated-asset
GiC	Galaxy_in_Conflict_contents_2754886445.pak	/quests/STORY/LEGACY/PLANET_INCENTIVES/gic_esther_planetincentive_0_intro.questtemplate	/title	^yellow;Rude Awakening	unused-or-deprecated-asset
GiC	Galaxy_in_Conflict_contents_2754886445.pak	/quests/STORY/LEGACY/ESTHER/MISSION_ACTIONS/gic_ec11_merchantsrequest.questtemplate	/title	^#D1FFDE;Merchant's Request	unused-or-deprecated-asset
GiC	Galaxy_in_Conflict_contents_2754886445.pak	/interface/windowconfig/LEGACY/gic_tradeterminal_economicfacility.config	/paneLayout/windowtitle/subtitle	  Make sharp things.	unused-or-deprecated-asset
GiC	Galaxy_in_Conflict_contents_2754886445.pak	/interface/windowconfig/LEGACY/gic_tradeterminal_economicfacility.config	/paneLayout/lblSchematics/value	^#b9b5b2;BLUEPRINTS	unused-or-deprecated-asset
GiC	Galaxy_in_Conflict_contents_2754886445.pak	/interface/windowconfig/LEGACY/gic_tradeterminal_economicfacility.config	/paneLayout/lblProducttitle/value	^#b9b5b2;PRODUCT	unused-or-deprecated-asset
GiC	Galaxy_in_Conflict_contents_2754886445.pak	/interface/windowconfig/LEGACY/gic_tradeterminal_economicfacility.config	/paneLayout/lblProduct/value	MATERIALS AVAILABLE	unused-or-deprecated-asset
GiC	Galaxy_in_Conflict_contents_2754886445.pak	/interface/windowconfig/LEGACY/gic_tradeterminal_economicfacility.config	/paneLayout/scrollArea/children/itemList/schema/listTemplate/itemName/value	Replace Me	unused-or-deprecated-asset
GiC	Galaxy_in_Conflict_contents_2754886445.pak	/items/WEAPONS/LEGACY/ANCIENT_LEGACY/AUGMENTYR/gic_augmentyr_hmg/gic_augmentyr_hmg.activeitem	/description	The Augmentyr choice of 'suppressive' weaponry.	unused-or-deprecated-asset
GiC	Galaxy_in_Conflict_contents_2754886445.pak	/items/WEAPONS/LEGACY/ANCIENT_LEGACY/AUGMENTYR/gic_augmentyr_hmg/gic_augmentyr_hmg.activeitem	/shortdescription	Augmentyr HMG	unused-or-deprecated-asset
GiC	Galaxy_in_Conflict_contents_2754886445.pak	/monsters/ANOMALIES/LEGACY/gic_abyssal_oda_yariashigaru/gic_abyssal_oda_yariashigaru.monstertype	/shortdescription	[Oda Yari Ashigaru]	unused-or-deprecated-asset
GiC	Galaxy_in_Conflict_contents_2754886445.pak	/monsters/ANOMALIES/LEGACY/gic_abyssal_oda_yariashigaru/gic_abyssal_oda_yariashigaru.monstertype	/description	Knights of old.	unused-or-deprecated-asset
GiC	Galaxy_in_Conflict_contents_2754886445.pak	/items/WEAPONS/LEGACY/ANCIENT_LEGACY/gic_dshkm127108/gic_dshkm127108.activeitem	/description	"Degtyaryova-Shpagina Krupnokaliberny 'Modernised' var.127108, standing for its use of the age-old 12.7x108mm bullet. 600RPM firerate capable of killing anyone in a single shot, if the weight and recoil can be managed.
  
^yellow;Unaffected by Infinite Spare Ammo Buffs^reset;"	unused-or-deprecated-asset
GiC	Galaxy_in_Conflict_contents_2754886445.pak	/items/SHIELDS/LEGACY/gic_wolftengu_shield/gic_wolftengu_shield.activeitem	/description	"''Othniel's army will be upon us. We hold our shield wall here and we die standing.''

The Wolf-Tengu would stand over Youkai Mountain, guarding against an enemy that would never come. It would be Othniel who would test the strength of the Tengu after hundreds of years of peace and complacency.

^#D6DFFF;Unmoving Posture: 2.0s PARRY WINDOW | 200HP STABILITY | 95% DEF.^white;
^red;Accursed Body: -50% GENERAL RESISTANCE when equipped in either hand.^white;"	unused-or-deprecated-asset
GiC	Galaxy_in_Conflict_contents_2754886445.pak	/items/SHIELDS/LEGACY/gic_wolftengu_shield/gic_wolftengu_shield.activeitem	/shortdescription	Wolf-Tengu Shield	unused-or-deprecated-asset
GiC	Galaxy_in_Conflict_contents_2754886445.pak	/items/AMMUNITION/LEGACY/STANAG_FEDERATSIYA/gic_stanag_federatsiya_556x45mm_mag_overcharged.item	/description	"Type: STANAG NATO
Caliber: 5.56x45mm
Capacity: 30rnds

Effect: OVERCHARGING (-50% ATK/10s)

Compatible: DCDR516, M16A3"	unused-or-deprecated-asset
GiC	Galaxy_in_Conflict_contents_2754886445.pak	/items/AMMUNITION/LEGACY/STANAG_FEDERATSIYA/gic_stanag_federatsiya_556x45mm_mag_overcharged.item	/shortdescription	5.56x45mm ^#FFDD00;[Overcharged]^reset;	unused-or-deprecated-asset
GiC	Galaxy_in_Conflict_contents_2754886445.pak	/monsters/LEGACY/MEGA_LEGACY/gic_otherworld_lionheart_vsnoblevampire/gic_otherworld_lionheart_vsnoblevampire.monstertype	/shortdescription	[Defend: Lionheart]	unused-or-deprecated-asset
GiC	Galaxy_in_Conflict_contents_2754886445.pak	/codex/LEGACY/PROTECTORATE/RANGER/gic_protectorateranger_ecolab_1.codex	/title	^#6B88FF;Ranger - Eco Lab Transcript #1	unused-or-deprecated-asset
GiC	Galaxy_in_Conflict_contents_2754886445.pak	/codex/LEGACY/PROTECTORATE/RANGER/gic_protectorateranger_ecolab_1.codex	/description	To all those, a whistle blown.	unused-or-deprecated-asset
GiC	Galaxy_in_Conflict_contents_2754886445.pak	/items/AMMUNITION/LEGACY/SPELLCARD/gic_spellcard_assault.item	/description	"^#8FAED3;Charges 60 shots. Attuned staff would be somewhat comparable to the performance of a ballistic assault rifle.^reset;
Unlike spellcards of old, these attunement cards carefully prepared by the individual for their personal magic staff beforehand would allow them to ready their charges before a fight. In the heat of battle, one could reach for their spellcard as if it were ammunition and focus on it, recharging their magical potential far faster than if one were to have brought a traditional sorcerer's book."	unused-or-deprecated-asset
GiC	Galaxy_in_Conflict_contents_2754886445.pak	/items/AMMUNITION/LEGACY/SPELLCARD/gic_spellcard_assault.item	/shortdescription	Spellcard 'Assault' Type	unused-or-deprecated-asset
GiC	Galaxy_in_Conflict_contents_2754886445.pak	/items/UNUSED/RESEARCH/gic_erchius_pouch/gic_erchius_pouch.item	/description	"''The Erchius Soldiers started carrying these pouches after a while. At first, we thought it might've been some sort of ammunition or even explosive charge, but the answer was a lot simpler than that. It was a sort of primer. A way for them to taint our dead and mark their frontlines. Every single one of them became capable of building their nests further and further, using our dead as their materials.''

Fuel Value: 50u"	unused-or-deprecated-asset
GiC	Galaxy_in_Conflict_contents_2754886445.pak	/items/UNUSED/RESEARCH/gic_erchius_pouch/gic_erchius_pouch.item	/shortdescription	Erchius Soldier Pouch	unused-or-deprecated-asset
GiC	Galaxy_in_Conflict_contents_2754886445.pak	/interface/windowconfig/LEGACY/gic_blackmarket_largebase.config	/paneLayout/windowtitle/subtitle	  Make sharp things.	unused-or-deprecated-asset
GiC	Galaxy_in_Conflict_contents_2754886445.pak	/interface/windowconfig/LEGACY/gic_blackmarket_largebase.config	/paneLayout/lblSchematics/value	^#b9b5b2;BLUEPRINTS	unused-or-deprecated-asset
GiC	Galaxy_in_Conflict_contents_2754886445.pak	/interface/windowconfig/LEGACY/gic_blackmarket_largebase.config	/paneLayout/lblProducttitle/value	^#b9b5b2;PRODUCT	unused-or-deprecated-asset
GiC	Galaxy_in_Conflict_contents_2754886445.pak	/interface/windowconfig/LEGACY/gic_blackmarket_largebase.config	/paneLayout/lblProduct/value	MATERIALS AVAILABLE	unused-or-deprecated-asset
GiC	Galaxy_in_Conflict_contents_2754886445.pak	/interface/windowconfig/LEGACY/gic_blackmarket_largebase.config	/paneLayout/scrollArea/children/itemList/schema/listTemplate/itemName/value	Replace Me	unused-or-deprecated-asset
GiC	Galaxy_in_Conflict_contents_2754886445.pak	/codex/LEGACY/MISSIONS/INDEPENDENT/1_1_JIANGSHICANYON/gic_ic11_mineshutdown.codex	/title	IC11 - Mine Shutdown	unused-or-deprecated-asset
GiC	Galaxy_in_Conflict_contents_2754886445.pak	/codex/LEGACY/MISSIONS/INDEPENDENT/1_1_JIANGSHICANYON/gic_ic11_mineshutdown.codex	/description	Independent Chapter 1-1-MS	unused-or-deprecated-asset
GiC	Galaxy_in_Conflict_contents_2754886445.pak	/items/WEAPONS/LEGACY/DEPRECATED_SPECIAL/gic_pistoloftheoldwatch/gic_pistoloftheoldwatch.activeitem	/shortdescription	Pistol of the Old Watch	unused-or-deprecated-asset
GiC	Galaxy_in_Conflict_contents_2754886445.pak	/codex/LEGACY/PROTECTORATE/COASTLINE/gic_wildlands_asylum_hectorsneuralchip.codex	/title	^#6B88FF;Neural Data Chip	unused-or-deprecated-asset
GiC	Galaxy_in_Conflict_contents_2754886445.pak	/codex/LEGACY/PROTECTORATE/COASTLINE/gic_wildlands_asylum_hectorsneuralchip.codex	/description	What remains...	unused-or-deprecated-asset
GiC	Galaxy_in_Conflict_contents_2754886445.pak	/vehicles/LEGACY/gic_usm47a2_turret/gic_usm47a2_turret_prefab.vehicle	/jammedTextConfig/actionOnReap/0/specification/text	^red;JAMMED^reset;	unused-or-deprecated-asset
GiC	Galaxy_in_Conflict_contents_2754886445.pak	/vehicles/LEGACY/gic_usm47a2_turret/gic_usm47a2_turret_prefab.vehicle	/unjammedTextConfig/actionOnReap/0/specification/text	^green;UNJAMMED^reset;	unused-or-deprecated-asset
GiC	Galaxy_in_Conflict_contents_2754886445.pak	/vehicles/LEGACY/gic_usm47a2_turret/gic_usm47a2_turret_prefab.vehicle	/repairedTextConfig/actionOnReap/0/specification/text	^green;FULLY REPAIRED^reset;	unused-or-deprecated-asset
GiC	Galaxy_in_Conflict_contents_2754886445.pak	/vehicles/LEGACY/gic_usm47a2_turret/gic_usm47a2_turret_prefab.vehicle	/repairTextConfig/actionOnReap/0/specification/text	^green;+100 HP^reset;	unused-or-deprecated-asset
GiC	Galaxy_in_Conflict_contents_2754886445.pak	/codex/LEGACY/gic_ec23b_finaltransmission.codex	/title	Abercon: Final Transmission	unused-or-deprecated-asset
GiC	Galaxy_in_Conflict_contents_2754886445.pak	/items/SHIELDS/LEGACY/gic_oldfloransredscutum_greatshield/gic_oldfloransredscutum_greatshield_npc.activeitem	/description	"---

^#D6DFFF;Shield Bash: Moving at great speeds and colliding with an enemy will deal damage based on the speed of the user.^white;"	unused-or-deprecated-asset
GiC	Galaxy_in_Conflict_contents_2754886445.pak	/items/SHIELDS/LEGACY/gic_oldfloransredscutum_greatshield/gic_oldfloransredscutum_greatshield_npc.activeitem	/shortdescription	Heian Defender Scutum	unused-or-deprecated-asset
GiC	Galaxy_in_Conflict_contents_2754886445.pak	/objects/MISSIONS/LEGACY/gic_esther_chapter_1_lionheart/gic_esther_chapter_3_lionheart.object	/interactData/paneLayoutOverride/windowtitle/title	  Lionheart, The Cowardly	unused-or-deprecated-asset
GiC	Galaxy_in_Conflict_contents_2754886445.pak	/objects/MISSIONS/LEGACY/gic_esther_chapter_1_lionheart/gic_esther_chapter_3_lionheart.object	/interactData/paneLayoutOverride/windowtitle/subtitle	  Leading those to something he could not bear to do himself.	unused-or-deprecated-asset
GiC	Galaxy_in_Conflict_contents_2754886445.pak	/interface/windowconfig/WORKSTATION/gic_medical_workstation.config	/paneLayout/scrollArea/children/itemList/schema/listTemplate/itemName/value	Replace Me	template-placeholder
GiC	Galaxy_in_Conflict_contents_2754886445.pak	/interface/windowconfig/gic_military_merchantterminal.config	/paneLayout/scrollArea/children/itemList/schema/listTemplate/itemName/value	Replace Me	template-placeholder
GiC	Galaxy_in_Conflict_contents_2754886445.pak	/interface/windowconfig/LEGACY/gic_frontiercolony_merchantterminal.config	/paneLayout/windowtitle/subtitle	  Make sharp things.	unused-or-deprecated-asset
GiC	Galaxy_in_Conflict_contents_2754886445.pak	/interface/windowconfig/LEGACY/gic_frontiercolony_merchantterminal.config	/paneLayout/lblSchematics/value	^#b9b5b2;BLUEPRINTS	unused-or-deprecated-asset
GiC	Galaxy_in_Conflict_contents_2754886445.pak	/interface/windowconfig/LEGACY/gic_frontiercolony_merchantterminal.config	/paneLayout/lblProducttitle/value	^#b9b5b2;PRODUCT	unused-or-deprecated-asset
GiC	Galaxy_in_Conflict_contents_2754886445.pak	/interface/windowconfig/LEGACY/gic_frontiercolony_merchantterminal.config	/paneLayout/lblProduct/value	MATERIALS AVAILABLE	unused-or-deprecated-asset
GiC	Galaxy_in_Conflict_contents_2754886445.pak	/interface/windowconfig/LEGACY/gic_frontiercolony_merchantterminal.config	/paneLayout/scrollArea/children/itemList/schema/listTemplate/itemName/value	Replace Me	unused-or-deprecated-asset
GiC	Galaxy_in_Conflict_contents_2754886445.pak	/quests/STORY/LEGACY/PLANET_INCENTIVES/gic_esther_planetincentive_2_wildlands.questtemplate	/title	^orange;[GiC] Ghost Recon: Wildlands	unused-or-deprecated-asset
GiC	Galaxy_in_Conflict_contents_2754886445.pak	/quests/STORY/LEGACY/ESTHER/gic_esther_chapter_2_wud_birdhunting.questtemplate	/title	^yellow;[GiC]: Gazri - Eye of the Sun	unused-or-deprecated-asset
GiC	Galaxy_in_Conflict_contents_2754886445.pak	/quests/STORY/LEGACY/ESTHER/gic_esther_chapter_2_wud_birdhunting.questtemplate	/scriptConfig/portraits/questStarted/title	Wasteland Merchant	unused-or-deprecated-asset
GiC	Galaxy_in_Conflict_contents_2754886445.pak	/quests/STORY/LEGACY/ESTHER/gic_esther_chapter_2_wud_birdhunting.questtemplate	/scriptConfig/portraits/questComplete/title	Wasteland Merchant	unused-or-deprecated-asset
GiC	Galaxy_in_Conflict_contents_2754886445.pak	/interface/windowconfig/gic_guide_catalog.config	/paneLayout/scrollArea/children/itemList/schema/listTemplate/itemName/value	Replace Me	template-placeholder
GiC	Galaxy_in_Conflict_contents_2754886445.pak	/interface/windowconfig/gic_gazri_wastelandmerchant.config	/paneLayout/scrollArea/children/itemList/schema/listTemplate/itemName/value	Replace Me	template-placeholder
GiC	Galaxy_in_Conflict_contents_2754886445.pak	/items/AMMUNITION/LEGACY/ILWS/gic_powerpack_type_c.item	/description	Extremely potent power pack used for thousand-dollar infantry weapons. More often than not used for smaller personal weaponry.	unused-or-deprecated-asset
GiC	Galaxy_in_Conflict_contents_2754886445.pak	/items/AMMUNITION/LEGACY/ILWS/gic_powerpack_type_c.item	/shortdescription	Power Pack Type-C	unused-or-deprecated-asset
GiC	Galaxy_in_Conflict_contents_2754886445.pak	/codex/LEGACY/gic_precursor_unified5/gic_precursor_unified5.codex	/title	Precursor: Eternal Struggle [5]	unused-or-deprecated-asset
GiC	Galaxy_in_Conflict_contents_2754886445.pak	/interface/windowconfig/gic_generic_shop_notab_cook.config	/paneLayout/scrollArea/children/itemList/schema/listTemplate/itemName/value	Replace Me	template-placeholder
GiC	Galaxy_in_Conflict_contents_2754886445.pak	/monsters/LEGACY/gic_greenfingercastleguard/gic_greenfingercastleguard.monstertype	/shortdescription	[Greenfinger Castle Guard]	unused-or-deprecated-asset
GiC	Galaxy_in_Conflict_contents_2754886445.pak	/monsters/LEGACY/gic_greenfingercastleguard/gic_greenfingercastleguard.monstertype	/description	Non-boss Special	unused-or-deprecated-asset
GiC	Galaxy_in_Conflict_contents_2754886445.pak	/codex/LEGACY/NEWSPAPER/News_Watch/gic_nw_1/gic_nw_1.codex	/title	NewsWatch #1	unused-or-deprecated-asset
GiC	Galaxy_in_Conflict_contents_2754886445.pak	/codex/LEGACY/NEWSPAPER/News_Watch/gic_nw_1/gic_nw_1.codex	/description	[9th November, 2821]	unused-or-deprecated-asset
GiC	Galaxy_in_Conflict_contents_2754886445.pak	/interface/windowconfig/gic_generic_shop_notab_mousecommander.config	/paneLayout/scrollArea/children/itemList/schema/listTemplate/itemName/value	Replace Me	template-placeholder
GiC	Galaxy_in_Conflict_contents_2754886445.pak	/items/WEAPONS/LEGACY/COPSC/gic_copsc_servicerifle/gic_copsc_servicerifle.activeitem	/description	LEGACY ITEM - This is a pre-v4.0 item and you should not be seeing this unless you have an older save. This item may no longer work. Please find a post-v4.0 item equivalent for its updated code and delete this item.	unused-or-deprecated-asset
GiC	Galaxy_in_Conflict_contents_2754886445.pak	/items/WEAPONS/LEGACY/COPSC/gic_copsc_servicerifle/gic_copsc_servicerifle.activeitem	/shortdescription	[LEGACY ITEM]	unused-or-deprecated-asset
GiC	Galaxy_in_Conflict_contents_2754886445.pak	/codex/LEGACY/gic_precursor_unified1/gic_precursor_unified1.codex	/title	Precursor: My Struggle [1]	unused-or-deprecated-asset
GiC	Galaxy_in_Conflict_contents_2754886445.pak	/codex/LEGACY/MISSIONS/ESTHER/1_1_FNG/gic_ec11_enitbriefing_old.codex	/title	EC11 - Enit's Briefing	unused-or-deprecated-asset
GiC	Galaxy_in_Conflict_contents_2754886445.pak	/codex/LEGACY/MISSIONS/ESTHER/1_1_FNG/gic_ec11_enitbriefing_old.codex	/description	Esther Chapter 1-1-EB	unused-or-deprecated-asset
GiC	Galaxy_in_Conflict_contents_2754886445.pak	/codex/LEGACY/gic_frostedpropaganda/gic_frostedpropaganda.codex	/title	Frost: Order	unused-or-deprecated-asset
GiC	Galaxy_in_Conflict_contents_2754886445.pak	/interface/windowconfig/gic_bada_storymerchant.config	/paneLayout/scrollArea/children/itemList/schema/listTemplate/itemName/value	Replace Me	template-placeholder
GiC	Galaxy_in_Conflict_contents_2754886445.pak	/items/SHIELDS/LEGACY/gic_oldfloransredscutum_greatshield/gic_oldfloransredscutum_greatshield.activeitem	/description	"''Empires wither away
As heroes will blossom
But after this final crusade
We will have lost them.''

^orange;Dying Empire: Cannot parry | 100HP STABILITY | 100% DEF.^reset;"	unused-or-deprecated-asset
GiC	Galaxy_in_Conflict_contents_2754886445.pak	/items/SHIELDS/LEGACY/gic_oldfloransredscutum_greatshield/gic_oldfloransredscutum_greatshield.activeitem	/shortdescription	Old Floran's Red Scutum	unused-or-deprecated-asset
GiC	Galaxy_in_Conflict_contents_2754886445.pak	/quests/STORY/LEGACY/BOSS_RUSH/gic_chapter2_bossrush_afflicted.questtemplate	/title	^orange;Boss Rush: Afflicted	unused-or-deprecated-asset
GiC	Galaxy_in_Conflict_contents_2754886445.pak	/codex/LEGACY/MISSIONS/ESTHER/0_1_ARKBEYOND/gic_ec01_trespass.codex	/title	EC01 - Trespass	unused-or-deprecated-asset
GiC	Galaxy_in_Conflict_contents_2754886445.pak	/codex/LEGACY/MISSIONS/ESTHER/0_1_ARKBEYOND/gic_ec01_trespass.codex	/description	Esther Chapter 0-1-T	unused-or-deprecated-asset
GiC	Galaxy_in_Conflict_contents_2754886445.pak	/monsters/LEGACY/SECURITY/gic_autogunturret/gic_autogunturret_maku.monstertype	/shortdescription	Autogun Turret	unused-or-deprecated-asset
GiC	Galaxy_in_Conflict_contents_2754886445.pak	/monsters/LEGACY/SECURITY/gic_autogunturret/gic_autogunturret_maku.monstertype	/description	A security turret that uses ballistic weapons.	unused-or-deprecated-asset
GiC	Galaxy_in_Conflict_contents_2754886445.pak	/monsters/LEGACY/gic_whitewolfoftheworlds/gic_whitewolfoftheworlds.monstertype	/shortdescription	[White Wolf of the Worlds]	unused-or-deprecated-asset
GiC	Galaxy_in_Conflict_contents_2754886445.pak	/monsters/LEGACY/gic_whitewolfoftheworlds/gic_whitewolfoftheworlds.monstertype	/description	What does it mean?	unused-or-deprecated-asset
GiC	Galaxy_in_Conflict_contents_2754886445.pak	/codex/LEGACY/MISSIONS/ESTHER/0_1_ARKBEYOND/gic_ec01_containmentbreach.codex	/title	EC01 - Containment Breach	unused-or-deprecated-asset
GiC	Galaxy_in_Conflict_contents_2754886445.pak	/codex/LEGACY/MISSIONS/ESTHER/0_1_ARKBEYOND/gic_ec01_containmentbreach.codex	/description	Esther Chapter 0-1-CB	unused-or-deprecated-asset
GiC	Galaxy_in_Conflict_contents_2754886445.pak	/npcs/crew/LEGACY/gic_retainer_peacekeeper_teleportertechnician_crew.npctype	/scriptConfig/crew/interactData/title	^#52A8DD;Peacekeeper Teleporter Technician Retainer^reset;	unused-or-deprecated-asset
GiC	Galaxy_in_Conflict_contents_2754886445.pak	/npcs/crew/LEGACY/gic_retainer_peacekeeper_teleportertechnician_crew.npctype	/scriptConfig/crew/interactData/subtitle	^#E0C200;''Whether your partner or teleporter, be protected.''^reset;	unused-or-deprecated-asset
GiC	Galaxy_in_Conflict_contents_2754886445.pak	/npcs/crew/LEGACY/gic_retainer_peacekeeper_teleportertechnician_crew.npctype	/scriptConfig/crew/interactData/message	"^#E0C200;+1000HP and -500% melee resist for 10 seconds^reset; after beam-down.

^#52A8DD;Most Protectors seldom ever repair or tinker with their own teleporters, as unskilled modifications could prevent the regeneration of Protectors... or worse, if only partially successful.^reset;"	unused-or-deprecated-asset
GiC	Galaxy_in_Conflict_contents_2754886445.pak	/npcs/crew/LEGACY/gic_retainer_peacekeeper_teleportertechnician_crew.npctype	/scriptConfig/crew/role/name	Teleporter Technician	unused-or-deprecated-asset
GiC	Galaxy_in_Conflict_contents_2754886445.pak	/interface/windowconfig/WORKSTATION/gic_modmaterialconversion_workstation.config	/paneLayout/scrollArea/children/itemList/schema/listTemplate/itemName/value	Replace Me	template-placeholder
GiC	Galaxy_in_Conflict_contents_2754886445.pak	/codex/LEGACY/PROTECTORATE/RANGER/gic_protectorateranger_ecolab_2.codex	/title	^#6B88FF;Ranger - Eco Lab Transcript #2	unused-or-deprecated-asset
GiC	Galaxy_in_Conflict_contents_2754886445.pak	/codex/LEGACY/PROTECTORATE/RANGER/gic_protectorateranger_ecolab_2.codex	/description	To all those, a whistle blown.	unused-or-deprecated-asset
GiC	Galaxy_in_Conflict_contents_2754886445.pak	/items/AMMUNITION/LEGACY/MK483/gic_mk483smaw_hedp/gic_mk483smaw_hedp.item	/description	"Mk483 High-Explosive Dual-Purpose to be used in destroying bunkers, fortifications and light armor.
  
This rocket type has an immense concussive blast, dealing significant damage through walls whilst retaining its anti-tank capabilities."	unused-or-deprecated-asset
GiC	Galaxy_in_Conflict_contents_2754886445.pak	/items/AMMUNITION/LEGACY/MK483/gic_mk483smaw_hedp/gic_mk483smaw_hedp.item	/shortdescription	Mk483 HE-DP	unused-or-deprecated-asset
GiC	Galaxy_in_Conflict_contents_2754886445.pak	/behaviors/monsters/modular/actions/gic_fire.behavior	/root/children/0/children/0/children/1/children/0/parameters/windupState/value	<windupState>	behavior-tree-parameter
GiC	Galaxy_in_Conflict_contents_2754886445.pak	/behaviors/monsters/modular/actions/gic_fire.behavior	/root/children/0/children/0/children/1/children/0/parameters/skillName/value	<skillName>	behavior-tree-parameter
GiC	Galaxy_in_Conflict_contents_2754886445.pak	/behaviors/monsters/modular/actions/gic_fire.behavior	/root/children/0/children/0/children/1/children/1/child/parameters/state/value	<fireState>	behavior-tree-parameter
GiC	Galaxy_in_Conflict_contents_2754886445.pak	/behaviors/monsters/modular/actions/gic_fire.behavior	/root/children/0/children/0/children/1/children/1/child/parameters/type/value	<fireStateType>	behavior-tree-parameter
GiC	Galaxy_in_Conflict_contents_2754886445.pak	/behaviors/monsters/modular/actions/gic_fire.behavior	/root/children/0/children/0/children/1/children/2/parameters/time/value	<fireDelay>	behavior-tree-parameter
GiC	Galaxy_in_Conflict_contents_2754886445.pak	/behaviors/monsters/modular/actions/gic_fire.behavior	/root/children/0/children/0/children/1/children/4/children/1/child/children/0/child/parameters/sound/value	<fireSound>	behavior-tree-parameter
GiC	Galaxy_in_Conflict_contents_2754886445.pak	/behaviors/monsters/modular/actions/gic_fire.behavior	/root/children/0/children/0/children/1/children/4/children/1/child/children/1/child/parameters/emitter/value	<fireParticleBurst>	behavior-tree-parameter
GiC	Galaxy_in_Conflict_contents_2754886445.pak	/behaviors/monsters/modular/actions/gic_fire.behavior	/root/children/0/children/0/children/1/children/4/children/1/child/children/4/child/children/1/children/0/child/children/1/child/child/children/0/parameters/projectileName/value	<projectileType>	behavior-tree-parameter
GiC	Galaxy_in_Conflict_contents_2754886445.pak	/behaviors/monsters/modular/actions/gic_fire.behavior	/root/children/0/children/0/children/1/children/4/children/1/child/children/4/child/children/3/parameters/projectileConfig/value	<projectileParameters>	behavior-tree-parameter
GiC	Galaxy_in_Conflict_contents_2754886445.pak	/behaviors/monsters/modular/actions/gic_fire.behavior	/root/children/0/children/0/children/1/children/4/children/1/child/children/4/child/children/3/parameters/projectileType/value	<projectileType>	behavior-tree-parameter
GiC	Galaxy_in_Conflict_contents_2754886445.pak	/behaviors/monsters/modular/actions/gic_fire.behavior	/root/children/0/children/0/children/1/children/4/children/1/child/children/6/child/children/1/children/1/parameters/time/value	<projectileInterval>	behavior-tree-parameter
GiC	Galaxy_in_Conflict_contents_2754886445.pak	/behaviors/monsters/modular/actions/gic_fire.behavior	/root/children/1/parameters/winddownState/value	<winddownState>	behavior-tree-parameter
GiC	Galaxy_in_Conflict_contents_2754886445.pak	/monsters/LEGACY/ERCHIUS/gic_afflictedcarrier/gic_afflictedcarrier.monstertype	/description	Disturbingly, this wandering creature might have been a person once...	unused-or-deprecated-asset
GiC	Galaxy_in_Conflict_contents_2754886445.pak	/interface/windowconfig/gic_silence_merchant.config	/paneLayout/scrollArea/children/itemList/schema/listTemplate/itemName/value	Replace Me	template-placeholder
GiC	Galaxy_in_Conflict_contents_2754886445.pak	/monsters/LEGACY/UNITED_SYSTEMS/gic_unitan_gausshawk_fighter/gic_unitan_gausshawk_fighter_birdhunting.monstertype	/description	Protectorate Beluga Fighter	unused-or-deprecated-asset
GiC	Galaxy_in_Conflict_contents_2754886445.pak	/quests/UNUSED/gic_eventhubworld.questtemplate	/title	^green;Bulletarium	unused-or-deprecated-asset
GiC	Galaxy_in_Conflict_contents_2754886445.pak	/items/SHIELDS/LEGACY/gic_ovalscutum_greatshield/gic_ovalscutum_greatshield.activeitem	/description	"A massive oval scutum that can be aimed to provide cover against primitive missiles such as javelins, arrows, and sling-stones. The first depictions of the scutum were by the Este culture in the 8th century BC, and subsequently spread to the Etruscans, Illyrians, Celts, and Italians.

^orange;Attacking Testudo: Can be aimed | 100HP STABILITY | 95% DEF.^white;"	unused-or-deprecated-asset
GiC	Galaxy_in_Conflict_contents_2754886445.pak	/items/SHIELDS/LEGACY/gic_ovalscutum_greatshield/gic_ovalscutum_greatshield.activeitem	/shortdescription	Primitive Oval Scutum	unused-or-deprecated-asset
GiC	Galaxy_in_Conflict_contents_2754886445.pak	/items/SHIELDS/LEGACY/gic_oldsynthguard_shield/gic_oldsynthguard_shield.activeitem	/description	"''I was created for one purpose: Peace. I was instructed for one purpose: Peace. I was assigned for one purpose: War.''

An older-model energy shield that still used metal frames to contain a hardlight 'wall'. Rusted beyond repair, it's a wonder this item wasn't already scrapped.

^#D6DFFF;Rusting Hulks: 0.45s PARRY WINDOW | 0.25s COOLDOWN.^white;"	unused-or-deprecated-asset
GiC	Galaxy_in_Conflict_contents_2754886445.pak	/items/SHIELDS/LEGACY/gic_oldsynthguard_shield/gic_oldsynthguard_shield.activeitem	/shortdescription	Old Synth Guard Shield	unused-or-deprecated-asset
GiC	Galaxy_in_Conflict_contents_2754886445.pak	/monsters/LEGACY/gic_otherworld_dynasty_machinegun_turret/gic_otherworld_dynasty_machinegun_turret.monstertype	/shortdescription	AA Autocannon	unused-or-deprecated-asset
GiC	Galaxy_in_Conflict_contents_2754886445.pak	/monsters/LEGACY/gic_otherworld_dynasty_machinegun_turret/gic_otherworld_dynasty_machinegun_turret.monstertype	/description	4-barreled manned Autocannon.	unused-or-deprecated-asset
GiC	Galaxy_in_Conflict_contents_2754886445.pak	/monsters/LEGACY/UNITED_SYSTEMS/gic_unitan_airborne_astraldiverengineer/gic_unitan_airborne_astraldiverengineer_standard.monstertype	/shortdescription	[Astral Diver Engineer Standard]	unused-or-deprecated-asset
GiC	Galaxy_in_Conflict_contents_2754886445.pak	/monsters/LEGACY/UNITED_SYSTEMS/gic_unitan_airborne_astraldiverengineer/gic_unitan_airborne_astraldiverengineer_standard.monstertype	/description	Some sort of anomaly. Reacts violently.	unused-or-deprecated-asset
GiC	Galaxy_in_Conflict_contents_2754886445.pak	/items/WEAPONS/LEGACY/gic_ccr71/gic_ccr71.activeitem	/description	LEGACY ITEM - This is a pre-v4.0 item and you should not be seeing this unless you have an older save. This item may no longer work. Please find a post-v4.0 item equivalent for its updated code and delete this item.	unused-or-deprecated-asset
GiC	Galaxy_in_Conflict_contents_2754886445.pak	/items/WEAPONS/LEGACY/gic_ccr71/gic_ccr71.activeitem	/shortdescription	[LEGACY ITEM]	unused-or-deprecated-asset
GiC	Galaxy_in_Conflict_contents_2754886445.pak	/items/WEAPONS/LEGACY/ANCIENT_LEGACY/SYBER/gic_syberm14/gic_syberm14.activeitem	/description	Heavy armament for Syber Troops.	unused-or-deprecated-asset
GiC	Galaxy_in_Conflict_contents_2754886445.pak	/items/WEAPONS/LEGACY/ANCIENT_LEGACY/SYBER/gic_syberm14/gic_syberm14.activeitem	/shortdescription	Syber I.L.W.S	unused-or-deprecated-asset
GiC	Galaxy_in_Conflict_contents_2754886445.pak	/interface/windowconfig/gic_generic_shop_notab.config	/paneLayout/scrollArea/children/itemList/schema/listTemplate/itemName/value	Replace Me	template-placeholder
GiC	Galaxy_in_Conflict_contents_2754886445.pak	/npcs/UNUSED/MERCHANT/gic_militarycolonygundealer.npctype	/scriptConfig/merchant/paneLayoutOverride/windowtitle/title	  Colony Military Dealer	unused-or-deprecated-asset
GiC	Galaxy_in_Conflict_contents_2754886445.pak	/npcs/UNUSED/MERCHANT/gic_militarycolonygundealer.npctype	/scriptConfig/merchant/paneLayoutOverride/windowtitle/subtitle	  Deals military weaponry.	unused-or-deprecated-asset
GiC	Galaxy_in_Conflict_contents_2754886445.pak	/codex/LEGACY/gic_turretsweaponscatalogue/gic_turretsweaponscatalogue.codex	/title	Ship Turrets Catalogue	unused-or-deprecated-asset
GiC	Galaxy_in_Conflict_contents_2754886445.pak	/codex/LEGACY/MISSIONS/ESTHER/0_1_ARKBEYOND/gic_ec01_sealed.codex	/title	EC01 - Sealed	unused-or-deprecated-asset
GiC	Galaxy_in_Conflict_contents_2754886445.pak	/codex/LEGACY/MISSIONS/ESTHER/0_1_ARKBEYOND/gic_ec01_sealed.codex	/description	Esther Chapter 0-1-S	unused-or-deprecated-asset
GiC	Galaxy_in_Conflict_contents_2754886445.pak	/monsters/LEGACY/ERCHIUS/gic_afflicted_stoneknight/gic_afflicted_stoneknight_playersummon.monstertype	/shortdescription	[Afflicted Stone Knight Summon]	unused-or-deprecated-asset
GiC	Galaxy_in_Conflict_contents_2754886445.pak	/monsters/LEGACY/ERCHIUS/gic_afflicted_stoneknight/gic_afflicted_stoneknight_playersummon.monstertype	/description	Knights of old.	unused-or-deprecated-asset
GiC	Galaxy_in_Conflict_contents_2754886445.pak	/monsters/LEGACY/FLORAN/gic_floran_musketeer/gic_floran_musketeer.monstertype	/shortdescription	[Floran Musketeer]	unused-or-deprecated-asset
GiC	Galaxy_in_Conflict_contents_2754886445.pak	/monsters/LEGACY/FLORAN/gic_floran_musketeer/gic_floran_musketeer.monstertype	/description	Age of Fire.	unused-or-deprecated-asset
GiC	Galaxy_in_Conflict_contents_2754886445.pak	/monsters/LEGACY/FLORAN/gic_floran_yariashigaru/gic_floran_yariashigaru.monstertype	/shortdescription	[Floran Yari Ashigaru]	unused-or-deprecated-asset
GiC	Galaxy_in_Conflict_contents_2754886445.pak	/monsters/LEGACY/FLORAN/gic_floran_yariashigaru/gic_floran_yariashigaru.monstertype	/description	Knights of old.	unused-or-deprecated-asset
GiC	Galaxy_in_Conflict_contents_2754886445.pak	/items/WEAPONS/LEGACY/ANCIENT_LEGACY/gic_mr42/gic_mr42.activeitem	/description	"''I've always been curious about why one man jumps out of a foxhole with a grenade and charges a machine gun nest, and his buddy next to him sits there cowering. And my feeling is that the difference is tiny between the two.''
  
Uses the unique MR-42 7.92x57mm Magazine.

^green;Hold down ""Alt Fire"" to switch between Full Auto and Semi-Auto.^reset;"	unused-or-deprecated-asset
GiC	Galaxy_in_Conflict_contents_2754886445.pak	/items/WEAPONS/LEGACY/ANCIENT_LEGACY/gic_mr42/gic_mr42.activeitem	/shortdescription	Marksman Rifle 42	unused-or-deprecated-asset
GiC	Galaxy_in_Conflict_contents_2754886445.pak	/items/MATERIALS/OLD/gic_advancedstunspear_stick/gic_advancedstunspear_stick.item	/description	The stick from an advanced stun spear. Can be connected with Mule Shock Grenades to reform a spear.	unused-or-deprecated-asset
GiC	Galaxy_in_Conflict_contents_2754886445.pak	/items/MATERIALS/OLD/gic_advancedstunspear_stick/gic_advancedstunspear_stick.item	/shortdescription	Advanced Stun Spear Stick	unused-or-deprecated-asset
GiC	Galaxy_in_Conflict_contents_2754886445.pak	/codex/LEGACY/CIVILIAN/gic_bountyhunting/gic_bountyhunting.codex	/title	Bounty Hunting	unused-or-deprecated-asset
GiC	Galaxy_in_Conflict_contents_2754886445.pak	/codex/LEGACY/CIVILIAN/gic_bountyhunting/gic_bountyhunting.codex	/description	It's a complicated profession...	unused-or-deprecated-asset
GiC	Galaxy_in_Conflict_contents_2754886445.pak	/monsters/LEGACY/gic_greenfingertruedaimyo/gic_greenfingeracclaimeddaimyo_bossrush.monstertype	/shortdescription	[Last Man Standing]	unused-or-deprecated-asset
GiC	Galaxy_in_Conflict_contents_2754886445.pak	/monsters/LEGACY/gic_greenfingertruedaimyo/gic_greenfingeracclaimeddaimyo_bossrush.monstertype	/description	Last of their kind.	unused-or-deprecated-asset
GiC	Galaxy_in_Conflict_contents_2754886445.pak	/items/AMMUNITION/LEGACY/RG8/gic_rg8_heat_rocket.item	/description	"Single-stage High-Explosive Anti-Tank rocket munition.
  
A reliable workhorse, this type of rocket will rarely ever let you down with its decent anti-tank capabilities and effective fragmentation, making it suitable for almost any long-ranged situation. At least, any situation against infantry."	unused-or-deprecated-asset
GiC	Galaxy_in_Conflict_contents_2754886445.pak	/items/AMMUNITION/LEGACY/RG8/gic_rg8_heat_rocket.item	/shortdescription	RPG-7 HEAT	unused-or-deprecated-asset
GiC	Galaxy_in_Conflict_contents_2754886445.pak	/monsters/CRUSADE/LEGACY/gic_crusader_knight/gic_crusader_knight_playersummon.monstertype	/shortdescription	[Crusader Knight]	unused-or-deprecated-asset
GiC	Galaxy_in_Conflict_contents_2754886445.pak	/monsters/CRUSADE/LEGACY/gic_crusader_knight/gic_crusader_knight_playersummon.monstertype	/description	Knights of old.	unused-or-deprecated-asset
GiC	Galaxy_in_Conflict_contents_2754886445.pak	/interface/windowconfig/gic_humanclothesshop_standardsection_tradeterminal.config	/paneLayout/scrollArea/children/itemList/schema/listTemplate/itemName/value	Replace Me	template-placeholder
GiC	Galaxy_in_Conflict_contents_2754886445.pak	/objects/unused/USSR/gic_ussrsign/gic_ussrsign.object	/apexDescription	I learnt about them. They were apparently trying to make everyone equal.	unused-or-deprecated-asset
GiC	Galaxy_in_Conflict_contents_2754886445.pak	/objects/unused/USSR/gic_ussrsign/gic_ussrsign.object	/avianDescription	This area clearly had a military presence.	unused-or-deprecated-asset
GiC	Galaxy_in_Conflict_contents_2754886445.pak	/objects/unused/USSR/gic_ussrsign/gic_ussrsign.object	/floranDescription	Ssstupid, ssign. Need to be more sssneaky.	unused-or-deprecated-asset
GiC	Galaxy_in_Conflict_contents_2754886445.pak	/objects/unused/USSR/gic_ussrsign/gic_ussrsign.object	/glitchDescription	Curious. I have not heard of such group.	unused-or-deprecated-asset
GiC	Galaxy_in_Conflict_contents_2754886445.pak	/objects/unused/USSR/gic_ussrsign/gic_ussrsign.object	/humanDescription	They're not even trying.	unused-or-deprecated-asset
GiC	Galaxy_in_Conflict_contents_2754886445.pak	/objects/unused/USSR/gic_ussrsign/gic_ussrsign.object	/hylotlDescription	This sign looks awfully familiar to another human military group.	unused-or-deprecated-asset
GiC	Galaxy_in_Conflict_contents_2754886445.pak	/objects/unused/USSR/gic_ussrsign/gic_ussrsign.object	/novakidDescription	I don't know who this group is and I don't care.	unused-or-deprecated-asset
GiC	Galaxy_in_Conflict_contents_2754886445.pak	/interface/windowconfig/gic_blackmarket_undercolony.config	/paneLayout/scrollArea/children/itemList/schema/listTemplate/itemName/value	Replace Me	template-placeholder
GiC	Galaxy_in_Conflict_contents_2754886445.pak	/codex/LEGACY/Global_Earth_News/gic_gen_4/gic_gen_4.codex	/title	Earth Newspaper Headline #4	unused-or-deprecated-asset
GiC	Galaxy_in_Conflict_contents_2754886445.pak	/npcs/UNUSED/TRADE/gic_militarytrader.npctype	/scriptConfig/merchant/paneLayoutOverride/windowtitle/title	  Redyan Dealer	unused-or-deprecated-asset
GiC	Galaxy_in_Conflict_contents_2754886445.pak	/npcs/UNUSED/TRADE/gic_militarytrader.npctype	/scriptConfig/merchant/paneLayoutOverride/windowtitle/subtitle	  Deals military supplies.	unused-or-deprecated-asset
GiC	Galaxy_in_Conflict_contents_2754886445.pak	/monsters/BRIGHT/LEGACY/gic_grandarchives_candlescholar/gic_grandarchives_candlescholar.monstertype	/shortdescription	[Grand Archives Scholar]	unused-or-deprecated-asset
GiC	Galaxy_in_Conflict_contents_2754886445.pak	/monsters/BRIGHT/LEGACY/gic_grandarchives_candlescholar/gic_grandarchives_candlescholar.monstertype	/description	Knights of old.	unused-or-deprecated-asset
GiC	Galaxy_in_Conflict_contents_2754886445.pak	/codex/LEGACY/CIVILIAN/gic_requestingdocking/gic_requestingdocking.codex	/title	Human-space Docking Protocol	unused-or-deprecated-asset
GiC	Galaxy_in_Conflict_contents_2754886445.pak	/codex/LEGACY/CIVILIAN/gic_requestingdocking/gic_requestingdocking.codex	/description	Steps on docking at human-controlled colonies or stations.	unused-or-deprecated-asset
GiC	Galaxy_in_Conflict_contents_2754886445.pak	/codex/LEGACY/gic_unitedsystems_guardiansofhumanity/gic_unitedsystems_guardiansofhumanity.codex	/title	US - Guardians of Humanity	unused-or-deprecated-asset
GiC	Galaxy_in_Conflict_contents_2754886445.pak	/codex/LEGACY/PROTECTORATE/gic_protectorate_homeiswheretheheartis/gic_protectorate_homeiswheretheheartis.codex	/title	Protectorate - Home is where the Heart is	unused-or-deprecated-asset
GiC	Galaxy_in_Conflict_contents_2754886445.pak	/codex/LEGACY/PROTECTORATE/gic_protectorate_homeiswheretheheartis/gic_protectorate_homeiswheretheheartis.codex	/description	Surviving records of a Grand Protector's speech.	unused-or-deprecated-asset
GiC	Galaxy_in_Conflict_contents_2754886445.pak	/quests/UNUSED/gic_fantesar_arena.questtemplate	/title	^green;Fantesar Arena	unused-or-deprecated-asset
GiC	Galaxy_in_Conflict_contents_2754886445.pak	/interface/windowconfig/gic_nightbird_izakaya_storymerchant.config	/paneLayout/scrollArea/children/itemList/schema/listTemplate/itemName/value	Replace Me	template-placeholder
GiC	Galaxy_in_Conflict_contents_2754886445.pak	/items/UNUSED/RESEARCH/gic_livingerchiussample/gic_livingerchiussample.item	/description	A sample of neurologically-active solid Erchius crystal separated from the main cluster. For corporate entities, these are treasured samples which have major implications on technological development. For the victims of a mass-affliction, it is a testament to their stalwart and hardy nature against any invader. Can also be used to fully refuel starships.	unused-or-deprecated-asset
GiC	Galaxy_in_Conflict_contents_2754886445.pak	/items/UNUSED/RESEARCH/gic_livingerchiussample/gic_livingerchiussample.item	/shortdescription	Living Erchius Sample	unused-or-deprecated-asset
GiC	Galaxy_in_Conflict_contents_2754886445.pak	/monsters/LEGACY/gic_erchius_bannerbearer/gic_erchius_bannerbearer_original.monstertype	/shortdescription	[Legion]	unused-or-deprecated-asset
GiC	Galaxy_in_Conflict_contents_2754886445.pak	/monsters/LEGACY/gic_erchius_bannerbearer/gic_erchius_bannerbearer_original.monstertype	/description	Knights of old.	unused-or-deprecated-asset
GiC	Galaxy_in_Conflict_contents_2754886445.pak	/items/UNUSED/RESEARCH/gic_pericarpyx_sample/gic_pericarpyx_sample.item	/description	Dormant samples of Pericarpyx, a conventional parasitic organism that is not a lithoid. As such, it does not naturally occur during Erchius infestations, but can instigate one. That's why there are rumors that slave revolts in Letheia Mining Colonies do not exist (for long): Someone engineered this organism ''to make accidents happen''. It denotes an artificial split in the Erchius evolutionary line, utterly incapable of interfacing with a gestalt Erchius or hiveminds.	unused-or-deprecated-asset
GiC	Galaxy_in_Conflict_contents_2754886445.pak	/items/UNUSED/RESEARCH/gic_pericarpyx_sample/gic_pericarpyx_sample.item	/shortdescription	Pericarpyx Sample	unused-or-deprecated-asset
GiC	Galaxy_in_Conflict_contents_2754886445.pak	/monsters/LEGACY/MEGA_LEGACY/gic_otherworld_noblevampire/gic_otherworld_noblevampire.monstertype	/shortdescription	[Noble Vampire]	unused-or-deprecated-asset
GiC	Galaxy_in_Conflict_contents_2754886445.pak	/monsters/LEGACY/BLOOD_YOUKAI/gic_bloodyoukai_airborne_riflewoman/gic_bloodyoukai_airborne_riflewoman.monstertype	/shortdescription	Blood Youkai Rifle-Woman	unused-or-deprecated-asset
GiC	Galaxy_in_Conflict_contents_2754886445.pak	/monsters/LEGACY/BLOOD_YOUKAI/gic_bloodyoukai_airborne_riflewoman/gic_bloodyoukai_airborne_riflewoman.monstertype	/description	The skin appears to be made of stone.	unused-or-deprecated-asset
GiC	Galaxy_in_Conflict_contents_2754886445.pak	/monsters/LEGACY/MEGA_LEGACY/gic_ghosttrain/gic_ghosttrain.monstertype	/shortdescription	[Poyizd]	unused-or-deprecated-asset
GiC	Galaxy_in_Conflict_contents_2754886445.pak	/monsters/LEGACY/MEGA_LEGACY/gic_ghosttrain/gic_ghosttrain.monstertype	/description	A literal ghost train.	unused-or-deprecated-asset
GiC	Galaxy_in_Conflict_contents_2754886445.pak	/monsters/LEGACY/gic_greenfingerspeargeneral/gic_greenfingerspeargeneral.monstertype	/shortdescription	[Nagai Yoshitatsu, Spear General]	unused-or-deprecated-asset
GiC	Galaxy_in_Conflict_contents_2754886445.pak	/monsters/LEGACY/gic_greenfingerspeargeneral/gic_greenfingerspeargeneral.monstertype	/description	Last of their kind.	unused-or-deprecated-asset
GiC	Galaxy_in_Conflict_contents_2754886445.pak	/codex/LEGACY/PROTECTORATE/RANGER/gic_protectorateranger_ecolab_3.codex	/title	^#6B88FF;Observer - Eco Lab Transcript #3	unused-or-deprecated-asset
GiC	Galaxy_in_Conflict_contents_2754886445.pak	/codex/LEGACY/PROTECTORATE/RANGER/gic_protectorateranger_ecolab_3.codex	/description	To all those, a whistle blown.	unused-or-deprecated-asset
GiC	Galaxy_in_Conflict_contents_2754886445.pak	/quests/STORY/LEGACY/ESTHER/gic_esther_chapter_0_2_armsofgazring.questtemplate	/title	^yellow;[GiC]: Chapter 0 - Arms of Gazring	unused-or-deprecated-asset
GiC	Galaxy_in_Conflict_contents_2754886445.pak	/items/UNUSED/RESEARCH/gic_ixolingbiofuel/gic_ixolingbiofuel.item	/description	A highly-concentrated solid mass of ship-compatible fuel. When the Greenfingers couldn't offer anything of their substandard societies to their benefactors, they had to make-do with precious fossilized Ixolings whose bodies had remained in the ground for centuries. Fuel value: 1000u.	unused-or-deprecated-asset
GiC	Galaxy_in_Conflict_contents_2754886445.pak	/items/UNUSED/RESEARCH/gic_ixolingbiofuel/gic_ixolingbiofuel.item	/shortdescription	Ixoling Bio-Fuel	unused-or-deprecated-asset
GiC	Galaxy_in_Conflict_contents_2754886445.pak	/interface/windowconfig/gic_crypt_ratking.config	/paneLayout/scrollArea/children/itemList/schema/listTemplate/itemName/value	Replace Me	template-placeholder
GiC	Galaxy_in_Conflict_contents_2754886445.pak	/items/WEAPONS/LEGACY/gic_usm47a2/gic_usm47a2.activeitem	/description	"''Empty though the space may be, there are a great many dangers between the stars. What makes these threats most dangerous is that they are few and far between, thus lulling the unwary traveler into complacency.''
  
Uses 7.62x39mm STANAG-USM Mags. Most models were built after 2659, marking the end of Floran invasions in human space.

^green;Hold down ""Alt Fire"" to switch between Full Auto and Semi-Auto.^reset;"	unused-or-deprecated-asset
GiC	Galaxy_in_Conflict_contents_2754886445.pak	/interface/windowconfig/teleportdialog_gic_original.config	/paneLayout/bookmarkList/children/bookmarkItemList/schema/listTemplate/name/value	Bookmark Name	template-placeholder
GiC	Galaxy_in_Conflict_contents_2754886445.pak	/items/WEAPONS/LEGACY/DEPRECATED_SPECIAL/gic_wolfknightsrepeatingcrossbow/gic_wolfknightsrepeatingcrossbow.activeitem	/description	"''Is that... my blood?''

The weapon is extraordinarily old and rusted with blood, degrading rapidly with each shot.

^green;Double-Tap [SHIFT] to reload.^reset;
^#D6AF8B;Can only use Wooden Bolts.^reset;"	unused-or-deprecated-asset
GiC	Galaxy_in_Conflict_contents_2754886445.pak	/items/WEAPONS/LEGACY/DEPRECATED_SPECIAL/gic_wolfknightsrepeatingcrossbow/gic_wolfknightsrepeatingcrossbow.activeitem	/shortdescription	Wolf-Knight's Repeating Crossbow	unused-or-deprecated-asset
GiC	Galaxy_in_Conflict_contents_2754886445.pak	/interface/windowconfig/gic_kogasatatara_blacksmith.config	/paneLayout/scrollArea/children/itemList/schema/listTemplate/itemName/value	Replace Me	template-placeholder
GiC	Galaxy_in_Conflict_contents_2754886445.pak	/items/WEAPONS/LEGACY/gic_usm47p/gic_usm47p_onehanded.activeitem	/description	"''We're all sent here to kill Florans weren't we? What the hell difference does it make, what weapon we use!? I'll use my goddamned hands if I have to.''
  
A stripped-down and shortened version of the USM47. At the onset of the Floran Invasions, only a handful of colonies were properly-equipped to fight a war.

^green;Double-Tap [SHIFT] to switch to a comfortable two-handed grip.^reset;"	unused-or-deprecated-asset
GiC	Galaxy_in_Conflict_contents_2754886445.pak	/items/WEAPONS/LEGACY/gic_usm47p/gic_usm47p_onehanded.activeitem	/shortdescription	USM47P (One-Handed)	unused-or-deprecated-asset
GiC	Galaxy_in_Conflict_contents_2754886445.pak	/codex/LEGACY/TUTORIAL/gic_tutorial_storylines/gic_tutorial_storylines.codex	/title	Tutorial: Storylines	unused-or-deprecated-asset
GiC	Galaxy_in_Conflict_contents_2754886445.pak	/npcs/crew/LEGACY/gic_turncoat_sika_copilot_crew.npctype	/scriptConfig/crew/role/name	Sika WSO Copilot	unused-or-deprecated-asset
GiC	Galaxy_in_Conflict_contents_2754886445.pak	/vehicles/LEGACY/gic_sika_helicopter_urbanwarfare/gic_sika_helicopter_urbanwarfare.vehicle	/repairTextConfig/actionOnReap/0/specification/text	^green;+100 HP^reset;	unused-or-deprecated-asset
GiC	Galaxy_in_Conflict_contents_2754886445.pak	/items/MATERIALS/OLD/gic_smallscope/gic_smallscope.item	/description	A small scope for medium-range encounters.	unused-or-deprecated-asset
GiC	Galaxy_in_Conflict_contents_2754886445.pak	/items/MATERIALS/OLD/gic_smallscope/gic_smallscope.item	/shortdescription	Small Scope	unused-or-deprecated-asset
GiC	Galaxy_in_Conflict_contents_2754886445.pak	/codex/LEGACY/gic_illegalcommodities/gic_illegalcommodities.codex	/title	Illegal Commodities	unused-or-deprecated-asset
GiC	Galaxy_in_Conflict_contents_2754886445.pak	/items/WEAPONS/LEGACY/gic_g218/gic_g218.activeitem	/description	LEGACY ITEM - This is a pre-v4.0 item and you should not be seeing this unless you have an older save. This item may no longer work. Please find a post-v4.0 item equivalent for its updated code and delete this item.	unused-or-deprecated-asset
GiC	Galaxy_in_Conflict_contents_2754886445.pak	/items/WEAPONS/LEGACY/gic_g218/gic_g218.activeitem	/shortdescription	[LEGACY ITEM]	unused-or-deprecated-asset
GiC	Galaxy_in_Conflict_contents_2754886445.pak	/interface/warping/LEGACY/gic_powerplantdestruction_4_5.config	/destinations/0/name	Path: Ship Escape	unused-or-deprecated-asset
GiC	Galaxy_in_Conflict_contents_2754886445.pak	/items/WEAPONS/LEGACY/ANCIENT_LEGACY/HISTORICAL/SCAR/gic_scar18/gic_scar18_npc.activeitem	/description	^green;12.7mm^white; Battle Rifle favoured for overall stopping power.	unused-or-deprecated-asset
GiC	Galaxy_in_Conflict_contents_2754886445.pak	/items/WEAPONS/LEGACY/ANCIENT_LEGACY/HISTORICAL/SCAR/gic_scar18/gic_scar18_npc.activeitem	/shortdescription	SCAR-18 Battle Rifle (NPC)	unused-or-deprecated-asset
GiC	Galaxy_in_Conflict_contents_2754886445.pak	/items/WEAPONS/LEGACY/gic_travelerchainpistol/gic_travelerchainpistol.activeitem	/description	LEGACY ITEM - This is a pre-v4.0 item and you should not be seeing this unless you have an older save. This item may no longer work. Please find a post-v4.0 item equivalent for its updated code and delete this item.	unused-or-deprecated-asset
GiC	Galaxy_in_Conflict_contents_2754886445.pak	/items/WEAPONS/LEGACY/gic_travelerchainpistol/gic_travelerchainpistol.activeitem	/shortdescription	[LEGACY ITEM]	unused-or-deprecated-asset
GiC	Galaxy_in_Conflict_contents_2754886445.pak	/monsters/LEGACY/gic_excultist/gic_excultist.monstertype	/shortdescription	[Lawrence Royston, Shellseeker]	unused-or-deprecated-asset
GiC	Galaxy_in_Conflict_contents_2754886445.pak	/monsters/LEGACY/gic_excultist/gic_excultist.monstertype	/description	What does it mean?	unused-or-deprecated-asset
GiC	Galaxy_in_Conflict_contents_2754886445.pak	/codex/LEGACY/gic_frosteddontlosehope/gic_frosteddontlosehope.codex	/title	Frost: Hope	unused-or-deprecated-asset
GiC	Galaxy_in_Conflict_contents_2754886445.pak	/codex/LEGACY/gic_manual_hoverbike_excultist/gic_manual_hoverbike_excultist.codex	/title	Unstable Reality	unused-or-deprecated-asset
GiC	Galaxy_in_Conflict_contents_2754886445.pak	/codex/LEGACY/gic_manual_hoverbike_excultist/gic_manual_hoverbike_excultist.codex	/description	STOP AND READ.	unused-or-deprecated-asset
GiC	Galaxy_in_Conflict_contents_2754886445.pak	/interface/windowconfig/gic_production_workbench.config	/paneLayout/scrollArea/children/itemList/schema/listTemplate/itemName/value	Replace Me	template-placeholder
GiC	Galaxy_in_Conflict_contents_2754886445.pak	/interface/windowconfig/COOKING/gic_cooking.config	/paneLayout/scrollArea/children/itemList/schema/listTemplate/itemName/value	Replace Me	template-placeholder
GiC	Galaxy_in_Conflict_contents_2754886445.pak	/items/WEAPONS/LEGACY/gic_usm12/gic_usm12.activeitem	/description	LEGACY ITEM - This is a pre-v4.0 item and you should not be seeing this unless you have an older save. This item may no longer work. Please find a post-v4.0 item equivalent for its updated code and delete this item.	unused-or-deprecated-asset
GiC	Galaxy_in_Conflict_contents_2754886445.pak	/items/WEAPONS/LEGACY/gic_usm12/gic_usm12.activeitem	/shortdescription	[LEGACY ITEM]	unused-or-deprecated-asset
GiC	Galaxy_in_Conflict_contents_2754886445.pak	/npcs/UNUSED/TRADE/gic_refinerydealer.npctype	/scriptConfig/guiConfig/gui/windowtitle/title	Refinery Dealer	unused-or-deprecated-asset
GiC	Galaxy_in_Conflict_contents_2754886445.pak	/npcs/UNUSED/TRADE/gic_refinerydealer.npctype	/scriptConfig/guiConfig/gui/windowtitle/subtitle	Refines Minerals into usable metals.	unused-or-deprecated-asset
GiC	Galaxy_in_Conflict_contents_2754886445.pak	/codex/LEGACY/PRISON/gic_abandonedcolonialprison_canteensecurityfootage/gic_abandonedcolonialprison_canteensecurityfootage.codex	/title	Canteen Security Footage	unused-or-deprecated-asset
GiC	Galaxy_in_Conflict_contents_2754886445.pak	/items/WEAPONS/LEGACY/ANCIENT_LEGACY/gic_crusader_longbow/gic_crusader_longbow.activeitem	/description	"''An arrow does not hate its target.''
  
^red;Energy Systems Overload: Energy regeneration is crippled whilst the bow is equipped.^reset;

^yellow;Fire Arrows: Regular shots coat afflicted targets in oil | Charged shots that are not overcharged apply ignition to oil granting heightened fire burning on oil-coated targets, but do not coat targets in oil.^reset;"	unused-or-deprecated-asset
GiC	Galaxy_in_Conflict_contents_2754886445.pak	/items/WEAPONS/LEGACY/ANCIENT_LEGACY/gic_crusader_longbow/gic_crusader_longbow.activeitem	/shortdescription	Champion's Warbow	unused-or-deprecated-asset
GiC	Galaxy_in_Conflict_contents_2754886445.pak	/interface/windowconfig/LEGACY/gic_tradeterminal_economyflow.config	/paneLayout/windowtitle/subtitle	  Make sharp things.	unused-or-deprecated-asset
GiC	Galaxy_in_Conflict_contents_2754886445.pak	/interface/windowconfig/LEGACY/gic_tradeterminal_economyflow.config	/paneLayout/lblSchematics/value	^#b9b5b2;STOCK	unused-or-deprecated-asset
GiC	Galaxy_in_Conflict_contents_2754886445.pak	/interface/windowconfig/LEGACY/gic_tradeterminal_economyflow.config	/paneLayout/lblProducttitle/value	^#b9b5b2;PRODUCT	unused-or-deprecated-asset
GiC	Galaxy_in_Conflict_contents_2754886445.pak	/interface/windowconfig/LEGACY/gic_tradeterminal_economyflow.config	/paneLayout/lblProduct/value	MATERIALS AVAILABLE	unused-or-deprecated-asset
GiC	Galaxy_in_Conflict_contents_2754886445.pak	/interface/windowconfig/LEGACY/gic_tradeterminal_economyflow.config	/paneLayout/scrollArea/children/itemList/schema/listTemplate/itemName/value	Replace Me	unused-or-deprecated-asset
GiC	Galaxy_in_Conflict_contents_2754886445.pak	/items/SHIELDS/LEGACY/gic_unitan_compositebucklershield/gic_unitan_compositebucklershield.activeitem	/description	"-blank-

^yellow;Martial Warfare: 1.5 second perfect block time.^white;
^yellow;All or Nothing: 5hp blocking power.^white;"	unused-or-deprecated-asset
GiC	Galaxy_in_Conflict_contents_2754886445.pak	/items/SHIELDS/LEGACY/gic_unitan_compositebucklershield/gic_unitan_compositebucklershield.activeitem	/shortdescription	Unitan Composite Buckler	unused-or-deprecated-asset
GiC	Galaxy_in_Conflict_contents_2754886445.pak	/monsters/LEGACY/FLORAN/gic_floran_swordmaster/gic_floran_swordmaster.monstertype	/shortdescription	[Sword Master]	unused-or-deprecated-asset
GiC	Galaxy_in_Conflict_contents_2754886445.pak	/monsters/LEGACY/FLORAN/gic_floran_swordmaster/gic_floran_swordmaster.monstertype	/description	Ringed Knight moment.	unused-or-deprecated-asset
GiC	Galaxy_in_Conflict_contents_2754886445.pak	/codex/LEGACY/PROTECTORATE/COASTLINE/gic_wildlands_coastline_house_1.codex	/title	^#6B88FF;RE: Receipt for Lab Supplies	unused-or-deprecated-asset
GiC	Galaxy_in_Conflict_contents_2754886445.pak	/codex/LEGACY/PROTECTORATE/COASTLINE/gic_wildlands_coastline_house_1.codex	/description	A forwarded email...	unused-or-deprecated-asset
GiC	Galaxy_in_Conflict_contents_2754886445.pak	/behaviors/npc/gic_guard.behavior	/root/children/0/title	Tenant Baseline Behavior	behavior-tree-parameter
GiC	Galaxy_in_Conflict_contents_2754886445.pak	/behaviors/npc/gic_guard.behavior	/root/children/0/name	Tenant Baseline Behavior	behavior-tree-parameter
GiC	Galaxy_in_Conflict_contents_2754886445.pak	/behaviors/npc/gic_guard.behavior	/root/children/4/title	NPC Idle	behavior-tree-parameter
GiC	Galaxy_in_Conflict_contents_2754886445.pak	/behaviors/npc/gic_guard.behavior	/root/children/4/name	NPC Idle	behavior-tree-parameter
GiC	Galaxy_in_Conflict_contents_2754886445.pak	/monsters/LEGACY/ERCHIUS/gic_erchius_crystalsentinel/gic_erchius_crystalsentinel.monstertype	/shortdescription	Erchius Crystal Sentinel	unused-or-deprecated-asset
GiC	Galaxy_in_Conflict_contents_2754886445.pak	/monsters/LEGACY/ERCHIUS/gic_erchius_crystalsentinel/gic_erchius_crystalsentinel.monstertype	/description	Some sort of living rock.	unused-or-deprecated-asset
GiC	Galaxy_in_Conflict_contents_2754886445.pak	/items/UNUSED/REMNANTS/gic_remnant_greenfingerdaimyo.item	/description	"A flickering remnant of the Greenfinger Daimyo, a man who built an empire from ash.
The Daimyo poured everything into building a new Drufloran society built upon the ashes of an alien regime that died centuries ago. Learning from what little human curios still remained within their tribal archives, the Daimyo worked to accelerate his people in a new path; a direction that would not not be prone to the failings of the old ways.
^#FFE460;Trade at a Soulsmith to transform into something greater.^reset;"	unused-or-deprecated-asset
GiC	Galaxy_in_Conflict_contents_2754886445.pak	/items/UNUSED/REMNANTS/gic_remnant_greenfingerdaimyo.item	/shortdescription	Remnant of the Greenfinger Daimyo	unused-or-deprecated-asset
GiC	Galaxy_in_Conflict_contents_2754886445.pak	/items/WEAPONS/LEGACY/gic_uscm4/gic_uscm4.activeitem	/description	LEGACY ITEM - This is a pre-v4.0 item and you should not be seeing this unless you have an older save. This item may no longer work. Please find a post-v4.0 item equivalent for its updated code and delete this item.	unused-or-deprecated-asset
GiC	Galaxy_in_Conflict_contents_2754886445.pak	/items/WEAPONS/LEGACY/gic_uscm4/gic_uscm4.activeitem	/shortdescription	[LEGACY ITEM]	unused-or-deprecated-asset
GiC	Galaxy_in_Conflict_contents_2754886445.pak	/items/WEAPONS/LEGACY/gic_uscm4/gic_uscm4.activeitem	/altAbility/name	Perfect Parry	unused-or-deprecated-asset
GiC	Galaxy_in_Conflict_contents_2754886445.pak	/monsters/LEGACY/gic_metrowanderer/gic_metrowanderer_old.monstertype	/shortdescription	[Mandrivnyk]	unused-or-deprecated-asset
GiC	Galaxy_in_Conflict_contents_2754886445.pak	/monsters/LEGACY/gic_metrowanderer/gic_metrowanderer_old.monstertype	/description	The mastermind of an incursion.	unused-or-deprecated-asset
GiC	Galaxy_in_Conflict_contents_2754886445.pak	/monsters/LEGACY/BLOOD_YOUKAI/gic_bloodyoukai_hellstrain_mustang/gic_bloodyoukai_hellstrain_mustang.monstertype	/description	Blood Youkai Hell's Train Mustang	unused-or-deprecated-asset
GiC	Galaxy_in_Conflict_contents_2754886445.pak	/codex/LEGACY/MISSIONS/ESTHER/1_1_FNG/OLD/gic_ec11_overseer.codex	/title	EC11 - Overseer	unused-or-deprecated-asset
GiC	Galaxy_in_Conflict_contents_2754886445.pak	/codex/LEGACY/MISSIONS/ESTHER/1_1_FNG/OLD/gic_ec11_overseer.codex	/description	Esther Chapter 1-1-O	unused-or-deprecated-asset
GiC	Galaxy_in_Conflict_contents_2754886445.pak	/items/WEAPONS/LEGACY/ANCIENT_LEGACY/ILWS/gic_rsp61_ilws/gic_rsp61_ilws_onehanded.activeitem	/description	"Developed within the Red Star Alliance, the RSP-61 was named for winning the service pistol status out of 2000 other service pistol contendors despite the original creators having forgot to name the gun right after the collapse of the Human Federation's split into the Red Star Alliance, United Systems, Alliance of Independents and the plethora of other powers.
  
^green;Double tap Shift to switch to a comfortable two-handed grip.^reset;"	unused-or-deprecated-asset
GiC	Galaxy_in_Conflict_contents_2754886445.pak	/items/WEAPONS/LEGACY/ANCIENT_LEGACY/ILWS/gic_rsp61_ilws/gic_rsp61_ilws_onehanded.activeitem	/shortdescription	RSP-61 ILWS (One-Handed)	unused-or-deprecated-asset
GiC	Galaxy_in_Conflict_contents_2754886445.pak	/items/WEAPONS/LEGACY/DEPRECATED_SPECIAL/gic_psychic_translocator/gic_psychic_translocator.activeitem	/description	"Looks like someone affixed a crystalline wand over an antiquated pistol. But the pistol's receiver and hammer are connected to a spring system designed to launch a puck. Said puck is of a material consistent with the crystals of the wand. While it may function on different principles, it achieves the same effect as a Translocator Beacon launcher.
(This item variant is now old. Internal ID of this item is gic_psychic_translocator, whereas the updated one is now literally called gic_strangepucklauncher.)
^yellow;Translocator Beacon lasts 20 seconds.
^#D6DFFF;[ALT-FIRE] to teleport to the Beacon."	unused-or-deprecated-asset
GiC	Galaxy_in_Conflict_contents_2754886445.pak	/items/WEAPONS/LEGACY/DEPRECATED_SPECIAL/gic_psychic_translocator/gic_psychic_translocator.activeitem	/shortdescription	Psychic Translocator	unused-or-deprecated-asset
GiC	Galaxy_in_Conflict_contents_2754886445.pak	/codex/LEGACY/gic_ec35a_tengucondolenceletter.codex	/title	EC35A - Condolence Letter	unused-or-deprecated-asset
GiC	Galaxy_in_Conflict_contents_2754886445.pak	/items/WEAPONS/LEGACY/ANCIENT_LEGACY/gic_em2/gic_em2.activeitem	/description	The ^yellow;Electric Model 2 Rifle^white; or ^yellow;'EM2'^white; was an antiquated experiment in firearm designs using methods deemed ^red;'obsolete'^white; by the vast majority of ^yellow;Human firearms design practices^white;. The ^yellow;EM2^white; uses ^yellow;highly-concentrated individual dry-battery-microbullets^white; to output an ^red;extremely powerful shot^white;, akin to a standard ballistics rifle with its casings as heatsinks. The design did not win service rifle status for the ^green;United Systems^white; for exactly that reason of using obsolete design practices.	unused-or-deprecated-asset
GiC	Galaxy_in_Conflict_contents_2754886445.pak	/items/WEAPONS/LEGACY/ANCIENT_LEGACY/gic_em2/gic_em2.activeitem	/shortdescription	^yellow;US. Model EM2	unused-or-deprecated-asset
GiC	Galaxy_in_Conflict_contents_2754886445.pak	/monsters/CRUSADE/LEGACY/gic_crusader_archer/gic_crusader_archer.monstertype	/shortdescription	[Crusader Archer]	unused-or-deprecated-asset
GiC	Galaxy_in_Conflict_contents_2754886445.pak	/monsters/CRUSADE/LEGACY/gic_crusader_archer/gic_crusader_archer.monstertype	/description	Ringed Knight moment.	unused-or-deprecated-asset
GiC	Galaxy_in_Conflict_contents_2754886445.pak	/items/WEAPONS/LEGACY/gic_starfield1897/gic_starfield1897.activeitem	/description	LEGACY ITEM - This is a pre-v4.0 item and you should not be seeing this unless you have an older save. This item may no longer work. Please find a post-v4.0 item equivalent for its updated code and delete this item.	unused-or-deprecated-asset
GiC	Galaxy_in_Conflict_contents_2754886445.pak	/items/WEAPONS/LEGACY/gic_starfield1897/gic_starfield1897.activeitem	/shortdescription	[LEGACY ITEM]	unused-or-deprecated-asset
GiC	Galaxy_in_Conflict_contents_2754886445.pak	/items/WEAPONS/LEGACY/gic_starfield1897/gic_starfield1897.activeitem	/altAbility/name	Perfect Parry	unused-or-deprecated-asset
GiC	Galaxy_in_Conflict_contents_2754886445.pak	/quests/STORY/LEGACY/gic_mortalshell_arthurshrine.questtemplate	/title	^#D1FFDE;Arthur, The Venerable	unused-or-deprecated-asset
GiC	Galaxy_in_Conflict_contents_2754886445.pak	/npcs/UNUSED/TRADE/gic_scrapdealer.npctype	/scriptConfig/guiConfig/gui/windowtitle/title	Scrap Dealer	unused-or-deprecated-asset
GiC	Galaxy_in_Conflict_contents_2754886445.pak	/npcs/UNUSED/TRADE/gic_scrapdealer.npctype	/scriptConfig/guiConfig/gui/windowtitle/subtitle	Buys Junk Cargo and sells Scrap Metal.	unused-or-deprecated-asset
GiC	Galaxy_in_Conflict_contents_2754886445.pak	/quests/STORY/LEGACY/BOSS_RUSH/gic_chapter2_bossrush_razed.questtemplate	/title	^orange;Boss Rush: Razed	unused-or-deprecated-asset
GiC	Galaxy_in_Conflict_contents_2754886445.pak	/items/MEDICAL/OLD/gic_tp_medkit.consumable	/description	"Advanced protectorate invention that identifies the person via ^yellow;DNA sampling^white; and attempts to replace ^red;destroyed cells^white; with ^green;nanomachines^white;. It is able to rapidly recover a person from ^red;critical condition^white; straight back into ^green;fighting condition^white; within seconds and can cure even the ^red;most lethal^white; forms of ^red;environmental hazards^white;.

Restores ^green;500 health^white; over 1 second. ^green;Cures most status effects^white;. ^green;Recovers all bleeding ailments^white;. ^green;Provides environmental protection^white; for ^yellow;15 seconds^white;. ^red;Does not 'cure' suffocation^white;."	unused-or-deprecated-asset
GiC	Galaxy_in_Conflict_contents_2754886445.pak	/items/MEDICAL/OLD/gic_tp_medkit.consumable	/shortdescription	^yellow;Protectorate Medkit	unused-or-deprecated-asset
GiC	Galaxy_in_Conflict_contents_2754886445.pak	/items/WEAPONS/LEGACY/ANCIENT_LEGACY/gic_bayonet_no15enfield/gic_bayonet_no15enfield.activeitem	/description	A basic bolt action rifle built by various manufacturers to colonies in need of cheap, effective firearms. While not quite packing the lethality of a full automatic assault rifle, this simple rifle has survived the test of time for good reason.	unused-or-deprecated-asset
GiC	Galaxy_in_Conflict_contents_2754886445.pak	/items/WEAPONS/LEGACY/ANCIENT_LEGACY/gic_bayonet_no15enfield/gic_bayonet_no15enfield.activeitem	/shortdescription	No.15 Enfield Rifle	unused-or-deprecated-asset
GiC	Galaxy_in_Conflict_contents_2754886445.pak	/items/WEAPONS/LEGACY/gic_rg8/gic_rg8_npc.activeitem	/description	"A rather dated but iconic rocket launcher design from the USSR that has seen near constant action across a millennia since its inception in both the hands of soldiers & guerrillas alike. Works well against buildings, light vehicles, infantry, and literally anything that isn't actual tanks. Make sure to give it some good TLC, and it will serve you, and its next user well.

Loads RPG-7 HEAT and Airburst Rockets."	unused-or-deprecated-asset
GiC	Galaxy_in_Conflict_contents_2754886445.pak	/items/WEAPONS/LEGACY/gic_rg8/gic_rg8_npc.activeitem	/shortdescription	RPG-7 NPC	unused-or-deprecated-asset
GiC	Galaxy_in_Conflict_contents_2754886445.pak	/items/WEAPONS/LEGACY/ANCIENT_LEGACY/gic_bohiya/gic_bohiya_daimyo.activeitem	/description	Extremely ancient 'rifle' dating back to the 10th Century which fires rocket arrows. This modern variant fashioned out of scavenged parts is a feat of engineering on its own, and uses the same principles as the ones from ancient Earth.	unused-or-deprecated-asset
GiC	Galaxy_in_Conflict_contents_2754886445.pak	/items/WEAPONS/LEGACY/gic_transheya12/gic_transheya12_npc.activeitem	/description	"''Shipments came in for us to 'test' some new experimental rounds on the Druflorans. Shells were marked as 'WP'. Before then our breachers just used the usual buckshot. The next time we were out clearing wood-forts, our breacher fires wildly into a hut. Florans come screaming out of the house, the chemicals burning into their skin, trying to roll in the mud, pour water on themselves, anything to stop the pain. They couldn't.''
Uses 18.50x70mm Shotgun Shells."	unused-or-deprecated-asset
GiC	Galaxy_in_Conflict_contents_2754886445.pak	/codex/LEGACY/THE_WAR_ON_MARS/CHAPTER_0/3_CRASH/gic_twom_guerilla/gic_twom_guerilla.codex	/title	[CH0-3] Guerilla	unused-or-deprecated-asset
GiC	Galaxy_in_Conflict_contents_2754886445.pak	/items/WEAPONS/LEGACY/COPSC/gic_copsc_sidearm/gic_copsc_sidearm_onehanded.activeitem	/description	LEGACY ITEM - This is a pre-v4.0 item and you should not be seeing this unless you have an older save. This item may no longer work. Please find a post-v4.0 item equivalent for its updated code and delete this item.	unused-or-deprecated-asset
GiC	Galaxy_in_Conflict_contents_2754886445.pak	/items/WEAPONS/LEGACY/COPSC/gic_copsc_sidearm/gic_copsc_sidearm_onehanded.activeitem	/shortdescription	[LEGACY ITEM]	unused-or-deprecated-asset
GiC	Galaxy_in_Conflict_contents_2754886445.pak	/items/UNUSED/RESEARCH/gic_unitan_psionicdocument/gic_unitan_psionicdocument.item	/description	Classified documents of the United Systems written in some sort of ancient archaic language. The title reads ''фея. исследовательская работа''.	unused-or-deprecated-asset
GiC	Galaxy_in_Conflict_contents_2754886445.pak	/items/UNUSED/RESEARCH/gic_unitan_psionicdocument/gic_unitan_psionicdocument.item	/shortdescription	Unitan 'фея' Classified Document	unused-or-deprecated-asset
GiC	Galaxy_in_Conflict_contents_2754886445.pak	/npcs/crew/LEGACY/gic_alliance_sapper_crew.npctype	/scriptConfig/crew/role/name	Flamethrower Unit	unused-or-deprecated-asset
GiC	Galaxy_in_Conflict_contents_2754886445.pak	/interface/windowconfig/WORKSTATION/gic_firearms_workstation.config	/paneLayout/scrollArea/children/itemList/schema/listTemplate/itemName/value	Replace Me	template-placeholder
GiC	Galaxy_in_Conflict_contents_2754886445.pak	/items/WEAPONS/LEGACY/gic_otherworld_heavystaff/gic_otherworld_heavystaff.activeitem	/description	The native choice of 'suppressive' weaponry.	unused-or-deprecated-asset
GiC	Galaxy_in_Conflict_contents_2754886445.pak	/items/WEAPONS/LEGACY/gic_otherworld_heavystaff/gic_otherworld_heavystaff.activeitem	/shortdescription	Otherworld Harpoon Launcher	unused-or-deprecated-asset
GiC	Galaxy_in_Conflict_contents_2754886445.pak	/interface/windowconfig/gic_nazrin_storymerchant_planetencounter.config	/paneLayout/scrollArea/children/itemList/schema/listTemplate/itemName/value	Replace Me	template-placeholder
GiC	Galaxy_in_Conflict_contents_2754886445.pak	/codex/LEGACY/UNITED_SYSTEMS/gic_unitedsystems_disallowedvoiditems/gic_unitedsystems_disallowedvoiditems.codex	/title	US-D16 Disallowed Items	unused-or-deprecated-asset
GiC	Galaxy_in_Conflict_contents_2754886445.pak	/codex/LEGACY/UNITED_SYSTEMS/gic_unitedsystems_disallowedvoiditems/gic_unitedsystems_disallowedvoiditems.codex	/description	Items apparently disallowed in the Void.	unused-or-deprecated-asset
GiC	Galaxy_in_Conflict_contents_2754886445.pak	/interface/windowconfig/LEGACY/gic_military_merchantterminal_old.config	/paneLayout/windowtitle/subtitle	  Make sharp things.	unused-or-deprecated-asset
GiC	Galaxy_in_Conflict_contents_2754886445.pak	/interface/windowconfig/LEGACY/gic_military_merchantterminal_old.config	/paneLayout/lblSchematics/value	^#b9b5b2;BLUEPRINTS	unused-or-deprecated-asset
GiC	Galaxy_in_Conflict_contents_2754886445.pak	/interface/windowconfig/LEGACY/gic_military_merchantterminal_old.config	/paneLayout/lblProducttitle/value	^#b9b5b2;PRODUCT	unused-or-deprecated-asset
GiC	Galaxy_in_Conflict_contents_2754886445.pak	/interface/windowconfig/LEGACY/gic_military_merchantterminal_old.config	/paneLayout/lblProduct/value	MATERIALS AVAILABLE	unused-or-deprecated-asset
GiC	Galaxy_in_Conflict_contents_2754886445.pak	/interface/windowconfig/LEGACY/gic_military_merchantterminal_old.config	/paneLayout/scrollArea/children/itemList/schema/listTemplate/itemName/value	Replace Me	unused-or-deprecated-asset
GiC	Galaxy_in_Conflict_contents_2754886445.pak	/objects/CRAFTING/LEGACY_CRAFTING/UNUSED/gic_refinery_merchantterminal/gic_refinery_merchantterminal.object	/description	Merchant Terminal for Refineries.	unused-or-deprecated-asset
GiC	Galaxy_in_Conflict_contents_2754886445.pak	/objects/CRAFTING/LEGACY_CRAFTING/UNUSED/gic_refinery_merchantterminal/gic_refinery_merchantterminal.object	/shortdescription	^orange;Merchant Terminal: Refinery [GIC]^white;	unused-or-deprecated-asset
GiC	Galaxy_in_Conflict_contents_2754886445.pak	/objects/CRAFTING/LEGACY_CRAFTING/UNUSED/gic_refinery_merchantterminal/gic_refinery_merchantterminal.object	/interactData/paneLayoutOverride/windowtitle/title	  Merchant Terminal: Refinery Bulk Processing	unused-or-deprecated-asset
GiC	Galaxy_in_Conflict_contents_2754886445.pak	/objects/CRAFTING/LEGACY_CRAFTING/UNUSED/gic_refinery_merchantterminal/gic_refinery_merchantterminal.object	/interactData/paneLayoutOverride/windowtitle/subtitle	  Efficient bulk ore processing. Trades refined metals for unprocessed ore.	unused-or-deprecated-asset
GiC	Galaxy_in_Conflict_contents_2754886445.pak	/items/WEAPONS/LEGACY/gic_bvar80/gic_bvar80.activeitem	/description	LEGACY ITEM - This is a pre-v4.0 item and you should not be seeing this unless you have an older save. This item may no longer work. Please find a post-v4.0 item equivalent for its updated code and delete this item.	unused-or-deprecated-asset
GiC	Galaxy_in_Conflict_contents_2754886445.pak	/items/WEAPONS/LEGACY/gic_bvar80/gic_bvar80.activeitem	/shortdescription	[LEGACY ITEM]	unused-or-deprecated-asset
GiC	Galaxy_in_Conflict_contents_2754886445.pak	/items/UNUSED/RESEARCH/gic_dogtag/gic_dogtag.item	/description	In memory of those that served and died.	unused-or-deprecated-asset
GiC	Galaxy_in_Conflict_contents_2754886445.pak	/items/UNUSED/RESEARCH/gic_dogtag/gic_dogtag.item	/shortdescription	Military 'Dog Tag'	unused-or-deprecated-asset
GiC	Galaxy_in_Conflict_contents_2754886445.pak	/items/WEAPONS/LEGACY/gic_bvar80/gic_bvar80_alliancekit.activeitem	/description	"Known as the Bullpup Void Assault Rifle, these were originally issued to the British Military during WW3 for use in space environments. They have a remarkably similar appearance to the SA-80 rifle.

Loads STANAG-FEDERATSIYA 5.56x45mm magazines only."	unused-or-deprecated-asset
GiC	Galaxy_in_Conflict_contents_2754886445.pak	/items/MEDICAL/OLD/gic_beastbloodpellet.consumable	/description	"Large medicinal pellets, created from the blood of Youkai themselves. These were researched by Youkai Separatist alchemists before their project was cancelled due to Gensokyan Parliamentarian bombardments. These pellets are sometimes still concocted by the more feral youkai, who are more than willing to turn on their more 'civilized' kind to sustain themselves.
^#CE7777;Nearby enemies receive -50% DMG RES and Weapon Proficiency | Lasts 60s.^white;
^red;User is also afflicted with these effects.^white;"	unused-or-deprecated-asset
GiC	Galaxy_in_Conflict_contents_2754886445.pak	/items/MEDICAL/OLD/gic_beastbloodpellet.consumable	/shortdescription	^#CE7777;Beast Blood Pellet	unused-or-deprecated-asset
GiC	Galaxy_in_Conflict_contents_2754886445.pak	/interface/windowconfig/LEGACY/gic_weaponsdealer.config	/paneLayout/lblSchematics/value	^#b9b5b2;COLLECTION	unused-or-deprecated-asset
GiC	Galaxy_in_Conflict_contents_2754886445.pak	/interface/windowconfig/LEGACY/gic_weaponsdealer.config	/paneLayout/lblProducttitle/value	^#b9b5b2;PIECE	unused-or-deprecated-asset
GiC	Galaxy_in_Conflict_contents_2754886445.pak	/interface/windowconfig/LEGACY/gic_weaponsdealer.config	/paneLayout/lblFilters/value	^#b9b5b2;FILTERS	unused-or-deprecated-asset
GiC	Galaxy_in_Conflict_contents_2754886445.pak	/interface/windowconfig/LEGACY/gic_weaponsdealer.config	/paneLayout/lblProduct/value	CAN AFFORD	unused-or-deprecated-asset
GiC	Galaxy_in_Conflict_contents_2754886445.pak	/interface/windowconfig/LEGACY/gic_weaponsdealer.config	/paneLayout/scrollArea/children/itemList/schema/listTemplate/itemName/value	Replace Me	unused-or-deprecated-asset
GiC	Galaxy_in_Conflict_contents_2754886445.pak	/interface/windowconfig/gic_archivist_tradeterminal.config	/paneLayout/scrollArea/children/itemList/schema/listTemplate/itemName/value	Replace Me	template-placeholder
GiC	Galaxy_in_Conflict_contents_2754886445.pak	/items/WEAPONS/LEGACY/gic_6p41mg/gic_6p41mg_npc.activeitem	/description	Primary light machinegun of the United Systems, chambered in a heavy 7.62x54mm round. Based on an extremely old firearm originating from Earth, built using modern materials. Only supports the unique 100rnd Box designed specifically for the 6P41MG.	unused-or-deprecated-asset
GiC	Galaxy_in_Conflict_contents_2754886445.pak	/items/WEAPONS/LEGACY/gic_6p41mg/gic_6p41mg_npc.activeitem	/shortdescription	6P41MG (NPC)	unused-or-deprecated-asset
GiC	Galaxy_in_Conflict_contents_2754886445.pak	/items/WEAPONS/LEGACY/ANCIENT_LEGACY/ILWS/gic_mk15ammr_ilws/gic_mk15ammr_ilws.activeitem	/description	An antiquated experiment in firearm designs using methods deemed ^red;'obsolete'^white; by the vast majority of Human firearms design practices. The firearm uses individual disposable pre-tuned dry-battery 'bullets', delivering favourable destructive characteristics against lightly-armored vehicles through outright material vaporization. Able to vaporize a human with a direct shot.	unused-or-deprecated-asset
GiC	Galaxy_in_Conflict_contents_2754886445.pak	/items/WEAPONS/LEGACY/ANCIENT_LEGACY/ILWS/gic_mk15ammr_ilws/gic_mk15ammr_ilws.activeitem	/shortdescription	^yellow;Mk15 Anti-Material Marksman Rifle	unused-or-deprecated-asset
GiC	Galaxy_in_Conflict_contents_2754886445.pak	/monsters/LEGACY/gic_guardianofnod/gic_guardianofnod_tutorial.monstertype	/shortdescription	[Guardian of Nod]	unused-or-deprecated-asset
GiC	Galaxy_in_Conflict_contents_2754886445.pak	/monsters/LEGACY/gic_guardianofnod/gic_guardianofnod_tutorial.monstertype	/description	This stench... Smells like you, stranger.	unused-or-deprecated-asset
GiC	Galaxy_in_Conflict_contents_2754886445.pak	/codex/LEGACY/PROTECTORATE/COASTLINE/gic_wildlands_coastline_house_2.codex	/title	^#6B88FF;Chaplain's Sermon #49	unused-or-deprecated-asset
GiC	Galaxy_in_Conflict_contents_2754886445.pak	/codex/LEGACY/PROTECTORATE/COASTLINE/gic_wildlands_coastline_house_2.codex	/description	A prepared speech for Rangers.	unused-or-deprecated-asset
GiC	Galaxy_in_Conflict_contents_2754886445.pak	/monsters/LEGACY/MEGA_LEGACY/gic_automachinegunturret/gic_automachinegunturret.monstertype	/shortdescription	Auto-Bomber MG	unused-or-deprecated-asset
GiC	Galaxy_in_Conflict_contents_2754886445.pak	/monsters/LEGACY/MEGA_LEGACY/gic_automachinegunturret/gic_automachinegunturret.monstertype	/description	An old automated turret belonging to the decaying automated bombers.	unused-or-deprecated-asset
GiC	Galaxy_in_Conflict_contents_2754886445.pak	/items/AMMUNITION/LEGACY/OLD/gic_scar17_mag/gic_scar17_mag.item	/description	Fits in the SCAR-17 and the Colonial Combat Rifle 71. 20 rounds in a magazine.	unused-or-deprecated-asset
GiC	Galaxy_in_Conflict_contents_2754886445.pak	/items/AMMUNITION/LEGACY/OLD/gic_scar17_mag/gic_scar17_mag.item	/shortdescription	SCAR-17 Type Magazine	unused-or-deprecated-asset
GiC	Galaxy_in_Conflict_contents_2754886445.pak	/interface/windowconfig/WORKSTATION/gic_alcohol_distiller.config	/paneLayout/scrollArea/children/itemList/schema/listTemplate/itemName/value	Replace Me	template-placeholder
GiC	Galaxy_in_Conflict_contents_2754886445.pak	/interface/windowconfig/gic_medical_workbench.config	/paneLayout/scrollArea/children/itemList/schema/listTemplate/itemName/value	Replace Me	template-placeholder
GiC	Galaxy_in_Conflict_contents_2754886445.pak	/codex/LEGACY/MISSIONS/ESTHER/3_8_AREMNANTFROMTHEASHES/gic_ec38_linebreakerdiary.codex	/title	EC38 - Linebreaker's Diary	unused-or-deprecated-asset
GiC	Galaxy_in_Conflict_contents_2754886445.pak	/codex/LEGACY/MISSIONS/ESTHER/3_8_AREMNANTFROMTHEASHES/gic_ec38_linebreakerdiary.codex	/description	Those from the fringes of the borders.	unused-or-deprecated-asset
GiC	Galaxy_in_Conflict_contents_2754886445.pak	/items/WEAPONS/LEGACY/ANCIENT_LEGACY/gic_crusader_longbow/gic_crusader_longbow_pose.activeitem	/description	"''An arrow does not hate its target.''
  
^red;Energy Systems Overload: Energy regeneration is crippled whilst the bow is equipped.^reset;

^yellow;Fire Arrows: Regular shots coat afflicted targets in oil | Charged shots that are not overcharged apply ignition to oil granting heightened fire burning on oil-coated targets, but do not coat targets in oil.^reset;"	unused-or-deprecated-asset
GiC	Galaxy_in_Conflict_contents_2754886445.pak	/items/WEAPONS/LEGACY/ANCIENT_LEGACY/gic_crusader_longbow/gic_crusader_longbow_pose.activeitem	/shortdescription	Champion's Warbow POSE	unused-or-deprecated-asset
GiC	Galaxy_in_Conflict_contents_2754886445.pak	/codex/LEGACY/NEWSPAPER/Diego_Rivera/gic_dr_1/gic_dr_1.codex	/title	Diego Rivera #1	unused-or-deprecated-asset
GiC	Galaxy_in_Conflict_contents_2754886445.pak	/codex/LEGACY/NEWSPAPER/Diego_Rivera/gic_dr_1/gic_dr_1.codex	/description	[29th November, 2821]	unused-or-deprecated-asset
GiC	Galaxy_in_Conflict_contents_2754886445.pak	/items/AMMUNITION/LEGACY/COPSC/gic_copsc_9x19mm_mag/gic_copsc_9x19mm_mag.item	/description	High-capacity 43rnd 9x19mm magazine for the COPSC 'Viper' Submachine Gun.	unused-or-deprecated-asset
GiC	Galaxy_in_Conflict_contents_2754886445.pak	/items/AMMUNITION/LEGACY/COPSC/gic_copsc_9x19mm_mag/gic_copsc_9x19mm_mag.item	/shortdescription	COPSC 'Viper' SMG 43rnd Magazine	unused-or-deprecated-asset
GiC	Galaxy_in_Conflict_contents_2754886445.pak	/items/AMMUNITION/LEGACY/gic_36cal_freemanrevolver_cylinder/gic_36cal_freemanrevolver_cylinder.item	/description	Fires .36 Cal Paper Cartridges, holding 4 shots each. Used by the .36 Cal Freeman Revolver.	unused-or-deprecated-asset
GiC	Galaxy_in_Conflict_contents_2754886445.pak	/items/AMMUNITION/LEGACY/gic_36cal_freemanrevolver_cylinder/gic_36cal_freemanrevolver_cylinder.item	/shortdescription	.36 Cal Freeman Cylinder	unused-or-deprecated-asset
GiC	Galaxy_in_Conflict_contents_2754886445.pak	/codex/LEGACY/THE_WAR_ON_MARS/HUB/gic_twom_parelparents/gic_twom_parelparents.codex	/title	[PH] Parel's Parents	unused-or-deprecated-asset
GiC	Galaxy_in_Conflict_contents_2754886445.pak	/monsters/LEGACY/BLOOD_YOUKAI/gic_bloodyoukai_hallowedcity_rocketeer/gic_bloodyoukai_hallowedcity_rocketeer.monstertype	/shortdescription	[Blood Youkai Hallowed City Rocketeer]	unused-or-deprecated-asset
GiC	Galaxy_in_Conflict_contents_2754886445.pak	/monsters/LEGACY/BLOOD_YOUKAI/gic_bloodyoukai_hallowedcity_rocketeer/gic_bloodyoukai_hallowedcity_rocketeer.monstertype	/description	Knights of old.	unused-or-deprecated-asset
GiC	Galaxy_in_Conflict_contents_2754886445.pak	/interface/windowconfig/WORKSTATION/gic_smithy_workshop.config	/paneLayout/scrollArea/children/itemList/schema/listTemplate/itemName/value	Replace Me	template-placeholder
GiC	Galaxy_in_Conflict_contents_2754886445.pak	/monsters/LEGACY/gic_protectoratedeserter/gic_protectoratedeserter.monstertype	/shortdescription	[Protectorate Deserter]	unused-or-deprecated-asset
GiC	Galaxy_in_Conflict_contents_2754886445.pak	/monsters/LEGACY/gic_protectoratedeserter/gic_protectoratedeserter.monstertype	/description	Knights of old.	unused-or-deprecated-asset
GiC	Galaxy_in_Conflict_contents_2754886445.pak	/monsters/CRUSADE/LEGACY/gic_crusader_knight/gic_crusader_knight_summon.monstertype	/shortdescription	[Crusader Knight]	unused-or-deprecated-asset
GiC	Galaxy_in_Conflict_contents_2754886445.pak	/monsters/CRUSADE/LEGACY/gic_crusader_knight/gic_crusader_knight_summon.monstertype	/description	Knights of old.	unused-or-deprecated-asset
GiC	Galaxy_in_Conflict_contents_2754886445.pak	/codex/LEGACY/gic_obligationinhumanspace/gic_obligationinhumanspace.codex	/title	Obligation to Humanity	unused-or-deprecated-asset
GiC	Galaxy_in_Conflict_contents_2754886445.pak	/codex/LEGACY/SKYBURNER/gic_skyburner_chapter7/gic_skyburner_chapter7.codex	/title	Skyburner: Chapter 7	unused-or-deprecated-asset
GiC	Galaxy_in_Conflict_contents_2754886445.pak	/interface/warping/LEGACY/gic_powerplantdestruction_3_4.config	/destinations/0/name	Hide in Container	unused-or-deprecated-asset
GiC	Galaxy_in_Conflict_contents_2754886445.pak	/interface/warping/LEGACY/gic_powerplantdestruction_3_4.config	/destinations/1/name	Hide in Container	unused-or-deprecated-asset
GiC	Galaxy_in_Conflict_contents_2754886445.pak	/interface/warping/LEGACY/gic_powerplantdestruction_3_4.config	/destinations/2/name	Hide in Container	unused-or-deprecated-asset
GiC	Galaxy_in_Conflict_contents_2754886445.pak	/interface/warping/LEGACY/gic_powerplantdestruction_3_4.config	/destinations/3/name	Hide in Container	unused-or-deprecated-asset
GiC	Galaxy_in_Conflict_contents_2754886445.pak	/interface/warping/LEGACY/gic_powerplantdestruction_3_4.config	/destinations/4/name	Hide in Container	unused-or-deprecated-asset
GiC	Galaxy_in_Conflict_contents_2754886445.pak	/interface/warping/LEGACY/gic_powerplantdestruction_3_4.config	/destinations/5/name	Hide in Container	unused-or-deprecated-asset
GiC	Galaxy_in_Conflict_contents_2754886445.pak	/interface/warping/LEGACY/gic_powerplantdestruction_3_4.config	/destinations/6/name	Hide in Container	unused-or-deprecated-asset
GiC	Galaxy_in_Conflict_contents_2754886445.pak	/interface/warping/LEGACY/gic_powerplantdestruction_3_4.config	/destinations/7/name	Hide in Container	unused-or-deprecated-asset
GiC	Galaxy_in_Conflict_contents_2754886445.pak	/interface/warping/LEGACY/gic_powerplantdestruction_3_4.config	/destinations/8/name	Hide in Container	unused-or-deprecated-asset
GiC	Galaxy_in_Conflict_contents_2754886445.pak	/monsters/LEGACY/ERCHIUS/gic_erchius_crystalsentinel/gic_erchius_crystalsentinel_lunarbattlefield.monstertype	/shortdescription	Erchius Crystal Sentinel Lunar Battlefield	unused-or-deprecated-asset
GiC	Galaxy_in_Conflict_contents_2754886445.pak	/monsters/LEGACY/ERCHIUS/gic_erchius_crystalsentinel/gic_erchius_crystalsentinel_lunarbattlefield.monstertype	/description	Some sort of living rock.	unused-or-deprecated-asset
GiC	Galaxy_in_Conflict_contents_2754886445.pak	/codex/LEGACY/SKYBURNER/gic_skyburner_chapter3/gic_skyburner_chapter3.codex	/title	Skyburner: Chapter 3	unused-or-deprecated-asset
GiC	Galaxy_in_Conflict_contents_2754886445.pak	/objects/CRAFTING/LEGACY_CRAFTING/UNUSED/gic_industrial_merchantterminal/gic_industrial_merchantterminal.object	/description	Merchant Terminal for Industries.	unused-or-deprecated-asset
GiC	Galaxy_in_Conflict_contents_2754886445.pak	/objects/CRAFTING/LEGACY_CRAFTING/UNUSED/gic_industrial_merchantterminal/gic_industrial_merchantterminal.object	/shortdescription	^orange;Merchant Terminal: Industrial [GIC]^white;	unused-or-deprecated-asset
GiC	Galaxy_in_Conflict_contents_2754886445.pak	/objects/CRAFTING/LEGACY_CRAFTING/UNUSED/gic_industrial_merchantterminal/gic_industrial_merchantterminal.object	/interactData/paneLayoutOverride/windowtitle/title	  Merchant Terminal: Industrial Work Equipment	unused-or-deprecated-asset
GiC	Galaxy_in_Conflict_contents_2754886445.pak	/objects/CRAFTING/LEGACY_CRAFTING/UNUSED/gic_industrial_merchantterminal/gic_industrial_merchantterminal.object	/interactData/paneLayoutOverride/windowtitle/subtitle	  Sells work-related commodities.	unused-or-deprecated-asset
GiC	Galaxy_in_Conflict_contents_2754886445.pak	/quests/STORY/LEGACY/BOSS_RUSH/gic_chapter2_bossrush_ancientvault_kiln.questtemplate	/title	^orange;Boss Rush: Ancient Kiln	unused-or-deprecated-asset
GiC	Galaxy_in_Conflict_contents_2754886445.pak	/interface/windowconfig/WORKSTATION/gic_primitive_salvagingfurnace.config	/paneLayout/scrollArea/children/itemList/schema/listTemplate/itemName/value	Replace Me	template-placeholder
GiC	Galaxy_in_Conflict_contents_2754886445.pak	/codex/LEGACY/MISSIONS/ESTHER/4_4_GrandArchives/gic_ec44_scarletvampiresregret.codex	/title	EC44 - Scarlet Vampire's Copybook	unused-or-deprecated-asset
GiC	Galaxy_in_Conflict_contents_2754886445.pak	/codex/LEGACY/MISSIONS/ESTHER/4_4_GrandArchives/gic_ec44_scarletvampiresregret.codex	/description	Something written over and over...	unused-or-deprecated-asset
GiC	Galaxy_in_Conflict_contents_2754886445.pak	/items/WEAPONS/LEGACY/gic_sarukh12/gic_sarukh12.activeitem	/description	"''You fire one and the concussive blast travels through your whole body. Rattles you. Smoke fills the air, and the adrenaline rushes through you. Then the boom.''

A modern disposable rocket launcher that fires a massive rocket warhead capable of destroying most modern armor on the battlefield. Not many are produced as its bulky size makes the storage and transport of these tools cumbersome and generally impractical."	unused-or-deprecated-asset
GiC	Galaxy_in_Conflict_contents_2754886445.pak	/items/WEAPONS/LEGACY/gic_sarukh12/gic_sarukh12.activeitem	/shortdescription	^yellow;Sarukh-12 Disposable Rocket Launcher	unused-or-deprecated-asset
GiC	Galaxy_in_Conflict_contents_2754886445.pak	/monsters/LEGACY/UNITED_SYSTEMS/gic_division16_airborne_soldierfairy/gic_division16_airborne_soldierfairy.monstertype	/shortdescription	Unitan Soldier Fairy	unused-or-deprecated-asset
GiC	Galaxy_in_Conflict_contents_2754886445.pak	/monsters/LEGACY/UNITED_SYSTEMS/gic_division16_airborne_soldierfairy/gic_division16_airborne_soldierfairy.monstertype	/description	Some sort of anomaly. Reacts violently.	unused-or-deprecated-asset
GiC	Galaxy_in_Conflict_contents_2754886445.pak	/interface/windowconfig/gic_kogasatatara_badend_blacksmith.config	/paneLayout/scrollArea/children/itemList/schema/listTemplate/itemName/value	Replace Me	template-placeholder
GiC	Galaxy_in_Conflict_contents_2754886445.pak	/items/WEAPONS/LEGACY/gic_usm47a2/gic_usm47a2_insurgent_blindfire.activeitem	/description	7.62x39mm Assault Rifle.	unused-or-deprecated-asset
GiC	Galaxy_in_Conflict_contents_2754886445.pak	/items/WEAPONS/LEGACY/gic_usm47a2/gic_usm47a2_insurgent_blindfire.activeitem	/shortdescription	USM47A2 Insurgent Blindfire	unused-or-deprecated-asset
GiC	Galaxy_in_Conflict_contents_2754886445.pak	/codex/LEGACY/MISSIONS/ESTHER/1_1_FNG/gic_ec11_triskullcache.codex	/title	EC11 - Triskull Cache	unused-or-deprecated-asset
GiC	Galaxy_in_Conflict_contents_2754886445.pak	/codex/LEGACY/MISSIONS/ESTHER/1_1_FNG/gic_ec11_triskullcache.codex	/description	Esther Chapter 1-1-TC	unused-or-deprecated-asset
GiC	Galaxy_in_Conflict_contents_2754886445.pak	/monsters/LEGACY/gic_knightofnights/gic_knightofnights.monstertype	/shortdescription	[Knight of Nights]	unused-or-deprecated-asset
GiC	Galaxy_in_Conflict_contents_2754886445.pak	/monsters/LEGACY/gic_knightofnights/gic_knightofnights.monstertype	/description	Why?	unused-or-deprecated-asset
GiC	Galaxy_in_Conflict_contents_2754886445.pak	/items/WEAPONS/LEGACY/ANCIENT_LEGACY/FANTASY/gic_fae_revolver/gic_fae_revolver.activeitem	/description	Revolver base converted to fire a single 18.5x70mm shotgun cartridge. The firearm is hefty, unable to be fired single-handedly and is often outclassed by other shotguns, but is common in Scav territories and is compact enough to act as an albeit bulky spy weapon. Only supports 18.5x70mm Buckshot.	unused-or-deprecated-asset
GiC	Galaxy_in_Conflict_contents_2754886445.pak	/items/WEAPONS/LEGACY/ANCIENT_LEGACY/FANTASY/gic_fae_revolver/gic_fae_revolver.activeitem	/shortdescription	Mateba Fae Revolver	unused-or-deprecated-asset
GiC	Galaxy_in_Conflict_contents_2754886445.pak	/items/WEAPONS/LEGACY/DEPRECATED_SPECIAL/gic_fairyrotarygun/gic_fairyrotarygun.activeitem	/shortdescription	Fairy Rotary Gun	unused-or-deprecated-asset
GiC	Galaxy_in_Conflict_contents_2754886445.pak	/codex/LEGACY/NEWSPAPER/Drake_Atkins/gic_da_2/gic_da_2.codex	/title	Drake Atkins #2	unused-or-deprecated-asset
GiC	Galaxy_in_Conflict_contents_2754886445.pak	/codex/LEGACY/NEWSPAPER/Drake_Atkins/gic_da_2/gic_da_2.codex	/description	[28th November, 2821]	unused-or-deprecated-asset
GiC	Galaxy_in_Conflict_contents_2754886445.pak	/codex/LEGACY/PROTECTORATE/COASTLINE/gic_wildlands_coastline_house_3.codex	/title	^#6B88FF;D-16 Communication	unused-or-deprecated-asset
GiC	Galaxy_in_Conflict_contents_2754886445.pak	/codex/LEGACY/PROTECTORATE/COASTLINE/gic_wildlands_coastline_house_3.codex	/description	Gunpowder Hunter's Orders	unused-or-deprecated-asset
GiC	Galaxy_in_Conflict_contents_2754886445.pak	/quests/STORY/LEGACY/ESTHER/gic_esther_chapter_3_0_theotherworld.questtemplate	/title	^yellow;[GiC]: Chapter 3 - The Other World	unused-or-deprecated-asset
GiC	Galaxy_in_Conflict_contents_2754886445.pak	/codex/LEGACY/gic_unitedsystems_thefinalfrontier/gic_unitedsystems_thefinalfrontier.codex	/title	US - The Final Frontier	unused-or-deprecated-asset
GiC	Galaxy_in_Conflict_contents_2754886445.pak	/codex/LEGACY/gic_unitanconquest/gic_unitanconquest.codex	/title	The Rebel Conquest	unused-or-deprecated-asset
GiC	Galaxy_in_Conflict_contents_2754886445.pak	/monsters/LEGACY/gic_greenfingertruedaimyo/gic_greenfingertruedaimyo_chaindemo.monstertype	/shortdescription	[Demo- Chain Attacks]	unused-or-deprecated-asset
GiC	Galaxy_in_Conflict_contents_2754886445.pak	/monsters/LEGACY/gic_greenfingertruedaimyo/gic_greenfingertruedaimyo_chaindemo.monstertype	/description	Last of their kind.	unused-or-deprecated-asset
GiC	Galaxy_in_Conflict_contents_2754886445.pak	/items/WEAPONS/LEGACY/ANCIENT_LEGACY/SYBER/gic_syberpds9/gic_syberpds9_onehanded.activeitem	/description	"The Syber Personal Defense Sidearm-9 came to be after the initial popularity of the Syber M4. The compact modular design caused this sidearm to rocket into popularity among small-time starship crews. Double-pulse action allows the user to quickly release bursts of suppressive fire. Tuned to provide exceptional performance against light armor. Reloads via I.L.W.S Field Batteries.

^green;Double tap Shift to switch to a comfortable two-handed grip.^reset;"	unused-or-deprecated-asset
GiC	Galaxy_in_Conflict_contents_2754886445.pak	/items/WEAPONS/LEGACY/ANCIENT_LEGACY/SYBER/gic_syberpds9/gic_syberpds9_onehanded.activeitem	/shortdescription	Syber PDS-9 (Two-Handed)	unused-or-deprecated-asset
GiC	Galaxy_in_Conflict_contents_2754886445.pak	/quests/STORY/LEGACY/PLANET_INCENTIVES/gic_esther_planetincentive_3_razed.questtemplate	/title	^orange;[GiC] From the Ashes: Razed	unused-or-deprecated-asset
GiC	Galaxy_in_Conflict_contents_2754886445.pak	/items/AMMUNITION/LEGACY/gic_usm12_1850x70mm_mag/gic_usm12_1850x70mm_slug_mag.item	/description	Fits any compatible USM12-type weapons. 10rnd Magazine.	unused-or-deprecated-asset
GiC	Galaxy_in_Conflict_contents_2754886445.pak	/items/AMMUNITION/LEGACY/gic_usm12_1850x70mm_mag/gic_usm12_1850x70mm_slug_mag.item	/shortdescription	USM12 10rnd [Slug]	unused-or-deprecated-asset
GiC	Galaxy_in_Conflict_contents_2754886445.pak	/behaviors/TEST_OLD/gic_guard_old.behavior	/root/children/0/title	Tenant Baseline Behavior	behavior-tree-parameter
GiC	Galaxy_in_Conflict_contents_2754886445.pak	/behaviors/TEST_OLD/gic_guard_old.behavior	/root/children/0/name	Tenant Baseline Behavior	behavior-tree-parameter
GiC	Galaxy_in_Conflict_contents_2754886445.pak	/behaviors/TEST_OLD/gic_guard_old.behavior	/root/children/4/title	NPC Idle	behavior-tree-parameter
GiC	Galaxy_in_Conflict_contents_2754886445.pak	/behaviors/TEST_OLD/gic_guard_old.behavior	/root/children/4/name	NPC Idle	behavior-tree-parameter
GiC	Galaxy_in_Conflict_contents_2754886445.pak	/interface/windowconfig/gic_scrapworkbench_6tab.config	/paneLayout/scrollArea/children/itemList/schema/listTemplate/itemName/value	Replace Me	template-placeholder
GiC	Galaxy_in_Conflict_contents_2754886445.pak	/items/WEAPONS/LEGACY/gic_uscm4/gic_uscm4_npc.activeitem	/description	Developed early during the Floran Invasion as a substitute for the USM-16.	unused-or-deprecated-asset
GiC	Galaxy_in_Conflict_contents_2754886445.pak	/items/UNUSED/REMNANTS/gic_remnant_wolfknight.item	/description	"A partial remnant of the Wolf-Knights, a long-dead order of Tengu who sought to protect humanity against the Abyssal threat.
  
The Wolf-Knights were an ancient breed of Wolf-Tengu specifically tasked with protecting humanity from the Abyss. They were first employed within Gensokyo once signs of the Abyss began to reveal, marked by the Barrier's cracking at the start of World War 3 in 1991.
^#FFE460;Trade at a Soulsmith to transform into something greater.^reset;"	unused-or-deprecated-asset
GiC	Galaxy_in_Conflict_contents_2754886445.pak	/items/UNUSED/REMNANTS/gic_remnant_wolfknight.item	/shortdescription	Remnant of the Wolf-Knights	unused-or-deprecated-asset
GiC	Galaxy_in_Conflict_contents_2754886445.pak	/items/WEAPONS/LEGACY/ANCIENT_LEGACY/HISTORICAL/SCAR/gic_scar17/gic_scar17.activeitem	/description	One of the well-known ^green;7.62mm^white; battle rifles known to mankind.	unused-or-deprecated-asset
GiC	Galaxy_in_Conflict_contents_2754886445.pak	/items/WEAPONS/LEGACY/ANCIENT_LEGACY/HISTORICAL/SCAR/gic_scar17/gic_scar17.activeitem	/shortdescription	SCAR-17 Battle Rifle	unused-or-deprecated-asset
GiC	Galaxy_in_Conflict_contents_2754886445.pak	/codex/LEGACY/MISSIONS/ESTHER/2_3a_WASTELANDMERCHANT/gic_ec23a_augmentyr.codex	/title	Kari: Augmentyr	unused-or-deprecated-asset
GiC	Galaxy_in_Conflict_contents_2754886445.pak	/codex/LEGACY/MISSIONS/ESTHER/2_3a_WASTELANDMERCHANT/gic_ec23a_augmentyr.codex	/description	"''My findings on the Augmentyr. - Kari''
  
^yellow;Interact to read codex.^reset;"	unused-or-deprecated-asset
GiC	Galaxy_in_Conflict_contents_2754886445.pak	/objects/CRAFTING/WORKBENCH/LEGACY/gic_occultist_workbench/gic_occultist_workbench.object	/description	''The human mind is the next frontier, and we are its pioneers.''	unused-or-deprecated-asset
GiC	Galaxy_in_Conflict_contents_2754886445.pak	/objects/CRAFTING/WORKBENCH/LEGACY/gic_occultist_workbench/gic_occultist_workbench.object	/shortdescription	^orange;Occult Workbench (GiC)^white;	unused-or-deprecated-asset
GiC	Galaxy_in_Conflict_contents_2754886445.pak	/objects/CRAFTING/WORKBENCH/LEGACY/gic_occultist_workbench/gic_occultist_workbench.object	/upgradeStages/0/itemSpawnParameters/description	Occult Workbench	unused-or-deprecated-asset
GiC	Galaxy_in_Conflict_contents_2754886445.pak	/objects/CRAFTING/WORKBENCH/LEGACY/gic_occultist_workbench/gic_occultist_workbench.object	/upgradeStages/0/itemSpawnParameters/shortdescription	^orange;Occult Workbench | RESEARCH: Early Gensokyan Period^white;	unused-or-deprecated-asset
GiC	Galaxy_in_Conflict_contents_2754886445.pak	/objects/CRAFTING/WORKBENCH/LEGACY/gic_occultist_workbench/gic_occultist_workbench.object	/upgradeStages/0/interactData/paneLayoutOverride/windowtitle/title	Occult Workbench	unused-or-deprecated-asset
GiC	Galaxy_in_Conflict_contents_2754886445.pak	/objects/CRAFTING/WORKBENCH/LEGACY/gic_occultist_workbench/gic_occultist_workbench.object	/upgradeStages/0/interactData/paneLayoutOverride/windowtitle/subtitle	RESEARCH: Early Gensokyan Period	unused-or-deprecated-asset
GiC	Galaxy_in_Conflict_contents_2754886445.pak	/objects/CRAFTING/WORKBENCH/LEGACY/gic_occultist_workbench/gic_occultist_workbench.object	/upgradeStages/1/itemSpawnParameters/description	Occult Workbench	unused-or-deprecated-asset
GiC	Galaxy_in_Conflict_contents_2754886445.pak	/objects/CRAFTING/WORKBENCH/LEGACY/gic_occultist_workbench/gic_occultist_workbench.object	/upgradeStages/1/itemSpawnParameters/shortdescription	^orange;Occult Workbench | RESEARCH: Warring Period^white;	unused-or-deprecated-asset
GiC	Galaxy_in_Conflict_contents_2754886445.pak	/objects/CRAFTING/WORKBENCH/LEGACY/gic_occultist_workbench/gic_occultist_workbench.object	/upgradeStages/1/interactData/paneLayoutOverride/windowtitle/title	Occult Workbench	unused-or-deprecated-asset
GiC	Galaxy_in_Conflict_contents_2754886445.pak	/objects/CRAFTING/WORKBENCH/LEGACY/gic_occultist_workbench/gic_occultist_workbench.object	/upgradeStages/1/interactData/paneLayoutOverride/windowtitle/subtitle	RESEARCH: Warring Period	unused-or-deprecated-asset
GiC	Galaxy_in_Conflict_contents_2754886445.pak	/objects/CRAFTING/WORKBENCH/LEGACY/gic_occultist_workbench/gic_occultist_workbench.object	/upgradeStages/2/itemSpawnParameters/description	Occult Workbench	unused-or-deprecated-asset
GiC	Galaxy_in_Conflict_contents_2754886445.pak	/objects/CRAFTING/WORKBENCH/LEGACY/gic_occultist_workbench/gic_occultist_workbench.object	/upgradeStages/2/itemSpawnParameters/shortdescription	^orange;Occult Workbench | RESEARCH: Age of Science^white;	unused-or-deprecated-asset
GiC	Galaxy_in_Conflict_contents_2754886445.pak	/objects/CRAFTING/WORKBENCH/LEGACY/gic_occultist_workbench/gic_occultist_workbench.object	/upgradeStages/2/interactData/paneLayoutOverride/windowtitle/title	Occult Workbench	unused-or-deprecated-asset
GiC	Galaxy_in_Conflict_contents_2754886445.pak	/objects/CRAFTING/WORKBENCH/LEGACY/gic_occultist_workbench/gic_occultist_workbench.object	/upgradeStages/2/interactData/paneLayoutOverride/windowtitle/subtitle	RESEARCH: Age of Science	unused-or-deprecated-asset
GiC	Galaxy_in_Conflict_contents_2754886445.pak	/items/MEDICAL/OLD/gic_estsusflask.consumable	/description	"Some sort of healing flask. Only dropped by [GiC] Bosses.
  
^green;Heals 200hp in a second. All Bleeding is removed.^white;
^red;Mobility hindered for 1 second.^white;"	unused-or-deprecated-asset
GiC	Galaxy_in_Conflict_contents_2754886445.pak	/items/MEDICAL/OLD/gic_estsusflask.consumable	/shortdescription	^yellow;Estsus Flask	unused-or-deprecated-asset
GiC	Galaxy_in_Conflict_contents_2754886445.pak	/codex/LEGACY/Global_Earth_News/gic_gen_14/gic_gen_14.codex	/title	Earth Newspaper Headline #14	unused-or-deprecated-asset
GiC	Galaxy_in_Conflict_contents_2754886445.pak	/monsters/LEGACY/FLORAN/gic_greenfinger_hwacha/gic_greenfinger_hwacha_razedboss_setpiece.monstertype	/shortdescription	Greenfinger Hwacha	unused-or-deprecated-asset
GiC	Galaxy_in_Conflict_contents_2754886445.pak	/monsters/LEGACY/FLORAN/gic_greenfinger_hwacha/gic_greenfinger_hwacha_razedboss_setpiece.monstertype	/description	Siege Weapon	unused-or-deprecated-asset
GiC	Galaxy_in_Conflict_contents_2754886445.pak	/items/WEAPONS/LEGACY/ANCIENT_LEGACY/gic_mhp45/gic_mhp45.activeitem	/description	"''When the term 'machine gun' enters common parlance, the word 'machine' becomes much more sinister.''
  
Fires the heavy 11.43x23mm pistol cartridge using unique 30rnd MHP45 stick magazines. Supports receiver-type attachments.

^green;Hold down ""Alt Fire"" to switch between Full Auto and Semi-Auto.^reset;"	unused-or-deprecated-asset
GiC	Galaxy_in_Conflict_contents_2754886445.pak	/items/WEAPONS/LEGACY/ANCIENT_LEGACY/gic_mhp45/gic_mhp45.activeitem	/shortdescription	Monitor Hi-Power .45	unused-or-deprecated-asset
GiC	Galaxy_in_Conflict_contents_2754886445.pak	/codex/LEGACY/CAPSTONE/gic_capstoneleaflet/gic_capstoneleaflet.codex	/title	Capstone Recruitment Leaflet	unused-or-deprecated-asset
GiC	Galaxy_in_Conflict_contents_2754886445.pak	/items/UNUSED/RESEARCH/gic_occasus_dogtag/gic_occasus_dogtag.item	/description	Dogtag belonging to an Occasus member. The Occasus Militants held even the most obscure of traditional values to heart and the Dog Tag was one of them. Both a derogatory and inspiring concept, these would contain the engraved information of a soldier. Not every nation was fortunate or unfortunate enough to have body-chip tracking and neural links.	unused-or-deprecated-asset
GiC	Galaxy_in_Conflict_contents_2754886445.pak	/items/UNUSED/RESEARCH/gic_occasus_dogtag/gic_occasus_dogtag.item	/shortdescription	Occasus Dogtag	unused-or-deprecated-asset
GiC	Galaxy_in_Conflict_contents_2754886445.pak	/quests/STORY/LEGACY/ESTHER/gic_esther_chapter_0_0_legacystoryline.questtemplate	/title	^#D1FFDE;GIC LEGACY STORYLINE	unused-or-deprecated-asset
GiC	Galaxy_in_Conflict_contents_2754886445.pak	/items/WEAPONS/LEGACY/gic_usm60_occasus/gic_usm60_occasus.activeitem	/description	USM60 used by Occasus Advisors. Reload has an angled grenade throw.	unused-or-deprecated-asset
GiC	Galaxy_in_Conflict_contents_2754886445.pak	/items/WEAPONS/LEGACY/gic_usm60_occasus/gic_usm60_occasus.activeitem	/shortdescription	USM60 Occasus Build NPC	unused-or-deprecated-asset
GiC	Galaxy_in_Conflict_contents_2754886445.pak	/quests/STORY/LEGACY/ESTHER/LIONHEART/gic_esther_chapter_4_lionheart.questtemplate	/title	^#D1FFDE;Lionheart, The Godkiller	unused-or-deprecated-asset
GiC	Galaxy_in_Conflict_contents_2754886445.pak	/npcs/crew/LEGACY/gic_khurtovyna_metrowanderer_crew.npctype	/scriptConfig/crew/interactData/title	^#52A8DD;Metro Wanderer Retainer^reset;	unused-or-deprecated-asset
GiC	Galaxy_in_Conflict_contents_2754886445.pak	/npcs/crew/LEGACY/gic_khurtovyna_metrowanderer_crew.npctype	/scriptConfig/crew/interactData/subtitle	^#E0C200;''Force answers force, war breeds war-''^reset;	unused-or-deprecated-asset
GiC	Galaxy_in_Conflict_contents_2754886445.pak	/npcs/crew/LEGACY/gic_khurtovyna_metrowanderer_crew.npctype	/scriptConfig/crew/interactData/message	"^#E0C200;''-and death only brings death.''^reset;
^#E0C200;+30% Psychic Resistance^reset; for 1 hour.

^#52A8DD;Harried by years of brutal cold and plagued by visions of realms beyond, the Metro Wanderer has traversed their homeland as much as their own mind.^reset;"	unused-or-deprecated-asset
GiC	Galaxy_in_Conflict_contents_2754886445.pak	/interface/windowconfig/gic_sleazytrader_storymerchant.config	/paneLayout/scrollArea/children/itemList/schema/listTemplate/itemName/value	Replace Me	template-placeholder
GiC	Galaxy_in_Conflict_contents_2754886445.pak	/items/WEAPONS/LEGACY/gic_federatsiya1850/gic_federatsiya1850_special_spotter.activeitem	/description	An ancient classic of a weapon, and poster boy of wood-furniture semi-automatic pump-action shotguns. Fielded by Federatsiya and reliable under most conditions. Accepts 18.50x70mm Buckshot and Slug rounds.	unused-or-deprecated-asset
GiC	Galaxy_in_Conflict_contents_2754886445.pak	/items/WEAPONS/LEGACY/gic_federatsiya1850/gic_federatsiya1850_special_spotter.activeitem	/shortdescription	Federatsiya 1850	unused-or-deprecated-asset
GiC	Galaxy_in_Conflict_contents_2754886445.pak	/codex/LEGACY/RED_STAR_ALLIANCE/ENGLISH/gic_precursor_redstar5/gic_precursor_redstar5.codex	/title	Precursor: Final Orders [5]	unused-or-deprecated-asset
GiC	Galaxy_in_Conflict_contents_2754886445.pak	/monsters/LEGACY/BLOOD_YOUKAI/gic_bloodyoukai_airborne_stabber/gic_bloodyoukai_airborne_stabber.monstertype	/shortdescription	Blood Youkai Stabber	unused-or-deprecated-asset
GiC	Galaxy_in_Conflict_contents_2754886445.pak	/monsters/LEGACY/BLOOD_YOUKAI/gic_bloodyoukai_airborne_stabber/gic_bloodyoukai_airborne_stabber.monstertype	/description	No evil shall take me!	unused-or-deprecated-asset
GiC	Galaxy_in_Conflict_contents_2754886445.pak	/items/SHIELDS/LEGACY/gic_frostmilitia_greatshield/gic_frostmilitia_greatshield_npc.activeitem	/description	"---

^#D6DFFF;Shield Bash: Moving at great speeds and colliding with an enemy will deal damage based on the speed of the user.^white;"	unused-or-deprecated-asset
GiC	Galaxy_in_Conflict_contents_2754886445.pak	/items/SHIELDS/LEGACY/gic_frostmilitia_greatshield/gic_frostmilitia_greatshield_npc.activeitem	/shortdescription	Frost Militia Scutum NPC	unused-or-deprecated-asset
GiC	Galaxy_in_Conflict_contents_2754886445.pak	/items/WEAPONS/LEGACY/gic_wolfsoldier_crossbow/gic_wolfsoldier_crossbow.activeitem	/description	^#D6AF8B;Uses various Bolts.^reset; Shots affected by melee-resistant armor.	unused-or-deprecated-asset
GiC	Galaxy_in_Conflict_contents_2754886445.pak	/items/WEAPONS/LEGACY/gic_wolfsoldier_crossbow/gic_wolfsoldier_crossbow.activeitem	/shortdescription	Wolf-Soldier Crossbow	unused-or-deprecated-asset
GiC	Galaxy_in_Conflict_contents_2754886445.pak	/items/WEAPONS/LEGACY/ANCIENT_LEGACY/BOSS/gic_grenadethrow_npc/gic_floranguardian_boss_throw.activeitem	/description	The arcane magic of throwing things.	unused-or-deprecated-asset
GiC	Galaxy_in_Conflict_contents_2754886445.pak	/items/WEAPONS/LEGACY/ANCIENT_LEGACY/BOSS/gic_grenadethrow_npc/gic_floranguardian_boss_throw.activeitem	/shortdescription	NPC Grenade Throw.	unused-or-deprecated-asset
GiC	Galaxy_in_Conflict_contents_2754886445.pak	/codex/LEGACY/OCCASUS/gic_occasus_unbroken/gic_occasus_unbroken.codex	/title	Occasus - Unbroken	unused-or-deprecated-asset
GiC	Galaxy_in_Conflict_contents_2754886445.pak	/codex/LEGACY/OCCASUS/gic_occasus_unbroken/gic_occasus_unbroken.codex	/description	The Occasus will never break.	unused-or-deprecated-asset
GiC	Galaxy_in_Conflict_contents_2754886445.pak	/monsters/LEGACY/MEGA_LEGACY/FIGHTERS/gic_protectorate_beluga/gic_protectorate_beluga.monstertype	/description	Hostile aircraft	unused-or-deprecated-asset
GiC	Galaxy_in_Conflict_contents_2754886445.pak	/codex/LEGACY/RED_STAR_ALLIANCE/ENGLISH/gic_precursor_redstar1/gic_precursor_redstar1.codex	/title	Precursor: A Solemn Swear [1]	unused-or-deprecated-asset
GiC	Galaxy_in_Conflict_contents_2754886445.pak	/items/WEAPONS/LEGACY/ANCIENT_LEGACY/BOSS/gic_brokenprotectoratebroadsword_flipslash.activeitem	/description	A very nice sword in very poor condition.	unused-or-deprecated-asset
GiC	Galaxy_in_Conflict_contents_2754886445.pak	/items/WEAPONS/LEGACY/ANCIENT_LEGACY/BOSS/gic_brokenprotectoratebroadsword_flipslash.activeitem	/shortdescription	GiC Protectorate Broken Broadsword	unused-or-deprecated-asset
GiC	Galaxy_in_Conflict_contents_2754886445.pak	/codex/LEGACY/PRISON/gic_abandonedcolonialprison_inmatebooklet/gic_abandonedcolonialprison_inmatebooklet.codex	/title	Inmate Booklet	unused-or-deprecated-asset
GiC	Galaxy_in_Conflict_contents_2754886445.pak	/codex/LEGACY/MISSIONS/ESTHER/1_1_FNG/gic_ec11_deadfarms.codex	/title	EC11 - Dead Farms	unused-or-deprecated-asset
GiC	Galaxy_in_Conflict_contents_2754886445.pak	/codex/LEGACY/MISSIONS/ESTHER/1_1_FNG/gic_ec11_deadfarms.codex	/description	Esther Chapter 1-1-DF	unused-or-deprecated-asset
GiC	Galaxy_in_Conflict_contents_2754886445.pak	/codex/LEGACY/MISSIONS/ESTHER/4_3_EldestAbode/gic_ec43_eldestabode.codex	/title	EC43 - Eldest Abode	unused-or-deprecated-asset
GiC	Galaxy_in_Conflict_contents_2754886445.pak	/codex/LEGACY/MISSIONS/ESTHER/4_3_EldestAbode/gic_ec43_eldestabode.codex	/description	Eldritch Phishing	unused-or-deprecated-asset
GiC	Galaxy_in_Conflict_contents_2754886445.pak	/items/WEAPONS/LEGACY/DEPRECATED_SPECIAL/gic_suicide_c4/gic_suicide_c4.activeitem	/shortdescription	Immediate self-detonation.	unused-or-deprecated-asset
GiC	Galaxy_in_Conflict_contents_2754886445.pak	/items/WEAPONS/LEGACY/DEPRECATED_SPECIAL/gic_realmlockjezail/gic_realmlockjezail.activeitem	/description	An extensive long rifle used by the 895th 'Jiangshi' Corps. Muzzle-loaded with Psychically-infused Realmstone bullets fitting the .75 caliber or smaller.	unused-or-deprecated-asset
GiC	Galaxy_in_Conflict_contents_2754886445.pak	/items/WEAPONS/LEGACY/DEPRECATED_SPECIAL/gic_realmlockjezail/gic_realmlockjezail.activeitem	/shortdescription	Realmlock Jezail	unused-or-deprecated-asset
GiC	Galaxy_in_Conflict_contents_2754886445.pak	/items/WEAPONS/LEGACY/ANCIENT_LEGACY/HISTORICAL/SCAR/gic_scar18/gic_scar18.activeitem	/description	^green;12.7mm^white; Battle Rifle favoured for overall stopping power.	unused-or-deprecated-asset
GiC	Galaxy_in_Conflict_contents_2754886445.pak	/items/WEAPONS/LEGACY/ANCIENT_LEGACY/HISTORICAL/SCAR/gic_scar18/gic_scar18.activeitem	/shortdescription	SCAR-18 Battle Rifle	unused-or-deprecated-asset
GiC	Galaxy_in_Conflict_contents_2754886445.pak	/codex/LEGACY/TUTORIAL/gic_tutorial_missionmechanics/gic_tutorial_missionmechanics.codex	/title	Tutorial: Missions	unused-or-deprecated-asset
GiC	Galaxy_in_Conflict_contents_2754886445.pak	/quests/STORY/LEGACY/ESTHER/MISSION_ACTIONS/gic_ec01_identitycache.questtemplate	/title	^#D1FFDE;Protectorate Identity Card Cache	unused-or-deprecated-asset
GiC	Galaxy_in_Conflict_contents_2754886445.pak	/interface/windowconfig/LEGACY/gic_spaceport_merchantterminal.config	/paneLayout/windowtitle/subtitle	  Make sharp things.	unused-or-deprecated-asset
GiC	Galaxy_in_Conflict_contents_2754886445.pak	/interface/windowconfig/LEGACY/gic_spaceport_merchantterminal.config	/paneLayout/lblSchematics/value	^#b9b5b2;BLUEPRINTS	unused-or-deprecated-asset
GiC	Galaxy_in_Conflict_contents_2754886445.pak	/interface/windowconfig/LEGACY/gic_spaceport_merchantterminal.config	/paneLayout/lblProducttitle/value	^#b9b5b2;PRODUCT	unused-or-deprecated-asset
GiC	Galaxy_in_Conflict_contents_2754886445.pak	/interface/windowconfig/LEGACY/gic_spaceport_merchantterminal.config	/paneLayout/lblProduct/value	MATERIALS AVAILABLE	unused-or-deprecated-asset
GiC	Galaxy_in_Conflict_contents_2754886445.pak	/interface/windowconfig/LEGACY/gic_spaceport_merchantterminal.config	/paneLayout/scrollArea/children/itemList/schema/listTemplate/itemName/value	Replace Me	unused-or-deprecated-asset
GiC	Galaxy_in_Conflict_contents_2754886445.pak	/codex/LEGACY/PROTECTORATE/COASTLINE/gic_wildlands_coastline_house_4.codex	/title	^#6B88FF;Interdepartmental Chat MSG	unused-or-deprecated-asset
GiC	Galaxy_in_Conflict_contents_2754886445.pak	/codex/LEGACY/PROTECTORATE/COASTLINE/gic_wildlands_coastline_house_4.codex	/description	Chaos. Confusion. Conclusion.	unused-or-deprecated-asset
GiC	Galaxy_in_Conflict_contents_2754886445.pak	/items/WEAPONS/LEGACY/gic_federatsiya1850/gic_federatsiya1850.activeitem	/description	LEGACY ITEM - This is a pre-v4.0 item and you should not be seeing this unless you have an older save. This item may no longer work. Please find a post-v4.0 item equivalent for its updated code and delete this item.	unused-or-deprecated-asset
GiC	Galaxy_in_Conflict_contents_2754886445.pak	/items/WEAPONS/LEGACY/gic_federatsiya1850/gic_federatsiya1850.activeitem	/shortdescription	[LEGACY ITEM]	unused-or-deprecated-asset
GiC	Galaxy_in_Conflict_contents_2754886445.pak	/quests/STORY/LEGACY/ESTHER/MISSION_ACTIONS/gic_ec11_stealthbonus.questtemplate	/title	^#D1FFDE;FNG Stealth Bonus Crate	unused-or-deprecated-asset
GiC	Galaxy_in_Conflict_contents_2754886445.pak	/interface/windowconfig/gic_guardsmansupplies_warehouse.config	/paneLayout/scrollArea/children/itemList/schema/listTemplate/itemName/value	Replace Me	template-placeholder
GiC	Galaxy_in_Conflict_contents_2754886445.pak	/quests/STORY/LEGACY/ESTHER/MISSION_ACTIONS/gic_ec11_officesafe.questtemplate	/title	^#D1FFDE;Office Safe Audiograph	unused-or-deprecated-asset
GiC	Galaxy_in_Conflict_contents_2754886445.pak	/interface/windowconfig/LEGACY/gic_crafting_largebase.config	/paneLayout/windowtitle/subtitle	  Make sharp things.	unused-or-deprecated-asset
GiC	Galaxy_in_Conflict_contents_2754886445.pak	/interface/windowconfig/LEGACY/gic_crafting_largebase.config	/paneLayout/lblSchematics/value	^#b9b5b2;BLUEPRINTS	unused-or-deprecated-asset
GiC	Galaxy_in_Conflict_contents_2754886445.pak	/interface/windowconfig/LEGACY/gic_crafting_largebase.config	/paneLayout/lblProducttitle/value	^#b9b5b2;PRODUCT	unused-or-deprecated-asset
GiC	Galaxy_in_Conflict_contents_2754886445.pak	/interface/windowconfig/LEGACY/gic_crafting_largebase.config	/paneLayout/lblProduct/value	MATERIALS AVAILABLE	unused-or-deprecated-asset
GiC	Galaxy_in_Conflict_contents_2754886445.pak	/interface/windowconfig/LEGACY/gic_crafting_largebase.config	/paneLayout/scrollArea/children/itemList/schema/listTemplate/itemName/value	Replace Me	unused-or-deprecated-asset
GiC	Galaxy_in_Conflict_contents_2754886445.pak	/items/WEAPONS/LEGACY/gic_u500/gic_u500_redarmy_npc.activeitem	/description	"A flamethrower combination that seems to appear more like a standard infantryman's kit. The ROKS U-500 was designed not to draw attention, so both fuel and gas are hidden within a flame-resistant backpack; the flame projector was designed to resemble a typical bolt-action rifle. Requires specialized U-500 Back-Mounted Pressurized Fuel Tanks.

The flames will spread out when in the air and create a pool of fire on hitting terrain. Afflicts ^orange;IGNITION^reset; on ^orange;DIRECT HITS.^reset;"	unused-or-deprecated-asset
GiC	Galaxy_in_Conflict_contents_2754886445.pak	/items/WEAPONS/LEGACY/gic_u500/gic_u500_redarmy_npc.activeitem	/shortdescription	ROKS U-500 Flamethrower	unused-or-deprecated-asset
GiC	Galaxy_in_Conflict_contents_2754886445.pak	/monsters/LEGACY/UNITED_SYSTEMS/gic_division16_hellstrain_mustang/gic_division16_hellstrain_mustang.monstertype	/description	Division 16 Hell's Train Mustang	unused-or-deprecated-asset
GiC	Galaxy_in_Conflict_contents_2754886445.pak	/items/AMMUNITION/LEGACY/STANAG_FEDERATSIYA/gic_stanag_federatsiya_556x45mm_drum_mag.item	/description	5.56x45mm magazine adopted by a variety of private firearms manufacturers. 50 rounds per drum magazine.	unused-or-deprecated-asset
GiC	Galaxy_in_Conflict_contents_2754886445.pak	/items/AMMUNITION/LEGACY/STANAG_FEDERATSIYA/gic_stanag_federatsiya_556x45mm_drum_mag.item	/shortdescription	STANAG NATO 5.56 Drum	unused-or-deprecated-asset
GiC	Galaxy_in_Conflict_contents_2754886445.pak	/codex/LEGACY/UNITED_SYSTEMS/gic_unitedsystems_recruitment/gic_unitedsystems_recruitment.codex	/title	US - Recruitment	unused-or-deprecated-asset
GiC	Galaxy_in_Conflict_contents_2754886445.pak	/codex/LEGACY/UNITED_SYSTEMS/gic_unitedsystems_recruitment/gic_unitedsystems_recruitment.codex	/description	An ordinary recruitment advertisement.	unused-or-deprecated-asset
GiC	Galaxy_in_Conflict_contents_2754886445.pak	/items/WEAPONS/LEGACY/gic_rg8/gic_rg8.activeitem	/description	LEGACY ITEM - This is a pre-v4.0 item and you should not be seeing this unless you have an older save. This item may no longer work. Please find a post-v4.0 item equivalent for its updated code and delete this item.	unused-or-deprecated-asset
GiC	Galaxy_in_Conflict_contents_2754886445.pak	/items/WEAPONS/LEGACY/gic_rg8/gic_rg8.activeitem	/shortdescription	[LEGACY ITEM]	unused-or-deprecated-asset
GiC	Galaxy_in_Conflict_contents_2754886445.pak	/items/WEAPONS/LEGACY/DEPRECATED_SPECIAL/gic_suicide_c4/gic_suicide_c4_highpower.activeitem	/shortdescription	Immediate self-detonation.	unused-or-deprecated-asset
GiC	Galaxy_in_Conflict_contents_2754886445.pak	/quests/STORY/LEGACY/ESTHER/MISSION_ACTIONS/gic_ec11_deadplanetletter.questtemplate	/title	^#D1FFDE;Dead Planet Letter	unused-or-deprecated-asset
GiC	Galaxy_in_Conflict_contents_2754886445.pak	/interface/warping/LEGACY/gic_powerplantdestruction_2_3.config	/destinations/0/name	Part 2: Battle-Train 'Maverick'	unused-or-deprecated-asset
GiC	Galaxy_in_Conflict_contents_2754886445.pak	/items/MEDICAL/OLD/gic_usgp8_combatstimulant.consumable	/description	"''Move! My mum's faster than you!''
  
A ^yellow;modern combat stimulant^white; issued to specific militaries of the ^green;United Systems.^white; While not technically chemically-addictive, many still feel as if they cannot operate without it.

^green;Grants suppression immunity^white; for ^yellow;2 hours.^white;"	unused-or-deprecated-asset
GiC	Galaxy_in_Conflict_contents_2754886445.pak	/items/MEDICAL/OLD/gic_usgp8_combatstimulant.consumable	/shortdescription	^yellow;United Systems Go-Pill 8	unused-or-deprecated-asset
GiC	Galaxy_in_Conflict_contents_2754886445.pak	/codex/LEGACY/TYLIAN/gic_tylian_fleetingthoughts_1.codex	/title	Fleeting Thoughts #1	unused-or-deprecated-asset
GiC	Galaxy_in_Conflict_contents_2754886445.pak	/codex/LEGACY/TYLIAN/gic_tylian_fleetingthoughts_1.codex	/description	How... How is this possible?	unused-or-deprecated-asset
GiC	Galaxy_in_Conflict_contents_2754886445.pak	/items/WEAPONS/LEGACY/COPSC/gic_copsc_dmr/gic_copsc_dmr.activeitem	/description	LEGACY ITEM - This is a pre-v4.0 item and you should not be seeing this unless you have an older save. This item may no longer work. Please find a post-v4.0 item equivalent for its updated code and delete this item.	unused-or-deprecated-asset
GiC	Galaxy_in_Conflict_contents_2754886445.pak	/items/WEAPONS/LEGACY/COPSC/gic_copsc_dmr/gic_copsc_dmr.activeitem	/shortdescription	[LEGACY ITEM]	unused-or-deprecated-asset
GiC	Galaxy_in_Conflict_contents_2754886445.pak	/items/SHIELDS/LEGACY/gic_psychic_bucklershield/gic_psychic_bucklershield.activeitem	/description	"-blank-

^yellow;Force Deflection: 1.5 second perfect block time.^white;
^yellow;All-in: 5hp blocking power.^white;"	unused-or-deprecated-asset
GiC	Galaxy_in_Conflict_contents_2754886445.pak	/items/SHIELDS/LEGACY/gic_psychic_bucklershield/gic_psychic_bucklershield.activeitem	/shortdescription	Psychic Buckler Shield	unused-or-deprecated-asset
GiC	Galaxy_in_Conflict_contents_2754886445.pak	/interface/windowconfig/gic_humanclothesshop_militarysection.config	/paneLayout/scrollArea/children/itemList/schema/listTemplate/itemName/value	Replace Me	template-placeholder
GiC	Galaxy_in_Conflict_contents_2754886445.pak	/objects/MISSIONS/LEGACY/gic_esther_chapter_1_lionheart/gic_esther_chapter_4_final_lionheart.object	/interactData/paneLayoutOverride/windowtitle/title	  Lionheart, The Court Judge	unused-or-deprecated-asset
GiC	Galaxy_in_Conflict_contents_2754886445.pak	/objects/MISSIONS/LEGACY/gic_esther_chapter_1_lionheart/gic_esther_chapter_4_final_lionheart.object	/interactData/paneLayoutOverride/windowtitle/subtitle	  Reclaiming Blood and Law.	unused-or-deprecated-asset
GiC	Galaxy_in_Conflict_contents_2754886445.pak	/codex/LEGACY/GUN_INFORMATION/gic_bastardgunseries/gic_bastardgunseries.codex	/title	Origins: 'Bastard'	unused-or-deprecated-asset
GiC	Galaxy_in_Conflict_contents_2754886445.pak	/items/AMMUNITION/LEGACY/OLD/gic_usm47_mag/gic_usm47_mag.item	/description	Fits in the USM47A2, USM47P, USM60, and the Bastard Gun. 30 rounds in a magazine.	unused-or-deprecated-asset
GiC	Galaxy_in_Conflict_contents_2754886445.pak	/items/AMMUNITION/LEGACY/OLD/gic_usm47_mag/gic_usm47_mag.item	/shortdescription	USM47A2-Type Magazine	unused-or-deprecated-asset
GiC	Galaxy_in_Conflict_contents_2754886445.pak	/npcs/crew/LEGACY/gic_retainer_alliance_quartermaster_crew.npctype	/scriptConfig/crew/interactData/title	^#52A8DD;Alliance Quartermaster Retainer^reset;	unused-or-deprecated-asset
GiC	Galaxy_in_Conflict_contents_2754886445.pak	/npcs/crew/LEGACY/gic_retainer_alliance_quartermaster_crew.npctype	/scriptConfig/crew/interactData/subtitle	^#E0C200;''When even one rifle is faulty, the army is weakened.''^reset;	unused-or-deprecated-asset
GiC	Galaxy_in_Conflict_contents_2754886445.pak	/npcs/crew/LEGACY/gic_retainer_alliance_quartermaster_crew.npctype	/scriptConfig/crew/interactData/message	"^#E0C200;+15% EWS Hit Chance and Accuracy.^reset;

^#52A8DD;The Alliance of Independents are known for their mercantile traditions and can maintain the influx of war equipment for the crew, as well as maintaining weaponry and gear themselves.^reset;"	unused-or-deprecated-asset
GiC	Galaxy_in_Conflict_contents_2754886445.pak	/items/SHIELDS/LEGACY/gic_heiandefender_greatshield/gic_heiandefender_greatshield_npc.activeitem	/description	"---

^#D6DFFF;Shield Bash: Moving at great speeds and colliding with an enemy will deal damage based on the speed of the user.^white;"	unused-or-deprecated-asset
GiC	Galaxy_in_Conflict_contents_2754886445.pak	/items/SHIELDS/LEGACY/gic_heiandefender_greatshield/gic_heiandefender_greatshield_npc.activeitem	/shortdescription	Heian Defender Scutum	unused-or-deprecated-asset
GiC	Galaxy_in_Conflict_contents_2754886445.pak	/items/MATERIALS/OLD/GUN_KITS/gic_crudegunmodkit/gic_crudegunmodkit.item	/description	A home-crafted kit for crude internal modifications or 'forced' external attachments to a weapon.	unused-or-deprecated-asset
GiC	Galaxy_in_Conflict_contents_2754886445.pak	/items/MATERIALS/OLD/GUN_KITS/gic_crudegunmodkit/gic_crudegunmodkit.item	/shortdescription	Crude Gun Mod Kit	unused-or-deprecated-asset
GiC	Galaxy_in_Conflict_contents_2754886445.pak	/items/UNUSED/RESEARCH/gic_colonialprison_prisonerdocument/gic_colonialprison_prisonerdocument.item	/description	Information on a variety of different prisoners held within remote colonial prison complexes. The document makes consistent notes on the effects of paranormal activity and the legitimization of spiritual entities. Many of the detained are noted as not having committed any actual crimes.	unused-or-deprecated-asset
GiC	Galaxy_in_Conflict_contents_2754886445.pak	/items/UNUSED/RESEARCH/gic_colonialprison_prisonerdocument/gic_colonialprison_prisonerdocument.item	/shortdescription	Colonial Prisoner Document	unused-or-deprecated-asset
GiC	Galaxy_in_Conflict_contents_2754886445.pak	/quests/STORY/LEGACY/ESTHER/gic_esther_chapter_5_0_division16.questtemplate	/title	^yellow;[GiC]: Chapter 5 - Division 16	unused-or-deprecated-asset
GiC	Galaxy_in_Conflict_contents_2754886445.pak	/interface/warping/LEGACY/gic_boonestreettoassault.config	/destinations/0/name	Part 3: The Assault	unused-or-deprecated-asset
GiC	Galaxy_in_Conflict_contents_2754886445.pak	/codex/LEGACY/MISSIONS/ESTHER/1_1_FNG/gic_ec11_drugs.codex	/title	EC11 - Drugs	unused-or-deprecated-asset
GiC	Galaxy_in_Conflict_contents_2754886445.pak	/codex/LEGACY/MISSIONS/ESTHER/1_1_FNG/gic_ec11_drugs.codex	/description	Esther Chapter 1-1-D	unused-or-deprecated-asset
GiC	Galaxy_in_Conflict_contents_2754886445.pak	/items/WEAPONS/LEGACY/gic_vich919/gic_vich919_onehanded.activeitem	/description	LEGACY ITEM - This is a pre-v4.0 item and you should not be seeing this unless you have an older save. This item may no longer work. Please find a post-v4.0 item equivalent for its updated code and delete this item.	unused-or-deprecated-asset
GiC	Galaxy_in_Conflict_contents_2754886445.pak	/items/WEAPONS/LEGACY/gic_vich919/gic_vich919_onehanded.activeitem	/shortdescription	[LEGACY ITEM]	unused-or-deprecated-asset
GiC	Galaxy_in_Conflict_contents_2754886445.pak	/items/WEAPONS/LEGACY/DEPRECATED_SPECIAL/gic_wolfknightsrepeatingcrossbow/gic_wolfknightsrepeatingcrossbow_old.activeitem	/description	"A type of crossbow intended for use to face mobs alone, with immense suppressive power. When the lupine tengu became aware of the psychic cold, they were forced to fight the possessed townsfolk of their homelands.
^#688686;Gank Squad: Heavy Knockback in every shot.^white;
^red;Distant Scar: Heavy Bleeding in every shot."	unused-or-deprecated-asset
GiC	Galaxy_in_Conflict_contents_2754886445.pak	/items/WEAPONS/LEGACY/DEPRECATED_SPECIAL/gic_wolfknightsrepeatingcrossbow/gic_wolfknightsrepeatingcrossbow_old.activeitem	/shortdescription	Wolf-Knight's Repeating Crossbow	unused-or-deprecated-asset
GiC	Galaxy_in_Conflict_contents_2754886445.pak	/items/WEAPONS/LEGACY/ANCIENT_LEGACY/AUGMENTYR/gic_augmentyr_rifle/gic_augmentyr_rifle.activeitem	/description	Quite simply an Anti-Air 'Rifle'. Unwieldy, but powerful.	unused-or-deprecated-asset
GiC	Galaxy_in_Conflict_contents_2754886445.pak	/items/WEAPONS/LEGACY/ANCIENT_LEGACY/AUGMENTYR/gic_augmentyr_rifle/gic_augmentyr_rifle.activeitem	/shortdescription	Augmentyr Rifle	unused-or-deprecated-asset
GiC	Galaxy_in_Conflict_contents_2754886445.pak	/quests/STORY/LEGACY/ESTHER/gic_esther_chapter_0_0_technicalities.questtemplate	/title	^#D1FFDE;Protectorate Technicalities	unused-or-deprecated-asset
GiC	Galaxy_in_Conflict_contents_2754886445.pak	/codex/LEGACY/Global_Earth_News/gic_gen_3/gic_gen_3.codex	/title	Earth Newspaper Headline #3	unused-or-deprecated-asset
GiC	Galaxy_in_Conflict_contents_2754886445.pak	/quests/STORY/LEGACY/ESTHER/LIONHEART/gic_esther_chapter_3_mech_lionheart.questtemplate	/title	^#D1FFDE;The End of Gensokyo	unused-or-deprecated-asset
GiC	Galaxy_in_Conflict_contents_2754886445.pak	/codex/LEGACY/Global_Earth_News/gic_gen_11/gic_gen_11.codex	/title	Earth Newspaper Headline #11	unused-or-deprecated-asset
GiC	Galaxy_in_Conflict_contents_2754886445.pak	/items/UNUSED/REMNANTS/gic_remnant_coordinator.item	/description	"An energetic remnant of Coordinator, a fragmented personality of a different mind.
The Coordinator was born from an Abyss-tainted fragment of the Erchius hive. Dredged from the depths, the Coordinator kept itself hidden from human excavations to bide its time and make plans for a takeover. When the time was right, it installed itself onto the colonial reactor, overriding the synth directives and overthrowing its human inhabitants.
^#FFE460;Trade at a Soulsmith to transform into something greater.^reset;"	unused-or-deprecated-asset
GiC	Galaxy_in_Conflict_contents_2754886445.pak	/items/UNUSED/REMNANTS/gic_remnant_coordinator.item	/shortdescription	Remnant of the Coordinator	unused-or-deprecated-asset
GiC	Galaxy_in_Conflict_contents_2754886445.pak	/items/WEAPONS/LEGACY/gic_dcmk51/gic_dcmk51.activeitem	/description	LEGACY ITEM - This is a pre-v4.0 item and you should not be seeing this unless you have an older save. This item may no longer work. Please find a post-v4.0 item equivalent for its updated code and delete this item.	unused-or-deprecated-asset
GiC	Galaxy_in_Conflict_contents_2754886445.pak	/items/WEAPONS/LEGACY/gic_dcmk51/gic_dcmk51.activeitem	/shortdescription	[LEGACY ITEM]	unused-or-deprecated-asset
GiC	Galaxy_in_Conflict_contents_2754886445.pak	/codex/LEGACY/MISSIONS/ESTHER/0_1_ARKBEYOND/gic_ec01_mundanerelics.codex	/title	EC01 - Mundane Relics	unused-or-deprecated-asset
GiC	Galaxy_in_Conflict_contents_2754886445.pak	/codex/LEGACY/MISSIONS/ESTHER/0_1_ARKBEYOND/gic_ec01_mundanerelics.codex	/description	Esther Chapter 0-1-MR	unused-or-deprecated-asset
GiC	Galaxy_in_Conflict_contents_2754886445.pak	/items/MATERIALS/OLD/gic_bombparts/gic_bombparts.item	/description	"''Whether a bomb's made for spreadin' shrapnel or for blastin' apart foes, the killin's all the same.''

Everything you need to make a custom, remotely detonated bomb. It is arranged here in safe, inert, and organized pieces prior to being assembled by a professional.

Used to assemble explosives."	unused-or-deprecated-asset
GiC	Galaxy_in_Conflict_contents_2754886445.pak	/items/MATERIALS/OLD/gic_bombparts/gic_bombparts.item	/shortdescription	Bomb Parts	unused-or-deprecated-asset
GiC	Galaxy_in_Conflict_contents_2754886445.pak	/codex/LEGACY/MISSIONS/ESTHER/1_H_DOCKINGBAY75/gic_ec1h_switchflippers.codex	/title	EC1H - Switch Flippers	unused-or-deprecated-asset
GiC	Galaxy_in_Conflict_contents_2754886445.pak	/codex/LEGACY/MISSIONS/ESTHER/1_H_DOCKINGBAY75/gic_ec1h_switchflippers.codex	/description	Esther Chapter 1-H-SF	unused-or-deprecated-asset
GiC	Galaxy_in_Conflict_contents_2754886445.pak	/vehicles/LEGACY/gic_sika_helicopter_mg/gic_sika_helicopter_mg.vehicle	/repairTextConfig/actionOnReap/0/specification/text	^green;+100 HP^reset;	unused-or-deprecated-asset
GiC	Galaxy_in_Conflict_contents_2754886445.pak	/interface/windowconfig/COOKING/gic_cooking_cuttingboard.config	/paneLayout/scrollArea/children/itemList/schema/listTemplate/itemName/value	Replace Me	template-placeholder
