asset	field	en	ko	src
/items/currency/fugeneticmaterial.currency	description	Gathered genetic material.	채집한 유전 물질.	
/items/currency/fugeneticmaterial.currency	shortdescription	Genes	유전자	
/items/currency/fumadnessresource.currency	description	Some things are best left alone.	어떤 것들은 그냥 두는 게 낫다.	
/items/currency/fumadnessresource.currency	shortdescription	Madness	광기	
/items/currency/fuprecursorresource.currency	description	A mysterious substance that can directly affect organic brainwaves.	유기체 뇌파에 직접 작용할 수 있는 정체불명의 물질.	
/items/currency/fuprecursorresource.currency	shortdescription	Protheon	프로테온	
/items/currency/fuscienceresource.currency	description	Compiled research, notes and knowledge.	정리된 연구 자료와 지식.	
/items/currency/fuscienceresource.currency	shortdescription	Research	연구	
/items/materials/aegisaltcrystal.matitem	description	"Light seems to twist inside these crystals.
^green;Extractable^reset;, ^orange;Crushable^reset;."	"빛이 이 결정 안에서 휘어지는 것 같다.
^green;추출 가능^reset;, ^orange;분쇄 가능^reset;."	
/items/materials/aegisaltcrystal.matitem	shortdescription	Stellara Crystal	스텔라라 크리스탈	
/items/materials/aenbridge.matitem	description	Some Aen Wood carved for use in bridges, supports need not apply.	다리용으로 깎은 앤 나무. 지지대는 필요 없다.	
/items/materials/aenbridge.matitem	shortdescription	Aen Bridge Plank	앤 다리 판자	
/items/materials/aencrosshatch.matitem	description	A lattice of Aen Wood made for use in windows, has a nebulaic membrane.	창문용으로 만든 앤 나무 격자. 성운 막이 있다.	
/items/materials/aencrosshatch.matitem	shortdescription	Aen Nebula Lattice	앤 성운 격자	
/items/materials/aencrosshatchbasic.matitem	description	A lattice of Aen Wood made for use in windows.	창문용으로 만든 앤 나무 격자.	
/items/materials/aencrosshatchbasic.matitem	shortdescription	Aen Window Lattice	앤 창문 격자	
/items/materials/aenfence.matitem	description	A fence made from Aen Wood, has a nebulaic membrane for extra stopping power.	앤 나무로 만든 울타리. 차단력을 높이는 성운 막이 있다.	
/items/materials/aenfence.matitem	shortdescription	Aen Nebula Fence	앤 성운 울타리	
/items/materials/aenfencebasic.matitem	description	A fence made from Aen Wood.	앤 나무로 만든 울타리.	
/items/materials/aenfencebasic.matitem	shortdescription	Aen Fence	앤 울타리	
/items/materials/aenflooring.matitem	description	Some high quality wood flooring made from Aen Wood.	앤 나무로 만든 고급 목재 바닥재.	
/items/materials/aenflooring.matitem	shortdescription	Aen Flooring	앤 바닥재	
/items/materials/aenornatewood.matitem	description	A well made Aen Wood log support, strong and starry.	잘 만든 앤 나무 통나무 지지대. 튼튼하고 별이 반짝인다.	
/items/materials/aenornatewood.matitem	shortdescription	Aen Wood Support	앤 나무 지지대	
/items/materials/aenplatform.matitem	description	A pretty Aen Wood platform.	예쁜 앤 나무 플랫폼.	
/items/materials/aenplatform.matitem	shortdescription	Aen Wood Platform	앤 나무 플랫폼	
/items/materials/aentimber.matitem	description	"Some processed Aen Wood, ""perfect"" for building and crafting."	"가공한 앤 나무. 건축과 제작에 ""완벽""하다."	
/items/materials/aentimber.matitem	shortdescription	Aen Timber	앤 목재	
/items/materials/aenwoodenwindow1.matitem	description	A slightly glowing window made from Aether glass and Aen Wood.	에테르 유리와 앤 나무로 만든 희미하게 빛나는 창문.	
/items/materials/aenwoodenwindow1.matitem	shortdescription	Aen Window	앤 창문	
/items/materials/aenwoodenwindow2.matitem	description	Some blinds made of Aen Wood, keeps light out but also makes it.	앤 나무 블라인드. 빛을 막아주지만 또 만들어주기도 한다.	
/items/materials/aenwoodenwindow2.matitem	shortdescription	Aen Wood Blinds	앤 나무 블라인드	
/items/materials/aliensoil.matitem	shortdescription	Alien Soil	외계 토양	
/items/materials/aliensoil.matitem	description	"Strange soil with an almost neon glow.
^green;Extractable^reset;, ^orange;Siftable^reset;."	"거의 네온처럼 빛나는 이상한 흙.
^green;추출 가능^reset;, ^orange;체질 가능^reset;."	
/items/materials/amberplatform.matitem	shortdescription	Amber Platform	앰버 플랫폼	
/items/materials/amberplatform.matitem	description	A rich amber platform	진한 호박색 플랫폼.	
/items/materials/ancientblockcracked.matitem	description	These bricks have been weathered by time.	세월에 풍화된 벽돌들.	
/items/materials/ancientblockcracked.matitem	shortdescription	Ancient Cracked Block	고대의 금이 간 블록	
/items/materials/ancientblockplain.matitem	description	These plain bricks have certainly survived the test of time.	수수한 이 벽돌들은 분명 오랜 세월을 견뎌냈다.	
/items/materials/ancientblockplain.matitem	shortdescription	Ancient Plain Block	고대 수수 블록	
/items/materials/ancientbrickplain.matitem	description	This plain carved brick is immeasurably old.	이 수수한 조각 벽돌은 헤아릴 수 없이 오래되었다.	
/items/materials/ancientbrickplain.matitem	shortdescription	Ancient Plain Brick	고대 수수 벽돌	
/items/materials/andesite.matitem	description	"A rough volcanic rock.
^green;Extractable^reset;, ^orange;Crushable^reset;."	"거친 화산암.
^green;추출 가능^reset;, ^orange;분쇄 가능^reset;."	
/items/materials/andesite.matitem	shortdescription	Andesite	안산암	
/items/materials/astralwood.matitem	description	"A starry kind of wood imbued with Aether.
^green;Extractable^reset;."	"에테르가 깃든 별빛 나무.
^green;추출 가능^reset;."	
/items/materials/astralwood.matitem	shortdescription	Aen Wood Log	앤 나무 통나무	
/items/materials/autumnleaves.matitem	description	"A bunch of fallen leaves.
^green;Extractable^reset;."	"떨어진 낙엽 한 뭉치.
^green;추출 가능^reset;."	
/items/materials/autumnleaves.matitem	shortdescription	Fallen Leaves	낙엽	
/items/materials/avaliaeroponics.matitem	description	Once tilled, these tubes transport a nutrient aerosol for growing plants within.	일단 갈아엎으면 이 튜브가 식물을 키우는 영양 에어로졸을 운반한다.	
/items/materials/avaliaeroponics.matitem	shortdescription	^cyan;Aeroponic Tubing^reset;	^cyan;에어로포닉 튜빙^reset;	
/items/materials/avalicable.matitem	description	A little bit of metal.	금속 조각 조금.	
/items/materials/avalicable.matitem	shortdescription	Avali Hull Plating	아발리 선체 판	
/items/materials/avalichits.matitem	description	"Physical storage for physical backups.
^green;Extractable^reset;."	"물리적 백업을 위한 물리적 저장소.
^green;추출 가능^reset;."	
/items/materials/avalichits.matitem	shortdescription	Data Storage	데이터 저장고	reuse
/items/materials/avalidarkmetal.matitem	description	A dark metal support beam.	어두운 금속 지지빔.	reuse
/items/materials/avalidarkmetal.matitem	shortdescription	Dark Metal Support	다크 메탈 지지대	
/items/materials/avalidarkmetal2.matitem	description	"A dark metal panel.
^green;Extractable^reset;."	"검은 금속 패널.
^green;추출 가능^reset;."	
/items/materials/avalidarkmetal2.matitem	shortdescription	Dark Metal Panels	다크 메탈 패널	
/items/materials/avalidarkmetal3.matitem	description	A dark metal beam.	검은 금속 빔.	
/items/materials/avalidarkmetal3.matitem	shortdescription	Dark Metal Beam	다크 메탈 빔	
/items/materials/avalidarkplatform.matitem	description	A dark metal platform.	어두운 금속 플랫폼.	reuse
/items/materials/avalidarkplatform.matitem	shortdescription	Dark Metal Platform	다크 메탈 플랫폼	
/items/materials/avalidisplay.matitem	description	These LED displays are a thin adhesive film that can be stuck on any surface.	이 LED 디스플레이는 어느 표면에든 붙일 수 있는 얇은 접착 필름이다.	
/items/materials/avalidisplay.matitem	shortdescription	LED Display	LED 디스플레이	
/items/materials/avaliglass.matitem	description	Wonderful orange-tinted glass.	멋진 주황빛 유리.	
/items/materials/avaliglass.matitem	shortdescription	Aerogel Glass	에어로젤 유리	
/items/materials/avalihexagons1.matitem	description	"Plating in the shape of, and possibly inspired by, a Glitch hive.
^green;Extractable^reset;."	"글리치 하이브 모양의, 어쩌면 그에 영감받은 판.
^green;추출 가능^reset;."	
/items/materials/avalihexagons1.matitem	shortdescription	Hexagonal Plating	육각 판	
/items/materials/avalipaneling.matitem	description	Light and airy panels.	가볍고 통기성 좋은 패널들.	
/items/materials/avalipaneling.matitem	shortdescription	Horizontal Panels	수평 패널	
/items/materials/avalipaneling2.matitem	description	Light and airy panels.	가볍고 통기성 좋은 패널들.	
/items/materials/avalipaneling2.matitem	shortdescription	Vertical Panels	수직 패널	
/items/materials/avaliplain.matitem	description	Plain paneling, because sometimes less is more.	수수한 패널링. 때로는 적은 게 더 낫다.	
/items/materials/avaliplain.matitem	shortdescription	Plain Panels	수수한 패널	
/items/materials/avaliplatform.matitem	description	A platform of Avali design.	아발리식 플랫폼.	
/items/materials/avaliplatform.matitem	shortdescription	Avali Platform	아발리 플랫폼	
/items/materials/avalistairs.matitem	description	Stairs of Avali Design.	아발리식 계단.	
/items/materials/avalistairs.matitem	shortdescription	Avali Stair Platform	아발리 계단 플랫폼	
/items/materials/avalitechpanel.matitem	description	"Polymer panels used to hide and protect electronics.
^green;Extractable^reset;."	"전자장비를 숨기고 보호하는 폴리머 패널.
^green;추출 가능^reset;."	
/items/materials/avalitechpanel.matitem	shortdescription	Tech Panel	테크 패널	
/items/materials/avalitechplatform.matitem	description	Polymer panels used to protect and hide sensitive electronics.	민감한 전자장비를 보호하고 숨기는 폴리머 패널.	
/items/materials/avalitechplatform.matitem	shortdescription	Tech Platform	테크 플랫폼	
/items/materials/avalitiles.matitem	description	Easy wipe-clean tiles... perfect for places prone to mess.	닦기 쉬운 타일... 지저분해지기 쉬운 곳에 딱이다.	
/items/materials/avalitiles.matitem	shortdescription	Composite Tiles	복합 타일	
/items/materials/avianmetalceiling.matitem	shortdescription	Avian Metal Ceiling	에이비언 금속 천장	
/items/materials/avianmetalceiling.matitem	description	Metal ceiling paneling made using Avian technology.	에이비언 기술로 만든 금속 천장 패널링.	
/items/materials/avianmetalfloor.matitem	shortdescription	Avian Metal Floor	에이비언 금속 바닥	
/items/materials/avianmetalfloor.matitem	description	Metal floor using Avian technology.	에이비언 기술로 만든 금속 바닥.	
/items/materials/avianmetaltrim.matitem	shortdescription	Avian Yellow Metal Trim	에이비언 노란 금속 트림	
/items/materials/avianmetaltrim.matitem	description	Yellow metal trim using Avian technology.	에이비언 기술로 만든 노란 금속 트림.	
/items/materials/avianmetaltrim2.matitem	shortdescription	Avian Red Metal Trim	에이비언 빨간 금속 트림	
/items/materials/avianmetaltrim2.matitem	description	Red metal trim using Avian technology.	에이비언 기술로 만든 빨간 금속 트림.	
/items/materials/bioblock2material.matitem	shortdescription	Dense Proto Shale	단단한 원생 셰일	
/items/materials/bioblock2material.matitem	description	"Compacted organic dirt.
^green;Extractable^reset;, ^orange;Siftable^reset;."	"다져진 유기 흙.
^green;추출 가능^reset;, ^orange;체질 가능^reset;."	
/items/materials/bioblockmaterial.matitem	shortdescription	Proto Shale	원생 셰일	
/items/materials/bioblockmaterial.matitem	description	"Organic dirt of unusual appearance.
^green;Extractable^reset;, ^orange;Siftable^reset;."	"특이한 외견의 유기 흙.
^green;추출 가능^reset;, ^orange;체질 가능^reset;."	
/items/materials/biodirtmaterial.matitem	shortdescription	Proto Soil	원생 토양	
/items/materials/biodirtmaterial.matitem	description	"This is some mighty strange dirt.
^green;Extractable^reset;, ^orange;Siftable^reset;."	"정말 기묘한 흙이다.
^green;추출 가능^reset;, ^orange;체질 가능^reset;."	
/items/materials/biogravelmaterial.matitem	shortdescription	Proto Gravel	원생 자갈	
/items/materials/biogravelmaterial.matitem	description	"Strangely-colored gravel.
^green;Extractable^reset;, ^orange;Siftable^reset;."	"기묘한 색의 자갈.
^green;추출 가능^reset;, ^orange;체질 가능^reset;."	
/items/materials/biostonematerial.matitem	shortdescription	Proto Stone	원생 돌	
/items/materials/biostonematerial.matitem	description	"Dense and loaded with minerals.
^green;Extractable^reset;, ^orange;Crushable^reset;."	"단단하고 광물이 가득하다.
^green;추출 가능^reset;, ^orange;분쇄 가능^reset;."	
/items/materials/blackslimematerial.matitem	shortdescription	Black Slime	검은 슬라임	
/items/materials/blackslimematerial.matitem	description	"This is just gross. Seriously. It's all gloppy and toxic!
^green;Extractable^reset;, ^yellow;Centrifugable^reset;."	"그냥 끔찍하다. 진심으로. 온통 끈적하고 독성이야!
^green;추출 가능^reset;, ^yellow;원심분리 가능^reset;."	
/items/materials/blacksteelblock.matitem	description	This iron block has a distinct gear-like imprint.	이 철 블록에는 뚜렷한 톱니바퀴 자국이 있다.	
/items/materials/blacksteelblock.matitem	shortdescription	Iron Gear Block	철 톱니 블록	
/items/materials/bleachedbonematerial.matitem	description	"A collection of sun-bleached bones tightly packed together.
^green;Extractable^reset;."	"햇볕에 바랜 뼈들을 단단히 뭉쳐놓은 것.
^green;추출 가능^reset;."	
/items/materials/bleachedbonematerial.matitem	shortdescription	Bleached Packed Bones	표백된 뼈 블록	
/items/materials/bloodsandmaterial.matitem	description	"As red as your insides.
^green;Extractable^reset;, ^orange;Siftable^reset;."	"네 장기만큼 붉다.
^green;추출 가능^reset;, ^orange;체질 가능^reset;."	
/items/materials/bloodsandmaterial.matitem	shortdescription	Blood Sand	피 모래	
/items/materials/bloodstonematerial.matitem	description	"A block of stone colored blood red.
^green;Extractable^reset;."	"핏빛으로 물든 돌 블록.
^green;추출 가능^reset;."	
/items/materials/bloodstonematerial.matitem	shortdescription	Blood Stone	혈석	
/items/materials/bloodstonewall.matitem	shortdescription	Blood Crystal	혈액 크리스탈	
/items/materials/bloodstonewall.matitem	description	"Contains valuable quietus essence.
^green;Extractable^reset;, ^orange;Crushable^reset;."	"귀중한 콰이에투스 에센스를 함유.
^green;추출 가능^reset;, ^orange;분쇄 가능^reset;."	
/items/materials/bloodstonewall2.matitem	shortdescription	Bloody Rock	핏빛 바위	
/items/materials/bloodstonewall2.matitem	description	"This is probably worth something, somewhere.
^green;Extractable^reset;, ^orange;Crushable^reset;."	"어디선가는 값어치가 있을 것이다.
^green;추출 가능^reset;, ^orange;분쇄 가능^reset;."	
/items/materials/bonemealmaterial.matitem	description	"A block of bone gritted down into dust.
^green;Extractable^reset;, ^orange;Siftable^reset;."	"뼈를 가루로 빻아 만든 블록.
^green;추출 가능^reset;, ^orange;체질 가능^reset;."	
/items/materials/bonemealmaterial.matitem	shortdescription	Bonemeal	뼛가루	
/items/materials/boneyflesh.matitem	shortdescription	Bony Flesh	뼈 있는 살점	
/items/materials/boneyflesh.matitem	description	"This goes well beyond creepy.
^green;Extractable^reset;."	"소름 끼치는 수준을 한참 넘어섰다.
^green;추출 가능^reset;."	
/items/materials/brittlejunk.matitem	description	"A block of rusted junk.
^green;Extractable^reset;, ^orange;Crushable^reset;."	"녹슨 잡동사니 블록.
^green;추출 가능^reset;, ^orange;분쇄 가능^reset;."	
/items/materials/brittlejunk.matitem	shortdescription	Brittle Junk	부서지기 쉬운 잡동사니	
/items/materials/brittlemetal.matitem	description	"Old weakened metal.
^green;Extractable^reset;, ^orange;Crushable^reset;."	"오래되어 약해진 금속.
^green;추출 가능^reset;, ^orange;분쇄 가능^reset;."	
/items/materials/brittlemetal.matitem	shortdescription	Brittle Metal	부서지기 쉬운 금속	
/items/materials/calichewall.matitem	shortdescription	Caliche Stone	칼리체 돌	
/items/materials/calichewall.matitem	description	"Rich in iodine.
^green;Extractable^reset;."	"요오드가 풍부하다.
^green;추출 가능^reset;."	
/items/materials/campbigpole.matitem	description	A heavyweight tent support.	무거운 텐트 기둥.	
/items/materials/campbigpole.matitem	shortdescription	Big Tent Pole	큰 텐트 기둥	
/items/materials/campcanvas.matitem	description	Ultra light, yet ultra strong. Avali tents can stop bullets!	초경량이면서 초강력. 아발리 텐트는 총알도 막는다!	
/items/materials/campcanvas.matitem	shortdescription	Nanocanvas	나노캔버스	
/items/materials/camppole.matitem	description	A lightweight tent support.	가벼운 텐트 기둥.	
/items/materials/camppole.matitem	shortdescription	Nanofibre Pole	나노파이버 기둥	
/items/materials/camptapestry1.matitem	description	A luxurious soft fabric for wall hangings or carpets.	벽걸이나 카펫용 고급 부드러운 직물.	
/items/materials/camptapestry1.matitem	shortdescription	Soft Tapestry	부드러운 태피스트리	
/items/materials/camptapestry2.matitem	description	An embroidered trim, ideal for wall hangings or providing some style.	자수 장식 띠. 벽걸이나 스타일 살리기에 좋다.	
/items/materials/camptapestry2.matitem	shortdescription	Fabric Trim	직물 트림	
/items/materials/charredbonematerial.matitem	description	"A collection of charred bones tightly packed together. Something awful happened to these people.
^green;Extractable^reset;."	"까맣게 탄 뼈들을 단단히 뭉쳐놓은 것. 이 사람들에게 끔찍한 일이 있었다.
^green;추출 가능^reset;."	
/items/materials/charredbonematerial.matitem	shortdescription	Charred Packed Bones	탄 뼈 블록	
/items/materials/charredflesh.matitem	description	"Charred, crisping flesh. Okaaaaaay then. On my way....
^green;Extractable^reset;."	"까맣게 탄 바삭한 살점. 그래 알았어... 가는 중이야....
^green;추출 가능^reset;."	
/items/materials/charredflesh.matitem	shortdescription	Charred Flesh	까맣게 탄 살점	reuse
/items/materials/chromadirtmaterial.matitem	description	"Pure, unblemished soil.
^green;Extractable^reset;, ^orange;Siftable^reset;."	"순수하고 흠 없는 흙.
^green;추출 가능^reset;, ^orange;체질 가능^reset;."	
/items/materials/chromadirtmaterial.matitem	shortdescription	Chromatic Dirt	크로마틱 흙	
/items/materials/coppersloppedpanel.matitem	description	Panels made out of pure copper. Now you just need a clockwork angel!	순수한 구리로 만든 패널. 이제 태엽 천사만 있으면 된다!	
/items/materials/coppersloppedpanel.matitem	shortdescription	Sloped Copper Panel	경사 구리 패널	
/items/materials/copperwindowdim.matitem	description	A window with a frame made from solid copper. Nobody's home...	단단한 구리 틀의 창문. 아무도 없는 듯...	
/items/materials/copperwindowdim.matitem	shortdescription	Dim Copper Window	꺼진 구리 창문	
/items/materials/copperwindowlit.matitem	description	A window with a frame made from solid copper. Somebody's home!	단단한 구리 틀의 창문. 누가 있는 모양이다!	
/items/materials/copperwindowlit.matitem	shortdescription	Lit Copper Window	켜진 구리 창문	
/items/materials/coral2material.matitem	description	"A block of delicate coral.
^green;Extractable^reset;, ^orange;Crushable^reset;."	"섬세한 산호 블록.
^green;추출 가능^reset;, ^orange;분쇄 가능^reset;."	
/items/materials/coral2material.matitem	shortdescription	Delicate Coral	섬세한 산호	
/items/materials/coralmaterial.matitem	description	"A block of ancient coral.
^green;Extractable^reset;, ^orange;Crushable^reset;."	"고대 산호 블록.
^green;추출 가능^reset;, ^orange;분쇄 가능^reset;."	
/items/materials/coralmaterial.matitem	shortdescription	Coral	산호	
/items/materials/corruptslimematerial.matitem	description	"All that remains after being contaminated by dark water.
^green;Extractable^reset;."	"검은 물에 오염된 후 남은 전부.
^green;추출 가능^reset;."	
/items/materials/corruptslimematerial.matitem	shortdescription	Corruption	오염체	
/items/materials/crosshatchdim.matitem	shortdescription	Dim Window Lattice	어두운 창문 격자	
/items/materials/crosshatchdim.matitem	description	A simple lattice made of wood. Nobody's home...	나무로 만든 소박한 격자. 아무도 없는 듯...	
/items/materials/crosshatchlit.matitem	shortdescription	Lit Window Lattice	켜진 창문 격자	
/items/materials/crosshatchlit.matitem	description	A simple lattice made of wood. Somebody's home!	나무로 만든 소박한 격자. 누가 있는 모양이다!	
/items/materials/crystalsandmaterial.matitem	description	"A shiny crystalline sand. Painful to walk on, but pretty.
^green;Extractable^reset;, ^orange;Siftable^reset;."	"반짝이는 결정질 모래. 밟으면 아프지만 예쁘다.
^green;추출 가능^reset;, ^orange;체질 가능^reset;."	
/items/materials/crystalsandmaterial.matitem	shortdescription	Crystal Sand	크리스탈 모래	
/items/materials/darkness.matitem	description	"Solid darkness found in the Umbra... how?
^green;Extractable^reset;, ^orange;Crushable^reset;."	"움브라에서 발견된 고체 어둠... 어째서?
^green;추출 가능^reset;, ^orange;분쇄 가능^reset;."	
/items/materials/darkness.matitem	shortdescription	Block of Darkness	어둠 블록	
/items/materials/darkstone.matitem	shortdescription	Block of Darkstone	다크스톤 블록	
/items/materials/darkstone.matitem	description	"A stone of solid darkness found in the Umbra.
^green;Extractable^reset;, ^orange;Crushable^reset;."	"움브라에서 발견된 고체 어둠의 돌.
^green;추출 가능^reset;, ^orange;분쇄 가능^reset;."	
/items/materials/darkwatercoral.matitem	description	"Living, vital coral
^green;Extractable^reset;, ^orange;Crushable^reset;."	"살아있는 생명력 넘치는 산호
^green;추출 가능^reset;, ^orange;분쇄 가능^reset;."	
/items/materials/darkwatercoral.matitem	shortdescription	Darkwater Coral	다크워터 산호	
/items/materials/darkwoodpanelling.matitem	description	Wood that has been prepared for building and crafting.	건축 및 제작을 위해 준비된 목재입니다.	reuse
/items/materials/darkwoodpanelling.matitem	shortdescription	Timber Panelling	목재 패널링	
/items/materials/deadcore.matitem	shortdescription	Dead Core	죽은 핵	
/items/materials/deadcore.matitem	description	The superdense core of a dead planet. Nearly unbreakable.	죽은 행성의 초고밀도 핵. 거의 부술 수 없다.	
/items/materials/deadearth.matitem	shortdescription	Dead Soil	죽은 토양	
/items/materials/deadearth.matitem	description	"Not much can hope to grow here.
^green;Extractable^reset;, ^orange;Siftable^reset;."	"여기선 자랄 수 있는 게 거의 없다.
^green;추출 가능^reset;, ^orange;체질 가능^reset;."	
/items/materials/diamondblock.matitem	shortdescription	Diamond Block	다이아몬드 블록	
/items/materials/diamondblock.matitem	description	"A block of solid diamond.
^green;Extractable^reset;."	"단단한 다이아몬드 블록.
^green;추출 가능^reset;."	
/items/materials/dollhousecrosshatch.matitem	shortdescription	Dollhouse Window Lattice	인형집 창문 격자	
/items/materials/dollhousecrosshatch.matitem	description	A simple lattice made of dollhouse wood.	인형집 목재로 만든 소박한 격자.	
/items/materials/dollhouseflooring.matitem	description	Delightful dollhouse ornate flooring.	사랑스러운 인형집 장식 바닥재.	
/items/materials/dollhouseflooring.matitem	shortdescription	Dollhouse Ornate Flooring	인형집 장식 바닥재	
/items/materials/dollhousepillar.matitem	description	A cute dollhouse pillar	귀여운 인형집 기둥.	
/items/materials/dollhousepillar.matitem	shortdescription	Dollhouse Pillar Block	인형집 기둥 블록	
/items/materials/dollhouseroofing.matitem	description	Traditional looking dollhouse roofing.	전통풍 인형집 지붕.	
/items/materials/dollhouseroofing.matitem	shortdescription	Dollhouse Roofing	인형집 지붕	
/items/materials/dollhousestriped.matitem	description	Striped...	줄무늬...	
/items/materials/dollhousestriped.matitem	shortdescription	Dollhouse Striped Block	인형집 줄무늬 블록	
/items/materials/dollhousetiles.matitem	description	Exquisite dollhouse roof tiles.	정교한 인형집 지붕 기와.	
/items/materials/dollhousetiles.matitem	shortdescription	Dollhouse Ornate Tiles	인형집 장식 기와	
/items/materials/dollhousewall.matitem	description	A traditional looking wall.	전통풍 벽.	
/items/materials/dollhousewall.matitem	shortdescription	Dollhouse Ornate Wall	인형집 장식 벽	
/items/materials/dollhousewindow1.matitem	shortdescription	Dollhouse Wooden Window	인형집 목재 창문	
/items/materials/dollhousewindow1.matitem	description	A cute window with wooden panes.	나무 창살이 달린 귀여운 창문.	
/items/materials/dollhousewindow2.matitem	shortdescription	Dollhouse Wooden Blinds	인형집 목재 블라인드	
/items/materials/dollhousewindow2.matitem	description	Cute wooden blinds that don't let much light through.	빛을 많이 통과시키지 않는 귀여운 나무 블라인드.	
/items/materials/dollhousewood.matitem	description	Expertly treated dollhouse ornate wood.	정교하게 가공된 인형집 장식 목재.	
/items/materials/dollhousewood.matitem	shortdescription	Dollhouse Ornate Wood	인형집 장식 목재	
/items/materials/dollhousewood2.matitem	description	Wood that has been prepared for building and crafting.	건축 및 제작을 위해 준비된 목재입니다.	reuse
/items/materials/dollhousewood2.matitem	shortdescription	Dollhouse Timber	인형집 목재	
/items/materials/ebonblockmaterial.matitem	description	A block of ebon.	에본 블록.	
/items/materials/ebonblockmaterial.matitem	shortdescription	Ebon Block	에본 블록	
/items/materials/elderbaseboard.matitem	description	Etched with a strange language. Kinda creepy, too.	기묘한 언어가 새겨져 있다. 좀 소름 끼치기도 하고.	
/items/materials/elderbaseboard.matitem	shortdescription	Elder Baseboard	엘더 베이스보드	
/items/materials/elderblock2material.matitem	description	"This feels... wrong.
^green;Extractable^reset;."	"이건... 뭔가 잘못된 느낌이다.
^green;추출 가능^reset;."	
/items/materials/elderblock2material.matitem	shortdescription	Elder Temple Stone	엘더 신전 돌	
/items/materials/elderblockmaterial.matitem	description	"This feels...wrong.
^green;Extractable^reset;."	"이건... 뭔가 잘못된 느낌이다.
^green;추출 가능^reset;."	
/items/materials/elderblockmaterial.matitem	shortdescription	Elder Carved Stone	엘더 조각 돌	
/items/materials/elderbrickmaterial.matitem	description	Covered in maddening, horrid glyphs.	광적인 끔찍한 글리프로 뒤덮여 있다.	
/items/materials/elderbrickmaterial.matitem	shortdescription	Elder Brickwork	엘더 벽돌 공사	
/items/materials/elderbricks2.matitem	description	A strange arrangement of very ancient, unknown stone.	매우 오래된 미지의 돌의 기묘한 배치.	
/items/materials/elderbricks2.matitem	shortdescription	Elder Bricks	엘더 벽돌	
/items/materials/elderfloormaterial.matitem	description	Ancient, unknown glyphs cover this strange carved stone.	기묘한 조각 돌을 고대의 미지의 글리프가 뒤덮고 있다.	
/items/materials/elderfloormaterial.matitem	shortdescription	Elder Floor	엘더 바닥	
/items/materials/elderpillar1material.matitem	description	Ancient, unknown glyphs cover this strange carved stone.	기묘한 조각 돌을 고대의 미지의 글리프가 뒤덮고 있다.	
/items/materials/elderpillar1material.matitem	shortdescription	Elder Support	엘더 지지대	
/items/materials/elderpillarcapmaterial.matitem	description	Ancient, unknown glyphs cover this strange carved stone.	기묘한 조각 돌을 고대의 미지의 글리프가 뒤덮고 있다.	
/items/materials/elderpillarcapmaterial.matitem	shortdescription	Elder Block	엘더 블록	
/items/materials/elderplatform.matitem	description	Whatever this is made from, it's not normal.	무엇으로 만들어졌든, 정상이 아니다.	
/items/materials/elderplatform.matitem	shortdescription	Elder Platform	엘더 플랫폼	
/items/materials/elderroof.matitem	description	Roofing of Elder origin.	엘더 기원의 지붕.	
/items/materials/elderroof.matitem	shortdescription	Elder Roofing	엘더 지붕	
/items/materials/elderstone2material.matitem	description	"This feels... wrong.
^green;Extractable^reset;."	"이건... 뭔가 잘못된 느낌이다.
^green;추출 가능^reset;."	
/items/materials/elderstone2material.matitem	shortdescription	Mutated Elder Soil	돌연변이 엘더 토양	
/items/materials/elderstonematerial.matitem	description	"This feels... wrong.
^green;Extractable^reset;."	"이건... 뭔가 잘못된 느낌이다.
^green;추출 가능^reset;."	
/items/materials/elderstonematerial.matitem	shortdescription	Elder Soil	엘더 토양	
/items/materials/eldertile.matitem	description	Unknown stone that joins perfectly.	완벽하게 맞물리는 미지의 돌.	
/items/materials/eldertile.matitem	shortdescription	Elder Tile	엘더 타일	
/items/materials/elduubricks.matitem	description	Bricks carved from some sort of golden material.	일종의 황금 재료로 조각한 벽돌.	
/items/materials/elduubricks.matitem	shortdescription	Carved Bricks	조각 벽돌	
/items/materials/elduuglasssloped.matitem	description	Glass made from refined crystal.	정제 크리스탈로 만든 유리.	
/items/materials/elduuglasssloped.matitem	shortdescription	Basic Crystal Glass	기본 크리스탈 유리	
/items/materials/elduuglasssloped2.matitem	description	Glass made from refined crystal.	정제 크리스탈로 만든 유리.	
/items/materials/elduuglasssloped2.matitem	shortdescription	Advanced Crystal Glass	고급 크리스탈 유리	
/items/materials/elduupanelsloped.matitem	description	Panelling made from gold and a crystal alloy.	금과 크리스탈 합금으로 만든 패널링.	
/items/materials/elduupanelsloped.matitem	shortdescription	Basic Crystal Panels	기본 크리스탈 패널	
/items/materials/elduupanelsloped2.matitem	description	Panelling made from gold and a crystal alloy.	금과 크리스탈 합금으로 만든 패널링.	
/items/materials/elduupanelsloped2.matitem	shortdescription	Advanced Crystal Panels	고급 크리스탈 패널	
/items/materials/energywood.matitem	description	"Freshly chopped energy wood. It could be used as fuel.
^blue;+^white;1 ^blue;Fuel^reset;
^green;Extractable^reset;."	"갓 자른 에너지 나무. 연료로 쓸 수 있다.
^blue;+^white;1 ^blue;연료^reset;
^green;추출 가능^reset;."	
/items/materials/energywood.matitem	shortdescription	Energy Wood	에너지 나무	
/items/materials/erchiuspillar.matitem	description	Solid pillar made of erchius.	에르키우스로 만든 단단한 기둥.	
/items/materials/erchiuspillar.matitem	shortdescription	Erchius Pillar	에르키우스 기둥	
/items/materials/fancywoodstairs.matitem	description	Fancy. Polished wood, gleaming iron.	고급스럽다. 윤기 나는 목재와 반짝이는 철.	
/items/materials/fancywoodstairs.matitem	shortdescription	Fancy Wood Platform	고급 목재 플랫폼	
/items/materials/flowerybars.matitem	description	Iron bars grown-over with plants.	식물이 뒤덮은 철창.	
/items/materials/flowerybars.matitem	shortdescription	Flowered Iron Bars	꽃핀 철창	
/items/materials/frozensand2material.matitem	description	"Sand covered in ice.
^green;Extractable^reset;."	"얼음으로 덮인 모래.
^green;추출 가능^reset;."	
/items/materials/frozensand2material.matitem	shortdescription	Icy Sand	얼어붙은 모래	
/items/materials/frozensandmaterial.matitem	description	"Frozen sand, topped off with ice.
^green;Extractable^reset;, ^orange;Siftable^reset;."	"얼어붙은 모래, 위에 얼음이 얹혀 있다.
^green;추출 가능^reset;, ^orange;체질 가능^reset;."	
/items/materials/frozensandmaterial.matitem	shortdescription	Frozen Sand	빙결 모래	
/items/materials/frozenstonematerial.matitem	description	"Really cold, ice-encrusted stone.
^green;Extractable^reset;, ^orange;Crushable^reset;."	"정말 차가운, 얼음이 박힌 돌.
^green;추출 가능^reset;, ^orange;분쇄 가능^reset;."	
/items/materials/frozenstonematerial.matitem	shortdescription	Icy Stone	빙결 돌	
/items/materials/fu_blockIrradium.matitem	itemName	fu_blockIrradium	이라디움 블록	
/items/materials/fu_blockIrradium.matitem	shortdescription	Irradium Slab	이라디움 슬라브	
/items/materials/fu_blockIrradium.matitem	description	Slab of purified Irradium. I wouldn't touch this stuff - Radioactive.	정제된 이라디움 슬라브. 만지지 않는 게 좋다 - 방사성.	
/items/materials/fu_blockPlutonium.matitem	itemName	fu_blockPlutonium	플루토늄 블록	
/items/materials/fu_blockPlutonium.matitem	shortdescription	Plutonium Slab	플루토늄 슬라브	
/items/materials/fu_blockPlutonium.matitem	description	Slab of purified Plutonium. I wouldn't touch this stuff - Radioactive.	정제된 플루토늄 슬라브. 만지지 않는 게 좋다 - 방사성.	
/items/materials/fu_blockUranium.matitem	itemName	fu_blockUranium	우라늄 블록	
/items/materials/fu_blockUranium.matitem	shortdescription	Uranium Slab	우라늄 슬라브	
/items/materials/fu_blockUranium.matitem	description	Slab of purified Uranium. I wouldn't touch this stuff - Radioactive.	정제된 우라늄 슬라브. 만지지 않는 게 좋다 - 방사성.	
/items/materials/fu_blueslopedhullpanel.matitem	shortdescription	Hylotl Hull Panel	하이로틀 선체 패널	
/items/materials/fu_blueslopedhullpanel.matitem	description	Cheap, resilient panelling widely used for Hylotl ship construction.	하이로틀 함선 건조에 널리 쓰이는 저렴하고 질긴 패널링.	
/items/materials/fu_cloudplatform.matitem	shortdescription	Cloud Platform	구름 플랫폼	
/items/materials/fu_cloudplatform.matitem	description	A platform made of cloud. Dense enough to walk on.	구름으로 만든 플랫폼. 밟고 설 수 있을 만큼 밀도가 있다.	
/items/materials/fu_copperladder.matitem	shortdescription	Copper Ladder	구리 사다리	reuse
/items/materials/fu_copperladder.matitem	description	A copper ladder.	구리 사다리.	
/items/materials/fu_copperplatform.matitem	shortdescription	Metallic Copper Platform	금속 구리 플랫폼	
/items/materials/fu_copperplatform.matitem	description	A platform made from copper with metal brick sides.	금속 벽돌 측면이 있는 구리 플랫폼.	
/items/materials/fu_raincloudplatform.matitem	shortdescription	Raincloud Platform	비구름 플랫폼	
/items/materials/fu_raincloudplatform.matitem	description	A platform made of wet squishy clouds. Dense enough to walk on.	축축하고 물컹한 구름으로 만든 플랫폼. 밟고 설 수 있을 만큼 밀도가 있다.	
/items/materials/fu_slopedglitchhull01.matitem	shortdescription	Glitch Hull Panel	글리치 선체 패널	
/items/materials/fu_slopedglitchhull01.matitem	description	Hull paneling made for Glitch ships. Strong.	글리치 함선용 선체 패널링. 튼튼하다.	
/items/materials/fuaccentedwoodwall.matitem	description	A traditional screen panel.	전통적인 쇼지 패널.	
/items/materials/fuaccentedwoodwall.matitem	shortdescription	Shoji Decorated Panel	쇼지 장식 패널	
/items/materials/fuaetherbrick.matitem	description	Crafted bricks made from hardened aether stone.	단단해진 에테르 석으로 만든 벽돌.	
/items/materials/fuaetherbrick.matitem	shortdescription	Aether Bricks	에테르 벽돌	
/items/materials/fuaetherbrick2.matitem	description	Crafted blocks made from hardened aether stone.	단단해진 에테르 석으로 만든 블록.	
/items/materials/fuaetherbrick2.matitem	shortdescription	Aether Walls	에테르 벽	
/items/materials/fuaetherdustbricks.matitem	description	Crafted bricks made from compressed aether dust.	압축 에테르 가루로 만든 벽돌.	
/items/materials/fuaetherdustbricks.matitem	shortdescription	Aether Dust Bricks	에테르 가루 벽돌	
/items/materials/fuaetherdustbricks2.matitem	description	Crafted tiles made from compressed aether dust.	압축 에테르 가루로 만든 타일.	
/items/materials/fuaetherdustbricks2.matitem	shortdescription	Aether Dust Tiles	에테르 가루 타일	
/items/materials/fuaetherdustplatform.matitem	description	Cosmic platforms made from hardened aether stone.	단단해진 에테르 석으로 만든 우주적 플랫폼.	
/items/materials/fuaetherdustplatform.matitem	shortdescription	Aether Dust Platform	에테르 가루 플랫폼	
/items/materials/fuaetherglass.matitem	description	Cosmic glass made from superheated aether dust.	초고열 에테르 가루로 만든 우주적 유리.	
/items/materials/fuaetherglass.matitem	shortdescription	Aether Dark Glass	에테르 다크 유리	
/items/materials/fuaetherglass2.matitem	description	Cosmic glass made from superheated aether dust.	초고열 에테르 가루로 만든 우주적 유리.	
/items/materials/fuaetherglass2.matitem	shortdescription	Aether Glass	에테르 유리	
/items/materials/fuaetherpillar.matitem	description	Sturdy cosmic pillar. Great for building.	튼튼한 우주적 기둥. 건축에 좋다.	
/items/materials/fuaetherpillar.matitem	shortdescription	Aether Pillar	에테르 기둥	
/items/materials/fuaetherplatform.matitem	description	Cosmic platforms made from hardened aether stone.	단단해진 에테르 석으로 만든 우주적 플랫폼.	
/items/materials/fuaetherplatform.matitem	shortdescription	Aether Platform	에테르 플랫폼	
/items/materials/fuaetherstone.matitem	description	"A solid stone made of hardened aether.
^green;Extractable^reset;, ^orange;Crushable^reset;."	"단단해진 에테르로 만든 견고한 돌.
^green;추출 가능^reset;, ^orange;분쇄 가능^reset;."	
/items/materials/fuaetherstone.matitem	shortdescription	Aether Stone	에테르 돌	
/items/materials/fualiengrass.matitem	description	"Strangely-scented alien grass.
^green;Extractable^reset;."	"기묘한 향기의 외계 풀.
^green;추출 가능^reset;."	
/items/materials/fualiengrass.matitem	shortdescription	Alien Grasses	외계 풀	
/items/materials/fudarkcrosshatch.matitem	description	A simple lattice made of dark wood.	검은 목재로 만든 소박한 격자.	
/items/materials/fudarkcrosshatch.matitem	shortdescription	Dark Window Lattice	다크 창문 격자	
/items/materials/fudarkfence.matitem	description	A sturdy wooden fence.	튼튼한 목재 울타리.	
/items/materials/fudarkfence.matitem	shortdescription	Dark Wooden Fence	다크 목재 울타리	
/items/materials/fudarkfullwood1.matitem	description	Carefully treated wood that maintains a freshly chopped appearance.	갓 자른 듯한 외관을 유지하는 정성껏 가공된 목재.	
/items/materials/fudarkfullwood1.matitem	shortdescription	Dark Treated Wood	다크 가공 목재	
/items/materials/fudarkironbars.matitem	description	A sturdy iron fence	튼튼한 철 울타리.	
/items/materials/fudarkironbars.matitem	shortdescription	Dark Iron Bars	다크 철창	
/items/materials/fudarkironfence.matitem	description	A sturdy iron fence.	튼튼한 철 울타리.	
/items/materials/fudarkironfence.matitem	shortdescription	Dark Iron Fence	다크 철 울타리	
/items/materials/fudarkmetalroof.matitem	description	A sturdy metallic roof.	튼튼한 금속 지붕.	
/items/materials/fudarkmetalroof.matitem	shortdescription	Dark Metal Roofing	다크 금속 지붕	
/items/materials/fudarkness.matitem	shortdescription	Shadow Block	그림자 블록	
/items/materials/fudarkness.matitem	description	Hello darkness, my old friend~	안녕 어둠, 내 오랜 친구~	
/items/materials/fudarknesssloped.matitem	shortdescription	Sloped Darkness	경사 어둠	
/items/materials/fudarknesssloped.matitem	description	An old friend. Now 45 degrees cooler!	오랜 친구. 이제 45도 더 시원해졌다!	
/items/materials/fudarkornateflooring.matitem	description	Delightful dark ornate flooring.	멋진 다크 장식 바닥재.	
/items/materials/fudarkornateflooring.matitem	shortdescription	Dark Ornate Flooring	다크 장식 바닥재	
/items/materials/fudarkornatetiles.matitem	description	Exquisite dark roof tiles.	정교한 다크 지붕 기와.	
/items/materials/fudarkornatetiles.matitem	shortdescription	Dark Ornate Tiles	다크 장식 기와	
/items/materials/fudarkornatewall.matitem	description	A traditional looking wall.	전통풍 벽.	
/items/materials/fudarkornatewall.matitem	shortdescription	Dark Ornate Wall	다크 장식 벽	
/items/materials/fudarkornatewood.matitem	description	Expertly treated dark ornate wood.	정교하게 가공된 다크 장식 목재.	
/items/materials/fudarkornatewood.matitem	shortdescription	Dark Ornate Wood	다크 장식 목재	
/items/materials/fudarkwood.matitem	description	Darkened wood that has been prepared for building and crafting.	건축과 제작용으로 준비된 어두운 목재.	
/items/materials/fudarkwood.matitem	shortdescription	Dark Timber	다크 목재	
/items/materials/fudarkwoodbaseboard.matitem	description	This baseboard completes the classic home look.	고전적인 집 분위기를 완성하는 베이스보드.	
/items/materials/fudarkwoodbaseboard.matitem	shortdescription	Dark Baseboard	다크 베이스보드	
/items/materials/fudarkwoodbridge.matitem	shortdescription	Dark Bridge Block	다크 다리 블록	
/items/materials/fudarkwoodbridge.matitem	description	The wood is very old and creaks in the wind.	매우 오래되어 바람에 삐걱거리는 목재.	
/items/materials/fudarkwoodenplatform.matitem	description	Nicely finished ornate, wooden platforms.	멋지게 장식된 나무 플랫폼입니다.	reuse
/items/materials/fudarkwoodenplatform.matitem	shortdescription	Dark Wood Platform	다크 나무 플랫폼	
/items/materials/fudarkwoodenwindow1.matitem	shortdescription	Dark Wooden Window	다크 목재 창문	
/items/materials/fudarkwoodenwindow1.matitem	description	A window with wooden panes.	나무 창살이 달린 창문.	
/items/materials/fudarkwoodenwindow2.matitem	shortdescription	Dark Wooden Blinds	다크 목재 블라인드	
/items/materials/fudarkwoodenwindow2.matitem	description	Old wooden slats that don't let much light through.	빛을 많이 통과시키지 않는 낡은 나무 칸막이.	
/items/materials/fudarkwoodshojiscreenpanel.matitem	description	A traditional screen panel.	전통적인 쇼지 패널.	
/items/materials/fudarkwoodshojiscreenpanel.matitem	shortdescription	Dark Shoji Screen Panel	다크 쇼지 패널	
/items/materials/fudynastcrosshatch.matitem	description	A simple lattice made of dynast wood.	다이너스트 목재로 만든 소박한 격자.	
/items/materials/fudynastcrosshatch.matitem	shortdescription	Dynast Window Lattice	다이너스트 창문 격자	
/items/materials/fudynastfence.matitem	description	A sturdy wooden fence.	튼튼한 목재 울타리.	
/items/materials/fudynastfence.matitem	shortdescription	Dynast Wooden Fence	다이너스트 목재 울타리	
/items/materials/fudynastfullwood1.matitem	description	Carefully treated wood that maintains a freshly chopped appearance.	갓 자른 듯한 외관을 유지하는 정성껏 가공된 목재.	
/items/materials/fudynastfullwood1.matitem	shortdescription	Dynast Treated Wood	다이너스트 가공 목재	
/items/materials/fudynastornateflooring.matitem	description	Delightful ornate flooring.	멋진 장식 바닥재.	
/items/materials/fudynastornateflooring.matitem	shortdescription	Dynast Ornate Flooring	다이너스트 장식 바닥재	
/items/materials/fudynastornatetiles.matitem	description	Exquisite ornate roof tiles.	정교한 장식 지붕 기와.	
/items/materials/fudynastornatetiles.matitem	shortdescription	Dynast Ornate Tiles	다이너스트 장식 기와	
/items/materials/fudynastornatewall.matitem	description	A traditional dynast looking wall.	전통적인 다이너스트풍 벽.	
/items/materials/fudynastornatewall.matitem	shortdescription	Dynast Ornate Wall	다이너스트 장식 벽	
/items/materials/fudynastornatewood.matitem	description	Expertly treated dynast ornate wood.	정교하게 가공된 다이너스트 장식 목재.	
/items/materials/fudynastornatewood.matitem	shortdescription	Dynast Ornate Wood	다이너스트 장식 목재	
/items/materials/fudynastwood.matitem	description	Dynast wood that has been prepared for building and crafting.	건축과 제작용으로 준비된 다이너스트 목재.	
/items/materials/fudynastwood.matitem	shortdescription	Dynast Timber	다이너스트 목재	
/items/materials/fudynastwoodbaseboard.matitem	description	This baseboard completes the classic home look.	고전적인 집 분위기를 완성하는 베이스보드.	
/items/materials/fudynastwoodbaseboard.matitem	shortdescription	Dynast Baseboard	다이너스트 베이스보드	
/items/materials/fudynastwoodbridge.matitem	shortdescription	Dynast Bridge Block	다이너스트 다리 블록	
/items/materials/fudynastwoodbridge.matitem	description	The wood is very old and creaks in the wind.	매우 오래되어 바람에 삐걱거리는 목재.	
/items/materials/fudynastwoodenplatform.matitem	description	Nicely finished ornate, wooden platforms.	멋지게 장식된 나무 플랫폼입니다.	reuse
/items/materials/fudynastwoodenplatform.matitem	shortdescription	Dynast Wood Platform	다이너스트 나무 플랫폼	
/items/materials/fudynastwoodenwindow1.matitem	shortdescription	Dynast Wooden Window	다이너스트 목재 창문	
/items/materials/fudynastwoodenwindow1.matitem	description	A window with wooden panes.	나무 창살이 달린 창문.	
/items/materials/fudynastwoodenwindow2.matitem	shortdescription	Dynast Wooden Blinds	다이너스트 목재 블라인드	
/items/materials/fudynastwoodenwindow2.matitem	description	Old wooden slats that don't let much light through.	빛을 많이 통과시키지 않는 낡은 나무 칸막이.	
/items/materials/fudynastwoodshojiscreenpanel.matitem	description	A traditional screen panel.	전통적인 쇼지 패널.	
/items/materials/fudynastwoodshojiscreenpanel.matitem	shortdescription	Dynast Shoji Screen Panel	다이너스트 쇼지 패널	
/items/materials/fufencesupport.matitem	description	Nicely finished ornate metallic fence	깔끔하게 마감된 장식 금속 울타리.	
/items/materials/fufencesupport.matitem	shortdescription	Steel Support Fence	강철 지지 울타리	
/items/materials/fufeneroxstairs.matitem	shortdescription	Fenerox Stairs	페네록스 계단	
/items/materials/fufeneroxstairs.matitem	description	Primitive, but solid.	원시적이지만 견고하다.	
/items/materials/fufeneroxsupport.matitem	shortdescription	Primitive Support	원시 지지대	
/items/materials/fufeneroxsupport.matitem	description	A basic wooden beam.	기본 목재 빔.	
/items/materials/fugirder.matitem	shortdescription	Sloped Girder	경사 대들보	reuse
/items/materials/fugirder.matitem	description	A sturdy looking metal girder.	튼튼해 보이는 금속 거더.	
/items/materials/fuglassfence.matitem	shortdescription	Glass Fence	유리 울타리	reuse
/items/materials/fuglassfence.matitem	description	Modern steel and glass.	현대식 강철과 유리.	
/items/materials/fuheavypipe.matitem	shortdescription	Sloped Heavy Pipe	경사 중형 파이프	
/items/materials/fuheavypipe.matitem	description	A heavy pipe, commonly used in waste systems.	주로 폐기물 처리 시설에서 쓰이는 무거운 파이프다.	reuse
/items/materials/fuhovertile.matitem	shortdescription	Hover Tile	호버 타일	
/items/materials/fuhovertile.matitem	description	Equipped with basic anti-grav tech.	기본 반중력 기술 탑재.	
/items/materials/fuinvisible.matitem	description	A useful tile for making hidden walls and backgrounds.	숨겨진 벽과 배경을 만드는 데 유용한 타일.	
/items/materials/fuinvisible.matitem	shortdescription	Invisible Tile	투명 타일	
/items/materials/fujellyblock.matitem	shortdescription	Jelly Block	젤리 블록	
/items/materials/fujellyblock.matitem	description	"Thickened jelly. It's really tempting to eat it.
^green;Extractable^reset;."	"걸쭉한 젤리. 먹고 싶어지는 게 정말 문제다.
^green;추출 가능^reset;."	
/items/materials/fukirhosgirder2.matitem	shortdescription	Lit Girder	켜진 거더	
/items/materials/fukirhosgirder2.matitem	description	A sturdy looking metal girder.	튼튼해 보이는 금속 거더.	
/items/materials/fukirhosgirdir.matitem	shortdescription	Alloy Girder	합금 거더	
/items/materials/fukirhosgirdir.matitem	description	A sturdy looking metal girder.	튼튼해 보이는 금속 거더.	
/items/materials/fukirhosmetalfloor.matitem	shortdescription	Alloy Flooring	합금 바닥재	
/items/materials/fukirhosmetalfloor.matitem	description	A high quality industrial flooring.	고급 산업용 바닥재.	
/items/materials/fukirhosmetaltile.matitem	shortdescription	Alloy Tile	합금 타일	
/items/materials/fukirhosmetaltile.matitem	description	A finely crafted alloy tile.	정교하게 만든 합금 타일.	
/items/materials/fukirhosmetalwall.matitem	shortdescription	Alloy Metal Wall	합금 금속 벽	
/items/materials/fukirhosmetalwall.matitem	description	A metal wall material of excellent quality.	우수한 품질의 금속 벽 재료.	
/items/materials/fukirhosroof.matitem	shortdescription	Alloy Roofing	합금 지붕	
/items/materials/fukirhosroof.matitem	description	A sturdy looking metal girder.	튼튼해 보이는 금속 거더.	
/items/materials/fukirhosslopedpanel.matitem	description	Solid, reliable Kirhosi construction.	견고하고 믿을 수 있는 키르호시 건축물.	
/items/materials/fukirhosslopedpanel.matitem	shortdescription	Kirhosi Sloped Panel	키르호시 경사 패널	
/items/materials/fukirhosstairs.matitem	shortdescription	Alloy stairs	합금 계단	
/items/materials/fukirhosstairs.matitem	description	A sturdy looking metal stair.	튼튼해 보이는 금속 계단.	
/items/materials/fukirhosstairs2.matitem	shortdescription	Alloy red stairs	합금 빨간 계단	
/items/materials/fukirhosstairs2.matitem	description	A sturdy looking metal stair.	튼튼해 보이는 금속 계단.	
/items/materials/fukirhossupport.matitem	shortdescription	Alloy Support Beam	합금 지지 빔	
/items/materials/fukirhossupport.matitem	description	A sturdy looking metal girder.	튼튼해 보이는 금속 거더.	
/items/materials/fukirhoswall.matitem	shortdescription	Alloy Wall	합금 벽	
/items/materials/fukirhoswall.matitem	description	A tough, dense alloy wall.	단단하고 밀도 높은 합금 벽.	
/items/materials/fulabpipe.matitem	description	Heavy duty pipes.	중형 파이프.	
/items/materials/fulabpipe.matitem	shortdescription	Lab Pipe	실험실 파이프	
/items/materials/fulabscreen.matitem	description	A touch-screen interface.	터치스크린 인터페이스.	
/items/materials/fulabscreen.matitem	shortdescription	Lab Screen	실험실 화면	
/items/materials/fulabslopedtile.matitem	description	Smooth, wonderful industrial metal and plasteel.	매끄럽고 멋진 산업용 금속과 플라스틸.	
/items/materials/fulabslopedtile.matitem	shortdescription	Sloped Lab Tile	경사 실험실 타일	
/items/materials/fulabsupport.matitem	description	A handy load-bearing pillar for labs.	실험실용 편리한 하중 지지 기둥.	
/items/materials/fulabsupport.matitem	shortdescription	Lab Pillar	실험실 기둥	
/items/materials/fulightcrosshatch.matitem	description	A simple lattice made of lightened wood.	밝은 목재로 만든 소박한 격자.	
/items/materials/fulightcrosshatch.matitem	shortdescription	Light Window Lattice	라이트 창문 격자	
/items/materials/fulightfence.matitem	description	A sturdy wooden fence.	튼튼한 목재 울타리.	
/items/materials/fulightfence.matitem	shortdescription	Light Wooden Fence	라이트 목재 울타리	
/items/materials/fulightfullwood1.matitem	description	Carefully treated wood that maintains a freshly chopped appearance.	갓 자른 듯한 외관을 유지하는 정성껏 가공된 목재.	
/items/materials/fulightfullwood1.matitem	shortdescription	Light Treated Wood	라이트 가공 목재	
/items/materials/fulightornateflooring.matitem	description	Delightful ornate flooring.	멋진 장식 바닥재.	
/items/materials/fulightornateflooring.matitem	shortdescription	Light Ornate Flooring	라이트 장식 바닥재	
/items/materials/fulightornatetiles.matitem	description	Exquisite ornate roof tiles.	정교한 장식 지붕 기와.	
/items/materials/fulightornatetiles.matitem	shortdescription	Light Ornate Tiles	라이트 장식 기와	
/items/materials/fulightornatewall.matitem	description	A traditional dynast looking wall.	전통적인 다이너스트풍 벽.	
/items/materials/fulightornatewall.matitem	shortdescription	Light Ornate Wall	라이트 장식 벽	
/items/materials/fulightornatewood.matitem	description	Expertly treated light ornate wood.	정교하게 가공된 라이트 장식 목재.	
/items/materials/fulightornatewood.matitem	shortdescription	Light Ornate Wood	라이트 장식 목재	
/items/materials/fulightwood.matitem	description	Lightened wood that has been prepared for building and crafting.	건축과 제작용으로 준비된 밝은 목재.	
/items/materials/fulightwood.matitem	shortdescription	Light Timber	라이트 목재	
/items/materials/fulightwoodbaseboard.matitem	description	This baseboard completes the classic home look.	고전적인 집 분위기를 완성하는 베이스보드.	
/items/materials/fulightwoodbaseboard.matitem	shortdescription	Light Baseboard	라이트 베이스보드	
/items/materials/fulightwoodbridge.matitem	shortdescription	Light Bridge Block	라이트 다리 블록	
/items/materials/fulightwoodbridge.matitem	description	The wood is very old and creaks in the wind.	매우 오래되어 바람에 삐걱거리는 목재.	
/items/materials/fulightwoodenplatform.matitem	description	Nicely finished ornate, wooden platforms.	멋지게 장식된 나무 플랫폼입니다.	reuse
/items/materials/fulightwoodenplatform.matitem	shortdescription	Light Wood Platform	라이트 나무 플랫폼	
/items/materials/fulightwoodenwindow1.matitem	shortdescription	Light Wooden Window	라이트 목재 창문	
/items/materials/fulightwoodenwindow1.matitem	description	A window with wooden panes.	나무 창살이 달린 창문.	
/items/materials/fulightwoodenwindow2.matitem	shortdescription	Light Wooden Blinds	라이트 목재 블라인드	
/items/materials/fulightwoodenwindow2.matitem	description	Old wooden slats that don't let much light through.	빛을 많이 통과시키지 않는 낡은 나무 칸막이.	
/items/materials/fulightwoodshojiscreenpanel.matitem	description	A traditional screen panel.	전통적인 쇼지 패널.	
/items/materials/fulightwoodshojiscreenpanel.matitem	shortdescription	Light Shoji Screen Panel	라이트 쇼지 패널	
/items/materials/fumetalbaseboard.matitem	description	A decorative metal strip	장식용 금속 띠.	
/items/materials/fumetalbaseboard.matitem	shortdescription	Metal Baseboard	금속 베이스보드	
/items/materials/fumetalblockmaterial.matitem	description	"Rusted, solid metal.
^green;Extractable^reset;."	"녹슨 단단한 금속.
^green;추출 가능^reset;."	
/items/materials/fumetalblockmaterial.matitem	shortdescription	Ancient Metal	고대 금속	
/items/materials/fumetalfloortile.matitem	description	High-quality super material for construction.	건축용 고급 초소재.	
/items/materials/fumetalfloortile.matitem	shortdescription	Shaped Plasteel Floor	성형 플라스틸 바닥	
/items/materials/fumetalgrating.matitem	description	A sturdy wall grate.	튼튼한 벽 격자.	
/items/materials/fumetalgrating.matitem	shortdescription	Alloy Wall Grate	합금 벽 격자	
/items/materials/fumetalgreytile.matitem	description	Solid and unyielding tile.	견고하고 굴하지 않는 타일.	
/items/materials/fumetalgreytile.matitem	shortdescription	Alloy Floor Tile	합금 바닥 타일	
/items/materials/fumetalpipe.matitem	shortdescription	Sloped Metal Pipe	경사 금속 파이프	
/items/materials/fumetalpipe.matitem	description	A sturdy looking pipe.	튼튼해 보이는 파이프.	
/items/materials/fumetalstairs.matitem	shortdescription	Compressed Steel Stairs	압축 강철 계단	
/items/materials/fumetalstairs.matitem	description	Fantastically durable staircase.	환상적으로 튼튼한 계단.	
/items/materials/fumetalwalkway.matitem	shortdescription	Metal Walkway	금속 통로	
/items/materials/fumetalwalkway.matitem	description	Comfortable aesthetic, solid construction.	편안한 미관, 견고한 구조.	
/items/materials/fumonasterybeam.matitem	description	A beam of Shoji design.	쇼지풍 빔.	
/items/materials/fumonasterybeam.matitem	shortdescription	Shoji Beam	쇼지 빔	
/items/materials/fumonasteryflooring.matitem	description	Flooring of Shoji design.	쇼지풍 바닥.	
/items/materials/fumonasteryflooring.matitem	shortdescription	Shoji Flooring	쇼지 바닥	
/items/materials/fumonasteryroofing.matitem	description	A roof of Shoji design.	쇼지풍 지붕.	
/items/materials/fumonasteryroofing.matitem	shortdescription	Shoji Roofing	쇼지 지붕	
/items/materials/fumonasterytile.matitem	description	Tiling of Shoji design.	쇼지풍 타일.	
/items/materials/fumonasterytile.matitem	shortdescription	Shoji Tile	쇼지 타일	
/items/materials/fumonasterywall.matitem	description	A wall of Shoji design.	쇼지풍 벽.	
/items/materials/fumonasterywall.matitem	shortdescription	Shoji Wall	쇼지 벽	
/items/materials/fumossyrock.matitem	description	"A stone covered in moss.
^green;Extractable^reset;."	"이끼 낀 돌.
^green;추출 가능^reset;."	
/items/materials/fumossyrock.matitem	shortdescription	Mossy Stone	이끼 낀 돌	
/items/materials/fumossyrock2.matitem	description	"A rock covered in moss.
^green;Extractable^reset;, ^orange;Crushable^reset;."	"이끼 낀 바위.
^green;추출 가능^reset;, ^orange;분쇄 가능^reset;."	
/items/materials/fumossyrock2.matitem	shortdescription	Mossy Rock	이끼 낀 바위	
/items/materials/fungalstonematerial.matitem	shortdescription	Fungal Stone	균류 돌	
/items/materials/fungalstonematerial.matitem	description	"Spore-covered stone.
^green;Extractable^reset;, ^orange;Crushable^reset;."	"포자로 덮인 돌.
^green;추출 가능^reset;, ^orange;분쇄 가능^reset;."	
/items/materials/funightarsilverstairs.matitem	shortdescription	Silver Stair	은 계단	
/items/materials/funightarsilverstairs.matitem	description	Shining, high-quality silver stairs.	빛나는 고급 은 계단.	
/items/materials/fuoldtimbermaterial.matitem	description	"Old timber, decayed with age.
^green;Extractable^reset;."	"세월에 삭은 오래된 목재.
^green;추출 가능^reset;."	
/items/materials/fuoldtimbermaterial.matitem	shortdescription	Old Timber	오래된 목재	
/items/materials/fupipewidget.matitem	shortdescription	Control Widget	제어 위젯	
/items/materials/fupipewidget.matitem	description	Place at the end of platforms and certain sloped pipe blocks to change their appearance. Paint pink for visibility.	플랫폼 끝과 특정 경사 파이프 블록에 설치하면 외형이 바뀐다. 눈에 띄게 분홍색으로 칠하자.	
/items/materials/furawornateflooring.matitem	description	Delightful ornate flooring.	멋진 장식 바닥재.	
/items/materials/furawornateflooring.matitem	shortdescription	Raw Wood Ornate Flooring	생나무 장식 바닥재	
/items/materials/furawornatetiles.matitem	description	Exquisite ornate roof tiles.	정교한 장식 지붕 기와.	
/items/materials/furawornatetiles.matitem	shortdescription	Raw Wood Ornate Tiles	생나무 장식 기와	
/items/materials/furawornatewall.matitem	description	A traditional looking wall.	전통풍 벽.	
/items/materials/furawornatewall.matitem	shortdescription	Raw Wood Ornate Wall	생나무 장식 벽	
/items/materials/furawornatewood.matitem	description	Expertly treated ornate wood.	전문적으로 처리된 화려한 목재.	reuse
/items/materials/furawornatewood.matitem	shortdescription	Raw Wood Ornate Wood	생나무 장식 목재	
/items/materials/furawwoodbaseboard.matitem	description	This baseboard completes the classic home look.	고전적인 집 분위기를 완성하는 베이스보드.	
/items/materials/furawwoodbaseboard.matitem	shortdescription	Raw Wood Baseboard	생나무 베이스보드	
/items/materials/furawwoodenplatform.matitem	description	Nicely finished ornate, wooden platforms.	멋지게 장식된 나무 플랫폼입니다.	reuse
/items/materials/furawwoodenplatform.matitem	shortdescription	Raw Wood Ornate Platform	생나무 장식 플랫폼	
/items/materials/furawwoodshojiscreenpanel.matitem	description	A traditional screen panel.	전통적인 쇼지 패널.	
/items/materials/furawwoodshojiscreenpanel.matitem	shortdescription	Raw Wood Shoji Screen Panel	생나무 쇼지 패널	
/items/materials/furibboncables.matitem	shortdescription	Ribbon Cables	리본 케이블	
/items/materials/furibboncables.matitem	description	Ribbon cables. I wonder where I can put them...	리본 케이블. 어디에 둘 수 있을까...	
/items/materials/furivetsupport.matitem	shortdescription	Rivetted Support	리벳 지지대	
/items/materials/furivetsupport.matitem	description	Solid, with rivets for added rivety-ness.	견고하고, 리벳 덕에 더 리벳다운 리벳이 달려 있다.	
/items/materials/furustediron.matitem	shortdescription	Rusty Corrugated Iron	녹슨 골판지 철	
/items/materials/furustediron.matitem	description	It's so rusty, you may require a Tetanus shot.	너무 녹슬어서 파상풍 주사가 필요할지도.	
/items/materials/fusavannahgrass.matitem	description	"Dry, rough grasses
^green;Extractable^reset;."	"마르고 거친 풀.
^green;추출 가능^reset;."	
/items/materials/fusavannahgrass.matitem	shortdescription	Dry Grasses	마른 풀	
/items/materials/fusewerpipe.matitem	shortdescription	Sloped Sewer Pipe	경사 하수관	
/items/materials/fusewerpipe.matitem	description	A sewer pipe used for transporting waste.	폐기물 운반용 하수관.	
/items/materials/fuslopedaetherdustpanel.matitem	description	Sturdy hull panels made from tungsten and aether material.	텅스텐과 에테르 소재로 만든 튼튼한 선체 패널.	
/items/materials/fuslopedaetherdustpanel.matitem	shortdescription	Aether Dust Panel	에테르 가루 패널	
/items/materials/fuslopedaetherglass.matitem	description	I can see my reflection... it's hideous!	내 모습이 보여요... 끔찍해요!	reuse
/items/materials/fuslopedaetherglass.matitem	shortdescription	Sloped Cosmic Glass	경사 우주 유리	
/items/materials/fuslopedaetherglass2.matitem	description	I can see my reflection... it's hideous!	내 모습이 보여요... 끔찍해요!	reuse
/items/materials/fuslopedaetherglass2.matitem	shortdescription	Sloped Aether Glass	경사 에테르 유리	
/items/materials/fuslopedaetherpanel.matitem	description	Sturdy hull panels made from tungsten and aether material.	텅스텐과 에테르 소재로 만든 튼튼한 선체 패널.	
/items/materials/fuslopedaetherpanel.matitem	shortdescription	Aether Hull Panel	에테르 선체 패널	
/items/materials/fuslopedaetherpanel2.matitem	description	Sturdy hull panels made from tungsten and aether material.	텅스텐과 에테르 소재로 만든 튼튼한 선체 패널.	
/items/materials/fuslopedaetherpanel2.matitem	shortdescription	Cosmic Aether Panel	우주 에테르 패널	
/items/materials/fuslopedblackglass.matitem	description	A dark-tinted panel of glass.	어두운 틴트 유리 패널.	
/items/materials/fuslopedblackglass.matitem	shortdescription	Sloped Black Glass	경사 검은 유리	
/items/materials/fuslopeddustpanel.matitem	description	Sturdy hull panels made from compressed aether material.	압축 에테르 소재로 만든 튼튼한 선체 패널.	
/items/materials/fuslopeddustpanel.matitem	shortdescription	Compressed Dust Panel	압축 가루 패널	
/items/materials/fuslopedglass.matitem	description	I can see my reflection.	내 모습이 보입니다.	reuse
/items/materials/fuslopedglass.matitem	shortdescription	Sloped Glass Block	경사 유리 블록	
/items/materials/fuslopedhazard.matitem	description	This pattern suggests caution.	주의를 암시하는 패턴.	
/items/materials/fuslopedhazard.matitem	shortdescription	Sloped Hazard Block	경사 위험 블록	
/items/materials/fuslopedtintedglass.matitem	description	I can see my reflection.	내 모습이 보입니다.	reuse
/items/materials/fuslopedtintedglass.matitem	shortdescription	Sloped Tinted Glass	경사 틴트 유리	
/items/materials/fusolidsupport.matitem	description	Exceptionally tough alloy support.	매우 튼튼한 합금 지지대.	
/items/materials/fusolidsupport.matitem	shortdescription	Solid Support	견고한 지지대	
/items/materials/fusteelgirdirmaterial.matitem	description	A girder made of steel.	강철로 만든 거더.	
/items/materials/fusteelgirdirmaterial.matitem	shortdescription	Steel Girder	강철 거더	
/items/materials/fustomachblock.matitem	description	"This fleshy mass looks like it was part of some creature's stomach.
^green;Extractable^reset;."	"이 살덩어리는 어떤 생물의 위벽 일부였던 것 같다.
^green;추출 가능^reset;."	
/items/materials/fustomachblock.matitem	shortdescription	Stomach Lining	위벽	
/items/materials/fustripedwall.matitem	description	Plasteel and high-grade plastic.	플라스틸과 고급 플라스틱.	
/items/materials/fustripedwall.matitem	shortdescription	Plasteel Striped Wall	플라스틸 줄무늬 벽	
/items/materials/futilegrey.matitem	description	A popular quality-focused flooring.	인기 있는 품질 중심 바닥재.	
/items/materials/futilegrey.matitem	shortdescription	Quality Plasteel (Plain)	고급 플라스틸(무지)	
/items/materials/futilered.matitem	description	A popular quality-focused flooring.	인기 있는 품질 중심 바닥재.	
/items/materials/futilered.matitem	shortdescription	Quality Plasteel (Red)	고급 플라스틸(빨강)	
/items/materials/futreatedcrosshatch.matitem	description	A simple lattice made of lightened wood.	밝은 목재로 만든 소박한 격자.	
/items/materials/futreatedcrosshatch.matitem	shortdescription	Ornate Window Lattice	장식 창문 격자	
/items/materials/futreatedfence.matitem	description	A sturdy wooden fence.	튼튼한 목재 울타리.	
/items/materials/futreatedfence.matitem	shortdescription	Ornate Wooden Fence	장식 목재 울타리	
/items/materials/futreatedfullwood1.matitem	description	Carefully treated wood that maintains a freshly chopped appearance.	갓 자른 듯한 외관을 유지하는 정성껏 가공된 목재.	
/items/materials/futreatedfullwood1.matitem	shortdescription	Ornate Treated Wood	장식 가공 목재	
/items/materials/futreatedwood.matitem	description	Ornate wood that has been prepared for building and crafting.	건축과 제작용으로 준비된 장식 목재.	
/items/materials/futreatedwood.matitem	shortdescription	Ornate Timber	장식 목재	
/items/materials/futreatedwoodenwindow1.matitem	shortdescription	Ornate Wooden Window	장식 목재 창문	
/items/materials/futreatedwoodenwindow1.matitem	description	A window with wooden panes.	나무 창살이 달린 창문.	
/items/materials/futreatedwoodenwindow2.matitem	shortdescription	Ornate Wooden Blinds	장식 목재 블라인드	
/items/materials/futreatedwoodenwindow2.matitem	description	Old wooden slats that don't let much light through.	빛을 많이 통과시키지 않는 낡은 나무 칸막이.	
/items/materials/fuwiresupport.matitem	shortdescription	Wired Support	배선 지지대	
/items/materials/fuwiresupport.matitem	description	Support beams laced with high-grade wiring.	고급 배선이 얽힌 지지 빔.	
/items/materials/genetile.matitem	description	"A gigantic cell.
^green;Extractable^reset;."	"거대한 세포.
^green;추출 가능^reset;."	
/items/materials/genetile.matitem	shortdescription	Cell	세포	
/items/materials/girdirplatform.matitem	shortdescription	Girder Platform	거더 플랫폼	
/items/materials/girdirplatform.matitem	description	A sturdy metal platform.	튼튼한 금속 플랫폼.	
/items/materials/glassdim.matitem	description	I can see my reflection. Nobody's home...	내 모습이 비친다. 아무도 없는 듯...	
/items/materials/glassdim.matitem	shortdescription	Dim Glass Block	꺼진 유리 블록	
/items/materials/glasslit.matitem	description	I can see my reflection. Somebody's home!	내 모습이 비친다. 누가 있는 모양이다!	
/items/materials/glasslit.matitem	shortdescription	Lit Glass Block	켜진 유리 블록	
/items/materials/glasssandmaterial.matitem	description	"A fine glittering glass sand. Watch your step!
^green;Extractable^reset;, ^orange;Siftable^reset;."	"고운 반짝이는 유리 모래. 발 조심!
^green;추출 가능^reset;, ^orange;체질 가능^reset;."	
/items/materials/glasssandmaterial.matitem	shortdescription	Glass Sand	유리 모래	
/items/materials/glowglassmaterial.matitem	description	I can see my reflection... it's hideous!	내 모습이 보여요... 끔찍해요!	reuse
/items/materials/glowglassmaterial.matitem	shortdescription	Glowing Glass Block	빛나는 유리 블록	
/items/materials/glowsandmaterial.matitem	description	"An interesting and unusual irradiated sand.
^blue;+^white;1 ^blue;Fuel^reset;
^green;Extractable^reset;, ^orange;Siftable^reset;."	"흥미롭고 특이한 방사성 모래.
^blue;+^white;1 ^blue;연료^reset;
^green;추출 가능^reset;, ^orange;체질 가능^reset;."	
/items/materials/glowsandmaterial.matitem	shortdescription	Glowing Sand	빛나는 모래	
/items/materials/greyslate.matitem	description	"Smooth gray stone
^green;Extractable^reset;, ^orange;Crushable^reset;."	"매끄러운 회색 돌.
^green;추출 가능^reset;, ^orange;분쇄 가능^reset;."	
/items/materials/greyslate.matitem	shortdescription	Gray Slate Stone	회색 슬레이트 돌	
/items/materials/hardslimeblock.matitem	description	A very thick slime. It jiggles when poked but seems firm.	매우 걸쭉한 슬라임. 찌르면 흔들리지만 단단해 보인다.	
/items/materials/hardslimeblock.matitem	shortdescription	Hard Slime Glob	단단한 슬라임 덩어리	
/items/materials/harrowstone.matitem	description	"A rough, sharp, and irregular stone flecked with impurities.
^green;Extractable^reset;, ^orange;Crushable^reset;."	"거칠고 날카롭고 불순물이 박힌 불규칙한 돌.
^green;추출 가능^reset;, ^orange;분쇄 가능^reset;."	
/items/materials/harrowstone.matitem	shortdescription	Rough Stone	거친 돌	
/items/materials/hivebeestonematerial.matitem	shortdescription	Hive	하이브	
/items/materials/hivebeestonematerial.matitem	description	"Buzzzz...
^green;Extractable^reset;."	"웽웽웽...
^green;추출 가능^reset;."	
/items/materials/hiveold.matitem	description	A strange organic material.	기묘한 유기 물질.	
/items/materials/hiveold.matitem	shortdescription	Living Stone	리빙 스톤	
/items/materials/hiveoldmaterial.matitem	shortdescription	Living Stone	리빙 스톤	
/items/materials/hiveoldmaterial.matitem	description	"The walls are strange, like a melding of flesh and stone
^green;Extractable^reset;, ^orange;Crushable^reset;."	"살점과 돌이 융합된 듯 기묘한 벽.
^green;추출 가능^reset;, ^orange;분쇄 가능^reset;."	
/items/materials/honey/beesilkwallpaper.matitem	description	Ostentatious silk wallpaper.	화려한 비단 벽지.	
/items/materials/honey/beesilkwallpaper.matitem	shortdescription	Bee Silk Wallpaper	벌 비단 벽지	
/items/materials/honey/frozenwaxblock.matitem	shortdescription	Frozen Wax Block	얼어붙은 밀랍 블록	
/items/materials/honey/frozenwaxblock.matitem	description	A block of frozen wax.	얼어붙은 밀랍 블록.	
/items/materials/honey/frozenwaxplatform.matitem	description	An icy platform made of beeswax.	벌밀랍으로 만든 얼음 플랫폼.	
/items/materials/honey/frozenwaxplatform.matitem	shortdescription	Frozen Wax Platform	얼어붙은 밀랍 플랫폼	
/items/materials/honey/fu_honeycombblock.matitem	shortdescription	Honeycomb Block	벌집 블록	
/items/materials/honey/fu_honeycombblock.matitem	description	"A block of honeycomb.
^green;Extractable^reset;."	"벌집 블록.
^green;추출 가능^reset;."	
/items/materials/honey/fu_redhoneycombblock.matitem	shortdescription	Red Honeycomb Block	붉은 벌집 블록	
/items/materials/honey/fu_redhoneycombblock.matitem	description	"A block of red honeycomb.
^green;Extractable^reset;."	"붉은 벌집 블록.
^green;추출 가능^reset;."	
/items/materials/honey/goldenleaves.matitem	description	"A block made of golden leaves.
^green;Extractable^reset;."	"황금 잎으로 만든 블록.
^green;추출 가능^reset;."	
/items/materials/honey/goldenleaves.matitem	shortdescription	Golden Leaves	황금 나뭇잎	reuse
/items/materials/honey/goldensand.matitem	description	"A golden glittering sand. Could probably be made into golden glass!
^green;Extractable^reset;."	"황금빛 반짝이는 모래. 황금 유리로 만들 수 있을 듯!
^green;추출 가능^reset;."	
/items/materials/honey/goldensand.matitem	shortdescription	Golden Sand	황금 모래	
/items/materials/honey/goldenwood.matitem	description	"A golden-looking wooden log.
^green;Extractable^reset;."	"황금빛 나무 통나무.
^green;추출 가능^reset;."	
/items/materials/honey/goldenwood.matitem	shortdescription	Golden Wood	황금 나무	
/items/materials/honey/goldenwoodbridge.matitem	shortdescription	Golden Bridge Block	황금 다리 블록	
/items/materials/honey/goldenwoodbridge.matitem	description	The gold colored wood is very old and creaks in the wind.	황금빛 나무는 매우 오래되어 바람에 삐걱거린다.	
/items/materials/honey/goldenwoodpanelling.matitem	description	The golden tone of this wood panelling from shabby to chic.	이 황금빛 나무 패널링 덕에 낡은 게 세련돼 보인다.	
/items/materials/honey/goldenwoodpanelling.matitem	shortdescription	Golden Wood Panelling	황금 나무 패널링	
/items/materials/honey/goldenwoodplatform.matitem	description	A golden-looking wooden platform.	황금빛 나무 플랫폼.	
/items/materials/honey/goldenwoodplatform.matitem	shortdescription	Golden Wood Platform	황금 나무 플랫폼	
/items/materials/honey/honeycrystalblock.matitem	description	A shining amber block of made of crystals.	크리스탈로 만든 빛나는 호박색 블록.	
/items/materials/honey/honeycrystalblock.matitem	shortdescription	Honey Crystal Block	꿀 크리스탈 블록	
/items/materials/honey/honeystone.matitem	shortdescription	Honeystone	허니스톤	
/items/materials/honey/honeystone.matitem	description	Golden stones saturated with honey, smooth to the touch.	꿀을 머금은 황금 돌. 만지면 매끄럽다.	
/items/materials/honey/redwaxblock.matitem	shortdescription	Red Wax Block	붉은 밀랍 블록	
/items/materials/honey/redwaxblock.matitem	description	A red block of wax.	붉은 밀랍 블록.	
/items/materials/honey/redwaxplatform.matitem	description	A platform made of red bees wax.	붉은 벌밀랍으로 만든 플랫폼.	
/items/materials/honey/redwaxplatform.matitem	shortdescription	Red Wax Platform	붉은 밀랍 플랫폼	
/items/materials/honey/treatedgoldenwood.matitem	description	Carefully treated golden wood that maintains a freshly chopped appearance.	갓 자른 듯한 외관을 유지하는 정성껏 가공된 황금 나무.	
/items/materials/honey/treatedgoldenwood.matitem	shortdescription	Treated Golden Wood	가공 황금 나무	
/items/materials/honey/unrefinedgoldenwood.matitem	description	Rough and unrefined, this golden wood looks freshly chopped.	거칠고 미가공된, 갓 자른 듯한 황금 나무.	
/items/materials/honey/unrefinedgoldenwood.matitem	shortdescription	Unrefined Golden Wood	미가공 황금 나무	
/items/materials/honey/waxblock1.matitem	shortdescription	Wax Block	밀랍 블록	
/items/materials/honey/waxblock1.matitem	description	"A block of wax.
^green;Extractable^reset;."	"밀랍 블록.
^green;추출 가능^reset;."	
/items/materials/honey/waxplatform.matitem	description	A platform made of bees wax.	벌밀랍으로 만든 플랫폼.	
/items/materials/honey/waxplatform.matitem	shortdescription	Wax Platform	밀랍 플랫폼	
/items/materials/honey/whitewaxblock.matitem	shortdescription	White Wax	흰 밀랍	
/items/materials/honey/whitewaxblock.matitem	description	"A block of white wax.
^green;Extractable^reset;."	"흰 밀랍 블록.
^green;추출 가능^reset;."	
/items/materials/honey/whitewaxplatform.matitem	description	A platform made of white bees wax.	흰 벌밀랍으로 만든 플랫폼.	
/items/materials/honey/whitewaxplatform.matitem	shortdescription	White Wax Platform	흰 밀랍 플랫폼	
/items/materials/honeycombmaterial.matitem	shortdescription	Honey Material	꿀 소재	
/items/materials/honeycombmaterial.matitem	description	"Waxy!
^green;Extractable^reset;."	"밀랍이다!
^green;추출 가능^reset;."	
/items/materials/honeyplatform.matitem	description	A golden, sticky platform.	황금빛 끈적한 플랫폼.	
/items/materials/honeyplatform.matitem	shortdescription	Honey Platform	꿀 플랫폼	
/items/materials/hydrangeablock.matitem	description	A cluster of dark leaves and hydrangea flowers.	검은 잎과 수국 꽃 다발.	
/items/materials/hydrangeablock.matitem	shortdescription	Hydrangea Bush	수국 덤불	
/items/materials/hydrotubematerial.matitem	shortdescription	^cyan;Hydroponic Tubing^reset;	^cyan;수경 튜빙^reset;	
/items/materials/hydrotubematerial.matitem	description	Just till these and you'll have auto-watered soil! Quite useful.	이걸 갈아엎기만 하면 자동 급수 토양이 된다! 꽤 유용하다.	
/items/materials/iceblock1material.matitem	shortdescription	Deep-Frozen Ice	심냉각 얼음	
/items/materials/iceblock1material.matitem	description	"A wonderfully layered bit of icy ground.
^green;Extractable^reset;, ^orange;Crushable^reset;."	"층이 멋지게 발달한 얼어붙은 지면.
^green;추출 가능^reset;, ^orange;분쇄 가능^reset;."	
/items/materials/iceblock2material.matitem	shortdescription	Frozen Stone	빙결석	
/items/materials/iceblock2material.matitem	description	"Stone coated in a layer of ice.
^green;Extractable^reset;, ^orange;Crushable^reset;."	"얼음 층으로 코팅된 돌.
^green;추출 가능^reset;, ^orange;분쇄 가능^reset;."	
/items/materials/iceblock3material.matitem	shortdescription	Thick Layered Ice	두꺼운 층의 얼음	
/items/materials/iceblock3material.matitem	description	"Visible strata of freezing shows the age of this ice.
^green;Extractable^reset;, ^orange;Crushable^reset;."	"보이는 빙결 지층이 이 얼음의 나이를 보여준다.
^green;추출 가능^reset;, ^orange;분쇄 가능^reset;."	
/items/materials/iceblock4material.matitem	shortdescription	Jagged Ice	들쭉날쭉한 얼음	
/items/materials/iceblock4material.matitem	description	"This ice has jagged and random extrusions.
^green;Extractable^reset;, ^orange;Crushable^reset;."	"이 얼음에는 들쭉날쭉하고 무작위한 돌출부가 있다.
^green;추출 가능^reset;, ^orange;분쇄 가능^reset;."	
/items/materials/irradiatedwall.matitem	shortdescription	Radioactive Soil	방사성 토양	
/items/materials/irradiatedwall.matitem	description	"This can't be safe.
^green;Extractable^reset;, ^orange;Siftable^reset;."	"이게 안전할 리가.
^green;추출 가능^reset;, ^orange;체질 가능^reset;."	
/items/materials/irradiatedwall2.matitem	shortdescription	Radioactive Stone	방사성 돌	
/items/materials/irradiatedwall2.matitem	description	"This can't be safe.
^green;Extractable^reset;, ^orange;Crushable^reset;."	"이게 안전할 리가.
^green;추출 가능^reset;, ^orange;분쇄 가능^reset;."	
/items/materials/irradiatedwall3.matitem	shortdescription	Radioactive Rock	방사성 바위	
/items/materials/irradiatedwall3.matitem	description	"This can't be safe.
^green;Extractable^reset;, ^orange;Crushable^reset;."	"이게 안전할 리가.
^green;추출 가능^reset;, ^orange;분쇄 가능^reset;."	
/items/materials/jellystone.matitem	description	"Unsure how this is possible, but okay.
^green;Extractable^reset;, ^orange;Crushable^reset;."	"어떻게 이럴 수 있는지 모르겠지만, 알겠다.
^green;추출 가능^reset;, ^orange;분쇄 가능^reset;."	
/items/materials/jellystone.matitem	shortdescription	Gelatinous Stone	젤라틴 돌	
/items/materials/jumpblockmaterial.matitem	description	A block that enhances the jumping power of the person standing on top of it.	위에 서 있는 사람의 점프력을 강화하는 블록.	
/items/materials/jumpblockmaterial.matitem	shortdescription	Jump Block	점프 블록	
/items/materials/jungledirt1.matitem	shortdescription	Jungle Soil	정글 토양	
/items/materials/jungledirt1.matitem	description	"This is some nice soil.
^green;Extractable^reset;, ^orange;Siftable^reset;."	"꽤 괜찮은 흙이다.
^green;추출 가능^reset;, ^orange;체질 가능^reset;."	
/items/materials/jungledirt2.matitem	shortdescription	Jungle Dirt	정글 흙	
/items/materials/jungledirt2.matitem	description	"This is some nice dirt.
^green;Extractable^reset;, ^orange;Siftable^reset;."	"꽤 괜찮은 흙이다.
^green;추출 가능^reset;, ^orange;체질 가능^reset;."	
/items/materials/junglestonematerial.matitem	description	"Vine-covered stones.
^green;Extractable^reset;, ^orange;Crushable^reset;."	"덩굴로 덮인 돌.
^green;추출 가능^reset;, ^orange;분쇄 가능^reset;."	
/items/materials/junglestonematerial.matitem	shortdescription	Jungle Stone	정글 돌	
/items/materials/kt_solpanblock.matitem	description	A solar panel.	태양 전지판.	
/items/materials/kt_solpanblock.matitem	shortdescription	Solar Panel Block	태양 전지판 블록	
/items/materials/livecoral.matitem	description	"Living, vital coral
^green;Extractable^reset;."	"살아있는 생명력 넘치는 산호
^green;추출 가능^reset;."	
/items/materials/livecoral.matitem	shortdescription	Living Coral	살아있는 산호	
/items/materials/magmawall1.matitem	shortdescription	Volcanic Rock	화산석	reuse
/items/materials/magmawall1.matitem	description	"Burning hot magma stone. Don't touch!
^green;Extractable^reset;, ^orange;Crushable^reset;."	"이글거리는 뜨거운 마그마 돌. 만지지 마!
^green;추출 가능^reset;, ^orange;분쇄 가능^reset;."	
/items/materials/magmawall2.matitem	shortdescription	Burning Volcanic Rock	불타는 화산암	
/items/materials/magmawall2.matitem	description	"Burning hot magma stone. Don't touch!
^green;Extractable^reset;, ^orange;Crushable^reset;."	"이글거리는 뜨거운 마그마 돌. 만지지 마!
^green;추출 가능^reset;, ^orange;분쇄 가능^reset;."	
/items/materials/magmawall3.matitem	shortdescription	Volcanic Ash	화산재	
/items/materials/magmawall3.matitem	description	"Probably not tasty.
^green;Extractable^reset;, ^orange;Siftable^reset;."	"먹을 만하진 않을 듯.
^green;추출 가능^reset;, ^orange;체질 가능^reset;."	
/items/materials/magmawall4.matitem	shortdescription	Cooled Volcanic Rock	식은 화산암	
/items/materials/magmawall4.matitem	description	"You can touch this without losing a hand.
^green;Extractable^reset;, ^orange;Crushable^reset;."	"손을 잃지 않고도 만질 수 있다.
^green;추출 가능^reset;, ^orange;분쇄 가능^reset;."	
/items/materials/marbleblock.matitem	description	Bricks made from smooth marble.	매끄러운 대리석으로 만든 벽돌.	
/items/materials/marbleblock.matitem	shortdescription	Marble Bricks	대리석 벽돌	
/items/materials/marblepillarblock.matitem	description	Pillar block, made of marble.	대리석으로 만든 기둥 블록.	
/items/materials/marblepillarblock.matitem	shortdescription	Marble Pillar Block	대리석 기둥 블록	
/items/materials/marestonematerial.matitem	description	"Rough, unrefined marestone.
^green;Extractable^reset;, ^orange;Crushable^reset;."	"거칠고 미가공된 메어스톤.
^green;추출 가능^reset;, ^orange;분쇄 가능^reset;."	
/items/materials/marestonematerial.matitem	shortdescription	Marestone	메어스톤	
/items/materials/metallicbrick2.matitem	shortdescription	Metallic Small Brick	금속 소형 벽돌	
/items/materials/metallicbrick2.matitem	description	Etched metal to look like small bricks.	작은 벽돌처럼 보이게 새긴 금속.	
/items/materials/metallicbrick3.matitem	shortdescription	Metallic Trim	금속 트림	
/items/materials/metallicbrick3.matitem	description	Metal trim for a ship. Includes painted gems.	함선용 금속 트림. 장식 보석 포함.	
/items/materials/metallicslab.matitem	shortdescription	Metallic Slab	금속 슬라브	
/items/materials/metallicslab.matitem	description	Etched metal to look like a slab of stone.	석판처럼 보이게 새긴 금속.	
/items/materials/modernshingle.matitem	description	A sleek modern roof shingle.	날렵한 현대식 지붕널.	
/items/materials/modernshingle.matitem	shortdescription	Modern Shingle	현대식 지붕널	
/items/materials/moderntile.matitem	description	Some stylish checkered tiles.	세련된 체크무늬 타일.	
/items/materials/moderntile.matitem	shortdescription	Modern Tiles	현대식 타일	
/items/materials/moltenmetal.matitem	description	"Ouch ouch ouch. Hot!
^green;Extractable^reset;."	"아야야야. 뜨거워!
^green;추출 가능^reset;."	
/items/materials/moltenmetal.matitem	shortdescription	Molten Metal	용융 금속	
/items/materials/moltensand.matitem	description	"This is really, really unsafe to handle.
^green;Extractable^reset;."	"다루기엔 정말, 정말 위험하다.
^green;추출 가능^reset;."	
/items/materials/moltensand.matitem	shortdescription	Molten Steel Sand	용융 강철 모래	
/items/materials/moltensteel.matitem	description	"Can be used to cook with, if desperate.
^green;Extractable^reset;."	"궁하면 요리에도 쓸 수 있다.
^green;추출 가능^reset;."	
/items/materials/moltensteel.matitem	shortdescription	Molten Steel Stone	용융 강철 돌	
/items/materials/moltentile.matitem	description	"Burning hot steel tile!
^green;Extractable^reset;."	"이글거리는 뜨거운 강철 타일!
^green;추출 가능^reset;."	
/items/materials/moltentile.matitem	shortdescription	Molten Steel Tile	용융 강철 타일	
/items/materials/nightarcastleblock.matitem	description	Mysterious Castle Blocks.	신비한 성 블록.	
/items/materials/nightarcastleblock.matitem	shortdescription	Nightar Dark Castle Block	나이타르 어둠 성 블록	
/items/materials/nightarcastleblock2.matitem	description	Mysterious Castle Blocks.	신비한 성 블록.	
/items/materials/nightarcastleblock2.matitem	shortdescription	Nightar Castle Block	나이타르 성 블록	
/items/materials/nightarcrosshatch.matitem	shortdescription	Nightar Window Lattice	나이타르 창문 격자	
/items/materials/nightarcrosshatch.matitem	description	A simple lattice made of Nightarian materials	나이타리안 소재로 만든 소박한 격자.	
/items/materials/nightardecotile.matitem	description	Decorative Nightarian flooring.	장식용 나이타리안 바닥재.	
/items/materials/nightardecotile.matitem	shortdescription	Nightar Deco Floor	나이타르 장식 바닥	
/items/materials/nightarfence1.matitem	description	A sturdy stone fence.	튼튼한 돌 울타리.	
/items/materials/nightarfence1.matitem	shortdescription	Nightarian Fence	나이타리안 울타리	
/items/materials/nightarfloor.matitem	description	Traditional Nightar floor.	전통적인 나이타르 바닥.	
/items/materials/nightarfloor.matitem	shortdescription	Nightar Floor	나이타르 바닥	
/items/materials/nightargirder1.matitem	description	Finely polished silver modular tile.	잘 닦은 은 모듈 타일.	
/items/materials/nightargirder1.matitem	shortdescription	Nightarian Silver Plating	나이타리안 은 판	
/items/materials/nightargirder2.matitem	description	Finely polished stone modular tile.	잘 닦은 돌 모듈 타일.	
/items/materials/nightargirder2.matitem	shortdescription	Nightarian Stone Plating	나이타리안 돌 판	
/items/materials/nightarplatform2.matitem	shortdescription	Nightar Platform	나이타르 플랫폼	
/items/materials/nightarplatform2.matitem	description	A rich detailed stone platform	세부가 풍부한 돌 플랫폼.	
/items/materials/nightarpurplebrick.matitem	description	A strong wall made of penumbral bricks.	페넘브럴 벽돌로 만든 튼튼한 벽.	
/items/materials/nightarpurplebrick.matitem	shortdescription	Penumbral Brick	페넘브럴 벽돌	
/items/materials/nightarpurplebrick2.matitem	description	A strong wall made of penumbral stone.	페넘브럴 돌로 만든 튼튼한 벽.	
/items/materials/nightarpurplebrick2.matitem	shortdescription	Penumbral Wall	페넘브럴 벽	
/items/materials/nightarpurplewall.matitem	description	Fortified penumbral stone panels	강화된 페넘브럴 돌 패널.	
/items/materials/nightarpurplewall.matitem	shortdescription	Penumbral Panel	페넘브럴 패널	
/items/materials/nightarshipblock.matitem	description	Mysterious ship blocks.	신비한 함선 블록.	
/items/materials/nightarshipblock.matitem	shortdescription	Nightar Ship Block	나이타르 함선 블록	
/items/materials/nightarsilverchain.matitem	description	A dense chain forged of shining silver.	빛나는 은으로 단조된 밀도 높은 사슬.	
/items/materials/nightarsilverchain.matitem	shortdescription	Silver Chain	은 사슬	
/items/materials/nightarsilverroof.matitem	description	Sturdy, shining silver roof shingles.	튼튼하고 빛나는 은 지붕널.	
/items/materials/nightarsilverroof.matitem	shortdescription	Silver Shingles	은 지붕널	
/items/materials/nightarsilvertech.matitem	description	Techy silver floor panels.	기술적인 은 바닥 패널.	
/items/materials/nightarsilvertech.matitem	shortdescription	Silver Floor Panel	은 바닥 패널	
/items/materials/nightarsilverwindow.matitem	description	Shining, beautiful glass.	빛나는 아름다운 유리.	
/items/materials/nightarsilverwindow.matitem	shortdescription	Nightar Silver Glass	나이타르 은 유리	
/items/materials/nightarsplatform.matitem	shortdescription	Nightar Platform	나이타르 플랫폼	
/items/materials/nightarsplatform.matitem	description	Strong platform made from unknown materials.	미지의 재료로 만든 튼튼한 플랫폼.	
/items/materials/nightarsupport.matitem	description	A reinforced support beam.	강화된 지지 빔.	
/items/materials/nightarsupport.matitem	shortdescription	Nightar Support Beam	나이타르 지지 빔	
/items/materials/nightarsupport2.matitem	description	A reinforced support beam.	강화된 지지 빔.	
/items/materials/nightarsupport2.matitem	shortdescription	Nightar Dark Support Beam	나이타르 어둠 지지 빔	
/items/materials/nightarswall1.matitem	description	Nightar plain concrete.	나이타르 무늬 없는 콘크리트.	
/items/materials/nightarswall1.matitem	shortdescription	Nightar Concrete	나이타르 콘크리트	
/items/materials/nightartechblock.matitem	shortdescription	Nightar Tech Block	나이타르 테크 블록	
/items/materials/nightartechblock.matitem	description	Blocks made from unknown Nightar technologies.	미지의 나이타르 기술로 만든 블록.	
/items/materials/nightarwall2.matitem	description	A black wall infused with some unknown Nightar technologies.	미지의 나이타르 기술이 깃든 검은 벽.	
/items/materials/nightarwall2.matitem	shortdescription	Nightar Tech Wall	나이타르 테크 벽	
/items/materials/nightarwindow.matitem	description	Dark, dreary glass.	어둡고 음울한 유리.	
/items/materials/nightarwindow.matitem	shortdescription	Nightar Penumbral Glass	나이타르 페넘브럴 유리	
/items/materials/oystershellmaterial.matitem	description	"A pile of crushed oyster shells.
^green;Extractable^reset;, ^orange;Siftable^reset;."	"부순 굴 껍데기 더미.
^green;추출 가능^reset;, ^orange;체질 가능^reset;."	
/items/materials/oystershellmaterial.matitem	shortdescription	Oystershell	굴 껍데기	
/items/materials/panelwood.matitem	description	This wood panelling was fashionable in a distant era.	이 나무 패널은 먼 시대에 유행한 적이 있다.	reuse
/items/materials/panelwood.matitem	shortdescription	Timber Panels	목재 패널	
/items/materials/peglacialloyplatform.matitem	description	A platform made of an advanced alloy.	고급 합금으로 만든 플랫폼.	
/items/materials/peglacialloyplatform.matitem	shortdescription	Alloy Platform	합금 플랫폼	
/items/materials/peglacicableconnector.matitem	description	A block that connects to many cables.	많은 케이블에 연결되는 블록.	
/items/materials/peglacicableconnector.matitem	shortdescription	Chilled Cable Connector	냉각 케이블 커넥터	
/items/materials/peglacicablenexus.matitem	description	A densely packed stack of processors, kept chilled to optimal temperatures.	최적 온도로 냉각되는 빽빽한 프로세서 더미.	
/items/materials/peglacicablenexus.matitem	shortdescription	Chilled Cable Nexus	냉각 케이블 넥서스	
/items/materials/peglacigiantekblock.matitem	shortdescription	Giantek Panel	자이언텍 패널	
/items/materials/peglacigiantekblock.matitem	description	"A dense panel packed with processing power.
^green;Extractable^reset;."	"처리 능력이 빽빽하게 채워진 고밀도 패널.
^green;추출 가능^reset;."	
/items/materials/peglacihexpane.matitem	description	"A panel of crystal with hexagonal tiles.
^green;Extractable^reset;."	"육각 타일이 있는 크리스탈 패널.
^green;추출 가능^reset;."	
/items/materials/peglacihexpane.matitem	shortdescription	Hexpane Panel	헥스페인 패널	
/items/materials/peglacihorcable.matitem	description	A chilled cable housing.	냉각 케이블 하우징.	
/items/materials/peglacihorcable.matitem	shortdescription	Chilled Hor. Cabling	냉각 수평 케이블	
/items/materials/peglaciicecolumn.matitem	description	A gracefully inscribed column of ice.	우아하게 새겨진 얼음 기둥.	
/items/materials/peglaciicecolumn.matitem	shortdescription	Ice Column	얼음 기둥	
/items/materials/peglaciinscribedpykreteblock.matitem	description	"A block made of pykrete. Peglaci glyphs are inscribed on it.
^green;Extractable^reset;."	"파이크리트로 만든 블록. 페글라시 글리프가 새겨져 있다.
^green;추출 가능^reset;."	
/items/materials/peglaciinscribedpykreteblock.matitem	shortdescription	Pykrete Glyph Block	파이크리트 글리프 블록	
/items/materials/peglacilightcable.matitem	description	Bright cabling for your frigid lab.	차가운 실험실용 밝은 케이블링.	
/items/materials/peglacilightcable.matitem	shortdescription	Peglaci Light Cabling	페글라시 조명 케이블	
/items/materials/peglacimetalblock.matitem	description	"A block made of a secret Peglaci alloy.
^green;Extractable^reset;."	"페글라시 비밀 합금으로 만든 블록.
^green;추출 가능^reset;."	
/items/materials/peglacimetalblock.matitem	shortdescription	Alloy Metal Block	합금 금속 블록	
/items/materials/peglacimetalpanel.matitem	description	"A panel made of a secret Peglaci alloy.
^green;Extractable^reset;."	"페글라시 비밀 합금으로 만든 패널.
^green;추출 가능^reset;."	
/items/materials/peglacimetalpanel.matitem	shortdescription	Alloy Panel	합금 패널	
/items/materials/peglacimetalscreen.matitem	description	"A metal screen decorated with Peglaci glyphs.
^green;Extractable^reset;."	"페글라시 글리프로 장식된 금속 스크린.
^green;추출 가능^reset;."	
/items/materials/peglacimetalscreen.matitem	shortdescription	Alloy Screen	합금 스크린	
/items/materials/peglacipykreteblock.matitem	description	"A block made of pykrete.
^green;Extractable^reset;."	"파이크리트로 만든 블록.
^green;추출 가능^reset;."	
/items/materials/peglacipykreteblock.matitem	shortdescription	Pykrete Block	파이크리트 블록	
/items/materials/peglacipykretedecor.matitem	description	"A decorative panel made of pykrete.
^green;Extractable^reset;."	"파이크리트로 만든 장식 패널.
^green;추출 가능^reset;."	
/items/materials/peglacipykretedecor.matitem	shortdescription	Pykrete Decor Panel	파이크리트 장식 패널	
/items/materials/peglacipykretefoundation.matitem	description	Pykrete panelling laid upon dense glacier ice.	밀도 높은 빙하 얼음 위에 깐 파이크리트 패널링.	
/items/materials/peglacipykretefoundation.matitem	shortdescription	Pykrete Foundation Block	파이크리트 기초 블록	
/items/materials/peglacipykreteplatform.matitem	description	A chilly - but sturdy - platform made of pykrete.	파이크리트로 만든 차갑지만 튼튼한 플랫폼.	
/items/materials/peglacipykreteplatform.matitem	shortdescription	Pykrete Platform	파이크리트 플랫폼	
/items/materials/peglacipykretestrip.matitem	description	A decorative strip made of pykrete.	파이크리트로 만든 장식 띠.	
/items/materials/peglacipykretestrip.matitem	shortdescription	Pykrete Strip	파이크리트 띠	
/items/materials/peglacivertcable.matitem	description	A chilled cable housing.	냉각 케이블 하우징.	
/items/materials/peglacivertcable.matitem	shortdescription	Chilled Vert. Cabling	냉각 수직 케이블	
/items/materials/penumbradirtmaterial.matitem	shortdescription	Umbral dirt	움브랄 흙	
/items/materials/penumbradirtmaterial.matitem	description	"This dirt absorbs all light.
^green;Extractable^reset;, ^orange;Siftable^reset;."	"빛을 모두 흡수하는 흙.
^green;추출 가능^reset;, ^orange;체질 가능^reset;."	
/items/materials/penumbralbark.matitem	description	"Peeled bark from large trees growing on penumbra planets.
^green;Extractable^reset;."	"페넘브라 행성의 큰 나무에서 벗긴 껍질.
^green;추출 가능^reset;."	
/items/materials/penumbralbark.matitem	shortdescription	Penumbral Bark	페넘브럴 나무껍질	
/items/materials/penumbrastonematerial.matitem	shortdescription	Umbral stone	움브랄 돌	
/items/materials/penumbrastonematerial.matitem	description	"The stone reflects little to no light.
^green;Extractable^reset;, ^orange;Crushable^reset;."	"빛을 거의 반사하지 않는 돌.
^green;추출 가능^reset;, ^orange;분쇄 가능^reset;."	
/items/materials/penumbriteblock.matitem	shortdescription	Penumbrite Block	페넘브라이트 블록	
/items/materials/penumbriteblock.matitem	description	A block of penumbrite.	페넘브라이트 블록.	
/items/materials/pixelgoods/fujellyblock2.matitem	shortdescription	Gelatinous Block	젤라틴 블록	
/items/materials/pixelgoods/fujellyblock2.matitem	description	Thickened jelly. It's really tempting to eat it.	걸쭉한 젤리. 먹고 싶어지는 게 정말 문제다.	
/items/materials/pixelgoods/fuokeagrass.matitem	shortdescription	Grass	잔디	
/items/materials/pixelgoods/fuokeagrass.matitem	description	It's grass. I don't think it needs describing. Do you?	잔디다. 설명이 필요한가? 필요해?	
/items/materials/pixelgoods/fuokeahitechwall1.matitem	description	Plasteel is pretty awesome.	플라스틸은 꽤 멋지다.	
/items/materials/pixelgoods/fuokeahitechwall1.matitem	shortdescription	Plasteel Wall	플라스틸 벽	
/items/materials/pixelgoods/fuokeahitechwall2.matitem	description	Plasteel is pretty awesome.	플라스틸은 꽤 멋지다.	
/items/materials/pixelgoods/fuokeahitechwall2.matitem	shortdescription	Plasteel Tile	플라스틸 타일	
/items/materials/pixelgoods/fuokeamagmabrick.matitem	description	Bricks made out of magmastone and hellfire.	마그마스톤과 지옥불로 만든 벽돌.	
/items/materials/pixelgoods/fuokeamagmabrick.matitem	shortdescription	Hellfire Bricks	지옥불 벽돌	
/items/materials/pixelgoods/fuokeamagmastone.matitem	description	Stone made out of magmastone and hellfire.	마그마스톤과 지옥불로 만든 돌.	
/items/materials/pixelgoods/fuokeamagmastone.matitem	shortdescription	Hellfire Stone	지옥불 돌	
/items/materials/plaidwallpaper.matitem	description	Some colorful plaid wallpaper.	알록달록한 체크 벽지.	
/items/materials/plaidwallpaper.matitem	shortdescription	Plaid Wallpaper	격자무늬 벽지	reuse
/items/materials/plasmamaterial.matitem	description	"A material made from ionic matter similar to plasma.
^green;Extractable^reset;."	"플라스마와 유사한 이온 물질로 만든 소재.
^green;추출 가능^reset;."	
/items/materials/plasmamaterial.matitem	shortdescription	Miasmet	미아스멧	
/items/materials/precursorchain.matitem	description	"A super strong chain of ancient origin.
^green;Extractable^reset;."	"고대 기원의 초강력 사슬.
^green;추출 가능^reset;."	
/items/materials/precursorchain.matitem	shortdescription	Precursor Chain	선구자 사슬	
/items/materials/precursordecorative.matitem	description	"Ancient panelling of unknown origin
^green;Extractable^reset;."	"기원을 알 수 없는 고대 패널링.
^green;추출 가능^reset;."	
/items/materials/precursordecorative.matitem	shortdescription	Precursor Rune Panel	선구자 룬 패널	
/items/materials/precursordetail.matitem	description	"Ancient panelling of unknown origin
^green;Extractable^reset;."	"기원을 알 수 없는 고대 패널링.
^green;추출 가능^reset;."	
/items/materials/precursordetail.matitem	shortdescription	Precursor Metal	선구자 금속	
/items/materials/precursorfloor.matitem	description	"Ancient panelling of unknown origin
^green;Extractable^reset;."	"기원을 알 수 없는 고대 패널링.
^green;추출 가능^reset;."	
/items/materials/precursorfloor.matitem	shortdescription	Precursor Floor	선구자 바닥	
/items/materials/precursorfloor2.matitem	description	"Floor of the ancients.
^green;Extractable^reset;."	"고대인의 바닥.
^green;추출 가능^reset;."	
/items/materials/precursorfloor2.matitem	shortdescription	Precursor Lit Floor	선구자 조명 바닥	
/items/materials/precursorgirder.matitem	description	"Girder made of ancient materials.
^green;Extractable^reset;."	"고대 소재로 만든 거더.
^green;추출 가능^reset;."	
/items/materials/precursorgirder.matitem	shortdescription	Precursor Bright Girder	선구자 밝은 거더	
/items/materials/precursorgirdir.matitem	description	"A strong looking ancient girder.
^green;Extractable^reset;."	"튼튼해 보이는 고대 거더.
^green;추출 가능^reset;."	
/items/materials/precursorgirdir.matitem	shortdescription	Precursor Dark Girder	선구자 어두운 거더	
/items/materials/precursorglasswall.matitem	description	"Sturdy, yet malleable glass
^green;Extractable^reset;."	"튼튼하면서도 가공 가능한 유리.
^green;추출 가능^reset;."	
/items/materials/precursorglasswall.matitem	shortdescription	Precursor Glass	선구자 유리	
/items/materials/precursorpanel.matitem	description	"Ancient panelling of unknown origin
^green;Extractable^reset;."	"기원을 알 수 없는 고대 패널링.
^green;추출 가능^reset;."	
/items/materials/precursorpanel.matitem	shortdescription	Precursor Panel	선구자 패널	
/items/materials/precursorpillar.matitem	description	"Super-sturdy ancient metal
^green;Extractable^reset;."	"초강력 고대 금속.
^green;추출 가능^reset;."	
/items/materials/precursorpillar.matitem	shortdescription	Precursor Pillar	선구자 기둥	
/items/materials/precursorpipematerial.matitem	description	"Thick, super-dense pipes made of an unknown alloy.
^green;Extractable^reset;."	"미지의 합금으로 만든 두껍고 초고밀도 파이프.
^green;추출 가능^reset;."	
/items/materials/precursorpipematerial.matitem	shortdescription	Precursor Pipe	선구자 파이프	
/items/materials/precursorsloped.matitem	description	"Glorious ancient metal
^green;Extractable^reset;."	"영광스러운 고대 금속.
^green;추출 가능^reset;."	
/items/materials/precursorsloped.matitem	shortdescription	Precursor Sloped Panel	선구자 경사 패널	
/items/materials/precursorstairs.matitem	description	"Ultra techy stairs
^green;Extractable^reset;."	"초기술 계단.
^green;추출 가능^reset;."	
/items/materials/precursorstairs.matitem	shortdescription	Precursor Platform	선구자 플랫폼	
/items/materials/precursorwall.matitem	description	"Ancient panelling of unknown origin
^green;Extractable^reset;."	"기원을 알 수 없는 고대 패널링.
^green;추출 가능^reset;."	
/items/materials/precursorwall.matitem	shortdescription	Precursor Wall Panel	선구자 벽 패널	
/items/materials/protoblock.matitem	shortdescription	Protocite Block	프로토사이트 블록	
/items/materials/protoblock.matitem	description	Seems awfully wasteful. This is fuel.	엄청나게 낭비스럽다. 이건 연료라고.	
/items/materials/protorockmaterial.matitem	description	"A strange sort of rock.
^orange;Crushable^reset;, ^red;Smeltable^reset;."	"기묘한 종류의 바위.
^orange;분쇄 가능^reset;, ^red;제련 가능^reset;."	
/items/materials/protorockmaterial.matitem	shortdescription	Elder Stone	엘더 돌	
/items/materials/purpleconsolematerial.matitem	description	Some sort of console screen.	일종의 콘솔 화면.	
/items/materials/purpleconsolematerial.matitem	shortdescription	Console	콘솔	
/items/materials/rainbowsandmaterial.matitem	description	"Rainbow-hued sand.
^green;Extractable^reset;, ^orange;Siftable^reset;."	"무지개빛 모래.
^green;추출 가능^reset;, ^orange;체질 가능^reset;."	
/items/materials/rainbowsandmaterial.matitem	shortdescription	Rainbow Sand	무지개 모래	
/items/materials/raincloudmat.matitem	description	"Somewhat solid clouds! You can even walk on them! They're pretty wet, though.
^green;Extractable^reset;."	"어느 정도 단단한 구름! 밟고 설 수도 있다! 좀 축축하지만.
^green;추출 가능^reset;."	
/items/materials/raincloudmat.matitem	shortdescription	Raincloud Block	비구름 블록	
/items/materials/rainforestfloor.matitem	description	"Rich in beauty and leaves.
^green;Extractable^reset;."	"아름다움과 잎이 풍부하다.
^green;추출 가능^reset;."	
/items/materials/rainforestfloor.matitem	shortdescription	Rainforest Floor	열대우림 바닥	
/items/materials/rainforestfloorflowers.matitem	description	"Flowery, lush soil.
^green;Extractable^reset;."	"꽃이 많은 비옥한 흙.
^green;추출 가능^reset;."	
/items/materials/rainforestfloorflowers.matitem	shortdescription	Rainforest Flowers	열대우림 꽃	reuse
/items/materials/redhoneycombmaterial.matitem	shortdescription	Red Honey Material	붉은 꿀 소재	
/items/materials/redhoneycombmaterial.matitem	description	"Waxy!
^green;Extractable^reset;."	"밀랍이다!
^green;추출 가능^reset;."	
/items/materials/redhoneyplatform.matitem	description	A red, sticky platform.	붉고 끈적한 플랫폼.	
/items/materials/redhoneyplatform.matitem	shortdescription	Red Honey Platform	붉은 꿀 플랫폼	
/items/materials/redhotcobblestone.matitem	shortdescription	Red-Hot Cobblestone	이글거리는 조약돌	
/items/materials/redhotcobblestone.matitem	description	"Hard stones, smooth to the touch, heated to incandescent temperatures!
^green;Extractable^reset;, ^orange;Crushable^reset;."	"단단한 돌이 백열 온도로 가열되어 만지면 매끄럽다!
^green;추출 가능^reset;, ^orange;분쇄 가능^reset;."	
/items/materials/redsand.matitem	description	"A fine glittering red sand. Could probably be made into glass!
^green;Extractable^reset;, ^orange;Siftable^reset;."	"고운 반짝이는 붉은 모래. 유리로 만들 수 있을 듯!
^green;추출 가능^reset;, ^orange;체질 가능^reset;."	
/items/materials/redsand.matitem	shortdescription	Fine Sand	고운 모래	
/items/materials/redsand2.matitem	description	"A fine glittering red sand. Could probably be made into glass!
^green;Extractable^reset;, ^orange;Siftable^reset;."	"고운 반짝이는 붉은 모래. 유리로 만들 수 있을 듯!
^green;추출 가능^reset;, ^orange;체질 가능^reset;."	
/items/materials/redsand2.matitem	shortdescription	Red Sand	붉은 모래	reuse
/items/materials/redslate2.matitem	description	"A dense, red slate stone
^green;Extractable^reset;."	"밀도 높은 붉은 슬레이트 돌.
^green;추출 가능^reset;."	
/items/materials/redslate2.matitem	shortdescription	Red Slate	붉은 슬레이트	
/items/materials/redwoodbark.matitem	description	"Redwood bark. Peeled from the logs of large trees.
^green;Extractable^reset;."	"레드우드 껍질. 큰 나무 통나무에서 벗긴 것.
^green;추출 가능^reset;."	
/items/materials/redwoodbark.matitem	shortdescription	Redwood Bark	레드우드 껍질	
/items/materials/retexaetherdust.matitem	description	"Strangely glittering dust.
^green;Extractable^reset;, ^orange;Siftable^reset;."	"기묘하게 반짝이는 가루.
^green;추출 가능^reset;, ^orange;체질 가능^reset;."	
/items/materials/retexaetherdust.matitem	shortdescription	Aether Dust	에테르 가루	
/items/materials/retexaetherdustpillar.matitem	description	A dreamy beige pillar.	몽환적인 베이지 기둥.	
/items/materials/retexaetherdustpillar.matitem	shortdescription	Aether Dust Pillar	에테르 가루 기둥	
/items/materials/retexcobblestone.matitem	description	"A thick plate of smooth stone.
^green;Extractable^reset;, ^orange;Crushable^reset;."	"매끄러운 돌의 두꺼운 판.
^green;추출 가능^reset;, ^orange;분쇄 가능^reset;."	
/items/materials/retexcobblestone.matitem	shortdescription	Smooth Stone	매끄러운 돌	
/items/materials/retexdirt.matitem	description	"A bunch of rough dirt.
^green;Extractable^reset;, ^orange;Siftable^reset;."	"거친 흙 한 움큼.
^green;추출 가능^reset;, ^orange;체질 가능^reset;."	
/items/materials/retexdirt.matitem	shortdescription	Rough Dirt	거친 흙	
/items/materials/retexgreenhouse.matitem	description	A greenhouse to let the sun through.	햇빛을 통과시키는 온실.	
/items/materials/retexgreenhouse.matitem	shortdescription	Greenhouse Wall	온실 벽	
/items/materials/retexironblock.matitem	description	"A techy block of tungsten.
^green;Extractable^reset;."	"기술적인 텅스텐 블록.
^green;추출 가능^reset;."	
/items/materials/retexironblock.matitem	shortdescription	Tungsten Tech Block	텅스텐 테크 블록	
/items/materials/retexironpipe.matitem	description	"A large metal pipe.
^green;Extractable^reset;."	"큰 금속 파이프.
^green;추출 가능^reset;."	
/items/materials/retexironpipe.matitem	shortdescription	Metal Pipe	금속 파이프	
/items/materials/retexredsandstone.matitem	description	"Tough sandstone.
^green;Extractable^reset;."	"질긴 사암.
^green;추출 가능^reset;."	
/items/materials/retexredsandstone.matitem	shortdescription	Red Sandstone Block	붉은 사암 블록	
/items/materials/retexsand2.matitem	description	"A handful of fine sand. Good source of silicon.
^green;Extractable^reset;, ^orange;Siftable^reset;, ^red;Smeltable^reset;."	"고운 모래 한 줌. 좋은 규소 공급원.
^green;추출 가능^reset;, ^orange;체질 가능^reset;, ^red;제련 가능^reset;."	
/items/materials/retexsand2.matitem	shortdescription	Fine Sand	고운 모래	
/items/materials/retexsandstone.matitem	description	"Tough sandstone.
^green;Extractable^reset;."	"질긴 사암.
^green;추출 가능^reset;."	
/items/materials/retexsandstone.matitem	shortdescription	Sandstone Block	사암 블록	
/items/materials/retexwallcables.matitem	description	Some neatly placed cables.	깔끔하게 배치된 케이블들.	
/items/materials/retexwallcables.matitem	shortdescription	Wall Cables	벽 케이블	
/items/materials/richlattice.matitem	shortdescription	Rich Window Lattice	고급 창문 격자	
/items/materials/richlattice.matitem	description	A lattice made of nice wood.	좋은 목재로 만든 격자.	
/items/materials/richplatform.matitem	description	A nice wood platform.	좋은 목재 플랫폼.	
/items/materials/richplatform.matitem	shortdescription	Rich Wood Platform	고급 목재 플랫폼	
/items/materials/richwood.matitem	description	Fine wooden planks, that look valuable.	값어치 있어 보이는 고급 목재 판자.	
/items/materials/richwood.matitem	shortdescription	Rich Wood Planks	고급 목재 판자	
/items/materials/rostonematerial.matitem	description	"Rough, unrefined rostone.
^green;Extractable^reset;, ^orange;Crushable^reset;."	"거칠고 미가공된 로스톤.
^green;추출 가능^reset;, ^orange;분쇄 가능^reset;."	
/items/materials/rostonematerial.matitem	shortdescription	Rostone	로스톤	
/items/materials/rottingfleshmaterial.matitem	description	"Okay, ew.
^green;Extractable^reset;."	"으으, 역겨워.
^green;추출 가능^reset;."	
/items/materials/rottingfleshmaterial.matitem	shortdescription	Rotting Flesh	썩은 살점	
/items/materials/sandpillar1.matitem	shortdescription	Sand Pillar	모래 기둥	
/items/materials/sandpillar1.matitem	description	A pillar. Made from sand. Fairly self-explanatory, I'd say.	기둥. 모래로 만든. 딱히 더 설명할 필요가 있나.	
/items/materials/sandpillar2.matitem	shortdescription	Sand Decorated Pillar	모래 장식 기둥	
/items/materials/sandpillar2.matitem	description	A decorated pillar. Made from sand. Fairly self-explanatory, I'd say.	장식된 기둥. 모래로 만든. 딱히 더 설명할 필요가 있나.	
/items/materials/shingles.matitem	description	Sturdy wooden shingles.	튼튼한 목재 지붕널.	
/items/materials/shingles.matitem	shortdescription	Wooden Shingles	목재 지붕널	
/items/materials/shojilattice.matitem	description	A delicate lattice made of wood.	나무로 만든 섬세한 격자.	
/items/materials/shojilattice.matitem	shortdescription	Shoji Window Lattice	쇼지 창문 격자	
/items/materials/shroomblockglow.matitem	description	"A block made of soft, glowing fungus.
^green;Extractable^reset;."	"부드럽게 빛나는 균류로 만든 블록.
^green;추출 가능^reset;."	
/items/materials/shroomblockglow.matitem	shortdescription	Glowing Mushroom	빛나는 버섯	
/items/materials/shroomblockmaterial.matitem	description	"Soft, pliable fungus
^green;Extractable^reset;."	"부드럽고 유연한 균류.
^green;추출 가능^reset;."	
/items/materials/shroomblockmaterial.matitem	shortdescription	Shroom Wall	버섯 벽	
/items/materials/silversloppedpanel.matitem	description	Panels made out of pure silver. Space vampires beware!	순수한 은으로 만든 패널. 우주 뱀파이어 조심!	
/items/materials/silversloppedpanel.matitem	shortdescription	Sloped Silver Panel	경사 은 패널	
/items/materials/skathbeam1.matitem	description	A structural beam made of tethyde alloy.	테시이드 합금으로 만든 구조 빔.	
/items/materials/skathbeam1.matitem	shortdescription	Smooth Tethyde Beam	매끄러운 테시이드 빔	
/items/materials/skathbeam2.matitem	description	A structural beam made of tethyde alloy.	테시이드 합금으로 만든 구조 빔.	
/items/materials/skathbeam2.matitem	shortdescription	Ridged Tethyde Beam	홈 있는 테시이드 빔	
/items/materials/skathbigwall.matitem	description	Thick panelling used to reinforce structures.	구조물 보강용 두꺼운 패널링.	
/items/materials/skathbigwall.matitem	shortdescription	Large Impervium Wall	대형 임페르비움 벽	
/items/materials/skathceilingsupport.matitem	description	A support made of tethyde alloy.	테시이드 합금으로 만든 지지대.	
/items/materials/skathceilingsupport.matitem	shortdescription	Tethyde Support	테시이드 지지대	
/items/materials/skathcleanwall.matitem	description	Clean, smooth tethyde walls.	깨끗하고 매끄러운 테시이드 벽.	
/items/materials/skathcleanwall.matitem	shortdescription	Smooth Tethyde Wall	매끄러운 테시이드 벽	
/items/materials/skathcleanwallpanels.matitem	description	Smooth tethyde panels, inset into the wall.	벽에 매입된 매끄러운 테시이드 패널.	
/items/materials/skathcleanwallpanels.matitem	shortdescription	Inset Tethyde Panels	매입 테시이드 패널	
/items/materials/skathdarkwall1.matitem	description	Tethyde layered with impervium for an exceptionally strong material.	임페르비움이 겹쳐진 테시이드로, 매우 강한 소재.	
/items/materials/skathdarkwall1.matitem	shortdescription	Impervium Plating	임페르비움 판	
/items/materials/skathdarkwall2.matitem	description	Concrete with tethyde rebar, used in Skath structures.	테시이드 철근을 넣은 콘크리트. 스카스 구조물에 사용.	
/items/materials/skathdarkwall2.matitem	shortdescription	Skath Dark Wall	스카스 어두운 벽	
/items/materials/skathenergybeam.matitem	description	Skath flooring embedded with glowing plasma tubes.	빛나는 플라스마 관이 박힌 스카스 바닥.	
/items/materials/skathenergybeam.matitem	shortdescription	Skath Energy Beam	스카스 에너지 빔	
/items/materials/skathenergydetail.matitem	description	Skath flooring embedded with glowing plasma tubes.	빛나는 플라스마 관이 박힌 스카스 바닥.	
/items/materials/skathenergydetail.matitem	shortdescription	Skath Energy Detail	스카스 에너지 장식	
/items/materials/skathenergyscreen.matitem	description	A screen displaying text in the Skath language.	스카스어 문자를 표시하는 화면.	
/items/materials/skathenergyscreen.matitem	shortdescription	Skath Energy Screen	스카스 에너지 화면	
/items/materials/skathenergywall.matitem	description	A wall demonstrating Skath plasma technology.	스카스 플라스마 기술을 보여주는 벽.	
/items/materials/skathenergywall.matitem	shortdescription	Skath Energy Wall	스카스 에너지 벽	
/items/materials/skathgirder.matitem	description	A thick, strong girder made of tethyde alloy.	테시이드 합금으로 만든 두껍고 튼튼한 거더.	
/items/materials/skathgirder.matitem	shortdescription	Tethyde Girder	테시이드 거더	
/items/materials/skathhazard.matitem	description	Indicates nearby danger.	주변의 위험을 표시한다.	
/items/materials/skathhazard.matitem	shortdescription	Skath Hazard Block	스카스 위험 블록	
/items/materials/skathpillar.matitem	description	Pillars of Impervium alloy able to support enormous structures.	거대한 구조물을 지탱할 수 있는 임페르비움 합금 기둥.	
/items/materials/skathpillar.matitem	shortdescription	Impervium Pillar	임페르비움 기둥	
/items/materials/skathpipe.matitem	description	A pipe made for transporting highly dangerous substances.	고위험 물질 운반용 파이프.	
/items/materials/skathpipe.matitem	shortdescription	Tethyde Pipe	테시이드 파이프	
/items/materials/skathplatform.matitem	description	A platform able to support exceptional amounts of weight.	상당한 무게를 견딜 수 있는 플랫폼.	
/items/materials/skathplatform.matitem	shortdescription	Tethyde Platform	테시이드 플랫폼	
/items/materials/skathpressurewall.matitem	description	A block of tethyde alloy made for use in high pressure environments.	고압 환경용으로 만든 테시이드 합금 블록.	
/items/materials/skathpressurewall.matitem	shortdescription	Tethyde Pressurised Beam	테시이드 가압 빔	
/items/materials/skathwallbeams.matitem	description	Impervium walls made to support heavy weights.	무거운 하중을 지탱하도록 만든 임페르비움 벽.	
/items/materials/skathwallbeams.matitem	shortdescription	Impervium Wall Beams	임페르비움 벽 보강재	
/items/materials/skathwalldetail.matitem	description	Walls with embedded plasma tubes for mild lighting.	은은한 조명용 플라스마 관이 박힌 벽.	
/items/materials/skathwalldetail.matitem	shortdescription	Skath Plasma Wall Detail	스카스 플라스마 벽 장식	
/items/materials/skathwallpanel.matitem	description	Panels made of durable impervium.	내구성 높은 임페르비움으로 만든 패널.	
/items/materials/skathwallpanel.matitem	shortdescription	Impervium Wall Panels	임페르비움 벽 패널	
/items/materials/skathwindow.matitem	description	A window made of reinforced glass and tethyde alloy.	강화 유리와 테시이드 합금으로 만든 창문.	
/items/materials/skathwindow.matitem	shortdescription	Tethyde Window	테시이드 창문	
/items/materials/skathwindow2.matitem	description	A window made of reinforced glass and tethyde alloy.	강화 유리와 테시이드 합금으로 만든 창문.	
/items/materials/skathwindow2.matitem	shortdescription	Sloped Tethyde Window	경사 테시이드 창문	
/items/materials/slime2material.matitem	description	"A thick mucus. It's tempting to poke it.
^green;Extractable^reset;."	"걸쭉한 점액. 찔러보고 싶어진다.
^green;추출 가능^reset;."	
/items/materials/slime2material.matitem	shortdescription	Slime Block	슬라임 블록	
/items/materials/slimedirtmaterial.matitem	description	"Ew. Slimy.
^green;Extractable^reset;."	"으으, 미끈거려.
^green;추출 가능^reset;."	
/items/materials/slimedirtmaterial.matitem	shortdescription	Slimy Soil	미끈한 흙	
/items/materials/slimeplatform.matitem	shortdescription	Slime Platform	슬라임 플랫폼	
/items/materials/slimeplatform.matitem	description	Sticky platform. Looks like it's falling apart.	끈적한 플랫폼. 무너질 것 같다.	
/items/materials/slimeshipsupport.matitem	description	A thick mucus. It jiggles when poked but seems firm.	걸쭉한 점액. 찌르면 흔들리지만 단단해 보인다.	
/items/materials/slimeshipsupport.matitem	shortdescription	Strong Slime Glob	튼튼한 슬라임 덩어리	
/items/materials/slopedavianhullpanel.matitem	shortdescription	Avian Hull Panel	에이비언 선체 패널	
/items/materials/slopedavianhullpanel.matitem	description	Hull panels worthy of Avian praise. Very strong.	에이비언의 찬양을 받을 만한 선체 패널. 매우 튼튼하다.	
/items/materials/slopedcardboardtile.matitem	description	Cats love this tile, perhaps too much.	고양이들이 이 타일을 좋아한다. 너무 좋아해서 문제일지도.	
/items/materials/slopedcardboardtile.matitem	shortdescription	Sloped Cardboard	경사 골판지	
/items/materials/slopedglowglass.matitem	description	I can see my reflection... it's hideous!	내 모습이 보여요... 끔찍해요!	reuse
/items/materials/slopedglowglass.matitem	shortdescription	Sloped Glow-Glass Block	경사 발광 유리 블록	
/items/materials/slopednightarblock.matitem	description	Fortified Nightarian construction.	요새화된 나이타리안 건축물.	
/items/materials/slopednightarblock.matitem	shortdescription	Sloped Nightar Ship Block	경사 나이타르 함선 블록	
/items/materials/slopedshinygold.matitem	description	Panels made out of pure gold. Perfection.	순수한 금으로 만든 패널. 완벽하다.	
/items/materials/slopedshinygold.matitem	shortdescription	Shiny Golden Panels	반짝이는 황금 패널	
/items/materials/slopedstainedglass.matitem	description	Airy, light and beautiful glass.	가볍고 산뜻하고 아름다운 유리.	
/items/materials/slopedstainedglass.matitem	shortdescription	Stained Glass	스테인드글라스	
/items/materials/slopedtelebriumpanel.matitem	description	Paneling made from solid telebrium. Don't lick it.	단단한 텔레브리움으로 만든 패널링. 핥지 마.	
/items/materials/slopedtelebriumpanel.matitem	shortdescription	Telebrium Panel	텔레브리움 패널	
/items/materials/slopedteleglass.matitem	description	Telebrium treated glass. Remarkably clear.	텔레브리움 처리 유리. 놀라울 만큼 투명하다.	
/items/materials/slopedteleglass.matitem	shortdescription	Sloped Telebrium Glass	경사 텔레브리움 유리	
/items/materials/slopedteletechpanel.matitem	shortdescription	Telebrium Tech Panel	텔레브리움 테크 패널	
/items/materials/slopedteletechpanel.matitem	description	Techy telebrium paneling. Don't lick it.	기술적인 텔레브리움 패널링. 핥지 마.	
/items/materials/slopedtethydeplating.matitem	shortdescription	Tethyde Plating	테시이드 판	
/items/materials/slopedtethydeplating.matitem	description	Sturdy tethyde plating, suitable for spaceships and buildings.	함선과 건물에 적합한 튼튼한 테시이드 판.	
/items/materials/slopedtintedglowglass.matitem	description	I can see my reflection... it's hideous!	내 모습이 보여요... 끔찍해요!	reuse
/items/materials/slopedtintedglowglass.matitem	shortdescription	Tinted Glow-Glass	틴트 발광 유리	
/items/materials/speedblockmaterial.matitem	description	A block that enhances the speed of the person moving over it.	위를 지나는 사람의 속도를 강화하는 블록.	
/items/materials/speedblockmaterial.matitem	shortdescription	Speed Block	스피드 블록	
/items/materials/springvines.matitem	description	"Flowery vines. Pretty.
^green;Extractable^reset;."	"꽃 덩굴. 예쁘다.
^green;추출 가능^reset;."	
/items/materials/springvines.matitem	shortdescription	Spring Vine Block	봄 덩굴 블록	
/items/materials/steelhivematerial.matitem	description	"A metallic hive construct.
^green;Extractable^reset;."	"금속 하이브 구조물.
^green;추출 가능^reset;."	
/items/materials/steelhivematerial.matitem	shortdescription	Steel Hive	강철 하이브	
/items/materials/steelmetal.matitem	description	"A block of metal.
^green;Extractable^reset;."	"금속 블록.
^green;추출 가능^reset;."	
/items/materials/steelmetal.matitem	shortdescription	Metal	금속	
/items/materials/steelpartblock.matitem	description	"Metal parts for some unknown purpose.
^green;Extractable^reset;."	"용도를 알 수 없는 금속 부품.
^green;추출 가능^reset;."	
/items/materials/steelpartblock.matitem	shortdescription	Metal Parts	금속 부품	
/items/materials/steelsand.matitem	description	"Fine grains of metal.
^green;Extractable^reset;, ^orange;Siftable^reset;."	"고운 금속 입자.
^green;추출 가능^reset;, ^orange;체질 가능^reset;."	
/items/materials/steelsand.matitem	shortdescription	Steel Sand Block	강철 모래 블록	
/items/materials/steelstonematerial.matitem	description	"Metallic stone as hard as steel.
^green;Extractable^reset;, ^orange;Crushable^reset;."	"강철만큼 단단한 금속 돌.
^green;추출 가능^reset;, ^orange;분쇄 가능^reset;."	
/items/materials/steelstonematerial.matitem	shortdescription	Steel Stone	강철 돌	
/items/materials/stickyslime.matitem	description	A thick mucus. It jiggles when poked.	걸쭉한 점액. 찌르면 흔들린다.	
/items/materials/stickyslime.matitem	shortdescription	Sticky Slime Glob	끈적한 슬라임 덩어리	
/items/materials/sturdyplatform.matitem	description	Sturdy, dense metal platform.	튼튼하고 밀도 높은 금속 플랫폼.	
/items/materials/sturdyplatform.matitem	shortdescription	Sturdy Platform	튼튼한 플랫폼	
/items/materials/sulphurdirtmaterial.matitem	shortdescription	Sulphuric Dirt	유황 흙	
/items/materials/sulphurdirtmaterial.matitem	description	"Loaded with delicious toxins.
^green;Extractable^reset;, ^orange;Siftable^reset;."	"맛있는 독소가 가득하다.
^green;추출 가능^reset;, ^orange;체질 가능^reset;."	
/items/materials/sulphurstonematerial.matitem	shortdescription	Sulphuric Stone	유황 돌	
/items/materials/sulphurstonematerial.matitem	description	"Loaded with useful minerals.
^green;Extractable^reset;, ^orange;Crushable^reset;."	"유용한 광물이 가득하다.
^green;추출 가능^reset;, ^orange;분쇄 가능^reset;."	
/items/materials/swampdirtffmaterial.matitem	description	"Icky, slimy dirt.
^green;Extractable^reset;, ^orange;Siftable^reset;."	"끈적하고 미끈한 흙.
^green;추출 가능^reset;, ^orange;체질 가능^reset;."	
/items/materials/swampdirtffmaterial.matitem	shortdescription	Swamp Dirt	늪지 흙	
/items/materials/tarstonematerial.matitem	shortdescription	Tarry Stone	타르 돌	
/items/materials/tarstonematerial.matitem	description	"Sticky, tarry rock.
^green;Extractable^reset;, ^orange;Crushable^reset;."	"끈적한 타르 바위.
^green;추출 가능^reset;, ^orange;분쇄 가능^reset;."	
/items/materials/telebriumblock.matitem	shortdescription	Telebrium Block	텔레브리움 블록	
/items/materials/telebriumblock.matitem	description	Solid telebrium now in block form!	고체 텔레브리움이 이제 블록 형태로!	
/items/materials/telebriumplatform.matitem	description	A sharp, stylish platform made from telebrium.	텔레브리움으로 만든 날카롭고 세련된 플랫폼.	
/items/materials/telebriumplatform.matitem	shortdescription	Telebrium Platform	텔레브리움 플랫폼	
/items/materials/telepillarblock.matitem	description	A fancy pillar fashioned from telebrium.	텔레브리움으로 만든 멋진 기둥.	
/items/materials/telepillarblock.matitem	shortdescription	Telebrium Pillar Block	텔레브리움 기둥 블록	
/items/materials/thelushive.matitem	description	Sharp and jagged, but super strong.	날카롭고 들쭉날쭉하지만 초강력.	
/items/materials/thelushive.matitem	shortdescription	Thelusian Resin	텔루시안 수지	
/items/materials/thelushivesleek.matitem	description	Slim, contoured and light.	얇고 윤곽이 잡힌 가벼운 소재.	
/items/materials/thelushivesleek.matitem	shortdescription	Thelusian Sleek Resin	텔루시안 날렵한 수지	
/items/materials/tilesandgreebles/fulabhoverpanel.matitem	description	High-tech composite material.	첨단 복합 소재.	
/items/materials/tilesandgreebles/fulabhoverpanel.matitem	shortdescription	Tek Composite	텍 복합재	
/items/materials/tilesandgreebles/fulabhoverplatform.matitem	description	High tech panelling.	첨단 패널링.	
/items/materials/tilesandgreebles/fulabhoverplatform.matitem	shortdescription	Tek Panel	텍 패널	
/items/materials/tilesandgreebles/fureinforcedglass.matitem	description	Plasteel reinforced glass.	플라스틸 보강 유리.	
/items/materials/tilesandgreebles/fureinforcedglass.matitem	shortdescription	Reinforced Glass Block	강화 유리 블록	
/items/materials/tilesandgreebles/hitechmetalblock.matitem	description	Advanced metals form a fantastic building alloy.	고급 금속이 환상적인 건축 합금을 이룬다.	
/items/materials/tilesandgreebles/hitechmetalblock.matitem	shortdescription	Hi-Tech Alloy Block	첨단 합금 블록	
/items/materials/tilesandgreebles/irongrating.matitem	description	Some iron grating.	철 격자 조금.	
/items/materials/tilesandgreebles/irongrating.matitem	shortdescription	Iron Grating	철 격자	
/items/materials/tilesandgreebles/labbeam.matitem	description	Advanced metals form a fantastic building alloy.	고급 금속이 환상적인 건축 합금을 이룬다.	
/items/materials/tilesandgreebles/labbeam.matitem	shortdescription	Plasteel Beam	플라스틸 빔	
/items/materials/tilesandgreebles/labframedglass.matitem	description	A sturdy, yet flexible glass.	튼튼하면서도 유연한 유리.	
/items/materials/tilesandgreebles/labframedglass.matitem	shortdescription	Plasteel Glass Frame	플라스틸 유리 프레임	
/items/materials/tilesandgreebles/labgirdir.matitem	description	A strong looking plasteel girder.	튼튼해 보이는 플라스틸 거더.	
/items/materials/tilesandgreebles/labgirdir.matitem	shortdescription	Plasteel Girder	플라스틸 거더	
/items/materials/tilesandgreebles/labroof.matitem	description	Plasteel roofing.	플라스틸 지붕.	
/items/materials/tilesandgreebles/labroof.matitem	shortdescription	Plasteel Roofing	플라스틸 지붕	
/items/materials/tilesandgreebles/labsupport.matitem	description	Sturdy plasteel. Great for building.	튼튼한 플라스틸. 건축에 좋다.	
/items/materials/tilesandgreebles/labsupport.matitem	shortdescription	Plasteel Support Beam	플라스틸 지지 빔	
/items/materials/tilesandgreebles/labtechpanel.matitem	description	A techy lab panel.	기술적인 실험실 패널.	
/items/materials/tilesandgreebles/labtechpanel.matitem	shortdescription	Plasteel Tech Panel	플라스틸 테크 패널	
/items/materials/tilesandgreebles/labtile.matitem	description	Sturdy plasteel. Great for building.	튼튼한 플라스틸. 건축에 좋다.	
/items/materials/tilesandgreebles/labtile.matitem	shortdescription	Plasteel	플라스틸	
/items/materials/tilesandgreebles/labwall.matitem	description	Sturdy plasteel. Great for building.	튼튼한 플라스틸. 건축에 좋다.	
/items/materials/tilesandgreebles/labwall.matitem	shortdescription	Plasteel Hor. Wall	플라스틸 수평 벽	
/items/materials/tilesandgreebles/labwall1.matitem	description	Sturdy plasteel. Great for building.	튼튼한 플라스틸. 건축에 좋다.	
/items/materials/tilesandgreebles/labwall1.matitem	shortdescription	Plasteel Vert. Wall	플라스틸 수직 벽	
/items/materials/tilesandgreebles/labwallfence.matitem	description	Sturdy plasteel. Great for building.	튼튼한 플라스틸. 건축에 좋다.	
/items/materials/tilesandgreebles/labwallfence.matitem	shortdescription	Plasteel Fence	플라스틸 울타리	
/items/materials/tilesandgreebles/steelgirdir2.matitem	description	Strong metallic support.	강한 금속 지지대.	
/items/materials/tilesandgreebles/steelgirdir2.matitem	shortdescription	Reinforced Girder	보강 거더	
/items/materials/tilesandgreebles/veinblock.matitem	description	Strange veins course through this stone.	기묘한 맥이 이 돌을 타고 흐른다.	
/items/materials/tilesandgreebles/veinblock.matitem	shortdescription	Bloodvein Block	혈맥 블록	
/items/materials/titaniumwallblockmaterial.matitem	description	A titanium wall.	타이타늄 벽.	
/items/materials/titaniumwallblockmaterial.matitem	shortdescription	Titanium Wall	타이타늄 벽	
/items/materials/toiletpaperroll.matitem	description	Usually placed next to a toilet for finishing personal business... though it's also possible to construct things using these.	보통 용변 마무리를 위해 변기 옆에 둔다... 물론 이걸로 뭔가 만드는 것도 가능하다.	
/items/materials/toiletpaperroll.matitem	shortdescription	Toilet Paper	화장지	
/items/materials/treatedaenwood.matitem	description	Some treated Aen Wood for a more bark like feel.	껍질 느낌을 더한 가공 앤 나무.	
/items/materials/treatedaenwood.matitem	shortdescription	Treated Aen Wood	가공 앤 나무	
/items/materials/unrefinedandesite.matitem	description	"Rough, unrefined andesite.
^green;Extractable^reset;, ^orange;Crushable^reset;."	"거칠고 미가공된 안산암.
^green;추출 가능^reset;, ^orange;분쇄 가능^reset;."	
/items/materials/unrefinedandesite.matitem	shortdescription	Unrefined Andesite	미가공 안산암	
/items/materials/unrefinedarkose.matitem	description	"Rough, unrefined arkose.
^green;Extractable^reset;, ^orange;Crushable^reset;."	"거칠고 미가공된 장석사암.
^green;추출 가능^reset;, ^orange;분쇄 가능^reset;."	
/items/materials/unrefinedarkose.matitem	shortdescription	Unrefined Arkose	미가공 장석사암	
/items/materials/unrefinedchert.matitem	description	"Rough, unrefined chert.
^green;Extractable^reset;, ^orange;Crushable^reset;."	"거칠고 미가공된 셔트.
^green;추출 가능^reset;, ^orange;분쇄 가능^reset;."	
/items/materials/unrefinedchert.matitem	shortdescription	Unrefined Chert	미가공 셔트	
/items/materials/unrefinedconglomerate.matitem	description	"Rough, unrefined conglomerate.
^green;Extractable^reset;, ^orange;Crushable^reset;."	"거칠고 미가공된 역암.
^green;추출 가능^reset;, ^orange;분쇄 가능^reset;."	
/items/materials/unrefinedconglomerate.matitem	shortdescription	Unrefined Conglomerate	미가공 역암	
/items/materials/unrefineddacite.matitem	description	"Rough, unrefined dacite.
^green;Extractable^reset;, ^orange;Crushable^reset;."	"거칠고 미가공된 데이사이트.
^green;추출 가능^reset;, ^orange;분쇄 가능^reset;."	
/items/materials/unrefineddacite.matitem	shortdescription	Unrefined Dacite	미가공 데이사이트	
/items/materials/unrefinedgabbro.matitem	description	"Rough, unrefined gabbro.
^green;Extractable^reset;, ^orange;Crushable^reset;."	"거칠고 미가공된 개브로.
^green;추출 가능^reset;, ^orange;분쇄 가능^reset;."	
/items/materials/unrefinedgabbro.matitem	shortdescription	Unrefined Gabbro	미가공 개브로	
/items/materials/unrefinedgneiss.matitem	description	"Rough, unrefined gneiss.
^green;Extractable^reset;, ^orange;Crushable^reset;."	"거칠고 미가공된 편마암.
^green;추출 가능^reset;, ^orange;분쇄 가능^reset;."	
/items/materials/unrefinedgneiss.matitem	shortdescription	Unrefined Gneiss	미가공 편마암	
/items/materials/unrefinedgritstone.matitem	description	"Rough, unrefined gritstone.
^green;Extractable^reset;, ^orange;Crushable^reset;."	"거칠고 미가공된 그릿스톤.
^green;추출 가능^reset;, ^orange;분쇄 가능^reset;."	
/items/materials/unrefinedgritstone.matitem	shortdescription	Unrefined Gritstone	미가공 그릿스톤	
/items/materials/unrefinedlimestone.matitem	description	"Rough, unrefined limestone.
^green;Extractable^reset;, ^orange;Crushable^reset;."	"거칠고 미가공된 석회암.
^green;추출 가능^reset;, ^orange;분쇄 가능^reset;."	
/items/materials/unrefinedlimestone.matitem	shortdescription	Unrefined Limestone	미가공 석회암	
/items/materials/unrefinedmudstone.matitem	description	"Rough, unrefined mudstone.
^green;Extractable^reset;, ^orange;Crushable^reset;."	"거칠고 미가공된 머드스톤.
^green;추출 가능^reset;, ^orange;분쇄 가능^reset;."	
/items/materials/unrefinedmudstone.matitem	shortdescription	Unrefined Mudstone	미가공 머드스톤	
/items/materials/veluugoldensloppedpanel.matitem	description	Panels made out of pure gold. Perfection.	순수한 금으로 만든 패널. 완벽하다.	
/items/materials/veluugoldensloppedpanel.matitem	shortdescription	Vel'uuish Sloped Golden Panel	벨루이시 경사 황금 패널	
/items/materials/veluugoldensolarpanel.matitem	description	Solar panels made out of pure gold. Perfection.	순수한 금으로 만든 태양 전지판. 완벽하다.	
/items/materials/veluugoldensolarpanel.matitem	shortdescription	Vel'uuish Golden Solar Panels	벨루이시 황금 태양 전지판	
/items/materials/veluuornatemetalplating.matitem	description	High tech ornate golden supports.	첨단 장식 황금 지지대.	
/items/materials/veluuornatemetalplating.matitem	shortdescription	Vel'uuish Ornate Golden Paneling	벨루이시 장식 황금 패널링	
/items/materials/veluuornatemetalplating2.matitem	description	A golden pillar made using a crystal alloy.	크리스탈 합금으로 만든 황금 기둥.	
/items/materials/veluuornatemetalplating2.matitem	shortdescription	Vel'uuish Ornate Golden Pillar	벨루이시 장식 황금 기둥	
/items/materials/veluusloppedpanel.matitem	description	Panels made out of gold and some kind of crystal alloy.	금과 어떤 크리스탈 합금으로 만든 패널.	
/items/materials/veluusloppedpanel.matitem	shortdescription	Vel'uuish Alloy Panels	벨루이시 합금 패널	
/items/materials/veluustripedpanel.matitem	description	High-tech golden panels.	첨단 황금 패널.	
/items/materials/veluustripedpanel.matitem	shortdescription	Vel'uuish Striped Paneling	벨루이시 줄무늬 패널링	
/items/materials/vinewall.matitem	shortdescription	Vine Wall	덩굴 벽	
/items/materials/vinewall.matitem	description	"A wall of vines.
^green;Extractable^reset;."	"덩굴로 만든 벽.
^green;추출 가능^reset;."	
/items/materials/violiumcrystal.matitem	description	"Light seems to twist inside these crystals.
^green;Extractable^reset;, ^orange;Crushable^reset;."	"빛이 이 결정 안에서 휘어지는 것 같다.
^green;추출 가능^reset;, ^orange;분쇄 가능^reset;."	
/items/materials/violiumcrystal.matitem	shortdescription	Patak Crystal	파탁 크리스탈	
/items/materials/warttile.matitem	description	"A chunk of purple warts, seemingly growing out of itself.
^green;Extractable^reset;."	"자기복제하며 자라는 듯한 보라색 사마귀 덩어리.
^green;추출 가능^reset;."	
/items/materials/warttile.matitem	shortdescription	Warts	사마귀	
/items/materials/wastestone.matitem	description	"Tough wastestone.
^green;Extractable^reset;, ^orange;Crushable^reset;."	"질긴 폐기석.
^green;추출 가능^reset;, ^orange;분쇄 가능^reset;."	
/items/materials/wastestone.matitem	shortdescription	Wastestone Block	폐기석 블록	
/items/materials/weatheredhorizontal.matitem	description	Exceptionally fashionable weathered wood.	매우 세련된 풍화 목재.	
/items/materials/weatheredhorizontal.matitem	shortdescription	Weathered Hor. Planks	풍화 수평 판자	
/items/materials/weatheredvertical.matitem	description	Exceptionally fashionable weathered wood.	매우 세련된 풍화 목재.	
/items/materials/weatheredvertical.matitem	shortdescription	Weathered Vert. Planks	풍화 수직 판자	
/items/materials/whitemeteorite.matitem	description	"Shining, almost opalescent meteorite stone.
^green;Extractable^reset;, ^orange;Crushable^reset;."	"빛나는, 거의 진줏빛 운석.
^green;추출 가능^reset;, ^orange;분쇄 가능^reset;."	
/items/materials/whitemeteorite.matitem	shortdescription	Gleaming Meteorite	빛나는 운석	
/items/materials/woodentrim.matitem	description	A decorative wooden trim for housing.	주택용 장식 목재 트림.	
/items/materials/woodentrim.matitem	shortdescription	Wooden Trim	목재 트림	
/items/materials/woodenwindow1dim.matitem	shortdescription	Dim Wooden Window	꺼진 목재 창문	
/items/materials/woodenwindow1dim.matitem	description	A window with wooden panes. Nobody's home...	나무 창살이 달린 창문. 아무도 없는 듯...	
/items/materials/woodenwindow1lit.matitem	shortdescription	Lit Wooden Window	켜진 목재 창문	
/items/materials/woodenwindow1lit.matitem	description	A window with wooden panes. Somebody's home!	나무 창살이 달린 창문. 누가 있는 모양이다!	
/items/materials/woodenwindow2dim.matitem	shortdescription	Dim Wooden Blinds	꺼진 목재 블라인드	
/items/materials/woodenwindow2dim.matitem	description	Old wooden slats that don't let much light through. Nobody's home...	빛을 많이 통과시키지 않는 낡은 나무 칸막이. 아무도 없는 듯...	
/items/materials/woodenwindow2lit.matitem	shortdescription	Lit Wooden Blinds	켜진 목재 블라인드	
/items/materials/woodenwindow2lit.matitem	description	Old wooden slats that don't let much light through. Somebody's home!	빛을 많이 통과시키지 않는 낡은 나무 칸막이. 누가 있는 모양이다!	
/objects/crafting/bothealingstation/pethealingstation.object	description	This bot repair station is used to repair compressed robots.	압축된 로봇을 수리하는 봇 수리 스테이션.	
/objects/crafting/bothealingstation/pethealingstation.object	shortdescription	^orange;Bot Healing Station^reset;	^orange;봇 치료 스테이션^reset;	
/objects/crafting/bothealingstation/pethealingstation.object	subtitle	For broken robots	고장 난 로봇용	
/objects/crafting/bothealingstation/pethealingstationauto.object	description	This bot repair station is used to repair compressed robots, and is automated and Item Network capable.	압축된 로봇을 수리하는 자동 봇 수리 스테이션. 아이템 네트워크 연결 가능.	
/objects/crafting/bothealingstation/pethealingstationauto.object	shortdescription	^orange;Automatic Bot Healer^reset;	^orange;자동 봇 치료기^reset;	
/objects/crafting/bothealingstation/pethealingstationauto.object	subtitle	For broken robots	고장 난 로봇용	
/objects/crafting/catalystfuelrefinery/catalystfuelrefinery.object	description	Refines mech fuel into a superior grade.	메크 연료를 더 좋은 등급으로 정제한다.	
/objects/crafting/catalystfuelrefinery/catalystfuelrefinery.object	shortdescription	^orange;Fuel Refinery^reset;	^orange;연료 정제기^reset;	
/objects/crafting/catalystfuelrefinery/catalystfuelrefinery.object	subtitle	Refine oil into fuel	기름을 연료로 정제	
/objects/crafting/chemlab/chemlab.object	description	Superior chemistry and biology experiments.	상급 화학·생물학 실험.	
/objects/crafting/chemlab/chemlab.object	shortdescription	^orange;Bio-Chem Lab^reset;	^orange;바이오-켐 실험실^reset;	
/objects/crafting/chemlab/chemlaboutpost.object	description	Superior chemistry and biology experiments.	상급 화학·생물학 실험.	
/objects/crafting/chemlab/chemlaboutpost.object	shortdescription	^orange;Bio-Chem Lab^reset;	^orange;바이오-켐 실험실^reset;	
/objects/crafting/clonelab/clonelab.object	subtitle	Mash together tree genetics	나무 유전자를 섞는다	
/objects/crafting/clonelab/clonelab.object	description	Create modified versions of saplings for unique trees.	독특한 나무를 만드는 변형 묘목을 제작.	
/objects/crafting/clonelab/clonelab.object	shortdescription	^orange;Cloning Lab^reset;	^orange;클로닝 실험실^reset;	
/objects/crafting/clothingfabricator/clothingfabricator.object	description	Fabricates clothing and complex fabric-based armors. Use the Armory for Weapons and Ore-based armors.	의류와 복합 직물 갑옷을 제작한다. 무기와 광물 갑옷은 무기고에서 제작.	
/objects/crafting/clothingfabricator/clothingfabricator.object	shortdescription	^orange;Clothing Fabricator^reset;	^orange;의류 제작기^reset;	
/objects/crafting/designlab/designlaboutpost.object	description	Create bizarre alien plantlife	기묘한 외계 식물을 만든다	
/objects/crafting/designlab/designlaboutpost.object	shortdescription	^orange;Gene Design Lab^reset;	^orange;유전자 설계 실험실^reset;	
/objects/crafting/eggstra/chickennest/chickennest.object	description	A chicken nest.	닭 둥지.	
/objects/crafting/eggstra/chickennest/chickennest.object	shortdescription	Chicken Nest	닭 둥지	
/objects/crafting/eggstra/cowbell/cowbell.object	description	This bell calls the livestock home.	이 종은 가축을 집으로 불러들인다.	
/objects/crafting/eggstra/cowbell/cowbell.object	shortdescription	Dinner Bell	저녁 종	
/objects/crafting/eggstra/farmclock/farmclock.object	description	Tick, tock, tick, tock.	틱, 톡, 틱, 톡.	
/objects/crafting/eggstra/farmclock/farmclock.object	shortdescription	Wall Clock	벽시계	
/objects/crafting/eggstra/items/primedegg.consumable	description	It's an egg, it might hatch soon.	알이다. 곧 부화할지도.	
/objects/crafting/eggstra/items/primedegg.consumable	shortdescription	Primed Egg	부화 직전의 알	
/objects/crafting/eggstra/largetrough/irontrough.object	description	It's a trough for feeding livestock.	가축에게 먹이를 주는 여물통.	
/objects/crafting/eggstra/largetrough/irontrough.object	shortdescription	Iron Trough	철 여물통	
/objects/crafting/eggstra/largetrough/largetrough.object	description	It's a trough for feeding livestock.	가축에게 먹이를 주는 여물통.	
/objects/crafting/eggstra/largetrough/largetrough.object	shortdescription	Large Trough	대형 여물통	
/objects/crafting/elderhealingstation/elderhealingstation.object	description	A station to heal pets, robots and...others.	애완동물, 로봇 그리고...기타를 치료하는 스테이션.	
/objects/crafting/elderhealingstation/elderhealingstation.object	shortdescription	^orange;Mutari Healing Station^reset;	^orange;무타리 치료 스테이션^reset;	
/objects/crafting/elderhealingstation/elderhealingstation.object	subtitle	For dead pets, broken bots, and more.	죽은 펫, 고장 난 봇 등등용.	
/objects/crafting/elderhealingstation/pethealingstationauto.object	description	"A station to heal pets, robots and...others.
Automated and Item Network capable."	"애완동물, 로봇 그리고...기타를 치료하는 스테이션.
자동화 및 아이템 네트워크 연결 가능."	
/objects/crafting/elderhealingstation/pethealingstationauto.object	shortdescription	^orange;Mutari Automatic Healer^reset;	^orange;무타리 자동 치료기^reset;	
/objects/crafting/elderhealingstation/pethealingstationauto.object	subtitle	For dead pets, broken bots, and more.	죽은 펫, 고장 난 봇 등등용.	
/objects/crafting/elduu/crystalloom/crystalloom.object	description	A loom built to spin crystals into materials.	크리스탈을 소재로 짜는 베틀.	
/objects/crafting/elduu/crystalloom/crystalloom.object	shortdescription	^orange;Crystal Loom^reset;	^orange;크리스탈 베틀^reset;	
/objects/crafting/elduu/furniturestation/furniturestation.object	description	A workbench for creating furniture and decorations.	가구와 장식품을 만드는 작업대.	
/objects/crafting/elduu/furniturestation/furniturestation.object	shortdescription	^orange;Crystal Workbench^reset;	^orange;크리스탈 작업대^reset;	
/objects/crafting/elduu/gemstation/gemstation.object	description	A station to create new gem plants.	새로운 보석 식물을 만드는 스테이션.	
/objects/crafting/elduu/gemstation/gemstation.object	shortdescription	^orange;Crystal Fusion Station^reset;	^orange;크리스탈 융합 스테이션^reset;	
/objects/crafting/extraavianaugments/extraavianaugments.object	description	A small stall. It seems to be offering various items in exchange for ancient essence.	작은 노점. 고대 에센스와 다양한 물품을 교환해 주는 듯하다.	
/objects/crafting/extraavianaugments/extraavianaugments.object	shortdescription	Svetlana's Stall!	스베틀라나의 노점!	
/objects/crafting/extraavianaugments/extraavianaugments.object	title	Svetlana's Stall	스베틀라나의 노점	
/objects/crafting/extraavianaugments/extraavianaugments.object	subtitle	Repurchase Past Rewards!	지난 보상 재구매!	
/objects/crafting/extractionlab/extractionlab.object	description	Extracts useful materials from most blocks. ^cyan;Requires ^orange;10J^cyan; per extraction.^reset; Can be placed on floors -or- ceilings.	대부분의 블록에서 유용한 재료를 추출한다. ^cyan;추출마다 ^orange;10J^cyan; 필요.^reset; 바닥 또는 천장에 설치 가능.	
/objects/crafting/extractionlab/extractionlab.object	shortdescription	^cyan;Extraction Lab^reset;	^cyan;추출 실험실^reset;	
/objects/crafting/extractionlab/extractionlab.object	subtitle	Resource converter	자원 변환기	
/objects/crafting/extractionlabadv/extractionlabadv.object	description	Efficiently extracts useful materials from most blocks. ^cyan;Requires ^orange;30J^cyan; per extraction.^reset; Can be placed on floors -or- ceilings.	대부분의 블록에서 유용한 재료를 효율적으로 추출한다. ^cyan;추출마다 ^orange;30J^cyan; 필요.^reset; 바닥 또는 천장에 설치 가능.	
/objects/crafting/extractionlabadv/extractionlabadv.object	shortdescription	^cyan;Extraction Lab MKII^reset;	^cyan;추출 실험실 MKII^reset;	
/objects/crafting/extractionlabadv/extractionlabadv.object	subtitle	Resource converter	자원 변환기	
/objects/crafting/extraweaponupgradeanvil/extraweaponupgradeanvil.object	description	This advanced ancient technology can raise the effectiveness of some weapons.	이 고대 첨단 기술은 일부 무기의 성능을 높일 수 있다.	
/objects/crafting/extraweaponupgradeanvil/extraweaponupgradeanvil.object	shortdescription	Super Weapon Upgrade Anvil	슈퍼 무기 강화 모루	
/objects/crafting/farmwell/farmwell.object	description	Generates water for use around your home. Stores up to 200 water. Less effective when stacked. Scan for Info.	집 주변에서 쓸 물을 만든다. 최대 200의 물 저장. 겹쳐 두면 효율 감소. 스캔으로 정보 확인.	
/objects/crafting/farmwell/farmwell.object	shortdescription	Well	우물	
/objects/crafting/fu_growingtray/fu_growingtray.config	caption	Take All	전부 가져가기	
/objects/crafting/fu_growingtray/fu_growingtray.object	description	Grows crops more quickly and efficiently via fertilizers and controlled conditions. Requires 3 seeds and water. Scan for info.	비료와 통제된 환경으로 작물을 더 빠르고 효율적으로 키운다. 씨앗 3개와 물 필요. 스캔으로 정보 확인.	
/objects/crafting/fu_growingtray/fu_growingtray.object	shortdescription	^cyan;Growing Tray^reset;	^cyan;재배 트레이^reset;	
/objects/crafting/fu_petrenamer/fu_petrenamer.object	description	The pet renamer is used to rename captured creatures.	펫 개명기는 포획한 생물의 이름을 바꾸는 데 쓴다.	
/objects/crafting/fu_petrenamer/fu_petrenamer.object	shortdescription	^orange;Pet Renamer^reset;	^orange;펫 개명기^reset;	
/objects/crafting/fu_petrenamer/fu_petrenamer.object	subtitle	For sad pets	슬픈 펫용	
/objects/crafting/fu_racialiser/fu_racialiser.object	description	Can be used to change the race of certain ship objects.	특정 함선 오브젝트의 종족을 바꾸는 데 쓸 수 있다.	
/objects/crafting/fu_racialiser/fu_racialiser.object	shortdescription	^cyan;Racialiser^reset;	^cyan;레이셜라이저^reset;	reuse
/objects/crafting/fu_racializer/fu_racializer.object	description	Used to change ship components into various racial styles.	함선 부품을 다양한 종족 스타일로 바꾸는 데 사용.	
/objects/crafting/fu_racializer/fu_racializer.object	shortdescription	^orange;Ship Component Racializer^reset;	^orange;함선 부품 종족 변환기^reset;	
/objects/crafting/fu_upgradetable/fu_upgradetable.object	description	Can be used to access your tricorder's upgrade interface. Largely cosmetic.	트라이코더 업그레이드 인터페이스에 접근하는 데 쓸 수 있다. 대부분 치장용.	
/objects/crafting/fu_upgradetable/fu_upgradetable.object	shortdescription	^cyan;Upgrade Table^reset;	^cyan;업그레이드 테이블^reset;	
/objects/crafting/fu_woodensifter/fu_woodensifter.object	description	A basic sifter which slowly extracts resources from loose materials. ^cyan;Requires ^orange;2W ^cyan;power.^reset;	느슨한 재료에서 자원을 천천히 추출하는 기본 체. ^cyan;^orange;2W^cyan; 전력 필요.^reset;	
/objects/crafting/fu_woodensifter/fu_woodensifter.object	shortdescription	^cyan;Sifter^reset;	^cyan;체^reset;	
/objects/crafting/fuincubator/fuincubator.object	description	Hatch eggs into creatures.	알을 생물로 부화시킨다.	
/objects/crafting/fuincubator/fuincubator.object	shortdescription	^orange;Incubator^reset;	^orange;인큐베이터^reset;	
/objects/crafting/fuincubator/fuincubator.object	subtitle	Resource converter	자원 변환기	
/objects/crafting/fuwaterbarrel/fuwaterbarrel.object	description	Ideal for storing excess water or other liquids.	남는 물이나 다른 액체 저장에 좋다.	
/objects/crafting/fuwaterbarrel/fuwaterbarrel.object	shortdescription	Water Barrel	물통	reuse
/objects/crafting/genesequencer/genesequencer.object	description	Create genes from scratch.	백지에서 유전자를 만든다.	
/objects/crafting/genesequencer/genesequencer.object	shortdescription	^orange;Gene Sequencer^reset;	^orange;유전자 시퀀서^reset;	
/objects/crafting/handmill/handmill.object	description	Extracts useful materials from most block types.	대부분의 블록 종류에서 유용한 재료를 추출한다.	
/objects/crafting/handmill/handmill.object	shortdescription	^cyan;Hand Mill^reset;	^cyan;수동 맷돌^reset;	
/objects/crafting/handmill/handmill.object	subtitle	Block Extractor	블록 추출기	
/objects/crafting/instafreud/instafreud.object	description	A one-stop mental health kiosk.	원스톱 정신건강 키오스크.	
/objects/crafting/instafreud/instafreud.object	shortdescription	Insta-Freud	인스타-프로이트	
/objects/crafting/lavalampstation/lavalampstation.object	description	A station for creating different lava lamps.	다양한 라바 램프를 만드는 스테이션.	
/objects/crafting/lavalampstation/lavalampstation.object	shortdescription	^orange;The Lamporium^reset;	^orange;램포리움^reset;	
/objects/crafting/liquidpumpwell/liquidpumpwell.object	description	Generates water better than a Well. Stores up to 1000 water. Less effective when stacked. Scan for Info.	우물보다 물을 더 잘 만든다. 최대 1000의 물 저장. 겹쳐 두면 효율 감소. 스캔으로 정보 확인.	
/objects/crafting/liquidpumpwell/liquidpumpwell.object	shortdescription	Water Generator	물 생성기	
/objects/crafting/lobstertrap/lobstertrap.object	description	Occasionally catches delicious lobsters when placed in ocean water. Can hold 1 lobster. Scan for Info.	바닷물에 두면 가끔 맛있는 바닷가재를 잡는다. 바닷가재 1마리 수용 가능. 스캔으로 정보 확인.	
/objects/crafting/lobstertrap/lobstertrap.object	shortdescription	Lobster Trap	바닷가재 통발	
/objects/crafting/madnesscodex/madnesscodex.object	description	A place to write down magnificent, totally safe theories and lost knowledge.	위대하고 전적으로 안전한 이론과 잃어버린 지식을 적어 두는 곳.	
/objects/crafting/madnesscodex/madnesscodex.object	shortdescription	Tome Dais	고서 단상	
/objects/crafting/matterassembler/prototyper.object	description	Create advanced technology.	고급 기술을 만든다.	
/objects/crafting/matterassembler/prototyper.object	shortdescription	^orange;Matter Assembler^reset;	^orange;물질 조립기^reset;	
/objects/crafting/matterassembler/prototyperoutpost.object	description	Create advanced technology.	고급 기술을 만든다.	
/objects/crafting/matterassembler/prototyperoutpost.object	shortdescription	^orange;Matter Assembler^reset;	^orange;물질 조립기^reset;	
/objects/crafting/mechfuelrefinery/fuelrefinery.object	description	Refines Oil into unrefined mech fuel.	기름을 미가공 메크 연료로 정제한다.	
/objects/crafting/mechfuelrefinery/fuelrefinery.object	shortdescription	^orange;Oil Distiller^reset;	^orange;기름 증류기^reset;	
/objects/crafting/mechfuelrefinery/fuelrefinery.object	subtitle	Convert Oil into Fuel	기름을 연료로 변환	
/objects/crafting/miningbench/miningbench.object	description	Can be used to access your tricorder's upgrade interface. Largely cosmetic.	트라이코더 업그레이드 인터페이스에 접근하는 데 쓸 수 있다. 대부분 치장용.	
/objects/crafting/miningbench/miningbench.object	shortdescription	^cyan;Upgrade Table^reset;	^cyan;업그레이드 테이블^reset;	
/objects/crafting/miningbench/weaponshuffler.object	description	Re-randomizes items using Upgrade Modules.	업그레이드 모듈로 아이템을 재랜덤화한다.	
/objects/crafting/miningbench/weaponshuffler.object	shortdescription	Weapon Shuffler	무기 섞기 기계	
/objects/crafting/nanofabricator/nanofabricatoroutpost.object	description	Create upgrades and hi-tech gear with nanites.	나나이트로 업그레이드와 첨단 장비를 만든다.	
/objects/crafting/nanofabricator/nanofabricatoroutpost.object	shortdescription	^orange;Nanofabricator^reset;	^orange;나노제작기^reset;	
/objects/crafting/pesttrap/pesttrap.object	description	Great for catching smaller sources of meat. Holds 1 rat. Scan for Info.	작은 고기 공급원을 잡기에 좋다. 쥐 1마리 수용 가능. 스캔으로 정보 확인.	
/objects/crafting/pesttrap/pesttrap.object	shortdescription	Pest Trap	해충 덫	
/objects/crafting/pethealingstation/pethealingstationauto.object	description	This pet healing station is used to heal pets, and is automated and Item Network capable.	이 펫 치료 스테이션은 펫을 치료하며, 자동화 및 아이템 네트워크 연결 가능.	
/objects/crafting/pethealingstation/pethealingstationauto.object	shortdescription	^orange;Automatic Pet Healer^reset;	^orange;자동 펫 치료기^reset;	
/objects/crafting/pethealingstation/pethealingstationauto.object	subtitle	For broken robots	고장 난 로봇용	
/objects/crafting/petpicrepair/petpicrepair.config	caption	Repair Image	이미지 복구	
/objects/crafting/petpicrepair/petpicrepair.object	description	Repairs broken capture pod images.	손상된 포획 포드 이미지를 복구한다.	
/objects/crafting/petpicrepair/petpicrepair.object	shortdescription	Capture Pod Re-Imager	포획 포드 재생성기	
/objects/crafting/pixelcompressor/hypercompressor.object	description	Compress pixels and research for storage instantly, for a small fee.	소액의 수수료로 픽셀과 연구를 즉시 압축해 저장한다.	
/objects/crafting/pixelcompressor/hypercompressor.object	shortdescription	^orange;Hyper Compressor^reset;	^orange;하이퍼 압축기^reset;	
/objects/crafting/platingtable/platingtable.object	description	Make decorative objects out of home cooked meals!	집에서 만든 음식으로 장식 오브젝트를 만들자!	
/objects/crafting/platingtable/platingtable.object	shortdescription	^orange;Plating Table^reset;	^orange;도금 테이블^reset;	reuse
/objects/crafting/powerstation/powerstation.object	description	High-tech powered devices.	첨단 동력 장치.	
/objects/crafting/powerstation/powerstation.object	shortdescription	^orange;Power Station^reset;	^orange;동력 스테이션^reset;	
/objects/crafting/powerstation/powerstatiooutpost.object	description	High-tech powered devices.	첨단 동력 장치.	
/objects/crafting/powerstation/powerstatiooutpost.object	shortdescription	^orange;Power Station^reset;	^orange;동력 스테이션^reset;	
/objects/crafting/ppshopmini/ppshopmini.object	description	Prop Packaging's finest products avaliable at the touch of a button!	프롭 패키징의 최고 제품을 버튼 하나로!	
/objects/crafting/ppshopmini/ppshopmini.object	shortdescription	^orange;Prop Pack Online Catalog^reset;	^orange;프롭 팩 온라인 카탈로그^reset;	
/objects/crafting/ppshoptruck/ppshoptruck.object	description	A perfectly original and legitimate furniture shipment company.	완전히 독창적이고 적법한 가구 배송 회사.	
/objects/crafting/ppshoptruck/ppshoptruck.object	shortdescription	Prop Pack Truck	프롭 팩 트럭	
/objects/crafting/psionicbench/psionicbench.object	description	Create psionic weapons and gear.	사이오닉 무기와 장비를 만든다.	
/objects/crafting/psionicbench/psionicbench.object	shortdescription	^orange;Psionics Table^reset;	^orange;사이오닉스 테이블^reset;	
/objects/crafting/psionicloader/psionicloader.object	description	Loads Psionic Focii.	사이오닉 초점을 장전한다.	
/objects/crafting/psionicloader/psionicloader.object	shortdescription	Psionic Focus Loader	사이오닉 초점 로더	
/objects/crafting/psionicloader/psionicloader.object	subtitle	Fill Empty Focii	빈 초점 채우기	
/objects/crafting/radiencrafting/radiencrafting.object	description	Allows a X'i to craft pieces of itself through direct melding.	짜'이가 직접 융합으로 자신의 부품을 만들 수 있게 한다.	
/objects/crafting/radiencrafting/radiencrafting.object	shortdescription	X'ian Forming Bulb	짜'이 형성 구	
/objects/crafting/sciencelaptop/dataserver.object	description	"Performs much more advanced research on items.
^cyan;Research Rate^reset;: 5%, 1s"	"아이템에 대한 훨씬 심화된 연구를 수행한다.
^cyan;연구 속도^reset;: 5%, 1초"	
/objects/crafting/sciencelaptop/dataserver.object	shortdescription	Research Server	연구 서버	
/objects/crafting/sciencelaptop/sciencelaptop0.object	description	"A bulky and simple computer which slowly researches items.
^cyan;Research Rate^reset;: 5%, 10s"	"아이템을 천천히 연구하는 크고 단순한 컴퓨터.
^cyan;연구 속도^reset;: 5%, 10초"	
/objects/crafting/sciencelaptop/sciencelaptop0.object	shortdescription	Basic Computer	기본 컴퓨터	
/objects/crafting/sciencelaptop/sciencelaptop1.object	description	"Performs basic research on items.
^cyan;Research Rate^reset;: 5%, 2s"	"아이템에 대한 기본 연구를 수행한다.
^cyan;연구 속도^reset;: 5%, 2초"	
/objects/crafting/sciencelaptop/sciencelaptop1.object	shortdescription	Personal Computer	개인용 컴퓨터	
/objects/crafting/sciencelaptop/sciencelaptop2.object	description	"Performs more advanced research on items.
^cyan;Research Rate^reset;: 5%, 1.5s"	"아이템에 대한 더 심화된 연구를 수행한다.
^cyan;연구 속도^reset;: 5%, 1.5초"	
/objects/crafting/sciencelaptop/sciencelaptop2.object	shortdescription	Advanced Computer	고급 컴퓨터	
/objects/crafting/servitorloader/servitorloader.config	caption	Load Servitor	서비터 적재	
/objects/crafting/servitorloader/servitorloader.object	description	Activates Bots for portable use (via special Capture Pods).	휴대용 봇을 활성화한다(특수 포획 포드 경유).	
/objects/crafting/servitorloader/servitorloader.object	shortdescription	Bot Loader	봇 로더	
/objects/crafting/shrineofsouls/shrineofsouls.object	description	An altar dedicated to the souls of the lost.	잃어버린 영혼들에게 바치는 제단.	
/objects/crafting/shrineofsouls/shrineofsouls.object	shortdescription	Shrine of Lost Souls	잃어버린 영혼의 제단	
/objects/crafting/shrineofsouls/shrineofsouls.object	title	Shrine of Lost Souls	잃어버린 영혼의 제단	
/objects/crafting/starbooze/distillery/distillery.object	description	A machine that allows distillation of alcohol!	주류 증류가 가능한 기계!	
/objects/crafting/starbooze/distillery/distillery.object	shortdescription	^orange;Distillery / Still^reset;	^orange;증류기 / 스틸^reset;	
/objects/crafting/starbooze/fermenter/fermenter.object	description	A machine that allows fermentation to create alcohol!	발효로 주류를 만드는 기계!	
/objects/crafting/starbooze/fermenter/fermenter.object	shortdescription	^orange;Fermenter^reset;	^orange;발효기^reset;	
/objects/crafting/starbooze/fruitpress/fruitpress.object	description	A machine used to squeeze juices from fruits.	과일에서 즙을 짜내는 기계.	
/objects/crafting/starbooze/fruitpress/fruitpress.object	shortdescription	^orange;Fruit Press^reset;	^orange;과즙기^reset;	
/objects/crafting/starbooze/mashingtun/mashingtun.object	description	A vat to make mash.	매시를 만드는 통.	
/objects/crafting/starbooze/mashingtun/mashingtun.object	shortdescription	^orange;Mashing Tun^reset;	^orange;매싱 툰^reset;	
/objects/crafting/starbooze/rainbarrel/rainbarrel.object	description	A barrel to collect rainwater!	빗물을 모으는 통!	
/objects/crafting/starbooze/rainbarrel/rainbarrel.object	shortdescription	^orange;Rain Barrel^reset;	^orange;빗물통^reset;	
/objects/crafting/starbooze/rainbarrel/rainbarrel.object	subtitle	Rain Barrel.	빗물통.	
/objects/crafting/weaponupgradeanvil2/fuweaponupgradeanvil.object	description	Ancient technology capable of enhancing weapons, armor and equipment.	무기, 갑옷, 장비를 강화할 수 있는 고대 기술입니다.	reuse
/objects/crafting/weaponupgradeanvil2/fuweaponupgradeanvil.object	shortdescription	Cosmic Crucible	우주 도가니	
/objects/crafting/xenostation/xenolab.config	title	 XENO RESEARCH LAB	 제노 연구 실험실	
/objects/crafting/xenostation/xenolab.config	subtitle	 Xenobiology Research	 외계생물학 연구	
/objects/crafting/xenostation/xenolab.config	caption	Craft	제작	
/objects/crafting/xenostation/xenolab.object	description	This station is designed to pull genes from seeds for study and experimentation.	씨앗에서 유전자를 추출해 연구·실험하도록 설계된 스테이션.	
/objects/crafting/xenostation/xenolab.object	subtitle	Seed Extractor	씨앗 추출기	
/objects/crafting/xenostation/xenolab.object	shortdescription	^cyan;Xeno Research Lab^reset;	^cyan;제노 연구 실험실^reset;	
/objects/crafting/xenostationadvnew/xenostationadvnew.object	description	A top of the line Quantum Xeno Lab for efficiently extracting genes from seeds.	씨앗에서 유전자를 효율적으로 추출하는 최상급 퀀텀 제노 실험실.	
/objects/crafting/xenostationadvnew/xenostationadvnew.object	shortdescription	^cyan;Advanced Xenolab^reset;	^cyan;고급 제노랩^reset;	
/objects/crafting/xiwell/xiwell.object	description	Siphons atmospheric particulates and recycles them into water. Must be ^red;25 tiles^reset; from other X'ian wells.	대기 입자를 흡수해 물로 재활용한다. 다른 짜'이 우물과 ^red;25타일^reset; 떨어져 있어야 한다.	
/objects/crafting/xiwell/xiwell.object	shortdescription	X'ian Well	짜'이 우물	
/objects/farmables/Beeflower/beeflower.object	description	The seed of a bright yellow beeflower	밝은 노란색 비플라워의 씨앗	
/objects/farmables/Beeflower/beeflower.object	shortdescription	Beeflower Seed	비플라워 씨앗	
/objects/farmables/a_avali/kirifruitseed.object	description	The fruiting body of a subterranean slime mold. This one has already begun sporing.	지하 점균의 자실. 이건 이미 포자를 터뜨리기 시작했다.	
/objects/farmables/a_avali/kirifruitseed.object	shortdescription	Sporing Kiri Fruit [FU]	포자 키리 과일 [FU]	
/objects/farmables/a_avali/nakatiseed.object	description	A bioluminescent ovoid, eventually this'll grow into a colony.	생체발광 난형체. 언젠가 군체로 자란다.	
/objects/farmables/a_avali/nakatiseed.object	shortdescription	Nakati Ovoid	나카티 난형체	
/objects/farmables/a_avali/piruseed.object	description	Small, barnacle-like colonies which grow long frond-like feeding filaments.	긴 잎 모양의 급식 섬모를 키우는 작은 따개비류 군체.	
/objects/farmables/a_avali/piruseed.object	shortdescription	Piru Colony [FU]	피루 군체 [FU]	
/objects/farmables/a_avali/wildkirifruitseed.object	description	The fruiting body of a subterranean slime mold. This one has already begun sporing.	지하 점균의 자실. 이건 이미 포자를 터뜨리기 시작했다.	
/objects/farmables/a_avali/wildkirifruitseed.object	shortdescription	Sporing Kiri Fruit [FU]	포자 키리 과일 [FU]	
/objects/farmables/a_avali/wildnakatiseed.object	description	A bioluminescent ovoid, eventually this'll grow into a colony.	생체발광 난형체. 언젠가 군체로 자란다.	
/objects/farmables/a_avali/wildnakatiseed.object	shortdescription	Nakati Ovoid	나카티 난형체	
/objects/farmables/a_avali/wildpiruseed.object	description	Small, barnacle-like colonies which grow long frond-like feeding filaments.	긴 잎 모양의 급식 섬모를 키우는 작은 따개비류 군체.	
/objects/farmables/a_avali/wildpiruseed.object	shortdescription	Piru Colony [FU]	피루 군체 [FU]	
/objects/farmables/aenemaflower/aenemaflower.object	description	The buds on this plant produce caliginous gas and are hot to the touch.	이 식물의 꽃봉오리는 칼리지너스 가스를 내뿜으며 만지면 뜨겁다.	
/objects/farmables/aenemaflower/aenemaflower.object	shortdescription	Aenema Flower	애니마 꽃	
/objects/farmables/algaeseed/algaeseed.object	description	An interesting algae type. Excellent biofuel.	흥미로운 조류 종류. 훌륭한 바이오연료.	
/objects/farmables/algaeseed/algaeseed.object	shortdescription	Algae Pod	조류 꼬투리	
/objects/farmables/algaeseed/wildalgaeseed.object	description	An interesting algae type. Excellent biofuel.	흥미로운 조류 종류. 훌륭한 바이오연료.	
/objects/farmables/algaeseed/wildalgaeseed.object	shortdescription	Algae Pod	조류 꼬투리	
/objects/farmables/aquapod/aquapodseed.object	description	Its fruit increases swim speed. Must be planted in liquid.	열매가 수영 속도를 올린다. 액체 속에 심어야 한다.	
/objects/farmables/aquapod/aquapodseed.object	shortdescription	Aquapod Bud	아쿠아포드 싹	
/objects/farmables/aquapod/wildaquapodseed.object	description	Its fruit enables rapid movement when suspended in liquid.	액체에 잠겨 있을 때 빠른 이동을 가능하게 하는 열매.	
/objects/farmables/aquapod/wildaquapodseed.object	shortdescription	Aquapod	아쿠아포드	
/objects/farmables/arkaentree/arkaentree.object	description	Sprouts odd, dangerous dimensional darts.	기묘하고 위험한 차원 다트를 싹틔운다.	
/objects/farmables/arkaentree/arkaentree.object	shortdescription	Arkaen Bush	아르카엔 덤불	
/objects/farmables/bamboo/bambooseed.object	description	It's bamboo. Makes for some nice furniture.	대나무다. 괜찮은 가구를 만든다.	
/objects/farmables/bamboo/bambooseed.object	shortdescription	Micro-Bamboo	마이크로 대나무	
/objects/farmables/bamboo/wildbambooseed.object	description	It's bamboo. Makes for some nice furniture.	대나무다. 괜찮은 가구를 만든다.	
/objects/farmables/bamboo/wildbambooseed.object	shortdescription	Micro-Bamboo	마이크로 대나무	
/objects/farmables/batterystem/batterystem.object	description	Not surprisingly, these are jammed with energy.	놀랄 것도 없이, 에너지로 빽빽하게 채워져 있다.	
/objects/farmables/batterystem/batterystem.object	shortdescription	Battery Stem	배터리 줄기	
/objects/farmables/beetlesproutseed/beetlesproutseed.object	description	A strange insect-jelly plant. Very tough.	기묘한 곤충-젤리 식물. 매우 질기다.	
/objects/farmables/beetlesproutseed/beetlesproutseed.object	shortdescription	Beetle Sprout	딱정벌레 새싹	
/objects/farmables/bellamorte/bellamorte.object	description	Produces poisonous barbs great for killing stuff.	뭔가 죽이기에 좋은 유독 가시를 만든다.	
/objects/farmables/bellamorte/bellamorte.object	shortdescription	Bella Morte	벨라 모르테	
/objects/farmables/bioshrooms/fubioshroomblue.object	description	Provides colored light.	색 있는 빛을 제공한다.	
/objects/farmables/bioshrooms/fubioshroomblue.object	shortdescription	Glowing Blue Mushroom	빛나는 파란 버섯	
/objects/farmables/bioshrooms/fubioshroomgreen.object	description	Provides colored light.	색 있는 빛을 제공한다.	
/objects/farmables/bioshrooms/fubioshroomgreen.object	shortdescription	Glowing Green Mushroom	빛나는 초록 버섯	
/objects/farmables/bioshrooms/fubioshroompurple.object	description	Provides colored light.	색 있는 빛을 제공한다.	
/objects/farmables/bioshrooms/fubioshroompurple.object	shortdescription	Glowing Purple Mushroom	빛나는 보라 버섯	
/objects/farmables/bioshrooms/fubioshroomred.object	description	Provides colored light.	색 있는 빛을 제공한다.	
/objects/farmables/bioshrooms/fubioshroomred.object	shortdescription	Glowing Red Mushroom	빛나는 빨간 버섯	
/objects/farmables/bioshrooms/fubioshroomyellow.object	description	Provides colored light.	색 있는 빛을 제공한다.	
/objects/farmables/bioshrooms/fubioshroomyellow.object	shortdescription	Glowing Yellow Mushroom	빛나는 노란 버섯	
/objects/farmables/bioshrooms/wildfubioshroomblue.object	description	Provides colored light.	색 있는 빛을 제공한다.	
/objects/farmables/bioshrooms/wildfubioshroomblue.object	shortdescription	Glowing Blue Mushroom	빛나는 파란 버섯	
/objects/farmables/bioshrooms/wildfubioshroomgreen.object	description	Provides colored light.	색 있는 빛을 제공한다.	
/objects/farmables/bioshrooms/wildfubioshroomgreen.object	shortdescription	Glowing Green Mushroom	빛나는 초록 버섯	
/objects/farmables/bioshrooms/wildfubioshroompurple.object	description	Provides colored light.	색 있는 빛을 제공한다.	
/objects/farmables/bioshrooms/wildfubioshroompurple.object	shortdescription	Glowing Purple Mushroom	빛나는 보라 버섯	
/objects/farmables/bioshrooms/wildfubioshroomred.object	description	Provides colored light.	색 있는 빛을 제공한다.	
/objects/farmables/bioshrooms/wildfubioshroomred.object	shortdescription	Glowing Red Mushroom	빛나는 빨간 버섯	
/objects/farmables/bioshrooms/wildfubioshroomyellow.object	description	Provides colored light.	색 있는 빛을 제공한다.	
/objects/farmables/bioshrooms/wildfubioshroomyellow.object	shortdescription	Glowing Yellow Mushroom	빛나는 노란 버섯	
/objects/farmables/biscorn/biscornseed.object	description	A farmable dog treat. Boosts health and energy.	재배 가능한 강아지 간식. 체력과 에너지를 올린다.	
/objects/farmables/biscorn/biscornseed.object	shortdescription	Biscorn Seed	비스콘 씨앗	
/objects/farmables/biscorn/wildbiscornseed.object	description	A farmable dog treat. Boosts health and energy.	재배 가능한 강아지 간식. 체력과 에너지를 올린다.	
/objects/farmables/biscorn/wildbiscornseed.object	shortdescription	Biscorn Seed	비스콘 씨앗	
/objects/farmables/bladetree/bladetree.object	description	The barbs on this tree are as sharp as knives and rich in titanium.	이 나무의 가시는 칼만큼 날카롭고 타이타늄이 풍부하다.	
/objects/farmables/bladetree/bladetree.object	shortdescription	Blade Tree	칼날 나무	
/objects/farmables/blexcactus/blexplantseed.object	description	Blex Cactus is known to be energizing.	블렉스 선인장은 활력을 주는 것으로 알려져 있다.	
/objects/farmables/blexcactus/blexplantseed.object	shortdescription	Blex Cactus Bulb	블렉스 선인장 구근	
/objects/farmables/blexcactus/wildblexplantseed.object	description	Blex Cactus is known to be energizing.	블렉스 선인장은 활력을 주는 것으로 알려져 있다.	
/objects/farmables/blexcactus/wildblexplantseed.object	shortdescription	Blex Cactus Seed	블렉스 선인장 씨앗	
/objects/farmables/blisterbush/blisterbushplantseed.object	description	A bioluminescent mutant plant, with numerous applications.	생체발광 돌연변이 식물. 용도가 다양하다.	
/objects/farmables/blisterbush/blisterbushplantseed.object	shortdescription	Blister Pod	블리스터 꼬투리	
/objects/farmables/blisterbush/wildblisterbushplantseed.object	description	A bioluminescent mutant plant, with numerous applications.	생체발광 돌연변이 식물. 용도가 다양하다.	
/objects/farmables/blisterbush/wildblisterbushplantseed.object	shortdescription	Blister Pod	블리스터 꼬투리	
/objects/farmables/blizzberry/blizzberryseed.object	description	Helps provide immunity to even the most extreme cold.	가장 극심한 추위에도 면역을 제공한다.	
/objects/farmables/blizzberry/blizzberryseed.object	shortdescription	Blizzberry Seed	블리즈베리 씨앗	
/objects/farmables/blizzberry/wildblizzberryseed.object	description	Immune to even the most extreme cold.	가장 극심한 추위에도 면역.	
/objects/farmables/blizzberry/wildblizzberryseed.object	shortdescription	Blizzberry Seed	블리즈베리 씨앗	
/objects/farmables/bloodroot/bloodrootseed.object	description	Vitality-increasing plant.	활력을 높이는 식물.	
/objects/farmables/bloodroot/bloodrootseed.object	shortdescription	Blood Root Seed	블러드 루트 씨앗	
/objects/farmables/bloodroot/wildbloodrootseed.object	description	Vitality-increasing plant.	활력을 높이는 식물.	
/objects/farmables/bloodroot/wildbloodrootseed.object	shortdescription	Blood Root Seed	블러드 루트 씨앗	
/objects/farmables/bluemelon/bluemelonseed.object	description	Both delicious and pretty. Allows walking on liquids when eaten.	맛있고 예쁘다. 먹으면 액체 위를 걸을 수 있다.	
/objects/farmables/bluemelon/bluemelonseed.object	shortdescription	Blue Melon Seed	블루 멜론 씨앗	
/objects/farmables/bluemelon/wildbluemelonseed.object	description	Both delicious and pretty. Allows walking on liquids when eaten.	맛있고 예쁘다. 먹으면 액체 위를 걸을 수 있다.	
/objects/farmables/bluemelon/wildbluemelonseed.object	shortdescription	Blue Melon Seed	블루 멜론 씨앗	
/objects/farmables/brackentree/brackentreeseed.object	description	Bracken provide essential Silk.	브라켄은 필수 비단을 제공한다.	
/objects/farmables/brackentree/brackentreeseed.object	shortdescription	Bracken Tree Seed	브라켄 나무 씨앗	
/objects/farmables/brackentree/wildbrackentreeseed.object	description	Bracken provide essential Silk.	브라켄은 필수 비단을 제공한다.	
/objects/farmables/brackentree/wildbrackentreeseed.object	shortdescription	Bracken Tree Seed	브라켄 나무 씨앗	
/objects/farmables/bughouse/bughouse.object	description	Attracts insects! All sorts of creepy crawlies can live in here.	곤충을 끌어들인다! 온갖 기어다니는 것들이 여기 살 수 있다.	
/objects/farmables/bughouse/bughouse.object	shortdescription	Bug House	벌레 집	
/objects/farmables/caprioleplant/caprioleplantseed.object	description	Increases your limb strength for jumping. Contains a potent narcotic.	점프에 필요한 팔다리 힘을 키운다. 강력한 마약 성분 포함.	
/objects/farmables/caprioleplant/caprioleplantseed.object	shortdescription	Capriole Seed	카프리올 씨앗	
/objects/farmables/caprioleplant/wildcaprioleplantseed.object	description	Increases your limb strength for jumping. Contains a potent narcotic.	점프에 필요한 팔다리 힘을 키운다. 강력한 마약 성분 포함.	
/objects/farmables/caprioleplant/wildcaprioleplantseed.object	shortdescription	Capriole Seed	카프리올 씨앗	
/objects/farmables/cellpodsplant/cellpodsplant.object	description	Soft to the touch, and bursting with cellular material.	만지면 부드럽고, 세포 물질이 터질 듯하다.	
/objects/farmables/cellpodsplant/cellpodsplant.object	shortdescription	Cellpod Seed	셀포드 씨앗	
/objects/farmables/cellpodsplant/wildcellpodsplant.object	description	Soft to the touch, and bursting with cellular material.	만지면 부드럽고, 세포 물질이 터질 듯하다.	
/objects/farmables/cellpodsplant/wildcellpodsplant.object	shortdescription	Cellpod Seed	셀포드 씨앗	
/objects/farmables/cinnamon/cinnamonseed.object	description	Spice of life! Cinnamon!	삶의 향신료! 시나몬!	
/objects/farmables/cinnamon/cinnamonseed.object	shortdescription	Cinnamon Seed	시나몬 씨앗	
/objects/farmables/cinnamon/wildcinnamonseed.object	description	Spice of life! Cinnamon!	삶의 향신료! 시나몬!	
/objects/farmables/cinnamon/wildcinnamonseed.object	shortdescription	Cinnamon Seed	시나몬 씨앗	
/objects/farmables/corvexsprout/corvexseed.object	description	Corvex is an alien plant with strange chemical properties.	코르벡스는 기묘한 화학적 특성을 가진 외계 식물이다.	
/objects/farmables/corvexsprout/corvexseed.object	shortdescription	Corvex Sprout	코르벡스 새싹	
/objects/farmables/corvexsprout/wildcorvexseed.object	description	Corvex is an alien plant with strange chemical properties.	코르벡스는 기묘한 화학적 특성을 가진 외계 식물이다.	
/objects/farmables/corvexsprout/wildcorvexseed.object	shortdescription	Corvex Sprout	코르벡스 새싹	
/objects/farmables/crystallite/crystallite.object	description	Produces dangerous little shards perfect for throwing at things.	던지기 좋은 위험한 작은 파편을 만든다.	
/objects/farmables/crystallite/crystallite.object	shortdescription	Crystallite	크리스탈라이트	
/objects/farmables/darklightflower/darklightflower.object	description	Beautifully gleaming flowers that cure insanity.	광기를 치료하는 아름답게 빛나는 꽃.	
/objects/farmables/darklightflower/darklightflower.object	shortdescription	Darklight Flower	다크라이트 꽃	
/objects/farmables/darklightflower/wilddarklightflower.object	description	Beautifully gleaming flowers that cure insanity.	광기를 치료하는 아름답게 빛나는 꽃.	
/objects/farmables/darklightflower/wilddarklightflower.object	shortdescription	Darklight Flower	다크라이트 꽃	
/objects/farmables/deathblossom/deathblossomseed.object	description	Deathblossoms are not what you'd call a good snack. They do kill quite well, though.	데스블로섬은 좋은 간식이라 하긴 어렵다. 하지만 꽤 잘 죽인다.	
/objects/farmables/deathblossom/deathblossomseed.object	shortdescription	Deathblossom	데스블로섬	
/objects/farmables/deathblossom/wilddeathblossomseed.object	description	Deathblossoms are not what you'd call a good snack. They do kill quite well, though.	데스블로섬은 좋은 간식이라 하긴 어렵다. 하지만 꽤 잘 죽인다.	
/objects/farmables/deathblossom/wilddeathblossomseed.object	shortdescription	Deathblossom	데스블로섬	
/objects/farmables/dragonsbeard/dragonsbeardseed.object	description	Nearly immune to all forms of heat.	거의 모든 형태의 열에 면역.	
/objects/farmables/dragonsbeard/dragonsbeardseed.object	shortdescription	Dragonsbeard	드래곤스비어드	
/objects/farmables/dragonsbeard/wilddragonsbeardseed.object	description	Nearly immune to all forms of heat.	거의 모든 형태의 열에 면역.	
/objects/farmables/dragonsbeard/wilddragonsbeardseed.object	shortdescription	Dragonsbeard	드래곤스비어드	
/objects/farmables/eggs/copperbeakegg/copperbeakegg.object	description	Hatches into a tiny chick and matures into a Copperbeak. The adult Copperbeak produces copper.	작은 병아리로 부화해 코퍼비크로 성장한다. 다 자란 코퍼비크는 구리를 생산한다.	
/objects/farmables/eggs/copperbeakegg/copperbeakegg.object	shortdescription	Copperbeak Egg	코퍼비크 알	
/objects/farmables/eggs/erchibudegg/erchibudegg.object	description	Hatches into a tiny erchibud, a bouncing lunar creature.	작은 에르키버드로 부화한다. 통통 튀는 달 생물.	
/objects/farmables/eggs/erchibudegg/erchibudegg.object	shortdescription	Erchibud Egg	에르키버드 알	
/objects/farmables/eggs/fuorbisegg/fuorbisegg.object	description	Hatches into a robotic Orbis, which regularly regurgitates spare parts.	로봇 오르비스로 부화한다. 주기적으로 여분 부품을 토한다.	
/objects/farmables/eggs/fuorbisegg/fuorbisegg.object	shortdescription	Orbis Egg	오르비스 알	
/objects/farmables/eggs/ironbeakegg/ironbeakegg.object	description	Hatches into a tiny chick and matures into a Ironbeak. The adult Ironbeak produces iron.	작은 병아리로 부화해 아이언비크로 성장한다. 다 자란 아이언비크는 철을 생산한다.	
/objects/farmables/eggs/ironbeakegg/ironbeakegg.object	shortdescription	Ironbeak Egg	아이언비크 알	
/objects/farmables/eggs/megaegg/megaegg.object	description	This egg is at least twice as big as most.	이 알은 대부분보다 적어도 두 배는 크다.	
/objects/farmables/eggs/megaegg/megaegg.object	shortdescription	Unknown Egg	미상의 알	
/objects/farmables/eggs/pangolinegg/pangolinegg.object	description	Hatches into a tiny pangolin. Happy little omnivores.	작은 천산갑으로 부화한다. 행복한 잡식성 녀석들.	
/objects/farmables/eggs/pangolinegg/pangolinegg.object	shortdescription	Pangolin Egg	천산갑 알	
/objects/farmables/eggs/poptopegg/poptopegg.object	description	Hatches into an adorable floofy carnivore.	사랑스럽고 폭신한 육식동물로 부화한다.	
/objects/farmables/eggs/poptopegg/poptopegg.object	shortdescription	Poptop Egg	팝탑 알	
/objects/farmables/energiflower/energiflowerseed.object	description	An orb of glowing energy growing from a plant.	식물에서 자라는 빛나는 에너지 구체.	
/objects/farmables/energiflower/energiflowerseed.object	shortdescription	Energiflower Seed	에너지플라워 씨앗	
/objects/farmables/energiflower/wildenergiflowerseed.object	description	An orb of glowing energy growing from a plant.	식물에서 자라는 빛나는 에너지 구체.	
/objects/farmables/energiflower/wildenergiflowerseed.object	shortdescription	Energiflower Seed	에너지플라워 씨앗	
/objects/farmables/erithianalgae/erithianalgaeseed.object	description	Mutant strain of algae loaded with energy.	에너지가 가득한 조류 돌연변이.	
/objects/farmables/erithianalgae/erithianalgaeseed.object	shortdescription	Erithian Algae Seed	에리시안 조류 씨앗	
/objects/farmables/erithianalgae/wilderithianalgaeseed.object	description	Mutant strain of algae loaded with energy.	에너지가 가득한 조류 돌연변이.	
/objects/farmables/erithianalgae/wilderithianalgaeseed.object	shortdescription	Erithian Algae Seed	에리시안 조류 씨앗	
/objects/farmables/fayshroom/fayshroomseed.object	description	Protects itself with spike-like cilia.	가시 같은 섬모로 스스로를 보호한다.	
/objects/farmables/fayshroom/fayshroomseed.object	shortdescription	Fayshroom Spore	페이슈룸 포자	
/objects/farmables/fayshroom/wildfayshroomseed.object	description	Protects itself with spike-like cilia. 	가시 같은 섬모로 스스로를 보호한다. 	
/objects/farmables/fayshroom/wildfayshroomseed.object	shortdescription	Fayshroom Spore	페이슈룸 포자	
/objects/farmables/fletchweed/fletchweed.object	description	Its produce is quite packed with energy.	산출물에 에너지가 꽤 가득하다.	
/objects/farmables/fletchweed/fletchweed.object	shortdescription	Fletchweed	플레치위드	
/objects/farmables/floralytplantseed/floralytplantseed.object	description	One of the greatest healing agents known anywhere.	어디서나 알려진 최고의 치료제 중 하나.	
/objects/farmables/floralytplantseed/floralytplantseed.object	shortdescription	Floralyt Seed	플로랄리트 씨앗	
/objects/farmables/flowerblackseed/flowerblack.object	description	How incredibly Gothic-pretentious.	얼마나 고닉스러운 허세인지.	
/objects/farmables/flowerblackseed/flowerblack.object	shortdescription	Black Flower	검은 꽃	
/objects/farmables/flowerbrownseed/flowerbrown.object	description	A rare color for a flower.	꽃치고 드문 색.	
/objects/farmables/flowerbrownseed/flowerbrown.object	shortdescription	Brown Flower	갈색 꽃	
/objects/farmables/flowergreenseed/flowergreen.object	description	Vibrant, with sticky leaves.	선명하고, 끈적한 잎.	
/objects/farmables/flowergreenseed/flowergreen.object	shortdescription	Green Flower	초록 꽃	
/objects/farmables/flowergreyseed/flowergrey.object	description	Drab in color, but smells nice	색은 수수하지만 향이 좋다.	
/objects/farmables/flowergreyseed/flowergrey.object	shortdescription	Gray Flower	회색 꽃	
/objects/farmables/flowerorangeseed/flowerorange.object	description	Fiery and lovely	불같고 사랑스럽다.	
/objects/farmables/flowerorangeseed/flowerorange.object	shortdescription	Orange Flower	오렌지 플라워	reuse
/objects/farmables/flowerorchid/flowerorchid.object	description	C-c-c-commmmbo breaker!	콤-콤-콤-콤보오오오 브레이커!	
/objects/farmables/flowerorchid/flowerorchid.object	shortdescription	Black Orchid	검은 난초	
/objects/farmables/flowerorchid/flowerorchid2.object	description	That's a nice rich purple, right there.	바로 여기, 꽤 진한 보라다.	
/objects/farmables/flowerorchid/flowerorchid2.object	shortdescription	Purple Orchid	보라 난초	
/objects/farmables/flowerorchid/flowerorchid3.object	description	A gorgeous royal blue flower.	화려한 로열 블루 꽃.	
/objects/farmables/flowerorchid/flowerorchid3.object	shortdescription	Blue Orchid	파란 난초	
/objects/farmables/flowerpinkseed/flowerpink.object	description	Happy little flowers of pink hue	분홍빛 행복한 작은 꽃들.	
/objects/farmables/flowerpinkseed/flowerpink.object	shortdescription	Pink Flower	핑크 꽃	reuse
/objects/farmables/flowerpurpleseed/flowerpurple.object	description	Happy little flowers of purple hue	보라빛 행복한 작은 꽃들.	
/objects/farmables/flowerpurpleseed/flowerpurple.object	shortdescription	Purple Flower	보라 꽃	
/objects/farmables/flowerwhiteseed/flowerwhite.object	description	These flowers have a sweet and pleasant scent	달콤하고 기분 좋은 향이 나는 꽃들.	
/objects/farmables/flowerwhiteseed/flowerwhite.object	shortdescription	White Flower	흰 꽃	
/objects/farmables/fu_scriptedfarmableexample/fu_scriptedfarmableexample.object	description	Wheat, a staple crop with many uses.	밀, 용도가 많은 주식 작물.	
/objects/farmables/fu_scriptedfarmableexample/fu_scriptedfarmableexample.object	shortdescription	Wheat Seed	밀 씨앗	
/objects/farmables/garikleaf/garikleaf.object	description	Grants a large boost to ground speed.	지상 이동 속도를 크게 올린다.	
/objects/farmables/garikleaf/garikleaf.object	shortdescription	Garik Leaf	가릭 잎	
/objects/farmables/garpberryseed/garpberryseed.object	description	A strange, toxic radioactive stalk.	기묘하고 유독한 방사성 줄기.	
/objects/farmables/garpberryseed/garpberryseed.object	shortdescription	Garp Berry Plant	가프 베리 식물	
/objects/farmables/garpberryseed/wildgarpberryseed.object	description	A strange, toxic radioactive stalk.	기묘하고 유독한 방사성 줄기.	
/objects/farmables/garpberryseed/wildgarpberryseed.object	shortdescription	Garp Berry Plant	가프 베리 식물	
/objects/farmables/gazelemon/gazelemonseed.object	description	The iris is the best part. Helps eyesight in the dark.	홍채가 최고의 부분. 어둠 속 시력에 도움.	
/objects/farmables/gazelemon/gazelemonseed.object	shortdescription	Gazelemon Seed	가제레몬 씨앗	
/objects/farmables/gazelemon/wildgazelemonseed.object	description	The iris is the best part. Helps eyesight in the dark.	홍채가 최고의 부분. 어둠 속 시력에 도움.	
/objects/farmables/gazelemon/wildgazelemonseed.object	shortdescription	Gazelemon Seed	가제레몬 씨앗	
/objects/farmables/genesiberry/genesiberryseed.object	description	The genesis of a new breed of plant. A strange, potent hybrid.	새 품종 식물의 기원. 기묘하고 강력한 잡종.	
/objects/farmables/genesiberry/genesiberryseed.object	shortdescription	Genesiberry Seed	제네시베리 씨앗	
/objects/farmables/ghostmushroom/ghostmushroomseed.object	description	These buggers are almost invisible!	이 녀석들은 거의 보이지 않는다!	
/objects/farmables/ghostmushroom/ghostmushroomseed.object	shortdescription	Ghost Mushroom	유령 버섯	
/objects/farmables/ghostmushroom/wildghostmushroomseed.object	description	These buggers are almost invisible!	이 녀석들은 거의 보이지 않는다!	
/objects/farmables/ghostmushroom/wildghostmushroomseed.object	shortdescription	Ghost Mushroom	유령 버섯	
/objects/farmables/ginseng/ginsengseed.object	description	A well-known medicinal plant.	잘 알려진 약용 식물.	
/objects/farmables/ginseng/ginsengseed.object	shortdescription	Heartroot Seed	하트루트 씨앗	
/objects/farmables/ginseng/wildginsengseed.object	description	A well-known medicinal plant.	잘 알려진 약용 식물.	
/objects/farmables/ginseng/wildginsengseed.object	shortdescription	Heartroot Seed	하트루트 씨앗	
/objects/farmables/glarestalk/glarestalkseed.object	description	This is one ugly plant mutant. Immune to insanity, and increases damage.	정말 못생긴 식물 돌연변이. 광기 면역, 피해 증가.	
/objects/farmables/glarestalk/glarestalkseed.object	shortdescription	Glarestalk Gib	글레어스토크 깁	
/objects/farmables/glarestalk/wildglarestalkseed.object	description	This is one ugly plant mutant. Immune to insanity, and increases damage.	정말 못생긴 식물 돌연변이. 광기 면역, 피해 증가.	
/objects/farmables/glarestalk/wildglarestalkseed.object	shortdescription	Glarestalk Gib	글레어스토크 깁	
/objects/farmables/goldenglow/goldenglowseed.object	description	It glows, but its real strength is in how it increases speed.	빛나지만, 진짜 강점은 속도를 높이는 것.	
/objects/farmables/goldenglow/goldenglowseed.object	shortdescription	Goldenglow Seed	골든글로 씨앗	
/objects/farmables/goldenroot/goldenrootseed.object	description	Flecks of gold adorn this health-restoring vine.	체력을 회복하는 덩굴에 금 조각이 박혀 있다.	
/objects/farmables/goldenroot/goldenrootseed.object	shortdescription	Golden Root Seed	골든 루트 씨앗	
/objects/farmables/goldenroot/wildgoldenrootseed.object	description	Flecks of gold adorn this health-restoring vine.	체력을 회복하는 덩굴에 금 조각이 박혀 있다.	
/objects/farmables/goldenroot/wildgoldenrootseed.object	shortdescription	Golden Root Seed	골든 루트 씨앗	
/objects/farmables/goldenseaspongeplant/goldenseaspongeplant.object	description	Gleams under light.	빛 아래 반짝인다.	
/objects/farmables/goldenseaspongeplant/goldenseaspongeplant.object	shortdescription	Golden Sea Sponge Seed 	골든 바다 해면 씨앗 	
/objects/farmables/goldenseaspongeplant/wildgoldenseasponge.object	description	Gleams under light.	빛 아래 반짝인다.	
/objects/farmables/goldenseaspongeplant/wildgoldenseasponge.object	shortdescription	Golden Sea Sponge Seed	골든 바다 해면 씨앗	
/objects/farmables/goldshroom/goldshroomseed.object	description	Glow in the dark.	어둠 속에서 빛난다.	
/objects/farmables/goldshroom/goldshroomseed.object	shortdescription	Gold Shroom Spore	골드 슈룸 포자	
/objects/farmables/goldshroom/wildgoldshroomseed.object	description	Glow in the dark.	어둠 속에서 빛난다.	
/objects/farmables/goldshroom/wildgoldshroomseed.object	shortdescription	Gold Shroom Spore	골드 슈룸 포자	
/objects/farmables/greenleaf/greenleafseed.object	description	A potent energy source that looks like grass.	풀처럼 보이는 강력한 에너지원.	
/objects/farmables/greenleaf/greenleafseed.object	shortdescription	Greenleaf Seed	그린리프 씨앗	
/objects/farmables/greenleaf/wildgreenleafseed.object	description	A potent energy source that looks like grass.	풀처럼 보이는 강력한 에너지원.	
/objects/farmables/greenleaf/wildgreenleafseed.object	shortdescription	Greenleaf Seed	그린리프 씨앗	
/objects/farmables/guam/guamseed.object	description	This mutant strain of guam can filter any radiation.	이 구암 돌연변이는 어떤 방사능도 걸러낼 수 있다.	
/objects/farmables/guam/guamseed.object	shortdescription	Rad Grass Seed	래드 그래스 씨앗	
/objects/farmables/guam/wildguamseed.object	description	This mutant strain of guam can filter any radiation.	이 구암 돌연변이는 어떤 방사능도 걸러낼 수 있다.	
/objects/farmables/guam/wildguamseed.object	shortdescription	Rad Grass Seed	래드 그래스 씨앗	
/objects/farmables/gurnonion/onionseed.object	description	A sun-powered Gurn Onion. Quite useful, actually.	태양 동력 거른 양파. 사실 꽤 유용하다.	
/objects/farmables/gurnonion/onionseed.object	shortdescription	Gurn Onion Seed	거른 양파 씨앗	
/objects/farmables/gurnonion/wildonionseed.object	description	A sun-powered Gurn Onion. Quite useful, actually.	태양 동력 거른 양파. 사실 꽤 유용하다.	
/objects/farmables/gurnonion/wildonionseed.object	shortdescription	Gurn Onion Seed	거른 양파 씨앗	
/objects/farmables/haleflower/haleflowerseed.object	description	For a plant, it stores an astounding amount of energy.	식물치고는 엄청난 양의 에너지를 저장한다.	
/objects/farmables/haleflower/haleflowerseed.object	shortdescription	Haleflower Seed	헤일플라워 씨앗	
/objects/farmables/hellfireplantseed/hellfireplantseed.object	description	Lethal when thrown, Hellfire nodules can also be used to create weapons.	던지면 치명적이며, 헬파이어 결절은 무기 제작에도 쓸 수 있다.	
/objects/farmables/hellfireplantseed/hellfireplantseed.object	shortdescription	Hellfire Plant Seed	헬파이어 식물 씨앗	
/objects/farmables/hellfireplantseed/wildhellfireplantseed.object	description	Lethal when thrown, Hellfire nodules can also be used to create weapons.	던지면 치명적이며, 헬파이어 결절은 무기 제작에도 쓸 수 있다.	
/objects/farmables/hellfireplantseed/wildhellfireplantseed.object	shortdescription	Hellfire Plant Seed	헬파이어 식물 씨앗	
/objects/farmables/herrodbush/herrodbush.object	description	Provides immunity against Shadow.	그림자에 대한 면역을 제공한다.	
/objects/farmables/herrodbush/herrodbush.object	shortdescription	Herrod Bush	헤로드 덤불	
/objects/farmables/hops/hopsseed.object	description	Hops, used in the making of beer.	홉, 맥주 제조에 사용.	
/objects/farmables/hops/hopsseed.object	shortdescription	Hops Seed	홉 씨앗	
/objects/farmables/hops/wildhopsseed.object	description	Hops, used in the making of beer.	홉, 맥주 제조에 사용.	
/objects/farmables/hops/wildhopsseed.object	shortdescription	Hops Seed	홉 씨앗	
/objects/farmables/ighant/ighantseed.object	description	The ighant is a curious, fast-growing plant. Provides bounce.	이간트는 호기심 많은, 빠르게 자라는 식물이다. 탄성을 제공한다.	
/objects/farmables/ighant/ighantseed.object	shortdescription	Ighant Seed	이간트 씨앗	
/objects/farmables/ighant/wildighantseed.object	description	The ighant is a curious, fast-growing plant. Provides bounce.	이간트는 호기심 많은, 빠르게 자라는 식물이다. 탄성을 제공한다.	
/objects/farmables/ighant/wildighantseed.object	shortdescription	Ighant Seed	이간트 씨앗	
/objects/farmables/ignuschili/ignuschiliseed.object	description	200% spicier than a normal chili. Also makes a handy weapon.	보통 칠리보다 200% 더 맵다. 쓸 만한 무기도 만든다.	
/objects/farmables/ignuschili/ignuschiliseed.object	shortdescription	Ignus Chili Seed	이그누스 칠리 씨앗	
/objects/farmables/ignuschili/wildignuschiliseed.object	description	200% spicier than a normal chili. Also makes a handy weapon.	보통 칠리보다 200% 더 맵다. 쓸 만한 무기도 만든다.	
/objects/farmables/ignuschili/wildignuschiliseed.object	shortdescription	Ignus Chili Seed	이그누스 칠리 씨앗	
/objects/farmables/ignuschili2/ignuschili2seed.object	description	Yeowch! This is even hotter!	이야앗! 이건 훨씬 더 맵다!	
/objects/farmables/ignuschili2/ignuschili2seed.object	shortdescription	Adv. Ignus Chili	고급 이그누스 칠리	
/objects/farmables/isn_meatplant/isn_meatplant.object	description	A plant that grows meat! Not for the squeamish.	고기가 자라는 식물! 속 약한 사람 주의.	
/objects/farmables/isn_meatplant/isn_meatplant.object	shortdescription	Meatvine Bulb	미트바인 구근	
/objects/farmables/isn_meatplant/isn_wildmeatplant.object	description	A plant that grows meat! Not for the squeamish.	고기가 자라는 식물! 속 약한 사람 주의.	
/objects/farmables/isn_meatplant/isn_wildmeatplant.object	shortdescription	Meatvine Bulb	미트바인 구근	
/objects/farmables/itaseed/itaseed.object	description	A unique strain of Lotus, full of potent antitoxins.	강력한 해독제로 가득한 독특한 연꽃 품종.	
/objects/farmables/itaseed/itaseed.object	shortdescription	Ita Flower Seed	이타 꽃 씨앗	
/objects/farmables/itaseed/wilditaseed.object	description	A unique strain of Lotus, full of potent antitoxins.	강력한 해독제로 가득한 독특한 연꽃 품종.	
/objects/farmables/itaseed/wilditaseed.object	shortdescription	Ita Flower Seed	이타 꽃 씨앗	
/objects/farmables/jillyroot/jillyrootseed.object	description	Able to help speed healing of wounds.	상처 회복 속도를 높이는 데 도움.	
/objects/farmables/jillyroot/jillyrootseed.object	shortdescription	Jilly Root Seed	질리 루트 씨앗	
/objects/farmables/jillyroot/wildjillyrootseed.object	description	Able to help speed healing of wounds.	상처 회복 속도를 높이는 데 도움.	
/objects/farmables/jillyroot/wildjillyrootseed.object	shortdescription	Jilly Root Seed	질리 루트 씨앗	
/objects/farmables/kamaranpodsplant/kamaranpodsplant.object	description	Hard to crack open.	까기 어렵다.	
/objects/farmables/kamaranpodsplant/kamaranpodsplant.object	shortdescription	Kamaran Pod Seed	카마란 꼬투리 씨앗	
/objects/farmables/kamaranpodsplant/wildkamaranpodsplant.object	description	Hard to crack open.	까기 어렵다.	
/objects/farmables/kamaranpodsplant/wildkamaranpodsplant.object	shortdescription	Kamaran Pod Seed	카마란 꼬투리 씨앗	
/objects/farmables/kramil/kramil.object	description	Kramil is known for its potent anti-cold properties.	크라밀은 강력한 항냉 특성으로 알려져 있다.	
/objects/farmables/kramil/kramil.object	shortdescription	Kramil	크라밀	
/objects/farmables/lactariusindigo/lactariusindigoseed.object	description	Resistant to shadow effects.	그림자 효과에 저항.	
/objects/farmables/lactariusindigo/lactariusindigoseed.object	shortdescription	Lactarius Indigo	락타리우스 인디고	
/objects/farmables/lactariusindigo/wildlactariusindigoseed.object	description	Resistant to Shadow effects.	그림자 효과에 저항.	
/objects/farmables/lactariusindigo/wildlactariusindigoseed.object	shortdescription	Lactarius Indigo	락타리우스 인디고	
/objects/farmables/lasherplant/lasherplantseed.object	description	Lashers are nasty things, and can induce rage. Their tongues are useful, too.	래셔는 몹시 사악하며 분노를 유발할 수 있다. 혀도 유용하다.	
/objects/farmables/lasherplant/lasherplantseed.object	shortdescription	Lasher Seed	래셔 씨앗	
/objects/farmables/lasherplant/wildlasherplantseed.object	description	Lashers are nasty things, and can induce rage. Their tongues are useful, too.	래셔는 몹시 사악하며 분노를 유발할 수 있다. 혀도 유용하다.	
/objects/farmables/lasherplant/wildlasherplantseed.object	shortdescription	Lasher Seed	래셔 씨앗	
/objects/farmables/leafshell/leafshellseed.object	description	A leafy egg vegetable that provides a protection boost.	보호 보너스를 주는 잎 모양 계란 채소.	
/objects/farmables/leafshell/leafshellseed.object	shortdescription	Leafshell Seed	리프셸 씨앗	
/objects/farmables/leafshell/wildleafshellseed.object	description	A leafy egg vegetable that provides a protection boost.	보호 보너스를 주는 잎 모양 계란 채소.	
/objects/farmables/leafshell/wildleafshellseed.object	shortdescription	Leafshell Seed	리프셸 씨앗	
/objects/farmables/littlegoodberry/littlegoodberryseed.object	description	Small, delicious berries that also increase your ability to cause pain.	맛있는 작은 베리로, 고통을 주는 능력도 키운다.	
/objects/farmables/littlegoodberry/littlegoodberryseed.object	shortdescription	Little Good Berry Seed	리틀 굿 베리 씨앗	
/objects/farmables/littlegoodberry/wildlittlegoodberryseed.object	description	Small, delicious berries that also increase your ability to cause pain.	맛있는 작은 베리로, 고통을 주는 능력도 키운다.	
/objects/farmables/littlegoodberry/wildlittlegoodberryseed.object	shortdescription	Little Good Berry Seed	리틀 굿 베리 씨앗	
/objects/farmables/littlerascal/littlerascalseed.object	description	Its produce will restore health and energy.	산출물이 체력과 에너지를 회복한다.	
/objects/farmables/littlerascal/littlerascalseed.object	shortdescription	Uri Seed	우리 씨앗	
/objects/farmables/littlerascal/wildlittlerascalseed.object	description	Its produce will restore health and energy.	산출물이 체력과 에너지를 회복한다.	
/objects/farmables/littlerascal/wildlittlerascalseed.object	shortdescription	Uri Seed	우리 씨앗	
/objects/farmables/lumivine/lumivineseed.object	description	The fortitude of these leaves is, frankly, incredible.	이 잎의 강인함은 솔직히 믿기지 않을 정도다.	
/objects/farmables/lumivine/lumivineseed.object	shortdescription	Lumivine Seed	루미바인 씨앗	
/objects/farmables/lumivine/wildlumivineseed.object	description	The fortitude of these leaves is, frankly, incredible.	이 잎의 강인함은 솔직히 믿기지 않을 정도다.	
/objects/farmables/lumivine/wildlumivineseed.object	shortdescription	Lumivine Seed	루미바인 씨앗	
/objects/farmables/melodistar/melodistarseed.object	description	Melodistar can increase your health and energy.	멜로디스타는 체력과 에너지를 높일 수 있다.	
/objects/farmables/melodistar/melodistarseed.object	shortdescription	Melodistar Seed	멜로디스타 씨앗	
/objects/farmables/melodistar/wildmelodistarseed.object	description	Melodistar can increase your health and energy.	멜로디스타는 체력과 에너지를 높일 수 있다.	
/objects/farmables/melodistar/wildmelodistarseed.object	shortdescription	Melodistar Seed	멜로디스타 씨앗	
/objects/farmables/minkocoapod/minkocoapodseed.object	description	A variant of cocoa favored with mustelids. Provides speed boost.	족제비류가 좋아하는 코코아 변종. 속도 부스트 제공.	
/objects/farmables/minkocoapod/minkocoapodseed.object	shortdescription	Minkocoa Seed	민코코아 씨앗	
/objects/farmables/minkocoapod/wildminkocoapodseed.object	description	A variant of cocoa favored with mustelids. Provides speed boost.	족제비류가 좋아하는 코코아 변종. 속도 부스트 제공.	
/objects/farmables/minkocoapod/wildminkocoapodseed.object	shortdescription	Minkocoa Seed	민코코아 씨앗	
/objects/farmables/mint/mintseed.object	description	Restores natural energy reserves.	자연 에너지 비축을 회복한다.	
/objects/farmables/mint/mintseed.object	shortdescription	Star Mint Seed	스타 민트 씨앗	
/objects/farmables/mint/wildmintseed.object	description	Restores natural energy reserves.	자연 에너지 비축을 회복한다.	
/objects/farmables/mint/wildmintseed.object	shortdescription	Star Mint Seed	스타 민트 씨앗	
/objects/farmables/miraclegrassseed/miraclegrassseed.object	description	Grass renowned for its healing ability. Produces a weak long-term regeneration effect.	치유력으로 유명한 풀. 약한 장기 재생 효과를 준다.	
/objects/farmables/miraclegrassseed/miraclegrassseed.object	shortdescription	Miracle Grass	미라클 그래스	
/objects/farmables/miraclegrassseed/wildmiraclegrassseed.object	description	Grass renowned for its healing ability. Produces a weak long-term regeneration effect.	치유력으로 유명한 풀. 약한 장기 재생 효과를 준다.	
/objects/farmables/miraclegrassseed/wildmiraclegrassseed.object	shortdescription	Miracle Grass	미라클 그래스	
/objects/farmables/mireurchin/mireurchinseed.object	description	Able to generate a static shield to repel predators.	포식자를 튕겨내는 정전기 보호막을 만들 수 있다.	
/objects/farmables/mireurchin/mireurchinseed.object	shortdescription	Mireurchin Seed	미어우르친 씨앗	
/objects/farmables/mireurchin/wildmireurchinseed.object	description	Able to generate a static shield to repel predators.	포식자를 튕겨내는 정전기 보호막을 만들 수 있다.	
/objects/farmables/mireurchin/wildmireurchinseed.object	shortdescription	Mireurchin Seed	미어우르친 씨앗	
/objects/farmables/mothtrap2/mothtrap2.object	description	Attracts moths. Moths produce more silk!	나방을 끌어들인다. 나방은 비단을 더 만든다!	
/objects/farmables/mothtrap2/mothtrap2.object	shortdescription	Moth Trap (Large)	나방 덫 (대형)	
/objects/farmables/mutavisk/mutaviskseed.object	description	A strange and wonderful plant that produces an unrivaled silk-like material.	비단 같은 소재를 비교 불가하게 생산하는 기묘하고 멋진 식물.	
/objects/farmables/mutavisk/mutaviskseed.object	shortdescription	Mutavisk	무타비스크	
/objects/farmables/mutavisk/wildmutaviskseed.object	description	A strange and wonderful plant that produces an unrivaled silk-like material.	비단 같은 소재를 비교 불가하게 생산하는 기묘하고 멋진 식물.	
/objects/farmables/mutavisk/wildmutaviskseed.object	shortdescription	Wild Mutavisk	야생 무타비스크	
/objects/farmables/nailery/naileryseed.object	description	Nailery, a Glitch delight. A delicacy filled with valuable iron. Can be made into bombs in a lab.	네일러리, 글리치의 별미. 귀중한 철이 가득한 진미. 실험실에서 폭탄으로 만들 수 있다.	
/objects/farmables/nailery/naileryseed.object	shortdescription	Nailery Seed	네일러리 씨앗	
/objects/farmables/nailery/wildnaileryseed.object	description	Nailery, a Glitch delight. A delicacy filled with valuable iron. Can be made into bombs in a lab.	네일러리, 글리치의 별미. 귀중한 철이 가득한 진미. 실험실에서 폭탄으로 만들 수 있다.	
/objects/farmables/nailery/wildnaileryseed.object	shortdescription	Nailery Seed	네일러리 씨앗	
/objects/farmables/neuropodseed/neuropodseed.object	description	Truly a mad-science creation. Consuming its 'fruit' increases intelligence for a time.	진정한 매드 사이언스의 창조물. '열매'를 먹으면 일시적으로 지능이 오른다.	
/objects/farmables/neuropodseed/neuropodseed.object	shortdescription	Neuropod Seed	뉴로포드 씨앗	
/objects/farmables/neuropodseed/wildneuropodseed.object	description	Truly a mad-science creation. Consuming its 'fruit' increases intelligence for a time.	진정한 매드 사이언스의 창조물. '열매'를 먹으면 일시적으로 지능이 오른다.	
/objects/farmables/neuropodseed/wildneuropodseed.object	shortdescription	Neuropod Seed	뉴로포드 씨앗	
/objects/farmables/nissseed/nissseed.object	description	Terrible taste, but utterly immune to tar, mud and clay.	끔찍한 맛이지만 타르, 진흙, 점토에 완전 면역.	
/objects/farmables/nissseed/nissseed.object	shortdescription	Niss Seed	니스 씨앗	
/objects/farmables/nissseed/wildnissseed.object	description	Terrible taste, but utterly immune to tar, mud and clay.	끔찍한 맛이지만 타르, 진흙, 점토에 완전 면역.	
/objects/farmables/nissseed/wildnissseed.object	shortdescription	Niss Seed	니스 씨앗	
/objects/farmables/oonfortaseed/oonfortaseed.object	description	The Oonforta grows glowing bulbs on tails that can be tossed for light.	운포르타는 꼬리에 빛나는 구를 키우는데, 던져서 조명으로 쓸 수 있다.	
/objects/farmables/oonfortaseed/oonfortaseed.object	shortdescription	Oonforta Seed	운포르타 씨앗	
/objects/farmables/oonfortaseed/wildoonfortaseed.object	description	The Oonforta grows glowing bulbs on tails that can be tossed for light.	운포르타는 꼬리에 빛나는 구를 키우는데, 던져서 조명으로 쓸 수 있다.	
/objects/farmables/oonfortaseed/wildoonfortaseed.object	shortdescription	Oonforta Seed	운포르타 씨앗	
/objects/farmables/pandorasboxcottonbopbulb/pandorasboxcottonbopbulb.object	description	Grows a Cottonbop monster.	코튼밥 몬스터가 자란다.	
/objects/farmables/pandorasboxcottonbopbulb/pandorasboxcottonbopbulb.object	shortdescription	Cottonbop Bulb	코튼밥 구근	
/objects/farmables/pasakavine/pasakavineseed.object	description	This vine gives off a useful miasma that cancels out radiation.	이 덩굴은 방사능을 상쇄하는 유용한 미아스마를 낸다.	
/objects/farmables/pasakavine/pasakavineseed.object	shortdescription	Pasaka Vine	파사카 덩굴	
/objects/farmables/pasakavine/wildpasakavineseed.object	description	This vine gives off a useful miasma that cancels out radiation.	이 덩굴은 방사능을 상쇄하는 유용한 미아스마를 낸다.	
/objects/farmables/pasakavine/wildpasakavineseed.object	shortdescription	Pasaka Vine	파사카 덩굴	
/objects/farmables/pekkit/pekkitseed.object	description	Pekkit. Can be tossed to freeze enemies or eaten to protect you.	페킷. 던져서 적을 얼리거나 먹어서 보호받을 수 있다.	
/objects/farmables/pekkit/pekkitseed.object	shortdescription	Pekkit Seed	페킷 씨앗	
/objects/farmables/pekkit/wildpekkitseed.object	description	Pekkit. Can be tossed to freeze enemies or eaten to protect you.	페킷. 던져서 적을 얼리거나 먹어서 보호받을 수 있다.	
/objects/farmables/pekkit/wildpekkitseed.object	shortdescription	Pekkit	페킷	
/objects/farmables/petrifiedroot/petrifiedrootseed.object	description	Dark matter meets flora. Increases defenses.	어두운 물질이 식물과 만났다. 방어를 높인다.	
/objects/farmables/petrifiedroot/petrifiedrootseed.object	shortdescription	Umbral Root Seed	움브랄 루트 씨앗	
/objects/farmables/petrifiedroot/wildpetrifiedrootseed.object	description	Dark matter meets flora. Increases defenses.	어두운 물질이 식물과 만났다. 방어를 높인다.	
/objects/farmables/petrifiedroot/wildpetrifiedrootseed.object	shortdescription	Umbral Root Seed	움브랄 루트 씨앗	
/objects/farmables/phasefruit/phasefruitseed.object	description	A plant that somehow phases between dimensions.	어쩌다 차원 사이를 위상 이동하는 식물.	
/objects/farmables/phasefruit/phasefruitseed.object	shortdescription	Phasefruit Seeds	페이즈프루트 씨앗	
/objects/farmables/phasefruit/wildphasefruitseed .object	description	A plant that somehow phases between dimensions.	어쩌다 차원 사이를 위상 이동하는 식물.	
/objects/farmables/phasefruit/wildphasefruitseed .object	shortdescription	Phasefruit Seeds	페이즈프루트 씨앗	
/objects/farmables/pinkloom/pinkloomseed.object	description	Causes rage while increasing energy.	에너지를 늘리면서 분노를 유발한다.	
/objects/farmables/pinkloom/pinkloomseed.object	shortdescription	Pinkloom Seed	핑크룸 씨앗	
/objects/farmables/pinkloom/wildpinkloomseed.object	description	Causes rage while increasing energy.	에너지를 늘리면서 분노를 유발한다.	
/objects/farmables/pinkloom/wildpinkloomseed.object	shortdescription	Pinkloom Seed	핑크룸 씨앗	
/objects/farmables/plasmango/plasmangoseed.object	description	Plasmango, the galaxy's most dangerous fruit.	플라즈망고, 은하계에서 가장 위험한 과일.	
/objects/farmables/plasmango/plasmangoseed.object	shortdescription	Plasmango Seed	플라즈망고 씨앗	
/objects/farmables/plasmango/wildplasmangoseed.object	description	Plasmango, the galaxy's most dangerous fruit.	플라즈망고, 은하계에서 가장 위험한 과일.	
/objects/farmables/plasmango/wildplasmangoseed.object	shortdescription	Plasmango Seed	플라즈망고 씨앗	
/objects/farmables/poetree/poetree.object	description	Poe trees actually produce a pure form of silicon. Handy, that.	포 나무는 실제로 순수한 형태의 규소를 생산한다. 편리하지.	
/objects/farmables/poetree/poetree.object	shortdescription	Poe Tree	포 나무	
/objects/farmables/poetree/wildpoetree.object	description	Poe trees actually produce a form of silicon. Handy, that.	포 나무는 실제로 규소의 한 형태를 생산한다. 편리하지.	
/objects/farmables/poetree/wildpoetree.object	shortdescription	Poe Tree	포 나무	
/objects/farmables/porphis/porphisplantseed.object	description	Can increase power and health.	힘과 체력을 높일 수 있다.	
/objects/farmables/porphis/porphisplantseed.object	shortdescription	Porphis Bulb	포르피스 구근	
/objects/farmables/porphis/wildporphisplantseed.object	description	Can increase power and health.	힘과 체력을 높일 수 있다.	
/objects/farmables/porphis/wildporphisplantseed.object	shortdescription	Porphis Bulb	포르피스 구근	
/objects/farmables/quellstem/quellstem.object	description	Immune to all forms of heat, including lava.	용암을 포함한 모든 형태의 열에 면역.	
/objects/farmables/quellstem/quellstem.object	shortdescription	Quell Stem	쿠엘 줄기	
/objects/farmables/quellstem/wildquellstem.object	description	Immune to all forms of heat, including lava.	용암을 포함한 모든 형태의 열에 면역.	
/objects/farmables/quellstem/wildquellstem.object	shortdescription	Quell Stem	쿠엘 줄기	
/objects/farmables/reeds/reedseed.object	description	Reeds grow avidly wherever they can in a bog or swamp.	갈대는 늪이나 습지 어디서나 왕성하게 자란다.	
/objects/farmables/reeds/reedseed.object	shortdescription	Reeds	갈대	
/objects/farmables/reeds/wildreedseed.object	description	Reeds grow avidly wherever they can in a bog or swamp.	갈대는 늪이나 습지 어디서나 왕성하게 자란다.	
/objects/farmables/reeds/wildreedseed.object	shortdescription	Reeds	갈대	
/objects/farmables/rockroot/rockrootseed.object	description	A very hard vegetable, capable of resisting damage.	매우 단단한 채소로, 피해를 견딜 수 있다.	
/objects/farmables/rockroot/rockrootseed.object	shortdescription	Rockroot Seed	록루트 씨앗	
/objects/farmables/rockroot/wildrockrootseed.object	description	A very hard vegetable, capable of resisting damage.	매우 단단한 채소로, 피해를 견딜 수 있다.	
/objects/farmables/rockroot/wildrockrootseed.object	shortdescription	Rockroot Seed	록루트 씨앗	
/objects/farmables/shadowroot/shadowrootseed.object	description	Shadowroot temporarily increases your crit chance.	섀도루트는 일시적으로 치명타 확률을 올린다.	
/objects/farmables/shadowroot/shadowrootseed.object	shortdescription	Shadowroot Seed	섀도루트 씨앗	
/objects/farmables/shadowroot/wildshadowrootseed.object	description	Shadowroot temporarily increases your crit bonus damage.	섀도루트는 일시적으로 치명타 추가 피해를 올린다.	
/objects/farmables/shadowroot/wildshadowrootseed.object	shortdescription	Shadowroot Seed	섀도루트 씨앗	
/objects/farmables/shinyacorn/shinyacornseed.object	description	Delicious nuts that increase your vitality.	활력을 높이는 맛있는 견과.	
/objects/farmables/shinyacorn/shinyacornseed.object	shortdescription	Helkat Tree	헬캣 나무	
/objects/farmables/shinyacorn/wildshinyacornseed.object	description	Delicious nuts that increase your vitality.	활력을 높이는 맛있는 견과.	
/objects/farmables/shinyacorn/wildshinyacornseed.object	shortdescription	Helkat Tree	헬캣 나무	
/objects/farmables/shockshroom/shockshroomseed.object	description	Shock shrooms make useful weapons when processed.	쇼크 슈룸은 가공하면 쓸 만한 무기가 된다.	
/objects/farmables/shockshroom/shockshroomseed.object	shortdescription	Shock-Shroom	쇼크-슈룸	
/objects/farmables/shockshroom/wildshockshroomseed.object	description	Shock shrooms make useful weapons when processed.	쇼크 슈룸은 가공하면 쓸 만한 무기가 된다.	
/objects/farmables/shockshroom/wildshockshroomseed.object	shortdescription	Shock-Shroom	쇼크-슈룸	
/objects/farmables/silverleaf/silverleafseed.object	description	A great way to boost energy.	에너지를 올리는 좋은 방법.	
/objects/farmables/silverleaf/silverleafseed.object	shortdescription	Silverleaf Seed	실버리프 씨앗	
/objects/farmables/silverleaf/wildsilverleafseed.object	description	A great way to boost energy.	에너지를 올리는 좋은 방법.	
/objects/farmables/silverleaf/wildsilverleafseed.object	shortdescription	Silverleaf Seed	실버리프 씨앗	
/objects/farmables/slimeplant/slimeplantseed.object	description	Useful against slime and can protect against damage.	슬라임에 유용하며 피해로부터 보호할 수 있다.	
/objects/farmables/slimeplant/slimeplantseed.object	shortdescription	Slime Glob Bush	슬라임 덩이 덤불	
/objects/farmables/slimeplant/wildslimeplantseed.object	description	Useful against slime and can protect against damage.	슬라임에 유용하며 피해로부터 보호할 수 있다.	
/objects/farmables/slimeplant/wildslimeplantseed.object	shortdescription	Slime Seed	슬라임 씨앗	
/objects/farmables/snowberry/fusnowberryseed.object	description	Resistant to snow and ice.	눈과 얼음에 저항.	
/objects/farmables/snowberry/fusnowberryseed.object	shortdescription	Snowberry Seed	스노베리 씨앗	
/objects/farmables/snowberry/wildfusnowberryseed.object	description	Resistant to snow and ice.	눈과 얼음에 저항.	
/objects/farmables/snowberry/wildfusnowberryseed.object	shortdescription	Snowberry	스노베리	
/objects/farmables/solusberry/solusberryseed.object	description	A solarium-rich berry. Likely unsafe to eat.	솔라리움이 풍부한 베리. 먹기엔 안전하지 않을 듯.	
/objects/farmables/solusberry/solusberryseed.object	shortdescription	Solusberry Seed	솔루스베리 씨앗	
/objects/farmables/solusberry/wildsolusberryseed.object	description	A solarium-rich berry. Likely unsafe to eat.	솔라리움이 풍부한 베리. 먹기엔 안전하지 않을 듯.	
/objects/farmables/solusberry/wildsolusberryseed.object	shortdescription	Solusberry Seed	솔루스베리 씨앗	
/objects/farmables/soulleaf/fusoulleafseed.object	description	Slow to grow, but produces useful essence.	자라는 데 느리지만 유용한 에센스를 생산한다.	
/objects/farmables/soulleaf/fusoulleafseed.object	shortdescription	Soulleaf Seed	소울리프 씨앗	
/objects/farmables/spongeweed/fuspongeweedseed.object	description	This fragile plant is immune to poison.	이 연약한 식물은 독에 면역이다.	
/objects/farmables/spongeweed/fuspongeweedseed.object	shortdescription	Spongeweed Clump	스펀지위드 덩이	
/objects/farmables/spongeweed/wildfuspongeweedseed.object	description	This fragile plant is immune to poison.	이 연약한 식물은 독에 면역이다.	
/objects/farmables/spongeweed/wildfuspongeweedseed.object	shortdescription	Spongeweed Clump	스펀지위드 덩이	
/objects/farmables/springvault/springvaultseed.object	description	Springvault intensifies leg-muscle effectiveness by a large amount.	스프링볼트는 다리 근육 효율을 크게 강화한다.	
/objects/farmables/springvault/springvaultseed.object	shortdescription	Springvault Seed	스프링볼트 씨앗	
/objects/farmables/stranglevineseed/stranglevineseed.object	description	Its roots lash out when attacked.	공격받으면 뿌리가 휘둘러 나온다.	
/objects/farmables/stranglevineseed/stranglevineseed.object	shortdescription	Strangler Vine	스트랭글러 덩굴	
/objects/farmables/stranglevineseed/wildstranglevineseed.object	description	Its roots lash out when attacked.	공격받으면 뿌리가 휘둘러 나온다.	
/objects/farmables/stranglevineseed/wildstranglevineseed.object	shortdescription	Strangler Vine Seed	스트랭글러 덩굴 씨앗	
/objects/farmables/talonseedplant/talonseedseed.object	description	Genetically improved! Resistant to cold.	유전적으로 개량됨! 추위에 저항.	
/objects/farmables/talonseedplant/talonseedseed.object	shortdescription	Talon Seed	탈론 씨앗	
/objects/farmables/talonseedplant/wildtalonseedseed.object	description	Genetically improved! Resistant to cold.	유전적으로 개량됨! 추위에 저항.	
/objects/farmables/talonseedplant/wildtalonseedseed.object	shortdescription	Talon Seed	탈론 씨앗	
/objects/farmables/tentacleplant/tentacleplant.object	description	Lashes out at enemies.	적에게 휘둘러 나온다.	
/objects/farmables/tentacleplant/tentacleplant.object	shortdescription	Writhing Vine	라이딩 덩굴	
/objects/farmables/tentacleplant/wildtentacleplant.object	description	Lashes out at enemies.	적에게 휘둘러 나온다.	
/objects/farmables/tentacleplant/wildtentacleplant.object	shortdescription	Writhing Vine	라이딩 덩굴	
/objects/farmables/teratomato/teratomatoseed.object	description	A freakish mutant plant with blood-filled tomatoes.	피로 가득한 토마토를 맺는 기괴한 돌연변이 식물.	
/objects/farmables/teratomato/teratomatoseed.object	shortdescription	Teratomato Seed	테라토마토 씨앗	
/objects/farmables/tetherhookseed/tetherhookseed.object	description	Removes you from danger when near death.	죽기 직전일 때 위험에서 빼내 준다.	
/objects/farmables/tetherhookseed/tetherhookseed.object	shortdescription	Tetherhook Weed	테더후크 위드	
/objects/farmables/thornitoxplant/thornitoxseed.object	description	Poisonous and spiky. Thornitox could have use in weapons manufacture.	유독하고 가시 돋침. 소르니톡스는 무기 제조에 쓸 수 있다.	
/objects/farmables/thornitoxplant/thornitoxseed.object	shortdescription	Thornitox Seed	소르니톡스 씨앗	
/objects/farmables/thornitoxplant/wildthornitoxseed.object	description	Poisonous and spiky. Thornitox could have use in weapons manufacture.	유독하고 가시 돋침. 소르니톡스는 무기 제조에 쓸 수 있다.	
/objects/farmables/thornitoxplant/wildthornitoxseed.object	shortdescription	Thornitox Seed	소르니톡스 씨앗	
/objects/farmables/tinselbush/tinselbush.object	description	While it looks like tinsel, it's as sharp as razors and packed with tungsten.	반짝이 장식처럼 보이지만 면도날만큼 날카롭고 텅스텐이 가득하다.	
/objects/farmables/tinselbush/tinselbush.object	shortdescription	Tinselbush	틴셀부시	
/objects/farmables/tinselbush/wildtinselbush.object	description	While it looks like tinsel, it's as sharp as razors and packed with tungsten.	반짝이 장식처럼 보이지만 면도날만큼 날카롭고 텅스텐이 가득하다.	
/objects/farmables/tinselbush/wildtinselbush.object	shortdescription	Tinselbush	틴셀부시	
/objects/farmables/tombstone/tombstone.object	shortdescription	Grave	무덤	
/objects/farmables/tyvokkseed/tyvokkseed.object	description	This plant is a literal powerhouse of energy and vitality.	이 식물은 문자 그대로 에너지와 활력의 발전소다.	
/objects/farmables/tyvokkseed/tyvokkseed.object	shortdescription	Tyvokk Dart	타이보크 다트	
/objects/farmables/tyvokkseed/wildtyvokkseed.object	description	This plant is a literal powerhouse of energy and vitality.	이 식물은 문자 그대로 에너지와 활력의 발전소다.	
/objects/farmables/tyvokkseed/wildtyvokkseed.object	shortdescription	Tyvokk seed	타이보크 씨앗	
/objects/farmables/vanusflower/vanusflowerseed.object	description	Protects the user from harm.	사용자를 피해로부터 보호한다.	
/objects/farmables/vanusflower/vanusflowerseed.object	shortdescription	Vanus Flower Seed	바누스 꽃 씨앗	
/objects/farmables/vanusflower/wildvanusflowerseed.object	description	Protects the user from harm.	사용자를 피해로부터 보호한다.	
/objects/farmables/vanusflower/wildvanusflowerseed.object	shortdescription	Vanus Flower Seed	바누스 꽃 씨앗	
/objects/farmables/varanberryseed/varanberryseed.object	description	Delicious and extremely nutritious.	맛있고 매우 영양가 높다.	
/objects/farmables/varanberryseed/varanberryseed.object	shortdescription	Varan Berry Bush	바란 베리 덤불	
/objects/farmables/varanberryseed/wildvaranberryseed.object	description	Delicious and extremely nutritious	맛있고 매우 영양가 높다.	
/objects/farmables/varanberryseed/wildvaranberryseed.object	shortdescription	Varan Berry Bush	바란 베리 덤불	
/objects/farmables/vextongue/vextongueseed.object	description	Vextongue is a great natural healing alternative.	벡스통은 훌륭한 자연 치유 대안이다.	
/objects/farmables/vextongue/vextongueseed.object	shortdescription	Vextongue Seed	벡스통 씨앗	
/objects/farmables/vextongue/wildvextongueseed.object	description	Vextongue is a great natural healing alternative.	벡스통은 훌륭한 자연 치유 대안이다.	
/objects/farmables/vextongue/wildvextongueseed.object	shortdescription	Vextongue Seed	벡스통 씨앗	
/objects/farmables/victorbush/victorbush.object	description	Provides a massive run boost.	대단한 달리기 부스트를 준다.	
/objects/farmables/victorbush/victorbush.object	shortdescription	Victor Leaf Seed	빅터 잎 씨앗	
/objects/farmables/violiroot/violirootseed.object	description	Violiroot will make your plantation super hot.	비올리루트는 네 재배지를 아주 뜨겁게 만들 것이다.	
/objects/farmables/violiroot/violirootseed.object	shortdescription	Violiroot Seed	비올리루트 씨앗	
/objects/farmables/violiroot/wildviolirootseed.object	description	Violiroot will make your plantation super hot.	비올리루트는 네 재배지를 아주 뜨겁게 만들 것이다.	
/objects/farmables/violiroot/wildviolirootseed.object	shortdescription	Violiroot Seed	비올리루트 씨앗	
/objects/farmables/voritseed/voritseed.object	description	A strange mix of jelly and plant. Provides massive swim speed increase and immunity to breathing.	젤리와 식물의 기묘한 혼합체. 엄청난 수영 속도 증가와 호흡 면역을 준다.	
/objects/farmables/voritseed/voritseed.object	shortdescription	Vorit Seed	보릿 씨앗	
/objects/farmables/whitespine/whitespine.object	description	Completely immune to acid.	산에 완전 면역.	
/objects/farmables/whitespine/whitespine.object	shortdescription	Whitespine	화이트스파인	
/objects/farmables/whitespine/wildwhitespine.object	description	Completely immune to acid.	산에 완전 면역.	
/objects/farmables/whitespine/wildwhitespine.object	shortdescription	Whitespine	화이트스파인	
/objects/farmables/wretchelseed/wildwretchelseed.object	description	Straddles dimensions and bends the laws of physics.	차원을 넘나들고 물리 법칙을 비튼다.	
/objects/farmables/wretchelseed/wildwretchelseed.object	shortdescription	Wretchel Seed	레첼 씨앗	
/objects/farmables/wretchelseed/wretchelseed.object	description	Straddles dimensions and bends the laws of physics.	차원을 넘나들고 물리 법칙을 비튼다.	
/objects/farmables/wretchelseed/wretchelseed.object	shortdescription	Wretchel Seed	레첼 씨앗	
/objects/farmables/wubstem/wildwubstemseed.object	description	Provides electric resistance.	전기 저항을 준다.	
/objects/farmables/wubstem/wildwubstemseed.object	shortdescription	Wubstem Seed	웁스템 씨앗	
/objects/farmables/wubstem/wubstemseed.object	description	Provides electric resistance.	전기 저항을 준다.	
/objects/farmables/wubstem/wubstemseed.object	shortdescription	Wubstem Seed	웁스템 씨앗	
/objects/farmables/xaxseed/xaxseed.object	description	Mammal and Plant, together at last. Provides levitation and immunity to Grav Rain.	포유류와 식물, 드디어 하나로. 공중부양과 그랩 레인 면역을 준다.	
/objects/farmables/xaxseed/xaxseed.object	shortdescription	Xax Seed	자크스 씨앗	
/objects/farmables/xi_bulb/xi_bulb.object	description	"Provides light, and can be used to form many X'ian tools. ^yellow;Radioactive^reset;.
^red;Doesn't work on your ship.^reset;"	"빛을 내며, 많은 짜'이 도구를 만드는 데 쓸 수 있다. ^yellow;방사성^reset;.
^red;함선에서는 작동하지 않는다.^reset;"	
/objects/farmables/xi_bulb/xi_bulb.object	shortdescription	X'ian Seed Bulb	짜'이 씨앗 구	
/objects/farmables/xi_bulb2/xi_bulb2.object	description	"Provides light, and can be used to form many X'ian tools. ^yellow;Radioactive^reset;.
^red;Doesn't work on your ship.^reset;"	"빛을 내며, 많은 짜'이 도구를 만드는 데 쓸 수 있다. ^yellow;방사성^reset;.
^red;함선에서는 작동하지 않는다.^reset;"	
/objects/farmables/xi_bulb2/xi_bulb2.object	shortdescription	X'ian Mutant Bulb	짜'이 돌연변이 구	
/objects/farmables/xi_bulb3/xi_bulb3.object	description	"Provides light, and can be used to form many X'ian tools. ^yellow;Radioactive^reset;.
^red;Doesn't work on your ship.^reset;"	"빛을 내며, 많은 짜'이 도구를 만드는 데 쓸 수 있다. ^yellow;방사성^reset;.
^red;함선에서는 작동하지 않는다.^reset;"	
/objects/farmables/xi_bulb3/xi_bulb3.object	shortdescription	X'ian Alpha Bulb	짜'이 알파 구	
/objects/farmables/yellowfoot/wildyellowfootseed.object	description	Boosts energy reserves.	에너지 비축을 늘린다.	
/objects/farmables/yellowfoot/wildyellowfootseed.object	shortdescription	Yellowfoot Shroom	옐로풋 슈룸	
/objects/farmables/yellowfoot/yellowfootseed.object	description	Boosts energy reserves.	에너지 비축을 늘린다.	
/objects/farmables/yellowfoot/yellowfootseed.object	shortdescription	Yellowfoot Shroom	옐로풋 슈룸	
/objects/farmables/zathiseed/zathiseed.object	description	A strange floating plant flowing with cosmic energy.	우주 에너지가 흐르는 기묘한 부유 식물.	
/objects/farmables/zathiseed/zathiseed.object	shortdescription	Zathi Seed	자시 씨앗	
/quests/story/protectorateapex.questtemplate	title	You're an Apex	넌 에이펙스잖아	
/quests/story/protectorateapex.questtemplate	text	Have an MM	MM 보유	reuse
/quests/story/protectorateapex.questtemplate	completionText	Your Matter Manipulator is, simply put, superior to the crappy ones other races use.	간단히 말해, 당신의 물질 조작기는 다른 종족이 사용하는 형편없는 물질 조작기보다 뛰어납니다.	reuse
/quests/story/protectorateelunite.questtemplate	title	You're a Elunite	넌 엘루나이트잖아	
/quests/story/protectorateelunite.questtemplate	text	Have an MM	MM 보유	reuse
/quests/story/protectorateelunite.questtemplate	completionText	Your Matter Manipulator is, simply put, superior to the crappy ones other races use.	간단히 말해, 당신의 물질 조작기는 다른 종족이 사용하는 형편없는 물질 조작기보다 뛰어납니다.	reuse
/quests/story/protectoratefu.questtemplate	text	Have some thing	뭔가 있잖아	
/quests/story/protectoratefu.questtemplate	completionText	You got the thing	그거 받았네	
/quests/story/protectoratehylotl.questtemplate	title	You're a Hylotl	넌 하이로틀이잖아	
/quests/story/protectoratehylotl.questtemplate	text	Have an MM	MM 보유	reuse
/quests/story/protectoratehylotl.questtemplate	completionText	Your Matter Manipulator is, simply put, superior to the crappy ones other races use.	간단히 말해, 당신의 물질 조작기는 다른 종족이 사용하는 형편없는 물질 조작기보다 뛰어납니다.	reuse
/stats/effects/food/bonus/fish_bonus.statuseffect	label	All about that fishy stuff.	그 생선 비리내 나는 것들.	
/stats/effects/food/bonus/meat_cooked_bonus.statuseffect	label	Mmmmm, tasty cooked meat!	으음, 맛있는 익힌 고기!	
/stats/effects/food/bonus/meat_raw_bonus.statuseffect	label	Mmmmm, tasty raw meat!	으음, 맛있는 날고기!	
/stats/effects/food/bonus/plant_bonus.statuseffect	label	Delicious plant matter!	맛있는 식물 재료!	
/stats/effects/food/bonus/robot_bonus.statuseffect	label	Ahhh, this fuels your power cells.	아아, 이게 네 동력 전지를 채운다.	
/stats/effects/food/bonus/rock_rad_bonus.statuseffect	label	Nice and healthy gamma radiation!	좋고 건강한 감마 방사선!	
/stats/effects/food/bonus/sugar_bonus.statuseffect	label	Sugar rush!	당 충전!	
/stats/effects/food/penalty/dairy_penalty.statuseffect	label	Was that milk rotten? Nah, it was your digestive tract. Avoid lactose. You're intolerant.	우유가 상했나? 아냐, 네 소화관이야. 유제품 피해. 넌 유당불내증이잖아.	
/stats/effects/food/penalty/egg_penalty.statuseffect	label	Just as inedible as actual gold, for you. Enjoy pooping liquid!	너한테는 진짜 금이나 마찬가지로 먹을 수 없는 것. 액체 똥이나 싸 봐!	
/stats/effects/food/penalty/fish_penalty.statuseffect	label	Too fishy for you.	너한테 너무 비리다.	
/stats/effects/food/penalty/meat_cooked_penalty.statuseffect	label	Eugh, who'd want to cook this, anyway? ...You don't feel too good.	으윽, 누가 이걸 익히겠어? ...기분이 안 좋다.	
/stats/effects/food/penalty/meat_plant_penalty.statuseffect	label	What was that? Nothing you can eat, that's for sure.	방금 그게 뭐였지? 먹을 수 있는 건 확실히 아니야.	
/stats/effects/food/penalty/meat_raw_penalty.statuseffect	label	Eww, yuck, raw meat... you can't eat that!	윽, 역겨워, 날고기... 먹을 수 없잖아!	
/stats/effects/food/penalty/plant_penalty.statuseffect	label	Hey, wait, you can't eat this planty stuff, can you?	이봐, 잠깐, 이 식물 재료를 먹을 수 있는 거 맞아?	
/stats/effects/food/penalty/robot_penalty.statuseffect	label	Uh, was that food? You don't think that was food.	어, 방금 게 음식이었어? 음식 같진 않은데.	
/stats/effects/food/penalty/rock_rad_penalty.statuseffect	label	Congrats, you're dying of internal radiation poisoning. Don't eat fissionable material, genius.	축하해, 내부 방사능 중독으로 죽어가고 있어. 핵분열 물질은 먹지 마, 천재야.	
