id	keyHint	assetPath	jsonPointer	englishText
0	florandescription	/items/materials/atprk_4dblock.matitem	/florandescription	Unnatural blocksss.
1	florandescription	/items/materials/atprk_amberblock.matitem	/florandescription	Sssolid tree juice.
2	novakiddescription	/items/materials/atprk_amberblock.matitem	/novakiddescription	Just look at all this amber!
3	florandescription	/items/materials/atprk_ashrock.matitem	/florandescription	Dusssty ssstoness.
4	glitchdescription	/items/materials/atprk_ashrock.matitem	/glitchdescription	Neutral. Rough ashy stone.
5	novakiddescription	/items/materials/atprk_ashrock.matitem	/novakiddescription	Dusty rocks.
6	florandescription	/items/materials/atprk_chthonianrock.matitem	/florandescription	Hard rocksss.
7	novakiddescription	/items/materials/atprk_chthonianrock.matitem	/novakiddescription	Hard metallic rock.
8	florandescription	/items/materials/atprk_deadtentacleblock.matitem	/floranDescription	Gross ssstinky tentacles.
9	glitchdescription	/items/materials/atprk_deadtentacleblock.matitem	/glitchDescription	Disgusted. A decaying mass of severed tentacles.
10	florandescription	/items/materials/atprk_energyshieldblock.matitem	/florandescription	Huge piece of ssstrong force field.
11	glitchdescription	/items/materials/atprk_energyshieldblock.matitem	/glitchdescription	Impressed. Quite a powerful force field.
12	florandescription	/items/materials/atprk_frozenfishwater.matitem	/florandescription	Frozen sssoup.
13	glitchdescription	/items/materials/atprk_frozenfishwater.matitem	/glitchdescription	Observant. This ice contains frozen fishes.
14	novakiddescription	/items/materials/atprk_frozenfishwater.matitem	/novakiddescription	Will I get some fish soup if I melt this?
15	florandescription	/items/materials/atprk_gildedmetal.matitem	/florandescription	Shiny golden blocksss.
16	glitchdescription	/items/materials/atprk_gildedmetal.matitem	/glitchdescription	Neutral. These blocks contain gold and exotic metals.
17	novakiddescription	/items/materials/atprk_gildedmetal.matitem	/novakiddescription	Blocks o' gold mixed with... somethin'. I don't know.
18	florandescription	/items/materials/atprk_krakothmetal.matitem	/florandescription	Greenish metal blockss.
19	glitchdescription	/items/materials/atprk_krakothmetal.matitem	/glitchdescription	Neutral. Blocks made from some alien metals.
20	novakiddescription	/items/materials/atprk_krakothmetal.matitem	/novakiddescription	I know no metals like this.
21	florandescription	/items/materials/atprk_krakothplatform.matitem	/florandescription	Old platform.
22	novakiddescription	/items/materials/atprk_krakothplatform.matitem	/novakiddescription	Some ol' platform.
23	florandescription	/items/materials/atprk_radiotrophicpillar.matitem	/florandescription	Green wood beam.
24	apexdescription	/items/materials/atprk_radiotrophictimber.matitem	/apexdescription	Green radiotrophic material.
25	aviandescription	/items/materials/atprk_radiotrophictimber.matitem	/aviandescription	Radiotrophic planks.
26	florandescription	/items/materials/atprk_radiotrophictimber.matitem	/florandescription	Sssstrong wood plankss.
27	glitchdescription	/items/materials/atprk_radiotrophictimber.matitem	/glitchdescription	Neutral. Green wooden planks.
28	humandescription	/items/materials/atprk_radiotrophictimber.matitem	/humandescription	Radiotrophic wood planks.
29	novakiddescription	/items/materials/atprk_radiotrophictimber.matitem	/novakiddescription	Green wooden planks.
30	florandescription	/items/materials/atprk_radiotrophicwood.matitem	/florandescription	Sssstrong green wood.
31	florandescription	/items/materials/atprk_ruineyepiles.matitem	/floranDescription	Evil sssnake eyess!
32	glitchdescription	/items/materials/atprk_ruineyepiles.matitem	/glitchDescription	Worried. I feel like I'm being watched.
33	novakiddescription	/items/materials/atprk_ruineyepiles.matitem	/novakidDescription	Hey, if you keep starin' at me like this, y'all go blind!
34	florandescription	/items/materials/atprk_ruinice.matitem	/florandescription	Sssmelly ice.
35	glitchdescription	/items/materials/atprk_ruinice.matitem	/glitchdescription	Disgusted. Solid ice with traces of organic matter.
36	florandescription	/items/materials/atprk_ruinmeteoriterock.matitem	/florandescription	Tentacled thingsss have space rock shellsss.
37	glitchdescription	/items/materials/atprk_ruinmeteoriterock.matitem	/glitchdescription	Cautious. These meteorite rocks are inhabited.
38	novakiddescription	/items/materials/atprk_ruinmeteoriterock.matitem	/novakiddescription	Space rocks with spooky eyes.
39	florandescription	/items/materials/atprk_slopedgildedpanel.matitem	/florandescription	Ancient golden blocksss.
40	glitchdescription	/items/materials/atprk_slopedgildedpanel.matitem	/glitchdescription	Observant. I can see my own reflection.
41	novakiddescription	/items/materials/atprk_slopedgildedpanel.matitem	/novakiddescription	Look at that, these panels contain pure gold!
42	florandescription	/items/materials/atprk_slopedkrakothpanel.matitem	/florandescription	Old ssspace metal.
43	glitchdescription	/items/materials/atprk_slopedkrakothpanel.matitem	/glitchdescription	Puzzled. I do not recognize this material.
44	novakiddescription	/items/materials/atprk_slopedkrakothpanel.matitem	/novakiddescription	Some thick metal platin' that consists of unknown metals.
45	florandescription	/items/materials/atprk_slopedkrakothscrap.matitem	/florandescription	Packed junk metalsss.
46	glitchdescription	/items/materials/atprk_slopedkrakothscrap.matitem	/glitchdescription	Neutral. Some sort of an ancient scrap material.
47	novakiddescription	/items/materials/atprk_slopedkrakothscrap.matitem	/novakiddescription	Compressed scraps o' some old machinery.
48	florandescription	/items/materials/atprk_spongeblock.matitem	/florandescription	Sssea ssponge.
49	glitchdescription	/items/materials/atprk_spongeblock.matitem	/glitchdescription	Curious. This block is in fact a sponge colony.
50	novakiddescription	/items/materials/atprk_spongeblock.matitem	/novakiddescription	Nice, but can I wash dishes with that?
51	florandescription	/items/materials/atprk_tinyancienthomeblock.matitem	/floranDescription	Tiny houssses.
52	glitchdescription	/items/materials/atprk_tinyancienthomeblock.matitem	/glitchDescription	Amused. A ludicrously tiny room.
53	novakiddescription	/items/materials/atprk_tinyancienthomeblock.matitem	/novakidDescription	Housin' for insects.
54	anneliskdescription	/objects/atprk_amber/atprk_amberbed/atprk_amberbed.object	/anneliskDescription	What a morbid way to take a nap.
55	apexdescription	/objects/atprk_amber/atprk_amberbed/atprk_amberbed.object	/apexDescription	I am positively sure this does not look safe to stay in.
56	aviandescription	/objects/atprk_amber/atprk_amberbed/atprk_amberbed.object	/avianDescription	Do I really have to get in? I mean, there are better beds.
57	fenrondescription	/objects/atprk_amber/atprk_amberbed/atprk_amberbed.object	/fenronDescription	If my fur gets glued to amber again, I'll scream.
58	florandescription	/objects/atprk_amber/atprk_amberbed/atprk_amberbed.object	/floranDescription	He he, Floran can be fossil too!
59	glitchdescription	/objects/atprk_amber/atprk_amberbed/atprk_amberbed.object	/glitchDescription	Distrustful. What a questionable resting spot.
60	humandescription	/objects/atprk_amber/atprk_amberbed/atprk_amberbed.object	/humanDescription	Will I stay young forever if I sleep in it daily?
61	hylotldescription	/objects/atprk_amber/atprk_amberbed/atprk_amberbed.object	/hylotlDescription	I appreciate the humor here but I would rather sleep in a normal bed.
62	noolithdescription	/objects/atprk_amber/atprk_amberbed/atprk_amberbed.object	/noolithDescription	We Nooliths are not bothered by sticky tree resin, so it's safe for us to sleep in such globs of amber.
63	novakiddescription	/objects/atprk_amber/atprk_amberbed/atprk_amberbed.object	/novakidDescription	No worries, amber can't do much to a star like me.
64	anneliskdescription	/objects/atprk_amber/atprk_amberchair/atprk_amberchair.object	/anneliskDescription	I don't want to sit on this gross thing, get me a normal chair!
65	apexdescription	/objects/atprk_amber/atprk_amberchair/atprk_amberchair.object	/apexDescription	No thanks, I would like to keep my fur intact.
66	aviandescription	/objects/atprk_amber/atprk_amberchair/atprk_amberchair.object	/avianDescription	Oh my poor feathers... There is no way they will not get stuck to this horrible chair.
67	fenrondescription	/objects/atprk_amber/atprk_amberchair/atprk_amberchair.object	/fenronDescription	Ugh. I'd rather not sit on this chair.
68	florandescription	/objects/atprk_amber/atprk_amberchair/atprk_amberchair.object	/floranDescription	Too risssky, Floran may get sstuck in sssticky chair.
69	humandescription	/objects/atprk_amber/atprk_amberchair/atprk_amberchair.object	/humanDescription	Ew, a sticky chair. Why does it have to be this way?
70	hylotldescription	/objects/atprk_amber/atprk_amberchair/atprk_amberchair.object	/hylotlDescription	As much as I like the texture of this chair, I do not trust it.
71	novakiddescription	/objects/atprk_amber/atprk_amberchair/atprk_amberchair.object	/novakidDescription	Heck, that amber ain't fully fossilized. I may get glued t' this chair.
72	anneliskdescription	/objects/atprk_amber/atprk_amberchest/atprk_amberchest.object	/anneliskDescription	This chest freaks me out, I swear!
73	fenrondescription	/objects/atprk_amber/atprk_amberchest/atprk_amberchest.object	/fenronDescription	Something is hidden inside this glob of amber, I can tell.
74	florandescription	/objects/atprk_amber/atprk_amberchest/atprk_amberchest.object	/floranDescription	Ssslightly sssticky amber box.
75	glitchdescription	/objects/atprk_amber/atprk_amberchest/atprk_amberchest.object	/glitchDescription	Puzzled. It appears that someone tried to extract something from this blob of amber.
76	humandescription	/objects/atprk_amber/atprk_amberchest/atprk_amberchest.object	/humanDescription	Aw, I expected to find an insect inside, not some random junk.
77	hylotldescription	/objects/atprk_amber/atprk_amberchest/atprk_amberchest.object	/hylotlDescription	What a strange amber formation. As if its core had suddenly disappeared into nothingness.
78	novakiddescription	/objects/atprk_amber/atprk_amberchest/atprk_amberchest.object	/novakidDescription	Guess someone extracted an ancient bug from this blob o' amber and then filled it with other stuff.
79	anneliskdescription	/objects/atprk_amber/atprk_amberdoorprop/atprk_amberdoorpropdouble.object	/anneliskDescription	Oh man, you can fit two full-grown Annelisks in these!
80	apexdescription	/objects/atprk_amber/atprk_amberdoorprop/atprk_amberdoorpropdouble.object	/apexDescription	Two refined amber stones. There are many fossilized insects inside.
81	aviandescription	/objects/atprk_amber/atprk_amberdoorprop/atprk_amberdoorpropdouble.object	/avianDescription	These would look amazing in a temple, even though it's just two doors.
82	fenrondescription	/objects/atprk_amber/atprk_amberdoorprop/atprk_amberdoorpropdouble.object	/fenronDescription	I bet these amber stones could be used as shields as well.
83	florandescription	/objects/atprk_amber/atprk_amberdoorprop/atprk_amberdoorpropdouble.object	/floranDescription	Sssstupid bugss, get out of my doors!
84	glitchdescription	/objects/atprk_amber/atprk_amberdoorprop/atprk_amberdoorpropdouble.object	/glitchDescription	Observant. There are at least 11 different insect species preserved in these amber doors.
85	humandescription	/objects/atprk_amber/atprk_amberdoorprop/atprk_amberdoorpropdouble.object	/humanDescription	Huge chunks of amber you can block a passage with.
86	hylotldescription	/objects/atprk_amber/atprk_amberdoorprop/atprk_amberdoorpropdouble.object	/hylotlDescription	These are just two smooth amber blocks that happen to fit a door frame perfectly.
87	noolithdescription	/objects/atprk_amber/atprk_amberdoorprop/atprk_amberdoorpropdouble.object	/noolithDescription	I already appreciate these chunks of amber. So many ancient arthropods to observe.
88	novakiddescription	/objects/atprk_amber/atprk_amberdoorprop/atprk_amberdoorpropdouble.object	/novakidDescription	These doors're sure to keep the bugs out at night.
89	anneliskdescription	/objects/atprk_amber/atprk_amberlight/atprk_amberlight.object	/anneliskDescription	Yellow is a nice color, don't get me wrong, but I'd rather keep this lamp off.
90	fenrondescription	/objects/atprk_amber/atprk_amberlight/atprk_amberlight.object	/fenronDescription	It feels as if a tiny sun was trapped in this chunk of amber.
91	florandescription	/objects/atprk_amber/atprk_amberlight/atprk_amberlight.object	/floranDescription	Tree juice glowsss... ssseemingly...
92	glitchdescription	/objects/atprk_amber/atprk_amberlight/atprk_amberlight.object	/glitchDescription	Cheerful. What a pleasant warm light.
93	humandescription	/objects/atprk_amber/atprk_amberlight/atprk_amberlight.object	/humanDescription	Unless there are fireflies on the inside, I have no idea how it glows.
94	hylotldescription	/objects/atprk_amber/atprk_amberlight/atprk_amberlight.object	/hylotlDescription	This piece of amber shines with a warm, soothing glow. Somehow.
95	noolithdescription	/objects/atprk_amber/atprk_amberlight/atprk_amberlight.object	/noolithDescription	Quite an unusual lantern made of pure amber.
96	anneliskdescription	/objects/atprk_amber/atprk_ambertable/atprk_ambertable.object	/anneliskDescription	This table only spoils my appetite, with all these bugs and amber.
97	apexdescription	/objects/atprk_amber/atprk_ambertable/atprk_ambertable.object	/apexDescription	I think Miniknog researchers would be interested in this sample. It has many prehistoric bugs.
98	aviandescription	/objects/atprk_amber/atprk_ambertable/atprk_ambertable.object	/avianDescription	Ugh, seeing all these bugs right under your hands is actually pretty gross.
99	fenrondescription	/objects/atprk_amber/atprk_ambertable/atprk_ambertable.object	/fenronDescription	Should a gunfight break out, I can hide behind this rocky amber table.
100	florandescription	/objects/atprk_amber/atprk_ambertable/atprk_ambertable.object	/floranDescription	Eh, Floran can cut meatss on hard tree juice blob too.
101	glitchdescription	/objects/atprk_amber/atprk_ambertable/atprk_ambertable.object	/glitchDescription	Irked. I cannot tell if there are insects on the table or inside of it.
102	humandescription	/objects/atprk_amber/atprk_ambertable/atprk_ambertable.object	/humanDescription	I can't enjoy my breakfast when there're many bugs staring at me from a piece of amber.
103	hylotldescription	/objects/atprk_amber/atprk_ambertable/atprk_ambertable.object	/hylotlDescription	It is a pity this amber sample is not in a museum.
104	noolithdescription	/objects/atprk_amber/atprk_ambertable/atprk_ambertable.object	/noolithDescription	I cannot help staring at all these ancient insects inside the table.
105	novakiddescription	/objects/atprk_amber/atprk_ambertable/atprk_ambertable.object	/novakidDescription	I swear there're bugs on the outside too!
106	anneliskdescription	/objects/atprk_ancient/atprk_ancientchair/atprk_ancientchair.object	/anneliskDescription	Hm, I could make a quick buck on selling ancient furniture, couldn't I?
107	apexdescription	/objects/atprk_ancient/atprk_ancientchair/atprk_ancientchair.object	/apexDescription	I'm sure the Miniknog wouldn't allow me to keep this chair.
108	aviandescription	/objects/atprk_ancient/atprk_ancientchair/atprk_ancientchair.object	/avianDescription	It doesn't look very comfortable compared to modern chairs.
109	florandescription	/objects/atprk_ancient/atprk_ancientchair/atprk_ancientchair.object	/floranDescription	Floran made thiss chair out of old blocksss.
110	glitchdescription	/objects/atprk_ancient/atprk_ancientchair/atprk_ancientchair.object	/glitchDescription	Hopeful. Another ancient relic sucessfully recreated.
111	humandescription	/objects/atprk_ancient/atprk_ancientchair/atprk_ancientchair.object	/humanDescription	It's more pleasant to look at this chair than to sit on it.
112	hylotldescription	/objects/atprk_ancient/atprk_ancientchair/atprk_ancientchair.object	/hylotlDescription	An ancient-looking chair, except it's not ancient at all. Ironic.
113	noolithdescription	/objects/atprk_ancient/atprk_ancientchair/atprk_ancientchair.object	/noolithDescription	An angular chair of an Ancient design.
114	novakiddescription	/objects/atprk_ancient/atprk_ancientchair/atprk_ancientchair.object	/novakidDescription	The chair's too hard to sit on. I'd rather stand.
115	anneliskdescription	/objects/atprk_ancient/atprk_ancientdesklamp/atprk_ancientdesklamp.object	/anneliskDescription	I just hope this ancient light won't cause something nasty like skin cancer.
116	apexdescription	/objects/atprk_ancient/atprk_ancientdesklamp/atprk_ancientdesklamp.object	/apexDescription	This is one of the simplest ancient technologies we can reverse-engineer.
117	aviandescription	/objects/atprk_ancient/atprk_ancientdesklamp/atprk_ancientdesklamp.object	/avianDescription	This lantern's light makes me feel a gentle coldness.
118	fenrondescription	/objects/atprk_ancient/atprk_ancientdesklamp/atprk_ancientdesklamp.object	/fenronDescription	While cold, this blue light is not at all alarming. It feels so peaceful...
119	florandescription	/objects/atprk_ancient/atprk_ancientdesklamp/atprk_ancientdesklamp.object	/floranDescription	Cold looking lamp. It hasss no fire.
120	glitchdescription	/objects/atprk_ancient/atprk_ancientdesklamp/atprk_ancientdesklamp.object	/glitchDescription	Relaxed. Blue lights are very calming.
121	humandescription	/objects/atprk_ancient/atprk_ancientdesklamp/atprk_ancientdesklamp.object	/humanDescription	This lantern looks as if it was older than Earth.
122	hylotldescription	/objects/atprk_ancient/atprk_ancientdesklamp/atprk_ancientdesklamp.object	/hylotlDescription	This lantern's blue light reminds me of the ocean. I feel a deep calm.
123	noolithdescription	/objects/atprk_ancient/atprk_ancientdesklamp/atprk_ancientdesklamp.object	/noolithDescription	It may be crude but I tried my best to recreate this lantern the way it was meant to be.
124	novakiddescription	/objects/atprk_ancient/atprk_ancientdesklamp/atprk_ancientdesklamp.object	/novakidDescription	I made a bunch o' ancient doodads into a lantern. Great.
125	anneliskdescription	/objects/atprk_ancient/atprk_ancientdoor/atprk_ancientdoor.object	/anneliskDescription	If anybody asks, this door is millenia old and totally not made on a workbench.
126	noolithdescription	/objects/atprk_ancient/atprk_ancientdoor/atprk_ancientdoor.object	/noolithDescription	Don't mind the hieroglyphs please. I had to improvise here.
127	anneliskdescription	/objects/atprk_ancient/atprk_ancientdoorprop/atprk_ancientdoorprop.object	/anneliskDescription	If anybody asks, this door is millenia old and totally not bought in a store.
128	noolithdescription	/objects/atprk_ancient/atprk_ancientdoorprop/atprk_ancientdoorprop.object	/noolithDescription	This is nothing but a cheap copy.
129	anneliskdescription	/objects/atprk_ancient/atprk_ancientdoorprop/atprk_ancientdoorpropdouble.object	/anneliskDescription	If anybody asks, these doors are millenia old and totally not bought in a store.
130	apexdescription	/objects/atprk_ancient/atprk_ancientdoorprop/atprk_ancientdoorpropdouble.object	/apexDescription	Double doors that look older than our entire civilization.
131	aviandescription	/objects/atprk_ancient/atprk_ancientdoorprop/atprk_ancientdoorpropdouble.object	/avianDescription	Finally, ancient doors that don't open into bizarre pocket dimensions!
132	fenrondescription	/objects/atprk_ancient/atprk_ancientdoorprop/atprk_ancientdoorpropdouble.object	/fenronDescription	With these heavy ancient doors, no one will barge in so easily.
133	florandescription	/objects/atprk_ancient/atprk_ancientdoorprop/atprk_ancientdoorpropdouble.object	/floranDescription	Floran not like old doors. Old doorss are too heavy.
134	glitchdescription	/objects/atprk_ancient/atprk_ancientdoorprop/atprk_ancientdoorpropdouble.object	/glitchDescription	Neutral. Doors manufactured from an extremely old material.
135	noolithdescription	/objects/atprk_ancient/atprk_ancientdoorprop/atprk_ancientdoorpropdouble.object	/noolithDescription	These are nothing but a cheap copy.
136	novakiddescription	/objects/atprk_ancient/atprk_ancientdoorprop/atprk_ancientdoorpropdouble.object	/novakidDescription	Double doors that look older than they really are.
137	anneliskdescription	/objects/atprk_ancient/atprk_ancientguardbeacon/atprk_ancientguardbeacon.object	/anneliskDescription	Thanks to this huge thingamajig, I can obtain my own bodyguard for free!
138	apexdescription	/objects/atprk_ancient/atprk_ancientguardbeacon/atprk_ancientguardbeacon.object	/apexDescription	With this beacon, I can summon an ancient guardian.
139	aviandescription	/objects/atprk_ancient/atprk_ancientguardbeacon/atprk_ancientguardbeacon.object	/avianDescription	This beacon summons an ancient being that will serve its new master.
140	fenrondescription	/objects/atprk_ancient/atprk_ancientguardbeacon/atprk_ancientguardbeacon.object	/fenronDescription	With this heavy beacon, I can summon a skillful warrior who will aid me in combat.
141	florandescription	/objects/atprk_ancient/atprk_ancientguardbeacon/atprk_ancientguardbeacon.object	/floranDescription	Floran can call a ssstrong warrior with thisss beacon.
142	glitchdescription	/objects/atprk_ancient/atprk_ancientguardbeacon/atprk_ancientguardbeacon.object	/glitchDescription	Determined. This beacon will allow me to bend an ancient sentinel to my will.
143	humandescription	/objects/atprk_ancient/atprk_ancientguardbeacon/atprk_ancientguardbeacon.object	/humanDescription	This ancient beacon will summon a powerful ally if I align it correctly.
144	hylotldescription	/objects/atprk_ancient/atprk_ancientguardbeacon/atprk_ancientguardbeacon.object	/hylotlDescription	I can use the power of the Ancients to summon a mighty guardian.
145	noolithdescription	/objects/atprk_ancient/atprk_ancientguardbeacon/atprk_ancientguardbeacon.object	/noolithDescription	I can summon a remnant of the Ancient forces if I align this beacon correctly.
146	novakiddescription	/objects/atprk_ancient/atprk_ancientguardbeacon/atprk_ancientguardbeacon.object	/novakidDescription	That glowy beacon'll call a strong warrior from the past if I place it just right.
147	apexdescription	/objects/atprk_ancient/atprk_ancienthololore/atprk_ancienthololore1.object	/apexDescription	An enormous creature attacking people across the universe.
148	aviandescription	/objects/atprk_ancient/atprk_ancienthololore/atprk_ancienthololore1.object	/avianDescription	This mighty being must have claimed countless lives in its wake.
149	florandescription	/objects/atprk_ancient/atprk_ancienthololore/atprk_ancienthololore1.object	/floranDescription	Monster feasssts on unlucky prey. Only the ssstrongest will ssurvive!
150	glitchdescription	/objects/atprk_ancient/atprk_ancienthololore/atprk_ancienthololore1.object	/glitchDescription	Uneasy. One of the smaller figures looks familiar. I don't like the implications...
151	humandescription	/objects/atprk_ancient/atprk_ancienthololore/atprk_ancienthololore1.object	/humanDescription	I see, getting up close to this creature was a terrible idea.
152	hylotldescription	/objects/atprk_ancient/atprk_ancienthololore/atprk_ancienthololore1.object	/hylotlDescription	This haunting scene depicts the many victims of a voracious beast.
153	novakiddescription	/objects/atprk_ancient/atprk_ancienthololore/atprk_ancienthololore1.object	/novakidDescription	I can only make out one of these lil' guys. What's with the other three?
154	anneliskdescription	/objects/atprk_ancient/atprk_ancientlightdoor/atprk_ancientlightdoor.object	/anneliskDescription	If it weren't for this awful glow, it'd be a very efficient way to keep strangers out.
155	apexdescription	/objects/atprk_ancient/atprk_ancientlightdoor/atprk_ancientlightdoor.object	/apexDescription	Just your average holographic door.
156	aviandescription	/objects/atprk_ancient/atprk_ancientlightdoor/atprk_ancientlightdoor.object	/avianDescription	I don't think this door will keep anyone out.
157	fenrondescription	/objects/atprk_ancient/atprk_ancientlightdoor/atprk_ancientlightdoor.object	/fenronDescription	How does this barrier work? I mean, something has to power it, right?
158	glitchdescription	/objects/atprk_ancient/atprk_ancientlightdoor/atprk_ancientlightdoor.object	/glitchDescription	Puzzled. I don't see any force field generator that would explain this barrier.
159	humandescription	/objects/atprk_ancient/atprk_ancientlightdoor/atprk_ancientlightdoor.object	/humanDescription	This door is made of some sort of force field technology.
160	fenrondescription	/objects/atprk_ancient/atprk_ancientlightplatformalt/atprk_ancientlightplatformalt.object	/fenronDescription	How does this platform work? I mean, something has to power it, right?
161	glitchdescription	/objects/atprk_ancient/atprk_ancientstatueprop/atprk_ancientcultivatorprop.object	/glitchDescription	Impressed. It's remarkable how long this statue can endure harsh climates.
162	novakiddescription	/objects/atprk_ancient/atprk_ancientstatueprop/atprk_ancientcultivatorprop.object	/novakidDescription	This statue here makes me feel... oddly nostalgic...
163	glitchdescription	/objects/atprk_ancient/atprk_ancientstatueprop/atprk_ancientstatueprop.object	/glitchDescription	Wary. What does this person hide under the hood?
164	anneliskdescription	/objects/atprk_ancient/atprk_ancienttable/atprk_ancienttable.object	/anneliskDescription	Here, I recycled ancient junk into useful stuff. Am I not a genius?
165	apexdescription	/objects/atprk_ancient/atprk_ancienttable/atprk_ancienttable.object	/apexDescription	This table was built according to ancient instructions.
166	fenrondescription	/objects/atprk_ancient/atprk_ancienttable/atprk_ancienttable.object	/fenronDescription	There is no way anyone will believe me if I say this table is very ancient.
167	florandescription	/objects/atprk_ancient/atprk_ancienttable/atprk_ancienttable.object	/floranDescription	Old table isss not really old.
168	glitchdescription	/objects/atprk_ancient/atprk_ancienttable/atprk_ancienttable.object	/glitchDescription	Unamused. I feel like this table could look more ancient than that.
169	humandescription	/objects/atprk_ancient/atprk_ancienttable/atprk_ancienttable.object	/humanDescription	I wonder if the Ancients used to serve tables like these.
170	hylotldescription	/objects/atprk_ancient/atprk_ancienttable/atprk_ancienttable.object	/hylotlDescription	Even though this table is close to the original, you can still see subtle differences.
171	noolithdescription	/objects/atprk_ancient/atprk_ancienttable/atprk_ancienttable.object	/noolithDescription	I may have taken some liberties but it should look more or less authentic.
172	novakiddescription	/objects/atprk_ancient/atprk_ancienttable/atprk_ancienttable.object	/novakidDescription	This bad boy can fit so much spoiled food on it!
173	anneliskdescription	/objects/atprk_ancient/atprk_ancienttomb/atprk_ancienttomb.object	/anneliskDescription	Should I go ahead and desecrate an ancient tomb? Well, only if there's something valuable inside.
174	apexdescription	/objects/atprk_ancient/atprk_ancienttomb/atprk_ancienttomb.object	/apexDescription	It's surprising how this tomb lasted so long.
175	florandescription	/objects/atprk_ancient/atprk_ancienttomb/atprk_ancienttomb.object	/floranDescription	Needlesss sstone box for the dead.
176	glitchdescription	/objects/atprk_ancient/atprk_ancienttomb/atprk_ancienttomb.object	/glitchDescription	Neutral. Glitch don't find burying corpses very efficient.
177	humandescription	/objects/atprk_ancient/atprk_ancienttomb/atprk_ancienttomb.object	/humanDescription	An extremely old tomb. Who was buried here?
178	hylotldescription	/objects/atprk_ancient/atprk_ancienttomb/atprk_ancienttomb.object	/hylotlDescription	An unremarkable yet ancient tomb.
179	noolithdescription	/objects/atprk_ancient/atprk_ancienttomb/atprk_ancienttomb.object	/noolithDescription	Unlike the other races, the Nooliths have no need to bury their old vessels.
180	novakiddescription	/objects/atprk_ancient/atprk_ancienttomb/atprk_ancienttomb.object	/novakidDescription	I think at this point there's only dust inside.
181	atprk_anneliskdescription	/objects/atprk_ancient/atprk_ancienttraps/atprk_ancientcrystaltrapalt/atprk_ancientcrystaltrapalt.object	/atprk_anneliskDescription	What a great addition to my arsenal of deadly weaponry!
182	atprk_noolithdescription	/objects/atprk_ancient/atprk_ancienttraps/atprk_ancientcrystaltrapalt/atprk_ancientcrystaltrapalt.object	/atprk_noolithDescription	The crystal within this trap is not suitable for a new vessel. How unfortunate.
183	aviandescription	/objects/atprk_ancient/atprk_ancienttraps/atprk_ancientcrystaltrapalt/atprk_ancientcrystaltrapalt.object	/avianDescription	This light beam will definitely scare off any intruders.
184	florandescription	/objects/atprk_ancient/atprk_ancienttraps/atprk_ancientcrystaltrapalt/atprk_ancientcrystaltrapalt.object	/floranDescription	Crystal beam hurtsss Floran's enemiesss.
185	hylotldescription	/objects/atprk_ancient/atprk_ancienttraps/atprk_ancientcrystaltrapalt/atprk_ancientcrystaltrapalt.object	/hylotlDescription	I can turn the immense power of this light beam against my foes.
186	atprk_anneliskdescription	/objects/atprk_ancient/atprk_ancienttraps/atprk_ancientflametrapalt/atprk_ancientflametrapalt.object	/atprk_anneliskDescription	It's time to grill some alien monsters alive!
187	atprk_fenrondescription	/objects/atprk_ancient/atprk_ancienttraps/atprk_ancientflametrapalt/atprk_ancientflametrapalt.object	/atprk_fenronDescription	This flame trap may be useful for hunting, if you think about it.
188	glitchdescription	/objects/atprk_ancient/atprk_ancienttraps/atprk_ancientflametrapalt/atprk_ancientflametrapalt.object	/glitchDescription	Terrified. It's just a little flame trap, nothing to be afraid of.
189	atprk_anneliskdescription	/objects/atprk_ancient/atprk_ancienttraps/atprk_ancienticetrapalt/atprk_ancienticetrapalt.object	/atprk_anneliskDescription	Can I replace my old fridge with this thing?
190	atprk_fenrondescription	/objects/atprk_ancient/atprk_ancienttraps/atprk_ancienticetrapalt/atprk_ancienticetrapalt.object	/atprk_fenronDescription	What an odd ice trap.
191	atprk_noolithdescription	/objects/atprk_ancient/atprk_ancienttraps/atprk_ancienticetrapalt/atprk_ancienticetrapalt.object	/atprk_noolithDescription	An ancient ice trap that can freeze almost anything.
192	atprk_anneliskdescription	/objects/atprk_ancient/atprk_ancienttraps/atprk_ancientpoisontrap/atprk_ancientpoisontrap.object	/atprk_anneliskDescription	Something tells me I shouldn't breathe this gas.
193	aviandescription	/objects/atprk_ancient/atprk_ancienttraps/atprk_ancientpoisontrap/atprk_ancientpoisontrap.object	/avianDescription	This trap unleashes putrid gases.
194	florandescription	/objects/atprk_ancient/atprk_ancienttraps/atprk_ancientpoisontrap/atprk_ancientpoisontrap.object	/floranDescription	Ssstinky!
195	glitchdescription	/objects/atprk_ancient/atprk_ancienttraps/atprk_ancientpoisontrap/atprk_ancientpoisontrap.object	/glitchDescription	Careful. I should probably hold a breath.
196	fenrondescription	/objects/atprk_ancient/atprk_ancientvase/atprk_ancientvase.object	/fenronDescription	Just a tall ancient urn, not much to wiggle your tail about.
197	florandescription	/objects/atprk_ancient/atprk_ancientvase/atprk_ancientvase.object	/floranDescription	Big empty vase. Floran iss not amussed.
198	humandescription	/objects/atprk_ancient/atprk_ancientvase/atprk_ancientvase.object	/humanDescription	How did this vase stay intact for so long?
199	fenrondescription	/objects/atprk_ancient/atprk_ancientvase/atprk_ancientvasebroken.object	/fenronDescription	Just a shattered ancient urn.
200	florandescription	/objects/atprk_ancient/atprk_ancientvase/atprk_ancientvasebroken.object	/floranDescription	Ssssomebody or ssomething hit the vase ssome time ago.
201	humandescription	/objects/atprk_ancient/atprk_ancientvase/atprk_ancientvasebroken.object	/humanDescription	Apparently this vase was damaged long ago. There are still some shards inside.
202	anneliskdescription	/objects/atprk_ancient/atprk_ancientwireddoor/atprk_ancientwireddoor.object	/anneliskDescription	If I can't dismantle this door, then at least I can wire it to a switch, right?
203	apexdescription	/objects/atprk_ancient/atprk_ancientwireddoor/atprk_ancientwireddoor.object	/apexDescription	An indestructible door. The only way to open it is to connect it to a switch.
204	aviandescription	/objects/atprk_ancient/atprk_ancientwireddoor/atprk_ancientwireddoor.object	/avianDescription	Unless I connect this door to a switch, I won't be able to unseal it.
205	fenrondescription	/objects/atprk_ancient/atprk_ancientwireddoor/atprk_ancientwireddoor.object	/fenronDescription	What a tough door! Guess brute force alone won't help me unseal it.
206	florandescription	/objects/atprk_ancient/atprk_ancientwireddoor/atprk_ancientwireddoor.object	/floranDescription	Sssturdy door needss ssswitch. Floran mussst use wiring tool.
207	glitchdescription	/objects/atprk_ancient/atprk_ancientwireddoor/atprk_ancientwireddoor.object	/glitchDescription	Irked. A door too heavy to open. Maybe I could trigger it somehow.
208	humandescription	/objects/atprk_ancient/atprk_ancientwireddoor/atprk_ancientwireddoor.object	/humanDescription	I don't see any switch that'd open this door. What if I place my own?
209	hylotldescription	/objects/atprk_ancient/atprk_ancientwireddoor/atprk_ancientwireddoor.object	/hylotlDescription	The only way to advance is to put some kind of a lever near this door.
210	noolithdescription	/objects/atprk_ancient/atprk_ancientwireddoor/atprk_ancientwireddoor.object	/noolithDescription	My wiring tool seems to recognize this door. Could this be a hint?
211	novakiddescription	/objects/atprk_ancient/atprk_ancientwireddoor/atprk_ancientwireddoor.object	/novakidDescription	My matter manipulator won't break this door here. Gotta use the wirin' mode.
212	apexdescription	/objects/atprk_ancient/atprk_infinitemazedoor/atprk_infinitemazedoorshop.object	/apexDescription	This door looks different from the rest. I wonder what this implies.
213	aviandescription	/objects/atprk_ancient/atprk_infinitemazedoor/atprk_infinitemazedoorshop.object	/avianDescription	The symbols on this door are not the same as before. Hm.
214	florandescription	/objects/atprk_ancient/atprk_infinitemazedoor/atprk_infinitemazedoorshop.object	/floranDescription	Sssomething is wrong with thisss door.
215	glitchdescription	/objects/atprk_ancient/atprk_infinitemazedoor/atprk_infinitemazedoorshop.object	/glitchDescription	Attentive. The symbols on this door don't match the previously encountered signs.
216	humandescription	/objects/atprk_ancient/atprk_infinitemazedoor/atprk_infinitemazedoorshop.object	/humanDescription	Hold up, why is the sign suddently different? Does this door lead elsewhere?
217	hylotldescription	/objects/atprk_ancient/atprk_infinitemazedoor/atprk_infinitemazedoorshop.object	/hylotlDescription	Judging by the hieroglyphs on this door, it may be connected to some safer location.
218	novakiddescription	/objects/atprk_ancient/atprk_infinitemazedoor/atprk_infinitemazedoorshop.object	/novakidDescription	Wait, what's up with this one? The letters are different!
219	apexdescription	/objects/atprk_ancient/atprk_infinitemazegatekeeper/atprk_infinitemazegatekeeper.object	/apexDescription	An anonymous gatekeeper. Only the worthy can get past them.
220	atprk_anneliskdescription	/objects/atprk_ancient/atprk_infinitemazegatekeeper/atprk_infinitemazegatekeeper.object	/atprk_anneliskDescription	How much do I have to pay for a single key, again?
221	atprk_fenrondescription	/objects/atprk_ancient/atprk_infinitemazegatekeeper/atprk_infinitemazegatekeeper.object	/atprk_fenronDescription	There must be a way to get the keys from them, whether by force or not.
222	atprk_noolithdescription	/objects/atprk_ancient/atprk_infinitemazegatekeeper/atprk_infinitemazegatekeeper.object	/atprk_noolithDescription	If I bring them enough artifacts, I'll be able to skip the Ancient Vault and go straight to the Terraforge.
223	aviandescription	/objects/atprk_ancient/atprk_infinitemazegatekeeper/atprk_infinitemazegatekeeper.object	/avianDescription	If I manage to prove my worth, they'll probably give me a key to the Gate.
224	florandescription	/objects/atprk_ancient/atprk_infinitemazegatekeeper/atprk_infinitemazegatekeeper.object	/floranDescription	Ssstrange perssson decidess who goes through huge gatesss.
225	glitchdescription	/objects/atprk_ancient/atprk_infinitemazegatekeeper/atprk_infinitemazegatekeeper.object	/glitchDescription	Irked. There must be a way to convince them to let me in.
226	hylotldescription	/objects/atprk_ancient/atprk_infinitemazegatekeeper/atprk_infinitemazegatekeeper.object	/hylotlDescription	If I prove my good intentions, this hooded person may let me pass.
227	apexdescription	/objects/atprk_ancient/atprk_infinitemazemechplatform/atprk_infinitemazemechplatform.object	/apexDescription	It seems that this platform will summon a mech.
228	florandescription	/objects/atprk_ancient/atprk_infinitemazemechplatform/atprk_infinitemazemechplatform.object	/floranDescription	Ancient gate to sssummon my mech sssuit.
229	glitchdescription	/objects/atprk_ancient/atprk_infinitemazemechplatform/atprk_infinitemazemechplatform.object	/glitchDescription	Thoughtful. This teleporter bears an uncanny resemblance to modern mech summoning platforms. Coincidence?
230	humandescription	/objects/atprk_ancient/atprk_infinitemazemechplatform/atprk_infinitemazemechplatform.object	/humanDescription	Wait, if the Ancients had mech pads, does this imply that they used them just like we do?
231	hylotldescription	/objects/atprk_ancient/atprk_infinitemazemechplatform/atprk_infinitemazemechplatform.object	/hylotlDescription	Apparently the Ancients knew we would have access to mech suits.
232	novakiddescription	/objects/atprk_ancient/atprk_infinitemazemechplatform/atprk_infinitemazemechplatform.object	/novakidDescription	It's a pad made for teleportin' in mech armour. Except this one's very old.
233	anneliskdescription	/objects/atprk_ancient/atprk_smallancientchest/atprk_smallancientchest.object	/anneliskDescription	How come the Ancients too were into glowy strip lights?
234	fenrondescription	/objects/atprk_ancient/atprk_smallancientchest/atprk_smallancientchest.object	/fenronDescription	An unimaginably old chest standing firm against the ravages of time.
235	noolithdescription	/objects/atprk_ancient/atprk_smallancientchest/atprk_smallancientchest.object	/noolithDescription	An ancient chest marked by blue glowing strips.
236	apexdescription	/objects/atprk_ancient/atprk_terraformerframe/atprk_terraformerframe.object	/apexDescription	Transforms a planet's climate into... nothing. It does not work.
237	atprk_anneliskdescription	/objects/atprk_ancient/atprk_terraformerframe/atprk_terraformerframe.object	/atprk_anneliskDescription	Ooh boy, I can only imagine how many pixels I can get by selling this frame!
238	atprk_noolithdescription	/objects/atprk_ancient/atprk_terraformerframe/atprk_terraformerframe.object	/atprk_noolithDescription	Never thought I'd see an ancient terraformer this close. It will not work without a core, though.
239	florandescription	/objects/atprk_ancient/atprk_terraformerframe/atprk_terraformerframe.object	/floranDescription	Thisss will never do! Floran needsss to find other partss.
240	glitchdescription	/objects/atprk_ancient/atprk_terraformerframe/atprk_terraformerframe.object	/glitchDescription	Disappointed. Unless I find a way to rebuild this terraformer, it will remain useless.
241	humandescription	/objects/atprk_ancient/atprk_terraformerframe/atprk_terraformerframe.object	/humanDescription	An empty terraformer. It's unlikely it will activate at all like this.
242	novakiddescription	/objects/atprk_ancient/atprk_terraformerframe/atprk_terraformerframe.object	/novakidDescription	It's not much use without a terraformer core.
243	aviandescription	/objects/atprk_ancient/atprk_tinyancientlight/atprk_tinyancientlight.object	/avianDescription	There is a tiny purple star in this lamp.
244	florandescription	/objects/atprk_ancient/atprk_tinyancientlight/atprk_tinyancientlight.object	/floranDescription	Sssmall purple light on ssstick.
245	glitchdescription	/objects/atprk_ancient/atprk_tinyancientlight/atprk_tinyancientlight.object	/glitchDescription	Observant. A tiny glowing pillar.
246	humandescription	/objects/atprk_ancient/atprk_tinyancientlight/atprk_tinyancientlight.object	/humanDescription	An odd purple lamp. Or is it a tiny lamppost?
247	anneliskdescription	/objects/atprk_ancient/atprk_tinyancientpalace/atprk_tinyancientpalace.object	/anneliskDescription	So this is where the tiny guy lives huh. Hey, I'd like to buy some of these funny houses!
248	fenrondescription	/objects/atprk_ancient/atprk_tinyancientpalace/atprk_tinyancientpalace.object	/fenronDescription	The ruler of everything that's tiny resides in this castle. Perhaps I can prove my worth and learn his wisdom.
249	florandescription	/objects/atprk_ancient/atprk_tinyancientpalace/atprk_tinyancientpalace.object	/floranDescription	Sssmall cassstle. Floran can learn how to make tiny homesss if Floran asssks nicely.
250	glitchdescription	/objects/atprk_ancient/atprk_tinyancientpalace/atprk_tinyancientpalace.object	/glitchDescription	Respectful. The residence of the Emperor of Gnomekind. I wonder if I he is open to trade.
251	humandescription	/objects/atprk_ancient/atprk_tinyancientpalace/atprk_tinyancientpalace.object	/humanDescription	This is the place where I can finally learn how to make my own tiny towns!
252	novakiddescription	/objects/atprk_ancient/atprk_tinyancientpalace/atprk_tinyancientpalace.object	/novakidDescription	Here lives a tiny rich fella who's willin' t' trade. I wonder what he offers.
253	apexdescription	/objects/atprk_annelisk/atprk_anneliskchair/atprk_anneliskchair.object	/apexDescription	Sitting on this chair may be unhygienic.
254	glitchdescription	/objects/atprk_annelisk/atprk_anneliskchair/atprk_anneliskchair.object	/glitchDescription	Unimpressed. A rust-covered chair without a backrest.
255	humandescription	/objects/atprk_annelisk/atprk_anneliskchair/atprk_anneliskchair.object	/humanDescription	An uncomfortable seat covered in rust.
256	apexdescription	/objects/atprk_annelisk/atprk_anneliskchairclean/atprk_anneliskchairclean.object	/apexDescription	An office chair.
257	glitchdescription	/objects/atprk_annelisk/atprk_anneliskchairclean/atprk_anneliskchairclean.object	/glitchDescription	Unimpressed. A plain metal chair without a backrest.
258	humandescription	/objects/atprk_annelisk/atprk_anneliskchairclean/atprk_anneliskchairclean.object	/humanDescription	An uncomfortable metal seat. At least it has a cushion.
259	anneliskdescription	/objects/atprk_annelisk/atprk_anneliskchest/atprk_anneliskchest.object	/anneliskDescription	Looks like someone forgot to take this delivery package. Well, it can be mine now.
260	aviandescription	/objects/atprk_annelisk/atprk_anneliskchest/atprk_anneliskchest.object	/avianDescription	Somebody had to abandon their delivery package, it seems.
261	anneliskdescription	/objects/atprk_annelisk/atprk_anneliskchestclean/atprk_anneliskchestclean.object	/anneliskDescription	An average delivery package.
262	apexdescription	/objects/atprk_annelisk/atprk_anneliskcrystalcrate/atprk_anneliskcrystalcrate.object	/apexDescription	An unsealed crate of space minerals.
263	florandescription	/objects/atprk_annelisk/atprk_anneliskcrystalcrate/atprk_anneliskcrystalcrate.object	/floranDescription	Sssomeone wanted to take shiny rockss away.
264	glitchdescription	/objects/atprk_annelisk/atprk_anneliskcrystalcrate/atprk_anneliskcrystalcrate.object	/glitchDescription	Shifty. Maybe no one will notice if just one gem disappears...
265	humandescription	/objects/atprk_annelisk/atprk_anneliskcrystalcrate/atprk_anneliskcrystalcrate.object	/humanDescription	Looks like someone or something pushed this cargo crate over.
266	hylotldescription	/objects/atprk_annelisk/atprk_anneliskcrystalcrate/atprk_anneliskcrystalcrate.object	/hylotlDescription	The layer of dust suggests that these crystals were left untouched for a while.
267	anneliskdescription	/objects/atprk_annelisk/atprk_annelisklogo/atprk_annelisklogo.object	/anneliskDescription	I think I've heard something about this ancient company. It's called the Ouroboros Industrial Cartel or something.
268	aviandescription	/objects/atprk_annelisk/atprk_annelisklogo/atprk_annelisklogo.object	/avianDescription	Judging by the logo design, there used to be a company that... kept doing something forever, I guess?...
269	fenrondescription	/objects/atprk_annelisk/atprk_annelisklogo/atprk_annelisklogo.object	/fenronDescription	What's this? A snake eating its own tail? It's either too hungry or stupid. Maybe even both.
270	florandescription	/objects/atprk_annelisk/atprk_annelisklogo/atprk_annelisklogo.object	/floranDescription	Ssstupid sssnake eating itssself!
271	glitchdescription	/objects/atprk_annelisk/atprk_annelisklogo/atprk_annelisklogo.object	/glitchDescription	Informed. A snake eating its own tail is often associated with endless cycles. But what does it mean in this case?
272	humandescription	/objects/atprk_annelisk/atprk_annelisklogo/atprk_annelisklogo.object	/humanDescription	It seems that some ancient corporation chose a snake eating its tail as their logo.
273	novakiddescription	/objects/atprk_annelisk/atprk_annelisklogo/atprk_annelisklogo.object	/novakidDescription	It must've been some ol' company, I'm feelin' it.
274	apexdescription	/objects/atprk_annelisk/atprk_anneliskminesign/atprk_anneliskminesign1.object	/apexDescription	Hostile silicon-based life forms ahead.
275	aviandescription	/objects/atprk_annelisk/atprk_anneliskminesign/atprk_anneliskminesign1.object	/avianDescription	This sign indicates dangerous creatures ahead.
276	florandescription	/objects/atprk_annelisk/atprk_anneliskminesign/atprk_anneliskminesign1.object	/floranDescription	Asteroid monssters nearby.
277	glitchdescription	/objects/atprk_annelisk/atprk_anneliskminesign/atprk_anneliskminesign1.object	/glitchDescription	Cautious. I should look out for hostile creatures.
278	humandescription	/objects/atprk_annelisk/atprk_anneliskminesign/atprk_anneliskminesign1.object	/humanDescription	This place is crawling with all sorts of space fauna.
279	novakiddescription	/objects/atprk_annelisk/atprk_anneliskminesign/atprk_anneliskminesign1.object	/novakidDescription	This here sign warns me of wild beasts lurkin' around.
280	apexdescription	/objects/atprk_annelisk/atprk_anneliskminesign/atprk_anneliskminesign2.object	/apexDescription	This area is subject to frequent meteor showers.
281	aviandescription	/objects/atprk_annelisk/atprk_anneliskminesign/atprk_anneliskminesign2.object	/avianDescription	This sign indicates common meteor strikes.
282	florandescription	/objects/atprk_annelisk/atprk_anneliskminesign/atprk_anneliskminesign2.object	/floranDescription	Space rockss fall from the sssky.
283	glitchdescription	/objects/atprk_annelisk/atprk_anneliskminesign/atprk_anneliskminesign2.object	/glitchDescription	Informed. Sometimes this place gets bombarded by meteors.
284	humandescription	/objects/atprk_annelisk/atprk_anneliskminesign/atprk_anneliskminesign2.object	/humanDescription	Something tells me I shouldn't waste too much time here.
285	hylotldescription	/objects/atprk_annelisk/atprk_anneliskminesign/atprk_anneliskminesign2.object	/hylotlDescription	Meteor strikes are alarmingly common in this area.
286	novakiddescription	/objects/atprk_annelisk/atprk_anneliskminesign/atprk_anneliskminesign2.object	/novakidDescription	I oughtta move on before a meteor shower starts.
287	aviandescription	/objects/atprk_annelisk/atprk_anneliskminesign/atprk_anneliskminesign3.object	/avianDescription	I must be approaching a large crystal deposit.
288	florandescription	/objects/atprk_annelisk/atprk_anneliskminesign/atprk_anneliskminesign3.object	/floranDescription	Here Floran can mine ssome shiny rocksss.
289	glitchdescription	/objects/atprk_annelisk/atprk_anneliskminesign/atprk_anneliskminesign3.object	/glitchDescription	Interested. This sign describes the properties of some precious crystals.
290	humandescription	/objects/atprk_annelisk/atprk_anneliskminesign/atprk_anneliskminesign3.object	/humanDescription	The text is faded but I can tell it describes valuable minerals.
291	hylotldescription	/objects/atprk_annelisk/atprk_anneliskminesign/atprk_anneliskminesign3.object	/hylotlDescription	This sign indicates an area rich in minerals.
292	novakiddescription	/objects/atprk_annelisk/atprk_anneliskminesign/atprk_anneliskminesign3.object	/novakidDescription	There must be a crystal mine nearby.
293	aviandescription	/objects/atprk_annelisk/atprk_anneliskminingdrill/atprk_anneliskminingdrill.object	/avianDescription	Judging by the design, it's some sort of mining laser.
294	florandescription	/objects/atprk_annelisk/atprk_anneliskminingdrill/atprk_anneliskminingdrill.object	/floranDescription	Sssome mining cannon?
295	glitchdescription	/objects/atprk_annelisk/atprk_anneliskminingdrill/atprk_anneliskminingdrill.object	/glitchDescription	Inquisitive. I wonder if this is a weapon or a mining tool.
296	humandescription	/objects/atprk_annelisk/atprk_anneliskminingdrill/atprk_anneliskminingdrill.object	/humanDescription	This appears to be a deactivated beam drill.
297	aviandescription	/objects/atprk_annelisk/atprk_anneliskprinter/atprk_anneliskprinter.object	/avianDescription	This machine contains a small stack of faded papers.
298	florandescription	/objects/atprk_annelisk/atprk_anneliskprinter/atprk_anneliskprinter.object	/floranDescription	Machine that printsss picturesss.
299	glitchdescription	/objects/atprk_annelisk/atprk_anneliskprinter/atprk_anneliskprinter.object	/glitchDescription	Annoyed. This printing machine must have run out of ink centuries ago.
300	humandescription	/objects/atprk_annelisk/atprk_anneliskprinter/atprk_anneliskprinter.object	/humanDescription	Apparently this machine is low on cyan ink. And any other ink for that matter.
301	hylotldescription	/objects/atprk_annelisk/atprk_anneliskprinter/atprk_anneliskprinter.object	/hylotlDescription	Hopefully this does NOT require a redundant app to function...
302	florandescription	/objects/atprk_annelisk/atprk_anneliskroundtable/atprk_anneliskroundtable.object	/floranDescription	Sssmall filthy table.
303	hylotldescription	/objects/atprk_annelisk/atprk_anneliskroundtable/atprk_anneliskroundtable.object	/hylotlDescription	This table would look much more pleasant if it weren't this filthy.
304	novakiddescription	/objects/atprk_annelisk/atprk_anneliskroundtable/atprk_anneliskroundtable.object	/novakidDescription	No one sat at this table for ages.
305	aviandescription	/objects/atprk_annelisk/atprk_annelisksleepingpod/atprk_annelisksleepingpod.object	/avianDescription	There is no way staying the night in this pod will not cause claustrophobia.
306	fenrondescription	/objects/atprk_annelisk/atprk_annelisksleepingpod/atprk_annelisksleepingpod.object	/fenronDescription	It looks more like a soup can than a resting spot. There is no way I'm spending a night in it.
307	florandescription	/objects/atprk_annelisk/atprk_annelisksleepingpod/atprk_annelisksleepingpod.object	/floranDescription	Russsty pod. Floran can climb inssside and ressst.
308	humandescription	/objects/atprk_annelisk/atprk_annelisksleepingpod/atprk_annelisksleepingpod.object	/humanDescription	Hey, I remember visiting a hotel with pods like this.
309	novakiddescription	/objects/atprk_annelisk/atprk_annelisksleepingpod/atprk_annelisksleepingpod.object	/novakidDescription	Only an oddball would sleep in that position.
310	aviandescription	/objects/atprk_annelisk/atprk_annelisksleepingpodbroken/atprk_annelisksleepingpodbroken1.object	/avianDescription	Ugh, this pod over here needs a cleanup!
311	florandescription	/objects/atprk_annelisk/atprk_annelisksleepingpodbroken/atprk_annelisksleepingpodbroken1.object	/floranDescription	Ssstinky pod. Floran can't get in.
312	glitchdescription	/objects/atprk_annelisk/atprk_annelisksleepingpodbroken/atprk_annelisksleepingpodbroken1.object	/glitchDescription	Uneasy. Spending a night in this metal coffin must be terrible.
313	humandescription	/objects/atprk_annelisk/atprk_annelisksleepingpodbroken/atprk_annelisksleepingpodbroken1.object	/humanDescription	Something tells me to leave this pod alone.
314	hylotldescription	/objects/atprk_annelisk/atprk_annelisksleepingpodbroken/atprk_annelisksleepingpodbroken1.object	/hylotlDescription	What is this horrible stench? Is it coming from this pod?
315	novakiddescription	/objects/atprk_annelisk/atprk_annelisksleepingpodbroken/atprk_annelisksleepingpodbroken1.object	/novakidDescription	Looks like an outhouse, reeks like one as well.
316	aviandescription	/objects/atprk_annelisk/atprk_annelisksleepingpodbroken/atprk_annelisksleepingpodbroken2.object	/avianDescription	The door handle must've broken off at some point.
317	florandescription	/objects/atprk_annelisk/atprk_annelisksleepingpodbroken/atprk_annelisksleepingpodbroken2.object	/floranDescription	Ssome partss are missing.
318	glitchdescription	/objects/atprk_annelisk/atprk_annelisksleepingpodbroken/atprk_annelisksleepingpodbroken2.object	/glitchDescription	Puzzled. I cannot open this pod.
319	humandescription	/objects/atprk_annelisk/atprk_annelisksleepingpodbroken/atprk_annelisksleepingpodbroken2.object	/humanDescription	An unsettling high-tech cradle.
320	hylotldescription	/objects/atprk_annelisk/atprk_annelisksleepingpodbroken/atprk_annelisksleepingpodbroken2.object	/hylotlDescription	There doesn't seem to be a way to pry it open.
321	novakiddescription	/objects/atprk_annelisk/atprk_annelisksleepingpodbroken/atprk_annelisksleepingpodbroken2.object	/novakidDescription	Door's stuck. Nothin' gets in, nothin' gets out.
322	apexdescription	/objects/atprk_annelisk/atprk_annelisksleepingpodbroken/atprk_annelisksleepingpodbroken3.object	/apexDescription	An old sleeping pod. Its door sustained heavy damage.
323	aviandescription	/objects/atprk_annelisk/atprk_annelisksleepingpodbroken/atprk_annelisksleepingpodbroken3.object	/avianDescription	Guess someone really wanted to get out.
324	florandescription	/objects/atprk_annelisk/atprk_annelisksleepingpodbroken/atprk_annelisksleepingpodbroken3.object	/floranDescription	Floran sssees nothing but darkness and moisssture.
325	glitchdescription	/objects/atprk_annelisk/atprk_annelisksleepingpodbroken/atprk_annelisksleepingpodbroken3.object	/glitchDescription	Curious. Maybe I should shine a flashlight in so I can see better.
326	humandescription	/objects/atprk_annelisk/atprk_annelisksleepingpodbroken/atprk_annelisksleepingpodbroken3.object	/humanDescription	If I had to stay in one for too long, I'd panic as well.
327	hylotldescription	/objects/atprk_annelisk/atprk_annelisksleepingpodbroken/atprk_annelisksleepingpodbroken3.object	/hylotlDescription	Someone or something destroyed this pod from the inside.
328	novakiddescription	/objects/atprk_annelisk/atprk_annelisksleepingpodbroken/atprk_annelisksleepingpodbroken3.object	/novakidDescription	Can't see a thing beyond this metal lid!
329	aviandescription	/objects/atprk_annelisk/atprk_anneliskspacechair/atprk_anneliskspacechair.object	/avianDescription	This chair is designed to withstand a lot of pressure.
330	florandescription	/objects/atprk_annelisk/atprk_anneliskspacechair/atprk_anneliskspacechair.object	/floranDescription	Ssturdy ssseat for ssspacecraft.
331	glitchdescription	/objects/atprk_annelisk/atprk_anneliskspacechair/atprk_anneliskspacechair.object	/glitchDescription	Disinteserted. A chair usually found aboard old spaceships.
332	humandescription	/objects/atprk_annelisk/atprk_anneliskspacechair/atprk_anneliskspacechair.object	/humanDescription	An old spaceship chair.
333	hylotldescription	/objects/atprk_annelisk/atprk_anneliskspacechair/atprk_anneliskspacechair.object	/hylotlDescription	This chair is firmly bolted to the floor.
334	apexdescription	/objects/atprk_annelisk/atprk_anneliskspacepanel/atprk_anneliskspacepanel.object	/apexDescription	The screen on this console is shattered. I should be careful with the inputs.
335	aviandescription	/objects/atprk_annelisk/atprk_anneliskspacepanel/atprk_anneliskspacepanel.object	/avianDescription	None of the buttons are signed so there is only one way to learn what they do...
336	florandescription	/objects/atprk_annelisk/atprk_anneliskspacepanel/atprk_anneliskspacepanel.object	/floranDescription	Floran ssees small buttonsss. Floran wantsss to press them all.
337	glitchdescription	/objects/atprk_annelisk/atprk_anneliskspacepanel/atprk_anneliskspacepanel.object	/glitchDescription	Annoyed. Unless the screen is repaired, I'll have to type blindly.
338	humandescription	/objects/atprk_annelisk/atprk_anneliskspacepanel/atprk_anneliskspacepanel.object	/humanDescription	Should I press anything to check if this console is working?
339	hylotldescription	/objects/atprk_annelisk/atprk_anneliskspacepanel/atprk_anneliskspacepanel.object	/hylotlDescription	The screen is either too dark or broken. I don't see any text on it.
340	novakiddescription	/objects/atprk_annelisk/atprk_anneliskspacepanel/atprk_anneliskspacepanel.object	/novakidDescription	That's a lot of buttons without any labels.
341	apexdescription	/objects/atprk_annelisk/atprk_anneliskspaceshelf/atprk_anneliskspaceshelf.object	/apexDescription	It's mostly junk and empty cans.
342	aviandescription	/objects/atprk_annelisk/atprk_anneliskspaceshelf/atprk_anneliskspaceshelf.object	/avianDescription	This shelf has enough place for a few more boxes.
343	florandescription	/objects/atprk_annelisk/atprk_anneliskspaceshelf/atprk_anneliskspaceshelf.object	/floranDescription	There are ssome empty boxes but not much elssse.
344	glitchdescription	/objects/atprk_annelisk/atprk_anneliskspaceshelf/atprk_anneliskspaceshelf.object	/glitchDescription	Bored. There is nothing of use on this shelf.
345	humandescription	/objects/atprk_annelisk/atprk_anneliskspaceshelf/atprk_anneliskspaceshelf.object	/humanDescription	This old shelf has a lot of room for useful items.
346	novakiddescription	/objects/atprk_annelisk/atprk_anneliskspaceshelf/atprk_anneliskspaceshelf.object	/novakidDescription	This shelf is half full. Or is it half empty?
347	apexdescription	/objects/atprk_annelisk/atprk_annelisktable/atprk_annelisktable.object	/apexDescription	An old rusty table of moderate quality.
348	aviandescription	/objects/atprk_annelisk/atprk_annelisktable/atprk_annelisktable.object	/avianDescription	There are still some notes lying under the table's leg.
349	glitchdescription	/objects/atprk_annelisk/atprk_annelisktable/atprk_annelisktable.object	/glitchDescription	Disgusted. Is this all rust?
350	humandescription	/objects/atprk_annelisk/atprk_annelisktable/atprk_annelisktable.object	/humanDescription	Can I clean the rust off somehow?
351	aviandescription	/objects/atprk_annelisk/atprk_annelisktableclean/atprk_annelisktableclean.object	/avianDescription	There are some notes lying under the table's leg.
352	glitchdescription	/objects/atprk_annelisk/atprk_annelisktableclean/atprk_annelisktableclean.object	/glitchDescription	Neutral. An average office desk.
353	anneliskdescription	/objects/atprk_annelisk/atprk_anneliskvending/atprk_anneliskvending.object	/anneliskDescription	Oh hey, these things are still around!
354	aviandescription	/objects/atprk_annelisk/atprk_anneliskvending/atprk_anneliskvending.object	/avianDescription	I doubt I should buy anything from this vending machine. Who knows how long it's been standing here.
355	fenrondescription	/objects/atprk_annelisk/atprk_anneliskvending/atprk_anneliskvending.object	/fenronDescription	Should I give it a try and buy some soda?
356	florandescription	/objects/atprk_annelisk/atprk_anneliskvending/atprk_anneliskvending.object	/floranDescription	Machine full of ssspoiled drinksss.
357	glitchdescription	/objects/atprk_annelisk/atprk_anneliskvending/atprk_anneliskvending.object	/glitchDescription	Upset. All of these beverages must be spoiled by now.
358	humandescription	/objects/atprk_annelisk/atprk_anneliskvending/atprk_anneliskvending.object	/humanDescription	An old vending machine that still sells something. Wow.
359	hylotldescription	/objects/atprk_annelisk/atprk_anneliskvending/atprk_anneliskvending.object	/hylotlDescription	I don't trust this old vending machine. What if all the drinks are spoiled?
360	noolithdescription	/objects/atprk_annelisk/atprk_anneliskvending/atprk_anneliskvending.object	/noolithDescription	An incredibly old vending machine that still accepts money somehow.
361	novakiddescription	/objects/atprk_annelisk/atprk_anneliskvending/atprk_anneliskvending.object	/novakidDescription	Don't wanna buy anythin' from a rusty vendin' machine.
362	aviandescription	/objects/atprk_annelisk/atprk_anneliskwalllighttiny/atprk_anneliskwalllighttiny.object	/avianDescription	This wall light is so tiny I've barely noticed it.
363	florandescription	/objects/atprk_annelisk/atprk_anneliskwalllighttiny/atprk_anneliskwalllighttiny.object	/floranDescription	Glowing dot.
364	glitchdescription	/objects/atprk_annelisk/atprk_anneliskwalllighttiny/atprk_anneliskwalllighttiny.object	/glitchDescription	Dismissive. A firefly could provide more light than this weak bulb.
365	humandescription	/objects/atprk_annelisk/atprk_anneliskwalllighttiny/atprk_anneliskwalllighttiny.object	/humanDescription	Yeah, that's a veeery helpful wall light.
366	hylotldescription	/objects/atprk_annelisk/atprk_anneliskwalllighttiny/atprk_anneliskwalllighttiny.object	/hylotlDescription	This wall-mounted lightbulb just doesn't glow bright enough.
367	fenrondescription	/objects/atprk_annelisk/atprk_sandstonestatueannelisk/atprk_sandstonestatueannelisk.object	/fenronDescription	What a waste of sandstone. I'd understand if it was someone honorable, but this? Pathetic.
368	florandescription	/objects/atprk_annelisk/atprk_sandstonestatueannelisk/atprk_sandstonestatueannelisk.object	/floranDescription	Long sssnake perssson? Worm perssson? Who knowsss.
369	glitchdescription	/objects/atprk_annelisk/atprk_sandstonestatueannelisk/atprk_sandstonestatueannelisk.object	/glitchDescription	Puzzled. What is this creature supposed to be? A worm or a serpent?
370	humandescription	/objects/atprk_annelisk/atprk_sandstonestatueannelisk/atprk_sandstonestatueannelisk.object	/humanDescription	I've never seen anyone like this guy. Not the most social race, probably.
371	hylotldescription	/objects/atprk_annelisk/atprk_sandstonestatueannelisk/atprk_sandstonestatueannelisk.object	/hylotlDescription	Some unknown worm-like being. It is probably extinct by now.
372	anneliskdescription	/objects/atprk_apexarea48/atprk_apexarea48sign/atprk_apexarea48sign.object	/anneliskDescription	Hippity hoppity, I'm crossing your private property!
373	apexdescription	/objects/atprk_apexarea48/atprk_apexarea48sign/atprk_apexarea48sign.object	/apexDescription	Area 48 is real... And I thought it was merely an urban myth.
374	aviandescription	/objects/atprk_apexarea48/atprk_apexarea48sign/atprk_apexarea48sign.object	/avianDescription	Looks like I'm entering a restricted area.
375	fenrondescription	/objects/atprk_apexarea48/atprk_apexarea48sign/atprk_apexarea48sign.object	/fenronDescription	Naive Apex, a single sign is never enough to stop a Fenron!
376	florandescription	/objects/atprk_apexarea48/atprk_apexarea48sign/atprk_apexarea48sign.object	/floranDescription	Why 48? Are there 47 more areasss?
377	glitchdescription	/objects/atprk_apexarea48/atprk_apexarea48sign/atprk_apexarea48sign.object	/glitchDescription	Cautious. Knowing the Miniknog, I should stay away from this area.
378	humandescription	/objects/atprk_apexarea48/atprk_apexarea48sign/atprk_apexarea48sign.object	/humanDescription	They won't catch me if I Naruto run!
379	hylotldescription	/objects/atprk_apexarea48/atprk_apexarea48sign/atprk_apexarea48sign.object	/hylotlDescription	Entering a top-secret testing area may not be the best idea. Just saying.
380	noolithdescription	/objects/atprk_apexarea48/atprk_apexarea48sign/atprk_apexarea48sign.object	/noolithDescription	It seems to be some sort of a Miniknog-owned research facility.
381	novakiddescription	/objects/atprk_apexarea48/atprk_apexarea48sign/atprk_apexarea48sign.object	/novakidDescription	That sign ain't stoppin' me, let me see some cool Miniknog stuff.
382	florandescription	/objects/atprk_apexarea48/atprk_apexhoverpad/atprk_apexhoverpad.object	/floranDescription	Floaty ssstuff.
383	hylotldescription	/objects/atprk_apexarea48/atprk_apexhoverpad/atprk_apexhoverpad.object	/hylotlDescription	An experimental set of zero-gravity engines.
384	noolithdescription	/objects/atprk_apexarea48/atprk_apexhoverpad/atprk_apexhoverpad.object	/noolithDescription	This design looks oddly familiar.
385	apexdescription	/objects/atprk_apexarea48/atprk_apexparticletank/atprk_apexparticletank.object	/apexDescription	Many strange glowing particles can be seen inside this tank.
386	aviandescription	/objects/atprk_apexarea48/atprk_apexparticletank/atprk_apexparticletank.object	/avianDescription	These erratic motes don't look like they belong in our world.
387	florandescription	/objects/atprk_apexarea48/atprk_apexparticletank/atprk_apexparticletank.object	/floranDescription	Vibrant bitsss float behind the glass. Will they break out?
388	glitchdescription	/objects/atprk_apexarea48/atprk_apexparticletank/atprk_apexparticletank.object	/glitchDescription	Intrigued. This vacuum-sealed cannister contains samples of an otherworldly material.
389	humandescription	/objects/atprk_apexarea48/atprk_apexparticletank/atprk_apexparticletank.object	/humanDescription	My scanner detects a great amount of strange particles within.
390	hylotldescription	/objects/atprk_apexarea48/atprk_apexparticletank/atprk_apexparticletank.object	/hylotlDescription	There are many exotic particles darting around the tank.
391	novakiddescription	/objects/atprk_apexarea48/atprk_apexparticletank/atprk_apexparticletank.object	/novakidDescription	Idlin' near a barrel full o' glowin' bits can't be safe.
392	anneliskdescription	/objects/atprk_apexarea48/atprk_apexufoblueprint/atprk_apexufoblueprint.object	/anneliskDescription	Another dirty government secret asking for being stolen.
393	aviandescription	/objects/atprk_apexarea48/atprk_apexufoblueprint/atprk_apexufoblueprint.object	/avianDescription	Something tells me this invention will not be used for good.
394	fenrondescription	/objects/atprk_apexarea48/atprk_apexufoblueprint/atprk_apexufoblueprint.object	/fenronDescription	I doubt this shape suits well for a military aircraft.
395	florandescription	/objects/atprk_apexarea48/atprk_apexufoblueprint/atprk_apexufoblueprint.object	/floranDescription	Drawing of a flying sssaucer thingy.
396	glitchdescription	/objects/atprk_apexarea48/atprk_apexufoblueprint/atprk_apexufoblueprint.object	/glitchDescription	Analytical. Schematics for an unusually-designed aircraft.
397	humandescription	/objects/atprk_apexarea48/atprk_apexufoblueprint/atprk_apexufoblueprint.object	/humanDescription	Did... did they seriously go for the cheesiest design imaginable?
398	hylotldescription	/objects/atprk_apexarea48/atprk_apexufoblueprint/atprk_apexufoblueprint.object	/hylotlDescription	Was it absolutely necessary to waste ancient knowledge on war?
399	noolithdescription	/objects/atprk_apexarea48/atprk_apexufoblueprint/atprk_apexufoblueprint.object	/noolithDescription	I don't think the Miniknog realizes what force it attempts to tamper with.
400	anneliskdescription	/objects/atprk_ashworld/atprk_asharmchair/atprk_asharmchair.object	/anneliskDescription	What a lame armchair. I want a refund.
401	apexdescription	/objects/atprk_ashworld/atprk_asharmchair/atprk_asharmchair.object	/apexDescription	An elegant armchair that could use some dusting.
402	aviandescription	/objects/atprk_ashworld/atprk_asharmchair/atprk_asharmchair.object	/avianDescription	I'd rest in this armchair for hours if there wasn't so much ash on it.
403	fenrondescription	/objects/atprk_ashworld/atprk_asharmchair/atprk_asharmchair.object	/fenronDescription	Wait, do I hear insects crawling inside the pillows?
404	florandescription	/objects/atprk_ashworld/atprk_asharmchair/atprk_asharmchair.object	/floranDescription	Chair sssmells like burnt wood. Not good.
405	glitchdescription	/objects/atprk_ashworld/atprk_asharmchair/atprk_asharmchair.object	/glitchDescription	Impressed. A dusty but otherwise comfortable armchair.
406	humandescription	/objects/atprk_ashworld/atprk_asharmchair/atprk_asharmchair.object	/humanDescription	Nice armchair. Too bad it's all ashy.
407	hylotldescription	/objects/atprk_ashworld/atprk_asharmchair/atprk_asharmchair.object	/hylotlDescription	Well, at very least it does look soft enough.
408	noolithdescription	/objects/atprk_ashworld/atprk_asharmchair/atprk_asharmchair.object	/noolithDescription	Despite all the ash, this ancient armshair is well-preserved.
409	novakiddescription	/objects/atprk_ashworld/atprk_asharmchair/atprk_asharmchair.object	/novakidDescription	Just wipe the ash off, and it'll be fine for a sheriff's office.
410	anneliskdescription	/objects/atprk_ashworld/atprk_ashchair/atprk_ashchair.object	/anneliskDescription	What a dull chair.
411	apexdescription	/objects/atprk_ashworld/atprk_ashchair/atprk_ashchair.object	/apexDescription	An old ash-covered chair.
412	aviandescription	/objects/atprk_ashworld/atprk_ashchair/atprk_ashchair.object	/avianDescription	What a gloomy, ashy chair.
413	fenrondescription	/objects/atprk_ashworld/atprk_ashchair/atprk_ashchair.object	/fenronDescription	This chair doesn't look very sturdy, if you ask me.
414	florandescription	/objects/atprk_ashworld/atprk_ashchair/atprk_ashchair.object	/floranDescription	Tall chair to sssit on once Floran wipesss dusst off it.
415	glitchdescription	/objects/atprk_ashworld/atprk_ashchair/atprk_ashchair.object	/glitchDescription	Displeased. This chair is clearly covered in ashes.
416	humandescription	/objects/atprk_ashworld/atprk_ashchair/atprk_ashchair.object	/humanDescription	How long has it been standing here? It's all covered in dust.
417	novakiddescription	/objects/atprk_ashworld/atprk_ashchair/atprk_ashchair.object	/novakidDescription	I'd call it fancy if it weren't for all this ash all over it.
418	anneliskdescription	/objects/atprk_ashworld/atprk_ashchest/atprk_ashchest.object	/anneliskDescription	I hope I'll find something other than ash inside.
419	apexdescription	/objects/atprk_ashworld/atprk_ashchest/atprk_ashchest.object	/apexDescription	I can only guess how long this has been standing here.
420	florandescription	/objects/atprk_ashworld/atprk_ashchest/atprk_ashchest.object	/floranDescription	Sssmall dirty chesst.
421	glitchdescription	/objects/atprk_ashworld/atprk_ashchest/atprk_ashchest.object	/glitchDescription	Bored. A dull gray chest. I doubt there is anything exciting in it.
422	hylotldescription	/objects/atprk_ashworld/atprk_ashchest/atprk_ashchest.object	/hylotlDescription	Even a garbage can is more inspiring than this dull chest.
423	noolithdescription	/objects/atprk_ashworld/atprk_ashchest/atprk_ashchest.object	/noolithDescription	What could be hidden inside this old chest?
424	novakiddescription	/objects/atprk_ashworld/atprk_ashchest/atprk_ashchest.object	/novakidDescription	What a dull-lookin' chest.
425	apexdescription	/objects/atprk_ashworld/atprk_ashdoorprop/atprk_ashdoorpropdouble.object	/apexDescription	Two old wooden doors.
426	fenrondescription	/objects/atprk_ashworld/atprk_ashdoorprop/atprk_ashdoorpropdouble.object	/fenronDescription	I could smash these gray doors with no effort.
427	glitchdescription	/objects/atprk_ashworld/atprk_ashdoorprop/atprk_ashdoorpropdouble.object	/glitchDescription	Neutral. Gothic doors made of dusty wood.
428	humandescription	/objects/atprk_ashworld/atprk_ashdoorprop/atprk_ashdoorpropdouble.object	/humanDescription	Gloomy doors indeed.
429	hylotldescription	/objects/atprk_ashworld/atprk_ashdoorprop/atprk_ashdoorpropdouble.object	/hylotlDescription	It is a pity someone left these doors in an awful condition like this.
430	noolithdescription	/objects/atprk_ashworld/atprk_ashdoorprop/atprk_ashdoorpropdouble.object	/noolithDescription	Gothic doors covered in a layer of dust.
431	novakiddescription	/objects/atprk_ashworld/atprk_ashdoorprop/atprk_ashdoorpropdouble.object	/novakidDescription	What a borin' pair o' doors. No one even cares about wipin' dust off them.
432	anneliskdescription	/objects/atprk_ashworld/atprk_ashlight/atprk_ashlight.object	/anneliskDescription	Well, that's just sad. Time to get a new lightbulb.
433	aviandescription	/objects/atprk_ashworld/atprk_ashlight/atprk_ashlight.object	/avianDescription	It doesn't do a good job at illuminating the room.
434	fenrondescription	/objects/atprk_ashworld/atprk_ashlight/atprk_ashlight.object	/fenronDescription	Can you really call it a lamp? It barely illuminates anything other than itself.
435	florandescription	/objects/atprk_ashworld/atprk_ashlight/atprk_ashlight.object	/floranDescription	Weak glow... Floran sssees nothing.
436	glitchdescription	/objects/atprk_ashworld/atprk_ashlight/atprk_ashlight.object	/glitchDescription	Melancholic. The light is so faint that it makes me sad.
437	hylotldescription	/objects/atprk_ashworld/atprk_ashlight/atprk_ashlight.object	/hylotlDescription	An old-fashioned desk lamp. Perhaps I should change the lightbulb.
438	noolithdescription	/objects/atprk_ashworld/atprk_ashlight/atprk_ashlight.object	/noolithDescription	The faint light of this lamp brings back sad memories.
439	novakiddescription	/objects/atprk_ashworld/atprk_ashlight/atprk_ashlight.object	/novakidDescription	The glow's so weak it's not even funny.
440	anneliskdescription	/objects/atprk_ashworld/atprk_ashtable/atprk_ashtable.object	/anneliskDescription	Is this a prank or something? I swear this tablecloth generates ash on its own.
441	aviandescription	/objects/atprk_ashworld/atprk_ashtable/atprk_ashtable.object	/avianDescription	I'm not sure if I see a tablecloth or a thick layer of ash and dust.
442	florandescription	/objects/atprk_ashworld/atprk_ashtable/atprk_ashtable.object	/floranDescription	Floran doesssn't like dusssty meat! Bad table!
443	glitchdescription	/objects/atprk_ashworld/atprk_ashtable/atprk_ashtable.object	/glitchDescription	Disgusted. Is it hygienic to eat at a dusty table?
444	hylotldescription	/objects/atprk_ashworld/atprk_ashtable/atprk_ashtable.object	/hylotlDescription	If it were not for a thick layer of ash, it would be a beautiful dining table.
445	noolithdescription	/objects/atprk_ashworld/atprk_ashtable/atprk_ashtable.object	/noolithDescription	How strange. No matter how hard I try to dispose of the ashes, they keep coming back.
446	novakiddescription	/objects/atprk_ashworld/atprk_ashtable/atprk_ashtable.object	/novakidDescription	I'm tryin' t' wipe dust off the table but it keeps comin' back! Why?
447	anneliskdescription	/objects/atprk_beta/atprk_betabed/atprk_betabed.object	/anneliskDescription	This is still better than that one ugly bed in my old apartment.
448	apexdescription	/objects/atprk_beta/atprk_betabed/atprk_betabed.object	/apexDescription	Barring these large spikes, this steel bed is surprisingly comfortable.
449	aviandescription	/objects/atprk_beta/atprk_betabed/atprk_betabed.object	/avianDescription	Despite all the steel, this bed is soft and inviting.
450	florandescription	/objects/atprk_beta/atprk_betabed/atprk_betabed.object	/floranDescription	Bed hass teeth of sssteel. They will protect Floran when Floran sssleeps.
451	glitchdescription	/objects/atprk_beta/atprk_betabed/atprk_betabed.object	/glitchDescription	Pensive. What is the purpose behind the sharp spikes at the corners?
452	hylotldescription	/objects/atprk_beta/atprk_betabed/atprk_betabed.object	/hylotlDescription	This angular bed reminds me of deep sea predators in a way.
453	noolithdescription	/objects/atprk_beta/atprk_betabed/atprk_betabed.object	/noolithDescription	I expected more shades of blue for some reason.
454	anneliskdescription	/objects/atprk_beta/atprk_betacaptainschair/atprk_betacaptainschair.object	/anneliskDescription	What a cheap captain's chair. At least it's comfy.
455	apexdescription	/objects/atprk_beta/atprk_betacaptainschair/atprk_betacaptainschair.object	/apexDescription	An old captain's chair.
456	fenrondescription	/objects/atprk_beta/atprk_betacaptainschair/atprk_betacaptainschair.object	/fenronDescription	This chair has endured disrepair for ages.
457	florandescription	/objects/atprk_beta/atprk_betacaptainschair/atprk_betacaptainschair.object	/floranDescription	Chair sssmells like hair.
458	glitchdescription	/objects/atprk_beta/atprk_betacaptainschair/atprk_betacaptainschair.object	/glitchDescription	Pleased. A dusty yet comfortable captain's chair.
459	humandescription	/objects/atprk_beta/atprk_betacaptainschair/atprk_betacaptainschair.object	/humanDescription	An outmoded captain's chair found on older spaceships.
460	hylotldescription	/objects/atprk_beta/atprk_betacaptainschair/atprk_betacaptainschair.object	/hylotlDescription	This captain's chair was evidently not used in a while.
461	noolithdescription	/objects/atprk_beta/atprk_betacaptainschair/atprk_betacaptainschair.object	/noolithDescription	An old-fashioned captain's chair typical of Human spacecraft.
462	novakiddescription	/objects/atprk_beta/atprk_betacaptainschair/atprk_betacaptainschair.object	/novakidDescription	This chair must've seen many stars... 'n butts.
463	anneliskdescription	/objects/atprk_beta/atprk_betachair/atprk_betachair.object	/anneliskDescription	Could these spikes be any sharper?
464	aviandescription	/objects/atprk_beta/atprk_betachair/atprk_betachair.object	/avianDescription	This chair looks like it was made for an evil Glitch.
465	fenrondescription	/objects/atprk_beta/atprk_betachair/atprk_betachair.object	/fenronDescription	This chair looks more like a beartrap.
466	florandescription	/objects/atprk_beta/atprk_betachair/atprk_betachair.object	/floranDescription	Floran ssstab chair if chair ssstab Floran.
467	humandescription	/objects/atprk_beta/atprk_betachair/atprk_betachair.object	/humanDescription	As long as you sit still, the spikes won't stab you.
468	hylotldescription	/objects/atprk_beta/atprk_betachair/atprk_betachair.object	/hylotlDescription	An unpleasant-looking chair. Besides, the light-reflective cushion is a weird design choice.
469	noolithdescription	/objects/atprk_beta/atprk_betachair/atprk_betachair.object	/noolithDescription	An angular chair with a soft cushion.
470	novakiddescription	/objects/atprk_beta/atprk_betachair/atprk_betachair.object	/novakidDescription	Well, at least it's got a shiny cushion.
471	aviandescription	/objects/atprk_beta/atprk_betachest/atprk_betachest.object	/avianDescription	Thanks to its light-reflective stripes, I won't trip on this chest in the dark.
472	fenrondescription	/objects/atprk_beta/atprk_betachest/atprk_betachest.object	/fenronDescription	This chest will be easily exposed unless I remove these shiny stripes.
473	florandescription	/objects/atprk_beta/atprk_betachest/atprk_betachest.object	/floranDescription	Ssshiny metal chesst. Ssstripes reflect light.
474	glitchdescription	/objects/atprk_beta/atprk_betachest/atprk_betachest.object	/glitchDescription	Unimpressed. If you don't count the yellow markings, it is simply a steel chest.
475	hylotldescription	/objects/atprk_beta/atprk_betachest/atprk_betachest.object	/hylotlDescription	The markings on this chest are light-reflective.
476	anneliskdescription	/objects/atprk_beta/atprk_betadungeonpod/atprk_betadungeonpod.object	/anneliskDescription	This better contain something useful!
477	apexdescription	/objects/atprk_beta/atprk_betadungeonpod/atprk_betadungeonpod.object	/apexDescription	This pod was used to dispense crafting materials.
478	aviandescription	/objects/atprk_beta/atprk_betadungeonpod/atprk_betadungeonpod.object	/avianDescription	This rusty pod provided crafting materials once. Now it's fully depleted.
479	fenrondescription	/objects/atprk_beta/atprk_betadungeonpod/atprk_betadungeonpod.object	/fenronDescription	I'll be honest, I'm not sure what this pod was meant to do.
480	florandescription	/objects/atprk_beta/atprk_betadungeonpod/atprk_betadungeonpod.object	/floranDescription	Empty metal dissspenser.
481	glitchdescription	/objects/atprk_beta/atprk_betadungeonpod/atprk_betadungeonpod.object	/glitchDescription	Startled. There are traces of unknown matter on the inside.
482	humandescription	/objects/atprk_beta/atprk_betadungeonpod/atprk_betadungeonpod.object	/humanDescription	Need a dispenser here! A working one!
483	hylotldescription	/objects/atprk_beta/atprk_betadungeonpod/atprk_betadungeonpod.object	/hylotlDescription	This empty dispensing pod used to provide free crafting materials.
484	noolithdescription	/objects/atprk_beta/atprk_betadungeonpod/atprk_betadungeonpod.object	/noolithDescription	I don't recognize this mechanism at all, let alone the matter it contains.
485	novakiddescription	/objects/atprk_beta/atprk_betadungeonpod/atprk_betadungeonpod.object	/novakidDescription	Well, uh, a broken dispenser?
486	anneliskdescription	/objects/atprk_beta/atprk_betafatalcircuitprop/atprk_betafatalcircuitprop.object	/anneliskDescription	Not sure if this was a mech or an automated security robot.
487	apexdescription	/objects/atprk_beta/atprk_betafatalcircuitprop/atprk_betafatalcircuitprop.object	/apexDescription	An abnormally large Glitch chassis.
488	aviandescription	/objects/atprk_beta/atprk_betafatalcircuitprop/atprk_betafatalcircuitprop.object	/avianDescription	The lifeless body of a massive mechanoid.
489	fenrondescription	/objects/atprk_beta/atprk_betafatalcircuitprop/atprk_betafatalcircuitprop.object	/fenronDescription	The fiercest war beasts are not created, they are born.
490	florandescription	/objects/atprk_beta/atprk_betafatalcircuitprop/atprk_betafatalcircuitprop.object	/floranDescription	Dead metal man iss not like the ressst. This one iss tall and sssmelly.
491	glitchdescription	/objects/atprk_beta/atprk_betafatalcircuitprop/atprk_betafatalcircuitprop.object	/glitchDescription	Disgusted. Why does this giant reek of rotten brains?
492	humandescription	/objects/atprk_beta/atprk_betafatalcircuitprop/atprk_betafatalcircuitprop.object	/humanDescription	This is either an old mech or a giant Glitch.
493	hylotldescription	/objects/atprk_beta/atprk_betafatalcircuitprop/atprk_betafatalcircuitprop.object	/hylotlDescription	Was this robot meant to be an advanced Glitch warform by chance?
494	noolithdescription	/objects/atprk_beta/atprk_betafatalcircuitprop/atprk_betafatalcircuitprop.object	/noolithDescription	I wonder if the Usurpers ever tried to mutilate the Glitch in a similar way.
495	novakiddescription	/objects/atprk_beta/atprk_betafatalcircuitprop/atprk_betafatalcircuitprop.object	/novakidDescription	That's a tall rusty fella.
496	anneliskdescription	/objects/atprk_beta/atprk_betascreen/atprk_betascreen.object	/anneliskDescription	Gee, that's a lot of spam.
497	fenrondescription	/objects/atprk_beta/atprk_betascreen/atprk_betascreen.object	/fenronDescription	If any of this data was important, sure it'd be written in a more accessible form?
498	florandescription	/objects/atprk_beta/atprk_betascreen/atprk_betascreen.object	/floranDescription	Floran cannot read thisss mess.
499	glitchdescription	/objects/atprk_beta/atprk_betascreen/atprk_betascreen.object	/glitchDescription	Irked. Most of the data shown on the screen is unreadable.
500	hylotldescription	/objects/atprk_beta/atprk_betascreen/atprk_betascreen.object	/hylotlDescription	Whatever this screen is meant to display is no longer decipherable.
501	atprk_anneliskdescription	/objects/atprk_beta/atprk_betashiplockeralt/atprk_betashiplockeralt.object	/atprk_anneliskDescription	Eh, some off-brand storage locker.
502	atprk_fenrondescription	/objects/atprk_beta/atprk_betashiplockeralt/atprk_betashiplockeralt.object	/atprk_fenronDescription	How could anyone use this cramped locker?
503	atprk_noolithdescription	/objects/atprk_beta/atprk_betashiplockeralt/atprk_betashiplockeralt.object	/atprk_noolithDescription	It must be an antique shiplocker.
504	aviandescription	/objects/atprk_beta/atprk_betashiplockeralt/atprk_betashiplockeralt.object	/avianDescription	Shiplockers like this one haven't been manufactured in a while.
505	florandescription	/objects/atprk_beta/atprk_betashiplockeralt/atprk_betashiplockeralt.object	/floranDescription	Old ssstorage.
506	glitchdescription	/objects/atprk_beta/atprk_betashiplockeralt/atprk_betashiplockeralt.object	/glitchDescription	Nostalgic. This shiplocker has been taken off the market long ago.
507	humandescription	/objects/atprk_beta/atprk_betashiplockeralt/atprk_betashiplockeralt.object	/humanDescription	I didn't expect to see these once more.
508	novakiddescription	/objects/atprk_beta/atprk_betashiplockeralt/atprk_betashiplockeralt.object	/novakidDescription	This storage would look outta place on a modern ship.
509	aviandescription	/objects/atprk_beta/atprk_betashiplockerprop/atprk_betashiplockerprop.object	/avianDescription	There is no way to unlock this anymore.
510	fenrondescription	/objects/atprk_beta/atprk_betashiplockerprop/atprk_betashiplockerprop.object	/fenronDescription	I guess I might need a crowbar here.
511	florandescription	/objects/atprk_beta/atprk_betashiplockerprop/atprk_betashiplockerprop.object	/floranDescription	Locker iss closssed forever.
512	glitchdescription	/objects/atprk_beta/atprk_betashiplockerprop/atprk_betashiplockerprop.object	/glitchDescription	Upset. I cannot access this locker's contents.
513	hylotldescription	/objects/atprk_beta/atprk_betashiplockerprop/atprk_betashiplockerprop.object	/hylotlDescription	Since this storage locker is not powered, I cannot open it.
514	noolithdescription	/objects/atprk_beta/atprk_betashiplockerprop/atprk_betashiplockerprop.object	/noolithDescription	There is probably something hidden in this locker but it's no use bothering with it.
515	fenrondescription	/objects/atprk_beta/atprk_betatable/atprk_betatable.object	/fenronDescription	These yellow stripes under the table look like eyes!
516	florandescription	/objects/atprk_beta/atprk_betatable/atprk_betatable.object	/floranDescription	Hisss! Floran ssstub toe on table!
517	glitchdescription	/objects/atprk_beta/atprk_betatable/atprk_betatable.object	/glitchDescription	Pleased. The quality of the material is hard to deny.
518	hylotldescription	/objects/atprk_beta/atprk_betatable/atprk_betatable.object	/hylotlDescription	An intrusive, ugly metal table.
519	apexdescription	/objects/atprk_breakable/atprk_4dtarget/atprk_4dtarget.object	/apexDescription	This object appears to be linked to a nearby extradimensional structure.
520	florandescription	/objects/atprk_breakable/atprk_4dtarget/atprk_4dtarget.object	/floranDescription	Floran shootsss firsst and asssks questions later.
521	glitchdescription	/objects/atprk_breakable/atprk_4dtarget/atprk_4dtarget.object	/glitchDescription	Thoughtful. Perhaps this strange node is part of something bigger.
522	humandescription	/objects/atprk_breakable/atprk_4dtarget/atprk_4dtarget.object	/humanDescription	This vibrant core looks vulnerable.
523	hylotldescription	/objects/atprk_breakable/atprk_4dtarget/atprk_4dtarget.object	/hylotlDescription	This otherworldly construct needs to be destroyed to proceed.
524	novakiddescription	/objects/atprk_breakable/atprk_4dtarget/atprk_4dtarget.object	/novakidDescription	Somethin' tells me this thing's larger than it seems t' be.
525	fenrondescription	/objects/atprk_breakable/atprk_ancientguardbeaconbroken/atprk_ancientguardbeaconbroken.object	/fenronDescription	Maybe if I smash this beacon, there will be something valuable in it.
526	florandescription	/objects/atprk_breakable/atprk_ancientguardbeaconbroken/atprk_ancientguardbeaconbroken.object	/floranDescription	Floran can sssmash thisss beacon to get old rocksss.
527	glitchdescription	/objects/atprk_breakable/atprk_ancientguardbeaconbroken/atprk_ancientguardbeaconbroken.object	/glitchDescription	Neutral. This beacon is not fuctional. Perhaps I can dismantle it.
528	humandescription	/objects/atprk_breakable/atprk_ancientguardbeaconbroken/atprk_ancientguardbeaconbroken.object	/humanDescription	I wonder if I can smash this beacon in a single blow.
529	hylotldescription	/objects/atprk_breakable/atprk_ancientguardbeaconbroken/atprk_ancientguardbeaconbroken.object	/hylotlDescription	Now that this beacon does not work anymore, it can only be deconstructed.
530	noolithdescription	/objects/atprk_breakable/atprk_ancientguardbeaconbroken/atprk_ancientguardbeaconbroken.object	/noolithDescription	I know that vandalism is bad but there seems to be no way to repair this beacon.
531	novakiddescription	/objects/atprk_breakable/atprk_ancientguardbeaconbroken/atprk_ancientguardbeaconbroken.object	/novakidDescription	Some crumblin' beacon.
532	glitchdescription	/objects/atprk_breakable/atprk_ancientshardsstatue/atprk_ancientshardsstatue1.object	/glitchDescription	Wary. What does this person hide under their hood?
533	glitchdescription	/objects/atprk_breakable/atprk_ancientshardsstatue/atprk_ancientshardsstatue2.object	/glitchDescription	Impressed. It's remarkable how long this statue has endured the harsh climate.
534	novakiddescription	/objects/atprk_breakable/atprk_ancientshardsstatue/atprk_ancientshardsstatue2.object	/novakidDescription	This here statue makes me feel... oddly nostalgic...
535	anneliskdescription	/objects/atprk_breakable/atprk_betaspawner/atprk_betaspawner.object	/anneliskDescription	This was probably built for those who didn't want to share a teleporter with strangers.
536	apexdescription	/objects/atprk_breakable/atprk_betaspawner/atprk_betaspawner.object	/apexDescription	An old colony deed prototype.
537	aviandescription	/objects/atprk_breakable/atprk_betaspawner/atprk_betaspawner.object	/avianDescription	There was a time when these panels were used instead of the modern colony deeds.
538	fenrondescription	/objects/atprk_breakable/atprk_betaspawner/atprk_betaspawner.object	/fenronDescription	What's this, a teleporter for Penguins? Why is it so tiny?
539	florandescription	/objects/atprk_breakable/atprk_betaspawner/atprk_betaspawner.object	/floranDescription	Tiny teleportersss sssummoned people ssome time ago.
540	glitchdescription	/objects/atprk_breakable/atprk_betaspawner/atprk_betaspawner.object	/glitchDescription	Neutral. This one-person teleporter was used to summon tenants.
541	humandescription	/objects/atprk_breakable/atprk_betaspawner/atprk_betaspawner.object	/humanDescription	The early colony deeds required a full connection to the teleportation network.
542	hylotldescription	/objects/atprk_breakable/atprk_betaspawner/atprk_betaspawner.object	/hylotlDescription	Quite similarly to colony deeds, this panel could be used to invite tenants.
543	noolithdescription	/objects/atprk_breakable/atprk_betaspawner/atprk_betaspawner.object	/noolithDescription	If I am not mistaken, it was a colony deed of sorts.
544	anneliskdescription	/objects/atprk_breakable/atprk_frozenchucklefish/atprk_frozenchucklefish.object	/anneliskDescription	So, no content for now?
545	fenrondescription	/objects/atprk_breakable/atprk_frozenchucklefish/atprk_frozenchucklefish.object	/fenronDescription	Finally, no more chuckling.
546	florandescription	/objects/atprk_breakable/atprk_frozenchucklefish/atprk_frozenchucklefish.object	/floranDescription	Sssilly fish got sstuck.
547	glitchdescription	/objects/atprk_breakable/atprk_frozenchucklefish/atprk_frozenchucklefish.object	/glitchDescription	Witty. There is something fishy about this chunk of ice.
548	humandescription	/objects/atprk_breakable/atprk_frozenchucklefish/atprk_frozenchucklefish.object	/humanDescription	Must be hard to chuckle when you're frozen.
549	hylotldescription	/objects/atprk_breakable/atprk_frozenchucklefish/atprk_frozenchucklefish.object	/hylotlDescription	It doesn't look amused anymore.
550	noolithdescription	/objects/atprk_breakable/atprk_frozenchucklefish/atprk_frozenchucklefish.object	/noolithDescription	This joke is getting old.
551	aviandescription	/objects/atprk_breakable/atprk_geodemoanest/atprk_geodemoanest.object	/avianDescription	These geode shards around the nest discourage egg-eating predators.
552	florandescription	/objects/atprk_breakable/atprk_geodemoanest/atprk_geodemoanest.object	/floranDescription	Rocky egg, big but not yummy. What'ss the point then?
553	glitchdescription	/objects/atprk_breakable/atprk_geodemoanest/atprk_geodemoanest.object	/glitchDescription	Shifty. Will anyone notice if, say, this pretty little egg disappears?...
554	humandescription	/objects/atprk_breakable/atprk_geodemoanest/atprk_geodemoanest.object	/humanDescription	Birds love hoarding shiny stuff, don't they?
555	anneliskdescription	/objects/atprk_breakable/atprk_krakothminefake/atprk_krakothminefake.object	/anneliskDescription	No worries, this mine is out of power.
556	apexdescription	/objects/atprk_breakable/atprk_krakothminefake/atprk_krakothminefake.object	/apexDescription	This naval mine does not work it seems... which is still concerning.
557	aviandescription	/objects/atprk_breakable/atprk_krakothminefake/atprk_krakothminefake.object	/avianDescription	Oh thank Kluex, I thought I was about to explode.
558	fenrondescription	/objects/atprk_breakable/atprk_krakothminefake/atprk_krakothminefake.object	/fenronDescription	I must stay vigilant, it could still explode right in my face.
559	florandescription	/objects/atprk_breakable/atprk_krakothminefake/atprk_krakothminefake.object	/floranDescription	No ka-boom? Phew.
560	glitchdescription	/objects/atprk_breakable/atprk_krakothminefake/atprk_krakothminefake.object	/glitchDescription	Relieved. It's just a defective mine.
561	humandescription	/objects/atprk_breakable/atprk_krakothminefake/atprk_krakothminefake.object	/humanDescription	I should be very careful here... Oh wait, it doesn't work.
562	hylotldescription	/objects/atprk_breakable/atprk_krakothminefake/atprk_krakothminefake.object	/hylotlDescription	Apparently this mine doesn't work anymore. I can approach it safely.
563	noolithdescription	/objects/atprk_breakable/atprk_krakothminefake/atprk_krakothminefake.object	/noolithDescription	This mine does not work anymore.
564	novakiddescription	/objects/atprk_breakable/atprk_krakothminefake/atprk_krakothminefake.object	/novakidDescription	Hey, I'm not gonna blow up! That's good news for sure!
565	apexdescription	/objects/atprk_breakable/atprk_oldpiggybank/atprk_oldpiggybank.object	/apexDescription	An odd gilded piggy bank shaped like a sea pig.
566	florandescription	/objects/atprk_breakable/atprk_oldpiggybank/atprk_oldpiggybank.object	/floranDescription	Ssssea pig made of gold. It hasss shiny innards.
567	glitchdescription	/objects/atprk_breakable/atprk_oldpiggybank/atprk_oldpiggybank.object	/glitchDescription	Informed. This piggy bank is shaped like a sea pig.
568	aviandescription	/objects/atprk_breakable/atprk_terraformercorepedestal/atprk_terraformercorepedestal.object	/avianDescription	It must be a terraformer core. Maybe I can do something with it.
569	florandescription	/objects/atprk_breakable/atprk_terraformercorepedestal/atprk_terraformercorepedestal.object	/floranDescription	Shiny marble. It may be ussseful.
570	glitchdescription	/objects/atprk_breakable/atprk_terraformercorepedestal/atprk_terraformercorepedestal.object	/glitchDescription	Analytical. This object looks like a terraformer core. It may be utilized somehow.
571	noolithdescription	/objects/atprk_breakable/atprk_terraformercorepedestal/atprk_terraformercorepedestal.object	/noolithDescription	Oh, an ancient terraformer core! Perhaps I could use it somehow.
572	novakiddescription	/objects/atprk_breakable/atprk_terraformercorepedestal/atprk_terraformercorepedestal.object	/novakidDescription	The round core of a terraformer, if my mind ain't foolin' me. Handy stuff.
573	anneliskdescription	/objects/atprk_breakable/atprk_virtualconsolebroken/atprk_virtualconsolebroken.object	/anneliskDescription	This thing could create VR simulations you could enter. Shame I've got no clue how to repair it.
574	apexdescription	/objects/atprk_breakable/atprk_virtualconsolebroken/atprk_virtualconsolebroken.object	/apexDescription	Some sort of a teleporter. It does not appear to be functional.
575	aviandescription	/objects/atprk_breakable/atprk_virtualconsolebroken/atprk_virtualconsolebroken.object	/avianDescription	This teleporter looks very familiar for some reason.
576	fenrondescription	/objects/atprk_breakable/atprk_virtualconsolebroken/atprk_virtualconsolebroken.object	/fenronDescription	I'm not sure what it is. A broken teleporter, I guess?
577	florandescription	/objects/atprk_breakable/atprk_virtualconsolebroken/atprk_virtualconsolebroken.object	/floranDescription	Russsty teleporter thingy.
578	glitchdescription	/objects/atprk_breakable/atprk_virtualconsolebroken/atprk_virtualconsolebroken.object	/glitchDescription	Thoughtful. Haven't I seen this machine elsewhere?
579	humandescription	/objects/atprk_breakable/atprk_virtualconsolebroken/atprk_virtualconsolebroken.object	/humanDescription	I dunno, something that looks like a destroyed teleporter.
580	hylotldescription	/objects/atprk_breakable/atprk_virtualconsolebroken/atprk_virtualconsolebroken.object	/hylotlDescription	I believe this device was used to teleport people into virtual realities.
581	novakiddescription	/objects/atprk_breakable/atprk_virtualconsolebroken/atprk_virtualconsolebroken.object	/novakidDescription	Remains of some odd-lookin' teleporter.
582	apexdescription	/objects/atprk_fenron/atprk_fenronbasrelieffull/atprk_fenronbasrelieffull.object	/apexDescription	An old bas-relief made by the long-extinct Fenron race. It was probably meant to be a tribute to their masters, the K'Rakoths.
583	florandescription	/objects/atprk_fenron/atprk_fenronbasrelieffull/atprk_fenronbasrelieffull.object	/floranDescription	Ssstone picture. Furry people named Fenrons made thisss. It showsss a squidface.
584	glitchdescription	/objects/atprk_fenron/atprk_fenronbasrelieffull/atprk_fenronbasrelieffull.object	/glitchDescription	Informed. An antique stone bas-relief made by the long-gone Fenron people to glorify K'Rakoths.
585	humandescription	/objects/atprk_fenron/atprk_fenronbasrelieffull/atprk_fenronbasrelieffull.object	/humanDescription	This bas-relief was created by Fenrons, furry creatures that used to serve K'Rakoths.
586	apexdescription	/objects/atprk_fenron/atprk_fenronbed/atprk_fenronbed.object	/apexDescription	I do not see how you can sleep comfortably in a bed like this.
587	aviandescription	/objects/atprk_fenron/atprk_fenronbed/atprk_fenronbed.object	/avianDescription	I'd rather not sleep in this bed unless I want to torture my back.
588	florandescription	/objects/atprk_fenron/atprk_fenronbed/atprk_fenronbed.object	/floranDescription	Ssstrong bed for ssstrong ssleepers.
589	glitchdescription	/objects/atprk_fenron/atprk_fenronbed/atprk_fenronbed.object	/glitchDescription	Confident. A bed that is way too uncomfortable to sleep in.
590	humandescription	/objects/atprk_fenron/atprk_fenronbed/atprk_fenronbed.object	/humanDescription	Does anyone have a pillow? Actually, this could use a mattress too.
591	hylotldescription	/objects/atprk_fenron/atprk_fenronbed/atprk_fenronbed.object	/hylotlDescription	I suspect this bed is actually a religious altar of sorts.
592	novakiddescription	/objects/atprk_fenron/atprk_fenronbed/atprk_fenronbed.object	/novakidDescription	Why'd anyone sleep in this? Even the bare floor's softer.
593	aviandescription	/objects/atprk_fenron/atprk_fenronbench/atprk_fenronbench.object	/avianDescription	It's a bench.
594	florandescription	/objects/atprk_fenron/atprk_fenronbench/atprk_fenronbench.object	/floranDescription	Ssstone sslab made into a ssseat.
595	glitchdescription	/objects/atprk_fenron/atprk_fenronbench/atprk_fenronbench.object	/glitchDescription	Neutral. A bench made of smooth stone.
596	apexdescription	/objects/atprk_fenron/atprk_fenronchair/atprk_fenronchair.object	/apexDescription	Vines are the only living things that find this chair comfortable.
597	aviandescription	/objects/atprk_fenron/atprk_fenronchair/atprk_fenronchair.object	/avianDescription	The only reason you're able to sit on this crude chair is because it's covered in soft vines.
598	florandescription	/objects/atprk_fenron/atprk_fenronchair/atprk_fenronchair.object	/floranDescription	Hard ssstone chair in vinesss.
599	glitchdescription	/objects/atprk_fenron/atprk_fenronchair/atprk_fenronchair.object	/glitchDescription	Disgusted. I don't want these gross vines to wrap around my circuits while I'm sitting.
600	humandescription	/objects/atprk_fenron/atprk_fenronchair/atprk_fenronchair.object	/humanDescription	Vines are soft, but they aren't soft enough to make this chair comfortable.
601	hylotldescription	/objects/atprk_fenron/atprk_fenronchair/atprk_fenronchair.object	/hylotlDescription	It would be too easy to lose concentration sitting on this hard, tasteless chair.
602	florandescription	/objects/atprk_fenron/atprk_fenronchairclean/atprk_fenronchairclean.object	/floranDescription	Hard ssstone chair.
603	glitchdescription	/objects/atprk_fenron/atprk_fenronchairclean/atprk_fenronchairclean.object	/glitchDescription	Resentful. These is nothing confortable about this stone chair.
604	humandescription	/objects/atprk_fenron/atprk_fenronchairclean/atprk_fenronchairclean.object	/humanDescription	An uncomfortable stone chair.
605	apexdescription	/objects/atprk_fenron/atprk_fenronchest/atprk_fenronchest.object	/apexDescription	This chest's lid is slightly open if you look close enough.
606	aviandescription	/objects/atprk_fenron/atprk_fenronchest/atprk_fenronchest.object	/avianDescription	There are vines inside this chest. I hope they aren't wrapped around treasures.
607	florandescription	/objects/atprk_fenron/atprk_fenronchest/atprk_fenronchest.object	/floranDescription	Thiss chessst has vinesss inssside.
608	glitchdescription	/objects/atprk_fenron/atprk_fenronchest/atprk_fenronchest.object	/glitchDescription	Surprised. There appear to be short vines growing on the inside.
609	humandescription	/objects/atprk_fenron/atprk_fenronchest/atprk_fenronchest.object	/humanDescription	There's something other than treasures in this chest.
610	hylotldescription	/objects/atprk_fenron/atprk_fenronchest/atprk_fenronchest.object	/hylotlDescription	Wait, I think I see vines under the chest's top.
611	florandescription	/objects/atprk_fenron/atprk_fenronchestclean/atprk_fenronchestclean.object	/floranDescription	Hard chessst. Floran can keep bonesss in here.
612	glitchdescription	/objects/atprk_fenron/atprk_fenronchestclean/atprk_fenronchestclean.object	/glitchDescription	Neutral. A stone chest ornamented by a small feline face.
613	apexdescription	/objects/atprk_fenron/atprk_fenronsmalltorch/atprk_fenronsmalltorch.object	/apexDescription	An old stone torch.
614	florandescription	/objects/atprk_fenron/atprk_fenronsmalltorch/atprk_fenronsmalltorch.object	/floranDescription	Thisss rock holdsss fire.
615	glitchdescription	/objects/atprk_fenron/atprk_fenronsmalltorch/atprk_fenronsmalltorch.object	/glitchDescription	Neutral. It's a torch in a stone cup.
616	humandescription	/objects/atprk_fenron/atprk_fenronsmalltorch/atprk_fenronsmalltorch.object	/humanDescription	An ancient stone torch.
617	novakiddescription	/objects/atprk_fenron/atprk_fenronsmalltorch/atprk_fenronsmalltorch.object	/novakidDescription	An ol' torch.
618	aviandescription	/objects/atprk_fenron/atprk_fenronstatuebig/atprk_fenronstatuebig.object	/avianDescription	This massive statue appears to be at least partially mechanized. It resembles our Avolite-powered automata.
619	florandescription	/objects/atprk_fenron/atprk_fenronstatuebig/atprk_fenronstatuebig.object	/floranDescription	Big ssstone warrior. Metal pieces shine through cracksss on armsss and chesst.
620	glitchdescription	/objects/atprk_fenron/atprk_fenronstatuebig/atprk_fenronstatuebig.object	/glitchDescription	Analytical. It seems that this statue's massive fists were able to move at some point. Was it part of a ritual?
621	humandescription	/objects/atprk_fenron/atprk_fenronstatuebig/atprk_fenronstatuebig.object	/humanDescription	Chances are, this statue depicts either an ancient deity or a ruler. My scanner shows traces of metal inside its arms.
622	aviandescription	/objects/atprk_fenron/atprk_fenrontable/atprk_fenrontable.object	/avianDescription	Eating at this table would be unhygienic.
623	florandescription	/objects/atprk_fenron/atprk_fenrontable/atprk_fenrontable.object	/floranDescription	Overgrown ssstone table.
624	hylotldescription	/objects/atprk_fenron/atprk_fenrontable/atprk_fenrontable.object	/hylotlDescription	I'd like to cut these vines before I sit at this table.
625	aviandescription	/objects/atprk_fenron/atprk_fenrontableclean/atprk_fenrontableclean.object	/avianDescription	Eating at this table would still be unhygienic.
626	florandescription	/objects/atprk_fenron/atprk_fenrontableclean/atprk_fenrontableclean.object	/floranDescription	Boring ssstone table.
627	novakiddescription	/objects/atprk_fenron/atprk_fenrontableclean/atprk_fenrontableclean.object	/novakidDescription	I guess stackin' a pair o' rocks on each other now counts as a table. What a time t' be alive.
628	aviandescription	/objects/atprk_fenron/atprk_fenrontotem1/atprk_fenrontotem1.object	/avianDescription	This totem has been there so long it got covered in gross red vines.
629	florandescription	/objects/atprk_fenron/atprk_fenrontotem1/atprk_fenrontotem1.object	/floranDescription	Red vinesss hold thisss totem. Let it go!
630	glitchdescription	/objects/atprk_fenron/atprk_fenrontotem1/atprk_fenrontotem1.object	/glitchDescription	Observant. The faces on this overgrown totem remind me of feline animals.
631	humandescription	/objects/atprk_fenron/atprk_fenrontotem1/atprk_fenrontotem1.object	/humanDescription	An old totem covered in gross red vines. Should I cut them?
632	hylotldescription	/objects/atprk_fenron/atprk_fenrontotem1/atprk_fenrontotem1.object	/hylotlDescription	Sooner or later, everything gets reclaimed by nature.
633	apexdescription	/objects/atprk_fenron/atprk_fenrontotem2/atprk_fenrontotem2.object	/apexDescription	The top part of this totem is missing. I wonder where it is.
634	aviandescription	/objects/atprk_fenron/atprk_fenrontotem2/atprk_fenrontotem2.object	/avianDescription	This totem collapsed some time ago.
635	florandescription	/objects/atprk_fenron/atprk_fenrontotem2/atprk_fenrontotem2.object	/floranDescription	Ssstone face in vinesss.
636	glitchdescription	/objects/atprk_fenron/atprk_fenrontotem2/atprk_fenrontotem2.object	/glitchDescription	Resentful. This totem head is now all alone.
637	humandescription	/objects/atprk_fenron/atprk_fenrontotem2/atprk_fenrontotem2.object	/humanDescription	I hope this totem wasn't desecrated and simply collapsed by itself.
638	florandescription	/objects/atprk_fenron/atprk_fenrontotemlamp/atprk_fenrontotemlamp.object	/floranDescription	Ssstone head with two faces. Floran can light it up.
639	glitchdescription	/objects/atprk_fenron/atprk_fenrontotemlamp/atprk_fenrontotemlamp.object	/glitchDescription	Attentive. Something is engraved on this totem's back.
640	humandescription	/objects/atprk_fenron/atprk_fenrontotemlamp/atprk_fenrontotemlamp.object	/humanDescription	This short totem hides a second face on its other side.
641	hylotldescription	/objects/atprk_fenron/atprk_fenrontotemlamp/atprk_fenrontotemlamp.object	/hylotlDescription	An idol of two faces guards this passage.
642	novakiddescription	/objects/atprk_fenron/atprk_fenrontotemlamp/atprk_fenrontotemlamp.object	/novakidDescription	There's somethin' hidden behind this rocky head.
643	apexdescription	/objects/atprk_fenron/atprk_fenronwallbutton/atprk_fenronwallbutton.object	/apexDescription	There is a tiny button on the wall. Its purpose is unknown.
644	florandescription	/objects/atprk_fenron/atprk_fenronwallbutton/atprk_fenronwallbutton.object	/floranDescription	Teeny tiny button. Floran mussst push!
645	humandescription	/objects/atprk_fenron/atprk_fenronwallbutton/atprk_fenronwallbutton.object	/humanDescription	I knew I didn't imagine a small bump on the wall! It's a button!
646	hylotldescription	/objects/atprk_fenron/atprk_fenronwallbutton/atprk_fenronwallbutton.object	/hylotlDescription	Oh, I almost missed this button. I wonder if it does anything.
647	novakiddescription	/objects/atprk_fenron/atprk_fenronwallbutton/atprk_fenronwallbutton.object	/novakidDescription	This tiny button's very easy t' miss. For a good reason maybe.
648	aviandescription	/objects/atprk_fenron/atprk_sandstonestatuefenron/atprk_sandstonestatuefenron.object	/avianDescription	I don't know what this creature is supposed to be but it's clearly a predator.
649	fenrondescription	/objects/atprk_fenron/atprk_sandstonestatuefenron/atprk_sandstonestatuefenron.object	/fenronDescription	So many people mistake us for those primitive savannah dwellers it's not funny anymore.
650	florandescription	/objects/atprk_fenron/atprk_sandstonestatuefenron/atprk_sandstonestatuefenron.object	/floranDescription	Floran wantsss to find and catch cat people to try their meatsss.
651	glitchdescription	/objects/atprk_fenron/atprk_sandstonestatuefenron/atprk_sandstonestatuefenron.object	/glitchDescription	Irked. Yet another furry creature. I cannot identify this one, however.
652	humandescription	/objects/atprk_fenron/atprk_sandstonestatuefenron/atprk_sandstonestatuefenron.object	/humanDescription	What a strange way to portray a Fenerox.
653	hylotldescription	/objects/atprk_fenron/atprk_sandstonestatuefenron/atprk_sandstonestatuefenron.object	/hylotlDescription	What are you, a mysterious feline creature?
654	novakiddescription	/objects/atprk_fenron/atprk_sandstonestatuefenron/atprk_sandstonestatuefenron.object	/novakidDescription	Some tall wild cat or somethin'.
655	apexdescription	/objects/atprk_fenron/atprk_traprootpot/atprk_traprootpot.object	/apexDescription	As exotic as it is, why would anyone keep a large predatory plant at home?
656	aviandescription	/objects/atprk_fenron/atprk_traprootpot/atprk_traprootpot.object	/avianDescription	These plants normally grow in scarlet jungles and tend to be quite a nuisance.
657	florandescription	/objects/atprk_fenron/atprk_traprootpot/atprk_traprootpot.object	/floranDescription	Sssmall friend in a pot.
658	glitchdescription	/objects/atprk_fenron/atprk_traprootpot/atprk_traprootpot.object	/glitchDescription	Relieved. Traproots are unlikely to harm you if you are a Glitch.
659	hylotldescription	/objects/atprk_fenron/atprk_traprootpot/atprk_traprootpot.object	/hylotlDescription	What an odd choice of a house plant. It reminds me of Florans in a way.
660	novakiddescription	/objects/atprk_fenron/atprk_traprootpot/atprk_traprootpot.object	/novakidDescription	Uh, should I water it or feed it meat?
661	atprk_anneliskdescription	/objects/atprk_forgotten/atprk_forgottenarmor/atprk_forgottenarmor.object	/atprk_anneliskDescription	Even without rust, this armor doesn't stand a chance against modern firearms.
662	atprk_fenrondescription	/objects/atprk_forgotten/atprk_forgottenarmor/atprk_forgottenarmor.object	/atprk_fenronDescription	I can sense this armor has seen many fierce battles.
663	aviandescription	/objects/atprk_forgotten/atprk_forgottenarmor/atprk_forgottenarmor.object	/avianDescription	Hm, some parts of this armor set are missing. They could be nearby, or probably not.
664	florandescription	/objects/atprk_forgotten/atprk_forgottenarmor/atprk_forgottenarmor.object	/floranDescription	Russsty metal armor.
665	glitchdescription	/objects/atprk_forgotten/atprk_forgottenarmor/atprk_forgottenarmor.object	/glitchDescription	Curious. I wonder where the helmet is.
666	humandescription	/objects/atprk_forgotten/atprk_forgottenarmor/atprk_forgottenarmor.object	/humanDescription	An incomplete armor set covered in a thick layer of rust.
667	novakiddescription	/objects/atprk_forgotten/atprk_forgottenarmor/atprk_forgottenarmor.object	/novakidDescription	It seems someone needed a helmet.
668	atprk_anneliskdescription	/objects/atprk_forgotten/atprk_forgottenbookcase/atprk_forgottenbookcase.object	/atprk_anneliskDescription	This bookcase comes with a full set of free books.
669	atprk_fenrondescription	/objects/atprk_forgotten/atprk_forgottenbookcase/atprk_forgottenbookcase.object	/atprk_fenronDescription	Is there anything to read about regarding close-range combat, I wonder?
670	aviandescription	/objects/atprk_forgotten/atprk_forgottenbookcase/atprk_forgottenbookcase.object	/avianDescription	There are so many books they don't even fit in!
671	florandescription	/objects/atprk_forgotten/atprk_forgottenbookcase/atprk_forgottenbookcase.object	/floranDescription	Bookcassse full of booksss.
672	glitchdescription	/objects/atprk_forgotten/atprk_forgottenbookcase/atprk_forgottenbookcase.object	/glitchDescription	Impressed. What a large collection of books.
673	novakiddescription	/objects/atprk_forgotten/atprk_forgottenbookcase/atprk_forgottenbookcase.object	/novakidDescription	That's a lot of stuff to read.
674	atprk_anneliskdescription	/objects/atprk_forgotten/atprk_forgottenbowl/atprk_forgottenbowl.object	/atprk_anneliskDescription	Nothing special, just a food bowl.
675	aviandescription	/objects/atprk_forgotten/atprk_forgottenbowl/atprk_forgottenbowl.object	/avianDescription	What used to be a clean food bowl.
676	florandescription	/objects/atprk_forgotten/atprk_forgottenbowl/atprk_forgottenbowl.object	/floranDescription	Bowl isss covered in grosss russst. Floran doesssn't want it.
677	glitchdescription	/objects/atprk_forgotten/atprk_forgottenbowl/atprk_forgottenbowl.object	/glitchDescription	Disgusted. A rust-covered metal bowl.
678	hylotldescription	/objects/atprk_forgotten/atprk_forgottenbowl/atprk_forgottenbowl.object	/hylotlDescription	Unless you do not care about hygiene at all, you should not eat from this rusty bowl.
679	novakiddescription	/objects/atprk_forgotten/atprk_forgottenbowl/atprk_forgottenbowl.object	/novakidDescription	This bowl just won't do.
680	apexdescription	/objects/atprk_forgotten/atprk_forgottenbunkbed/atprk_forgottenbunkbed.object	/apexDescription	I suppose this double bed is efficient enough when you have limited room for furniture.
681	atprk_anneliskdescription	/objects/atprk_forgotten/atprk_forgottenbunkbed/atprk_forgottenbunkbed.object	/atprk_anneliskDescription	Two beds at the price of one! If it's not a good deal, then I don't know what is.
682	atprk_fenrondescription	/objects/atprk_forgotten/atprk_forgottenbunkbed/atprk_forgottenbunkbed.object	/atprk_fenronDescription	The bottom bunk is for resting, the top one is for scouting enemies from.
683	atprk_noolithdescription	/objects/atprk_forgotten/atprk_forgottenbunkbed/atprk_forgottenbunkbed.object	/atprk_noolithDescription	What's this, a two-storey bed? Well, I suppose it does save more space in a room.
684	florandescription	/objects/atprk_forgotten/atprk_forgottenbunkbed/atprk_forgottenbunkbed.object	/floranDescription	Top bed iss too high for Floran, Floran will sssleep below.
685	glitchdescription	/objects/atprk_forgotten/atprk_forgottenbunkbed/atprk_forgottenbunkbed.object	/glitchDescription	Distrustful. How do I know the top bunk won't collapse right on me while I'm sleeping?
686	humandescription	/objects/atprk_forgotten/atprk_forgottenbunkbed/atprk_forgottenbunkbed.object	/humanDescription	I call top bunk!
687	hylotldescription	/objects/atprk_forgotten/atprk_forgottenbunkbed/atprk_forgottenbunkbed.object	/hylotlDescription	It does not look safe enough to sleep in calmly.
688	apexdescription	/objects/atprk_forgotten/atprk_forgottencage/atprk_forgottencage.object	/apexDescription	An empty bird cage.
689	atprk_anneliskdescription	/objects/atprk_forgotten/atprk_forgottencage/atprk_forgottencage.object	/atprk_anneliskDescription	An antique bird cage. An actual bird is sold separately.
690	atprk_noolithdescription	/objects/atprk_forgotten/atprk_forgottencage/atprk_forgottencage.object	/atprk_noolithDescription	An empty bird cage made of rusty metal.
691	florandescription	/objects/atprk_forgotten/atprk_forgottencage/atprk_forgottencage.object	/floranDescription	Cage for Floran's meal.
692	glitchdescription	/objects/atprk_forgotten/atprk_forgottencage/atprk_forgottencage.object	/glitchDescription	Disinterested. A rusty bird cage. No birds detected.
693	hylotldescription	/objects/atprk_forgotten/atprk_forgottencage/atprk_forgottencage.object	/hylotlDescription	An old-fashioned bird cage.
694	atprk_fenrondescription	/objects/atprk_forgotten/atprk_forgottenchair/atprk_forgottenchair.object	/atprk_fenronDescription	I hope this chair is as sturdy as it looks.
695	aviandescription	/objects/atprk_forgotten/atprk_forgottenchair/atprk_forgottenchair.object	/avianDescription	Quite an impressive wooden chair, albeit a bit huge.
696	florandescription	/objects/atprk_forgotten/atprk_forgottenchair/atprk_forgottenchair.object	/floranDescription	Big chair with metal framesss.
697	glitchdescription	/objects/atprk_forgotten/atprk_forgottenchair/atprk_forgottenchair.object	/glitchDescription	Impressed. A well-manufactured wooden chair.
698	humandescription	/objects/atprk_forgotten/atprk_forgottenchair/atprk_forgottenchair.object	/humanDescription	This chair may be a bit too large for me but it does look fancy.
699	hylotldescription	/objects/atprk_forgotten/atprk_forgottenchair/atprk_forgottenchair.object	/hylotlDescription	An antique chair of metal and wood.
700	atprk_anneliskdescription	/objects/atprk_forgotten/atprk_forgottenchandelier/atprk_forgottenchandelier.object	/atprk_anneliskDescription	An old-fashioned metal chandelier lying on the floor.
701	atprk_fenrondescription	/objects/atprk_forgotten/atprk_forgottenchandelier/atprk_forgottenchandelier.object	/atprk_fenronDescription	This chandelier's chain is broken. What a shame, I could've made a weapon out of it.
702	florandescription	/objects/atprk_forgotten/atprk_forgottenchandelier/atprk_forgottenchandelier.object	/floranDescription	No more hanging fire, yay!
703	glitchdescription	/objects/atprk_forgotten/atprk_forgottenchandelier/atprk_forgottenchandelier.object	/glitchDescription	Upset. I doubt this chandelier can be repaired.
704	florandescription	/objects/atprk_forgotten/atprk_forgottendesk/atprk_forgottendesk.object	/floranDescription	Short writing desssk. Sssmells like burnt wood.
705	glitchdescription	/objects/atprk_forgotten/atprk_forgottendesk/atprk_forgottendesk.object	/glitchDescription	Disappointed. Too bad those metal legs are covered in rust.
706	apexdescription	/objects/atprk_forgotten/atprk_forgottenorb/atprk_forgottenorb.object	/apexDescription	It is just a fantasy-themed desk lamp, there is nothing magical about it.
707	atprk_anneliskdescription	/objects/atprk_forgotten/atprk_forgottenorb/atprk_forgottenorb.object	/atprk_anneliskDescription	Whatever this orb's made of, it's not real crystal. Pawn shops won't accept it.
708	atprk_fenrondescription	/objects/atprk_forgotten/atprk_forgottenorb/atprk_forgottenorb.object	/atprk_fenronDescription	Does this orb actually do anything other than glowing?
709	aviandescription	/objects/atprk_forgotten/atprk_forgottenorb/atprk_forgottenorb.object	/avianDescription	If you gaze into this orb, you won't see your future. You're more likely to go blind from it.
710	florandescription	/objects/atprk_forgotten/atprk_forgottenorb/atprk_forgottenorb.object	/floranDescription	Fake magical orb.
711	glitchdescription	/objects/atprk_forgotten/atprk_forgottenorb/atprk_forgottenorb.object	/glitchDescription	Humorous. Pondering my orb...
712	novakiddescription	/objects/atprk_forgotten/atprk_forgottenorb/atprk_forgottenorb.object	/novakidDescription	Oh thank goodness, that's just a shiny ball. I thought it was a Novakid's head.
713	apexdescription	/objects/atprk_forgotten/atprk_forgottenstandard/atprk_forgottenstandard.object	/apexDescription	This standard has seen way too many wars.
714	atprk_anneliskdescription	/objects/atprk_forgotten/atprk_forgottenstandard/atprk_forgottenstandard.object	/atprk_anneliskDescription	An old battle standard thingy.
715	atprk_fenrondescription	/objects/atprk_forgotten/atprk_forgottenstandard/atprk_forgottenstandard.object	/atprk_fenronDescription	This banner represents a kingdom that got defeated by a stronger foe.
716	atprk_noolithdescription	/objects/atprk_forgotten/atprk_forgottenstandard/atprk_forgottenstandard.object	/atprk_noolithDescription	Whoever produced this standard is now long-forgotten.
717	aviandescription	/objects/atprk_forgotten/atprk_forgottenstandard/atprk_forgottenstandard.object	/avianDescription	At this point it barely resembles a banner, to be honest.
718	florandescription	/objects/atprk_forgotten/atprk_forgottenstandard/atprk_forgottenstandard.object	/floranDescription	Lookss like sssomeone lossst a war long ago.
719	glitchdescription	/objects/atprk_forgotten/atprk_forgottenstandard/atprk_forgottenstandard.object	/glitchDescription	Mournful. Some battles cannot be won after all.
720	novakiddescription	/objects/atprk_forgotten/atprk_forgottenstandard/atprk_forgottenstandard.object	/novakidDescription	I dunno, a worn-out towel?
721	apexdescription	/objects/atprk_gilded/atprk-gildedbouldertrap/atprk-gildedbouldertrap.object	/apexDescription	The fact that the elder race relied on primitive traps is amusing.
722	atprk_anneliskdescription	/objects/atprk_gilded/atprk-gildedbouldertrap/atprk-gildedbouldertrap.object	/atprk_anneliskDescription	Really? Just a boulder? No lasers, no antimatter bombs, no killer drones? Well, that's anticlimactic.
723	atprk_fenrondescription	/objects/atprk_gilded/atprk-gildedbouldertrap/atprk-gildedbouldertrap.object	/atprk_fenronDescription	My people used boulder traps before it was cool.
724	atprk_noolithdescription	/objects/atprk_gilded/atprk-gildedbouldertrap/atprk-gildedbouldertrap.object	/atprk_noolithDescription	Out of all possible options they had, did they really resort to mere boulder traps?
725	aviandescription	/objects/atprk_gilded/atprk-gildedbouldertrap/atprk-gildedbouldertrap.object	/avianDescription	I expected something more advanced than a boulder trap.
726	florandescription	/objects/atprk_gilded/atprk-gildedbouldertrap/atprk-gildedbouldertrap.object	/floranDescription	Golden hole full of rocksss.
727	glitchdescription	/objects/atprk_gilded/atprk-gildedbouldertrap/atprk-gildedbouldertrap.object	/glitchDescription	Disappointed. I expected more than a boulder trap, to be honest.
728	humandescription	/objects/atprk_gilded/atprk-gildedbouldertrap/atprk-gildedbouldertrap.object	/humanDescription	Rolling boulders come out of this hole.
729	novakiddescription	/objects/atprk_gilded/atprk-gildedbouldertrap/atprk-gildedbouldertrap.object	/novakidDescription	This thing's throwin' rocks at me.
730	apexdescription	/objects/atprk_gilded/atprk-gildedcandles/atprk-gildedcandles.object	/apexDescription	Quite a creative use of natural bioluminescence.
731	atprk_anneliskdescription	/objects/atprk_gilded/atprk-gildedcandles/atprk-gildedcandles.object	/atprk_anneliskDescription	Not only cheap but also a 100% eco-friendly source of light.
732	atprk_fenrondescription	/objects/atprk_gilded/atprk-gildedcandles/atprk-gildedcandles.object	/atprk_fenronDescription	When you don't have an opportunity to make fire, you have to improvise.
733	atprk_noolithdescription	/objects/atprk_gilded/atprk-gildedcandles/atprk-gildedcandles.object	/atprk_noolithDescription	How exactly does this coral get its nourishment, anyway? Is it even natural?
734	aviandescription	/objects/atprk_gilded/atprk-gildedcandles/atprk-gildedcandles.object	/avianDescription	It's not a fire that's glowing...
735	florandescription	/objects/atprk_gilded/atprk-gildedcandles/atprk-gildedcandles.object	/floranDescription	Golden ssstick with no fire, ssstill glowss. Nice.
736	glitchdescription	/objects/atprk_gilded/atprk-gildedcandles/atprk-gildedcandles.object	/glitchDescription	Nostalgic. Golden candlesticks like this can be found in many Glitch manors... except they have no coral.
737	humandescription	/objects/atprk_gilded/atprk-gildedcandles/atprk-gildedcandles.object	/humanDescription	I never thought of using glowing corals in such way.
738	hylotldescription	/objects/atprk_gilded/atprk-gildedcandles/atprk-gildedcandles.object	/hylotlDescription	It's curious how ancient Hylotl also used glowing corals to illuminate their surroundings.
739	atprk_anneliskdescription	/objects/atprk_gilded/atprk-gildedchest/atprk-gildedchest.object	/atprk_anneliskDescription	Woo, it's hoarding time!
740	atprk_fenrondescription	/objects/atprk_gilded/atprk-gildedchest/atprk-gildedchest.object	/atprk_fenronDescription	An ornate chest abandoned for ages.
741	atprk_noolithdescription	/objects/atprk_gilded/atprk-gildedchest/atprk-gildedchest.object	/atprk_noolithDescription	I have a bad feeling about this chest but it's still worth checking it.
742	florandescription	/objects/atprk_gilded/atprk-gildedchest/atprk-gildedchest.object	/floranDescription	Golden chessst full of treasssuress.
743	glitchdescription	/objects/atprk_gilded/atprk-gildedchest/atprk-gildedchest.object	/glitchDescription	Excited. I cannot wait to open this gilded chest!
744	humandescription	/objects/atprk_gilded/atprk-gildedchest/atprk-gildedchest.object	/humanDescription	The chest itself could be considered a treasure.
745	hylotldescription	/objects/atprk_gilded/atprk-gildedchest/atprk-gildedchest.object	/hylotlDescription	I wonder if this chest contains ancient treasures.
746	apexdescription	/objects/atprk_gilded/atprk-gildedcorallight/atprk-gildedcorallight.object	/apexDescription	Nature never stops to amuse me.
747	atprk_noolithdescription	/objects/atprk_gilded/atprk-gildedcorallight/atprk-gildedcorallight.object	/atprk_noolithDescription	I'm not sure how this coral is still alive. Perhaps there's something inside the handle that keeps it from dehydrating.
748	florandescription	/objects/atprk_gilded/atprk-gildedcorallight/atprk-gildedcorallight.object	/floranDescription	Glowing sssea coral.
749	glitchdescription	/objects/atprk_gilded/atprk-gildedcorallight/atprk-gildedcorallight.object	/glitchDescription	Intrigued. This coral emits enough light to be a sufficient lamp replacement.
750	hylotldescription	/objects/atprk_gilded/atprk-gildedcorallight/atprk-gildedcorallight.object	/hylotlDescription	Ember coral is a reliable light source. Sadly, many underestimate it.
751	novakiddescription	/objects/atprk_gilded/atprk-gildedcorallight/atprk-gildedcorallight.object	/novakidDescription	It glows as bright as one of my folks!
752	apexdescription	/objects/atprk_gilded/atprk-gildedemblem/atprk-gildedemblem.object	/apexDescription	Big Ape is watching us the same way this evil eye is.
753	atprk_anneliskdescription	/objects/atprk_gilded/atprk-gildedemblem/atprk-gildedemblem.object	/atprk_anneliskDescription	What are you looking at? I'm not giving you any spare change!
754	atprk_noolithdescription	/objects/atprk_gilded/atprk-gildedemblem/atprk-gildedemblem.object	/atprk_noolithDescription	I recognize this wicked gaze anywhere, in any form...
755	aviandescription	/objects/atprk_gilded/atprk-gildedemblem/atprk-gildedemblem.object	/avianDescription	Who are you, mysterious beholder?
756	florandescription	/objects/atprk_gilded/atprk-gildedemblem/atprk-gildedemblem.object	/floranDescription	What isss thiss eye looking at?
757	glitchdescription	/objects/atprk_gilded/atprk-gildedemblem/atprk-gildedemblem.object	/glitchDescription	Sneering. It's all fun and games until this eye blinks.
758	humandescription	/objects/atprk_gilded/atprk-gildedemblem/atprk-gildedemblem.object	/humanDescription	Yeah, totally doesn't look like the Ruin or anything.
759	hylotldescription	/objects/atprk_gilded/atprk-gildedemblem/atprk-gildedemblem.object	/hylotlDescription	It's rude to stare like that.
760	novakiddescription	/objects/atprk_gilded/atprk-gildedemblem/atprk-gildedemblem.object	/novakidDescription	Ay, what're you lookin' at? Never seen a livin' star before?
761	apexdescription	/objects/atprk_gilded/atprk-gildedemblemlarge/atprk-gildedemblemlarge.object	/apexDescription	It is not Big Ape who's watching me, is it?
762	atprk_anneliskdescription	/objects/atprk_gilded/atprk-gildedemblemlarge/atprk-gildedemblemlarge.object	/atprk_anneliskDescription	I wonder if it's all real gold.
763	atprk_fenrondescription	/objects/atprk_gilded/atprk-gildedemblemlarge/atprk-gildedemblemlarge.object	/atprk_fenronDescription	When your enemy's body is mostly a giant eyeball, it's easy to fight back. First of all, you need to throw some sand in it.
764	atprk_noolithdescription	/objects/atprk_gilded/atprk-gildedemblemlarge/atprk-gildedemblemlarge.object	/atprk_noolithDescription	Never look straight in its iris. You will see nothing but evil and corruption.
765	aviandescription	/objects/atprk_gilded/atprk-gildedemblemlarge/atprk-gildedemblemlarge.object	/avianDescription	The gaze of this emblem unnerves me.
766	florandescription	/objects/atprk_gilded/atprk-gildedemblemlarge/atprk-gildedemblemlarge.object	/floranDescription	Hossstile look... It wantss to attack me!
767	glitchdescription	/objects/atprk_gilded/atprk-gildedemblemlarge/atprk-gildedemblemlarge.object	/glitchDescription	Curious. I wonder if its eyelids can move.
768	humandescription	/objects/atprk_gilded/atprk-gildedemblemlarge/atprk-gildedemblemlarge.object	/humanDescription	How big must a contact lens for this eye be?
769	hylotldescription	/objects/atprk_gilded/atprk-gildedemblemlarge/atprk-gildedemblemlarge.object	/hylotlDescription	If this eye was designed to intimidate parishioners, then it does it quite well.
770	novakiddescription	/objects/atprk_gilded/atprk-gildedemblemlarge/atprk-gildedemblemlarge.object	/novakidDescription	Not much t' look at there, buddy.
771	apexdescription	/objects/atprk_gilded/atprk-gildedfloorbutton/atprk-gildedfloorbutton.object	/apexDescription	Perhaps covering secret buttons in gold is not the best idea.
772	atprk_noolithdescription	/objects/atprk_gilded/atprk-gildedfloorbutton/atprk-gildedfloorbutton.object	/atprk_noolithDescription	What a waste of precious metals. Anyways, it's probably better to avoid this button.
773	aviandescription	/objects/atprk_gilded/atprk-gildedfloorbutton/atprk-gildedfloorbutton.object	/avianDescription	This button shines so much it's hard not to spot it.
774	florandescription	/objects/atprk_gilded/atprk-gildedfloorbutton/atprk-gildedfloorbutton.object	/floranDescription	Sssmall button! Shiny!
775	glitchdescription	/objects/atprk_gilded/atprk-gildedfloorbutton/atprk-gildedfloorbutton.object	/glitchDescription	Sneering. Nice try, but my sensors are good enough to detect this button.
776	humandescription	/objects/atprk_gilded/atprk-gildedfloorbutton/atprk-gildedfloorbutton.object	/humanDescription	Hey, I see a small button on the floor!
777	hylotldescription	/objects/atprk_gilded/atprk-gildedfloorbutton/atprk-gildedfloorbutton.object	/hylotlDescription	I probably shouldn't step on it.
778	novakiddescription	/objects/atprk_gilded/atprk-gildedfloorbutton/atprk-gildedfloorbutton.object	/novakidDescription	That's a sneaky lil' button right there.
779	atprk_anneliskdescription	/objects/atprk_gilded/atprk-gildedglass/atprk-gildedglass.object	/atprk_anneliskDescription	I wonder how much this golden glass costs.
780	florandescription	/objects/atprk_gilded/atprk-gildedglass/atprk-gildedglass.object	/floranDescription	Big cup, Floran can drink a lot with thisss.
781	glitchdescription	/objects/atprk_gilded/atprk-gildedglass/atprk-gildedglass.object	/glitchDescription	Humble. I don't think it's the right time for a feast.
782	hylotldescription	/objects/atprk_gilded/atprk-gildedglass/atprk-gildedglass.object	/hylotlDescription	I wonder what liquids this contained.
783	atprk_anneliskdescription	/objects/atprk_gilded/atprk-gildedidol/atprk-gildedidol.object	/atprk_anneliskDescription	Yet another golden trinket.
784	atprk_noolithdescription	/objects/atprk_gilded/atprk-gildedidol/atprk-gildedidol.object	/atprk_noolithDescription	An object of depraved worship.
785	aviandescription	/objects/atprk_gilded/atprk-gildedidol/atprk-gildedidol.object	/avianDescription	It looks nothing like Kluex.
786	florandescription	/objects/atprk_gilded/atprk-gildedidol/atprk-gildedidol.object	/floranDescription	Sssmall golden creature.
787	glitchdescription	/objects/atprk_gilded/atprk-gildedidol/atprk-gildedidol.object	/glitchDescription	Unsettled. This idol looks similar to the Ruin.
788	atprk_anneliskdescription	/objects/atprk_gilded/atprk-gildedorb/atprk-gildedorb.object	/atprk_anneliskDescription	Grenade!... Wait, why am I saying this?
789	florandescription	/objects/atprk_gilded/atprk-gildedorb/atprk-gildedorb.object	/floranDescription	Important people on paintingsss often hold these thingsss.
790	glitchdescription	/objects/atprk_gilded/atprk-gildedorb/atprk-gildedorb.object	/glitchDescription	Informed. The golden orb, one of the many symbols of a king's authority.
791	apexdescription	/objects/atprk_gilded/atprk-gildedorgan/atprk-gildedorgan.object	/apexDescription	Some Apex nobles keep organs in their mansions as well.
792	atprk_fenrondescription	/objects/atprk_gilded/atprk-gildedorgan/atprk-gildedorgan.object	/atprk_fenronDescription	This huge organ can definitely crush a person if it tips over.
793	aviandescription	/objects/atprk_gilded/atprk-gildedorgan/atprk-gildedorgan.object	/avianDescription	An ominous organ indeed. I wonder what kind of music K'Rakoths played.
794	florandescription	/objects/atprk_gilded/atprk-gildedorgan/atprk-gildedorgan.object	/floranDescription	Bunch of shiny pipesss.
795	glitchdescription	/objects/atprk_gilded/atprk-gildedorgan/atprk-gildedorgan.object	/glitchDescription	Impressed. Albeit uncanny, this organ is well-crafted.
796	humandescription	/objects/atprk_gilded/atprk-gildedorgan/atprk-gildedorgan.object	/humanDescription	An ominous organ. A good choice for a mansion or a church.
797	apexdescription	/objects/atprk_gilded/atprk-gildedpillar/atprk-gildedpillar.object	/apexDescription	I don't think this pillar is very functional.
798	atprk_anneliskdescription	/objects/atprk_gilded/atprk-gildedpillar/atprk-gildedpillar.object	/atprk_anneliskDescription	Great job! So much pure gold down the drain!
799	atprk_noolithdescription	/objects/atprk_gilded/atprk-gildedpillar/atprk-gildedpillar.object	/atprk_noolithDescription	It could be a beautiful pillar but they just had to ruin it with grotesque hieroglyphs.
800	aviandescription	/objects/atprk_gilded/atprk-gildedpillar/atprk-gildedpillar.object	/avianDescription	This pillar stayed intact for so long...
801	florandescription	/objects/atprk_gilded/atprk-gildedpillar/atprk-gildedpillar.object	/floranDescription	Ssstrong golden pillar.
802	glitchdescription	/objects/atprk_gilded/atprk-gildedpillar/atprk-gildedpillar.object	/glitchDescription	Informed. This pillar isn't really covered in gold. It appears to be an alloy.
803	humandescription	/objects/atprk_gilded/atprk-gildedpillar/atprk-gildedpillar.object	/humanDescription	Some heavy-looking pillar.
804	novakiddescription	/objects/atprk_gilded/atprk-gildedpillar/atprk-gildedpillar.object	/novakidDescription	Why'd anyone waste so much gold on a pillar?
805	atprk_anneliskdescription	/objects/atprk_gilded/atprk-gildedportrait-crystal/atprk-gildedportrait-crystal.object	/atprk_anneliskDescription	For a second I thought it was a company logo.
806	atprk_fenrondescription	/objects/atprk_gilded/atprk-gildedportrait-crystal/atprk-gildedportrait-crystal.object	/atprk_fenronDescription	What's up with that judgemental look?
807	atprk_noolithdescription	/objects/atprk_gilded/atprk-gildedportrait-crystal/atprk-gildedportrait-crystal.object	/atprk_noolithDescription	The things those maddened zealots did to my people... They cannot be forgiven.
808	aviandescription	/objects/atprk_gilded/atprk-gildedportrait-crystal/atprk-gildedportrait-crystal.object	/avianDescription	I'm not sure if this is an actual head of a being or its helmet.
809	florandescription	/objects/atprk_gilded/atprk-gildedportrait-crystal/atprk-gildedportrait-crystal.object	/floranDescription	Ssstone cyclopsss?
810	glitchdescription	/objects/atprk_gilded/atprk-gildedportrait-crystal/atprk-gildedportrait-crystal.object	/glitchDescription	Confused. Does this head belong to a member of another robot race?
811	humandescription	/objects/atprk_gilded/atprk-gildedportrait-crystal/atprk-gildedportrait-crystal.object	/humanDescription	Perhaps it was the easiest portrait to make.
812	novakiddescription	/objects/atprk_gilded/atprk-gildedportrait-crystal/atprk-gildedportrait-crystal.object	/novakidDescription	You should frown less, my crystal buddy.
813	apexdescription	/objects/atprk_gilded/atprk-gildedportrait-glitch/atprk-gildedportrait-glitch.object	/apexDescription	Is this a Glitch saint's portrait or just a meaningless decoration?
814	atprk_anneliskdescription	/objects/atprk_gilded/atprk-gildedportrait-glitch/atprk-gildedportrait-glitch.object	/atprk_anneliskDescription	I don't know who this Glitch was but it seems they were in high spirits.
815	atprk_noolithdescription	/objects/atprk_gilded/atprk-gildedportrait-glitch/atprk-gildedportrait-glitch.object	/atprk_noolithDescription	The Glitch were always the most loyal to the False Lords. If only they knew better...
816	aviandescription	/objects/atprk_gilded/atprk-gildedportrait-glitch/atprk-gildedportrait-glitch.object	/avianDescription	Looks like K'Rakoths had some respect for the Glitch. This portrait is very accurate.
817	florandescription	/objects/atprk_gilded/atprk-gildedportrait-glitch/atprk-gildedportrait-glitch.object	/floranDescription	Metal man's face made of gold.
818	glitchdescription	/objects/atprk_gilded/atprk-gildedportrait-glitch/atprk-gildedportrait-glitch.object	/glitchDescription	Impressed. The K'Rakoths made a truly accurate replica of a Glitch's face.
819	humandescription	/objects/atprk_gilded/atprk-gildedportrait-glitch/atprk-gildedportrait-glitch.object	/humanDescription	The elder race appreciated the Glitch, it seems.
820	hylotldescription	/objects/atprk_gilded/atprk-gildedportrait-glitch/atprk-gildedportrait-glitch.object	/hylotlDescription	It sure looks amazing, but why not a beautiful Hylotl's face?
821	apexdescription	/objects/atprk_gilded/atprk-gildedportrait-tailed/atprk-gildedportrait-tailed.object	/apexDescription	Neither Apex, nor Human, nor Fenerox, but clearly mammalian.
822	atprk_fenrondescription	/objects/atprk_gilded/atprk-gildedportrait-tailed/atprk-gildedportrait-tailed.object	/atprk_fenronDescription	If it is supposed to be a Fenron, then it's anything but.
823	atprk_noolithdescription	/objects/atprk_gilded/atprk-gildedportrait-tailed/atprk-gildedportrait-tailed.object	/atprk_noolithDescription	So many Fenrons were sacrificed for nothing. I hope that at least their souls could find some rest.
824	florandescription	/objects/atprk_gilded/atprk-gildedportrait-tailed/atprk-gildedportrait-tailed.object	/floranDescription	Wild cat'sss face?
825	glitchdescription	/objects/atprk_gilded/atprk-gildedportrait-tailed/atprk-gildedportrait-tailed.object	/glitchDescription	Irked. This face definitely has feline features but doesn't quite match most known species.
826	humandescription	/objects/atprk_gilded/atprk-gildedportrait-tailed/atprk-gildedportrait-tailed.object	/humanDescription	Look, there are many furry races out there, how am I supposed to know which one this emblem represents?
827	novakiddescription	/objects/atprk_gilded/atprk-gildedportrait-tailed/atprk-gildedportrait-tailed.object	/novakidDescription	Kinda looks like a wild cat if you ask me.
828	apexdescription	/objects/atprk_gilded/atprk-gildedportrait-worm/atprk-gildedportrait-worm.object	/apexDescription	It's hard to tell whether it's a snake or a worm.
829	atprk_anneliskdescription	/objects/atprk_gilded/atprk-gildedportrait-worm/atprk-gildedportrait-worm.object	/atprk_anneliskDescription	I wish somebody made me a golden portrait too.
830	atprk_fenrondescription	/objects/atprk_gilded/atprk-gildedportrait-worm/atprk-gildedportrait-worm.object	/atprk_fenronDescription	An evil-looking serpent. I can tell by the look in its eyes that it prepares to pounce.
831	atprk_noolithdescription	/objects/atprk_gilded/atprk-gildedportrait-worm/atprk-gildedportrait-worm.object	/atprk_noolithDescription	The Annelisks' greed is what led them to help Ri'shaan zealots. They had no idea what they sold their freedom for.
832	florandescription	/objects/atprk_gilded/atprk-gildedportrait-worm/atprk-gildedportrait-worm.object	/floranDescription	Floran doesss not know whossse face it iss.
833	glitchdescription	/objects/atprk_gilded/atprk-gildedportrait-worm/atprk-gildedportrait-worm.object	/glitchDescription	Puzzled. Is this a reptiloid creature? It could be an insectoid, though.
834	humandescription	/objects/atprk_gilded/atprk-gildedportrait-worm/atprk-gildedportrait-worm.object	/humanDescription	What is this, a mask? Doesn't look like a normal face anyway.
835	hylotldescription	/objects/atprk_gilded/atprk-gildedportrait-worm/atprk-gildedportrait-worm.object	/hylotlDescription	Featureless faces like this one are not recognizable at all. Who is this?
836	apexdescription	/objects/atprk_gilded/atprk-gildedpressureplatform/atprk-gildedpressureplatform.object	/apexDescription	I suspect it is yet another pressure sensitive platform, but golden.
837	atprk_fenrondescription	/objects/atprk_gilded/atprk-gildedpressureplatform/atprk-gildedpressureplatform.object	/atprk_fenronDescription	If I move fast enough, I shoudn't fall off this slippery platform.
838	atprk_noolithdescription	/objects/atprk_gilded/atprk-gildedpressureplatform/atprk-gildedpressureplatform.object	/atprk_noolithDescription	An obviously rigged platform.
839	glitchdescription	/objects/atprk_gilded/atprk-gildedpressureplatform/atprk-gildedpressureplatform.object	/glitchDescription	Doubtful. Something is off about this platform.
840	hylotldescription	/objects/atprk_gilded/atprk-gildedpressureplatform/atprk-gildedpressureplatform.object	/hylotlDescription	What a waste of precious metals, honestly.
841	novakiddescription	/objects/atprk_gilded/atprk-gildedpressureplatform/atprk-gildedpressureplatform.object	/novakidDescription	It may be golden but I shouldn't stand on it for too long.
842	apexdescription	/objects/atprk_gilded/atprk-gildedstatue/atprk-gildedstatue.object	/apexDescription	Is this what K'Rakoth ruler looked like?
843	atprk_anneliskdescription	/objects/atprk_gilded/atprk-gildedstatue/atprk-gildedstatue.object	/atprk_anneliskDescription	This fella must've been a big shot.
844	atprk_fenrondescription	/objects/atprk_gilded/atprk-gildedstatue/atprk-gildedstatue.object	/atprk_fenronDescription	There is no way this hunched squid got any legitimate respect from their peers.
845	florandescription	/objects/atprk_gilded/atprk-gildedstatue/atprk-gildedstatue.object	/floranDescription	Golden king or sssomething.
846	glitchdescription	/objects/atprk_gilded/atprk-gildedstatue/atprk-gildedstatue.object	/glitchDescription	Respectful. This specimen looks like a worthy king.
847	novakiddescription	/objects/atprk_gilded/atprk-gildedstatue/atprk-gildedstatue.object	/novakidDescription	This golden fella probably had a big name.
848	apexdescription	/objects/atprk_glitchdevout/atprk_glitcharmor/atprk_glitcharmor.object	/apexDescription	Some sort of high-tech armor made of metals I don't recognize.
849	atprk_anneliskdescription	/objects/atprk_glitchdevout/atprk_glitcharmor/atprk_glitcharmor.object	/atprk_anneliskDescription	Oh wow, I thought these things were gone forever. Who knows, maybe I can still find blueprints for my own suit.
850	atprk_fenrondescription	/objects/atprk_glitchdevout/atprk_glitcharmor/atprk_glitcharmor.object	/atprk_fenronDescription	This armor suit is impressive sure, but isn't it a bit too modern for the Glitch?
851	aviandescription	/objects/atprk_glitchdevout/atprk_glitcharmor/atprk_glitcharmor.object	/avianDescription	This armor looks advanced by Glitch standards.
852	florandescription	/objects/atprk_glitchdevout/atprk_glitcharmor/atprk_glitcharmor.object	/floranDescription	Metal men don't have thiss kind of armor...
853	glitchdescription	/objects/atprk_glitchdevout/atprk_glitcharmor/atprk_glitcharmor.object	/glitchDescription	Unsettled. I don't remember any Glitch kingdom having armor like this.
854	humandescription	/objects/atprk_glitchdevout/atprk_glitcharmor/atprk_glitcharmor.object	/humanDescription	This looks somewhat similar to Human armor. How interesting...
855	hylotldescription	/objects/atprk_glitchdevout/atprk_glitcharmor/atprk_glitcharmor.object	/hylotlDescription	What is this armor made of? I don't recognize the material.
856	novakiddescription	/objects/atprk_glitchdevout/atprk_glitcharmor/atprk_glitcharmor.object	/novakidDescription	This armor's bit too advanced for the Glitch. That's weird.
857	apexdescription	/objects/atprk_glitchdevout/atprk_glitchbanner1/atprk_glitchbanner1.object	/apexDescription	An uncanny looking banner.
858	atprk_anneliskdescription	/objects/atprk_glitchdevout/atprk_glitchbanner1/atprk_glitchbanner1.object	/atprk_anneliskDescription	Meh, I've seen better.
859	atprk_fenrondescription	/objects/atprk_glitchdevout/atprk_glitchbanner1/atprk_glitchbanner1.object	/atprk_fenronDescription	Whatever this creature on the banner is supposed to be, it doesn't look like an apex predator.
860	atprk_noolithdescription	/objects/atprk_glitchdevout/atprk_glitchbanner1/atprk_glitchbanner1.object	/atprk_noolithDescription	I wish I could just burn this ugly rug.
861	aviandescription	/objects/atprk_glitchdevout/atprk_glitchbanner1/atprk_glitchbanner1.object	/avianDescription	Is this a cyclops squid? A mythological creature, perhaps?
862	florandescription	/objects/atprk_glitchdevout/atprk_glitchbanner1/atprk_glitchbanner1.object	/floranDescription	Floran wantsss to eat pink squid.
863	glitchdescription	/objects/atprk_glitchdevout/atprk_glitchbanner1/atprk_glitchbanner1.object	/glitchDescription	Worried. I have several theories about this banner and hope they're all wrong.
864	humandescription	/objects/atprk_glitchdevout/atprk_glitchbanner1/atprk_glitchbanner1.object	/humanDescription	Whoever this banner belongs to, I hope they're not related to the Ocassus.
865	hylotldescription	/objects/atprk_glitchdevout/atprk_glitchbanner1/atprk_glitchbanner1.object	/hylotlDescription	The creature on this banner reminds me of marine life.
866	novakiddescription	/objects/atprk_glitchdevout/atprk_glitchbanner1/atprk_glitchbanner1.object	/novakidDescription	There's some strange squid on this banner. Did those robots like calamari or somethin'?
867	atprk_anneliskdescription	/objects/atprk_glitchdevout/atprk_glitchbanner2/atprk_glitchbanner2.object	/atprk_anneliskDescription	I dunno, all those royal banners and stuff are too pompous for my taste.
868	atprk_fenrondescription	/objects/atprk_glitchdevout/atprk_glitchbanner2/atprk_glitchbanner2.object	/atprk_fenronDescription	Not convincing enough. Your banner must display all of your force and courage.
869	florandescription	/objects/atprk_glitchdevout/atprk_glitchbanner2/atprk_glitchbanner2.object	/floranDescription	Dark pink banner. Not very ssscary.
870	glitchdescription	/objects/atprk_glitchdevout/atprk_glitchbanner2/atprk_glitchbanner2.object	/glitchDescription	Thoughtful. The pattern on this banner is unknown to me.
871	novakiddescription	/objects/atprk_glitchdevout/atprk_glitchbanner2/atprk_glitchbanner2.object	/novakidDescription	This banner's alright.
872	apexdescription	/objects/atprk_glitchdevout/atprk_glitchpainting1/atprk_glitchpainting1.object	/apexDescription	I suppose a Glitch kingdom used to serve this creature.
873	atprk_anneliskdescription	/objects/atprk_glitchdevout/atprk_glitchpainting1/atprk_glitchpainting1.object	/atprk_anneliskDescription	Eww. I wouldn't even let that big guy stand so close to me.
874	atprk_fenrondescription	/objects/atprk_glitchdevout/atprk_glitchpainting1/atprk_glitchpainting1.object	/atprk_fenronDescription	This squidface is clearly looking for a fight. Hit them right in the eye, robot!
875	atprk_noolithdescription	/objects/atprk_glitchdevout/atprk_glitchpainting1/atprk_glitchpainting1.object	/atprk_noolithDescription	So many centuries have passed, and there are still people who are this loyal to the False Lords. How gross and pathetic.
876	aviandescription	/objects/atprk_glitchdevout/atprk_glitchpainting1/atprk_glitchpainting1.object	/avianDescription	Did the Glitch indeed worship those strange beings?
877	florandescription	/objects/atprk_glitchdevout/atprk_glitchpainting1/atprk_glitchpainting1.object	/floranDescription	Floran wantsss to ssstab this green ssquid.
878	glitchdescription	/objects/atprk_glitchdevout/atprk_glitchpainting1/atprk_glitchpainting1.object	/glitchDescription	Disturbed. The more I learn about the Glitch's past, the more unnerving it gets.
879	humandescription	/objects/atprk_glitchdevout/atprk_glitchpainting1/atprk_glitchpainting1.object	/humanDescription	If I were this Glitch, I'd feel very uncomfortable.
880	hylotldescription	/objects/atprk_glitchdevout/atprk_glitchpainting1/atprk_glitchpainting1.object	/hylotlDescription	Surprisingly vivid colors for a Glitch painting.
881	novakiddescription	/objects/atprk_glitchdevout/atprk_glitchpainting1/atprk_glitchpainting1.object	/novakidDescription	An alien squid's about t' eat this Glitch, I guess?
882	atprk_fenrondescription	/objects/atprk_glitchdevout/atprk_glitchstandard/atprk_glitchstandard.object	/atprk_fenronDescription	What an unusual color for a battle flag, especially for one sewn by the Glitch.
883	atprk_noolithdescription	/objects/atprk_glitchdevout/atprk_glitchstandard/atprk_glitchstandard.object	/atprk_noolithDescription	I don't even want to look at this heinously vibrant flag.
884	florandescription	/objects/atprk_glitchdevout/atprk_glitchstandard/atprk_glitchstandard.object	/floranDescription	Metal man's battle flag.
885	glitchdescription	/objects/atprk_glitchdevout/atprk_glitchstandard/atprk_glitchstandard.object	/glitchDescription	Informed. A Glitch battle standard. They are usually checkered, though.
886	apexdescription	/objects/atprk_glitchdevout/atprk_krakothstonestatue/atprk_krakothstonestatue.object	/apexDescription	This statue is labelled as K'Rakoth. Is this the creature's name or a species?
887	atprk_anneliskdescription	/objects/atprk_glitchdevout/atprk_krakothstonestatue/atprk_krakothstonestatue.object	/atprk_anneliskDescription	So the tincans still make statues of the old ones, huh? What a bunch of bootlickers.
888	atprk_noolithdescription	/objects/atprk_glitchdevout/atprk_krakothstonestatue/atprk_krakothstonestatue.object	/atprk_noolithDescription	Simply disgusting.
889	aviandescription	/objects/atprk_glitchdevout/atprk_krakothstonestatue/atprk_krakothstonestatue.object	/avianDescription	This creature is called... K'Rakoth?...
890	florandescription	/objects/atprk_glitchdevout/atprk_krakothstonestatue/atprk_krakothstonestatue.object	/floranDescription	Big creepy mollusk. Ssstatue sssays K'Rakoth.
891	glitchdescription	/objects/atprk_glitchdevout/atprk_krakothstonestatue/atprk_krakothstonestatue.object	/glitchDescription	Analytical. This statue depicts a creature called K'Rakoth.
892	humandescription	/objects/atprk_glitchdevout/atprk_krakothstonestatue/atprk_krakothstonestatue.object	/humanDescription	So this thing's name is K'Rakoth, huh? If the description is correct...
893	apexdescription	/objects/atprk_glitchdevout/atprk_servantstatue-crystal/atprk_servantstatue-crystal.object	/apexDescription	Is this an anthropomorphic Peblit?
894	atprk_anneliskdescription	/objects/atprk_glitchdevout/atprk_servantstatue-crystal/atprk_servantstatue-crystal.object	/atprk_anneliskDescription	Nah, the real ones look way more majestic than that. And more snobbish, of course.
895	atprk_fenrondescription	/objects/atprk_glitchdevout/atprk_servantstatue-crystal/atprk_servantstatue-crystal.object	/atprk_fenronDescription	I could take on this crystal golem with no effort. Mark my words.
896	atprk_noolithdescription	/objects/atprk_glitchdevout/atprk_servantstatue-crystal/atprk_servantstatue-crystal.object	/atprk_noolithDescription	I have to admit, this one looks pretty convincing.
897	aviandescription	/objects/atprk_glitchdevout/atprk_servantstatue-crystal/atprk_servantstatue-crystal.object	/avianDescription	Who is this crystal being? Is there a race like this?
898	florandescription	/objects/atprk_glitchdevout/atprk_servantstatue-crystal/atprk_servantstatue-crystal.object	/floranDescription	One-eyed stone man. Lookss ssspiky.
899	glitchdescription	/objects/atprk_glitchdevout/atprk_servantstatue-crystal/atprk_servantstatue-crystal.object	/glitchDescription	Analytical. This statue probably depicts a silicon-based lifeform.
900	humandescription	/objects/atprk_glitchdevout/atprk_servantstatue-crystal/atprk_servantstatue-crystal.object	/humanDescription	Is this a crystal person? Or, I don't know, a golem?
901	novakiddescription	/objects/atprk_glitchdevout/atprk_servantstatue-crystal/atprk_servantstatue-crystal.object	/novakidDescription	I don't remember seein' any folks like this.
902	apexdescription	/objects/atprk_glitchdevout/atprk_servantstatue-glitch/atprk_servantstatue-glitch.object	/apexDescription	This statue is labelled as Automaton. Is this the other name for a Glitch?
903	atprk_anneliskdescription	/objects/atprk_glitchdevout/atprk_servantstatue-glitch/atprk_servantstatue-glitch.object	/atprk_anneliskDescription	Oh wow, these guys now come in stone, too! He heh. Never gets old.
904	atprk_fenrondescription	/objects/atprk_glitchdevout/atprk_servantstatue-glitch/atprk_servantstatue-glitch.object	/atprk_fenronDescription	The Glitch may be powerful but they will never match a Fenron! Flesh always stands a chance against steel!
905	atprk_noolithdescription	/objects/atprk_glitchdevout/atprk_servantstatue-glitch/atprk_servantstatue-glitch.object	/atprk_noolithDescription	Some things never change, it seems...
906	florandescription	/objects/atprk_glitchdevout/atprk_servantstatue-glitch/atprk_servantstatue-glitch.object	/floranDescription	Machine man made of ssstone. Stone isss old.
907	glitchdescription	/objects/atprk_glitchdevout/atprk_servantstatue-glitch/atprk_servantstatue-glitch.object	/glitchDescription	Curious. Even though this statue clearly depicts a Glitch, it is signed as Automaton.
908	humandescription	/objects/atprk_glitchdevout/atprk_servantstatue-glitch/atprk_servantstatue-glitch.object	/humanDescription	They used colored stone for eyes. How creative.
909	apexdescription	/objects/atprk_glitchdevout/atprk_servantstatue-tailed/atprk_servantstatue-tailed.object	/apexDescription	This specimen seems to be a mammalian creature but different from an Apex or a Human.
910	atprk_anneliskdescription	/objects/atprk_glitchdevout/atprk_servantstatue-tailed/atprk_servantstatue-tailed.object	/atprk_anneliskDescription	Check out this tough guy over here! Looks like a real deal to me!
911	atprk_fenrondescription	/objects/atprk_glitchdevout/atprk_servantstatue-tailed/atprk_servantstatue-tailed.object	/atprk_fenronDescription	So many inaccuracies. Was this statue made in a haste or something?
912	aviandescription	/objects/atprk_glitchdevout/atprk_servantstatue-tailed/atprk_servantstatue-tailed.object	/avianDescription	I don't know who it is. Some mutated Fenerox?
913	florandescription	/objects/atprk_glitchdevout/atprk_servantstatue-tailed/atprk_servantstatue-tailed.object	/floranDescription	Fluffy thing made of stone. Floran doesssn't know what it isss.
914	glitchdescription	/objects/atprk_glitchdevout/atprk_servantstatue-tailed/atprk_servantstatue-tailed.object	/glitchDescription	Analytical. This statue depicts a member of an unknown mammalian species.
915	humandescription	/objects/atprk_glitchdevout/atprk_servantstatue-tailed/atprk_servantstatue-tailed.object	/humanDescription	Reminds me of foxes in a way, but I've no clue who it is.
916	novakiddescription	/objects/atprk_glitchdevout/atprk_servantstatue-tailed/atprk_servantstatue-tailed.object	/novakidDescription	Some furry guy. I've never seen anybody like him.
917	atprk_anneliskdescription	/objects/atprk_glitchdevout/atprk_servantstatue-worm/atprk_servantstatue-worm.object	/atprk_anneliskDescription	Hey handsome... Just kidding, you're not my type.
918	atprk_fenrondescription	/objects/atprk_glitchdevout/atprk_servantstatue-worm/atprk_servantstatue-worm.object	/atprk_fenronDescription	Hmph. Why would anyone erect a whole statue for a spineless worm?
919	atprk_noolithdescription	/objects/atprk_glitchdevout/atprk_servantstatue-worm/atprk_servantstatue-worm.object	/atprk_noolithDescription	The Annelisks... Sometimes they were even more vicious than the False Lords.
920	aviandescription	/objects/atprk_glitchdevout/atprk_servantstatue-worm/atprk_servantstatue-worm.object	/avianDescription	Is it okay if this statue makes me hungry?
921	florandescription	/objects/atprk_glitchdevout/atprk_servantstatue-worm/atprk_servantstatue-worm.object	/floranDescription	Sssstone sssnake. Or worm.
922	glitchdescription	/objects/atprk_glitchdevout/atprk_servantstatue-worm/atprk_servantstatue-worm.object	/glitchDescription	Analytical. This statue depicts some annelid lifeform.
923	hylotldescription	/objects/atprk_glitchdevout/atprk_servantstatue-worm/atprk_servantstatue-worm.object	/hylotlDescription	I don't recognize this species. Is this a giant eel with arms?
924	apexdescription	/objects/atprk_krakoth/atprk-4dchair/atprk-4dchair.object	/apexDescription	Are there any side effects of resting on this extradimensional chair?
925	aviandescription	/objects/atprk_krakoth/atprk-4dchair/atprk-4dchair.object	/avianDescription	This does not look very safe.
926	florandescription	/objects/atprk_krakoth/atprk-4dchair/atprk-4dchair.object	/floranDescription	Floran sssit on sssomething out of this dimensssion.
927	glitchdescription	/objects/atprk_krakoth/atprk-4dchair/atprk-4dchair.object	/glitchDescription	Doubtful. This chair doesn't look safe.
928	humandescription	/objects/atprk_krakoth/atprk-4dchair/atprk-4dchair.object	/humanDescription	My butt won't become four-dimensional from sitting on that chair, will it?
929	hylotldescription	/objects/atprk_krakoth/atprk-4dchair/atprk-4dchair.object	/hylotlDescription	I would rather not risk sitting on this otherworldly chair.
930	aviandescription	/objects/atprk_krakoth/atprk-4dcratemedium/atprk-4dcratemedium.object	/avianDescription	Is this a four-dimensional container? By Kluex, how is this possible?
931	florandescription	/objects/atprk_krakoth/atprk-4dcratemedium/atprk-4dcratemedium.object	/floranDescription	Floran doess not get it. Is thisss a box insside another box?
932	glitchdescription	/objects/atprk_krakoth/atprk-4dcratemedium/atprk-4dcratemedium.object	/glitchDescription	Intrigued. This container has additional four-dimensional space to store even more items with.
933	humandescription	/objects/atprk_krakoth/atprk-4dcratemedium/atprk-4dcratemedium.object	/humanDescription	Wait, is that glowing cube in the middle the actual crate?
934	hylotldescription	/objects/atprk_krakoth/atprk-4dcratemedium/atprk-4dcratemedium.object	/hylotlDescription	I never would've thought that tesseract crates are possible.
935	novakiddescription	/objects/atprk_krakoth/atprk-4dcratemedium/atprk-4dcratemedium.object	/novakidDescription	Somethin' ain't right about this crate, if you ask me.
936	aviandescription	/objects/atprk_krakoth/atprk-4dcratesmall/atprk-4dcratesmall.object	/avianDescription	I wonder if I can make four-dimensional storage even smaller. Maybe I could carry it around then!
937	florandescription	/objects/atprk_krakoth/atprk-4dcratesmall/atprk-4dcratesmall.object	/floranDescription	It's bigger on the inssside!
938	glitchdescription	/objects/atprk_krakoth/atprk-4dcratesmall/atprk-4dcratesmall.object	/glitchDescription	Surprised. This container's capacity is comparable to a large cargo crate.
939	hylotldescription	/objects/atprk_krakoth/atprk-4dcratesmall/atprk-4dcratesmall.object	/hylotlDescription	With this extradimensional box, I can use space more efficiently.
940	novakiddescription	/objects/atprk_krakoth/atprk-4dcratesmall/atprk-4dcratesmall.object	/novakidDescription	This lil' box has enough space for all my guns!
941	apexdescription	/objects/atprk_krakoth/atprk-4dcratetiniest/atprk-4dcratetiniest.object	/apexDescription	At this point it does not even look all that efficient.
942	aviandescription	/objects/atprk_krakoth/atprk-4dcratetiniest/atprk-4dcratetiniest.object	/avianDescription	I cannot believe how small it is...
943	florandescription	/objects/atprk_krakoth/atprk-4dcratetiniest/atprk-4dcratetiniest.object	/floranDescription	Tiny boxesss for the win!
944	glitchdescription	/objects/atprk_krakoth/atprk-4dcratetiniest/atprk-4dcratetiniest.object	/glitchDescription	Inspired. In theory, this capsule could be made even smaller... for science!
945	humandescription	/objects/atprk_krakoth/atprk-4dcratetiniest/atprk-4dcratetiniest.object	/humanDescription	Okay, now this is just plain stupid.
946	novakiddescription	/objects/atprk_krakoth/atprk-4dcratetiniest/atprk-4dcratetiniest.object	/novakidDescription	Not gonna lie, I didn't expect that lil' thing to work.
947	apexdescription	/objects/atprk_krakoth/atprk-4dcratetiny/atprk-4dcratetiny.object	/apexDescription	This is clearly getting out of hand.
948	aviandescription	/objects/atprk_krakoth/atprk-4dcratetiny/atprk-4dcratetiny.object	/avianDescription	At least it won't take much space itself.
949	florandescription	/objects/atprk_krakoth/atprk-4dcratetiny/atprk-4dcratetiny.object	/floranDescription	Sssmall on the outsside, huge on the inssside. Floran likesss it.
950	glitchdescription	/objects/atprk_krakoth/atprk-4dcratetiny/atprk-4dcratetiny.object	/glitchDescription	Curious. This box is pretty, but can we go even smaller?
951	humandescription	/objects/atprk_krakoth/atprk-4dcratetiny/atprk-4dcratetiny.object	/humanDescription	I could have everything I need to build a house contained in this casket!
952	novakiddescription	/objects/atprk_krakoth/atprk-4dcratetiny/atprk-4dcratetiny.object	/novakidDescription	It ain't science anymore, it's magic!
953	apexdescription	/objects/atprk_krakoth/atprk-4dperfect/atprk-4dperfect.object	/apexDescription	The way I see it, it appears to be one of the best tesseracts I've ever seen.
954	florandescription	/objects/atprk_krakoth/atprk-4dperfect/atprk-4dperfect.object	/floranDescription	Sssupercube's very unnatural. Too perfect.
955	glitchdescription	/objects/atprk_krakoth/atprk-4dperfect/atprk-4dperfect.object	/glitchDescription	Curious. Why are most other tesseracts pink, anyway?
956	humandescription	/objects/atprk_krakoth/atprk-4dperfect/atprk-4dperfect.object	/humanDescription	What's so special about a perfectly tesseract-shaped tesseract?
957	novakiddescription	/objects/atprk_krakoth/atprk-4dperfect/atprk-4dperfect.object	/novakidDescription	Now it's somehow even more generic than before!
958	apexdescription	/objects/atprk_krakoth/atprk-4dtable/atprk-4dtable.object	/apexDescription	It is not very responsible to use non-Euclidean geometry this way.
959	aviandescription	/objects/atprk_krakoth/atprk-4dtable/atprk-4dtable.object	/avianDescription	I hope my lunch will not phase through this table.
960	florandescription	/objects/atprk_krakoth/atprk-4dtable/atprk-4dtable.object	/floranDescription	Now Floran can chop meatsss on extradimensssional thingsss!
961	glitchdescription	/objects/atprk_krakoth/atprk-4dtable/atprk-4dtable.object	/glitchDescription	Distrust. It'd better not create a dimensional rift while I'm having dinner.
962	hylotldescription	/objects/atprk_krakoth/atprk-4dtable/atprk-4dtable.object	/hylotlDescription	An extradimensional object used as a table top. I question its safety.
963	novakiddescription	/objects/atprk_krakoth/atprk-4dtable/atprk-4dtable.object	/novakidDescription	Some timey-wimey table, I guess.
964	apexdescription	/objects/atprk_krakoth/atprk-eldritchaltar/atprk-eldritchaltar.object	/apexDescription	I think this counter was used as an altar for ancient rituals.
965	aviandescription	/objects/atprk_krakoth/atprk-eldritchaltar/atprk-eldritchaltar.object	/avianDescription	I bet this altar hasn't been used in any rituals for a while.
966	florandescription	/objects/atprk_krakoth/atprk-eldritchaltar/atprk-eldritchaltar.object	/floranDescription	Ancient table. Floran can chop meat on it.
967	glitchdescription	/objects/atprk_krakoth/atprk-eldritchaltar/atprk-eldritchaltar.object	/glitchDescription	Worried. I hope this altar wasn't used for anything sinister.
968	humandescription	/objects/atprk_krakoth/atprk-eldritchaltar/atprk-eldritchaltar.object	/humanDescription	I wouldn't put this counter in my house.
969	hylotldescription	/objects/atprk_krakoth/atprk-eldritchaltar/atprk-eldritchaltar.object	/hylotlDescription	I guess this altar was used for ancient rituals.
970	novakiddescription	/objects/atprk_krakoth/atprk-eldritchaltar/atprk-eldritchaltar.object	/novakidDescription	This strange counter has symbols on it. What do they mean?
971	aviandescription	/objects/atprk_krakoth/atprk-eldritchbell/atprk-eldritchbell.object	/avianDescription	Why would you need a bell underwater?
972	florandescription	/objects/atprk_krakoth/atprk-eldritchbell/atprk-eldritchbell.object	/floranDescription	Ussseless bell. Better leave it.
973	glitchdescription	/objects/atprk_krakoth/atprk-eldritchbell/atprk-eldritchbell.object	/glitchDescription	Nostalgic. Glitch villages make similar bells.
974	humandescription	/objects/atprk_krakoth/atprk-eldritchbell/atprk-eldritchbell.object	/humanDescription	This bell is broken. What a shame.
975	hylotldescription	/objects/atprk_krakoth/atprk-eldritchbell/atprk-eldritchbell.object	/hylotlDescription	It must be one of those K'Rakothan artifacts. Too bad it's broken.
976	novakiddescription	/objects/atprk_krakoth/atprk-eldritchbell/atprk-eldritchbell.object	/novakidDescription	Too bad it doesn't ring anymore.
977	apexdescription	/objects/atprk_krakoth/atprk-eldritchcaptainchair/atprk-eldritchcaptainchair.object	/apexDescription	An ancient captain's chair.
978	aviandescription	/objects/atprk_krakoth/atprk-eldritchcaptainchair/atprk-eldritchcaptainchair.object	/avianDescription	An ancient metal chair reserved for crewmembers.
979	florandescription	/objects/atprk_krakoth/atprk-eldritchcaptainchair/atprk-eldritchcaptainchair.object	/floranDescription	Hard metal chair for ssspacemen.
980	glitchdescription	/objects/atprk_krakoth/atprk-eldritchcaptainchair/atprk-eldritchcaptainchair.object	/glitchDescription	Informed. It appears to be a captain's chair.
981	humandescription	/objects/atprk_krakoth/atprk-eldritchcaptainchair/atprk-eldritchcaptainchair.object	/humanDescription	An angular chair composed of strange metals.
982	apexdescription	/objects/atprk_krakoth/atprk-eldritchcaptainchairlarge/atprk-eldritchcaptainchairlarge.object	/apexDescription	This chair was clearly designed to be used by a large creature.
983	aviandescription	/objects/atprk_krakoth/atprk-eldritchcaptainchairlarge/atprk-eldritchcaptainchairlarge.object	/avianDescription	Whoever sat on this chair was a tall person.
984	florandescription	/objects/atprk_krakoth/atprk-eldritchcaptainchairlarge/atprk-eldritchcaptainchairlarge.object	/floranDescription	Giant'ss ssseat. Floran wishesss Floran could fight itsss owner.
985	glitchdescription	/objects/atprk_krakoth/atprk-eldritchcaptainchairlarge/atprk-eldritchcaptainchairlarge.object	/glitchDescription	Confused. Who needs a chair this big? A horse?
986	humandescription	/objects/atprk_krakoth/atprk-eldritchcaptainchairlarge/atprk-eldritchcaptainchairlarge.object	/humanDescription	Not only is this chair taller than the rest, it's also way wider.
987	hylotldescription	/objects/atprk_krakoth/atprk-eldritchcaptainchairlarge/atprk-eldritchcaptainchairlarge.object	/hylotlDescription	Judging by the size of this chair, it was reserved for a K'Rakoth.
988	novakiddescription	/objects/atprk_krakoth/atprk-eldritchcaptainchairlarge/atprk-eldritchcaptainchairlarge.object	/novakidDescription	Heck, you can fit at least three people on this chair!
989	apexdescription	/objects/atprk_krakoth/atprk-eldritchchair/atprk-eldritchchair.object	/apexDescription	Everything about this chair is wrong. Why would anyone make it in such a shape?
990	aviandescription	/objects/atprk_krakoth/atprk-eldritchchair/atprk-eldritchchair.object	/avianDescription	Some ancient artisans had strange sense of humor, it seems.
991	florandescription	/objects/atprk_krakoth/atprk-eldritchchair/atprk-eldritchchair.object	/floranDescription	Ssstop hiding! Fight me!
992	glitchdescription	/objects/atprk_krakoth/atprk-eldritchchair/atprk-eldritchchair.object	/glitchDescription	Uncomfortable. The chair's base looks almost like a real creature.
993	humandescription	/objects/atprk_krakoth/atprk-eldritchchair/atprk-eldritchchair.object	/humanDescription	You'd think monsters under the bed were enough.
994	hylotldescription	/objects/atprk_krakoth/atprk-eldritchchair/atprk-eldritchchair.object	/hylotlDescription	I mean, Hylotl make furniture in their image too, but this...
995	novakiddescription	/objects/atprk_krakoth/atprk-eldritchchair/atprk-eldritchchair.object	/novakidDescription	No thanks, I'd rather not take this thing back home.
996	aviandescription	/objects/atprk_krakoth/atprk-eldritchclock/atprk-eldritchclock.object	/avianDescription	It doesn't show any time anymore. Useless!
997	florandescription	/objects/atprk_krakoth/atprk-eldritchclock/atprk-eldritchclock.object	/floranDescription	If clock doesssn't show time, why keep it?
998	glitchdescription	/objects/atprk_krakoth/atprk-eldritchclock/atprk-eldritchclock.object	/glitchDescription	Disinterested. A non-functional desk clock.
999	humandescription	/objects/atprk_krakoth/atprk-eldritchclock/atprk-eldritchclock.object	/humanDescription	When you're under the sea, it's difficult to tell the exact time.
1000	hylotldescription	/objects/atprk_krakoth/atprk-eldritchclock/atprk-eldritchclock.object	/hylotlDescription	It's hard to spot but this digital clock's screen is slightly cracked.
1001	apexdescription	/objects/atprk_krakoth/atprk-eldritchcodexframe/atprk-eldritchcodexframe.object	/apexDescription	It seems to be an electronic book but I cannot turn it on.
1002	aviandescription	/objects/atprk_krakoth/atprk-eldritchcodexframe/atprk-eldritchcodexframe.object	/avianDescription	This frame is actually an ancient e-book. It's a shame I cannot turn it on.
1003	florandescription	/objects/atprk_krakoth/atprk-eldritchcodexframe/atprk-eldritchcodexframe.object	/floranDescription	Hard frame that doesss not do anything anymore.
1004	glitchdescription	/objects/atprk_krakoth/atprk-eldritchcodexframe/atprk-eldritchcodexframe.object	/glitchDescription	Puzzled. I have no idea how to turn this on now.
1005	humandescription	/objects/atprk_krakoth/atprk-eldritchcodexframe/atprk-eldritchcodexframe.object	/humanDescription	How do I turn this e-book on? Is there a button or...?
1006	hylotldescription	/objects/atprk_krakoth/atprk-eldritchcodexframe/atprk-eldritchcodexframe.object	/hylotlDescription	Looks like one of those K'Rakothan e-books, but I don't know if it works.
1007	novakiddescription	/objects/atprk_krakoth/atprk-eldritchcodexframe/atprk-eldritchcodexframe.object	/novakidDescription	How the heck do I read this?
1008	apexdescription	/objects/atprk_krakoth/atprk-eldritchemblem/atprk-eldritchemblem.object	/apexDescription	Whatever this emblem is supposed to represent, it has an ominous look.
1009	aviandescription	/objects/atprk_krakoth/atprk-eldritchemblem/atprk-eldritchemblem.object	/avianDescription	It's as if something from beyond is watching me...
1010	florandescription	/objects/atprk_krakoth/atprk-eldritchemblem/atprk-eldritchemblem.object	/floranDescription	Big metal sssquid. Doesss it want to fight?
1011	glitchdescription	/objects/atprk_krakoth/atprk-eldritchemblem/atprk-eldritchemblem.object	/glitchDescription	Impressed. While imposing, this emblem is also well-crafted.
1012	humandescription	/objects/atprk_krakoth/atprk-eldritchemblem/atprk-eldritchemblem.object	/humanDescription	Does this thing on the wall demand blood and virgins every midnight?
1013	hylotldescription	/objects/atprk_krakoth/atprk-eldritchemblem/atprk-eldritchemblem.object	/hylotlDescription	I like how this emblem captures the imposing look of many aquatic predators.
1014	novakiddescription	/objects/atprk_krakoth/atprk-eldritchemblem/atprk-eldritchemblem.object	/novakidDescription	Guess this squid could swallow a person whole.
1015	apexdescription	/objects/atprk_krakoth/atprk-eldritchenigma/atprk-eldritchenigma.object	/apexDescription	You can distinguish some one-eyed creature in the middle.
1016	aviandescription	/objects/atprk_krakoth/atprk-eldritchenigma/atprk-eldritchenigma.object	/avianDescription	I remember seeing similar artifacts in Avian temples.
1017	florandescription	/objects/atprk_krakoth/atprk-eldritchenigma/atprk-eldritchenigma.object	/floranDescription	Sssmall ssquare in the middle has tiny face. It watchesss Floran.
1018	glitchdescription	/objects/atprk_krakoth/atprk-eldritchenigma/atprk-eldritchenigma.object	/glitchDescription	Observant. This seal is covered in alien hieroglyphs. Translation unknown.
1019	humandescription	/objects/atprk_krakoth/atprk-eldritchenigma/atprk-eldritchenigma.object	/humanDescription	This seal has a square, a small face and hieroglyphs on it.
1020	hylotldescription	/objects/atprk_krakoth/atprk-eldritchenigma/atprk-eldritchenigma.object	/hylotlDescription	Does this seal have any significance?
1021	novakiddescription	/objects/atprk_krakoth/atprk-eldritchenigma/atprk-eldritchenigma.object	/novakidDescription	An octogonal artifact with somethin' written on it. Can't read it, though.
1022	florandescription	/objects/atprk_krakoth/atprk-eldritchfloodlight/atprk-eldritchfloodlight.object	/floranDescription	Underwater light.
1023	glitchdescription	/objects/atprk_krakoth/atprk-eldritchfloodlight/atprk-eldritchfloodlight.object	/glitchDescription	Impressed. A very efficient floodlight.
1024	florandescription	/objects/atprk_krakoth/atprk-eldritchfloodlight/atprk-eldritchfloodlightbroken.object	/floranDescription	Bad underwater light.
1025	glitchdescription	/objects/atprk_krakoth/atprk-eldritchfloodlight/atprk-eldritchfloodlightbroken.object	/glitchDescription	Unimpressed. A damaged floodlight.
1026	florandescription	/objects/atprk_krakoth/atprk-eldritchlamppost/atprk-eldritchlamppost.object	/floranDescription	Bright beam of light inssside this thing iss wonderful.
1027	glitchdescription	/objects/atprk_krakoth/atprk-eldritchlamppost/atprk-eldritchlamppost.object	/glitchDescription	Impressed. This lamp post can endure extreme water pressure for aeons.
1028	humandescription	/objects/atprk_krakoth/atprk-eldritchlamppost/atprk-eldritchlamppost.object	/humanDescription	This could be a nice prop for sci-fi movies!
1029	hylotldescription	/objects/atprk_krakoth/atprk-eldritchlamppost/atprk-eldritchlamppost.object	/hylotlDescription	I must admit, it wouldn't be out of place in one of our underwater cities.
1030	novakiddescription	/objects/atprk_krakoth/atprk-eldritchlamppost/atprk-eldritchlamppost.object	/novakidDescription	Is there one of our folks inside this thing or what?
1031	aviandescription	/objects/atprk_krakoth/atprk-eldritchlamppostbroken/atprk-eldritchlamppostbroken.object	/avianDescription	This lamp post must have experienced a harsh impact from above.
1032	florandescription	/objects/atprk_krakoth/atprk-eldritchlamppostbroken/atprk-eldritchlamppostbroken.object	/floranDescription	Sssmashed tube.
1033	humandescription	/objects/atprk_krakoth/atprk-eldritchlamppostbroken/atprk-eldritchlamppostbroken.object	/humanDescription	Someone or something decided to destroy this lamp post.
1034	hylotldescription	/objects/atprk_krakoth/atprk-eldritchlamppostbroken/atprk-eldritchlamppostbroken.object	/hylotlDescription	This lamp post was denied its original purpose.
1035	novakiddescription	/objects/atprk_krakoth/atprk-eldritchlamppostbroken/atprk-eldritchlamppostbroken.object	/novakidDescription	This lamp post must've blown up from the inside.
1036	apexdescription	/objects/atprk_krakoth/atprk-eldritchserver/atprk-eldritchserver.object	/apexDescription	I wonder how much data this server rack stores.
1037	aviandescription	/objects/atprk_krakoth/atprk-eldritchserver/atprk-eldritchserver.object	/avianDescription	I wouldn't be surprised if this computer was used to store tons of knowledge.
1038	florandescription	/objects/atprk_krakoth/atprk-eldritchserver/atprk-eldritchserver.object	/floranDescription	Ssserver cabinet of the elderss.
1039	glitchdescription	/objects/atprk_krakoth/atprk-eldritchserver/atprk-eldritchserver.object	/glitchDescription	Amused. Even the ancient ones needed large computers, it seems.
1040	humandescription	/objects/atprk_krakoth/atprk-eldritchserver/atprk-eldritchserver.object	/humanDescription	This ancient computer is so tall!
1041	novakiddescription	/objects/atprk_krakoth/atprk-eldritchserver/atprk-eldritchserver.object	/novakidDescription	That's one big ol' computer.
1042	apexdescription	/objects/atprk_krakoth/atprk-eldritchstool/atprk-eldritchstool.object	/apexDescription	An unsettling elder stool.
1043	aviandescription	/objects/atprk_krakoth/atprk-eldritchstool/atprk-eldritchstool.object	/avianDescription	Looks rather uncomfortable.
1044	florandescription	/objects/atprk_krakoth/atprk-eldritchstool/atprk-eldritchstool.object	/floranDescription	Floran doessss not like thisss chair.
1045	glitchdescription	/objects/atprk_krakoth/atprk-eldritchstool/atprk-eldritchstool.object	/glitchDescription	Somber. Not the best choice, but somewhat acceptable.
1046	humandescription	/objects/atprk_krakoth/atprk-eldritchstool/atprk-eldritchstool.object	/humanDescription	Creepy-looking stool. I wouldn't put it in a bar.
1047	hylotldescription	/objects/atprk_krakoth/atprk-eldritchstool/atprk-eldritchstool.object	/hylotlDescription	I would rather not sit on this stool.
1048	apexdescription	/objects/atprk_krakoth/atprk-eldritchtable/atprk-eldritchtable.object	/apexDescription	Is there something under the table? I cannot see it.
1049	aviandescription	/objects/atprk_krakoth/atprk-eldritchtable/atprk-eldritchtable.object	/avianDescription	I... I don't know what to say about this weird table...
1050	florandescription	/objects/atprk_krakoth/atprk-eldritchtable/atprk-eldritchtable.object	/floranDescription	Sssomething isss hiding under the table!
1051	glitchdescription	/objects/atprk_krakoth/atprk-eldritchtable/atprk-eldritchtable.object	/glitchDescription	Relieved. Oh, it's just a decorative head, not a real one.
1052	humandescription	/objects/atprk_krakoth/atprk-eldritchtable/atprk-eldritchtable.object	/humanDescription	Something is really off-putting about this table.
1053	hylotldescription	/objects/atprk_krakoth/atprk-eldritchtable/atprk-eldritchtable.object	/hylotlDescription	It looks like a small K'Rakoth holding a table... but it's also creepy.
1054	novakiddescription	/objects/atprk_krakoth/atprk-eldritchtable/atprk-eldritchtable.object	/novakidDescription	What's up with the squid head under this table?
1055	apexdescription	/objects/atprk_krakoth/atprk-eldritchtank/atprk-eldritchtank.object	/apexDescription	I wonder what this tank contains.
1056	aviandescription	/objects/atprk_krakoth/atprk-eldritchtank/atprk-eldritchtank.object	/avianDescription	There is no way to know what's inside this tank, it's sealed.
1057	florandescription	/objects/atprk_krakoth/atprk-eldritchtank/atprk-eldritchtank.object	/floranDescription	Big bucket for sstrange liquidsss.
1058	glitchdescription	/objects/atprk_krakoth/atprk-eldritchtank/atprk-eldritchtank.object	/glitchDescription	Curious. I wonder what is inside this tank.
1059	humandescription	/objects/atprk_krakoth/atprk-eldritchtank/atprk-eldritchtank.object	/humanDescription	What's inside this tank? Erchius fuel? Toxic waste? Beverages?
1060	novakiddescription	/objects/atprk_krakoth/atprk-eldritchtank/atprk-eldritchtank.object	/novakidDescription	How do I open this metal barrel up?
1061	florandescription	/objects/atprk_krakoth/atprk-eldritchwalllight/atprk-eldritchwalllight.object	/floranDescription	Large octogonal light.
1062	glitchdescription	/objects/atprk_krakoth/atprk-eldritchwalllight/atprk-eldritchwalllight.object	/glitchDescription	Neutral. An octogonal wall light.
1063	novakiddescription	/objects/atprk_krakoth/atprk-eldritchwalllight/atprk-eldritchwalllight.object	/novakidDescription	This light could blind a person!
1064	florandescription	/objects/atprk_krakoth/atprk-eldritchwalllight/atprk-eldritchwalllightbroken.object	/floranDescription	Thisss light iss broken.
1065	glitchdescription	/objects/atprk_krakoth/atprk-eldritchwalllight/atprk-eldritchwalllightbroken.object	/glitchDescription	Neutral. An octogonal wall light that flickers a lot.
1066	novakiddescription	/objects/atprk_krakoth/atprk-eldritchwalllight/atprk-eldritchwalllightbroken.object	/novakidDescription	This light could blind a person with all these flashes!
1067	aviandescription	/objects/atprk_krakoth/atprk-eldritchwallpanel/atprk-eldritchwallpanel.object	/avianDescription	I can hear a subtle buzzing behind this panel.
1068	florandescription	/objects/atprk_krakoth/atprk-eldritchwallpanel/atprk-eldritchwallpanel.object	/floranDescription	Wall shieldsss?
1069	glitchdescription	/objects/atprk_krakoth/atprk-eldritchwallpanel/atprk-eldritchwallpanel.object	/glitchDescription	Neutral. A wall panel. Purpose unknown.
1070	humandescription	/objects/atprk_krakoth/atprk-eldritchwallpanel/atprk-eldritchwallpanel.object	/humanDescription	I wonder what's behind that panel.
1071	aviandescription	/objects/atprk_krakoth/atprk-flagkrakoth/atprk-flagkrakoth.object	/avianDescription	This K'Rakoth flag can be bookmarked as a destination for my ship teleporter.
1072	florandescription	/objects/atprk_krakoth/atprk-flagkrakoth/atprk-flagkrakoth.object	/floranDescription	K'Rakoth flag makess good point to teleport back to ussing teleporter!
1073	glitchdescription	/objects/atprk_krakoth/atprk-flagkrakoth/atprk-flagkrakoth.object	/glitchDescription	Observant. A small locator module attached to this K'Rakothan flag allows it to be bookmarked for teleportation.
1074	humandescription	/objects/atprk_krakoth/atprk-flagkrakoth/atprk-flagkrakoth.object	/humanDescription	This K'Rakoth flag can be saved as a location for my teleporter. Then I can return to it at any time.
1075	hylotldescription	/objects/atprk_krakoth/atprk-flagkrakoth/atprk-flagkrakoth.object	/hylotlDescription	This K'Rakothan flag can act as a way point, enabling me to return to this point using a teleporter.
1076	novakiddescription	/objects/atprk_krakoth/atprk-flagkrakoth/atprk-flagkrakoth.object	/novakidDescription	I can bookmark this K'Rakoth flag for quick teleportin'.
1077	apexdescription	/objects/atprk_krakoth/atprk-krakotharmor/atprk-krakotharmor.object	/apexDescription	Did K'Rakoths wear these suits to protect themselves from dangers on the surface?
1078	aviandescription	/objects/atprk_krakoth/atprk-krakotharmor/atprk-krakotharmor.object	/avianDescription	K'Rakoths were aquatic creatures, so they needed these suits to move around on land.
1079	florandescription	/objects/atprk_krakoth/atprk-krakotharmor/atprk-krakotharmor.object	/floranDescription	Squidmen armor. Floran thinkss it's not very ssstrong.
1080	glitchdescription	/objects/atprk_krakoth/atprk-krakotharmor/atprk-krakotharmor.object	/glitchDescription	Analytical. An ancient environmental protection suit once used by a K'Rakoth.
1081	humandescription	/objects/atprk_krakoth/atprk-krakotharmor/atprk-krakotharmor.object	/humanDescription	It looks like a diving suit for an octopus. Except it helps you survive on land.
1082	hylotldescription	/objects/atprk_krakoth/atprk-krakotharmor/atprk-krakotharmor.object	/hylotlDescription	Unlike Hylotl, K'Rakoth were fully aquatic. They needed more protection on land.
1083	novakiddescription	/objects/atprk_krakoth/atprk-krakotharmor/atprk-krakotharmor.object	/novakidDescription	There's no way I can put this on, the suit's too big for me!
1084	apexdescription	/objects/atprk_krakoth/atprk-krakothartpiece1/atprk-krakothartpiece1.object	/apexDescription	The object in this specimen's tentacles appears to be a tesseract. Curious.
1085	aviandescription	/objects/atprk_krakoth/atprk-krakothartpiece1/atprk-krakothartpiece1.object	/avianDescription	Is this an ancient scientist experimenting with higher planes?
1086	florandescription	/objects/atprk_krakoth/atprk-krakothartpiece1/atprk-krakothartpiece1.object	/floranDescription	Why does thiss sssquid need a purple box?
1087	glitchdescription	/objects/atprk_krakoth/atprk-krakothartpiece1/atprk-krakothartpiece1.object	/glitchDescription	Doubtful. How can a three-dimensional creature hold something from the fourth dimension?
1088	humandescription	/objects/atprk_krakoth/atprk-krakothartpiece1/atprk-krakothartpiece1.object	/humanDescription	I'm not sure if it's a scientist or a wizard.
1089	novakiddescription	/objects/atprk_krakoth/atprk-krakothartpiece1/atprk-krakothartpiece1.object	/novakidDescription	That squid right there is castin' a spell!
1090	apexdescription	/objects/atprk_krakoth/atprk-krakothartpiece2/atprk-krakothartpiece2.object	/apexDescription	If my theories are correct, then Ri'shaan is the Ruin, and this painting proves it.
1091	aviandescription	/objects/atprk_krakoth/atprk-krakothartpiece2/atprk-krakothartpiece2.object	/avianDescription	Oh Kluex, is this really what I think it is?
1092	florandescription	/objects/atprk_krakoth/atprk-krakothartpiece2/atprk-krakothartpiece2.object	/floranDescription	Giant sssquid thing lookss at falling prey.
1093	glitchdescription	/objects/atprk_krakoth/atprk-krakothartpiece2/atprk-krakothartpiece2.object	/glitchDescription	Fearful. I'm pretty sure that one of these people is a Glitch!
1094	humandescription	/objects/atprk_krakoth/atprk-krakothartpiece2/atprk-krakothartpiece2.object	/humanDescription	I knew it! Ri'shaan is clearly the Ruin!... That's actually very bad.
1095	hylotldescription	/objects/atprk_krakoth/atprk-krakothartpiece2/atprk-krakothartpiece2.object	/hylotlDescription	The supposed god in the bottom looks way too familiar to me, and I don't like it.
1096	novakiddescription	/objects/atprk_krakoth/atprk-krakothartpiece2/atprk-krakothartpiece2.object	/novakidDescription	Darn, those squidfaces fed people to the Ruin!
1097	apexdescription	/objects/atprk_krakoth/atprk-krakothartpiece3/atprk-krakothartpiece3.object	/apexDescription	This painting depicts a conflict between the Ancients and K'Rakoths.
1098	aviandescription	/objects/atprk_krakoth/atprk-krakothartpiece3/atprk-krakothartpiece3.object	/avianDescription	Something tells me their confrontation did not end well.
1099	florandescription	/objects/atprk_krakoth/atprk-krakothartpiece3/atprk-krakothartpiece3.object	/floranDescription	Fight! Fight! Fight!
1100	glitchdescription	/objects/atprk_krakoth/atprk-krakothartpiece3/atprk-krakothartpiece3.object	/glitchDescription	Astonished. A well-painted picture of a conflict between two elder races.
1101	hylotldescription	/objects/atprk_krakoth/atprk-krakothartpiece3/atprk-krakothartpiece3.object	/hylotlDescription	How come even the eldest and wisest civilizations engaged in violence?
1102	novakiddescription	/objects/atprk_krakoth/atprk-krakothartpiece3/atprk-krakothartpiece3.object	/novakidDescription	I root for the Ancients.
1103	aviandescription	/objects/atprk_krakoth/atprk-krakothartpiece4/atprk-krakothartpiece4.object	/avianDescription	What mind-boggling secrets did the ancient sages hide?
1104	florandescription	/objects/atprk_krakoth/atprk-krakothartpiece4/atprk-krakothartpiece4.object	/floranDescription	What a sssuspiciousss ssquid gathering. Do sssquids plan a big hunt?
1105	glitchdescription	/objects/atprk_krakoth/atprk-krakothartpiece4/atprk-krakothartpiece4.object	/glitchDescription	Melancholic. Whatever these individuals were discussing is probably lost to the ages.
1106	humandescription	/objects/atprk_krakoth/atprk-krakothartpiece4/atprk-krakothartpiece4.object	/humanDescription	An omniscient council of vagueness or something along those lines.
1107	hylotldescription	/objects/atprk_krakoth/atprk-krakothartpiece4/atprk-krakothartpiece4.object	/hylotlDescription	It feels as if the artist intentionally chose dark shades to paint their leaders as sinister in nature.
1108	novakiddescription	/objects/atprk_krakoth/atprk-krakothartpiece4/atprk-krakothartpiece4.object	/novakidDescription	These shady squids must be up t' no good.
1109	apexdescription	/objects/atprk_krakoth/atprk-krakothcityhologram/atprk-krakothcityhologram.object	/apexDescription	This hologram displays an aquatic city.
1110	aviandescription	/objects/atprk_krakoth/atprk-krakothcityhologram/atprk-krakothcityhologram.object	/avianDescription	Given the age of this holographic projector, this map is most likely outdated.
1111	florandescription	/objects/atprk_krakoth/atprk-krakothcityhologram/atprk-krakothcityhologram.object	/floranDescription	Floran sssees many tall buildingsss.
1112	glitchdescription	/objects/atprk_krakoth/atprk-krakothcityhologram/atprk-krakothcityhologram.object	/glitchDescription	Attentive. This map doesn't tell me where I am, so this must be another location.
1113	humandescription	/objects/atprk_krakoth/atprk-krakothcityhologram/atprk-krakothcityhologram.object	/humanDescription	There are many ancient streets on this map. Most of them probably don't exist anymore.
1114	hylotldescription	/objects/atprk_krakoth/atprk-krakothcityhologram/atprk-krakothcityhologram.object	/hylotlDescription	I assume this is a hologram of a densely-populated K'Rakothan city. Which one though?
1115	apexdescription	/objects/atprk_krakoth/atprk-krakothcomputer1/atprk-krakothcomputer1.object	/apexDescription	If only I understood how to operate this computer...
1116	aviandescription	/objects/atprk_krakoth/atprk-krakothcomputer1/atprk-krakothcomputer1.object	/avianDescription	An extremely complex computer. Everything is written in an alien language.
1117	florandescription	/objects/atprk_krakoth/atprk-krakothcomputer1/atprk-krakothcomputer1.object	/floranDescription	Floran hasss no clue how to make it work.
1118	glitchdescription	/objects/atprk_krakoth/atprk-krakothcomputer1/atprk-krakothcomputer1.object	/glitchDescription	Inspired. This computer may hold much valuable data. Sadly, I don't know how to operate it yet.
1119	hylotldescription	/objects/atprk_krakoth/atprk-krakothcomputer1/atprk-krakothcomputer1.object	/hylotlDescription	An advanced computer. I could try to browse it, but I doubt it will be fruitful.
1120	novakiddescription	/objects/atprk_krakoth/atprk-krakothcomputer1/atprk-krakothcomputer1.object	/novakidDescription	Everything's written in the K'Rakothan language. Go figure what any of that means.
1121	apexdescription	/objects/atprk_krakoth/atprk-krakothcomputer2/atprk-krakothcomputer2.object	/apexDescription	An advanced K'Rakothan computer.
1122	aviandescription	/objects/atprk_krakoth/atprk-krakothcomputer2/atprk-krakothcomputer2.object	/avianDescription	It's fascinating how long this computer has been working yet it still looks quite modern.
1123	florandescription	/objects/atprk_krakoth/atprk-krakothcomputer2/atprk-krakothcomputer2.object	/floranDescription	Floran knowsss nothing about old computersss.
1124	glitchdescription	/objects/atprk_krakoth/atprk-krakothcomputer2/atprk-krakothcomputer2.object	/glitchDescription	Thoughtful. I wonder what kind of knowledge this computer could provide.
1125	humandescription	/objects/atprk_krakoth/atprk-krakothcomputer2/atprk-krakothcomputer2.object	/humanDescription	An ancient computer that has been standing here forever, probably.
1126	hylotldescription	/objects/atprk_krakoth/atprk-krakothcomputer2/atprk-krakothcomputer2.object	/hylotlDescription	An advanced machine once used by K'Rakoths. It probably holds much valuable data.
1127	novakiddescription	/objects/atprk_krakoth/atprk-krakothcomputer2/atprk-krakothcomputer2.object	/novakidDescription	An ancient computer that's been on forever.
1128	glitchdescription	/objects/atprk_krakoth/atprk-krakothdoor/atprk-krakothdoor.object	/glitchDescription	Unsettled. Any particular reason this door is so big?
1129	humandescription	/objects/atprk_krakoth/atprk-krakothdoor/atprk-krakothdoor.object	/humanDescription	Just what was this giant door supposed to keep inside?
1130	hylotldescription	/objects/atprk_krakoth/atprk-krakothdoor/atprk-krakothdoor.object	/hylotlDescription	Even our underwater cities don't have doors this sturdy.
1131	apexdescription	/objects/atprk_krakoth/atprk-krakothgenerator/atprk-krakothgenerator.object	/apexDescription	An advanced shield generator.
1132	aviandescription	/objects/atprk_krakoth/atprk-krakothgenerator/atprk-krakothgenerator.object	/avianDescription	This generates a mighty shield.
1133	florandescription	/objects/atprk_krakoth/atprk-krakothgenerator/atprk-krakothgenerator.object	/floranDescription	Thisss thing mussst make shieldss.
1134	glitchdescription	/objects/atprk_krakoth/atprk-krakothgenerator/atprk-krakothgenerator.object	/glitchDescription	Neutral. Some sort of a shield generator.
1135	humandescription	/objects/atprk_krakoth/atprk-krakothgenerator/atprk-krakothgenerator.object	/humanDescription	Looks like an advanced shield generator.
1136	hylotldescription	/objects/atprk_krakoth/atprk-krakothgenerator/atprk-krakothgenerator.object	/hylotlDescription	An advanced protection device.
1137	novakiddescription	/objects/atprk_krakoth/atprk-krakothgenerator/atprk-krakothgenerator.object	/novakidDescription	This machine generates a shield.
1138	glitchdescription	/objects/atprk_krakoth/atprk-krakothhatch/atprk-krakothhatch.object	/glitchDescription	Unsettled. Any particular reason this hatch is so big?
1139	humandescription	/objects/atprk_krakoth/atprk-krakothhatch/atprk-krakothhatch.object	/humanDescription	Just what was this giant hatch supposed to keep inside?
1140	hylotldescription	/objects/atprk_krakoth/atprk-krakothhatch/atprk-krakothhatch.object	/hylotlDescription	Even our underwater cities don't have hatches this sturdy.
1141	aviandescription	/objects/atprk_krakoth/atprk-krakothhoverpad/atprk-krakothhoverpad.object	/avianDescription	An engine that allows you to float in the air.
1142	florandescription	/objects/atprk_krakoth/atprk-krakothhoverpad/atprk-krakothhoverpad.object	/floranDescription	Very floaty ssstuff.
1143	hylotldescription	/objects/atprk_krakoth/atprk-krakothhoverpad/atprk-krakothhoverpad.object	/hylotlDescription	An ancient levitation device.
1144	glitchdescription	/objects/atprk_krakoth/atprk-krakothlocker/atprk-krakothlocker.object	/glitchDescription	Neutral. An ancient storage locker.
1145	humandescription	/objects/atprk_krakoth/atprk-krakothlocker/atprk-krakothlocker.object	/humanDescription	This is an old looking storage locker.
1146	apexdescription	/objects/atprk_krakoth/atprk-krakothmonitor1/atprk-krakothmonitor1.object	/apexDescription	The text on this monitor is unreadable.
1147	florandescription	/objects/atprk_krakoth/atprk-krakothmonitor1/atprk-krakothmonitor1.object	/floranDescription	Ssstrange vertical linesss.
1148	glitchdescription	/objects/atprk_krakoth/atprk-krakothmonitor1/atprk-krakothmonitor1.object	/glitchDescription	Baffled. The text on this monitor is unreadable.
1149	humandescription	/objects/atprk_krakoth/atprk-krakothmonitor1/atprk-krakothmonitor1.object	/humanDescription	I don't understand anything this monitor shows.
1150	hylotldescription	/objects/atprk_krakoth/atprk-krakothmonitor1/atprk-krakothmonitor1.object	/hylotlDescription	I cannot understand what this monitor says and shows me.
1151	novakiddescription	/objects/atprk_krakoth/atprk-krakothmonitor1/atprk-krakothmonitor1.object	/novakidDescription	Vertical lines, weird windows... What does any of that mean?
1152	apexdescription	/objects/atprk_krakoth/atprk-krakothmonitor2/atprk-krakothmonitor2.object	/apexDescription	The text on this monitor is unreadable. At least I can distinguish a tesseract.
1153	aviandescription	/objects/atprk_krakoth/atprk-krakothmonitor2/atprk-krakothmonitor2.object	/avianDescription	While I clearly see a hypercube here, I don't understand anything else on this monitor.
1154	florandescription	/objects/atprk_krakoth/atprk-krakothmonitor2/atprk-krakothmonitor2.object	/floranDescription	Linesss, cubesss, lettersss I cannot read...
1155	glitchdescription	/objects/atprk_krakoth/atprk-krakothmonitor2/atprk-krakothmonitor2.object	/glitchDescription	Informed. The picture in the corner appears to be a hypercube.
1156	humandescription	/objects/atprk_krakoth/atprk-krakothmonitor2/atprk-krakothmonitor2.object	/humanDescription	Why does this screen show a four-dimensional cube?
1157	hylotldescription	/objects/atprk_krakoth/atprk-krakothmonitor2/atprk-krakothmonitor2.object	/hylotlDescription	An ancient monitor that displays a tesseract model.
1158	novakiddescription	/objects/atprk_krakoth/atprk-krakothmonitor2/atprk-krakothmonitor2.object	/novakidDescription	It shows a picture of a hypercube. But why?
1159	aviandescription	/objects/atprk_krakoth/atprk-krakothmonitorbroken/atprk-krakothmonitorbroken.object	/avianDescription	I'll just assume this didn't display anything important.
1160	florandescription	/objects/atprk_krakoth/atprk-krakothmonitorbroken/atprk-krakothmonitorbroken.object	/floranDescription	Screen got sssmashed in frussstration.
1161	glitchdescription	/objects/atprk_krakoth/atprk-krakothmonitorbroken/atprk-krakothmonitorbroken.object	/glitchDescription	Distraught. How will I learn what this monitor says if it's broken?
1162	humandescription	/objects/atprk_krakoth/atprk-krakothmonitorbroken/atprk-krakothmonitorbroken.object	/humanDescription	Not even duct tape can salvage this.
1163	hylotldescription	/objects/atprk_krakoth/atprk-krakothmonitorbroken/atprk-krakothmonitorbroken.object	/hylotlDescription	This monitor is clearly out of order.
1164	novakiddescription	/objects/atprk_krakoth/atprk-krakothmonitorbroken/atprk-krakothmonitorbroken.object	/novakidDescription	Can't read much from a cracked screen.
1165	humandescription	/objects/atprk_krakoth/atprk-krakothnegotiatingtable/atprk-krakothnegotiatingtable.object	/humanDescription	There is enough room for my entire crew.
1166	apexdescription	/objects/atprk_krakoth/atprk-krakothplasmadisc/atprk-krakothplasmadisc.object	/apexDescription	More K'Rakothan equipment. Experiment or energy capacitor, who knows?
1167	florandescription	/objects/atprk_krakoth/atprk-krakothplasmadisc/atprk-krakothplasmadisc.object	/floranDescription	Trapped lightning sstruggles to essscape.
1168	humandescription	/objects/atprk_krakoth/atprk-krakothplasmadisc/atprk-krakothplasmadisc.object	/humanDescription	Better keep my hands away, or else I'll get electrocuted.
1169	hylotldescription	/objects/atprk_krakoth/atprk-krakothplasmadisc/atprk-krakothplasmadisc.object	/hylotlDescription	Such a device likely has an inscrutable purpose.
1170	apexdescription	/objects/atprk_krakoth/atprk-krakothpod/atprk-krakothpod.object	/apexDescription	The similarity between this pod and the ones the Miniknog use is uncanny.
1171	aviandescription	/objects/atprk_krakoth/atprk-krakothpod/atprk-krakothpod.object	/avianDescription	Looks like a stasis chamber, but I'm not exactly sure.
1172	florandescription	/objects/atprk_krakoth/atprk-krakothpod/atprk-krakothpod.object	/floranDescription	Ssstrange pod to ssleep in. Floran doesn't really want to be clossse to it.
1173	glitchdescription	/objects/atprk_krakoth/atprk-krakothpod/atprk-krakothpod.object	/glitchDescription	Thoughtful. It's probable that this pod was used to put living beings in stasis.
1174	humandescription	/objects/atprk_krakoth/atprk-krakothpod/atprk-krakothpod.object	/humanDescription	The purple light only makes it look more ominous than it already is.
1175	hylotldescription	/objects/atprk_krakoth/atprk-krakothpod/atprk-krakothpod.object	/hylotlDescription	This machine was used to put living beings in stasis. There's still some slime on the inside.
1176	novakiddescription	/objects/atprk_krakoth/atprk-krakothpod/atprk-krakothpod.object	/novakidDescription	What did they even need this for? Some evil science, maybe?
1177	aviandescription	/objects/atprk_krakoth/atprk-krakothpodbroken/atprk-krakothpodbroken.object	/avianDescription	Well, whatever this chamber was for, it's no longer usable.
1178	florandescription	/objects/atprk_krakoth/atprk-krakothpodbroken/atprk-krakothpodbroken.object	/floranDescription	Too many glasss shardsss insside. Floran doessn't want to get in.
1179	glitchdescription	/objects/atprk_krakoth/atprk-krakothpodbroken/atprk-krakothpodbroken.object	/glitchDescription	Wary. How long has it been shattered? Am I not alone here?
1180	humandescription	/objects/atprk_krakoth/atprk-krakothpodbroken/atprk-krakothpodbroken.object	/humanDescription	I'd look inside but there are too many pointy shards everywhere.
1181	hylotldescription	/objects/atprk_krakoth/atprk-krakothpodbroken/atprk-krakothpodbroken.object	/hylotlDescription	How barbaric. Was it that difficult to just open its door?
1182	novakiddescription	/objects/atprk_krakoth/atprk-krakothpodbroken/atprk-krakothpodbroken.object	/novakidDescription	Somebody really needed t' get out, methinks.
1183	apexdescription	/objects/atprk_krakoth/atprk-krakothpodsleeper/atprk-krakothpodsleeper.object	/apexDescription	This proves that the K'Rakoth are not entirely extinct, after all.
1184	florandescription	/objects/atprk_krakoth/atprk-krakothpodsleeper/atprk-krakothpodsleeper.object	/floranDescription	Floran sees an ancient mollusk insside. Looks ssstrange
1185	glitchdescription	/objects/atprk_krakoth/atprk-krakothpodsleeper/atprk-krakothpodsleeper.object	/glitchDescription	Shocked. It cannot be... A living K'Rakoth!
1186	humandescription	/objects/atprk_krakoth/atprk-krakothpodsleeper/atprk-krakothpodsleeper.object	/humanDescription	An ancient K'Rakoth! Should I wake them up?
1187	hylotldescription	/objects/atprk_krakoth/atprk-krakothpodsleeper/atprk-krakothpodsleeper.object	/hylotlDescription	An ancient sleeper waiting to wake up from a long dream... Is there any way to help them?
1188	novakiddescription	/objects/atprk_krakoth/atprk-krakothpodsleeper/atprk-krakothpodsleeper.object	/novakidDescription	Hold up, aren't the K'Rakoth extinct? Then what's this guy doin' here?
1189	apexdescription	/objects/atprk_krakoth/atprk-krakothprobebroken/atprk-krakothprobebroken.object	/apexDescription	I am not sure what it is but it definitely does not look like a Miniknog spy drone.
1190	aviandescription	/objects/atprk_krakoth/atprk-krakothprobebroken/atprk-krakothprobebroken.object	/avianDescription	My guess is that it used to be a scouting drone of sorts. Maybe I should take a closer look.
1191	florandescription	/objects/atprk_krakoth/atprk-krakothprobebroken/atprk-krakothprobebroken.object	/floranDescription	Dead metal thing. Sssomething's inssside!
1192	glitchdescription	/objects/atprk_krakoth/atprk-krakothprobebroken/atprk-krakothprobebroken.object	/glitchDescription	Upset. It is highly improbable that this probe will take off ever again.
1193	humandescription	/objects/atprk_krakoth/atprk-krakothprobebroken/atprk-krakothprobebroken.object	/humanDescription	Hm, I don't recognize this design. Perhaps I could scavenge this ancient thing for tech.
1194	hylotldescription	/objects/atprk_krakoth/atprk-krakothprobebroken/atprk-krakothprobebroken.object	/hylotlDescription	It seems to be a destroyed probe of K'Rakothan design. It may contain some enigmatic technologies.
1195	novakiddescription	/objects/atprk_krakoth/atprk-krakothprobebroken/atprk-krakothprobebroken.object	/novakidDescription	This broken probe's hidin' somethin' valuable inside its chassis, I can feel it...
1196	humandescription	/objects/atprk_krakoth/atprk-krakothreceptiondesk/atprk-krakothreceptiondesk.object	/humanDescription	Hello? Is anybody here?
1197	apexdescription	/objects/atprk_krakoth/atprk-krakothrulerstatue/atprk-krakothrulerstatue.object	/apexDescription	It could be a statue of an authority figure perhaps.
1198	aviandescription	/objects/atprk_krakoth/atprk-krakothrulerstatue/atprk-krakothrulerstatue.object	/avianDescription	It must've been a very fearsome person in some ancient society.
1199	florandescription	/objects/atprk_krakoth/atprk-krakothrulerstatue/atprk-krakothrulerstatue.object	/floranDescription	Ssspooky sssquid with a crown.
1200	glitchdescription	/objects/atprk_krakoth/atprk-krakothrulerstatue/atprk-krakothrulerstatue.object	/glitchDescription	Uneasy. I cannot help feeling dread while looking at this statue.
1201	hylotldescription	/objects/atprk_krakoth/atprk-krakothrulerstatue/atprk-krakothrulerstatue.object	/hylotlDescription	Such a formidable statue could only belong to a tyrant.
1202	novakiddescription	/objects/atprk_krakoth/atprk-krakothrulerstatue/atprk-krakothrulerstatue.object	/novakidDescription	I feel like I've seen this one before.
1203	apexdescription	/objects/atprk_krakoth/atprk-krakothshell1/atprk-krakothshell1.object	/apexDescription	An ancient decoration made of unknown alloys. It must be very durable.
1204	aviandescription	/objects/atprk_krakoth/atprk-krakothshell1/atprk-krakothshell1.object	/avianDescription	This shell looks heavy. I hope it doesn't fall off the wall.
1205	florandescription	/objects/atprk_krakoth/atprk-krakothshell1/atprk-krakothshell1.object	/floranDescription	Floran doesssn't see any metal ssnails around. Where is thiss shell from?
1206	glitchdescription	/objects/atprk_krakoth/atprk-krakothshell1/atprk-krakothshell1.object	/glitchDescription	Confused. Did this shell belong to a giant mechanical snail?
1207	humandescription	/objects/atprk_krakoth/atprk-krakothshell1/atprk-krakothshell1.object	/humanDescription	This giant shell could crush a person. Gotta be careful around it!
1208	novakiddescription	/objects/atprk_krakoth/atprk-krakothshell1/atprk-krakothshell1.object	/novakidDescription	Hangin' a giant metal snail on a wall is kinda exotic, t' say at least.
1209	apexdescription	/objects/atprk_krakoth/atprk-krakothshell2/atprk-krakothshell2.object	/apexDescription	An impossibly hard metal shell.
1210	aviandescription	/objects/atprk_krakoth/atprk-krakothshell2/atprk-krakothshell2.object	/avianDescription	This decorative shell looks very realistic if you don't watch it too closely.
1211	florandescription	/objects/atprk_krakoth/atprk-krakothshell2/atprk-krakothshell2.object	/floranDescription	Sssmall metal ssnail?
1212	glitchdescription	/objects/atprk_krakoth/atprk-krakothshell2/atprk-krakothshell2.object	/glitchDescription	Attentive. This shell has a couple of scratches on it.
1213	humandescription	/objects/atprk_krakoth/atprk-krakothshell2/atprk-krakothshell2.object	/humanDescription	Aw, what an adorable metal shell!
1214	novakiddescription	/objects/atprk_krakoth/atprk-krakothshell2/atprk-krakothshell2.object	/novakidDescription	Who'd decorate a house with dead metal snails?
1215	apexdescription	/objects/atprk_krakoth/atprk-krakothshipreactor1/atprk-krakothshipreactor1.object	/apexDescription	How does this reactor still work? It should have ran out of power long ago.
1216	florandescription	/objects/atprk_krakoth/atprk-krakothshipreactor1/atprk-krakothshipreactor1.object	/floranDescription	Huge reactor ssstill powersss thingss. Very good.
1217	glitchdescription	/objects/atprk_krakoth/atprk-krakothshipreactor1/atprk-krakothshipreactor1.object	/glitchDescription	Impressed. Those who constructed this reactor clearly had reliability in mind.
1218	hylotldescription	/objects/atprk_krakoth/atprk-krakothshipreactor1/atprk-krakothshipreactor1.object	/hylotlDescription	How peculiar, this reactor is still capable of powering countless machines! K'Rakothan engineering genius knows no limits.
1219	novakiddescription	/objects/atprk_krakoth/atprk-krakothshipreactor1/atprk-krakothshipreactor1.object	/novakidDescription	Whoah, this huge reactor works like clockwork! And that's after aeons of bein' neglected!
1220	aviandescription	/objects/atprk_krakoth/atprk-krakothshipreactor2/atprk-krakothshipreactor2.object	/avianDescription	An impossibly ancient power reactor. By the looks of it, it ran out of power long time ago.
1221	florandescription	/objects/atprk_krakoth/atprk-krakothshipreactor2/atprk-krakothshipreactor2.object	/floranDescription	Huge reactor doesssn't work anymore. Maybe Floran can fix it, maybe not.
1222	glitchdescription	/objects/atprk_krakoth/atprk-krakothshipreactor2/atprk-krakothshipreactor2.object	/glitchDescription	Observant. Despite the appearance, it seems that this reactor ran out of power pretty recently.
1223	hylotldescription	/objects/atprk_krakoth/atprk-krakothshipreactor2/atprk-krakothshipreactor2.object	/hylotlDescription	It is a mystery what kind of energy powered K'Rakothan machinery. Perhaps we will discover it one day.
1224	aviandescription	/objects/atprk_krakoth/atprk-krakothshipreactorbroken/atprk-krakothshipreactorbroken.object	/avianDescription	I certainly wouldn't want to see a moment when this reactor blew up.
1225	florandescription	/objects/atprk_krakoth/atprk-krakothshipreactorbroken/atprk-krakothshipreactorbroken.object	/floranDescription	Huge reactor went ka-boom. Now there isss no reactor.
1226	glitchdescription	/objects/atprk_krakoth/atprk-krakothshipreactorbroken/atprk-krakothshipreactorbroken.object	/glitchDescription	Cautious. A ruined reactor. Who knows whether it's safe to stay nearby.
1227	humandescription	/objects/atprk_krakoth/atprk-krakothshipreactorbroken/atprk-krakothshipreactorbroken.object	/humanDescription	Well, here goes a power reactor. Are there any spare parts for it?
1228	hylotldescription	/objects/atprk_krakoth/atprk-krakothshipreactorbroken/atprk-krakothshipreactorbroken.object	/hylotlDescription	Not even the most sophisticated pieces of technology can endure the ravages of time.
1229	novakiddescription	/objects/atprk_krakoth/atprk-krakothshipreactorbroken/atprk-krakothshipreactorbroken.object	/novakidDescription	It used to be a strong power reactor but now it's gone. What a shame.
1230	apexdescription	/objects/atprk_krakoth/atprk-krakothsmallconsole/atprk-krakothsmallconsole.object	/apexDescription	I wonder what this console does.
1231	aviandescription	/objects/atprk_krakoth/atprk-krakothsmallconsole/atprk-krakothsmallconsole.object	/avianDescription	This console seems to be somewhat more intuitive than the rest.
1232	florandescription	/objects/atprk_krakoth/atprk-krakothsmallconsole/atprk-krakothsmallconsole.object	/floranDescription	Floran wantsss to push all buttonsss at once.
1233	glitchdescription	/objects/atprk_krakoth/atprk-krakothsmallconsole/atprk-krakothsmallconsole.object	/glitchDescription	Relieved. Unlike the other consoles here, this one is somewhat more user-friendly.
1234	humandescription	/objects/atprk_krakoth/atprk-krakothsmallconsole/atprk-krakothsmallconsole.object	/humanDescription	This should do something, I guess.
1235	novakiddescription	/objects/atprk_krakoth/atprk-krakothsmallconsole/atprk-krakothsmallconsole.object	/novakidDescription	Okay, I guess I can distinguish some buttons here...
1236	florandescription	/objects/atprk_krakoth/atprk-krakothsmalldoor/atprk-krakothsmalldoor.object	/floranDescription	Very ssstrong door. Floran can ussse door as shield.
1237	glitchdescription	/objects/atprk_krakoth/atprk-krakothsmalldoor/atprk-krakothsmalldoor.object	/glitchDescription	Approving. A secure door.
1238	hylotldescription	/objects/atprk_krakoth/atprk-krakothsmalldoor/atprk-krakothsmalldoor.object	/hylotlDescription	I feel very secure behind this door.
1239	florandescription	/objects/atprk_krakoth/atprk-krakothstasiscanister/atprk-krakothstasiscanister.object	/floranDescription	How doess pink tube freeze ssstuff without getting cold?
1240	florandescription	/objects/atprk_krakoth/atprk-krakothstasiscanisteralt/atprk-krakothstasiscanisteralt.object	/floranDescription	How doess green tube freeze ssstuff without getting cold?
1241	apexdescription	/objects/atprk_krakoth/atprk-krakothstatue1/atprk-krakothstatue1.object	/apexDescription	It was either an ancient ruler or a renowned scholar. Perhaps we'll never know for sure.
1242	aviandescription	/objects/atprk_krakoth/atprk-krakothstatue1/atprk-krakothstatue1.object	/avianDescription	Who is this mysterious creature? Maybe it was a deity of ancient people similar to Kluex?
1243	florandescription	/objects/atprk_krakoth/atprk-krakothstatue1/atprk-krakothstatue1.object	/floranDescription	Doesssn't look like a warrior, that's for sssure.
1244	glitchdescription	/objects/atprk_krakoth/atprk-krakothstatue1/atprk-krakothstatue1.object	/glitchDescription	Curious. Will I learn more about this individual from ancient records?
1245	humandescription	/objects/atprk_krakoth/atprk-krakothstatue1/atprk-krakothstatue1.object	/humanDescription	What is this statue made of? Who is this alien? Why does it make me feel uncomfortable?
1246	apexdescription	/objects/atprk_krakoth/atprk-krakothstatue2/atprk-krakothstatue2.object	/apexDescription	This statue looks surprisingly organic despite being made of metal.
1247	aviandescription	/objects/atprk_krakoth/atprk-krakothstatue2/atprk-krakothstatue2.object	/avianDescription	I hope it won't try to grab me.
1248	florandescription	/objects/atprk_krakoth/atprk-krakothstatue2/atprk-krakothstatue2.object	/floranDescription	Floran getsss hungry looking at thisss statue.
1249	glitchdescription	/objects/atprk_krakoth/atprk-krakothstatue2/atprk-krakothstatue2.object	/glitchDescription	Relieved. For a second I thought this tentacle was real.
1250	humandescription	/objects/atprk_krakoth/atprk-krakothstatue2/atprk-krakothstatue2.object	/humanDescription	It's not meant to be the Ruin's tentacle, right? Right?...
1251	hylotldescription	/objects/atprk_krakoth/atprk-krakothstatue2/atprk-krakothstatue2.object	/hylotlDescription	I appreciate how realistic this tentacle looks.
1252	novakiddescription	/objects/atprk_krakoth/atprk-krakothstatue2/atprk-krakothstatue2.object	/novakidDescription	An arm of a big sea creature.
1253	aviandescription	/objects/atprk_krakoth/atprk-krakothsubmarineprop/atprk-krakothsubmarineprop.object	/avianDescription	By the looks of it, this submarine was meant to be piloted by a single person.
1254	florandescription	/objects/atprk_krakoth/atprk-krakothsubmarineprop/atprk-krakothsubmarineprop.object	/floranDescription	Sssea car for large sssquidsss.
1255	glitchdescription	/objects/atprk_krakoth/atprk-krakothsubmarineprop/atprk-krakothsubmarineprop.object	/glitchDescription	Puzzled. Why do aquatic creatures need submarines?
1256	humandescription	/objects/atprk_krakoth/atprk-krakothsubmarineprop/atprk-krakothsubmarineprop.object	/humanDescription	I can't hop in, sadly.
1257	novakiddescription	/objects/atprk_krakoth/atprk-krakothsubmarineprop/atprk-krakothsubmarineprop.object	/novakidDescription	Basically a sea car for a huge squid.
1258	aviandescription	/objects/atprk_krakoth/atprk-krakothswitch1/atprk-krakothswitch1.object	/avianDescription	I think I know what those glyphs mean.
1259	florandescription	/objects/atprk_krakoth/atprk-krakothswitch1/atprk-krakothswitch1.object	/floranDescription	Sssily wall sssswitch with sssilly letters.
1260	glitchdescription	/objects/atprk_krakoth/atprk-krakothswitch1/atprk-krakothswitch1.object	/glitchDescription	Enthusiastic. I wonder if I can decipher the glyphs on this switch.
1261	novakiddescription	/objects/atprk_krakoth/atprk-krakothswitch1/atprk-krakothswitch1.object	/novakidDescription	I need to press this ol' screen to turn the switch.
1262	florandescription	/objects/atprk_krakoth/atprk-krakothtechsignsmall/atprk-krakothtechsignsmall.object	/floranDescription	Sssmall sssign.
1263	glitchdescription	/objects/atprk_krakoth/atprk-krakothtechsignsmall/atprk-krakothtechsignsmall.object	/glitchDescription	Irked. The text is too small to read.
1264	novakiddescription	/objects/atprk_krakoth/atprk-krakothtechsignsmall/atprk-krakothtechsignsmall.object	/novakidDescription	I can't make out what this sign says.
1265	florandescription	/objects/atprk_krakoth/atprk-krakothtechstool/atprk-krakothtechstool.object	/floranDescription	Metal ssstump.
1266	glitchdescription	/objects/atprk_krakoth/atprk-krakothtechstool/atprk-krakothtechstool.object	/glitchDescription	Bored. Nothing exciting about this stool.
1267	hylotldescription	/objects/atprk_krakoth/atprk-krakothtechstool/atprk-krakothtechstool.object	/hylotlDescription	This stool appears to be welded to the floor.
1268	apexdescription	/objects/atprk_krakoth/atprk-krakothturret/atprk-krakothturret.object	/apexDescription	Since this turret hasn't shot me down yet, it's probably deactivated.
1269	aviandescription	/objects/atprk_krakoth/atprk-krakothturret/atprk-krakothturret.object	/avianDescription	Thank Kluex, this turret ran out of power.
1270	florandescription	/objects/atprk_krakoth/atprk-krakothturret/atprk-krakothturret.object	/floranDescription	Ssstupid gun doesssn't shoot! Uselesss!
1271	glitchdescription	/objects/atprk_krakoth/atprk-krakothturret/atprk-krakothturret.object	/glitchDescription	Pensive. This turret has no more power to guard this spot.
1272	humandescription	/objects/atprk_krakoth/atprk-krakothturret/atprk-krakothturret.object	/humanDescription	Oh great, it doesn't see me as a target! Wait, it's probably turned off.
1273	hylotldescription	/objects/atprk_krakoth/atprk-krakothturret/atprk-krakothturret.object	/hylotlDescription	This turret doesn't have any more power. Otherwise I'd be shot by now.
1274	apexdescription	/objects/atprk_krakoth/atprk-krakothwallflag/atprk-krakothwallflag.object	/apexDescription	This seems to be a holographic flag.
1275	florandescription	/objects/atprk_krakoth/atprk-krakothwallflag/atprk-krakothwallflag.object	/floranDescription	Light flag with sssome vine in the middle.
1276	glitchdescription	/objects/atprk_krakoth/atprk-krakothwallflag/atprk-krakothwallflag.object	/glitchDescription	Disturbed. Something is dreadfully familiar about this flag...
1277	hylotldescription	/objects/atprk_krakoth/atprk-krakothwallflag/atprk-krakothwallflag.object	/hylotlDescription	The flag of the K'Rakothan people. The symbol in the middle is probably a tentacle holding a pearl.
1278	novakiddescription	/objects/atprk_krakoth/atprk-krakothwallflag/atprk-krakothwallflag.object	/novakidDescription	I dunno, I see a huge tentacle grabbin' a planet 'ere.
1279	apexdescription	/objects/atprk_noolith/atprk_noolitharchive/atprk_noolitharchive.object	/apexDescription	This bookcase projects a number of interactive holographic books onto its racks.
1280	aviandescription	/objects/atprk_noolith/atprk_noolitharchive/atprk_noolitharchive.object	/avianDescription	An impressive collection of ancient lore preserved in a holographic display.
1281	florandescription	/objects/atprk_noolith/atprk_noolitharchive/atprk_noolitharchive.object	/floranDescription	Booksss made of light. How did their writersss read them?
1282	glitchdescription	/objects/atprk_noolith/atprk_noolitharchive/atprk_noolitharchive.object	/glitchDescription	Overwhelmed. These ancient records contain a lot of data on various topics. What should I start with?
1283	humandescription	/objects/atprk_noolith/atprk_noolitharchive/atprk_noolitharchive.object	/humanDescription	If knowledge is power, then this bookcase must be a whole bastion.
1284	hylotldescription	/objects/atprk_noolith/atprk_noolitharchive/atprk_noolitharchive.object	/hylotlDescription	Quite an elegant way of preserving forgotten knowledge for centuries. I'd be pleased to study some of it.
1285	novakiddescription	/objects/atprk_noolith/atprk_noolitharchive/atprk_noolitharchive.object	/novakidDescription	The collection's great for sure but the bookcase itself feels overengineered.
1286	apexdescription	/objects/atprk_noolith/atprk_noolithbed/atprk_noolithbed.object	/apexDescription	I doubt it is functional at all.
1287	florandescription	/objects/atprk_noolith/atprk_noolithbed/atprk_noolithbed.object	/floranDescription	Ssslippery ssstone bed.
1288	glitchdescription	/objects/atprk_noolith/atprk_noolithbed/atprk_noolithbed.object	/glitchDescription	Angry. Who took the blanket? This bed is already quite uncomfortable!
1289	humandescription	/objects/atprk_noolith/atprk_noolithbed/atprk_noolithbed.object	/humanDescription	Ouch. It must be hard to sleep on this.
1290	hylotldescription	/objects/atprk_noolith/atprk_noolithbed/atprk_noolithbed.object	/hylotlDescription	As wealthy as this bed is, it is not the healthiest to sleep on.
1291	novakiddescription	/objects/atprk_noolith/atprk_noolithbed/atprk_noolithbed.object	/novakidDescription	Sleepin' on a huge diamond, huh... if that's even a diamond.
1292	aviandescription	/objects/atprk_noolith/atprk_noolithdronedisplay/atprk_noolithdronedisplay.object	/avianDescription	An image of an automated construct, likely built for defense.
1293	florandescription	/objects/atprk_noolith/atprk_noolithdronedisplay/atprk_noolithdronedisplay.object	/floranDescription	Prisssmatic golem or sssomething.
1294	glitchdescription	/objects/atprk_noolith/atprk_noolithdronedisplay/atprk_noolithdronedisplay.object	/glitchDescription	Focused. I figure this shows a mechanism of sorts, but its purpose is beyond me.
1295	humandescription	/objects/atprk_noolith/atprk_noolithdronedisplay/atprk_noolithdronedisplay.object	/humanDescription	I'm not entirely sure but this may be a simulated model of a combat drone.
1296	hylotldescription	/objects/atprk_noolith/atprk_noolithdronedisplay/atprk_noolithdronedisplay.object	/hylotlDescription	This hologram shows a fully functional prototype of a battle drone.
1297	aviandescription	/objects/atprk_noolith/atprk_noolithholoconsole/atprk_noolithholoconsole.object	/avianDescription	An intricate computer that displays holograms when active.
1298	florandescription	/objects/atprk_noolith/atprk_noolithholoconsole/atprk_noolithholoconsole.object	/floranDescription	Sleek consssole showsss light sscreens.
1299	glitchdescription	/objects/atprk_noolith/atprk_noolithholoconsole/atprk_noolithholoconsole.object	/glitchDescription	Captivated. A computer with an extra screen made of pure light.
1300	humandescription	/objects/atprk_noolith/atprk_noolithholoconsole/atprk_noolithholoconsole.object	/humanDescription	This terminal looks impressive. I hope it works just as well.
1301	hylotldescription	/objects/atprk_noolith/atprk_noolithholoconsole/atprk_noolithholoconsole.object	/hylotlDescription	This terminal is equipped with a hologram projector.
1302	apexdescription	/objects/atprk_noolith/atprk_noolithholoplant/atprk_noolithholoplant.object	/apexDescription	Some sort of a plant display.
1303	florandescription	/objects/atprk_noolith/atprk_noolithholoplant/atprk_noolithholoplant.object	/floranDescription	Fake plant in a fake pot.
1304	glitchdescription	/objects/atprk_noolith/atprk_noolithholoplant/atprk_noolithholoplant.object	/glitchDescription	Calm. A holographic image of a short plant.
1305	hylotldescription	/objects/atprk_noolith/atprk_noolithholoplant/atprk_noolithholoplant.object	/hylotlDescription	Chances are, this plant is long extinct.
1306	novakiddescription	/objects/atprk_noolith/atprk_noolithholoplant/atprk_noolithholoplant.object	/novakidDescription	An unsightly glowin' tree.
1307	aviandescription	/objects/atprk_noolith/atprk_noolithlectern/atprk_noolithlectern.object	/avianDescription	This podium was clearly meant to hold a sacred text but it's nowhere to be seen.
1308	florandescription	/objects/atprk_noolith/atprk_noolithlectern/atprk_noolithlectern.object	/floranDescription	Dessk too sssmall, Floran won't cut big meatsss here.
1309	glitchdescription	/objects/atprk_noolith/atprk_noolithlectern/atprk_noolithlectern.object	/glitchDescription	Bemused. A lectern straight from an ancient crystal temple.
1310	florandescription	/objects/atprk_noolith/atprk_noolithorrery/atprk_noolithorrery.object	/floranDescription	Ssspinning metal thingy.
1311	glitchdescription	/objects/atprk_noolith/atprk_noolithorrery/atprk_noolithorrery.object	/glitchDescription	Puzzled. What is the purpose of this mechanism?
1312	humandescription	/objects/atprk_noolith/atprk_noolithorrery/atprk_noolithorrery.object	/humanDescription	I don't know what any of these planets are but the model is sure pretty.
1313	novakiddescription	/objects/atprk_noolith/atprk_noolithorrery/atprk_noolithorrery.object	/novakidDescription	This kinda looks like a star with planets 'round it.
1314	aviandescription	/objects/atprk_noolith/atprk_noolithorrerydesk/atprk_noolithorrerydesk.object	/avianDescription	The top of this table is engraved with astronomical symbols.
1315	glitchdescription	/objects/atprk_noolith/atprk_noolithorrerydesk/atprk_noolithorrerydesk.object	/glitchDescription	Impressed. A massive octagonal crystal seems to form the base of this table.
1316	hylotldescription	/objects/atprk_noolith/atprk_noolithorrerydesk/atprk_noolithorrerydesk.object	/hylotlDescription	I think I can discern some arcane symbols on the top.
1317	florandescription	/objects/atprk_noolith/atprk_noolithpillar/atprk_noolithpillar.object	/floranDescription	Big shiny ssstone wall.
1318	humandescription	/objects/atprk_noolith/atprk_noolithpillar/atprk_noolithpillar.object	/humanDescription	It's really lacking in having some sort of alien hieroglyphs, even the ones that don't mean anything.
1319	florandescription	/objects/atprk_noolith/atprk_noolithpillarsmall/atprk_noolithpillarsmall.object	/floranDescription	Sssloped cryssstal.
1320	apexdescription	/objects/atprk_noolith/atprk_noolithplanetplaque/atprk_noolithplanetplaque.object	/apexDescription	An astronomical plaque.
1321	aviandescription	/objects/atprk_noolith/atprk_noolithplanetplaque/atprk_noolithplanetplaque.object	/avianDescription	This tablet describes a celestial body I'm not familiar with. The cryptic writing doesn't help either.
1322	florandescription	/objects/atprk_noolith/atprk_noolithplanetplaque/atprk_noolithplanetplaque.object	/floranDescription	Wide plate sssays sssomething about huge circle.
1323	glitchdescription	/objects/atprk_noolith/atprk_noolithplanetplaque/atprk_noolithplanetplaque.object	/glitchDescription	Attentive. The circle in the middle has jagged patters. They're likely meant to represent continents.
1324	humandescription	/objects/atprk_noolith/atprk_noolithplanetplaque/atprk_noolithplanetplaque.object	/humanDescription	This wall-mounted plaque shows an unknown planet.
1325	hylotldescription	/objects/atprk_noolith/atprk_noolithplanetplaque/atprk_noolithplanetplaque.object	/hylotlDescription	Too bad the text is unreadable, it could provide a valuable insight into an alien world.
1326	novakiddescription	/objects/atprk_noolith/atprk_noolithplanetplaque/atprk_noolithplanetplaque.object	/novakidDescription	Can't say I know what this means but it must be 'bout planets.
1327	aviandescription	/objects/atprk_noolith/atprk_noolithseal/atprk_noolithseal.object	/avianDescription	If only if this was an Avolite crystal...
1328	florandescription	/objects/atprk_noolith/atprk_noolithseal/atprk_noolithseal.object	/floranDescription	Ssshiny rock on the wall.
1329	glitchdescription	/objects/atprk_noolith/atprk_noolithseal/atprk_noolithseal.object	/glitchDescription	Humble. A beautiful decorative crystal.
1330	hylotldescription	/objects/atprk_noolith/atprk_noolithseal/atprk_noolithseal.object	/hylotlDescription	There is no better jeweler than nature.
1331	novakiddescription	/objects/atprk_noolith/atprk_noolithseal/atprk_noolithseal.object	/novakidDescription	It better be natural.
1332	apexdescription	/objects/atprk_noolith/atprk_noolithslidingdoor/atprk_noolithslidingdoor.object	/apexDescription	This door slides right into the ceiling.
1333	florandescription	/objects/atprk_noolith/atprk_noolithslidingdoor/atprk_noolithslidingdoor.object	/floranDescription	Door goesss up, door goesss down...
1334	glitchdescription	/objects/atprk_noolith/atprk_noolithslidingdoor/atprk_noolithslidingdoor.object	/glitchDescription	Captivated. A sophisticated sliding door.
1335	florandescription	/objects/atprk_noolith/atprk_noolithsteelchair/atprk_noolithsteelchair.object	/floranDescription	Floran can resst on thisss chair and then bludgeon wild beasssts with it.
1336	humandescription	/objects/atprk_noolith/atprk_noolithsteelchair/atprk_noolithsteelchair.object	/humanDescription	This chair isn't special but it sure is cozy.
1337	hylotldescription	/objects/atprk_noolith/atprk_noolithsteelchair/atprk_noolithsteelchair.object	/hylotlDescription	Perhaps I should take a minute to rest here.
1338	florandescription	/objects/atprk_noolith/atprk_noolithsupport/atprk_noolithsupport.object	/floranDescription	Sssupporting metal beam.
1339	glitchdescription	/objects/atprk_noolith/atprk_noolithsupport/atprk_noolithsupport.object	/glitchDescription	Neutral. A support forged from durasteel.
1340	humandescription	/objects/atprk_noolith/atprk_noolithsupport/atprk_noolithsupport.object	/humanDescription	An angular durasteel support.
1341	hylotldescription	/objects/atprk_noolith/atprk_noolithsupport/atprk_noolithsupport.object	/hylotlDescription	An oddly-shaped durasteel support.
1342	apexdescription	/objects/atprk_noolith/atprk_noolithtable/atprk_noolithtable.object	/apexDescription	An unstable crystalline table.
1343	aviandescription	/objects/atprk_noolith/atprk_noolithtable/atprk_noolithtable.object	/avianDescription	The table's top is notably cracked.
1344	apexdescription	/objects/atprk_noolith/atprk_noolithtableclean/atprk_noolithtableclean.object	/apexDescription	I would rather not eat at this cold crystalline table.
1345	aviandescription	/objects/atprk_noolith/atprk_noolithtableclean/atprk_noolithtableclean.object	/avianDescription	The table's top is extremely smooth and shiny.
1346	apexdescription	/objects/atprk_noolith/atprk_noolithtalkingfull/atprk_noolithtalkingfull.object	/apexDescription	Is this crystal being self-aware? Can I help it?
1347	aviandescription	/objects/atprk_noolith/atprk_noolithtalkingfull/atprk_noolithtalkingfull.object	/avianDescription	Poor thing... I think it's trying to say something.
1348	florandescription	/objects/atprk_noolith/atprk_noolithtalkingfull/atprk_noolithtalkingfull.object	/floranDescription	Isss rock perssson in pain?
1349	glitchdescription	/objects/atprk_noolith/atprk_noolithtalkingfull/atprk_noolithtalkingfull.object	/glitchDescription	Compassionate. A poor Noolith who cannot move or think clearly.
1350	humandescription	/objects/atprk_noolith/atprk_noolithtalkingfull/atprk_noolithtalkingfull.object	/humanDescription	I, uh... H-hello?
1351	hylotldescription	/objects/atprk_noolith/atprk_noolithtalkingfull/atprk_noolithtalkingfull.object	/hylotlDescription	Some poor crystalline creature. Is it even ethical to keep it in this state?
1352	novakiddescription	/objects/atprk_noolith/atprk_noolithtalkingfull/atprk_noolithtalkingfull.object	/novakidDescription	Wait, it that crystal tryin' to talk with me?
1353	apexdescription	/objects/atprk_noolith/atprk_noolithtelescope/atprk_noolithtelescope.object	/apexDescription	I should be careful not to shatter this telescope. It's very sensitive.
1354	florandescription	/objects/atprk_noolith/atprk_noolithtelescope/atprk_noolithtelescope.object	/floranDescription	Fragile yet usseful telessscope.
1355	glitchdescription	/objects/atprk_noolith/atprk_noolithtelescope/atprk_noolithtelescope.object	/glitchDescription	Pleased. This refined telescope grants a good view of the stars.
1356	humandescription	/objects/atprk_noolith/atprk_noolithtelescope/atprk_noolithtelescope.object	/humanDescription	This sophisticated telescope features mirrors made from exotic crystals.
1357	hylotldescription	/objects/atprk_noolith/atprk_noolithtelescope/atprk_noolithtelescope.object	/hylotlDescription	An indispensable tool for inspecting celestial bodies from a safe distance.
1358	florandescription	/objects/atprk_noolith/atprk_noolithwalllight/atprk_noolithwalllight.object	/floranDescription	Cold blue light.
1359	glitchdescription	/objects/atprk_noolith/atprk_noolithwalllight/atprk_noolithwalllight.object	/glitchDescription	Uncomfortable. This light is anything but warm.
1360	humandescription	/objects/atprk_noolith/atprk_noolithwalllight/atprk_noolithwalllight.object	/humanDescription	This light sort of looks like a prism.
1361	hylotldescription	/objects/atprk_noolith/atprk_noolithwalllight/atprk_noolithwalllight.object	/hylotlDescription	An unusually shaped wall light.
1362	aviandescription	/objects/atprk_noolith/atprk_noolithwalllighttiny/atprk_noolithwalllighttiny.object	/avianDescription	This lamp on the wall almost looks like a tiny star.
1363	florandescription	/objects/atprk_noolith/atprk_noolithwalllighttiny/atprk_noolithwalllighttiny.object	/floranDescription	Tiny glowing ssspot.
1364	glitchdescription	/objects/atprk_noolith/atprk_noolithwalllighttiny/atprk_noolithwalllighttiny.object	/glitchDescription	Indifferent. A cold wall-mounted light.
1365	novakiddescription	/objects/atprk_noolith/atprk_noolithwalllighttiny/atprk_noolithwalllighttiny.object	/novakidDescription	This light's a bit cold.
1366	anneliskdescription	/objects/atprk_noolith/atprk_sandstonestatuenoolith/atprk_sandstonestatuenoolith.object	/anneliskDescription	Some serious-looking pal made of pure sandstone.
1367	aviandescription	/objects/atprk_noolith/atprk_sandstonestatuenoolith/atprk_sandstonestatuenoolith.object	/avianDescription	This statue may portray some sort of an Avolite-powered automaton but I doubt it.
1368	fenrondescription	/objects/atprk_noolith/atprk_sandstonestatuenoolith/atprk_sandstonestatuenoolith.object	/fenronDescription	An inanimate sandstone golem. I can tell it's waiting for a worthy opponent.
1369	florandescription	/objects/atprk_noolith/atprk_sandstonestatuenoolith/atprk_sandstonestatuenoolith.object	/floranDescription	Weird-looking metal man made from ssandssstone.
1370	glitchdescription	/objects/atprk_noolith/atprk_sandstonestatuenoolith/atprk_sandstonestatuenoolith.object	/glitchDescription	Analytical. While it does look robotic, it's clearly not a Glitch.
1371	novakiddescription	/objects/atprk_noolith/atprk_sandstonestatuenoolith/atprk_sandstonestatuenoolith.object	/novakidDescription	I dunno who it is but they ain't enjoyin' being here.
1372	apexdescription	/objects/atprk_noolith/atprk_shapelesschest/atprk_shapelesschest.object	/apexDescription	There is something wrong with this crystalline chest. I cannot explain what exactly, however.
1373	aviandescription	/objects/atprk_noolith/atprk_shapelesschest/atprk_shapelesschest.object	/avianDescription	This crystalline chest gives off a bad aura. It feels like something ghostly possesses it.
1374	florandescription	/objects/atprk_noolith/atprk_shapelesschest/atprk_shapelesschest.object	/floranDescription	Ssstrange shiny box makess Floran feel... empty...
1375	hylotldescription	/objects/atprk_noolith/atprk_shapelesschest/atprk_shapelesschest.object	/hylotlDescription	I am not very superstitious but there is something ghastly about this pale chest.
1376	novakiddescription	/objects/atprk_noolith/atprk_shapelesschest/atprk_shapelesschest.object	/novakidDescription	That's one eery box o' gems... Something ain't right 'bout it...
1377	apexdescription	/objects/atprk_radiotrophic/atprk_radiotrophicbed/atprk_radiotrophicbed.object	/apexDescription	Whether it's healthy to sleep on irradiated wood is up for debate.
1378	aviandescription	/objects/atprk_radiotrophic/atprk_radiotrophicbed/atprk_radiotrophicbed.object	/avianDescription	This bed looks fine, but not comfortable enough.
1379	florandescription	/objects/atprk_radiotrophic/atprk_radiotrophicbed/atprk_radiotrophicbed.object	/floranDescription	Green bed ssssmells sstrange.
1380	glitchdescription	/objects/atprk_radiotrophic/atprk_radiotrophicbed/atprk_radiotrophicbed.object	/glitchDescription	Attentive. This bed is slightly asymmetrical.
1381	humandescription	/objects/atprk_radiotrophic/atprk_radiotrophicbed/atprk_radiotrophicbed.object	/humanDescription	Even monsters will think twice before hiding under the radiotrophic bed!
1382	hylotldescription	/objects/atprk_radiotrophic/atprk_radiotrophicbed/atprk_radiotrophicbed.object	/hylotlDescription	I doubt this bed provides enough comfort.
1383	novakiddescription	/objects/atprk_radiotrophic/atprk_radiotrophicbed/atprk_radiotrophicbed.object	/novakidDescription	This bed's so hard it'll torture your back.
1384	aviandescription	/objects/atprk_radiotrophic/atprk_radiotrophicchair/atprk_radiotrophicchair.object	/avianDescription	I hope radiotrophic wood is safe for my feathers.
1385	florandescription	/objects/atprk_radiotrophic/atprk_radiotrophicchair/atprk_radiotrophicchair.object	/floranDescription	Floran likess how chair isss very green.
1386	glitchdescription	/objects/atprk_radiotrophic/atprk_radiotrophicchair/atprk_radiotrophicchair.object	/glitchDescription	Doubtful. I'm not sure if sitting on this is a good idea.
1387	humandescription	/objects/atprk_radiotrophic/atprk_radiotrophicchair/atprk_radiotrophicchair.object	/humanDescription	If I get a splinter from this chair, will I get superpowers as well?
1388	novakiddescription	/objects/atprk_radiotrophic/atprk_radiotrophicchair/atprk_radiotrophicchair.object	/novakidDescription	This chair's a little bit weird, but durable.
1389	apexdescription	/objects/atprk_radiotrophic/atprk_radiotrophicchest/atprk_radiotrophicchest.object	/apexDescription	I hope this chest is safe to open.
1390	aviandescription	/objects/atprk_radiotrophic/atprk_radiotrophicchest/atprk_radiotrophicchest.object	/avianDescription	Are the treasures inside this chest irradiated?
1391	florandescription	/objects/atprk_radiotrophic/atprk_radiotrophicchest/atprk_radiotrophicchest.object	/floranDescription	Chessst doesssn't look good, but Floran is curiousss.
1392	glitchdescription	/objects/atprk_radiotrophic/atprk_radiotrophicchest/atprk_radiotrophicchest.object	/glitchDescription	Eager. What could be inside this green chest?
1393	humandescription	/objects/atprk_radiotrophic/atprk_radiotrophicchest/atprk_radiotrophicchest.object	/humanDescription	It's safe to open this chest, isn't it?
1394	aviandescription	/objects/atprk_radiotrophic/atprk_radiotrophicdoor/atprk_radiotrophicdoor.object	/avianDescription	So, how do I lock this door, anyway?
1395	florandescription	/objects/atprk_radiotrophic/atprk_radiotrophicdoor/atprk_radiotrophicdoor.object	/floranDescription	Floran doesss not like door's hissing.
1396	glitchdescription	/objects/atprk_radiotrophic/atprk_radiotrophicdoor/atprk_radiotrophicdoor.object	/glitchDescription	Happy. This door slides into the wall and gives you more space.
1397	humandescription	/objects/atprk_radiotrophic/atprk_radiotrophicdoor/atprk_radiotrophicdoor.object	/humanDescription	Hey, how do I lock this door if there's nothing to keep it closed?
1398	apexdescription	/objects/atprk_radiotrophic/atprk_radiotrophiclamp/atprk_radiotrophiclamp.object	/apexDescription	I have no idea how or why it glows this way.
1399	aviandescription	/objects/atprk_radiotrophic/atprk_radiotrophiclamp/atprk_radiotrophiclamp.object	/avianDescription	Is this how it's supposed to glow? Anybody?
1400	florandescription	/objects/atprk_radiotrophic/atprk_radiotrophiclamp/atprk_radiotrophiclamp.object	/floranDescription	Bright green light. Nothing like fire.
1401	glitchdescription	/objects/atprk_radiotrophic/atprk_radiotrophiclamp/atprk_radiotrophiclamp.object	/glitchDescription	Worried. Are those radioactive materials glowing?
1402	humandescription	/objects/atprk_radiotrophic/atprk_radiotrophiclamp/atprk_radiotrophiclamp.object	/humanDescription	I, uh, didn't expect such a vibrant green glow.
1403	hylotldescription	/objects/atprk_radiotrophic/atprk_radiotrophiclamp/atprk_radiotrophiclamp.object	/hylotlDescription	The way this wooden lamp glows is unsettling.
1404	novakiddescription	/objects/atprk_radiotrophic/atprk_radiotrophiclamp/atprk_radiotrophiclamp.object	/novakidDescription	This green glow ain't natural!
1405	aviandescription	/objects/atprk_radiotrophic/atprk_radiotrophicplantpot/atprk_radiotrophicplantpot.object	/avianDescription	Do those trees even grow taller than a traffic light?
1406	florandescription	/objects/atprk_radiotrophic/atprk_radiotrophicplantpot/atprk_radiotrophicplantpot.object	/floranDescription	Tiny tree in a pot. It wantsss freedom.
1407	glitchdescription	/objects/atprk_radiotrophic/atprk_radiotrophicplantpot/atprk_radiotrophicplantpot.object	/glitchDescription	Confused. How am I supposed to feed this tree with radiation?
1408	humandescription	/objects/atprk_radiotrophic/atprk_radiotrophicplantpot/atprk_radiotrophicplantpot.object	/humanDescription	Why does this tree need radiation to grow? It makes no sense.
1409	novakiddescription	/objects/atprk_radiotrophic/atprk_radiotrophicplantpot/atprk_radiotrophicplantpot.object	/novakidDescription	This lil' tree is stronger than it looks.
1410	apexdescription	/objects/atprk_radiotrophic/atprk_radiotrophictable/atprk_radiotrophictable.object	/apexDescription	The green wood the table is made of doesn't look healthy.
1411	aviandescription	/objects/atprk_radiotrophic/atprk_radiotrophictable/atprk_radiotrophictable.object	/avianDescription	I don't know if I would eat breakfast at this table. Something is off about it.
1412	florandescription	/objects/atprk_radiotrophic/atprk_radiotrophictable/atprk_radiotrophictable.object	/floranDescription	Wooden table iss as green as Floran.
1413	glitchdescription	/objects/atprk_radiotrophic/atprk_radiotrophictable/atprk_radiotrophictable.object	/glitchDescription	Concerned. Is it wise to keep a table made of radioactive wood?
1414	humandescription	/objects/atprk_radiotrophic/atprk_radiotrophictable/atprk_radiotrophictable.object	/humanDescription	I like how this wood looks but I don't trust it much.
1415	hylotldescription	/objects/atprk_radiotrophic/atprk_radiotrophictable/atprk_radiotrophictable.object	/hylotlDescription	This table's design is not bad, but I'd rather stay away from it.
1416	novakiddescription	/objects/atprk_radiotrophic/atprk_radiotrophictable/atprk_radiotrophictable.object	/novakidDescription	I just hope this table's not radioactive or anythin'.
1417	aviandescription	/objects/atprk_relicseeker/atprk_artifactrecycleroff/atprk_artifactrecycleroff.object	/avianDescription	An odd-looking pixel printer or something similar to it.
1418	florandescription	/objects/atprk_relicseeker/atprk_artifactrecycleroff/atprk_artifactrecycleroff.object	/floranDescription	Ssssome workbench. It doessn't work.
1419	glitchdescription	/objects/atprk_relicseeker/atprk_artifactrecycleroff/atprk_artifactrecycleroff.object	/glitchDescription	Disappointed. I cannot find a way to power this workbench.
1420	humandescription	/objects/atprk_relicseeker/atprk_artifactrecycleroff/atprk_artifactrecycleroff.object	/humanDescription	I wonder if there's a way to turn this on.
1421	hylotldescription	/objects/atprk_relicseeker/atprk_artifactrecycleroff/atprk_artifactrecycleroff.object	/hylotlDescription	I can tell this is a deactivated recycling station.
1422	novakiddescription	/objects/atprk_relicseeker/atprk_artifactrecycleroff/atprk_artifactrecycleroff.object	/novakidDescription	I can't turn this thingy on yet.
1423	apexdescription	/objects/atprk_relicseeker/atprk_crateunpacker/atprk_crateunpacker.object	/apexDescription	I can pay this penguin with dubloons to unpack trade goods.
1424	aviandescription	/objects/atprk_relicseeker/atprk_crateunpacker/atprk_crateunpacker.object	/avianDescription	If I give this penguin a dubloon, he will unpack some trade goods.
1425	florandescription	/objects/atprk_relicseeker/atprk_crateunpacker/atprk_crateunpacker.object	/floranDescription	Tiny bird openss cratesss for dubloonsss.
1426	glitchdescription	/objects/atprk_relicseeker/atprk_crateunpacker/atprk_crateunpacker.object	/glitchDescription	Relieved. Finally, now I don't have to resell spare trade goods.
1427	humandescription	/objects/atprk_relicseeker/atprk_crateunpacker/atprk_crateunpacker.object	/humanDescription	This little guy can unpack crates bought at space stations.
1428	hylotldescription	/objects/atprk_relicseeker/atprk_crateunpacker/atprk_crateunpacker.object	/hylotlDescription	Do I really have to pay a whole dubloon to open a single crate?
1429	aviandescription	/objects/atprk_relicseeker/atprk_mechbotrandy/atprk_mechbotrandy.object	/avianDescription	What a friedly automaton! He's a little loud though.
1430	florandescription	/objects/atprk_relicseeker/atprk_mechbotrandy/atprk_mechbotrandy.object	/floranDescription	Relic Ssseekers have their own metalman?
1431	glitchdescription	/objects/atprk_relicseeker/atprk_mechbotrandy/atprk_mechbotrandy.object	/glitchDescription	Irritated. Do you have to shout every word out loud?
1432	humandescription	/objects/atprk_relicseeker/atprk_mechbotrandy/atprk_mechbotrandy.object	/humanDescription	Haven't we met before?
1433	apexdescription	/objects/atprk_relicseeker/atprk_mechbotrandy/atprk_mechbotrandydevoutattack.object	/apexDescription	This disguise is... insufficient.
1434	aviandescription	/objects/atprk_relicseeker/atprk_mechbotrandy/atprk_mechbotrandydevoutattack.object	/avianDescription	You may want to change your hiding spot.
1435	florandescription	/objects/atprk_relicseeker/atprk_mechbotrandy/atprk_mechbotrandydevoutattack.object	/floranDescription	Ssstupid metalman isss very visssible.
1436	glitchdescription	/objects/atprk_relicseeker/atprk_mechbotrandy/atprk_mechbotrandydevoutattack.object	/glitchDescription	Sarcastic. Yeah. This is definitely just a barrel.
1437	humandescription	/objects/atprk_relicseeker/atprk_mechbotrandy/atprk_mechbotrandydevoutattack.object	/humanDescription	How did you even hop in there?
1438	hylotldescription	/objects/atprk_relicseeker/atprk_mechbotrandy/atprk_mechbotrandydevoutattack.object	/hylotlDescription	This is not the right moment to fool around.
1439	novakiddescription	/objects/atprk_relicseeker/atprk_mechbotrandy/atprk_mechbotrandydevoutattack.object	/novakidDescription	Barrels ain't that good for hidin', bud.
1440	apexdescription	/objects/atprk_relicseeker/atprk_mechplatformoff/atprk_mechplatformoff.object	/apexDescription	This mech teleportation platform is currently disabled for safety.
1441	aviandescription	/objects/atprk_relicseeker/atprk_mechplatformoff/atprk_mechplatformoff.object	/avianDescription	It seems that this platform is turned off so no one summons a mech by accident.
1442	florandescription	/objects/atprk_relicseeker/atprk_mechplatformoff/atprk_mechplatformoff.object	/floranDescription	Hey, mech sssuit thingy doessn't work!
1443	glitchdescription	/objects/atprk_relicseeker/atprk_mechplatformoff/atprk_mechplatformoff.object	/glitchDescription	Neutral. A deactivated mech platform. I don't need it now anyway.
1444	humandescription	/objects/atprk_relicseeker/atprk_mechplatformoff/atprk_mechplatformoff.object	/humanDescription	Why can't I summon my mech here? Is this mech platform broken or something?
1445	hylotldescription	/objects/atprk_relicseeker/atprk_mechplatformoff/atprk_mechplatformoff.object	/hylotlDescription	For now there is no real need to summon a mech so this platform is deactivated.
1446	novakiddescription	/objects/atprk_relicseeker/atprk_mechplatformoff/atprk_mechplatformoff.object	/novakidDescription	This mech platform ain't workin' yet.
1447	apexdescription	/objects/atprk_relicseeker/atprk_planetpins/atprk_alienpin.object	/apexDescription	Life can adapt even to the most extreme conditions, and on irradiated alien planets, it is very noticeable.
1448	atprk_fenrondescription	/objects/atprk_relicseeker/atprk_planetpins/atprk_alienpin.object	/atprk_fenronDescription	An alien planet teeming with life so exotic that we're not always sure how to deal with it.
1449	aviandescription	/objects/atprk_relicseeker/atprk_planetpins/atprk_alienpin.object	/avianDescription	What's this pink circle? A colorful plate, perhaps? Oh wait, it's meant to be an alien planet. Huh.
1450	florandescription	/objects/atprk_relicseeker/atprk_planetpins/atprk_alienpin.object	/floranDescription	Sssilly alien planetsss, they are not ready for Floran! Floran will hunt all mutant beasssts down!
1451	glitchdescription	/objects/atprk_relicseeker/atprk_planetpins/atprk_alienpin.object	/glitchDescription	Amused. Quite an odd alien world, I say.
1452	humandescription	/objects/atprk_relicseeker/atprk_planetpins/atprk_alienpin.object	/humanDescription	One small pin for a man, a great eyesore for anyone who wants to learn what alien planets look like.
1453	hylotldescription	/objects/atprk_relicseeker/atprk_planetpins/atprk_alienpin.object	/hylotlDescription	An obscenely flamboyant pin of a truly alien planet. The Universe can be very creative indeed, albeit a bit tasteless.
1454	novakiddescription	/objects/atprk_relicseeker/atprk_planetpins/atprk_alienpin.object	/novakidDescription	Well, that planet's a tad bit too alien for me.
1455	atprk_anneliskdescription	/objects/atprk_relicseeker/atprk_planetpins/atprk_arcticpin.object	/atprk_anneliskDescription	Quite a cold arctic planet. I wouldn't want to get stranded there!
1456	atprk_fenrondescription	/objects/atprk_relicseeker/atprk_planetpins/atprk_arcticpin.object	/atprk_fenronDescription	Whenever you seek a Variegated Breacher to hunt down, a frigid arctic ocean is your friend.
1457	atprk_noolithdescription	/objects/atprk_relicseeker/atprk_planetpins/atprk_arcticpin.object	/atprk_noolithDescription	I remember my people gathering on arctic planets to watch the aurora borealis.
1458	florandescription	/objects/atprk_relicseeker/atprk_planetpins/atprk_arcticpin.object	/floranDescription	Cold arctic waterss ssscare Florans away.
1459	glitchdescription	/objects/atprk_relicseeker/atprk_planetpins/atprk_arcticpin.object	/glitchDescription	Disinterested. For most Glitch kingdoms, arctic planets have little use.
1460	humandescription	/objects/atprk_relicseeker/atprk_planetpins/atprk_arcticpin.object	/humanDescription	To be honest, I thought I'd meet at least some Penguins on arctic planets.
1461	hylotldescription	/objects/atprk_relicseeker/atprk_planetpins/atprk_arcticpin.object	/hylotlDescription	Sadly, the Hylotl have no interest in building colonies on arctic planets. It's way too costly to us.
1462	apexdescription	/objects/atprk_relicseeker/atprk_planetpins/atprk_aridpin.object	/apexDescription	This is hardly different from a barren planet, to be frank.
1463	atprk_fenrondescription	/objects/atprk_relicseeker/atprk_planetpins/atprk_aridpin.object	/atprk_fenronDescription	Uh... A slightly less barren planet?...
1464	atprk_noolithdescription	/objects/atprk_relicseeker/atprk_planetpins/atprk_aridpin.object	/atprk_noolithDescription	I don't recall seeing this celestial body before. Is this a type of a barren world?
1465	aviandescription	/objects/atprk_relicseeker/atprk_planetpins/atprk_aridpin.object	/avianDescription	An arid world. Compared to barren planets, it's more hospitable but only barely.
1466	florandescription	/objects/atprk_relicseeker/atprk_planetpins/atprk_aridpin.object	/floranDescription	Jusst barren planet with more grass. Ssstill boring.
1467	glitchdescription	/objects/atprk_relicseeker/atprk_planetpins/atprk_aridpin.object	/glitchDescription	Unimpressed. Isn't this basically a savannah planet with less vegetation?
1468	novakiddescription	/objects/atprk_relicseeker/atprk_planetpins/atprk_aridpin.object	/novakidDescription	Another savannah planet, eh? Odd.
1469	atprk_anneliskdescription	/objects/atprk_relicseeker/atprk_planetpins/atprk_ashworldpin.object	/atprk_anneliskDescription	Great, it's that one planet type where you can run into those disgusting fields of amber.
1470	atprk_fenrondescription	/objects/atprk_relicseeker/atprk_planetpins/atprk_ashworldpin.object	/atprk_fenronDescription	What is great about ashy planets is that they provide decent training grounds.
1471	aviandescription	/objects/atprk_relicseeker/atprk_planetpins/atprk_ashworldpin.object	/avianDescription	Ashy planets are not as brutal as volcanic ones, so settling there is a lot safer.
1472	florandescription	/objects/atprk_relicseeker/atprk_planetpins/atprk_ashworldpin.object	/floranDescription	Floransss don't like ashy planetsss. Too much ash and dussst, Floranss have to clean their homesss more often.
1473	glitchdescription	/objects/atprk_relicseeker/atprk_planetpins/atprk_ashworldpin.object	/glitchDescription	Curious. Ashy planets are quite young compared to many other celestial bodies.
1474	novakiddescription	/objects/atprk_relicseeker/atprk_planetpins/atprk_ashworldpin.object	/novakidDescription	Young 'n steamin' ashy planets. Metal folks like these a lot, it seems.
1475	atprk_anneliskdescription	/objects/atprk_relicseeker/atprk_planetpins/atprk_asteroidpin.object	/atprk_anneliskDescription	Free resources waiting to be harvested.
1476	atprk_noolithdescription	/objects/atprk_relicseeker/atprk_planetpins/atprk_asteroidpin.object	/atprk_noolithDescription	The silent remnants of planets long forgotten.
1477	aviandescription	/objects/atprk_relicseeker/atprk_planetpins/atprk_asteroidpin.object	/avianDescription	Scattered remains of long-dead worlds.
1478	florandescription	/objects/atprk_relicseeker/atprk_planetpins/atprk_asteroidpin.object	/floranDescription	Ssspace rocksss.
1479	glitchdescription	/objects/atprk_relicseeker/atprk_planetpins/atprk_asteroidpin.object	/glitchDescription	Neutral. A round asteroid cluster.
1480	humandescription	/objects/atprk_relicseeker/atprk_planetpins/atprk_asteroidpin.object	/humanDescription	I expected a single pin shaped like a ring.
1481	novakiddescription	/objects/atprk_relicseeker/atprk_planetpins/atprk_asteroidpin.object	/novakidDescription	This'll be a bunch o' space rocks, nothin' else.
1482	atprk_anneliskdescription	/objects/atprk_relicseeker/atprk_planetpins/atprk_barrenpin.object	/atprk_anneliskDescription	This must be a joke, right? How come a whole friggin' planet has nothing of great value?
1483	atprk_fenrondescription	/objects/atprk_relicseeker/atprk_planetpins/atprk_barrenpin.object	/atprk_fenronDescription	How come all barren planets are, well, barren yet support life?
1484	atprk_noolithdescription	/objects/atprk_relicseeker/atprk_planetpins/atprk_barrenpin.object	/atprk_noolithDescription	To some, barren planets are of no particular interest. The Nooliths however appreciated their serenity.
1485	aviandescription	/objects/atprk_relicseeker/atprk_planetpins/atprk_barrenpin.object	/avianDescription	Barren planets, long abandoned by Kluex.
1486	florandescription	/objects/atprk_relicseeker/atprk_planetpins/atprk_barrenpin.object	/floranDescription	Empty, barren planet. It'ss ssso boring Floran wantsss to ssstab it.
1487	glitchdescription	/objects/atprk_relicseeker/atprk_planetpins/atprk_barrenpin.object	/glitchDescription	Bored. What a plain barren planet.
1488	humandescription	/objects/atprk_relicseeker/atprk_planetpins/atprk_barrenpin.object	/humanDescription	Meh, just a barren planet.
1489	hylotldescription	/objects/atprk_relicseeker/atprk_planetpins/atprk_barrenpin.object	/hylotlDescription	While most races do not see much value in barren planets, my people appreciate them for being clean slates, perfect for building.
1490	novakiddescription	/objects/atprk_relicseeker/atprk_planetpins/atprk_barrenpin.object	/novakidDescription	Nah, nothin' interestin' here. Just a barren planet pin.
1491	apexdescription	/objects/atprk_relicseeker/atprk_planetpins/atprk_boilingoceanpin.object	/apexDescription	Boiling ocean, an oceanic planet type known for its hot waters and elder architecture.
1492	atprk_fenrondescription	/objects/atprk_relicseeker/atprk_planetpins/atprk_boilingoceanpin.object	/atprk_fenronDescription	Damn, the local fish must be pretty tough if it can survive boiling water!
1493	aviandescription	/objects/atprk_relicseeker/atprk_planetpins/atprk_boilingoceanpin.object	/avianDescription	This pin shows a boiling planet, a world of hot seas and eery ruins.
1494	florandescription	/objects/atprk_relicseeker/atprk_planetpins/atprk_boilingoceanpin.object	/floranDescription	Boiling oceansss not sssafe to sswim in unless you have protection.
1495	glitchdescription	/objects/atprk_relicseeker/atprk_planetpins/atprk_boilingoceanpin.object	/glitchDescription	Analytical. Despite extreme temperatures, boiling oceans cannot evaporate entirely.
1496	hylotldescription	/objects/atprk_relicseeker/atprk_planetpins/atprk_boilingoceanpin.object	/hylotlDescription	The Hylotl were always fascinated by boiling planets. There are so many strange structures under the sea.
1497	apexdescription	/objects/atprk_relicseeker/atprk_planetpins/atprk_chthonianmoonpin.object	/apexDescription	Given the strong gravity, I can only guess why a chthonian moon doesn't damage the planet it orbits.
1498	atprk_noolithdescription	/objects/atprk_relicseeker/atprk_planetpins/atprk_chthonianmoonpin.object	/atprk_noolithDescription	Even the most impressive gas giants wither away eventually. Nothing is eternal.
1499	aviandescription	/objects/atprk_relicseeker/atprk_planetpins/atprk_chthonianmoonpin.object	/avianDescription	It's hard to believe that this little moon used to be a core of a gas giant.
1500	florandescription	/objects/atprk_relicseeker/atprk_planetpins/atprk_chthonianmoonpin.object	/floranDescription	Glittery moon wasss not moon before. Then ssomething made it into moon.
1501	glitchdescription	/objects/atprk_relicseeker/atprk_planetpins/atprk_chthonianmoonpin.object	/glitchDescription	Curious. An unusually dense chthonian moon. I wonder how it came to be.
1502	humandescription	/objects/atprk_relicseeker/atprk_planetpins/atprk_chthonianmoonpin.object	/humanDescription	Did they really have to give this moon such a tongue-twister of a name?
1503	novakiddescription	/objects/atprk_relicseeker/atprk_planetpins/atprk_chthonianmoonpin.object	/novakidDescription	Somethin' crazy strong must've blown the clouds off of the gas giant to expose this lil' rock.
1504	apexdescription	/objects/atprk_relicseeker/atprk_planetpins/atprk_desertpin.object	/apexDescription	Desert planets. If you want to get some glass, these are good places to gather materials.
1505	atprk_anneliskdescription	/objects/atprk_relicseeker/atprk_planetpins/atprk_desertpin.object	/atprk_anneliskDescription	Funny enough, some of the tallest Annelisks in our history came from desert colonies.
1506	atprk_noolithdescription	/objects/atprk_relicseeker/atprk_planetpins/atprk_desertpin.object	/atprk_noolithDescription	Largely devoid of liquid water, desert planets are challenging to survive on.
1507	aviandescription	/objects/atprk_relicseeker/atprk_planetpins/atprk_desertpin.object	/avianDescription	Most desert planets remind me of Avos, the homeworld of my people.
1508	florandescription	/objects/atprk_relicseeker/atprk_planetpins/atprk_desertpin.object	/floranDescription	Desssert planetss are bad! Too hot, almost no plantsss, meats are too dry! At leassst Floran can get enough sssun there.
1509	glitchdescription	/objects/atprk_relicseeker/atprk_planetpins/atprk_desertpin.object	/glitchDescription	Annoyed. My joints fill with sand everytime I visit desert planets. It's not exciting at all.
1510	hylotldescription	/objects/atprk_relicseeker/atprk_planetpins/atprk_desertpin.object	/hylotlDescription	The Hylotl can tolerate desert planets but only barely. The air there is way too dry, and there is little water.
1511	novakiddescription	/objects/atprk_relicseeker/atprk_planetpins/atprk_desertpin.object	/novakidDescription	Thank goodness there're no giant worms on desert planets... Or are there?
1512	apexdescription	/objects/atprk_relicseeker/atprk_planetpins/atprk_forestpin.object	/apexDescription	Each forest planet is a great source of wood and relatively cheap ores.
1513	atprk_anneliskdescription	/objects/atprk_relicseeker/atprk_planetpins/atprk_forestpin.object	/atprk_anneliskDescription	Forest planets are great if you need a lot of fresh wood. Look out for mites though!
1514	atprk_fenrondescription	/objects/atprk_relicseeker/atprk_planetpins/atprk_forestpin.object	/atprk_fenronDescription	Compared to jungles, forests are underwhelming. The wildlife there is not as fun to hunt.
1515	aviandescription	/objects/atprk_relicseeker/atprk_planetpins/atprk_forestpin.object	/avianDescription	It's always refreshing to visit a forest planet. No meteors, no pools of poison, no tentacles. Just peace and quiet.
1516	florandescription	/objects/atprk_relicseeker/atprk_planetpins/atprk_forestpin.object	/floranDescription	Foressst planetss are good for Floran. Here Floran hasss many hiding sspots and wild beasts!
1517	glitchdescription	/objects/atprk_relicseeker/atprk_planetpins/atprk_forestpin.object	/glitchDescription	Pleased. A pin of a beautiful green forest planet.
1518	humandescription	/objects/atprk_relicseeker/atprk_planetpins/atprk_forestpin.object	/humanDescription	Forest planets are perfect if you want to go on a camping trip with your friends.
1519	atprk_anneliskdescription	/objects/atprk_relicseeker/atprk_planetpins/atprk_gardenpin.object	/atprk_anneliskDescription	Whew, I was lucky that my SAIL had found a lush planet. Imagine if it was a toxic one instead!
1520	atprk_fenrondescription	/objects/atprk_relicseeker/atprk_planetpins/atprk_gardenpin.object	/atprk_fenronDescription	Garden planets are so peaceful. Maybe even too peaceful.
1521	florandescription	/objects/atprk_relicseeker/atprk_planetpins/atprk_gardenpin.object	/floranDescription	Lush planetsss are nice but boring. There aren't many ssstrong monsssterss!
1522	glitchdescription	/objects/atprk_relicseeker/atprk_planetpins/atprk_gardenpin.object	/glitchDescription	Happy. A nice little lush planet. A perfect place for a farm.
1523	humandescription	/objects/atprk_relicseeker/atprk_planetpins/atprk_gardenpin.object	/humanDescription	Lush planets are quite similar to Earth. One day I'll probably settle on one of those.
1524	novakiddescription	/objects/atprk_relicseeker/atprk_planetpins/atprk_gardenpin.object	/novakidDescription	Gleaps can be annoyin' as heck but otherwise garden planets are just fine.
1525	atprk_anneliskdescription	/objects/atprk_relicseeker/atprk_planetpins/atprk_junglepin.object	/atprk_anneliskDescription	I wonder how many jungle planets are targeted by poachers.
1526	atprk_fenrondescription	/objects/atprk_relicseeker/atprk_planetpins/atprk_junglepin.object	/atprk_fenronDescription	Kohria, the homeworld of my ancestors, used to look like this, if stories are to be believed.
1527	aviandescription	/objects/atprk_relicseeker/atprk_planetpins/atprk_junglepin.object	/avianDescription	Somewhere on jungle planets, many Avian people reside. While not the safest, these verdant worlds feed many beaks.
1528	florandescription	/objects/atprk_relicseeker/atprk_planetpins/atprk_junglepin.object	/floranDescription	Junglesss have much prey... but also predatorsss. Competition for meatss getsss very intenssse at timesss.
1529	glitchdescription	/objects/atprk_relicseeker/atprk_planetpins/atprk_junglepin.object	/glitchDescription	Cautious. These jungle planets require extra preparations for inexperienced travellers.
1530	humandescription	/objects/atprk_relicseeker/atprk_planetpins/atprk_junglepin.object	/humanDescription	Why are all jungle planets irradiated? There were jungles on Earth, too, and they were fine without any radiation.
1531	hylotldescription	/objects/atprk_relicseeker/atprk_planetpins/atprk_junglepin.object	/hylotlDescription	The wild beauty of jungles is very inspirational. My people draw many paintings of them.
1532	atprk_anneliskdescription	/objects/atprk_relicseeker/atprk_planetpins/atprk_magmapin.object	/atprk_anneliskDescription	So how exactly do lava planets stay molten? Is something keeping them overheated?
1533	aviandescription	/objects/atprk_relicseeker/atprk_planetpins/atprk_magmapin.object	/avianDescription	An ocean of unimaginably hot lava, scaled down and made into a harmless pin.
1534	florandescription	/objects/atprk_relicseeker/atprk_planetpins/atprk_magmapin.object	/floranDescription	Too much fire on lava planetsss! Too much fire! Floran doesss not want to go there!
1535	glitchdescription	/objects/atprk_relicseeker/atprk_planetpins/atprk_magmapin.object	/glitchDescription	Terrified. A shockingly hot lava world. A Glich will probably melt there in seconds.
1536	humandescription	/objects/atprk_relicseeker/atprk_planetpins/atprk_magmapin.object	/humanDescription	Oh hey, a magma planet pin! Wait, I mean a lava planet pin!
1537	hylotldescription	/objects/atprk_relicseeker/atprk_planetpins/atprk_magmapin.object	/hylotlDescription	I hope no one calls it a magma planet. That would be incorrect.
1538	novakiddescription	/objects/atprk_relicseeker/atprk_planetpins/atprk_magmapin.object	/novakidDescription	An orange pin o' some... uh... magma planet? I ain't 'member the right name, to be honest.
1539	apexdescription	/objects/atprk_relicseeker/atprk_planetpins/atprk_midnightpin.object	/apexDescription	The elusive midnight planet, one that keeps puzzling our brightest minds.
1540	atprk_anneliskdescription	/objects/atprk_relicseeker/atprk_planetpins/atprk_midnightpin.object	/atprk_anneliskDescription	Gee, those mignight planets are in dire need of street lights.
1541	atprk_fenrondescription	/objects/atprk_relicseeker/atprk_planetpins/atprk_midnightpin.object	/atprk_fenronDescription	Whatever those denizens of midnight planets are, I'd be long dead before I trust them!
1542	atprk_noolithdescription	/objects/atprk_relicseeker/atprk_planetpins/atprk_midnightpin.object	/atprk_noolithDescription	What many don't realize is that each planet of endless midnight keeps secrets beyond our mortal understanding.
1543	florandescription	/objects/atprk_relicseeker/atprk_planetpins/atprk_midnightpin.object	/floranDescription	Midnight planetsss are too dark to hunt. Floransss go there but rarely.
1544	glitchdescription	/objects/atprk_relicseeker/atprk_planetpins/atprk_midnightpin.object	/glitchDescription	Confused. I do not quite understand what causes endless midnight on these planets.
1545	hylotldescription	/objects/atprk_relicseeker/atprk_planetpins/atprk_midnightpin.object	/hylotlDescription	Legends say speechless shadows wander between the dark mountains of midnight worlds, seeking answers to unspeakable questions.
1546	atprk_anneliskdescription	/objects/atprk_relicseeker/atprk_planetpins/atprk_moonpin.object	/atprk_anneliskDescription	Barring spooky erchius monsters, moons are basically the galactic fuel stations.
1547	atprk_noolithdescription	/objects/atprk_relicseeker/atprk_planetpins/atprk_moonpin.object	/atprk_noolithDescription	My kind has had a morbid experience with lunar worlds...
1548	florandescription	/objects/atprk_relicseeker/atprk_planetpins/atprk_moonpin.object	/floranDescription	Lunar pin. Floransss go to moonss to get pink cryssstals and fuel sspacessships with them.
1549	glitchdescription	/objects/atprk_relicseeker/atprk_planetpins/atprk_moonpin.object	/glitchDescription	Thoughtful. It is notable how lunar celestial bodies were not as dangerous before...
1550	hylotldescription	/objects/atprk_relicseeker/atprk_planetpins/atprk_moonpin.object	/hylotlDescription	Thanks to lunar worlds, we can power our ships with erchius and breach the speed of light itself.
1551	novakiddescription	/objects/atprk_relicseeker/atprk_planetpins/atprk_moonpin.object	/novakidDescription	Just an average moon. These're quite useful for spacers 'cause of pink crystal fuel.
1552	apexdescription	/objects/atprk_relicseeker/atprk_planetpins/atprk_oceanpin.object	/apexDescription	The small islands on the surface of oceanic planets are sometimes used by our people to farm bananas.
1553	atprk_anneliskdescription	/objects/atprk_relicseeker/atprk_planetpins/atprk_oceanpin.object	/atprk_anneliskDescription	Oceans hide all sorts of lost treasures below the waves. Which gives me an idea...
1554	atprk_fenrondescription	/objects/atprk_relicseeker/atprk_planetpins/atprk_oceanpin.object	/atprk_fenronDescription	Both fishermen and surfers praise the oceanic planets. Do I have to explain why?
1555	atprk_noolithdescription	/objects/atprk_relicseeker/atprk_planetpins/atprk_oceanpin.object	/atprk_noolithDescription	What a relaxing oceanic planet. It is always worth visiting its golden beaches.
1556	aviandescription	/objects/atprk_relicseeker/atprk_planetpins/atprk_oceanpin.object	/avianDescription	Oh the duality of oceanic planets. They can be both beautiful and merciless at times.
1557	florandescription	/objects/atprk_relicseeker/atprk_planetpins/atprk_oceanpin.object	/floranDescription	Floran knowsss thiss planet, it'ss an oceanic planet. Weak fishmen live there.
1558	glitchdescription	/objects/atprk_relicseeker/atprk_planetpins/atprk_oceanpin.object	/glitchDescription	Peaceful. Just looking at this shiny oceanic planet pin soothes my mind.
1559	hylotldescription	/objects/atprk_relicseeker/atprk_planetpins/atprk_oceanpin.object	/hylotlDescription	Homes to many Hylotl, oceanic planets are probably the most wonderful in the known Universe.
1560	novakiddescription	/objects/atprk_relicseeker/atprk_planetpins/atprk_oceanpin.object	/novakidDescription	Oceanic planets like this one have got a whole lot o' salt water!
1561	atprk_anneliskdescription	/objects/atprk_relicseeker/atprk_planetpins/atprk_ruinedworldpin.object	/atprk_anneliskDescription	Okay, this... This has gone too far! Would any sane person buy land on a ruined planet?
1562	atprk_noolithdescription	/objects/atprk_relicseeker/atprk_planetpins/atprk_ruinedworldpin.object	/atprk_noolithDescription	Once a planet reaches this point, it cannot be saved anymore. It becomes one with the Ruin itself.
1563	aviandescription	/objects/atprk_relicseeker/atprk_planetpins/atprk_ruinedworldpin.object	/avianDescription	Not a single celestial body in the known Universe is as vile and twisted as a ruined planet.
1564	florandescription	/objects/atprk_relicseeker/atprk_planetpins/atprk_ruinedworldpin.object	/floranDescription	Ruined planetsss aren't natural... Ruined planetsss are too sscary to exissst.
1565	glitchdescription	/objects/atprk_relicseeker/atprk_planetpins/atprk_ruinedworldpin.object	/glitchDescription	Scared. A nightmarish ruined planet of pure flesh and hatred.
1566	hylotldescription	/objects/atprk_relicseeker/atprk_planetpins/atprk_ruinedworldpin.object	/hylotlDescription	An abominable, unnatural ruined planet under the nefarious influence of the Ruin itself.
1567	novakiddescription	/objects/atprk_relicseeker/atprk_planetpins/atprk_ruinedworldpin.object	/novakidDescription	Never in my whole life have I seen a planet crazier than a ruined one.
1568	atprk_anneliskdescription	/objects/atprk_relicseeker/atprk_planetpins/atprk_savannahpin.object	/atprk_anneliskDescription	Eh, people only really care about those planets because of titanium and fluffy natives.
1569	atprk_fenrondescription	/objects/atprk_relicseeker/atprk_planetpins/atprk_savannahpin.object	/atprk_fenronDescription	If I describe a savannah planet, I'll start another long rant about the Fenerox, so no comments here.
1570	aviandescription	/objects/atprk_relicseeker/atprk_planetpins/atprk_savannahpin.object	/avianDescription	Savannah planets are quite temperate, and there are many hostile creatures lurking in their tall grass.
1571	florandescription	/objects/atprk_relicseeker/atprk_planetpins/atprk_savannahpin.object	/floranDescription	Sssavannah planetss are home to fuzzy Fenerox people. Floransss are better huntersss than them!
1572	glitchdescription	/objects/atprk_relicseeker/atprk_planetpins/atprk_savannahpin.object	/glitchDescription	Neutral. A pin of a temperate savannah planet. You can mine some titanium ore there.
1573	humandescription	/objects/atprk_relicseeker/atprk_planetpins/atprk_savannahpin.object	/humanDescription	Settling on savannah planets is not too easy but at least you get to enjoy picturesque views there.
1574	hylotldescription	/objects/atprk_relicseeker/atprk_planetpins/atprk_savannahpin.object	/hylotlDescription	Savannah planets are beautiful in their own right but most Hylotl wouldn't like to settle on them.
1575	atprk_noolithdescription	/objects/atprk_relicseeker/atprk_planetpins/atprk_scorchedcitypin.object	/atprk_noolithDescription	The Universe doesn't take decadence lightly, and this is something the Deadbeats have yet to learn.
1576	aviandescription	/objects/atprk_relicseeker/atprk_planetpins/atprk_scorchedcitypin.object	/avianDescription	Scorched planets were home to a race of blue-skinned humanoids once. I wonder what had happened to them.
1577	florandescription	/objects/atprk_relicseeker/atprk_planetpins/atprk_scorchedcitypin.object	/floranDescription	Sscorched planet cursssed with fire and meteorsss. Floranss rarely go there.
1578	glitchdescription	/objects/atprk_relicseeker/atprk_planetpins/atprk_scorchedcitypin.object	/glitchDescription	Intrigued. A post-apocallyptic scorched planet populated by horned survivalists who... don't do much, to be fair.
1579	apexdescription	/objects/atprk_relicseeker/atprk_planetpins/atprk_snowpin.object	/apexDescription	While somewhat warmer than tundras, snowy planets are still suitable for Apex habitation.
1580	florandescription	/objects/atprk_relicseeker/atprk_planetpins/atprk_snowpin.object	/floranDescription	Sssnowy planetsss are too cold for Floran but it's very fun to play in sssnow.
1581	glitchdescription	/objects/atprk_relicseeker/atprk_planetpins/atprk_snowpin.object	/glitchDescription	Analytical. Quite obviously, snowy planets are statistically the best places to gather some snow and ice.
1582	atprk_anneliskdescription	/objects/atprk_relicseeker/atprk_planetpins/atprk_tentaclepin.object	/atprk_anneliskDescription	What the heck is wrong with this planet? Is it being absorbed by the Ruin or something?
1583	atprk_noolithdescription	/objects/atprk_relicseeker/atprk_planetpins/atprk_tentaclepin.object	/atprk_noolithDescription	Oh no... It seems that not all planets were liberated from the Ruin's spawn.
1584	aviandescription	/objects/atprk_relicseeker/atprk_planetpins/atprk_tentaclepin.object	/avianDescription	One shudders to imagine how exactly this world got this corrupted. May Kluex cleanse it of these vile tentacles.
1585	florandescription	/objects/atprk_relicseeker/atprk_planetpins/atprk_tentaclepin.object	/floranDescription	World of giant tentaclesss. If Floran sssettles there, Floran will never run out of food!
1586	glitchdescription	/objects/atprk_relicseeker/atprk_planetpins/atprk_tentaclepin.object	/glitchDescription	Disturbed. The mere idea of tentacled planets is disgusting yet apparently they were a thing... Or still are...
1587	humandescription	/objects/atprk_relicseeker/atprk_planetpins/atprk_tentaclepin.object	/humanDescription	I have a guess on how this strange world came to be and it's not a pleasant one.
1588	novakiddescription	/objects/atprk_relicseeker/atprk_planetpins/atprk_tentaclepin.object	/novakidDescription	Hm, these tiny tentacles do look familiar. I mean, veeery familiar.
1589	apexdescription	/objects/atprk_relicseeker/atprk_planetpins/atprk_toxicpin.object	/apexDescription	Toxic worlds prove that some alien civilizations can disregard nature to extreme degrees.
1590	atprk_anneliskdescription	/objects/atprk_relicseeker/atprk_planetpins/atprk_toxicpin.object	/atprk_anneliskDescription	Why is it always Annelisks who get blamed for every toxic planet? We only polluted some of them!
1591	atprk_fenrondescription	/objects/atprk_relicseeker/atprk_planetpins/atprk_toxicpin.object	/atprk_fenronDescription	Nature alone couldn't have created such a toxic planet. Or could it?
1592	atprk_noolithdescription	/objects/atprk_relicseeker/atprk_planetpins/atprk_toxicpin.object	/atprk_noolithDescription	Not all civilizations manage to live in harmony with nature, and toxic planets prove it.
1593	aviandescription	/objects/atprk_relicseeker/atprk_planetpins/atprk_toxicpin.object	/avianDescription	Oh dear Kluex, spare these miserable toxic realms. Haven't they suffered enough?
1594	florandescription	/objects/atprk_relicseeker/atprk_planetpins/atprk_toxicpin.object	/floranDescription	Toxic planetsss ssscare Floran. There's too much poissson in the water.
1595	glitchdescription	/objects/atprk_relicseeker/atprk_planetpins/atprk_toxicpin.object	/glitchDescription	Fearful. What kind of beasts could lurk beneath the polluted waves of toxic planets?
1596	humandescription	/objects/atprk_relicseeker/atprk_planetpins/atprk_toxicpin.object	/humanDescription	So, uh... Who did this, anyway? There's no way toxic planets have always been like that.
1597	hylotldescription	/objects/atprk_relicseeker/atprk_planetpins/atprk_toxicpin.object	/hylotlDescription	Is no one else concerned about the literal seas of waste toxic planets are? I mean, it's weird at best and unbelievably irresponsible at worst.
1598	apexdescription	/objects/atprk_relicseeker/atprk_planetpins/atprk_tundrapin.object	/apexDescription	Tundra planets are perhaps the most optimal for Apex habitation, even though it is pretty cold there.
1599	atprk_anneliskdescription	/objects/atprk_relicseeker/atprk_planetpins/atprk_tundrapin.object	/atprk_anneliskDescription	Many tundra planets are under the Miniknog influence. I don't envy those living there.
1600	atprk_noolithdescription	/objects/atprk_relicseeker/atprk_planetpins/atprk_tundrapin.object	/atprk_noolithDescription	Somewhere on tundra planets lie the crystalline ruins of ancient Noolith communities.
1601	aviandescription	/objects/atprk_relicseeker/atprk_planetpins/atprk_tundrapin.object	/avianDescription	Brrr, just looking at this cold tundra pin makes me shiver.
1602	florandescription	/objects/atprk_relicseeker/atprk_planetpins/atprk_tundrapin.object	/floranDescription	Another sssnowy planet that'sss even worsse for Floran.
1603	glitchdescription	/objects/atprk_relicseeker/atprk_planetpins/atprk_tundrapin.object	/glitchDescription	Neutral. A dangerously cold tundra planet where many Apex reside. Big Ape watches them closely.
1604	novakiddescription	/objects/atprk_relicseeker/atprk_planetpins/atprk_tundrapin.object	/novakidDescription	Quite a chill tundra. If you ever go there, take a warm jacket, you're gonna need it.
1605	atprk_anneliskdescription	/objects/atprk_relicseeker/atprk_planetpins/atprk_volcanicpin.object	/atprk_anneliskDescription	Thanks to high temperatures, volcanic planets are often used for steel industry.
1606	atprk_fenrondescription	/objects/atprk_relicseeker/atprk_planetpins/atprk_volcanicpin.object	/atprk_fenronDescription	Exploring a volcanic planet on your own is a great test of character. Only the bravest can pass it.
1607	aviandescription	/objects/atprk_relicseeker/atprk_planetpins/atprk_volcanicpin.object	/avianDescription	Burnt by Kluex's rage, these volcanic wastelands are too dangerous to explore unless you know what you're doing.
1608	florandescription	/objects/atprk_relicseeker/atprk_planetpins/atprk_volcanicpin.object	/floranDescription	Too much fire on volcanic planetsss! Very bad!
1609	glitchdescription	/objects/atprk_relicseeker/atprk_planetpins/atprk_volcanicpin.object	/glitchDescription	Nostalgic. Many generations of Glitch were built on volcanic planets like the one this pin shows.
1610	humandescription	/objects/atprk_relicseeker/atprk_planetpins/atprk_volcanicpin.object	/humanDescription	What happens if I heat up this volcanic planet pin? Should I even try doing that?
1611	novakiddescription	/objects/atprk_relicseeker/atprk_planetpins/atprk_volcanicpin.object	/novakidDescription	Basically a steamin' hot volcanic world full o' lava and obsidian. Tough folks live there.
1612	aviandescription	/objects/atprk_relicseeker/atprk_relicexchange/atprk_relicexchange.object	/avianDescription	It sure feels weird to deal with a giant bunny, but their wares are invaluable.
1613	florandescription	/objects/atprk_relicseeker/atprk_relicexchange/atprk_relicexchange.object	/floranDescription	Fluffy bunny tradesss relicss for other relicsss.
1614	glitchdescription	/objects/atprk_relicseeker/atprk_relicexchange/atprk_relicexchange.object	/glitchDescription	Puzzled. Genuinely, what's with the rabbit folk and the Relic Seekers? Not that I mind much.
1615	hylotldescription	/objects/atprk_relicseeker/atprk_relicexchange/atprk_relicexchange.object	/hylotlDescription	This merchant evokes a strong sense of deja vu. I can't really explain it, I just feel it.
1616	novakiddescription	/objects/atprk_relicseeker/atprk_relicexchange/atprk_relicexchange.object	/novakidDescription	Even a bunny can be a Relic Seeker with enough effort!
1617	apexdescription	/objects/atprk_relicseeker/atprk_relicexchange/atprk_relicexchange_hylotl/atprk_relicexchange_hylotl.object	/apexDescription	I can obtain valuable items from this stall provided that I have something to give in return.
1618	aviandescription	/objects/atprk_relicseeker/atprk_relicexchange/atprk_relicexchange_hylotl/atprk_relicexchange_hylotl.object	/avianDescription	This must be a stall where I can turn in rare items and get rewards.
1619	florandescription	/objects/atprk_relicseeker/atprk_relicexchange/atprk_relicexchange_hylotl/atprk_relicexchange_hylotl.object	/floranDescription	Fish woman wantsss relicsss of ancient people. Floran may have sssome.
1620	glitchdescription	/objects/atprk_relicseeker/atprk_relicexchange/atprk_relicexchange_hylotl/atprk_relicexchange_hylotl.object	/glitchDescription	Interested. I can strike a deal with this relic seeker to obtain some artifacts.
1621	humandescription	/objects/atprk_relicseeker/atprk_relicexchange/atprk_relicexchange_hylotl/atprk_relicexchange_hylotl.object	/humanDescription	This lady sells and accepts rare artifacts. Let's check out what she offers.
1622	novakiddescription	/objects/atprk_relicseeker/atprk_relicexchange/atprk_relicexchange_hylotl/atprk_relicexchange_hylotl.object	/novakidDescription	This here fish person is willin' to trade ancient doodads.
1623	aviandescription	/objects/atprk_relicseeker/atprk_relicexchange/atprk_relicexchange_novakid/atprk_relicexchange_novakid.object	/avianDescription	Here I can obtain exotic wares from forgotten times.
1624	florandescription	/objects/atprk_relicseeker/atprk_relicexchange/atprk_relicexchange_novakid/atprk_relicexchange_novakid.object	/floranDescription	Floran ssees glowy man who sssells ancient thingsss. Floran alssso smells fresh coffee.
1625	glitchdescription	/objects/atprk_relicseeker/atprk_relicexchange/atprk_relicexchange_novakid/atprk_relicexchange_novakid.object	/glitchDescription	Disturbed. Is it me or is his cup of coffee bottomless? How much does he drink?
1626	hylotldescription	/objects/atprk_relicseeker/atprk_relicexchange/atprk_relicexchange_novakid/atprk_relicexchange_novakid.object	/hylotlDescription	It won't hurt to take a look at their artifacts. They may have something useful.
1627	aviandescription	/objects/atprk_relicseeker/atprk_relicexchange/atprk_relicexchange_penguin/atprk_relicexchange_penguin.object	/avianDescription	This flightless relic collector has got all sorts of archaic mechanisms.
1628	florandescription	/objects/atprk_relicseeker/atprk_relicexchange/atprk_relicexchange_penguin/atprk_relicexchange_penguin.object	/floranDescription	Sssmall bird sssearchess for old thingiesss.
1629	glitchdescription	/objects/atprk_relicseeker/atprk_relicexchange/atprk_relicexchange_penguin/atprk_relicexchange_penguin.object	/glitchDescription	Cautious. Hopefully this Penguin won't ask for dubloons.
1630	humandescription	/objects/atprk_relicseeker/atprk_relicexchange/atprk_relicexchange_penguin/atprk_relicexchange_penguin.object	/humanDescription	Here I can obtain all sorts of ancient relics as long as I give something in return.
1631	hylotldescription	/objects/atprk_relicseeker/atprk_relicexchange/atprk_relicexchange_penguin/atprk_relicexchange_penguin.object	/hylotlDescription	It seems that even Penguins are captivated by history.
1632	apexdescription	/objects/atprk_relicseeker/atprk_relicexchangeonline/atprk_relicexchangeonline.object	/apexDescription	With this computer, I can contact the Relic Collector whenever I need.
1633	aviandescription	/objects/atprk_relicseeker/atprk_relicexchangeonline/atprk_relicexchangeonline.object	/avianDescription	An old computer that allows me to contact the Relic Collector.
1634	florandescription	/objects/atprk_relicseeker/atprk_relicexchangeonline/atprk_relicexchangeonline.object	/floranDescription	Computer to call odd bunny man.
1635	glitchdescription	/objects/atprk_relicseeker/atprk_relicexchangeonline/atprk_relicexchangeonline.object	/glitchDescription	Neutral. An old-fashioned computer to chat with the Relic Collector.
1636	humandescription	/objects/atprk_relicseeker/atprk_relicexchangeonline/atprk_relicexchangeonline.object	/humanDescription	Why do I need a whole computer just to communicate with one person?... Whatever.
1637	hylotldescription	/objects/atprk_relicseeker/atprk_relicexchangeonline/atprk_relicexchangeonline.object	/hylotlDescription	An outdated computer. Apparently, the Relic Seekers are either greedy or not very rich.
1638	apexdescription	/objects/atprk_relicseeker/atprk_relicexchangesmall/atprk_relicexchangesmall.object	/apexDescription	With this laptop, I can contact the Relic Collector whenever I need.
1639	aviandescription	/objects/atprk_relicseeker/atprk_relicexchangesmall/atprk_relicexchangesmall.object	/avianDescription	I wonder why the Relic Collector didn't give me a laptop in the first place.
1640	florandescription	/objects/atprk_relicseeker/atprk_relicexchangesmall/atprk_relicexchangesmall.object	/floranDescription	Small computer to call odd bunny man.
1641	glitchdescription	/objects/atprk_relicseeker/atprk_relicexchangesmall/atprk_relicexchangesmall.object	/glitchDescription	Pleased. A modernized Relic Seeker computer, more efficient than before.
1642	humandescription	/objects/atprk_relicseeker/atprk_relicexchangesmall/atprk_relicexchangesmall.object	/humanDescription	It still doesn't make much sense but I'll roll with it.
1643	novakiddescription	/objects/atprk_relicseeker/atprk_relicexchangesmall/atprk_relicexchangesmall.object	/novakidDescription	Whew, now this computer won't rob me of the workin' area.
1644	apexdescription	/objects/atprk_relicseeker/atprk_relicseekerdisplay/atprk_relicseekerdisplay1.object	/apexDescription	I suspect this to be an ancient weapon of sorts.
1645	aviandescription	/objects/atprk_relicseeker/atprk_relicseekerdisplay/atprk_relicseekerdisplay1.object	/avianDescription	I suppose it used to be a head of an ancient statue.
1646	florandescription	/objects/atprk_relicseeker/atprk_relicseekerdisplay/atprk_relicseekerdisplay1.object	/floranDescription	Sssquare-jawed sskull. Were the Ancients huntersss too?
1647	glitchdescription	/objects/atprk_relicseeker/atprk_relicseekerdisplay/atprk_relicseekerdisplay1.object	/glitchDescription	Observant. This sculpture is reminiscent of the statues built by the Ancients.
1648	novakiddescription	/objects/atprk_relicseeker/atprk_relicseekerdisplay/atprk_relicseekerdisplay1.object	/novakidDescription	For a second I thought it was a Mooshi skull. Ain't even close, really.
1649	apexdescription	/objects/atprk_relicseeker/atprk_relicseekerdisplay/atprk_relicseekerdisplay2.object	/apexDescription	This is not how it is meant to work.
1650	aviandescription	/objects/atprk_relicseeker/atprk_relicseekerdisplay/atprk_relicseekerdisplay2.object	/avianDescription	Believe it or not, there is an even smaller display inside the third one!
1651	florandescription	/objects/atprk_relicseeker/atprk_relicseekerdisplay/atprk_relicseekerdisplay2.object	/floranDescription	Infinite glass box? How?
1652	glitchdescription	/objects/atprk_relicseeker/atprk_relicseekerdisplay/atprk_relicseekerdisplay2.object	/glitchDescription	Confused. Simply confusing.
1653	humandescription	/objects/atprk_relicseeker/atprk_relicseekerdisplay/atprk_relicseekerdisplay2.object	/humanDescription	Somebody's a little bit too much into displays, huh?
1654	novakiddescription	/objects/atprk_relicseeker/atprk_relicseekerdisplay/atprk_relicseekerdisplay2.object	/novakidDescription	Nah, I don't get it.
1655	aviandescription	/objects/atprk_relicseeker/atprk_relicseekerdisplay/atprk_relicseekerdisplay3.object	/avianDescription	Was it necessary to force the statue into a display?
1656	florandescription	/objects/atprk_relicseeker/atprk_relicseekerdisplay/atprk_relicseekerdisplay3.object	/floranDescription	Sssmall hunchback sssquid. Looksss weak.
1657	glitchdescription	/objects/atprk_relicseeker/atprk_relicseekerdisplay/atprk_relicseekerdisplay3.object	/glitchDescription	Respectful. It must have been a notable ancient king.
1658	hylotldescription	/objects/atprk_relicseeker/atprk_relicseekerdisplay/atprk_relicseekerdisplay3.object	/hylotlDescription	The statue is all right, but the display itself is redundant.
1659	novakiddescription	/objects/atprk_relicseeker/atprk_relicseekerdisplay/atprk_relicseekerdisplay3.object	/novakidDescription	Is that real gold, by the way?
1660	apexdescription	/objects/atprk_relicseeker/atprk_relicseekerdisplay/atprk_relicseekerdisplay4.object	/apexDescription	This large rock was found near some ancient ruins.
1661	aviandescription	/objects/atprk_relicseeker/atprk_relicseekerdisplay/atprk_relicseekerdisplay4.object	/avianDescription	This large rock is extremely old, maybe even older than Avos.
1662	florandescription	/objects/atprk_relicseeker/atprk_relicseekerdisplay/atprk_relicseekerdisplay4.object	/floranDescription	Ssstupid rock, how iss it ssspecial?
1663	glitchdescription	/objects/atprk_relicseeker/atprk_relicseekerdisplay/atprk_relicseekerdisplay4.object	/glitchDescription	Informed. This ancient rock consists of both stone and metal.
1664	florandescription	/objects/atprk_relicseeker/atprk_relicseekerdisplay/atprk_relicseekerdisplay5.object	/floranDescription	Old metal man but made from ssstone.
1665	glitchdescription	/objects/atprk_relicseeker/atprk_relicseekerdisplay/atprk_relicseekerdisplay5.object	/glitchDescription	Impressed. What a lifelike statue! It almost feels like a real Glitch.
1666	humandescription	/objects/atprk_relicseeker/atprk_relicseekerdisplay/atprk_relicseekerdisplay5.object	/humanDescription	Hey buddy, what are you doing in this display?... Hold up, it's just a statue. Well, that was awkward.
1667	hylotldescription	/objects/atprk_relicseeker/atprk_relicseekerdisplay/atprk_relicseekerdisplay5.object	/hylotlDescription	An antique stone statue depicting an unknown Glitch.
1668	novakiddescription	/objects/atprk_relicseeker/atprk_relicseekerdisplay/atprk_relicseekerdisplay5.object	/novakidDescription	An ol' statue of an ol' metal fella.
1669	apexdescription	/objects/atprk_relicseeker/atprk_relicseekerlibra/atprk_relicseekerlibra.object	/apexDescription	I suppose this young Novakid lady is the ship's captain.
1670	aviandescription	/objects/atprk_relicseeker/atprk_relicseekerlibra/atprk_relicseekerlibra.object	/avianDescription	Oh, she's reading a book. Should I interrupt her?
1671	florandescription	/objects/atprk_relicseeker/atprk_relicseekerlibra/atprk_relicseekerlibra.object	/floranDescription	Leader of the Relic Ssseekerss. Floran thinks she needss help.
1672	glitchdescription	/objects/atprk_relicseeker/atprk_relicseekerlibra/atprk_relicseekerlibra.object	/glitchDescription	Observant. She is reading a book about the Ancients.
1673	humandescription	/objects/atprk_relicseeker/atprk_relicseekerlibra/atprk_relicseekerlibra.object	/humanDescription	Maybe I should ask this Novakid if I can help the Relic Seekers somehow.
1674	hylotldescription	/objects/atprk_relicseeker/atprk_relicseekerlibra/atprk_relicseekerlibra.object	/hylotlDescription	She seems to be the captain of this space train, as well as the leader of the Relic Seekers.
1675	novakiddescription	/objects/atprk_relicseeker/atprk_relicseekerlibra/atprk_relicseekerlibra.object	/novakidDescription	Guess that girl over there is the leader of the Relic Seekers.
1676	apexdescription	/objects/atprk_relicseeker/atprk_relicseekerlibra/atprk_relicseekerlibradevoutattack.object	/apexDescription	I can handle this situation.
1677	aviandescription	/objects/atprk_relicseeker/atprk_relicseekerlibra/atprk_relicseekerlibradevoutattack.object	/avianDescription	Don't worry, Kluex always watches over us.
1678	florandescription	/objects/atprk_relicseeker/atprk_relicseekerlibra/atprk_relicseekerlibradevoutattack.object	/floranDescription	Floran will help ssstar lady.
1679	glitchdescription	/objects/atprk_relicseeker/atprk_relicseekerlibra/atprk_relicseekerlibradevoutattack.object	/glitchDescription	Determined. There is nothing I cannot solve!
1680	humandescription	/objects/atprk_relicseeker/atprk_relicseekerlibra/atprk_relicseekerlibradevoutattack.object	/humanDescription	I'll take care of this situation!
1681	hylotldescription	/objects/atprk_relicseeker/atprk_relicseekerlibra/atprk_relicseekerlibradevoutattack.object	/hylotlDescription	Let me reassure you that I can deal with this situation.
1682	novakiddescription	/objects/atprk_relicseeker/atprk_relicseekerlibra/atprk_relicseekerlibradevoutattack.object	/novakidDescription	No worries, I'll handle this!
1683	florandescription	/objects/atprk_relicseeker/atprk_relicseekerlogo/atprk_relicseekerlogo.object	/floranDescription	Green ssstar. Relic Ssseekers like it very much.
1684	glitchdescription	/objects/atprk_relicseeker/atprk_relicseekerlogo/atprk_relicseekerlogo.object	/glitchDescription	Neutral. What appears to be the Relic Seeker logo.
1685	humandescription	/objects/atprk_relicseeker/atprk_relicseekerlogo/atprk_relicseekerlogo.object	/humanDescription	Look, a green star! It means that the Relic Seekers are nearby.
1686	novakiddescription	/objects/atprk_relicseeker/atprk_relicseekerlogo/atprk_relicseekerlogo.object	/novakidDescription	Some say green stars ain't real yet there're Novakids who glow green. Curious.
1687	florandescription	/objects/atprk_relicseeker/atprk_relicseekershipdoor/atprk_relicseekershipdoor.object	/floranDescription	Are these brass pipesss going through the door?
1688	glitchdescription	/objects/atprk_relicseeker/atprk_relicseekershipdoor/atprk_relicseekershipdoor.object	/glitchDescription	Neutral. A somewhat rustic space train door.
1689	florandescription	/objects/atprk_relicseeker/atprk_relicseekershipdoor/atprk_relicseekershiphatch.object	/floranDescription	Are these brass pipesss going through the hatch?
1690	glitchdescription	/objects/atprk_relicseeker/atprk_relicseekershipdoor/atprk_relicseekershiphatch.object	/glitchDescription	Neutral. A somewhat rustic space train hatch.
1691	apexdescription	/objects/atprk_relicseeker/atprk_relicseekershiplight/atprk_relicseekershiplight.object	/apexDescription	Unnatural yet soothing green light.
1692	aviandescription	/objects/atprk_relicseeker/atprk_relicseekershiplight/atprk_relicseekershiplight.object	/avianDescription	This green light is very soothing.
1693	florandescription	/objects/atprk_relicseeker/atprk_relicseekershiplight/atprk_relicseekershiplight.object	/floranDescription	Green pleasssant light remindss Floran of wild foresssts.
1694	glitchdescription	/objects/atprk_relicseeker/atprk_relicseekershiplight/atprk_relicseekershiplight.object	/glitchDescription	Peaceful. What could be better than a pleasant green light?
1695	humandescription	/objects/atprk_relicseeker/atprk_relicseekershiplight/atprk_relicseekershiplight.object	/humanDescription	This green light reminds me of Earth. I wish I could visit it again.
1696	hylotldescription	/objects/atprk_relicseeker/atprk_relicseekershiplight/atprk_relicseekershiplight.object	/hylotlDescription	While not as serene as blue, green lights are still a good choice.
1697	novakiddescription	/objects/atprk_relicseeker/atprk_relicseekershiplight/atprk_relicseekershiplight.object	/novakidDescription	This light's as green as a fresh cabbage.
1698	apexdescription	/objects/atprk_relicseeker/atprk_relicseekershippingcontainer/atprk_relicseekershippingcontainer.object	/apexDescription	This is a huge crate owned by the Relic Seekers.
1699	aviandescription	/objects/atprk_relicseeker/atprk_relicseekershippingcontainer/atprk_relicseekershippingcontainer.object	/avianDescription	I would guess it's meant for shipping valuable ancient relics.
1700	florandescription	/objects/atprk_relicseeker/atprk_relicseekershippingcontainer/atprk_relicseekershippingcontainer.object	/floranDescription	There's probably no food inssside, only relicsss.
1701	glitchdescription	/objects/atprk_relicseeker/atprk_relicseekershippingcontainer/atprk_relicseekershippingcontainer.object	/glitchDescription	Analytical. Judging by the emblem on its side, this container is owned by the Relic Seekers.
1702	humandescription	/objects/atprk_relicseeker/atprk_relicseekershippingcontainer/atprk_relicseekershippingcontainer.object	/humanDescription	It's a really big shipping container owned by the Relic Seekers.
1703	apexdescription	/objects/atprk_relicseeker/atprk_rewardanneliskposter/atprk_rewardanneliskposter.object	/apexDescription	An unusually rich worm, perhaps as rich as the Apex elites.
1704	aviandescription	/objects/atprk_relicseeker/atprk_rewardanneliskposter/atprk_rewardanneliskposter.object	/avianDescription	There is something funny about a rich worm wearing a top hat.
1705	florandescription	/objects/atprk_relicseeker/atprk_rewardanneliskposter/atprk_rewardanneliskposter.object	/floranDescription	Sssmug worm annoysss Floran.
1706	glitchdescription	/objects/atprk_relicseeker/atprk_rewardanneliskposter/atprk_rewardanneliskposter.object	/glitchDescription	Repulsed. I already don't like this person.
1707	humandescription	/objects/atprk_relicseeker/atprk_rewardanneliskposter/atprk_rewardanneliskposter.object	/humanDescription	This poster tells me it's an Annelisk, but those eyes tell me they want my money.
1708	novakiddescription	/objects/atprk_relicseeker/atprk_rewardanneliskposter/atprk_rewardanneliskposter.object	/novakidDescription	This smug worm seems t' be a very rich fella. I wonder how much pixels he earns.
1709	aviandescription	/objects/atprk_relicseeker/atprk_rewardfenronplush/atprk_rewardfenronplush.object	/avianDescription	Aww, it holds a tiny morningstar in its paw.
1710	florandescription	/objects/atprk_relicseeker/atprk_rewardfenronplush/atprk_rewardfenronplush.object	/floranDescription	Sssmall hunter could be very sssneaky without thiss pink fur.
1711	glitchdescription	/objects/atprk_relicseeker/atprk_rewardfenronplush/atprk_rewardfenronplush.object	/glitchDescription	Jolly. Little, little Fenron hunter.
1712	humandescription	/objects/atprk_relicseeker/atprk_rewardfenronplush/atprk_rewardfenronplush.object	/humanDescription	What an adorable little hunter!
1713	novakiddescription	/objects/atprk_relicseeker/atprk_rewardfenronplush/atprk_rewardfenronplush.object	/novakidDescription	People say it's feline, but I kinda see a fox.
1714	aviandescription	/objects/atprk_relicseeker/atprk_rewardnoolithlamp/atprk_rewardnoolithlamp.object	/avianDescription	It looks a bit too much like a real Noolith head. Yikes.
1715	florandescription	/objects/atprk_relicseeker/atprk_rewardnoolithlamp/atprk_rewardnoolithlamp.object	/floranDescription	Cryssstal persson's head that glowss.
1716	glitchdescription	/objects/atprk_relicseeker/atprk_rewardnoolithlamp/atprk_rewardnoolithlamp.object	/glitchDescription	Melancholic. A lantern that reminds me of long-gone Glitch allies.
1717	novakiddescription	/objects/atprk_relicseeker/atprk_rewardnoolithlamp/atprk_rewardnoolithlamp.object	/novakidDescription	They didn't decapitate a real Noolith t' make this, right?
1718	aviandescription	/objects/atprk_relicseeker/atprk_smalllaptop/atprk_smalllaptop.object	/avianDescription	Quite a small modern laptop.
1719	florandescription	/objects/atprk_relicseeker/atprk_smalllaptop/atprk_smalllaptop.object	/floranDescription	Hard book with ssscreen?
1720	glitchdescription	/objects/atprk_relicseeker/atprk_smalllaptop/atprk_smalllaptop.object	/glitchDescription	Confused. This laptop's webcam is covered with duct tape for some reason.
1721	novakiddescription	/objects/atprk_relicseeker/atprk_smalllaptop/atprk_smalllaptop.object	/novakidDescription	Yet another electronic thingamajig.
1722	aviandescription	/objects/atprk_sponge/atprk_spongebed/atprk_spongebed.object	/avianDescription	If you sleep in this bed, you will hear the ocean.
1723	florandescription	/objects/atprk_sponge/atprk_spongebed/atprk_spongebed.object	/floranDescription	Sssoft yellow bed sssmells like wet ragsss.
1724	glitchdescription	/objects/atprk_sponge/atprk_spongebed/atprk_spongebed.object	/glitchDescription	Amused. A good choice for those who wish to sleep with the fishes.
1725	hylotldescription	/objects/atprk_sponge/atprk_spongebed/atprk_spongebed.object	/hylotlDescription	I think I would feel uncomfortable sleeping in a bed like this.
1726	novakiddescription	/objects/atprk_sponge/atprk_spongebed/atprk_spongebed.object	/novakidDescription	It ain't the prettiest bed in the sea.
1727	aviandescription	/objects/atprk_sponge/atprk_spongechair/atprk_spongechair.object	/avianDescription	Sadly, this sponge is not so soft anymore.
1728	florandescription	/objects/atprk_sponge/atprk_spongechair/atprk_spongechair.object	/floranDescription	Sssmells like sssalt.
1729	glitchdescription	/objects/atprk_sponge/atprk_spongechair/atprk_spongechair.object	/glitchDescription	Statement. There are hundreds of tiny holes in this sponge chair.
1730	humandescription	/objects/atprk_sponge/atprk_spongechair/atprk_spongechair.object	/humanDescription	I expected this chair to be squishier.
1731	hylotldescription	/objects/atprk_sponge/atprk_spongechair/atprk_spongechair.object	/hylotlDescription	This is not very respectful to sponges, to say the least.
1732	florandescription	/objects/atprk_sponge/atprk_spongechest/atprk_spongechest.object	/floranDescription	Sssea chest?
1733	glitchdescription	/objects/atprk_sponge/atprk_spongechest/atprk_spongechest.object	/glitchDescription	Cautious. Is this sponge dried up? I wouldn't want my belongings to get moist.
1734	humandescription	/objects/atprk_sponge/atprk_spongechest/atprk_spongechest.object	/humanDescription	I can see something through the holes!
1735	apexdescription	/objects/atprk_sponge/atprk_spongedoorprop/atprk_spongedoorpropdouble.object	/apexDescription	Doors of questionable durability.
1736	aviandescription	/objects/atprk_sponge/atprk_spongedoorprop/atprk_spongedoorpropdouble.object	/avianDescription	There is something funny about these doors but I cannot quite put my finger on it.
1737	florandescription	/objects/atprk_sponge/atprk_spongedoorprop/atprk_spongedoorpropdouble.object	/floranDescription	Floran kicksss yellow doors open. Floran alssso bitess them. Sssometimes.
1738	glitchdescription	/objects/atprk_sponge/atprk_spongedoorprop/atprk_spongedoorpropdouble.object	/glitchDescription	Comical. Two unexplainably hilarious doors.
1739	humandescription	/objects/atprk_sponge/atprk_spongedoorprop/atprk_spongedoorpropdouble.object	/humanDescription	Why do I feel like these doors will laugh if I open them?
1740	hylotldescription	/objects/atprk_sponge/atprk_spongedoorprop/atprk_spongedoorpropdouble.object	/hylotlDescription	These wide flat sponges will protect your household from the elements and unwanted nematodes.
1741	novakiddescription	/objects/atprk_sponge/atprk_spongedoorprop/atprk_spongedoorpropdouble.object	/novakidDescription	Who'd make their front doors look like huge pieces o' cheese?
1742	aviandescription	/objects/atprk_sponge/atprk_spongelight/atprk_spongelight.object	/avianDescription	This would look amazing in my aquarium.
1743	florandescription	/objects/atprk_sponge/atprk_spongelight/atprk_spongelight.object	/floranDescription	Glowing sssponge.
1744	glitchdescription	/objects/atprk_sponge/atprk_spongelight/atprk_spongelight.object	/glitchDescription	Watchful. A vibrant glowing sea sponge.
1745	novakiddescription	/objects/atprk_sponge/atprk_spongelight/atprk_spongelight.object	/novakidDescription	I don't think these are meant t' glow but whatever.
1746	apexdescription	/objects/atprk_sponge/atprk_spongetable/atprk_spongetable.object	/apexDescription	Trypophobes will definitely not appreciate this table.
1747	florandescription	/objects/atprk_sponge/atprk_spongetable/atprk_spongetable.object	/floranDescription	Floran wantsss to bite yellow table. Looks like cheese.
1748	glitchdescription	/objects/atprk_sponge/atprk_spongetable/atprk_spongetable.object	/glitchDescription	Entertained. A weird design choice but I like it.
1749	humandescription	/objects/atprk_sponge/atprk_spongetable/atprk_spongetable.object	/humanDescription	Ooooooh, who eats in a pineapple under the sea?
1750	hylotldescription	/objects/atprk_sponge/atprk_spongetable/atprk_spongetable.object	/hylotlDescription	Does eating at this table count as animal cruelty?
1751	apexdescription	/objects/atprk_ufo/atprk_ufobed/atprk_ufobed.object	/apexDescription	I do not trust this bed.
1752	florandescription	/objects/atprk_ufo/atprk_ufobed/atprk_ufobed.object	/floranDescription	Flying bed is sssilly.
1753	glitchdescription	/objects/atprk_ufo/atprk_ufobed/atprk_ufobed.object	/glitchDescription	Curious. How likely is it to fall off this bed when you are asleep?
1754	humandescription	/objects/atprk_ufo/atprk_ufobed/atprk_ufobed.object	/humanDescription	Sleeping in this bed feels like being abducted by aliens in the night.
1755	aviandescription	/objects/atprk_ufo/atprk_ufochair/atprk_ufochair.object	/avianDescription	An alien-looking chair... if you can even call it a chair...
1756	florandescription	/objects/atprk_ufo/atprk_ufochair/atprk_ufochair.object	/floranDescription	Sssaucers are not for sssitting, they are for eating! Even if they fly.
1757	glitchdescription	/objects/atprk_ufo/atprk_ufochair/atprk_ufochair.object	/glitchDescription	Amused. Two flying saucer-shaped pads you can sit on? Count me in!
1758	humandescription	/objects/atprk_ufo/atprk_ufochair/atprk_ufochair.object	/humanDescription	An alien chair. Or maybe it's just two floating pads made into a chair.
1759	novakiddescription	/objects/atprk_ufo/atprk_ufochair/atprk_ufochair.object	/novakidDescription	An ugly flyin' chair.
1760	aviandescription	/objects/atprk_ufo/atprk_ufochest/atprk_ufochest.object	/avianDescription	Even chests can fly, who would have thought?
1761	florandescription	/objects/atprk_ufo/atprk_ufochest/atprk_ufochest.object	/floranDescription	Weird floating chessst. Floran can't keep it down. That's ssstupid!
1762	glitchdescription	/objects/atprk_ufo/atprk_ufochest/atprk_ufochest.object	/glitchDescription	Analytical. This container does not appear to be able to stop levitating above the ground.
1763	hylotldescription	/objects/atprk_ufo/atprk_ufochest/atprk_ufochest.object	/hylotlDescription	An otherworldly container.
1764	novakiddescription	/objects/atprk_ufo/atprk_ufochest/atprk_ufochest.object	/novakidDescription	Why won't you stay on the ground? What's the point havin' a flyin' box?
1765	florandescription	/objects/atprk_ufo/atprk_ufodoor/atprk_ufodoor.object	/floranDescription	Glowy door? Floran doesssn't need it, it givesss Floran's housse away!
1766	glitchdescription	/objects/atprk_ufo/atprk_ufodoor/atprk_ufodoor.object	/glitchDescription	Impressed. A hard light barrier that cannot be breached.
1767	humandescription	/objects/atprk_ufo/atprk_ufodoor/atprk_ufodoor.object	/humanDescription	Wait, how do I know if this is really safe to use?
1768	hylotldescription	/objects/atprk_ufo/atprk_ufodoor/atprk_ufodoor.object	/hylotlDescription	I would not trust a door made of nothing but light. But at least it looks pleasing.
1769	aviandescription	/objects/atprk_ufo/atprk_ufolight/atprk_ufolight.object	/avianDescription	I can feel my feathers being pulled by this green beam of light. That's not good.
1770	florandescription	/objects/atprk_ufo/atprk_ufolight/atprk_ufolight.object	/floranDescription	Sssmall invadersss! Floran can sssmash them all!
1771	glitchdescription	/objects/atprk_ufo/atprk_ufolight/atprk_ufolight.object	/glitchDescription	Intimidated. I swear I saw one of these abducting a Mooshi!
1772	humandescription	/objects/atprk_ufo/atprk_ufolight/atprk_ufolight.object	/humanDescription	Are there tiny aliens piloting this lamp? I hope there are.
1773	hylotldescription	/objects/atprk_ufo/atprk_ufolight/atprk_ufolight.object	/hylotlDescription	An alien lamp of a peculiar design.
1774	novakiddescription	/objects/atprk_ufo/atprk_ufolight/atprk_ufolight.object	/novakidDescription	I should probably keep it away from my Mooshi.
1775	apexdescription	/objects/atprk_ufo/atprk_ufotable/atprk_ufotable.object	/apexDescription	What purpose does a flying table serve?
1776	aviandescription	/objects/atprk_ufo/atprk_ufotable/atprk_ufotable.object	/avianDescription	This table is held in the air by the will of Kluex... or some anti-gravity tech maybe.
1777	florandescription	/objects/atprk_ufo/atprk_ufotable/atprk_ufotable.object	/floranDescription	Ssstay on the floor, ssstupid table!
1778	glitchdescription	/objects/atprk_ufo/atprk_ufotable/atprk_ufotable.object	/glitchDescription	Surprised. This table absorbs milk by unknown means.
1779	humandescription	/objects/atprk_ufo/atprk_ufotable/atprk_ufotable.object	/humanDescription	If tiny aliens come out of this table and steal my breakfast, I'm selling it.
1780	hylotldescription	/objects/atprk_ufo/atprk_ufotable/atprk_ufotable.object	/hylotlDescription	I sense a very subtle anime reference but I cannot put my finger on it...
1781	novakiddescription	/objects/atprk_ufo/atprk_ufotable/atprk_ufotable.object	/novakidDescription	I'm so confused. How do I stop it from floatin' above the ground?
1782	apexdescription	/objects/atprk_ufo/atprk_xenoprobetable/atprk_xenoprobetable.object	/apexDescription	Is this made from a real Xenoprobe chassis? If that's the case, there may be tracking devices inside...
1783	aviandescription	/objects/atprk_ufo/atprk_xenoprobetable/atprk_xenoprobetable.object	/avianDescription	Finally I can take a closer look at a Xenoprobe without it flying away.
1784	florandescription	/objects/atprk_ufo/atprk_xenoprobetable/atprk_xenoprobetable.object	/floranDescription	Sssmall alien table with glowy ssstripes.
1785	glitchdescription	/objects/atprk_ufo/atprk_xenoprobetable/atprk_xenoprobetable.object	/glitchDescription	Distrustful. How do I know this is not a real Xenoprobe? I don't want it to harm any mooshis on its own!
1786	humandescription	/objects/atprk_ufo/atprk_xenoprobetable/atprk_xenoprobetable.object	/humanDescription	Well, at the very least this thing won't try to steal milk and beef anymore, right?
1787	novakiddescription	/objects/atprk_ufo/atprk_xenoprobetable/atprk_xenoprobetable.object	/novakidDescription	Eh, I dunno, looks way too much like the real deal t' me.
1788	apexdescription	/objects/biome/atprk_highway/atprk_highwaybobotsign/atprk_highwaybobotsign.object	/apexDescription	This area is often patrolled by bobots it seems.
1789	aviandescription	/objects/biome/atprk_highway/atprk_highwaybobotsign/atprk_highwaybobotsign.object	/avianDescription	Bobots tend to roam around this place, hence the warning.
1790	florandescription	/objects/biome/atprk_highway/atprk_highwaybobotsign/atprk_highwaybobotsign.object	/floranDescription	Ussseless ssign, metal thingsss don't ssscare Floran.
1791	glitchdescription	/objects/biome/atprk_highway/atprk_highwaybobotsign/atprk_highwaybobotsign.object	/glitchDescription	Warned. According to this sign, bobots frequent this area.
1792	humandescription	/objects/biome/atprk_highway/atprk_highwaybobotsign/atprk_highwaybobotsign.object	/humanDescription	Apparently bobots are a big deal aroung here.
1793	hylotldescription	/objects/biome/atprk_highway/atprk_highwaybobotsign/atprk_highwaybobotsign.object	/hylotlDescription	If this sign is to be trusted, bobots tend to gather in this spot.
1794	novakiddescription	/objects/biome/atprk_highway/atprk_highwaybobotsign/atprk_highwaybobotsign.object	/novakidDescription	Roamin' tincans? Whatever, it's nothin' to be afraid of.
1795	aviandescription	/objects/biome/atprk_highway/atprk_highwaychair/atprk_highwaychair.object	/avianDescription	If this is just a seat, where is the rest of the car?
1796	florandescription	/objects/biome/atprk_highway/atprk_highwaychair/atprk_highwaychair.object	/floranDescription	Gray ssseat ssmells like rubber and gasoline.
1797	glitchdescription	/objects/biome/atprk_highway/atprk_highwaychair/atprk_highwaychair.object	/glitchDescription	Perplexed. Where did these spare car parts come from?
1798	novakiddescription	/objects/biome/atprk_highway/atprk_highwaychair/atprk_highwaychair.object	/novakidDescription	This seat wasn't really meant t' be used like this.
1799	aviandescription	/objects/biome/atprk_highway/atprk_highwaycone/atprk_highwaycone.object	/avianDescription	This almost looks like a wizard hat, but clearly it isn't.
1800	florandescription	/objects/biome/atprk_highway/atprk_highwaycone/atprk_highwaycone.object	/floranDescription	Traffic cone, empty like my sssoul.
1801	glitchdescription	/objects/biome/atprk_highway/atprk_highwaycone/atprk_highwaycone.object	/glitchDescription	Analytical. A striped hollow cone. It's slightly dirty.
1802	hylotldescription	/objects/biome/atprk_highway/atprk_highwaycone/atprk_highwaycone.object	/hylotlDescription	This cone marks a path one should not cross.
1803	novakiddescription	/objects/biome/atprk_highway/atprk_highwaycone/atprk_highwaycone.object	/novakidDescription	It's pretty easy t' knock over.
1804	apexdescription	/objects/biome/atprk_highway/atprk_highwaydoorprop/atprk_highwaydoorpropdouble.object	/apexDescription	What purpose do these tires serve? Are they purely decorative?
1805	glitchdescription	/objects/biome/atprk_highway/atprk_highwaydoorprop/atprk_highwaydoorpropdouble.object	/glitchDescription	Irked. I don't get why there are wheels on these. Otherwise this is two normal doors.
1806	hylotldescription	/objects/biome/atprk_highway/atprk_highwaydoorprop/atprk_highwaydoorpropdouble.object	/hylotlDescription	One poorly chosen detail can ruin a whole picture... Especially if it's some random tires.
1807	novakiddescription	/objects/biome/atprk_highway/atprk_highwaydoorprop/atprk_highwaydoorpropdouble.object	/novakidDescription	Doors that wouldn't be outta place in a garage.
1808	apexdescription	/objects/biome/atprk_highway/atprk_highwaylamp/atprk_highwaylamp.object	/apexDescription	Unless installed near a road, these traffic lights serve no particular purpose.
1809	aviandescription	/objects/biome/atprk_highway/atprk_highwaylamp/atprk_highwaylamp.object	/avianDescription	Utterly pointless traffic lights. At least these can be used as an improvised lamp.
1810	florandescription	/objects/biome/atprk_highway/atprk_highwaylamp/atprk_highwaylamp.object	/floranDescription	Red light! Green light! Red light! Green light!
1811	glitchdescription	/objects/biome/atprk_highway/atprk_highwaylamp/atprk_highwaylamp.object	/glitchDescription	Pleased. I like this lamp a lot. I wish it had more color options though.
1812	humandescription	/objects/biome/atprk_highway/atprk_highwaylamp/atprk_highwaylamp.object	/humanDescription	I'm not sure if this lamp is meant to be left outside or indoors.
1813	hylotldescription	/objects/biome/atprk_highway/atprk_highwaylamp/atprk_highwaylamp.object	/hylotlDescription	There is no way this lamp won't cause any confusion, clearly.
1814	novakiddescription	/objects/biome/atprk_highway/atprk_highwaylamp/atprk_highwaylamp.object	/novakidDescription	This lamp can switch between two colors just like real traffic lights.
1815	apexdescription	/objects/biome/atprk_highway/atprk_highwaytable/atprk_highwaytable.object	/apexDescription	I don't think this table will last long before it crumbles.
1816	aviandescription	/objects/biome/atprk_highway/atprk_highwaytable/atprk_highwaytable.object	/avianDescription	It looks like a bunch of junk was recycled into this somewhat comfy table.
1817	florandescription	/objects/biome/atprk_highway/atprk_highwaytable/atprk_highwaytable.object	/floranDescription	Tire got ssstabbed with a whole table-top. That'sss brutal.
1818	glitchdescription	/objects/biome/atprk_highway/atprk_highwaytable/atprk_highwaytable.object	/glitchDescription	Baffled. I swear people will do anything to spare some pixels.
1819	humandescription	/objects/biome/atprk_highway/atprk_highwaytable/atprk_highwaytable.object	/humanDescription	Not the cleanest table I've seen.
1820	hylotldescription	/objects/biome/atprk_highway/atprk_highwaytable/atprk_highwaytable.object	/hylotlDescription	An unsightly garbage table.
1821	novakiddescription	/objects/biome/atprk_highway/atprk_highwaytable/atprk_highwaytable.object	/novakidDescription	This table's just a bunch o' junk found near a road.
1822	aviandescription	/objects/biome/atprk_highway/atprk_highwaytireswan/atprk_highwaytireswan.object	/avianDescription	For something made from an old tire, this little swan is oddly endearing.
1823	florandescription	/objects/biome/atprk_highway/atprk_highwaytireswan/atprk_highwaytireswan.object	/floranDescription	Ugh! Why doesss bird taste like rubber?!
1824	glitchdescription	/objects/biome/atprk_highway/atprk_highwaytireswan/atprk_highwaytireswan.object	/glitchDescription	Amused. I've never seen anyone turn a tire into a bird-shaped planter before.
1825	hylotldescription	/objects/biome/atprk_highway/atprk_highwaytireswan/atprk_highwaytireswan.object	/hylotlDescription	This swan didn't turn out too well but I appreciate the effort.
1826	aviandescription	/objects/crafting/atprk_4dcrafting/atprk_4dcrafting.object	/avianDescription	This station creates rather complex but somewhat mundane objects.
1827	glitchdescription	/objects/crafting/atprk_4dcrafting/atprk_4dcrafting.object	/glitchDescription	Intrigued. With this station, I'll be able to create small four-dimensional spaces.
1828	aviandescription	/objects/crafting/atprk_4dcraftingsmall/atprk_4dcraftingsmall.object	/avianDescription	This console creates rather complex but somewhat mundane objects.
1829	glitchdescription	/objects/crafting/atprk_4dcraftingsmall/atprk_4dcraftingsmall.object	/glitchDescription	Intrigued. With this console, I'll be able to create small four-dimensional spaces.
1830	apexdescription	/objects/crafting/atprk_artifactrecycler/atprk_artifactrecycler.object	/apexDescription	Based on inverse pixel printing technology, this station dismantles fragments of alien artifacts.
1831	aviandescription	/objects/crafting/atprk_artifactrecycler/atprk_artifactrecycler.object	/avianDescription	Here I can recycle shards of ancient relics if I somehow fail to put them together.
1832	florandescription	/objects/crafting/atprk_artifactrecycler/atprk_artifactrecycler.object	/floranDescription	Ssstation turnss pieces of old thingsss into pixelss.
1833	glitchdescription	/objects/crafting/atprk_artifactrecycler/atprk_artifactrecycler.object	/glitchDescription	Analytical. It seems that this station disassembles small ancient relics, similar to an inverted pixel printer.
1834	humandescription	/objects/crafting/atprk_artifactrecycler/atprk_artifactrecycler.object	/humanDescription	Looks like I can turn in spare pieces of ancient relics to get some money. Neat.
1835	hylotldescription	/objects/crafting/atprk_artifactrecycler/atprk_artifactrecycler.object	/hylotlDescription	An advanced station for recycling spare pieces of ancient artifacts straight into raw pixels.
1836	novakiddescription	/objects/crafting/atprk_artifactrecycler/atprk_artifactrecycler.object	/novakidDescription	If you've got no clue what t' do with random chunks o' relics, you outta dump 'em into this recycler.
1837	apexdescription	/objects/crafting/atprk_codexrestorer/atprk_codexrestorer.object	/apexDescription	An advaced AI-powered tool to restore corrupted codex entries.
1838	aviandescription	/objects/crafting/atprk_codexrestorer/atprk_codexrestorer.object	/avianDescription	This computer's task is to look through bits of information and summarize it in a written form.
1839	florandescription	/objects/crafting/atprk_codexrestorer/atprk_codexrestorer.object	/floranDescription	Machine that recreatesss text from gibberish. Wish it alssso accepted paper...
1840	glitchdescription	/objects/crafting/atprk_codexrestorer/atprk_codexrestorer.object	/glitchDescription	Analytical. While not flawless, this station tries its best to guess the contents of corrupted codex entries.
1841	humandescription	/objects/crafting/atprk_codexrestorer/atprk_codexrestorer.object	/humanDescription	No more garbled data! This station will restore any corrupted codex I feed it.
1842	hylotldescription	/objects/crafting/atprk_codexrestorer/atprk_codexrestorer.object	/hylotlDescription	This computer scans corrupted data and attempts to assemble it into coherent text.
1843	novakiddescription	/objects/crafting/atprk_codexrestorer/atprk_codexrestorer.object	/novakidDescription	To put it simply, a computer that turns th' unreadable into th' readable.
1844	apexdescription	/objects/crafting/atprk_experimentalterraforming/atprk_experimentalterraforming.object	/apexDescription	With this machine, I can manufacture unusual microformers. For science, I suppose.
1845	aviandescription	/objects/crafting/atprk_experimentalterraforming/atprk_experimentalterraforming.object	/avianDescription	This ancient machine will allow me to play god... But should I?
1846	florandescription	/objects/crafting/atprk_experimentalterraforming/atprk_experimentalterraforming.object	/floranDescription	Ancient machine to make funny biomesss.
1847	glitchdescription	/objects/crafting/atprk_experimentalterraforming/atprk_experimentalterraforming.object	/glitchDescription	Ambitious. With this machine, I can change planetary terrain into whatever I want.
1848	novakiddescription	/objects/crafting/atprk_experimentalterraforming/atprk_experimentalterraforming.object	/novakidDescription	This machine'll help me make new biomes... for reasons.
1849	apexdescription	/objects/crafting/atprk_experimentalterraformingsmall/atprk_experimentalterraformingsmall.object	/apexDescription	With this console, I can manufacture unusual microformers. For science, I suppose.
1850	aviandescription	/objects/crafting/atprk_experimentalterraformingsmall/atprk_experimentalterraformingsmall.object	/avianDescription	This console will allow me to play god... But should I?
1851	florandescription	/objects/crafting/atprk_experimentalterraformingsmall/atprk_experimentalterraformingsmall.object	/floranDescription	Ancient computer to make funny biomesss.
1852	glitchdescription	/objects/crafting/atprk_experimentalterraformingsmall/atprk_experimentalterraformingsmall.object	/glitchDescription	Ambitious. With this console, I can change planetary terrain into whatever I want.
1853	hylotldescription	/objects/crafting/atprk_experimentalterraformingsmall/atprk_experimentalterraformingsmall.object	/hylotlDescription	This console allows me to create custom microformers.
1854	novakiddescription	/objects/crafting/atprk_experimentalterraformingsmall/atprk_experimentalterraformingsmall.object	/novakidDescription	This computer'll help me make new biomes... for reasons.
1855	aviandescription	/objects/crafting/atprk_heartforgesmall/atprk_heartforgesmall.object	/avianDescription	This romantic forge will allow me to spread the love.
1856	florandescription	/objects/crafting/atprk_heartforgesmall/atprk_heartforgesmall.object	/floranDescription	Floran make pretty red bow.
1857	glitchdescription	/objects/crafting/atprk_heartforgesmall/atprk_heartforgesmall.object	/glitchDescription	Longing. I shall craft the most delicious chocolate.
1858	humandescription	/objects/crafting/atprk_heartforgesmall/atprk_heartforgesmall.object	/humanDescription	I can craft loads of lovely items with this forge!
1859	hylotldescription	/objects/crafting/atprk_heartforgesmall/atprk_heartforgesmall.object	/hylotlDescription	With this forge, I can create the tackiest of outfits.
1860	novakiddescription	/objects/crafting/atprk_heartforgesmall/atprk_heartforgesmall.object	/novakidDescription	This here forge will let me craft romantic items!
1861	apexdescription	/objects/crafting/atprk_metamorphosisengine/atprk_metamorphosisengine.object	/apexDescription	I should not use it... Or should I?...
1862	aviandescription	/objects/crafting/atprk_metamorphosisengine/atprk_metamorphosisengine.object	/avianDescription	Oh Kluex... This machine radiates pure evil yet it's so... entrancing.
1863	florandescription	/objects/crafting/atprk_metamorphosisengine/atprk_metamorphosisengine.object	/floranDescription	Ssso much force... Floran can get much ssstronger now.
1864	glitchdescription	/objects/crafting/atprk_metamorphosisengine/atprk_metamorphosisengine.object	/glitchDescription	Tempted. This eldritch engine... It calls for me...
1865	humandescription	/objects/crafting/atprk_metamorphosisengine/atprk_metamorphosisengine.object	/humanDescription	The powers this machine can give me, they're so... tempting...
1866	hylotldescription	/objects/crafting/atprk_metamorphosisengine/atprk_metamorphosisengine.object	/hylotlDescription	So much corruption... So much potential...
1867	novakiddescription	/objects/crafting/atprk_metamorphosisengine/atprk_metamorphosisengine.object	/novakidDescription	It ain't right but there's somethin'... temptin' to it...
1868	apexdescription	/objects/crafting/atprk_reconstructiontable/atprk_reconstructiontable.object	/apexDescription	I can use this workbench to restore lost artifacts.
1869	aviandescription	/objects/crafting/atprk_reconstructiontable/atprk_reconstructiontable.object	/avianDescription	This table can be used to restore lost relics.
1870	glitchdescription	/objects/crafting/atprk_reconstructiontable/atprk_reconstructiontable.object	/glitchDescription	Excited. I can recreate valuable relics at this table.
1871	humandescription	/objects/crafting/atprk_reconstructiontable/atprk_reconstructiontable.object	/humanDescription	Can I use this table to recreate anything from Earth?
1872	apexdescription	/objects/crafting/atprk_reconstructiontablesmall/atprk_reconstructiontablesmall.object	/apexDescription	I can use these tools to restore lost artifacts.
1873	aviandescription	/objects/crafting/atprk_reconstructiontablesmall/atprk_reconstructiontablesmall.object	/avianDescription	These handy tools can be used to restore lost relics.
1874	glitchdescription	/objects/crafting/atprk_reconstructiontablesmall/atprk_reconstructiontablesmall.object	/glitchDescription	Excited. I can recreate valuable relics with this toolkit.
1875	humandescription	/objects/crafting/atprk_reconstructiontablesmall/atprk_reconstructiontablesmall.object	/humanDescription	Can I use these tools to recreate anything from Earth?
1876	apexdescription	/objects/crafting/atprk_translator/atprk_translator.object	/apexDescription	With this translator, I'm finally able to understand some of the K'Rakothan texts. Wonderful.
1877	aviandescription	/objects/crafting/atprk_translator/atprk_translator.object	/avianDescription	This computer will help me read ancient texts.
1878	florandescription	/objects/crafting/atprk_translator/atprk_translator.object	/floranDescription	Floran can make old booksss readable.
1879	glitchdescription	/objects/crafting/atprk_translator/atprk_translator.object	/glitchDescription	Relieved. Now I don't have to guess what K'Rakoths wrote about.
1880	humandescription	/objects/crafting/atprk_translator/atprk_translator.object	/humanDescription	Okay, K'Rakothan Translator, translate me something!
1881	aviandescription	/objects/crafting/atprk_weaponupgradeanvilsmall/atprk_weaponupgradeanvilsmall.object	/avianDescription	This anvil is of ancient origin.
1882	novakiddescription	/objects/crafting/atprk_weaponupgradeanvilsmall/atprk_weaponupgradeanvilsmall.object	/novakidDescription	This anvil looks ancient... And tiny.
1883	florandescription	/objects/drinks/atprk_fuvenusbiteobject/atprk_fuvenusbiteobject.object	/floranDescription	Cacti and Traproots tassste good together.
1884	glitchdescription	/objects/drinks/atprk_fuvenusbiteobject/atprk_fuvenusbiteobject.object	/glitchDescription	Pleased. No spikes, no teeth, just as I like it.
1885	novakiddescription	/objects/drinks/atprk_fuvenusbiteobject/atprk_fuvenusbiteobject.object	/novakidDescription	I wouldn't give this to underage Novakids if you know what I mean.
1886	florandescription	/objects/drinks/atprk_fuvenuskissobject/atprk_fuvenuskissobject.object	/floranDescription	Sssweet Traproot juice.
1887	glitchdescription	/objects/drinks/atprk_fuvenuskissobject/atprk_fuvenuskissobject.object	/glitchDescription	Pleased. A glass of fresh Traproot juice.
1888	aviandescription	/objects/farmables/atprk_ruinousgrowth/atprk_ruinousgrowth.object	/avianDescription	This meaty growth is painful to look at, let alone to touch.
1889	aviandescription	/objects/farmables/atprk_ruinousgrowth/atprk_wildruinousgrowth.object	/avianDescription	This meaty growth is painful to look at, let alone touch it.
1890	apexdescription	/objects/farmables/atprk_tinybuildings/atprk_tiny4dsyphon/atprk_tiny4dsyphon.object	/apexDescription	Hopefully this device will not cause a resonance cascade.
1891	florandescription	/objects/farmables/atprk_tinybuildings/atprk_tiny4dsyphon/atprk_tiny4dsyphon.object	/floranDescription	Little men open portalsss to other worldsss to get sstuff.
1892	glitchdescription	/objects/farmables/atprk_tinybuildings/atprk_tiny4dsyphon/atprk_tiny4dsyphon.object	/glitchDescription	Intrigued. Using this generator, the Gnomes can extract resources from other layers or reality.
1893	humandescription	/objects/farmables/atprk_tinybuildings/atprk_tiny4dsyphon/atprk_tiny4dsyphon.object	/humanDescription	Could you guys grab me a cup of interdimensional coffee while we're at it?
1894	hylotldescription	/objects/farmables/atprk_tinybuildings/atprk_tiny4dsyphon/atprk_tiny4dsyphon.object	/hylotlDescription	It's remarkable how the Gnomekind has mastered both the Ancient and K'Rakothan technologies.
1895	novakiddescription	/objects/farmables/atprk_tinybuildings/atprk_tiny4dsyphon/atprk_tiny4dsyphon.object	/novakidDescription	I dunno, is this safe t' overload the Tesseract Generator like that?
1896	apexdescription	/objects/farmables/atprk_tinybuildings/atprk_tinybugfarm/atprk_tinybugfarm.object	/apexDescription	Well, this... actually makes sense.
1897	florandescription	/objects/farmables/atprk_tinybuildings/atprk_tinybugfarm/atprk_tinybugfarm.object	/floranDescription	Jarsss where bugss grow.
1898	glitchdescription	/objects/farmables/atprk_tinybuildings/atprk_tinybugfarm/atprk_tinybugfarm.object	/glitchDescription	Amused. I wonder if Gnomes can also ride these bugs.
1899	humandescription	/objects/farmables/atprk_tinybuildings/atprk_tinybugfarm/atprk_tinybugfarm.object	/humanDescription	It's like a more elaborate ant farm.
1900	hylotldescription	/objects/farmables/atprk_tinybuildings/atprk_tinybugfarm/atprk_tinybugfarm.object	/hylotlDescription	I can collect exotic insects from this farm provided it is built on fertile land.
1901	aviandescription	/objects/farmables/atprk_tinybuildings/atprk_tinyconstructionsite/atprk_tinyconstructionsite.object	/avianDescription	How adorable. May I commission a miniature castle?
1902	florandescription	/objects/farmables/atprk_tinybuildings/atprk_tinyconstructionsite/atprk_tinyconstructionsite.object	/floranDescription	Tiny buildersss!
1903	glitchdescription	/objects/farmables/atprk_tinybuildings/atprk_tinyconstructionsite/atprk_tinyconstructionsite.object	/glitchDescription	Insecure. I should be careful not to knock everything over by accident.
1904	humandescription	/objects/farmables/atprk_tinybuildings/atprk_tinyconstructionsite/atprk_tinyconstructionsite.object	/humanDescription	They build stuff so fast! Do they have their own matter manipulators by chance?
1905	hylotldescription	/objects/farmables/atprk_tinybuildings/atprk_tinyconstructionsite/atprk_tinyconstructionsite.object	/hylotlDescription	Building houses must be easier for Gnomes. Most of their materials weight very little.
1906	aviandescription	/objects/farmables/atprk_tinybuildings/atprk_tinymechfactory/atprk_tinymechfactory.object	/avianDescription	Gnomes work here all day long to craft assorted mech parts.
1907	florandescription	/objects/farmables/atprk_tinybuildings/atprk_tinymechfactory/atprk_tinymechfactory.object	/floranDescription	Little men make mech partsss for me.
1908	glitchdescription	/objects/farmables/atprk_tinybuildings/atprk_tinymechfactory/atprk_tinymechfactory.object	/glitchDescription	Enthusiastic. This miniature factory shall help me out with crafting mech parts.
1909	humandescription	/objects/farmables/atprk_tinybuildings/atprk_tinymechfactory/atprk_tinymechfactory.object	/humanDescription	This small factory produces mech components.
1910	novakiddescription	/objects/farmables/atprk_tinybuildings/atprk_tinymechfactory/atprk_tinymechfactory.object	/novakidDescription	I can get some mech components from these guys.
1911	aviandescription	/objects/farmables/atprk_tinybuildings/atprk_tinyrishaanchurch/atprk_tinyrishaanchurch.object	/avianDescription	As the time goes on, more and more tiny parishioners will visit this miniature temple.
1912	florandescription	/objects/farmables/atprk_tinybuildings/atprk_tinyrishaanchurch/atprk_tinyrishaanchurch.object	/floranDescription	Religiousss lunchbox.
1913	glitchdescription	/objects/farmables/atprk_tinybuildings/atprk_tinyrishaanchurch/atprk_tinyrishaanchurch.object	/glitchDescription	Disturbed. It is probably better not to know what exactly is going on inside.
1914	humandescription	/objects/farmables/atprk_tinybuildings/atprk_tinyrishaanchurch/atprk_tinyrishaanchurch.object	/humanDescription	Now I need to wait a bit to collect a bunch of pint-sized cultists.
1915	novakiddescription	/objects/farmables/atprk_tinybuildings/atprk_tinyrishaanchurch/atprk_tinyrishaanchurch.object	/novakidDescription	This freaky dollhouse right here attracts lil' cultists.
1916	apexdescription	/objects/farmables/eggs/atprk_geodemoaegg/atprk_geodemoaegg.object	/apexDescription	Geomoa are well known for their bad temper. Hopefully a chick will be easier to tame.
1917	florandescription	/objects/farmables/eggs/atprk_geodemoaegg/atprk_geodemoaegg.object	/floranDescription	Ssstealing geomoa eggs from their parentsss takes sssome effort. These birdsss are tough.
1918	glitchdescription	/objects/farmables/eggs/atprk_geodemoaegg/atprk_geodemoaegg.object	/glitchDescription	Anticipating. This precious egg has a geomoa chick inside.
1919	humandescription	/objects/farmables/eggs/atprk_geodemoaegg/atprk_geodemoaegg.object	/humanDescription	Soon a little geomoa should hatch from this egg.
1920	novakiddescription	/objects/farmables/eggs/atprk_geodemoaegg/atprk_geodemoaegg.object	/novakidDescription	If you see an unattended geomoa egg, grab it and run. It'll bring fortune!
1921	florandescription	/objects/food/atprk_fudeepseasteakobject/atprk_fudeepseasteakobject.object	/floranDescription	Meaty ssstarfish. Floran likesss its smell.
1922	glitchdescription	/objects/food/atprk_fudeepseasteakobject/atprk_fudeepseasteakobject.object	/glitchDescription	Doubtful. As tempting as it looks, it's too exotic for my taste.
1923	novakiddescription	/objects/food/atprk_fudeepseasteakobject/atprk_fudeepseasteakobject.object	/novakidDescription	What kind o' meat's that supposed t' be?
1924	florandescription	/objects/food/atprk_fusanguinesaladobject/atprk_fusanguinesaladobject.object	/floranDescription	Red sssalad looks like it hasss ssome meat.
1925	glitchdescription	/objects/food/atprk_fusanguinesaladobject/atprk_fusanguinesaladobject.object	/glitchDescription	Bored. A bitter salad. At least its ingredients are somewhat notable.
1926	florandescription	/objects/food/atprk_fustarfishsushiobject/atprk_fustarfishsushiobject.object	/floranDescription	Extra ssspicy ssushi!
1927	glitchdescription	/objects/food/atprk_fustarfishsushiobject/atprk_fustarfishsushiobject.object	/glitchDescription	Uncertain. I could give it a try but I would rather not.
1928	novakiddescription	/objects/food/atprk_fustarfishsushiobject/atprk_fustarfishsushiobject.object	/novakidDescription	Wasn't a good ol' fish enough?
1929	florandescription	/objects/food/atprk_fustellarsauceobject/atprk_fustellarsauceobject.object	/floranDescription	Ssspicy sstars!
1930	glitchdescription	/objects/food/atprk_fustellarsauceobject/atprk_fustellarsauceobject.object	/glitchDescription	Cautious. An unnecessarily spicy starfish sauce.
1931	novakiddescription	/objects/food/atprk_fustellarsauceobject/atprk_fustellarsauceobject.object	/novakidDescription	This sauce burns like a real star!
1932	apexdescription	/objects/food/atprk_fustuffedflytrapobject/atprk_fustuffedflytrapobject.object	/apexDescription	Gross. Some Apex nobles would take a bite though.
1933	aviandescription	/objects/food/atprk_fustuffedflytrapobject/atprk_fustuffedflytrapobject.object	/avianDescription	Did this Traproot consume its prey before it was cooked?
1934	florandescription	/objects/food/atprk_fustuffedflytrapobject/atprk_fustuffedflytrapobject.object	/floranDescription	Weak plant getss eaten by ssstronger plant. That's how nature worksss!
1935	glitchdescription	/objects/food/atprk_fustuffedflytrapobject/atprk_fustuffedflytrapobject.object	/glitchDescription	Relieved. No flies detected indeed.
1936	humandescription	/objects/food/atprk_fustuffedflytrapobject/atprk_fustuffedflytrapobject.object	/humanDescription	So it's like stuffed cabbage except it's also predatory, right?
1937	hylotldescription	/objects/food/atprk_fustuffedflytrapobject/atprk_fustuffedflytrapobject.object	/hylotlDescription	What an exotic way to serve meat... I cannot wait to try it out!
1938	novakiddescription	/objects/food/atprk_fustuffedflytrapobject/atprk_fustuffedflytrapobject.object	/novakidDescription	Nah, you may keep that meat, you lil' snappy plant.
1939	anneliskdescription	/objects/holiday/atprk_8ball/atprk_8ball.object	/anneliskDescription	Does this ball only answer yes or no questions?
1940	apexdescription	/objects/holiday/atprk_8ball/atprk_8ball.object	/apexDescription	Will my people break free from oppression?
1941	aviandescription	/objects/holiday/atprk_8ball/atprk_8ball.object	/avianDescription	The eighth sphere, please enlighten me. Did the egg come first?
1942	fenrondescription	/objects/holiday/atprk_8ball/atprk_8ball.object	/fenronDescription	Can I trust your insight, little sphere?
1943	florandescription	/objects/holiday/atprk_8ball/atprk_8ball.object	/floranDescription	Anssswer me, little ball, will Floran become the ssstrongesst thing alive?
1944	glitchdescription	/objects/holiday/atprk_8ball/atprk_8ball.object	/glitchDescription	Inquisitive. Are you secretly a tiny robot in a round shell?
1945	humandescription	/objects/holiday/atprk_8ball/atprk_8ball.object	/humanDescription	Think I should forget it all and settle on Mars?
1946	hylotldescription	/objects/holiday/atprk_8ball/atprk_8ball.object	/hylotlDescription	Oh great black pearl, share your wisdom. Is harmony across the galaxy possible?
1947	noolithdescription	/objects/holiday/atprk_8ball/atprk_8ball.object	/noolithDescription	Is there a reason to keep going?
1948	novakiddescription	/objects/holiday/atprk_8ball/atprk_8ball.object	/novakidDescription	Let's see. Is it high noon right now?
1949	florandescription	/objects/holiday/atprk_bdaycake/atprk_bdaycake.object	/floranDescription	Mmm, sssweet cake. Pink like meatss of Floran's enemiesss.
1950	glitchdescription	/objects/holiday/atprk_bdaycake/atprk_bdaycake.object	/glitchDescription	Hungry. I wouldn't mind a piece right now.
1951	humandescription	/objects/holiday/atprk_bdaycake/atprk_bdaycake.object	/humanDescription	I hope it's not just frosting and coconut shavings all the way down.
1952	hylotldescription	/objects/holiday/atprk_bdaycake/atprk_bdaycake.object	/hylotlDescription	This is a very inviting cake. May I help myself to it?
1953	novakiddescription	/objects/holiday/atprk_bdaycake/atprk_bdaycake.object	/novakidDescription	Now all that's left is to bring a few candles, and the cake's ready t' go!
1954	apexdescription	/objects/holiday/atprk_bdaycakehuge/atprk_bdaycakehuge.object	/apexDescription	There appears to be a secret hiding spot for a performer of sorts inside, if not a surveillance camera.
1955	aviandescription	/objects/holiday/atprk_bdaycakehuge/atprk_bdaycakehuge.object	/avianDescription	What a waste of a good cake, somebody carved out the middle part! Why?
1956	florandescription	/objects/holiday/atprk_bdaycakehuge/atprk_bdaycakehuge.object	/floranDescription	Emergency food sssuply AND ambush ssspot!
1957	glitchdescription	/objects/holiday/atprk_bdaycakehuge/atprk_bdaycakehuge.object	/glitchDescription	Proud. A delectable cake straight from a royal banquet.
1958	humandescription	/objects/holiday/atprk_bdaycakehuge/atprk_bdaycakehuge.object	/humanDescription	If you add two tiny figurines to the top layer, that will turn into a wedding cake!
1959	hylotldescription	/objects/holiday/atprk_bdaycakehuge/atprk_bdaycakehuge.object	/hylotlDescription	I find this a bit excessive, but I guess it can be shared with a... Wait, is it hollow?
1960	novakiddescription	/objects/holiday/atprk_bdaycakehuge/atprk_bdaycakehuge.object	/novakidDescription	This was baked either for a huge group o' friends or one nasty glutton.
1961	apexdescription	/objects/holiday/atprk_bdaycakeleftover/atprk_bdaycakeleftover.object	/apexDescription	So pink... Must be a strawberry flavor.
1962	aviandescription	/objects/holiday/atprk_bdaycakeleftover/atprk_bdaycakeleftover.object	/avianDescription	Whoah, the cake's almost gone! We've got a fast eater here!
1963	florandescription	/objects/holiday/atprk_bdaycakeleftover/atprk_bdaycakeleftover.object	/floranDescription	Hey, leave sssome for me!
1964	glitchdescription	/objects/holiday/atprk_bdaycakeleftover/atprk_bdaycakeleftover.object	/glitchDescription	Stumped. The cake's layers are somehow perfectly even. I almost don't want to eat it.
1965	humandescription	/objects/holiday/atprk_bdaycakeleftover/atprk_bdaycakeleftover.object	/humanDescription	There's not much left on the plate but it's not too late to grab a piece...
1966	novakiddescription	/objects/holiday/atprk_bdaycakeleftover/atprk_bdaycakeleftover.object	/novakidDescription	I know sharin' is carin' but I want some of this sweet cake too!
1967	apexdescription	/objects/mission/atprk_crateunpackerclosed/atprk_crateunpackerclosed.object	/apexDescription	I could probably use this as a cover.
1968	aviandescription	/objects/mission/atprk_crateunpackerclosed/atprk_crateunpackerclosed.object	/avianDescription	Where did the little penguin go?
1969	florandescription	/objects/mission/atprk_crateunpackerclosed/atprk_crateunpackerclosed.object	/floranDescription	Boxesss sstay locked until Floran ssaves everyone.
1970	glitchdescription	/objects/mission/atprk_crateunpackerclosed/atprk_crateunpackerclosed.object	/glitchDescription	Concerned. Hello? Is anyone here?
1971	humandescription	/objects/mission/atprk_crateunpackerclosed/atprk_crateunpackerclosed.object	/humanDescription	I hope that penguin merchant is fine.
1972	hylotldescription	/objects/mission/atprk_crateunpackerclosed/atprk_crateunpackerclosed.object	/hylotlDescription	It seems that there is no one inside.
1973	novakiddescription	/objects/mission/atprk_crateunpackerclosed/atprk_crateunpackerclosed.object	/novakidDescription	Hey, where's the lil' fella?
1974	apexdescription	/objects/mission/atprk_cryotombhydro/atprk_cryotombhydro1.object	/apexDescription	An elaborate aquaponic tray.
1975	aviandescription	/objects/mission/atprk_cryotombhydro/atprk_cryotombhydro1.object	/avianDescription	Who knows if these seaweeds could survive outside this preserve.
1976	florandescription	/objects/mission/atprk_cryotombhydro/atprk_cryotombhydro1.object	/floranDescription	Can't reach tasssty ssea sssnacks because of thisss thick glass!
1977	glitchdescription	/objects/mission/atprk_cryotombhydro/atprk_cryotombhydro1.object	/glitchDescription	Enchanted. A well-preserved collection of exotic seaweeds.
1978	hylotldescription	/objects/mission/atprk_cryotombhydro/atprk_cryotombhydro1.object	/hylotlDescription	So many distinct specimens I hardly recognize, they must be ancient!
1979	novakiddescription	/objects/mission/atprk_cryotombhydro/atprk_cryotombhydro1.object	/novakidDescription	I wonder what keeps all these sea plants alive.
1980	apexdescription	/objects/mission/atprk_cryotombinfoscreen/atprk_cryotombinfoscreen1.object	/apexDescription	Most likely the medical scan of a preserved specimen.
1981	aviandescription	/objects/mission/atprk_cryotombinfoscreen/atprk_cryotombinfoscreen1.object	/avianDescription	This must be something related to a frozen K'Rakoth.
1982	florandescription	/objects/mission/atprk_cryotombinfoscreen/atprk_cryotombinfoscreen1.object	/floranDescription	Big ssscreen showss big ssleeping sssquids. Floran can't read the resst.
1983	glitchdescription	/objects/mission/atprk_cryotombinfoscreen/atprk_cryotombinfoscreen1.object	/glitchDescription	Perplexed. Wait, which one of the K'Rakoths is being shown here?
1984	hylotldescription	/objects/mission/atprk_cryotombinfoscreen/atprk_cryotombinfoscreen1.object	/hylotlDescription	Well, I suppose this program keeps track of a person's health but I need more details.
1985	novakiddescription	/objects/mission/atprk_cryotombinfoscreen/atprk_cryotombinfoscreen1.object	/novakidDescription	Somethin' to keep in mind if I come here again.
1986	apexdescription	/objects/mission/atprk_cryotombinfoscreen/atprk_cryotombinfoscreen2.object	/apexDescription	I don't have any idea what this diagram is supposed to track.
1987	aviandescription	/objects/mission/atprk_cryotombinfoscreen/atprk_cryotombinfoscreen2.object	/avianDescription	The more I try to focus on these pop-up windows, the less I understand.
1988	florandescription	/objects/mission/atprk_cryotombinfoscreen/atprk_cryotombinfoscreen2.object	/floranDescription	Flashing ssscreen hurtsss Floran's eyesss.
1989	glitchdescription	/objects/mission/atprk_cryotombinfoscreen/atprk_cryotombinfoscreen2.object	/glitchDescription	Dizzy. I can't keep track of this program, everything shifts too quickly.
1990	humandescription	/objects/mission/atprk_cryotombinfoscreen/atprk_cryotombinfoscreen2.object	/humanDescription	Neat, more ancient records. Too bad I can't read any of them yet.
1991	novakiddescription	/objects/mission/atprk_cryotombinfoscreen/atprk_cryotombinfoscreen2.object	/novakidDescription	Surely this ain't a meaningless wall o' text, but I've no idea what any of it says.
1992	apexdescription	/objects/mission/atprk_cryotombscanner/atprk_cryotombscanner.object	/apexDescription	There is a hidden proximity device. I should avoid it.
1993	aviandescription	/objects/mission/atprk_cryotombscanner/atprk_cryotombscanner.object	/avianDescription	My scanner detects a hidden proximity sensor.
1994	florandescription	/objects/mission/atprk_cryotombscanner/atprk_cryotombscanner.object	/floranDescription	Ssscanner in the dark tracksss my motions.
1995	glitchdescription	/objects/mission/atprk_cryotombscanner/atprk_cryotombscanner.object	/glitchDescription	Attentive. This appears to be a concealed motion tracking device.
1996	humandescription	/objects/mission/atprk_cryotombscanner/atprk_cryotombscanner.object	/humanDescription	Somebody hid a motion sensor right here. It's barely visible.
1997	novakiddescription	/objects/mission/atprk_cryotombscanner/atprk_cryotombscanner.object	/novakidDescription	I'm not the only one with a scanner here huh. Best not t' set it off.
1998	apexdescription	/objects/mission/atprk_deadcultistprop/atprk_deadcultistprop.object	/apexDescription	I have strong reasons to doubt they are just sleeping...
1999	atprk_anneliskdescription	/objects/mission/atprk_deadcultistprop/atprk_deadcultistprop.object	/atprk_anneliskDescription	Oh well, at least they won't pester me.
2000	atprk_fenrondescription	/objects/mission/atprk_deadcultistprop/atprk_deadcultistprop.object	/atprk_fenronDescription	This weakling clearly took on somebody out of their league.
2001	atprk_noolithdescription	/objects/mission/atprk_deadcultistprop/atprk_deadcultistprop.object	/atprk_noolithDescription	Rest in peace, stranger.
2002	aviandescription	/objects/mission/atprk_deadcultistprop/atprk_deadcultistprop.object	/avianDescription	Oh dear Kluex, at least spare their soul in the afterlife.
2003	florandescription	/objects/mission/atprk_deadcultistprop/atprk_deadcultistprop.object	/floranDescription	Fresh meatsss wrapped in purple!
2004	glitchdescription	/objects/mission/atprk_deadcultistprop/atprk_deadcultistprop.object	/glitchDescription	Sarcastic. Oh no! Anyway...
2005	humandescription	/objects/mission/atprk_deadcultistprop/atprk_deadcultistprop.object	/humanDescription	I wouldn't want to be this hooded guy.
2006	novakiddescription	/objects/mission/atprk_deadcultistprop/atprk_deadcultistprop.object	/novakidDescription	I kinda feel bad for that cultist.
2007	apexdescription	/objects/mission/atprk_hiddenbossdoor/atprk_hiddenbossdoor.object	/apexDescription	My scanner is picking up strange readings coming from this door...
2008	aviandescription	/objects/mission/atprk_hiddenbossdoor/atprk_hiddenbossdoor.object	/avianDescription	If my scanner is to be trusted, this door keeps receiving signals from elsewhere.
2009	florandescription	/objects/mission/atprk_hiddenbossdoor/atprk_hiddenbossdoor.object	/floranDescription	Floran thinkss thisss door is rigged.
2010	glitchdescription	/objects/mission/atprk_hiddenbossdoor/atprk_hiddenbossdoor.object	/glitchDescription	Suspicious. I don't think I can trust this door, something is off about it.
2011	humandescription	/objects/mission/atprk_hiddenbossdoor/atprk_hiddenbossdoor.object	/humanDescription	I feel like going this way might be a mistake.
2012	hylotldescription	/objects/mission/atprk_hiddenbossdoor/atprk_hiddenbossdoor.object	/hylotlDescription	My scanner keeps receiving some faint signals coming from this very direction.
2013	novakiddescription	/objects/mission/atprk_hiddenbossdoor/atprk_hiddenbossdoor.object	/novakidDescription	What's with all these wonky energy readings?...
2014	aviandescription	/objects/mission/atprk_krakothicetrap/atprk_krakothicetrap.object	/avianDescription	This mechanism will freeze me if I'm not careful around it.
2015	florandescription	/objects/mission/atprk_krakothicetrap/atprk_krakothicetrap.object	/floranDescription	Cold metal thingy ssspews ice.
2016	glitchdescription	/objects/mission/atprk_krakothicetrap/atprk_krakothicetrap.object	/glitchDescription	Cautious. This cooling mechanism appears to be unstable.
2017	humandescription	/objects/mission/atprk_krakothicetrap/atprk_krakothicetrap.object	/humanDescription	I should probably stay away from this thing.
2018	hylotldescription	/objects/mission/atprk_krakothicetrap/atprk_krakothicetrap.object	/hylotlDescription	Some sort of a malfunctioning cooling machine.
2019	novakiddescription	/objects/mission/atprk_krakothicetrap/atprk_krakothicetrap.object	/novakidDescription	I don't think I can just cover this freezin' hole.
2020	apexdescription	/objects/mission/atprk_krakothmissionconsole/atprk_krakothmissionconsole.object	/apexDescription	I can discern a few symbols on the screen. Now this is something.
2021	florandescription	/objects/mission/atprk_krakothmissionconsole/atprk_krakothmissionconsole.object	/floranDescription	Big computer. Floran sssmash buttonss to ssse what happens.
2022	glitchdescription	/objects/mission/atprk_krakothmissionconsole/atprk_krakothmissionconsole.object	/glitchDescription	Neutral. An ancient console. Whatever it does, I should attempt to activate it.
2023	humandescription	/objects/mission/atprk_krakothmissionconsole/atprk_krakothmissionconsole.object	/humanDescription	This console is not as inoperable as the rest. I need to check what it does.
2024	hylotldescription	/objects/mission/atprk_krakothmissionconsole/atprk_krakothmissionconsole.object	/hylotlDescription	This console seems to be important. What if I activate it?
2025	novakiddescription	/objects/mission/atprk_krakothmissionconsole/atprk_krakothmissionconsole.object	/novakidDescription	This computer looks a lot simpler than some. Gotta figure out what it's for.
2026	apexdescription	/objects/mission/atprk_krakothmissionmonitor/atprk_krakothmissionmonitor.object	/apexDescription	I am probably being watched by... something.
2027	aviandescription	/objects/mission/atprk_krakothmissionmonitor/atprk_krakothmissionmonitor.object	/avianDescription	The symbol on the screen seems to track me. This can't be good.
2028	florandescription	/objects/mission/atprk_krakothmissionmonitor/atprk_krakothmissionmonitor.object	/floranDescription	Thisss sscreen has eyesss!
2029	glitchdescription	/objects/mission/atprk_krakothmissionmonitor/atprk_krakothmissionmonitor.object	/glitchDescription	Suspicious. I feel like somebody is watching me.
2030	hylotldescription	/objects/mission/atprk_krakothmissionmonitor/atprk_krakothmissionmonitor.object	/hylotlDescription	This monitor appears to have motion sensors. I should stay alert.
2031	novakiddescription	/objects/mission/atprk_krakothmissionmonitor/atprk_krakothmissionmonitor.object	/novakidDescription	Ay, this one's different!
2032	apexdescription	/objects/mission/atprk_krakothmissionshipconsole/atprk_krakothmissionshipconsole.object	/apexDescription	This advanced console should give me access to various ship systems.
2033	aviandescription	/objects/mission/atprk_krakothmissionshipconsole/atprk_krakothmissionshipconsole.object	/avianDescription	I can disable this ship's inhibitors and undock the carriage from here.
2034	florandescription	/objects/mission/atprk_krakothmissionshipconsole/atprk_krakothmissionshipconsole.object	/floranDescription	Huge consssole turnsss many thingss on and off.
2035	glitchdescription	/objects/mission/atprk_krakothmissionshipconsole/atprk_krakothmissionshipconsole.object	/glitchDescription	Neutral. A ship captain's console connected to various crucial systems.
2036	humandescription	/objects/mission/atprk_krakothmissionshipconsole/atprk_krakothmissionshipconsole.object	/humanDescription	Now I can finally turn the inhibitors off and go back to the ST Syllectis.
2037	hylotldescription	/objects/mission/atprk_krakothmissionshipconsole/atprk_krakothmissionshipconsole.object	/hylotlDescription	This large console should allow me to turn the inhibitors off and go back to the Relic Seekers' ship.
2038	apexdescription	/objects/mission/atprk_mechcraftingtableoff/atprk_mechcraftingtableoff.object	/apexDescription	This table is deactivated due to the lack of electricity.
2039	aviandescription	/objects/mission/atprk_mechcraftingtableoff/atprk_mechcraftingtableoff.object	/avianDescription	If I need new mech components, I'll have to look for another station. This one is off.
2040	florandescription	/objects/mission/atprk_mechcraftingtableoff/atprk_mechcraftingtableoff.object	/floranDescription	Floran can't craft mech partsss without power.
2041	glitchdescription	/objects/mission/atprk_mechcraftingtableoff/atprk_mechcraftingtableoff.object	/glitchDescription	Irked. I cannot find a way to activate this station.
2042	humandescription	/objects/mission/atprk_mechcraftingtableoff/atprk_mechcraftingtableoff.object	/humanDescription	This table doesn't seem to be functioning. What a bummer.
2043	hylotldescription	/objects/mission/atprk_mechcraftingtableoff/atprk_mechcraftingtableoff.object	/hylotlDescription	Normally this table can be used to craft mech components. Not now apparently...
2044	novakiddescription	/objects/mission/atprk_mechcraftingtableoff/atprk_mechcraftingtableoff.object	/novakidDescription	Can't do nothin' at this table until power's back on.
2045	aviandescription	/objects/mission/atprk_metamorphosishallnpcs/atprk_cultistpropshop/atprk_cultistpropshop.object	/avianDescription	This hooded merchant sells all sorts of occult items previously owned by the Occasus.
2046	florandescription	/objects/mission/atprk_metamorphosishallnpcs/atprk_cultistpropshop/atprk_cultistpropshop.object	/floranDescription	Ssstore where Floran can buy cultisst thingsss.
2047	glitchdescription	/objects/mission/atprk_metamorphosishallnpcs/atprk_cultistpropshop/atprk_cultistpropshop.object	/glitchDescription	Unimpressed. Most of the items sold here lack in quality. I don't think this cultist will earn a lot.
2048	humandescription	/objects/mission/atprk_metamorphosishallnpcs/atprk_cultistpropshop/atprk_cultistpropshop.object	/humanDescription	Hey, I think I've met this particular cultist before!... Actually, nevermind.
2049	hylotldescription	/objects/mission/atprk_metamorphosishallnpcs/atprk_cultistpropshop/atprk_cultistpropshop.object	/hylotlDescription	Now that the Occasus is defeated, its ex-members have to do something else for a living.
2050	apexdescription	/objects/mission/atprk_metamorphosismodule1/atprk_metamorphosismodule1.object	/apexDescription	Whatever this is, it does not look safe to stay around.
2051	atprk_anneliskdescription	/objects/mission/atprk_metamorphosismodule1/atprk_metamorphosismodule1.object	/atprk_anneliskDescription	Whatever this is, it must be something really power-consuming...
2052	atprk_fenrondescription	/objects/mission/atprk_metamorphosismodule1/atprk_metamorphosismodule1.object	/atprk_fenronDescription	If it isn't a massive energy cannon, then I've got no idea what else it could be.
2053	atprk_noolithdescription	/objects/mission/atprk_metamorphosismodule1/atprk_metamorphosismodule1.object	/atprk_noolithDescription	This ancient machinery channels ruinous energy.
2054	aviandescription	/objects/mission/atprk_metamorphosismodule1/atprk_metamorphosismodule1.object	/avianDescription	This mechanism emits a vile, ruinous aura.
2055	florandescription	/objects/mission/atprk_metamorphosismodule1/atprk_metamorphosismodule1.object	/floranDescription	Huge mashine doesss things Floran doesssn't undersstand.
2056	glitchdescription	/objects/mission/atprk_metamorphosismodule1/atprk_metamorphosismodule1.object	/glitchDescription	Cautious. Is this a deactivated turret or...?
2057	humandescription	/objects/mission/atprk_metamorphosismodule1/atprk_metamorphosismodule1.object	/humanDescription	I don't know what this is for and I'm not sure if I wish to find out.
2058	hylotldescription	/objects/mission/atprk_metamorphosismodule1/atprk_metamorphosismodule1.object	/hylotlDescription	One can only wonder what this mechanism does.
2059	novakiddescription	/objects/mission/atprk_metamorphosismodule1/atprk_metamorphosismodule1.object	/novakidDescription	Let's hope it's not a huge ray gun.
2060	apexdescription	/objects/mission/atprk_relicexchangeclosed/atprk_relicexchangeclosed.object	/apexDescription	I don't have time for this.
2061	aviandescription	/objects/mission/atprk_relicexchangeclosed/atprk_relicexchangeclosed.object	/avianDescription	Until the ship is safe, I shouldn't distract myself.
2062	florandescription	/objects/mission/atprk_relicexchangeclosed/atprk_relicexchangeclosed.object	/floranDescription	Floran mussst go, no time for relicss!
2063	glitchdescription	/objects/mission/atprk_relicexchangeclosed/atprk_relicexchangeclosed.object	/glitchDescription	Serious. Saving the ship is my top priority!
2064	humandescription	/objects/mission/atprk_relicexchangeclosed/atprk_relicexchangeclosed.object	/humanDescription	I should probably save the ship before trading artifacts.
2065	hylotldescription	/objects/mission/atprk_relicexchangeclosed/atprk_relicexchangeclosed.object	/hylotlDescription	I ought to focus on saving the ship. The ancient relics can wait a bit.
2066	aviandescription	/objects/mission/atprk_relicseekerdisplaysmashed/atprk_relicseekerdisplaysmashed.object	/avianDescription	What treachery!
2067	florandescription	/objects/mission/atprk_relicseekerdisplaysmashed/atprk_relicseekerdisplaysmashed.object	/floranDescription	Thievesss!
2068	glitchdescription	/objects/mission/atprk_relicseekerdisplaysmashed/atprk_relicseekerdisplaysmashed.object	/glitchDescription	Cautious. It seems that there are robbers somewhere.
2069	humandescription	/objects/mission/atprk_relicseekerdisplaysmashed/atprk_relicseekerdisplaysmashed.object	/humanDescription	Uh-oh, something was stolen!
2070	hylotldescription	/objects/mission/atprk_relicseekerdisplaysmashed/atprk_relicseekerdisplaysmashed.object	/hylotlDescription	Some people just don't bother to pay any respect to someone else's hard work.
2071	novakiddescription	/objects/mission/atprk_relicseekerdisplaysmashed/atprk_relicseekerdisplaysmashed.object	/novakidDescription	Hey, is it me or is there somethin' missin'?
2072	apexdescription	/objects/mission/atprk_relicseekerhqteleporteroff1/atprk_relicseekerhqteleporteroff1.object	/apexDescription	It seems that someone cut the power to the teleporter. There is no escape now.
2073	aviandescription	/objects/mission/atprk_relicseekerhqteleporteroff1/atprk_relicseekerhqteleporteroff1.object	/avianDescription	Oh no, someone hacked the teleporter! We're trapped!
2074	florandescription	/objects/mission/atprk_relicseekerhqteleporteroff1/atprk_relicseekerhqteleporteroff1.object	/floranDescription	Teleporter isss broken! Very, very bad!
2075	humandescription	/objects/mission/atprk_relicseekerhqteleporteroff1/atprk_relicseekerhqteleporteroff1.object	/humanDescription	Wait, what? No signal?! What terrible timing for this to happen!
2076	hylotldescription	/objects/mission/atprk_relicseekerhqteleporteroff1/atprk_relicseekerhqteleporteroff1.object	/hylotlDescription	The teleporter does not respond. By the looks of it, I am forced to stay here.
2077	apexdescription	/objects/mission/atprk_relicseekerhqteleporteroff2/atprk_relicseekerhqteleporteroff2.object	/apexDescription	This teleporter is disabled at the moment.
2078	aviandescription	/objects/mission/atprk_relicseekerhqteleporteroff2/atprk_relicseekerhqteleporteroff2.object	/avianDescription	I cannot use this teleporter yet.
2079	florandescription	/objects/mission/atprk_relicseekerhqteleporteroff2/atprk_relicseekerhqteleporteroff2.object	/floranDescription	Teleporter isss off. Floran mussst wait.
2080	glitchdescription	/objects/mission/atprk_relicseekerhqteleporteroff2/atprk_relicseekerhqteleporteroff2.object	/glitchDescription	Neutral. An inactive teleporter.
2081	humandescription	/objects/mission/atprk_relicseekerhqteleporteroff2/atprk_relicseekerhqteleporteroff2.object	/humanDescription	I can't enable this teleporter yet.
2082	hylotldescription	/objects/mission/atprk_relicseekerhqteleporteroff2/atprk_relicseekerhqteleporteroff2.object	/hylotlDescription	Unfortunately, I cannot use this teleporter right now.
2083	novakiddescription	/objects/mission/atprk_relicseekerhqteleporteroff2/atprk_relicseekerhqteleporteroff2.object	/novakidDescription	This teleporter's not workin'. Not much else t' say here.
2084	aviandescription	/objects/mission/atprk_saloontablebroken/atprk_saloontablebroken.object	/avianDescription	This will not be fixed any time soon.
2085	florandescription	/objects/mission/atprk_saloontablebroken/atprk_saloontablebroken.object	/floranDescription	Ssso many cardsss are lying on the floor.
2086	glitchdescription	/objects/mission/atprk_saloontablebroken/atprk_saloontablebroken.object	/glitchDescription	Careful. The floor under this table is littered with glass shards.
2087	humandescription	/objects/mission/atprk_saloontablebroken/atprk_saloontablebroken.object	/humanDescription	Is anyone going to clean this up?
2088	hylotldescription	/objects/mission/atprk_saloontablebroken/atprk_saloontablebroken.object	/hylotlDescription	This table couldn't withstand a fight.
2089	aviandescription	/objects/mission/atprk_woodenstand2broken/atprk_woodenstand2broken.object	/avianDescription	This is unfortunate.
2090	florandescription	/objects/mission/atprk_woodenstand2broken/atprk_woodenstand2broken.object	/floranDescription	Fallen ssstump.
2091	glitchdescription	/objects/mission/atprk_woodenstand2broken/atprk_woodenstand2broken.object	/glitchDescription	Upset. There is nothing to display anymore.
2092	hylotldescription	/objects/mission/atprk_woodenstand2broken/atprk_woodenstand2broken.object	/hylotlDescription	How inconsiderate.
2093	novakiddescription	/objects/mission/atprk_woodenstand2broken/atprk_woodenstand2broken.object	/novakidDescription	Who's gonna clean this up?
2094	florandescription	/objects/teleporter/atprk_missionreturnteleporter/atprk_missionreturnteleporter.object	/floranDescription	Thiss teleporter will take Floran away from here.
2095	glitchdescription	/objects/teleporter/atprk_missionreturnteleporter/atprk_missionreturnteleporter.object	/glitchDescription	Reassured. This will teleport me far away once I'm done.
2096	novakiddescription	/objects/teleporter/atprk_missionreturnteleporter/atprk_missionreturnteleporter.object	/novakidDescription	If I step in here I'll escape in a second.
2097	turnindescription	/quests/atprk_relicseekerhq/atprk_infinitemazequest.questtemplate	/scriptConfig/turnInDescription	Upgrade the ^orange;Relic Seeker Teleporter^reset; aboard ^orange;ST Syllectis^reset;
