id	keyHint	assetPath	jsonPointer	englishText
0	felindescription	/objects/actionfigure/starbound/tentaclebarrier/tentaclebarrierAF.object	/felinDescription	Ehehehe. I'm getting funny ideas~
1	nekodescription	/objects/actionfigure/starbound/tentaclebarrier/tentaclebarrierAF.object	/nekoDescription	Aww, a cute lil tentacle figure. This one's going- uh... straight to my personal collection...
2	nekodescription	/objects/biome/alien/nmm_alienchestlarge/alienchestlarge.object	/nekoDescription	I dunno what it's made from... but it's warm... and squishy... nyaaa~
3	aviandescription	/objects/biome/bioluminescence/nmm_glowbetaplants/glowbushlamp.object	/avianDescription	This bush's glow lights up any room.
4	florandescription	/objects/biome/bioluminescence/nmm_glowbetaplants/glowbushlamp.object	/floranDescription	Floran like glowy bush.
5	glitchdescription	/objects/biome/bioluminescence/nmm_glowbetaplants/glowbushlamp.object	/glitchDescription	Analysis. The glow is produced by the bush's natural bioluminescence.
6	glitchdescription	/objects/biome/bioluminescence/nmm_glowbetaplants/glowflowerlamp.object	/glitchDescription	Analysis. The glow is produced by the flower's natural bioluminescence.
7	florandescription	/objects/biome/bioluminescence/nmm_glowbetaplants/glowvinelamp.object	/floranDescription	Florann likes glowyyy vineee.
8	glitchdescription	/objects/biome/bioluminescence/nmm_glowbetaplants/glowvinelamp.object	/glitchDescription	Analysis. A pleasant glow is produced by the vine's bioluminescent bulbs.
9	humandescription	/objects/biome/bioluminescence/nmm_glowbetaplants/glowvinelamp.object	/humanDescription	The prettiest natural lamp ever.
10	hylotldescription	/objects/biome/bioluminescence/nmm_glowbetaplants/glowvinelamp.object	/hylotlDescription	This remarkable natural lamp is beautiful.
11	felindescription	/objects/biome/bioluminescence/nmm_glowchestlarge/glowchestlarge.object	/felinDescription	Glowing purple chests always have the best things in them.
12	nekodescription	/objects/biome/bioluminescence/nmm_glowchestlarge/glowchestlarge.object	/nekoDescription	Weird... and glowy...
13	apexdescription	/objects/biome/bioluminescence/nmm_glowtable/glowtable.object	/apexDescription	The surface of this table glows.
14	avalidescription	/objects/biome/bioluminescence/nmm_glowtable/glowtable.object	/avaliDescription	The surface is much more solid than one would expect, though I'd probably still prefer just using the ground...
15	aviandescription	/objects/biome/bioluminescence/nmm_glowtable/glowtable.object	/avianDescription	The surface of this table glows. Ominously. I don't like it.
16	florandescription	/objects/biome/bioluminescence/nmm_glowtable/glowtable.object	/floranDescription	Glowing plant table. Not too good for cutting meats, but still a good table for Floran.
17	glitchdescription	/objects/biome/bioluminescence/nmm_glowtable/glowtable.object	/glitchDescription	Calmed. The surface of this plant-based table glows softly.
18	hylotldescription	/objects/biome/bioluminescence/nmm_glowtable/glowtable.object	/hylotlDescription	This table's surface glows a lovely, soft orange.
19	nekidescription	/objects/biome/bioluminescence/nmm_glowtable/glowtable.object	/nekiDescription	Glowy table. Smells weird...
20	nekodescription	/objects/biome/bioluminescence/nmm_glowtable/glowtable.object	/nekoDescription	Glowy table~
21	avalidescription	/objects/biome/cell/nmm_cellbed/cellbed.object	/avaliDescription	An incredibly gaudy bed? I think I'll pass.
22	aviandescription	/objects/biome/cell/nmm_cellbed/cellbed.object	/avianDescription	Who's gonna get any sleep in such a brightly colored bed?
23	florandescription	/objects/biome/cell/nmm_cellbed/cellbed.object	/floranDescription	Floran uncomfortable about sleeping in cell bed.
24	glitchdescription	/objects/biome/cell/nmm_cellbed/cellbed.object	/glitchDescription	Reluctant. I am hesitant to sleep on a bed made from cells, but it does seem quite comfortable.
25	humandescription	/objects/biome/cell/nmm_cellbed/cellbed.object	/humanDescription	Aww, how cute! The pillows are also- wait, ALSO cells? Uh, no thanks.
26	hylotldescription	/objects/biome/cell/nmm_cellbed/cellbed.object	/hylotlDescription	What a grossly bright bed.
27	nekidescription	/objects/biome/cell/nmm_cellbed/cellbed.object	/nekiDescription	Ehhh... bed smells funky... but familiar?
28	nekodescription	/objects/biome/cell/nmm_cellbed/cellbed.object	/nekoDescription	Oooh, this is a nice, sturdy bed~
29	novakiddescription	/objects/biome/cell/nmm_cellbed/cellbed.object	/novakidDescription	Yikes, this bed is brighter'n me!
30	avalidescription	/objects/biome/cell/nmm_cellchandelier/cellchandelier.object	/avaliDescription	Gross, bright, tasteless. Blegh.
31	aviandescription	/objects/biome/cell/nmm_cellchandelier/cellchandelier.object	/avianDescription	Ehh..?
32	felindescription	/objects/biome/cell/nmm_cellchandelier/cellchandelier.object	/felinDescription	Bright, funky lights.
33	florandescription	/objects/biome/cell/nmm_cellchandelier/cellchandelier.object	/floranDescription	Weird looking lightsss. Floran iss not a fan.
34	glitchdescription	/objects/biome/cell/nmm_cellchandelier/cellchandelier.object	/glitchDescription	Unimpressed. A bright chandelier in more ways than one.
35	nekidescription	/objects/biome/cell/nmm_cellchandelier/cellchandelier.object	/nekiDescription	Hmngh, I don't like this...
36	nekodescription	/objects/biome/cell/nmm_cellchandelier/cellchandelier.object	/nekoDescription	Kinda pretty, but they hurt my eyes...
37	felindescription	/objects/biome/cell/nmm_cellchestlarge/cellchestlarge.object	/felinDescription	Bet there's something to do with cells in there.
38	slimepersondescription	/objects/biome/cell/nmm_cellchestlarge/cellchestlarge.object	/slimepersonDescription	Some sort of cell-based chest.
39	avalidescription	/objects/biome/cell/nmm_cellcomputer/cellcomputer.object	/avaliDescription	Don't even get me started on this...
40	felindescription	/objects/biome/cell/nmm_cellcomputer/cellcomputer.object	/felinDescription	Increeeeedibly tacky.
41	nekidescription	/objects/biome/cell/nmm_cellcomputer/cellcomputer.object	/nekiDescription	I don't like the smell of this puter...
42	nekodescription	/objects/biome/cell/nmm_cellcomputer/cellcomputer.object	/nekoDescription	It's a computer, alright...
43	slimepersondescription	/objects/biome/cell/nmm_cellcomputer/cellcomputer.object	/slimepersonDescription	This computer's design has aged like milk.
44	avalidescription	/objects/biome/cell/nmm_cellconsole/cellconsole.object	/avaliDescription	This console doesn't... look very stable.
45	aviandescription	/objects/biome/cell/nmm_cellconsole/cellconsole.object	/avianDescription	Looks like it could just snap, if you even just lean on it.
46	felindescription	/objects/biome/cell/nmm_cellconsole/cellconsole.object	/felinDescription	If I'm left alone with this, I might break it. Whether it's an accident or not is something else.
47	florandescription	/objects/biome/cell/nmm_cellconsole/cellconsole.object	/floranDescription	Ssstupid-looking console.
48	glitchdescription	/objects/biome/cell/nmm_cellconsole/cellconsole.object	/glitchDescription	Disapproving. A functional, if not terribly gaudy console.
49	humandescription	/objects/biome/cell/nmm_cellconsole/cellconsole.object	/humanDescription	It's completely a nonsense console.
50	hylotldescription	/objects/biome/cell/nmm_cellconsole/cellconsole.object	/hylotlDescription	Stop, I can only take so many design errors and faux-pas.
51	nekidescription	/objects/biome/cell/nmm_cellconsole/cellconsole.object	/nekiDescription	I don't wanna touch it...
52	novakiddescription	/objects/biome/cell/nmm_cellconsole/cellconsole.object	/novakidDescription	That there's a very colorful, and might I say, dumb-lookin' console.
53	avalidescription	/objects/biome/cell/nmm_celldesk/celldesk.object	/avaliDescription	It's a pass from me.
54	aviandescription	/objects/biome/cell/nmm_celldesk/celldesk.object	/avianDescription	More than a bit bright, isn't it?
55	felindescription	/objects/biome/cell/nmm_celldesk/celldesk.object	/felinDescription	Well well, pretty bright, isn't it?
56	florandescription	/objects/biome/cell/nmm_celldesk/celldesk.object	/floranDescription	Bright, shiny, stupid desssk.
57	glitchdescription	/objects/biome/cell/nmm_celldesk/celldesk.object	/glitchDescription	Disapproving. I simply cannot believe focus can be maintained at such a desk.
58	humandescription	/objects/biome/cell/nmm_celldesk/celldesk.object	/humanDescription	Wow, what a bright desk.
59	hylotldescription	/objects/biome/cell/nmm_celldesk/celldesk.object	/hylotlDescription	How could anyone focus at such a bright desk?
60	nekodescription	/objects/biome/cell/nmm_celldesk/celldesk.object	/nekoDescription	It's a silly, sturdy desk~
61	novakiddescription	/objects/biome/cell/nmm_celldesk/celldesk.object	/novakidDescription	Incredibly bright, is what it is.
62	felindescription	/objects/biome/cell/nmm_cellman/cellman.object	/felinDescription	Well, someone tried. And I don't think they should've.
63	florandescription	/objects/biome/cell/nmm_cellman/cellman.object	/floranDescription	Ssstupid-looking cellman.
64	humandescription	/objects/biome/cell/nmm_cellman/cellman.object	/humanDescription	Hey, buddy! ...nah, sorry cellman, but I'm not a fan.
65	nekodescription	/objects/biome/cell/nmm_cellman/cellman.object	/nekoDescription	He's kinda cute~ ...But he smells all sciencey.
66	felindescription	/objects/biome/cell/nmm_cellman/cellwoman.object	/felinDescription	Well, someone tried. And I think they were certainly misguided.
67	florandescription	/objects/biome/cell/nmm_cellman/cellwoman.object	/floranDescription	Sssilly-looking cellman.
68	humandescription	/objects/biome/cell/nmm_cellman/cellwoman.object	/humanDescription	Um, yeah, nah. That's a little weird.
69	nekodescription	/objects/biome/cell/nmm_cellman/cellwoman.object	/nekoDescription	She's kinda cute~ ...and her smell's making me feel weird... heehee~
70	novakiddescription	/objects/biome/cell/nmm_cellman/cellwoman.object	/novakidDescription	Someone's gone and made a strange gal outta cells. Why they woulda's beyond me.
71	nekidescription	/objects/biome/cell/nmm_cellpottedplant/cellpottedplant2.object	/nekiDescription	I d-don't want to be near this plant...
72	humandescription	/objects/biome/cell/nmm_cellserver/cellserver.object	/humanDescription	I guess it's cool? It doesn't seem very practical, though...
73	nekidescription	/objects/biome/cell/nmm_cellserver/cellserver.object	/nekiDescription	Smells like a bad place to me...
74	felindescription	/objects/biome/colourful/nmm_rainbowchestlarge/rainbowchestlarge.object	/felinDescription	Somewhere over the rainbow... There's some loot.
75	nekodescription	/objects/biome/colourful/nmm_rainbowchestlarge/rainbowchestlarge.object	/nekoDescription	Myaaah, such a pretty colorful chest~
76	felindescription	/objects/biome/colourful/nmm_rainbowpalmpot/rainbowpalmpot.object	/felinDescription	Just being near this plant makes me feel happy.
77	florandescription	/objects/biome/colourful/nmm_rainbowpalmpot/rainbowpalmpot.object	/floranDescription	Floran likesss the little colorful tree.
78	glitchdescription	/objects/biome/colourful/nmm_rainbowpalmpot/rainbowpalmpot.object	/glitchDescription	Happy. What an aborable little tree!
79	humandescription	/objects/biome/colourful/nmm_rainbowpalmpot/rainbowpalmpot.object	/humanDescription	Da coconut nut is a giant nut...
80	hylotldescription	/objects/biome/colourful/nmm_rainbowpalmpot/rainbowpalmpot.object	/hylotlDescription	What a beautiful little palm.
81	nekodescription	/objects/biome/colourful/nmm_rainbowpalmpot/rainbowpalmpot.object	/nekoDescription	What a pretty plant!
82	slimepersondescription	/objects/biome/colourful/nmm_rainbowpalmpot/rainbowpalmpot.object	/slimepersonDescription	Aww, a sweet rainbow palm!
83	aviandescription	/objects/biome/dark/nmm_shadowchair/shadowchair.object	/avianDescription	I almost feel compelled to not sit on this chair.
84	florandescription	/objects/biome/dark/nmm_shadowchair/shadowchair.object	/floranDescription	Pointy black chair. Floran like.
85	glitchdescription	/objects/biome/dark/nmm_shadowchair/shadowchair.object	/glitchDescription	Cautious. For some reason, I feel like I should not sit on this chair.
86	humandescription	/objects/biome/dark/nmm_shadowchair/shadowchair.object	/humanDescription	It's like, from an old temple in an adventure movie. Without all the dust.
87	hylotldescription	/objects/biome/dark/nmm_shadowchair/shadowchair.object	/hylotlDescription	The craftsmanship shown on this chair is impressive, but the chair itself is unsettling...
88	felindescription	/objects/biome/dark/nmm_shadowchestlarge/shadowchestlarge.object	/felinDescription	This chest is a little shady.
89	nekodescription	/objects/biome/dark/nmm_shadowchestlarge/shadowchestlarge.object	/nekoDescription	Ehmm... a creepy, shadowy chest. I gotta know what's inside, though...
90	avalidescription	/objects/biome/flesh/nmm_fleshceilinglight/fleshceilinglight.object	/avaliDescription	Smells awful. Don't know why anyone would want this.
91	aviandescription	/objects/biome/flesh/nmm_fleshceilinglight/fleshceilinglight.object	/avianDescription	Some kind of gross, living light.
92	florandescription	/objects/biome/flesh/nmm_fleshceilinglight/fleshceilinglight.object	/floranDescription	Meat lamp. Floran wonderss if it tastess any good.
93	glitchdescription	/objects/biome/flesh/nmm_fleshceilinglight/fleshceilinglight.object	/glitchDescription	Unsettled. It's a light, alright.
94	humandescription	/objects/biome/flesh/nmm_fleshceilinglight/fleshceilinglight.object	/humanDescription	Teehee, that's gross.
95	hylotldescription	/objects/biome/flesh/nmm_fleshceilinglight/fleshceilinglight.object	/hylotlDescription	I'm appalled to even be in the light it casts.
96	nekodescription	/objects/biome/flesh/nmm_fleshceilinglight/fleshceilinglight.object	/nekoDescription	Eeww, gross, fleshy light. ...Wait a sec-
97	novakiddescription	/objects/biome/flesh/nmm_fleshceilinglight/fleshceilinglight.object	/novakidDescription	Golly, ain't that kinda gross.
98	florandescription	/objects/biome/gnome/nmm_gnomechest/gnomechest.object	/floranDescription	Sometimesss, ssnacks appear in the chest. Floran's sad because it'ss empty.
99	nekidescription	/objects/biome/gnome/nmm_gnomechest/gnomechest.object	/nekiDescription	That's a tiny house... Mrrraybe I can still sit?
100	apexdescription	/objects/biome/gnome/nmm_gnometable/gnometable.object	/apexDescription	Reminds me of home. I wish it didn't.
101	florandescription	/objects/biome/gnome/nmm_gnometable/gnometable.object	/floranDescription	Floran could easily make boring grey building red.
102	humandescription	/objects/biome/gnome/nmm_gnometable/gnometable.object	/humanDescription	What a depressing little building.
103	hylotldescription	/objects/biome/gnome/nmm_gnometable/gnometable.object	/hylotlDescription	As far as miniature buildings go, this one's incredibly boring.
104	novakiddescription	/objects/biome/gnome/nmm_gnometable/gnometable.object	/novakidDescription	I ain't so impressed with this piece o' Gnomish construction.
105	felindescription	/objects/biome/hive/nmm_hiveplanter/hiveplanter.object	/felinDescription	Hmm, I smell something tasty.
106	florandescription	/objects/biome/hive/nmm_hiveplanter/hiveplanter.object	/floranDescription	Free snacksss.
107	avalidescription	/objects/biome/ice/nmm_icebookcase/icebookcase.object	/avaliDescription	An ice bookcase. Not my first pick of material, but I guess it's fine if it stays cold.
108	felindescription	/objects/biome/ice/nmm_icebookcase/icebookcase.object	/felinDescription	Nah. I didn't care for any of these books anyway.
109	florandescription	/objects/biome/ice/nmm_icebookcase/icebookcase.object	/floranDescription	Cold bookcase.
110	glitchdescription	/objects/biome/ice/nmm_icebookcase/icebookcase.object	/glitchDescription	Concerned. The contents of this bookcase are very at risk of water damage.
111	humandescription	/objects/biome/ice/nmm_icebookcase/icebookcase.object	/humanDescription	Any books on snowmen in here?
112	nekodescription	/objects/biome/ice/nmm_icebookcase/icebookcase.object	/nekoDescription	I'm not a big fan of ice, not really...
113	novakiddescription	/objects/biome/ice/nmm_icebookcase/icebookcase.object	/novakidDescription	This here bookcase's drippin' with knowledge... wait, no, it's melting. I better stand back.
114	aviandescription	/objects/biome/nmm_geologicalsample/aquolitesample.object	/avianDescription	"Whoa... Aquolite? It's really rare, I've never actually seen it in person before!"""
115	glitchdescription	/objects/biome/nmm_geologicalsample/matterblocksample.object	/glitchDescription	"Neutral. ""A perfect? ...sample of some mysterious matter."""
116	apexdescription	/objects/biome/nmm_geologicalsample/perfectsample.object	/apexDescription	The sheer perfection of this object is... really uncanny, actually.
117	aviandescription	/objects/biome/nmm_geologicalsample/perfectsample.object	/avianDescription	It's almost too perfect.
118	felindescription	/objects/biome/nmm_geologicalsample/perfectsample.object	/felinDescription	Too perfect. Bleh.
119	florandescription	/objects/biome/nmm_geologicalsample/perfectsample.object	/floranDescription	Floran does not like the perfect cube.
120	glitchdescription	/objects/biome/nmm_geologicalsample/perfectsample.object	/glitchDescription	Philosophical. What does it mean to be perfect?
121	humandescription	/objects/biome/nmm_geologicalsample/perfectsample.object	/humanDescription	Perfect... but at what cost?
122	hylotldescription	/objects/biome/nmm_geologicalsample/perfectsample.object	/hylotlDescription	The cube to end all cubes, the perfection of perfection. Poetic.
123	nekodescription	/objects/biome/nmm_geologicalsample/perfectsample.object	/nekoDescription	It's a cube. What of it?
124	novakiddescription	/objects/biome/nmm_geologicalsample/perfectsample.object	/novakidDescription	I ain't got nothing to say about this cube.
125	glitchdescription	/objects/biome/nmm_geologicalsample/samplesample.object	/glitchDescription	"Confused. ""A perfect sample..."" ...recursive."
126	humandescription	/objects/biome/ocean/nmm_sandman/sandman.object	/humanDescription	Heh, a sand dude. What if I... no, I won't.
127	nekidescription	/objects/biome/ocean/nmm_sandman/sandman.object	/nekiDescription	Imma smack it.
128	nekodescription	/objects/biome/ocean/nmm_sandman/sandman.object	/nekoDescription	Hello, sand person!
129	apexdescription	/objects/biome/prism/nmm_prismlamps/prismlamporange.object	/apexDescription	This lamp gives off a warm, orange glow.
130	humandescription	/objects/biome/prism/nmm_prismlamps/prismlamporange.object	/humanDescription	The warm, orange glow it gives off reminds me of a fire. Or lava. Probably more lava, now I think about it.
131	apexdescription	/objects/biome/prism/nmm_prismlamps/prismlampsolarium.object	/apexDescription	This lamp gives off a warm, yellow glow.
132	humandescription	/objects/biome/prism/nmm_prismlamps/prismlampsolarium.object	/humanDescription	It's totally a star, isn't it?
133	florandescription	/objects/biome/scorchedcity/nmm_stylishbookcase/stylishbookcase.object	/floranDescription	Plain metal bookcase.
134	glitchdescription	/objects/biome/scorchedcity/nmm_stylishbookcase/stylishbookcase.object	/glitchDescription	Happy. This is a pretty nice bookcase.
135	humandescription	/objects/biome/scorchedcity/nmm_stylishbookcase/stylishbookcase.object	/humanDescription	It's a pretty nice bookcase, it's got a few trinkets on it too.
136	aviandescription	/objects/biome/tar/nmm_tarbookcase/tarbookcase.object	/avianDescription	I probably shouldn't try to pick up any of these books...
137	florandescription	/objects/biome/tar/nmm_tarbookcase/tarbookcase.object	/floranDescription	The booksss are sstuck to the shelf. Floran wassn't interested anyway.
138	glitchdescription	/objects/biome/tar/nmm_tarbookcase/tarbookcase.object	/glitchDescription	Disapproving. Why even bother making such a sticky bookcase?
139	hylotldescription	/objects/biome/tar/nmm_tarbookcase/tarbookcase.object	/hylotlDescription	Perhaps it's not meant to be practical. If it is, this is horrid.
140	novakiddescription	/objects/biome/tar/nmm_tarbookcase/tarbookcase.object	/novakidDescription	I ain't even gonna bother with this shelf.
141	felindescription	/objects/biome/tar/nmm_tarchestlarge/tarchestlarge.object	/felinDescription	Tar chest. It sticks a bit.
142	nekodescription	/objects/biome/tar/nmm_tarchestlarge/tarchestlarge.object	/nekoDescription	Sticky chest. ...Reeally sticky chest.
143	apexdescription	/objects/biome/tar/nmm_tarcouch/tarcouch.object	/apexDescription	I'm afraid I'll sink into the couch if I sit on it.
144	avalidescription	/objects/biome/tar/nmm_tarcouch/tarcouch.object	/avaliDescription	It'll be a miracle if I can sit on this couch and stand up again.
145	aviandescription	/objects/biome/tar/nmm_tarcouch/tarcouch.object	/avianDescription	Sitting on that couch will surely lose you a few tail feathers.
146	felindescription	/objects/biome/tar/nmm_tarcouch/tarcouch.object	/felinDescription	This thing is so gonna get covered in fur if I sit on it.
147	florandescription	/objects/biome/tar/nmm_tarcouch/tarcouch.object	/floranDescription	Floran better off sssitting on floor than sssticky couch.
148	humandescription	/objects/biome/tar/nmm_tarcouch/tarcouch.object	/humanDescription	Whoa, I can literally sink into this couch. That doesn't seem safe.
149	nekodescription	/objects/biome/tar/nmm_tarcouch/tarcouch.object	/nekoDescription	Warm... sticky... If I fall asleep on this couch, I might not ever get back up...
150	novakiddescription	/objects/biome/tar/nmm_tarcouch/tarcouch.object	/novakidDescription	Surely ain't nobody gettin' outta that thing if they sit 'n it.
151	avalidescription	/objects/biome/tar/nmm_tarshippingcontainer/tarshippingcontainer.object	/avaliDescription	Sticky container means sticky loot. I might pass.
152	avalidescription	/objects/biome/tar/nmm_tarshopsign/tarboundsign.object	/avaliDescription	I don't think I would ever WANT to visit a store that only sells tar. Why is it a thing?
153	aviandescription	/objects/biome/tar/nmm_tarshopsign/tarboundsign.object	/avianDescription	I think I'd like to keep my distance from a store that sells only tar.
154	felindescription	/objects/biome/tar/nmm_tarshopsign/tarboundsign.object	/felinDescription	Huh, a store that sells tar. The stuff that's all thick and sticky and not in a good way.
155	florandescription	/objects/biome/tar/nmm_tarshopsign/tarboundsign.object	/floranDescription	Sssticky sshop. Floran does not like.
156	glitchdescription	/objects/biome/tar/nmm_tarshopsign/tarboundsign.object	/glitchDescription	Bewildered. Why would anyone want to make a store that exclusively sells tar?
157	humandescription	/objects/biome/tar/nmm_tarshopsign/tarboundsign.object	/humanDescription	Heh, Tarbound... 'cause tar is sticky and you get bound to it... the joke works on many levels, I like it. Tar, not so much.
158	hylotldescription	/objects/biome/tar/nmm_tarshopsign/tarboundsign.object	/hylotlDescription	This store only sells tar. It's gross, but admittedly, it is quite a comfortable material.
159	nekodescription	/objects/biome/tar/nmm_tarshopsign/tarboundsign.object	/nekoDescription	The tar store. Why..? Why not, I guess.
160	florandescription	/objects/biome/tentacle/nmm_ruinbed/ruinbed.object	/floranDescription	Floran might sneak a bite if Floran wants a midnight snack.
161	glitchdescription	/objects/biome/tentacle/nmm_ruinbed/ruinbed.object	/glitchDescription	Reflective. This is no worse to a Glitch than a bed made from steel.
162	humandescription	/objects/biome/tentacle/nmm_ruinbed/ruinbed.object	/humanDescription	It looks reaally, really comfy. But also really gross.
163	apexdescription	/objects/biome/tentacle/nmm_ruinchairs/ruinchair.object	/apexDescription	No thanks, I think I'm able to stand for a while longer.
164	aviandescription	/objects/biome/tentacle/nmm_ruinchairs/ruinchair.object	/avianDescription	Gross... I don't really want to sit here.
165	florandescription	/objects/biome/tentacle/nmm_ruinchairs/ruinchair.object	/floranDescription	Ssseat makes Floran hungry.
166	glitchdescription	/objects/biome/tentacle/nmm_ruinchairs/ruinchair.object	/glitchDescription	Discomforted. Something about sitting on a living chair seems wrong.
167	humandescription	/objects/biome/tentacle/nmm_ruinchairs/ruinchair.object	/humanDescription	Does it... give back rubs?
168	novakiddescription	/objects/biome/tentacle/nmm_ruinchairs/ruinchair.object	/novakidDescription	I ain't so sure 'bout that.
169	apexdescription	/objects/biome/tentacle/nmm_ruinchairs/ruintoilet.object	/apexDescription	Is this a toilet..? If that is the case, I would simply much rather not.
170	aviandescription	/objects/biome/tentacle/nmm_ruinchairs/ruintoilet.object	/avianDescription	Is this a toilet? Does it actually... eat...
171	florandescription	/objects/biome/tentacle/nmm_ruinchairs/ruintoilet.object	/floranDescription	Weird meat seat.
172	glitchdescription	/objects/biome/tentacle/nmm_ruinchairs/ruintoilet.object	/glitchDescription	Disgusted. I'm okay with not knowing this thing's deal.
173	hylotldescription	/objects/biome/tentacle/nmm_ruinchairs/ruintoilet.object	/hylotlDescription	I'm at a loss.
174	novakiddescription	/objects/biome/tentacle/nmm_ruinchairs/ruintoilet.object	/novakidDescription	I don't much need to go right now.
175	apexdescription	/objects/biome/tentacle/nmm_ruindeco/ruinladle.object	/apexDescription	It's a large, gross heap of flesh and jelly.
176	aviandescription	/objects/biome/tentacle/nmm_ruindeco/ruinladle.object	/avianDescription	It's staring at me...
177	florandescription	/objects/biome/tentacle/nmm_ruindeco/ruinladle.object	/floranDescription	Meat thing seemsss to make weird jelly.
178	glitchdescription	/objects/biome/tentacle/nmm_ruindeco/ruinladle.object	/glitchDescription	Curious. I wonder what purpose this... organic structure has? It just seems to produce goo.
179	humandescription	/objects/biome/tentacle/nmm_ruindeco/ruinladle.object	/humanDescription	Looks gross. Smells gross.
180	hylotldescription	/objects/biome/tentacle/nmm_ruindeco/ruinladle.object	/hylotlDescription	An utterly repulsive heap of living flesh.
181	aviandescription	/objects/biome/tentacle/nmm_ruinlights/ruinchandelier.object	/avianDescription	Freaky, gross lights.
182	florandescription	/objects/biome/tentacle/nmm_ruinlights/ruinchandelier.object	/floranDescription	Can Floran eat this..?
183	glitchdescription	/objects/biome/tentacle/nmm_ruinlights/ruinchandelier.object	/glitchDescription	Intrigued. I wonder how this organic fixture is producing light?
184	humandescription	/objects/biome/tentacle/nmm_ruinlights/ruinchandelier.object	/humanDescription	What a strange... and terrifying light.
185	nekidescription	/objects/biome/tentacle/nmm_ruinlights/ruinchandelier.object	/nekiDescription	Stanky meat light. Don't like it.
186	nekodescription	/objects/biome/tentacle/nmm_ruinlights/ruinchandelier.object	/nekoDescription	Smells gross...
187	novakiddescription	/objects/biome/tentacle/nmm_ruinlights/ruinchandelier.object	/novakidDescription	Is this lamp livin'?
188	slimepersondescription	/objects/biome/tentacle/nmm_ruinlights/ruinchandelier.object	/slimepersonDescription	I don't like that jelly.
189	florandescription	/objects/biome/tentacle/nmm_ruintables/ruincounter.object	/floranDescription	Floran might chop counter when chopping meatss. Floran might eat counter also.
190	glitchdescription	/objects/biome/tentacle/nmm_ruintables/ruincounter.object	/glitchDescription	Discomforted. A living counter.
191	humandescription	/objects/biome/tentacle/nmm_ruintables/ruincounter.object	/humanDescription	It's a living counter. Yep.
192	apexdescription	/objects/biome/tentacle/nmm_ruintables/ruintable.object	/apexDescription	An organic table.
193	florandescription	/objects/biome/tentacle/nmm_ruintables/ruintable.object	/floranDescription	Table is made of meatsss.
194	glitchdescription	/objects/biome/tentacle/nmm_ruintables/ruintable.object	/glitchDescription	Discomforted. A living table.
195	humandescription	/objects/biome/tentacle/nmm_ruintables/ruintable.object	/humanDescription	The top of this... living table's made of jelly. It jiggles.
196	avalidescription	/objects/biome/volcanic/nmm_volcanicbookcase/volcanicbookcase.object	/avaliDescription	Ugh. Too hot. None of the books look interesting anyway.
197	felindescription	/objects/biome/volcanic/nmm_volcanicbookcase/volcanicbookcase.object	/felinDescription	Huh. Talk about cookbooks, they're damn well cooking.
198	florandescription	/objects/biome/volcanic/nmm_volcanicbookcase/volcanicbookcase.object	/floranDescription	Floran almost mistook bookcasse for a heater. 
199	glitchdescription	/objects/biome/volcanic/nmm_volcanicbookcase/volcanicbookcase.object	/glitchDescription	Worried. The heat of this bookcase surely couldn't be good for the books.
200	humandescription	/objects/biome/volcanic/nmm_volcanicbookcase/volcanicbookcase.object	/humanDescription	I do like reading books by the fire... but uh, I'm not so big on books on fire.
201	hylotldescription	/objects/biome/volcanic/nmm_volcanicbookcase/volcanicbookcase.object	/hylotlDescription	Whoever thought a heated bookshelf was a good idea likely couldn't read to save their life.
202	nekodescription	/objects/biome/volcanic/nmm_volcanicbookcase/volcanicbookcase.object	/nekoDescription	"Let's see... This book's titled ""Fahrenheit 451"". No idea what it's about, but sure."
203	novakiddescription	/objects/biome/volcanic/nmm_volcanicbookcase/volcanicbookcase.object	/novakidDescription	This actually meant to be a heated bookshelf? 'Cause it's probably better off as an oven.
204	avalidescription	/objects/crafting/nmm_bepisvendingmachine/bepisvendingmachine.object	/avaliDescription	These look... terrible. Seeing as I never liked much from other vending machines... I'd hate to even think about drinking these.
205	aviandescription	/objects/crafting/nmm_bepisvendingmachine/bepisvendingmachine.object	/avianDescription	Many of these drinks look and sound terrible.
206	felindescription	/objects/crafting/nmm_bepisvendingmachine/bepisvendingmachine.object	/felinDescription	Ooooh, Bepis drinks! I quite like some of those.
207	glitchdescription	/objects/crafting/nmm_bepisvendingmachine/bepisvendingmachine.object	/glitchDescription	Cautious. A lot of these drinks sound questionable at best.
208	humandescription	/objects/crafting/nmm_bepisvendingmachine/bepisvendingmachine.object	/humanDescription	I hope these drinks are better than they sound.
209	nekodescription	/objects/crafting/nmm_bepisvendingmachine/bepisvendingmachine.object	/nekoDescription	This machine has a lot of strange drinks, but some of them do taste kinda nice.
210	felindescription	/objects/crafting/nmm_hylotlvendingsmall/hylotlvendingsmall.object	/felinDescription	Anyone want a soda?
211	nekodescription	/objects/crafting/nmm_hylotlvendingsmall/hylotlvendingsmall.object	/nekoDescription	Myaaah. I could go for a drink.
212	slimepersondescription	/objects/crafting/nmm_hylotlvendingsmall/hylotlvendingsmall.object	/slimepersonDescription	Hmm, sugar. Sounds good to me!
213	avalidescription	/objects/crafting/nmm_multiversegoods/multiversegoods.object	/avaliDescription	This shark person's selling stuff that I'm very sure didn't originate from this universe.
214	aviandescription	/objects/crafting/nmm_multiversegoods/multiversegoods.object	/avianDescription	This store has a lot of interesting looking things I've never seen before!
215	felindescription	/objects/crafting/nmm_multiversegoods/multiversegoods.object	/felinDescription	Oh, she's selling a lot of stuff not from this universe.
216	florandescription	/objects/crafting/nmm_multiversegoods/multiversegoods.object	/floranDescription	Floran can buy sstrange objects from sstrange shark lady.
217	glitchdescription	/objects/crafting/nmm_multiversegoods/multiversegoods.object	/glitchDescription	Amazed. This store appears to be selling objects originating outiside of our universe.
218	humandescription	/objects/crafting/nmm_multiversegoods/multiversegoods.object	/humanDescription	Wow, I haven't seen a lot of this stuff before!
219	hylotldescription	/objects/crafting/nmm_multiversegoods/multiversegoods.object	/hylotlDescription	This store is selling a lot of strange stuff... Whoa, what's that?
220	nekodescription	/objects/crafting/nmm_multiversegoods/multiversegoods.object	/nekoDescription	Heyyy pretty shark lady, you look like you sell some interesting stuff~
221	avalidescription	/objects/crafting/nmm_mvgvendingmachine/mvgvendingmachine.object	/avaliDescription	"I rarely like the ""normal"" drinks that come out of these things, so I'm almost certain I'll hate these."
222	aviandescription	/objects/crafting/nmm_mvgvendingmachine/mvgvendingmachine.object	/avianDescription	Hmm, that one looks interesting... ooh, and I want to try that one...
223	felindescription	/objects/crafting/nmm_mvgvendingmachine/mvgvendingmachine.object	/felinDescription	Strange drinks? Hey, I'll try anything at least once.
224	glitchdescription	/objects/crafting/nmm_mvgvendingmachine/mvgvendingmachine.object	/glitchDescription	Intrigued. I haven't seen a lot of these drinks before.
225	humandescription	/objects/crafting/nmm_mvgvendingmachine/mvgvendingmachine.object	/humanDescription	Huh? I thought a bunch of these went out of production ages ago...
226	nekodescription	/objects/crafting/nmm_mvgvendingmachine/mvgvendingmachine.object	/nekoDescription	I'm f¤cking sl¤t for the Coke Heartthrob~
227	slimepersondescription	/objects/crafting/nmm_mvgvendingmachine/mvgvendingmachine.object	/slimepersonDescription	What's the bet that, like, most of these would make me feel funny?
228	humandescription	/objects/crafting/nmm_thecraftingthing/anvilonrope.object	/humanDescription	This is just asking to be dropped on someone's head.
229	apexdescription	/objects/farmables/nmm_moonmelon/moonmelonseed.object	/apexDescription	Sweet and juicy moonmelon. The square shape seems like it would make for easy storage.
230	felindescription	/objects/farmables/nmm_moonmelon/moonmelonseed.object	/felinDescription	Moonmelon... or so I'm told. Why is it so square?
231	florandescription	/objects/farmables/nmm_moonmelon/moonmelonseed.object	/floranDescription	Floran sssmash moonmelon to make sssquelch sounds. Also to eat.
232	glitchdescription	/objects/farmables/nmm_moonmelon/moonmelonseed.object	/glitchDescription	Conflicted. The purple skin is always a bit off-putting, but it's still wonderfully delicious.
233	nekodescription	/objects/farmables/nmm_moonmelon/moonmelonseed.object	/nekoDescription	I love moonmelon! The taste, the smell, the look... mmm, moonmelon.
234	novakiddescription	/objects/farmables/nmm_moonmelon/moonmelonseed.object	/novakidDescription	The heck's up with the square shape anyway? That normal?
235	apexdescription	/objects/farmables/nmm_polyradish/polyradishseed.object	/apexDescription	Radishes, a spicy root vegetable, though they're, uh, not usually angular.
236	florandescription	/objects/farmables/nmm_polyradish/polyradishseed.object	/floranDescription	Boxy radish. Floran concerned, but Floran likesss.
237	glitchdescription	/objects/farmables/nmm_polyradish/polyradishseed.object	/glitchDescription	Curious. I wonder why the polyradish grows so geometrically?
238	humandescription	/objects/farmables/nmm_polyradish/polyradishseed.object	/humanDescription	This radish is just rendering in low-poly mode.
239	hylotldescription	/objects/farmables/nmm_polyradish/polyradishseed.object	/hylotlDescription	The radish is a delicious root vegetable. This one is growing... remarkably angularly.
240	apexdescription	/objects/farmables/nmm_xynvrberry/xynvrberryseed.object	/apexDescription	Something about it thriving in the dark
241	apexdescription	/objects/nmm_generic/arcade/cranegame1.object	/apexDescription	These games are often rigged. I'll spend my pixels elsewhere.
242	aviandescription	/objects/nmm_generic/arcade/cranegame1.object	/avianDescription	Aww, I kinda want one of those...
243	florandescription	/objects/nmm_generic/arcade/cranegame1.object	/floranDescription	Plushy toys trapped behind glasss. Don't worry, squishiess, Floran will ssave you!
244	humandescription	/objects/nmm_generic/arcade/cranegame1.object	/humanDescription	I really want that cute plushie at the back...
245	hylotldescription	/objects/nmm_generic/arcade/cranegame1.object	/hylotlDescription	These machines are notorious for being money traps... but oh, do I want that one there!
246	nekidescription	/objects/nmm_generic/arcade/cranegame1.object	/nekiDescription	Stupid dumb squishy machine...
247	apexdescription	/objects/nmm_generic/atrociouslyincomparableobject/atrociouslyincomparableobject.object	/apexDescription	I, uh... I'm at a loss for words.
248	aviandescription	/objects/nmm_generic/atrociouslyincomparableobject/atrociouslyincomparableobject.object	/avianDescription	I'm a little intimidated by this golden behemoth.
249	felindescription	/objects/nmm_generic/atrociouslyincomparableobject/atrociouslyincomparableobject.object	/felinDescription	What the f°ck even is this?
250	florandescription	/objects/nmm_generic/atrociouslyincomparableobject/atrociouslyincomparableobject.object	/floranDescription	Big... gold... thing. Floran not sure what it isss.
251	glitchdescription	/objects/nmm_generic/atrociouslyincomparableobject/atrociouslyincomparableobject.object	/glitchDescription	Uncomfortable. Judging by some markings, it may be a computer of some kind.
252	humandescription	/objects/nmm_generic/atrociouslyincomparableobject/atrociouslyincomparableobject.object	/humanDescription	It looks... mutated.
253	apexdescription	/objects/nmm_generic/bigpencil/bigpencil.object	/apexDescription	This is, in every sense of the word, impractical.
254	avalidescription	/objects/nmm_generic/bigpencil/bigpencil.object	/avaliDescription	Impractical AND obsolete. I'm almost impressed.
255	aviandescription	/objects/nmm_generic/bigpencil/bigpencil.object	/avianDescription	I can't use this!.. Not that Avians use pencils much, anyway...
256	felindescription	/objects/nmm_generic/bigpencil/bigpencil.object	/felinDescription	W-wow, you're big...
257	florandescription	/objects/nmm_generic/bigpencil/bigpencil.object	/floranDescription	Floran pick up large pencil. Ssstab enemy with pointy end.
258	glitchdescription	/objects/nmm_generic/bigpencil/bigpencil.object	/glitchDescription	Confused. This pencil is far too large to be practical.
259	hylotldescription	/objects/nmm_generic/bigpencil/bigpencil.object	/hylotlDescription	What the..? How is anyone supposed to use this?
260	nekidescription	/objects/nmm_generic/bigpencil/bigpencil.object	/nekiDescription	Big enough for sits? Kinda uncomfortable though...
261	nekodescription	/objects/nmm_generic/bigpencil/bigpencil.object	/nekoDescription	What is that? Like, a million B? I don't know how pencil measurements work.
262	novakiddescription	/objects/nmm_generic/bigpencil/bigpencil.object	/novakidDescription	Who's pencil's this? This made for giants or somethin'?
263	slimepersondescription	/objects/nmm_generic/bigpencil/bigpencil.object	/slimepersonDescription	That is one huge pencil.
264	avalidescription	/objects/nmm_generic/bucket/yellowbucket.object	/avaliDescription	An inefficient way of carrying material from one place to another.
265	felindescription	/objects/nmm_generic/bucket/yellowbucket.object	/felinDescription	When ya gotta go, ya gotta go.
266	glitchdescription	/objects/nmm_generic/bucket/yellowbucket.object	/glitchDescription	Uninterested. A cheap plastic bucket.
267	avalidescription	/objects/nmm_generic/cardboard4/cardboard4.object	/avaliDescription	Seems someone got to this box before me. Shame...
268	felindescription	/objects/nmm_generic/cardboard4/cardboard4.object	/felinDescription	I must sit in that box~
269	nekodescription	/objects/nmm_generic/cardboard4/cardboard4.object	/nekoDescription	I freakin' love cardboard boxes!
270	apexdescription	/objects/nmm_generic/cardboard4/cardboard4sit.object	/apexDescription	"Everyone always falls for the old ""ape-in-the-box"" trick. Perhaps..."
271	florandescription	/objects/nmm_generic/cardboard4/cardboard4sit.object	/floranDescription	Floran hide in box, then jump out at prey.
272	glitchdescription	/objects/nmm_generic/cardboard4/cardboard4sit.object	/glitchDescription	Impressed. This cardboard box is light, but large enough to hold many things inside, me included.
273	hylotldescription	/objects/nmm_generic/cardboard4/cardboard4sit.object	/hylotlDescription	I wouldn't be too proud to be caught sitting in a cardboard box.
274	nekodescription	/objects/nmm_generic/cardboard4/cardboard4sit.object	/nekoDescription	I gotta sit in this!
275	novakiddescription	/objects/nmm_generic/cardboard4/cardboard4sit.object	/novakidDescription	I could make a lil' fort outta this.
276	apexdescription	/objects/nmm_generic/chocmilkdispenser/chocmilkdispenser.object	/apexDescription	Personally, I'd prefer if this machine dispensed banana-flavored milk, but I'll take what I can get.
277	aviandescription	/objects/nmm_generic/chocmilkdispenser/chocmilkdispenser.object	/avianDescription	Thank goodness I'm not lactose intolerant!
278	florandescription	/objects/nmm_generic/chocmilkdispenser/chocmilkdispenser.object	/floranDescription	Floran really not much into milk.
279	glitchdescription	/objects/nmm_generic/chocmilkdispenser/chocmilkdispenser.object	/glitchDescription	Dejected. Milk does not travel well through my system.
280	humandescription	/objects/nmm_generic/chocmilkdispenser/chocmilkdispenser.object	/humanDescription	You're telling me there's a machine that dispenses as much choccy milk as I want?! Yes please!
281	slimepersondescription	/objects/nmm_generic/chocmilkdispenser/chocmilkdispenser.object	/slimepersonDescription	This machine is made to dispense chocolate flavored milk.
282	apexdescription	/objects/nmm_generic/clothfoldingchair/clothfoldingchair.object	/apexDescription	Many chairs like this can be found at rebel camps.
283	avalidescription	/objects/nmm_generic/clothfoldingchair/clothfoldingchair.object	/avaliDescription	Eh. Portable Avali chairs are much more efficient.
284	aviandescription	/objects/nmm_generic/clothfoldingchair/clothfoldingchair.object	/avianDescription	It's a somewhat comfortable folding chair.
285	felindescription	/objects/nmm_generic/clothfoldingchair/clothfoldingchair.object	/felinDescription	It's like a cross between a chair and a hammock, but only half as comfortable.
286	florandescription	/objects/nmm_generic/clothfoldingchair/clothfoldingchair.object	/floranDescription	Floran likess the portability of thiss chair.
287	glitchdescription	/objects/nmm_generic/clothfoldingchair/clothfoldingchair.object	/glitchDescription	Content. A simple folding chair.
288	humandescription	/objects/nmm_generic/clothfoldingchair/clothfoldingchair.object	/humanDescription	This chair reminds me of camping. I like going camping.
289	apexdescription	/objects/nmm_generic/computer/darkpc.object	/apexDescription	It's a computer. Thankfully not running Miniknog software.
290	felindescription	/objects/nmm_generic/computer/darkpc.object	/felinDescription	Does this thing have any games on it?
291	humandescription	/objects/nmm_generic/computer/darkpc.object	/humanDescription	Are there any games on this thing? Or is it all just boring old documents?
292	avalidescription	/objects/nmm_generic/cowgirlmilkcup/cowgirlmilkcup.object	/avaliDescription	This milk is so much sweeter than what I'm used to.
293	felindescription	/objects/nmm_generic/cowgirlmilkcup/cowgirlmilkcup.object	/felinDescription	Oh, milk~ I love milk!
294	florandescription	/objects/nmm_generic/cowgirlmilkcup/cowgirlmilkcup.object	/floranDescription	Floran enjoys drinking milk.
295	glitchdescription	/objects/nmm_generic/cowgirlmilkcup/cowgirlmilkcup.object	/glitchDescription	Observant. The milk in this cup isn't from a Mooshi.
296	humandescription	/objects/nmm_generic/cowgirlmilkcup/cowgirlmilkcup.object	/humanDescription	I love me some milk!
297	novakiddescription	/objects/nmm_generic/cowgirlmilkcup/cowgirlmilkcup.object	/novakidDescription	It's a cup o' milk.
298	apexdescription	/objects/nmm_generic/junk/junkcan.object	/apexDescription	It's an old tin can.
299	avalidescription	/objects/nmm_generic/junk/junkcan.object	/avaliDescription	An old tin can.
300	felindescription	/objects/nmm_generic/junk/junkcan.object	/felinDescription	I wonder how far I CAN kick this... eh...
301	glitchdescription	/objects/nmm_generic/junk/junkcan.object	/glitchDescription	Cautious. A rusty tin can.
302	humandescription	/objects/nmm_generic/junk/junkcan.object	/humanDescription	It's an old can. I don't really wanna know what's inside.
303	nekidescription	/objects/nmm_generic/junk/junkcan.object	/nekiDescription	It doesn't smell like there's food inside...
304	nekodescription	/objects/nmm_generic/junk/junkcan.object	/nekoDescription	Old tin can.
305	novakiddescription	/objects/nmm_generic/junk/junkcan.object	/novakidDescription	Piece o' scrap.
306	slimepersondescription	/objects/nmm_generic/junk/junkcan.object	/slimepersonDescription	An old can.
307	humandescription	/objects/nmm_generic/metallobbytable/metallobbytable.object	/humanDescription	Yep. That's a table if ever I've seen one.
308	nekodescription	/objects/nmm_generic/metallobbytable/metallobbytable.object	/nekoDescription	It's pretty sturdy for a table with just one leg~
309	humandescription	/objects/nmm_generic/rooftopantenna/rooftopantennaE.object	/humanDescription	Is it supposed to look like that?
310	nekidescription	/objects/nmm_generic/rooftopantenna/rooftopantennaF.object	/nekiDescription	Annoying pole.
311	slimepersondescription	/objects/nmm_generic/rooftopantenna/rooftopantennaF.object	/slimepersonDescription	This pole vibrates weirdly. It makes me feel weird.
312	apexdescription	/objects/nmm_generic/rooftopbillboards/billboardbeautifulattempt.object	/apexDescription	Oh, this certainly looks like it will be... colorful.
313	florandescription	/objects/nmm_generic/rooftopbillboards/billboardbeautifulattempt.object	/floranDescription	Sssilly-looking lovey-dovey fisshman movie.
314	glitchdescription	/objects/nmm_generic/rooftopbillboards/billboardbeautifulattempt.object	/glitchDescription	Intrigued. Usually I'm not much into romance movies... but I'd like to see how the director handles the time travel aspect.
315	humandescription	/objects/nmm_generic/rooftopbillboards/billboardbeautifulattempt.object	/humanDescription	Yet another Hylotl romance movie. ...Eh, sure, why not?
316	hylotldescription	/objects/nmm_generic/rooftopbillboards/billboardbeautifulattempt.object	/hylotlDescription	Oh no, how could you possibly make a sequel to that? /n...I admit, I'm interested.
317	novakiddescription	/objects/nmm_generic/rooftopbillboards/billboardbeautifulattempt.object	/novakidDescription	This one o' them anime things?
318	humandescription	/objects/nmm_generic/rooftopbillboards/billboardlagland.object	/humanDescription	Life really feels like that sometimes.
319	felindescription	/objects/nmm_generic/shelf/walldisplayshelf.object	/felinDescription	It's a shelf.
320	nekodescription	/objects/nmm_generic/shelf/walldisplayshelf.object	/nekoDescription	Hm, a shelf.
321	apexdescription	/objects/nmm_generic/streetlamp/streetlamp.object	/apexDescription	It's a street lamp.
322	avalidescription	/objects/nmm_generic/streetlamp/streetlamp.object	/avaliDescription	Not a terribly exciting light.
323	felindescription	/objects/nmm_generic/streetlamp/streetlamp.object	/felinDescription	Very... utilitarian.
324	humandescription	/objects/nmm_generic/streetlamp/streetlamp.object	/humanDescription	Yep, that's a street lamp if ever I've seen one.
325	nekidescription	/objects/nmm_generic/streetlamp/streetlamp.object	/nekiDescription	Metal light pole. The light isn't even warm or anything.
326	nekodescription	/objects/nmm_generic/streetlamp/streetlamp.object	/nekoDescription	It's a lamp post.
327	slimepersondescription	/objects/nmm_generic/streetlamp/streetlamp.object	/slimepersonDescription	It's a street light. Function over form, it seems.
328	apexdescription	/objects/nmm_generic/tapes/monopus.object	/apexDescription	Oh, right.
329	avalidescription	/objects/nmm_generic/tapes/monopus.object	/avaliDescription	Tapes are so incredibly antiquated.
330	aviandescription	/objects/nmm_generic/tapes/monopus.object	/avianDescription	I don't think I need to know.
331	defaultdescription	/objects/nmm_generic/tapes/monopus.object	/defaultDescription	I can't watch these, I'll need a VCR. And I haven't seen one in forever.
332	felindescription	/objects/nmm_generic/tapes/monopus.object	/felinDescription	These look like a good watch. Though... have I seen that Hylotl before?
333	florandescription	/objects/nmm_generic/tapes/monopus.object	/floranDescription	Plasstic fishman bricks.
334	humandescription	/objects/nmm_generic/tapes/monopus.object	/humanDescription	I don't wanna know.
335	hylotldescription	/objects/nmm_generic/tapes/monopus.object	/hylotlDescription	Oh my. I've only ever heard of these, I didn't think they were real.
336	nekidescription	/objects/nmm_generic/tapes/monopus.object	/nekiDescription	Weird purrastic blocks..?
337	nekodescription	/objects/nmm_generic/tapes/monopus.object	/nekoDescription	Ooh, these are a good watch.
338	novakiddescription	/objects/nmm_generic/tapes/monopus.object	/novakidDescription	I... ain't sure I have the need for these.
339	apexdescription	/objects/nmm_generic/vehicles/proptruck.object	/apexDescription	This truck appears to still run on petroleum.
340	aviandescription	/objects/nmm_generic/vehicles/proptruck.object	/avianDescription	An old human truck.
341	florandescription	/objects/nmm_generic/vehicles/proptruck.object	/floranDescription	Truck door is locked.
342	glitchdescription	/objects/nmm_generic/vehicles/proptruck.object	/glitchDescription	Intrigued. I wonder if there's anything interesting in that truck?
343	humandescription	/objects/nmm_generic/vehicles/proptruck.object	/humanDescription	What's inside the truck?
344	hylotldescription	/objects/nmm_generic/vehicles/proptruck.object	/hylotlDescription	An uninspiring truck.
345	humandescription	/objects/nmm_generic/wallswitch/switch.object	/humanDescription	How many times can I flip this switch on and off, I wonder?
346	apexdescription	/objects/nmm_generic/wetfloorsign/wetfloorsign.object	/apexDescription	The floor may be wet around here.
347	avalidescription	/objects/nmm_generic/wetfloorsign/wetfloorsign.object	/avaliDescription	Yep. The floor is indeed wet here.
348	felindescription	/objects/nmm_generic/wetfloorsign/wetfloorsign.object	/felinDescription	Thanks, sign. I'm really not in the mood for wet feet.
349	florandescription	/objects/nmm_generic/wetfloorsign/wetfloorsign.object	/floranDescription	Ssome yellow sign. Floran isn't afraid of any puddle!
350	glitchdescription	/objects/nmm_generic/wetfloorsign/wetfloorsign.object	/glitchDescription	Observant. Whatever wet patch used to be here has long since dried up.
351	humandescription	/objects/nmm_generic/wetfloorsign/wetfloorsign.object	/humanDescription	"Heh, it looks like it says ""wet floop""."
352	nekodescription	/objects/nmm_generic/wetfloorsign/wetfloorsign.object	/nekoDescription	Wet floor? Wasn't me!
353	novakiddescription	/objects/nmm_generic/wetfloorsign/wetfloorsign.object	/novakidDescription	Who did what on the floor now?!
354	apexdescription	/objects/nmm_mvg/arcade/arcadepolybius/arcadepolybius.object	/apexDescription	I've heard rumors of the Miniknog trialling similar arcade machines in some mind control project.
355	aviandescription	/objects/nmm_mvg/arcade/arcadepolybius/arcadepolybius.object	/avianDescription	This game's meant to make you feel weird? I don't feel anything.
356	felindescription	/objects/nmm_mvg/arcade/arcadepolybius/arcadepolybius.object	/felinDescription	That's quite the flashy game we have here.
357	florandescription	/objects/nmm_mvg/arcade/arcadepolybius/arcadepolybius.object	/floranDescription	Floran is confused by flashy game.
358	glitchdescription	/objects/nmm_mvg/arcade/arcadepolybius/arcadepolybius.object	/glitchDescription	Conflicted. The visuals are very disorienting, but it's still oddly addictive...
359	humandescription	/objects/nmm_mvg/arcade/arcadepolybius/arcadepolybius.object	/humanDescription	I heard this game was meant to make you sick or something. I dunno about it. It seems pretty fun though!
360	hylotldescription	/objects/nmm_mvg/arcade/arcadepolybius/arcadepolybius.object	/hylotlDescription	The fast action and trippy visuals does put quite a strain on the eyes... but...
361	nekodescription	/objects/nmm_mvg/arcade/arcadepolybius/arcadepolybius.object	/nekoDescription	I'm entranced...
362	novakiddescription	/objects/nmm_mvg/arcade/arcadepolybius/arcadepolybius.object	/novakidDescription	Polybius, huh? That name sounds familiar somehow.
363	apexdescription	/objects/nmm_mvg/backrooms/backroomsmerchant/backroomsmerchant.object	/apexDescription	This android merchant is selling otherwise ordinary objects, and strange food.
364	avalidescription	/objects/nmm_mvg/backrooms/backroomsmerchant/backroomsmerchant.object	/avaliDescription	I like the color scheme going on here, but the wares for sale not so much.
365	aviandescription	/objects/nmm_mvg/backrooms/backroomsmerchant/backroomsmerchant.object	/avianDescription	This merchant's stall smells funny.
366	felindescription	/objects/nmm_mvg/backrooms/backroomsmerchant/backroomsmerchant.object	/felinDescription	Everything this bot lady's selling smells damp. Gross.
367	florandescription	/objects/nmm_mvg/backrooms/backroomsmerchant/backroomsmerchant.object	/floranDescription	Robot lady is sselling fake objectsss. Fake food. Floran can tell.
368	glitchdescription	/objects/nmm_mvg/backrooms/backroomsmerchant/backroomsmerchant.object	/glitchDescription	Intrigued. I've never seen a robot in that model before. I wonder who created them?
369	humandescription	/objects/nmm_mvg/backrooms/backroomsmerchant/backroomsmerchant.object	/humanDescription	If this is what I think it is, I should probably stay away from any of the food.
370	hylotldescription	/objects/nmm_mvg/backrooms/backroomsmerchant/backroomsmerchant.object	/hylotlDescription	The furnishings they sell are incredibly dated, but I'm not adverse to trying the food.
371	nekidescription	/objects/nmm_mvg/backrooms/backroomsmerchant/backroomsmerchant.object	/nekiDescription	Weird smells, kinda familiar..?
372	nekodescription	/objects/nmm_mvg/backrooms/backroomsmerchant/backroomsmerchant.object	/nekoDescription	This stall smells familiar and I don't like it one bit.
373	novakiddescription	/objects/nmm_mvg/backrooms/backroomsmerchant/backroomsmerchant.object	/novakidDescription	I ain't so sure o' what this bot's sellin'.
374	slimepersondescription	/objects/nmm_mvg/backrooms/backroomsmerchant/backroomsmerchant.object	/slimepersonDescription	This android's selling some weird stuff.
375	apexdescription	/objects/nmm_mvg/backrooms/kane_plant/kv31plant.object	/apexDescription	It's a potted tree.
376	aviandescription	/objects/nmm_mvg/backrooms/kane_plant/kv31plant.object	/avianDescription	The tree smells damp. Is this even real?
377	florandescription	/objects/nmm_mvg/backrooms/kane_plant/kv31plant.object	/floranDescription	Plant doessn't feel right to Floran.
378	glitchdescription	/objects/nmm_mvg/backrooms/kane_plant/kv31plant.object	/glitchDescription	Disconcerted. Despite appearing real, I'm getting no life readings from this plant.
379	hylotldescription	/objects/nmm_mvg/backrooms/kane_plant/kv31plant.object	/hylotlDescription	This plant almost feels artificial.
380	novakiddescription	/objects/nmm_mvg/backrooms/kane_plant/kv31plant.object	/novakidDescription	Some ol' potted plant.
381	glitchdescription	/objects/nmm_mvg/backrooms/kane_surveydrone/kv31surveydrone.object	/glitchDescription	Cheerful. How are you doing, little guy?
382	apexdescription	/objects/nmm_mvg/backrooms/kane_wheelbarrows/wheelbarrow1.object	/apexDescription	This wooden wheelbarrow appears to be aged artificially.
383	florandescription	/objects/nmm_mvg/backrooms/kane_wheelbarrows/wheelbarrow1.object	/floranDescription	Boring dirt mover.
384	glitchdescription	/objects/nmm_mvg/backrooms/kane_wheelbarrows/wheelbarrow1.object	/glitchDescription	Comforted. Wheelbarrows like this are a common sight around Glitch farms.
385	humandescription	/objects/nmm_mvg/backrooms/kane_wheelbarrows/wheelbarrow1.object	/humanDescription	An old wooden wheelbarrow. It's too damp to be set alight.
386	nekodescription	/objects/nmm_mvg/backrooms/kane_wheelbarrows/wheelbarrow1.object	/nekoDescription	Wheelabarrow! That's fun to say.
387	apexdescription	/objects/nmm_mvg/backrooms/kane_wheelbarrows/wheelbarrow2.object	/apexDescription	An... abnormally proportioned... wheelbarrow?
388	felindescription	/objects/nmm_mvg/backrooms/kane_wheelbarrows/wheelbarrow2.object	/felinDescription	Looks to me like a hiding spot.
389	florandescription	/objects/nmm_mvg/backrooms/kane_wheelbarrows/wheelbarrow2.object	/floranDescription	Weird wood thing.
390	glitchdescription	/objects/nmm_mvg/backrooms/kane_wheelbarrows/wheelbarrow2.object	/glitchDescription	Confused. It appears to be an... elongated wheelbarrow?
391	humandescription	/objects/nmm_mvg/backrooms/kane_wheelbarrows/wheelbarrow2.object	/humanDescription	Is this some kind of weird arts sculpture or something?
392	hylotldescription	/objects/nmm_mvg/backrooms/kane_wheelbarrows/wheelbarrow2.object	/hylotlDescription	I've got no idea what the point of this is. It's probably a human thing.
393	nekodescription	/objects/nmm_mvg/backrooms/kane_wheelbarrows/wheelbarrow2.object	/nekoDescription	What even is that?
394	novakiddescription	/objects/nmm_mvg/backrooms/kane_wheelbarrows/wheelbarrow2.object	/novakidDescription	Now that ain't gonna work anyhow.
395	florandescription	/objects/nmm_mvg/goatsim/fossilfuelbarrel.object	/floranDescription	Sssmells like fumess.
396	glitchdescription	/objects/nmm_mvg/goatsim/fossilfuelbarrel.object	/glitchDescription	Cautious. It appears to be a container for transporting petroleum.
397	humandescription	/objects/nmm_mvg/goatsim/fossilfuelbarrel.object	/humanDescription	Fossil Fuel... Ha, that's a pretty funny brand name for a fuel company.
398	apexdescription	/objects/nmm_mvg/goatsim/plushpilgor.object	/apexDescription	That looks like the goat that stole my banana.
399	avalidescription	/objects/nmm_mvg/goatsim/plushpilgor.object	/avaliDescription	What is that?
400	aviandescription	/objects/nmm_mvg/goatsim/plushpilgor.object	/avianDescription	Oh no, not a goat. Why is it always goats?
401	florandescription	/objects/nmm_mvg/goatsim/plushpilgor.object	/floranDescription	That goat looksss tassty.
402	glitchdescription	/objects/nmm_mvg/goatsim/plushpilgor.object	/glitchDescription	Shocked. Who brought a goat?
403	humandescription	/objects/nmm_mvg/goatsim/plushpilgor.object	/humanDescription	It looks like the goat from that game!
404	nekodescription	/objects/nmm_mvg/goatsim/plushpilgor.object	/nekoDescription	Aww, it's like, the cutest goat I've ever seen!
405	novakiddescription	/objects/nmm_mvg/goatsim/plushpilgor.object	/novakidDescription	Aww, she cute.
406	avalidescription	/objects/nmm_mvg/goatsim/plushsteve.object	/avaliDescription	Hey. Steve?
407	florandescription	/objects/nmm_mvg/goatsim/plushsteve.object	/floranDescription	Hey, Sssteve.
408	felindescription	/objects/nmm_mvg/goatsim/pointyfoodscrate.object	/felinDescription	Heehee, pointy foods.
409	apexdescription	/objects/nmm_mvg/goatsim/posterrava.object	/apexDescription	Club dancing isn't really my thing. I'll pass.
410	aviandescription	/objects/nmm_mvg/goatsim/posterrava.object	/avianDescription	Sounds like fun, I'm down to dance! ...Where is this again?
411	florandescription	/objects/nmm_mvg/goatsim/posterrava.object	/floranDescription	Floran sure knows how to bussst a move, but not sure where this is...
412	glitchdescription	/objects/nmm_mvg/goatsim/posterrava.object	/glitchDescription	Apprehensive. My dancing skills are a bit, ahem, rusty...
413	humandescription	/objects/nmm_mvg/goatsim/posterrava.object	/humanDescription	Ooh, a big dance party! Sounds awesome, but I have literally no idea where this is held.
414	hylotldescription	/objects/nmm_mvg/goatsim/posterrava.object	/hylotlDescription	I'd much prefer to attend a poetry club.
415	novakiddescription	/objects/nmm_mvg/goatsim/posterrava.object	/novakidDescription	I ain't much for city crowds, but I'm always down for a hoedown! ...Where's this thing anyway?
416	glitchdescription	/objects/nmm_mvg/goatsim/storkstoragebox.object	/glitchDescription	Curious. Looks like a moving box. I wonder who's moving?
417	aviandescription	/objects/nmm_mvg/goatsim/storkstoragebox3x.object	/avianDescription	Basic cardboard boxes.
418	florandescription	/objects/nmm_mvg/goatsim/storkstoragebox3x.object	/floranDescription	Cardboard boxes hold thingss.
419	glitchdescription	/objects/nmm_mvg/goatsim/storkstoragebox3x.object	/glitchDescription	Curious. Looks like moving boxes. I wonder who's moving?
420	humandescription	/objects/nmm_mvg/goatsim/storkstoragebox3x.object	/humanDescription	Cardboard storage boxes. Probably full of trinkets.
421	novakiddescription	/objects/nmm_mvg/goatsim/storkstoragebox3x.object	/novakidDescription	Simple boxes made outta cardboard.
422	apexdescription	/objects/nmm_mvg/goatsim/unidentifiedobject.object	/apexDescription	Is this thing a product of Miniknog research? If not, it certainly looks like it was.
423	avalidescription	/objects/nmm_mvg/goatsim/unidentifiedobject.object	/avaliDescription	I don't think I want to know.
424	aviandescription	/objects/nmm_mvg/goatsim/unidentifiedobject.object	/avianDescription	It looks like an egg, but I'm quite sure that it's not.
425	felindescription	/objects/nmm_mvg/goatsim/unidentifiedobject.object	/felinDescription	I don't think that would be good lubricant.
426	florandescription	/objects/nmm_mvg/goatsim/unidentifiedobject.object	/floranDescription	Looksss like a weird sssnack. Floran maybe leave it alone.
427	glitchdescription	/objects/nmm_mvg/goatsim/unidentifiedobject.object	/glitchDescription	Disturbed. I have no knowledge of such lifeform within my database.
428	humandescription	/objects/nmm_mvg/goatsim/unidentifiedobject.object	/humanDescription	Eww, gross.
429	hylotldescription	/objects/nmm_mvg/goatsim/unidentifiedobject.object	/hylotlDescription	Certainly a curious specimen, it doesn't look like anything I know of.
430	nekidescription	/objects/nmm_mvg/goatsim/unidentifiedobject.object	/nekiDescription	Smells like chaos to me. I want in.
431	nekodescription	/objects/nmm_mvg/goatsim/unidentifiedobject.object	/nekoDescription	Hmm, could be a silly trinket for my desk.
432	novakiddescription	/objects/nmm_mvg/goatsim/unidentifiedobject.object	/novakidDescription	I don't want any part o' whatever the heck this is.
433	slimepersondescription	/objects/nmm_mvg/goatsim/unidentifiedobject.object	/slimepersonDescription	Brother?! ...Heh, just kidding. I have no idea what this is.
434	aviandescription	/objects/nmm_mvg/goatsim/verylargebag.object	/avianDescription	That IS quite a large bag, isn't it?
435	florandescription	/objects/nmm_mvg/goatsim/verylargebag.object	/floranDescription	Big bag. Floran could carry a lot of meatsss in that.
436	humandescription	/objects/nmm_mvg/goatsim/verylargebag.object	/humanDescription	Holy moly, that is quite a large bag.
437	novakiddescription	/objects/nmm_mvg/goatsim/verylargebag.object	/novakidDescription	I seen some bags in my time, and this is for darn sure a very large one.
438	novakiddescription	/objects/nmm_mvg/gubverse/ammerge/interface.object	/novakidDescription	If I poke it enough, maybe it might do somethin'.
439	humandescription	/objects/nmm_mvg/gubverse/ammerge/macroprocessor.object	/humanDescription	If this is a computer, it must be very powerful.
440	humandescription	/objects/nmm_mvg/gubverse/ammerge/node.object	/humanDescription	I wonder what this even does?
441	apexdescription	/objects/nmm_mvg/gubverse/audreystorey_posters/paintingaudreyportrait.object	/apexDescription	Personal portraits are very rare in Apex society, so it's nice to see a painting of someone and it not be Miniknog propaganda.
442	aviandescription	/objects/nmm_mvg/gubverse/audreystorey_posters/paintingaudreyportrait.object	/avianDescription	Aww, they look so happy together!
443	felindescription	/objects/nmm_mvg/gubverse/audreystorey_posters/paintingaudreyportrait.object	/felinDescription	Humans are so strange. Well, I guess she's happy, though.
444	florandescription	/objects/nmm_mvg/gubverse/audreystorey_posters/paintingaudreyportrait.object	/floranDescription	Meatman holding food? Food doesn't look ssscared...
445	glitchdescription	/objects/nmm_mvg/gubverse/audreystorey_posters/paintingaudreyportrait.object	/glitchDescription	Appreciative. Aww, how cute.
446	humandescription	/objects/nmm_mvg/gubverse/audreystorey_posters/paintingaudreyportrait.object	/humanDescription	Hmm... maybe I should get my own pet Gleap.
447	hylotldescription	/objects/nmm_mvg/gubverse/audreystorey_posters/paintingaudreyportrait.object	/hylotlDescription	The emotion in this portrait has been wonderfully captured.
448	nekodescription	/objects/nmm_mvg/gubverse/audreystorey_posters/paintingaudreyportrait.object	/nekoDescription	I like Gleaps! I'd say she feels the same.
449	novakiddescription	/objects/nmm_mvg/gubverse/audreystorey_posters/paintingaudreyportrait.object	/novakidDescription	I wouldn't mind gettin' a portrait o' myself 'n' my Snuffalo.
450	apexdescription	/objects/nmm_mvg/gubverse/audreystorey_posters/paintingmrgleapy.object	/apexDescription	Gleaps with two antennae are rare. I can see why someone would keep one as a pet.
451	aviandescription	/objects/nmm_mvg/gubverse/audreystorey_posters/paintingmrgleapy.object	/avianDescription	Don't Gleaps only have one antenna?
452	felindescription	/objects/nmm_mvg/gubverse/audreystorey_posters/paintingmrgleapy.object	/felinDescription	What a cute-looking Gleap. I wanna squish its face.
453	florandescription	/objects/nmm_mvg/gubverse/audreystorey_posters/paintingmrgleapy.object	/floranDescription	Gleapsss aren't very tassty.
454	glitchdescription	/objects/nmm_mvg/gubverse/audreystorey_posters/paintingmrgleapy.object	/glitchDescription	Analytical. This Gleap appears to have one more antenna than usual.
455	humandescription	/objects/nmm_mvg/gubverse/audreystorey_posters/paintingmrgleapy.object	/humanDescription	Gleaps don't usually have two antennas, do they?
456	nekodescription	/objects/nmm_mvg/gubverse/audreystorey_posters/paintingmrgleapy.object	/nekoDescription	Two antennas? Jealous...
457	apexdescription	/objects/nmm_mvg/gubverse/friendcorp_plushies/plushcustomersupportjr.object	/apexDescription	I'd call that plush... strange.
458	avalidescription	/objects/nmm_mvg/gubverse/friendcorp_plushies/plushcustomersupportjr.object	/avaliDescription	I have no idea what this plushie's supposed to be.
459	aviandescription	/objects/nmm_mvg/gubverse/friendcorp_plushies/plushcustomersupportjr.object	/avianDescription	Yeah, this looks pretty silly.
460	felindescription	/objects/nmm_mvg/gubverse/friendcorp_plushies/plushcustomersupportjr.object	/felinDescription	Yeah, I don't know what this thing is.
461	florandescription	/objects/nmm_mvg/gubverse/friendcorp_plushies/plushcustomersupportjr.object	/floranDescription	Weird looking plusshie.
462	glitchdescription	/objects/nmm_mvg/gubverse/friendcorp_plushies/plushcustomersupportjr.object	/glitchDescription	Confused. I'm unsure of what this is meant to be...
463	humandescription	/objects/nmm_mvg/gubverse/friendcorp_plushies/plushcustomersupportjr.object	/humanDescription	He looks like he's got a speech bubble for a head.
464	hylotldescription	/objects/nmm_mvg/gubverse/friendcorp_plushies/plushcustomersupportjr.object	/hylotlDescription	What a strange character design.
465	nekodescription	/objects/nmm_mvg/gubverse/friendcorp_plushies/plushcustomersupportjr.object	/nekoDescription	Oh, this is that thing. I think I've seen it before.
466	novakiddescription	/objects/nmm_mvg/gubverse/friendcorp_plushies/plushcustomersupportjr.object	/novakidDescription	The hey is this thing meant to be?
467	slimepersondescription	/objects/nmm_mvg/gubverse/friendcorp_plushies/plushcustomersupportjr.object	/slimepersonDescription	What a strange looking plushie.
468	apexdescription	/objects/nmm_mvg/gubverse/friendcorp_plushies/plushfishlime.object	/apexDescription	Another plushie of another gooey creature. Still pretty cute.
469	avalidescription	/objects/nmm_mvg/gubverse/friendcorp_plushies/plushfishlime.object	/avaliDescription	This plush smells funny.
470	aviandescription	/objects/nmm_mvg/gubverse/friendcorp_plushies/plushfishlime.object	/avianDescription	It's very adorable.
471	felindescription	/objects/nmm_mvg/gubverse/friendcorp_plushies/plushfishlime.object	/felinDescription	Why so damn cuddly?
472	florandescription	/objects/nmm_mvg/gubverse/friendcorp_plushies/plushfishlime.object	/floranDescription	Goo creature plushie.
473	humandescription	/objects/nmm_mvg/gubverse/friendcorp_plushies/plushfishlime.object	/humanDescription	I'm kind of a sucker for small goo creatures.
474	hylotldescription	/objects/nmm_mvg/gubverse/friendcorp_plushies/plushfishlime.object	/hylotlDescription	Oooh! It's so cute!
475	nekodescription	/objects/nmm_mvg/gubverse/friendcorp_plushies/plushfishlime.object	/nekoDescription	I got a strange urge to cuddle this one in a dumpster.
476	novakiddescription	/objects/nmm_mvg/gubverse/friendcorp_plushies/plushfishlime.object	/novakidDescription	That's a funny lookin' Gleap.
477	glitchdescription	/objects/nmm_mvg/gubverse/friendcorp_plushies/plushflots.object	/glitchDescription	Intrigued. I wonder what this funny little thing is?
478	hylotldescription	/objects/nmm_mvg/gubverse/friendcorp_plushies/plushflots.object	/hylotlDescription	Well, that's one bright plushie. Still looks pretty cuddly!
479	avalidescription	/objects/nmm_mvg/gubverse/friendcorp_plushies/plushhuglass.object	/avaliDescription	Real hourglasses are dated anyway.
480	humandescription	/objects/nmm_mvg/gubverse/friendcorp_plushies/plushhuglass.object	/humanDescription	Yeah, this hourglass plushie's pretty cute.
481	hylotldescription	/objects/nmm_mvg/gubverse/friendcorp_plushies/plushhuglass.object	/hylotlDescription	Heehee, it's a squishy hourglass character.
482	nekidescription	/objects/nmm_mvg/gubverse/friendcorp_plushies/plushhuglass.object	/nekiDescription	Squishy sand shelf thing. It won't smash if I drop it.
483	nekodescription	/objects/nmm_mvg/gubverse/friendcorp_plushies/plushhuglass.object	/nekoDescription	Aww, he's cute!
484	apexdescription	/objects/nmm_mvg/gubverse/friendcorp_plushies/plushmatcha.object	/apexDescription	Is this meant to be a bird?
485	avalidescription	/objects/nmm_mvg/gubverse/friendcorp_plushies/plushmatcha.object	/avaliDescription	Uh... did someone forget what birds looks like?
486	aviandescription	/objects/nmm_mvg/gubverse/friendcorp_plushies/plushmatcha.object	/avianDescription	It's kinda cute... I think? I don't exactly know how to feel about it.
487	felindescription	/objects/nmm_mvg/gubverse/friendcorp_plushies/plushmatcha.object	/felinDescription	Hehe... kinda looks like a...
488	florandescription	/objects/nmm_mvg/gubverse/friendcorp_plushies/plushmatcha.object	/floranDescription	Weird looking bird plushie!
489	nekodescription	/objects/nmm_mvg/gubverse/friendcorp_plushies/plushmatcha.object	/nekoDescription	So squishy!
490	apexdescription	/objects/nmm_mvg/gubverse/friendcorp_plushies/plushowoildwum.object	/apexDescription	It's... cute, I suppose?
491	avalidescription	/objects/nmm_mvg/gubverse/friendcorp_plushies/plushowoildwum.object	/avaliDescription	This is one of the stranger things I've seen... but I admit, it is cute... and very, very cuddly.
492	felindescription	/objects/nmm_mvg/gubverse/friendcorp_plushies/plushowoildwum.object	/felinDescription	Holy crap, it's so cuddly and squishy and huggable!
493	florandescription	/objects/nmm_mvg/gubverse/friendcorp_plushies/plushowoildwum.object	/floranDescription	Floran likes weird cat thing plushie.
494	glitchdescription	/objects/nmm_mvg/gubverse/friendcorp_plushies/plushowoildwum.object	/glitchDescription	Enamored. A strange creature, sure... but it's so cute and cuddly!
495	humandescription	/objects/nmm_mvg/gubverse/friendcorp_plushies/plushowoildwum.object	/humanDescription	What the hey is this? Eh, I don't care, it's big and squishy and ultra-cuddly and stuff.
496	nekodescription	/objects/nmm_mvg/gubverse/friendcorp_plushies/plushowoildwum.object	/nekoDescription	Very cute and very squishyyy~!
497	novakiddescription	/objects/nmm_mvg/gubverse/friendcorp_plushies/plushowoildwum.object	/novakidDescription	Jus' when you think you seen everythin'...
498	glitchdescription	/objects/nmm_mvg/gubverse/geologicalsample/unstablegarblesample.object	/glitchDescription	"Cautious. ""A sample of some unstable garble."""
499	avalidescription	/objects/nmm_mvg/gubverse/gubverse_plushies/plushflug.object	/avaliDescription	Aww, it's pretty cute.
500	aviandescription	/objects/nmm_mvg/gubverse/gubverse_plushies/plushflug.object	/avianDescription	It looks like it could fly if it wasn't a plushie. I'm a bit jealous...
501	felindescription	/objects/nmm_mvg/gubverse/gubverse_plushies/plushflug.object	/felinDescription	Urge... to chew... rising...
502	florandescription	/objects/nmm_mvg/gubverse/gubverse_plushies/plushflug.object	/floranDescription	Purple bug plushie!
503	humandescription	/objects/nmm_mvg/gubverse/gubverse_plushies/plushflug.object	/humanDescription	I have no idea what the heck this is, but it's cute and I want it!
504	hylotldescription	/objects/nmm_mvg/gubverse/gubverse_plushies/plushflug.object	/hylotlDescription	I've never seen anything like it. Oh, but it's so cute! And who could say no to those eyes?
505	nekodescription	/objects/nmm_mvg/gubverse/gubverse_plushies/plushflug.object	/nekoDescription	Mmm, very squishy.
506	novakiddescription	/objects/nmm_mvg/gubverse/gubverse_plushies/plushflug.object	/novakidDescription	I ain't seen anything like this, but it is mighty cute.
507	avalidescription	/objects/nmm_mvg/gubverse/gubverse_plushies/plushgubworm.object	/avaliDescription	I like the colors on this one! Pretty cute as well.
508	novakiddescription	/objects/nmm_mvg/gubverse/gubverse_plushies/plushgubworm.object	/novakidDescription	That's one hell of a long plushie.
509	apexdescription	/objects/nmm_mvg/gubverse/gubverse_plushies/plushsharky.object	/apexDescription	She got a marketable plush made of her. How... odd.
510	avalidescription	/objects/nmm_mvg/gubverse/gubverse_plushies/plushsharky.object	/avaliDescription	I get where she's coming from. I also want a plushie of myself!
511	aviandescription	/objects/nmm_mvg/gubverse/gubverse_plushies/plushsharky.object	/avianDescription	Aww... it's kinda cute.
512	florandescription	/objects/nmm_mvg/gubverse/gubverse_plushies/plushsharky.object	/floranDescription	Weird sshark lady plussh.
513	glitchdescription	/objects/nmm_mvg/gubverse/gubverse_plushies/plushsharky.object	/glitchDescription	Curious. Why does she have plushies made of her?
514	humandescription	/objects/nmm_mvg/gubverse/gubverse_plushies/plushsharky.object	/humanDescription	I kinda like that fishy weirdo.
515	hylotldescription	/objects/nmm_mvg/gubverse/gubverse_plushies/plushsharky.object	/hylotlDescription	What a strange person. She sold me a plushie of herself.
516	nekodescription	/objects/nmm_mvg/gubverse/gubverse_plushies/plushsharky.object	/nekoDescription	She is so freaking cute!
517	novakiddescription	/objects/nmm_mvg/gubverse/gubverse_plushies/plushsharky.object	/novakidDescription	It's a toy o' that shark lady. I guess it's kinda cute.
518	avalidescription	/objects/nmm_mvg/gubverse/gubverse_plushies/plushstartail.object	/avaliDescription	Does this creature actually exist somewhere? I've never seen it before.
519	felindescription	/objects/nmm_mvg/gubverse/gubverse_plushies/plushstartail.object	/felinDescription	I like this creature's style.
520	nekodescription	/objects/nmm_mvg/gubverse/gubverse_plushies/plushstartail.object	/nekoDescription	I want to see a real one! It looks so... squishable.
521	apexdescription	/objects/nmm_mvg/gubverse/gubverse_posters/multiversemap.object	/apexDescription	I believe it's a map of the multiverse. I have little idea how to get from one universe to another.
522	aviandescription	/objects/nmm_mvg/gubverse/gubverse_posters/multiversemap.object	/avianDescription	It's a map, I think. I could only ever dream of visiting these places.
523	felindescription	/objects/nmm_mvg/gubverse/gubverse_posters/multiversemap.object	/felinDescription	I don't think I quite understand? It's a map, I think...
524	florandescription	/objects/nmm_mvg/gubverse/gubverse_posters/multiversemap.object	/floranDescription	Liness connecting lotss of wordy circles... boring. 
525	humandescription	/objects/nmm_mvg/gubverse/gubverse_posters/multiversemap.object	/humanDescription	This seems to be a map... geez, it's a large scale, these are whole universes!
526	laustaurdescription	/objects/nmm_mvg/gubverse/gubverse_posters/multiversemap.object	/laustaurDescription	Where's, um... where's... GZN-5-Emetextra? ...Nope, not on this map.
527	nekodescription	/objects/nmm_mvg/gubverse/gubverse_posters/multiversemap.object	/nekoDescription	Eh... too big for my small brain.
528	novakiddescription	/objects/nmm_mvg/gubverse/gubverse_posters/multiversemap.object	/novakidDescription	Seems to be a map. I ain't recognizin' any o' this.
529	florandescription	/objects/nmm_mvg/gubverse/gubverse_posters/paintingkadai.object	/floranDescription	Floran like this painting.
530	humandescription	/objects/nmm_mvg/gubverse/gubverse_posters/paintingkadai.object	/humanDescription	This scene looks like it's straight out of a post-apocalyptic movie.
531	apexdescription	/objects/nmm_mvg/gubverse/gubverse_posters/posterfruitdragon.object	/apexDescription	No thanks, I've been through enough.
532	avalidescription	/objects/nmm_mvg/gubverse/gubverse_posters/posterfruitdragon.object	/avaliDescription	It surely cannot be that hard for others to find a suitable mate.
533	aviandescription	/objects/nmm_mvg/gubverse/gubverse_posters/posterfruitdragon.object	/avianDescription	I think I have better things to do...
534	felindescription	/objects/nmm_mvg/gubverse/gubverse_posters/posterfruitdragon.object	/felinDescription	Ooh, tempting. I wouldn't say no, but I think I prefer other people.
535	florandescription	/objects/nmm_mvg/gubverse/gubverse_posters/posterfruitdragon.object	/floranDescription	Fake meat company. Floran doesss not approve.
536	glitchdescription	/objects/nmm_mvg/gubverse/gubverse_posters/posterfruitdragon.object	/glitchDescription	Unimpressed. A majority of this company's products are incompatible with my kind.
537	humandescription	/objects/nmm_mvg/gubverse/gubverse_posters/posterfruitdragon.object	/humanDescription	Oh. Yeah, uh, I don't, uh... yeah, nah.
538	hylotldescription	/objects/nmm_mvg/gubverse/gubverse_posters/posterfruitdragon.object	/hylotlDescription	"An advertisement for a mature ""toy"" company. Personally, a good book is enough to keep me entertained."
539	laustaurdescription	/objects/nmm_mvg/gubverse/gubverse_posters/posterfruitdragon.object	/laustaurDescription	Mmm. Good brand.
540	nekodescription	/objects/nmm_mvg/gubverse/gubverse_posters/posterfruitdragon.object	/nekoDescription	Hmm, maybe... but tentacles are still way better.
541	novakiddescription	/objects/nmm_mvg/gubverse/gubverse_posters/posterfruitdragon.object	/novakidDescription	Nice poster'n all, but I dunno what to make o' their products.
542	slimepersondescription	/objects/nmm_mvg/gubverse/gubverse_posters/posterfruitdragon.object	/slimepersonDescription	Not real. Not my thing. No thanks.
543	apexdescription	/objects/nmm_mvg/gubverse/gubverse_posters/posterholly.object	/apexDescription	The Miniknog would literally kill to find out how to create such a creature. ...Well, not her exactly.
544	avalidescription	/objects/nmm_mvg/gubverse/gubverse_posters/posterholly.object	/avaliDescription	Well, uh... Strange... person.
545	aviandescription	/objects/nmm_mvg/gubverse/gubverse_posters/posterholly.object	/avianDescription	Oh dear, I don't want to be caught staring at this.
546	felindescription	/objects/nmm_mvg/gubverse/gubverse_posters/posterholly.object	/felinDescription	She looks like fun~
547	florandescription	/objects/nmm_mvg/gubverse/gubverse_posters/posterholly.object	/floranDescription	Half meat and half friend. Floran iss conflicted.
548	glitchdescription	/objects/nmm_mvg/gubverse/gubverse_posters/posterholly.object	/glitchDescription	Confused. Tentacle limbs on a mammal? ...Maybe I don't want to know.
549	humandescription	/objects/nmm_mvg/gubverse/gubverse_posters/posterholly.object	/humanDescription	She looks mostly human... well, except for the tentacle arms.
550	hylotldescription	/objects/nmm_mvg/gubverse/gubverse_posters/posterholly.object	/hylotlDescription	I'm not entirely sure how to feel about this.
551	nekodescription	/objects/nmm_mvg/gubverse/gubverse_posters/posterholly.object	/nekoDescription	Oh my~ ...I-is she available?
552	novakiddescription	/objects/nmm_mvg/gubverse/gubverse_posters/posterholly.object	/novakidDescription	What's her deal?
553	apexdescription	/objects/nmm_mvg/gubverse/gubverse_posters/postermilkiead.object	/apexDescription	What a feat of genetic engineering, a person capable of creating sustenance to a high degree while still being able to work. It sounds like something the Miniknog would try to do.
554	avalidescription	/objects/nmm_mvg/gubverse/gubverse_posters/postermilkiead.object	/avaliDescription	Fine, I admit. She's making me jealous...
555	aviandescription	/objects/nmm_mvg/gubverse/gubverse_posters/postermilkiead.object	/avianDescription	Wow, look at her. What's the bet she made that milk?
556	felindescription	/objects/nmm_mvg/gubverse/gubverse_posters/postermilkiead.object	/felinDescription	Hm, I'm really thirsty all of a sudden~ Ehehe, no idea why.
557	florandescription	/objects/nmm_mvg/gubverse/gubverse_posters/postermilkiead.object	/floranDescription	Cow lady is sselling milk. Floran likess milk.
558	humandescription	/objects/nmm_mvg/gubverse/gubverse_posters/postermilkiead.object	/humanDescription	Dressed like a cow, looks like a cow, cow features... I hope it isn't what it looks like.
559	hylotldescription	/objects/nmm_mvg/gubverse/gubverse_posters/postermilkiead.object	/hylotlDescription	I think it's an advertisement for some brand of milk, but that lady is really distracting. I think that was intentional.
560	nekodescription	/objects/nmm_mvg/gubverse/gubverse_posters/postermilkiead.object	/nekoDescription	Mmm, milk. Alright, big tiddy cow lady, I'll buy.
561	novakiddescription	/objects/nmm_mvg/gubverse/gubverse_posters/postermilkiead.object	/novakidDescription	Yeesh, that miss could prob'ly even make Mooshi jealous.
562	florandescription	/objects/nmm_mvg/gubverse/gubverse_posters/postermotiralph.object	/floranDescription	Floran likes little critter poster.
563	humandescription	/objects/nmm_mvg/gubverse/gubverse_posters/postermotiralph.object	/humanDescription	It's Ralph.
564	hylotldescription	/objects/nmm_mvg/gubverse/gubverse_posters/postermotiralph.object	/hylotlDescription	What even is that meant to be?
565	novakiddescription	/objects/nmm_mvg/gubverse/gubverse_posters/postermotiralph.object	/novakidDescription	Yup, that's Ralph.
566	apexdescription	/objects/nmm_mvg/gubverse/gubverse_posters/postersccbs.object	/apexDescription	I have no idea what this says.
567	avalidescription	/objects/nmm_mvg/gubverse/gubverse_posters/postersccbs.object	/avaliDescription	I can't read that at all. Nice poster though.
568	aviandescription	/objects/nmm_mvg/gubverse/gubverse_posters/postersccbs.object	/avianDescription	Oh, right. Water ships are a thing.
569	felindescription	/objects/nmm_mvg/gubverse/gubverse_posters/postersccbs.object	/felinDescription	Uh, yeah, my translator has no idea what this says. There's a lot of water, though, so... I'll pass on whatever it is.
570	florandescription	/objects/nmm_mvg/gubverse/gubverse_posters/postersccbs.object	/floranDescription	Sunken boat poster. Floran can't read the text.
571	glitchdescription	/objects/nmm_mvg/gubverse/gubverse_posters/postersccbs.object	/glitchDescription	Stumped. I don't have any knowledge of any such language in my records.
572	humandescription	/objects/nmm_mvg/gubverse/gubverse_posters/postersccbs.object	/humanDescription	I wonder what that says? Kinda looks like bubbles...
573	hylotldescription	/objects/nmm_mvg/gubverse/gubverse_posters/postersccbs.object	/hylotlDescription	My translator does not recognize that language. Is it perhaps advertising a dive tour?
574	nekodescription	/objects/nmm_mvg/gubverse/gubverse_posters/postersccbs.object	/nekoDescription	Mmm, water music poster.
575	novakiddescription	/objects/nmm_mvg/gubverse/gubverse_posters/postersccbs.object	/novakidDescription	Yeah, nah, I got no idea what any o' this is about.
576	apexdescription	/objects/nmm_mvg/gubverse/gubverse_posters/postersharky.object	/apexDescription	I don't think she's naturally possible. She had to have been genetically modified. I can relate.
577	aviandescription	/objects/nmm_mvg/gubverse/gubverse_posters/postersharky.object	/avianDescription	She's a very cute shark and all, but she doesn't look very hydrodynamic.
578	felindescription	/objects/nmm_mvg/gubverse/gubverse_posters/postersharky.object	/felinDescription	For a shark... she's pretty cute, ehehehe~
579	florandescription	/objects/nmm_mvg/gubverse/gubverse_posters/postersharky.object	/floranDescription	Shark persson lookss sstrong, but she sseemed ssoft back at the store.
580	glitchdescription	/objects/nmm_mvg/gubverse/gubverse_posters/postersharky.object	/glitchDescription	"Curious. How does that whole ""part-shark, part-fox"" thing work out, anyway?"
581	humandescription	/objects/nmm_mvg/gubverse/gubverse_posters/postersharky.object	/humanDescription	I think she's probably one of the cuter sharks I've seen.
582	hylotldescription	/objects/nmm_mvg/gubverse/gubverse_posters/postersharky.object	/hylotlDescription	Did her kind come from the oceans as well?
583	nekodescription	/objects/nmm_mvg/gubverse/gubverse_posters/postersharky.object	/nekoDescription	I like this... a lot~
584	novakiddescription	/objects/nmm_mvg/gubverse/gubverse_posters/postersharky.object	/novakidDescription	It's a pic o' the fishy lass from the exotic goods store.
585	nekodescription	/objects/nmm_mvg/gubverse/gubverse_posters/posteruwuneko.object	/nekoDescription	I uh, can't tell if that's a guy or a girl, nya...
586	avalidescription	/objects/nmm_mvg/gubverse/gubverse_posters/tm.object	/avaliDescription	Well, isn't this ominous?
587	felindescription	/objects/nmm_mvg/gubverse/gubverse_posters/tm.object	/felinDescription	Hey, isn't that..?
588	florandescription	/objects/nmm_mvg/gubverse/gubverse_posters/tm.object	/floranDescription	HISSS!!!
589	glitchdescription	/objects/nmm_mvg/gubverse/gubverse_posters/tm.object	/glitchDescription	Unnerved. Uh...
590	humandescription	/objects/nmm_mvg/gubverse/gubverse_posters/tm.object	/humanDescription	Yeah, uh...
591	hylotldescription	/objects/nmm_mvg/gubverse/gubverse_posters/tm.object	/hylotlDescription	Well, I, uh...
592	laustaurdescription	/objects/nmm_mvg/gubverse/gubverse_posters/tm.object	/laustaurDescription	Oh... oh no, nooo.
593	nekodescription	/objects/nmm_mvg/gubverse/gubverse_posters/tm.object	/nekoDescription	Uh oh.
594	slimepersondescription	/objects/nmm_mvg/gubverse/gubverse_posters/tm.object	/slimepersonDescription	It's, um...
595	humandescription	/objects/nmm_mvg/lsdde/plushies/linenplush.object	/humanDescription	I swear I had a dream about this thing once.
596	humandescription	/objects/nmm_mvg/lsdde/tv/brightmoontv.object	/humanDescription	That's a terrifying image.
597	humandescription	/objects/nmm_mvg/lsdde/violencesign/violencesign.object	/humanDescription	Pills... not here. But, there... or there.
598	apexdescription	/objects/nmm_mvg/minecraft/paintings/paintingclockpng.object	/apexDescription	This seems like it was done very quickly.
599	aviandescription	/objects/nmm_mvg/minecraft/paintings/paintingclockpng.object	/avianDescription	It's not the most interesting painting I've ever seen.
600	florandescription	/objects/nmm_mvg/minecraft/paintings/paintingclockpng.object	/floranDescription	Sssun and moon painting. Floran can do a better job.
601	humandescription	/objects/nmm_mvg/minecraft/paintings/paintingclockpng.object	/humanDescription	The day gives us warmth and life, the moon gives us... erchius fuel?
602	hylotldescription	/objects/nmm_mvg/minecraft/paintings/paintingclockpng.object	/hylotlDescription	Oh, come on. The top half has vertical brushstrokes and the bottom went horizontal. Stick to one direction, it looks terrible!
603	avalidescription	/objects/nmm_mvg/minecraft/paintings/paintingcmcsnowplains.object	/avaliDescription	Something's off. I've never seen a tundra like this.
604	humandescription	/objects/nmm_mvg/minecraft/paintings/paintingcmcsnowplains.object	/humanDescription	Meh, I guess? I've seen better paintings.
605	hylotldescription	/objects/nmm_mvg/minecraft/paintings/paintingcmcsnowplains.object	/hylotlDescription	This painting is rather poorly painted.
606	nekodescription	/objects/nmm_mvg/minecraft/paintings/paintingcmcsnowplains.object	/nekoDescription	Makes me feel cold just looking at it.
607	humandescription	/objects/nmm_mvg/minecraft/paintings/paintingmckebab.object	/humanDescription	Hmmm, looking at this is making me kinda hungry...
608	florandescription	/objects/nmm_mvg/minecraft/paintings/paintingmcmatch.object	/floranDescription	Floran hatess fire, but Floran is ssafe from drawing.
609	hylotldescription	/objects/nmm_mvg/minecraft/paintings/paintingmcsea.object	/hylotlDescription	What a nice seascape. It reminds me of my home planet.
610	aviandescription	/objects/nmm_mvg/minecraft/paintings/paintingmcsunset.object	/avianDescription	What a pretty sunset!
611	glitchdescription	/objects/nmm_mvg/minecraft/plantpots/mcpotted_allium.object	/glitchDescription	Informed. Allium cristophii, just one of many in the Allium family.
612	glitchdescription	/objects/nmm_mvg/minecraft/plantpots/mcpotted_azurebluet.object	/glitchDescription	Confused. Houstonia caerulea... I think. This is hardly blue in the slightest.
613	glitchdescription	/objects/nmm_mvg/minecraft/plantpots/mcpotted_blueorchid.object	/glitchDescription	Concerned. Terrene orchids are naturally never this blue.
614	glitchdescription	/objects/nmm_mvg/minecraft/plantpots/mcpotted_cornflower.object	/glitchDescription	Observant. Centaurea cyanus. A common decorative plant.
615	glitchdescription	/objects/nmm_mvg/minecraft/plantpots/mcpotted_dandelion.object	/glitchDescription	Unimpressed. Taraxacum officinale, a common weed. They seem to be able to grow anywhere.
616	glitchdescription	/objects/nmm_mvg/minecraft/plantpots/mcpotted_dandelionpuff.object	/glitchDescription	Tempted. I don't know what to say... 
617	glitchdescription	/objects/nmm_mvg/minecraft/plantpots/mcpotted_lilyofthevalley.object	/glitchDescription	Informed. Convallaria majalis. Highly toxic to many animals if ingested. Good thing I don't have to deal with that!
618	glitchdescription	/objects/nmm_mvg/minecraft/plantpots/mcpotted_paeonia.object	/glitchDescription	Confused. Paeonia lactiflora. Why would someone plant just one?
619	glitchdescription	/objects/nmm_mvg/minecraft/plantpots/mcpotted_poppy.object	/glitchDescription	Informed. Papaver rhoeas. Humans often associated this flower with honorable death.
620	glitchdescription	/objects/nmm_mvg/minecraft/plantpots/mcpotted_rosered.object	/glitchDescription	Neutral. Rosa hybrid. A common, pretty red rose.
621	apexdescription	/objects/nmm_mvg/minecraft/posters/mc_live21ad.object	/apexDescription	It is always a relief to see a poster without Big Ape's face on it.
622	aviandescription	/objects/nmm_mvg/minecraft/posters/mc_live21ad.object	/avianDescription	That's that old human adventure game, right? How old's this poster?
623	felindescription	/objects/nmm_mvg/minecraft/posters/mc_live21ad.object	/felinDescription	Mine... c... ugh, that doesn't make sense to me.
624	florandescription	/objects/nmm_mvg/minecraft/posters/mc_live21ad.object	/floranDescription	Old flashy posster for block game.
625	glitchdescription	/objects/nmm_mvg/minecraft/posters/mc_live21ad.object	/glitchDescription	Excited. Is something going to happen on this date?
626	humandescription	/objects/nmm_mvg/minecraft/posters/mc_live21ad.object	/humanDescription	This game's still quite popular today, isn't it? I can see why.
627	hylotldescription	/objects/nmm_mvg/minecraft/posters/mc_live21ad.object	/hylotlDescription	I almost thought Letheia was advertising a new product, until I took a closer look.
628	nekodescription	/objects/nmm_mvg/minecraft/posters/mc_live21ad.object	/nekoDescription	What's today? I might be able to catch it...
629	apexdescription	/objects/nmm_mvg/minecraft/posters/mc_live21bssposter.object	/apexDescription	I can't say I've heard of its stations before...
630	aviandescription	/objects/nmm_mvg/minecraft/posters/mc_live21bssposter.object	/avianDescription	This isn't one of those outpost organisations, is it?
631	felindescription	/objects/nmm_mvg/minecraft/posters/mc_live21bssposter.object	/felinDescription	Wrong universe, buddy.
632	florandescription	/objects/nmm_mvg/minecraft/posters/mc_live21bssposter.object	/floranDescription	Posster with bright blue squaresss.
633	glitchdescription	/objects/nmm_mvg/minecraft/posters/mc_live21bssposter.object	/glitchDescription	Curious. I wonder what technology this corporation uses?
634	humandescription	/objects/nmm_mvg/minecraft/posters/mc_live21bssposter.object	/humanDescription	"Bacon. Oh, wait, it says ""beacon."" Whoops."
635	hylotldescription	/objects/nmm_mvg/minecraft/posters/mc_live21bssposter.object	/hylotlDescription	I can't say I've heard of B.E.A.C.O.N. at all.
636	nekodescription	/objects/nmm_mvg/minecraft/posters/mc_live21bssposter.object	/nekoDescription	Nice poster. I like the... squareyness.
637	aviandescription	/objects/nmm_mvg/minecraft/posters/mc_live21prsposter.object	/avianDescription	"The poster says this soundsystem can be ""unsuspected flight""... Sounds fun, but I'm not buying this! I don't wanna die!"
638	felindescription	/objects/nmm_mvg/minecraft/posters/mc_live21prsposter.object	/felinDescription	I have no idea what any of this says. Nice poster design though.
639	florandescription	/objects/nmm_mvg/minecraft/posters/mc_live21prsposter.object	/floranDescription	Floran likesss the sound of this brand.
640	glitchdescription	/objects/nmm_mvg/minecraft/posters/mc_live21prsposter.object	/glitchDescription	"Critical. They spelled the word ""radio"" wrong."
641	hylotldescription	/objects/nmm_mvg/minecraft/posters/mc_live21prsposter.object	/hylotlDescription	Is there meant to be a joke in the name? I don't get it.
642	nekodescription	/objects/nmm_mvg/minecraft/posters/mc_live21prsposter.object	/nekoDescription	I like volume... but I think I'd like to keep my ears in one piece.
643	novakiddescription	/objects/nmm_mvg/minecraft/posters/mc_live21prsposter.object	/novakidDescription	Dunno what this poster's on about, but I'll be sure to steer clear of anyone wearin' a brand like the one in this 'ere logo.
644	apexdescription	/objects/nmm_mvg/minecraft/posters/mc_live21qmevposter.object	/apexDescription	This cinema experience doesn't watch back does it?
645	felindescription	/objects/nmm_mvg/minecraft/posters/mc_live21qmevposter.object	/felinDescription	This poster's looking at me funny. Shame I can't read a lot of it.
646	florandescription	/objects/nmm_mvg/minecraft/posters/mc_live21qmevposter.object	/floranDescription	Green eye possster with long wordsss.
647	glitchdescription	/objects/nmm_mvg/minecraft/posters/mc_live21qmevposter.object	/glitchDescription	Disappointed. I would like to experience this event, but none of the cinemas in this galaxy seem to support it.
648	humandescription	/objects/nmm_mvg/minecraft/posters/mc_live21qmevposter.object	/humanDescription	The eye kinda looks like a pizza! It's actually advertising some kind of cinema experience, though.
649	hylotldescription	/objects/nmm_mvg/minecraft/posters/mc_live21qmevposter.object	/hylotlDescription	It's yet another cinema gimmick. The long words make it sound more interesting than it actually is.
650	nekodescription	/objects/nmm_mvg/minecraft/posters/mc_live21qmevposter.object	/nekoDescription	Eye see you... well, eye actually see me. Both. Both work.
651	novakiddescription	/objects/nmm_mvg/minecraft/posters/mc_live21qmevposter.object	/novakidDescription	Poster's advertisin' some kinda video thingamajig, but that eye's gettin' on my nerves
652	apexdescription	/objects/nmm_mvg/minecraft/posters/quantumpowderposter.object	/apexDescription	Can't say I've heard of this product before.
653	aviandescription	/objects/nmm_mvg/minecraft/posters/quantumpowderposter.object	/avianDescription	Someone probably made this poster as a joke. Emeralds haven't been used as currency for ages.
654	felindescription	/objects/nmm_mvg/minecraft/posters/quantumpowderposter.object	/felinDescription	Drugs. Not even once.
655	florandescription	/objects/nmm_mvg/minecraft/posters/quantumpowderposter.object	/floranDescription	Possster for funky dussst.
656	glitchdescription	/objects/nmm_mvg/minecraft/posters/quantumpowderposter.object	/glitchDescription	Confused. This material does not exist, why advertise it?
657	humandescription	/objects/nmm_mvg/minecraft/posters/quantumpowderposter.object	/humanDescription	Redstone, huh? Doesn't look very red...
658	hylotldescription	/objects/nmm_mvg/minecraft/posters/quantumpowderposter.object	/hylotlDescription	As cool as this poster makes it sound, it actually doesn't seem all too useful.
659	nekodescription	/objects/nmm_mvg/minecraft/posters/quantumpowderposter.object	/nekoDescription	Yeah, this is some kind of reference or something. It doesn't make much sense to me.
660	novakiddescription	/objects/nmm_mvg/minecraft/posters/quantumpowderposter.object	/novakidDescription	I ain't never heard of this material before.
661	florandescription	/objects/nmm_mvg/mvgshop/flatstorage.object	/floranDescription	Sssmall sstorage.
662	glitchdescription	/objects/nmm_mvg/mvgshop/flatstorage.object	/glitchDescription	Bored. It's a small locker.
663	humandescription	/objects/nmm_mvg/mvgshop/flatstorage.object	/humanDescription	Looks more like a mail locker than anything else, but for something more valuable.
664	novakiddescription	/objects/nmm_mvg/mvgshop/flatstorage.object	/novakidDescription	Some lil' locker. Ain't lookin' all that safe.
665	apexdescription	/objects/nmm_mvg/mvgshop/glitteryartifact.object	/apexDescription	This is... something.
666	aviandescription	/objects/nmm_mvg/mvgshop/glitteryartifact.object	/avianDescription	It looks like a very interestingly decorated rock.
667	florandescription	/objects/nmm_mvg/mvgshop/glitteryartifact.object	/floranDescription	Rock looksss like it wantss attention.
668	glitchdescription	/objects/nmm_mvg/mvgshop/glitteryartifact.object	/glitchDescription	Intrigued. I wonder why this rock looks the way it does?
669	humandescription	/objects/nmm_mvg/mvgshop/glitteryartifact.object	/humanDescription	It kinda looks like a fossil, except all kinds of spacey and not really like a fossil.
670	novakiddescription	/objects/nmm_mvg/mvgshop/glitteryartifact.object	/novakidDescription	I dunno what it is, but somethin' bout this rock seems familiar t' me.
671	florandescription	/objects/nmm_mvg/mvgshop/junklocker.object	/floranDescription	Full of junk. Floran not interessted.
672	glitchdescription	/objects/nmm_mvg/mvgshop/junklocker.object	/glitchDescription	Dismissive. It all looks like trivial scraps in there.
673	hylotldescription	/objects/nmm_mvg/mvgshop/junklocker.object	/hylotlDescription	It's full of scrap metal and discarded technology.
674	aviandescription	/objects/nmm_mvg/mysteryfleshpit/oldminesign/fleshpitminesign.object	/avianDescription	This mine had a ritual site? I know avolite mines have them, but human mines too?
675	florandescription	/objects/nmm_mvg/mysteryfleshpit/oldminesign/fleshpitminesign.object	/floranDescription	These signsss have a lot of wordsss.
676	glitchdescription	/objects/nmm_mvg/mysteryfleshpit/oldminesign/fleshpitminesign.object	/glitchDescription	Intimidated. That's a lot of signs just for a mine entrance.
677	humandescription	/objects/nmm_mvg/mysteryfleshpit/oldminesign/fleshpitminesign.object	/humanDescription	Boy, am I glad flesh caves don't... exist... oh, wait.
678	hylotldescription	/objects/nmm_mvg/mysteryfleshpit/oldminesign/fleshpitminesign.object	/hylotlDescription	They're not pleasant to look at, but they get the point across, I suppose.
679	nekodescription	/objects/nmm_mvg/mysteryfleshpit/oldminesign/fleshpitminesign.object	/nekoDescription	Nya, that's a sign for a flesh mine. A- A bunch of signs, nya.
680	apexdescription	/objects/nmm_mvg/mysteryfleshpit/posters/fleshpitcolaposter.object	/apexDescription	An ad for a foreign soda drink. An indulgent luxury, not even just for us Apex.
681	avalidescription	/objects/nmm_mvg/mysteryfleshpit/posters/fleshpitcolaposter.object	/avaliDescription	I'll pass.
682	aviandescription	/objects/nmm_mvg/mysteryfleshpit/posters/fleshpitcolaposter.object	/avianDescription	I suppose one can couldn't hurt...
683	felindescription	/objects/nmm_mvg/mysteryfleshpit/posters/fleshpitcolaposter.object	/felinDescription	If this was more accessible, this would probably be sooo popular.
684	florandescription	/objects/nmm_mvg/mysteryfleshpit/posters/fleshpitcolaposter.object	/floranDescription	Weird drink with weird meat juice.
685	glitchdescription	/objects/nmm_mvg/mysteryfleshpit/posters/fleshpitcolaposter.object	/glitchDescription	Pensive. Such drinks have little effect on the Glitch.
686	humandescription	/objects/nmm_mvg/mysteryfleshpit/posters/fleshpitcolaposter.object	/humanDescription	Oh, I, uh, hear this is addictive, so I'm trying to stay away from it. For now.
687	hylotldescription	/objects/nmm_mvg/mysteryfleshpit/posters/fleshpitcolaposter.object	/hylotlDescription	Bright and eye-catching. It's an ad that works.
688	nekodescription	/objects/nmm_mvg/mysteryfleshpit/posters/fleshpitcolaposter.object	/nekoDescription	Man, I'm thirsty...
689	novakiddescription	/objects/nmm_mvg/mysteryfleshpit/posters/fleshpitcolaposter.object	/novakidDescription	Some flyer for some kinda drink.
690	slimepersondescription	/objects/nmm_mvg/mysteryfleshpit/posters/fleshpitcolaposter.object	/slimepersonDescription	Oh, yeah. That drink, it makes me bubble a little bit.
691	aviandescription	/objects/nmm_mvg/mysteryfleshpit/posters/fleshpitposter.object	/avianDescription	That almost sounds like hell.
692	florandescription	/objects/nmm_mvg/mysteryfleshpit/posters/fleshpitposter.object	/floranDescription	Meat cave? Floran likesss the ssound of that.
693	glitchdescription	/objects/nmm_mvg/mysteryfleshpit/posters/fleshpitposter.object	/glitchDescription	Thoughtful. Me walking into a cave made of metal would be much less disturbing than a human walking into a cave made of flesh.
694	humandescription	/objects/nmm_mvg/mysteryfleshpit/posters/fleshpitposter.object	/humanDescription	I would like to stay far away from any flesh caves, thank you.
695	hylotldescription	/objects/nmm_mvg/mysteryfleshpit/posters/fleshpitposter.object	/hylotlDescription	Large living organisms are a disgusting, yet uncommon sight throught the universe. Why anyone would create a park around one is beyond me.
696	nekodescription	/objects/nmm_mvg/mysteryfleshpit/posters/fleshpitposter.object	/nekoDescription	I've heard good things... also bad things, but I really like those good things.
697	novakiddescription	/objects/nmm_mvg/mysteryfleshpit/posters/fleshpitposter.object	/novakidDescription	I ain't really too keen on visitin' a livin' cave.
698	avalidescription	/objects/nmm_mvg/nintendo/animalcrossing_furniture/froggychair.object	/avaliDescription	This chair has no room for my tail to hang out. Otherwise, it'd be a decent enough chair.
699	aviandescription	/objects/nmm_mvg/nintendo/animalcrossing_furniture/froggychair.object	/avianDescription	It's a cute green frog chair!
700	felindescription	/objects/nmm_mvg/nintendo/animalcrossing_furniture/froggychair.object	/felinDescription	Yup. That's froggy chair.
701	florandescription	/objects/nmm_mvg/nintendo/animalcrossing_furniture/froggychair.object	/floranDescription	Weird looking animal chair.
702	glitchdescription	/objects/nmm_mvg/nintendo/animalcrossing_furniture/froggychair.object	/glitchDescription	Cheery. It's a froggy chair!
703	humandescription	/objects/nmm_mvg/nintendo/animalcrossing_furniture/froggychair.object	/humanDescription	Oh hey, it's the froggy chair. Nice.
704	nekodescription	/objects/nmm_mvg/nintendo/animalcrossing_furniture/froggychair.object	/nekoDescription	Myaa~, froggy chair!
705	slimepersondescription	/objects/nmm_mvg/nintendo/animalcrossing_furniture/froggychair.object	/slimepersonDescription	Oooh, froggy chair!
706	aviandescription	/objects/nmm_mvg/nintendo/mario_plushies/antiguyplush.object	/avianDescription	I got the strangest craving for lemon sweets all of a sudden.
707	felindescription	/objects/nmm_mvg/nintendo/mario_plushies/antiguyplush.object	/felinDescription	I bet this guy would like rainbows.
708	florandescription	/objects/nmm_mvg/nintendo/mario_plushies/antiguyplush.object	/floranDescription	Floran wantss a mask like that.
709	humandescription	/objects/nmm_mvg/nintendo/mario_plushies/antiguyplush.object	/humanDescription	You ever just have the urge to bake a cake for 416 years? Yeah, me neither.
710	hylotldescription	/objects/nmm_mvg/nintendo/mario_plushies/antiguyplush.object	/hylotlDescription	This plush masked rascal... smells like lemon?
711	nekodescription	/objects/nmm_mvg/nintendo/mario_plushies/antiguyplush.object	/nekoDescription	So you're telling me, if I fill up my key item slots...
712	aviandescription	/objects/nmm_mvg/nintendo/mother_objects/instantrevitalisingdevice.object	/avianDescription	You have to stand up to sleep in this pod.
713	florandescription	/objects/nmm_mvg/nintendo/mother_objects/instantrevitalisingdevice.object	/floranDescription	Ssstrange mechanical pod is for sssleeping in.
714	glitchdescription	/objects/nmm_mvg/nintendo/mother_objects/instantrevitalisingdevice.object	/glitchDescription	Elated. This device provides sufficient rest while maintaining a vertical position.
715	humandescription	/objects/nmm_mvg/nintendo/mother_objects/instantrevitalisingdevice.object	/humanDescription	Whoa, what does this device do?
716	novakiddescription	/objects/nmm_mvg/nintendo/mother_objects/instantrevitalisingdevice.object	/novakidDescription	Sleepin' in this pod makes me feel like a science experiment.
717	humandescription	/objects/nmm_mvg/nintendo/mother_objects/sign.object	/humanDescription	"Blah blah blah, this sign is signed by someone named ""Brick Road""."
718	avalidescription	/objects/nmm_mvg/nyan/nyanputer.object	/avaliDescription	This terminal appears to be more for show... and I admit, it is pretty cute.
719	glitchdescription	/objects/nmm_mvg/nyan/nyanputer.object	/glitchDescription	Amused. This strange computer's plush almost looks like one of my kind.
720	humandescription	/objects/nmm_mvg/nyan/nyanputer.object	/humanDescription	Are there any games on this thing? Or is it all just boring old documents? Why?
721	apexdescription	/objects/nmm_mvg/other/applevisiondisplayl/applevisiondisplayl.object	/apexDescription	I feel it would be far more efficient to just have one large square screen.
722	avalidescription	/objects/nmm_mvg/other/applevisiondisplayl/applevisiondisplayl.object	/avaliDescription	Who else, but humans. What were they thinking?
723	aviandescription	/objects/nmm_mvg/other/applevisiondisplayl/applevisiondisplayl.object	/avianDescription	This is... weird. What's the point of this?
724	felindescription	/objects/nmm_mvg/other/applevisiondisplayl/applevisiondisplayl.object	/felinDescription	Leave it to the humans to do... whatever the heck this is.
725	florandescription	/objects/nmm_mvg/other/applevisiondisplayl/applevisiondisplayl.object	/floranDescription	Lookss like sssomeone took a bite out of thiss computer.
726	glitchdescription	/objects/nmm_mvg/other/applevisiondisplayl/applevisiondisplayl.object	/glitchDescription	Shocked. What is this freakish abomination?
727	humandescription	/objects/nmm_mvg/other/applevisiondisplayl/applevisiondisplayl.object	/humanDescription	I can't say I'm surprised this didn't catch on.
728	hylotldescription	/objects/nmm_mvg/other/applevisiondisplayl/applevisiondisplayl.object	/hylotlDescription	It reminds me of the TVs we had growing up, except far less elegant.
729	nekodescription	/objects/nmm_mvg/other/applevisiondisplayl/applevisiondisplayl.object	/nekoDescription	How ingenious! And terrible! Man, this sucks.
730	novakiddescription	/objects/nmm_mvg/other/applevisiondisplayl/applevisiondisplayl.object	/novakidDescription	That ain't... that's there's just plain silly.
731	felindescription	/objects/nmm_mvg/other/barrelglass/glassbarrel.object	/felinDescription	Right. And when that thing breaks, I'm gonna be nowhere near it.
732	florandescription	/objects/nmm_mvg/other/barrelglass/glassbarrel.object	/floranDescription	Water trapped in glasss box.
733	glitchdescription	/objects/nmm_mvg/other/barrelglass/glassbarrel.object	/glitchDescription	Curious. For what purpose would one need a glass drum?
734	nekidescription	/objects/nmm_mvg/other/barrelglass/glassbarrel.object	/nekiDescription	I wants to push it over, buts it's purrty heavy...
735	slimepersondescription	/objects/nmm_mvg/other/barrelglass/glassbarrel.object	/slimepersonDescription	Oh, I could probably sleep in this. It might be funny.
736	trinkdescription	/objects/nmm_mvg/other/barrelglass/glassbarrel.object	/trinkDescription	This glass water container is an accident just waiting to happen.
737	florandescription	/objects/nmm_mvg/other/caretaker/sebald.object	/floranDescription	Lighthousse!
738	humandescription	/objects/nmm_mvg/other/caretaker/sebald.object	/humanDescription	It looks like a lonely little World in there.
739	apexdescription	/objects/nmm_mvg/other/kentuckyfried/kfconsole.object	/apexDescription	What a strange piece of technology.
740	avalidescription	/objects/nmm_mvg/other/kentuckyfried/kfconsole.object	/avaliDescription	Yep, that's a Human idea if ever I've seen one.
741	aviandescription	/objects/nmm_mvg/other/kentuckyfried/kfconsole.object	/avianDescription	Fried... chicken. Yeah, okay. 
742	felindescription	/objects/nmm_mvg/other/kentuckyfried/kfconsole.object	/felinDescription	Fried food and video games, a great combination that can only end in good times and greasy controllers.
743	florandescription	/objects/nmm_mvg/other/kentuckyfried/kfconsole.object	/floranDescription	Floran would be too focusssed on meat cooking in conssole to play game.
744	glitchdescription	/objects/nmm_mvg/other/kentuckyfried/kfconsole.object	/glitchDescription	Concerned. Is this console prone to overheating?
745	humandescription	/objects/nmm_mvg/other/kentuckyfried/kfconsole.object	/humanDescription	Fried chicken in a gaming console! This one's a classic.
746	hylotldescription	/objects/nmm_mvg/other/kentuckyfried/kfconsole.object	/hylotlDescription	Oh, goodness. Imagine all the grease and crumbs that would end up on your controllers...
747	novakiddescription	/objects/nmm_mvg/other/kentuckyfried/kfconsole.object	/novakidDescription	Some kinda fancy games device with... golly, a grill!
748	avalidescription	/objects/nmm_mvg/other/musical/retroboombox.object	/avaliDescription	It's another one of those human music players. The song playing is probably the only good thing about it.
749	felindescription	/objects/nmm_mvg/other/musical/retroboombox.object	/felinDescription	Hey, I kinda dig this music!
750	humandescription	/objects/nmm_mvg/other/musical/retroboombox.object	/humanDescription	Yo, this track bangin'!
751	hylotldescription	/objects/nmm_mvg/other/musical/retroboombox.object	/hylotlDescription	It's like someone designed an object to offend as many senses as possible.
752	nekodescription	/objects/nmm_mvg/other/musical/retroboombox.object	/nekoDescription	Aw yeah, this is my kinda music!
753	aviandescription	/objects/nmm_mvg/other/oddheader/oddhead.object	/avianDescription	Easter egg? This doesn't look like an egg at all!
754	felindescription	/objects/nmm_mvg/other/oddheader/oddhead.object	/felinDescription	Heh. Insert Crash FMV here. Did I do it right?
755	humandescription	/objects/nmm_mvg/other/oddheader/oddhead.object	/humanDescription	What an odd head... uh, I mean, television.
756	nekodescription	/objects/nmm_mvg/other/oddheader/oddhead.object	/nekoDescription	"Hmmm... I... wanna be the first person in the game to say... ""hnyuifw byubawfifwbayb fhbfwyahbhjfkbaivbawhk""!"
757	humandescription	/objects/nmm_mvg/other/panasonic/vieratx32lxd600.object	/humanDescription	God, this thing looks old. Not a bad screen though.
758	felindescription	/objects/nmm_mvg/other/posters/paintingblinicat.object	/felinDescription	I love pancakes.
759	humandescription	/objects/nmm_mvg/other/posters/paintingblinicat.object	/humanDescription	I love this picture.
760	apexdescription	/objects/nmm_mvg/other/posters/paintingmalware1.object	/apexDescription	This painting makes me feel unwelcome.
761	aviandescription	/objects/nmm_mvg/other/posters/paintingmalware1.object	/avianDescription	I think it's some kind of symbol, but it's unfamiliar to me.
762	felindescription	/objects/nmm_mvg/other/posters/paintingmalware1.object	/felinDescription	Uh, I'll pass.
763	florandescription	/objects/nmm_mvg/other/posters/paintingmalware1.object	/floranDescription	Painting is red as blood. Still boring to Floran.
764	glitchdescription	/objects/nmm_mvg/other/posters/paintingmalware1.object	/glitchDescription	Frightened. This painting strikes a fear deep inside me, it reminds me of a nightmare...
765	humandescription	/objects/nmm_mvg/other/posters/paintingmalware1.object	/humanDescription	Is this some kinda cult thing?
766	hylotldescription	/objects/nmm_mvg/other/posters/paintingmalware1.object	/hylotlDescription	What a violent choice of color. 
767	nekodescription	/objects/nmm_mvg/other/posters/paintingmalware1.object	/nekoDescription	What a scary shade of red...
768	novakiddescription	/objects/nmm_mvg/other/posters/paintingmalware1.object	/novakidDescription	This some brand? I ain't seen it before.
769	laustaurdescription	/objects/nmm_mvg/other/requested/posterminoman.object	/laustaurDescription	Oh my~
770	nekodescription	/objects/nmm_mvg/other/sandcrewmate/sandcrewmate.object	/nekoDescription	Soossy baki!
771	nekodescription	/objects/nmm_mvg/other/sandcrewmate/sandcrewmatebucket.object	/nekoDescription	I knew it was a hat!
772	felindescription	/objects/nmm_mvg/other/stray/necocorpbox.object	/felinDescription	Hmm, a box. I could totally rock that.
773	felindescription	/objects/nmm_mvg/other/thethingatthemall/thethingatthemall.object	/felinDescription	Mega Man dropped millenia ago, bruh.
774	florandescription	/objects/nmm_mvg/other/thethingatthemall/thethingatthemall.object	/floranDescription	Jay Eazzy ain't drop yet bruh!
775	glitchdescription	/objects/nmm_mvg/other/thethingatthemall/thethingatthemall.object	/glitchDescription	Distraught. Jay Eazy ain't drop yet bruh!
776	humandescription	/objects/nmm_mvg/other/thethingatthemall/thethingatthemall.object	/humanDescription	"I'm literally crying and sobbing right now.
Jay Eazy ain't drop yet bruh..."
777	hylotldescription	/objects/nmm_mvg/other/thethingatthemall/thethingatthemall.object	/hylotlDescription	Jay Eazy has not even released his latest song yet...
778	apexdescription	/objects/nmm_mvg/other/zalinki/sixfeettombstone.object	/apexDescription	The markings on this tombstone seem to indicate it being false.
779	aviandescription	/objects/nmm_mvg/other/zalinki/sixfeettombstone.object	/avianDescription	I can't say I've seen a colored tombstone before. Actually, I might've seen one in red. Second thought, that wasn't paint.
780	glitchdescription	/objects/nmm_mvg/other/zalinki/sixfeettombstone.object	/glitchDescription	Observant. All signs point to this tombstone being a prop, not as a burial marker.
781	humandescription	/objects/nmm_mvg/other/zalinki/sixfeettombstone.object	/humanDescription	"What kind of a name is ""S.I.X."" anyway?"
782	hylotldescription	/objects/nmm_mvg/other/zalinki/sixfeettombstone.object	/hylotlDescription	Of course the dead still have worth, but it is still an interesting topic to ponder.
783	novakiddescription	/objects/nmm_mvg/other/zalinki/sixfeettombstone.object	/novakidDescription	I don't think nobody's actually buried here.
784	felindescription	/objects/nmm_mvg/regularshow/s1e2/arcadedestroyerofworlds.object	/felinDescription	That game looks killer.
785	humandescription	/objects/nmm_mvg/regularshow/s1e2/arcadedestroyerofworlds.object	/humanDescription	Whoa... This looks epic.
786	hylotldescription	/objects/nmm_mvg/regularshow/s1e2/arcadedestroyerofworlds.object	/hylotlDescription	Subtlety clearly was not a consideration into designing this cabinet.
787	aviandescription	/objects/nmm_mvg/roblox/thebettergeorgestatue/timebombgeorgestatue.object	/avianDescription	geogrge,...
788	florandescription	/objects/nmm_mvg/roblox/thebettergeorgestatue/timebombgeorgestatue.object	/floranDescription	Floran like funny George!
789	glitchdescription	/objects/nmm_mvg/roblox/thebettergeorgestatue/timebombgeorgestatue.object	/glitchDescription	Awestruck. Geo;,,georg,
790	humandescription	/objects/nmm_mvg/roblox/thebettergeorgestatue/timebombgeorgestatue.object	/humanDescription	ohmgo,d ... georg,timebomb madnes.
791	hylotldescription	/objects/nmm_mvg/roblox/thebettergeorgestatue/timebombgeorgestatue.object	/hylotlDescription	Geoarge!.
792	novakiddescription	/objects/nmm_mvg/roblox/thebettergeorgestatue/timebombgeorgestatue.object	/novakidDescription	this is madness! ,,timebomb madness
793	apexdescription	/objects/nmm_mvg/terraria/furniture/tewwatoiwet.object	/apexDescription	An extremely... luxurious toilet.
794	glitchdescription	/objects/nmm_mvg/terraria/furniture/tewwatoiwet.object	/glitchDescription	Perplexed. Why is this toilet so fancy?
795	humandescription	/objects/nmm_mvg/terraria/furniture/tewwatoiwet.object	/humanDescription	What a fancy toilet!
796	hylotldescription	/objects/nmm_mvg/terraria/furniture/tewwatoiwet.object	/hylotlDescription	So much unnecessary glamour for a toilet.
797	novakiddescription	/objects/nmm_mvg/terraria/furniture/tewwatoiwet.object	/novakidDescription	Why's the toilet so fancy?
798	felindescription	/objects/nmm_mvg/terraria/lihzahrd/lihzahrdbed.object	/felinDescription	Smells like nature. It'd be comfortable if it wasn't so damp.
799	florandescription	/objects/nmm_mvg/terraria/lihzahrd/lihzahrdbed.object	/floranDescription	Ssstone bed has plant mattresss.
800	glitchdescription	/objects/nmm_mvg/terraria/lihzahrd/lihzahrdbed.object	/glitchDescription	Concerned. The moisture of this plant bed may not be too good for my shell...
801	hylotldescription	/objects/nmm_mvg/terraria/lihzahrd/lihzahrdbed.object	/hylotlDescription	An ancient bed. The layer of plants makes for quite a damp and surprisingly refreshing sleep.
802	nekidescription	/objects/nmm_mvg/terraria/lihzahrd/lihzahrdbed.object	/nekiDescription	Seems squishy and comfy, but too wet. No like.
803	nekodescription	/objects/nmm_mvg/terraria/lihzahrd/lihzahrdbed.object	/nekoDescription	There's a layer of squishy jungle plants on this bed... It's oddly refreshing~
804	novakiddescription	/objects/nmm_mvg/terraria/lihzahrd/lihzahrdbed.object	/novakidDescription	An ol' stone bed with some plants on it. Plants ain't doin' much for me.
805	slimepersondescription	/objects/nmm_mvg/terraria/lihzahrd/lihzahrdbed.object	/slimepersonDescription	An old stone bed with a mattress made from plants.
806	apexdescription	/objects/nmm_mvg/terraria/lihzahrd/lihzahrdbookcase.object	/apexDescription	An old stone bookcase.
807	avalidescription	/objects/nmm_mvg/terraria/lihzahrd/lihzahrdbookcase.object	/avaliDescription	An ancient bookcase, or well, aren't they all?
808	aviandescription	/objects/nmm_mvg/terraria/lihzahrd/lihzahrdbookcase.object	/avianDescription	You could probably find a bookcase quite like this in an Avian temple.
809	florandescription	/objects/nmm_mvg/terraria/lihzahrd/lihzahrdbookcase.object	/floranDescription	Bookcase looksss like sstern meatman.
810	humandescription	/objects/nmm_mvg/terraria/lihzahrd/lihzahrdbookcase.object	/humanDescription	Heh, it kinda reminds me of an old teacher I once had.
811	nekodescription	/objects/nmm_mvg/terraria/lihzahrd/lihzahrdbookcase.object	/nekoDescription	Mm, books. I love a good read.
812	felindescription	/objects/nmm_mvg/terraria/lihzahrd/lihzahrdchair.object	/felinDescription	I get it's ancient and all, but it has no padding. Foam, please?
813	glitchdescription	/objects/nmm_mvg/terraria/lihzahrd/lihzahrdchair.object	/glitchDescription	Pleased. This is quite a nice chair.
814	novakiddescription	/objects/nmm_mvg/terraria/lihzahrd/lihzahrdchair.object	/novakidDescription	An ol' stone chair.
815	slimepersondescription	/objects/nmm_mvg/terraria/lihzahrd/lihzahrdchair.object	/slimepersonDescription	An old temple chair covered in jungle grime.
816	florandescription	/objects/nmm_mvg/terraria/lihzahrd/lihzahrddresser.object	/floranDescription	Ssstone dressser.
817	glitchdescription	/objects/nmm_mvg/terraria/lihzahrd/lihzahrddresser.object	/glitchDescription	Skeptical. I have doubts about the claimed age of this dresser.
818	hylotldescription	/objects/nmm_mvg/terraria/lihzahrd/lihzahrddresser.object	/hylotlDescription	An intricate stone dresser, though... it feels a little out of place.
819	novakiddescription	/objects/nmm_mvg/terraria/lihzahrd/lihzahrddresser.object	/novakidDescription	An ol' stone dresser. Looks like it should be made o' wood.
820	apexdescription	/objects/nmm_mvg/terraria/lihzahrd/lihzahrdfurnace.object	/apexDescription	An surprisingly advanced furnace. I can smelt things here.
821	aviandescription	/objects/nmm_mvg/terraria/lihzahrd/lihzahrdfurnace.object	/avianDescription	This ancient furnace actually seems surprisingly powerful.
822	glitchdescription	/objects/nmm_mvg/terraria/lihzahrd/lihzahrdfurnace.object	/glitchDescription	Impressed. This ancient furnace can burn at incredibly high temperatures!
823	humandescription	/objects/nmm_mvg/terraria/lihzahrd/lihzahrdfurnace.object	/humanDescription	This furnace looks like a lizard person's head. Funny that.
824	aviandescription	/objects/nmm_mvg/terraria/plushies/cthulhueyeplush.object	/avianDescription	Creepy. But so squishy!
825	felindescription	/objects/nmm_mvg/terraria/plushies/cthulhueyeplush.object	/felinDescription	What are you looking at?
826	florandescription	/objects/nmm_mvg/terraria/plushies/cthulhueyeplush.object	/floranDescription	Toy food! Like real food, but isss toy.
827	humandescription	/objects/nmm_mvg/terraria/plushies/cthulhueyeplush.object	/humanDescription	Cuthooth... lulu... Cathuthoo? I forgot how to say it...
828	hylotldescription	/objects/nmm_mvg/terraria/plushies/cthulhueyeplush.object	/hylotlDescription	I feel like an evil presence is watching me... is it this plush toy?
829	nekodescription	/objects/nmm_mvg/terraria/plushies/cthulhueyeplush.object	/nekoDescription	Plushy eyeball...
830	apexdescription	/objects/nmm_mvg/terraria/posters/painting_ncervilletowers.object	/apexDescription	Many Apex can only dream of living in a place like this.
831	florandescription	/objects/nmm_mvg/terraria/posters/painting_ncervilletowers.object	/floranDescription	Painting of buildings. Floran find it boring.
832	humandescription	/objects/nmm_mvg/terraria/posters/painting_ncervilletowers.object	/humanDescription	Reminds me of home.
833	hylotldescription	/objects/nmm_mvg/terraria/posters/painting_ncervilletowers.object	/hylotlDescription	This painting depicts an idyllic mountainside settlement.
834	nekodescription	/objects/nmm_mvg/terraria/posters/painting_ncervilletowers.object	/nekoDescription	Looks cozy...
835	novakiddescription	/objects/nmm_mvg/terraria/posters/painting_ncervilletowers.object	/novakidDescription	Some tall wooden build'ns. I've seen many like 'em, have I seen these before?
836	slimepersondescription	/objects/nmm_mvg/terraria/posters/painting_ncervilletowers.object	/slimepersonDescription	Something about this... unsettles me. Like I shouldn't go near those buildings in real life.
837	glitchdescription	/objects/nmm_mvg/terraria/shadowhorror/shadowhorror.object	/glitchDescription	Disturbed. Fuck.
838	apexdescription	/objects/nmm_mvg/terraria/statues/angelstatue.object	/apexDescription	This is a much nicer statue than the ones the Miniknog mass-produce.
839	aviandescription	/objects/nmm_mvg/terraria/statues/angelstatue.object	/avianDescription	This statue of a human has wings. Seems like we used to believe in the same things.
840	felindescription	/objects/nmm_mvg/terraria/statues/angelstatue.object	/felinDescription	Useless as ever.
841	florandescription	/objects/nmm_mvg/terraria/statues/angelstatue.object	/floranDescription	Stony winged meat man.
842	hylotldescription	/objects/nmm_mvg/terraria/statues/angelstatue.object	/hylotlDescription	What a nicely carved statue.
843	nekodescription	/objects/nmm_mvg/terraria/statues/angelstatue.object	/nekoDescription	I'll bring this statue to a party one day. He can be my wingman.
844	humandescription	/objects/nmm_mvg/terraria/statues/unicornstatue.object	/humanDescription	I think it's a bit heavy to play chess with.
845	apexdescription	/objects/nmm_mvg/thisgameifound/petscop/roomimpulseposter.object	/apexDescription	I'm getting an uneasy feeling from this poster.
846	avalidescription	/objects/nmm_mvg/thisgameifound/petscop/roomimpulseposter.object	/avaliDescription	This poster looks likes it's screaming for attention. Well, poster, you have mine.
847	aviandescription	/objects/nmm_mvg/thisgameifound/petscop/roomimpulseposter.object	/avianDescription	Is this a poster for a movie?
848	felindescription	/objects/nmm_mvg/thisgameifound/petscop/roomimpulseposter.object	/felinDescription	Why would I be in a car?
849	florandescription	/objects/nmm_mvg/thisgameifound/petscop/roomimpulseposter.object	/floranDescription	Floran like the bright colorss, but not sure what poster meansss.
850	glitchdescription	/objects/nmm_mvg/thisgameifound/petscop/roomimpulseposter.object	/glitchDescription	Confused. I'm unsure of what this is.
851	humandescription	/objects/nmm_mvg/thisgameifound/petscop/roomimpulseposter.object	/humanDescription	No idea what it means, but it looks cool!
852	hylotldescription	/objects/nmm_mvg/thisgameifound/petscop/roomimpulseposter.object	/hylotlDescription	This poster is a little too red for my tastes.
853	nekodescription	/objects/nmm_mvg/thisgameifound/petscop/roomimpulseposter.object	/nekoDescription	It's a poster, alright nya.
854	novakiddescription	/objects/nmm_mvg/thisgameifound/petscop/roomimpulseposter.object	/novakidDescription	This for some kinda movie or somethin'?
855	florandescription	/objects/nmm_mvg/thisgameifound/petscop/tonethrandicepainting.object	/floranDescription	Floran like sssilly painting.
856	humandescription	/objects/nmm_mvg/thisgameifound/petscop/tonethrandicepainting.object	/humanDescription	Yes, they are very cute.
857	hylotldescription	/objects/nmm_mvg/thisgameifound/petscop/tonethrandicepainting.object	/hylotlDescription	Goodness, what happened to that bird... creature?
858	aviandescription	/objects/nmm_mvg/thisgameifound/plushies/ronethplush.object	/avianDescription	How... odd.
859	aviandescription	/objects/nmm_mvg/thisgameifound/plushies/tonethplush.object	/avianDescription	This little plushie has no wings. At least I have arms...
860	humandescription	/objects/nmm_mvg/valve/emoteplush/steamhappyplush.object	/humanDescription	Bahaha!
861	hylotldescription	/objects/nmm_mvg/valve/emoteplush/steamhappyplush.object	/hylotlDescription	I love this goofy little plush.
862	aviandescription	/objects/nmm_mvg/valve/hl2_plasticbarrel/plasticbarrel.object	/avianDescription	Plastic container. I can't get into it.
863	florandescription	/objects/nmm_mvg/valve/hl2_plasticbarrel/plasticbarrel.object	/floranDescription	Round plastic cube. No door.
864	glitchdescription	/objects/nmm_mvg/valve/hl2_plasticbarrel/plasticbarrel.object	/glitchDescription	Frustrated. A plastic barrel, I can't open it.
865	hylotldescription	/objects/nmm_mvg/valve/hl2_plasticbarrel/plasticbarrel.object	/hylotlDescription	Plastic container. It's closed.
866	felindescription	/objects/nmm_mvg/valve/hl2_stationpole/stationpole.object	/felinDescription	Usually the stripes are different colors, and the rod isn't metal- or my mind's just in the gutter.
867	florandescription	/objects/nmm_mvg/valve/hl2_stationpole/stationpole.object	/floranDescription	Could make for good weapon if it wassn't sstuck in the ground.
868	glitchdescription	/objects/nmm_mvg/valve/hl2_stationpole/stationpole.object	/glitchDescription	Content. A safety pole. Looks like it's doing it's job.
869	novakiddescription	/objects/nmm_mvg/valve/hl2_stationpole/stationpole.object	/novakidDescription	Regular ol' striped metal pole.
870	avalidescription	/objects/nmm_mvg/valve/hl2_workshoptoolbox/hl2_workshoptoolbox.object	/avaliDescription	Hardly efficient... but it'll do.
871	aviandescription	/objects/nmm_mvg/valve/hl2_workshoptoolbox/hl2_workshoptoolbox.object	/avianDescription	I'm no mechanic myself... but there are a lot of useful things in here.
872	felindescription	/objects/nmm_mvg/valve/hl2_workshoptoolbox/hl2_workshoptoolbox.object	/felinDescription	Eh. Don't really feel like getting my paws all grubby.
873	florandescription	/objects/nmm_mvg/valve/hl2_workshoptoolbox/hl2_workshoptoolbox.object	/floranDescription	Box filled with funny shaped weaponss.
874	glitchdescription	/objects/nmm_mvg/valve/hl2_workshoptoolbox/hl2_workshoptoolbox.object	/glitchDescription	Disappointed. I could get a lot of use out of the tools in this cabinet if they weren't so old.
875	humandescription	/objects/nmm_mvg/valve/hl2_workshoptoolbox/hl2_workshoptoolbox.object	/humanDescription	Wait, aren't these usually on wheels?
876	hylotldescription	/objects/nmm_mvg/valve/hl2_workshoptoolbox/hl2_workshoptoolbox.object	/hylotlDescription	An unsightly cabinet full of useful mechanic tools.
877	nekodescription	/objects/nmm_mvg/valve/hl2_workshoptoolbox/hl2_workshoptoolbox.object	/nekoDescription	First I screw this nut, then I... uh...
878	aviandescription	/objects/nmm_mvg/valve/hl2_workshoptoolbox/hl2b_pyrotechnicslocker.object	/avianDescription	It says it stores pyrotechnics.
879	florandescription	/objects/nmm_mvg/valve/hl2_workshoptoolbox/hl2b_pyrotechnicslocker.object	/floranDescription	Box filled with thingss very dangerouss to Floran.
880	glitchdescription	/objects/nmm_mvg/valve/hl2_workshoptoolbox/hl2b_pyrotechnicslocker.object	/glitchDescription	Excited. Are there any fireworks in here?
881	humandescription	/objects/nmm_mvg/valve/hl2_workshoptoolbox/hl2b_pyrotechnicslocker.object	/humanDescription	Pyrotechnics! That means flares and fireworks, right?
882	hylotldescription	/objects/nmm_mvg/valve/hl2_workshoptoolbox/hl2b_pyrotechnicslocker.object	/hylotlDescription	Fireworks, while dangerous, are really quite beautiful. It wouldn't hurt to set off a few, right..?
883	apexdescription	/objects/nmm_mvg/valve/hl2b_arcademanhack/arcademanhack.object	/apexDescription	I am relieved the Miniknog haven't gone to measures such as this. Well, at least as far as I know, anyway...
884	aviandescription	/objects/nmm_mvg/valve/hl2b_arcademanhack/arcademanhack.object	/avianDescription	This game seems quite barbaric.
885	felindescription	/objects/nmm_mvg/valve/hl2b_arcademanhack/arcademanhack.object	/felinDescription	My, how gruesome. Anyway...
886	florandescription	/objects/nmm_mvg/valve/hl2b_arcademanhack/arcademanhack.object	/floranDescription	Chop chop chop!
887	glitchdescription	/objects/nmm_mvg/valve/hl2b_arcademanhack/arcademanhack.object	/glitchDescription	Disturbed. The only goal of this game is to chop up innocent people.
888	humandescription	/objects/nmm_mvg/valve/hl2b_arcademanhack/arcademanhack.object	/humanDescription	I sure hope this is just one of those mockups created by an arcade enthusiast.
889	hylotldescription	/objects/nmm_mvg/valve/hl2b_arcademanhack/arcademanhack.object	/hylotlDescription	This game is excessively violent. Worryingly, I've heard rumors that this is live footage.
890	nekodescription	/objects/nmm_mvg/valve/hl2b_arcademanhack/arcademanhack.object	/nekoDescription	Eh. Not my kinda game.
891	novakiddescription	/objects/nmm_mvg/valve/hl2b_arcademanhack/arcademanhack.object	/novakidDescription	Pretty violent for a game I can't even see a point to.
892	apexdescription	/objects/nmm_mvg/valve/hl2b_electricals/hl2_highvoltagesign.object	/apexDescription	Something's using a lot of electicity around here.
893	aviandescription	/objects/nmm_mvg/valve/hl2b_electricals/hl2_highvoltagesign.object	/avianDescription	It's an electical warning. I better watch out.
894	felindescription	/objects/nmm_mvg/valve/hl2b_electricals/hl2_highvoltagesign.object	/felinDescription	C'mon, I play with electrical wires for fun. Signs never stopped me.
895	florandescription	/objects/nmm_mvg/valve/hl2b_electricals/hl2_highvoltagesign.object	/floranDescription	Floran likess danger. Electriccity not sso much.
896	glitchdescription	/objects/nmm_mvg/valve/hl2b_electricals/hl2_highvoltagesign.object	/glitchDescription	Cautious. While electricals near this sign are usually contained, I should be careful, just in case.
897	humandescription	/objects/nmm_mvg/valve/hl2b_electricals/hl2_highvoltagesign.object	/humanDescription	High voltage. I should keep an eye out.
898	hylotldescription	/objects/nmm_mvg/valve/hl2b_electricals/hl2_highvoltagesign.object	/hylotlDescription	An unnattractive, yet straightforward electrical warning sign.
899	nekodescription	/objects/nmm_mvg/valve/hl2b_electricals/hl2_highvoltagesign.object	/nekoDescription	I better watch out, I don't want to get fried.
900	novakiddescription	/objects/nmm_mvg/valve/hl2b_electricals/hl2_highvoltagesign.object	/novakidDescription	I ain't too keen on gettin' zapped. Better watch out.
901	slimepersondescription	/objects/nmm_mvg/valve/hl2b_electricals/hl2_highvoltagesign.object	/slimepersonDescription	Electricity makes me feel weird.
902	apexdescription	/objects/nmm_mvg/valve/hl2b_electricals/hl2_maintenancebox.object	/apexDescription	An blue maintenance box.
903	avalidescription	/objects/nmm_mvg/valve/hl2b_electricals/hl2_maintenancebox.object	/avaliDescription	Not orange. Or white. Or efficient.
904	aviandescription	/objects/nmm_mvg/valve/hl2b_electricals/hl2_maintenancebox.object	/avianDescription	I kinda want to climb into it. It seems locked, though.
905	felindescription	/objects/nmm_mvg/valve/hl2b_electricals/hl2_maintenancebox.object	/felinDescription	It's big, it's blue and it's big enough to hide a body inside. Uh, I mean...
906	florandescription	/objects/nmm_mvg/valve/hl2b_electricals/hl2_maintenancebox.object	/floranDescription	Blue metal box.
907	humandescription	/objects/nmm_mvg/valve/hl2b_electricals/hl2_maintenancebox.object	/humanDescription	Just some big blue metal box. No idea what it does.
908	hylotldescription	/objects/nmm_mvg/valve/hl2b_electricals/hl2_maintenancebox.object	/hylotlDescription	It's rather simple, yet the colours chosen are rather relaxing.
909	nekodescription	/objects/nmm_mvg/valve/hl2b_electricals/hl2_maintenancebox.object	/nekoDescription	Nice blue metal box... but I can't get inside.
910	novakiddescription	/objects/nmm_mvg/valve/hl2b_electricals/hl2_maintenancebox.object	/novakidDescription	Some kinda utility box.
911	apexdescription	/objects/nmm_mvg/valve/portal_cube/cubecatpanion.object	/apexDescription	"The improvised tail appears to be made of tin cans. They all read ""beans""."
912	aviandescription	/objects/nmm_mvg/valve/portal_cube/cubecatpanion.object	/avianDescription	Humans sure seem to make a lot of strange objects out of junk...
913	felindescription	/objects/nmm_mvg/valve/portal_cube/cubecatpanion.object	/felinDescription	Um, yeah, what the f°ck?
914	florandescription	/objects/nmm_mvg/valve/portal_cube/cubecatpanion.object	/floranDescription	Weird animal cube is unsstabbable.
915	glitchdescription	/objects/nmm_mvg/valve/portal_cube/cubecatpanion.object	/glitchDescription	Curious. I wonder what lead someone to feel the need to make this.
916	humandescription	/objects/nmm_mvg/valve/portal_cube/cubecatpanion.object	/humanDescription	"I'm honestly more of a ""hand-painted volleyball"" kind of desperate companion, myself."
917	hylotldescription	/objects/nmm_mvg/valve/portal_cube/cubecatpanion.object	/hylotlDescription	I have no words for this.
918	nekodescription	/objects/nmm_mvg/valve/portal_cube/cubecatpanion.object	/nekoDescription	Aww, it's... kinda cute. I'm flattered.
919	novakiddescription	/objects/nmm_mvg/valve/portal_cube/cubecatpanion.object	/novakidDescription	Some kinda cube made to look like an animal. Kinda weird.
920	apexdescription	/objects/nmm_mvg/valve/portal_radio/portalradio.object	/apexDescription	The radio is set to an impossible frequency. I can't change it either.
921	florandescription	/objects/nmm_mvg/valve/portal_radio/portalradio.object	/floranDescription	Musssic machine.
922	glitchdescription	/objects/nmm_mvg/valve/portal_radio/portalradio.object	/glitchDescription	Jolly. This old radio is playing a happy little tune.
923	humandescription	/objects/nmm_mvg/valve/portal_radio/portalradio.object	/humanDescription	Oh, wow, it's this thing, heh.
924	glitchdescription	/objects/nmm_mvg/valve/portal_tartarossigns/donotentersign.object	/glitchDescription	"Rebellious. ""Do not enter"", huh? Now I HAVE to know what's past this sign."
925	glitchdescription	/objects/nmm_mvg/valve/portal_tartarossigns/keepoutsign.object	/glitchDescription	"Rebellious. ""Keep out"", huh? Now I HAVE to know what's past this sign."
926	felindescription	/objects/nmm_mvg/valve/source_posters/paintingmatsysbgcat.object	/felinDescription	No, this is just a regular cat.
927	apexdescription	/objects/nmm_mvg/valve/source_posters/paintingshadertest03.object	/apexDescription	The Miniknog had outlawed such paintings like this. It doesn't feel like it was meant for my eyes.
928	aviandescription	/objects/nmm_mvg/valve/source_posters/paintingshadertest03.object	/avianDescription	It's the kind of painting only a gallery could love.
929	felindescription	/objects/nmm_mvg/valve/source_posters/paintingshadertest03.object	/felinDescription	Bleh. Not a fan.
930	florandescription	/objects/nmm_mvg/valve/source_posters/paintingshadertest03.object	/floranDescription	Floran doesss not undersstand the picture. But the purple used is niccce.
931	glitchdescription	/objects/nmm_mvg/valve/source_posters/paintingshadertest03.object	/glitchDescription	Appreciative. What a nice shade of purple.
932	humandescription	/objects/nmm_mvg/valve/source_posters/paintingshadertest03.object	/humanDescription	Meh. It's just a scribble.
933	hylotldescription	/objects/nmm_mvg/valve/source_posters/paintingshadertest03.object	/hylotlDescription	I'm not too big of a fan of these, but even in its simple and abstract nature, this one seems oddly interesting.
934	novakiddescription	/objects/nmm_mvg/valve/source_posters/paintingshadertest03.object	/novakidDescription	This one of those fancy newfangled brands or somethin'? I ain't seen this one before.
935	avalidescription	/objects/nmm_shipping/shippingcontainerbepisco.object	/avaliDescription	Oh no. It's that brand of terrible drinks.
936	apexdescription	/objects/nmm_shipping/shippingcontainerblackmesablue.object	/apexDescription	With my experience of laboratories, it was probably storing weapons at one point for some reason.
937	glitchdescription	/objects/nmm_shipping/shippingcontainerblackmesablue.object	/glitchDescription	Surprised. I am picking up trace amounts of radioactivity.
938	humandescription	/objects/nmm_shipping/shippingcontainerblackmesablue.object	/humanDescription	Shipping container... in the... metal. Or rather... nah, I can't make this work.
939	felindescription	/objects/nmm_shipping/shippingcontainercultist.object	/felinDescription	No style whatsoever. It also smells of paint fumes. Massive bleh.
940	humandescription	/objects/nmm_shipping/shippingcontainercultist.object	/humanDescription	What would the Ocassus store, anyway?
941	felindescription	/objects/nmm_shipping/shippingcontainerfrogg.object	/felinDescription	I could live in this. It's even fully furnished!
942	florandescription	/objects/nmm_shipping/shippingcontainerfrogg.object	/floranDescription	Sssmells like... meatballs.
943	glitchdescription	/objects/nmm_shipping/shippingcontainerinfinity.object	/glitchDescription	Curious. What's stored in here? The possibilities are... infinite.
944	apexdescription	/objects/nmm_shipping/shippingcontainerletheia.object	/apexDescription	It's a huge crate for shipping large cargo. It doesn't look like it's been used in ages.
945	aviandescription	/objects/nmm_shipping/shippingcontainerletheia.object	/avianDescription	This container seems very old. I believe Letheia uses more secure containers now...
946	florandescription	/objects/nmm_shipping/shippingcontainerletheia.object	/floranDescription	Container hasss fishman company logo on it.
947	glitchdescription	/objects/nmm_shipping/shippingcontainerletheia.object	/glitchDescription	Wary. This container seems rather old and is beginning to rust.
948	humandescription	/objects/nmm_shipping/shippingcontainerletheia.object	/humanDescription	What's the bet it contained WAY too many Numi-shaped phones and spilled everywhere at one point?
949	hylotldescription	/objects/nmm_shipping/shippingcontainerletheia.object	/hylotlDescription	As far as I know, the Letheia Corporation hasn't used these kinds of containers for ages... even though they still make many of them.
950	felindescription	/objects/nmm_shipping/shippingcontainermultiverse.object	/felinDescription	Nice color.
951	felindescription	/objects/nmm_shipping/shippingcontainernp1.object	/felinDescription	Magnet crane, oh magnet crane...
952	felindescription	/objects/nmm_shipping/shippingcontainerportline.object	/felinDescription	Yeah yeah, I get it.
953	humandescription	/objects/nmm_shipping/shippingcontainerportline.object	/humanDescription	The, uh, logo... it's looking rather... sus.
954	hylotldescription	/objects/nmm_shipping/shippingcontainerportline.object	/hylotlDescription	I really don't see what the problem is. It's just a shipping company.
955	nekodescription	/objects/nmm_shipping/shippingcontainerportline.object	/nekoDescription	Personally, I'd use X-Press Transit...
956	avalidescription	/objects/nmm_shipping/shippingcontainertarbound.object	/avaliDescription	Really? A tar cargo container?
957	nekodescription	/objects/nmm_shipping/shippingcontainertarbound.object	/nekoDescription	Heehee, a tar-go container.
958	aviandescription	/objects/nmm_shipping/shippingcontaineruscm.object	/avianDescription	Knowing humans, it was probably filled to the top with magazines at some point. Er- well, either kind of magazine.
959	felindescription	/objects/nmm_shipping/shippingcontaineruscm.object	/felinDescription	It'd be crazy NOT to raid a military container. Who's gonna care anyway? Clearly not these guys.
960	florandescription	/objects/nmm_shipping/shippingcontaineruscm.object	/floranDescription	Sssneaky box is eassily ssspotted because of ssstupid bright letters.
961	glitchdescription	/objects/nmm_shipping/shippingcontaineruscm.object	/glitchDescription	Suspicious. Someone's been maintaining this container, despite its age and the fact the USCM no longer exists...
962	humandescription	/objects/nmm_shipping/shippingcontaineruscm.object	/humanDescription	I wonder what was in here originally? Secret plans? Mech parts? Or, more likely, useless junk.
963	nekodescription	/objects/nmm_shipping/shippingcontaineruscm.object	/nekoDescription	Guns? Guns? I'm completely normal and can absolutely be trusted with guns!
964	novakiddescription	/objects/nmm_shipping/shippingcontaineruscm.object	/novakidDescription	Everythin' 'bout this container's tellin' me there's weapons inside.
965	avalidescription	/objects/nmm_starbound/custom/arcademicrowave/arcademicrowave.object	/avaliDescription	There's been a low-power microwave stuffed in here. If it wasn't so junky, it could almost be innovation.
966	aviandescription	/objects/nmm_starbound/custom/arcademicrowave/arcademicrowave.object	/avianDescription	No crocodiles? That's a relief.
967	felindescription	/objects/nmm_starbound/custom/arcademicrowave/arcademicrowave.object	/felinDescription	This has to be so inefficient. But it's got games and popcorn!
968	humandescription	/objects/nmm_starbound/custom/arcademicrowave/arcademicrowave.object	/humanDescription	Play a game while you wait for your food to be cooked! It's absolutely genius!
969	nekodescription	/objects/nmm_starbound/custom/arcademicrowave/arcademicrowave.object	/nekoDescription	What a great idea!
970	apexdescription	/objects/nmm_starbound/custom/artifactreplicadisplay/artifactreplicadisplay.object	/apexDescription	I wonder what the Genesis Coil was used for? I probably won't get to know, the Miniknog destroy important documents like they mean absolutely nothing.
971	aviandescription	/objects/nmm_starbound/custom/artifactreplicadisplay/artifactreplicadisplay.object	/avianDescription	The Wheel of Kluex... I wonder if Kluex really was controlling that statue. Most of me says no, but a part of me is still clinging onto that possibility.
972	felindescription	/objects/nmm_starbound/custom/artifactreplicadisplay/artifactreplicadisplay.object	/felinDescription	I want to play with 'em all.
973	florandescription	/objects/nmm_starbound/custom/artifactreplicadisplay/artifactreplicadisplay.object	/floranDescription	They wouldn't let Floran keep the real Bone Trophy. Floran really wanted it.
974	glitchdescription	/objects/nmm_starbound/custom/artifactreplicadisplay/artifactreplicadisplay.object	/glitchDescription	Envious. The Regal Medallion would be a fine addition to anyone's treasure collection, especially my own. Shame this is just a replica...
975	humandescription	/objects/nmm_starbound/custom/artifactreplicadisplay/artifactreplicadisplay.object	/humanDescription	Oh, it's the Master Manipulator. I kinda wish I could use it. I wonder how different it was from my manipulator?
976	hylotldescription	/objects/nmm_starbound/custom/artifactreplicadisplay/artifactreplicadisplay.object	/hylotlDescription	The Mirror of Wisdom. In terms of a mirror, it's not. However, it is most absolutely a window to enlightenment.
977	novakiddescription	/objects/nmm_starbound/custom/artifactreplicadisplay/artifactreplicadisplay.object	/novakidDescription	That there Starbound emblem is the fine work of a Novakid, no doubt about it.
978	slimepersondescription	/objects/nmm_starbound/custom/artifactreplicadisplay/artifactreplicadisplay.object	/slimepersonDescription	Uh... neat. I have, like, no idea what I'm looking at, but... cool, I guess?
979	aviandescription	/objects/nmm_starbound/custom/cabinchair2/cabinchair.object	/avianDescription	Hand carved furniture! It looks like someone did... well, something, to it.
980	felindescription	/objects/nmm_starbound/custom/cabinchair2/cabinchair.object	/felinDescription	Needs more foam.
981	glitchdescription	/objects/nmm_starbound/custom/cabinchair2/cabinchair.object	/glitchDescription	Comforted. What a nice wooden chair.
982	humandescription	/objects/nmm_starbound/custom/cabinchair2/cabinchair.object	/humanDescription	It's a nice wooden chair and all, but something's off...
983	nekodescription	/objects/nmm_starbound/custom/cabinchair2/cabinchair.object	/nekoDescription	Hard wooden chair. Looks pretty, though.
984	hylotldescription	/objects/nmm_starbound/custom/cardboardcutout/hirakicutout.object	/hylotlDescription	H-Hiraki Corale?! ...O-oh, it's just a cardboard cutout.
985	apexdescription	/objects/nmm_starbound/custom/cart/cart.object	/apexDescription	It's a wooden minecart full of some earth and minerals.
986	aviandescription	/objects/nmm_starbound/custom/cart/cart.object	/avianDescription	An old minecart.
987	felindescription	/objects/nmm_starbound/custom/cart/cart.object	/felinDescription	Yeah, that's a minecart.
988	florandescription	/objects/nmm_starbound/custom/cart/cart.object	/floranDescription	Wheely dirt mover thing.
989	glitchdescription	/objects/nmm_starbound/custom/cart/cart.object	/glitchDescription	Bored. It's a minecart.
990	humandescription	/objects/nmm_starbound/custom/cart/cart.object	/humanDescription	Oh, cool! A minecart.
991	hylotldescription	/objects/nmm_starbound/custom/cart/cart.object	/hylotlDescription	An old rickety minecart. I feel it won't be moving much off the rails.
992	nekodescription	/objects/nmm_starbound/custom/cart/cart.object	/nekoDescription	Bleh, dusty.
993	avalidescription	/objects/nmm_starbound/custom/glitchfaction2/battlestandardperfect.object	/avaliDescription	This war banner is a really nice shade of green, though not very menacing...
994	felindescription	/objects/nmm_starbound/custom/glitchfaction2/battlestandardperfect.object	/felinDescription	I've got- *yaaawn* ...a real urge to sharpen my claws here.
995	florandescription	/objects/nmm_starbound/custom/glitchfaction2/battlestandardperfect.object	/floranDescription	Floran likess bright green flag. Remindsss Floran of home.
996	glitchdescription	/objects/nmm_starbound/custom/glitchfaction2/battlestandardperfect.object	/glitchDescription	Sarcastic. Oh, great. Perfectionists.
997	nekodescription	/objects/nmm_starbound/custom/glitchfaction2/battlestandardperfect.object	/nekoDescription	Mmm, a fancy green banner.
998	glitchdescription	/objects/nmm_starbound/custom/glitchfaction2/glitchflagpoleperfect.object	/glitchDescription	Dismissive. A flag of the Perfectionist house.
999	aviandescription	/objects/nmm_starbound/custom/hugehylotlneon/hugehylotlneon.object	/avianDescription	Something... about a shop. I have no idea what it sells.
1000	glitchdescription	/objects/nmm_starbound/custom/hugehylotlneon/hugehylotlneon.object	/glitchDescription	Bored. This sign appears to be advertising some sort of store.
1001	humandescription	/objects/nmm_starbound/custom/hugehylotlneon/hugehylotlneon.object	/humanDescription	That sign is huge, but there's no pictures, no nothing.
1002	novakiddescription	/objects/nmm_starbound/custom/hugehylotlneon/hugehylotlneon.object	/novakidDescription	Big ol' sign with some kinda writin' on it.
1003	florandescription	/objects/nmm_starbound/custom/hylotlcrates/hylotlcratelarge.object	/floranDescription	Fishman box.
1004	apexdescription	/objects/nmm_starbound/custom/hylotlfashionposter/hylotlfashionposter.object	/apexDescription	It's an ad for a clothing store called Flashy Fins.
1005	aviandescription	/objects/nmm_starbound/custom/hylotlfashionposter/hylotlfashionposter.object	/avianDescription	An advertisement for a store called Flashy Fins.
1006	florandescription	/objects/nmm_starbound/custom/hylotlfashionposter/hylotlfashionposter.object	/floranDescription	Flashy Fins? More like... oh, Floran got nothing.
1007	glitchdescription	/objects/nmm_starbound/custom/hylotlfashionposter/hylotlfashionposter.object	/glitchDescription	Neutral. Just an ad for a clothing store called Flashy Fins.
1008	humandescription	/objects/nmm_starbound/custom/hylotlfashionposter/hylotlfashionposter.object	/humanDescription	It's an ad for a Hylotl clothing store, Flashy Fins.
1009	hylotldescription	/objects/nmm_starbound/custom/hylotlfashionposter/hylotlfashionposter.object	/hylotlDescription	Flashy Fins is a popular clothing store among Hylotl youths.
1010	felindescription	/objects/nmm_starbound/custom/infinityexpress/infinitytrash.object	/felinDescription	You never know what you might find in these.
1011	nekodescription	/objects/nmm_starbound/custom/infinityexpress/infinitytrash.object	/nekoDescription	Trash. Smells wet.
1012	apexdescription	/objects/nmm_starbound/custom/infinityfuel/infinitypump.object	/apexDescription	An erchius fuel pump. I like to be self-reliant, but it's here if I really need it.
1013	florandescription	/objects/nmm_starbound/custom/infinityfuel/infinitypump.object	/floranDescription	Floran put pixelss in, fuel comesss out. Floran like that.
1014	glitchdescription	/objects/nmm_starbound/custom/infinityfuel/infinitypump.object	/glitchDescription	Intrigued. I can come to this pump and buy ship fuel.
1015	humandescription	/objects/nmm_starbound/custom/infinityfuel/infinitypump.object	/humanDescription	Oh, good. I'm not too big of a fan of seeing those ghosts.
1016	novakiddescription	/objects/nmm_starbound/custom/infinityfuel/infinitypump.object	/novakidDescription	Well, ain't a fuel pump a handy thing to have around?
1017	humandescription	/objects/nmm_starbound/custom/laundry/basicdryer.object	/humanDescription	Oh boy, when you put a blanket in one of these bad boys... Man, I love a warm blanket snuggle.
1018	humandescription	/objects/nmm_starbound/custom/laundry/basicwasher.object	/humanDescription	It's a plain as plain washing machine. Still entertaining to watch, of course.
1019	apexdescription	/objects/nmm_starbound/custom/laundry/foldingrack.object	/apexDescription	It's not uncommon to find one of these in a standard issued Apex dwelling.
1020	humandescription	/objects/nmm_starbound/custom/laundry/foldingrack.object	/humanDescription	Sweet, a place to hang my wet clothes. Man, I seem to get wet way too often.
1021	apexdescription	/objects/nmm_starbound/custom/laundry/hillshoist.object	/apexDescription	I've never seen a clothesline like this before. It's certainly interesting.
1022	hylotldescription	/objects/nmm_starbound/custom/laundry/hillshoist.object	/hylotlDescription	Such a design would not work underwater. For multiple reasons...
1023	florandescription	/objects/nmm_starbound/custom/mashupjukebox/jukebox.object	/floranDescription	Box make noissse at Floran. Floran make noissse back.
1024	glitchdescription	/objects/nmm_starbound/custom/mashupjukebox/jukebox.object	/glitchDescription	Grooving. The music affects my circuits in such a way that I can't help but dance.
1025	apexdescription	/objects/nmm_starbound/custom/oldrobotfactory/oldrobotfactory.object	/apexDescription	Miniknog drone factories are much more efficient than how this one once was. They also used laborers.
1026	felindescription	/objects/nmm_starbound/custom/oldrobotfactory/oldrobotfactory.object	/felinDescription	This thing's way past busted. Huge shame, I wanted to have my own legion of cleaning bots.
1027	florandescription	/objects/nmm_starbound/custom/oldrobotfactory/oldrobotfactory.object	/floranDescription	Robot making machine doesss not work...
1028	glitchdescription	/objects/nmm_starbound/custom/oldrobotfactory/oldrobotfactory.object	/glitchDescription	Appalled. This factory is in a horrific condition!
1029	humandescription	/objects/nmm_starbound/custom/oldrobotfactory/oldrobotfactory.object	/humanDescription	Yeah, nah. This is definitely broken.
1030	hylotldescription	/objects/nmm_starbound/custom/oldrobotfactory/oldrobotfactory.object	/hylotlDescription	Now this is little more than an ugly monument to the late human military's wastefulness.
1031	nekodescription	/objects/nmm_starbound/custom/oldrobotfactory/oldrobotfactory.object	/nekoDescription	Who needs robots anyway when you can just get tentacles to attack?
1032	novakiddescription	/objects/nmm_starbound/custom/oldrobotfactory/oldrobotfactory.object	/novakidDescription	Kinda glad it don't work, so I don't have to deal with whatever kinda defence doohickeys or whatnot came outta that.
1033	nekodescription	/objects/nmm_starbound/custom/peacekeeperemblembronze/peacekeeperemblembronze.object	/nekoDescription	Poo color!
1034	humandescription	/objects/nmm_starbound/custom/placedcans/sepsis.object	/humanDescription	Ew. That sounds awful.
1035	avalidescription	/objects/nmm_starbound/custom/plushies/plushchucklefish.object	/avaliDescription	I like the color on this one, super cuddly too!
1036	aviandescription	/objects/nmm_starbound/custom/plushies/plushchucklefish.object	/avianDescription	I wonder what makes this plushie look so giggly?
1037	felindescription	/objects/nmm_starbound/custom/plushies/plushchucklefish.object	/felinDescription	It's cute and it makes me hungry! What's not to love about it?
1038	florandescription	/objects/nmm_starbound/custom/plushies/plushchucklefish.object	/floranDescription	Bubble fish plushie!
1039	glitchdescription	/objects/nmm_starbound/custom/plushies/plushchucklefish.object	/glitchDescription	Familiar. Where have I seen this fish before?
1040	humandescription	/objects/nmm_starbound/custom/plushies/plushchucklefish.object	/humanDescription	Every time before I wake up, just for a brief moment, I feel like I see this... thing. Why?
1041	hylotldescription	/objects/nmm_starbound/custom/plushies/plushchucklefish.object	/hylotlDescription	I feel like I've seen this before.
1042	nekodescription	/objects/nmm_starbound/custom/plushies/plushchucklefish.object	/nekoDescription	Aww, cute little fish plushie.
1043	novakiddescription	/objects/nmm_starbound/custom/plushies/plushchucklefish.object	/novakidDescription	It's a toy of some orange fish.
1044	apexdescription	/objects/nmm_starbound/custom/plushies/plusherchiusghost.object	/apexDescription	I'm not really fond of these. I don't really want to see it again.
1045	avalidescription	/objects/nmm_starbound/custom/plushies/plusherchiusghost.object	/avaliDescription	I always love a big plushie. ...This one's still kinda creepy though.
1046	aviandescription	/objects/nmm_starbound/custom/plushies/plusherchiusghost.object	/avianDescription	I have nightmares about these! The last thing I'd ever want to do is have a giant plush of one!
1047	felindescription	/objects/nmm_starbound/custom/plushies/plusherchiusghost.object	/felinDescription	So big, so squishy~ ...But why this?
1048	glitchdescription	/objects/nmm_starbound/custom/plushies/plusherchiusghost.object	/glitchDescription	Terrified. Why... who would make a plush toy of this?!
1049	humandescription	/objects/nmm_starbound/custom/plushies/plusherchiusghost.object	/humanDescription	I suppose it's kinda cute in the same way a... nah, this is terrifying.
1050	hylotldescription	/objects/nmm_starbound/custom/plushies/plusherchiusghost.object	/hylotlDescription	This plushie is really testing the line between terrifying and so so squishy...
1051	nekidescription	/objects/nmm_starbound/custom/plushies/plusherchiusghost.object	/nekiDescription	Big... squishy... s-scary...
1052	nekodescription	/objects/nmm_starbound/custom/plushies/plusherchiusghost.object	/nekoDescription	I-it's not r-real, i-is it?
1053	novakiddescription	/objects/nmm_starbound/custom/plushies/plusherchiusghost.object	/novakidDescription	Nope. Can't ever convince me that thing's cute.
1054	apexdescription	/objects/nmm_starbound/custom/plushies/plushfennix.object	/apexDescription	They're cute, but I can't get over the fact they singe my hair every time I get too close.
1055	aviandescription	/objects/nmm_starbound/custom/plushies/plushfennix.object	/avianDescription	They're pretty cute.
1056	felindescription	/objects/nmm_starbound/custom/plushies/plushfennix.object	/felinDescription	Nope. Not a fan at all.
1057	florandescription	/objects/nmm_starbound/custom/plushies/plushfennix.object	/floranDescription	Floran disslikes fire fox.
1058	glitchdescription	/objects/nmm_starbound/custom/plushies/plushfennix.object	/glitchDescription	Unsettled. I don't really like Fennixes. They're notorious crop burners.
1059	humandescription	/objects/nmm_starbound/custom/plushies/plushfennix.object	/humanDescription	I think I'd like them a lot more if they didn't try to burn me.
1060	hylotldescription	/objects/nmm_starbound/custom/plushies/plushfennix.object	/hylotlDescription	It's so cute! I need it!
1061	nekodescription	/objects/nmm_starbound/custom/plushies/plushfennix.object	/nekoDescription	Aww, a cute little Fennix!
1062	novakiddescription	/objects/nmm_starbound/custom/plushies/plushfennix.object	/novakidDescription	I'm a ball o' fire, an' one o' these buggers burned ME. Don't get it. Nothin' makes sense anymore.
1063	aviandescription	/objects/nmm_starbound/custom/plushies/plushgleap.object	/avianDescription	I suppose Gleaps are pretty cute.
1064	felindescription	/objects/nmm_starbound/custom/plushies/plushgleap.object	/felinDescription	I guess Gleaps are cute.
1065	florandescription	/objects/nmm_starbound/custom/plushies/plushgleap.object	/floranDescription	Annoying Gleap plushie. Sstill cute.
1066	glitchdescription	/objects/nmm_starbound/custom/plushies/plushgleap.object	/glitchDescription	Conflicted. I find Gleaps quite cute, but they can be really annoying.
1067	humandescription	/objects/nmm_starbound/custom/plushies/plushgleap.object	/humanDescription	I always thought Gleaps looked pretty huggable.
1068	hylotldescription	/objects/nmm_starbound/custom/plushies/plushgleap.object	/hylotlDescription	I find Gleaps to be quite annoying, but I admit, they're still cute.
1069	nekodescription	/objects/nmm_starbound/custom/plushies/plushgleap.object	/nekoDescription	I like Gleaps!
1070	novakiddescription	/objects/nmm_starbound/custom/plushies/plushgleap.object	/novakidDescription	Annoyin' little buggers, the lot of 'em.
1071	aviandescription	/objects/nmm_starbound/custom/plushies/plushkasumi.object	/avianDescription	Wow, the detail on this plush toy is impressive.
1072	florandescription	/objects/nmm_starbound/custom/plushies/plushkasumi.object	/floranDescription	Fisssshman plussh.
1073	glitchdescription	/objects/nmm_starbound/custom/plushies/plushkasumi.object	/glitchDescription	Uninterested. It is a very cute plushie, but... well, it's not my thing.
1074	humandescription	/objects/nmm_starbound/custom/plushies/plushkasumi.object	/humanDescription	Oooh, a plushie! Isn't this the girl from those Hylotl games?
1075	hylotldescription	/objects/nmm_starbound/custom/plushies/plushkasumi.object	/hylotlDescription	I remember these plushes being wildly popular after the game was released.
1076	nekodescription	/objects/nmm_starbound/custom/plushies/plushkasumi.object	/nekoDescription	Squishy cuddly Hylotl plushie!
1077	novakiddescription	/objects/nmm_starbound/custom/plushies/plushkasumi.object	/novakidDescription	Some sorta Hylotl toy. I ain't too interested in it.
1078	avalidescription	/objects/nmm_starbound/custom/plushies/plushmurasame.object	/avaliDescription	Some plush aquatic creature. Looks weird.
1079	aviandescription	/objects/nmm_starbound/custom/plushies/plushmurasame.object	/avianDescription	It's giving me a weird look.
1080	florandescription	/objects/nmm_starbound/custom/plushies/plushmurasame.object	/floranDescription	Weird fissshman sshark plusshie. ...Floran likess it.
1081	glitchdescription	/objects/nmm_starbound/custom/plushies/plushmurasame.object	/glitchDescription	Conflicted. It's very cuddly... but it just feels weird.
1082	humandescription	/objects/nmm_starbound/custom/plushies/plushmurasame.object	/humanDescription	Eh. I like it. I think.
1083	nekidescription	/objects/nmm_starbound/custom/plushies/plushmurasame.object	/nekiDescription	Good thing for sleeping with. Also kinda smells like food...
1084	novakiddescription	/objects/nmm_starbound/custom/plushies/plushmurasame.object	/novakidDescription	Some strange animal-shaped pillow. Looks weird.
1085	avalidescription	/objects/nmm_starbound/custom/plushies/plushmyaonori.object	/avaliDescription	It's a little on the weird side, but it's alright... heehee! So squishy!
1086	aviandescription	/objects/nmm_starbound/custom/plushies/plushmyaonori.object	/avianDescription	It's a plush Hylotl character, and yeah... okay, it's pretty cute.
1087	felindescription	/objects/nmm_starbound/custom/plushies/plushmyaonori.object	/felinDescription	It looks very, very cute. And it's making me hungry~
1088	florandescription	/objects/nmm_starbound/custom/plushies/plushmyaonori.object	/floranDescription	Weird fishy creature toy reminds me of fissshman.
1089	glitchdescription	/objects/nmm_starbound/custom/plushies/plushmyaonori.object	/glitchDescription	Amused. The creature looks like a Hylotl rice ball.
1090	humandescription	/objects/nmm_starbound/custom/plushies/plushmyaonori.object	/humanDescription	Is that a jelly donut?
1091	hylotldescription	/objects/nmm_starbound/custom/plushies/plushmyaonori.object	/hylotlDescription	Yeeee! A Myao Nori plushie! I'll admit, I've wanted one for a long time.
1092	nekidescription	/objects/nmm_starbound/custom/plushies/plushmyaonori.object	/nekiDescription	Funny looking plushie thing. It is very cuddly though!
1093	novakiddescription	/objects/nmm_starbound/custom/plushies/plushmyaonori.object	/novakidDescription	Some kinda weird Hylotl toy.
1094	aviandescription	/objects/nmm_starbound/custom/plushies/plushnautileech.object	/avianDescription	I'm not fond of Nautileeches, but this is still a cute plushie.
1095	florandescription	/objects/nmm_starbound/custom/plushies/plushnautileech.object	/floranDescription	Annoying sssucker plush.
1096	humandescription	/objects/nmm_starbound/custom/plushies/plushnautileech.object	/humanDescription	Kinda looks like a silly pillow.
1097	hylotldescription	/objects/nmm_starbound/custom/plushies/plushnautileech.object	/hylotlDescription	It's admittedly cute, even for a Nautileech.
1098	avalidescription	/objects/nmm_starbound/custom/plushies/plushpetricub.object	/avaliDescription	I'm not especially fond of Petricubs, but this is a very nice plushie.
1099	aviandescription	/objects/nmm_starbound/custom/plushies/plushpetricub.object	/avianDescription	I've never actually realised how goofy Petricubs look... mainly because I'm always busy being pestered.
1100	felindescription	/objects/nmm_starbound/custom/plushies/plushpetricub.object	/felinDescription	Hmm, stupid space dog.
1101	florandescription	/objects/nmm_starbound/custom/plushies/plushpetricub.object	/floranDescription	Sssilly space puppy plushie. Floran like it a little.
1102	glitchdescription	/objects/nmm_starbound/custom/plushies/plushpetricub.object	/glitchDescription	Unimpressed. These creatures are always nipping at me whenever I'm around them.
1103	humandescription	/objects/nmm_starbound/custom/plushies/plushpetricub.object	/humanDescription	They're like space dogs, but- no, they're exactly space dogs. Still cute though!
1104	hylotldescription	/objects/nmm_starbound/custom/plushies/plushpetricub.object	/hylotlDescription	Heehee! These creatures may be quite the bother, but they do make for a very cute plushie!
1105	nekidescription	/objects/nmm_starbound/custom/plushies/plushpetricub.object	/nekiDescription	Silly stupid plushie. I like it.
1106	nekodescription	/objects/nmm_starbound/custom/plushies/plushpetricub.object	/nekoDescription	I think he looks silly, heehee!
1107	novakiddescription	/objects/nmm_starbound/custom/plushies/plushpetricub.object	/novakidDescription	I ain't so sure that the point o' this is.
1108	slimepersondescription	/objects/nmm_starbound/custom/plushies/plushpetricub.object	/slimepersonDescription	It's a plush Petricub. I guess it's pretty cute.
1109	apexdescription	/objects/nmm_starbound/custom/plushies/plushRM01.object	/apexDescription	Do other people find this... cute? Because I find this grotesque.
1110	avalidescription	/objects/nmm_starbound/custom/plushies/plushRM01.object	/avaliDescription	It's certainly, um, a plushie.
1111	aviandescription	/objects/nmm_starbound/custom/plushies/plushRM01.object	/avianDescription	He's got quite the head on him, doesn't he?
1112	felindescription	/objects/nmm_starbound/custom/plushies/plushRM01.object	/felinDescription	Big ass head.
1113	florandescription	/objects/nmm_starbound/custom/plushies/plushRM01.object	/floranDescription	Silly plushie has big, ssstupid head.
1114	humandescription	/objects/nmm_starbound/custom/plushies/plushRM01.object	/humanDescription	It kinda looks like a Glitch... if it were, like, organic.
1115	hylotldescription	/objects/nmm_starbound/custom/plushies/plushRM01.object	/hylotlDescription	Heehee, this guy.
1116	nekidescription	/objects/nmm_starbound/custom/plushies/plushRM01.object	/nekiDescription	Dumb looking plushie.
1117	nekodescription	/objects/nmm_starbound/custom/plushies/plushRM01.object	/nekoDescription	He looks silly!
1118	novakiddescription	/objects/nmm_starbound/custom/plushies/plushRM01.object	/novakidDescription	What's up with the big head?
1119	apexdescription	/objects/nmm_starbound/custom/plushies/plushRM78.object	/apexDescription	This plush toy reminds me of someone I used to know.
1120	avalidescription	/objects/nmm_starbound/custom/plushies/plushRM78.object	/avaliDescription	It's a nice, cuddly plushie. Not so sure about the, uh, apeishness though.
1121	aviandescription	/objects/nmm_starbound/custom/plushies/plushRM78.object	/avianDescription	This purple ape plush is extremely fluffy.
1122	felindescription	/objects/nmm_starbound/custom/plushies/plushRM78.object	/felinDescription	The fur on this plushie's very soft. Almost as soft as mine, but I never lose.
1123	florandescription	/objects/nmm_starbound/custom/plushies/plushRM78.object	/floranDescription	Plushie hasss fur? Very sssoft fur.
1124	glitchdescription	/objects/nmm_starbound/custom/plushies/plushRM78.object	/glitchDescription	Content. It's a very soft and fluffy plush.
1125	humandescription	/objects/nmm_starbound/custom/plushies/plushRM78.object	/humanDescription	Heh, monkey.
1126	hylotldescription	/objects/nmm_starbound/custom/plushies/plushRM78.object	/hylotlDescription	The subject of the plushie is questionable, but it is so undeniably fluffy.
1127	nekidescription	/objects/nmm_starbound/custom/plushies/plushRM78.object	/nekiDescription	This plushie is almost as fluffy as me!
1128	nekodescription	/objects/nmm_starbound/custom/plushies/plushRM78.object	/nekoDescription	SOO. FLUFFYYY.
1129	novakiddescription	/objects/nmm_starbound/custom/plushies/plushRM78.object	/novakidDescription	Well ain't that one of the hairiest things I've seen in a while.
1130	slimepersondescription	/objects/nmm_starbound/custom/plushies/plushRM78.object	/slimepersonDescription	I probably shouldn't touch it...
1131	felindescription	/objects/nmm_starbound/custom/plushies/plushRMe2.object	/felinDescription	This creature seems familiar, I wonder...
1132	nekodescription	/objects/nmm_starbound/custom/plushies/plushRMe2.object	/nekoDescription	This guy looks super cuddly!
1133	avalidescription	/objects/nmm_starbound/custom/plushies/plushslugfrog.object	/avaliDescription	Yeah, it's a pretty cute plushie.
1134	felindescription	/objects/nmm_starbound/custom/plushies/plushslugfrog.object	/felinDescription	Squishy slugfrog plushie, heehee.
1135	florandescription	/objects/nmm_starbound/custom/plushies/plushslugfrog.object	/floranDescription	Aww, Floran like this ssilly creature toy.
1136	glitchdescription	/objects/nmm_starbound/custom/plushies/plushslugfrog.object	/glitchDescription	Enamored. Aww, this slugfrog plush is so cute!
1137	humandescription	/objects/nmm_starbound/custom/plushies/plushslugfrog.object	/humanDescription	Heehee, slugfrogs are pretty cute.
1138	hylotldescription	/objects/nmm_starbound/custom/plushies/plushslugfrog.object	/hylotlDescription	Eee! So cute! I definitely want this in my plushie collection!
1139	nekidescription	/objects/nmm_starbound/custom/plushies/plushslugfrog.object	/nekiDescription	Silly snack squishy! ...Can I eat it?
1140	nekodescription	/objects/nmm_starbound/custom/plushies/plushslugfrog.object	/nekoDescription	Mmmm! So cute!
1141	novakiddescription	/objects/nmm_starbound/custom/plushies/plushslugfrog.object	/novakidDescription	Some kinda squishy doll.
1142	slimepersondescription	/objects/nmm_starbound/custom/plushies/plushslugfrog.object	/slimepersonDescription	Heh, I had a friend that kinda looked like one of these.
1143	apexdescription	/objects/nmm_starbound/custom/plushies/plushsmoglin.object	/apexDescription	Why anyone would create this is beyond me.
1144	avalidescription	/objects/nmm_starbound/custom/plushies/plushsmoglin.object	/avaliDescription	It's a very soft plushie of a very unpleasant creature.
1145	aviandescription	/objects/nmm_starbound/custom/plushies/plushsmoglin.object	/avianDescription	They smell weird. But this plush is kinda cute.
1146	florandescription	/objects/nmm_starbound/custom/plushies/plushsmoglin.object	/floranDescription	Floran not liking the big smoky dog.
1147	glitchdescription	/objects/nmm_starbound/custom/plushies/plushsmoglin.object	/glitchDescription	Conflicted. I don't really like Smoglins, but this plushie is very cuddly.
1148	humandescription	/objects/nmm_starbound/custom/plushies/plushsmoglin.object	/humanDescription	I... suppose Smoglins could be cute?
1149	hylotldescription	/objects/nmm_starbound/custom/plushies/plushsmoglin.object	/hylotlDescription	It is a very cuddly plushie...
1150	nekidescription	/objects/nmm_starbound/custom/plushies/plushsmoglin.object	/nekiDescription	Soft plushie of a nasty mean thing. I like it!
1151	nekodescription	/objects/nmm_starbound/custom/plushies/plushsmoglin.object	/nekoDescription	Aww, he's very cute~
1152	novakiddescription	/objects/nmm_starbound/custom/plushies/plushsmoglin.object	/novakidDescription	I don't get the point o' this.
1153	aviandescription	/objects/nmm_starbound/custom/plushies/plushsnowbun.object	/avianDescription	Real rabbit people in our universe? That would be... eye-opening for me, to say the least.
1154	humandescription	/objects/nmm_starbound/custom/plushies/plushsnowbun.object	/humanDescription	It's cute. That's all I'm gonna say about it.
1155	apexdescription	/objects/nmm_starbound/custom/plushies/plushsymbiote.object	/apexDescription	I'm not sure why someone would make this.
1156	florandescription	/objects/nmm_starbound/custom/plushies/plushsymbiote.object	/floranDescription	Floran like silly critter plush.
1157	glitchdescription	/objects/nmm_starbound/custom/plushies/plushsymbiote.object	/glitchDescription	Content. It's a Symbiote plushie. Pretty cute.
1158	humandescription	/objects/nmm_starbound/custom/plushies/plushsymbiote.object	/humanDescription	Aww, a little Symbiote plush.
1159	hylotldescription	/objects/nmm_starbound/custom/plushies/plushsymbiote.object	/hylotlDescription	Aww, a little Symbiote plush!
1160	nekodescription	/objects/nmm_starbound/custom/plushies/plushsymbiote.object	/nekoDescription	Aww, nya, A little Symbiote plush!
1161	novakiddescription	/objects/nmm_starbound/custom/plushies/plushsymbiote.object	/novakidDescription	Someone made a toy o' the little jelly critter.
1162	apexdescription	/objects/nmm_starbound/custom/plushies/plushwormonch.object	/apexDescription	Well, I'm more terrified than enamored.
1163	avalidescription	/objects/nmm_starbound/custom/plushies/plushwormonch.object	/avaliDescription	I thought marketable plushies are supposed to be, you know, marketable.
1164	aviandescription	/objects/nmm_starbound/custom/plushies/plushwormonch.object	/avianDescription	I'm terrified of being eaten by a giant Wormonch, not so sure if I want a plushie of one.
1165	felindescription	/objects/nmm_starbound/custom/plushies/plushwormonch.object	/felinDescription	Probably shouldn't.
1166	florandescription	/objects/nmm_starbound/custom/plushies/plushwormonch.object	/floranDescription	Floran not like Wormonch. Floran not like plushie.
1167	glitchdescription	/objects/nmm_starbound/custom/plushies/plushwormonch.object	/glitchDescription	Unsettled. The thought of giant Wormonches terrify me, I probably don't need a constant reminder of that.
1168	humandescription	/objects/nmm_starbound/custom/plushies/plushwormonch.object	/humanDescription	This plush is terrifying. I want it.
1169	hylotldescription	/objects/nmm_starbound/custom/plushies/plushwormonch.object	/hylotlDescription	The toothy maw on this plush toy is rather unsettling. I don't know what to think about this plushie.
1170	nekidescription	/objects/nmm_starbound/custom/plushies/plushwormonch.object	/nekiDescription	Some sorta hungry worm plushie? Can I eat it?
1171	nekodescription	/objects/nmm_starbound/custom/plushies/plushwormonch.object	/nekoDescription	Th-that's gonna give me nightmares.
1172	novakiddescription	/objects/nmm_starbound/custom/plushies/plushwormonch.object	/novakidDescription	Yeesh, that thing supposed to be cute?
1173	aviandescription	/objects/nmm_starbound/custom/plushies/plushzoria.object	/avianDescription	I've heard a lot of good things about this show. Never watched it, though.
1174	florandescription	/objects/nmm_starbound/custom/plushies/plushzoria.object	/floranDescription	Floran remembersss watching hero show on TV. Floran liked it.
1175	humandescription	/objects/nmm_starbound/custom/plushies/plushzoria.object	/humanDescription	Oh sweet, I used to watch that show a lot, before I went to the Academy.
1176	hylotldescription	/objects/nmm_starbound/custom/plushies/plushzoria.object	/hylotlDescription	Ooh, a Star Defender Zoria plushie? I've always wanted one of these!
1177	nekidescription	/objects/nmm_starbound/custom/plushies/plushzoria.object	/nekiDescription	Ooh! I saw her on a TV once. She's pretty.
1178	nekodescription	/objects/nmm_starbound/custom/plushies/plushzoria.object	/nekoDescription	Ooh, a Zoria plush. I liked that show.
1179	novakiddescription	/objects/nmm_starbound/custom/plushies/plushzoria.object	/novakidDescription	Think I 'member some o' my old human friends talkin' bout this Zorro...
1180	apexdescription	/objects/nmm_starbound/custom/posters/fossiltooth.object	/apexDescription	"The text in the top reads: ""A test fossil"". How do you test a fossil?"
1181	avalidescription	/objects/nmm_starbound/custom/posters/fossiltooth.object	/avaliDescription	Not really my favored kind of art.
1182	felindescription	/objects/nmm_starbound/custom/posters/fossiltooth.object	/felinDescription	Skull poster? I barely knew her!
1183	florandescription	/objects/nmm_starbound/custom/posters/fossiltooth.object	/floranDescription	Trophy isss flat... no, this isss no trophy, this is a poster!
1184	glitchdescription	/objects/nmm_starbound/custom/posters/fossiltooth.object	/glitchDescription	Confused. A poster of an open large feline skull. What is its meaning?
1185	humandescription	/objects/nmm_starbound/custom/posters/fossiltooth.object	/humanDescription	I heard it was one in a set of, like, 31. All the same, just uniquely numbered.
1186	nekidescription	/objects/nmm_starbound/custom/posters/fossiltooth.object	/nekiDescription	Weird deadmeat poster thing.
1187	nekodescription	/objects/nmm_starbound/custom/posters/fossiltooth.object	/nekoDescription	Ehmmmm... it's kinda freaky...
1188	novakiddescription	/objects/nmm_starbound/custom/posters/fossiltooth.object	/novakidDescription	Some kinda picture o' some skull.
1189	slimepersondescription	/objects/nmm_starbound/custom/posters/fossiltooth.object	/slimepersonDescription	It's a skull.
1190	apexdescription	/objects/nmm_starbound/custom/posters/paintingassetmissing.object	/apexDescription	I'm missing my Miniknog-issued Official Scan Text for this object.
1191	felindescription	/objects/nmm_starbound/custom/posters/paintingassetmissing.object	/felinDescription	Heh, my line is missing.
1192	glitchdescription	/objects/nmm_starbound/custom/posters/paintingassetmissing.object	/glitchDescription	Concerned. There doesn't appear to be a observation line for this object present in my memory.
1193	humandescription	/objects/nmm_starbound/custom/posters/paintingassetmissing.object	/humanDescription	It would be cool if... you know, someone had written a scan description.
1194	hylotldescription	/objects/nmm_starbound/custom/posters/paintingassetmissing.object	/hylotlDescription	I am meant to say something here, but I haven't yet been given a line.
1195	nekodescription	/objects/nmm_starbound/custom/posters/paintingassetmissing.object	/nekoDescription	Eh? Am I meant to have scan text for this, nyan?
1196	novakiddescription	/objects/nmm_starbound/custom/posters/paintingassetmissing.object	/novakidDescription	I forget my line or somethin'?
1197	apexdescription	/objects/nmm_starbound/custom/posters/paintingcolrip.object	/apexDescription	For some reason, I feel like I shouldn't be able to touch this painting...
1198	aviandescription	/objects/nmm_starbound/custom/posters/paintingcolrip.object	/avianDescription	Well, it's a pretty boring piece of art, but it feels... off?
1199	florandescription	/objects/nmm_starbound/custom/posters/paintingcolrip.object	/floranDescription	Floran doesn't like the painting... Painting feels off...
1200	glitchdescription	/objects/nmm_starbound/custom/posters/paintingcolrip.object	/glitchDescription	Disturbed. This painting seems to be interfering with my sensors somehow.
1201	humandescription	/objects/nmm_starbound/custom/posters/paintingcolrip.object	/humanDescription	It's a pretty empty painting. Like, it really just feels like it...
1202	hylotldescription	/objects/nmm_starbound/custom/posters/paintingcolrip.object	/hylotlDescription	I almost feel as if though I could fall right through this painting...
1203	nekidescription	/objects/nmm_starbound/custom/posters/paintingcolrip.object	/nekiDescription	The painting makes me feel weird..? Eh, whatever!
1204	apexdescription	/objects/nmm_starbound/custom/posters/paintingpov.object	/apexDescription	"I heard the artist is being hunted down by the Miniknog for ""spreading misinformation""."
1205	aviandescription	/objects/nmm_starbound/custom/posters/paintingpov.object	/avianDescription	I'd honestly find it easier to believe Kluex exists than whatever this is...
1206	felindescription	/objects/nmm_starbound/custom/posters/paintingpov.object	/felinDescription	That's reeeally meta.
1207	florandescription	/objects/nmm_starbound/custom/posters/paintingpov.object	/floranDescription	Floran is confused by sssilly painting.
1208	glitchdescription	/objects/nmm_starbound/custom/posters/paintingpov.object	/glitchDescription	Intrigued. I don't have anything to say!
1209	humandescription	/objects/nmm_starbound/custom/posters/paintingpov.object	/humanDescription	Now that you mention it...
1210	apexdescription	/objects/nmm_starbound/custom/posters/paintingprotectoratebg.object	/apexDescription	The Miniknog had outlawed such paintings like this. I can't say I like this either, but at least I can see it.
1211	aviandescription	/objects/nmm_starbound/custom/posters/paintingprotectoratebg.object	/avianDescription	It's, uh... yeah. Any meaning this painting has is lost on me.
1212	florandescription	/objects/nmm_starbound/custom/posters/paintingprotectoratebg.object	/floranDescription	Floran can't ssee meaning of pink squigglesss..
1213	glitchdescription	/objects/nmm_starbound/custom/posters/paintingprotectoratebg.object	/glitchDescription	Speculative. I actually don't think this was meant to be displayed.
1214	humandescription	/objects/nmm_starbound/custom/posters/paintingprotectoratebg.object	/humanDescription	Oh, yeah, clearly you can see here that this pink line means... nope. I don't get it.
1215	hylotldescription	/objects/nmm_starbound/custom/posters/paintingprotectoratebg.object	/hylotlDescription	I do not understand this.
1216	apexdescription	/objects/nmm_starbound/custom/posters/posteravn.object	/apexDescription	It is nice to know not everything broadcasted in the universe is Miniknog propaganda.
1217	aviandescription	/objects/nmm_starbound/custom/posters/posteravn.object	/avianDescription	I actually found out about the Protectorate through the AVN, so... thanks!
1218	felindescription	/objects/nmm_starbound/custom/posters/posteravn.object	/felinDescription	Of course I much prefer Felin programming, but the AVN does have a few good shows.
1219	florandescription	/objects/nmm_starbound/custom/posters/posteravn.object	/floranDescription	Bird man show poster.
1220	glitchdescription	/objects/nmm_starbound/custom/posters/posteravn.object	/glitchDescription	Appreciative. How nice.
1221	hylotldescription	/objects/nmm_starbound/custom/posters/posteravn.object	/hylotlDescription	How nice, perhaps if I have the time, I'll check it out.
1222	nekodescription	/objects/nmm_starbound/custom/posters/posteravn.object	/nekoDescription	I'mma say it. I find the news lady from Sector 5A-JX hot.
1223	novakiddescription	/objects/nmm_starbound/custom/posters/posteravn.object	/novakidDescription	Some Avian TV thing.
1224	slimepersondescription	/objects/nmm_starbound/custom/posters/posteravn.object	/slimepersonDescription	Oh, sweet. I'm always down for more things to watch.
1225	aviandescription	/objects/nmm_starbound/custom/posters/postercool.object	/avianDescription	It's a bit of an assault on the eyes.
1226	felindescription	/objects/nmm_starbound/custom/posters/postercool.object	/felinDescription	Hell yeah.
1227	humandescription	/objects/nmm_starbound/custom/posters/postercool.object	/humanDescription	Wow. I wish I was as cool as this poster.
1228	hylotldescription	/objects/nmm_starbound/custom/posters/postercool.object	/hylotlDescription	It's tasteless, is what it is.
1229	novakiddescription	/objects/nmm_starbound/custom/posters/postercool.object	/novakidDescription	Poster's 'bout as bright as me.
1230	apexdescription	/objects/nmm_starbound/custom/posters/posterpoptopman.object	/apexDescription	I envy Humans for even being allowed to do this without the auth- no, wait, it seems some other authority force is after him.
1231	avalidescription	/objects/nmm_starbound/custom/posters/posterpoptopman.object	/avaliDescription	I try to be at least... neutral with Humans. But between things like this and that racist cult... it's hard sometimes.
1232	aviandescription	/objects/nmm_starbound/custom/posters/posterpoptopman.object	/avianDescription	Without fail, Humans are always the weirdos of the universe.
1233	felindescription	/objects/nmm_starbound/custom/posters/posterpoptopman.object	/felinDescription	How are we supposed to take the Humans seriously when they do... this?
1234	florandescription	/objects/nmm_starbound/custom/posters/posterpoptopman.object	/floranDescription	Sssilly meatman.
1235	glitchdescription	/objects/nmm_starbound/custom/posters/posterpoptopman.object	/glitchDescription	Dismissive. I don't think he's much of a threat.
1236	humandescription	/objects/nmm_starbound/custom/posters/posterpoptopman.object	/humanDescription	What? He's delusional.
1237	hylotldescription	/objects/nmm_starbound/custom/posters/posterpoptopman.object	/hylotlDescription	Is this a new movie? I can't say it looks... great.
1238	nekodescription	/objects/nmm_starbound/custom/posters/posterpoptopman.object	/nekoDescription	Bahahahaha! Wait, he's serious, nya?
1239	novakiddescription	/objects/nmm_starbound/custom/posters/posterpoptopman.object	/novakidDescription	Wacky ol' Human outlaw. Can't imagine his bounty bein' too big.
1240	slimepersondescription	/objects/nmm_starbound/custom/posters/posterpoptopman.object	/slimepersonDescription	He's got swagger, and that's about it.
1241	avalidescription	/objects/nmm_starbound/custom/sakuranitebloom/sakuraniteducky.object	/avaliDescription	It's weird, is what it is.
1242	aviandescription	/objects/nmm_starbound/custom/sakuranitebloom/sakuraniteducky.object	/avianDescription	It's... cute?
1243	florandescription	/objects/nmm_starbound/custom/sakuranitebloom/sakuraniteducky.object	/floranDescription	Little statue of unknown creature.
1244	glitchdescription	/objects/nmm_starbound/custom/sakuranitebloom/sakuraniteducky.object	/glitchDescription	Intrigued. I've never heard of a sea duck before.
1245	humandescription	/objects/nmm_starbound/custom/sakuranitebloom/sakuraniteducky.object	/humanDescription	It reminds me more of a newborn puppy than any sort of duck...
1246	avalidescription	/objects/nmm_starbound/custom/sodastatue/sodastatue.object	/avaliDescription	I'm no fan of soda by any means, and just my luck - this statue dispenses infinite soda.
1247	aviandescription	/objects/nmm_starbound/custom/sodastatue/sodastatue.object	/avianDescription	I suppose there are stranger things to worship...
1248	felindescription	/objects/nmm_starbound/custom/sodastatue/sodastatue.object	/felinDescription	Fortune? I only got disappointment... and a crap ton of soda. I like the soda part, though.
1249	florandescription	/objects/nmm_starbound/custom/sodastatue/sodastatue.object	/floranDescription	Shiny machine make ssugary drinks for Floran.
1250	glitchdescription	/objects/nmm_starbound/custom/sodastatue/sodastatue.object	/glitchDescription	"Confused. The inscriptions upon this statue's base allude to a ""steam event"". I cannot find any records of such a thing in my database."
1251	humandescription	/objects/nmm_starbound/custom/sodastatue/sodastatue.object	/humanDescription	Well, I'm not going to say no to cheap- no, FREE soda.
1252	hylotldescription	/objects/nmm_starbound/custom/sodastatue/sodastatue.object	/hylotlDescription	Upon closer inspection, it appears to be a machine that dispenses sugary drinks. But for what purpose?
1253	nekodescription	/objects/nmm_starbound/custom/sodastatue/sodastatue.object	/nekoDescription	Aw sweet, a statue dedicated to gamer energy!
1254	novakiddescription	/objects/nmm_starbound/custom/sodastatue/sodastatue.object	/novakidDescription	Some kinda statue dedicated to a can o' soda. Why?
1255	felindescription	/objects/nmm_starbound/custom/storecounters/froggcounter.object	/felinDescription	Let's see if they have anything soft and cushiony.
1256	nekodescription	/objects/nmm_starbound/custom/storecounters/froggcounter.object	/nekoDescription	This froggy guy sells very nice-looking furniture!
1257	slimepersondescription	/objects/nmm_starbound/custom/storecounters/froggcounter.object	/slimepersonDescription	This frog merchant sells all sorts of furniture.
1258	humandescription	/objects/nmm_starbound/custom/storecounters/terramartcounter.object	/humanDescription	Oh neat, a place to buy pet and farm things.
1259	nekidescription	/objects/nmm_starbound/custom/storecounters/terramartcounter.object	/nekiDescription	The lady seems to be selling a park, piece by piece.
1260	nekodescription	/objects/nmm_starbound/custom/storecounters/terramartcounter.object	/nekoDescription	Sweet! I can buy stuff for my pet here... and, uh, farming stuff.
1261	aviandescription	/objects/nmm_starbound/custom/storesigns/froggfurnishingsign.object	/avianDescription	I can buy furniture from this shop!
1262	humandescription	/objects/nmm_starbound/custom/storesigns/froggfurnishingsign.object	/humanDescription	Is it okay to be a little disappointed that the lamp doesn't have a light in it?
1263	apexdescription	/objects/nmm_starbound/custom/storesigns/froggopeningbanner.object	/apexDescription	I hope whoever's opening up this shop is friendly.
1264	aviandescription	/objects/nmm_starbound/custom/storesigns/froggopeningbanner.object	/avianDescription	Oh, I wonder who's setting up shop here?
1265	felindescription	/objects/nmm_starbound/custom/storesigns/froggopeningbanner.object	/felinDescription	Oh, sweet. A new shop.
1266	florandescription	/objects/nmm_starbound/custom/storesigns/froggopeningbanner.object	/floranDescription	Floran iss hoping for a meat ssstore.
1267	glitchdescription	/objects/nmm_starbound/custom/storesigns/froggopeningbanner.object	/glitchDescription	Curious. I wonder what new store is opening here?
1268	humandescription	/objects/nmm_starbound/custom/storesigns/froggopeningbanner.object	/humanDescription	Oooh, a new store?
1269	hylotldescription	/objects/nmm_starbound/custom/storesigns/froggopeningbanner.object	/hylotlDescription	The announcement of a new store opening can always be exciting.
1270	nekidescription	/objects/nmm_starbound/custom/storesigns/froggopeningbanner.object	/nekiDescription	Someone's opening a new place? Ooh, surely they sell food!
1271	nekodescription	/objects/nmm_starbound/custom/storesigns/froggopeningbanner.object	/nekoDescription	I wonder what this shop's gonna be, nyan?
1272	novakiddescription	/objects/nmm_starbound/custom/storesigns/froggopeningbanner.object	/novakidDescription	Someone's movin' in to peddle wares, by the looks of it.
1273	slimepersondescription	/objects/nmm_starbound/custom/storesigns/froggopeningbanner.object	/slimepersonDescription	Interstellar commerce, huh? Crazy stuff.
1274	humandescription	/objects/nmm_starbound/custom/storesigns/froggposter.object	/humanDescription	Maybe a little too blue for my tastes.
1275	apexdescription	/objects/nmm_starbound/custom/storesigns/legalgoodssign.object	/apexDescription	Sounds like shady business to me.
1276	aviandescription	/objects/nmm_starbound/custom/storesigns/legalgoodssign.object	/avianDescription	Seems fishy if you have to claim the goods are actually legal.
1277	florandescription	/objects/nmm_starbound/custom/storesigns/legalgoodssign.object	/floranDescription	Floran gets it, wink wink. Only legal goods.
1278	glitchdescription	/objects/nmm_starbound/custom/storesigns/legalgoodssign.object	/glitchDescription	Suspicious. I don't think these goods are actually legal.
1279	humandescription	/objects/nmm_starbound/custom/storesigns/legalgoodssign.object	/humanDescription	Wink wink. Totally legal.
1280	hylotldescription	/objects/nmm_starbound/custom/storesigns/legalgoodssign.object	/hylotlDescription	Something about this sign makes me question the legitimacy of this business.
1281	nekodescription	/objects/nmm_starbound/custom/storesigns/legalgoodssign.object	/nekoDescription	Well, the sign says they're legal, nya. The sign never lies, of course.
1282	avalidescription	/objects/nmm_starbound/custom/storesigns/penguinbaysign.object	/avaliDescription	Penguins. Sounds like shady business.
1283	felindescription	/objects/nmm_starbound/custom/storesigns/penguinbaysign.object	/felinDescription	I'm no stranger to shady business. Or penguins.
1284	nekodescription	/objects/nmm_starbound/custom/storesigns/penguinbaysign.object	/nekoDescription	Penguins, nyan? Nothing good can come of that.
1285	humandescription	/objects/nmm_starbound/custom/storesigns/sketchyposter.object	/humanDescription	Ooh, I always wanted a super laser cannon on my ship!
1286	nekidescription	/objects/nmm_starbound/custom/storesigns/terraposters.object	/nekiDescription	Mmm... these would be a lot nicer torn to bits.
1287	hylotldescription	/objects/nmm_starbound/custom/storesigns/trophiessign.object	/hylotlDescription	I can trade some of my rarer items for the wares at this shop.
1288	avalidescription	/objects/nmm_starbound/custom/storesigns/wheatleyteleshop.object	/avaliDescription	Could a moron really sell teleporters?
1289	aviandescription	/objects/nmm_starbound/custom/storesigns/wheatleyteleshop.object	/avianDescription	And this is... the place where he kills me?
1290	felindescription	/objects/nmm_starbound/custom/storesigns/wheatleyteleshop.object	/felinDescription	I can't read it. It's in an accent beyond my, uh, reading.
1291	glitchdescription	/objects/nmm_starbound/custom/storesigns/wheatleyteleshop.object	/glitchDescription	Sarcastic. Sounds... and looks... trustworthy.
1292	nekidescription	/objects/nmm_starbound/custom/storesigns/wheatleyteleshop.object	/nekiDescription	Smells like fried egg...
1293	aviandescription	/objects/nmm_starbound/custom/techchests/avolitetechchest.object	/avianDescription	This chest seems to be partially made from Avolite. Neat.
1294	florandescription	/objects/nmm_starbound/custom/tents/tent2blue.object	/floranDescription	Little blue houssse.
1295	florandescription	/objects/nmm_starbound/custom/wreckarcade/arcadewreck.object	/floranDescription	Game still worksss!
1296	glitchdescription	/objects/nmm_starbound/custom/wreckarcade/arcadewreck.object	/glitchDescription	Disapproving. Someone has not been maintaining this cabinet well.
1297	humandescription	/objects/nmm_starbound/custom/wreckarcade/arcadewreck.object	/humanDescription	This thing works? Neeeat.
1298	nekidescription	/objects/nmm_starbound/custom/wreckarcade/arcadewreck.object	/nekiDescription	Smells like food! Where is it..?
1299	novakiddescription	/objects/nmm_starbound/custom/wreckarcade/arcadewreck.object	/novakidDescription	This ol' thing runs... surprisingly fine.
1300	apexdescription	/objects/nmm_starbound/custom/wreckfencesupport/wreckfencesupport.object	/apexDescription	An old fence support.
1301	florandescription	/objects/nmm_starbound/custom/wreckfencesupport/wreckfencesupport.object	/floranDescription	Floran thinkss thiss could make a good heavy weapon.
1302	glitchdescription	/objects/nmm_starbound/custom/wreckfencesupport/wreckfencesupport.object	/glitchDescription	Wary. A rusted fence support.
1303	hylotldescription	/objects/nmm_starbound/custom/wreckfencesupport/wreckfencesupport.object	/hylotlDescription	An unflattering metal pole.
1304	novakiddescription	/objects/nmm_starbound/custom/wreckfencesupport/wreckfencesupport.object	/novakidDescription	Some ol' piece o' metalwork.
1305	apexdescription	/objects/nmm_starbound/forums/chucklefishneonsign/oldchucklefishinferno.object	/apexDescription	This sign glows with the colors of fire.
1306	glitchdescription	/objects/nmm_starbound/forums/chucklefishneonsign/oldchucklefishneon1.object	/glitchDescription	Intrigued. This neon sign appears to have some age to it.
1307	humandescription	/objects/nmm_starbound/forums/chucklefishneonsign/oldchucklefishneon1.object	/humanDescription	Hey, isn't this..?
1308	novakiddescription	/objects/nmm_starbound/forums/chucklefishneonsign/oldchucklefishneon1.object	/novakidDescription	I don't see no laughin' fish games round here! I've been swindled!
1309	aviandescription	/objects/nmm_starbound/forums/chucklefishneonsign/oldchucklefishneon2.object	/avianDescription	So many colours in one neon sign!
1310	felindescription	/objects/nmm_starbound/forums/chucklefishneonsign/oldchucklefishneon2.object	/felinDescription	Meta. I like it.
1311	florandescription	/objects/nmm_starbound/forums/chucklefishneonsign/oldchucklefishneon2.object	/floranDescription	Colourful sssign.
1312	hylotldescription	/objects/nmm_starbound/forums/chucklefishneonsign/oldchucklefishneon2.object	/hylotlDescription	The choice of colours isn't the softest on the eyes.
1313	nekodescription	/objects/nmm_starbound/forums/chucklefishneonsign/oldchucklefishneon2.object	/nekoDescription	I like fish.
1314	apexdescription	/objects/nmm_starbound/forums/chucklefishpenguinstatue/chucklefishpenguinstatue.object	/apexDescription	This statue terrifies me in more than one way.
1315	avalidescription	/objects/nmm_starbound/forums/chucklefishpenguinstatue/chucklefishpenguinstatue.object	/avaliDescription	What the heck am I looking at right now?
1316	felindescription	/objects/nmm_starbound/forums/chucklefishpenguinstatue/chucklefishpenguinstatue.object	/felinDescription	What is any of this?
1317	florandescription	/objects/nmm_starbound/forums/chucklefishpenguinstatue/chucklefishpenguinstatue.object	/floranDescription	Floran could beat big bird in a fight.
1318	glitchdescription	/objects/nmm_starbound/forums/chucklefishpenguinstatue/chucklefishpenguinstatue.object	/glitchDescription	Concerned. There are a lot of this that don't sit right with me about this statue.
1319	humandescription	/objects/nmm_starbound/forums/chucklefishpenguinstatue/chucklefishpenguinstatue.object	/humanDescription	It's not just me when I say I've never seen a penguin that looks like that, right?
1320	hylotldescription	/objects/nmm_starbound/forums/chucklefishpenguinstatue/chucklefishpenguinstatue.object	/hylotlDescription	There are... many things off about this statue.
1321	nekodescription	/objects/nmm_starbound/forums/chucklefishpenguinstatue/chucklefishpenguinstatue.object	/nekoDescription	I wish that penguin was me.
1322	apexdescription	/objects/nmm_starbound/forums/chucklefishpenguinwater/chucklefishpenguinwatercooler.object	/apexDescription	This is far too small to be useful to me.
1323	avalidescription	/objects/nmm_starbound/forums/chucklefishpenguinwater/chucklefishpenguinwatercooler.object	/avaliDescription	I wasn't really planning on drinking anyway...
1324	aviandescription	/objects/nmm_starbound/forums/chucklefishpenguinwater/chucklefishpenguinwatercooler.object	/avianDescription	I guess our smaller cousins also have offices... or they like to chat. Probably the latter.
1325	felindescription	/objects/nmm_starbound/forums/chucklefishpenguinwater/chucklefishpenguinwatercooler.object	/felinDescription	It's so small~
1326	florandescription	/objects/nmm_starbound/forums/chucklefishpenguinwater/chucklefishpenguinwatercooler.object	/floranDescription	Floran is confussed by the tiny water machine.
1327	glitchdescription	/objects/nmm_starbound/forums/chucklefishpenguinwater/chucklefishpenguinwatercooler.object	/glitchDescription	Intrigued. Such a small water cooler... or should I say chiller? I detect the water here is near freezing point.
1328	humandescription	/objects/nmm_starbound/forums/chucklefishpenguinwater/chucklefishpenguinwatercooler.object	/humanDescription	It's so small! It even has tiny little cups!
1329	nekodescription	/objects/nmm_starbound/forums/chucklefishpenguinwater/chucklefishpenguinwatercooler.object	/nekoDescription	It'd be easier for me to just chug that whole bottle.
1330	novakiddescription	/objects/nmm_starbound/forums/chucklefishpenguinwater/chucklefishpenguinwatercooler.object	/novakidDescription	You ain't storin' much water in that tiny thing.
1331	apexdescription	/objects/nmm_starbound/forums/chucklefishposters/chucklefishcatposter.object	/apexDescription	It's a poster of a cat.
1332	felindescription	/objects/nmm_starbound/forums/chucklefishposters/chucklefishcatposter.object	/felinDescription	The graphics on this poster are terrible.
1333	florandescription	/objects/nmm_starbound/forums/chucklefishposters/chucklefishcatposter.object	/floranDescription	Furball face.
1334	humandescription	/objects/nmm_starbound/forums/chucklefishposters/chucklefishcatposter.object	/humanDescription	Kitty!
1335	nekodescription	/objects/nmm_starbound/forums/chucklefishposters/chucklefishcatposter.object	/nekoDescription	This poster reminds me of one of my friends. Except not.
1336	apexdescription	/objects/nmm_starbound/forums/chucklefishposters/evolutionposter.object	/apexDescription	Is this what us Apex looked like before VEP? This is... invaluable if it is true!
1337	aviandescription	/objects/nmm_starbound/forums/chucklefishposters/evolutionposter.object	/avianDescription	"Makes you wonder what we looked like before we evolved... or, heh, ""when we were in the Aether realm with Kluex."""
1338	felindescription	/objects/nmm_starbound/forums/chucklefishposters/evolutionposter.object	/felinDescription	Hmm hmm, that fish is kinda making me hungry.
1339	florandescription	/objects/nmm_starbound/forums/chucklefishposters/evolutionposter.object	/floranDescription	Posster with tasssty looking prey.
1340	glitchdescription	/objects/nmm_starbound/forums/chucklefishposters/evolutionposter.object	/glitchDescription	Fascinated. It appears this poster depicting the evolution of the Apex.
1341	humandescription	/objects/nmm_starbound/forums/chucklefishposters/evolutionposter.object	/humanDescription	Heh, seems like the Apex evolved from fish, just like us.
1342	hylotldescription	/objects/nmm_starbound/forums/chucklefishposters/evolutionposter.object	/hylotlDescription	While informative, I highly doubt that the monkey directly evolved from the fish.
1343	nekodescription	/objects/nmm_starbound/forums/chucklefishposters/evolutionposter.object	/nekoDescription	What are all these creatures doing running around in such a cold place?
1344	novakiddescription	/objects/nmm_starbound/forums/chucklefishposters/evolutionposter.object	/novakidDescription	Poster with a buncha dif'rent creatures on it. Will say though, that background seems mighty familiar...
1345	apexdescription	/objects/nmm_starbound/forums/chucklefishposters/penguinmotivationalposter.object	/apexDescription	"If this was a Miniknog poster, it would probably say something like ""compliance""."
1346	aviandescription	/objects/nmm_starbound/forums/chucklefishposters/penguinmotivationalposter.object	/avianDescription	I think it says something about perseverence... it's really small though, and I can't read it.
1347	florandescription	/objects/nmm_starbound/forums/chucklefishposters/penguinmotivationalposter.object	/floranDescription	"Wordss under sssmall bird says ""determination""... Floran iss determined to eat that bird."
1348	glitchdescription	/objects/nmm_starbound/forums/chucklefishposters/penguinmotivationalposter.object	/glitchDescription	"Mocking. The text says ""motivation"". This penguin's motivation's probably a fish."
1349	humandescription	/objects/nmm_starbound/forums/chucklefishposters/penguinmotivationalposter.object	/humanDescription	"The poster says ""attitude"". The penguins certainly have attitude, that's for sure."
1350	hylotldescription	/objects/nmm_starbound/forums/chucklefishposters/penguinmotivationalposter.object	/hylotlDescription	Respect is absolutely an important virtue... but is a penguin really the best example?
1351	nekodescription	/objects/nmm_starbound/forums/chucklefishposters/penguinmotivationalposter.object	/nekoDescription	Confidence? Yeah, I'm confident that YOU get no bitches.
1352	novakiddescription	/objects/nmm_starbound/forums/chucklefishposters/penguinmotivationalposter.object	/novakidDescription	Poster sayin' somethin 'bout resilience. I don't need no poster to tell me 'bout that!
1353	apexdescription	/objects/nmm_starbound/forums/chucklefishposters/totoropainting.object	/apexDescription	This is based off of that old human movie, is it not?
1354	aviandescription	/objects/nmm_starbound/forums/chucklefishposters/totoropainting.object	/avianDescription	Are penguins forging paintings now? I wouldn't put it past them.
1355	felindescription	/objects/nmm_starbound/forums/chucklefishposters/totoropainting.object	/felinDescription	What's with the penguins?
1356	florandescription	/objects/nmm_starbound/forums/chucklefishposters/totoropainting.object	/floranDescription	Prey ssstanding in the rain. Floran can't get them.
1357	glitchdescription	/objects/nmm_starbound/forums/chucklefishposters/totoropainting.object	/glitchDescription	Confused. Surely it was not penguins that were originally here?
1358	humandescription	/objects/nmm_starbound/forums/chucklefishposters/totoropainting.object	/humanDescription	Hmmm... this seems familiar.
1359	hylotldescription	/objects/nmm_starbound/forums/chucklefishposters/totoropainting.object	/hylotlDescription	Have I seen this scene before?
1360	nekodescription	/objects/nmm_starbound/forums/chucklefishposters/totoropainting.object	/nekoDescription	Uh, when I saw this in the movie, they were all cats. I'm confused.
1361	novakiddescription	/objects/nmm_starbound/forums/chucklefishposters/totoropainting.object	/novakidDescription	Penguins in the rain. Strange paintin'.
1362	aviandescription	/objects/nmm_starbound/forums/chucklefishtv/oldchucklefishtv.object	/avianDescription	Oh, a penguin. I don't like the way this one's looking at me.
1363	felindescription	/objects/nmm_starbound/forums/chucklefishtv/oldchucklefishtv.object	/felinDescription	I don't like the way it looks at me.
1364	florandescription	/objects/nmm_starbound/forums/chucklefishtv/oldchucklefishtv.object	/floranDescription	Picture machine dissplaysss tiny bird.
1365	glitchdescription	/objects/nmm_starbound/forums/chucklefishtv/oldchucklefishtv.object	/glitchDescription	Amused. There is a penguin on the screen.
1366	humandescription	/objects/nmm_starbound/forums/chucklefishtv/oldchucklefishtv.object	/humanDescription	Hehe, a penguin! So cute, yet so mischevious...
1367	hylotldescription	/objects/nmm_starbound/forums/chucklefishtv/oldchucklefishtv.object	/hylotlDescription	I feel there is something odd about this penguin.
1368	nekodescription	/objects/nmm_starbound/forums/chucklefishtv/oldchucklefishtv.object	/nekoDescription	Heh, funny bird on the screen.
1369	novakiddescription	/objects/nmm_starbound/forums/chucklefishtv/oldchucklefishtv.object	/novakidDescription	One of them lil' ne'er do'ells is starin' at me.
1370	apexdescription	/objects/nmm_starbound/forums/paintedkennel/paintedkennel.object	/apexDescription	To many Apex, this is a luxury house.
1371	felindescription	/objects/nmm_starbound/forums/paintedkennel/paintedkennel.object	/felinDescription	Smells bad.
1372	nekodescription	/objects/nmm_starbound/forums/paintedkennel/paintedkennel.object	/nekoDescription	I'm... not really into that, no.
1373	apexdescription	/objects/nmm_starbound/meta/packedassetscelestial.object	/apexDescription	It looks like a very important shipping container.
1374	avalidescription	/objects/nmm_starbound/meta/packedassetscelestial.object	/avaliDescription	What a strange container! I wonder what's in it...
1375	aviandescription	/objects/nmm_starbound/meta/packedassetscelestial.object	/avianDescription	I get the feeling I shouldn't know what's in this container.
1376	felindescription	/objects/nmm_starbound/meta/packedassetscelestial.object	/felinDescription	They did NOT fit multiple whole planets in there, no way.
1377	florandescription	/objects/nmm_starbound/meta/packedassetscelestial.object	/floranDescription	Floran get weird feeling from container.
1378	glitchdescription	/objects/nmm_starbound/meta/packedassetscelestial.object	/glitchDescription	Intrigued. What ever could be held in such a strange-looking container?
1379	humandescription	/objects/nmm_starbound/meta/packedassetscelestial.object	/humanDescription	Looks important. I wanna know what's in there.
1380	hylotldescription	/objects/nmm_starbound/meta/packedassetscelestial.object	/hylotlDescription	The possibilities of what could be stored in a container like this are... boundless.
1381	nekodescription	/objects/nmm_starbound/meta/packedassetscelestial.object	/nekoDescription	Ooh nya, cool looking container.
1382	novakiddescription	/objects/nmm_starbound/meta/packedassetscelestial.object	/novakidDescription	I get the feelin' I already know what in this here container.
1383	avalidescription	/objects/nmm_starbound/protectorate/protectorateamp/protectorate2amp.object	/avaliDescription	Human music technology is quaint, but efficient. I actually quite like this amp.
1384	felindescription	/objects/nmm_starbound/protectorate/protectorateamp/protectorate2amp.object	/felinDescription	This makes awesome jams. If attached to a guitar, that is.
1385	slimepersondescription	/objects/nmm_starbound/protectorate/protectorateamp/protectorate2amp.object	/slimepersonDescription	Heh, these make me feel funny when it's on.
1386	aviandescription	/objects/nmm_starbound/protectorate/protectoratebanners/protectorate2wallbanner.object	/avianDescription	Bright like the beaming sun. This colour represents the Protectorate well.
1387	felindescription	/objects/nmm_starbound/protectorate/protectoratebanners/protectorate2wallbanner.object	/felinDescription	Well, it's a pretty bright banner.
1388	novakiddescription	/objects/nmm_starbound/protectorate/protectoratebanners/protectorate2wallbanner.object	/novakidDescription	I love the bright colour of the Protectorate banner.
1389	felindescription	/objects/nmm_starbound/protectorate/protectoratebathroommirror/protectorate2bathroommirror.object	/felinDescription	I'm looking sexy as ever.
1390	nekodescription	/objects/nmm_starbound/protectorate/protectoratebathroommirror/protectorate2bathroommirror.object	/nekoDescription	No-one's looking? I can take a quick drink...
1391	slimepersondescription	/objects/nmm_starbound/protectorate/protectoratebathroommirror/protectorate2bathroommirror.object	/slimepersonDescription	Well well well, look who's in that mirror!
1392	nekodescription	/objects/nmm_starbound/protectorate/protectoratebooks/protectorate2bookcabinet.object	/nekoDescription	It's a little book trolley!
1393	felindescription	/objects/nmm_starbound/protectorate/protectoratechair/protectorate2chair.object	/felinDescription	I'm cool. I'd sit in this.
1394	nekidescription	/objects/nmm_starbound/protectorate/protectoratechair/protectorate2chair.object	/nekiDescription	Didn't want to sit on it anyway!
1395	nekodescription	/objects/nmm_starbound/protectorate/protectoratechair/protectorate2chair.object	/nekoDescription	I could have a really good nap here.
1396	apexdescription	/objects/nmm_starbound/protectorate/protectorateclock/protectorate2clock.object	/apexDescription	This clock doesn't seem to be functioning.
1397	avalidescription	/objects/nmm_starbound/protectorate/protectorateclock/protectorate2clock.object	/avaliDescription	Oh, it's that time already?
1398	aviandescription	/objects/nmm_starbound/protectorate/protectorateclock/protectorate2clock.object	/avianDescription	Would you look at the time? It's... wrong. I think it's broken.
1399	felindescription	/objects/nmm_starbound/protectorate/protectorateclock/protectorate2clock.object	/felinDescription	I can sleep in as much as I want now.
1400	florandescription	/objects/nmm_starbound/protectorate/protectorateclock/protectorate2clock.object	/floranDescription	Time isss... not ticking. Clock iss broken?
1401	glitchdescription	/objects/nmm_starbound/protectorate/protectorateclock/protectorate2clock.object	/glitchDescription	Concerned. This clock doesn't seem to work.
1402	humandescription	/objects/nmm_starbound/protectorate/protectorateclock/protectorate2clock.object	/humanDescription	I've got all the time in the world to do whatever I want now, I guess...
1403	hylotldescription	/objects/nmm_starbound/protectorate/protectorateclock/protectorate2clock.object	/hylotlDescription	I thought time stops for no-one, but this clock has other ideas.
1404	nekodescription	/objects/nmm_starbound/protectorate/protectorateclock/protectorate2clock.object	/nekoDescription	Aw heck yeah, nap time!
1405	novakiddescription	/objects/nmm_starbound/protectorate/protectorateclock/protectorate2clock.object	/novakidDescription	This clock ain't tickin'.
1406	slimepersondescription	/objects/nmm_starbound/protectorate/protectorateclock/protectorate2clock.object	/slimepersonDescription	Tick, tock, tick, tock. What doesn't work? This clock.
1407	felindescription	/objects/nmm_starbound/protectorate/protectoratedoor/protectorate2door.object	/felinDescription	This door is a bit show-off-y.
1408	slimepersondescription	/objects/nmm_starbound/protectorate/protectoratedoor/protectorate2door.object	/slimepersonDescription	It's an airlock door. It does what it does pretty well.
1409	avalidescription	/objects/nmm_starbound/protectorate/protectoratefigures/protectorate2figures.object	/avaliDescription	Novel toys. They're pretty cute.
1410	felindescription	/objects/nmm_starbound/protectorate/protectoratefigures/protectorate2figures.object	/felinDescription	I like... turtles?
1411	nekidescription	/objects/nmm_starbound/protectorate/protectoratefigures/protectorate2figures.object	/nekiDescription	Heehee, plushies!
1412	nekodescription	/objects/nmm_starbound/protectorate/protectoratefigures/protectorate2figures.object	/nekoDescription	Potop and durdle.
1413	avalidescription	/objects/nmm_starbound/protectorate/protectorateflowerpot/protectorate2flowerpot.object	/avaliDescription	What a day that was.
1414	aviandescription	/objects/nmm_starbound/protectorate/protectorateflowerpot/protectorate2flowerpot.object	/avianDescription	I almost still can't believe what happened that day...
1415	felindescription	/objects/nmm_starbound/protectorate/protectorateflowerpot/protectorate2flowerpot.object	/felinDescription	I mean, humans are a little weird, but they didn't deserve THAT.
1416	florandescription	/objects/nmm_starbound/protectorate/protectorateflowerpot/protectorate2flowerpot.object	/floranDescription	Floran lookss at flower and remembers memoriess made on Earth...
1417	glitchdescription	/objects/nmm_starbound/protectorate/protectorateflowerpot/protectorate2flowerpot.object	/glitchDescription	Melancholy. A lot of good memories were made on Earth... and now it's gone.
1418	humandescription	/objects/nmm_starbound/protectorate/protectorateflowerpot/protectorate2flowerpot.object	/humanDescription	Man... I almost don't want to think about what happened.
1419	hylotldescription	/objects/nmm_starbound/protectorate/protectorateflowerpot/protectorate2flowerpot.object	/hylotlDescription	What a beautiful flower, and what a terrible thing that happened on graduation day. The contrast between the two is almost poetic.
1420	nekidescription	/objects/nmm_starbound/protectorate/protectorateflowerpot/protectorate2flowerpot.object	/nekiDescription	Cute little flower! ...hmm, yeah, that was a weird day, wasn't it?
1421	nekodescription	/objects/nmm_starbound/protectorate/protectorateflowerpot/protectorate2flowerpot.object	/nekoDescription	Who'da thought, tentacle monsters, and not the good kind? Welp, sucks that it happened.
1422	novakiddescription	/objects/nmm_starbound/protectorate/protectorateflowerpot/protectorate2flowerpot.object	/novakidDescription	Massive shame that Earth got destroyed, it was. Made a lot o' good memories there.
1423	apexdescription	/objects/nmm_starbound/protectorate/protectorategamesconsole/protectorate2gamesconsole.object	/apexDescription	What games are on here? I sure hope there's no Miniknog propaganda.
1424	felindescription	/objects/nmm_starbound/protectorate/protectorategamesconsole/protectorate2gamesconsole.object	/felinDescription	Yeah, but it's not VR.
1425	glitchdescription	/objects/nmm_starbound/protectorate/protectorategamesconsole/protectorate2gamesconsole.object	/glitchDescription	Excited. A games console!
1426	humandescription	/objects/nmm_starbound/protectorate/protectorategamesconsole/protectorate2gamesconsole.object	/humanDescription	Sweet, it's just like the one I used to have!
1427	hylotldescription	/objects/nmm_starbound/protectorate/protectorategamesconsole/protectorate2gamesconsole.object	/hylotlDescription	I can let myself get distracted by games now.
1428	nekodescription	/objects/nmm_starbound/protectorate/protectorategamesconsole/protectorate2gamesconsole.object	/nekoDescription	Aw man, a games console! I like the games with a lot of... y'know...
1429	slimepersondescription	/objects/nmm_starbound/protectorate/protectorategamesconsole/protectorate2gamesconsole.object	/slimepersonDescription	Oh boy, videbeebo? Let's game!
1430	avalidescription	/objects/nmm_starbound/protectorate/protectorategardenbench/protectorate2gardenbench.object	/avaliDescription	"The plaque reads ""In honour of Esther Bright."" Hm."
1431	aviandescription	/objects/nmm_starbound/protectorate/protectorategardenbench/protectorate2gardenbench.object	/avianDescription	"There's a plaque on this bench. Still reads ""In honour of Esther Bright""."
1432	felindescription	/objects/nmm_starbound/protectorate/protectorategardenbench/protectorate2gardenbench.object	/felinDescription	Still can't read it... but I think it's referring to that weirdo from the Ark.
1433	florandescription	/objects/nmm_starbound/protectorate/protectorategardenbench/protectorate2gardenbench.object	/floranDescription	Just like the one that Floran used to ssit on.
1434	glitchdescription	/objects/nmm_starbound/protectorate/protectorategardenbench/protectorate2gardenbench.object	/glitchDescription	Wistful. This bench brings back many memories.
1435	humandescription	/objects/nmm_starbound/protectorate/protectorategardenbench/protectorate2gardenbench.object	/humanDescription	Despite everything, this bench is still honoring Esther.
1436	nekodescription	/objects/nmm_starbound/protectorate/protectorategardenbench/protectorate2gardenbench.object	/nekoDescription	I'd like to nap here on a sunny day.
1437	slimepersondescription	/objects/nmm_starbound/protectorate/protectorategardenbench/protectorate2gardenbench.object	/slimepersonDescription	"The plaque reads ""In honour of Esther Bright."""
1438	felindescription	/objects/nmm_starbound/protectorate/protectorateguidelines/protectorate2guidelines.object	/felinDescription	Are these even relevant? I mean, I say that like I could even read them at all.
1439	nekodescription	/objects/nmm_starbound/protectorate/protectorateguidelines/protectorate2guidelines.object	/nekoDescription	An old-looking book with old-timey guidelines. Meh.
1440	slimepersondescription	/objects/nmm_starbound/protectorate/protectorateguidelines/protectorate2guidelines.object	/slimepersonDescription	It's a very old book. It's probably for the better that I can't touch it.
1441	aviandescription	/objects/nmm_starbound/protectorate/protectorateguitar/protectorate2guitar.object	/avianDescription	I'd like to learn to play the guits
1442	felindescription	/objects/nmm_starbound/protectorate/protectorateguitar/protectorate2guitar.object	/felinDescription	I think I might be a natural at this... I'm not going to try though.
1443	glitchdescription	/objects/nmm_starbound/protectorate/protectorateguitar/protectorate2guitar.object	/glitchDescription	Confident. Surely it couldn't be too hard to learn?
1444	nekodescription	/objects/nmm_starbound/protectorate/protectorateguitar/protectorate2guitar.object	/nekoDescription	Hmm, I don't know how to play this. I'm more of a keyboard person.
1445	slimepersondescription	/objects/nmm_starbound/protectorate/protectorateguitar/protectorate2guitar.object	/slimepersonDescription	I can't play this. My body goes straight through the strings.
1446	felindescription	/objects/nmm_starbound/protectorate/protectoratehologlobe/protectorate2hologlobe.object	/felinDescription	I wanna smack it and see what happens.
1447	nekodescription	/objects/nmm_starbound/protectorate/protectoratehologlobe/protectorate2hologlobe.object	/nekoDescription	I could stare at this for hours! I want one next to my bed.
1448	slimepersondescription	/objects/nmm_starbound/protectorate/protectoratehologlobe/protectorate2hologlobe.object	/slimepersonDescription	I've secretly always wanted to eat one of these.
1449	apexdescription	/objects/nmm_starbound/protectorate/protectorateinfobooth/protectorate2infoboothempty.object	/apexDescription	There's usually someone here to provide help.
1450	avalidescription	/objects/nmm_starbound/protectorate/protectorateinfobooth/protectorate2infoboothempty.object	/avaliDescription	There's no-one here. Kinda strange.
1451	aviandescription	/objects/nmm_starbound/protectorate/protectorateinfobooth/protectorate2infoboothempty.object	/avianDescription	There's meant to be someone here, right?
1452	felindescription	/objects/nmm_starbound/protectorate/protectorateinfobooth/protectorate2infoboothempty.object	/felinDescription	This leaves me with more questions than answers.
1453	florandescription	/objects/nmm_starbound/protectorate/protectorateinfobooth/protectorate2infoboothempty.object	/floranDescription	No-one at the info booth.
1454	glitchdescription	/objects/nmm_starbound/protectorate/protectorateinfobooth/protectorate2infoboothempty.object	/glitchDescription	Concerned. When you need help, you come to this booth. No-one's here, though...
1455	humandescription	/objects/nmm_starbound/protectorate/protectorateinfobooth/protectorate2infoboothempty.object	/humanDescription	No-one's here to help.
1456	hylotldescription	/objects/nmm_starbound/protectorate/protectorateinfobooth/protectorate2infoboothempty.object	/hylotlDescription	It's an info desk, but it's currently vacant.
1457	nekidescription	/objects/nmm_starbound/protectorate/protectorateinfobooth/protectorate2infoboothempty.object	/nekiDescription	Empty? ...Seems like a good spot to lie out on and nap for a bit.
1458	nekodescription	/objects/nmm_starbound/protectorate/protectorateinfobooth/protectorate2infoboothempty.object	/nekoDescription	Could I go behind the desk instead? I always wanted to do that for some reason.
1459	avalidescription	/objects/nmm_starbound/protectorate/protectoratelockers/protectorate2lockers.object	/avaliDescription	Eh, some inefficiently designed lockers.
1460	felindescription	/objects/nmm_starbound/protectorate/protectoratelockers/protectorate2lockers.object	/felinDescription	Locked lockers. None of 'em are mine.
1461	florandescription	/objects/nmm_starbound/protectorate/protectoratelockers/protectorate2lockers.object	/floranDescription	Floran can't get in!
1462	hylotldescription	/objects/nmm_starbound/protectorate/protectoratelockers/protectorate2lockers.object	/hylotlDescription	These are students' lockers. All locked.
1463	nekodescription	/objects/nmm_starbound/protectorate/protectoratelockers/protectorate2lockers.object	/nekoDescription	I wonder what my old locker's doing now?
1464	novakiddescription	/objects/nmm_starbound/protectorate/protectoratelockers/protectorate2lockers.object	/novakidDescription	These here lockers are locked.
1465	slimepersondescription	/objects/nmm_starbound/protectorate/protectoratelockers/protectorate2lockers.object	/slimepersonDescription	Locked lockers.
1466	apexdescription	/objects/nmm_starbound/protectorate/protectoratelockers/protectorate2lockers2.object	/apexDescription	One of these lockers is open.
1467	avalidescription	/objects/nmm_starbound/protectorate/protectoratelockers/protectorate2lockers2.object	/avaliDescription	Eh, some inefficiently designed lockers. Hey, one's open!
1468	aviandescription	/objects/nmm_starbound/protectorate/protectoratelockers/protectorate2lockers2.object	/avianDescription	These lockers are just like the one I had on Earth.
1469	felindescription	/objects/nmm_starbound/protectorate/protectoratelockers/protectorate2lockers2.object	/felinDescription	Someone left one open! I guess I could use it myself or something.
1470	florandescription	/objects/nmm_starbound/protectorate/protectoratelockers/protectorate2lockers2.object	/floranDescription	Thiss locker is jusst like the one Floran had on Earth.
1471	glitchdescription	/objects/nmm_starbound/protectorate/protectoratelockers/protectorate2lockers2.object	/glitchDescription	Reminiscent. Oh, all the things I used to store in my old locker. Textbooks, mainly...
1472	humandescription	/objects/nmm_starbound/protectorate/protectoratelockers/protectorate2lockers2.object	/humanDescription	I guess I have a new locker, then. Man, I miss Earth.
1473	nekidescription	/objects/nmm_starbound/protectorate/protectoratelockers/protectorate2lockers2.object	/nekiDescription	One of these little purrivate rooms is unlocked... time to raid?
1474	nekodescription	/objects/nmm_starbound/protectorate/protectoratelockers/protectorate2lockers2.object	/nekoDescription	I got trapped in a locker once. Kinda terrifying.
1475	novakiddescription	/objects/nmm_starbound/protectorate/protectoratelockers/protectorate2lockers2.object	/novakidDescription	It's a locker. Think it seems familiar.
1476	slimepersondescription	/objects/nmm_starbound/protectorate/protectoratelockers/protectorate2lockers2.object	/slimepersonDescription	There's an open locker here! ...Neat.
1477	apexdescription	/objects/nmm_starbound/protectorate/protectoratemanipulator/protectoratemanipulator.object	/apexDescription	This Matter Manipulator has been disabled. I can't say I know how to turn one on.
1478	avalidescription	/objects/nmm_starbound/protectorate/protectoratemanipulator/protectoratemanipulator.object	/avaliDescription	The Matter Manipulator... such a fascinating tool. The one piece of tech Humans have over us.
1479	felindescription	/objects/nmm_starbound/protectorate/protectoratemanipulator/protectoratemanipulator.object	/felinDescription	The Matter Manipulator is such an interesting tool.
1480	florandescription	/objects/nmm_starbound/protectorate/protectoratemanipulator/protectoratemanipulator.object	/floranDescription	Matter Manipulator!
1481	glitchdescription	/objects/nmm_starbound/protectorate/protectoratemanipulator/protectoratemanipulator.object	/glitchDescription	Appreciative. The Matter Manipulator is a powerful tool.
1482	humandescription	/objects/nmm_starbound/protectorate/protectoratemanipulator/protectoratemanipulator.object	/humanDescription	The Matter Maniplator in here's been turned off so, say, a thief couldn't use it.
1483	hylotldescription	/objects/nmm_starbound/protectorate/protectoratemanipulator/protectoratemanipulator.object	/hylotlDescription	The Matter Manipulator is a Protector's trademark tool.
1484	nekodescription	/objects/nmm_starbound/protectorate/protectoratemanipulator/protectoratemanipulator.object	/nekoDescription	Matter Manipulators are so cool! I even have one of my own! Man, so cool.
1485	felindescription	/objects/nmm_starbound/protectorate/protectorateplant/protectorate2plant.object	/felinDescription	Who doesn't love a good plant?
1486	nekodescription	/objects/nmm_starbound/protectorate/protectorateplant/protectorate2plant.object	/nekoDescription	I like plants.
1487	slimepersondescription	/objects/nmm_starbound/protectorate/protectorateplant/protectorate2plant.object	/slimepersonDescription	An indoor plant. It's just nice to have one in a room.
1488	nekidescription	/objects/nmm_starbound/protectorate/protectoratepodium/protectorate2podium.object	/nekiDescription	I can use this purrdium to speak loud. Dunno why and I don't wanna.
1489	avalidescription	/objects/nmm_starbound/protectorate/protectorateportraits/brokenportrait1.object	/avaliDescription	Oh, the irony.
1490	avalidescription	/objects/nmm_starbound/protectorate/protectorateportraits/brokenportrait2.object	/avaliDescription	This picture's been ripped apart.
1491	avalidescription	/objects/nmm_starbound/protectorate/protectorateportraits/portrait2.object	/avaliDescription	The first non-human Grand Protector. I don't think the first Avali Grand Protector is going to happen any time soon...
1492	avalidescription	/objects/nmm_starbound/protectorate/protectorateportraits/portrait3.object	/avaliDescription	Another former Protector. He stands tall in this picture for his apparent age...
1493	apexdescription	/objects/nmm_starbound/protectorate/protectorateportraits/portrait5.object	/apexDescription	The only Avian Grand Protector. He looks rather stern...
1494	aviandescription	/objects/nmm_starbound/protectorate/protectorateportraits/portrait5.object	/avianDescription	The first Avian Grand Protector! I'm not too sure if there's going to be another after what happened...
1495	florandescription	/objects/nmm_starbound/protectorate/protectorateportraits/portrait5.object	/floranDescription	Dead birdman trapped in painting looksss like he could put up a fight.
1496	novakiddescription	/objects/nmm_starbound/protectorate/protectorateportraits/portrait5.object	/novakidDescription	This Grand Protector looks like he don't play no games.
1497	apexdescription	/objects/nmm_starbound/protectorate/protectorateportraits/portrait7.object	/apexDescription	I remember reading that the eighth Grand Protector wanted to be remembered as a great leader. I can't say I remember them for this.
1498	avalidescription	/objects/nmm_starbound/protectorate/protectorateportraits/portrait7.object	/avaliDescription	This... wasn't how I remember the portrait.
1499	aviandescription	/objects/nmm_starbound/protectorate/protectorateportraits/portrait7.object	/avianDescription	There were rumors that this Grand Protector was actually a robot of some kind.
1500	felindescription	/objects/nmm_starbound/protectorate/protectorateportraits/portrait7.object	/felinDescription	I'm fairly sure the stories I've been told were true. Not so sure about this portrait.
1501	florandescription	/objects/nmm_starbound/protectorate/protectorateportraits/portrait7.object	/floranDescription	Sstrange face-hiding person. Floran could beat them in a fight.
1502	glitchdescription	/objects/nmm_starbound/protectorate/protectorateportraits/portrait7.object	/glitchDescription	Curious. I read that the eighth Grand Protector completely disappeared after retiring. I wonder where they went?
1503	humandescription	/objects/nmm_starbound/protectorate/protectorateportraits/portrait7.object	/humanDescription	The eighth Grand Protector... I think? Did their portrait actually look like that? Everything happened so fast...
1504	hylotldescription	/objects/nmm_starbound/protectorate/protectorateportraits/portrait7.object	/hylotlDescription	From what I studied, the eighth Grand Protector helped in establishing many staple technologies still used to this day.
1505	nekidescription	/objects/nmm_starbound/protectorate/protectorateportraits/portrait7.object	/nekiDescription	Sounds about right? I dunno, I don't really remember the dudes in the purrtraits.
1506	nekodescription	/objects/nmm_starbound/protectorate/protectorateportraits/portrait7.object	/nekoDescription	Man, you could, like, nap in that mask and no-one would notice at all.
1507	novakiddescription	/objects/nmm_starbound/protectorate/protectorateportraits/portrait7.object	/novakidDescription	Did this Grand Protector actually look like that? I don't remember at all.
1508	avalidescription	/objects/nmm_starbound/protectorate/protectorateportraits/portrait8.object	/avaliDescription	Esther Bright, the former Grand Protector. Yep, she's still alive.
1509	florandescription	/objects/nmm_starbound/protectorate/protectorateportraits/portrait8.object	/floranDescription	Old flesh person with glassesss from the Ark.
1510	humandescription	/objects/nmm_starbound/protectorate/protectorateportraits/portrait8.object	/humanDescription	It's Esther, from the Ark. Honestly, she hasn't changed much since this painting.
1511	nekidescription	/objects/nmm_starbound/protectorate/protectorateportraits/portrait8.object	/nekiDescription	Esther Bright. That weirdo lady.
1512	apexdescription	/objects/nmm_starbound/protectorate/protectorateportraits/portrait9.object	/apexDescription	Leda Portia. I saw her meet a grisly end.
1513	humandescription	/objects/nmm_starbound/protectorate/protectorateportraits/portrait9.object	/humanDescription	Leda Portia... gone. Right in front of me. I don't want to talk about it.
1514	nekidescription	/objects/nmm_starbound/protectorate/protectorateportraits/portrait9.object	/nekiDescription	That's Leda Purrtia, one second - on the stage, the next - gone. Man, what a rush.
1515	nekodescription	/objects/nmm_starbound/protectorate/protectorateportraits/portrait9.object	/nekoDescription	Man, what a way to go out.
1516	humandescription	/objects/nmm_starbound/protectorate/protectorateportraits/portraitapeb1.object	/humanDescription	I don't remember seeing this painting at the Academy... perhaps it was being restored?
1517	florandescription	/objects/nmm_starbound/protectorate/protectorateportraits/portraitempty.object	/floranDescription	Picture frame hasss nothing inside.
1518	glitchdescription	/objects/nmm_starbound/protectorate/protectorateportraits/portraitempty.object	/glitchDescription	Bored. The picture frame is empty.
1519	humandescription	/objects/nmm_starbound/protectorate/protectorateportraits/portraitempty.object	/humanDescription	It's an empty frame. I wouldn't call it art.
1520	felindescription	/objects/nmm_starbound/protectorate/protectorateportraits/protectorateplaque.object	/felinDescription	Such a small plaque~
1521	humandescription	/objects/nmm_starbound/protectorate/protectorateportraits/protectorateplaque.object	/humanDescription	It's a small plaque.
1522	felindescription	/objects/nmm_starbound/protectorate/protectorateposters/protectorate2poster1.object	/felinDescription	Jeeze, poster. I know they're cool already.
1523	nekodescription	/objects/nmm_starbound/protectorate/protectorateposters/protectorate2poster1.object	/nekoDescription	So cool~
1524	slimepersondescription	/objects/nmm_starbound/protectorate/protectorateposters/protectorate2poster1.object	/slimepersonDescription	Yup, a Matter Manipulator. Really flashy.
1525	nekodescription	/objects/nmm_starbound/protectorate/protectorateposters/protectorate2poster2.object	/nekoDescription	I think I liked this movie. But now I want my own UFO.
1526	slimepersondescription	/objects/nmm_starbound/protectorate/protectorateposters/protectorate2poster2.object	/slimepersonDescription	Yeah, this movie? Kinda sucked, but it was still alright.
1527	felindescription	/objects/nmm_starbound/protectorate/protectorateracebanners/protectorate2racebanners.object	/felinDescription	Seriously. Why did I sign up? The Felin flag isn't even here!
1528	nekodescription	/objects/nmm_starbound/protectorate/protectorateracebanners/protectorate2racebanners.object	/nekoDescription	I'm sure I could pass as a human. I think we're both dumb enough.
1529	novakiddescription	/objects/nmm_starbound/protectorate/protectorateracebanners/protectorate2racebanners.object	/novakidDescription	Wait, why ain't my kind's on here?
1530	felindescription	/objects/nmm_starbound/protectorate/protectorateradio/protectorate2radio.object	/felinDescription	There's some fat beats on this thing.
1531	humandescription	/objects/nmm_starbound/protectorate/protectorateradio/protectorate2radio.object	/humanDescription	This radio's got a really good song playing!
1532	nekidescription	/objects/nmm_starbound/protectorate/protectorateradio/protectorate2radio.object	/nekiDescription	I wanna drop this thing from a tall height.
1533	nekodescription	/objects/nmm_starbound/protectorate/protectorateradio/protectorate2radio.object	/nekoDescription	I like this song!
1534	felindescription	/objects/nmm_starbound/protectorate/protectoraterobe/protectorate2robe.object	/felinDescription	I wouldn't mind trying that on. Looks comfy.
1535	nekidescription	/objects/nmm_starbound/protectorate/protectoraterobe/protectorate2robe.object	/nekiDescription	It's a wearable blanket!
1536	nekodescription	/objects/nmm_starbound/protectorate/protectoraterobe/protectorate2robe.object	/nekoDescription	If clothing. But was blanket. Fancy.
1537	glitchdescription	/objects/nmm_starbound/protectorate/protectoraterooftop/protectorate2rooftophatch.object	/glitchDescription	Curious. Where does it lead?
1538	humandescription	/objects/nmm_starbound/protectorate/protectoraterooftop/protectorate2rooftophatch.object	/humanDescription	I can't get it open.
1539	felindescription	/objects/nmm_starbound/protectorate/protectoraterooftop/protectorate2vent.object	/felinDescription	Good ventilation is important.
1540	nekodescription	/objects/nmm_starbound/protectorate/protectoraterooftop/protectorate2vent.object	/nekoDescription	Yeah, but what if there was one tall one in the middle and two of the others on the sides? I think it would look funny.
1541	felindescription	/objects/nmm_starbound/protectorate/protectoraterooftop/protectorate2watertank.object	/felinDescription	Please, please, please keep that water in there.
1542	nekodescription	/objects/nmm_starbound/protectorate/protectoraterooftop/protectorate2watertank.object	/nekoDescription	Lots of water in there. I don't think I could drink it all at once.
1543	felindescription	/objects/nmm_starbound/protectorate/protectoraterope/protectorate2rope.object	/felinDescription	Ooh~ Fancy.
1544	nekodescription	/objects/nmm_starbound/protectorate/protectoraterope/protectorate2rope.object	/nekoDescription	Tried sitting on the rope once. Everything fell down.
1545	humandescription	/objects/nmm_starbound/protectorate/protectoratestorage/protectorate2storagechests.object	/humanDescription	This rack is full of pod chests! Usually, they're full of supplies!
1546	novakiddescription	/objects/nmm_starbound/protectorate/protectoratestorage/protectorate2storagechests.object	/novakidDescription	I spy a bunch o' pod chests in this rack. Usually full o' good supplies!
1547	felindescription	/objects/nmm_starbound/protectorate/protectoratetable/protectorate2table.object	/felinDescription	Nice table.
1548	nekidescription	/objects/nmm_starbound/protectorate/protectoratetable/protectorate2table.object	/nekiDescription	Shiny curvy stupid table. Tried sitting on one once and the whole thing fell over.
1549	nekodescription	/objects/nmm_starbound/protectorate/protectoratetable/protectorate2table.object	/nekoDescription	Not a big fan of one-legged tables. Unless they're bolted in the ground, then maybe...
1550	slimepersondescription	/objects/nmm_starbound/protectorate/protectoratetable/protectorate2table.object	/slimepersonDescription	It's a nice, white table.
1551	avalidescription	/objects/nmm_starbound/protectorate/protectoratetable/protectorate2tabletop.object	/avaliDescription	Still can't believe people still use this stuff.
1552	aviandescription	/objects/nmm_starbound/protectorate/protectoratetable/protectorate2tabletop.object	/avianDescription	Reminds me of my time at the academy.
1553	florandescription	/objects/nmm_starbound/protectorate/protectoratetable/protectorate2tabletop.object	/floranDescription	Boring ssstudy thingss. Floran rather hunt.
1554	glitchdescription	/objects/nmm_starbound/protectorate/protectoratetable/protectorate2tabletop.object	/glitchDescription	Reminiscent. I spent many nights studying similar materials at the academy.
1555	humandescription	/objects/nmm_starbound/protectorate/protectoratetable/protectorate2tabletop.object	/humanDescription	Hey, I remember reading that book at my, what, second year at the academy?
1556	hylotldescription	/objects/nmm_starbound/protectorate/protectoratetable/protectorate2tabletop.object	/hylotlDescription	Assorted study materials.
1557	nekidescription	/objects/nmm_starbound/protectorate/protectoratetable/protectorate2tabletop.object	/nekiDescription	I'm so gonna push this stuff off.
1558	nekodescription	/objects/nmm_starbound/protectorate/protectoratetable/protectorate2tabletop.object	/nekoDescription	Meh. These books aren't really interesting.
1559	novakiddescription	/objects/nmm_starbound/protectorate/protectoratetable/protectorate2tabletop.object	/novakidDescription	I ain't too fond o' studyin'.
1560	felindescription	/objects/nmm_starbound/protectorate/protectoratetoilet/protectorate2toilet.object	/felinDescription	Is this toilet gold? Maybe this is why I signed up.
1561	nekodescription	/objects/nmm_starbound/protectorate/protectoratetoilet/protectorate2toilet.object	/nekoDescription	What a flashy toilet.
1562	felindescription	/objects/nmm_starbound/protectorate/protectoratetoiletroll/protectorate2toiletroll.object	/felinDescription	Must... not... play... with...
1563	nekidescription	/objects/nmm_starbound/protectorate/protectoratetoiletroll/protectorate2toiletroll.object	/nekiDescription	Papurr roll goes brrrrr...
1564	nekodescription	/objects/nmm_starbound/protectorate/protectoratetoiletroll/protectorate2toiletroll.object	/nekoDescription	Takes two to know you need one, takes one to know you need three.
1565	slimepersondescription	/objects/nmm_starbound/protectorate/protectoratetoiletroll/protectorate2toiletroll.object	/slimepersonDescription	I don't really have a use for this.
1566	felindescription	/objects/nmm_starbound/protectorate/protectoratetv/protectorate2walltv.object	/felinDescription	Humans are so weird looking.
1567	laustaurdescription	/objects/nmm_starbound/protectorate/protectoratetv/protectorate2walltv.object	/laustaurDescription	I'd love to hear more, but the sound's off.
1568	nekodescription	/objects/nmm_starbound/protectorate/protectoratetv/protectorate2walltv.object	/nekoDescription	Aww, the sound's off.
1569	aviandescription	/objects/nmm_starbound/protectorate/protectoratevending/protectorate2brokenvending.object	/avianDescription	I remember buying drinks from machines like this... those were better days.
1570	felindescription	/objects/nmm_starbound/protectorate/protectoratevending/protectorate2brokenvending.object	/felinDescription	I wasn't thirsty anyway!
1571	hylotldescription	/objects/nmm_starbound/protectorate/protectoratevending/protectorate2brokenvending.object	/hylotlDescription	This vending machine is in an exceptionally sorry state.
1572	nekodescription	/objects/nmm_starbound/protectorate/protectoratevending/protectorate2brokenvending.object	/nekoDescription	It's busted. Darn. I'm feeling thirsty.
1573	avalidescription	/objects/nmm_starbound/protectorate/protectoratevending/protectorate2vending.object	/avaliDescription	Me and my packmates had special augments implanted in us that let us tolerate these drinks. I've still never liked any of them.
1574	felindescription	/objects/nmm_starbound/protectorate/protectoratevending/protectorate2vending.object	/felinDescription	I'm thirsty.
1575	nekidescription	/objects/nmm_starbound/protectorate/protectoratevending/protectorate2vending.object	/nekiDescription	Full of bird food and yucky water!
1576	nekodescription	/objects/nmm_starbound/protectorate/protectoratevending/protectorate2vending.object	/nekoDescription	I can chug down two oculemonades at once. Great party trick.
1577	slimepersondescription	/objects/nmm_starbound/protectorate/protectoratevending/protectorate2vending.object	/slimepersonDescription	I shouldn't have too many... just a few.
1578	apexdescription	/objects/nmm_starbound/protectorate/protectoratewastebin/protectoratewastebin.object	/apexDescription	This waste bin is still being filled despite clearly being full.
1579	avalidescription	/objects/nmm_starbound/protectorate/protectoratewastebin/protectoratewastebin.object	/avaliDescription	Someone really needs to empty this wastebin.
1580	felindescription	/objects/nmm_starbound/protectorate/protectoratewastebin/protectoratewastebin.object	/felinDescription	Is it weird I want to play with the bunched up paper?
1581	hylotldescription	/objects/nmm_starbound/protectorate/protectoratewastebin/protectoratewastebin.object	/hylotlDescription	An overflowing waste bin.
1582	nekodescription	/objects/nmm_starbound/protectorate/protectoratewastebin/protectoratewastebin.object	/nekoDescription	It's full. I'm not going to empty it.
1583	slimepersondescription	/objects/nmm_starbound/protectorate/protectoratewastebin/protectoratewastebin.object	/slimepersonDescription	I dare not touch it.
1584	avalidescription	/objects/nmm_starbound/protectorate/protectoratewindchimes/protectorate2windchimes.object	/avaliDescription	These chimes are really calming.
1585	felindescription	/objects/nmm_starbound/protectorate/protectoratewindchimes/protectorate2windchimes.object	/felinDescription	Jingle jingle. Hehehe...
1586	nekodescription	/objects/nmm_starbound/protectorate/protectoratewindchimes/protectorate2windchimes.object	/nekoDescription	I wanna smack it. No reason why.
1587	slimepersondescription	/objects/nmm_starbound/protectorate/protectoratewindchimes/protectorate2windchimes.object	/slimepersonDescription	Lovely wind chimes. They make nice sounds.
1588	apexdescription	/objects/nmm_starbound/replicate/bigapedolldebugged/bigapedolldebugged.object	/apexDescription	An admittedly well-made doll of Big Ape. I might not like him, but at least I can enjoy the doll without fear of being monitored.
1589	avalidescription	/objects/nmm_starbound/replicate/bigapedolldebugged/bigapedolldebugged.object	/avaliDescription	No more cameras in this thing. I admit, it is pretty soft.
1590	aviandescription	/objects/nmm_starbound/replicate/bigapedolldebugged/bigapedolldebugged.object	/avianDescription	It's actually a rather nice doll for a depiction of a dictator.
1591	felindescription	/objects/nmm_starbound/replicate/bigapedolldebugged/bigapedolldebugged.object	/felinDescription	I could've torn out the cameras myself.
1592	florandescription	/objects/nmm_starbound/replicate/bigapedolldebugged/bigapedolldebugged.object	/floranDescription	Doll can no longer ssee Floran. Floran still doesss not trust.
1593	glitchdescription	/objects/nmm_starbound/replicate/bigapedolldebugged/bigapedolldebugged.object	/glitchDescription	Relieved. The devices inside have been removed. Now I can enjoy the doll in peace!
1594	humandescription	/objects/nmm_starbound/replicate/bigapedolldebugged/bigapedolldebugged.object	/humanDescription	For a big, mean dictator, the doll's actually pretty cute.
1595	hylotldescription	/objects/nmm_starbound/replicate/bigapedolldebugged/bigapedolldebugged.object	/hylotlDescription	The doll is exceptionally well made for a propaganda figure. I'd say it's almost Hylotl quality.
1596	nekidescription	/objects/nmm_starbound/replicate/bigapedolldebugged/bigapedolldebugged.object	/nekiDescription	Mmm, something to chew on for a bit.
1597	nekodescription	/objects/nmm_starbound/replicate/bigapedolldebugged/bigapedolldebugged.object	/nekoDescription	Who's a cute little dictator? Aww, you are! Heehee~
1598	novakiddescription	/objects/nmm_starbound/replicate/bigapedolldebugged/bigapedolldebugged.object	/novakidDescription	It's a doll o' that no-gooder Big Ape I keep hearin' 'bout. He don't seem so big.
1599	avalidescription	/objects/nmm_starbound/replicate/emptyapexpod/emptyapexpod.object	/avaliDescription	An empty life support pod. Creepy.
1600	felindescription	/objects/nmm_starbound/replicate/emptyapexpod/emptyapexpod.object	/felinDescription	First of all, it's a good idea to not enter that.
1601	humandescription	/objects/nmm_starbound/replicate/emptyapexpod/emptyapexpod.object	/humanDescription	Yeeowch, do they stick those spikes into you? That's gotta hurt.
1602	nekodescription	/objects/nmm_starbound/replicate/emptyapexpod/emptyapexpod.object	/nekoDescription	Only back spikes... no tentacles. All ouch and no fun...
1603	slimepersondescription	/objects/nmm_starbound/replicate/emptyapexpod/emptyapexpod.object	/slimepersonDescription	It's a bad idea for me to enter, I'd probably get drained away.
1604	humandescription	/objects/nmm_starbound/replicate/hylotlstorefridge/hylotlstorefridge.object	/humanDescription	The fridge is full of soft drinks. I wonder what Reef-Cola tastes like? 
1605	felindescription	/objects/nmm_starbound/restored/barrels/barreltoxic.object	/felinDescription	Is it safe, though?
1606	florandescription	/objects/nmm_starbound/restored/cityelectricbox/restoredcityelectricbox1.object	/floranDescription	Ssome metal wire cube.
1607	avalidescription	/objects/nmm_starbound/restored/cityelectricbox/restoredcityelectricbox2.object	/avaliDescription	It's an electrical utility box.
1608	felindescription	/objects/nmm_starbound/restored/cityroundsign/restoredcityroundsign.object	/felinDescription	Who are you to tell me what to do? I don't see any cars.
1609	humandescription	/objects/nmm_starbound/restored/cityroundsign/restoredcityroundsign.object	/humanDescription	I think if you turn that sign 90 degrees, it would look like an eye.
1610	nekodescription	/objects/nmm_starbound/restored/cityroundsign/restoredcityroundsign.object	/nekoDescription	Whatever you say, sign.
1611	felindescription	/objects/nmm_starbound/restored/cityroundsign/restoredcityroundsignwall.object	/felinDescription	Terrible wall decoration.
1612	nekodescription	/objects/nmm_starbound/restored/cityroundsign/restoredcityroundsignwall.object	/nekoDescription	I'mma do anyway.
1613	felindescription	/objects/nmm_starbound/restored/citytank/restoredcitytank.object	/felinDescription	Keep that water inside the tank and we'll stay friends.
1614	humandescription	/objects/nmm_starbound/restored/citytank/restoredcitytank.object	/humanDescription	This tank.
1615	nekodescription	/objects/nmm_starbound/restored/citytank/restoredcitytank.object	/nekoDescription	Secret pool... I can't get inside!.. I don't want to get inside.
1616	novakiddescription	/objects/nmm_starbound/restored/citytank/restoredcitytank.object	/novakidDescription	Some kinda water tank.
1617	aviandescription	/objects/nmm_starbound/restored/citytrafficlights/restoredcitytrafficlights.object	/avianDescription	I like these lights better when they're green.
1618	felindescription	/objects/nmm_starbound/restored/citytrafficlights/restoredcitytrafficlights.object	/felinDescription	Traffic laws... in space! Who cares? Not me!
1619	humandescription	/objects/nmm_starbound/restored/citytrafficlights/restoredcitytrafficlights.object	/humanDescription	Red means stop, green means go. I swear there was a third one, though...
1620	nekodescription	/objects/nmm_starbound/restored/citytrafficlights/restoredcitytrafficlights.object	/nekoDescription	One light's red, one's green. Fascinating...
1621	felindescription	/objects/nmm_starbound/restored/cleaneddumpster/cleaneddumpster.object	/felinDescription	Mobile home.
1622	nekidescription	/objects/nmm_starbound/restored/cleaneddumpster/cleaneddumpster.object	/nekiDescription	I'm tired...
1623	nekodescription	/objects/nmm_starbound/restored/cleaneddumpster/cleaneddumpster.object	/nekoDescription	Yeah, I could live in that.
1624	slimepersondescription	/objects/nmm_starbound/restored/cleaneddumpster/cleaneddumpster.object	/slimepersonDescription	It's a pretty clean dumpster.
1625	avalidescription	/objects/nmm_starbound/restored/cleaneddumpster/cleaneddumpstersit.object	/avaliDescription	I'd prefer to not sit in that.
1626	felindescription	/objects/nmm_starbound/restored/cleaneddumpster/cleaneddumpstersit.object	/felinDescription	Aww, yeah! Now this is street living!
1627	nekidescription	/objects/nmm_starbound/restored/cleaneddumpster/cleaneddumpstersit.object	/nekiDescription	Aw yeah! My kinda place.
1628	nekodescription	/objects/nmm_starbound/restored/cleaneddumpster/cleaneddumpstersit.object	/nekoDescription	Nice place.
1629	slimepersondescription	/objects/nmm_starbound/restored/cleaneddumpster/cleaneddumpstersit.object	/slimepersonDescription	I-I'm not trash...
1630	aviandescription	/objects/nmm_starbound/restored/lockers/restoredlocker.object	/avianDescription	It's a metal locker.
1631	felindescription	/objects/nmm_starbound/restored/lockers/restoredlocker.object	/felinDescription	Yup. It's a locker.
1632	florandescription	/objects/nmm_starbound/restored/lockers/restoredlocker.object	/floranDescription	Boring locker.
1633	humandescription	/objects/nmm_starbound/restored/lockers/restoredlocker.object	/humanDescription	Reminds me of my school days.
1634	hylotldescription	/objects/nmm_starbound/restored/lockers/restoredlocker.object	/hylotlDescription	I wouldn't store anything of worth in here, just in case.
1635	nekidescription	/objects/nmm_starbound/restored/lockers/restoredlocker.object	/nekiDescription	Mmm, some locker.
1636	nekodescription	/objects/nmm_starbound/restored/lockers/restoredlocker.object	/nekoDescription	Oh... no monsters? Aw.
1637	novakiddescription	/objects/nmm_starbound/restored/lockers/restoredlocker.object	/novakidDescription	Boring ol' metal locker.
1638	aviandescription	/objects/nmm_starbound/restored/prisoncabinet1/restoredprisoncabinet.object	/avianDescription	This cabinet contains medicine.
1639	felindescription	/objects/nmm_starbound/restored/prisoncabinet1/restoredprisoncabinet.object	/felinDescription	Pills here!
1640	florandescription	/objects/nmm_starbound/restored/prisoncabinet1/restoredprisoncabinet.object	/floranDescription	Medicine cabinet.
1641	glitchdescription	/objects/nmm_starbound/restored/prisoncabinet1/restoredprisoncabinet.object	/glitchDescription	Relieved. It's always a good sign to see a stocked medical cabinet.
1642	humandescription	/objects/nmm_starbound/restored/prisoncabinet1/restoredprisoncabinet.object	/humanDescription	Oh, neat, it's got some stuff in it. Good to know!
1643	hylotldescription	/objects/nmm_starbound/restored/prisoncabinet1/restoredprisoncabinet.object	/hylotlDescription	An ugly medicine cabinet.
1644	nekidescription	/objects/nmm_starbound/restored/prisoncabinet1/restoredprisoncabinet.object	/nekiDescription	Smells familiar...
1645	nekodescription	/objects/nmm_starbound/restored/prisoncabinet1/restoredprisoncabinet.object	/nekoDescription	Aw, neat. Drugs!
1646	slimepersondescription	/objects/nmm_starbound/restored/prisoncabinet1/restoredprisoncabinet.object	/slimepersonDescription	It's full of medical supplies. That's good... for those that need it, anyway.
1647	nekodescription	/objects/nmm_starbound/restored/prisonfilingcabinet/restoredfilingcabinet.object	/nekoDescription	This guy was arrested for dropping a deuce at the beach. Really? I do that on the daily. Sometimes.
1648	slimepersondescription	/objects/nmm_starbound/restored/prisonfilingcabinet/restoredfilingcabinet.object	/slimepersonDescription	Let's see... someone here was imprisoned for multiple cases of stealing jellies and puddings. Horrific.
1649	nekodescription	/objects/nmm_starbound/restored/prisonfilingcabinet/restoredfilingcabinetlarge.object	/nekoDescription	Oh... that's not very nice. But also kinda ho- uh, I mean... bad. People shouldn't be doing that...
1650	slimepersondescription	/objects/nmm_starbound/restored/prisonfilingcabinet/restoredfilingcabinetlarge.object	/slimepersonDescription	Humans can get arrested for that? Really, what's wrong with a little bit of slime?
1651	nekodescription	/objects/nmm_starbound/restored/prisonlocker/restoredprisonlocker1.object	/nekoDescription	Aww, this storage locker kinda looks like a small store.
1652	nekodescription	/objects/nmm_starbound/restored/prisonlocker/restoredprisonlocker2.object	/nekoDescription	If I take a nap in here, will anyone notice?
1653	avalidescription	/objects/nmm_starbound/restored/prisonmattress/cleanedmattress.object	/avaliDescription	I'd prefer a proper bed, but I suppose I could sleep on this.
1654	aviandescription	/objects/nmm_starbound/restored/prisonmattress/cleanedmattress.object	/avianDescription	I'm not trying to complain, but a pillow would be nice.
1655	felindescription	/objects/nmm_starbound/restored/prisonmattress/cleanedmattress.object	/felinDescription	It's clean, ehehehe~ I'm so getting thoughts.
1656	florandescription	/objects/nmm_starbound/restored/prisonmattress/cleanedmattress.object	/floranDescription	Floran wantss to jump on mattresss.
1657	glitchdescription	/objects/nmm_starbound/restored/prisonmattress/cleanedmattress.object	/glitchDescription	Neutral. It's a mattress. At least there are no bugs.
1658	humandescription	/objects/nmm_starbound/restored/prisonmattress/cleanedmattress.object	/humanDescription	At least it's been cleaned.
1659	hylotldescription	/objects/nmm_starbound/restored/prisonmattress/cleanedmattress.object	/hylotlDescription	I'm still not too sure how I feel about sleeping on an old mattress.
1660	nekodescription	/objects/nmm_starbound/restored/prisonmattress/cleanedmattress.object	/nekoDescription	No extra padding... no covers... Ehehehe, that sounds... rough~
1661	novakiddescription	/objects/nmm_starbound/restored/prisonmattress/cleanedmattress.object	/novakidDescription	Seems clean enough.
1662	felindescription	/objects/nmm_starbound/restored/prisonmirror/restoredmirror1.object	/felinDescription	[expletive] stole my reflection. Can't have anything in outer space.
1663	humandescription	/objects/nmm_starbound/restored/prisonmirror/restoredmirror1.object	/humanDescription	Wha- where's my reflection?! I'm not a vampire am I?
1664	nekodescription	/objects/nmm_starbound/restored/prisonmirror/restoredmirror1.object	/nekoDescription	It's shiny-ish. I think it's a mirror.
1665	felindescription	/objects/nmm_starbound/restored/prisonstonesign/restoredprisonstonesign.object	/felinDescription	USCM... F°ck.
1666	nekodescription	/objects/nmm_starbound/restored/prisonstonesign/restoredprisonstonesign.object	/nekoDescription	Heh. Penal colony. Hehe.
1667	felindescription	/objects/nmm_starbound/restored/restoredbed/restoredbed.object	/felinDescription	Eh, it's comfortable enough.
1668	humandescription	/objects/nmm_starbound/restored/restoredbed/restoredbed.object	/humanDescription	Well, it's an upgrade. Should be able to get some rest here.
1669	nekodescription	/objects/nmm_starbound/restored/restoredbed/restoredbed.object	/nekoDescription	This bed is solid... and pretty comfortable as well~ Ehehehe~
1670	aviandescription	/objects/nmm_starbound/restored/restoredboiler/restoredboiler.object	/avianDescription	The boiler works now, although I don't know how safe it is.
1671	felindescription	/objects/nmm_starbound/restored/restoredboiler/restoredboiler.object	/felinDescription	Great... hot water. Lovely. Just... grand.
1672	florandescription	/objects/nmm_starbound/restored/restoredboiler/restoredboiler.object	/floranDescription	Hot water machine.
1673	glitchdescription	/objects/nmm_starbound/restored/restoredboiler/restoredboiler.object	/glitchDescription	Wary. The integrity of a reused boiler is questionable, but if it works, it works.
1674	humandescription	/objects/nmm_starbound/restored/restoredboiler/restoredboiler.object	/humanDescription	Oh boy, I can finally have a hot bath now!
1675	nekodescription	/objects/nmm_starbound/restored/restoredboiler/restoredboiler.object	/nekoDescription	Perfect for a hot bath~
1676	felindescription	/objects/nmm_starbound/restored/restoredbunkerbookcase/restoredbunkerbookcase.object	/felinDescription	"Eh. Nothing worth ""reading"" in here."
1677	glitchdescription	/objects/nmm_starbound/restored/restoredbunkerbookcase/restoredbunkerbookcase.object	/glitchDescription	Curious. Some of these books are hundreds of years old, though... oddly, they seem to be as good as new.
1678	nekodescription	/objects/nmm_starbound/restored/restoredbunkerbookcase/restoredbunkerbookcase.object	/nekoDescription	Ehh... a lot of sciency books...
1679	slimepersondescription	/objects/nmm_starbound/restored/restoredbunkerbookcase/restoredbunkerbookcase.object	/slimepersonDescription	I don't really know what to say about... these.
1680	apexdescription	/objects/nmm_starbound/restored/restoredchair/wreckchair.object	/apexDescription	This chair actually seems quite comfortable.
1681	aviandescription	/objects/nmm_starbound/restored/restoredchair/wreckchair.object	/avianDescription	The chair has been restored. It actually seems pretty nice.
1682	felindescription	/objects/nmm_starbound/restored/restoredchair/wreckchair.object	/felinDescription	New chair? Padding?! Oh, my claws are so itching right now.
1683	florandescription	/objects/nmm_starbound/restored/restoredchair/wreckchair.object	/floranDescription	Plain chair.
1684	glitchdescription	/objects/nmm_starbound/restored/restoredchair/wreckchair.object	/glitchDescription	Relieved. This chair appears to be 400% cleaner now.
1685	humandescription	/objects/nmm_starbound/restored/restoredchair/wreckchair.object	/humanDescription	This isn't actually all that bad of a chair.
1686	hylotldescription	/objects/nmm_starbound/restored/restoredchair/wreckchair.object	/hylotlDescription	This chair seems pretty comfortable now, if not a bit plain.
1687	novakiddescription	/objects/nmm_starbound/restored/restoredchair/wreckchair.object	/novakidDescription	This chair seems like a nice place to sit down.
1688	apexdescription	/objects/nmm_starbound/restored/restoredconsole/restoredconsole2.object	/apexDescription	Some kind of console. I don't know what it does.
1689	aviandescription	/objects/nmm_starbound/restored/restoredconsole/restoredconsole2.object	/avianDescription	It's a console with a whole lot of buttons.
1690	felindescription	/objects/nmm_starbound/restored/restoredconsole/restoredconsole2.object	/felinDescription	There's a lot of buzzing going around in there. Unfortunately, not bugs.
1691	florandescription	/objects/nmm_starbound/restored/restoredconsole/restoredconsole2.object	/floranDescription	This consssole has a lot of buttonss to pussh.
1692	glitchdescription	/objects/nmm_starbound/restored/restoredconsole/restoredconsole2.object	/glitchDescription	Overwhelmed. This console has far too many buttons to push.
1693	humandescription	/objects/nmm_starbound/restored/restoredconsole/restoredconsole2.object	/humanDescription	I think this console almost has too many buttons now.
1694	hylotldescription	/objects/nmm_starbound/restored/restoredconsole/restoredconsole2.object	/hylotlDescription	This console has lot of buttons, but no clear output. I'm not going to touch it.
1695	nekidescription	/objects/nmm_starbound/restored/restoredconsole/restoredconsole2.object	/nekiDescription	This puter generates a lot of heat. I wanna sleep on top of it.
1696	nekodescription	/objects/nmm_starbound/restored/restoredconsole/restoredconsole2.object	/nekoDescription	If I put my ear up to it, I can hear it purring!
1697	novakiddescription	/objects/nmm_starbound/restored/restoredconsole/restoredconsole2.object	/novakidDescription	That's a whole lotta buttons. I ain't even gonna try with this one.
1698	apexdescription	/objects/nmm_starbound/restored/restoredconsole/restoredconsole3.object	/apexDescription	An input terminal.
1699	felindescription	/objects/nmm_starbound/restored/restoredconsole/restoredconsole3.object	/felinDescription	Hm, guess it could be fixed.
1700	florandescription	/objects/nmm_starbound/restored/restoredconsole/restoredconsole3.object	/floranDescription	Floran has no idea what thiss consssole doess.
1701	glitchdescription	/objects/nmm_starbound/restored/restoredconsole/restoredconsole3.object	/glitchDescription	Joyous. The console has been fixed and is functional once more!
1702	humandescription	/objects/nmm_starbound/restored/restoredconsole/restoredconsole3.object	/humanDescription	So many buttons to push! 
1703	hylotldescription	/objects/nmm_starbound/restored/restoredconsole/restoredconsole3.object	/hylotlDescription	It seems it could be repaired. It works fantastically.
1704	nekodescription	/objects/nmm_starbound/restored/restoredconsole/restoredconsole3.object	/nekoDescription	Push, push, push!
1705	novakiddescription	/objects/nmm_starbound/restored/restoredconsole/restoredconsole3.object	/novakidDescription	This console certainly works now.
1706	aviandescription	/objects/nmm_starbound/restored/restoreddoor/restoreddoor.object	/avianDescription	This metal door is heavy.
1707	hylotldescription	/objects/nmm_starbound/restored/restoreddoor/restoreddoor.object	/hylotlDescription	What this door lacks in elegance, it makes up for in security.
1708	apexdescription	/objects/nmm_starbound/restored/restoredgenerator/restoredgenerator.object	/apexDescription	I wonder what the power output of this generator is?
1709	florandescription	/objects/nmm_starbound/restored/restoredgenerator/restoredgenerator.object	/floranDescription	Loud energy making machine!
1710	glitchdescription	/objects/nmm_starbound/restored/restoredgenerator/restoredgenerator.object	/glitchDescription	Impressed. A large electrical generator.
1711	humandescription	/objects/nmm_starbound/restored/restoredgenerator/restoredgenerator.object	/humanDescription	Looks like a ship's power unit.
1712	hylotldescription	/objects/nmm_starbound/restored/restoredgenerator/restoredgenerator.object	/hylotlDescription	This looks like quite a powerful generator.
1713	novakiddescription	/objects/nmm_starbound/restored/restoredmarinesign/marinesign.object	/novakidDescription	I ain't so sure o' why someone would need to touch up the paint on this ol' sign, but it ain't none o' my business.
1714	humandescription	/objects/nmm_starbound/restored/restoredpanel/restoredpanel1.object	/humanDescription	An input panel. Let's see here...
1715	humandescription	/objects/nmm_starbound/restored/restoredpanel/restoredpanel2.object	/humanDescription	An input panel. So, I think if...
1716	apexdescription	/objects/nmm_starbound/restored/restoredscreen/restoredscreen.object	/apexDescription	It's been fixed, but there's nothing on.
1717	aviandescription	/objects/nmm_starbound/restored/restoredscreen/restoredscreen.object	/avianDescription	Nothing to see here. The screen's connected to a blank channel.
1718	felindescription	/objects/nmm_starbound/restored/restoredscreen/restoredscreen.object	/felinDescription	Wooow. Color test. Where's the remote?
1719	florandescription	/objects/nmm_starbound/restored/restoredscreen/restoredscreen.object	/floranDescription	Monitor shows colorful screen. Floran bored.
1720	glitchdescription	/objects/nmm_starbound/restored/restoredscreen/restoredscreen.object	/glitchDescription	Disappointed. There's nothing on.
1721	humandescription	/objects/nmm_starbound/restored/restoredscreen/restoredscreen.object	/humanDescription	Where's the remote? I swear, you can never find it when you need it...
1722	hylotldescription	/objects/nmm_starbound/restored/restoredscreen/restoredscreen.object	/hylotlDescription	Color test really isn't my favourite thing to watch.
1723	nekodescription	/objects/nmm_starbound/restored/restoredscreen/restoredscreen.object	/nekoDescription	Man. I just wanted to watch my... movies.
1724	novakiddescription	/objects/nmm_starbound/restored/restoredscreen/restoredscreen.object	/novakidDescription	Nothin's on.
1725	florandescription	/objects/nmm_starbound/restored/restoredsmalltable/restoredsmalltable.object	/floranDescription	Small metal table.
1726	glitchdescription	/objects/nmm_starbound/restored/restoredsmalltable/restoredsmalltable.object	/glitchDescription	Neutral. It's a small metal table.
1727	humandescription	/objects/nmm_starbound/restored/restoredsmalltable/restoredsmalltable.object	/humanDescription	This is a table.
1728	hylotldescription	/objects/nmm_starbound/restored/restoredsmalltable/restoredsmalltable.object	/hylotlDescription	An uninspired metal table.
1729	nekodescription	/objects/nmm_starbound/restored/restoredsmalltable/restoredsmalltable.object	/nekoDescription	Table? More like... nah, yep. It's a table.
1730	apexdescription	/objects/nmm_starbound/restored/restoredsupport/restoredsupport.object	/apexDescription	It's a plain metal support.
1731	aviandescription	/objects/nmm_starbound/restored/restoredsupport/restoredsupport.object	/avianDescription	Uninteresting, but it certainly looks supportive.
1732	florandescription	/objects/nmm_starbound/restored/restoredsupport/restoredsupport.object	/floranDescription	Metal beam.
1733	glitchdescription	/objects/nmm_starbound/restored/restoredsupport/restoredsupport.object	/glitchDescription	Neutral. A strong support beam.
1734	humandescription	/objects/nmm_starbound/restored/restoredsupport/restoredsupport.object	/humanDescription	It's a metal support. Looks like it can do its job.
1735	hylotldescription	/objects/nmm_starbound/restored/restoredsupport/restoredsupport.object	/hylotlDescription	This seems more structurally sound than how it was before.
1736	novakiddescription	/objects/nmm_starbound/restored/restoredsupport/restoredsupport.object	/novakidDescription	Now this looks like it could support somethin'.
1737	aviandescription	/objects/nmm_starbound/restored/restoredtable/restoredtable.object	/avianDescription	Perhaps one of the most simple tables I've ever seen.
1738	felindescription	/objects/nmm_starbound/restored/restoredtable/restoredtable.object	/felinDescription	Yeah, it's a table.
1739	humandescription	/objects/nmm_starbound/restored/restoredtable/restoredtable.object	/humanDescription	Honestly, it's more of a bench than a table.
1740	hylotldescription	/objects/nmm_starbound/restored/restoredtable/restoredtable.object	/hylotlDescription	I stand corrected. It's been salvaged.
1741	nekodescription	/objects/nmm_starbound/restored/restoredtable/restoredtable.object	/nekoDescription	Ooh~ That's a sturdy metal table~
1742	florandescription	/objects/nmm_starbound/restored/restoredtv/restoredtv.object	/floranDescription	Temporary ssstate.
1743	glitchdescription	/objects/nmm_starbound/restored/restoredtv/restoredtv.object	/glitchDescription	Indifferent. Temporary state.
1744	novakiddescription	/objects/nmm_starbound/restored/restoredtv/restoredtv.object	/novakidDescription	This ain't final.
1745	apexdescription	/objects/nmm_starbound/restored/restoredvat/restoredvatempty.object	/apexDescription	It's empty, which is a relief.
1746	aviandescription	/objects/nmm_starbound/restored/restoredvat/restoredvatempty.object	/avianDescription	It's an empty vat.
1747	felindescription	/objects/nmm_starbound/restored/restoredvat/restoredvatempty.object	/felinDescription	Eh. It's an empty vat.
1748	glitchdescription	/objects/nmm_starbound/restored/restoredvat/restoredvatempty.object	/glitchDescription	Neutral. This machine is unoccupied.
1749	humandescription	/objects/nmm_starbound/restored/restoredvat/restoredvatempty.object	/humanDescription	It's an empty vat. Heh, vat. Vvvvvvvat.
1750	hylotldescription	/objects/nmm_starbound/restored/restoredvat/restoredvatempty.object	/hylotlDescription	The glass appears to be strong, so shere should be no chance of cracks.
1751	nekodescription	/objects/nmm_starbound/restored/restoredvat/restoredvatempty.object	/nekoDescription	On my home planet, there's a torture device that looks just like this...
1752	humandescription	/objects/nmm_starbound/restored/restoredvent/restoredvent.object	/humanDescription	I wonder if I could crawl through that...
1753	hylotldescription	/objects/nmm_starbound/restored/wasteland_restored/wastelandsign1.object	/hylotlDescription	This sign's warning reads clear as ever.
1754	apexdescription	/objects/nmm_starbound/unofficial/art_hylotlfoodsign/hylotlfoodsign.object	/apexDescription	This sign seems to be advertising a restaurant of some sort. I'm not really hungry right now.
1755	avalidescription	/objects/nmm_starbound/unofficial/art_hylotlfoodsign/hylotlfoodsign.object	/avaliDescription	I'm not particularly fond of other species' food. I'll pass.
1756	aviandescription	/objects/nmm_starbound/unofficial/art_hylotlfoodsign/hylotlfoodsign.object	/avianDescription	I've heard the Ocean Surprise is tasty... only really from the Hylotl, though.
1757	felindescription	/objects/nmm_starbound/unofficial/art_hylotlfoodsign/hylotlfoodsign.object	/felinDescription	Ocean Surprise. Heh.
1758	florandescription	/objects/nmm_starbound/unofficial/art_hylotlfoodsign/hylotlfoodsign.object	/floranDescription	Floran not sso hungry for fishman food.
1759	glitchdescription	/objects/nmm_starbound/unofficial/art_hylotlfoodsign/hylotlfoodsign.object	/glitchDescription	Intrigued. Ocean Surprise, huh? Sounds... great.
1760	humandescription	/objects/nmm_starbound/unofficial/art_hylotlfoodsign/hylotlfoodsign.object	/humanDescription	This sign is... prooobably more appealing than the food it's advertising.
1761	hylotldescription	/objects/nmm_starbound/unofficial/art_hylotlfoodsign/hylotlfoodsign.object	/hylotlDescription	Ooh, a sign advertising Ocean Surprise. I'm getting hungry just thinking about it.
1762	nekidescription	/objects/nmm_starbound/unofficial/art_hylotlfoodsign/hylotlfoodsign.object	/nekiDescription	Mmmn..? Buzzy lighty sign, is it trying to sell me food? I like food.
1763	nekodescription	/objects/nmm_starbound/unofficial/art_hylotlfoodsign/hylotlfoodsign.object	/nekoDescription	Mmm, I'm hungry.
1764	novakiddescription	/objects/nmm_starbound/unofficial/art_hylotlfoodsign/hylotlfoodsign.object	/novakidDescription	Hylotl food. I ain't so big on it.
1765	slimepersondescription	/objects/nmm_starbound/unofficial/art_hylotlfoodsign/hylotlfoodsign.object	/slimepersonDescription	Mmm, food.
1766	apexdescription	/objects/nmm_starbound/unofficial/lol/ignoregravitygraffiti.object	/apexDescription	I don't see how it's possible to do that.
1767	aviandescription	/objects/nmm_starbound/unofficial/lol/ignoregravitygraffiti.object	/avianDescription	Was the writer able to fly, perhaps?
1768	florandescription	/objects/nmm_starbound/unofficial/lol/ignoregravitygraffiti.object	/floranDescription	Perhapsss persson floated away?
1769	glitchdescription	/objects/nmm_starbound/unofficial/lol/ignoregravitygraffiti.object	/glitchDescription	Confused. How?
1770	humandescription	/objects/nmm_starbound/unofficial/lol/ignoregravitygraffiti.object	/humanDescription	Pfft, screw gravity.
1771	hylotldescription	/objects/nmm_starbound/unofficial/lol/ignoregravitygraffiti.object	/hylotlDescription	Gravity doesn't seem to be the only thing this person ignored...
1772	novakiddescription	/objects/nmm_starbound/unofficial/lol/ignoregravitygraffiti.object	/novakidDescription	I don't get how that's possible, but... err, right.
1773	apexdescription	/objects/nmm_starbound/unofficial/noxiphageposter/noxiphageposter.object	/apexDescription	This movie's somewhat notorious for being horrible.
1774	aviandescription	/objects/nmm_starbound/unofficial/noxiphageposter/noxiphageposter.object	/avianDescription	I haven't heard great things about this movie.
1775	felindescription	/objects/nmm_starbound/unofficial/noxiphageposter/noxiphageposter.object	/felinDescription	Bah, this movie was awful.
1776	florandescription	/objects/nmm_starbound/unofficial/noxiphageposter/noxiphageposter.object	/floranDescription	Movie lookss interesssting, Floran wants to watch it!
1777	hylotldescription	/objects/nmm_starbound/unofficial/noxiphageposter/noxiphageposter.object	/hylotlDescription	This movie... was certainly lacking in a few areas.
1778	nekodescription	/objects/nmm_starbound/unofficial/noxiphageposter/noxiphageposter.object	/nekoDescription	Was this a sci-fi action horror or a comedy, nyan? I- heehee, I don't remember!
1779	novakiddescription	/objects/nmm_starbound/unofficial/noxiphageposter/noxiphageposter.object	/novakidDescription	Looks like some ol' movie. I ain't seen none of it.
1780	slimepersondescription	/objects/nmm_starbound/unofficial/noxiphageposter/noxiphageposter.object	/slimepersonDescription	This movie wasn't terribly great.
1781	florandescription	/objects/nmm_starbound/unofficial/pewterschmitz/spacesink.object	/floranDescription	Little water fountain for wasshing up.
1782	humandescription	/objects/nmm_starbound/unofficial/pewterschmitz/spacesink.object	/humanDescription	I should probably wash my hands.
1783	nekodescription	/objects/nmm_starbound/unofficial/pewterschmitz/spacetoilet.object	/nekoDescription	Yeah, that's a toilet.
1784	nekodescription	/objects/nmm_starbound/unofficial/pixelgoods_olddecorations/paintingnyancat.object	/nekoDescription	Nyanyanyan, nya?
1785	felindescription	/objects/nmm_starbound/unofficial/pixelgoods_olddecorations/paintingplaystation.object	/felinDescription	Don't play with me, play PlayStation. It's safer.
1786	nekodescription	/objects/nmm_starbound/unofficial/poptoptoilet/spacetoilet.object	/nekoDescription	It's a very... technical looking toilet.
1787	felindescription	/objects/nmm_starbound/unofficial/protectoraterecposter/protectoraterecposter.object	/felinDescription	I'm good.
1788	humandescription	/objects/nmm_starbound/unofficial/protectoraterecposter/protectoraterecposter.object	/humanDescription	Did that. Or at least, tried to. Then THAT happened.
1789	apexdescription	/objects/nmm_starbound/unofficial/reddit/rplace2017v1a.object	/apexDescription	This reminds me of a lot. Nothing particularly happy, more Miniknog city life and rebel camp related.
1790	avalidescription	/objects/nmm_starbound/unofficial/reddit/rplace2017v1a.object	/avaliDescription	Humans are... really weird sometimes.
1791	humandescription	/objects/nmm_starbound/unofficial/reddit/rplace2017v1a.object	/humanDescription	It's, um, incredibly artsy, I guess?
1792	hylotldescription	/objects/nmm_starbound/unofficial/reddit/rplace2017v1a.object	/hylotlDescription	It's chaotic. I wouldn't exactly say in a nice way, either.
1793	novakiddescription	/objects/nmm_starbound/unofficial/reddit/rplace2017v1a.object	/novakidDescription	I ain't so sure why someone would frame this.
1794	apexdescription	/objects/nmm_starbound/unofficial/reddit/rplace2017v2.object	/apexDescription	I get the feeling a valiant effort was put into this piece.
1795	avalidescription	/objects/nmm_starbound/unofficial/reddit/rplace2017v2.object	/avaliDescription	I'm sure it has a really, really interesting history.
1796	aviandescription	/objects/nmm_starbound/unofficial/reddit/rplace2017v2.object	/avianDescription	It's not a terribly appealing piece of artwork, but I'm sure it has a story to tell...
1797	florandescription	/objects/nmm_starbound/unofficial/reddit/rplace2017v2.object	/floranDescription	Floran getss a ssense of history from this art.
1798	glitchdescription	/objects/nmm_starbound/unofficial/reddit/rplace2017v2.object	/glitchDescription	Intrigued. There seems to be many layers of paint beneath this piece.
1799	humandescription	/objects/nmm_starbound/unofficial/reddit/rplace2017v2.object	/humanDescription	That name sounds familiar...
1800	hylotldescription	/objects/nmm_starbound/unofficial/reddit/rplace2017v2.object	/hylotlDescription	The text on this piece gives off the vibe that it may be advertising.
1801	nekidescription	/objects/nmm_starbound/unofficial/reddit/rplace2017v2.object	/nekiDescription	Some art thingy from ages before me. Purrty boring.
1802	novakiddescription	/objects/nmm_starbound/unofficial/reddit/rplace2017v2.object	/novakidDescription	Starbound, eh? Rings a bell...
1803	humandescription	/objects/nmm_starbound/unofficial/reddit/rplace2022.object	/humanDescription	Hey, isn't that...
1804	hylotldescription	/objects/nmm_starbound/unofficial/reddit/rplace2022.object	/hylotlDescription	I suppose, in chaos there can be beauty.
1805	humandescription	/objects/nmm_starbound/unofficial/reddit/rplace2022enalliance.object	/humanDescription	Teamwork makes the dream work.
1806	humandescription	/objects/nmm_starbound/unofficial/reddit/rplace2023.object	/humanDescription	It's not much, but it looks like it was honest work.
1807	florandescription	/objects/nmm_starbound/unofficial/um/bookcase.object	/floranDescription	Floran deosn't know any of these storiesss. Boring.
1808	glitchdescription	/objects/nmm_starbound/unofficial/um/bookcase.object	/glitchDescription	Intrigued. A lot of titles on this shelf seem to be adult fiction.
1809	humandescription	/objects/nmm_starbound/unofficial/um/bookcase.object	/humanDescription	I can read most of these titles for once, that's a nice change...
1810	novakiddescription	/objects/nmm_starbound/unofficial/um/bookcase.object	/novakidDescription	There's a lotta books here. Don't think many would interest me, though.
1811	apexdescription	/objects/nmm_starbound/unofficial/urban_chest/urbanchest.object	/apexDescription	This chest looks as if it might contain something valuable.
1812	florandescription	/objects/nmm_starbound/unofficial/urban_chest/urbanchest.object	/floranDescription	Chesst is tougher than monsster plating.
1813	humandescription	/objects/nmm_starbound/unofficial/urban_chest/urbanchest.object	/humanDescription	It looks very durable.
1814	novakiddescription	/objects/nmm_starbound/unofficial/urban_chest/urbanchest.object	/novakidDescription	Looks like we have here quite a tough-lookin' chest.
1815	hylotldescription	/objects/nmm_starbound/unofficial/urban_dropstationconsole/dropstationconsole.object	/hylotlDescription	I shouldn't interfere. Who knows what could happen.
1816	avalidescription	/objects/nmm_starbound/unofficial/urban_dropstationsign/dropstationsign.object	/avaliDescription	The technology within this sign seems to be able to connect to my ship's teleporter. That's handy.
1817	aviandescription	/objects/nmm_starbound/unofficial/urban_dropstationsign/dropstationsign.object	/avianDescription	This drop station sign can be bookmarked as a destination for my ship teleporter.
1818	felindescription	/objects/nmm_starbound/unofficial/urban_dropstationsign/dropstationsign.object	/felinDescription	Penguin UFO landing spot? Sounds like free lunch to me.
1819	florandescription	/objects/nmm_starbound/unofficial/urban_dropstationsign/dropstationsign.object	/floranDescription	UFO sign makess good point to teleport back to ussing teleporter!
1820	glitchdescription	/objects/nmm_starbound/unofficial/urban_dropstationsign/dropstationsign.object	/glitchDescription	Observant. The technology within this sign allows it to be bookmarked for teleportation.
1821	humandescription	/objects/nmm_starbound/unofficial/urban_dropstationsign/dropstationsign.object	/humanDescription	Penguins deploy their UFOs from here? Surely I can also bookmark this sign to my ship's teleporter...
1822	hylotldescription	/objects/nmm_starbound/unofficial/urban_dropstationsign/dropstationsign.object	/hylotlDescription	This UFO drop station sign can act as a way point, enabling me to return to this point using a teleporter.
1823	nekodescription	/objects/nmm_starbound/unofficial/urban_dropstationsign/dropstationsign.object	/nekoDescription	This sign looks all techno-funky and stuff... Surely my ship's teleporter can use this sign as a waypoint?
1824	novakiddescription	/objects/nmm_starbound/unofficial/urban_dropstationsign/dropstationsign.object	/novakidDescription	If a Penguin can deploy their craft from 'ere, then surely I can bookmark it to teleport back.
1825	apexdescription	/objects/nmm_starbound/unofficial/urban_heyposter/heyposter.object	/apexDescription	I don't understand the purpose of this poster, but hey.
1826	avalidescription	/objects/nmm_starbound/unofficial/urban_heyposter/heyposter.object	/avaliDescription	Sure, hey..?.
1827	aviandescription	/objects/nmm_starbound/unofficial/urban_heyposter/heyposter.object	/avianDescription	I don't get it?
1828	florandescription	/objects/nmm_starbound/unofficial/urban_heyposter/heyposter.object	/floranDescription	Hi...?
1829	glitchdescription	/objects/nmm_starbound/unofficial/urban_heyposter/heyposter.object	/glitchDescription	Perplexed. For what purpose does this poster serve?
1830	humandescription	/objects/nmm_starbound/unofficial/urban_heyposter/heyposter.object	/humanDescription	Hey! Hi. Waz..?
1831	hylotldescription	/objects/nmm_starbound/unofficial/urban_heyposter/heyposter.object	/hylotlDescription	The purpose of this poster eludes me.
1832	novakiddescription	/objects/nmm_starbound/unofficial/urban_heyposter/heyposter.object	/novakidDescription	Howdy to you too, poster.
1833	avalidescription	/objects/nmm_starbound/unofficial/urban_neonpizza/urbanneonpizzasign.object	/avaliDescription	It's a pretty sign, but I'm not so keen on pizza.
1834	aviandescription	/objects/nmm_starbound/unofficial/urban_neonpizza/urbanneonpizzasign.object	/avianDescription	I suppose I could go for a slice.
1835	felindescription	/objects/nmm_starbound/unofficial/urban_neonpizza/urbanneonpizzasign.object	/felinDescription	Pizza, yeah. I like pizza.
1836	florandescription	/objects/nmm_starbound/unofficial/urban_neonpizza/urbanneonpizzasign.object	/floranDescription	Sssign probably doesn't taste like pizza.
1837	glitchdescription	/objects/nmm_starbound/unofficial/urban_neonpizza/urbanneonpizzasign.object	/glitchDescription	Disinterested. The neon sign is advertising pizza.
1838	humandescription	/objects/nmm_starbound/unofficial/urban_neonpizza/urbanneonpizzasign.object	/humanDescription	Aw yeah, pizza!
1839	nekidescription	/objects/nmm_starbound/unofficial/urban_neonpizza/urbanneonpizzasign.object	/nekiDescription	Ooh, pur- purr- purritza. A sign for pu... food.
1840	nekodescription	/objects/nmm_starbound/unofficial/urban_neonpizza/urbanneonpizzasign.object	/nekoDescription	Mmm, yeah, I guess I'm hungry...
1841	novakiddescription	/objects/nmm_starbound/unofficial/urban_neonpizza/urbanneonpizzasign.object	/novakidDescription	I ain't sure if I'm so into pizza, but that there is a nice sign.
1842	humandescription	/objects/nmm_starbound/unofficial/urban_novabeamaxeshelf/novabeamaxeshelf.object	/humanDescription	In blue? I'm a little jealous...
1843	avalidescription	/objects/nmm_starbound/unofficial/urban_pottededenshrub/pottededenshrub.object	/avaliDescription	It's a potted bush. This wouldn't do well back on Avalon.
1844	florandescription	/objects/nmm_starbound/unofficial/urban_pottededenshrub/pottededenshrub.object	/floranDescription	Happy little busssh.
1845	glitchdescription	/objects/nmm_starbound/unofficial/urban_pottededenshrub/pottededenshrub.object	/glitchDescription	Content. This is a nice potted shrub.
1846	humandescription	/objects/nmm_starbound/unofficial/urban_pottededenshrub/pottededenshrub.object	/humanDescription	It's a pretty nice bush.
1847	nekodescription	/objects/nmm_starbound/unofficial/urban_pottededenshrub/pottededenshrub.object	/nekoDescription	Cute little bush.
1848	felindescription	/objects/nmm_starbound/unofficial/urban_utilitypole/urbanutilitypole.object	/felinDescription	I bet I could climb that.
1849	slimepersondescription	/objects/nmm_starbound/unofficial/urban_utilitypole/urbanutilitypole.object	/slimepersonDescription	I think these wooden poles usually have wires connecting them, so they can transmit signals.
1850	apexdescription	/objects/nmm_starbound/unofficial/wasteland_debris/wastelandscreen1.object	/apexDescription	This screen is broken beyond repair.
1851	florandescription	/objects/nmm_starbound/unofficial/wasteland_debris/wastelandscreen1.object	/floranDescription	Rusty old scrap.
1852	humandescription	/objects/nmm_starbound/unofficial/wasteland_debris/wastelandscreen1.object	/humanDescription	This old screen hasn't been used in a long time.
1853	humandescription	/objects/nmm_starbound/unofficial/wasteland_debris/wastelandscreen2.object	/humanDescription	This junk is way beyond repair.
1854	apexdescription	/objects/nmm_starbound/unofficial/wasteland_debris/wastelandwires.object	/apexDescription	This old heap of metal and wires is as good as scrap now.
1855	humandescription	/objects/nmm_starbound/unofficial/wasteland_debris/wastelandwires.object	/humanDescription	It's some old wires... and stuff. I'm willing to bet it doesn't work anymore.
1856	felindescription	/objects/nmm_themed/apexcool/apexcoolcamera.object	/felinDescription	I see you, you see me. I will kill your family~
1857	florandescription	/objects/nmm_themed/apexcool/apexcoolcamera.object	/floranDescription	Ssstaring little glasss eye. It's ssstaring at Floran!
1858	humandescription	/objects/nmm_themed/apexcool/apexcoolcamera.object	/humanDescription	Cheeeese!
1859	nekodescription	/objects/nmm_themed/apexcool/apexcoolcamera.object	/nekoDescription	I'll give you a show if you really wanna watch~
1860	humandescription	/objects/nmm_themed/binary/binarybed.object	/humanDescription	That's a huge bed.
1861	avalidescription	/objects/nmm_themed/binary/binarybookcase.object	/avaliDescription	Books are even still used in alternate dimensions? Sheesh...
1862	humandescription	/objects/nmm_themed/binary/binarybookcase.object	/humanDescription	These are big books. Who's reading these?
1863	nekodescription	/objects/nmm_themed/binary/binarybookcase.object	/nekoDescription	It's homely. But also a bit big.
1864	aviandescription	/objects/nmm_themed/binary/binarycrate.object	/avianDescription	It seems to be a crate?
1865	felindescription	/objects/nmm_themed/binary/binarycrate.object	/felinDescription	It's certainly a crate.
1866	florandescription	/objects/nmm_themed/binary/binarycrate.object	/floranDescription	Big sstrange box.
1867	humandescription	/objects/nmm_themed/binary/binarycrate.object	/humanDescription	Looks like a crate to me.
1868	nekodescription	/objects/nmm_themed/binary/binarycrate.object	/nekoDescription	Weird crate.
1869	felindescription	/objects/nmm_themed/binary/binarydoor.object	/felinDescription	Is this thing unfinished?
1870	florandescription	/objects/nmm_themed/binary/binarydoor.object	/floranDescription	Big boring door.
1871	glitchdescription	/objects/nmm_themed/binary/binarydoor.object	/glitchDescription	Neutral. It's a large door.
1872	humandescription	/objects/nmm_themed/binary/binarydoor.object	/humanDescription	Big blank door.
1873	nekodescription	/objects/nmm_themed/binary/binarydoor.object	/nekoDescription	Big door.
1874	apexdescription	/objects/nmm_themed/binary/yodelconstruct.object	/apexDescription	This machine fills me with an indescribable fear.
1875	avalidescription	/objects/nmm_themed/binary/yodelconstruct.object	/avaliDescription	Industrial, primitive, terrifying. Stuff like this is completely irresponsible and should be destroyed immediately.
1876	aviandescription	/objects/nmm_themed/binary/yodelconstruct.object	/avianDescription	This can't be good.
1877	felindescription	/objects/nmm_themed/binary/yodelconstruct.object	/felinDescription	No idea what this is.
1878	florandescription	/objects/nmm_themed/binary/yodelconstruct.object	/floranDescription	Floran knowss, don't look into the operational end of the deviccce, Floran knowsss.
1879	glitchdescription	/objects/nmm_themed/binary/yodelconstruct.object	/glitchDescription	Uneasy. Something doesn't seem right about this machine.
1880	humandescription	/objects/nmm_themed/binary/yodelconstruct.object	/humanDescription	I, um...
1881	hylotldescription	/objects/nmm_themed/binary/yodelconstruct.object	/hylotlDescription	Nothing good can ever come of such an ominous gargantuan of a machine.
1882	nekidescription	/objects/nmm_themed/binary/yodelconstruct.object	/nekiDescription	I wanna tear its guts out. I don't like it at all!
1883	nekodescription	/objects/nmm_themed/binary/yodelconstruct.object	/nekoDescription	This machine gives me the creeps for some reason.
1884	novakiddescription	/objects/nmm_themed/binary/yodelconstruct.object	/novakidDescription	I don't like the look o' this.
1885	slimepersondescription	/objects/nmm_themed/binary/yodelconstruct.object	/slimepersonDescription	It's emitting a low, but constant frequency. It makes my body feel weird.
1886	humandescription	/objects/nmm_themed/bitmuth/crate/bitmuthcrate.object	/humanDescription	I hear if you hit it properly, all the contents come out. I hope that's not the case.
1887	felindescription	/objects/nmm_themed/bitmuth/lamp/bitmuthstarlamp.object	/felinDescription	I like this lamp.
1888	humandescription	/objects/nmm_themed/bitmuth/lamp/bitmuthstarlamp.object	/humanDescription	I-a touch-a da star, woohoo!
1889	nekidescription	/objects/nmm_themed/bitmuth/lamp/bitmuthstarlamp.object	/nekiDescription	It's not as warm as it looks...
1890	apexdescription	/objects/nmm_themed/bitmuth/largepipe/bitmuthpipel.object	/apexDescription	This pipe acts as a one-way teleporter. It can warp me back to any of my previously bookmarked locations.
1891	avalidescription	/objects/nmm_themed/bitmuth/largepipe/bitmuthpipel.object	/avaliDescription	What's the point of a one-way teleporter? What if I want to come back?
1892	aviandescription	/objects/nmm_themed/bitmuth/largepipe/bitmuthpipel.object	/avianDescription	This pipe can warp me back to any of my previously bookmarked locations, but I can't come back.
1893	florandescription	/objects/nmm_themed/bitmuth/largepipe/bitmuthpipel.object	/floranDescription	One-way teleporter. Floran can warp to bookmared locations.
1894	glitchdescription	/objects/nmm_themed/bitmuth/largepipe/bitmuthpipel.object	/glitchDescription	Concerned. I can't warp back to this pipe, but I can warp to any of my bookmarked locations.
1895	hylotldescription	/objects/nmm_themed/bitmuth/largepipe/bitmuthpipel.object	/hylotlDescription	I can warp to any of my bookmarked locations using this pipe, but I can't warp back.
1896	nekodescription	/objects/nmm_themed/bitmuth/largepipe/bitmuthpipel.object	/nekoDescription	If I fall in here, I can't come back...
1897	novakiddescription	/objects/nmm_themed/bitmuth/largepipe/bitmuthpipel.object	/novakidDescription	I can warp usin' this pipe, but I ain't comin' back to it.
1898	aviandescription	/objects/nmm_themed/bitmuth/pipe/bitmuthpipe.object	/avianDescription	It's a large green pipe.
1899	florandescription	/objects/nmm_themed/bitmuth/pipe/bitmuthpipe.object	/floranDescription	Boring metal pipe.
1900	glitchdescription	/objects/nmm_themed/bitmuth/pipe/bitmuthpipe.object	/glitchDescription	Curious. I wonder what this pipe is connected to?
1901	humandescription	/objects/nmm_themed/bitmuth/pipe/bitmuthpipe.object	/humanDescription	It's a big pipe. I'd hate to get stuck down it.
1902	avalidescription	/objects/nmm_themed/cardboard/cardboarddesk/cardboarddesk.object	/avaliDescription	Is it really that hard to make a quick table out of... like, anything stronger than cardboard?
1903	felindescription	/objects/nmm_themed/cardboard/cardboarddesk/cardboarddesk.object	/felinDescription	I suppose it's, like, the second best idea for boxes I can't fit into.
1904	florandescription	/objects/nmm_themed/cardboard/cardboarddesk/cardboarddesk.object	/floranDescription	Box desssk. Floran can't cut meats on thisss.
1905	glitchdescription	/objects/nmm_themed/cardboard/cardboarddesk/cardboarddesk.object	/glitchDescription	Unimpressed. This desk could not support my weight.
1906	hylotldescription	/objects/nmm_themed/cardboard/cardboarddesk/cardboarddesk.object	/hylotlDescription	Some cardboard boxes fashioned into a temporary desk. It may do, for a day.
1907	nekidescription	/objects/nmm_themed/cardboard/cardboarddesk/cardboarddesk.object	/nekiDescription	Oh yeah. Now this is livin'.
1908	nekodescription	/objects/nmm_themed/cardboard/cardboarddesk/cardboarddesk.object	/nekoDescription	Cheap, maybe a little flimsy, but honestly, it's kinda cute!
1909	slimepersondescription	/objects/nmm_themed/cardboard/cardboarddesk/cardboarddesk.object	/slimepersonDescription	I might get it soggy if I touch it, so I might just not.
1910	avalidescription	/objects/nmm_themed/colonyco/colonycochair/colonycochair.object	/avaliDescription	Ooh, this is comfy. It even has a gap for my tail, thow thoughtful!
1911	felindescription	/objects/nmm_themed/colonyco/colonycochair/colonycochair.object	/felinDescription	Padding and everything? Ooh, this is a good chair.
1912	florandescription	/objects/nmm_themed/colonyco/colonycochair/colonycochair.object	/floranDescription	Floran loves ssspinny chair! ...Until Floran go too fast.
1913	glitchdescription	/objects/nmm_themed/colonyco/colonycochair/colonycochair.object	/glitchDescription	Pleased. This is a wonderful chair.
1914	humandescription	/objects/nmm_themed/colonyco/colonycochair/colonycochair.object	/humanDescription	This is a pretty nice chair!
1915	hylotldescription	/objects/nmm_themed/colonyco/colonycochair/colonycochair.object	/hylotlDescription	It's simple but elegant in its design, and pleasingly comfortable as well.
1916	nekidescription	/objects/nmm_themed/colonyco/colonycochair/colonycochair.object	/nekiDescription	Comfy chair. I'm so taking a nap here some time.
1917	nekodescription	/objects/nmm_themed/colonyco/colonycochair/colonycochair.object	/nekoDescription	I could fall asleep here.
1918	novakiddescription	/objects/nmm_themed/colonyco/colonycochair/colonycochair.object	/novakidDescription	I ain't exactly a chair master or anything, but I can tell that's one nice chair.
1919	slimepersondescription	/objects/nmm_themed/colonyco/colonycochair/colonycochair.object	/slimepersonDescription	This is a pretty nice chair.
1920	avalidescription	/objects/nmm_themed/fairytalecottage/fairytalecottagebed/fairytalecottagebed.object	/avaliDescription	This looks extraordinarily comfy, but there's hardly enough room for, what, three of my packmates on this?
1921	felindescription	/objects/nmm_themed/fairytalecottage/fairytalecottagebed/fairytalecottagebed.object	/felinDescription	Wow, this looks comfy. Yaawwn... oh, but those curtains...
1922	humandescription	/objects/nmm_themed/fairytalecottage/fairytalecottagebed/fairytalecottagebed.object	/humanDescription	So soft! It's like something straight out of a fairytale...
1923	nekidescription	/objects/nmm_themed/fairytalecottage/fairytalecottagebed/fairytalecottagebed.object	/nekiDescription	Looks comfy... but I think it could do with some improvements.
1924	nekodescription	/objects/nmm_themed/fairytalecottage/fairytalecottagebed/fairytalecottagebed.object	/nekoDescription	Oh my~ This looks so comfy... heheh~
1925	slimepersondescription	/objects/nmm_themed/fairytalecottage/fairytalecottagebed/fairytalecottagebed.object	/slimepersonDescription	Oh, goodness. I'd actually melt into the sheets if I were to sleep here.
1926	apexdescription	/objects/nmm_themed/fairytalecottage/fairytalecottagebooks/fairytalecottagebooks.object	/apexDescription	I suppose plantkeeping could be a nice hobby.
1927	avalidescription	/objects/nmm_themed/fairytalecottage/fairytalecottagebooks/fairytalecottagebooks.object	/avaliDescription	Books about plantkeeping, huh? I can't say I care for either.
1928	aviandescription	/objects/nmm_themed/fairytalecottage/fairytalecottagebooks/fairytalecottagebooks.object	/avianDescription	Plantkeeping, huh? I suppose it might be nice to have a few more plants around...
1929	felindescription	/objects/nmm_themed/fairytalecottage/fairytalecottagebooks/fairytalecottagebooks.object	/felinDescription	I wasn't thinking about having houseplants any time soon, right? I should be alright.
1930	florandescription	/objects/nmm_themed/fairytalecottage/fairytalecottagebooks/fairytalecottagebooks.object	/floranDescription	Floran not need sssilly book to care for plantsss.
1931	glitchdescription	/objects/nmm_themed/fairytalecottage/fairytalecottagebooks/fairytalecottagebooks.object	/glitchDescription	Informed. According to this book, the presence of healthy houseplants improves general happiness by 342%.
1932	humandescription	/objects/nmm_themed/fairytalecottage/fairytalecottagebooks/fairytalecottagebooks.object	/humanDescription	Gosh, I might need these. I'm terrible at keeping plants alive.
1933	nekidescription	/objects/nmm_themed/fairytalecottage/fairytalecottagebooks/fairytalecottagebooks.object	/nekiDescription	Boring! These would more fun if I tore them up.
1934	nekodescription	/objects/nmm_themed/fairytalecottage/fairytalecottagebooks/fairytalecottagebooks.object	/nekoDescription	Books... all about plants.
1935	novakiddescription	/objects/nmm_themed/fairytalecottage/fairytalecottagebooks/fairytalecottagebooks.object	/novakidDescription	Think they're all 'bout keepin' plants.
1936	slimepersondescription	/objects/nmm_themed/fairytalecottage/fairytalecottagebooks/fairytalecottagebooks.object	/slimepersonDescription	I think I'm pretty good at keeping plants, no need to touch these books...
1937	apexdescription	/objects/nmm_themed/fairytalecottage/fairytalecottagecabinet/fairytalecottagecabinet.object	/apexDescription	Oh, rabbits and birds. It's nice that they're not yet another set of uninspired Big Ape-adorned pieces.
1938	avalidescription	/objects/nmm_themed/fairytalecottage/fairytalecottagecabinet/fairytalecottagecabinet.object	/avaliDescription	Why would you display your dishes like this instead of use them?
1939	aviandescription	/objects/nmm_themed/fairytalecottage/fairytalecottagecabinet/fairytalecottagecabinet.object	/avianDescription	Huh. There are rabbits and birds are painted on these plates.
1940	felindescription	/objects/nmm_themed/fairytalecottage/fairytalecottagecabinet/fairytalecottagecabinet.object	/felinDescription	Oh, those plates look so smashable.
1941	florandescription	/objects/nmm_themed/fairytalecottage/fairytalecottagecabinet/fairytalecottagecabinet.object	/floranDescription	Platess with pictures of prey locked behind glasss. Why?
1942	glitchdescription	/objects/nmm_themed/fairytalecottage/fairytalecottagecabinet/fairytalecottagecabinet.object	/glitchDescription	Enamored. Bunnies and birds, those plates are so cute!
1943	humandescription	/objects/nmm_themed/fairytalecottage/fairytalecottagecabinet/fairytalecottagecabinet.object	/humanDescription	I never really understood ornamental china.
1944	hylotldescription	/objects/nmm_themed/fairytalecottage/fairytalecottagecabinet/fairytalecottagecabinet.object	/hylotlDescription	Beautifully hand-painted ornamental china. A lot of care clearly went into decorating them.
1945	nekodescription	/objects/nmm_themed/fairytalecottage/fairytalecottagecabinet/fairytalecottagecabinet.object	/nekoDescription	buh... bnuuy...
1946	slimepersondescription	/objects/nmm_themed/fairytalecottage/fairytalecottagecabinet/fairytalecottagecabinet.object	/slimepersonDescription	Plates and glasses with hand-painted images of bunnies and birds. Very cute!
1947	aviandescription	/objects/nmm_themed/fairytalecottage/fairytalecottageendtable/fairytalecottagebirdcage.object	/avianDescription	Thank goodness.
1948	aviandescription	/objects/nmm_themed/gold/beds/golddeluxebed.object	/avianDescription	Wow. That is one extremely fancy bed.
1949	felindescription	/objects/nmm_themed/gold/beds/golddeluxebed.object	/felinDescription	It's a big ol' bed. Made of gold. Shiny!
1950	humandescription	/objects/nmm_themed/gold/beds/golddeluxebed.object	/humanDescription	Wow, someone's rich. This is a huge bed!
1951	hylotldescription	/objects/nmm_themed/gold/beds/golddeluxebed.object	/hylotlDescription	This bed is extremely comfy, but there are better ways to show off your wealth.
1952	nekidescription	/objects/nmm_themed/gold/beds/golddeluxebed.object	/nekiDescription	Biig shiny bed. I could take nap, maybe?
1953	nekodescription	/objects/nmm_themed/gold/beds/golddeluxebed.object	/nekoDescription	Big, shiny shiny bed~ So soft~
1954	slimepersondescription	/objects/nmm_themed/gold/beds/golddeluxebed.object	/slimepersonDescription	This is a big bed... made of gold, too.
1955	humandescription	/objects/nmm_themed/gold/chairs/goldaztecchair.object	/humanDescription	The padding doesn't really help much.
1956	hylotldescription	/objects/nmm_themed/gold/chairs/goldaztecchair.object	/hylotlDescription	Incredibly decadent, yet hardly comfortable.
1957	nekodescription	/objects/nmm_themed/gold/chairs/goldaztecchair.object	/nekoDescription	Shiny... uncomfortable.
1958	humandescription	/objects/nmm_themed/gold/chairs/goldsolidchair.object	/humanDescription	It's pretty cold. And hard. It's a lot like other metal chairs, but it's worth more.
1959	florandescription	/objects/nmm_themed/gold/tables/goldmistaketable.object	/floranDescription	Remindsss Floran of home... if Floran's home wass made of gold.
1960	glitchdescription	/objects/nmm_themed/gold/tables/goldmistaketable.object	/glitchDescription	Displeased. The top of the table, fit for a king. The bottom half, however...
1961	humandescription	/objects/nmm_themed/gold/tables/goldmistaketable.object	/humanDescription	It's like some kind of modern art sculpture. I dunno about it.
1962	nekodescription	/objects/nmm_themed/metallic/metalcoatedbed/metalcoatedbed.object	/nekoDescription	This bed's got a strong metal frame. Pretty comfortable as well.
1963	apexdescription	/objects/nmm_themed/metallic/metalcoatedbed/metalcoatedbed2.object	/apexDescription	I think I'd rather sleep on the floor.
1964	aviandescription	/objects/nmm_themed/metallic/metalcoatedbed/metalcoatedbed2.object	/avianDescription	It's all metal! Oh well.
1965	felindescription	/objects/nmm_themed/metallic/metalcoatedbed/metalcoatedbed2.object	/felinDescription	It's just a huge hunk of metal! No thanks!
1966	florandescription	/objects/nmm_themed/metallic/metalcoatedbed/metalcoatedbed2.object	/floranDescription	Floran doesn't want to sleep on thiss metal bed.
1967	glitchdescription	/objects/nmm_themed/metallic/metalcoatedbed/metalcoatedbed2.object	/glitchDescription	Indifferent. A bed's a bed. I'm fine with this.
1968	humandescription	/objects/nmm_themed/metallic/metalcoatedbed/metalcoatedbed2.object	/humanDescription	I think I'd prefer even a prison bed to this.
1969	hylotldescription	/objects/nmm_themed/metallic/metalcoatedbed/metalcoatedbed2.object	/hylotlDescription	This is a terrible place to sleep.
1970	nekodescription	/objects/nmm_themed/metallic/metalcoatedbed/metalcoatedbed2.object	/nekoDescription	Who the hey would want to sleep on that?
1971	novakiddescription	/objects/nmm_themed/metallic/metalcoatedbed/metalcoatedbed2.object	/novakidDescription	This whole thing's made out of metal. I don't fancy sleepin' on it.
1972	apexdescription	/objects/nmm_themed/metallic/metalcoatedbigpencil/metalcoatedbigpencil.object	/apexDescription	Cold, colorless and unappealing. Almost like the Miniknog.
1973	aviandescription	/objects/nmm_themed/metallic/metalcoatedbigpencil/metalcoatedbigpencil.object	/avianDescription	I have no idea what to do with this.
1974	felindescription	/objects/nmm_themed/metallic/metalcoatedbigpencil/metalcoatedbigpencil.object	/felinDescription	That's so metal.
1975	florandescription	/objects/nmm_themed/metallic/metalcoatedbigpencil/metalcoatedbigpencil.object	/floranDescription	Big sharp metal stick. Too heavy for Floran to pick up.
1976	glitchdescription	/objects/nmm_themed/metallic/metalcoatedbigpencil/metalcoatedbigpencil.object	/glitchDescription	Unimpressed. What a waste.
1977	humandescription	/objects/nmm_themed/metallic/metalcoatedbigpencil/metalcoatedbigpencil.object	/humanDescription	Looks like something I'd see outside of a modern art gallery.
1978	hylotldescription	/objects/nmm_themed/metallic/metalcoatedbigpencil/metalcoatedbigpencil.object	/hylotlDescription	This is not only impractical, but also useless and rather ugly.
1979	nekodescription	/objects/nmm_themed/metallic/metalcoatedbigpencil/metalcoatedbigpencil.object	/nekoDescription	Battering ram?
1980	novakiddescription	/objects/nmm_themed/metallic/metalcoatedbigpencil/metalcoatedbigpencil.object	/novakidDescription	Nothin' much more'n a pile o' scrap now.
1981	florandescription	/objects/nmm_themed/metallic/metalcoatedbookcase/metalcoatedbookcase.object	/floranDescription	Sssimple metal-coated bookcase.
1982	nekodescription	/objects/nmm_themed/metallic/metalcoatedbookcase/metalcoatedbookcase.object	/nekoDescription	These books don't look as interesting as the bookcase.
1983	felindescription	/objects/nmm_themed/metallic/metalcoatedchair/metalcoatedchair.object	/felinDescription	Where's a pillow when you need one?
1984	florandescription	/objects/nmm_themed/metallic/metalcoatedchair/metalcoatedchair.object	/floranDescription	Chair needss pillow. Thiss metal too hard.
1985	novakiddescription	/objects/nmm_themed/metallic/metalcoatedchair/metalcoatedchair.object	/novakidDescription	I almos' thought his chair was a pile o' scrap.
1986	felindescription	/objects/nmm_themed/metallic/metalcoatedcrates/metalcoatedcratelarge.object	/felinDescription	That's so metal. Also crate.
1987	florandescription	/objects/nmm_themed/metallic/metalcoatedcrates/metalcoatedcratelarge.object	/floranDescription	Large metal box.
1988	nekodescription	/objects/nmm_themed/metallic/metalcoatedcrates/metalcoatedcratelarge.object	/nekoDescription	I could make a nice fort outta this.
1989	felindescription	/objects/nmm_themed/metallic/metalcoatedcrates/metalcoatedcratesmall.object	/felinDescription	Aww, isn't that just crate.
1990	glitchdescription	/objects/nmm_themed/metallic/metalcoatedcrates/metalcoatedcratesmall.object	/glitchDescription	Cheeky. This crate reminds me of my cousin.
1991	nekodescription	/objects/nmm_themed/metallic/metalcoatedcrates/metalcoatedcratesmall.object	/nekoDescription	Makeshift table~
1992	felindescription	/objects/nmm_themed/metallic/metalcoateddoor/metalcoateddoor.object	/felinDescription	Pretty flimsy, for metal.
1993	glitchdescription	/objects/nmm_themed/metallic/metalcoateddoor/metalcoateddoor.object	/glitchDescription	Neutral. A useful, if not cheap door.
1994	hylotldescription	/objects/nmm_themed/metallic/metalcoateddoor/metalcoateddoor.object	/hylotlDescription	What an eyesore of a door.
1995	nekodescription	/objects/nmm_themed/metallic/metalcoateddoor/metalcoateddoor.object	/nekoDescription	I bet I could easily push this door in.
1996	novakiddescription	/objects/nmm_themed/metallic/metalcoateddoor/metalcoateddoor.object	/novakidDescription	I've seen better lookin' metal doors.
1997	florandescription	/objects/nmm_themed/metallic/metalcoatedgate/metalcoatedgate.object	/floranDescription	Small metal door.
1998	humandescription	/objects/nmm_themed/metallic/metalcoatedgate/metalcoatedgate.object	/humanDescription	I've seen better-looking gates.
1999	nekodescription	/objects/nmm_themed/metallic/metalcoatedgate/metalcoatedgate.object	/nekoDescription	Not really my kind of gate.
2000	hylotldescription	/objects/nmm_themed/metallic/metalcoatedtable/metalcoatedtable.object	/hylotlDescription	There are better ways to detail a table.
2001	nekodescription	/objects/nmm_themed/metallic/metalcoatedtable/metalcoatedtable.object	/nekoDescription	Strong metal table~
2002	felindescription	/objects/nmm_themed/metallic/metalcoatedtoilet/metalcoatedtoilet.object	/felinDescription	What a cold place to shi- sit. I meant sit.
2003	nekodescription	/objects/nmm_themed/metallic/metalcoatedtoilet/metalcoatedtoilet.object	/nekoDescription	Talk about a tin can, heh.
2004	felindescription	/objects/nmm_themed/perfectgeneric/pgaquarium/pgaquarium.object	/felinDescription	"Aw, it's empty. Guess they don't want to ruin the ""perfection"" going on here."
2005	nekodescription	/objects/nmm_themed/perfectgeneric/pgaquarium/pgaquarium.object	/nekoDescription	What fun's an empty aquarium?
2006	aviandescription	/objects/nmm_themed/perfectgeneric/pgbed/pgbed.object	/avianDescription	It might not seem like much, but it's actually extremely comfortable.
2007	aviandescription	/objects/nmm_themed/perfectgeneric/pgbookcase/pgbookcase.object	/avianDescription	The books are as boring and flat as the bookcase itself.
2008	felindescription	/objects/nmm_themed/perfectgeneric/pgbookcase/pgbookcase.object	/felinDescription	None of these look any fun.
2009	florandescription	/objects/nmm_themed/perfectgeneric/pgbookcase/pgbookcase.object	/floranDescription	Boring green booksss.
2010	glitchdescription	/objects/nmm_themed/perfectgeneric/pgbookcase/pgbookcase.object	/glitchDescription	Disinterested. It's a very... plain bookcase.
2011	humandescription	/objects/nmm_themed/perfectgeneric/pgbookcase/pgbookcase.object	/humanDescription	Generic bookcase, standing plain and tall.
2012	hylotldescription	/objects/nmm_themed/perfectgeneric/pgbookcase/pgbookcase.object	/hylotlDescription	It's a very uninspired design for a bookcase.
2013	nekodescription	/objects/nmm_themed/perfectgeneric/pgbookcase/pgbookcase.object	/nekoDescription	I don't mind a green bookcase... but the selection of books here is... lame.
2014	avalidescription	/objects/nmm_themed/perfectgeneric/pgchair/pgchair.object	/avaliDescription	Where does my tail go on this thing? I hate it.
2015	aviandescription	/objects/nmm_themed/perfectgeneric/pgchair/pgchair.object	/avianDescription	This chair has no detailing or anything on it.
2016	felindescription	/objects/nmm_themed/perfectgeneric/pgchair/pgchair.object	/felinDescription	Most boring chair award goes to none other than... this.
2017	florandescription	/objects/nmm_themed/perfectgeneric/pgchair/pgchair.object	/floranDescription	Why isss chair so boring?
2018	glitchdescription	/objects/nmm_themed/perfectgeneric/pgchair/pgchair.object	/glitchDescription	Bored. This is perhaps the least interesting chair I've ever seen.
2019	humandescription	/objects/nmm_themed/perfectgeneric/pgchair/pgchair.object	/humanDescription	Well, it looks like a chair, I guess.
2020	hylotldescription	/objects/nmm_themed/perfectgeneric/pgchair/pgchair.object	/hylotlDescription	This chair has no imperfections. Impressive, but boring.
2021	aviandescription	/objects/nmm_themed/perfectgeneric/pgchandelier/pgchandelier.object	/avianDescription	It's quite green...
2022	florandescription	/objects/nmm_themed/perfectgeneric/pgchandelier/pgchandelier.object	/floranDescription	Lightss green, like Floran lightsss.
2023	humandescription	/objects/nmm_themed/perfectgeneric/pgchandelier/pgchandelier.object	/humanDescription	The green alone might just be enough to drive someone crazy.
2024	felindescription	/objects/nmm_themed/perfectgeneric/pgshippingcontainer/pgshippingcontainer.object	/felinDescription	It's very green...
2025	humandescription	/objects/nmm_themed/perfectgeneric/pgshippingcontainer/pgshippingcontainer.object	/humanDescription	Perhaps the most... bland shipping container I've ever seen.
2026	nekodescription	/objects/nmm_themed/shadowtech/techconsole/shadowtechconsole.object	/nekoDescription	It's got a lot of glowy bits.
2027	aviandescription	/objects/nmm_themed/spacejunk/spacejunkchair/spacejunkchair.object	/avianDescription	I like the color this chair has.
2028	florandescription	/objects/nmm_themed/spacejunk/spacejunkchair/spacejunkchair.object	/floranDescription	Floran make trophy chair out of metal ssspace monsster.
2029	glitchdescription	/objects/nmm_themed/spacejunk/spacejunkchair/spacejunkchair.object	/glitchDescription	Uncomfortable. A chair made from another metal-plated being...
2030	humandescription	/objects/nmm_themed/spacejunk/spacejunkchair/spacejunkchair.object	/humanDescription	Tacky. I like it.
2031	novakiddescription	/objects/nmm_themed/spacejunk/spacejunkchair/spacejunkchair.object	/novakidDescription	It's very... it's somethin', alright.
2032	felindescription	/objects/nmm_themed/spacejunk/spacejunklight/spacejunklight.object	/felinDescription	I wonder if I could...
2033	florandescription	/objects/nmm_themed/spacejunk/spacejunklight/spacejunklight.object	/floranDescription	Metal lamp almossst feelss alive.
2034	glitchdescription	/objects/nmm_themed/spacejunk/spacejunklight/spacejunklight.object	/glitchDescription	Bothered. I feel uncomfortable being in the light of this lamp...
2035	humandescription	/objects/nmm_themed/spacejunk/spacejunklight/spacejunklight.object	/humanDescription	This is totally the kind of light you'd find in some space hobo's humble abode.
2036	nekidescription	/objects/nmm_themed/spacejunk/spacejunklight/spacejunklight.object	/nekiDescription	Weird looking bright thing. Almost... smells tasty...
2037	nekodescription	/objects/nmm_themed/spacejunk/spacejunklight/spacejunklight.object	/nekoDescription	Strange lamp. I kinda like it.
2038	slimepersondescription	/objects/nmm_themed/spacejunk/spacejunklight/spacejunklight.object	/slimepersonDescription	It's a light made out of space junk. Fashionable... is not what it is.
2039	apexdescription	/objects/nmm_themed/spacejunk/spacejunkshelf/spacejunkshelf.object	/apexDescription	This shelf would not feel out of place in a rebel camp.
2040	aviandescription	/objects/nmm_themed/spacejunk/spacejunkshelf/spacejunkshelf.object	/avianDescription	I reckon it could at least do with a lick of paint...
2041	felindescription	/objects/nmm_themed/spacejunk/spacejunkshelf/spacejunkshelf.object	/felinDescription	This thing is an eye hazard.
2042	florandescription	/objects/nmm_themed/spacejunk/spacejunkshelf/spacejunkshelf.object	/floranDescription	Sshelf made of chopped up robotsss.
2043	glitchdescription	/objects/nmm_themed/spacejunk/spacejunkshelf/spacejunkshelf.object	/glitchDescription	Horrified. How barbaric!
2044	hylotldescription	/objects/nmm_themed/spacejunk/spacejunkshelf/spacejunkshelf.object	/hylotlDescription	The three orbs atop the shelf remind me of my own kind - which disgusts me, as this shelf is otherwise horribly crude.
2045	nekodescription	/objects/nmm_themed/spacejunk/spacejunkshelf/spacejunkshelf.object	/nekoDescription	Cold shelf...
2046	glitchdescription	/objects/nmm_themed/spacejunk/spacejunktable/spacejunktable.object	/glitchDescription	Uncomfortable. I don't know how I feel about this.
2047	avalidescription	/objects/nmm_themed/steampunk/deskorrery/steampunkdeskorrery.object	/avaliDescription	It's a neat piece of clockwork, yeah, but I think I prefer the size and interactivity of holograms.
2048	felindescription	/objects/nmm_themed/steampunk/deskorrery/steampunkdeskorrery.object	/felinDescription	Oh sweet, a moving star system model.
2049	florandescription	/objects/nmm_themed/steampunk/deskorrery/steampunkdeskorrery.object	/floranDescription	Weird little device with little model planetsss.
2050	glitchdescription	/objects/nmm_themed/steampunk/deskorrery/steampunkdeskorrery.object	/glitchDescription	Curious. I wonder what star system this is?
2051	humandescription	/objects/nmm_themed/steampunk/deskorrery/steampunkdeskorrery.object	/humanDescription	Orreries are pretty cool.
2052	nekodescription	/objects/nmm_themed/steampunk/deskorrery/steampunkdeskorrery.object	/nekoDescription	I could watch this for hours...
2053	slimepersondescription	/objects/nmm_themed/steampunk/deskorrery/steampunkdeskorrery.object	/slimepersonDescription	I feel like it's a generally good idea for me to stay away from things with moving parts...
2054	apexdescription	/objects/outpost/penguinbar/nuggubs_penguinbartop.object	/apexDescription	This penguin seems shifty. Drinks don't appear to be the main motive behind running this bar...
2055	avalidescription	/objects/outpost/penguinbar/nuggubs_penguinbartop.object	/avaliDescription	Yeah, that'll do. Their selection of drinks doesn't seem too bad.
2056	aviandescription	/objects/outpost/penguinbar/nuggubs_penguinbartop.object	/avianDescription	This bar has quite a few drinks. Guess they seem alright.
2057	felindescription	/objects/outpost/penguinbar/nuggubs_penguinbartop.object	/felinDescription	I'm gonna drink until I fall down!
2058	florandescription	/objects/outpost/penguinbar/nuggubs_penguinbartop.object	/floranDescription	Little bird is selling drinks.
2059	glitchdescription	/objects/outpost/penguinbar/nuggubs_penguinbartop.object	/glitchDescription	Suspicious. The bartender seems reluctant to be selling drinks...
2060	humandescription	/objects/outpost/penguinbar/nuggubs_penguinbartop.object	/humanDescription	This bar is barely stocked. It's pretty obvious that selling drinks isn't top priority here.
2061	hylotldescription	/objects/outpost/penguinbar/nuggubs_penguinbartop.object	/hylotlDescription	It's quite strange for a bar to not have selling quality drinks as their first priority.
2062	nekodescription	/objects/outpost/penguinbar/nuggubs_penguinbartop.object	/nekoDescription	It's always a fun time meeting strangers at bars like this~
2063	novakiddescription	/objects/outpost/penguinbar/nuggubs_penguinbartop.object	/novakidDescription	This bar don't seem to care much for sellin' drinks.
