asset	field	en	ko
/items/ARMORS/GENSO/Alice/gico_alice.chest	description	The young dollmaker would always be surrounded by her dolls. They were all she cared about. Making dolls, playing with dolls, taking care of her dolls. These dolls were her children and they would protect their mother from any threat that would approach her. To say these dolls are alive is anyone's guess.


^green;Doll Commander: Summons a temporary Defender Doll follower to provide fire support that is not psychotic | 60s Cooldown.^reset;	''인형사 소녀는 언제나 인형들에게 둘러싸여 있었다. 그것들이 그녀가 아끼는 전부였다. 인형을 만들고, 인형과 놀고, 인형들을 돌보는 일. 이 인형들은 그녀의 자식이었고 어떤 위협이 다가와도 어미를 지켜낼 것이었다. 이 인형들이 살아 있는지 아닌지는 아무도 모른다.''\n\n\n^green;인형 지휘관: 제압을 거는 일이 없는 수호 인형 추종자를 일시적으로 소환해 화력 지원을 제공한다 | 재사용 대기 60초.^reset;	
/items/ARMORS/GENSO/Alice/gico_alice.chest	shortdescription	Dollmaker's Top	인형사의 상의	
/items/ARMORS/GENSO/Alice/gico_alice.legs	description	The dolls of the dollmaker would spend their entire existence looking for their mother. Having been parted ways in short notice, many dolls would find themselves on their own. Whether it is because they are programmed to or their own will, these dolls would search far and wide trying to find some purpose in their life.

^green;Doll Commander: Summons a temporary Defender Doll follower to provide fire support that is not psychotic | 60s Cooldown.^reset;	''인형사의 인형들은 평생을 어미를 찾는 데 쓴다. 갑작스레 헤어진 탓에, 많은 인형이 혼자 남겨진 자신을 발견한다. 그것이 프로그램 때문이든 스스로의 의지이든, 이 인형들은 삶의 목적을 찾아 넓고 넓은 곳까지 찾아 헤맨다.''\n\n^green;인형 지휘관: 제압을 거는 일이 없는 수호 인형 추종자를 일시적으로 소환해 화력 지원을 제공한다 | 재사용 대기 60초.^reset;	
/items/ARMORS/GENSO/Alice/gico_alice.legs	shortdescription	Dollmaker's Dress	인형사의 드레스	
/items/ARMORS/GENSO/Celestial/ai/gico_celestial.chest	description	''That celestial had no qualms with getting into fights and causing trouble where ever she went. Even back in her original home, she was always considered the 'problem' child amongst her kin. There wasn't much anyone could do to stop her, either. Despite being a ass, the girl knows how to fight better than most. She would however never resort to murdering anyone even when angered.''
^#5054be;Divine Ward: Peforming a Special Melee Attack spawns a friendly stone turret above your position. | 60s Cooldown
+10% DODGE Chance | DEF: +30% PSYCHIC & THERMAL^reset;	''그 천인은 싸움을 벌이고 다니는 데 거리낌이 없었고 가는 곳마다 문제를 일으켰다. 원래 살던 고향에서도 언제나 동족 사이에서 '말썽꾸러기'로 통했다. 그녀를 말릴 수 있는 사람도 별로 없었다. 말은 거칠지만 실력만큼은 웬만한 이들보다 뛰어났다. 하지만 아무리 화가 나도 사람을 죽이는 일만은 하지 않았다.''\n^#5054be;신성 장벽: 특수 근접 공격 시 아군 석조 포탑이 자신의 위치 위에 소환된다. | 재사용 대기 60초\n+10% 회피 | 방어력: +30% 사이킥 & 열^reset;	
/items/ARMORS/GENSO/Celestial/ai/gico_celestial.chest	shortdescription	Celestial Blouse	천인 블라우스	
/items/ARMORS/GENSO/Celestial/ai/gico_celestial.head	description	''It's easy for the child to throw a keystone into a mountain and cause a landslide, but it's another story if she's the one having to dig her blade into the guts of someone. Despite her dismissive tone on the incident, it was clear to the tengu around her that behind the girl's bravado, was someone who's shaken from the incident.''
^#5054be;Evasive Leap: Peforming a Special Melee Attack grants 2 ^#C8FAFA;HIT-SHIELDS^reset;^#5054be; for 20s. | 60s Cooldown
+10% DODGE Chance | DEF: +10% PSYCHIC & THERMAL^reset;	''아이가 산에 돌을 던져 산사태를 일으키는 건 쉬운 일이지만, 누군가의 배 속에 칼을 꽂아 넣는 건 또 다른 이야기다. 그 사건에 대해 애써 아닌 척했지만, 주변의 텐구들은 알고 있었다. 그 소녀의 허세 뒤에는 그 일로 몸을 떠는 누군가가 있었다는 것을.''\n^#5054be;회피 도약: 특수 근접 공격 시 20초간 ^#C8FAFA;HIT-SHIELD^reset;^#5054be; 2개 획득. | 재사용 대기 60초\n+10% 회피 | 방어력: +10% 사이킥 & 열^reset;	
/items/ARMORS/GENSO/Celestial/ai/gico_celestial.head	shortdescription	Celestial Head	천인 머리	
/items/ARMORS/GENSO/Celestial/gico_celestial.back	description	''I would rather struggle and survive than drown in empty pleasure. That place was paradise compared to up there. You know that I didn't want to come with them. You want to know why I rather stay down here with the youkai and humans than go back? It's cause they know how to live. And that alone will make me respect them more than what my family could ever do.''
^#5054be;Celestial Heritage: Reduce the Cooldown of all Celestial Clothing Abilities by 20s.
+5% DODGE Chance^reset;	''공허한 쾌락에 빠져 사느니 차라리 발버둥 치며 살아남겠어. 그곳은 저 위에 비하면 낙원이었지. 너도 알다시피 난 그들을 따라오고 싶지 않았어. 왜 돌아가지 않고 여기서 요괴, 인간들과 같이 있느냐고? 그들은 사는 법을 아니까. 그것만으로도 내 가족이 평생 해온 것보다 더 존경하게 돼.''\n^#5054be;천인의 유산: 모든 천인 의상 능력의 재사용 대기를 20초 감소.\n+5% 회피^reset;	
/items/ARMORS/GENSO/Celestial/gico_celestial.back	shortdescription	Celestial Ribbon	천인 리본	
/items/ARMORS/GENSO/Celestial/gico_celestial.chest	description	''That celestial had no qualms with getting into fights and causing trouble where ever she went. Even back in her original home, she was always considered the 'problem' child amongst her kin. There wasn't much anyone could do to stop her, either. Despite being a ass, the girl knows how to fight better than most. She would however never resort to murdering anyone even when angered.''
^#5054be;Divine Ward: Peforming a Special Melee Attack spawns a friendly magic turret above your position. | 60s Cooldown
+10% DODGE Chance | DEF: +30% PSYCHIC & THERMAL^reset;	''그 천인은 싸움을 벌이고 다니는 데 거리낌이 없었고 가는 곳마다 문제를 일으켰다. 원래 살던 고향에서도 언제나 동족 사이에서 '말썽꾸러기'로 통했다. 그녀를 말릴 수 있는 사람도 별로 없었다. 말은 거칠지만 실력만큼은 웬만한 이들보다 뛰어났다. 하지만 아무리 화가 나도 사람을 죽이는 일만은 하지 않았다.''\n^#5054be;신성 장벽: 특수 근접 공격 시 아군 마법 포탑이 자신의 위치 위에 소환된다. | 재사용 대기 60초\n+10% 회피 | 방어력: +30% 사이킥 & 열^reset;	
/items/ARMORS/GENSO/Celestial/gico_celestial.chest	shortdescription	Celestial Blouse	천인 블라우스	
/items/ARMORS/GENSO/Celestial/gico_celestial.head	description	''It's easy for the child to throw a keystone into a mountain and cause a landslide, but it's another story if she's the one having to dig her blade into the guts of someone. Despite her dismissive tone on the incident, it was clear to the tengu around her that behind the girl's bravado, was someone who's shaken from the incident.''
^#5054be;Evasive Leap: Peforming a Special Melee Attack grants 2 ^#C8FAFA;HIT-SHIELDS^reset;^#5054be; for 20s. | 60s Cooldown
+10% DODGE Chance | DEF: +10% PSYCHIC & THERMAL^reset;	''아이가 산에 돌을 던져 산사태를 일으키는 건 쉬운 일이지만, 누군가의 배 속에 칼을 꽂아 넣는 건 또 다른 이야기다. 그 사건에 대해 애써 아닌 척했지만, 주변의 텐구들은 알고 있었다. 그 소녀의 허세 뒤에는 그 일로 몸을 떠는 누군가가 있었다는 것을.''\n^#5054be;회피 도약: 특수 근접 공격 시 20초간 ^#C8FAFA;HIT-SHIELD^reset;^#5054be; 2개 획득. | 재사용 대기 60초\n+10% 회피 | 방어력: +10% 사이킥 & 열^reset;	
/items/ARMORS/GENSO/Celestial/gico_celestial.head	shortdescription	Celestial Hat	천인 모자	
/items/ARMORS/GENSO/Celestial/gico_celestial.legs	description	''Despite the harsh reality in the mortal world, the celestial was hellbent on staying there despite her family's demands for her to return home. Even after her father ordered her sword to be confiscated, she would only double down and express nothing but hatred toward her clan as she learned to survive among the mortal world all while it is broiled in war.''
^#5054be;Core Blast: Peforming a Special Melee Attack summons tremors to erupt around you. | 60s Cooldown
+10% DODGE Chance | DEF: +10% PSYCHIC & THERMAL^reset;	''속세의 가혹한 현실에도 불구하고 천인은 집으로 돌아가라는 가족의 요구를 뿌리치고 거기 머물기로 작심했다. 아버지가 검을 압수하라 명한 뒤에도, 그녀는 오히려 더욱 굳어져 전쟁에 휩싸인 속세 사이에서 살아남는 법을 배우며 일족을 향한 증오만을 내비쳤다.''\n^#5054be;코어 폭발: 특수 근접 공격 시 주변에 지진을 일으켜 솟구치게 한다. | 재사용 대기 60초\n+10% 회피 | 방어력: +10% 사이킥 & 열^reset;	
/items/ARMORS/GENSO/Celestial/gico_celestial.legs	shortdescription	Celestial Dress	천인 드레스	
/items/ARMORS/GENSO/CrowTengu1/Story/gico_crowtengu.chest	description	''I'll never get used to seeing blood. I know that's funny coming from me of all things. A Crow Tengu. But I didn't have to pick up a sword for hundreds of years. All those stories of us fighting in battle were all done by our elders back then. Most younger Crow Tengus never had to take a life from their own hands until now.''
^#efc565;Lightspeed: +20% Movement Speed | +60% DODGE Chance when moving. -50% GENERAL Resistance and no DODGE when hit for 3s.
Tengu Link [4-SET BONUS]: Gain Tengu Synchronization.
DEF: +22% SLASH | +16% THRUST | +12% BLUNT^reset;	''피를 보는 데는 영 익숙해지지 않아. 하필 까마귀 텐구인 내 입에서 이런 말이 나오다니 우습지만. 수백 년 동안 검을 잡을 일이 없었으니까. 우리가 전쟁에서 싸웠다는 이야기는 전부 옛날 장로들이 한 것들이야. 지금까지 어린 까마귀 텐구들은 스스로의 손으로 목숨을 거둬본 적이 없어.''\n^#efc565;광속: 이동 속도 +20% | 이동 중 회피 +60%. 피격 시 3초간 일반 저항 -50%와 회피 불가.\n텐구 링크 [4세트 보너스]: 텐구 동조 획득.\n방어력: +22% 참격 | +16% 찌르기 | +12% 타격^reset;	
/items/ARMORS/GENSO/CrowTengu1/Story/gico_crowtengu.chest	shortdescription	Aya's Armor	아야의 갑옷	
/items/ARMORS/GENSO/CrowTengu1/Story/gico_crowtengu.head	description	''This is Bunbunmaru News.... I.... The war is going... badly for us right now. Another four of my colleagues were shot down by flak this week. The humans have been increasing their air raids on us and moving up their guns so they can hit us closer near the mountain. Megumu told me we just need to hold out a little longer, but I don't know anymore. The fact that I'm the one leading the Crow Tengu in combat already tells us how bad things are. Usually it'd be one of the older ones leading them, but they're... gone now. I think I need to talk to Momiji again.''	''여기는 분분마루 신문... 나... 전세가... 지금은 우리에게 좋지 않아. 이번 주에 동료 네 명이 대공포에 격추됐어. 인간들이 우리에게 공습을 늘리고 산 근처로 포를 전진시켜서 더 가까이 맞출 수 있게 됐어. 메구무는 조금만 더 버티면 된다고 했지만, 이젠 나도 모르겠어. 까마귀 텐구를 이끄는 게 벌써 나라는 사실 자체가 사태가 얼마나 나쁜지 보여주는 거야. 보통은 연장자가 이끌지만, 그분들은... 이제 없으니까. 모미지와 다시 얘기해 봐야겠어.''	
/items/ARMORS/GENSO/CrowTengu1/Story/gico_crowtengu.head	shortdescription	Aya Head	아야 머리	
/items/ARMORS/GENSO/CrowTengu1/gico_crowtengu.back	description	The reduction of faith in the world has left only a few youkai species able to fly. Mainly those who have some natural aspect of them associated with flight such as wings or being a spiritual entity. This left the skies to the world open for the human aircraft to rule over until the Crow Tengu and few youkai left that could fly learn how to repel them.

^#efc565;Crow Acrobatics: Negate Fall Damage.
Tengu Link [4-SET BONUS]: Gain Tengu Synchronization.^reset;	세상의 신앙이 줄어들면서 날 수 있는 요괴 종족은 소수만 남았다. 주로 날개나 영적 존재같이 본래 비행과 관련된 면모를 가진 자들뿐이다. 그 덕에 세계의 하늘은 인간의 항공기가 지배하게 됐고, 남은 몇 안 되는 날 수 있는 요괴인 까마귀 텐구들이 그들을 격퇴하는 법을 배울 때까지 그랬다.\n\n^#efc565;까마귀 곡예: 낙하 피해 무효.\n텐구 링크 [4세트 보너스]: 텐구 동조 획득.^reset;	
/items/ARMORS/GENSO/CrowTengu1/gico_crowtengu.back	shortdescription	Crow Wings	까마귀 날개	
/items/ARMORS/GENSO/CrowTengu1/gico_crowtengu.chest	description	The Crow Tengu did not have a warrior culture like the White Wolf Tengu. While they did know how to fight a little due to their tengu heritage, a average Crow Tengu was used to writing newspapers and gathering scoops rather than dodging bullets and dogfighting human aircraft charging at them.
^#efc565;Blinding Snapshot: Successful parries stuns all enemies within approximately 30 blocks for 3s. | 30s Cooldown
Tengu Link [4-SET BONUS]: Gain Tengu Synchronization.
+10% DODGE Chance | DEF: +30% PSYCHIC^reset;	까마귀 텐구에는 백랑 텐구 같은 전사 문화가 없었다. 텐구 혈통 덕에 어느 정도 싸울 줄은 알았지만, 평범한 까마귀 텐구는 총알을 피하고 다가오는 인간 항공기와 공중전을 벌이기보다 신문을 쓰고 특종을 찾아다니는 데 익숙했다.\n^#efc565;눈부신 찰나: 패링 성공 시 약 30블록 내 모든 적을 3초간 기절시킨다. | 재사용 대기 30초\n텐구 링크 [4세트 보너스]: 텐구 동조 획득.\n+10% 회피 | 방어력: +30% 사이킥^reset;	
/items/ARMORS/GENSO/CrowTengu1/gico_crowtengu.chest	shortdescription	Crow Blouse	까마귀 블라우스	
/items/ARMORS/GENSO/CrowTengu1/gico_crowtengu.head	shortdescription	Crow Head	까마귀 머리	
/items/ARMORS/GENSO/CrowTengu1/gico_crowtengu.legs	description	''The kappa told us our inherent regeneration won't save us if one of their planes strafes us. What would normally only knock us out temporary will now outright kill us if we get hit by them.''
Most youkai did not want to come to terms that they were mostly mortal now and could be killed like a human.
^#efc565;Exploitative Snapshot: Successful parries reduces enemies within approximately 30 blocks GENERAL RESISTANCE by -50% for 5s. | 30s Cooldown | Tengu Link [4-SET BONUS]: Gain Tengu Synchronization.
+10% DODGE Chance^reset;	''캇파가 말해줬어. 저들의 비행기가 우리를 기총소사하면 우리의 타고난 재생력도 소용없다고. 보통 때라면 잠깐 기절로 끝날 게 이제는 맞으면 곧장 죽어.''\n대부분의 요괴는 자신들이 이제 거의 필멸자가 되어 인간처럼 죽을 수 있다는 사실을 받아들이려 하지 않았다.\n^#efc565;착취의 찰나: 패링 성공 시 약 30블록 내 적의 일반 저항을 5초간 -50%. | 재사용 대기 30초 | 텐구 링크 [4세트 보너스]: 텐구 동조 획득.\n+10% 회피^reset;	
/items/ARMORS/GENSO/CrowTengu1/gico_crowtengu.legs	shortdescription	Crow Skirt	까마귀 치마	
/items/ARMORS/GENSO/Kappa1/Head/1/gico_kappa.head	description	''We didn't want to give up our inventions. We thought coming here would mean everything would stay the same.''
  
Traditional cap worn by Waterfall Kappas. It is one of the key features used to distinguish a kappa as without it, they can easily masquerade as a human with none the wiser.
^#6594ef;Turret Operator [MG TURRET]: Summons one MACHINE GUN TURRET when using a BUILD ORDER | 30s Cooldown.
DEF: +20% BLEED | +15% PSYCHIC & THERMAL^reset;	''우리는 발명품을 포기하고 싶지 않았어. 여기 오면 모든 게 그대로일 줄 알았지.''\n  \n폭포 캇파가 쓰는 전통 모자. 이것 없이는 쉽게 인간으로 위장할 수 있어서, 캇파를 구별하는 핵심 특징 중 하나다.\n^#6594ef;포탑 조작원 [기관총 포탑]: 빌드 오더 사용 시 기관총 포탑 하나 소환 | 재사용 대기 30초.\n방어력: +20% 출혈 | +15% 사이킥 & 열^reset;	
/items/ARMORS/GENSO/Kappa1/Head/1/gico_kappa.head	shortdescription	Waterfall Kappa Cap	폭포 캇파 모자	
/items/ARMORS/GENSO/Kappa1/Head/2/gico_kappa.head	shortdescription	Waterfall Kappa Cap	폭포 캇파 모자	
/items/ARMORS/GENSO/Kappa1/Head/3/gico_kappa.head	shortdescription	Waterfall Kappa Cap	폭포 캇파 모자	
/items/ARMORS/GENSO/Kappa1/gico_kappa.back	description	Large pack carried by Waterfall Kappas. What would normally be used to carry their inventions and tools have now been replaced with weapons, medical supplies, and ammunition. Kappas primarily serve a support role amongst youkai groups as they're not as strong as the other youkai in combat.
  
^#6594ef;Kappa Repair Kits: Every 180s, drop a special Kappa Repair Kit that can repair any firearm regardless of its design for 20% of its durability.^reset;	폭포 캇파가 메는 큰 짐. 원래는 발명품과 공구를 나르던 곳이 지금은 무기, 의료품, 탄약으로 채워져 있다. 캇파는 전투력이 다른 요괴만 못해 요괴 무리에서 주로 지원 역할을 맡는다.\n  \n^#6594ef;캇파 수리 킷: 180초마다 설계와 무관하게 모든 화기의 내구도를 20% 수리하는 특수 캇파 수리 킷을 떨어뜨린다.^reset;	
/items/ARMORS/GENSO/Kappa1/gico_kappa.back	shortdescription	Waterfall Kappa Pack	폭포 캇파 짐꾸리개	
/items/ARMORS/GENSO/Kappa1/gico_kappa.chest	description	''So what exactly is that key for?''
  
Standard uniform for Waterfall Kappa engineers near the frontline. Very little has changed from what they wore back from their home. Offers little in terms of physical protection, but at least it has a lot of pockets and is waterproof.
^#6594ef;Kappa Innovation: Reduce the cooldown of all summons requiring BUILD ORDER by 10s.
DEF: +30% BLEED | +20% PSYCHIC & THERMAL^reset;	''그래서 그 열쇠는 도대체 뭐에 쓰는 건데?''\n  \n최전선 근처 폭포 캇파 기술자들의 표준 제복. 고향에서 입던 것과 거의 바뀐 게 없다. 물리적 보호는 거의 없지만 주머니가 많고 방수는 된다.\n^#6594ef;캇파 혁신: 빌드 오더가 필요한 모든 소환물의 재사용 대기를 10초 감소.\n방어력: +30% 출혈 | +20% 사이킥 & 열^reset;	
/items/ARMORS/GENSO/Kappa1/gico_kappa.chest	shortdescription	Waterfall Kappa Vest	폭포 캇파 조끼	
/items/ARMORS/GENSO/Kappa1/gico_kappa.head	shortdescription	Kappa Head	캇파 머리	
/items/ARMORS/GENSO/Kappa1/gico_kappa.legs	description	The Kappas are one of the few youkai who can compete with the human's technological advantage. Some would even say that their tech is even superior to what the humans field. The downside is that they lack the industry and materials needed to utilize it. Can't make a gun if you don't have access to the materials for it let alone ammo.
^#6594ef;Turret Operator [FLAME TURRET]: Summons one FLAME TURRET when using a BUILD ORDER | 30s Cooldown.
DEF: +20% BLEED | +15% PSYCHIC & THERMAL^reset;	캇파는 인간의 기술적 우위와 겨룰 수 있는 몇 안 되는 요괴 중 하나다. 어떤 이는 캇파의 기술이 인간이 운용하는 것보다 뛰어나다고까지 한다. 문제는 그걸 굴릴 산업과 자재가 없다는 것. 탄약은커녕 재료 자체가 없으면 총을 만들 수 없다.\n^#6594ef;포탑 조작원 [화염 포탑]: 빌드 오더 사용 시 화염 포탑 하나 소환 | 재사용 대기 30초.\n방어력: +20% 출혈 | +15% 사이킥 & 열^reset;	
/items/ARMORS/GENSO/Kappa1/gico_kappa.legs	shortdescription	Waterfall Kappa Skirt	폭포 캇파 치마	
/items/ARMORS/GENSO/Kappa2/Head/1/gico_kappa.head	description	''While the other youkai look for solutions in the realm of magic and fantasy, the kappas followed the steps humanity left behind.''
  
Standard steel helmet based on human designs. Worn by Waterfall Kappas near the frontline operating support weapons such as artillery or magic launchers.
^#6594ef;Turret Operator [GATLING TURRET]: Summons one GATLING GUN TURRET when using a BUILD ORDER | 30s Cooldown.^reset;
^#6594ef;DEF: +10% SMALL-ARMS | +5% MELEE^reset;	''다른 요괴들이 마법과 환상의 세계에서 답을 찾을 때, 캇파는 인류가 남긴 발자취를 따라갔다.''\n  \n인간의 설계를 본뜬 표준 철모. 포병이나 마법 발사기 같은 지원 화기를 운용하는 최전선 근처 폭포 캇파가 착용한다.\n^#6594ef;포탑 조작원 [개틀링 포탑]: 빌드 오더 사용 시 개틀링 포탑 하나 소환 | 재사용 대기 30초.^reset;\n^#6594ef;방어력: +10% 소화기 | +5% 근접^reset;	
/items/ARMORS/GENSO/Kappa2/Head/1/gico_kappa.head	shortdescription	Waterfall Kappa Helmet	폭포 캇파 헬멧	
/items/ARMORS/GENSO/Kappa2/Head/2/gico_kappa.head	shortdescription	Waterfall Kappa Cap	폭포 캇파 모자	
/items/ARMORS/GENSO/Kappa2/Head/3/gico_kappa.head	shortdescription	Waterfall Kappa Cap	폭포 캇파 모자	
/items/ARMORS/GENSO/Kappa2/gico_kappa.chest	description	Most Kappas use an assortment of turrets, experimental inventions, and tools as their weapons. Despite their unusual loadout, the Kappas are better equipped than most youkai when it comes to conventional warfare. However, they do have a tendency to panic the moment they start getting shot at, shelled, or bombed.
^#6594ef;Turret Operator [ROCKET TURRET]: Summons one ROCKET TURRET when using a BUILD ORDER | 30s Cooldown.
DEF: +30% BLEED | +20% PSYCHIC & THERMAL^reset;	대부분의 캇파는 각종 포탑과 실험용 발명품, 도구를 무기로 쓴다. 기묘한 장비 구성에도 불구하고 캇파는 재래식 전쟁에 관한 한 대부분의 요괴보다 잘 갖춰져 있다. 다만 총격이나 포격, 폭격이 시작되는 순간 당황하는 버릇이 있다.\n^#6594ef;포탑 조작원 [로켓 포탑]: 빌드 오더 사용 시 로켓 포탑 하나 소환 | 재사용 대기 30초.\n방어력: +30% 출혈 | +20% 사이킥 & 열^reset;	
/items/ARMORS/GENSO/Kappa2/gico_kappa.chest	shortdescription	Waterfall Kappa Longcoat	폭포 캇파 긴 코트	
/items/ARMORS/GENSO/Kappa2/gico_kappa.head	shortdescription	Kappa Head	캇파 머리	
/items/ARMORS/GENSO/Kappa2/gico_kappa.legs	description	When it comes to technology with youkai, the Kappas are the most advanced while the Tengus and Rabbits remain slightly behind them. Most of the Tengu's technology comes from their close relationship with the Kappas while the Rabbits have adapted to the human's technology from looting their dead and doing raids on their supply convoys.
^#6594ef;Turret Operator [CANNON TURRET]: Summons one CANNON TURRET when using a BUILD ORDER | 30s Cooldown.
DEF: +20% BLEED | +15% PSYCHIC & THERMAL^reset;	요괴의 기술을 논할 때 캇파가 가장 앞서 있고, 텐구와 토끼들이 그 뒤를 약간 못 미쳐 따른다. 텐구의 기술 대부분은 캇파와의 긴밀한 관계에서 비롯되고, 토끼들은 시체를 약탈하고 보급 수송대를 습격하면서 인간의 기술을 익혔다.\n^#6594ef;포탑 조작원 [캐논 포탑]: 빌드 오더 사용 시 캐논 포탑 하나 소환 | 재사용 대기 30초.\n방어력: +20% 출혈 | +15% 사이킥 & 열^reset;	
/items/ARMORS/GENSO/Kappa2/gico_kappa.legs	shortdescription	Waterfall Kappa Undercoat	폭포 캇파 속옷	
/items/ARMORS/GENSO/Koishi/gico_koishi.chest	description	The most well known ability of the satori is being able to read the minds of those around them. Some satori however find these decrepid thoughts too much to bear and would rather close off their world and live in ignorance than come to terms with reality.

^green;Unconscious Manipulator: Enemies within approximately 60 blocks are stunned for 1-3s every 10s-20s. (Can be stacked)^reset;
^red;Loss of Focus: -10% ATK Power and -10% [EWS] Hit Chance and Accuracy multiplier.^reset;	사토리의 가장 잘 알려진 능력은 주변 사람들의 마음을 읽는 것이다. 그러나 일부 사토리는 그 썩어 문드러진 생각들이 견디기 벅차서, 현실과 마주하기보다 세상을 닫고 무지 속에서 살아가길 선택한다.\n\n^green;무의식 조작자: 약 60블록 내 적이 10초~20초마다 1~3초간 기절. (중첩 가능)^reset;\n^red;집중력 상실: 공격력 -10%와 [EWS] 명중 확률·명중률 배율 -10%.^reset;	
/items/ARMORS/GENSO/Koishi/gico_koishi.chest	shortdescription	Closed Eye's Top	닫힌 눈의 상의	
/items/ARMORS/GENSO/Koishi/gico_koishi.head	description	A strange hat. You can't pinpoint why, but something tells you that this hat should have a owner but not at the same time. Either way, it seems like most people can't help but lose their bearings when this hat is around. Yours included but at a lesser scale than most.
^green;Unconscious Manipulator: Enemies within approximately 60 blocks are stunned for 1-3s every 10s-20s. (Can be stacked)^reset;
^red;Loss of Focus: -10% ATK Power and -10% [EWS] Hit Chance and Accuracy multiplier.^reset;	이상한 모자다. 왜인지는 짚어낼 수 없지만, 이 모자에 주인이 있어야 할 것 같으면서도 아닌 듯한 느낌이 든다. 어느 쪽이든, 이 모자가 주변에 있으면 대부분은 방향감각을 잃곤 한다. 당신도 예외는 아니지만, 그 정도가 덜할 뿐.\n^green;무의식 조작자: 약 60블록 내 적이 10초~20초마다 1~3초간 기절. (중첩 가능)^reset;\n^red;집중력 상실: 공격력 -10%와 [EWS] 명중 확률·명중률 배율 -10%.^reset;	
/items/ARMORS/GENSO/Koishi/gico_koishi.head	shortdescription	Closed Eye's Hat	닫힌 눈의 모자	
/items/ARMORS/GENSO/Koishi/gico_koishi.legs	description	''I've already closed by satori eye. Reading people's minds only makes you depressed, there's nothing good about it.''
It's rare to come across a satori. Even among other youkai, the satori is considered be one of the most unpleasant ones to be around due to their mind reading abilities.
^green;Unconscious Manipulator: Enemies within approximately 60 blocks are stunned for 1-3s every 10s-20s. (Can be stacked)^reset;
^red;Loss of Focus: -10% ATK Power and -10% [EWS] Hit Chance and Accuracy multiplier.^reset;	''난 이미 사토리의 눈을 닫았어. 사람들 마음을 읽어 봤자 우울해질 뿐이야. 좋은 게 하나도 없거든.''\n사토리를 만나는 일은 드물다. 다른 요괴들 사이에서조차 사토리는 마음 읽기 능력 때문에 함께 있기 가장 불편한 존재로 꼽힌다.\n^green;무의식 조작자: 약 60블록 내 적이 10초~20초마다 1~3초간 기절. (중첩 가능)^reset;\n^red;집중력 상실: 공격력 -10%와 [EWS] 명중 확률·명중률 배율 -10%.^reset;	
/items/ARMORS/GENSO/Koishi/gico_koishi.legs	shortdescription	Closed Eye's Skirt	닫힌 눈의 치마	
/items/ARMORS/GENSO/Mokou/gico_mokou.chest	description	Magic has always been ahead compared to technology when it comes to addressing certain issues. With the proper rituals and knowledge, one could easily create a talisman that will guard you against even the harshest of flames. Doing the same with technology on the other hand would requires layers upon layers of expensive equipment that very few will have access to.

^green;Fire Charms: 50% FIRE Resistance. Immune to BURNING, BURN WOUNDS and IGNITION.^reset;	특정 문제를 해결할 때 마법은 언제나 기술보다 앞서 있었다. 적절한 의식과 지식만 있으면 아무리 혹독한 화염으로부터도 지켜주는 부적을 쉽게 만들 수 있다. 기술로 같은 걸 하려면 극소수만 누릴 수 있는 수많은 고가 장비가 필요할 것이다.\n\n^green;화염 부적: 화염 저항 50%. 화상·화염 상처·점화 면역.^reset;	
/items/ARMORS/GENSO/Mokou/gico_mokou.chest	shortdescription	Immortal's Top	불사자의 상의	
/items/ARMORS/GENSO/Mokou/gico_mokou.legs	description	Immortals have been around long before the first spaceships were launched by humanity. If the legends of the Hourai Elixer are to be taken for granted, then immortality has long since been mastered by magical beings and has been kept a well guarded secret from humans for millions of years. Maybe that's for the best considering what we've seen immortality do to people.

^green;Fire Charms: 50% FIRE Resistance. Immune to BURNING, BURN WOUNDS and IGNITION.^reset;	불사자들은 인류가 첫 우주선을 쏘아 올리기 훨씬 전부터 존재해 왔다. 호라이의 영약 전설을 그대로 받아들인다면, 불로불사는 마법적 존재들에 의해 이미 오래전에 완성되어 수백만 년 동안 인간들에게 철저히 비밀로 지켜져 왔다. 불로불사가 사람들에게 무슨 짓을 하는지를 봐온 입장에서는, 어쩌면 그게 더 나은지도 모른다.\n\n^green;화염 부적: 화염 저항 50%. 화상·화염 상처·점화 면역.^reset;	
/items/ARMORS/GENSO/Mokou/gico_mokou.legs	shortdescription	Immortal's Sashinuki	불사자의 사시누키	
/items/ARMORS/GENSO/MoonRabbit/gico_moonrabbit.chest	description	''It's hard to imagine what the Lunarians were thinking of having their soldiers wear suits into combat rather than traditional armor. Though then again, maybe there's something special about these suits that they aren't telling us. After all, they're still wearing them today.''
  

^green;Bunny Hopping: +15% Movement Speed | +10% Psychic Resistance.^reset;
^red;Frail Protection: -10% SMALL-ARMS Resistance.^reset;	''루나리안들이 병사들에게 전통 갑옷 대신 이런 옷을 입혀 전투에 내보낼 때 무슨 생각이었는지 상상하기 어렵다. 하지만 다시 생각해 보면, 이 옷에 그들이 말하지 않는 특별한 무언가가 있을지도 모른다. 어쨌든 그들은 지금도 이걸 입고 있으니까.''\n  \n\n^green;토끼뜀: 이동 속도 +15% | 사이킥 저항 +10%.^reset;\n^red;허약한 보호: 소화기 저항 -10%.^reset;	
/items/ARMORS/GENSO/MoonRabbit/gico_moonrabbit.chest	shortdescription	Ancient Moon Rabbit Suit	고대 달토끼 옷	
/items/ARMORS/GENSO/MoonRabbit/gico_moonrabbit.legs	description	''You're telling me that frilly pink skirt is all you're going to be wearing into combat?! Are you moon rabbits always this insane? I don't care if it's 'magical', go get some damn pants and body armor!''
  
A traditional Moon Rabbit skirt that was used by the Lunarians.
  
^green;Bunny Hopping: 15% Movement Speed | 10% Psychic Resistance.^reset;
^red;Frail Protection: -10% SMALL-ARMS Resistance.^reset;	''그 허술한 분홍 치마가 전투에서 입을 전부라고?! 달토끼들은 다 이 정도로 미쳤어? '마법'이든 뭐든 신경 안 쓰니까 당장 제대로 된 바지랑 갑옷을 입어!''\n  \n루나리안들이 사용하던 전통 달토끼 치마.\n  \n^green;토끼뜀: 이동 속도 15% | 사이킥 저항 10%.^reset;\n^red;허약한 보호: 소화기 저항 -10%.^reset;	
/items/ARMORS/GENSO/MoonRabbit/gico_moonrabbit.legs	shortdescription	Ancient Moon Rabbit Skirt	고대 달토끼 치마	
/items/ARMORS/GENSO/Oarfish/gico_oarfish.back	description	''You're a fool. A idiot. To think you would give up paradise cause of your own selfishness. Fine. If you're going to be like that, then I guess I'll have to stay with you to make sure you don't do anything stupid.''	''바보야. 멍청이야. 자기 이기심 때문에 낙원을 포기하겠다고? 좋아. 그렇게 나온다면, 네가 바보 같은 짓 하지 않도록 내가 같이 지켜봐 줄 수밖에 없겠네.''	
/items/ARMORS/GENSO/Oarfish/gico_oarfish.back	shortdescription	Oarfish Ribbon	산갈치 리본	
/items/ARMORS/GENSO/Oarfish/gico_oarfish.chest	description	''After having been attacked countless times despite her insistence of only being a messenger. The oarfish would eventually take up training with a weapon and be able to defend herself from zealous youkai or humans who are too blind for their own good.''	''사신이라고만 주장하던 그녀가 수없이 공격을 받은 끝에, 산갈치는 결국 무기 수련을 시작해 지나치게 열심인 요괴나 눈먼 인간들로부터 스스로를 지킬 수 있게 됐다.''	
/items/ARMORS/GENSO/Oarfish/gico_oarfish.chest	shortdescription	Oarfish Fatigues	산갈치 군복	
/items/ARMORS/GENSO/Oarfish/gico_oarfish.head	description	''Her duty is to simply observe and deliver messages. That is all what an envoy of the Dragon Palace does. Yet despite that, she finds her duties revolving around the celestial outcast becoming more and more prevalent as her family constantly ordered to keep delivering letters to the outcast and monitering her.''	''관찰하고 전언을 전하는 것. 그게 용궁 사자가 하는 일의 전부다. 그런데도 그녀는 가족이 끊임없이 전언을 전하고 감시하라 명하면서, 그 내쫓긴 천인과 관련된 임무가 점점 늘어가는 것을 느낀다.''	
/items/ARMORS/GENSO/Oarfish/gico_oarfish.head	shortdescription	Oarfish Head	산갈치 머리	
/items/ARMORS/GENSO/Oarfish/gico_oarfish.legs	description	''Unlike the other natives, the oarfish did not miss her old home as much as the others did for she had little connections with those who lived below. The only one she did have some relationship on the ground with was with the celestial outcast who came with her to their new home due to her family's insistence. Like back at home, she is the sole messenger responsible on keeping an eye of that celestial where ever she goes.''	''다른 토착민들과 달리, 산갈치는 아래에서 살았던 이들과 인연이 거의 없었기에 옛 고향을 그리워하지 않았다. 지상에서 인연이 있던 유일한 존재는 가족의 주장으로 그녀와 함께 새 집으로 온 그 내쫓긴 천인뿐이었다. 고향에서처럼, 그녀는 그 천인이 어디를 가든 눈을 떼지 않는 유일한 전언자다.''	
/items/ARMORS/GENSO/Oarfish/gico_oarfish.legs	shortdescription	Oarfish Dress	산갈치 드레스	
/items/ARMORS/GENSO/OldKappa/gico_kappa.back	description	Kappas often carry large backpacks reminiscent of their ancestor's shells. These backpacks would carry hundreds of tools, half finished contraptions, and whatever else a Kappa would want to shove in there. While a human would likely crumble under the immense weight of these massive packs, a Kappa has no problem hauling around their entire workshop everywhere they go.


^green;+50HP.^reset;	캇파는 조상의 등딱지를 닮은 커다란 배낭을 메고 다니는 경우가 많다. 이 배낭에는 수백 개의 공구와 미완성 발명품, 그리고 캇파가 쑤셔 넣고 싶은 것들이 잔뜩 든다. 인간이라면 이 거대한 짐의 무게에 깔렸겠지만, 캇파는 작업실 전체를 통째로 짊어지고 다녀도 아무렇지 않다.\n\n\n^green;+50HP.^reset;	
/items/ARMORS/GENSO/OldKappa/gico_kappa.back	shortdescription	Kappa Pack	캇파 배낭	
/items/ARMORS/GENSO/OldKappa/gico_kappa.chest	description	A uniform that belongs to a certain type of youkai that refer themselves as Kappas. Unlike most youkai, Kappas are well versed in technology and are naturally curious about it. While most Kappa prefer to work alone, some may find human company to be worthwhile. Perhaps that is why they too wander the stars like the other races.	스스로를 캇파라 부르는 요괴 종족의 제복. 대부분의 요괴와 달리 캇파는 기술에 정통하고 본능적으로 호기심이 많다. 대부분의 캇파는 혼자 일하는 걸 좋아하지만, 인간의 동행이 가치 있다고 생각하는 이도 있다. 그래서인지 그들도 다른 종족처럼 별들을 떠돌고 있다.	
/items/ARMORS/GENSO/OldKappa/gico_kappa.chest	shortdescription	Kappa Tunic	캇파 튜닉	
/items/ARMORS/GENSO/OldKappa/gico_kappa.legs	description	In the old legends, Kappas were once considered youkai responsible for drowning unsuspecting humans near rivers and floods. Recent stories however refute these claims and consider the youkai as a ally of humanity rather than a threat. From building dams to prevent flooding to offering their expertise to those looking for help, many human colonies who encountered such beings think of them fondly after their encounter.	옛 전설에서 캇파는 강과 범람 근처에서 눈치 없는 인간을 익사시키는 요괴로 여겨졌다. 그러나 최근 이야기들은 그런 주장을 반박하며 요괴를 위협이 아닌 인류의 동맹으로 본다. 홍수를 막는 둑을 쌓아주고 도움을 구하는 이에게 지식을 나눠주는 등, 이런 존재들과 만난 인간 식민지 대부분은 그들을 좋은 기억으로 남기게 됐다.	
/items/ARMORS/GENSO/OldKappa/gico_kappa.legs	shortdescription	Kappa Shorts	캇파 반바지	
/items/ARMORS/GENSO/WolfTengu1/Head/1/gico_wolftengu.head	description	Most white wolves tend to look very similar to each other. The only difference one will notice is their hairstyle.	하얀 늑대들은 대부분 비슷한 외모다. 유일한 차이는 머리 모양뿐.	
/items/ARMORS/GENSO/WolfTengu1/Head/1/gico_wolftengu.head	shortdescription	White Wolves Head	하얀 늑대 머리	
/items/ARMORS/GENSO/WolfTengu1/Head/2/gico_wolftengu.head	shortdescription	White Wolves Head	하얀 늑대 머리	
/items/ARMORS/GENSO/WolfTengu1/Head/3/gico_wolftengu.head	shortdescription	White Wolves Head	하얀 늑대 머리	
/items/ARMORS/GENSO/WolfTengu1/Head/4/gico_wolftengu.head	shortdescription	White Wolves Head	하얀 늑대 머리	
/items/ARMORS/GENSO/WolfTengu1/Story/gico_wolftengu.chest	description	''Besides us, I think the youkai from Old Hell and the Underworld also decided to join our jump. There was also the Buddhists that did too. Pretty much any youkai who didn't see themselves adjusting to the Outside World decided to come here hoping to continue the life they've been living for centuries.''
^#efc565;Waterfall Guardian: When using a Special Melee Attack with a certain weapon, summon the fallen White Wolves.
Tengu Link [4-SET BONUS]: Gain Tengu Synchronization.
DEF: +22% SLASH | +16% THRUST | +12% BLUNT^reset;	''우리 말고도 지옥과 지하세계의 요괴들도 우리의 이동에 동참하기로 한 모양이야. 불교 신자들도 그랬고. 바깥 세계에 적응할 자신이 없는 요괴는 전부 다, 수백 년간 살아온 삶을 계속 이어가길 바라며 여기로 왔어.''\n^#efc565;폭포 수호자: 특정 무기로 특수 근접 공격 사용 시 쓰러진 하얀 늑대들을 소환.\n텐구 링크 [4세트 보너스]: 텐구 동조 획득.\n방어력: +22% 참격 | +16% 찌르기 | +12% 타격^reset;	
/items/ARMORS/GENSO/WolfTengu1/Story/gico_wolftengu.chest	shortdescription	Momiji's Armor	모미지의 갑옷	
/items/ARMORS/GENSO/WolfTengu1/Story/gico_wolftengu.head	description	''I'm not going to lie now. I never wanted to leave our world. I wanted to go with the others and just join the Outside World. We weren't going to disappear. That gap youkai has already given us everything we need to live a 'normal' life without needing belief. But no. Our foolish elders decided they didn't want to give up their power and decided to force us here. Now we're all going to get killed cause of their stubborness.''	''솔직히 말할게. 난 우리 세계를 떠나고 싶었던 적이 없어. 다른 이들처럼 바깥 세계로 가고 싶었어. 우리는 사라지지 않았을 거야. 그 틈 요괴는 이미 우리에게 '정상적인' 삶을 사는 데 필요한 모든 걸 줬는데, 신앙 없이도 말이야. 그런데도 아니지. 어리석은 장로들이 자기 힘을 포기하기 싫다며 우리를 강제로 끌고 왔어. 이젠 그 고집 때문에 다들 죽게 생겼다고.''	
/items/ARMORS/GENSO/WolfTengu1/Story/gico_wolftengu.head	shortdescription	Momiji Head	모미지 머리	
/items/ARMORS/GENSO/WolfTengu1/gico_wolftengu.back	description	''If they even think about becoming a youkai, put them in front of the firing squad.''
Many youkai were former humans who wanted to escape their status as slaves only to find themselves being put in front of a firing squad for treason. Those who give up their humanity do not deserve to be given any quarter as the human generals proclaim. For they have already betrayed everyone once.
^#efc565;Tengu Link [4-SET BONUS]: Gain Tengu Synchronization.
^#efc565;+25HP.^reset;	''요괴가 될 생각이라도 하는 놈이 있으면, 총살대 앞에 세워.''\n많은 요괴는 노예 신분에서 벗어나려던 인간들이었으나, 결국 반역죄로 총살대 앞에 서게 됐다. 인간 장군들의 선언대로, 인간임을 저버린 자는 자비를 받을 자격이 없다. 이미 한 번 모두를 배신했으니까.\n^#efc565;텐구 링크 [4세트 보너스]: 텐구 동조 획득.\n^#efc565;+25HP.^reset;	
/items/ARMORS/GENSO/WolfTengu1/gico_wolftengu.back	shortdescription	White Wolves Tail	하얀 늑대 꼬리	
/items/ARMORS/GENSO/WolfTengu1/gico_wolftengu.chest	description	While the White Wolf Tengu prided themselves on having a warrior culture, that did not mean they wanted things to go back to the olds day where they had to constantly fight for their existence like their ancestors. To many of the younger tengu, they wanted nothing more than to go back to their old home.
^#efc565;Old Memories: +20% Movement Speed when using a FORMATION, BOW, CROSSBOW, or MUZZLELOADER weapon.
Tengu Link [4-SET BONUS]: Gain Tengu Synchronization.
DEF: +22% SLASH | +16% THRUST | +12% BLUNT^reset;	백랑 텐구는 전사 문화를 자랑했지만, 그렇다고 조상처럼 존재를 걸고 끊임없이 싸워야 했던 옛날로 돌아가길 바란 건 아니었다. 어린 텐구 대부분은 그저 옛 집으로 돌아가고 싶어할 뿐이었다.\n^#efc565;옛 기억: 진형·활·석궁·전장식 무기 사용 시 이동 속도 +20%.\n텐구 링크 [4세트 보너스]: 텐구 동조 획득.\n방어력: +22% 참격 | +16% 찌르기 | +12% 타격^reset;	
/items/ARMORS/GENSO/WolfTengu1/gico_wolftengu.chest	shortdescription	White Wolves Fatigues	하얀 늑대 군복	
/items/ARMORS/GENSO/WolfTengu1/gico_wolftengu.head	description	Most white wolves tend to look very similar to each other. The only difference one will notice is their hairstyle.	하얀 늑대들은 대부분 비슷한 외모다. 유일한 차이는 머리 모양뿐.	
/items/ARMORS/GENSO/WolfTengu1/gico_wolftengu.head	shortdescription	White Wolves Head	하얀 늑대 머리	
/items/ARMORS/GENSO/WolfTengu1/gico_wolftengu.legs	description	Contrary to its appearence, the material this dress is made out of is akin to leather armor. Having been tested to able to resist all sorts of cutting, stabbing, and hitting, this dress is actually quite sturdy enough to be used in close quarter combat. Against guns however, the dress cannot stop bullets.
^#efc565;Traditional Fighter: +50HP when using a FORMATION, BOW, CROSSBOW, or MUZZLELOADER weapon.
^#efc565;Tengu Link [4-SET BONUS]: Gain Tengu Synchronization.
DEF: +12% SLASH | +8% THRUST | +5% BLUNT^reset;	외형과 달리 이 드레스의 재료는 가죽 갑옷에 가깝다. 온갖 베기·찌르기·타격을 견디도록 시험을 거쳐, 실제로 근접 전투에 쓸 수 있을 만큼 튼튼하다. 다만 총기에 대해서는 총알을 막아내지 못한다.\n^#efc565;전통 전사: 진형·활·석궁·전장식 무기 사용 시 +50HP.\n^#efc565;텐구 링크 [4세트 보너스]: 텐구 동조 획득.\n방어력: +12% 참격 | +8% 찌르기 | +5% 타격^reset;	
/items/ARMORS/GENSO/WolfTengu1/gico_wolftengu.legs	shortdescription	White Wolves Dress	하얀 늑대 드레스	
/items/ARMORS/GENSO/WolfTengu2/Head/1/gico_wolftengu.head	shortdescription	White Wolves Head	하얀 늑대 머리	
/items/ARMORS/GENSO/WolfTengu2/Head/2/gico_wolftengu.head	shortdescription	White Wolves Head	하얀 늑대 머리	
/items/ARMORS/GENSO/WolfTengu2/Head/3/gico_wolftengu.head	shortdescription	White Wolves Head	하얀 늑대 머리	
/items/ARMORS/GENSO/WolfTengu2/Head/4/gico_wolftengu.head	shortdescription	White Wolves Head	하얀 늑대 머리	
/items/ARMORS/GENSO/WolfTengu2/gico_wolftengu.back	description	''Whatever you do, do not let that banner drop.''
The White Wolf Tengu originally never had a banner prior to come to this world. Having been under the Crow Tengu and above for as long as they remember, they were surprised to find out a large amount of tengu clans among this world did not have anything resembling the Crow Tengu ruling over them nor the hiearchy they were forced to obey.
^#efc565;Tengu Link [4-SET BONUS]: Gain Tengu Synchronization.
^#efc565;+25HP.^reset;	''무슨 일이 있어도, 이 깃발을 떨어뜨리지 마.''\n백랑 텐구는 이 세계에 오기 전까지 원래 깃발을 가지지 않았다. 기억하는 한 까마귀 텐구 아래에서 살아온 그들은, 이 세계의 많은 텐구 일족이 까마귀 텐구 같은 지배자도 그들이 따르던 위계도 가지지 않았다는 사실에 놀랐다.\n^#efc565;텐구 링크 [4세트 보너스]: 텐구 동조 획득.\n^#efc565;+25HP.^reset;	
/items/ARMORS/GENSO/WolfTengu2/gico_wolftengu.back	shortdescription	White Wolves Banner	하얀 늑대 깃발	
/items/ARMORS/GENSO/WolfTengu2/gico_wolftengu.chest	description	''We came here looking for our old way of life. For a while, we did find it. But then those humans came here...''
The White Wolves and Crow Tengu are not native youkai in this land. They came here through a portal and forcefully made it their home. The native tengu clans reacted poorly and there was a brief conflict among them for some time before peace was made.
^#efc565;Mountain Warden: +50HP. +100 SHIELD STABILITY.
^#efc565;Tengu Link [4-SET BONUS]: Gain Tengu Synchronization.
DEF: +40% SMALL-ARMS | +20% MELEE^reset;	''우리는 옛 삶의 방식을 찾아 여기에 왔다. 한동안은 정말로 찾아냈지. 그런데 그 인간들이 온 거야...''\n하얀 늑대와 까마귀 텐구는 이 땅의 토착 요괴가 아니다. 차원문을 통해 와서 억지로 여기를 터전으로 삼았다. 토착 텐구 일족은 이를 못마땅하게 여겨 한동안 충돌이 이어지다가 평화가 이루어졌다.\n^#efc565;산 수호자: +50HP. 방패 안정성 +100.\n^#efc565;텐구 링크 [4세트 보너스]: 텐구 동조 획득.\n방어력: +40% 소화기 | +20% 근접^reset;	
/items/ARMORS/GENSO/WolfTengu2/gico_wolftengu.chest	shortdescription	White Wolves Armor	하얀 늑대 갑옷	
/items/ARMORS/GENSO/WolfTengu2/gico_wolftengu.head	description	Most white wolves tend to look very similar to each other. The only difference one will notice is their hairstyle.	하얀 늑대들은 대부분 비슷한 외모다. 유일한 차이는 머리 모양뿐.	
/items/ARMORS/GENSO/WolfTengu2/gico_wolftengu.head	shortdescription	White Wolves Head	하얀 늑대 머리	
/items/ARMORS/GENSO/Yama1/Head/1/gico_yamawaro.head	description	''We knew this day would come. We can't run anymore.''
The Yamawaro were not naive enough to believe that their utopia would last forever. While the Kappas continued making their pointless inventions, the Yamawaro Army conducted wargame after wargame, knowing there would be a day where they would have to fight for their right to exist.
^#589a45;Yamawaro Wargames: +10% Woodlands Weapon Proficiency.
Yamawaro Guerilla [3-SET BONUS]: Gain Yamawaro Guerilla.
DEF: +10% SMALL-ARMS | +5% EXPLOSIVE^reset;	''우린 이 날이 올 걸 알고 있었어. 더는 도망칠 수 없어.''\n야마와로는 자신들의 유토피아가 영원할 거라 믿을 만큼 순진하지 않았다. 캇파가 쓸모없는 발명품이나 만들어대는 동안, 야마와로군은 언젠가 존립을 위한 싸움이 올 걸 알고 워게임에 워게임을 거듭했다.\n^#589a45;야마와로 워게임: 우드랜즈 무기 숙련 +10%.\n야마와로 게릴라 [3세트 보너스]: 야마와로 게릴라 획득.\n방어력: +10% 소화기 | +5% 폭발^reset;	
/items/ARMORS/GENSO/Yama1/Head/1/gico_yamawaro.head	shortdescription	Yamawaro Helmet	야마와로 헬멧	
/items/ARMORS/GENSO/Yama1/Head/2/gico_yamawaro.head	shortdescription	Yamawaro Head	야마와로 머리	
/items/ARMORS/GENSO/Yama1/Head/3/gico_yamawaro.head	shortdescription	Yamawaro Head	야마와로 머리	
/items/ARMORS/GENSO/Yama1/gico_yamawaro.back	description	''While the tengu fought a traditional war, the Yamawaro would fight a guerilla war.''
Yamawaro soldiers take tools with them where ever they go. These tools were often used to create makeshift contraptions that would help them in combat such as decoys and makeshift traps to fool the humans.
^#589a45;Yamawaro Decoy: Upon taking damage, drop a decoy toward the closest enemy. | 10s Cooldown
+25HP.^reset;	''텐구가 전통적인 전쟁을 치르는 동안, 야마와로는 게릴라전을 치른다.''\n야마와로 병사들은 가는 곳마다 공구를 지닌다. 이 공구들은 인간을 속일 미끼나 즉석 함정 같은 임시 장치를 만드는 데 쓰여 전투에 도움을 준다.\n^#589a45;야마와로 미끼: 피해를 입으면 가장 가까운 적을 향해 미끼를 떨어뜨린다. | 재사용 대기 10초\n+25HP.^reset;	
/items/ARMORS/GENSO/Yama1/gico_yamawaro.back	shortdescription	Yamawaro Chest	야마와로 흉갑	
/items/ARMORS/GENSO/Yama1/gico_yamawaro.chest	description	Yamawaro soldiers use conventional arms like the human armies do. While magic is still something they can dabble in, the wargames they conducted were done under the pretense that they would have to rely on their own technical expertise rather than methods that they themselves are not knowledgeable in.
^#589a45;Yamawaro Guerilla [SPEED] [3-SET BONUS]: +60% DODGE Chance and +20% Movement Speed for 3s upon taking damage. +30% Woodlands Weapon Proficiency while this passive is ^red;NOT^reset;^#589a45; on cooldown. | 20s Cooldown | DEF: +30% BLEED | +20% PSYCHIC & THERMAL^reset;	야마와로 병사들은 인간 군대처럼 재래식 화기를 쓴다. 마법도 어느 정도는 다룰 수 있지만, 그들의 워게임은 스스로 잘 알지 못하는 방식 대신 자신들의 기술력에 의존해야 한다는 전제로 진행됐다.\n^#589a45;야마와로 게릴라 [속도] [3세트 보너스]: 피격 시 3초간 회피 +60%와 이동 속도 +20%. 이 패시브가 ^red;재사용 대기 중이 아닐 때^reset;^#589a45; 우드랜즈 무기 숙련 +30%. | 재사용 대기 20초 | 방어력: +30% 출혈 | +20% 사이킥 & 열^reset;	
/items/ARMORS/GENSO/Yama1/gico_yamawaro.chest	shortdescription	Yamawaro Vest	야마와로 조끼	
/items/ARMORS/GENSO/Yama1/gico_yamawaro.head	shortdescription	Yamawaro Head	야마와로 머리	
/items/ARMORS/GENSO/Yama1/gico_yamawaro.legs	description	The Yamawaro Army fights at the frontlines alongside with the tengu rather than hide behind turrets like what the Waterfall Kappa do. While they do not have the technical knowledge that a Waterfall Kappa would have, the Yamawaro makes up for it with their rigorous training and combat ability thanks to their wargames.
  
^#589a45;Yamawaro Guerilla [3-SET BONUS]: Gain Yamawaro Guerilla.
+10% DODGE Chance | DEF: +10% BLEED^reset;	야마와로군은 폭포 캇파처럼 포탑 뒤에 숨는 대신 텐구와 나란히 최전선에서 싸운다. 폭포 캇파 같은 기술 지식은 없지만, 워게임으로 다져진 엄격한 훈련과 전투력으로 그 부족함을 메운다.\n  \n^#589a45;야마와로 게릴라 [3세트 보너스]: 야마와로 게릴라 획득.\n+10% 회피 | 방어력: +10% 출혈^reset;	
/items/ARMORS/GENSO/Yama1/gico_yamawaro.legs	shortdescription	Yamawaro Skirt	야마와로 치마	
/items/ARMORS/GENSO/Yama2/gico_yamawaro.chest	description	Armored chestplate worn over a Yamawaro uniform. Is slightly thinner than all the other variants worn by youkai as this was designed in mind to be part of the standard outfit for a Yamawaro soldier before resources ran dry resulting in only some soldiers getting this vest.
^#589a45;Yamawaro Guerilla [DEFENSE] [3-SET BONUS]: +100% SMALL-ARMS, MELEE, and HEAVY-ARMS Resistance, +50% General Weapon Proficiency, and ^red;-75% Movement Speed^reset;^#589a45; for 1s upon taking damage. | 20s Cooldown. DEF: +20% SMALL-ARMS | +5% EXPLOSIVE | +15% MELEE^reset;	야마와로 제복 위에 입는 갑옷 흉갑. 자원이 바닥나 일부 병사에게만 지급된 탓에, 야마와로 병사 표준 복장의 일부로 설계된 다른 변형들보다 약간 얇다.\n^#589a45;야마와로 게릴라 [방어] [3세트 보너스]: 피격 시 1초간 소화기·근접·중화기 저항 +100%, 일반 무기 숙련 +50%, 이동 속도 ^red;-75%^reset;^#589a45;. | 재사용 대기 20초. 방어력: +20% 소화기 | +5% 폭발 | +15% 근접^reset;	
/items/ARMORS/GENSO/Yama2/gico_yamawaro.chest	shortdescription	Yamawaro Armored Vest	야마와로 장갑 조끼	
/items/ARMORS/GENSO/Yama2/gico_yamawaro.head	description	The art of camoflauge is a tactic that the Yamawaro practice extensively that most youkai do not bother with due to their prideful mentality. While the average youkai will assume that whatever the humans throw at them will be useless, the Yamawaro are not so ignorant of the advantages of technologial superiority.
^#589a45;Yamawaro Wargames: +15% Woodlands Weapon Proficiency.
Yamawaro Guerilla [3-SET BONUS]: Gain Yamawaro Guerilla.
DEF: +5% SMALL-ARMS^reset;	위장술은 대부분의 요괴가 자만심 때문에 거들떠보지도 않는 전술이지만, 야마와로는 광범위하게 수련한다. 평범한 요괴가 인간의 수단을 쓸모없다 치부하는 반면, 야마와로는 기술적 우위의 이점을 모를 만큼 어리석지 않다.\n^#589a45;야마와로 워게임: 우드랜즈 무기 숙련 +15%.\n야마와로 게릴라 [3세트 보너스]: 야마와로 게릴라 획득.\n방어력: +5% 소화기^reset;	
/items/ARMORS/GENSO/Yama2/gico_yamawaro.head	shortdescription	Yamawaro Helmet(FP)	야마와로 헬멧(FP)	
/items/ARMORS/GENSO/Yama3/gico_yamawaro.chest	description	A thick raincape that protects its wearer from storms and is thick enough to take some punishment as well. A common tactics used by the tengu is to constantly start storms around the mountain to make logistics a nightmare for the human armies. Unfortunately, this does the same to their youkai allies as well.
  
^#589a45;Yamawaro Guerilla [VERSATILE] [3-SET BONUS]: +15% General Weapon Proficiency, +50 HP, +10% Movement Speed, +10% DODGE Chance
DEF: +10% SMALL-ARMS & THERMAL | +20% MELEE^reset;	폭풍 속에서 착용자를 보호하는 두꺼운 레인케이프로, 어느 정도의 타격도 견딜 만큼 튼튼하다. 텐구가 자주 쓰는 전술은 산 주변에 끊임없이 폭풍을 일으켜 인간 군대의 병참을 악몽으로 만드는 것이다. 불행히도 이는 그들의 요괴 동맹에게도 똑같이 해당된다.\n  \n^#589a45;야마와로 게릴라 [만능] [3세트 보너스]: 일반 무기 숙련 +15%, +50HP, 이동 속도 +10%, 회피 +10%\n방어력: +10% 소화기 & 열 | +20% 근접^reset;	
/items/ARMORS/GENSO/Yama3/gico_yamawaro.chest	shortdescription	Yamawaro Rain Cape	야마와로 레인케이프	
/items/ARMORS/GENSO/Yama3/gico_yamawaro.head	description	The first time the human armies used poisonous gas to take out a tengu mountain fortress resulted in the Crow Tengu blowing it back at them. Since then, the humans have never brought it back out. While most youkai are not concerned with them redeploying it, the Yamawaro used some of their resources to give their soldiers gas masks based on human ones.
^#799E4B;Prevents certain [GIC] environmental hazards.^reset;
^#589a45;Yamawaro Guerilla [3-SET BONUS]: Gain Yamawaro Guerilla.
DEF: +15% SMALL-ARMS | +5% EXPLOSIVE & MELEE^reset;	인간 군대가 독가스를 처음 사용해 텐구 산중 요새를 무너뜨렸을 때, 까마귀 텐구가 그 가스를 도로 날려보냈다. 그 뒤로 인간들은 다시 꺼내지 않았다. 대부분의 요괴는 재투입을 걱정하지 않지만, 야마와로는 자원 일부를 들여 인간식을 본뜬 방독면을 병사들에게 지급했다.\n^#799E4B;특정 [GIC] 환경 위험 방지.^reset;\n^#589a45;야마와로 게릴라 [3세트 보너스]: 야마와로 게릴라 획득.\n방어력: +15% 소화기 | +5% 폭발 & 근접^reset;	
/items/ARMORS/GENSO/Yama3/gico_yamawaro.head	shortdescription	Yamawaro Gas Mask	야마와로 방독면	
/items/ARMORS/GENSO/Yuuka/gico_yuuka.chest	description	''Now aren't you a cute little human wandering onto my garden. Come now, why don't you have a seat have some tea. I'm sure a human like you must have an interesting reason on approaching me. After all, it's been a long time since someone came here aside from that witch and shrine maiden.'' 
  
^green;Flower Apprentice: 20% ATK Power, 20% HP, 20% [EWS] Accuracy multiplier, 10% GENERAL resistance when under a light source.^reset;
^red;Withering Flower: Invert the buffs when under darkness.^reset;	''이런, 내 정원에 어슬렁거리는 귀여운 꼬마 인간 아니야. 자, 앉아서 차나 한잔해. 너처럼 인간이 나한테 온 건 재밌는 이유가 있을 거잖아? 그 마녀와 무녀 외엔 정말 오랜만에 찾아온 손님이니까.'' \n\n^green;꽃 수련생: 광원 아래에서 공격력 20%, HP 20%, [EWS] 명중률 배율 20%, 일반 저항 10%.^reset;\n^red;시드는 꽃: 어둠 속에서는 버프가 반전된다.^reset;	
/items/ARMORS/GENSO/Yuuka/gico_yuuka.chest	shortdescription	Sunflower Youkai's Top	해바라기 요괴의 상의	
/items/ARMORS/GENSO/Yuuka/gico_yuuka.head	description	You looked in the files didn't you? But seriously, this item is just a cosmetic Yuuka head cause why not?	파일을 뒤져봤지? 사실 이 아이템은 그냥 외형용 유우카 머리야. 그냥 그랬으면 하는 마음으로.	
/items/ARMORS/GENSO/Yuuka/gico_yuuka.head	shortdescription	Yuuka	유우카	
/items/ARMORS/GENSO/Yuuka/gico_yuuka.legs	description	''I see. You're still too weak for me to bother with but I can sense some potential in you. Here, take this sunflower I have. It may seem nothing more than a kind gesture for now, but I assure you that it will be quite useful for you in the future. Now then, let's enjoy the rest of the afternoon in peace.''
^green;Flower Apprentice: 20% Movement Speed, 20% DODGE Chance, 20% [EWS] Hit Chance, 10% GENERAL resistance when under a light source.^reset;
^red;Withering Flower: Invert the buffs when under darkness.^reset;	''그래. 날 상대하기엔 아직 너무 약하구나. 그래도 가능성은 보이네. 자, 이 해바라기를 받아. 지금은 그저 마음의 선물처럼 보이겠지만, 언젠가 쓸모가 있을 거야. 자, 그럼 남은 오후를 평화롭게 즐기자.''\n^green;꽃 수련생: 광원 아래에서 이동 속도 20%, 회피 20%, [EWS] 명중 확률 20%, 일반 저항 10%.^reset;\n^red;시드는 꽃: 어둠 속에서는 버프가 반전된다.^reset;	
/items/ARMORS/GENSO/Yuuka/gico_yuuka.legs	shortdescription	Sunflower Youkai's Skirt	해바라기 요괴의 치마	
/items/ARMORS/LION/KaiserCaptain/gico_kaisercaptain.chest	description	''Tanks lead the charge. Infantry protects the flanks. And the fighters clear the skies.''

The captain of the Kaiser Knights leads his knights from his command tank while the generals command the army.
^#698f78;Armored Spearhead [3-SET BONUS]: Crouching for 5s will call in a drivable Kaiserwagen III on your location. High firepower, but no armor. CANNOT fit through doorways. | 300s Cooldown | +10% DODGE Chance | DEF: +30% THERMAL^reset;	''전차가 선두를 이끌고, 보병이 측면을 지키며, 전투기가 하늘을 정리한다.''\n\n카이저 기사단의 대장은 장군들이 군대를 지휘하는 동안 지휘 전차에서 기사들을 이끈다.\n^#698f78;기갑 첨두 [3세트 보너스]: 5초간 웅크리면 카이저바겐 III가 현재 위치에 소환된다. 화력은 높지만 장갑이 없다. 문은 통과 불가. | 재사용 대기 300초 | 회피 +10% | 방어력: +30% 열^reset;	
/items/ARMORS/LION/KaiserCaptain/gico_kaisercaptain.chest	shortdescription	LB Kaiser Captain Coat	LB 카이저 대장 코트	
/items/ARMORS/LION/KaiserCaptain/gico_kaisercaptain.head	description	''One cannot lead when they are too busy fighting.''
While the Kaiser Knights put a high emphasis on personal strength in their creed, it is only because they want their knights to be able to protect the soldiers they are assigned in the midst of battle.''
^#698f78;Armored Spearhead [3-SET BONUS]: Crouching for 5s will call in a drivable Kaiserwagen III on your location. High firepower, but no armor. CANNOT fit through doorways. | 300s Cooldown | +10% DODGE Chance | DEF: +10% MELEE^reset;	''싸우기에만 바쁜 자는 이끌 수 없다.''\n카이저 기사단이 신조에서 개인의 강함을 중시하는 것은, 전투 속에서 자신이 배정된 병사들을 지킬 수 있기를 바라기 때문이다.''\n^#698f78;기갑 첨두 [3세트 보너스]: 5초간 웅크리면 카이저바겐 III가 현재 위치에 소환된다. 화력은 높지만 장갑이 없다. 문은 통과 불가. | 재사용 대기 300초 | 회피 +10% | 방어력: +10% 근접^reset;	
/items/ARMORS/LION/KaiserCaptain/gico_kaisercaptain.head	shortdescription	LB Kaiser Captain Headset	LB 카이저 대장 헤드셋	
/items/ARMORS/LION/KaiserCaptain/gico_kaisercaptain.legs	description	The Kaiser Captain holds a higher rank than the general staff within all Lion Battalions. This places the Kaiser Captain as the one leader of the entire Lion Battalion in this world. He does not use this authority however as he believes the generals under him were better suited at leading an entire army than he was.
^#698f78;Armored Spearhead [3-SET BONUS]: Crouching for 5s will call in a drivable Kaiserwagen III on your location. High firepower, but no armor. CANNOT fit through doorways. | 300s Cooldown | +10% DODGE Chance | DEF: +30% THERMAL^reset;	카이저 대장은 모든 라이온 대대 내 참모 장교들보다 높은 계급을 가진다. 이는 그를 이 세계의 라이온 대대 전체의 단일 지도자로 만든다. 그러나 그는 자신 아래의 장군들이 전체 군대를 이끄는 데 더 적합하다고 믿어 그 권한을 쓰지 않는다.\n^#698f78;기갑 첨두 [3세트 보너스]: 5초간 웅크리면 카이저바겐 III가 현재 위치에 소환된다. 화력은 높지만 장갑이 없다. 문은 통과 불가. | 재사용 대기 300초 | 회피 +10% | 방어력: +30% 열^reset;	
/items/ARMORS/LION/KaiserCaptain/gico_kaisercaptain.legs	shortdescription	LB Kaiser Captain Leggings	LB 카이저 대장 하의	
/items/ARMORS/LION/KaiserKnight/gico_kaiserknight.chest	description	''God did not choose our Kaiser. The people did. It was the Kaiser who forged a kingdom out of warmongering tribes. It is through the determination of humanity alone that we have escaped from bashing stones against each other. To give any credit to nameless entities who have never shown themselves once is an insult to the men and woman who gave their lives for our future kin.''
^#698f78;Executioner: Enemies approximately 20 blocks and under 25% HP have -100% SLASH | THRUST | BLUNT resistance.
DEF: +20% SMALL-ARMS | +10% HEAVY-ARMS | +15% MELEE^reset;	''신이 우리 카이저를 택한 게 아니다. 인민이 택한 것이다. 호전적 부족들을 하나의 왕국으로 벼려낸 건 카이저였다. 돌덩이나 부딪치던 상태에서 벗어난 건 오로지 인류의 결단 덕분이다. 한 번도 모습을 보인 적 없는 이름 없는 존재들에게 공을 돌리는 건, 우리 후손을 위해 목숨 바친 남녀들에 대한 모욕이다.''\n^#698f78;처형자: 약 20블록 내 HP 25% 미만의 적이 참격 | 찌르기 | 타격 저항 -100%.\n방어력: +20% 소화기 | +10% 중화기 | +15% 근접^reset;	
/items/ARMORS/LION/KaiserKnight/gico_kaiserknight.chest	shortdescription	LB Kaiser Knight Chestplate	LB 카이저 기사 흉갑	
/items/ARMORS/LION/KaiserKnight/gico_kaiserknight.head	description	''Although we may never see his majesty again. We shall not forget the creed of the Kaiser. In times of war and cruelty, one must remain steadfast and lead the downtrodden to hope. As he who led the tribes to prosperity, so too shall the Knights lead the broken men in the war's wake to hope once again.''
  
^#698f78;Finesse Riposte: Upon performing a successful parry, gain +50 HP and +10% General Resistance for 5s.
DEF: +10% SMALL-ARMS & SLASH & THRUST | +5% BLUNT^reset;	''폐하를 다시 뵙지 못할지라도, 우리는 카이저의 신조를 잊지 않으리라. 전쟁과 잔혹함의 시대에, 굳건히 서서 낙오자들을 희망으로 이끌어야 한다. 부족들을 번영으로 이끈 그분처럼, 기사단도 전쟁이 남긴 부서진 이들을 다시 희망으로 이끌 것이다.''\n  \n^#698f78;우아한 반격: 패링 성공 시 5초간 +50HP와 일반 저항 +10%.\n방어력: +10% 소화기 & 참격 & 찌르기 | +5% 타격^reset;	
/items/ARMORS/LION/KaiserKnight/gico_kaiserknight.head	shortdescription	LB Kaiser Knight Helmet	LB 카이저 기사 헬멧	
/items/ARMORS/LION/KaiserKnight/gico_kaiserknight.legs	description	''Be lenient, but do not be spineless. Show kindness, but do not be selfless. Say what you want about our Kaiser and the consequences from this war, but the Kaiser from the very beginning was only trying to fulfill his promises to the people.''
^#698f78;Knight Training - If wearing a LB Kaiser Knight Chestplate or LB Kaiser Knight Helmet, gain +10% Movement Speed and successful parries grant +1HP/sec for 5s. If wearing a LB Kaiser Troop Chestplate or LB Kaiser Troop Helmet, gain +50 HP per item. 
DEF: +20% BLEED | +5% MELEE^reset;	''관대하되, 척추를 뽑지는 마라. 자비를 베풀되, 헌신적이진 마라. 우리 카이저와 이 전쟁의 결과에 대해 뭐라고 하든 상관없지만, 카이저는 처음부터 인민과의 약속을 지키려 했을 뿐이었다.''\n^#698f78;기사 훈련 - LB 카이저 기사 흉갑이나 LB 카이저 기사 헬멧 착용 시, 이동 속도 +10%와 패링 성공 시 5초간 초당 +1HP. LB 카이저 척탄병 흉갑이나 LB 카이저 척탄병 헬멧 착용 시, 부위당 +50HP. \n방어력: +20% 출혈 | +5% 근접^reset;	
/items/ARMORS/LION/KaiserKnight/gico_kaiserknight.legs	shortdescription	LB Kaiser Knight Leggings	LB 카이저 기사 하의	
/items/ARMORS/LION/KaiserTech/gico_kaisertech.chest	description	Kaiser Technician are equipped with various experimental weapons such as grenade launchers, magi weapons, or even gunblades. This is so that the Knights can keep up with new technological development and avoid being outclassed later as what happened in the First Continental War.
^#698f78;Grenade Trooper - Crouching for 5s will call in a L39 grenade rifle with 10 grenades. The rifle can only be used with this armor and ammunition can only be acquired here. | 240s Cooldown
DEF: +15% SMALL-ARMS | +5% HEAVY-ARMS | +10% MELEE^reset;	카이저 기술병은 유탄발사기, 마법 무기, 심지어 총검 같은 각종 실험용 무기를 갖추고 있다. 기사단이 새로운 기술 발전에 뒤처지지 않고 제1차 대륙 전쟁 때처럼 열세에 처하지 않으려는 조치다.\n^#698f78;유탄병 - 5초간 웅크리면 유탄 10발이 든 L39 유탄 소총 호출. 이 소총은 이 갑옷으로만 사용 가능하고 탄약도 여기서만 얻을 수 있다. | 재사용 대기 240초\n방어력: +15% 소화기 | +5% 중화기 | +10% 근접^reset;	
/items/ARMORS/LION/KaiserTech/gico_kaisertech.chest	shortdescription	LB Kaiser Tech Chestplate	LB 카이저 기술병 흉갑	
/items/ARMORS/LION/KaiserTech/gico_kaisertech.head	description	Technicians are considered to be above a Knight when it comes to the Kaiser's Knight military hiearchy. Since being a technician requires having vast knowledge on military equipment and keeping up the rapid adoption of new military tactics, a technician cannot just be good at fighting. They must also be good at ensuring that the Kaiser's Knights will have a place in the future.
^#698f78;Grenade Surplus [HELMET] - If wearing a LB Kaiser Tech Chestplate, gain an additional 10 grenades when calling in a L39 grenade rifle.
DEF: +15% SMALL-ARMS | +10% SLASH & BLUNT^reset;	카이저 기사단의 군사 위계에서 기술병은 기사보다 위로 여겨진다. 기술병이 되려면 군사 장비에 대한 해박한 지식과 빠르게 채택되는 새 군사 전술을 따라잡아야 하므로, 싸움만 잘해선 안 된다. 카이저 기사단이 미래에도 자리를 지킬 수 있게 하는 데도 능해야 한다.\n^#698f78;유탄 여유분 [헬멧] - LB 카이저 기술병 흉갑 착용 시, L39 유탄 소총 호출 시 유탄 10발 추가.\n방어력: +15% 소화기 | +10% 참격 & 타격^reset;	
/items/ARMORS/LION/KaiserTech/gico_kaisertech.head	shortdescription	LB Kaiser Tech Helmet	LB 카이저 기술병 헬멧	
/items/ARMORS/LION/KaiserTech/gico_kaisertech.legs	description	To makeup for their lack of technological advancement in the past, the Kaiser Knights created a new position among their order known as a Kaiser Technician. These knights would change their fighting style often and try out new technologies before proposing their integration into the Kaiser Knights.
  
^#698f78;Grenade Surplus [LEGS] - If wearing a LB Kaiser Tech Chestplate, gain an additional 10 grenades when calling in a L39 grenade rifle.
DEF: +15% SMALL-ARMS | +20% BLEED^reset;	과거의 기술적 열세를 만회하기 위해, 카이저 기사단은 기사단 안에 카이저 기술병이라는 새 직위를 만들었다. 이 기사들은 자주 전투 방식을 바꾸고 신기술을 시험한 뒤 기사단 도입을 제안한다.\n  \n^#698f78;유탄 여유분 [다리] - LB 카이저 기술병 흉갑 착용 시, L39 유탄 소총 호출 시 유탄 10발 추가.\n방어력: +15% 소화기 | +20% 출혈^reset;	
/items/ARMORS/LION/KaiserTech/gico_kaisertech.legs	shortdescription	LB Kaiser Tech Leggings	LB 카이저 기술병 하의	
/items/ARMORS/LION/KaiserTrooper/gico_kaisertrooper.chest	description	Like the Knights, Stormtroopers are given the same enhanced fortified armor they use allowing them to brush off machine gun fire and maintain their pace as a normal infantry man. This inadvertedly makes them one of the strongest ranged combatants on the field despite the Knights still heavily favoring melee combat.
^#698f78;Eye for An Eye: Upon taking more than 25 damage, gain +50% General Weapon Proficiency for 3s.
DEF: +25% SMALL-ARMS | +10% HEAVY-ARMS | +20% SLASH & THRUST^reset;	기사들과 마찬가지로 척탄병들도 강화 요새 갑옷을 지급받아 기관총 사격을 흘려보내고 일반 보병처럼 속도를 유지할 수 있다. 기사단이 여전히 근접 전투를 선호함에도, 이는 그들을 전장에서 가장 강한 원거리 전투원 중 하나로 만든다.\n^#698f78;눈에는 눈: 25 이상의 피해를 입으면 3초간 일반 무기 숙련 +50%.\n방어력: +25% 소화기 | +10% 중화기 | +20% 참격 & 찌르기^reset;	
/items/ARMORS/LION/KaiserTrooper/gico_kaisertrooper.chest	shortdescription	LB Kaiser Troop Chestplate	LB 카이저 척탄병 흉갑	
/items/ARMORS/LION/KaiserTrooper/gico_kaisertrooper.head	description	A helmet variant of the Kaiser Knight that has been given extensive training in firearms, reconaissance, raiding, and shock tactics known as Stormtroopers. A result of the rapid retraining program that the Kaiser Knights began to make themselves relevant again in the Second Continental War.
^#698f78;Stormtrooper Ambush: When firing a [EWS] Weapon, gain +100% Weapon Proficiency for 1s. Cooldown resets if you take damage or fire your weapon. | 30s Cooldown.
DEF: +15% SMALL-ARMS | +10% HEAVY-ARMS & EXPLOSIVE^reset;	화기, 정찰, 기습, 충격 전술이라는 집중 훈련을 받은 척탄병으로 알려진 카이저 기사 헬멧의 변형. 제2차 대륙 전쟁에서 존재감을 되찾으려는 카이저 기사단의 속성 재훈련 프로그램의 산물이다.\n^#698f78;척탄병 기습: [EWS] 무기 사격 시 1초간 무기 숙련 +100%. 피해를 입거나 무기를 발사하면 재사용 대기가 초기화된다. | 재사용 대기 30초.\n방어력: +15% 소화기 | +10% 중화기 & 폭발^reset;	
/items/ARMORS/LION/KaiserTrooper/gico_kaisertrooper.head	shortdescription	LB Kaiser Troop Helmet	LB 카이저 척탄병 헬멧	
/items/ARMORS/LION/KitsuneSoldier/gico_lion_kitsuneburner.chest	description	Contrary to what you hear, flamethrowers were not actually likely to explode immediately if shot. Such records of it occurring can be summarized as operator error or being ignited by an outside force such as burning debris.
^#698f78;Flame Circle - Spawns a magic sentry above the character that fires flaming magic bullets at targets. | 60s Cooldown.
Immune to IGNITION.
Lion Volunteer [CHEST]: +5% Woodlands Weapon Proficiency.
DEF: +25% SMALL-ARMS | +40% THERMAL | +30% SLASH^reset;	들리는 말과 달리, 화염방사기는 총을 맞아도 바로 폭발하진 않는다. 폭발 기록들은 조작 실수나 불타는 파편 같은 외부 화원에 점화된 사례로 요약된다.\n^#698f78;화염진 - 캐릭터 위에 화염 마법탄을 발사하는 마법 포탑 소환. | 재사용 대기 60초.\n점화 면역.\n라이온 자원병 [가슴]: 우드랜즈 무기 숙련 +5%.\n방어력: +25% 소화기 | +40% 열 | +30% 참격^reset;	
/items/ARMORS/LION/KitsuneSoldier/gico_lion_kitsuneburner.chest	shortdescription	LB Kitsune Fatigues	LB 키츠네 군복	
/items/ARMORS/LION/KitsuneSoldier/gico_lion_kitsuneburner.head	description	Despite kitsunes being immune to fire, the smoke that fire creates can still blind them and stain their fur in a ugly black color that most kitsunes despise. Add on the threat of incoming shrapnel and bullets, and it makes sense why the kitsune have their own mask to cover their faces.
  
^#698f78;Immune to IGNITION.
Lion Volunteer [HEAD]: +5% Woodlands Weapon Proficiency.
DEF: +5% SMALL-ARMS | +20% THERMAL^reset;	키츠네가 화염에 면역이라 해도, 불이 만드는 연기는 여전히 눈을 멀게 하고 털을 키츠네들이 혐오하는 새까만 색으로 더럽힌다. 날아오는 파편과 총알 위협까지 더하면, 키츠네가 얼굴을 가릴 전용 가면을 가진 것도 당연하다.\n  \n^#698f78;점화 면역.\n라이온 자원병 [머리]: 우드랜즈 무기 숙련 +5%.\n방어력: +5% 소화기 | +20% 열^reset;	
/items/ARMORS/LION/KitsuneSoldier/gico_lion_kitsuneburner.head	shortdescription	LB Kitsune Burner Mask	LB 키츠네 화염병 가면	
/items/ARMORS/LION/MouseSoldier/gico_lion_mouseraider.chest	description	Youkai raids became a common occurrence within the trenches as the war dragged on. The Lion quickly made their own trench raiding parties in retaliation, hiring youkai volunteers to make up it as they were the only ones that had a fair chance of winning a close quarter fight against other youkai without using a gun.
^#698f78;Ruthless Execution: If enemies are killed within approximately 10 blocks, inflict nearby enemies with FEAR which slows their firerate and movement speed for 5s.
DEF: +25% SMALL-ARMS | +10% HEAVY-ARMS | +20% SLASH & BLUNT^reset;	전쟁이 길어지며 참호 안 요괴 습격이 흔해지자, 라이온은 보복으로 자체 참호 습격대를 만들고 요괴 자원병을 기용했다. 총기 없이 다른 요괴와 근접 전투에서 공정한 승산을 가진 건 그들뿐이었으니까.\n^#698f78;무자비한 처형: 약 10블록 내에서 적을 죽이면 주변 적들에게 5초간 사격 속도와 이동 속도를 늦추는 공포를 건다.\n방어력: +25% 소화기 | +10% 중화기 | +20% 참격 & 타격^reset;	
/items/ARMORS/LION/MouseSoldier/gico_lion_mouseraider.chest	shortdescription	LB Mouse Armor	LB 쥐 갑옷	
/items/ARMORS/LION/MouseSoldier/gico_lion_mouseraider.head	description	''There is no such thing as a clean raid. Youkai in general are a lot tougher than a human meaning they can take a lot more punishment. Even if you manage to turn their face into pure red mush, they might still be alive enough to skewer you the moment you turn around which is why you have to keep hitting them until you practically can't recognize the shape of them anymore.''
^#698f78;Ruthless Momentum: If wearing a LB Mouse Armor, gain +25% Movement Speed when Ruthless Execution activates.
DEF: +12.5% SMALL-ARMS & THRUST | +15% SLASH^reset;	''깨끗한 습격 같은 건 없어. 요괴는 대체로 인간보다 훨씬 강인해서 훨씬 많이 맞아도 버텨. 얼굴을 완전히 붉은 걸쭉한 덩어리로 만들어 놔도, 네가 돌아서는 순간 찔러 올 만큼 살아 있을 수 있거든. 그래서 형체를 알아볼 수 없을 때까지 계속 때려야 하는 거야.''\n^#698f78;무자비한 기세: LB 쥐 갑옷 착용 시, 무자비한 처형 발동 시 이동 속도 +25%.\n방어력: +12.5% 소화기 & 찌르기 | +15% 참격^reset;	
/items/ARMORS/LION/MouseSoldier/gico_lion_mouseraider.head	shortdescription	LB Mouse Raider Mask	LB 쥐 습격병 가면	
/items/ARMORS/LION/OniSoldier/gico_lion_onishock.chest	description	Lion shock troops were originally an retired military class that was used in a earlier war from the Lion's homeland. They were only phased out back then cause of the immense weight of the armor. An oni however being much stronger does not have such issues and can sprint at the enemy without any slowdown.
^red;Oni Temper: General Weapon Proficiency is reduced by X% up to 50%. X is the percent of current missing HP.
^#698f78;Oni Determination: +200 HP | +50 ABILITY MANA
DEF: +30% SMALL-ARMS & SLASH & THRUST | +20% HEAVY-ARMS^reset;	라이온 돌격대는 원래 라이온의 고향에서 이전 전쟁에 쓰인 퇴역 병종이었다. 갑옷의 엄청난 무게 때문에 그때 도태됐지만, 훨씬 강한 오니는 그런 문제 없이 전혀 지체되지 않고 적을 향해 달릴 수 있다.\n^red;오니의 성미: 일반 무기 숙련이 최대 50%까지 X%만큼 감소. X는 현재 잃은 HP 비율.\n^#698f78;오니의 결의: +200HP | +50 능력 마나\n방어력: +30% 소화기 & 참격 & 찌르기 | +20% 중화기^reset;	
/items/ARMORS/LION/OniSoldier/gico_lion_onishock.chest	shortdescription	LB Oni Shock Armor	LB 오니 돌격 갑옷	
/items/ARMORS/LION/OniSoldier/gico_lion_onishock.head	description	The integration of youkai soldiers in the army has resulted in a revival of many older military units that were originally discarded due to how warfare evolved. One such unit is the first generation of shock troops that were akin to knights in armor rather than what current day shock troops look like.
  
^#698f78;Juggernaut: If wearing a LB Oni Shock Armor, gain +50 HP.
Lion Volunteer [CHEST]: +5% Woodlands Weapon Proficiency.
DEF: +20% SMALL-ARMS | +10% SLASH & THRUST & HEAVY-ARMS^reset;	요괴 병사의 군대 편입은 전쟁 양상 변화로 폐기됐던 여러 구식 병종의 부활을 가져왔다. 그 중 하나가 지금의 돌격대와 달리 갑옷 입은 기사에 가까웠던 1세대 돌격대다.\n  \n^#698f78;저거너트: LB 오니 돌격 갑옷 착용 시 +50HP.\n라이온 자원병 [가슴]: 우드랜즈 무기 숙련 +5%.\n방어력: +20% 소화기 | +10% 참격 & 찌르기 & 중화기^reset;	
/items/ARMORS/LION/OniSoldier/gico_lion_onishock.head	shortdescription	LB Oni Shock Faceplate	LB 오니 돌격 안면갑	
/items/ARMORS/LION/OniSoldier/gico_lion_onishock.legs	description	Most youkai volunteers use older equipment since the Lion does not have the logistics necessary yet to produce their more modern weapons. Even with the help of the native populace fueling the war effort, heavy equipment and armor is still far away from ever being manufactured locally.
  
^#698f78;Juggernaut: If wearing a LB Oni Shock Armor, gain +50 HP.
Lion Volunteer [LEGS]: +5% Woodlands Weapon Proficiency.
DEF: +20% SMALL-ARMS & BLUNT | +10% HEAVY-ARMS^reset;	대부분의 요괴 자원병은 구형 장비를 쓴다. 라이온이 최신 무기를 생산할 병참이 아직 없기 때문이다. 원주민들이 전쟁 수행을 돕고 있지만, 중장비와 갑옷의 현지 생산은 아직도 요원하다.\n  \n^#698f78;저거너트: LB 오니 돌격 갑옷 착용 시 +50HP.\n라이온 자원병 [다리]: 우드랜즈 무기 숙련 +5%.\n방어력: +20% 소화기 & 타격 | +10% 중화기^reset;	
/items/ARMORS/LION/OniSoldier/gico_lion_onishock.legs	shortdescription	LB Oni Shock Leggings	LB 오니 돌격 하의	
/items/ARMORS/LION/SignalOfficer/gico_lion_signalofficer.chest	description	''What difference is there to a youkai and a human besides supernatural abilities at this point? A wolf tengu can easily masquerade as a human if they can hide their tail and ears. A fairy can easily act as a naive little human girl.''
^#698f78;Officer Training [CHEST]: +15% Woodlands Weapon Proficiency.
Artillery Support [CHEST] - Reloading your weapon, marks enemies within approximately 100 blocks. Hitting or killing marked enemies calls in a mortar strike on the target's position. The strike works indoors. | 50s Cooldown. | +10% DODGE Chance.^reset;	''초자연적 능력 말고 이 시점에 요괴와 인간의 차이가 뭐가 있어? 늑대 텐구는 꼬리랑 귀만 가리면 쉽게 인간인 척할 수 있어. 요정은 순진한 인간 소녀처럼 행동할 수 있고.''\n^#698f78;장교 훈련 [가슴]: 우드랜즈 무기 숙련 +15%.\n포병 지원 [가슴] - 무기 재장전 시 약 100블록 내 적을 표식. 표식된 적을 타격하거나 처치하면 대상 위치에 박격포 타격 호출. 실내에서도 작동. | 재사용 대기 50초. | 회피 +10%.^reset;	
/items/ARMORS/LION/SignalOfficer/gico_lion_signalofficer.chest	shortdescription	LB Signal Officer Dress	LB 통신 장교복	
/items/ARMORS/LION/SignalOfficer/gico_lion_signalofficer.head	description	''I do not know much about her teachings. I only heard it from offhand by other youkai who came through the village and never met her or any of her group. But they really did believe that it would be possible for humans and youkai to co-exist peacefully. I dismissed the idea like everyone else. That is, until the other humans with their guns and war machines arrived here.''
^#698f78;Officer Training [HEAD]: +15% Woodlands Weapon Proficiency.
Artillery Support [HEAD] - If wearing a LB Signal Officer Dress, reduce the barrage cooldown time by 10s. +10% DODGE Chance.^reset;	''그녀의 가르침은 잘 몰라. 마을을 지나던 다른 요괴들한테서 슬쩍 들었을 뿐이고, 그녀나 그녀의 무리를 만난 적도 없어. 그래도 인간과 요괴가 평화롭게 공존할 수 있다고 정말 믿었던 모양이야. 나도 다른 이들처럼 그 생각을 일축했어. 다른 인간들이 총과 전쟁 기계를 들고 여기 도착하기 전까지는.''\n^#698f78;장교 훈련 [머리]: 우드랜즈 무기 숙련 +15%.\n포병 지원 [머리] - LB 통신 장교복 착용 시, 포격 재사용 대기를 10초 감소. 회피 +10%.^reset;	
/items/ARMORS/LION/SignalOfficer/gico_lion_signalofficer.head	shortdescription	LB Signal Officer Hat	LB 통신 장교 모자	
/items/ARMORS/LION/SignalOfficer/gico_lion_signalofficer.legs	description	''If you want to be free, you have to be willing to fight for it. The humans did and lost. Us 'lesser' youkai did and lost. It's been the natural order of things on this planet for as long as I can remember. If the humans do win this war, I wonder if it'll be the same thing as before only with humans running the show or if something else is going to happen.''
^#698f78;Officer Training [LEGS]: +15% Woodlands Weapon Proficiency.
Artillery Support [LEGS] - If wearing a LB Signal Officer Dress, reduce the barrage cooldown time by 10s. +10% DODGE Chance.^reset;	''자유를 원하면 싸울 각오를 해야 해. 인간들이 그랬다가 졌어. 우리 '하등' 요괴들도 그랬다가 졌고. 내가 기억하는 한 이 행성에서는 그게 자연의 이치였어. 인간이 이 전쟁에서 이기면, 인간이 판을 짜던 예전과 똑같아질지 아니면 뭔가 다른 일이 벌어질지 궁금해.''\n^#698f78;장교 훈련 [다리]: 우드랜즈 무기 숙련 +15%.\n포병 지원 [다리] - LB 통신 장교복 착용 시, 포격 재사용 대기를 10초 감소. 회피 +10%.^reset;	
/items/ARMORS/LION/SignalOfficer/gico_lion_signalofficer.legs	shortdescription	LB Signal Officer Skirt	LB 통신 장교 치마	
/items/ARMORS/LION/Soldier1/gico_lion_grunt.back	description	When it became certain that they were not on their planet anymore, rationing immediately became a main priority as every bullet, gun, and tool used or broken in the place would not be replaced until they find an alternative source to help them. The Lion Battalion made their way through village after village gathering intelligence regarding the land they now had to survive in.
  
^#698f78;+25HP.^reset;	자기 행성이 아님이 확실해지자, 쓰이거나 부서진 모든 총알·총·공구는 대체 공급원을 찾기 전까지 보충되지 않으므로 배급이 즉시 최우선이 됐다. 라이온 대대는 마을을 돌아다니며 이제 살아남아야 할 땅에 대한 정보를 모았다.\n  \n^#698f78;+25HP.^reset;	
/items/ARMORS/LION/Soldier1/gico_lion_grunt.back	shortdescription	LB Rucksack	LB 배낭	
/items/ARMORS/LION/Soldier1/gico_lion_grunt.chest	description	''We ate the horse remember? Stop complaining.''
In this land, no one knew what a rifle was. After the Lion and the Crown Federation arrived though, that quickly changed and the youkai populace who thought themselves above humanity were shown how wrong they were in front of a barrel.
^#698f78;Lion Training [CHEST]: +15% Woodlands Weapon Proficiency.
Battlefield Sprinter: +10% Movement Speed and DODGE Chance. Lose this bonus for 3s on taking more than 25 damage.
+10% DODGE Chance.^reset;	''말 다 했지, 우리가 그 말을 먹었던 거 기억 안 나? 그만 투덜대.''\n이 땅에는 소총이 뭔지 아는 이가 없었다. 그러나 라이온과 크라운 연방이 도착하자 상황은 급변했고, 인류보다 우월하다고 자부하던 요괴들은 총구 앞에서 자신들이 얼마나 틀렸는지 깨달았다.\n^#698f78;라이온 훈련 [가슴]: 우드랜즈 무기 숙련 +15%.\n전장 질주자: 이동 속도와 회피 +10%. 25 이상 피격 시 3초간 보너스 상실.\n+10% 회피.^reset;	
/items/ARMORS/LION/Soldier1/gico_lion_grunt.chest	shortdescription	LB Grunt Fatigues	LB 졸병 군복	
/items/ARMORS/LION/Soldier1/gico_lion_grunt.head	description	The natives believed that the newly arrived humans and their rebellion would quickly be crushed by wild youkai if not by the tengu. After the Battle of Satushio Village however, both the native human and youkai could only stay silent after having seen the wolf tengu stationed were all shot dead in minutes.
^#698f78;Battlefield Conditioning [HEAD]: If wearing a LB Grunt Fatigues, gain +5% Movement Speed and +15% DODGE Chance applied to Battlefield Sprinter when active.
DEF: +10% SMALL-ARMS | +5% MELEE^reset;	원주민들은 새로 온 인간들과 그들의 반란이 야생 요괴에게, 아니면 텐구에게 금방 진압될 거라 믿었다. 그러나 사투시오 마을 전투 이후, 원주민 인간과 요괴 모두 주둔한 늑대 텐구들이 몇 분 만에 전부 사살되는 걸 보고 침묵할 수밖에 없었다.\n^#698f78;전장 조련 [머리]: LB 졸병 군복 착용 시, 활성화된 전장 질주자에 이동 속도 +5%와 회피 +15% 적용.\n방어력: +10% 소화기 | +5% 근접^reset;	
/items/ARMORS/LION/Soldier1/gico_lion_grunt.head	shortdescription	LB Grunt Pickelhelm	LB 졸병 피켈헬름	
/items/ARMORS/LION/Soldier1/gico_lion_grunt.legs	description	''If you're not with us, then you're a traitor! Kill them all!''
Villages that refused to cooperate were at first left alone. As the war raged on and supplies dwindled, desperation began to set in among the soldiers and it was inevitable that they would start raiding the villages that refused their presence.
^#698f78;Battlefield Conditioning [LEGS]: If wearing a LB Grunt Fatigues, gain +5% Movement Speed and +15% DODGE Chance applied to Battlefield Sprinter when active.
+5% Movement Speed. | DEF: +15% BLEED & THERMAL^reset;	''우리 편이 아니면 배신자야! 다 죽여!''\n협력을 거부한 마을들은 처음엔 내버려졌다. 전쟁이 격화되고 보급이 줄어들자 병사들 사이에 절박함이 깃들었고, 그들을 거부한 마을을 약탈하기 시작한 건 필연이었다.\n^#698f78;전장 조련 [다리]: LB 졸병 군복 착용 시, 활성화된 전장 질주자에 이동 속도 +5%와 회피 +15% 적용.\n+5% 이동 속도. | 방어력: +15% 출혈 & 열^reset;	
/items/ARMORS/LION/Soldier1/gico_lion_grunt.legs	shortdescription	LB Grunt Leggings	LB 졸병 하의	
/items/ARMORS/LION/Soldier2/gico_lion_grenadier.chest	description	''I know we've just been promoted, but does that include a pay raise?''
Using the same military doctrine from their homeland, the Lion Battalion mechanized infantry conduct operations closely with their armored forces. Grenadiers are one of the core units among any Lion Battalion Division.
^#698f78;Mechanized Assault [CHEST]: Summons one LION BATTALION ASSAULT when using a ^reset;^orange;DEPLOYMENT ORDER^reset;^#698f78; | 60s Cooldown.
DEF: +15% SMALL-ARMS | +10% SLASH & THRUST | +30% BLEED^reset;	''우리 이제 막 진급했잖아, 그럼 월급도 오르는 거야?''\n고향의 같은 군사 교리를 따라, 라이온 대대 기계화 보병은 기갑부대와 긴밀히 협력해 작전을 수행한다. 유탄병은 모든 라이온 대대 사단의 핵심 부대 중 하나다.\n^#698f78;기계화 강습 [가슴]: ^reset;^orange;배치 명령^reset;^#698f78; 사용 시 라이온 대대 강습병 1명 소환 | 재사용 대기 60초.\n방어력: +15% 소화기 | +10% 참격 & 찌르기 | +30% 출혈^reset;	
/items/ARMORS/LION/Soldier2/gico_lion_grenadier.chest	shortdescription	LB Grenadier Fatigues	LB 유탄병 군복	
/items/ARMORS/LION/Soldier2/gico_lion_grenadier.head	description	''Hans! Get your ass moving!''
Before arriving in this land, the Lion Empire was at war with the Crown Federation. Knowing that the Federation vastly overpowered the Lion's industrial capabilties, the Lion developed a new strategy called 'lightning warfare' which focused on achieving early victories.
^#698f78;Mechanized Assault [HEAD]: Summons one LION BATTALION ASSAULT when using a ^reset;^orange;DEPLOYMENT ORDER^reset;^#698f78; | 60s Cooldown.
DEF: +10% SMALL-ARMS & SLASH | +5% THRUST^reset;	''한스! 움직여!''\n이 땅에 오기 전, 라이온 제국은 크라운 연방과 전쟁 중이었다. 연방이 자국의 산업력을 압도한다는 걸 안 라이온은 초기 승리를 노리는 '전격전'이라는 새 전략을 개발했다.\n^#698f78;기계화 강습 [머리]: ^reset;^orange;배치 명령^reset;^#698f78; 사용 시 라이온 대대 강습병 1명 소환 | 재사용 대기 60초.\n방어력: +10% 소화기 & 참격 | +5% 찌르기^reset;	
/items/ARMORS/LION/Soldier2/gico_lion_grenadier.head	shortdescription	LB Grenadier Pickelhelm	LB 유탄병 피켈헬름	
/items/ARMORS/LION/Soldier2/gico_lion_grenadier.legs	description	''We gave them a chance to surrender! We did right? Right?''
  
Standard Lion Battalion legwear distributed to all soldiers and staff. Intended to be worn during spring and summertime where the weather is pleasant and temperature is often warm.
^#698f78;Reinforcements: If wearing the [CHEST] and [HEAD] of a LB Grenadier or LB Officer, summon 1 LION BATTALION ASSAULT | LION BATTALION GRENADIER when using a ^reset;^orange;DEPLOYMENT ORDER^reset;^#698f78; | 60s Cooldown. +7.5% DODGE Chance | DEF: +15% BLEED & THERMAL^reset;	''항복할 기회를 줬잖아! 줬다고? 그렇지?''\n  \n모든 병사와 인원에게 지급되는 표준 라이온 대대 하의. 날씨가 좋고 온난한 봄과 여름철에 입도록 되어 있다.\n^#698f78;증원: LB 유탄병이나 LB 장교의 [가슴]과 [머리] 착용 시, ^reset;^orange;배치 명령^reset;^#698f78; 사용 시 라이온 대대 강습병 | 라이온 대대 유탄병 1명 소환 | 재사용 대기 60초. +7.5% 회피 | 방어력: +15% 출혈 & 열^reset;	
/items/ARMORS/LION/Soldier2/gico_lion_grenadier.legs	shortdescription	LB Grenadier Leggings	LB 유탄병 하의	
/items/ARMORS/LION/Soldier2/gico_lion_grenadier_ai.chest	shortdescription	LB Grenadier Fatigues	LB 유탄병 군복	
/items/ARMORS/LION/Soldier2/gico_lion_grenadier_ai.head	shortdescription	LB Grenadier Pickelhelm	LB 유탄병 피켈헬름	
/items/ARMORS/LION/Soldier3/gico_lion_paratrooper.chest	description	''Roses are red, violets are blue. I'm stuck on this hellish planet. AND SO ARE FUCKING YOU!''
Elite paratrooper units were converted into standard combat unit once it became evident that flying youkai could easily destroy their parachutes and cause them to fall to their death.
^#698f78;Lion Training [CHEST]: +10% Woodlands Weapon Proficiency.
Elite Tactics [CHEST]: +30% DODGE Chance. DODGE CHANCE is reduced to 0 for 3s on taking any damage.
DEF: +20% SMALL-ARMS & SLASH | +15% THRUST^reset;	''장미는 붉고, 제비꽃은 푸르지. 난 이 빌어먹을 행성에 갇혔어. 너도 빌어먹게 똑같이!''\n정예 낙하산병 부대는, 날 수 있는 요괴가 쉽게 낙하산을 파괴해 추락사시킬 수 있음이 분명해지자 표준 전투 부대로 전환됐다.\n^#698f78;라이온 훈련 [가슴]: 우드랜즈 무기 숙련 +10%.\n정예 전술 [가슴]: 회피 +30%. 피격 시 3초간 회피 0으로 감소.\n방어력: +20% 소화기 & 참격 | +15% 찌르기^reset;	
/items/ARMORS/LION/Soldier3/gico_lion_paratrooper.chest	shortdescription	LB Paratrooper Fatigues	LB 낙하산병 군복	
/items/ARMORS/LION/Soldier3/gico_lion_paratrooper.head	description	''The Kaiser already lost one war. He doesn't want to lose another. Either the Lion comes home victorious or not at all.''
The early phase of the second war saw great use of paratrooper divisions to cut off supply lines and distract enemy army groups while the rest of the Lion's Army made rapid advances.
^#698f78;Elite Tactics [HEAD]: If wearing a LB Paratrooper Fatigues, increase the Elite Tactics DODGE Chance by +20%.
^#799E4B;Prevents certain [GIC] environmental hazards.^reset;
^#698f78;DEF: +15% SMALL-ARMS | +10% SLASH & THRUST^reset;	''카이저는 이미 전쟁 하나를 졌어. 또 지길 원치 않아. 라이온은 승리해서 돌아가든가, 아니면 아예 못 가든가 둘 중 하나야.''\n제2차 대륙 전쟁 초반에는 낙하산병 사단을 크게 활용해 보급선을 끊고, 라이온군 본대가 빠르게 진격하는 동안 적군의 주의를 돌렸다.\n^#698f78;정예 전술 [머리]: LB 낙하산병 군복 착용 시, 정예 전술의 회피를 +20% 증가.\n^#799E4B;특정 [GIC] 환경 위험 방지.^reset;\n^#698f78;방어력: +15% 소화기 | +10% 참격 & 찌르기^reset;	
/items/ARMORS/LION/Soldier3/gico_lion_paratrooper.head	shortdescription	LB Paratrooper Pickelhelm	LB 낙하산병 피켈헬름	
/items/ARMORS/LION/Soldier3/gico_lion_paratrooper.legs	description	Specialized pants that has been reinforced with more durable material and more pockets to carry things compared to its infantry counterpart. Only given to specialized or elites units of the Lion Battalion where the extra protection and utility can be more useful than if given to the standard infantry man. Slightly heavier than your normal pants which lowers mobility.
^#698f78;Elite Tactics [LEGS]: If wearing a LB Paratrooper Fatigues, reduce the DODGE Chance reduction penalty time to 1s instead of 3s.
DEF: +10% SMALL-ARMS & SLASH | +5% THRUST^reset;	보병용 대비 내구성 높은 재료로 보강되고 물건 수납용 주머니가 더 많은 전문화된 바지. 여분의 보호력과 활용성이 일반 보병에게 주는 것보다 유용한 라이온 대대의 전문·정예 부대에만 지급된다. 일반 바지보다 약간 무거워 기동성이 낮아진다.\n^#698f78;정예 전술 [다리]: LB 낙하산병 군복 착용 시, 회피 감소 페널티 시간을 3초가 아닌 1초로 감소.\n방어력: +10% 소화기 & 참격 | +5% 찌르기^reset;	
/items/ARMORS/LION/Soldier3/gico_lion_paratrooper.legs	shortdescription	LB Paratrooper Leggings	LB 낙하산병 하의	
/items/ARMORS/LION/Soldier4/gico_lion_gunner.chest	description	''Surrounded? Good. That means we can't miss!''
A Lion Battalion fatigue that carries multiple machine gun belts around them. The soldiers that wear these uniforms often are equipped with heavy weaponry to support their squads.
^#698f78;Support Weapon Operator [CHEST]: 20% General Weapon Proficiency and Movement Speed while operating under the^reset; ^red;HEAVY WEIGHT WEAPON PENALTY.^reset; ^#698f78;If the penalty has been negated, gain no Movement Speed and only half of the proficiency. 
DEF: +15% SMALL-ARMS | +10% SLASH & THRUST | +30% BLEED^reset;	''포위됐다고? 좋아. 그럼 빗나갈 일도 없겠네!''\n기관총탄띠 여러 개를 두르는 라이온 대대 군복. 이 제복을 입는 병사들은 분대를 지원할 중화기로 무장한 경우가 많다.\n^#698f78;지원화기 조작원 [가슴]: ^reset;^red;중량 무기 페널티^reset;^#698f78;를 받으며 운용 중일 때 일반 무기 숙련과 이동 속도 +20%. 페널티가 무효화되면 이동 속도는 없고 숙련은 절반만 적용. \n방어력: +15% 소화기 | +10% 참격 & 찌르기 | +30% 출혈^reset;	
/items/ARMORS/LION/Soldier4/gico_lion_gunner.chest	shortdescription	LB Support Fatigues	LB 지원병 군복	
/items/ARMORS/LION/Soldier4/gico_lion_gunner.head	description	''If the gunner is dead, you take his place and keep shooting!''
Despite not required, most support weapons only need one to two man to operate them rather than the four or five the Lion Battalions assigns in their squads.
^#698f78;Support Weapon Operator [HEAD]: 20% General Weapon Proficiency and Movement Speed while operating under the^reset; ^red;HEAVY WEIGHT WEAPON PENALTY.^reset; ^#698f78;If the penalty has been negated, gain no Movement Speed and only half of the proficiency. 
DEF: +10% SMALL-ARMS & THRUST | +5% SLASH^reset;	''총기병이 죽으면 네가 대신 들어가서 계속 쏴!''\n필수는 아니지만, 라이온 대대가 분대에 배치하는 네다섯 명 대신 한두 명만 있어도 대부분의 지원 화기는 운용할 수 있다.\n^#698f78;지원화기 조작원 [머리]: ^reset;^red;중량 무기 페널티^reset;^#698f78;를 받으며 운용 중일 때 일반 무기 숙련과 이동 속도 +20%. 페널티가 무효화되면 이동 속도는 없고 숙련은 절반만 적용. \n방어력: +10% 소화기 & 찌르기 | +5% 참격^reset;	
/items/ARMORS/LION/Soldier4/gico_lion_gunner.head	shortdescription	LB Support Pickelhelm	LB 지원병 피켈헬름	
/items/ARMORS/LION/Soldier5/gico_lion_officer.chest	description	As the push toward the mountains stalled and the youkai started using common military tactics against the human armies, morale began plummeting and logistics started becoming a massive hurdle among both armies. Officers along with their personal squads would take to the front and try to keep the frontline intact despite resource shortages and constant attacks.
^#698f78;Personal Guards [CHEST]: Summons one LION BATTALION GRENADIER when using a ^reset;^orange;DEPLOYMENT ORDER^reset;^#698f78; | 30s Cooldown.
+20% DODGE Chance. DEF: +20% BLEED^reset;	산을 향한 진격이 교착되고 요괴가 일반적인 군사 전술을 인간 군대에 쓰기 시작하자, 사기는 곤두박질치고 병참은 양군 모두에게 커다란 난제가 됐다. 장교들은 친위 분대와 함께 최전선으로 나서, 보급 부족과 끊임없는 공격 속에서도 전선을 지키려 했다.\n^#698f78;직속 경비병 [가슴]: ^reset;^orange;배치 명령^reset;^#698f78; 사용 시 라이온 대대 유탄병 1명 소환 | 재사용 대기 30초.\n+20% 회피. 방어력: +20% 출혈^reset;	
/items/ARMORS/LION/Soldier5/gico_lion_officer.chest	shortdescription	LB Officer Fatigues	LB 장교 군복	
/items/ARMORS/LION/Soldier5/gico_lion_officer.head	description	Officers of the battalion are often found in the front maintaining morale and issuing new orders. As the war dragged on and morale began plummetting, officers had to do their best to inspire soldiers and keep them focused as the tengu inflicted massive casualties using new tactics that they learned over the war.
^#698f78;Personal Guards [HEAD]: Summons one LION BATTALION GRENADIER when using a ^reset;^orange;DEPLOYMENT ORDER^reset;^#698f78; | 60s Cooldown.
Inspiring Presence: Nearby INFANTRY SUMMONS gain +25% General Weapon Proficiency. +12.5% DODGE Chance.^reset;	대대의 장교들은 사기를 유지하고 새 명령을 전달하며 자주 최전선에서 발견된다. 전쟁이 길어지고 사기가 곤두박질치자, 텐구가 전쟁 중 익힌 새 전술로 입히는 막대한 사상자 속에서도 장교들은 병사들을 격려하고 집중시키려 최선을 다했다.\n^#698f78;직속 경비병 [머리]: ^reset;^orange;배치 명령^reset;^#698f78; 사용 시 라이온 대대 유탄병 1명 소환 | 재사용 대기 60초.\n고무적 존재감: 주변 보병 소환물이 일반 무기 숙련 +25%. +12.5% 회피.^reset;	
/items/ARMORS/LION/Soldier5/gico_lion_officer.head	shortdescription	LB Officer Cap	LB 장교 모자	
/items/ARMORS/NATIVE/DustBunny1/gico_dustbunny.back	description	''You can raise them as if everything is normal, but there will always be some folks who sees through the lies you give them.''
When it comes to technological levels, the rabbit youkai are the most advanced. While majority of the youkai including the tengu remain 'archaic' in their advancement of science, the rabbit youkai are anything but that. It is only because of lack of material as well as distrust toward the other youkai that they cannot overpower the human armies.
^#a59477;+25HP.^reset;	''다들 정상인 척 키울 수는 있어. 하지만 네가 지어낸 거짓말을 꿰뚫어 보는 놈들은 언제나 있게 마련이야.''\n기술 수준으로 보면 토끼 요괴가 가장 앞서 있다. 텐구를 포함한 대부분의 요괴가 과학 발전에서 '구식'인 반면, 토끼 요괴는 전혀 그렇지 않다. 자재 부족과 다른 요괴에 대한 불신만 아니라면 인간 군대를 능가할 수도 있었다.\n^#a59477;+25HP.^reset;	
/items/ARMORS/NATIVE/DustBunny1/gico_dustbunny.back	shortdescription	Dust Bunny Sack	먼지토끼 자루	
/items/ARMORS/NATIVE/DustBunny1/gico_dustbunny.chest	description	Using whatever metals they can get their hands on, the rabbit youkai created what can only be described as armor between eras. These metal chestplates and straps follow modern vest designs such as mag pouches and holsters, but is still a chestplate you'd see on a knight.
^#a59477;Rabbit's Trauma [COURAGE] [3-SET BONUS]: Start with -10% General Weapon Proficiency which slowly goes up to a +50% bonus. Taking damage reduces the bonus by -20% per hit. (+2%/sec)^reset;
^#a59477;DEF: +25% SMALL-ARMS | +20% SLASH & BLUNT | +10% THRUST^reset;	손에 잡히는 금속은 뭐든 써서, 토끼 요괴는 시대를 넘나든 갑옷이라 부를 수밖에 없는 것을 만들어냈다. 이 금속 흉갑과 끈은 탄창 파우치와 홀스터 같은 현대식 조끼 설계를 따르지만, 기사 갑옷에서 볼 법한 흉갑이기도 하다.\n^#a59477;토끼의 트라우마 [용기] [3세트 보너스]: 일반 무기 숙련 -10%로 시작해 서서히 +50% 보너스까지 상승. 피격 시 타격당 보너스 -20%. (초당 +2%)^reset;\n^#a59477;방어력: +25% 소화기 | +20% 참격 & 타격 | +10% 찌르기^reset;	
/items/ARMORS/NATIVE/DustBunny1/gico_dustbunny.chest	shortdescription	Dust Bunny Chestplate	먼지토끼 흉갑	
/items/ARMORS/NATIVE/DustBunny1/gico_dustbunny.head	description	''You call it desertion. We call it survival. Why should I die for someone who doesn't care for me?''
It is unknown when these rabbits deserted their masters, but it is likely over hundreds of years ago by now. As far as the locals is concerned, they are just normal rabbit youkai and nothing more. Just the way they like it.

^#a59477;Rabbit's Trauma [3-SET BONUS]: Gain Rabbit's Trauma.^reset;
^#a59477;DEF: +10% SMALL-ARMS & EXPLOSIVE | +7.5% BLUNT & SLASH^reset;	''그걸 탈영이라 부른다고? 우린 생존이라고 해. 날 아끼지도 않는 놈을 위해 내가 왜 죽어야 하지?''\n이 토끼들이 언제 주인을 버렸는지는 알 수 없지만, 지금쯤이면 수백 년은 됐을 가능성이 크다. 지역 주민들에게는 그저 평범한 토끼 요괴 그 이상도 이하도 아니다. 그들이 원하는 대로다.\n\n^#a59477;토끼의 트라우마 [3세트 보너스]: 토끼의 트라우마 획득.^reset;\n^#a59477;방어력: +10% 소화기 & 폭발 | +7.5% 타격 & 참격^reset;	
/items/ARMORS/NATIVE/DustBunny1/gico_dustbunny.head	shortdescription	Dust Bunny Helm	먼지토끼 헬멧	
/items/ARMORS/NATIVE/DustBunny1/gico_dustbunny.legs	description	''Technology only amplifies destruction. Humanity proves that.''
They didn't hate humanity but rather distrusted them due to how often they were betrayed for their technology. Backstabs and lies have made the rabbits extremely paranoid of humans though not completely hostile as there are a few that have shown their trust to be genuine compared to many others. 

^#a59477;Rabbit's Trauma [3-SET BONUS]: Gain Rabbit's Trauma.^reset;
^#a59477;+10% DODGE Chance | DEF: +10% THERMAL^reset;	''기술은 파괴를 증폭시킬 뿐이야. 인류가 그걸 증명했지.''\n인류를 증오한 건 아니지만, 기술 때문에 번번이 배신당한 탓에 불신했다. 배신과 거짓으로 토끼들은 인간을 극도로 경계하게 됐다. 다만 다른 이들과 달리 진심으로 신뢰를 보인 소수가 있어 완전히 적대적이진 않다. \n\n^#a59477;토끼의 트라우마 [3세트 보너스]: 토끼의 트라우마 획득.^reset;\n^#a59477;+10% 회피 | 방어력: +10% 열^reset;	
/items/ARMORS/NATIVE/DustBunny1/gico_dustbunny.legs	shortdescription	Dust Bunny Trousers	먼지토끼 바지	
/items/ARMORS/NATIVE/DustBunny2/gico_dustbunny.chest	description	''I won't die here! To hell with the humans! To hell with the tengu! I am going to stay alive!''
A light vest that offers little protection, but is light.
  
^#a59477;LED Light: Emits a small light around the player.^reset;
^#a59477;Rabbit's Trauma [SURVIVOR] [3-SET BONUS]: Gain 3 stacks of +60% DODGE Chance. Taking damage removes a stack of DODGE. Each stack of a DODGE Chance has a independant 20s Cooldown.^reset;
^#a59477;DEF: +15% SMALL-ARMS & SLASH | +10% THRUST & BLUNT^reset;	''난 여기서 안 죽어! 인간은 엿 먹으라 그래! 텐구도 엿 먹으라 그래! 난 살아남을 거야!''\n보호력은 거의 없지만 가벼운 조끼.\n  \n^#a59477;LED 조명: 플레이어 주위에 작은 빛을 발한다.^reset;\n^#a59477;토끼의 트라우마 [생존자] [3세트 보너스]: 회피 +60% 3중첩 획득. 피격 시 회피 1중첩 제거. 각 회피 중첩은 독립적인 재사용 대기 20초를 가진다.^reset;\n^#a59477;방어력: +15% 소화기 & 참격 | +10% 찌르기 & 타격^reset;	
/items/ARMORS/NATIVE/DustBunny2/gico_dustbunny.chest	shortdescription	Dust Bunny Vest	먼지토끼 조끼	
/items/ARMORS/NATIVE/DustBunny2/gico_dustbunny.head	description	''We needed to find a new home. This would have to do.''
Nobody knows when these rabbit youkai showed up. While it's not out of the ordinary for a new youkai to appear over time, an entire family appearing overnight is something even the tengu would find extremely suspicious. The allure of money and technology however can stifle even the most suspicous eyes if given to the right people.
^#a59477;Rabbit's Trauma [3-SET BONUS]: Gain Rabbit's Trauma.^reset;
^#a59477;DEF: +10% SMALL-ARMS & PSYCHIC | +5% SLASH & BLUNT^reset;	''새 집을 찾아야 했어. 이곳이라도 상관없었지.''\n이 토끼 요괴들이 언제 나타났는지 아는 이는 없다. 새 요괴가 나타나는 건 흔한 일이지만, 온 가족이 하룻밤 사이에 등장한 건 텐구라도 극도로 수상하게 여길 일이다. 다만 돈과 기술의 유혹은, 그것이 알맞은 이에게 주어진다면 가장 의심 많은 눈조차 흐리게 한다.\n^#a59477;토끼의 트라우마 [3세트 보너스]: 토끼의 트라우마 획득.^reset;\n^#a59477;방어력: +10% 소화기 & 사이킥 | +5% 참격 & 타격^reset;	
/items/ARMORS/NATIVE/DustBunny2/gico_dustbunny.head	shortdescription	Dust Bunny Cap	먼지토끼 모자	
/items/ARMORS/NATIVE/DustBunny3/gico_dustbunny.chest	description	''You call us cowards, but we've fought more wars than any of you. In none of those wars has charging the enemy head on worked.''
  


^#a59477;Rabbit's Trauma [ARMORER] [3-SET BONUS]: Crouching for 5 seconds drops 5 standard magirockets. Every additional set piece worn will drop an additional 5 magirockets per call in. | 120s Cooldown
^#a59477;DEF: +35% SMALL-ARMS | +20% EXPLOSIVE | +15% MELEE^reset;	''우릴 겁쟁이라 하지만, 우린 너희 누구보다 많은 전쟁을 치러봤어. 그 전쟁 중 어느 것도 적에게 정면 돌격이 통한 적이 없었지.''\n  \n\n\n^#a59477;토끼의 트라우마 [장갑공] [3세트 보너스]: 5초간 웅크리면 표준 마기로켓 5발 투하. 추가 세트 부위를 입을 때마다 호출당 마기로켓 5발씩 추가. | 재사용 대기 120초\n^#a59477;방어력: +35% 소화기 | +20% 폭발 | +15% 근접^reset;	
/items/ARMORS/NATIVE/DustBunny3/gico_dustbunny.chest	shortdescription	Dust Bunny Plate	먼지토끼 플레이트	
/items/ARMORS/NATIVE/DustBunny3/gico_dustbunny.head	description	''Those that did not listen were punished. Starved. Beaten. Our masters did not want to kill us as going back would be 'inconvienent'. In the worst cases, they would forcefully wipe the minds of those who resisted to the bitter end, leaving them nothing more than a robot. It was only a last resort because they wanted their servants to be more 'lively'.''
  
^#a59477;Rabbit's Trauma [3-SET BONUS]: Gain Rabbit's Trauma.^reset;
^#a59477;DEF: +20% SMALL-ARMS | +10% EXPLOSIVE & SLASH & BLUNT^reset;	''말을 듣지 않은 자는 벌을 받았다. 굶주리고, 맞았다. 주인들은 돌아가면 '불편'해지니까 우리를 죽이고 싶어 하진 않았다. 최악의 경우 끝까지 저항한 자는 마음을 강제로 지워 로봇이나 다름없게 만들었다. 하인이 더 '생동감' 있길 원했으니 어디까지나 최후의 수단이었다.''\n  \n^#a59477;토끼의 트라우마 [3세트 보너스]: 토끼의 트라우마 획득.^reset;\n^#a59477;방어력: +20% 소화기 | +10% 폭발 & 참격 & 타격^reset;	
/items/ARMORS/NATIVE/DustBunny3/gico_dustbunny.head	shortdescription	Dust Bunny Great Helm	먼지토끼 대형 헬멧	
/items/ARMORS/NATIVE/Fairy1/Head/1/gico_fairy.head	shortdescription	Blue Fairy Head	파란 요정 머리	
/items/ARMORS/NATIVE/Fairy1/Head/2/gico_fairy.head	shortdescription	Blue Fairy Head	파란 요정 머리	
/items/ARMORS/NATIVE/Fairy1/Head/3/gico_fairy.head	shortdescription	Blue Fairy Head	파란 요정 머리	
/items/ARMORS/NATIVE/Fairy1/gico_fairy.back	description	''You can only break the cycle for so long before death has decided enough is enough.''
^#efc565;Fairy Cycle [4-SET BONUS]: Gain War Fairy. (War Fairy - Gain 5 ^#C8FAFA;HIT-SHIELDS ^reset;^#efc565;with individual cooldowns. | 30s Cooldown. If all 5 fairy shields are broken at any point, gain one of five maluses for 30s and prevent any shield from recharging during this period. -50% HP | -50% General Resistance | -50% General Weapon Proficiency | -30% Movement Speed | Cannot DODGE)
+25HP.^reset;	''순환을 깨뜨리는 것도 언젠가는 한계가 와. 죽음이 이제 됐다고 결정할 때까지는.''\n^#efc565;요정 순환 [4세트 보너스]: 전쟁 요정 획득. (전쟁 요정 - 개별 재사용 대기를 가진 ^#C8FAFA;HIT-SHIELD^reset;^#efc565; 5개 획득. | 재사용 대기 30초. 어느 시점이든 요정 방패 5개가 모두 깨지면 30초간 다섯 가지 페널티 중 하나를 받고 그동안 어떤 방패도 재충전되지 않는다. -50% HP | -50% 일반 저항 | -50% 일반 무기 숙련 | -30% 이동 속도 | 회피 불가)\n+25HP.^reset;	
/items/ARMORS/NATIVE/Fairy1/gico_fairy.back	shortdescription	Fairy Wings	요정 날개	
/items/ARMORS/NATIVE/Fairy1/gico_fairy.chest	description	The Fairy Alliance consists of thousands of fairies who were drafted into the war. They are led by a select few long lived youkai who are rumored to have once been fairies themselves due to how easily they can control fairies to do what they want.
^#efc565;Magic Blast: Firing a muzzleloader, fires a shotgun cone of magishot that each deal 50 PSYCHIC damage at the closest enemy. | 10s Cooldown | +10% Muzzle Loader Proficiency.
Fairy Cycle [4-SET BONUS]: Gain War Fairy.
DEF: +30% PSYCHIC & THERMAL^reset;	요정 연합은 전쟁에 징집된 수천의 요정으로 이루어져 있다. 그들은 소수의 장수 요괴가 이끄는데, 요정들을 원하는 대로 손쉽게 통제하는 솜씨 때문에 한때는 그들 자신도 요정이었다는 소문이 있다.\n^#efc565;마법 폭발: 전장식총 발사 시 가장 가까운 적에게 사이킥 피해 50을 주는 매지샷 산탄 발사. | 재사용 대기 10초 | +10% 전장식 숙련.\n요정 순환 [4세트 보너스]: 전쟁 요정 획득.\n방어력: +30% 사이킥 & 열^reset;	
/items/ARMORS/NATIVE/Fairy1/gico_fairy.chest	shortdescription	Fairy Musketeer Coat	요정 머스킷병 코트	
/items/ARMORS/NATIVE/Fairy1/gico_fairy.head	description	The Fairy Musket Corps are made up of fairies who excel at long range marksmanship and have been given magilocks. While they still don't hold a candle to a tengu, these fairies stand as equals to the humans when it comes to marksmanship.
  
^#efc565;Load Shot: Crouching for 5s, switches magishot to HEAVY-ARMS minie balls when activating Magic Blast.
+7.5% Muzzle Loader Proficiency. Fairy Cycle [4-SET BONUS]: Gain War Fairy. DEF: +10% PSYCHIC & THERMAL^reset;	요정 머스킷 군단은 장거리 명중성이 뛰어난 요정들로 이루어져 있으며 마길록을 지급받았다. 텐구에는 여전히 발끝도 못 따라가지만, 명중성에 관한 한 이 요정들은 인간과 대등하다.\n  \n^#efc565;장전 탄환: 5초간 웅크리면 마법 폭발 발동 시 매지샷이 중화기 미니에탄으로 전환.\n+7.5% 전장식 숙련. 요정 순환 [4세트 보너스]: 전쟁 요정 획득. 방어력: +10% 사이킥 & 열^reset;	
/items/ARMORS/NATIVE/Fairy1/gico_fairy.head	shortdescription	Fairy Musketeer Cap	요정 머스킷병 모자	
/items/ARMORS/NATIVE/Fairy1/gico_fairy.legs	description	Fairies are divided into set roles dependant on their aspirations and attributes. Once they are given a role, they would be sent to the battlefield for 'orientation'. Only those who survive and remain mentally sound would be given training and be enlisted as a War Fairy.

^#efc565;Speed Loader: Reduce the cooldown of Magic Blast by 5s.
+7.5% Muzzle Loader Proficiency. Fairy Cycle [4-SET BONUS]: Gain War Fairy. DEF: +10% PSYCHIC & THERMAL^reset;	요정은 포부와 자질에 따라 정해진 역할로 나뉜다. 역할이 부여되면 전장으로 보내져 '오리엔테이션'을 받는다. 살아남아 정신이 온전한 자만이 훈련을 받고 전쟁 요정으로 입대할 수 있다.\n\n^#efc565;속사 장전: 마법 폭발의 재사용 대기를 5초 감소.\n+7.5% 전장식 숙련. 요정 순환 [4세트 보너스]: 전쟁 요정 획득. 방어력: +10% 사이킥 & 열^reset;	
/items/ARMORS/NATIVE/Fairy1/gico_fairy.legs	shortdescription	Fairy Musketeer Dress	요정 머스킷병 드레스	
/items/ARMORS/NATIVE/Fairy1/gico_fairy_ai.back	description	''You can only break the cycle for so long before death has decided enough is enough.''
^#efc565;Fairy Cycle [SET BONUS REQUIRED]: Gain War Fairy. (War Fairy - Gain 5 ^#C8FAFA;HIT-SHIELDS ^reset;^#efc565;with individual cooldowns. | 30s Cooldown. If all 5 fairy shields are broken at any point, gain one of five maluses for 30s and prevent any shield from recharging during this period. -50% HP | -50% General Resistance | -50% General Weapon Proficiency | -30% Movement Speed | Cannot DODGE)
+25HP.^reset;	''순환을 깨뜨리는 것도 언젠가는 한계가 와. 죽음이 이제 됐다고 결정할 때까지는.''\n^#efc565;요정 순환 [세트 보너스 필요]: 전쟁 요정 획득. (전쟁 요정 - 개별 재사용 대기를 가진 ^#C8FAFA;HIT-SHIELD^reset;^#efc565; 5개 획득. | 재사용 대기 30초. 어느 시점이든 요정 방패 5개가 모두 깨지면 30초간 다섯 가지 페널티 중 하나를 받고 그동안 어떤 방패도 재충전되지 않는다. -50% HP | -50% 일반 저항 | -50% 일반 무기 숙련 | -30% 이동 속도 | 회피 불가)\n+25HP.^reset;	
/items/ARMORS/NATIVE/Fairy1/gico_fairy_ai.back	shortdescription	Fairy Wings	요정 날개	
/items/ARMORS/NATIVE/Fairy2/Head/1/gico_fairy.head	shortdescription	Green Fairy Head	초록 요정 머리	
/items/ARMORS/NATIVE/Fairy2/Head/2/gico_fairy.head	shortdescription	Green Fairy Head	초록 요정 머리	
/items/ARMORS/NATIVE/Fairy2/Head/3/gico_fairy.head	shortdescription	Green Fairy Head	초록 요정 머리	
/items/ARMORS/NATIVE/Fairy2/gico_fairy.chest	description	Some fairies had occupations before the war as hard as it is to believe. Even if they only had the mindset of a child, proper discipline and promise of a reward can ensure that a fairy will be able to follow some directions. These fairies were the most likely to mature into a war fairy, as they stayed alive much longer than natural fairies.
^#efc565;Arrow Rain: Firing a bow or crossbow summons a portal above you which launches a volley of arrows toward the closest enemy. | 20s Cooldown | +50HP. Fairy Cycle [4-SET BONUS]: Gain War Fairy.^reset;	믿기 어렵지만 어떤 요정은 전쟁 전 직업을 가지고 있었다. 어린아이 같은 정신이더라도 적절한 훈육과 보상 약속이 있으면 요정도 지시를 따를 수 있었다. 이 요정들이 전쟁 요정으로 성장할 가능성이 가장 컸는데, 자연 상태의 요정보다 훨씬 오래 살아남았기 때문이다.\n^#efc565;화살 비: 활이나 석궁 발사 시 자신의 위에 차원문을 소환해 가장 가까운 적을 향해 화살 일제사격. | 재사용 대기 20초 | +50HP. 요정 순환 [4세트 보너스]: 전쟁 요정 획득.^reset;	
/items/ARMORS/NATIVE/Fairy2/gico_fairy.chest	shortdescription	Fairy Scout Fatigues	요정 정찰병 군복	
/items/ARMORS/NATIVE/Fairy2/gico_fairy.head	description	''A fairy's age tells you little of their maturity. You could see a fairy that's a thousand years old yet still be a complete and utter moron, or a fairy that just got reborn a few weeks ago be a disciplined trained soldier who has a foul mouth. Fairy's only mature when the environment force them to. Otherwise, they'll always be a naive fool.''
^#efc565;Oil Coating: Woodland bolts and arrows have a 10% chance to IGNITE enemies. Can be triggered by allies. Can only trigger once per enemy. +25HP. Fairy Cycle [4-SET BONUS]: Gain War Fairy.^reset;	''요정의 나이로 성숙도를 알 순 없어. 천 살인데도 완전히 멍청한 요정도 있고, 몇 주 전에 막 환생했는데 입이 거친 훈련된 병사인 요정도 있거든. 요정은 환경이 강제할 때만 자라. 그렇지 않으면 영영 순진한 바보로 남아.''\n^#efc565;기름 도포: 우드랜즈 볼트와 화살이 10% 확률로 적을 점화. 아군도 발동 가능. 적 한 명당 한 번만 발동. +25HP. 요정 순환 [4세트 보너스]: 전쟁 요정 획득.^reset;	
/items/ARMORS/NATIVE/Fairy2/gico_fairy.head	shortdescription	Fairy Scout Hat	요정 정찰병 모자	
/items/ARMORS/NATIVE/Fairy2/gico_fairy.legs	description	''The only difference between now and back then is that fairies die a lot more gruesomely.''
A fairy's life cycle is a short one. Whether by their own stupidity or by something else, most fairies die at least once a month if they weren't under anyone's care. Since they are immortal, these deaths are often treated as nothing more than a annoyance.

^#efc565;Scout Vision: Nearby enemies will illuminate a bright light for 1s. | 10s Cooldown | +25HP. Fairy Cycle [4-SET BONUS]: Gain War Fairy.^reset;	''지금과 옛날의 유일한 차이라면, 요정이 훨씬 더 참혹하게 죽는다는 거야.''\n요정의 수명 주기는 짧다. 자기 멍청함이든 다른 무엇이든, 누군가 보살펴주지 않는 요정 대부분은 적어도 한 달에 한 번은 죽는다. 불사이니 그런 죽음들은 짜증나는 일 정도로만 여겨진다.\n\n^#efc565;정찰 시야: 주변 적이 1초간 밝게 빛난다. | 재사용 대기 10초 | +25HP. 요정 순환 [4세트 보너스]: 전쟁 요정 획득.^reset;	
/items/ARMORS/NATIVE/Fairy2/gico_fairy.legs	shortdescription	Fairy Scout Dress	요정 정찰병 드레스	
/items/ARMORS/NATIVE/Fairy3/Head/1/gico_fairy.head	shortdescription	Red Fairy Head	빨간 요정 머리	
/items/ARMORS/NATIVE/Fairy3/Head/2/gico_fairy.head	shortdescription	Red Fairy Head	빨간 요정 머리	
/items/ARMORS/NATIVE/Fairy3/Head/3/gico_fairy.head	shortdescription	Red Fairy Head	빨간 요정 머리	
/items/ARMORS/NATIVE/Fairy3/gico_fairy.chest	description	Strength alone will not be enough to survive frontline combat. One must also be resourceful as well. These War Fairies did not survive cause they were strong, they survived because they were willing to do anything to see the next sunrise.
^#efc565;Fairies In Arms: Swinging your melee weapon will call in two fairy knights which will perform a whirlwind attack across each side from you. | 20s Cooldown
Fairy Cycle [4-SET BONUS]: Gain War Fairy.
DEF: +25% SMALL-ARMS & MELEE^reset;	힘만으로는 최전선에서 살아남을 수 없다. 수완도 있어야 한다. 이 전쟁 요정들은 강해서 살아남은 게 아니라, 다음 해돋이를 보기 위해 무슨 일이든 했기에 살아남은 것이다.\n^#efc565;전우 요정: 근접 무기를 휘두르면 요정 기사 둘을 불러 양옆에서 선풍 공격을 펼친다. | 재사용 대기 20초\n요정 순환 [4세트 보너스]: 전쟁 요정 획득.\n방어력: +25% 소화기 & 근접^reset;	
/items/ARMORS/NATIVE/Fairy3/gico_fairy.chest	shortdescription	Fairy Knight Armor	요정 기사 갑옷	
/items/ARMORS/NATIVE/Fairy3/gico_fairy.head	description	Out of all the other groups within the Fairy Alliance, knights have the highest casualty rate due to their role on the battlefield. They are also the most stalwart or headstrong bunch and are the last to break morale during a battle, making them the most reliable fairy anyone could rely on.
^#efc565;Body Shield: Killing an enemy within 10 blocks grants +100% SMALL-ARMS Resistance for 1s. | 5s Cooldown
Fairy Cycle [4-SET BONUS]: Gain War Fairy.
DEF: +5% SMALL-ARMS | +10% MELEE^reset;	요정 연합의 모든 집단 중에서 기사는 전장 역할 때문에 전사자율이 가장 높다. 그들은 또한 가장 강직하고 완고한 무리로, 전투에서 사기가 무너지는 것도 가장 늦어 누구나 기댈 수 있는 가장 믿음직한 요정이다.\n^#efc565;육신 방패: 10블록 내에서 적을 죽이면 1초간 소화기 저항 +100%. | 재사용 대기 5초\n요정 순환 [4세트 보너스]: 전쟁 요정 획득.\n방어력: +5% 소화기 | +10% 근접^reset;	
/items/ARMORS/NATIVE/Fairy3/gico_fairy.head	shortdescription	Fairy Knight Helmet	요정 기사 헬멧	
/items/ARMORS/NATIVE/Fairy3/gico_fairy.legs	description	Despite wearing heavy armor, Fairy Knights are trained to use all their strength to force a close engagement with the enemy knowing that the alternative is death. Surprisingly enough, the same skills could be also useful for running away.
^#efc565;Close The Gap: If there are no enemies within 20 blocks when you are hit, gain +60% DODGE Chance, negate all ARMOR penalties, and gain +20% Movement Speed for 3s. | 30s Cooldown.
Fairy Cycle [4-SET BONUS]: Gain War Fairy.
DEF: +10% SMALL-ARMS | +5% MELEE^reset;	중갑을 입었지만 요정 기사는 다른 선택지가 죽음뿐임을 알고 온 힘을 다해 근접전을 강요하도록 훈련받는다. 놀랍게도 같은 기술이 도망칠 때도 유용하다.\n^#efc565;거리 좁히기: 피격 시 20블록 내에 적이 없으면 3초간 회피 +60%, 모든 갑옷 페널티 무효, 이동 속도 +20%. | 재사용 대기 30초.\n요정 순환 [4세트 보너스]: 전쟁 요정 획득.\n방어력: +10% 소화기 | +5% 근접^reset;	
/items/ARMORS/NATIVE/Fairy3/gico_fairy.legs	shortdescription	Fairy Knight Dress	요정 기사 드레스	
/items/ARMORS/NATIVE/Fairy4/Head/gico_fairy.head	shortdescription	Red Fairy Head	빨간 요정 머리	
/items/ARMORS/NATIVE/Fairy4/gico_fairy.chest	description	''The longer a fairy lives, the more likely they are to die. There are entities that exist to ensure the natural order is maintained.''
^#efc565;Cheating Death: Enemies within approximately 60 blocks are given Reaper's Gaze. Hitting them spawns a Reaper that will attack them in a straight line from a random angle. The Reaper does^reset; ^red;INDISCRIMINATE PSYCHIC^reset;^#efc565; damage and deals double to YOU on hit. | 10s Cooldown Per Enemy
+12.5% DODGE Chance | +5% Movement Speed
Fairy Cycle [4-SET BONUS]: Gain War Fairy. DEF: +30% PSYCHIC^reset;	''요정은 오래 살수록 죽을 가능성이 높아져. 자연의 질서를 유지하기 위해 존재하는 존재들이 있거든.''\n^#efc565;죽음 속이기: 약 60블록 내 적에게 사신의 시선 부여. 타격 시 무작위 각도로 직선 공격하는 사신을 소환. 사신은 ^reset;^red;무차별 사이킥^reset;^#efc565; 피해를 주며 당신에게는 두 배의 피해를 준다. | 적 한 명당 재사용 대기 10초\n+12.5% 회피 | +5% 이동 속도\n요정 순환 [4세트 보너스]: 전쟁 요정 획득. 방어력: +30% 사이킥^reset;	
/items/ARMORS/NATIVE/Fairy4/gico_fairy.chest	shortdescription	Fairy Assassin Coat	요정 자객 코트	
/items/ARMORS/NATIVE/Fairy4/gico_fairy.head	description	''Whatever fairy they used to be, they're long dead. All that's left in its place is a killing machine that will only see you with indifference behind that gold skull.''

^#efc565;Soul Harvest: If wearing a Fairy Assasin Fatigues, summon three Reapers instead of one when triggering Cheating Death. Reapers deal 25% less damage and no longer deal double damage to you.
+5% DODGE Chance | +5% Movement Speed
Fairy Cycle [4-SET BONUS]: Gain War Fairy.^reset;	''그들이 어떤 요정이었든, 이미 오래전에 죽은 거야. 남은 건 그 자리에서 저 금 해골 뒤로 널 무심하게 볼 뿐인 살인 기계뿐이지.''\n\n^#efc565;영혼 수확: 요정 자객 군복 착용 시, 죽음 속이기 발동 시 사신 하나가 아닌 셋 소환. 사신의 피해가 25% 감소하고 당신에게 두 배 피해를 주지 않는다.\n+5% 회피 | +5% 이동 속도\n요정 순환 [4세트 보너스]: 전쟁 요정 획득.^reset;	
/items/ARMORS/NATIVE/Fairy4/gico_fairy.head	shortdescription	Fairy Assassin Mask	요정 자객 가면	
/items/ARMORS/NATIVE/Fairy4/gico_fairy.legs	description	''They made their peace with the local yama. In fact, they've met her hundreds of times at this point. So when the war began and the yama realized she needed some extra hands, why not get their most common visitors to lend one?''
  
^#efc565;Spectres: If the target dies within 1 second after a Reaper attacked it, drop a floating wisp that grants random buffs for 5s.
+5% DODGE Chance | +5% Movement Speed
Fairy Cycle [4-SET BONUS]: Gain War Fairy.^reset;	''그들은 지역 야마와 화해했어. 사실 이쯤 되면 수백 번은 만난 사이지. 그래서 전쟁이 시작되고 야마가 손이 모자라다는 걸 깨달았을 때, 가장 자주 보는 단골 손님에게 손을 빌리지 않을 이유가 없었던 거야.''\n  \n^#efc565;망령: 사신이 공격한 뒤 1초 안에 대상이 죽으면 5초간 무작위 버프를 주는 떠다니는 위습을 떨어뜨린다.\n+5% 회피 | +5% 이동 속도\n요정 순환 [4세트 보너스]: 전쟁 요정 획득.^reset;	
/items/ARMORS/NATIVE/Fairy4/gico_fairy.legs	shortdescription	Fairy Assassin Dress	요정 자객 드레스	
/items/ARMORS/NATIVE/Fairy5/Head/gico_fairy.head	shortdescription	Orange Fairy Head	주황 요정 머리	
/items/ARMORS/NATIVE/Fairy5/gico_fairy.chest	description	Anyone can become a magician. Whether it be a youkai or man, the only hurdle that stands in their way is finding out where to start. Fortunately during wartime, one does not have to look far to find someone willing to teach them.
  
  
^#efc565;Mana Recycler: 1 Free Reload with Woodland Wands. | 60s Cooldown
+15% Magic Proficiency. Fairy Cycle [4-SET BONUS]: Gain War Fairy.
DEF: +30% PSYCHIC | +5% BLEED^reset;	누구든 마법사가 될 수 있다. 요괴든 인간이든 유일한 걸림돌은 어디서부터 시작하느냐를 아는 것뿐이다. 다행히 전시에는 가르쳐줄 이를 멀리서 찾을 필요가 없다.\n  \n  \n^#efc565;마나 재활용: 우드랜즈 완드 무료 재장전 1회. | 재사용 대기 60초\n+15% 마법 숙련. 요정 순환 [4세트 보너스]: 전쟁 요정 획득.\n방어력: +30% 사이킥 | +5% 출혈^reset;	
/items/ARMORS/NATIVE/Fairy5/gico_fairy.chest	shortdescription	Fairy Magician Garb	요정 마법사 옷	
/items/ARMORS/NATIVE/Fairy5/gico_fairy.head	description	Fairies that display intellect beyond what most would expect from them are encouraged to become apprentices to magicians due to their rarity. Out of all the other groups within the Fairy Alliance, the magicians are the smallest in size.
  
^#efc565;Arcane Exploitation: Enemies approximately 60 blocks get -25% PSYCHIC Resistance when hit for 5s. | 20s Individual Cooldown
+7.5% Magic Proficiency. Fairy Cycle [4-SET BONUS]: Gain War Fairy.
DEF: +20% PSYCHIC^reset;	대부분 기대 이상의 지성을 보이는 요정은 희소성 때문에 마법사의 견습생이 되도록 권장된다. 요정 연합의 다른 집단 중 마법사는 규모가 가장 작다.\n  \n^#efc565;비전 이용: 약 60블록 내 적이 피격 시 5초간 사이킥 저항 -25%. | 개별 재사용 대기 20초\n+7.5% 마법 숙련. 요정 순환 [4세트 보너스]: 전쟁 요정 획득.\n방어력: +20% 사이킥^reset;	
/items/ARMORS/NATIVE/Fairy5/gico_fairy.head	shortdescription	Fairy Magician Hat	요정 마법사 모자	
/items/ARMORS/NATIVE/Fairy5/gico_fairy.legs	description	There is no standard nor rulebook when learning magic. Anyone can learn anything in any order. It is partially why magic is one of the most complex subjects to go into due to the chaotic nature of it. 
  
  
^#efc565;^#efc565;Mana Residue: Reduce the cooldown of Mana Recycler by 10s.
+7.5% Magic Proficiency. Fairy Cycle [4-SET BONUS]: Gain War Fairy.
DEF: +20% PSYCHIC^reset;	마법을 배울 때 표준이나 규칙서는 없다. 누구든 어떤 것이든 어떤 순서로든 배울 수 있다. 마법이 그 혼돈된 특성 때문에 가장 복잡한 분야 중 하나인 것도 부분적으로는 그 때문이다. \n  \n  \n^#efc565;^#efc565;마나 잔여물: 마나 재활용의 재사용 대기를 10초 감소.\n+7.5% 마법 숙련. 요정 순환 [4세트 보너스]: 전쟁 요정 획득.\n방어력: +20% 사이킥^reset;	
/items/ARMORS/NATIVE/Fairy5/gico_fairy.legs	shortdescription	Fairy Magician Dress	요정 마법사 드레스	
/items/ARMORS/NATIVE/Fairy6/Head/gico_fairy.head	shortdescription	White Fairy Head	하얀 요정 머리	
/items/ARMORS/NATIVE/Fairy6/gico_fairy.chest	description	''They speak of oblivion, but we know that's not true. The Yama will be waiting for them as they do with all souls.''


^#efc565;Saint's Bulwark: Gain 1 ^#C8FAFA;HIT-SHIELD^reset;^#efc565;. If an ally approximately 35 blocks away has less than 50% MAX HP, give them 1 ^#C8FAFA;HIT-SHIELD^reset;^#efc565; for 5s. | 30s Individual Cooldown | Giving an ally a ^#C8FAFA;HIT-SHIELD^reset;^#efc565; reduces your next cooldown by half.
+5HP/sec. Fairy Cycle [4-SET BONUS]: Gain War Fairy.^reset;	''그들은 소멸을 말하지만, 우린 그게 아니라는 걸 알아. 모든 영혼에게 하듯이, 야마가 그들을 기다리고 있을 테니까.''\n\n\n^#efc565;성자의 방벽: ^#C8FAFA;HIT-SHIELD^reset;^#efc565; 1개 획득. 약 35블록 내 아군의 최대 HP가 50% 미만이면 5초간 ^#C8FAFA;HIT-SHIELD^reset;^#efc565; 1개 부여. | 개별 재사용 대기 30초 | 아군에게 ^#C8FAFA;HIT-SHIELD^reset;^#efc565; 부여 시 다음 재사용 대기 절반 감소.\n+5HP/초. 요정 순환 [4세트 보너스]: 전쟁 요정 획득.^reset;	
/items/ARMORS/NATIVE/Fairy6/gico_fairy.chest	shortdescription	Fairy Priest Robes	요정 사제 로브	
/items/ARMORS/NATIVE/Fairy6/gico_fairy.head	description	''The Outsider Humans hold no faith. They see us as nothing more than delusional fools who believe in lies. They refuse to accept that our gods came to us and promised us a future.''
Even the faith and devotion of a fairy is still worth something to the eyes of the divine. In a time where fantasy itself is dying in this world, every follower no matter who is worth gold to the ones who call themselves gods in this world.
^#efc565;Mender: The first instance of BLEEDING is nullified. | 30s Cooldown
+2HP/sec. Fairy Cycle [4-SET BONUS]: Gain War Fairy.^reset;	''이방인 인간들은 신앙이 없어. 우릴 거짓을 믿는 망상에 빠진 바보로만 봐. 우리 신들이 와서 미래를 약속해 줬다는 걸 인정하길 거부해.''\n요정의 신앙과 헌신조차 신의 눈에는 그 나름의 가치가 있다. 환상 자체가 세계에서 죽어가는 시대에, 신자라면 누구든 이 세계의 신이라 자칭하는 자들에게는 금 같은 존재다.\n^#efc565;치유자: 첫 출혈을 무효화. | 재사용 대기 30초\n+2HP/초. 요정 순환 [4세트 보너스]: 전쟁 요정 획득.^reset;	
/items/ARMORS/NATIVE/Fairy6/gico_fairy.head	shortdescription	Fairy Priest Hat	요정 사제 모자	
/items/ARMORS/NATIVE/Fairy6/gico_fairy.legs	description	''The gods will shield their followers from harm, but even they have a limit. While it is clear that the Fairy Priests are blessed by something. I refuse to accept that their 'god' is protecting them. If they want to believe in their god, fine. But faith will not save you from our bullets.''
  
  
^#efc565;Faithful Will: +200 MAX HP and +50 Ability Mana when HP is full.
+2HP/sec. Fairy Cycle [4-SET BONUS]: Gain War Fairy.^reset;	''신들은 신자를 해로부터 지켜주지만, 그들에게도 한계가 있어. 요정 사제들이 무언가의 축복을 받은 건 분명하지만, 그들의 '신'이 지키고 있다는 건 인정 못 해. 자기 신을 믿고 싶다면 그러라 그래. 하지만 신앙이 우리 총알에서 널 구해주진 못할 거야.''\n  \n  \n^#efc565;신실한 의지: HP가 가득 찼을 때 최대 HP +200과 능력 마나 +50.\n+2HP/초. 요정 순환 [4세트 보너스]: 전쟁 요정 획득.^reset;	
/items/ARMORS/NATIVE/Fairy6/gico_fairy.legs	shortdescription	Fairy Priest Dress	요정 사제 드레스	
/items/ARMORS/NATIVE/GunTengu1/Head/1/gico_guntengu.head	description	One of the first revised helmets made by the tengu clans during the start of the war similar to the human's steel helmet. Offers a lot more protection due to the heavier material used to make the helmet being no problem for youkai to deal with.
  
  
  
^#efc565;Tengu Link [4-SET BONUS]: Gain Tengu Synchronization.
DEF: +15% SMALL-ARMS | +10% PSYCHIC | +5% MELEE^reset;	전쟁 초기 텐구 일족이 만든 최초 개량 헬멧으로, 인간의 철모와 비슷하다. 요괴가 감당하기에 문제없는 더 무거운 재료 덕에 훨씬 높은 보호력을 제공한다.\n  \n  \n  \n^#efc565;텐구 링크 [4세트 보너스]: 텐구 동조 획득.\n방어력: +15% 소화기 | +10% 사이킥 | +5% 근접^reset;	
/items/ARMORS/NATIVE/GunTengu1/Head/1/gico_guntengu.head	shortdescription	Tengu Helmet	텐구 헬멧	
/items/ARMORS/NATIVE/GunTengu1/Head/2/gico_guntengu.head	shortdescription	BPC Tengu Head	BPC 텐구 머리	
/items/ARMORS/NATIVE/GunTengu1/Head/3/gico_guntengu.head	shortdescription	BPC Tengu Head	BPC 텐구 머리	
/items/ARMORS/NATIVE/GunTengu1/Head/4/gico_guntengu.head	shortdescription	BPC Tengu Head	BPC 텐구 머리	
/items/ARMORS/NATIVE/GunTengu1/Head/5/gico_guntengu.head	shortdescription	BPC Tengu Head	BPC 텐구 머리	
/items/ARMORS/NATIVE/GunTengu1/gico_guntengu.back	description	''The clans do not give their trust easily. Expect little tolerance from them until you prove yourselves to one of the Great Tengus.''
Despite being of the same type of youkai, the tengu clans as a whole hold a deep mistrust toward the White Wolves and Crow Tengu due to their arrival on the planet being unnatural and thus referred to as 'Outsiders.'
^#efc565;Tengu Link [4-SET BONUS]: Gain Tengu Synchronization.
^#efc565;+25HP.^reset;	''일족은 쉽게 신뢰를 주지 않아. 위대한 텐구 중 하나에게 자신을 증명하기 전까진 관용을 기대하지 마.''\n같은 요괴임에도 텐구 일족 전체가 하얀 늑대와 까마귀 텐구에 깊은 불신을 품고 있다. 그들의 행성 도래가 자연스럽지 않아 '이방인'으로 불리기 때문이다.\n^#efc565;텐구 링크 [4세트 보너스]: 텐구 동조 획득.\n^#efc565;+25HP.^reset;	
/items/ARMORS/NATIVE/GunTengu1/gico_guntengu.back	shortdescription	BPC Hunter Pack	BPC 사냥꾼 배낭	
/items/ARMORS/NATIVE/GunTengu1/gico_guntengu.chest	description	The Blackpowder Clan have lived on these lands longer than the other tengus clans have. They learned early in their life that distance is one of the greatest strengths one can have in a fight which is why they pioneered the magilock after having seen the inferior human's versions of the weapon.
^#efc565;Pistolier: Reloading your weapon, fires a hidden flintlock which deals 150 HEAVY-ARMS DAMAGE. | 30s Cooldown
^#efc565;Tengu Link [4-SET BONUS]: Gain Tengu Synchronization.
DEF: +15% SMALL-ARMS & SLASH | +30% PSYCHIC | +5% BLUNT^reset;	흑화약 일족은 다른 텐구 일족보다 오래전부터 이 땅에서 살아왔다. 거리가 싸움의 최대 강점임을 일찍 배웠고, 인간의 열등한 무기를 보고 마길록을 개척해낸 이유이기도 하다.\n^#efc565;총잡이: 무기 재장전 시, 중화기 피해 150을 주는 숨겨진 화승총 발사. | 재사용 대기 30초\n^#efc565;텐구 링크 [4세트 보너스]: 텐구 동조 획득.\n방어력: +15% 소화기 & 참격 | +30% 사이킥 | +5% 타격^reset;	
/items/ARMORS/NATIVE/GunTengu1/gico_guntengu.chest	shortdescription	BPC Tengu Fatigues	BPC 텐구 군복	
/items/ARMORS/NATIVE/GunTengu1/gico_guntengu.head	shortdescription	BPC Tengu Head	BPC 텐구 머리	
/items/ARMORS/NATIVE/GunTengu1/gico_guntengu.legs	description	During the war, the mistrust between the tengu clans remains constant as they do their best to stay at their own 'front' and never help the other. One exception however, are the White Wolves and Crow Tengu who instead try to build friendly relations between the clans despite their cold response.
^#efc565;Tengu Link [4-SET BONUS]: Gain Tengu Synchronization. (Applies various buffs and debuffs as well as amplify the effects of the armor the player is wearing.)
DEF: +5% SMALL-ARMS | +20% PSYCHIC & THERMAL^reset;	전쟁 중 텐구 일족 간 불신은 변함없이, 각자의 '전선'에 머물며 서로를 돕지 않으려 한다. 다만 예외로 하얀 늑대와 까마귀 텐구는 차가운 반응에도 일족 간 우호 관계를 쌓으려 노력한다.\n^#efc565;텐구 링크 [4세트 보너스]: 텐구 동조 획득. (플레이어가 착용 중인 갑옷 효과의 각종 버프·디버프와 증폭 적용)\n방어력: +5% 소화기 | +20% 사이킥 & 열^reset;	
/items/ARMORS/NATIVE/GunTengu1/gico_guntengu.legs	shortdescription	BPC Tengu Pants	BPC 텐구 바지	
/items/ARMORS/NATIVE/GunTengu1/gico_guntengu_ai.chest	shortdescription	BPC Tengu Fatigues	BPC 텐구 군복	
/items/ARMORS/NATIVE/GunTengu1/gico_guntengu_ai.legs	shortdescription	BPC Tengu Pants	BPC 텐구 바지	
/items/ARMORS/NATIVE/GunTengu2/Head/gico_guntengu.head	description	Standard headwear worn by all tengu, both from the clans and the outsider White Wolves and Crow Tengu. While the war has drawn a need for more armored designs that would protect their head rather than these cloth hats, they would still be used in mass for traditional reasons by various tengu.
^#efc565;Mountain Guardian: +1% HP/sec. Gain an additional +1% HP/sec if under the effects of BLEEDING.
Tengu Link [4-SET BONUS]: Gain Tengu Synchronization. 
+5% DODGE Chance | DEF: +15% PSYCHIC & THERMAL^reset;	일족이든 이방인인 하얀 늑대와 까마귀 텐구이든 모든 텐구가 쓰는 표준 두건. 전쟁으로 머리를 지킬 장갑 설계가 필요해졌지만, 전통적인 이유로 여러 텐구 사이에서 대량으로 쓰이고 있다.\n^#efc565;산 수호자: 초당 +1%HP. 출혈 상태일 때 초당 +1%HP 추가.\n텐구 링크 [4세트 보너스]: 텐구 동조 획득. \n+5% 회피 | 방어력: +15% 사이킥 & 열^reset;	
/items/ARMORS/NATIVE/GunTengu2/Head/gico_guntengu.head	shortdescription	Tengu Tokin	텐구 토킨	
/items/ARMORS/NATIVE/GunTengu2/gico_guntengu.back	description	''It's stupid. It shouldn't work. But those cannons have already tore through a couple of bunkers already and one of the men is missing their head.''
A large burly sack carrying a large amount of cannonballs. While a human would outright crumble under the immense weight of this pack, a Blackpowder Clan Tengu will easily haul the bag around along with their two handed cannon pole and metal armor.
^#efc565;Tengu Link [4-SET BONUS]: Gain Tengu Synchronization.
^#efc565;+25HP.^reset;	''말도 안 돼. 작동할 리가 없어. 그런데 그 대포가 벌써 벙커 몇 개를 관통했어, 게다가 우리 사람 하나가 목이 날아갔다고.''\n많은 양의 포탄을 담은 크고 투박한 자루. 인간이라면 무게에 깔렸겠지만, 흑화약 일족 텐구는 양손 대포 장대와 금속 갑옷과 함께 자루를 쉽게 짊어지고 다닌다.\n^#efc565;텐구 링크 [4세트 보너스]: 텐구 동조 획득.\n^#efc565;+25HP.^reset;	
/items/ARMORS/NATIVE/GunTengu2/gico_guntengu.back	shortdescription	BPC Cannonball Sack	BPC 포탄 자루	
/items/ARMORS/NATIVE/GunTengu2/gico_guntengu.chest	description	The tengu clans believed that as long as there was enough armor between their vitals and a bullet, that they can continue using the same tactics they have done for centuries. While such tactics did have some success in early battles, they did poorly once armor and artillery got involved.
^#efc565;Steel Body [CHEST]: +50HP. Gain a +100HP BUFFER that disappears after 3s upon losing HP. | 30s Cooldown.
^#efc565;Tengu Link [4-SET BONUS]: Gain Tengu Synchronization.
DEF: +35% SMALL-ARMS | +20% HEAVY-ARMS | +15% MELEE^reset;	텐구 일족은 급소와 총알 사이에 충분한 갑옷만 있으면 수백 년간 써온 전술을 계속 쓸 수 있다고 믿었다. 그런 전술이 초기 전투에선 어느 정도 성공했지만, 장갑과 포병이 개입하자 무력했다.\n^#efc565;강철 육체 [가슴]: +50HP. HP를 잃으면 3초 후 사라지는 +100HP 완충 획득. | 재사용 대기 30초.\n^#efc565;텐구 링크 [4세트 보너스]: 텐구 동조 획득.\n방어력: +35% 소화기 | +20% 중화기 | +15% 근접^reset;	
/items/ARMORS/NATIVE/GunTengu2/gico_guntengu.chest	shortdescription	BPC Tengu Armor	BPC 텐구 갑옷	
/items/ARMORS/NATIVE/GunTengu2/gico_guntengu.head	shortdescription	BPC Tengu Head	BPC 텐구 머리	
/items/ARMORS/NATIVE/GunTengu2/gico_guntengu_ai.chest	shortdescription	BPC Tengu Armor	BPC 텐구 갑옷	
/items/ARMORS/NATIVE/GunTengu3/gico_guntengu.back	description	''Despite tengus often being characterized as having avian features, the word tengu itself may refer to as 'Heavenly Dog' which may explain why some posses canine aspects. This is partially why the tengu in each clan are all different from each other as they only represent some parts and pieces of their legends. As far as we know, nobody knows to what exactly a tengu is due to how often their stories keep changing.''
^#efc565;Tengu Link [4-SET BONUS]: Gain Tengu Synchronization.
^#efc565;+25HP.^reset;	''텐구는 새의 특징을 지닌 존재로 묘사되곤 하지만, 텐구라는 말 자체가 '하늘의 개'를 가리킬 수도 있어서 어떤 텐구가 개의 면모를 지닌 것도 설명된다. 각 일족의 텐구가 모두 다른 것도 부분적으로 그 이유다. 전설의 일부만 구현한 것이니까. 우리가 아는 한, 이야기가 자꾸 바뀌는 탓에 텐구가 정확히 무엇인지는 아무도 모른다.''\n^#efc565;텐구 링크 [4세트 보너스]: 텐구 동조 획득.\n^#efc565;+25HP.^reset;	
/items/ARMORS/NATIVE/GunTengu3/gico_guntengu.back	shortdescription	BPC Tengu Tail	BPC 텐구 꼬리	
/items/ARMORS/NATIVE/GunTengu3/gico_guntengu.chest	description	A traditional Blackpowder Clan outfit. Originally worn during the first battles against the human armies, it became apparent quickly that mobility alone isn't going to be enough to outwit the human's war machines and was phased out in favor of more armored designs.
^#efc565;Ronin of Blades: +20% DODGE Chance. Remove the Weapon Ability Cooldown for 5s upon triggered by a ability. | 30s Cooldown
^#efc565;Tengu Link [4-SET BONUS]: Gain Tengu Synchronization.
DEF: +20% PSYCHIC	흑화약 일족의 전통 복장. 원래 인간 군대와의 첫 전투에서 입었지만, 기동성만으로는 인간의 전쟁 기계를 앞지를 수 없음이 곧 분명해져 장갑 설계로 대체됐다.\n^#efc565;칼의 낭인: 회피 +20%. 능력으로 발동 시 5초간 무기 능력 재사용 대기 제거. | 재사용 대기 30초\n^#efc565;텐구 링크 [4세트 보너스]: 텐구 동조 획득.\n방어력: +20% 사이킥	
/items/ARMORS/NATIVE/GunTengu3/gico_guntengu.chest	shortdescription	BPC Tengu Nagagi	BPC 텐구 나가기	
/items/ARMORS/NATIVE/GunTengu3/gico_guntengu.head	description	A kasa made out of steel. Much thicker than what the humans have and as a consequence much heavier. A human would likely suffer neck pain if wearing this for more than a hour. The superior physique of a youkai however can afford to wear such gear without slowing them down.
^#efc565;Master of Weapons: +10% DODGE Chance. Reduce the cooldown of Ronin of Blades by 10s.
^#efc565;Tengu Link [4-SET BONUS]: Gain Tengu Synchronization.
DEF: +10% SMALL-ARMS | +5% BLUNT^reset;	강철로 만든 카사. 인간이 가진 것보다 훨씬 두꺼운 만큼 훨씬 무겁다. 인간이 한 시간 이상 쓰면 목이 아플 것이다. 그러나 요괴의 뛰어난 체격은 이런 장비를 지체되지 않고 감당할 수 있다.\n^#efc565;무기의 달인: 회피 +10%. 칼의 낭인의 재사용 대기를 10초 감소.\n^#efc565;텐구 링크 [4세트 보너스]: 텐구 동조 획득.\n방어력: +10% 소화기 | +5% 타격^reset;	
/items/ARMORS/NATIVE/GunTengu3/gico_guntengu.head	shortdescription	BPC Tengu Kasa	BPC 텐구 카사	
/items/ARMORS/NATIVE/GunTengu4/gico_guntengu.back	description	''The line between bravery and stupidity is very thin.''
A Blackpowder Clan war banner worn by tengu captains. During large battles, tengu clans rely on using banners to control the movement of their forces just as they have done in ancient times. Despite knowing that such banners make prime targets for snipers and artillery barrages, the clans had no better way to lead large groups of their warriors.
^#efc565;Tengu Link [4-SET BONUS]: Gain Tengu Synchronization.
^#efc565;+25HP.^reset;	''용기와 어리석음 사이의 선은 아주 가늘다.''\n텐구 대장이 메는 흑화약 일족 전쟁 깃발. 대규모 전투에서 텐구 일족은 고대처럼 깃발로 병력의 움직임을 통제한다. 그런 깃발이 저격수와 포격의 주요 표적임을 알면서도, 일족은 대규모 전사들을 이끌 더 나은 방법이 없다.\n^#efc565;텐구 링크 [4세트 보너스]: 텐구 동조 획득.\n^#efc565;+25HP.^reset;	
/items/ARMORS/NATIVE/GunTengu4/gico_guntengu.back	shortdescription	BPC Tengu Banner	BPC 텐구 깃발	
/items/ARMORS/NATIVE/GunTengu4/gico_guntengu.chest	description	A more recent outfit compared to what other tengu among the clans wear. Has a lot more bags and pockets than other uniforms to carry more ammunition due to their their wearers using volley rifles capable of mimicking the human's semi-automatic and fully automatic designs via magishot catalysts.
^#efc565;Magi Infusion: Friendly nearby magilocks have a chance to trigger a magical explosion on hit that deals 50 PSYCHIC damage. | 2s Individual Cooldown. | Tengu Link [4-SET BONUS]: Gain Tengu Synchronization. DEF: +15% SMALL-ARMS | +35% PSYCHIC & THERMAL^reset;	다른 일족 텐구가 입는 것보다 최근 복장이다. 착용자가 매지샷 촉매로 인간의 반자동·전자동 설계를 흉내 내는 연발 소총을 쓰므로, 더 많은 탄약을 위해 다른 제복보다 자루와 주머니가 많다.\n^#efc565;마기 주입: 주변 아군 마길록이 명중 시 사이킥 피해 50의 마법 폭발을 일정 확률로 발동. | 개별 재사용 대기 2초. | 텐구 링크 [4세트 보너스]: 텐구 동조 획득. 방어력: +15% 소화기 | +35% 사이킥 & 열^reset;	
/items/ARMORS/NATIVE/GunTengu4/gico_guntengu.chest	shortdescription	BPC Tengu Coat	BPC 텐구 코트	
/items/ARMORS/NATIVE/GunTengu4/gico_guntengu.head	shortdescription	BPC Tengu Head	BPC 텐구 머리	
/items/ARMORS/NATIVE/GunTengu4/gico_guntengu_ai.chest	shortdescription	BPC Tengu Coat	BPC 텐구 코트	
/items/ARMORS/NATIVE/GunTengu5/gico_guntengu.chest	description	There are two ways gun witches engage their foes from range. One is through carefully placed shots as done by any other soldier or youkai with a rifle. The other is concentrating all their mana into their weapon and firing away with it without any regards to aiming. In practice, it is no different to a machine gun.
^#efc565;Magic Frenzy: Firing a [EWS] Weapon will also fire a magishot that deals 40 PSYCHIC damage. | 4s Cooldown
Tengu Link [4-SET BONUS]: Gain Tengu Synchronization.
+10% DODGE Chance | DEF: +35% PSYCHIC & +25% THERMAL^reset;	총 마녀가 원거리에서 적과 교전하는 방식은 두 가지다. 하나는 소총을 든 다른 병사나 요괴처럼 조준 사격하는 것, 다른 하나는 모든 마나를 무기에 집중해 조준 무시하고 발사하는 것이다. 실질적으로 기관총과 다름없다.\n^#efc565;마법 광란: [EWS] 무기 발사 시 사이킥 피해 40의 매지샷 추가 발사. | 재사용 대기 4초\n텐구 링크 [4세트 보너스]: 텐구 동조 획득.\n+10% 회피 | 방어력: +35% 사이킥 & +25% 열^reset;	
/items/ARMORS/NATIVE/GunTengu5/gico_guntengu.chest	shortdescription	BPC Tengu Witch Coat	BPC 텐구 마녀 코트	
/items/ARMORS/NATIVE/GunTengu5/gico_guntengu.head	description	''Who said only humans can be magicians?''
  
The Blackpowder Clan magicians are often referred to as 'gun witches' due to their weapons being magilocks rather than conventional wands or staffs.
 
^#efc565;Magic Optimization [HEAD]: The cooldown of Magic Frenzy is reduced by 1s. Tengu Link [4-SET BONUS]: Gain Tengu Synchronization.
+7.5% DODGE Chance | DEF: +20% PSYCHIC^reset;	''마법사는 인간만 될 수 있다고 누가 그랬지?''\n  \n흑화약 일족의 마법사는 무기가 보통 완드나 스태프가 아니라 마길록이어서 '총 마녀'로 불린다.\n \n^#efc565;마법 최적화 [머리]: 마법 광란의 재사용 대기가 1초 감소. 텐구 링크 [4세트 보너스]: 텐구 동조 획득.\n+7.5% 회피 | 방어력: +20% 사이킥^reset;	
/items/ARMORS/NATIVE/GunTengu5/gico_guntengu.head	shortdescription	BPC Tengu Witch Hat	BPC 텐구 마녀 모자	
/items/ARMORS/NATIVE/GunTengu5/gico_guntengu.legs	description	Gun witch magilocks often use special catalysts that are vastly superior to standard ones used by other youkai. One such advantage of these catalysts is having a direct connection to the magician's mana pool, removing the need of ever swapping out the catalyst.

^#efc565;Magic Optimization [LEGS]: The cooldown of Magic Frenzy is reduced by 1s. Tengu Link [4-SET BONUS]: Gain Tengu Synchronization.
+7.5% DODGE Chance | DEF: +20% PSYCHIC^reset;	총 마녀의 마길록은 다른 요괴가 쓰는 표준 것보다 훨씬 뛰어난 특수 촉매를 쓰는 경우가 많다. 이런 촉매의 장점 중 하나는 마법사의 마나 풀과 직접 연결되어 촉매 교체가 필요 없다는 것이다.\n\n^#efc565;마법 최적화 [다리]: 마법 광란의 재사용 대기가 1초 감소. 텐구 링크 [4세트 보너스]: 텐구 동조 획득.\n+7.5% 회피 | 방어력: +20% 사이킥^reset;	
/items/ARMORS/NATIVE/GunTengu5/gico_guntengu.legs	shortdescription	BPC Tengu Witch Dress	BPC 텐구 마녀 드레스	
/items/ARMORS/NATIVE/KingSoldier1/gico_kingsoldier.back	description	''My liege. We have come bearing disturbing news. A messenger comes with new that Gulloaqu has been attacked by some cult with strange horrid monstrosities have accompany them. Shall we mobilize the knights?''

No empire realizes the beginning of their end until it is too late.

^#efc565;Undying Order [4-SET BONUS]: +25 HP. Required for various set armor bonuses.^reset;	''폐하. 불안한 소식을 가져왔습니다. 전언자가 왔는데, 굴로쿠가 이상한 흉측한 괴물들을 거느린 어느 교단에게 습격을 받았다고 합니다. 기사단을 동원할까요?''\n\n어느 제국도 자신의 종말이 시작됐다는 걸 너무 늦기 전엔 깨닫지 못한다.\n\n^#efc565;불사단 [4세트 보너스]: +25HP. 각종 세트 갑옷 보너스에 필요.^reset;	
/items/ARMORS/NATIVE/KingSoldier1/gico_kingsoldier.back	shortdescription	Sunless Order Cape	선리스 기사단 망토	
/items/ARMORS/NATIVE/KingSoldier1/gico_kingsoldier.chest	description	''Madness can come from anywhere. Only a fool would believe themselves to be immune to the ancient one's curse. The King knew it was only a matter of time before his own comrades would turn on each other. So he hatched a plan. A spell that shall ensure that even in death, his soldiers will peform their duty.''
  
^#efc565;Undying Blade [4-SET BONUS]: Negate armor penalties. Enemies within 100 blocks receive -100% SLASH resistance.
DEF: +40% SLASH | +15% SMALL-ARMS & PSYCHIC | +10% THRUST^reset;	''광기는 어디서든 올 수 있다. 고대 존재의 저주에 면역이라 믿는 건 어리석은 짓이다. 왕은 자신의 동료들이 서로에게 등을 돌리는 건 시간문제임을 알고 있었다. 그래서 계획을 세웠다. 죽음 속에서도 그의 병사들이 의무를 다하도록 보장하는 주문을.''\n  \n^#efc565;불사의 검 [4세트 보너스]: 갑옷 페널티 무효. 100블록 내 적이 참격 저항 -100%.\n방어력: +40% 참격 | +15% 소화기 & 사이킥 | +10% 찌르기^reset;	
/items/ARMORS/NATIVE/KingSoldier1/gico_kingsoldier.chest	shortdescription	Sunless Knight Chestplate	선리스 기사 흉갑	
/items/ARMORS/NATIVE/KingSoldier1/gico_kingsoldier.head	description	''And so the twisted evil came for them as did many others. The King and his soldiers could do little to prevent the spreading corruption from turning its populace toward madness. The only thing the king and his men could do was slay those who were far too gone.''
  
^#efc565;Undying Blade [4-SET BONUS]: Negate armor penalties. Enemies within 100 blocks receive -100% SLASH resistance.
DEF: +20% SLASH | +10% SMALL-ARMS & PSYCHIC^reset;	''그리하여 뒤틀린 악이 다른 이들처럼 그들에게도 왔다. 왕과 그의 병사들은 퍼져나가는 타락이 백성을 광기로 몰아가는 걸 거의 막지 못했다. 왕과 부하들이 할 수 있는 유일한 일은 돌이킬 수 없이 멀어진 자들을 죽이는 것뿐이었다.''\n  \n^#efc565;불사의 검 [4세트 보너스]: 갑옷 페널티 무효. 100블록 내 적이 참격 저항 -100%.\n방어력: +20% 참격 | +10% 소화기 & 사이킥^reset;	
/items/ARMORS/NATIVE/KingSoldier1/gico_kingsoldier.head	shortdescription	Sunless Knight Helmet	선리스 기사 헬멧	
/items/ARMORS/NATIVE/KingSoldier1/gico_kingsoldier.legs	description	''His majesty has gone mad! Do not let him finish that ritual, or we will all be forced to rot under this land forever!''

In their final moments, the last soldiers of this dead kingdom had no intention of becoming a slave to this prison.
  
^#efc565;Undying Blade [4-SET BONUS]: Negate armor penalties. Enemies within 100 blocks receive -100% SLASH resistance.
DEF: +20% SLASH | +10% SMALL-ARMS & PSYCHIC^reset;	''폐하께서 미치셨습니다! 저 의식을 끝내게 해선 안 됩니다, 그렇지 않으면 우리 모두 영원히 이 땅 아래에서 썩게 될 겁니다!''\n\n마지막 순간에, 이 죽은 왕국의 마지막 병사들에게는 이 감옥의 노예가 될 생각이 없었다.\n  \n^#efc565;불사의 검 [4세트 보너스]: 갑옷 페널티 무효. 100블록 내 적이 참격 저항 -100%.\n방어력: +20% 참격 | +10% 소화기 & 사이킥^reset;	
/items/ARMORS/NATIVE/KingSoldier1/gico_kingsoldier.legs	shortdescription	Sunless Knight Leggings	선리스 기사 하의	
/items/ARMORS/NATIVE/KingSoldier2/gico_kingsoldier.chest	description	''There's no negotiating with beasts. Vermin. Youkai. The only good ones are those hanging on the tip of this pike.''
Even in death, these armored soldiers hunt for anything to impale in the name of their long dead kingdom. Whether it be youkai or man, their final orders were simple. Let none enter the kingdom.

^#efc565;Undying Pike [4-SET BONUS]: Negate armor penalties. Enemies within 100 blocks receive -100% THRUST resistance.
DEF: +40% THRUST | +15% SMALL-ARMS & PSYCHIC | +10% BLUNT^reset;	''짐승들과 협상은 없다. 해충. 요괴. 좋은 놈은 이 파이크 끝에 매달린 놈뿐이지.''\n죽어서도 이 갑옷 입은 병사들은 오래전에 죽은 왕국의 이름으로 찌를 것을 사냥한다. 요괴든 인간이든, 그들의 마지막 명령은 간단했다. 누구도 왕국에 들이지 마라.\n\n^#efc565;불사의 파이크 [4세트 보너스]: 갑옷 페널티 무효. 100블록 내 적이 찌르기 저항 -100%.\n방어력: +40% 찌르기 | +15% 소화기 & 사이킥 | +10% 타격^reset;	
/items/ARMORS/NATIVE/KingSoldier2/gico_kingsoldier.chest	shortdescription	Sunless Pikeman Chestplate	선리스 파이크병 흉갑	
/items/ARMORS/NATIVE/KingSoldier2/gico_kingsoldier.head	description	''They steal our land! They steal our technology! We shall show these vermin no quarter for all they do is take and take!''
Although forgotten by most, it is known that the tengu clans stole most of their technology from the long dead kingdom while oblivious to their fate. To them, the underground kingdom is a land of the dead where restless spirits lie and nothing more.
^#efc565;Undying Pike [4-SET BONUS]: Negate armor penalties. Enemies within 100 blocks receive -100% THRUST resistance.
DEF: +20% THRUST | +10% SMALL-ARMS & PSYCHIC^reset;	''우리 땅을 빼앗아! 우리 기술을 빼앗아! 빼앗기만 하는 저 해충들에게 자비는 없다!''\n대부분이 잊었지만, 텐구 일족이 기술 대부분을 죽은 왕국에서 훔쳤음은 알려져 있다. 그들의 운명을 모른 채, 그들에게 지하 왕국은 뒤척이는 망령이 깃든 죽은 땅 그 이상도 이하도 아니다.\n^#efc565;불사의 파이크 [4세트 보너스]: 갑옷 페널티 무효. 100블록 내 적이 찌르기 저항 -100%.\n방어력: +20% 찌르기 | +10% 소화기 & 사이킥^reset;	
/items/ARMORS/NATIVE/KingSoldier2/gico_kingsoldier.head	shortdescription	Sunless Pikeman Helmet	선리스 파이크병 헬멧	
/items/ARMORS/NATIVE/KingSoldier2/gico_kingsoldier.legs	description	''We are in the midst of a war between divinity and oblivion. A war where there will not even be a speck of mankind left to remember if we let these monsters into our lands.''
The first Lion expedition almost ended up a massacre for the entire company if not for their explosives being able to completely destroy the unrelenting soldiers hunting them.
^#efc565;Undying Pike [4-SET BONUS]: Negate armor penalties. Enemies within 100 blocks receive -100% THRUST resistance.
DEF: +20% THRUST | +10% SMALL-ARMS & PSYCHIC^reset;	''우리는 신성과 소멸의 전쟁 한복판에 있다. 저 괴물들을 땅에 들이면 인류의 조각조차 남지 않을 전쟁이.''\n폭발물이 끈질긴 병사들을 완전히 파괴할 수 없었다면, 첫 라이온 원정대는 부대 전체가 학살당할 뻔했다.\n^#efc565;불사의 파이크 [4세트 보너스]: 갑옷 페널티 무효. 100블록 내 적이 찌르기 저항 -100%.\n방어력: +20% 찌르기 | +10% 소화기 & 사이킥^reset;	
/items/ARMORS/NATIVE/KingSoldier2/gico_kingsoldier.legs	shortdescription	Sunless Pikeman Leggings	선리스 파이크병 하의	
/items/ARMORS/NATIVE/KingSoldier3/gico_kingsoldier.chest	description	''The suits are hollow, but they talk. There is not even bones left inside those suits, but they still act as if a human is wearing them. We empty an entire magazine into them, and they'll shrug it off while screaming at us as if we're some vile monster. I'm not kidding, they don't see us as humans. They see us as something else. And that makes me afraid.''
^#efc565;Undying Mace [4-SET BONUS]: Negate armor penalties. Enemies within 100 blocks receive -100% BLUNT resistance.
DEF: +40% BLUNT | +15% SMALL-ARMS & PSYCHIC | +10% SLASH^reset;	''갑옷은 비어 있는데 말을 해. 안에 뼈조차 남지 않았는데도, 마치 사람이 입고 있는 것처럼 행동해. 탄창 하나를 통째로 쏟아부어도 아무렇지 않다는 듯 우릴 더러운 괴물처럼 소리치며 다가와. 거짓말 아니야. 걔들은 우릴 인간으로 보지 않아. 다른 무언가로 봐. 그게 날 두렵게 해.''\n^#efc565;불사의 철퇴 [4세트 보너스]: 갑옷 페널티 무효. 100블록 내 적이 타격 저항 -100%.\n방어력: +40% 타격 | +15% 소화기 & 사이킥 | +10% 참격^reset;	
/items/ARMORS/NATIVE/KingSoldier3/gico_kingsoldier.chest	shortdescription	Sunless Footmen Chestplate	선리스 보병 흉갑	
/items/ARMORS/NATIVE/KingSoldier3/gico_kingsoldier.head	description	''While we were trying to dig toward the mountain, our soldiers found this place. The cave just kept going down and down. Felt endless until we finally saw light near the bottom. What we found was a whole another land down here. An entire ruined civilization that was locked away. Not even the native villagers know what this place is.''
^#efc565;Undying Mace [4-SET BONUS]: Negate armor penalties. Enemies within 100 blocks receive -100% BLUNT resistance.
DEF: +20% BLUNT | +10% SMALL-ARMS & PSYCHIC^reset;	''산을 향해 파 내려가던 중, 우리 병사들이 이곳을 발견했어. 동굴이 끝없이 계속 내려갔어. 마침내 바닥 근처에서 빛이 보일 때까지. 발견한 건 아래에 펼쳐진 또 다른 세계였어. 문 닫힌 통째의 멸망한 문명이. 이곳이 뭔지는 토착 마을 사람들도 몰라.''\n^#efc565;불사의 철퇴 [4세트 보너스]: 갑옷 페널티 무효. 100블록 내 적이 타격 저항 -100%.\n방어력: +20% 타격 | +10% 소화기 & 사이킥^reset;	
/items/ARMORS/NATIVE/KingSoldier3/gico_kingsoldier.head	shortdescription	Sunless Footmen Helmet	선리스 보병 헬멧	
/items/ARMORS/NATIVE/KingSoldier3/gico_kingsoldier.legs	description	''The captain has made a decision. We are getting out of here and will come back when the war is over where we can get the whole army here. Those things we fought. They're even more dangerous than the youkai. At least they can feel pain. These things? They'll just keep coming at you until you're dead.''

^#efc565;Undying Mace [4-SET BONUS]: Negate armor penalties. Enemies within 100 blocks receive -100% BLUNT resistance.
DEF: +20% BLUNT | +10% SMALL-ARMS & PSYCHIC^reset;	''대장이 결정을 내렸어. 여기서 나가서 전쟁이 끝나면 전 군대를 데리고 돌아오기로. 우리가 싸운 그것들. 요괴보다 더 위험해. 걔들은 최소한 고통을 느끼기라도 하지. 이것들은? 네가 죽을 때까지 계속 올 뿐이야.''\n\n^#efc565;불사의 철퇴 [4세트 보너스]: 갑옷 페널티 무효. 100블록 내 적이 타격 저항 -100%.\n방어력: +20% 타격 | +10% 소화기 & 사이킥^reset;	
/items/ARMORS/NATIVE/KingSoldier3/gico_kingsoldier.legs	shortdescription	Sunless Footmen Leggings	선리스 보병 하의	
/items/ARMORS/NATIVE/KingSoldier4/gico_kingsoldier.chest	description	''There is no mercy to be found in cold steel. Like the men, the animals too were remade into iron war machines that would be impervious to the madness consuming their kingdom.''
  
Sunless Riders can range from mounting horses to war griffons depending on their role on the battlefield.
^#efc565;First Strike [CHEST]: Enemies within 100 blocks receive -50% GENERAL Resistance for 5s on the first damaging hit.
DEF: +15% SMALL-ARMS | +20% MELEE^reset;	''차가운 강철에서 자비는 찾을 수 없다. 사람들처럼, 동물들도 왕국을 잠식하는 광기가 침범할 수 없는 철의 전쟁 기계로 다시 만들어졌다.''\n  \n선리스 기병은 전장의 역할에 따라 말에서 전쟁 그리핀까지 올라탄다.\n^#efc565;선제타격 [가슴]: 첫 피해 적중 시 100블록 내 적이 5초간 일반 저항 -50%.\n방어력: +15% 소화기 | +20% 근접^reset;	
/items/ARMORS/NATIVE/KingSoldier4/gico_kingsoldier.chest	shortdescription	Sunless Rider Chestplate	선리스 기병 흉갑	
/items/ARMORS/NATIVE/KingSoldier4/gico_kingsoldier.head	description	''Not even the lowly animal is immune to the spreading corruption that is plagueing our land. If the vile beasts think they can take away our animal allies then we shall make our own.''
As the madness began driving the horses and animals insane, the king ordered his greatest magicians to create golems to imitate their cavalry.
^#efc565;First Strike [HEAD]: Enemies within 100 blocks are STUNNED for 2s on the first damaging hit.
DEF: +7.5% SMALL-ARMS & MELEE | +10% PSYCHIC^reset;	''미천한 짐승조차 우리 땅을 잠식하는 번져나가는 타락을 피하지 못했다. 더러운 짐승들이 우리의 동물 동료를 빼앗아갈 수 있다 생각한다면, 우리는 스스로 만들어 낼 것이다.''\n광기가 말과 동물들을 미치게 하기 시작하자, 왕은 가장 위대한 마법사들에게 기병을 흉내 낼 골렘을 만들라 명했다.\n^#efc565;선제타격 [머리]: 첫 피해 적중 시 100블록 내 적을 2초간 기절시킨다.\n방어력: +7.5% 소화기 & 근접 | +10% 사이킥^reset;	
/items/ARMORS/NATIVE/KingSoldier4/gico_kingsoldier.head	shortdescription	Sunless Rider Helmet	선리스 기병 헬멧	
/items/ARMORS/WST/WestCommissar/gico_west_commissar.back	description	Large survival backpack used by the Queen's Inquisition forces. Due to the common tendency for their operations to be set in places far from any supply line, the Inquisition began creating special kits that provide their soldiers with everything they need to survive out in the wilderness for up to a month if not more depending on what natural resource they can find. 
  
  
^#b4a67f;+25HP.^reset;	여왕의 이단심문대 부대가 쓰는 대형 생존 배낭. 보급선에서 먼 곳에서 작전을 수행하는 게 보통이므로, 이단심문대는 찾아낸 천연 자원에 따라 한 달 이상 야생에서 살아남는 데 필요한 모든 것을 제공하는 특수 킷을 만들기 시작했다. \n  \n  \n^#b4a67f;+25HP.^reset;	
/items/ARMORS/WST/WestCommissar/gico_west_commissar.back	shortdescription	RE Survival Pack	RE 생존 배낭	
/items/ARMORS/WST/WestCommissar/gico_west_commissar.chest	description	Most high ranking personnel in both the Federation and Lion Empire during the Second Continental War comprise of First Continental War veterans. Having been the ones to see first hand the devastating effect of modern weaponry, they were the first to come up with new tactics and strategies using it.
^#b4a67f;Our Finest Hour [CHEST]: When firing a [EWS] Weapon, you and all nearby Infantry Summons become IMMUNE to Suppression and have +50% DEF for 3s. | 10s Cooldown
DEF: +20% SMALL-ARMS & SLASH & THRUST | +15% BLUNT^reset;	제2차 대륙 전쟁 당시 연방과 라이온 제국 양쪽의 고위 인원 대부분은 제1차 대륙 전쟁 참전용사로 이루어져 있다. 현대식 화기의 파괴적 영향을 직접 본 그들이 가장 먼저 그것을 이용한 새 전술과 전략을 고안했다.\n^#b4a67f;최고의 순간 [가슴]: [EWS] 무기 발사 시, 자신과 주변 모든 보병 소환물이 3초간 제압 면역과 방어력 +50%. | 재사용 대기 10초\n방어력: +20% 소화기 & 참격 & 찌르기 | +15% 타격^reset;	
/items/ARMORS/WST/WestCommissar/gico_west_commissar.chest	shortdescription	RE Commissar Fatigues	RE 정치장교 군복	
/items/ARMORS/WST/WestCommissar/gico_west_commissar.head	description	The First Continental War has taught the few that survived vast amounts of knowledge that would be vital for the next generation of soldiers. Despite having witnessed insurmountable horror during their time in the front, their loyalty toward their Queen still takes precedent over their own sanity.
^#b4a67f;Our Finest Hour [HEAD]: When firing a [EWS] Weapon, you and all nearby Infantry Summons gain +50% General Weapon Proficiency for 3s. | 10s Cooldown
DEF: +20% SMALL-ARMS | +5% MELEE^reset;	제1차 대륙 전쟁은 살아남은 소수에게 다음 세대 병사들에게 필수적인 방대한 지식을 가르쳐주었다. 전선에서 헤아릴 수 없는 공포를 목격했음에도, 여왕을 향한 충성은 여전히 자신들의 정신보다 우선한다.\n^#b4a67f;최고의 순간 [머리]: [EWS] 무기 발사 시, 자신과 주변 모든 보병 소환물이 3초간 일반 무기 숙련 +50%. | 재사용 대기 10초\n방어력: +20% 소화기 | +5% 근접^reset;	
/items/ARMORS/WST/WestCommissar/gico_west_commissar.head	shortdescription	RE Commissar Mask	RE 정치장교 가면	
/items/ARMORS/WST/WestCommissar/gico_west_commissar.legs	description	The Queen's Inquisition consists of fanatical soldiers who will follow any order no matter how barbaric it may be. Their presence alone means that there will be no mercy. To the youkai, they are no different than shrine maidens of the past that hunted them.
^#b4a67f;Old Guard Veterancy - If wearing a RE Royal Commissar Fatigues | RE Royal Commissar Mask, summon one ROSE ELITE SOLDIER when using a ^reset;^orange;DEPLOYMENT ORDER^reset;^#b4a67f; per item. | 60s Cooldown. If wearing a RE Royal Soldier Fatigues | RE Royal Soldier Mask, gain +25 HP and +10% General Weapon Proficiency per item. +12.5% DODGE Chance.^reset;	여왕의 이단심문대는 아무리 잔혹한 명령이라도 따르는 광신적 병사들로 이루어져 있다. 그들의 존재만으로도 자비는 없을 것임을 뜻한다. 요괴들에게 그들은 옛날 자신들을 사냥한 무녀들과 다를 바 없다.\n^#b4a67f;구 근위대 베테랑 - RE 왕립 정치장교 군복 | RE 왕립 정치장교 가면 착용 시, 아이템당 ^reset;^orange;배치 명령^reset;^#b4a67f; 사용 시 로즈 정예 병사 하나 소환. | 재사용 대기 60초. RE 왕립 병사 군복 | RE 왕립 병사 가면 착용 시, 아이템당 +25HP와 일반 무기 숙련 +10%. +12.5% 회피.^reset;	
/items/ARMORS/WST/WestCommissar/gico_west_commissar.legs	shortdescription	RE Royal Leggings	RE 왕립 하의	
/items/ARMORS/WST/WestCommissarElite/gico_west_commissar_hunter.chest	description	Armored breastplate underneath a trenchcoat accompanied by two armored shoulder pads with an ammunition belt and sword belt accompanied a holster going under each one. Attached to the belt, a air tank and tube, gas mask and large pack can be seen. A reminder of the First Continental War and its consequences.
^#b4a67f;Firepower Doctrine: Enemies within a 100 blocks have reduced Accuracy, DODGE Chance, and -25% SMALL-ARMS Resistance, Effects amplify if the target is Suppressed.
DEF: +25% SMALL-ARMS | +10% BLEED | +15% MELEE^reset;	트렌치코트 아래 갑옷 브레스트플레이트에, 두 개의 견갑과 각각 아래로 홀스터가 딸린 탄약띠와 칼띠. 허리띠에는 공기 탱크와 관, 방독면, 큰 짐이 달려 있다. 제1차 대륙 전쟁과 그 결과물의 상기물이다.\n^#b4a67f;화력 교리: 100블록 내 적의 명중률, 회피 감소, 소화기 저항 -25%. 대상이 제압당하면 효과 증폭.\n방어력: +25% 소화기 | +10% 출혈 | +15% 근접^reset;	
/items/ARMORS/WST/WestCommissarElite/gico_west_commissar_hunter.chest	shortdescription	RE Royal Hunter Fatigues	RE 왕립 사냥꾼 군복	
/items/ARMORS/WST/WestCommissarElite/gico_west_commissar_hunter.head	description	''The Great Doubt. Otherwise known as the end of the church and the clergy's power over the Queen. The First Continental War has done more than just shown her the horrors of war. What it has also shown that whatever god she believed in has either left her or sent us all to hell. Why give faith to a god that subjected its creations to a hellscape of bullets, gas, and explosives?''
^#b4a67f;Cripple Shot: The next Lethal Bullet hit on a enemy stuns the target for 2s. Can be triggered by allies. | 10s Cooldown Per Enemy
DEF: +25% SMALL-ARMS | +10% BLUNT^reset;	''대의심. 교회와 여왕에 대한 성직자 권력의 종말로 알려진 것. 제1차 대륙 전쟁이 여왕에게 보여준 건 전쟁의 공포만이 아니었다. 그녀가 믿던 신이 그녀를 떠났든, 우리 모두를 지옥으로 보냈든 상관없다는 것도 보여줬다. 자신의 창조물을 총알과 가스, 폭약의 지옥도에 처한 신에게 왜 신앙을 바치겠는가?''\n^#b4a67f;불구 사격: 적에게 다음 치명탄 적중 시 대상을 2초간 기절. 아군도 발동 가능. | 적 한 명당 재사용 대기 10초\n방어력: +25% 소화기 | +10% 타격^reset;	
/items/ARMORS/WST/WestCommissarElite/gico_west_commissar_hunter.head	shortdescription	RE Royal Hunter Helmet	RE 왕립 사냥꾼 헬멧	
/items/ARMORS/WST/WestCommissarElite/gico_west_commissar_hunter.legs	description	''Shortly after the reorganization of the Queen's Inquistion, Royal Hunters were shifted into a more militaristic role rather than a civil one. Instead of rooting out heresy and launching investigations, Royal Hunters were now the elite soldiers of the Queen's Inquisiton and are trained to support the main army and their campaigns through any means necessary as a outside force.''
^#b4a67f;Royal Training: +10% Woodlands Weapon Proficiency. 
DEF: +10% SMALL-ARMS & BLEED^reset;	''여왕의 이단심문대가 재편된 직후, 왕립 사냥꾼은 민간 역할 대신 군사적 역할로 전환됐다. 이단을 뿌리 뽑고 수사하는 대신, 왕립 사냥꾼은 이제 여왕 이단심문대의 정예 병사가 되어 외부 세력으로서 수단을 가리지 않고 본군과 그들의 전역을 지원하도록 훈련받는다.''\n^#b4a67f;왕립 훈련: 우드랜즈 무기 숙련 +10%. \n방어력: +10% 소화기 & 출혈^reset;	
/items/ARMORS/WST/WestCommissarElite/gico_west_commissar_hunter.legs	shortdescription	RE Royal Hunter Leggings	RE 왕립 사냥꾼 하의	
/items/ARMORS/WST/WestCommissarSoldier/gico_west_commissar_soldier.chest	description	''Once the war starts, nothing is off limit. People can say whatever they want about morality and honor, but you don't win a war by keeping your hands clean. If you don't use everything on the table, the enemy will. The folks here don't know what it was like having to fight in the midst of gas attacks or thrown into the meat grinder. I hope they never will.''
^#b4a67f;Enduring Mind [CHEST]: Upon taking more than 50 damage, gain a^reset; ^#C8FAFA;HIT-SHIELD^reset; ^#b4a67f;for 5s. | 5s Cooldown
DEF: +25% SMALL-ARMS | +10% HEAVY-ARMS | +20% SLASH & THRUST^reset;	''전쟁이 시작되면 금지는 없다. 도덕이고 명예고 뭐라고 해도, 손을 깨끗하게 해서 이기는 전쟁은 없어. 네가 쓸 수 있는 걸 다 쓰지 않으면 적이 쓴다. 여기 사람들은 가스 공격 한복판에서 싸우거나 고기 분쇄기에 던져지는 게 어땠는지 몰라. 평생 모르기를 바란다.''\n^#b4a67f;견고한 정신 [가슴]: 50 이상 피해를 입으면 5초간 ^reset;^#C8FAFA;HIT-SHIELD^reset; ^#b4a67f;획득. | 재사용 대기 5초\n방어력: +25% 소화기 | +10% 중화기 | +20% 참격 & 찌르기^reset;	
/items/ARMORS/WST/WestCommissarSoldier/gico_west_commissar_soldier.chest	shortdescription	RE Royal Soldier Fatigues	RE 왕립 병사 군복	
/items/ARMORS/WST/WestCommissarSoldier/gico_west_commissar_soldier.head	description	''We lost everything during the First Continental War. That's why we volunteered for this. The men who went home all had something left to cherish. Family, friends, their own sanity. But me? What use is there in a broken man who can only think on how to butcher their next door neighbor with a fork? If I already gave almost everything to this country, I might as well give the rest.''
^#b4a67f;Enduring Mind [HEAD]: If wearing a RE Royal Soldier Fatigues, reduce the damage threshold to 25 instead of 50.
DEF: +15% SMALL-ARMS | +5% HEAVY-ARMS | +5% MELEE^reset;	''제1차 대륙 전쟁 때 우린 모든 걸 잃었어. 그래서 지원한 거야. 집에 돌아간 놈들은 다 아낄 게 남아 있었거든. 가족, 친구, 자기 정신. 근데 나는? 옆집 사람을 포크로 도륙하는 상상밖에 못 하는 망가진 놈이 무슨 쓸모가 있어? 이 나라에 거의 모든 걸 바친 거, 나머지도 바치는 게 낫겠지.''\n^#b4a67f;견고한 정신 [머리]: RE 왕립 병사 군복 착용 시, 피해 임계값을 50 대신 25로 감소.\n방어력: +15% 소화기 | +5% 중화기 | +5% 근접^reset;	
/items/ARMORS/WST/WestCommissarSoldier/gico_west_commissar_soldier.head	shortdescription	RE Royal Soldier Helmet	RE 왕립 병사 헬멧	
/items/ARMORS/WST/WestSoldier1/gico_west_soldier.back	description	A set of small packs with straps used to carry all sorts of supplies and equipment a West Star soldier needs. Compared to the Lion's rucksacks, these packs tend to be smaller but more numerous in comparison to allow modularity and better organization of equipment rather than having to scrounge through a single large backpack.
  
  
^#b4a67f;+25HP.^reset;	웨스트 스타 병사에게 필요한 온갖 보급품과 장비를 나르는 끈 달린 소형 짐 세트. 라이온의 배낭과 비교하면, 이 짐들은 더 작지만 수가 많아 모듈성과 더 나은 장비 정리를 제공한다. 큰 배낭 하나를 뒤지는 대신 말이지.\n  \n  \n^#b4a67f;+25HP.^reset;	
/items/ARMORS/WST/WestSoldier1/gico_west_soldier.back	shortdescription	WS Backpack	WS 배낭	
/items/ARMORS/WST/WestSoldier1/gico_west_soldier.chest	description	The Crown Federation consists of five major nations led by its original founder, the Rose Empire. It was created shortly after the Great Compromise where the Queen conceded majority of their oversight among the massive colonies and allowed independant ruling under lenient conditions.
^#b4a67f;Covering Fire [CHEST]: If crouching, gain +10% General Resistance and General Weapon Proficiency.
Royal Army Training [CHEST]: +10% Woodlands Weapon Proficiency.
DEF: +25% SMALL-ARMS | +15% SLASH | 10% THRUST | 5% BLUNT^reset;	크라운 연방은 창건자인 로즈 제국이 이끄는 5개 주요 국가로 이루어져 있다. 대타협 직후 여왕이 거대 식민지에 대한 대부분의 감독을 양보하고 관대한 조건의 독립 통치를 허용하면서 만들어졌다.\n^#b4a67f;엄호 사격 [가슴]: 웅크리고 있으면 일반 저항과 일반 무기 숙련 +10%.\n왕립군 훈련 [가슴]: 우드랜즈 무기 숙련 +10%.\n방어력: +25% 소화기 | +15% 참격 | 10% 찌르기 | 5% 타격^reset;	
/items/ARMORS/WST/WestSoldier1/gico_west_soldier.chest	shortdescription	RE Infantry Fatigues	RE 보병 군복	
/items/ARMORS/WST/WestSoldier1/gico_west_soldier.head	description	''Anyone who isn't shooting is going to get my boot up their ass!''
The Lion and Federation divided up the front into their own respective sides. While both sides would send aid if the other requested it, it was in the best interest for both generals to keep their men apart to avoid any possible confrontation.

^#b4a67f;Covering Fire [HEAD]: If crouching, gain +10% General Resistance and General Weapon Proficiency.
DEF: +10% SMALL-ARMS & SLASH | +5% THRUST^reset;	''쏘지 않는 놈은 내 발로 엉덩이를 차줄 테다!''\n라이온과 연방은 전선을 각자의 구역으로 나눴다. 어느 한쪽이 요청하면 지원을 보내겠지만, 충돌 가능성을 피하려고 양쪽 장군 모두 병력을 떼어 두는 게 서로의 이익이었다.\n\n^#b4a67f;엄호 사격 [머리]: 웅크리고 있으면 일반 저항과 일반 무기 숙련 +10%.\n방어력: +10% 소화기 & 참격 | +5% 찌르기^reset;	
/items/ARMORS/WST/WestSoldier1/gico_west_soldier.head	shortdescription	RE Infantry Helmet	RE 보병 헬멧	
/items/ARMORS/WST/WestSoldier1/gico_west_soldier.legs	description	''Come on, chaps. The war isn't going to win by itself.''
Tensions were high during the first few months of the 'alliance'. Both sides were expecting the other to betray them and constantly kepts tabs on each other by coincidentally having various units stationed nearby doing 'reconaissance'.

^#b4a67f;Covering Fire [LEGS]: If crouching, gain +10% General Resistance and General Weapon Proficiency.
DEF: +10% SLASH | +7.5% THRUST & BLUNT^reset;	''자, 친구들. 전쟁이 스스로 이겨주진 않을 거야.''\n'동맹' 초기 몇 달간 긴장이 고조됐다. 양쪽 다 상대방의 배신을 예상했고, 우연인 양 '정찰'을 하라며 부대를 근처에 주둔시키며 서로를 감시했다.\n\n^#b4a67f;엄호 사격 [다리]: 웅크리고 있으면 일반 저항과 일반 무기 숙련 +10%.\n방어력: +10% 참격 | +7.5% 찌르기 & 타격^reset;	
/items/ARMORS/WST/WestSoldier1/gico_west_soldier.legs	shortdescription	RE Infantry Leggings	RE 보병 하의	
/items/ARMORS/WST/WestSoldier10/gico_west_soldier.chest	description	Standard rifleman apparel used by Cavalry Company.	기병중대가 쓰는 표준 소총병 복장.	
/items/ARMORS/WST/WestSoldier10/gico_west_soldier.chest	shortdescription	WS Rifleman Fatigues	WS 소총병 군복	
/items/ARMORS/WST/WestSoldier10/gico_west_soldier.head	description	Standard rifleman apparel used by Cavalry Company.	기병중대가 쓰는 표준 소총병 복장.	
/items/ARMORS/WST/WestSoldier10/gico_west_soldier.head	shortdescription	WS Rifleman Helmet	WS 소총병 헬멧	
/items/ARMORS/WST/WestSoldier10/gico_west_soldier.legs	description	Standard rifleman apparel used by Cavalry Company.	기병중대가 쓰는 표준 소총병 복장.	
/items/ARMORS/WST/WestSoldier10/gico_west_soldier.legs	shortdescription	WS Rifleman Leggings	WS 소총병 하의	
/items/ARMORS/WST/WestSoldier11/gico_west_soldier.chest	description	West Star sappers are engineers intended for a more frontline role rather than normal ones. Specializing in demolition and clearing the battlefield of hazards, the sapper stays close to the main infantry and ensures that no position holds them down.
  
^#b4a67f;Engineer Rigging: Negate the Medium Weight Weapon Penalty when using a Medium Weight Weapon. If using a Heavy Weight Weapon, halve the weapon penalty.
10% BALLISTIC Resistance.^reset;	웨스트 스타 공병은 일반 공병보다 최전선 역할을 맡는 기술자다. 폭파물 해체와 전장의 위험물 제거가 전문인 공병은 보병 본대 가까이에서 어떤 진지도 그들을 발목잡지 못하게 한다.\n  \n^#b4a67f;공병 장비: 중량 무기 사용 시 중량 무기 페널티 무효. 중화기 사용 시 무기 페널티 절반.\n탄도 저항 10%.^reset;	
/items/ARMORS/WST/WestSoldier11/gico_west_soldier.chest	shortdescription	WS Sapper Fatigues	WS 공병 군복	
/items/ARMORS/WST/WestSoldier11/gico_west_soldier.head	description	''The kappas are the only youkai we are aware of that can construct proper defenses against our armor. While the tengu are knowledgeable enough to create walls, barricades, and even their massive fortresses, they can't make a bunker or a anti-tank gun for the life of them. When we started running into those types of positions, us engineers became frontline sappers to help the infantry destroy them.''

^#b4a67f;10% BALLISTIC Resistance.^reset;	''요괴가 우리 속도를 늦추려고 갖가지 걸 내놓는 걸 봤어. 나무 요새, 벙커, 간이 창살 함정, 끝이 없어. 방어 시설의 수준은 우리가 상대하는 요괴에 달렸어. 캇파는 우리처럼 비슷한 방어 시설을 만드는 걸로 유명하고, 텐구는 더 단순한 함정에 의존하는 편이지. 어느 쪽이든, 다음에 뭘 상대하게 될지 도통 모르니까 우리 공병한테는 끔찍한 골칫거리야.''\n\n^#b4a67f;운명의 도박: 다음 두 발의 피해가 10~90% 감소. | 각 재사용 대기 20초 | 방어력: +10% 소화기 | +15% 폭발^reset;	
/items/ARMORS/WST/WestSoldier11/gico_west_soldier.head	shortdescription	WS Sapper Helmet	WS 공병 헬멧	
/items/ARMORS/WST/WestSoldier11/gico_west_soldier.legs	description	Due to the close quarter nature of the sapper's combat role, sappers are often equipped with submachine guns or shotguns to defend themselves with along with a variety of grenades. Furthermore, sappers are given armor as part of their standard uniform due to their close work with explosive ordanance.
  
^#b4a67f;10% BALLISTIC Resistance.^reset;	근접 전투가 주 역할인 탓에 공병은 자주 기관단총이나 산탄총으로 무장하고 각종 수류탄을 지닌다. 게다가 폭발물과 밀접하게 일하므로 표준 제복의 일부로 갑옷도 지급된다.\n  \n^#b4a67f;탄도 저항 10%.^reset;	
/items/ARMORS/WST/WestSoldier11/gico_west_soldier.legs	shortdescription	WS Sapper Leggings	WS 공병 하의	
/items/ARMORS/WST/WestSoldier11/gico_west_soldier_ai.chest	shortdescription	WS Sapper Fatigues	WS 공병 군복	
/items/ARMORS/WST/WestSoldier11/gico_west_soldier_ai.head	shortdescription	WS Sapper Helmet	WS 공병 헬멧	
/items/ARMORS/WST/WestSoldier11/gico_west_soldier_ai.legs	shortdescription	WS Sapper Leggings	WS 공병 하의	
/items/ARMORS/WST/WestSoldier12/gico_west_soldier.chest	description	''A rare tanker jacket that hasn't been cut open, burned, or torn to shreds from combat. Over 75% of all tank crews in this war are killed the shortly after their tank becomes inoperable. Tank crew members are considered to be a high priority target for youkai attacks due to the crew being easy pickings.''
^#b4a67f;Armored Support [3-SET BONUS]: Crouching for 5s will call in a drivable S24 Chaffer on your location. Has less firepower than a Kaiserwagen III. Can fit through doorways. | 300s Cooldown | +10% DODGE Chance | DEF: +20% BLEED^reset;	''전투로 찢어지고, 타고, 너덜너덜해지지 않은 귀한 탱커 재킷. 이 전쟁의 전차 승무원 75% 이상이 자기 전차가 못 쓰게 된 직후 죽는다. 승무원이 잡기 쉬운 먹잇감이라 전차 승무원은 요괴 공격의 우선 표적으로 여겨진다.''\n^#b4a67f;기갑 지원 [3세트 보너스]: 5초간 웅크리면 탈 수 있는 S24 채퍼를 현 위치에 호출. 카이저바겐 III보다 화력이 약하다. 문을 통과할 수 있다. | 재사용 대기 300초 | 회피 +10% | 방어력: +20% 출혈^reset;	
/items/ARMORS/WST/WestSoldier12/gico_west_soldier.chest	shortdescription	WS Tanker Fatigues	WS 전차병 군복	
/items/ARMORS/WST/WestSoldier12/gico_west_soldier.head	description	''Without infantry to screen for enemies, armor might as well be a walking coffin. Both the Federation and Lion keep their armor columns accompanied by infantry to minimize risk of aerial ambushes. A common tactic the tengu would use is fire magirockets onto the roof of the tank.''
^#b4a67f;Armored Support [3-SET BONUS]: Crouching for 5s will call in a drivable S24 Chaffer on your location. Has less firepower than a Kaiserwagen III. Can fit through doorways. | 300s Cooldown | +10% DODGE Chance | DEF: +20% BLEED^reset;	''적을 걸러낼 보병 없이는 장갑도 걸어다니는 관이나 다름없다. 연방과 라이온 모두 공중 기습 위험을 줄이려고 장갑 기둥에 보병을 동행시킨다. 텐구가 자주 쓰는 전술은 전차 지붕에 마기로켓을 발사하는 것이다.''\n^#b4a67f;기갑 지원 [3세트 보너스]: 5초간 웅크리면 탈 수 있는 S24 채퍼를 현 위치에 호출. 카이저바겐 III보다 화력이 약하다. 문을 통과할 수 있다. | 재사용 대기 300초 | 회피 +10% | 방어력: +20% 출혈^reset;	
/items/ARMORS/WST/WestSoldier12/gico_west_soldier.head	shortdescription	WS Tanker Goggles	WS 전차병 고글	
/items/ARMORS/WST/WestSoldier12/gico_west_soldier.legs	description	The West Star had more armored vehicles than any other army when they arrived on this planet. Due to fuel and part shortages, half were scrapped for their parts and fuel so that the remaining half can stay combat capable as long as possible.
  
^#b4a67f;Armored Support [3-SET BONUS]: Crouching for 5s will call in a drivable S24 Chaffer on your location. Has less firepower than a Kaiserwagen III. Can fit through doorways. | 300s Cooldown | +10% DODGE Chance | DEF: +20% BLEED^reset;	웨스트 스타는 이 행성에 도착했을 때 다른 어떤 군대보다 장갑차가 많았다. 연료와 부품 부족으로, 남은 절반이 가능한 오래 전투 능력을 유지하도록 절반은 부품과 연료를 위해 해체됐다.\n  \n^#b4a67f;기갑 지원 [3세트 보너스]: 5초간 웅크리면 탈 수 있는 S24 채퍼를 현 위치에 호출. 카이저바겐 III보다 화력이 약하다. 문을 통과할 수 있다. | 재사용 대기 300초 | 회피 +10% | 방어력: +20% 출혈^reset;	
/items/ARMORS/WST/WestSoldier12/gico_west_soldier.legs	shortdescription	WS Tanker Leggings	WS 전차병 하의	
/items/ARMORS/WST/WestSoldier2/gico_west_soldier.chest	description	As the war dragged on and the youkai became more familiar with human tactics, they started fielding their own firearms and equipment. Unlike the Federation and Lion that use ballistics to fire their weapons, the tengu and their kappas began using magic as a alternative propellant.
^#b4a67f;Engineer Corps: If enemies are within approximately 60 blocks, deploy a static sandbag that serves as cover against small arms and distracts enemies. | 30s Cooldown
DEF: +25% SMALL-ARMS | +10% SLASH & THRUST | +30% BLUNT^reset;	전쟁이 길어지고 요괴가 인간의 전술에 익숙해지자, 자체 화기와 장비를 운용하기 시작했다. 탄도로 무기를 발사하는 연방과 라이온과 달리, 텐구와 캇파들은 대체 추진제로 마법을 쓰기 시작했다.\n^#b4a67f;공병대: 약 60블록 내에 적이 있으면 소화기에 대한 엄폐물이 되고 적의 주의를 끄는 고정 모래주머니 배치. | 재사용 대기 30초\n방어력: +25% 소화기 | +10% 참격 & 찌르기 | +30% 타격^reset;	
/items/ARMORS/WST/WestSoldier2/gico_west_soldier.chest	shortdescription	RE Engineer Fatigues	RE 공병 군복	
/items/ARMORS/WST/WestSoldier2/gico_west_soldier.head	description	''Run you buggers! RUN!!!''
Due to the amount of trenches and fortifications needed to be built, the Rose Empire Engineer Corps were one of the first units within the Federation to ask for volunteers from the native populace including youkai. It wouldn't be long before other units would allow youkai and the native humans to join their units.
^#b4a67f;Steady Material [HEAD]: If wearing a RE Engineer Fatigues, increase the HP of the deployable sandbag and total deployed.
DEF: +10% SMALL-ARMS & +10% SLASH | +5% THRUST^reset;	''달려, 멍청이들아! 달려!!!''\n쌓아야 할 참호와 요새가 많아, 로즈 제국 공병대는 연방 내에서 최초로 요괴를 포함한 토착민 자원자를 받아들인 부대 중 하나다. 다른 부대도 요괴와 토착 인간의 입대를 허용하기까지 오래 걸리지 않았다.\n^#b4a67f;견고한 자재 [머리]: RE 공병 군복 착용 시, 배치 모래주머니의 HP와 총 배치 수 증가.\n방어력: +10% 소화기 & +10% 참격 | +5% 찌르기^reset;	
/items/ARMORS/WST/WestSoldier2/gico_west_soldier.head	shortdescription	RE Engineer Helmet	RE 공병 헬멧	
/items/ARMORS/WST/WestSoldier2/gico_west_soldier.legs	description	''Oi! Don't just sit there and watch. Get in the bunker!''
The engineers are responsible for majority of the trenches and fortifications built during the war. Without their presence, it would've been impossible for the Federation and Lion to hold back the tengu from retaking territory they have lost.

^#b4a67f;Steady Material [LEGS]: If wearing a RE Engineer Fatigues, increase the HP of the deployable sandbag and total deployed.
DEF: +10% SMALL-ARMS | +10% BLUNT | +5% THRUST^reset;	''이봐! 거기 앉아서 구경만 하지 말고 벙커로 들어가!''\n공병은 전쟁 중 지어진 대부분의 참호와 요새 공사를 담당한다. 그들이 없었다면 연방과 라이온이 잃은 영토를 되찾으려는 텐구를 막는 건 불가능했을 것이다.\n\n^#b4a67f;견고한 자재 [다리]: RE 공병 군복 착용 시, 배치 모래주머니의 HP와 총 배치 수 증가.\n방어력: +10% 소화기 | +10% 타격 | +5% 찌르기^reset;	
/items/ARMORS/WST/WestSoldier2/gico_west_soldier.legs	shortdescription	RE Engineer Leggings	RE 공병 하의	
/items/ARMORS/WST/WestSoldier3/gico_west_soldier.chest	description	While most commando teams make their insertion on foot, high command may occassionally order the usage of a glider for a more indepth operation. These gliders bring in more equipment that a commando team would normally would not be able to bring such as support weapons and heavier arms.
^#b4a67f;Smoke Cover: Firing your [EWS] weapon will drop a light smoke grenade at your feet that provides +30% DODGE Chance. | 15s Cooldown
+15% General Weapon Proficiency | +10% DODGE Chance^reset;	대부분의 코만도 팀은 도보로 침투하지만, 고위 사령부는 더 심층적인 작전을 위해 가끔 글라이더 사용을 명한다. 이 글라이더는 지원 화기나 중화기처럼 코만도 팀이 보통 가져오지 못하는 장비를 실어 나른다.\n^#b4a67f;연막 엄호: [EWS] 무기 발사 시 발밑에 회피 +30%를 주는 경량 연막탄 투하. | 재사용 대기 15초\n+15% 일반 무기 숙련 | +10% 회피^reset;	
/items/ARMORS/WST/WestSoldier3/gico_west_soldier.chest	shortdescription	RE Commando Fatigues	RE 코만도 군복	
/items/ARMORS/WST/WestSoldier3/gico_west_soldier.head	description	''Come on lads, it'll be a quick one day operation.''
Having extensive training in close quarter combat, various commando teams have managed in the past to best a youkai in melee combat despite wearing no armor nor possessing any supernatural abilities.
^#b4a67f;Double Tap: When firing certain firearms, have a 25% to fire an additional bullet at the closest enemy that deals damage dependant on the weapon class.
+5% General Weapon Proficiency | +7.5% DODGE Chance^reset;	''자, 얘들아. 하루면 끝날 작전이야.''\n근접 전투에 대한 광범위한 훈련 덕에, 과거 여러 코만도 팀이 갑옷도 없이 초자연적 능력도 없이 요괴와의 근접 전투에서 이긴 적이 있다.\n^#b4a67f;더블 탭: 특정 화기 발사 시 25% 확률로 가장 가까운 적에게 무기 클래스에 따른 피해를 주는 추가 탄환 발사.\n+5% 일반 무기 숙련 | +7.5% 회피^reset;	
/items/ARMORS/WST/WestSoldier3/gico_west_soldier.head	shortdescription	RE Commando Beanie	RE 코만도 비니	
/items/ARMORS/WST/WestSoldier3/gico_west_soldier.legs	description	''Setting up demolition charges!''
Every youkai needs sustenance. As the war progressed, they then began needing tools and material. The commando's tasks are to make sure they do not get that material. They do not get those tools. And they do not get a single bit of sustenance.
^#b4a67f;Knife Throw: Throws a combat knife at the closest enemy within approximately 30 blocks which deals 200 THRUST DAMAGE. | 15s Cooldown
+7.5% General Weapon Proficiency | +5% DODGE Chance^reset;	''폭파물 설치!''\n모든 요괴는 식량이 필요하다. 전쟁이 진행되면서 도구와 자재도 필요해졌다. 코만도의 임무는 그들이 그 자재를 얻지 못하게 하는 것이다. 그 도구도 얻지 못하게. 그리고 한 조각의 식량도 얻지 못하게 하는 것이다.\n^#b4a67f;나이프 투척: 약 30블록 내 가장 가까운 적에게 찌르기 피해 200을 주는 전투 나이프 투척. | 재사용 대기 15초\n+7.5% 일반 무기 숙련 | +5% 회피^reset;	
/items/ARMORS/WST/WestSoldier3/gico_west_soldier.legs	shortdescription	RE Commando Leggings	RE 코만도 하의	
/items/ARMORS/WST/WestSoldier4/gico_west_soldier.chest	description	''Let's go get the bloody bastards! Charge!!!''
  
An assault officer's duty is to reinforce the frontline with their assault section whenever the youkai try to make a push. They were originally meant to be an offensive unit, but was changed when the war slowed to a crawl due to the tengu fortresses.
^#b4a67f;Into the Breach [CHEST]: Summons one ROSE ASSAULT INFANTRY when using a ^reset;^orange;DEPLOYMENT ORDER^reset;^#b4a67f; | 60s Cooldown. | +10% DODGE Chance.
DEF: +30% BLEED | +30% THERMAL^reset;	''가서 저 빌어먹을 놈들을 잡자! 돌격!!!''\n  \n돌격 장교의 임무는 요괴가 밀고 들어올 때마다 돌격 분대와 함께 최전선을 보강하는 것이다. 원래 공격 부대였지만, 텐구 요새 때문에 전선이 기어가는 수준이 되자 바뀌었다.\n^#b4a67f;돌파구로 [가슴]: ^reset;^orange;배치 명령^reset;^#b4a67f; 사용 시 로즈 돌격 보병 하나 소환 | 재사용 대기 60초. | 회피 +10%.\n방어력: +30% 출혈 | +30% 열^reset;	
/items/ARMORS/WST/WestSoldier4/gico_west_soldier.chest	shortdescription	RE Ass. Officer Fatigues	RE 돌격 장교 군복	
/items/ARMORS/WST/WestSoldier4/gico_west_soldier.head	description	''Right, death or glory, gentlemen? I prefer glory.''
It is no easy task for a human squad to repel a youkai attack in close quarters. Even without weapons, a youkai's supernatural physique is enough to outmatch a human with a rifle. To tackle the threat, high command has trained assault sections which were used to close quarter environments on how to fight them thanks to the native youkai populace willing to explain their abilities.
^#b4a67f;Into the Breach [HEAD]: Summons one ROSE ASSAULT INFANTRY when using a ^reset;^orange;DEPLOYMENT ORDER^reset;^#b4a67f; | 60s Cooldown. | +12.5% DODGE Chance.^reset;	''자, 죽음이냐 영광이냐, 신사들? 난 영광이 좋아.''\n인간 분대가 근접전에서 요괴 공격을 격퇴하는 건 쉬운 일이 아니다. 무기가 없어도 요괴의 초자연적 체격은 소총을 든 인간을 능가한다. 그 위협에 대처하기 위해, 능력을 설명해준 토착 요괴들 덕에 고위 사령부는 근접 환경에 익숙한 돌격 분대를 어떻게 싸우는지 훈련시켰다.\n^#b4a67f;돌파구로 [머리]: ^reset;^orange;배치 명령^reset;^#b4a67f; 사용 시 로즈 돌격 보병 하나 소환 | 재사용 대기 60초. | +12.5% 회피.^reset;	
/items/ARMORS/WST/WestSoldier4/gico_west_soldier.head	shortdescription	RE Ass. Officer Beret	RE 돌격 장교 베레모	
/items/ARMORS/WST/WestSoldier4/gico_west_soldier.legs	description	''There's nothing fancy about this! Just shoot them!''
  
Casualties are often high in assault sections. Even with the extra training and knowledge given by the native populace, fighting close quarters against a being that can slice your throat with their claws is always a frisky situation.

^#b4a67f;Into the Breach [LEGS]: Summons one ROSE ASSAULT INFANTRY when using a ^reset;^orange;DEPLOYMENT ORDER^reset;^#b4a67f; | 60s Cooldown. | +12.5% DODGE Chance.^reset;	''거창한 건 없다! 그냥 쏴라!''\n  \n돌격 분대는 사상자가 흔히 높다. 토착민이 준 추가 훈련과 지식이 있어도, 발톱으로 목을 벨 수 있는 존재와 근접전을 벌이는 건 언제나 아슬아슬한 상황이다.\n\n^#b4a67f;돌파구로 [다리]: ^reset;^orange;배치 명령^reset;^#b4a67f; 사용 시 로즈 돌격 보병 하나 소환 | 재사용 대기 60초. | +12.5% 회피.^reset;	
/items/ARMORS/WST/WestSoldier4/gico_west_soldier.legs	shortdescription	RE Ass. Officer Leggings	RE 돌격 장교 하의	
/items/ARMORS/WST/WestSoldier5/gico_west_soldier.chest	description	West Star sappers are engineers intended for a more frontline role rather than normal ones. Specializing in demolition and clearing the battlefield of hazards, the sapper stays close to the main infantry and ensures that no position holds them down.
  
^#b4a67f;Engineer Rigging: Negate the Medium Weight Weapon Penalty when using a Medium Weight Weapon. If using a Heavy Weight Weapon, halve the weapon penalty.
^#b4a67f;DEF: +30% SMALL-ARMS & EXPLOSIVE & THERMAL^reset;	웨스트 스타 공병은 일반 공병보다 최전선 역할을 맡는 기술자다. 폭파물 해체와 전장의 위험물 제거가 전문인 공병은 보병 본대 가까이에서 어떤 진지도 그들을 발목잡지 못하게 한다.\n  \n^#b4a67f;공병 장비: 중량 무기 사용 시 중량 무기 페널티 무효. 중화기 사용 시 무기 페널티 절반.\n^#b4a67f;방어력: +30% 소화기 & 폭발 & 열^reset;	
/items/ARMORS/WST/WestSoldier5/gico_west_soldier.chest	shortdescription	WS Sapper Fatigues	WS 공병 군복	
/items/ARMORS/WST/WestSoldier5/gico_west_soldier.head	description	''We've seen all sorts of things those youkai will put up to slow us down. Tree forts, bunkers, basic spike traps, the list goes long. The quality of the defenses depends on what youkai we're fighting. Kappas are known to make similar defenses like we do while the tengu tend to rely on more basic traps. Either way, it's a pain for us sappers to clear since we never fucking know what we're going to be dealing with next.''
^#b4a67f;Fate's Gamble: The next two bullets deals 10-90% less damage. | 20s Cooldown Each | DEF: +10% SMALL-ARMS | +15% EXPLOSIVE^reset;	''요괴가 우리 속도를 늦추려고 갖가지 걸 내놓는 걸 봤어. 나무 요새, 벙커, 간이 창살 함정, 끝이 없어. 방어 시설의 수준은 우리가 상대하는 요괴에 달렸어. 캇파는 우리처럼 비슷한 방어 시설을 만드는 걸로 유명하고, 텐구는 더 단순한 함정에 의존하는 편이지. 어느 쪽이든, 다음에 뭘 상대하게 될지 도통 모르니까 우리 공병한테는 끔찍한 골칫거리야.''\n^#b4a67f;운명의 도박: 다음 두 발의 피해가 10~90% 감소. | 각 재사용 대기 20초 | 방어력: +10% 소화기 | +15% 폭발^reset;	
/items/ARMORS/WST/WestSoldier5/gico_west_soldier.head	shortdescription	WS Sapper Helmet	WS 공병 헬멧	
/items/ARMORS/WST/WestSoldier5/gico_west_soldier.legs	description	Due to the close quarter nature of the sapper's combat role, sappers are often equipped with submachine guns or shotguns to defend themselves with along with a variety of grenades. Furthermore, sappers are given armor as part of their standard uniform due to their close work with explosive ordanance.
^#b4a67f;Mine Layer: When near enemies, drop a friendly mine at your location that takes 5s to arm. Will be destroyed if an enemy makes contact with it during arming. | 10s Cooldown
DEF: +10% SMALL-ARMS | +15% EXPLOSIVE^reset;	근접 전투가 주 역할인 탓에 공병은 자주 기관단총이나 산탄총으로 무장하고 각종 수류탄을 지닌다. 게다가 폭발물과 밀접하게 일하므로 표준 제복의 일부로 갑옷도 지급된다.\n^#b4a67f;매설병: 적 근처에 있으면 매설에 5초 걸리는 아군 지뢰를 자기 위치에 설치. 매설 중 적이 접촉하면 파괴된다. | 재사용 대기 10초\n방어력: +10% 소화기 | +15% 폭발^reset;	
/items/ARMORS/WST/WestSoldier5/gico_west_soldier.legs	shortdescription	WS Sapper Leggings	WS 공병 하의	
/items/ARMORS/WST/WestSoldier6/gico_west_soldier.chest	description	As the war dragged on, manpower issue became more and more severe for the Federation. West Star Echelon units were quickly pulled to the frontline to compensate the lack of warm bodies, bringing along with them everything a support unit would need to keep a soldier fighting near the front.
^#b4a67f;Logistic Support [CHEST]: Nearby Infantry Summons gain +0.2% HP/sec, +10% General Resistance, and +15% General Weapon Proficiency. +1% HP/sec.
DEF: +30% THERMAL | +30% BLEED^reset;	전쟁이 길어지면서 연방의 병력 문제는 점점 심각해졌다. 웨스트 스타 에셜론 부대가 급히 최전선으로 투입돼 부족한 병력을 메웠고, 전선 근처에서 병사가 계속 싸우는 데 필요한 모든 지원 부대 장비를 가져왔다.\n^#b4a67f;병참 지원 [가슴]: 주변 보병 소환물이 초당 +0.2%HP, 일반 저항 +10%, 일반 무기 숙련 +15%. 초당 +1%HP.\n방어력: +30% 열 | +30% 출혈^reset;	
/items/ARMORS/WST/WestSoldier6/gico_west_soldier.chest	shortdescription	WS Echelon Fatigues	WS 에셜론 군복	
/items/ARMORS/WST/WestSoldier6/gico_west_soldier.head	description	''The only difference between an echelon unit and a infantrymen is that one is trained to fight with their rifle while the other knows how to operate a flamethrower. While echelon troops are less experienced in combat than their battle hardened infantryman, the support equipment they bring tend to make up for it.''
^#b4a67f;Logistic Support [HEAD]: Nearby Infantry Summons gain +0.2% HP/sec, +10% General Resistance, and +15% General Weapon Proficiency. +1% HP/sec.
DEF: +15% SMALL-ARMS | +10% THERMAL | +5% SLASH & THRUST^reset;	''에셜론 부대와 보병의 유일한 차이라면, 하나는 소총으로 싸우는 법을 배우고 다른 하나는 화염방사기를 다루는 법을 안다는 거야. 에셜론 병사는 전투 경험이 단련된 보병보다 적지만, 가져오는 지원 장비가 그걸 메우는 경향이 있지.''\n^#b4a67f;병참 지원 [머리]: 주변 보병 소환물이 초당 +0.2%HP, 일반 저항 +10%, 일반 무기 숙련 +15%. 초당 +1%HP.\n방어력: +15% 소화기 | +10% 열 | +5% 참격 & 찌르기^reset;	
/items/ARMORS/WST/WestSoldier6/gico_west_soldier.head	shortdescription	WS Echelon Helmet	WS 에셜론 헬멧	
/items/ARMORS/WST/WestSoldier6/gico_west_soldier.legs	description	''If the echelon units are fighting, then something has seriously went wrong.''
With proper tactics and training, even a echelon unit knows how to provide suppressive fire against enemy forces despite not being meant for frontline combat.
^#b4a67f;Logistic Support [LEGS]: Nearby Infantry Summons gain +0.2% HP/sec, +10% General Resistance, and +15% General Weapon Proficiency. +1% HP/sec.
+10% Movement Speed. | DEF: +10% THERMAL^reset;	''에셜론 부대가 싸우고 있다면, 뭔가 심각하게 잘못된 거야.''\n적절한 전술과 훈련만 있으면 에셜론 부대도 최전선 전투용이 아니더라도 적군을 향한 제압 사격을 제공할 줄 안다.\n^#b4a67f;병참 지원 [다리]: 주변 보병 소환물이 초당 +0.2%HP, 일반 저항 +10%, 일반 무기 숙련 +15%. 초당 +1%HP.\n+10% 이동 속도. | 방어력: +10% 열^reset;	
/items/ARMORS/WST/WestSoldier6/gico_west_soldier.legs	shortdescription	WS Echelon Leggings	WS 에셜론 하의	
/items/ARMORS/WST/WestSoldier6/gico_west_soldier_ai.chest	shortdescription	WS Echelon Fatigues	WS 에셜론 군복	
/items/ARMORS/WST/WestSoldier6/gico_west_soldier_ai.head	shortdescription	WS Echelon Helmet	WS 에셜론 헬멧	
/items/ARMORS/WST/WestSoldier6/gico_west_soldier_ai.legs	shortdescription	WS Echelon Leggings	WS 에셜론 하의	
/items/ARMORS/WST/WestSoldier7/gico_west_soldier.back	description	The WST-300 is the first radio used by the Federation with the nickname, 'walkie talkie'. It is currently used by West Star airborne divisions. The WST-300 is one of the only ways soldiers can communicate with each other from long distances.
^#b4a67f;Airborne Squad: If wearing clothing belonging to a WS Pathfinder or WS Ranger, summon X WEST STAR PATHFINDER/RANGER when using a ^reset;^orange;DEPLOYMENT ORDER^reset;^#b4a67f;. X is equal to each clothing item.^reset;
^red;Airborne Reinforcing: Units summoned will only last 60s undamaged but will take 120s to summon again.^reset;	WST-300은 '워키토키'라는 별명의 연방 최초 무전기다. 현재 웨스트 스타 공수 사단이 사용 중이다. WST-300은 병사들이 장거리에서 소통할 수 있는 몇 안 되는 수단 중 하나다.\n^#b4a67f;공수 분대: WS 패스파인더나 WS 레인저의 의복 착용 시, ^reset;^orange;배치 명령^reset;^#b4a67f; 사용 시 웨스트 스타 패스파인더/레인저 X명 소환. X는 각 의복 부위 수.^reset;\n^red;공수 증원: 소환된 부대는 피해를 입지 않으면 60초만 지속되지만 다시 소환하는 데 120초가 걸린다.^reset;	
/items/ARMORS/WST/WestSoldier7/gico_west_soldier.back	shortdescription	WS Radio Pack	WS 무전기 배낭	
/items/ARMORS/WST/WestSoldier7/gico_west_soldier.chest	description	Although airborne operations are extremely rare now in the war due to Crow Tengu having complete aerial dominance in any place where flak isn't available, pathfinders used to mark various zones for paratroopers and supplies to be dropped through their radio packs. Many early battles were won thanks to the pathfinder's ability to find openings across the youkai lines.
^#b4a67f;Sharpshooter: Mark an enemy within 60 blocks. Marked enemies have reduced AIM, DODGE, and DEFENSE. When killed, another enemy is marked. | +10% Movement Speed. | +15% DODGE Chance.^reset;	대공포가 없는 곳에서는 까마귀 텐구가 완전한 제공권을 쥐어 지금은 전쟁에서 공수 작전이 극히 드물지만, 패스파인더는 예전에 낙하산병과 보급 투하를 위해 무전기 배낭으로 각종 지역을 표시하곤 했다. 많은 초기 전투는 패스파인더가 요괴 전선의 빈틈을 찾는 능력 덕에 이겼다.\n^#b4a67f;명사수: 60블록 내 적을 표식. 표식된 적은 조준, 회피, 방어 감소. 처치하면 다른 적이 표식된다. | 이동 속도 +10%. | 회피 +15%.^reset;	
/items/ARMORS/WST/WestSoldier7/gico_west_soldier.chest	shortdescription	WS Pathfinder Fatigues	WS 패스파인더 군복	
/items/ARMORS/WST/WestSoldier7/gico_west_soldier.head	description	''Reconaissance is dangerous work. It's impossible to run from a youkai once they get their eyes on you. If they start a fight, then the only way it's going to end is when one of us is on the ground. Much more dangerous compared to back then when we were fighting the Lion. They also didn't have absurd abilities that's honestly just bullshit.''
^#b4a67f;Skirmisher [HEAD]: 10% Light Weapon Proficiency.
Amplify Mark [HEAD]: Increase the effect of Sharpshooter.
+10% DODGE Chance. | DEF: +5% SMALL-ARMS^reset;	''정찰은 위험한 일이야. 요괴가 널 눈에 담으면 도망치는 건 불가능해. 싸움을 걸면 끝나는 건 우리 중 하나가 바닥에 쓰러질 때뿐이거든. 옛날에 라이온과 싸울 때보다 훨씬 위험해. 그때는 그런 말도 안 되는 능력이 없었으니까.''\n^#b4a67f;척후병 [머리]: 경량 무기 숙련 10%.\n표식 증폭 [머리]: 명사수의 효과 증가.\n+10% 회피. | 방어력: +5% 소화기^reset;	
/items/ARMORS/WST/WestSoldier7/gico_west_soldier.head	shortdescription	WS Pathfinder Helmet	WS 패스파인더 헬멧	
/items/ARMORS/WST/WestSoldier7/gico_west_soldier.legs	description	Trained in scouting and marking valuable positions, the West Star pathfinders serve as the main scouting unit for the Federation. Having good marksmanship as well, pathfinders can engage small youkai patrols and quickly eliminate them despite only using a lightweight weapon originally meant to be given to support line troops.
^#b4a67f;Skirmisher [LEGS]: 10% Light Weapon Proficiency.
Amplify Mark [LEGS]: Increase the effect of Sharpshooter.
+10% DODGE Chance. | DEF: +5% SMALL-ARMS^reset;	정찰과 유용한 지점 표식 훈련을 받은 웨스트 스타 패스파인더는 연방의 주 정찰 부대다. 명사수 실력도 갖춰, 원래 지원 부대에 주는 경량 무기만으로도 소규모 요괴 순찰대와 교전해 재빨리 제거할 수 있다.\n^#b4a67f;척후병 [다리]: 경량 무기 숙련 10%.\n표식 증폭 [다리]: 명사수의 효과 증가.\n+10% 회피. | 방어력: +5% 소화기^reset;	
/items/ARMORS/WST/WestSoldier7/gico_west_soldier.legs	shortdescription	WS Pathfinder Leggings	WS 패스파인더 하의	
/items/ARMORS/WST/WestSoldier7/gico_west_soldier_ai.back	shortdescription	WS Radio Pack	WS 무전기 배낭	
/items/ARMORS/WST/WestSoldier8/gico_west_soldier.chest	description	Rangers are given more gear than average due to the mass weapon training program they go through. West Star Rangers are trained to use every infantry weapon the army fields.
^#b4a67f;Cover Sprint: Gain 1 ^#C8FAFA;HIT-SHIELD^reset;.^#b4a67f; Upon breaking, gain +60% DODGE Chance that decreases by -5% every second while not running and -3% when running. | 30s Cooldown
Ranger Assault [CHEST]: +7.5% | +15% General Weapon Proficiency and +2.5% | +5% DODGE Chance when NOT RUNNING | RUNNING.
DEF: +15% SMALL-ARMS | +25% SLASH | +10% THRUST & BLUNT^reset;	레인저는 거치는 대규모 무기 훈련 프로그램 때문에 평균 이상의 장비를 지급받는다. 웨스트 스타 레인저는 군이 운용하는 모든 보병 무기를 다루도록 훈련받는다.\n^#b4a67f;엄폐 질주: ^#C8FAFA;HIT-SHIELD^reset;^#b4a67f; 1개 획득. 파괴 시 달리지 않을 때 매초 -5%, 달릴 때 -3%씩 감소하는 회피 +60% 획득. | 재사용 대기 30초\n레인저 강습 [가슴]: 비주행 | 주행 시 일반 무기 숙련 +7.5% | +15%와 회피 +2.5% | +5%.\n방어력: +15% 소화기 | +25% 참격 | +10% 찌르기 & 타격^reset;	
/items/ARMORS/WST/WestSoldier8/gico_west_soldier.chest	shortdescription	WS Ranger Fatigues	WS 레인저 군복	
/items/ARMORS/WST/WestSoldier8/gico_west_soldier.head	description	The spade symbolizes good fortune for the Rangers in Cavalry Company. On the contrary, youkai believe that the symbol is a sign of death due the Rangers in Cavalry Company making sure nothing leaves their grasp once they are deployed into the field. 
^#b4a67f;Heavy Weapon Expertise: Halve the Heavy Weight Weapon penalty and gain +10% Weapon Proficiency when using a Heavy Weapon.
Ranger Assault [HEAD]: +7.5% | +15% General Weapon Proficiency and +2.5% | +5% DODGE Chance when NOT RUNNING | RUNNING.
DEF: +10% SMALL-ARMS | +5% SLASH^reset;	스페이드는 기병중대의 레인저에게 행운을 상징한다. 반대로 요괴들은 그 문양을 죽음의 표식으로 여긴다. 기병중대의 레인저가 전장에 배치되면 아무것도 그들의 손아귀를 빠져나가지 못하게 하니까. \n^#b4a67f;중화기 전문가: 중량 무기 페널티 절반과 중화기 사용 시 무기 숙련 +10%.\n레인저 강습 [머리]: 비주행 | 주행 시 일반 무기 숙련 +7.5% | +15%와 회피 +2.5% | +5%.\n방어력: +10% 소화기 | +5% 참격^reset;	
/items/ARMORS/WST/WestSoldier8/gico_west_soldier.head	shortdescription	WS Ranger Helmet	WS 레인저 헬멧	
/items/ARMORS/WST/WestSoldier8/gico_west_soldier.legs	description	Rangers are trained to use a variety of firearms and heavy support weapons even if it is not standard issued. While there were plans to have the rangers also be able to use magic weapons, high command needed them at the frontline.
^#b4a67f;Cooked Frag: Throw a grenade that detonates immediately on contact toward enemies approximately 35 blocks. | 20s Cooldown
Ranger Assault [LEGS]: +7.5% | +15% General Weapon Proficiency and +2.5% | +5% DODGE Chance when NOT RUNNING | RUNNING.
DEF: +10% SMALL-ARMS | +5% SLASH^reset;	레인저는 제식 무기가 아니더라도 각종 화기와 중형 지원 무기를 다루도록 훈련받는다. 레인저도 마법 무기를 쓸 수 있게 할 계획도 있었지만, 고위 사령부가 최전선에 필요로 했다.\n^#b4a67f;예열 수류탄: 적을 향해 약 35블록 접촉 시 즉시 폭발하는 수류탄 투척. | 재사용 대기 20초\n레인저 강습 [다리]: 비주행 | 주행 시 일반 무기 숙련 +7.5% | +15%와 회피 +2.5% | +5%.\n방어력: +10% 소화기 | +5% 참격^reset;	
/items/ARMORS/WST/WestSoldier8/gico_west_soldier.legs	shortdescription	WS Ranger Leggings	WS 레인저 하의	
/items/ARMORS/WST/WestSoldier8/gico_west_soldier_ai.chest	shortdescription	WS Ranger Fatigues	WS 레인저 군복	
/items/ARMORS/WST/WestSoldier8/gico_west_soldier_ai.head	shortdescription	WS Ranger Helmet	WS 레인저 헬멧	
/items/ARMORS/WST/WestSoldier8/gico_west_soldier_ai.legs	shortdescription	WS Ranger Leggings	WS 레인저 하의	
/items/ARMORS/WST/WestSoldier9/gico_west_soldier.chest	description	''While all of us hate snipers, the youkai are absolutely livid toward them. Apparently they don't like it when a human kills them without being seen. From what the villagers told us, it's because some youkai like the tengu consider it dishonorble. Apparently honor is something valued highly around here.''
^#b4a67f;Firing Position: Upon crouching for 3s, gain +50% General Weapon Proficiency. When standing back up, gain -30% Movement Speed for 3s.
+10% General Weapon Proficiency | +15% DODGE Chance^reset;	''우리 모두 저격수를 싫어하지만, 요괴들은 그들에게 완전히 분노하고 있어. 인간이 모습도 안 보이고 자기들을 죽이는 게 마음에 안 드는 모양이야. 마을 사람들 말로는, 텐구 같은 일부 요괴가 그걸 불명예로 여겨서래. 명예가 이 근처에선 아주 중요하게 여겨지나 봐.''\n^#b4a67f;사격 진지: 3초간 웅크리면 일반 무기 숙련 +50%. 다시 일어서면 3초간 이동 속도 -30%.\n+10% 일반 무기 숙련 | +15% 회피^reset;	
/items/ARMORS/WST/WestSoldier9/gico_west_soldier.chest	shortdescription	RE Sniper Fatigues	RE 저격병 군복	
/items/ARMORS/WST/WestSoldier9/gico_west_soldier.head	description	''To hide from a wolf tengu's sight is one of the greatest feats a human sniper can perform.''
A helmet covered in foilage along with face paint used to completely obscure a sniper's presence. Due to the near perfect senses some youkai may have, snipers had to go to great lengths to ensure their position do not get exposed.
^#b4a67f;Camoflauged Position [HEAD]: If wearing a RE Sniper Fatigues, gain a 15% DODGE Chance when crouching for 3s.
+7.5% General Weapon Proficiency | +10% DODGE Chance^reset;	''늑대 텐구의 시야에서 숨는 건 인간 저격수가 해낼 수 있는 최고의 위업 중 하나다.''\n저격수의 존재를 완전히 감추는 얼굴 페인트와 함께 풀잎을 덮은 헬멧. 일부 요괴의 거의 완벽한 감각 때문에, 저격수들은 위치가 들통나지 않도록 큰 노력을 기울여야 했다.\n^#b4a67f;위장 진지 [머리]: RE 저격병 군복 착용 시, 3초간 웅크리면 회피 15%.\n+7.5% 일반 무기 숙련 | +10% 회피^reset;	
/items/ARMORS/WST/WestSoldier9/gico_west_soldier.head	shortdescription	RE Sniper Helmet	RE 저격병 헬멧	
/items/ARMORS/WST/WestSoldier9/gico_west_soldier.legs	description	Due to the weight of their weapon, Rose Snipers will only relocate when they are certain that the area is clear of enemies or that they were spotted. While their anti-tank rifles do give them a significant firepower boost that most youkai can't compete with, the vast weight of the weapon means the sniper is heavily exposed when moving.
^#b4a67f;Camoflauged Position [LEGS]: If wearing a RE Sniper Fatigues, gain a 15% DODGE Chance when crouching for 3s.
+7.5% General Weapon Proficiency | +10% DODGE Chance^reset;	무기의 무게 때문에, 로즈 저격수는 지역에 적이 없음이 확실하거나 발각됐을 때만 이동한다. 대전차 소총이 대부분의 요괴가 견줄 수 없는 상당한 화력 향상을 주지만, 그 엄청난 무게 때문에 저격수는 이동 중 크게 노출된다.\n^#b4a67f;위장 진지 [다리]: RE 저격병 군복 착용 시, 3초간 웅크리면 회피 15%.\n+7.5% 일반 무기 숙련 | +10% 회피^reset;	
/items/ARMORS/WST/WestSoldier9/gico_west_soldier.legs	shortdescription	RE Sniper Leggings	RE 저격병 하의	
/items/AUGMENT/gico_arcane_blaster/gico_arcane_blaster.augment	description	

^#f74dff;Arcane Blaster: Firing this weapon also fires 1-5 arcane bolts that deal 1-30 PSYCHIC damage at a random angle. ^reset;^red;CANNOT be removed.^reset;	\n\n^#f74dff;비전 발사기: 이 무기 발사 시 무작위 각도로 사이킥 피해 1~30을 주는 비전 탄 1~5발 추가 발사. ^reset;^red;제거 불가.^reset;	
/items/AUGMENT/gico_arcane_blaster/gico_arcane_blaster.augment	shortdescription	Arcane Orb	비전 오브	
/items/AUGMENT/gico_arcane_collector/gico_arcane_collector.augment	description	Specialized magisight tool used to optimize magic usage and ensure not a single drop of energy isn't wasted. This is done by using special catalysts that detect sparse traces of energy and gathering it which would eventually fill the catalyst. When the catalyst becomes full, it would then be ready to be used on its own to cast spells.

^#f74dff;Residue Collector: Reloading this weapon has a 10% chance to give a Spell Catalyst. ^reset;^red;CANNOT be removed.^reset;	마법 사용을 최적화하고 한 방울의 에너지도 낭비하지 않도록 하는 특수 매지사이트 도구. 드문 에너지 흔적을 감지해 모으는 특수 촉매를 사용해, 촉매가 가득 차면 스스로 주문을 발동하는 데 쓸 수 있게 된다.\n\n^#f74dff;잔여물 수집기: 이 무기 재장전 시 10% 확률로 주문 촉매 획득. ^reset;^red;제거 불가.^reset;	
/items/AUGMENT/gico_arcane_collector/gico_arcane_collector.augment	shortdescription	Arcane Collector	비전 수집기	
/items/AUGMENT/gico_arcane_sight/gico_arcane_sight.augment	description	''Height over bore? The **** is that?''
Magisights are specialized magician tools used alongside staffs to enhance its potency. Despite what the name suggets, magisights are not the same as normal sights and cannot help in making precise shots. The name was only adopted due to the resemblence of the first magisights resembling traditional scopes.
^#f74dff;Arcane Channeling: Gain +1%/sec Magic Proficiency up to +100%. Firing your weapon reduces Magic Proficiency bonus by 10% until it reaches to 0. ^reset;^red;CANNOT be removed.^reset;	''높이가 뭐보다 먼저라고? **** 그게 뭔데?''\n매지사이트는 스태프와 함께 쓰여 위력을 높이는 특수 마법사 도구다. 이름과 달리 매지사이트는 일반 조준경과 달라 정밀 사격에 도움이 안 된다. 첫 매지사이트가 전통적인 스코프를 닮았기에 그 이름이 붙은 것뿐이다.\n^#f74dff;비전 집중: 초당 마법 숙련 +1%씩 최대 +100%까지. 무기 발사 시 0이 될 때까지 마법 숙련 보너스 10%씩 감소. ^reset;^red;제거 불가.^reset;	
/items/AUGMENT/gico_arcane_sight/gico_arcane_sight.augment	shortdescription	Arcane Sight	비전 사이트	
/items/AUGMENT/gico_fire_wand_launcher/gico_fire_wand_launcher.augment	description	''Wand launchers are products of the war that has recently become widespread among both the human and youkai armies. It is one of the most cheapest and easiest ways to give soldiers offensive magic capabilities without having to teach them arcane knowledge.''

^orange;Uses Spell Catalysts to reload. Has only half the capacity as the wand weapon. Tap Right-Click to Fire/Reload.^reset;	''완드 발사기는 최근 인간과 요괴 양쪽 군대에서 널리 퍼진 전쟁의 산물이야. 비전 지식을 가르치지 않고도 병사들에게 공격 마법 능력을 주는 가장 싸고 쉬운 방법 중 하나지.''\n\n^orange;주문 촉매로 재장전. 완드 무기의 절반 용량만 가진다. 우클릭 살짝 눌러 발사/재장전.^reset;	
/items/AUGMENT/gico_fire_wand_launcher/gico_fire_wand_launcher.augment	shortdescription	Fire Wand Launcher	화염 완드 발사기	
/items/AUGMENT/gico_flower_wand_launcher/gico_flower_wand_launcher.augment	description	''We originally tried to use staffs for launchers but gave up after the eighth time they blew up. While these wand launchers aren't exactly as powerful as a stave, they still are quite effective as a backup weapon due to their large magazine size. Just don't expect them to be as powerful as proper magic weapons.''

^orange;Uses Spell Catalysts to reload. Has only half the capacity as the wand weapon. Tap Right-Click to Fire/Reload.^reset;	''원래 발사기에 스태프를 쓰려 했는데, 여덟 번이나 터진 뒤 포기했어. 이 완드 발사기가 스태프만큼 강하진 않지만, 큰 탄창 덕에 예비 무기로는 꽤 효과적이야. 제대로 된 마법 무기만큼의 위력은 기대하지 마.''\n\n^orange;주문 촉매로 재장전. 완드 무기의 절반 용량만 가진다. 우클릭 살짝 눌러 발사/재장전.^reset;	
/items/AUGMENT/gico_flower_wand_launcher/gico_flower_wand_launcher.augment	shortdescription	Flower Wand Launcher	꽃 완드 발사기	
/items/AUGMENT/gico_gohei_wand_launcher/gico_gohei_wand_launcher.augment	description	''This is technically a paper dispenser. From what I understand, the shrine maidens just shoved a bunch of pre written talismans into this thing and it somehow works like their gohei? Whatever. I'll never understand how a piece of paper with some ink on it can hurt anyone.''

^orange;Uses Spell Catalysts to reload. Has only half the capacity as the wand weapon. Tap Right-Click to Fire/Reload.^reset;	''엄밀히 말하면 종이 디스펜서야. 내가 알기로 무녀들이 미리 써놓은 부적을 잔뜩 쑤셔 넣었는데, 그게 왠지 고헤이처럼 작동한다더라고. 뭐든 간에. 잉크 묻은 종이 조각이 어떻게 사람을 다치게 하는지 영원히 모를 거야.''\n\n^orange;주문 촉매로 재장전. 완드 무기의 절반 용량만 가진다. 우클릭 살짝 눌러 발사/재장전.^reset;	
/items/AUGMENT/gico_gohei_wand_launcher/gico_gohei_wand_launcher.augment	shortdescription	Gohei Wand Launcher	고헤이 완드 발사기	
/items/AUGMENT/gico_ice_wand_launcher/gico_ice_wand_launcher.augment	description	''Never in my life have I seen so many colors and bright flashes appear all over the battlefield. It was like we were in a dream. That is until one of those bright colors touches you and you're now missing a arm or leg. Instead of seeing soldiers be shellshocked, now they're just too enamored by the sights.''

^orange;Uses Spell Catalysts to reload. Has only half the capacity as the wand weapon. Tap Right-Click to Fire/Reload.^reset;	''전장 곳곳에 그렇게 많은 색과 섬광이 번쩍이는 건 평생 처음 봤어. 꿈속에 있는 것 같았지. 저 밝은 색 중 하나가 널 닿기 전까지는 말이야, 그러면 팔이나 다리를 잃는 거지. 포탄 쇼크에 걸린 병사 대신, 이젠 그 광경에 넋을 잃은 병사들만 보여.''\n\n^orange;주문 촉매로 재장전. 완드 무기의 절반 용량만 가진다. 우클릭 살짝 눌러 발사/재장전.^reset;	
/items/AUGMENT/gico_ice_wand_launcher/gico_ice_wand_launcher.augment	shortdescription	Ice Wand Launcher	얼음 완드 발사기	
/items/AUGMENT/gico_magirocket_launcher/gico_magirocket_launcher.augment	description	Minature magirocket launcher fitted as a underbarrel attachment. It is designed to destroy light armor and fortified positions, but can also be used as a last resort against enemy personnel. Due to the small underbarrel base it is fired from, it is much more difficult to aim with and is very unlikely to hit targets from far range.

^orange;Uses standard magirockets to reload. Much worse accuracy than the Crow Zutsu. Tap Right-Click to Fire/Reload.^reset;	총열 하단 부착물로 장착된 소형 마기로켓 발사기. 경장갑과 요새화된 진지를 파괴하도록 설계됐지만, 적 인원에 대한 최후 수단으로도 쓸 수 있다. 발사되는 하단 장착부가 작아 조준하기 훨씬 어렵고 원거리 표적을 맞출 가능성이 매우 낮다.\n\n^orange;표준 마기로켓으로 재장전. 까마귀 주츠보다 명중률이 훨씬 나쁘다. 우클릭 살짝 눌러 발사/재장전.^reset;	
/items/AUGMENT/gico_magirocket_launcher/gico_magirocket_launcher.augment	shortdescription	Magirocket Launcher	마기로켓 발사기	
/items/AUGMENT/gico_poison_wand_launcher/gico_poison_wand_launcher.augment	description	''Now you may think having a wand launcher that slowly kills someone rather than instantly seems a bit useless on a battlfield, but you need to understand that there's only so many wands we can get our hands on and convert. At least with this, it can still kill someone outright if they're weakened enough.''

^orange;Uses Spell Catalysts to reload. Has only half the capacity as the wand weapon. Tap Right-Click to Fire/Reload.^reset;	''누군가를 즉사시키는 대신 천천히 죽이는 완드 발사기가 전장에선 좀 쓸모없어 보일 수도 있겠지만, 우리가 구해서 개조할 수 있는 완드가 얼마나 되는지를 알아야 해. 적어도 이걸로는 충분히 약해진 놈은 확실히 죽일 수 있거든.''\n\n^orange;주문 촉매로 재장전. 완드 무기의 절반 용량만 가진다. 우클릭 살짝 눌러 발사/재장전.^reset;	
/items/AUGMENT/gico_poison_wand_launcher/gico_poison_wand_launcher.augment	shortdescription	Venom Wand Launcher	맹독 완드 발사기	
/items/AUGMENT/gico_rock_wand_launcher/gico_rock_wand_launcher.augment	description	''Here we have a device that shoots a very small object at extremely fast speed and now we attached to it a wand launcher that also fires objects at very fast speed. Sometimes the most simplest methods are the best ones.''

^orange;Uses Spell Catalysts to reload. Has only half the capacity as the wand weapon. Tap Right-Click to Fire/Reload.^reset;	''극도로 빠른 속도로 아주 작은 물체를 발사하는 장치가 있는데, 거기에 역시 극도로 빠른 물체를 발사하는 완드 발사기를 달았다고. 가장 단순한 방법이 최선일 때도 있는 거야.''\n\n^orange;주문 촉매로 재장전. 완드 무기의 절반 용량만 가진다. 우클릭 살짝 눌러 발사/재장전.^reset;	
/items/AUGMENT/gico_rock_wand_launcher/gico_rock_wand_launcher.augment	shortdescription	Rock Wand Launcher	암석 완드 발사기	
/items/COMMODITIES/REPAIR/gico_kappa_repairkit/gico_kappa_repairkit.augment	description	Specialized repair kit used by the kappa youkai. Rather than what you'd expect in a traditional repair kit, the Kappa's version contains various spellpages and notes written by the kappa that instructs users on how to use magic to repair exotic equipment that most kits would not have normally.
  
^Yellow;Repairs ANY firearms by 20%. Even the most neglected and destroyed weapons can be restored thanks to the magic of the kappa.^reset;	캇파 요괴가 쓰는 특수 수리 킷. 전통적인 수리 킷에서 기대하는 대신, 캇파판은 대부분의 킷에는 없는 이국적 장비를 마법으로 수리하는 법을 알려주는 주문서와 쪽지를 담고 있다.\n  \n^Yellow;모든 화기를 20% 수리한다. 가장 방치되어 망가진 무기라도 캇파의 마법 덕에 되살릴 수 있다.^reset;	
/items/COMMODITIES/REPAIR/gico_kappa_repairkit/gico_kappa_repairkit.augment	shortdescription	Kappa Repair Kit	캇파 수리 킷	
/items/COMMODITIES/REPAIR/gico_lion_repairkit/gico_lion_repairkit.augment	description	A common repair kit used to maintain various firearms primarily used by the Woodlands human armies. Due to the lack of industry on the planet, soldiers are expected to constantly be maintaining their weapons with these kits as it would be impossible to replace them otherwise. Those who fail to do so are assigned to salvaging duties at the frontlines.
  
^Yellow;Repairs most firearms by 30%. It cannot however repair a broken and neglected firearm. (Durability under 5%).^reset;	우드랜즈 인간 군대가 주로 쓰는 일반 수리 킷. 행성에 산업이 없어 병사들은 이 킷으로 계속 무기를 관리해야 한다. 그러지 않으면 대체가 불가능하기 때문이다. 그렇게 못한 자는 최전선 회수 임무에 배정된다.\n  \n^Yellow;대부분의 화기를 30% 수리한다. 다만 부서지고 방치된 화기는 수리할 수 없다. (내구도 5% 미만).^reset;	
/items/COMMODITIES/REPAIR/gico_lion_repairkit/gico_lion_repairkit.augment	shortdescription	Woodlands Repair Kit	우드랜즈 수리 킷	
/items/COMMODITIES/REPAIR/gico_relic_repairkit/gico_relic_repairkit.augment	description	''Can someone tell me who the moron is that added the Human Firearm Encyclopedia 3026 Edition to this database?''
  
A case that holds a mini fabricator capable of producing any parts a firearm may need to be repaired. While specifically designed to fix PLASMA weaponry, the vast database inside the fabricator also includes thousands of entries regarding human weapons used throughout history for some reason.
^Yellow;Completely repairs most firearms and PLASMA firearms by 100%.^reset;	''누가 이 데이터베이스에 인간 화기 백과사전 3026판을 올린 멍청이인지 좀 말해줄래?''\n  \n화기 수리에 필요한 모든 부품을 생산할 수 있는 소형 패브리케이터를 담은 케이스. 플라스마 무기 수리용으로 특별 설계됐지만, 내부의 방대한 데이터베이스엔 왠지 역사 속 인간 무기에 대한 수천 개 항목도 들어 있다.\n^Yellow;대부분의 화기와 플라스마 화기를 100% 수리한다.^reset;	
/items/COMMODITIES/REPAIR/gico_relic_repairkit/gico_relic_repairkit.augment	shortdescription	Fabricator Repair Kit	패브리케이터 수리 킷	
/items/TRINKETS/LION/gico_ammosupplier/gico_ammosupplier.augment	description	Soldiers tasked with carrying ammo for their whole squads are referred to as 'Ammo Bearers'. They are typically deployed with weapon teams such as machine guns, but may occassionally accompany standard infantry if needed. 


^Orange;Designates nearby [GiC] Infantry Summons and players who do not have this trinket as ammo bearers, gain 5s of [EWS] Infinite Ammo when firing your weapon near them. | 30s Cooldown^reset;	분대 전체의 탄약을 나르는 임무를 맡은 병사는 '탄약 수송병'으로 불린다. 보통 기관총 같은 화기 팀과 함께 배치되지만, 필요하면 일반 보병과 동행하기도 한다. \n\n\n^Orange;이 장신구가 없는 주변 [GiC] 보병 소환물과 플레이어를 탄약 수송병으로 지정, 그들 근처에서 무기 발사 시 5초간 [EWS] 무한 탄약 획득. | 재사용 대기 30초^reset;	
/items/TRINKETS/LION/gico_ammosupplier/gico_ammosupplier.augment	shortdescription	Ammo Packs	탄약 팩	
/items/TRINKETS/LION/gico_arcanecrystal/gico_arcanecrystal.augment	description	A spare arcane crystal which magicians use to fine tune their spells before launching them. Even during its dormant phase, the residue mana emitted from the crystal can help magicians improve their casting and allow them to cast spells that would normally be beyond their reach.


^Orange;+10% Magic Proficiency. +200% Magic Proficiency on the first shot when using a magic weapon. | 10s Cooldown	마법사가 주문을 발사하기 전 미세 조정하는 데 쓰는 예비 비전 수정. 휴면 상태일 때도 수정에서 새어 나오는 잔여 마나가 마법사의 시전을 개선하고 평소 도달 못할 주문을 쓰게 해준다.\n\n\n^Orange;마법 숙련 +10%. 마법 무기 사용 시 첫 발사에 마법 숙련 +200%. | 재사용 대기 10초	
/items/TRINKETS/LION/gico_arcanecrystal/gico_arcanecrystal.augment	shortdescription	Arcane Crystal	비전 수정	
/items/TRINKETS/LION/gico_assaultdoctrine/gico_assaultdoctrine.augment	description	''Extra firepower is now available to all units.''
  
Originally a trench clearing weapon, the Typewriter is lethal enough to make even a tengu hesitate going into close quarter combat with a soldier. 

^Orange;All ROSE ASSAULT INFANTRY SUMMONS are equipped S1 Typewriter submachine guns which further improves their firepower at close range and are IMMUNE to Suppression.^reset;	''모든 부대가 추가 화력을 쓸 수 있게 됐습니다.''\n  \n원래 참호 소탕용 무기인 타자기는 텐구조차 그 군인과 근접전을 벌이길 주저할 만큼 치명적이다. \n\n^Orange;모든 로즈 돌격 보병 소환물이 근거리 화력을 더 높이고 제압 면역인 S1 타자기 기관단총으로 무장.^reset;	
/items/TRINKETS/LION/gico_assaultdoctrine/gico_assaultdoctrine.augment	shortdescription	RE Assault Package	RE 돌격 패키지	
/items/TRINKETS/LION/gico_barrieramulet/gico_barrieramulet.augment	description	Early barrier amulets lacked the safeguards needed to redirect force safely. This was due to magicians trying to make their shields as big as possible which caused any hit taken by the shield to compress itself onto it and would eventually explode on the user when dissipiated. 

^Orange;+400HP BUFFER. When hit, the barrier will disappear in 5s. Any additional hits taken after the first hit will deal 10 PSYCHIC damage to the user 1s AFTER the barrier has been removed. | 30s Cooldown^reset;	초기 방벽 부적에는 힘을 안전하게 되돌리는 데 필요한 안전장치가 없었다. 마법사들이 방벽을 가능한 크게 만들려 해 방벽이 받은 타격이 스스로 압축되어 소멸 시 결국 사용자에게 폭발했기 때문이다. \n\n^Orange;+400HP 완충. 피격 시 방벽이 5초 후 사라진다. 첫 피격 후 추가 피격은 방벽이 제거된 뒤 1초 후 사용자에게 사이킥 피해 10. | 재사용 대기 30초^reset;	
/items/TRINKETS/LION/gico_barrieramulet/gico_barrieramulet.augment	shortdescription	Barrier Amulet	방벽 부적	
/items/TRINKETS/LION/gico_bindcharm/gico_bindcharm.augment	description	''Only the desperate and foolish would be willing to bind their mortal shell to their very soul.''

There are many who are unfortunate enough to be born weak or with life crippling conditions. For some, tying their soul to their own mortal shell is a price they are happy to pay if it means living a more fulfilling life.
^Orange;+200 Ability Mana. If Ability Mana reaches 0, immediately take 50 PSYCHIC damage to self.	''필사적이고 어리석은 자만이 기꺼이 자기 필멸의 껍질을 자기 영혼에 묶을 거다.''\n\n태어날 때부터 약하거나 평생 불구가 될 처지로 태어난 불운한 이들이 많다. 어떤 이들에게는 더 충실한 삶을 살 수 있다면, 영혼을 자기 필멸의 껍질에 묶는 건 기꺼이 지불할 대가다.\n^Orange;능력 마나 +200. 능력 마나가 0이 되면 즉시 자신에게 사이킥 피해 50.	
/items/TRINKETS/LION/gico_bindcharm/gico_bindcharm.augment	shortdescription	Bind Charm	결속 부적	
/items/TRINKETS/LION/gico_blitzdoctrine/gico_blitzdoctrine.augment	description	Whether against man or youkai, lightning warfare has proven itself to be a reliable tactic to the Lion and is used extensively by their mechanized divisions. While the youkai army do have the advantage of not having any centralized command hiearchy to cut off, their conflicting and disorganized nature as a youkai makes them vulnerable to encirclement.
^Orange;Blitz'em: +15% Light Weapon Proficiency. Gain an additional +15% Light Weapon Proficiency when running. Negates Medium Weight Weapon Penalty. -25% Heavy Weapon Proficiency.^reset;	인간이든 요괴든 상관없이, 전격전은 라이온에게 믿을 만한 전술임을 증명했고 기계화 사단에서 광범위하게 쓰인다. 요괴 군대는 차단할 중앙 지휘 체계가 없다는 이점이 있지만, 요괴 특유의 충돌적이고 무질서한 본성 때문에 포위에 취약하다.\n^Orange;전격전: 경량 무기 숙련 +15%. 달릴 때 경량 무기 숙련 +15% 추가. 중량 무기 페널티 무효. 중화기 숙련 -25%.^reset;	
/items/TRINKETS/LION/gico_blitzdoctrine/gico_blitzdoctrine.augment	shortdescription	Blitz Doctrine	전격전 교리	
/items/TRINKETS/LION/gico_brokentengublade/gico_brokentengublade.augment	description	Despite the disadvantages they had, the tengu fought valiantly against an unknown technologically superior enemy and managed to give enough time for the Tengu Clans to mobilize for war. Many tengu lost their lives during the early months and these blades are all that remain of their sacrifice.
^Orange;Mark of Prey: Mark a single enemy within approximately 60 blocks. A new enemy is marked every 10s. Killing the marked enemy grants all bearers of this trinket +10% Movement Speed, +1HP/sec, and +10% General Resistance for 5s.^reset;	불리한 조건에도 텐구는 알 수 없는 기술적 우위의 적과 용감히 싸워 텐구 일족이 전쟁을 위해 동원할 시간을 벌어줬다. 많은 텐구가 초기 몇 달 동안 목숨을 잃었고, 이 검들은 그 희생의 남은 전부다.\n^Orange;사냥감의 표적: 약 60블록 내 적 하나를 표식. 매 10초마다 새 적이 표식된다. 표식된 적 처치 시 이 장신구의 모든 소지자에게 5초간 이동 속도 +10%, 초당 +1HP, 일반 저항 +10% 부여.^reset;	
/items/TRINKETS/LION/gico_brokentengublade/gico_brokentengublade.augment	shortdescription	Broken Tengu Blade	부러진 텐구 검	
/items/TRINKETS/LION/gico_calltoarms/gico_calltoarms.augment	description	''Rise up and fight for your freedom! Join the volunteers today!''
A propaganda letter asking for the planet natives to join the war effort. Under limited manpower, the Lion and Federation needed to convince the native populace to fight with them as the war dragged on. Whether human or youkai, as long as they were willing to fight for the cause, they would be accepted.

^Orange;+10% General Weapon Proficiency.^reset;
^Orange;Volunteer Training: +15% Woodlands Weapon Proficiency.^reset;	''일어나 자유를 위해 싸워라! 오늘 자원병에 지원하라!''\n행성 토착민에게 전쟁 노력에 참여하라는 선전 편지. 병력이 부족한 라이온과 연방은 전쟁이 길어지자 토착민을 설득해 함께 싸우게 할 필요가 있었다. 인간이든 요괴든, 그 대의를 위해 싸울 의지만 있다면 받아들여졌다.\n\n^Orange;일반 무기 숙련 +10%.^reset;\n^Orange;자원병 훈련: 우드랜즈 무기 숙련 +15%.^reset;	
/items/TRINKETS/LION/gico_calltoarms/gico_calltoarms.augment	shortdescription	A Call to Arms	전투 호소	
/items/TRINKETS/LION/gico_castledoctrine/gico_castledoctrine.augment	description	The Rose Empire and its allies firmly believed that in the future, entrenched warfare would be the norm. Where soldiers would be stationed in neigh impenetrable fortifications, enduring the enemy's onslaught until having to come out of their bunkers to repel another senseless attack. They realized how wrong they were once the Lion's Battalion simply went around their fortresses.
^Orange;Man the Guns!: +15% Medium Weapon Proficiency | +30% Heavy Weapon Proficiency^reset;	로즈 제국과 그 동맹은 미래엔 참호전이 표준이 될 거라 굳게 믿었다. 병사들이 거의 뚫을 수 없는 요새에 주둔해 적의 맹공을 견디다가 또 무의미한 공격을 격퇴하려고 벙커에서 나오는 전쟁. 라이온의 대대가 그들의 요새를 그냥 우회해 가자 얼마나 틀렸는지 깨달았다.\n^Orange;포수로!: 중형 무기 숙련 +15% | 중화기 숙련 +30%^reset;	
/items/TRINKETS/LION/gico_castledoctrine/gico_castledoctrine.augment	shortdescription	Castle Doctrine	성채 교리	
/items/TRINKETS/LION/gico_crowfeather/gico_crowfeather.augment	description	''Early months of the war had the Crow Tengu completely pushed back by the human's armored aircrafts. As the war progressed though and the Crow Tengu realized their superior mobility and magical abilities completely outmatched them as long as they avoided their initial attack run, the humans had no chance. Nowadays, the humans would only send out their air units under the protection of their flak guns so that any Crow Tengu that tried to intercept them would get shrapnel in their wings.''
^Orange;+30% DODGE Chance when moving.^reset;	''전쟁 초기 몇 달간 까마귀 텐구는 인간의 장갑 항공기에 완전히 밀렸다. 전쟁이 진행되면서 까마귀 텐구는 첫 공격 항로만 피하면 자신들의 뛰어난 기동력과 마법 능력이 압도함을 깨달았고, 인간들에게는 기회가 없었다. 요즘은 인간들이 까마귀 텐구의 요격에 대공포 파편을 날개에 맞도록 대공포 보호 아래에서만 항공 부대를 내보낸다.''\n^Orange;이동 중 회피 +30%.^reset;	
/items/TRINKETS/LION/gico_crowfeather/gico_crowfeather.augment	shortdescription	Crow Feather	까마귀 깃털	
/items/TRINKETS/LION/gico_elitedoctrine/gico_elitedoctrine.augment	description	''We've been promoted! What does that mean?''
The L44 and L42F only recently entered production and were few and far between in the hands of a soldier. Lion high command only equips their best soldiers with these limited weapons knowing that there is no chance to replace them if they are lost in action.
^Orange;All LION BATTALION ASSAULT SUMMONS are equipped L44 assault rifles with infrared scopes or L42F automatic rifles which increases their lethality and accuracy at all ranges, wear better protection, and are IMMUNE to Suppression.^reset;	''우리 진급했어! 그게 무슨 뜻이지?''\nL44와 L42F는 최근에야 생산에 들어가 병사 손에 든 수가 얼마 없다. 라이온 고위 사령부는 전투에서 잃으면 대체할 방법이 없으니 최고의 병사들에게만 이 한정 무기를 지급한다.\n^Orange;모든 라이온 대대 강습 소환물이 적외선 조준경 든 L44 돌격소총이나 L42F 자동소총으로 무장해 모든 거리에서 치명성과 명중률이 높아지고, 더 나은 보호구를 입고, 제압 면역.^reset;	
/items/TRINKETS/LION/gico_elitedoctrine/gico_elitedoctrine.augment	shortdescription	LB Elite Package	LB 정예 패키지	
/items/TRINKETS/LION/gico_flamesupport/gico_flamesupport.augment	description	Heavily armored engineer equipped with a flamethrower allowing the soldier to burn anything in their way. Is heavily resistant against small-arms and will ^red;explode on death if they take too much damage at once^reset;. Can also serve as meatshield to block small-arms fire due to wearing heavy armor during a push.
^yellow;Only one SUPPORT trinket can be active at a time. If multiple are being used, none of them will activate until only one is active.^reset;
^Orange;Summons one WEST STAR FLAME ENGINEER when using a DEPLOYMENT ORDER | 60s Cooldown.^reset;	화염방사기를 장비한 중장갑 공병으로, 가는 길의 모든 것을 태울 수 있다. 소화기에 매우 강한 저항이 있고, 한꺼번에 너무 많은 피해를 받으면 ^red;죽을 때 폭발한다^reset;. 진격 중 중갑을 입어 소화기 사격을 막는 방패 역할도 가능하다.\n^yellow;지원 장신구는 한 번에 하나만 활성화할 수 있다. 여러 개를 사용하면 하나만 남을 때까지 아무것도 활성화되지 않는다.^reset;\n^Orange;배치 명령 사용 시 웨스트 스타 화염 공병 하나 소환 | 재사용 대기 60초.^reset;	
/items/TRINKETS/LION/gico_flamesupport/gico_flamesupport.augment	shortdescription	WS Flamethrower Package	WS 화염방사기 패키지	
/items/TRINKETS/LION/gico_grenadepack/gico_grenadepack.augment	description	''Use grenades to flush out the enemy!''
  
A large crate full of grenades intended to be distributed to a small squad of soldiers. Unlike most equipment, grenades are one of the few technologies able to be produced by native infastructure.
  
^Orange;All LION BATTALION GRENADIER and ASSAULT SUMMONS will now ocassionally throw grenades toward the enemy. These grenades deal no damage to players or summons.^reset;	''수류탄으로 적을 몰아내라!''\n  \n소규모 병사 분대에 나눠주기 위한 수류탄이 가득 든 큰 상자. 대부분의 장비와 달리 수류탄은 토착 기반 시설로도 생산 가능한 몇 안 되는 기술 중 하나다.\n  \n^Orange;모든 라이온 대대 유탄병과 강습 소환물이 이제 적에게 수시로 수류탄을 던진다. 이 수류탄은 플레이어나 소환물에게 피해를 주지 않는다.^reset;	
/items/TRINKETS/LION/gico_grenadepack/gico_grenadepack.augment	shortdescription	LB Grenade Package	LB 수류탄 패키지	
/items/TRINKETS/LION/gico_gunnersupport/gico_gunnersupport.augment	description	Lion Battalion infantry doctrine consists of basing most of the infantry squad's firepower around its machine guns. This is the compensate the lack of semi-automatic firearms the Lion had at the time compared to the Federation's superior battle rifles and light machine guns they produced in overwhelming numbers.
^yellow;Only one SUPPORT trinket can be active at a time. If multiple are being used, none of them will activate until only one is active.^reset;
^Orange;Summons one LION BATTALION MACHINE GUNNER when using a DEPLOYMENT ORDER | 60s Cooldown.^reset;	라이온 대대 보병 교리는 대부분의 보병 분대 화력을 기관총 중심으로 구성하는 것이다. 연방이 압도적인 수로 생산한 우수한 전투 소총과 경기관총에 비해 라이온이 그때 가진 반자동 화기 부족을 메우기 위함이다.\n^yellow;지원 장신구는 한 번에 하나만 활성화할 수 있다. 여러 개를 사용하면 하나만 남을 때까지 아무것도 활성화되지 않는다.^reset;\n^Orange;배치 명령 사용 시 라이온 대대 기관총병 하나 소환 | 재사용 대기 60초.^reset;	
/items/TRINKETS/LION/gico_gunnersupport/gico_gunnersupport.augment	shortdescription	LB Gunner Package	LB 기관총병 패키지	
/items/TRINKETS/LION/gico_hunterdoctrine/gico_hunterdoctrine.augment	description	''We now have access to superior arms and soldiers.''
As Federation forces continue to increase their usage of semi-automatic and automatic firearms, the Lion responded with the L43 to take on its new role as a de facto mainline rifle for standard infantry.
^Orange;All LION BATTALION GRENADIER SUMMONS are equipped L43 semi automatic rifles which drastically increases their firerate, provide higher magazine capacity, and are IMMUNE to Suppression at the cost of reduced bullet damage.^reset;	''이제 더 나은 무기와 병사를 쓸 수 있게 됐습니다.''\n연방군이 반자동·전자동 화기 사용을 늘리자, 라이온은 표준 보병의 사실상 주력 소총이라는 새 역할을 맡길 L43으로 응수했다.\n^Orange;모든 라이온 대대 유탄병 소환물이 발사 속도를 크게 높이고 탄창 용량이 더 크며 탄환 피해 감소 대가로 제압 면역인 L43 반자동 소총으로 무장.^reset;	
/items/TRINKETS/LION/gico_hunterdoctrine/gico_hunterdoctrine.augment	shortdescription	LB Fusilier Package	LB 소총병 패키지	
/items/TRINKETS/LION/gico_kitsunemask/gico_kitsunemask.augment	description	''The kitsune while historically mischievous, would cooperate with the humans if it means having a place in the new world where the tengu don't decide everything.''
Originally worn by humans, Kitsune masks are now worn by kitsunes themselves and modified to protect their facial area from shrapnel. Being well versed in flame magic, Kitsune Burners often leave nothing but ashes when they are deployed.
^Orange;Conflagration: Enemies killed within approximately 60 blocks explode into flaming bullets. (INDISCRIMINATE DAMAGE)^reset;	''키츠네는 역사적으로 말썽쟁이지만, 텐구가 모든 걸 결정하지 않는 신세계에서 자리를 얻는다면 인간과 협력했다.''\n원래 인간이 쓰던 키츠네 가면은 이제 키츠네들이 직접 쓰며 얼굴 부위를 파편으로부터 보호하도록 개조됐다. 화염 마법에 능한 키츠네 소각병은 배치되면 재만 남기는 경우가 많다.\n^Orange;대화재: 약 60블록 내에서 죽은 적이 불타는 탄환으로 폭발. (무차별 피해)^reset;	
/items/TRINKETS/LION/gico_kitsunemask/gico_kitsunemask.augment	shortdescription	Kitsune Mask	키츠네 가면	
/items/TRINKETS/LION/gico_luckyrabbitcoin/gico_luckyrabbitcoin.augment	description	Even to this day, many still debate whether luck is real or if everything is predetermined by faith. Are some destined to die on the battlefield no matter what while others live? To some, having life be a gamble will always be better than knowing every decision they make has already been set in stone.

^orange;A certain staff will give you better luck with this.
Enemies approximately 60 blocks have a 5% chance to drop a Physical Credit.^reset;	오늘날에도 많은 이가 운이 실재하는지 아니면 모든 게 신앙에 의해 예정됐는지 논쟁한다. 어떤 이는 무슨 일이 있어도 전장에서 죽을 운명이고 어떤 이는 살 운명일까? 어떤 이들에게는, 모든 결정이 이미 돌로 새겨져 있음을 아는 것보다 삶이 도박인 편이 언제나 낫다.\n\n^orange;어느 스태프가 이걸 가지고 있으면 운이 더 좋아진다.\n약 60블록 내 적이 5% 확률로 피지컬 크레딧 드롭.^reset;	
/items/TRINKETS/LION/gico_luckyrabbitcoin/gico_luckyrabbitcoin.augment	shortdescription	Lucky Rabbit Coin	행운의 토끼 동전	
/items/TRINKETS/LION/gico_marksmancontract/gico_marksmancontract.augment	description	^#3455eb;''The gun is mightier than the sword. Do not forget that.''^reset;

A bullet that is said to always be loaded in the chamber of whatever gun the user is using. They say those who have the Marksman's favor will never run out of bullets no matter how many rounds they fire.

^green;Infinite EWS Reload^reset;
^red;You will live by the bullet and die by the bullet | -99% ATK multiplier.^reset;	^#3455eb;''총이 칼보다 강하다. 잊지 마라.''^reset;\n\n사용자가 어떤 총을 쓰든 항상 약실에 장전되어 있다는 총알. 명사수의 가호를 받은 자는 몇 발을 쏘아도 총알이 바닥나지 않는다고 한다.\n\n^green;무한 [EWS] 재장전^reset;\n^red;총알로 살고 총알로 죽을 것이다 | 공격 배율 -99%.^reset;	
/items/TRINKETS/LION/gico_marksmancontract/gico_marksmancontract.augment	shortdescription	Cursed Bullet	저주받은 총알	
/items/TRINKETS/LION/gico_medicalsupplier/gico_medicalsupplier.augment	description	Not every injury can be treated at a hospital or medical tent in time. Soldiers are given basic training on first aid to treat most wounds so that they can stay alive long enough to get them to a proper doctor.


^Orange;Designates nearby [GiC] Infantry Summons and players who do not have this trinket as medics, recover +10HP/sec for 5 seconds and cure BLEEDING upon reaching 50% HP. | 60s Cooldown^reset;	모든 부상을 병원이나 야전 의무실에서 제때 치료할 수 있는 건 아니다. 병사들은 제대로 된 의사에게 데려갈 때까지 살아있게 할 수 있도록 대부분의 상처를 치료하는 응급처치 기초 훈련을 받는다.\n\n\n^Orange;이 장신구가 없는 주변 [GiC] 보병 소환물과 플레이어를 의무병으로 지정, 5초간 초당 +10HP 회복과 HP 50% 도달 시 출혈 치료. | 재사용 대기 60초^reset;	
/items/TRINKETS/LION/gico_medicalsupplier/gico_medicalsupplier.augment	shortdescription	Medical Training Kit	의료 훈련 킷	
/items/TRINKETS/LION/gico_micecommanderhat/gico_micecommanderhat.augment	description	''The mouse youkai were given praise when it became evident that their rodents can be used as spotters. Many soldiers find the idea of seeing rodents as equals insane, but they're quick to accept them when those rodents end up saving their ass.''
The hat of a valiant mouse commander having paid the ultimate price for her service.
^Orange;Mouse Spotters: Summons a mice every 15s when there are enemies approximately 60 blocks away. Counts as Infantry Summons for trinkets.^reset;	''쥐 요괴가 설치한 설치류가 정찰병으로 쓸 수 있음이 분명해지자 칭찬을 받았다. 많은 병사가 설치류를 동등하게 보는 건 미친 생각이라지만, 그 설치류가 자기 목숨을 구할 땐 금방 받아들인다.''\n그녀의 복무에 궁극의 대가를 치른 용감한 쥐 지휘관의 모자.\n^Orange;쥐 정찰병: 약 60블록 떨어진 곳에 적이 있으면 매 15초마다 쥐 소환. 장신구의 보병 소환물로 간주.^reset;	
/items/TRINKETS/LION/gico_micecommanderhat/gico_micecommanderhat.augment	shortdescription	Mice Commander Hat	쥐 지휘관 모자	
/items/TRINKETS/LION/gico_onisake/gico_onisake.augment	description	''Despite the legends telling us Onis are enemies of mankind, some onis in reality are willing to work with humans if it means they'll get to live and see the end of this war. Many of them just want to drink booze and coast through life without causing trouble. With plenty of sake available from war spoils, it wasn't difficult to convince them to join the volunteer divisions.''
^Orange;+100 HP. -50% General Weapon Proficiency. Penalty is reduced as the player loses HP. If the player has lost 150 HP or more, the penalty is completely negated.^reset;	''전설은 오니를 인류의 적이라 하지만, 실제로는 어떤 오니도 이 전쟁의 끝을 보고 살 수 있다면 인간과 협력하려 한다. 대부분은 그저 술을 마시며 문제를 일으키지 않고 살고 싶을 뿐이다. 전리품 술이 풍부해, 자원 사단에 합류시키는 건 어렵지 않았다.''\n^Orange;+100HP. 일반 무기 숙련 -50%. 플레이어가 HP를 잃을수록 페널티 감소. 플레이어가 150HP 이상 잃으면 페널티 완전 무효.^reset;	
/items/TRINKETS/LION/gico_onisake/gico_onisake.augment	shortdescription	Oni Sake	오니 술	
/items/TRINKETS/LION/gico_potionbandolier/gico_potionbandolier.augment	description	''A potion can mean the difference between seeing the sunrise on the next day.''

A potion bandolier used to carry additional potions during travel. Primarily only used by magicians that practice alchemy though has recently became more common due to a massive increase in potion usage due to the war.
^Orange;Drinking a Potion chugs a random additional potion. 
Potion Overload Limit +1.^reset;	''물약 하나가 다음날 일출을 보는지 못 보는지를 갈라놓을 수 있어.''\n\n여행 중 추가 물약을 나르는 물약 탄띠. 주로 연금술을 수련하는 마법사만 쓰지만 전쟁으로 물약 사용이 크게 늘어 최근 더 흔해졌다.\n^Orange;물약을 마시면 무작위 추가 물약도 마신다. \n물약 과다 한도 +1.^reset;	
/items/TRINKETS/LION/gico_potionbandolier/gico_potionbandolier.augment	shortdescription	Potion Bandolier	물약 탄띠	reuse
/items/TRINKETS/LION/gico_rangerdoctrine/gico_rangerdoctrine.augment	description	''Armory is now unlocked and ready for pickup.''
High powered automatic rifles and belt fed machine guns are the Western specialty and are some of the best weapons used to fight the Lion. Even against youkai, they continue to show that even evil spirits are not above the West Star's superior arms.

^Orange;All WEST STAR RANGER SUMMONS are equipped with S1918 automatic rifles or S1919 machine guns which increases either their firepower or suppression capabilities and are IMMUNE to Suppression.^reset;	''무기고가 해제되어 수령 준비가 됐습니다.''\n고출력 자동 소총과 벨트 급탄 기관총은 서방의 특산으로, 라이온과 싸우는 데 쓰인 최고의 무기 중 일부다. 요괴를 상대로도 악령이 웨스트 스타의 우수한 무기 위에 있지 않음을 계속 보여준다.\n\n^Orange;모든 웨스트 스타 레인저 소환물이 화력이나 제압 능력을 높이고 제압 면역인 S1918 자동 소총이나 S1919 기관총으로 무장.^reset;	
/items/TRINKETS/LION/gico_rangerdoctrine/gico_rangerdoctrine.augment	shortdescription	WS Ranger Package	WS 레인저 패키지	
/items/TRINKETS/LION/gico_royalistmedallion/gico_royalistmedallion.augment	description	''What do you mean the body is gone?''

To this day, nobody knows about the general's whereabout. Even the conspirators themselves who made the killing blow can only wonder what happened to the body that they left on the bridge when the deed was done.

^Orange;Upon running out of Ability Mana, immediately restore all Ability Mana. | 45s Cooldown	''시신이 사라졌다는 게 무슨 말이지?''\n\n지금까지 장군의 행방을 아는 이는 없다. 치명타를 가한 음모자들조차 다 끝낸 뒤 다리에 두고 온 시신이 어떻게 됐는지 궁금해할 뿐이다.\n\n^Orange;능력 마나 소진 시, 즉시 모든 능력 마나 회복. | 재사용 대기 45초	
/items/TRINKETS/LION/gico_royalistmedallion/gico_royalistmedallion.augment	shortdescription	Royalist Medallion	왕당파 메달리온	
/items/TRINKETS/LION/gico_shrinemaidenribbon/gico_shrinemaidenribbon.augment	description	''The daitengu only allowed them to exist cause they didn't want to waste valuable tengus defending humans.''
Very few humans in the land were compatible on becoming a shrine maiden. Due to how little faith there was for the gods, humans had to teach themselves how to use the power of the divine without their guidance.
^Orange;Rudimentary Floating: +50% DMG RES when active. Upon taking damage, -50% DMG RES for 3s. Damage reduction reactivates immediately after the penalty.^reset;	''대텐구는 인간을 지킬 가치 있는 텐구를 낭비하고 싶지 않아서 그들의 존재를 허락했을 뿐이야.''\n이 땅에서 무녀가 되는 데 적합한 인간은 극소수였다. 신들을 위한 신앙이 너무 적어, 인간들은 그들의 인도 없이 스스로 신성한 힘을 쓰는 법을 배워야 했다.\n^Orange;기초적 부유: 활성화 시 피해 저항 +50%. 피격 시 3초간 피해 저항 -50%. 페널티 직후 피해 감소 재활성.^reset;	
/items/TRINKETS/LION/gico_shrinemaidenribbon/gico_shrinemaidenribbon.augment	shortdescription	Shrine Maiden Ribbon	무녀 리본	
/items/TRINKETS/LION/gico_signalrod/gico_signalrod.augment	description	''To the natives of this land, artillery is no different than magic.''
A metal rod with a religious ornament attached to it. Whatever religious connotation the object once represented was now forgotten in favor of being a powerful catalyst used by a youkai to cast magic and launch flares into the sky to call in explosive barrages from friendly positions.
^Orange;Honorable Sacrifice: +25% EXPLOSIVE RESIST. Infantry Summons drop a mortar strike on the position of their death. Strike works indoors. (INDISCRIMINATE DAMAGE)^reset;	''이 땅의 토착민에게 포병은 마법과 다를 바 없어.''\n종교 장식이 달린 금속 막대. 물건이 한때 나타내던 종교적 의미는 잊히고, 이제는 요괴가 마법을 쓰고 아군 진지의 폭발 포격을 불러오는 조명탄을 하늘로 쏘는 강력한 촉매로 쓰인다.\n^Orange;명예로운 희생: 폭발 저항 +25%. 보병 소환물이 죽은 위치에 박격포 타격 투하. 실내에서도 작동. (무차별 피해)^reset;	
/items/TRINKETS/LION/gico_signalrod/gico_signalrod.augment	shortdescription	Signal Rod	신호 막대	
/items/TRINKETS/LION/gico_snipersupport/gico_snipersupport.augment	description	Long range Rose Sniper equipped with a R55 anti-tank rifle capable of penetrating even armored vehicles. Has a very slow firerate, but will rarely if ever miss their shot when they fire which will likely kill any standard infantry it hits. Can be used as a stopgap measure against light vehicles.
^yellow;Only one SUPPORT trinket can be active at a time. If multiple are being used, none of them will activate until only one is active.^reset;
^Orange;Summons one ROSE ANTI-TANK SNIPER when using a DEPLOYMENT ORDER | 60s Cooldown.^reset;	장갑차도 뚫을 수 있는 R55 대전차 소총으로 무장한 장거리 로즈 저격수. 발사 속도는 매우 느리지만, 쏘면 거의 빗나가지 않아 맞은 표준 보병은 대부분 죽는다. 경차량에 대한 임시 대책으로 쓸 수 있다.\n^yellow;지원 장신구는 한 번에 하나만 활성화할 수 있다. 여러 개를 사용하면 하나만 남을 때까지 아무것도 활성화되지 않는다.^reset;\n^Orange;배치 명령 사용 시 로즈 대전차 저격수 하나 소환 | 재사용 대기 60초.^reset;	
/items/TRINKETS/LION/gico_snipersupport/gico_snipersupport.augment	shortdescription	RE Sniper Package	RE 저격 패키지	
/items/TRINKETS/LION/gico_suspiciousmushroom/gico_suspiciousmushroom.augment	description	''How else am I going to test these mushrooms?''
Some magicians collect all sorts of herbs and mushrooms during their travel to use for various experimental potions. While most test their potions on animals before people, some prefer to use themselves as test subjects.
^orange;Randomly gain 1 of 6 effect every 60s. 1-10% Movement Speed, 1-25% General Weapon Proficiency, 1-50% DODGE Chance, 1-100HP, 1-5HP/sec, -(1-50%) General Resistance.
Potion Overload Limit +1.^reset;	''이 버섯들을 어떻게 아니면 시험해 보겠어?''\n일부 마법사는 여행 중 각종 실험 물약에 쓸 허브와 버섯을 모은다. 대부분은 사람보다 동물에게 먼저 물약을 시험하지만, 자신을 실험 대상으로 쓰는 걸 선호하는 이도 있다.\n^orange;매 60초마다 6가지 효과 중 1개 무작위 획득. 이동 속도 1~10%, 일반 무기 숙련 1~25%, 회피 1~50%, 1~100HP, 초당 1~5HP, 일반 저항 -(1~50%).\n물약 과다 한도 +1.^reset;	
/items/TRINKETS/LION/gico_suspiciousmushroom/gico_suspiciousmushroom.augment	shortdescription	Suspicious Mushrooms	수상한 버섯	
/items/TRINKETS/LION/gico_talismanset/gico_talismanset.augment	description	A stack of unused talisman that was primarily used by shrine maidens. Most shrine maidens carry a few with them to ward off specific youkai when a bullet doesn't do the job.
^Orange;Firing a Bow, Crossbow, or Muzzleloader has a 10% chance to fire a Talisman of Weaknening | 1s Cooldown
Swinging a melee weapon has a 20% chance to fire a Talisman of Chasing | 1s Cooldown
Firing a magic weapon has a 10% chance to fire a Talisman of Pain. | 1s Cooldown	무녀들이 주로 쓰던 미사용 부적 다발. 대부분의 무녀는 총알로 안 될 때 특정 요괴를 막으려고 몇 장씩 지니고 다닌다.\n^Orange;활·석궁·전장식총 발사 시 10% 확률로 약화의 부적 발사 | 재사용 대기 1초\n근접 무기 휘두름 시 20% 확률로 추적의 부적 발사 | 재사용 대기 1초\n마법 무기 발사 시 10% 확률로 고통의 부적 발사. | 재사용 대기 1초	
/items/TRINKETS/LION/gico_talismanset/gico_talismanset.augment	shortdescription	Stack of Talisman	부적 다발	
/items/TRINKETS/LION/gico_triagekit/gico_triagekit.augment	description	''Sorry. This is going to hurt like a bitch.''
Medical equipment that is designed to provide immediate aid to wounded soldiers. Proper treatment and medical care is still required in order to fully treat the injury, but it at least ensures the soldier won't bleed out in the middle of a warzone.
^Orange;Gain +1HP/sec. If HP falls below 75%/50%, reduce max HP to those thresholds but increase regen by an additional +2 each time. The effects reverts back to its base effect after being at full HP for 30s.^reset;	''미안. 존나 아플 거야.''\n부상당한 병사에게 즉각적인 구호를 제공하도록 설계된 의료 장비. 부상을 완전히 치료하려면 제대로 된 치료와 의료가 필요하지만, 최소한 병사가 전쟁 한복판에서 과다출혈로 죽지는 않게 해준다.\n^Orange;초당 +1HP. HP가 75%/50% 아래로 떨어지면 최대 HP를 그 임계값으로 줄이는 대신 각각 재생 +2 추가. 최대 HP 상태로 30초 후 기본 효과로 복귀.^reset;	
/items/TRINKETS/LION/gico_triagekit/gico_triagekit.augment	shortdescription	Triage Kit	응급 분류 킷	
/items/TRINKETS/LION/gico_westernteamaker/gico_westernteamaker.augment	description	''Tea? Or would you like something stronger?''
A Empire tea maker that is found inside some of their tanks. It is rumored that even if their tank is being bombarded by Crow Tengu rocketeers, the crew will refuse to leave their wrecked tank until they grabbed the tea maker with them claiming that they would rather die than be deprived of their only source of tea.
^Orange;Tea, Anyone?: Gain the Tanker's Tea buff. Infantry Summons also gain the Tanker's Tea buff. (Tanker's Tea - 5% Movement Speed, +25 HP, and IMMUNE to Suppression)^reset;	''차 한잔? 아니면 더 센 걸로 줄까?''\n일부 전차 안에서 발견되는 제국의 티메이커. 까마귀 텐구 로켓병이 전차를 폭격하는 와중에도, 승무원이 유일한 차의 원천을 빼앗기느니 죽겠다며 티메이커를 챙기기 전까지 전차를 떠나지 않는다는 소문이 있다.\n^Orange;차, 어떠세요?: 전차병의 차 버프 획득. 보병 소환물도 전차병의 차 버프 획득. (전차병의 차 - 이동 속도 5%, +25HP, 제압 면역)^reset;	
/items/TRINKETS/LION/gico_westernteamaker/gico_westernteamaker.augment	shortdescription	Rose Tea Maker	로즈 티메이커	
/items/TRINKETS/LION/gico_wolfblood/gico_wolfblood.augment	description	''The wolf tengu yearn for battle. Its part of their nature as a tengu and is what got a lot of them killed early in the war. It took them a few months for the wolf tengu caste to understand that their old tactics wouldn't work in a battlefield where weapons such as the machine gun exist. It's because of that prideness of theirs is why they started losing this war.''
^red;-30% General Weapon Proficiency when above 75% HP. ^reset;
^Orange;+20% Movement Speed, +2HP/sec, +25% DODGE Chance, +10% General Weapon Proficiency when under 50% HP.	''늑대 텐구는 전투를 갈망해. 텐구의 본성이고, 전쟁 초기에 많은 놈들이 그 때문에 죽었지. 늑대 텐구 계급이 기관총 같은 무기가 있는 전장에서 옛 전술이 안 통한다는 걸 깨닫기까지 몇 달 걸렸어. 그들이 이 전쟁에서 지기 시작한 건 그 자부심 때문이야.''\n^red;HP 75% 초과 시 일반 무기 숙련 -30%. ^reset;\n^Orange;HP 50% 미만일 때 이동 속도 +20%, 초당 +2HP, 회피 +25%, 일반 무기 숙련 +10%.	
/items/TRINKETS/LION/gico_wolfblood/gico_wolfblood.augment	shortdescription	Wolf Blood	늑대 피	
/items/TRINKETS/TEST/gico_template.augment	description	Trinket template. Used to test effects.^reset;	장신구 템플릿. 효과 테스트용.^reset;	
/items/TRINKETS/TEST/gico_template.augment	shortdescription	Anomalous Radio	변칙적 무전기	
/items/TRINKETS/TEST/gico_testbuff.augment	description	Gain 10,000 health. Used to test enemy attacks and check damage threshold. This is a testing trinket.^reset;	체력 10,000 획득. 적 공격을 테스트하고 피해 임계값을 확인하는 데 쓰인다. 테스트 장신구다.^reset;	
/items/TRINKETS/TEST/gico_testbuff.augment	shortdescription	Anomalous Radio	변칙적 무전기	
/items/TRINKETS/TEST/gico_testcrit.augment	description	Maxes out EWS accuracy. This is a testing trinket.^reset;	[EWS] 명중률 최대화. 테스트 장신구다.^reset;	
/items/TRINKETS/TEST/gico_testcrit.augment	shortdescription	Anomalous Radio	변칙적 무전기	
/items/WEAPONS/GRENADE/gico_lb24_barragegrenade/gico_lb24_barragegrenade.thrownitem	description	''Grenade assault!!!''
  
Fragmentation grenades with a 5-second fuze. A total of five grenades are loosely tied together around a single stick. Once tossed, the string is quickly unraveled and the five grenades are launched at various angles allowing the grenades to hit a vastly larger area than what a single grenade could accomplish. Prior to this weapon, a common tactic for Lion infantry squads was to throw a grenade with each soldier at the same time.	''수류탄 돌격!!!''\n  \n신관 5초의 파편 수류탄. 총 5개의 수류탄이 한 자루에 대강 묶여 있다. 던지면 끈이 빠르게 풀려 수류탄 5개가 각종 각도로 날아가 단일 수류탄보다 훨씬 넓은 지역을 타격할 수 있다. 이 무기 전에는 라이온 보병 분대가 각 병사가 동시에 수류탄 하나씩을 던지는 게 일반 전술이었다.	
/items/WEAPONS/GRENADE/gico_lb24_barragegrenade/gico_lb24_barragegrenade.thrownitem	shortdescription	L24 Frag Grenade Bundle	L24 파편 수류탄 다발	
/objects/GENERAL/gico_general_railing/gico_general_railing_1.object	description	Railing	난간	
/objects/GENERAL/gico_general_railing/gico_general_railing_1.object	shortdescription	Railing	난간	
/objects/GENERAL/gico_general_railing/gico_general_railing_2.object	description	Railing	난간	
/objects/GENERAL/gico_general_railing/gico_general_railing_2.object	shortdescription	Railing	난간	
/objects/WIRED/gico_bystander_mouseraider/gico_bystander_mouseraider.object	description	A mouse raider that hasn't noticed you yet.	아직 당신을 알아채지 못한 쥐 습격병.	reuse
/objects/WIRED/gico_bystander_mouseraider/gico_bystander_mouseraider.object	shortdescription	Mouse Raider Reinforcements	쥐 습격병 증원	reuse
/projectiles/SUPPORT/gico_medical_drop/gico_medical_drop_healing.statuseffect	label	Healing	치유	reuse
/stats/HEALTH/gico_recover100.statuseffect	label	Healing	치유	reuse
/stats/HEALTH/gico_recover100potion.statuseffect	label	Healing	치유	reuse
/stats/HEALTH/gico_recover25.statuseffect	label	Healing	치유	reuse
/stats/HEALTH/gico_recover50.statuseffect	label	Healing	치유	reuse
/stats/HEALTH/gico_recover500.statuseffect	label	Healing	치유	reuse
/stats/MISC/gico_vehicle_repair/gico_vehiclerepair.statuseffect	label	Healing	치유	reuse
