kind	term	expected	set	id	english	korean	context
GLOSSARY_ABSENT	Back	뒤로 (legacy uses=3)	new	34	"''In forty minutes, people will be shooting at these 19 year old boys. And they will shoot back, and they will kill. That is the law of war: if you don't kill first, they'll kill you. We didn't invent this law.''

Uses AK 5.45x39mm Magazines.

^green;Hold down ""Alt Fire"" to switch between Full Auto and Semi-Auto.^reset;"	"''40분 후면, 사람들이 이 열아홉 살짜리 소년들에게 총을 쏠 겁니다. 그리고 소년들도 쏴서 죽일 것입니다. 그것이 전쟁의 법칙입니다: 먼저 죽이지 않으면 죽습니다. 이 법칙은 우리가 만든 게 아닙니다.''

AK 5.45x39mm 탄창을 사용합니다.

^green;""보조 발사""를 길게 누르면 완전 자동과 반자동을 전환합니다.^reset;"	GiC:/items/WEAPONS/RANGED/ASSAULT_RIFLE/gic_ak74m/gic_ak74m_npc.activeitem#/description | GiC:/items/WEAPONS/RANGED/ASSAULT_RIFLE/gic_ak74m/gic_ak74m_mold_npc.activeitem#/description | GiC:/items/WEAPONS/RANGED/ASSAULT_RIFLE/gic_ak74m/gic_ak74m_spetsnaz_npc_noflash.activeitem#/description
GLOSSARY_ABSENT	Sure	그래 (legacy uses=3)	new	36	An impressive doorway. These sure don't come cheap. But the humans make'em cheap anyways.	인상적인 출입문입니다. 이런 건 분명 싸지 않을 텐데, 인간들은 어쨌든 싸게 만들죠.	GiC:/objects/BACKGROUND_PROP/gic_bgspacestationslidingdoor/gic_bgspacestationslidingdoor.object#/novakidDescription | GiC:/objects/SPACE/gic_spacestationslidingverticaldoor_dark/gic_spacestationslidingverticaldoor_dark.object#/novakidDescription | GiC:/objects/SPACE/gic_spacestationslidingdoor/gic_spacestationslidingdoor_lockdown.object#/novakidDescription
GLOSSARY_ABSENT	Back	뒤로 (legacy uses=3)	new	79	Hey, wait! Wait! ^red;Radioactivity levels on this planet are WAY TOO HIGH FOR YOU!^reset; You need to put on some protective equipment or beam back up!	이봐, 잠깐! 잠깐만! ^red;이 행성의 방사능 수치는 당신에게 너무 높습니다!^reset; 방호 장비를 착용하거나 우주선으로 되돌아가야 합니다!	NonEKI:/radiomessages/fu_exploration.radiomessages.patch#/8/value/text | NonEKI:/radiomessages/exploration.radiomessages.patch#/7/16/value/text | NonEKI:/radiomessages/exploration.radiomessages.patch#/7/25/value/text
GLOSSARY_ABSENT	Items	아이템 (legacy uses=6)	new	91	You've picked up a Trinket. These augments can only be placed into [GiC] armor such as the the Shinobi or Old Adventurer sets. These items are typically exotic in nature, offering much greater effects.	장신구를 획득했습니다. 이런 강화 장치는 시노비나 옛 모험가 세트 같은 [GiC] 방어구에만 장착할 수 있습니다. 본질적으로 이국적인 물건이라 훨씬 강력한 효과를 제공합니다.	GiC:/radiomessages/gic_generic.radiomessages#/gic_pickup_helmet_augment/text | GiC:/radiomessages/gic_generic.radiomessages#/gic_pickup_rig_augment/text | GiC:/radiomessages/gic_generic.radiomessages#/gic_pickup_legwear_augment/text
GLOSSARY_ABSENT	Back	뒤로 (legacy uses=3)	new	94	"

[High Threat | Come back only when prepared!]"	"

[고위험 | 준비가 되었을 때만 돌아오세요!]"	GiC:/interface/confirmation/gic_teleportconfirmation.config#/gic_razed_floranfortifiedtown_shellhunterfight_confirmation/message | GiC:/interface/confirmation/gic_teleportconfirmation.config#/gic_garden_crypt_caveopening_confirmation/message | GiC:/interface/confirmation/gic_teleportconfirmation.config#/gic_garden_marshlandvillage_roguetrail_confirmation/message
GLOSSARY_ABSENT	Type	유형 (legacy uses=5)	new	95	"''I saw her, the Yamaxanadu, a towering figure, but unmistakenably feminine. Is it salvation to look upon her? Deliverance? I knelt, losing my strength. I wanted to look away, and yet, she was all I wanted to see.''
A balanced and versatile sword. It excels with any type of shield but it is also suitable for quick evasive maneuvres.

^#FFEEC6;Evasive Slash [SHIFT]: Gain I-frames and dodge whilst performing a weak slash | No cooldown."	"''그녀를 보았습니다, 야마자나두를. 우뚝 솟은 모습이지만 틀림없이 여성이었습니다. 그녀를 우러러보는 것이 구원일까요? 인도일까요? 저는 힘이 빠져 무릎을 꿇었습니다. 눈을 돌리고 싶었지만, 오직 그녀만이 보고 싶었습니다.''
균형 잡힌 다용도 검입니다. 어떤 방패와도 잘 어울리지만 빠른 회피 기동에도 적합합니다.

^#FFEEC6;회피 베기 [SHIFT]: 무적 시간을 얻어 약한 베기를 하며 회피합니다 | 재사용 대기 없음."	GiC:/items/WEAPONS/MELEE/SWORD/gic_wolfguardian_scimitar/gic_wolfguardian_scimitar_playerpose.activeitem#/description | GiC:/items/WEAPONS/MELEE/SWORD/gic_infantrymans_rapier/gic_infantrymans_rapier_npc.activeitem#/description | GiC:/items/WEAPONS/MELEE/SWORD/gic_infantrymans_shortsword/gic_infantrymans_shortsword_npc.activeitem#/description
GLOSSARY_ABSENT	Iron	철 (legacy uses=4)	new	100	"A simple crossbow operated by the brigands. Simple, effective, and deadly, the crossbow influenced the medieval battlefield that led to an invigoration of the peasant army. Where the archer required training that was strengthened from childhood, a man could be handed a crossbow with few weeks training. Multiply by a few thousand men, and they were a force to be reckoned with.

^orange;Iron Will: 0.4s PARRY WINDOW | 150HP STABILITY^reset;"	"산적들이 쓰는 단순한 석궁입니다. 단순하고, 효과적이며, 치명적인 석궁은 중세 전장에 영향을 주어 농민군에 활기를 불어넣었습니다. 궁수는 어렸을 때부터 다진 훈련이 필요했지만, 석궁이라면 몇 주 훈련만으로 병사에게 쥐여줄 수 있었습니다. 그 수천 배의 병력은 무시할 수 없는 세력이었습니다.

^orange;아이언 윌: 0.4초 패링 창 | 안정성 150HP^reset;"	GiC:/items/WEAPONS/RANGED/CROSSBOWS/gic_brigandcrossbow/gic_brigandcrossbow_npc_brigandranger.activeitem#/description | GiC:/items/WEAPONS/RANGED/CROSSBOWS/gic_brigandcrossbow/gic_brigandcrossbow_npc_brigandslinger.activeitem#/description | GiC:/items/WEAPONS/RANGED/CROSSBOWS/gic_brigandcrossbow/gic_brigandcrossbow.activeitem#/description
GLOSSARY_ABSENT	Defense	방어력 (legacy uses=3)	new	139	"''''

^yellow;Parry [ALT-FIRE]: 0.6s PARRY WINDOW | 75HP STABILITY.^white;
^#FFEEC6;Light-Footed Offense-Defense [SHIFT]: Perform a quick overhead that auto-transitions into a backstep-thrust attack, dealing heightened SLASH and THRUST DMG | 35s Cooldown.^white;
"	"''''

^yellow;패링 [ALT-FIRE]: 0.6초 패링 창 | 안정성 75HP.^white;
^#FFEEC6;경발 공방 [SHIFT]: 빠른 내리베기 후 자동으로 백스텝 찌르기로 연결되어 강화된 베기와 찌르기 피해를 줍니다 | 재사용 대기 35초.^white;
"	GiC:/items/WEAPONS/MELEE/GREATSWORD/gic_trenchknight_greatsword/gic_trenchknight_greatsword_testbed_playerpose.activeitem#/description | GiC:/items/WEAPONS/MELEE/GREATSWORD/gic_bellwatcher_greatsword/gic_bellwatcher_greatsword_playerpose.activeitem#/description | GiC:/items/WEAPONS/MELEE/GREATSWORD/gic_wolfguardian_odachi/gic_wolfguardian_odachi_playerpose.activeitem#/description
GLOSSARY_ABSENT	Defense	방어력 (legacy uses=3)	new	145	"''Without remorse, breakin' your jaw, and by the end, you'll be a name on a wall. But death is not a disgrace, it's divinity.''

The Dynami-Core Defense Rifle 516 is one of the many derivatives of the ancient AR platform, which saw service even during the Earth-Martian War. Uses STANAG NATO 5.56x45mm magazines.

^green;Hold down ""Alt Fire"" to switch between Full Auto and Semi-Auto.^reset;"	"''자비 없이, 턱을 부러뜨리고, 끝에는 네가 벽의 이름이 될 거야. 하지만 죽음은 수치가 아니라 신성이야.''

다이나미-코어 디펜스 라이플 516은 고대 AR 플랫폼의 수많은 파생형 중 하나로, 지구-화성 전쟁 때도 사용됐습니다. STANAG NATO 5.56x45mm 탄창을 사용합니다.

^green;""보조 발사""를 길게 누르면 완전 자동과 반자동을 전환합니다.^reset;"	GiC:/items/WEAPONS/RANGED/ASSAULT_RIFLE/gic_dcdr516/gic_dcdr516_jamreference.activeitem#/description | GiC:/items/WEAPONS/RANGED/ASSAULT_RIFLE/gic_dcdr516/gic_dcdr516_npc.activeitem#/description | GiC:/items/WEAPONS/RANGED/ASSAULT_RIFLE/gic_dcdr516/gic_dcdr516.activeitem#/description
GLOSSARY_ABSENT	Back	뒤로 (legacy uses=3)	new	193	"One of the most produced revolvers in history. Smith & Wesson started pumping these out in 1899 & hadn't stopped... that is till they did due to nuclear armageddon. It took some time but eventually the company would bounce back from the fallout & get some juicy contracts from the resurged United States. Police forces on a galactic scale have enjoyed the pistols great reliablity & ease of use for centuries.
Feeds .38 Special Bullets
^green;Double-Tap [SHIFT] to switch to a one-handed grip.^reset;"	"역사상 가장 많이 생산된 리볼버 중 하나입니다. 스미스 & 웨슨은 1899년부터 이를 찍어내기 시작해 멈추지 않았습니다... 적어도 핵 아마겟돈이 터질 때까지는요. 시간이 걸렸지만 회사는 결국 낙진에서 벗어나 되살아난 미국으로부터 짭짤한 계약을 따냈습니다. 은하 규모의 경찰력은 수세기 동안 이 권총의 뛰어난 신뢰성과 사용 편의성을 누려 왔습니다.
.38 스페셜 탄을 장전합니다.
^green;[SHIFT]를 두 번 눌러 한 손 그립으로 전환합니다.^reset;"	GiC:/items/WEAPONS/RANGED/REVOLVER/gic_sw_model10/gic_sw_model10_npc.activeitem#/description | GiC:/items/WEAPONS/RANGED/REVOLVER/gic_sw_model10/gic_sw_model10_onehanded.activeitem#/description | GiC:/items/WEAPONS/RANGED/REVOLVER/gic_sw_model10/gic_sw_model10.activeitem#/description
GLOSSARY_ABSENT	Metal	금속 (legacy uses=3)	new	226	"

Embark on a non-canonical challenge run with harder enemies but better rewards. ^red;Replaceable resources such as scrap metal and ammunition are dropped on death | Unique gear such as weapons and armor are NOT lost on death.^reset;"	"

더 강한 적과 더 좋은 보상이 있는 비정규 도전 런을 시작합니다. ^red;사망 시 고철이나 탄약 같은 소모성 자원은 떨어뜨리지만, 무기와 방어구 같은 고유 장비는 잃지 않습니다.^reset;"	GiC:/interface/confirmation/gic_teleportconfirmation.config#/gic_garden_newrijikan_flushbrigandnest_tier2_confirmation/message | GiC:/interface/confirmation/gic_teleportconfirmation.config#/gic_garden_newrijikan_flushbrigandnest_tier3_confirmation/message
GLOSSARY_ABSENT	Defense	방어력 (legacy uses=3)	new	252	"''People have laughed at scrap guns like this. Called 'em 'cursed' and whatnot, giving us the laugh. 'specially the kids. Tell 'em what though, the real 'cursed' thing about it is that it still kills just as good as any other shotgun.''

When in the hands of desperate citizens, this gun is the undercolony's first and last defense. Accepts 20 Gauge shells."	"''사람들은 이런 고철 총을 비웃었지. '저주받았다'느니 하면서 우리를 웃겼어. 특히 꼬맹이들이. 근데 말야, 진짜 '저주받은' 점은 다른 산탄총만큼 똑같이 잘 죽인다는 거지.''

절박한 시민의 손에 쥐어지면, 이 총은 하층 식민지의 처음이자 마지막 방어선입니다. 20게이지 탄을 사용합니다."	GiC:/items/WEAPONS/RANGED/SHOTGUN/gic_polisduplet/gic_polisduplet.activeitem#/description | GiC:/items/WEAPONS/RANGED/SHOTGUN/gic_polisduplet/gic_polisduplet_npc.activeitem#/description
GLOSSARY_ABSENT	FLAMETHROWER	화염 방사기 (legacy uses=3)	new	253	"''Since there was no need for Woody as a flamethrower-wielding demolitionist, Woody went back to being a rifleman.''

Chambered in a hefty .30-06 (7.62x63mm).

^orange;M7 Launcher: Can load M1 Garand HE Rifle-Grenades.^reset;"	"''우디가 화염방사병으로 필요하지 않게 되자, 우디는 다시 소총수로 돌아갔다.''

묵직한 .30-06(7.62x63mm) 탄을 사용합니다.

^orange;M7 발사기: M1 개런드 HE 소총 수류탄을 장전할 수 있습니다.^reset;"	GiC:/items/WEAPONS/RANGED/BATTLE_RIFLE/gic_m1garand/gic_m1garand.activeitem#/description | GiC:/items/WEAPONS/RANGED/BATTLE_RIFLE/gic_m1garand/gic_m1garand_npc.activeitem#/description
GLOSSARY_ABSENT	Back	뒤로 (legacy uses=3)	new	253	"''Since there was no need for Woody as a flamethrower-wielding demolitionist, Woody went back to being a rifleman.''

Chambered in a hefty .30-06 (7.62x63mm).

^orange;M7 Launcher: Can load M1 Garand HE Rifle-Grenades.^reset;"	"''우디가 화염방사병으로 필요하지 않게 되자, 우디는 다시 소총수로 돌아갔다.''

묵직한 .30-06(7.62x63mm) 탄을 사용합니다.

^orange;M7 발사기: M1 개런드 HE 소총 수류탄을 장전할 수 있습니다.^reset;"	GiC:/items/WEAPONS/RANGED/BATTLE_RIFLE/gic_m1garand/gic_m1garand.activeitem#/description | GiC:/items/WEAPONS/RANGED/BATTLE_RIFLE/gic_m1garand/gic_m1garand_npc.activeitem#/description
GLOSSARY_ABSENT	A Rock	바위 (legacy uses=25)	new	257	"''They were a pathetic lot, squandering their time to drink moonshine and fight over scraps. An offering of a jar of spirits garnered me their quick attention, but I sensed betrayal in their eyes. As I turned to walk away, one struck my armor with a rock. Were they mad?''

^#D6DFFF;Aerial Stab [SHIFT]: Leap into the air before thrusting directly downwards, dealing high PIERCE damage | 20s cooldown.^white;"	"''그들은 한심한 무리였네. 밀주를 마시고 고철을 두고 싸우며 시간을 낭비했지. 술 한 단지를 바치자 바로 관심을 보였지만, 그들의 눈에서 배신을 읽었네. 돌아서는 순간 하나가 내 갑옷에 돌을 던졌지. 미친 건가?''

^#D6DFFF;공중 찌르기 [SHIFT]: 공중으로 뛰어올라 바로 아래로 찔러 높은 관통 피해를 줍니다 | 재사용 대기 20초.^white;"	GiC:/items/WEAPONS/MELEE/SPEAR/gic_infantrymans_spear/gic_infantrymans_spear_testbed2.activeitem#/description | GiC:/items/WEAPONS/MELEE/SPEAR/gic_infantrymans_spear/gic_infantrymans_spear_initialtestbed.activeitem#/description
GLOSSARY_ABSENT	A Rock	바위 (legacy uses=25)	new	258	"''They were a pathetic lot, squandering their time to drink moonshine and fight over scraps. An offering of a jar of spirits garnered me their quick attention, but I sensed betrayal in their eyes. As I turned to walk away, one struck my armor with a rock. Were they mad?''

^#FFEEC6;Evasive Flurry [SHIFT]: Initiate a barrage of rapid strikes, gaining I-frames during the attack | 20s cooldown.^white;"	"''그들은 한심한 무리였네. 밀주를 마시고 고철을 두고 싸우며 시간을 낭비했지. 술 한 단지를 바치자 바로 관심을 보였지만, 그들의 눈에서 배신을 읽었네. 돌아서는 순간 하나가 내 갑옷에 돌을 던졌지. 미친 건가?''

^#FFEEC6;회피 연타 [SHIFT]: 빠른 연속 타격을 시작해 공격 중 무적 프레임 획득 | 재사용 대기 20초.^white;"	GiC:/items/WEAPONS/MELEE/SPEAR/gic_infantrymans_spear/gic_infantrymans_spear_npc_idlepatrol.activeitem#/description | GiC:/items/WEAPONS/MELEE/SPEAR/gic_infantrymans_spear/gic_infantrymans_spear_npc.activeitem#/description
GLOSSARY_ABSENT	Defense	방어력 (legacy uses=3)	new	276	A defense drone. Who made this, I wonder?	방어 드론입니다. 누가 만들었을까요?	Black Armory:/objects/sheilaworkshop/black_furniture/black_prismadronespawner/black_prismadronespawner.object#/humanDescription | Black Armory:/objects/sheilaworkshop/black_furniture/black_rocketdronespawner/black_rocketdronespawner.object#/humanDescription
GLOSSARY_ABSENT	Frozen	빙결 (legacy uses=3)	new	282	A frozen portal that leads to a random dimension	무작위 차원으로 통하는 얼어붙은 포털	Extended Story:/objects/eternalfrost/frozenportal/frozenportal.object#/apexDescription | Extended Story:/objects/eternalfrost/frozenportal/frozenreturnportal.object#/apexDescription
GLOSSARY_ABSENT	Back	뒤로 (legacy uses=3)	new	303	"A modernized version the Accuracy International PM, or L96A1. Possibly the first modern sniper rifle, and even now, one of the few purpose built military sniper rifles. Extremely modular, incredible performance, and suitable for almost any enviornment, not much can compete even since its original inception back in 1982.

Uses individual 7.62x51mm rounds."	"Accuracy International PM, 일명 L96A1의 현대화형입니다. 아마도 최초의 현대 저격 소총이며, 지금도 몇 안 되는 군용 목적 저격 소총 중 하나입니다. 극도의 모듈성, 믿기 힘든 성능, 거의 모든 환경에 적합하므로 1982년 처음 등장한 이래 견줄 것이 많지 않습니다.

7.62x51mm 개별 탄환을 사용합니다."	GiC:/items/WEAPONS/RANGED/SNIPER_RIFLE/gic_l115a2/gic_l115a2_testbed_original.activeitem#/description | GiC:/items/WEAPONS/RANGED/SNIPER_RIFLE/gic_l115a2/gic_l115a2_npc.activeitem#/description
GLOSSARY_ABSENT	Back	뒤로 (legacy uses=3)	new	314	"A shoulder-mounted blackpowder cannon capable of firing massive cannonballs. Each shot holds immense power but is held back by a similarly oppressive reload time to its ballista counterpart.

^orange;Loads Cannonballs."	"거대한 포탄을 쏠 수 있는 견착 흑색화약 포입니다. 매 발이 엄청난 위력을 지니지만, 발리스타처럼 윽박지르는 재장전 시간에 발목이 잡힙니다.

^orange;포탄을 장전합니다."	GiC:/items/WEAPONS/RANGED/BLACKPOWDER/gic_powderzooka/gic_powderzooka_npc.activeitem#/description | GiC:/items/WEAPONS/RANGED/BLACKPOWDER/gic_powderzooka/gic_powderzooka.activeitem#/description
GLOSSARY_ABSENT	Type	유형 (legacy uses=5)	new	329	"A standard modern-issue security rifle perfected for use in almost any environment. Lightweight, modular and seemingly easy to operate, this weapon is only one of the many derivatives of the AR platform, repopularised by the use of the USCM4 during the early years of the Floran Invasion of Humanity. Uses STANAG-FEDERATSIYA 5.56x45mm magazines, the same type used by the USCM4.

^green;Hold down ""Alt Fire"" to switch between Full Auto and Semi-Auto.^reset;"	"거의 모든 환경에서 쓸 수 있게 완성된 표준 현대식 보안 소총입니다. 가볍고 모듈식이며 조작이 쉬워 보이는 이 무기는 AR 플랫폼의 수많은 파생형 중 하나로, 인류 대 플로란 침공 초기 USCM4의 사용으로 다시 인기를 얻었습니다. USCM4와 동일한 STANAG-FEDERATSIYA 5.56x45mm 탄창을 사용합니다.

^green;""보조 발사""를 길게 누르면 완전 자동과 반자동을 전환합니다.^reset;"	GiC:/items/WEAPONS/RANGED/ASSAULT_RIFLE/gic_dcdr516/gic_dcdr516_hipfire.activeitem#/description | GiC:/items/WEAPONS/RANGED/ASSAULT_RIFLE/gic_dcdr516/gic_dcdr516_overcharged_npc.activeitem#/description
GLOSSARY_ABSENT	Output	출력 (legacy uses=10)	new	347	An exhaust port combine with a turbine. Smart, as it allows for more power but the output still pollutes the area.	배기구와 터빈의 결합입니다. 더 많은 동력을 내지만, 배출물이 주변을 오염시키는 영리한 설계입니다.	GiC:/objects/SPACE/gic_exhaust_bottom/gic_exhaust_bottom.object#/hylotlDescription | GiC:/objects/SPACE/gic_exhaust/gic_exhaust.object#/hylotlDescription
GLOSSARY_ABSENT	Frozen	빙결 (legacy uses=3)	new	353	Analysing. A frozen portal.	분석 중. 얼어붙은 포털입니다.	Extended Story:/objects/eternalfrost/frozenportal/frozenportal.object#/glitchDescription | Extended Story:/objects/eternalfrost/frozenportal/frozenreturnportal.object#/glitchDescription
GLOSSARY_ABSENT	Ready	준비 완료 (legacy uses=10)	new	356	Are you two ready?	둘 다 준비됐나?	GiC:/cinematics/CHARACTERS/AYA_SHAMEIMARU/gic_wildlands_ayashameimaru_wedding_3_romance_true.cinematic#/panels/5/text | GiC:/cinematics/CHARACTERS/KOGASA_TATARA/gic_wildlands_kogasatatara_wedding_3_romance_true.cinematic#/panels/5/text
GLOSSARY_ABSENT	laboratory	연구실 (legacy uses=5)	new	388	Boss Rush: P. Laboratory	보스 러시: P. 연구소	GiC:/interface/warping/gic_tylian_bazaar_bossrush.config#/destinations/26/name | GiC:/interface/warping/ESTHER/gic_esther_chapter_2_hubworld_portallab_bossrush.config#/destinations/22/name
GLOSSARY_ABSENT	Ready	준비 완료 (legacy uses=10)	new	453	"FTL travel will cost ^green;%s fuel^reset;.
Ready to roll?"	"FTL 이동에는 ^green;%s 연료^reset;가 소모됩니다.
출발할까요?"	NonEKI:/interface/cockpit/cockpit.config-old.patch#/0/0/value | NonEKI:/interface/cockpit/cockpit.config.patch#/1/0/value
GLOSSARY_ABSENT	Type	유형 (legacy uses=5)	new	459	Fits any compatible Saiga-type weapons. 10rnd Magazine.	호환되는 모든 사이가식 무기에 맞습니다. 10발 탄창.	GiC:/items/AMMUNITION/gic_saiga12_1850x70mm_mag/gic_saiga12_1850x70mm_slug_mag.item#/description | GiC:/items/AMMUNITION/gic_saiga12_1850x70mm_mag/gic_saiga12_1850x70mm_mag.item#/description
GLOSSARY_ABSENT	Type	유형 (legacy uses=5)	new	460	Fits any compatible Saiga-type weapons. 20rnd Drum Magazine.	호환되는 모든 사이가식 무기에 맞습니다. 20발 드럼 탄창.	GiC:/items/AMMUNITION/gic_saiga12_1850x70mm_mag/gic_saiga12_1850x70mm_drum_mag.item#/description | GiC:/items/AMMUNITION/gic_saiga12_1850x70mm_mag/gic_saiga12_1850x70mm_slug_drum_mag.item#/description
GLOSSARY_ABSENT	Wet	젖음 (legacy uses=4)	new	490	I mean, think about it. We came from a ship that could fly into the void above. Every ship I've been on has been this damp, wet, vessel. Always cramped too. Then they're going to tell me something like that held a million people or whatever because it just happened to be the size of a mountain. Then they tell us that this ship doesn't exist anymore because it all melted a million miles away in ''nuclear fire''. It's ridiculous, I tell you.	아니, 생각해 보세요. 우리는 저 위의 공허를 날 수 있는 배에서 왔어요. 제가 탄 배는 전부 이렇게 축축하고 젖은 선박이었죠. 늘 비좁기도 했고요. 근데 그런 게 백만 명을 태웠다는 거예요, 그냥 산만 해서. 그러더니 이 배는 백만 리 떨어진 곳에서 ''핵화염''에 녹아버려서 더는 존재하지 않는대요. 정말 황당하다니까요.	GiC:/cinematics/CHARACTERS/BADA/gic_garden_caravan_mission_1_1_ForestPath_travel.cinematic#/panels/16/text | GiC:/cinematics/CHARACTERS/BADA/gic_garden_caravan_mission_1_1_ForestPath_travel_original.cinematic#/panels/13/text
GLOSSARY_ABSENT	Back	뒤로 (legacy uses=3)	new	492	"I used to be a blacksmith before all of this, mostly as just a hobby. Not normal things though. I handled magical weapons. I look back and regret who I used to work for, but I think I know better now.

If you find a Remnant, bring it to me so that I may create something from them. Remnants are the fading... representations, you could say, of humanity itself. They will usually be in the form of a ring, amulet, or some other sentimental item."	"이 모든 일 전에 저는 대장장이였어요, 대부분 취미로요. 평범한 물건은 아니었죠. 마법 무기를 다뤘어요. 돌아보면 누구를 위해 일했는지 후회하지만, 이제는 더 잘 아는 것 같아요.

잔재를 찾으면 제게 가져오세요. 그것들로 무언가를 만들어 드릴게요. 잔재는 인류 자체가 사라져가는... 표현이라고 할까요. 보통 반지, 부적, 또는 다른 애착 물품의 형태입니다."	GiC:/cinematics/CHARACTERS/KOGASA_TATARA/gic_garden_kogasatatara_bazaarintroduction_original.cinematic#/panels/12/text | GiC:/cinematics/CHARACTERS/KOGASA_TATARA/gic_garden_kogasatatara_bazaarintroduction.cinematic#/panels/4/text
GLOSSARY_ABSENT	Ready	준비 완료 (legacy uses=10)	new	534	"Metal axe of surprisingly decent quality. The head is custom-forged with the handle often being fashioned from pipes and bent into shape.
^orange;2nd and final strike DEFLECTS (resist melee). Final strike deflects with longer window.
^yellow;Parry [ALT-FIRE]: 0.6s PARRY WINDOW | 15HP STABILITY.^white;
^#FFEEC6;Focused Shred [SHIFT]: Ready a powerful sweeping strike that breaks Warrior GUARD/SHIELD stances and afflicts 5s SHREDDING (-25% SLASH and BLEED PROC RES) | 16s cooldown.^white;"	"놀랍도록 괜찮은 품질의 금속 도끼입니다. 도끼날은 주문 단조되고 자루는 주로 파이프를 구부려 만듭니다.
^orange;2번째와 마지막 타격이 근접 공격을 튕겨냅니다. 마지막 타격은 더 긴 창으로 튕겨냅니다.
^yellow;패링 [ALT-FIRE]: 0.6초 패링 창 | 안정성 15HP.^white;
^#FFEEC6;집중 파쇄 [SHIFT]: 전사의 방어/방패 자세를 부수고 5초간 파쇄(베기와 출혈 발동 저항 -25%)를 입히는 강력한 휩쓸기를 준비합니다 | 재사용 대기 16초.^white;"	GiC:/items/WEAPONS/MELEE/AXE/gic_clan_daneaxe/gic_clan_daneaxe_npc.activeitem#/description | GiC:/items/WEAPONS/MELEE/AXE/gic_clan_daneaxe/gic_clan_daneaxe.activeitem#/description
GLOSSARY_ABSENT	Frozen	빙결 (legacy uses=3)	new	590	Ssstrange frozen portal.	이상한 얼어붙은 포털.	Extended Story:/objects/eternalfrost/frozenportal/frozenportal.object#/floranDescription | Extended Story:/objects/eternalfrost/frozenportal/frozenreturnportal.object#/floranDescription
GLOSSARY_ABSENT	Back	뒤로 (legacy uses=3)	new	610	Thank you for telling me of this place. There are old friends that I thought I would've never seen again. I know who the mouse-lady is. Nazrin. She is a good woman, but she seems so different than when I last knew her from years back...	이곳을 알려줘서 고마워요. 다시는 못 볼 줄 알았던 옛 친구들이 있네요. 그 쥐 아가씨가 누군지 알아요. 나즈린이에요. 좋은 분이지만, 몇 년 전 마지막으로 알던 때와는 너무 달라 보이네요...	GiC:/cinematics/CHARACTERS/KOGASA_TATARA/gic_garden_kogasatatara_bazaarintroduction_original.cinematic#/panels/11/text | GiC:/cinematics/CHARACTERS/KOGASA_TATARA/gic_garden_kogasatatara_bazaarintroduction.cinematic#/panels/3/text
GLOSSARY_ABSENT	Items	아이템 (legacy uses=6)	new	625	"The nature of one's remnant greatly influences the very nature of an object. The items that I may create can be tricky to use, but everything is beheld with value, no matter how small that may be. My technique, unlike most human soulsmiths, absolutely requires it, and I trust that you will understand.

And don't worry about payment. Saving me is payment enough."	"한 사람의 잔재의 성질이 물건의 본성에 큰 영향을 줍니다. 제가 만들 수 있는 물건은 다루기 까다로울 수 있지만, 아무리 작아도 모든 것엔 가치가 담겨 있습니다. 제 기법은 대부분의 인간 영혼대장장이와 달리 그것을 절대적으로 필요로 하니, 이해해 주시리라 믿습니다.

그리고 대가는 걱정 마세요. 절 구해준 것만으로 충분합니다."	GiC:/cinematics/CHARACTERS/KOGASA_TATARA/gic_garden_kogasatatara_bazaarintroduction_original.cinematic#/panels/13/text | GiC:/cinematics/CHARACTERS/KOGASA_TATARA/gic_garden_kogasatatara_bazaarintroduction.cinematic#/panels/5/text
GLOSSARY_ABSENT	Type	유형 (legacy uses=5)	new	648	Type 54 ''Black Star'' Pistol (One-Handed)	54식 ''흑성'' 권총 (한 손)	GiC:/items/WEAPONS/RANGED/PISTOL/gic_type54blackstar/gic_type54blackstar_onehanded_npc.activeitem#/shortdescription | GiC:/items/WEAPONS/RANGED/PISTOL/gic_type54blackstar/gic_type54blackstar_onehanded.activeitem#/shortdescription
GLOSSARY_ABSENT	Type	유형 (legacy uses=5)	new	649	Type 54 ''Black Star'' Pistol (Two-Handed)	54식 ''흑성'' 권총 (양손)	GiC:/items/WEAPONS/RANGED/PISTOL/gic_type54blackstar/gic_type54blackstar_npc.activeitem#/shortdescription | GiC:/items/WEAPONS/RANGED/PISTOL/gic_type54blackstar/gic_type54blackstar.activeitem#/shortdescription
GLOSSARY_ABSENT	Metal	금속 (legacy uses=3)	new	693	[Return to the Brigand Territory in a non-canon challenge run to obtain further resources] ^orange;Increased enemy armor and weapon quality, but higher and more valuable enemy loot drops. ^red;Replaceable resources such as scrap metal and ammunition are dropped on death | Unique gear such as weapons and armor are NOT lost on death.^reset;	[비정규 도전 런으로 산적 영토에 돌아가 추가 자원을 얻으세요] ^orange;적의 갑옷과 무기 품질이 상승하지만, 더 높고 값진 전리품을 떨어뜨립니다. ^red;사망 시 고철이나 탄약 같은 소모성 자원은 떨어뜨리지만, 무기와 방어구 같은 고유 장비는 잃지 않습니다.^reset;	GiC:/quests/GARDEN/gic_garden_newrijikan_flushbrigandnest_tier2.questtemplate#/text | GiC:/quests/GARDEN/gic_garden_newrijikan_flushbrigandnest_tier3.questtemplate#/text
GLOSSARY_ABSENT	Basic Training	기본 훈련 (legacy uses=7)	new	710	^#D1FFDE;Unitan Basic Training Manual	^#D1FFDE;유니탄 기초 훈련 교범	GiC:/quests/gic_sprintcharge.questtemplate#/title | GiC:/quests/gic_quickdash.questtemplate#/title
GLOSSARY_ABSENT	Back	뒤로 (legacy uses=3)	new	730	"

 There's a note here: ''Bada and I are moving forward. We'll be marking the path ahead.''

[Enduring High Threat | Come back only when well-stocked and prepared!]"	"

 쪽지가 있다: ''바다와 나는 앞으로 나아간다. 앞길을 표시해 두겠다.''

[지속적 고위협 | 잘 비축하고 준비됐을 때만 돌아오세요!]"	GiC:/interface/confirmation/gic_teleportconfirmation.config#/gic_garden_marshlandvillage_julianthechampion_confirmation/message
GLOSSARY_ABSENT	Back	뒤로 (legacy uses=3)	new	734	"

''We'll have one shot at this to bring back as much as we can from this old little colony.''"	"

''이 낡은 작은 식민지에서 최대한 많이 가져올 기회는 한 번뿐입니다.''"	GiC:/interface/confirmation/gic_teleportconfirmation.config#/gic_garden_newrijika_outcastexpedition_confirmation/message
GLOSSARY_ABSENT	Sure	그래 (legacy uses=3)	new	735	"

''You going to join us? Anything you find you get to keep. Just be sure to come light, because anything you leave behind'll be taken by someone else.''"	"

''우리와 함께할 건가? 찾은 건 전부 가져도 돼. 대신 가볍게 오게. 남기고 가는 건 다른 누가 가져갈 테니까.''"	GiC:/interface/confirmation/gic_teleportconfirmation.config#/gic_garden_newrijikan_flushbrigandnest_confirmation/message
GLOSSARY_ABSENT	CREW	승무원 (legacy uses=5)	new	737	"

A mutiny is abound. Thomas' former crew must be stopped before they cause any harm to the people of Sheruto."	"

반란이 일어나고 있다. 토마스의 옛 부하들이 셰루토 사람들에게 해를 끼치기 전에 막아야 한다."	GiC:/interface/confirmation/gic_teleportconfirmation.config#/gic_crusade_sherutoraid_confirmation/message
GLOSSARY_ABSENT	CREW	승무원 (legacy uses=5)	new	743	"

Recruited under the crew of a pirate captain, you set sail towards the territories of the ''Shogunate'' to raid a stockpile of alleged treasure."	"

해적 선장의 부하로 들어가, 전설의 보물 비축분을 노리고 ''막부'' 영토를 향해 항해를 떠난다."	GiC:/interface/confirmation/gic_teleportconfirmation.config#/gic_crusade_deadvillage_confirmation/message
GLOSSARY_ABSENT	Ready	준비 완료 (legacy uses=10)	new	748	"

The men will be in the camp, preparing for tonight's battle. You're free to do whatever you want at the camp, just be ready."	"

병사들은 야영지에서 오늘 밤 전투를 준비하고 있을 거예요. 야영지에선 뭘 해도 좋지만, 준비는 해 두세요."	GiC:/interface/confirmation/gic_teleportconfirmation.config#/gic_garden_wymond_mission_1_1_radiostation_confirmation/message
GLOSSARY_ABSENT	Ready	준비 완료 (legacy uses=10)	new	755	"

With the captain seeking Shogunate lands, you make ready to set sail to foreign lands in an even stranger world."	"

선장이 막부 땅을 찾는 가운데, 당신은 더욱 기묘한 세계의 외국으로 항해를 떠날 채비를 한다."	GiC:/interface/confirmation/gic_teleportconfirmation.config#/gic_crusade_sherutovillage_confirmation/message
GLOSSARY_ABSENT	Security	보안 (legacy uses=3)	new	773	"  ''They placed their trust not in man himself, but in an imperfect work of man.''
 The Occasus Militant Sect, ''liberators'' of Humanity and those that would fight for its true freedom from the
 grasp of xeno powers. Despite their namesake, the Occasus Militants advocate only for the security of human 
 independence in the perception of alien powers that would seek to cull humanity of its ''destiny''.
 The Militants hold varying levels of political powers across the entirety of humanity, just as the xeno have.
 At their weakest they can be no more than a mere criminal element, barely maintaining relevance.
 At their strongest they can assume direct governance over multiple star systems, culling political opponents,
 restricting non-human citizenship, and hunting down those that would associate with Asra's destructive cult.
"	"  ''그들은 인간 그 자체가 아닌, 인간의 불완전한 작품에 믿음을 두었다.''
 오카서스 전투파, 인류의 ''해방자''이자 이종족 세력의 손아귀에서 진정한 자유를 위해 싸우는 자들.
 이름과 달리, 오카서스 전투파는 인류의 ''운명''을 솎아내려는 외계 세력에 맞선 인류 독립의 안보만을 주창한다.
 전투파는 이종족이 그렇듯 인류 전역에 다양한 수준의 정치력을 쥐고 있다.
 가장 약할 때는 겨우 명맥을 잇는 범죄 조직에 지나지 않지만,
 가장 강할 때는 여러 항성계를 직접 통치하며 정적을 솎아내고 비인간 시민권을 제한하며 아스라의 파괴적 광신단에 어울리는 자들을 사냥한다."	GiC:/objects/CRAFTING/LEGACY_CRAFTING/EMBASSY/gic_occasusembassy_tradeterminal/gic_occasusembassy_tradeterminal.object#/interactData/paneLayoutOverride/windowtitle/subtitle
GLOSSARY_ABSENT	Explosives	폭발물 (legacy uses=3)	new	823	  Explosives Workstation	폭약 작업대	GiC:/objects/CRAFTING/WORKBENCH/gic_explosives_workstation/gic_explosives_workstation.object#/interactData/paneLayoutOverride/windowtitle/title
GLOSSARY_ABSENT	Defense	방어력 (legacy uses=3)	new	836	  Gun attachments and firearms for hunting, sport, and the self-defense of free citizens.	자유 시민의 사냥, 사격, 자기방어를 위한 총기 부착물과 화기.	GiC:/objects/CRAFTING/LEGACY_CRAFTING/COLONY_ECONOMICS/CIVIL/gic_civilianfirearms_tradeterminal/gic_civilianfirearms_tradeterminal.object#/interactData/paneLayoutOverride/windowtitle/subtitle
GLOSSARY_ABSENT	Type	유형 (legacy uses=5)	new	914	" The local station or settlement's primary economy type is geared towards the extraction of the planet's metal
 reserves indicating a high metal content world, with its inhabitants mostly consisting of a mix of temporary
 and permanent mining staff. Minerals are chemical compounds that are mined from naturally-occurring deposits
 and can be refined into other substances.

 Imports: Industrial Equipment

 Exports: Raw Minerals
"	" 현지 스테이션 또는 정착지의 주요 경제는 행성 금속 매장량 채굴에 특화되어 있으며, 이는 높은 금속 함량의 세계를 나타냅니다. 주민은 대부분 임시 및 상주 채광 인력으로 구성됩니다. 광물은 자연 매장지에서 캐낸 화합물로 다른 물질로 정제할 수 있습니다.

 수입: 산업 장비

 수출: 원광물
"	GiC:/objects/CRAFTING/LEGACY_CRAFTING/COLONY_ECONOMICS/gic_extraction_tradeterminal/gic_extraction_tradeterminal.object#/interactData/paneLayoutOverride/windowtitle/subtitle
GLOSSARY_ABSENT	Type	유형 (legacy uses=5)	new	924	"''A lifetime of training for a single man.''

While similarly-armored to their crossbowman counterparts, their type of attacks vary depending on the range of their target. They tend to have greater hit rates over their crossbow counterparts and much faster nock speeds but they likewise suffer from an inability to fight in melee.
^orange;Defensive Stance: Designated infantry will not move from its position. Best placed behind cover.^reset;"	"''한 사람을 위한 평생의 수련.''

석궁병과 비슷한 장갑이지만, 공격 방식은 대상의 거리에 따라 달라집니다. 석궁병보다 명중률이 높고 시위 걸기가 훨씬 빠르지만, 마찬가지로 근접전을 못 한다는 약점이 있습니다.
^orange;방어 태세: 지정 보병이 위치에서 움직이지 않습니다. 엄폐물 뒤에 두는 게 좋습니다.^reset;"	GiC:/items/REQUISITION_COMMAND/gic_requisition_medievalinfantry_defensivearcher.activeitem#/description
GLOSSARY_ABSENT	Defense	방어력 (legacy uses=3)	new	925	"''A small quantity of ground stops the most thunderous cannon.''

A sandbag that offers tremendous resistance to most forms of ballistic damage, making it incredibly effective against a predominantly ranged enemy. Like other defenses, they are vulnerable to melee attacks.
^orange;Ballistic Defense: Extremely high ballistic resistance, but vulnerable to melee attacks | Not always a target for enemies | Instantly constructed.^reset;"	"''적은 양의 흙도 가장 요란한 대포를 멈춘다.''

대부분의 탄도 피해에 엄청난 저항을 제공하는 모래주머니로, 원거리 위주의 적에 놀라울 만큼 효과적입니다. 다른 방어시설과 마찬가지로 근접 공격에 취약합니다.
^orange;탄도 방어: 극도로 높은 탄도 저항이지만 근접 공격에 취약 | 항상 적의 표적이 되진 않음 | 즉시 건설.^reset;"	GiC:/items/REQUISITION_COMMAND/gic_requisition_sandbag.activeitem#/description
GLOSSARY_ABSENT	Back	뒤로 (legacy uses=3)	new	934	"''Back then, prayers were all you had when it came to medicine. If you were lucky, you might've gotten a physician to fix you.''
A sort of thick paste made from the fibres and flowerheads of Moonlight Herbs. Moonlight Herbs have miraculous healing properties for what they are, but falter in the face of actual medical technology and experience.
^#7AA8E0;- Restores 40 health/3s | Heal Delay: 0.5s | Immobile Time: 1.5s
^yellow;Handcrafted ointments cost an extra moonlight herb."	"''그때는 의학이라면 기도가 전부였지. 운이 좋으면 의원이 고쳐줄 수도 있었고.''
달빛 약초의 섬유와 꽃술로 만든 걸쭉한 반죽입니다. 달빛 약초는 그것치고 기적적인 치유력을 지니지만, 실제 의료 기술과 경험 앞에선 힘이 부칩니다.
^#7AA8E0;- 3초간 생명력 40 회복 | 회복 지연: 0.5초 | 이동 불가 시간: 1.5초
^yellow;수제 연고는 달빛 약초가 하나 더 듭니다."	GiC:/items/MEDICAL/gic_herbalointment.consumable#/description
GLOSSARY_ABSENT	Defense	방어력 (legacy uses=3)	new	952	"''Even the lowest wall can buy precious time.''
A low wooden palisade that offers rudimentary cover from ranged attacks. While infantry can maneuver through defenses with little risk by itself, these palisades can delay them as they move through. Pair with defensive units to better protect them whilst opening up enemy melee troops to attack.
^orange;Infantry Defense: Infantry are delayed and unshielded when moving through | Not always a target for enemies | Instantly constructed.^reset;"	"''가장 낮은 벽도 소중한 시간을 벌어준다.''
원거리 공격에서 기초적인 엄폐를 제공하는 낮은 목책입니다. 보병은 방어시설 사이를 별 위험 없이 누빌 수 있지만, 이 목책은 지나가는 동안 지연시킵니다. 방어 유닛과 조합해 보호를 강화하고 적 근접 병력을 공격에 노출시키세요.
^orange;보병 방어: 보병이 지나갈 때 지연되고 방어 해제 | 항상 적의 표적이 되진 않음 | 즉시 건설.^reset;"	GiC:/items/REQUISITION_COMMAND/gic_requisition_smallpalisade.activeitem#/description
GLOSSARY_ABSENT	Buy	구매 (legacy uses=22)	new	952	"''Even the lowest wall can buy precious time.''
A low wooden palisade that offers rudimentary cover from ranged attacks. While infantry can maneuver through defenses with little risk by itself, these palisades can delay them as they move through. Pair with defensive units to better protect them whilst opening up enemy melee troops to attack.
^orange;Infantry Defense: Infantry are delayed and unshielded when moving through | Not always a target for enemies | Instantly constructed.^reset;"	"''가장 낮은 벽도 소중한 시간을 벌어준다.''
원거리 공격에서 기초적인 엄폐를 제공하는 낮은 목책입니다. 보병은 방어시설 사이를 별 위험 없이 누빌 수 있지만, 이 목책은 지나가는 동안 지연시킵니다. 방어 유닛과 조합해 보호를 강화하고 적 근접 병력을 공격에 노출시키세요.
^orange;보병 방어: 보병이 지나갈 때 지연되고 방어 해제 | 항상 적의 표적이 되진 않음 | 즉시 건설.^reset;"	GiC:/items/REQUISITION_COMMAND/gic_requisition_smallpalisade.activeitem#/description
GLOSSARY_ABSENT	Ready	준비 완료 (legacy uses=10)	new	962	''Hey mate, you got a moment? Name's Imon. Got a nasty arm sprain few days back and I'm gonna be out of action for a while. No carrying for me. I've got an apprentice coming in a week so I'd like to get ready sooner. If ya' get me some wood for fuel, I'll give ye' some excess I've got. ^orange;Bring 100 Wood Materials to the Imon.^reset;	''이봐, 시간 좀 있나? 이름은 아이몬이야. 며칠 전 팔을 심하게 삐어서 한동안 일을 못 해. 짐 나르는 건 무리지. 일주일 뒤에 견습생이 오니 그 전에 준비해두고 싶어. 연료용 나무 좀 가져다주면, 내가 가진 여분을 나눠줄게. ^orange;아이몬에게 나무 재료 100개를 가져오세요.^reset;	GiC:/quests/GARDEN/gic_garden_newrijika_trade_smithy.questtemplate#/text
GLOSSARY_ABSENT	Back	뒤로 (legacy uses=3)	new	962	''Hey mate, you got a moment? Name's Imon. Got a nasty arm sprain few days back and I'm gonna be out of action for a while. No carrying for me. I've got an apprentice coming in a week so I'd like to get ready sooner. If ya' get me some wood for fuel, I'll give ye' some excess I've got. ^orange;Bring 100 Wood Materials to the Imon.^reset;	''이봐, 시간 좀 있나? 이름은 아이몬이야. 며칠 전 팔을 심하게 삐어서 한동안 일을 못 해. 짐 나르는 건 무리지. 일주일 뒤에 견습생이 오니 그 전에 준비해두고 싶어. 연료용 나무 좀 가져다주면, 내가 가진 여분을 나눠줄게. ^orange;아이몬에게 나무 재료 100개를 가져오세요.^reset;	GiC:/quests/GARDEN/gic_garden_newrijika_trade_smithy.questtemplate#/text
GLOSSARY_ABSENT	Type	유형 (legacy uses=5)	new	976	"''I saw her, the Yamaxanadu, a towering figure, but unmistakenably feminine. Is it salvation to look upon her? Deliverance? I knelt, losing my strength. I wanted to look away, and yet, she was all I wanted to see.''
A balanced and versatile sword. It excels with any type of shield but it is also suitable for quick evasive maneuvres.

^#FFEEC6;Retreating Slash [SHIFT]: Perform a 16x SLASH DMG attack with I-frames | 10s cooldown."	"''나는 그녀를 보았다, 야마자나두. 우뚝 선 모습이지만 틀림없이 여성적이었다. 그녀를 우러르는 것이 구원인가? 해방인가? 나는 힘이 빠져 무릎 꿇었다. 눈을 돌리고 싶었지만, 그녀만이 내가 보고 싶은 전부였다.''
균형 잡히고 다용도인 검입니다. 어떤 방패와도 잘 어울리지만 빠른 회피 기동에도 적합합니다.

^#FFEEC6;후퇴 베기 [SHIFT]: 무적 시간과 함께 16배 베기 피해 공격 | 재사용 대기 10초."	GiC:/items/WEAPONS/MELEE/SWORD/gic_julian_longsword/gic_julian_longsword_1hpose.activeitem#/description
GLOSSARY_ABSENT	NEXT	다음 (legacy uses=112)	new	982	"''I've always been curious about why one man jumps out of a foxhole with a grenade and charges a machine gun nest, and his buddy next to him sits there cowering. And my feeling is that the difference is tiny between the two.''
  
Uses the unique FG42 7.92x57mm Magazine."	"''한 남자가 수류탄을 들고 참호에서 뛰쳐나와 기관총 진지에 돌격하는데 옆 친구는 벌벌 떨며 앉아 있는 이유가 늘 궁금했지. 내 생각엔 그 둘의 차이는 아주 작아.''
  
전용 FG42 7.92x57mm 탄창을 사용합니다."	GiC:/items/WEAPONS/RANGED/BATTLE_RIFLE/gic_fg42/gic_fg42.activeitem#/description
GLOSSARY_ABSENT	Back	뒤로 (legacy uses=3)	new	1009	"''No guide that came before can show the way beyond the pass
No footprints on the trail for you to follow in the tracks
For you to make it there you have to leave without the map.''

A special bow that allows the user to rapidly notch the string back and fire in quick succession. Slower than a Hankyu, but more suitable as a long-ranged option.

Launches Wooden Bolts.^reset;"	"''앞서 온 어떤 안내자도 고개 너머의 길을 보여줄 수 없고
네가 따라갈 오솔길엔 발자국도 없네
그곳에 닿으려면 지도 없이 떠나야 하네.''

사용자가 빠르게 시위를 당겨 연속 발사할 수 있는 특수 활입니다. 반규보다 느리지만 장거리용으로 더 적합합니다.

목제 볼트를 발사합니다.^reset;"	GiC:/items/WEAPONS/RANGED/BOWS/gic_longbow/gic_longbow_old2.activeitem#/description
GLOSSARY_ABSENT	Defense	방어력 (legacy uses=3)	new	1012	"''Not all were willing to chip in their part for the defense against the lunarians. There were times where feral youkai would continue to prowl the nights for victims. Volunteers would head out to take youkai nests by surprise. Some of them even made it back.''
^orange;Final strike converts all DMG into 2x PSYCHIC at cost of range.
^yellow;Parry [ALT-FIRE]: 0.6s PARRY WINDOW | 40HP STABILITY.^white;
^#FFEEC6;Prayer Response [SHIFT]: Raise the spear in salute, summoning two bouncing YIN-YANG orbs. After 5 seconds, the orbs explode in a barrage of talismans | 35s Cooldown.^white;"	"''모두가 루나리안에 대한 방어에 제 몫을 기꺼이 낸 건 아니었다. 야성 요괴가 밤에 희생자를 찾아 배회하기도 했다. 지원자들이 나가 요괴 소굴을 기습했다. 그중 일부는 돌아오기도 했다.''
^orange;마지막 타격이 사거리를 대가로 모든 피해를 2배 사이킥으로 전환.
^yellow;패링 [ALT-FIRE]: 0.6초 패링 창 | 안정성 40HP.^white;
^#FFEEC6;기도 응답 [SHIFT]: 창을 들어 경례해 튀는 음양 구슬 두 개를 소환합니다. 5초 후 구슬이 부적 세례로 폭발합니다 | 재사용 대기 35초.^white;"	GiC:/items/WEAPONS/MELEE/SPEAR/gic_youkaihunter_spear/gic_youkaihunter_spear.activeitem#/description
GLOSSARY_ABSENT	Back	뒤로 (legacy uses=3)	new	1012	"''Not all were willing to chip in their part for the defense against the lunarians. There were times where feral youkai would continue to prowl the nights for victims. Volunteers would head out to take youkai nests by surprise. Some of them even made it back.''
^orange;Final strike converts all DMG into 2x PSYCHIC at cost of range.
^yellow;Parry [ALT-FIRE]: 0.6s PARRY WINDOW | 40HP STABILITY.^white;
^#FFEEC6;Prayer Response [SHIFT]: Raise the spear in salute, summoning two bouncing YIN-YANG orbs. After 5 seconds, the orbs explode in a barrage of talismans | 35s Cooldown.^white;"	"''모두가 루나리안에 대한 방어에 제 몫을 기꺼이 낸 건 아니었다. 야성 요괴가 밤에 희생자를 찾아 배회하기도 했다. 지원자들이 나가 요괴 소굴을 기습했다. 그중 일부는 돌아오기도 했다.''
^orange;마지막 타격이 사거리를 대가로 모든 피해를 2배 사이킥으로 전환.
^yellow;패링 [ALT-FIRE]: 0.6초 패링 창 | 안정성 40HP.^white;
^#FFEEC6;기도 응답 [SHIFT]: 창을 들어 경례해 튀는 음양 구슬 두 개를 소환합니다. 5초 후 구슬이 부적 세례로 폭발합니다 | 재사용 대기 35초.^white;"	GiC:/items/WEAPONS/MELEE/SPEAR/gic_youkaihunter_spear/gic_youkaihunter_spear.activeitem#/description
GLOSSARY_ABSENT	Back	뒤로 (legacy uses=3)	new	1013	"''Not one step back!''

^orange;A ''weapon'' that is used to designate an area to summon a permanent allied infantryman at the marked location. Uses P.A Draft Letters for summoning and special ability. Base 25HP.
^#8FAED3;Summons: Conscript Summon [FIRE] | Full Force Forward! - P.A Conscripts gain maximum firerate and +25% Weapon Proficiency for 5s [ALT | 10x]"	"''한 발짝도 물러서지 마라!''

^orange;표시한 위치에 영구 아군 보병을 소환하는 지정용 ''무기''입니다. 소환과 특수 능력에 인민군 징집 통지서를 사용합니다. 기본 HP 25.
^#8FAED3;소환: 징집병 소환 [FIRE] | 전력 전진! - 인민군 징집병이 5초간 최대 연사력과 무기 숙련도 +25% [보조 | 10x]"	GiC:/items/RALLY_SUMMON/gic_rallysummon_redarmy_conscript/gic_rallysummon_redarmy_conscript.activeitem#/description
GLOSSARY_ABSENT	Type	유형 (legacy uses=5)	new	1031	"''Schhh! Don't make a sound.''

An anomalous but otherwise unremarkable artifact found within one of many Bunker Complexes found on Khurtovyna-type planets. Most common on shallow-depth RUNDOWNs, these are generally indicators of a novice or rusty RUNDOWN OPERATIVE."	"''쉿! 소리 내지 마.''

쿠르토비나형 행성의 여러 벙커 콤플렉스 중 하나에서 발견된 변칙적이지만 그 외엔 평범한 유물입니다. 얕은 깊이 RUNDOWN에서 가장 흔하며, 일반적으로 초보거나 손이 굳은 RUNDOWN 작전원의 지표입니다."	GiC:/items/BUNKER_COMPLEX/gic_muted_artifact.item#/description
GLOSSARY_ABSENT	Type	유형 (legacy uses=5)	new	1054	"''The decorations will be taken down soon enough, but enjoy the moment why don't you?''

^orange;Activates Christmas 2025 Seasonal Drops | 30% chance to drop a Christmas Present from killed infantry and some warrior-type enemies | Lasts 2 hours or until death."	"''장식은 곧 철거되겠지만, 그 순간을 즐기면 되지 않나?''

^orange;크리스마스 2025 시즌 드롭 활성화 | 처치한 보병과 일부 전사형 적이 30% 확률로 크리스마스 선물 드롭 | 2시간 또는 사망까지 지속."	GiC:/items/FOODS/CHRISTMAS/gic_christmas_jollybeverage.consumable#/description
GLOSSARY_ABSENT	Battle	전투 (legacy uses=4)	new	1056	"''The fight begins with the fog of war.''

A small watchtower with a barely-trained peasant acting as a spotter. Whilst highly ineffective as an actual defensive unit, the additional points this building can generate could mean the difference between a secure front or a lost battle.
^orange;Field Spotter: Spots distant enemies, passively generating Requisition Points | Extremely weak to melee | 30s construction time.^reset;"	"''싸움은 전장의 안개와 함께 시작된다.''

겨우 훈련받은 농민이 감시자 역할을 하는 작은 망루입니다. 실제 방어 유닛으론 매우 비효율적이지만, 이 건물이 생성하는 추가 점수가 안전한 전선과 패배를 가를 수 있습니다.
^orange;야전 감시자: 멀리 있는 적을 발견해 지속적으로 징발 점수 생성 | 근접에 극도로 취약 | 건설 시간 30초.^reset;"	GiC:/items/REQUISITION_COMMAND/gic_requisition_medievalwatchtower.activeitem#/description
GLOSSARY_ABSENT	Back	뒤로 (legacy uses=3)	new	1058	"''The frontier of the human mind has led us back where we started.''
  
A magical stave devised as a stopgap method of arming infantry-mages with a way to combat youkai.
^orange;Final strike deals 1.5x DMG.
^#FFEEC6;Magic Phalanx [SHIFT]: Commit to a flurry of physically-weakened attacks, summoning phalanxes of soul arrows that home-in on targets | 35s cooldown.^white;"	"''인간 마음의 개척지가 우리를 다시 시작점으로 이끌었다.''
  
보병 마법사에게 요괴와 싸울 수단을 주는 임시 방편으로 고안된 마법 지팡이입니다.
^orange;마지막 타격이 1.5배 피해.
^#FFEEC6;마법 팔랑크스 [SHIFT]: 물리적으로 약화된 연속 공격을 쏟아내며, 표적을 추적하는 영혼 화살의 방진을 소환합니다 | 재사용 대기 35초.^white;"	GiC:/items/WEAPONS/MELEE/SPEAR/gic_gensokyan_spear/gic_gensokyan_spear.activeitem#/description
GLOSSARY_ABSENT	Back	뒤로 (legacy uses=3)	new	1062	"''The humans don't have the refined training of us youkai or the strength of the creatures what consumed this world, but they're clever, figuring out ways to throw the enemy's arrows and lasers back at them and then some.''

Pump-action grenade launcher with an internal tube magazine capable of holding multiple rounds. Uses 40x46mm LV Grenade Rounds. Loads each shot individually."	"''인간은 우리 요괴 같은 정련된 훈련도, 이 세계를 삼킨 생물들의 힘도 없지만, 영리해서 적의 화살과 레이저를 되돌리는 방법, 그 이상도 알아낸다.''

여러 발을 넣을 수 있는 내부 관형 탄창이 있는 펌프액션 유탄발사기입니다. 40x46mm LV 유탄을 사용합니다. 한 발씩 개별 장전합니다."	GiC:/items/WEAPONS/RANGED/GRENADE_LAUNCHER/gic_chinalake/gic_chinalake.activeitem#/description
GLOSSARY_ABSENT	Wet	젖음 (legacy uses=4)	new	1077	"''There was a time when the mud was nothing but wet dirt under the feet, meaningless. Now it's a reminder of the world that once was.''
A thick, gritty ointment made from a mixture of mud, herbs, and exotic pre-cataclysm chemicals. Raiders sometimes coat themselves in this special mud mixture to resist the effects of flamethrowers to make the charge just that little bit easier.
^#7AA8E0;Removes active IGNITION effects and prevents further IGNITION for 5 minutes | Immobile Time: 3s | +30% THERMAL Resistance.^white;"	"''진흙이 그냥 발밑의 젖은 흙일 뿐이던 때가 있었지, 아무 의미 없는. 이젠 한때였던 세계를 떠올리게 한다.''
진흙, 약초, 대격변 전 이국 화학물질을 섞은 걸쭉한 모래 연고입니다. 약탈자들은 가끔 이 특별한 진흙 혼합물을 발라 화염방사기 효과를 막고 돌격을 조금이나마 쉽게 합니다.
^#7AA8E0;활성 점화 효과를 제거하고 5분간 추가 점화를 막습니다 | 이동 불가 시간: 3초 | 열 저항 +30%.^white;"	GiC:/items/MEDICAL/gic_mudointment.consumable#/description
GLOSSARY_ABSENT	Defense	방어력 (legacy uses=3)	new	1098	"''Time spent on preparation is repaid double in battle.''

A wooden wall intended to buy time for the rest of the army. These are a mainstay defense and are effective against infantry, but won't fare well against gunpowder units.

^orange;Infantry Defense: Infantry are delayed and unshielded when moving through to a greater effect | 30s construction time.^reset;"	"''준비에 쓴 시간은 전투에서 두 배로 돌아온다.''

나머지 군대의 시간을 벌기 위한 목조 벽입니다. 주력 방어시설로 보병엔 효과적이지만 화약 유닛엔 잘 안 통합니다.

^orange;보병 방어: 지나가는 보병을 더 크게 지연시키고 방어 해제 | 건설 시간 30초.^reset;"	GiC:/items/REQUISITION_COMMAND/gic_requisition_palisade.activeitem#/description
GLOSSARY_ABSENT	Buy	구매 (legacy uses=22)	new	1098	"''Time spent on preparation is repaid double in battle.''

A wooden wall intended to buy time for the rest of the army. These are a mainstay defense and are effective against infantry, but won't fare well against gunpowder units.

^orange;Infantry Defense: Infantry are delayed and unshielded when moving through to a greater effect | 30s construction time.^reset;"	"''준비에 쓴 시간은 전투에서 두 배로 돌아온다.''

나머지 군대의 시간을 벌기 위한 목조 벽입니다. 주력 방어시설로 보병엔 효과적이지만 화약 유닛엔 잘 안 통합니다.

^orange;보병 방어: 지나가는 보병을 더 크게 지연시키고 방어 해제 | 건설 시간 30초.^reset;"	GiC:/items/REQUISITION_COMMAND/gic_requisition_palisade.activeitem#/description
GLOSSARY_ABSENT	Type	유형 (legacy uses=5)	new	1104	"''Very few people down here are willing to make changes. Even my brethren do not wish to seek change. What we do now will change the future.''

Side-loaded AK-type weapon. Uses AK 5.45x39mm Magazines.

^green;Hold down ""Alt Fire"" to switch between Burst Fire and Semi-Auto.^reset;"	"''여기 아래엔 변화를 만들려는 사람이 거의 없어. 내 형제들조차 변화를 원치 않아. 지금 우리가 하는 게 미래를 바꿀 거야.''

측면 장전식 AK형 무기입니다. AK 5.45x39mm 탄창을 사용합니다.

^green;""보조 발사""를 길게 누르면 점사와 반자동을 전환합니다.^reset;"	GiC:/items/WEAPONS/RANGED/ASSAULT_RIFLE/gic_bastardrifle/gic_bastardrifle_legendary.activeitem#/description
GLOSSARY_ABSENT	Back	뒤로 (legacy uses=3)	new	1115	"''We saw our target sitting there in camp. We all pulled our guns on him, hoping to catch him off-guard with our concealed weapons, but he was quicker. Dove into cover and started throwing a bunch of firebombs back our way.''

Accepts 20 Gauge shells.
^green;Double tap Shift to switch to a versatile one-handed grip.^reset;"	"''우린 야영지에 앉아 있는 표적을 봤어. 다들 숨긴 총으로 기습하려고 그에게 겨눴는데, 그놈이 더 빨랐지. 엄폐물로 뛰어들어 우리 쪽으로 화염탄을 잔뜩 던지기 시작했어.''

20게이지 탄을 사용합니다.
^green;Shift를 두 번 눌러 다용도 한 손 그립으로 전환합니다.^reset;"	GiC:/items/WEAPONS/RANGED/SHOTGUN/gic_mfsg12/gic_mfsg12.activeitem#/description
GLOSSARY_ABSENT	Defense	방어력 (legacy uses=3)	new	1118	"''We were swallowed whole, falling through that malevolent void that took so much from us. It has crushed our very spirit.''
^orange;First strike afflicts 0.25s STAGGER | Final strike afflicts 2s STAGGER.
^yellow;Parry [ALT-FIRE]: 0.6s PARRY WINDOW | 75HP STABILITY.^white;
^#FFEEC6;Offense-Defense [SHIFT]: Summon two ghostly archers to shoot at where you're aiming while performing a heavy combo | 25s Cooldown.^white;"	"''우린 통째로 삼켜져, 우리에게서 너무 많은 걸 빼앗아간 그 악의적인 공허 속으로 떨어졌다. 그것이 우리의 영혼마저 짓뭉갰다.''
^orange;첫 타격이 0.25초 비틀거림 부여 | 마지막 타격이 2초 비틀거림 부여.
^yellow;패링 [ALT-FIRE]: 0.6초 패링 창 | 안정성 75HP.^white;
^#FFEEC6;공수 겸비 [SHIFT]: 무거운 연계를 하며 조준하는 곳을 쏘는 유령 궁수 둘을 소환 | 재사용 대기 25초.^white;"	GiC:/items/WEAPONS/MELEE/GREATSWORD/gic_bellwatcher_greatsword/gic_bellwatcher_greatsword.activeitem#/description
GLOSSARY_ABSENT	Ready	준비 완료 (legacy uses=10)	new	1122	"''What they understand over here is power... they got to see your power. They got to see you take out their cities, kill a few folks. In a way, we're teachers getting ready to let them know what American power is really all about.''
Chambered in a respectable 5.56x45mm round. Supports the 200rnd Box designed specifically for the M249 but also comes with the unique property of being able to use 5.56x45mm STANAG NATO magazines.
^orange;Gun gains Weapon Proficiency when maintaining sustained fire."	"''여기서 그들이 이해하는 건 힘이야... 네 힘을 보여줘야 해. 그들의 도시를 날리고, 몇 명 죽이는 걸 보여줘야 해. 어떤 의미에선 우린 교사야, 미국의 힘이 진짜 뭔지 알려주려고 준비 중인.''
존경할 만한 5.56x45mm 탄을 사용합니다. M249 전용 200발 박스를 지원하면서도 5.56x45mm STANAG NATO 탄창을 쓸 수 있는 고유 특성이 있습니다.
^orange;지속 사격을 유지하면 무기 숙련도를 얻습니다."	GiC:/items/WEAPONS/RANGED/LIGHT_MACHINEGUN/gic_m249/gic_m249.activeitem#/description
GLOSSARY_ABSENT	NEXT	다음 (legacy uses=112)	new	1128	"''When you live next to death... you don't think about it anymore, you just try to encounter it as seldom as possible.''

An infantry spade that has seen more use as a sharpened sword than as an actual shovel.

^#FFEEC6;Evasive Parry [SHIFT]: Gain I-frames and parry whilst performing a weak slash | No cooldown."	"''죽음 옆에서 살다 보면... 더는 그걸 생각하지 않게 돼, 그저 최대한 드물게 마주치려 할 뿐이야.''

실제 삽보다 날카롭게 간 검으로 더 많이 쓰인 보병 삽입니다.

^#FFEEC6;회피 패링 [SHIFT]: 무적 시간을 얻어 약한 베기를 하며 패링 | 재사용 대기 없음."	GiC:/items/WEAPONS/MELEE/SWORD/gic_soviet_infantryspade/gic_soviet_infantryspade_npc.activeitem#/description
GLOSSARY_ABSENT	NEXT	다음 (legacy uses=112)	new	1129	"''When you live next to death... you don't think about it anymore, you just try to encounter it as seldom as possible.''

An infantry spade that has seen more use as a sharpened sword than as an actual shovel.
^orange;Final strike afflicts 5s SHREDDING (-25% SLASH and BLEED PROC RES).
^#FFEEC6;Retreating Slash [SHIFT]: Perform a slashing high DMG attack with I-frames | 10s cooldown."	"''죽음 옆에서 살다 보면... 더는 그걸 생각하지 않게 돼, 그저 최대한 드물게 마주치려 할 뿐이야.''

실제 삽보다 날카롭게 간 검으로 더 많이 쓰인 보병 삽입니다.
^orange;마지막 타격이 5초간 파쇄 부여(베기와 출혈 발동 저항 -25%).
^#FFEEC6;후퇴 베기 [SHIFT]: 무적 시간과 함께 베는 고피해 공격 | 재사용 대기 10초."	GiC:/items/WEAPONS/MELEE/SWORD/gic_soviet_infantryspade/gic_soviet_infantryspade.activeitem#/description
GLOSSARY_ABSENT	Type	유형 (legacy uses=5)	new	1133	"''Yeah the decoration is cheap, but it's the thought that counts. Have a little fun, why don't you?''

^orange;Activates Halloween 2025 Seasonal Drops | 30% chance to drop a Treats Bag from killed infantry and some warrior-type enemies | Lasts 2 hours or until death."	"''장식은 싸구려지만, 중요한 건 마음이잖아? 좀 재미 좀 보자고, 안 그래?''

^orange;할로윈 2025 시즌 드롭 활성화 | 처치한 보병과 일부 전사형 적이 30% 확률로 간식 주머니 드롭 | 2시간 또는 사망까지 지속."	GiC:/items/FOODS/HALLOWEEN/gic_halloween_spookybeverage.consumable#/description
GLOSSARY_ABSENT	Back	뒤로 (legacy uses=3)	new	1147	*Explosions* Uh... I think I accidentally shot a- Oh nevermind. Space pirates. They're shooting back.	*폭발* 어... 내가 실수로 뭘 쏜 것 같은데- 아 됐어요. 우주 해적이에요. 반격해오고 있어요.	Black Armory:/radiomessages/black_sheilachatting.radiomessages#/black_chat068/text
GLOSSARY_ABSENT	Back	뒤로 (legacy uses=3)	new	1157	...No shortage of creeps either back in my homeland.	...고향에도 변태는 넘쳐났지.	GiC:/radiomessages/gic_missions.radiomessages#/gic_wildlands_ayashameimaru_mission_4_1_cityescape_ayaresponse/text
GLOSSARY_ABSENT	Defense	방어력 (legacy uses=3)	new	1266	"6-shot revolver-type grenade launcher that was developed and manufactured in South Africa by Milkor (Pty) Ltd. The MGL was initially demonstrated as a concept to the South African Defense Force in 1981, eventually seeing production in 1983.
  
Loads 40x46mm LV Grenade Rounds.

^orange;Can jam, unlike other grenade launchers."	"남아프리카의 Milkor (Pty) Ltd가 개발·제조한 6연발 리볼버형 유탄발사기입니다. MGL은 1981년 남아공 국방군에 개념 시연으로 처음 선보였고 1983년 양산되었습니다.
  
40x46mm LV 유탄을 장전합니다.

^orange;다른 유탄발사기와 달리 걸릴 수 있습니다."	GiC:/items/WEAPONS/RANGED/GRENADE_LAUNCHER/gic_milkormgl/gic_milkormgl.activeitem#/description
GLOSSARY_ABSENT	Type	유형 (legacy uses=5)	new	1266	"6-shot revolver-type grenade launcher that was developed and manufactured in South Africa by Milkor (Pty) Ltd. The MGL was initially demonstrated as a concept to the South African Defense Force in 1981, eventually seeing production in 1983.
  
Loads 40x46mm LV Grenade Rounds.

^orange;Can jam, unlike other grenade launchers."	"남아프리카의 Milkor (Pty) Ltd가 개발·제조한 6연발 리볼버형 유탄발사기입니다. MGL은 1981년 남아공 국방군에 개념 시연으로 처음 선보였고 1983년 양산되었습니다.
  
40x46mm LV 유탄을 장전합니다.

^orange;다른 유탄발사기와 달리 걸릴 수 있습니다."	GiC:/items/WEAPONS/RANGED/GRENADE_LAUNCHER/gic_milkormgl/gic_milkormgl.activeitem#/description
GLOSSARY_ABSENT	Type	유형 (legacy uses=5)	new	1290	8rnd 7.62x25mm magazine for the Type 54 Black Star pistol.	54식 흑성 권총용 8발 7.62x25mm 탄창.	GiC:/items/AMMUNITION/BLACK_STAR/gic_blackstar_762x25mm_mag.item#/description
GLOSSARY_ABSENT	Type	유형 (legacy uses=5)	new	1291	"8rnd 7.62x25mm magazine for the Type 54 Black Star pistol. Loaded with Hollow-Point ammunition which shreds unarmored targets but deals less DMG against even basic armor. Sacrifices the Type-54's ability to penetrate walls but retains more of its overall power compared to other pistol rounds.
^orange;Hollow Point:^reset;
If enemy TGT has less than 15% Small-Arms or 30% Thrust RES, then apply 3s Bleeding, 1s Rending, and +25 direct BLEED DMG. Deals reduced base DMG. Cannot apply bleed if TGT has armor."	"54식 흑성 권총용 8발 7.62x25mm 탄창. 무방비 대상을 갈아버리지만 기본 갑옷에도 피해가 감소하는 할로포인트탄 장전. 54식의 벽 관통 능력을 희생하지만 다른 권총탄보다 전체 위력을 더 유지합니다.
^orange;할로포인트:^reset;
적 대상의 소화기 저항이 15% 또는 찌르기 저항이 30% 미만이면 3초 출혈, 1초 찢김, +25 직접 출혈 피해 적용. 기본 피해 감소. 대상이 갑옷이면 출혈 적용 불가."	GiC:/items/AMMUNITION/BLACK_STAR/gic_blackstar_762x25mm_hollowpoint_mag.item#/description
GLOSSARY_ABSENT	Defense	방어력 (legacy uses=3)	new	1303	A 23x75mmR conversion of the TOZ-106 bolt-action shotgun, which would normally fire much smaller 20 Gauge shells. The original TOZ-106 was marketed as a hunting shotgun, but became popular as a self-defense weapon for use in the wilderness.	보통은 훨씬 작은 20게이지 탄을 쏘는 TOZ-106 볼트액션 산탄총의 23x75mmR 개조형입니다. 원래 TOZ-106은 사냥용 산탄총으로 팔렸지만 황야 자기방어 무기로 인기를 얻었습니다.	GiC:/items/WEAPONS/RANGED/SHOTGUN/gic_toz106conversion/gic_toz106conversion.activeitem#/description
GLOSSARY_ABSENT	Defense	방어력 (legacy uses=3)	new	1304	"A 23x75mmR conversion of the TOZ-106 bolt-action shotgun, which would normally fire much smaller 20 Gauge shells. The original TOZ-106 was marketed as a hunting shotgun, but became popular as a self-defense weapon for use in the wilderness.

^orange;The Brute: 0.6s PARRY WINDOW | 70HP STABILITY^reset;"	"보통은 훨씬 작은 20게이지 탄을 쏘는 TOZ-106 볼트액션 산탄총의 23x75mmR 개조형입니다. 원래 TOZ-106은 사냥용 산탄총으로 팔렸지만 황야 자기방어 무기로 인기를 얻었습니다.

^orange;힘쓰는 자: 0.6초 패링 창 | 안정성 70HP^reset;"	GiC:/items/WEAPONS/RANGED/SHOTGUN/gic_toz106conversion/gic_toz106conversion_npc.activeitem#/description
GLOSSARY_ABSENT	DEPLOY	배치 (legacy uses=4)	new	1313	A Titansteel-plated assault drone on a charger. A moment should allow it to deploy!	충전기 위의 타이탄강 도금 돌격 드론입니다. 조금만 기다리면 전개되겠네요!	Black Armory:/objects/sheilaworkshop/black_furniture/black_prismadronespawner/black_prismadronespawner.object#/description
GLOSSARY_ABSENT	DEPLOY	배치 (legacy uses=4)	new	1314	A Titansteel-plated rocket drone on a charger. A moment should allow it to deploy!	충전기 위의 타이탄강 도금 로켓 드론입니다. 조금만 기다리면 전개되겠네요!	Black Armory:/objects/sheilaworkshop/black_furniture/black_rocketdronespawner/black_rocketdronespawner.object#/description
GLOSSARY_ABSENT	FLAMETHROWER	화염 방사기 (legacy uses=3)	new	1380	"A custom-built flamethrower created out of whatever scrap could be found nearby. Uses custom fuel tanks, but the size of these tanks leaves much to be desired.
  
Lingering flames cause ^orange;BURNING^reset; and ^orange;IGNITION^reset; on any ^orange;OIL-COATED^reset; targets. Direct hits cause ^orange;IGNITION^reset; which deals non-scaled but very high amounts of fire damage on targets."	"근처에서 찾을 수 있는 온갖 고철로 만든 수제 화염방사기입니다. 전용 연료 탱크를 쓰지만, 탱크 크기가 아쉽습니다.
  
남은 불길이 ^orange;기름칠된^reset; 대상에 ^orange;화상^reset;과 ^orange;점화^reset;를 일으킵니다. 직격은 ^orange;점화^reset;를 일으켜 비례하지 않지만 매우 높은 화염 피해를 줍니다."	GiC:/items/WEAPONS/RANGED/FLAMETHROWER/gic_fuelsprayer/gic_fuelsprayer.activeitem#/description
GLOSSARY_ABSENT	Frozen	빙결 (legacy uses=3)	new	1412	A frozen flame in the wall. Doesn't make no sense to me.	벽에 박힌 얼어붙은 불꽃입니다. 내 눈엔 말이 안 되네요.	Extended Story:/objects/eternalfrost/frostburnwalllight/frostburnwalllight.object#/novakidDescription
GLOSSARY_ABSENT	Type	유형 (legacy uses=5)	new	1424	A gunpowder-based artillery piece. Not exactly the type of ammunition for prolonged firing.	화약 기반 야포입니다. 장시간 사격에 어울리는 탄은 아닙니다.	GiC:/objects/UNITED_SYSTEMS/gic_unitanartillerygun/gic_unitanartillerygun.object#/apexDescription
GLOSSARY_ABSENT	Ready	준비 완료 (legacy uses=10)	new	1425	A hastily-prepped mixture of vegetables, ready to be added to a dish. Can be eaten as-is.	요리에 넣을 준비가 된 급히 준비한 채소 혼합입니다. 그대로 먹을 수도 있습니다.	GiC:/items/FOODS/INGREDIENTS/gic_vegetablemix.consumable#/description
GLOSSARY_ABSENT	Upgrade	업그레이드 (legacy uses=5)	new	1437	"A hefty axe forged from the remains of a Glitch champion, styled after his massive battle axe. The Champion himself underwent an excruciating upgrade process to achieve his state.
^orange;Steadfast: 0.4s PARRY WINDOW | 300HP STABILITY.^reset;
Hold [ALT-FIRE] to parry.
^green;Head-Splitter: Regular attacks inflict additional heavy bleed damage against regular enemies and [GiC] Bosses.^white;
^#D6DFFF;Lord of War: After a throw, press [SHIFT] to forcibly recall the axe. Otherwise, pick it up manually.^reset;"	"글리치 챔피언의 잔해로 만든 무거운 도끼로, 그의 거대한 전투 도끼를 본떴습니다. 챔피언 본인은 그 상태를 이루기 위해 극심한 개조 과정을 거쳤습니다.
^orange;불굴: 0.4초 패링 창 | 안정성 300HP.^reset;
[ALT-FIRE]를 눌러 패링.
^green;머리 쪼개기: 일반 공격이 일반 적과 [GiC] 보스에게 추가 중출혈 피해.^white;
^#D6DFFF;전쟁 군주: 던진 뒤 [SHIFT]를 눌러 도끼를 강제 회수. 아니면 직접 주우세요.^reset;"	GiC:/items/WEAPONS/MELEE/PLAYER/gic_crusader_champions_greataxe/gic_crusader_champions_greataxe_player.activeitem#/description
GLOSSARY_ABSENT	laboratory	연구실 (legacy uses=5)	new	1463	"A knight protects the entrance to this underground laboratory. He appears to be oathsworn, but to whom I am not certain of.

Seek strength once more, Shell. There can only be one victor."	"기사가 이 지하 연구소 입구를 지키고 있습니다. 맹세로 묶인 것 같지만, 누구에게인지는 확실하지 않습니다.

다시 힘을 찾아라, 셸이여. 승자는 하나뿐이다."	GiC:/cinematics/CHARACTERS/NAZRIN/gic_nazrin_planetencounter_protected_solguardian.cinematic#/panels/2/text
GLOSSARY_ABSENT	DEPLOY	배치 (legacy uses=4)	new	1472	"A letter of ownership that entitles the bearer to a typical brown horse.

If dogs are a man's best friend, the horse was his couragous comrade who stood by Man in both battle and logistics for thousands of years. Horses can be used to get around flat open terrain relatively quickly, but the rider is left fully exposed against missile projectiles and other attacks.
^#9E876B;Hold item to deploy horse.^white;"	"소지자에게 평범한 갈색 말을 줄 자격이 있는 소유 증서입니다.

개가 인간의 가장 친한 친구라면, 말은 수천 년간 전투와 병참에서 인류 곁을 지킨 용감한 전우였습니다. 말은 평탄한 지형을 비교적 빨리 다닐 수 있지만, 기수는 비사체 탄환 등에 완전히 노출됩니다.
^#9E876B;아이템을 들고 있으면 말을 전개합니다.^white;"	GiC:/items/active/vehiclecontroller/gic_rideablehorse_controller.activeitem#/description
GLOSSARY_ABSENT	Items	아이템 (legacy uses=6)	new	1474	"A lighter is a portable device which creates a controlled flame, and can be used to ignite a variety of flammable items, such as cigarettes, butane gas, fireworks, candles or campfires.

^orange;Radiates a weak light around the bearer when used | Lasts 3 minutes.^white;"	"라이터는 통제된 불꽃을 만드는 휴대 장치로, 담배, 부탄 가스, 폭죽, 양초, 모닥불 같은 가연물에 불을 붙일 수 있습니다.

^orange;사용 시 소지자 주변에 약한 빛을 냄 | 3분간 지속.^white;"	GiC:/items/gic_gaslighter/gic_gaslighter.consumable#/description
GLOSSARY_ABSENT	FLAMETHROWER	화염 방사기 (legacy uses=3)	new	1483	"A magical flamethrower that directly converts the magical energies into a searing napalm-like flame. A second-generation weapon, the weapon's name is in honor of those who lived through WW3 and the first bloody years of the barrier's shattering. Uses standard Gensidium Catalysts.
The flames will spread out when in the air and create a pool of fire on hitting terrain. Afflicts ^orange;IGNITION^reset; on ^orange;DIRECT HITS.^reset;
^#E52239;Overcharged Fireball - Launches a highly dangerous indiscriminate fireball that IGNITES enemies [ALT | Gensidium Catalyst | 3x]"	"마법 에너지를 직접 네이팜 같은 불길로 변환하는 마법 화염방사기입니다. 2세대 무기로, 이름은 3차 대전과 결계 붕괴 후 피의 세월을 살아남은 이들을 기렸습니다. 표준 겐시디움 촉매를 사용합니다.
불길은 공중에서 퍼지고 지형에 닿으면 불 웅덩이를 만듭니다. ^orange;직격^reset; 시 ^orange;점화^reset; 부여.
^#E52239;과충전 화염구 - 적을 점화하는 무차별적 고위험 화염구 발사 [보조 | 겐시디움 촉매 | 3개]"	GiC:/items/WEAPONS/RANGED/MAGIC/LIGHT/gic_gensokyanarmy_m1flameprojector/gic_gensokyanarmy_m1flameprojector.activeitem#/description
GLOSSARY_ABSENT	Defense	방어력 (legacy uses=3)	new	1488	"A massive kite shield given to New Londinium troops in defense of their fortress-city. While the city was completely unprepared and its soldiers converted, their faith was unyielding. Though Abyssal, they continue their fight against it. 

^#CCD8B6;120HP STABILITY | 0.5s Lower-Raise Delay | 100% DEF.^white;"	"요새도시 방어를 위해 뉴 런디니엄군에게 지급된 거대 카이트 방패입니다. 도시는 완전히 무방비였고 병사들은 심연화했지만, 그들의 신앙은 꺾이지 않았습니다. 심연의 존재가 되고도 계속 싸우고 있습니다. 

^#CCD8B6;안정성 120HP | 내리기-올리기 지연 0.5초 | 방어율 100%.^white;"	GiC:/items/SHIELDS/GREAT_SHIELDS/gic_newlondiniumsoldier_shield/gic_newlondiniumsoldier_shield.activeitem#/description
GLOSSARY_ABSENT	Battle	전투 (legacy uses=4)	new	1490	"A medical bag for carrying proper kits into battle. The main utility of this gear is to share the supply as needed giving it significantly more efficiency with more allies.

^orange;Additional Effects: More can be stored in the bag | Can be packed with Herbal Ointments, Medicinal Pellets, KMP-2s, Koloniya-50s, or USMIFAKs (inherits all effects) | Will ONLY heal PLAYERS/SELF/ALLIES in a small radius.^reset;"	"제대로 된 키트를 전장에 들고 가는 의료 가방입니다. 이 장비의 주된 쓸모는 필요에 따라 보급을 나누는 것으로, 아군이 많을수록 훨씬 효율적입니다.

^orange;추가 효과: 가방에 더 많이 보관 가능 | 약초 연고, 약환, KMP-2, 콜로니야-50, USMIFAK으로 채울 수 있음(모든 효과 상속) | 작은 반경 내 플레이어/자신/아군만 치유.^reset;"	GiC:/items/WEAPONS/UTILITY/gic_medicbag/gic_medicbag.activeitem#/description
GLOSSARY_ABSENT	Back	뒤로 (legacy uses=3)	new	1503	"A modern bow made from a variety of flexible materials. Unlike other modern bows, this longbow is intentionally designed to function like an ancient English Longbow and thus still relies on raw strength to pull back on.
^#B4DB72;Cannot load multi-shot arrows. Lower crit rate than Standard Longbow. Crit effects are amplified. Composite Arrows deal 1.25x DMG. No inaccuracy.
^orange;HIT CHANCE replaced with CRIT CHANCE (all projectiles always hit). CRIT Arrows have different effects based on the arrow.^reset;"	"여러 유연한 재료로 만든 현대식 활입니다. 다른 현대식 활과 달리 이 장궁은 고대 잉글리시 장궁처럼 작동하도록 의도되어, 여전히 당기는 데 막힘 힘이 필요합니다.
^#B4DB72;다발 화살 장전 불가. 표준 장궁보다 낮은 치명타율. 치명타 효과 증폭. 복합 화살 1.25배 피해. 탄도 오차 없음.
^orange;적중 확률이 치명타 확률로 대체됨(모든 탄은 반드시 명중). 치명타 화살은 종류에 따라 다른 효과.^reset;"	GiC:/items/WEAPONS/RANGED/BOWS/gic_carbonlongbow/gic_carbonlongbow_npc.activeitem#/description
GLOSSARY_ABSENT	Back	뒤로 (legacy uses=3)	new	1504	"A modern bow made from a variety of flexible materials. Unlike other modern bows, this longbow is intentionally designed to function like an ancient English Longbow and thus still relies on raw strength to pull back on.
^#B4DB72;Sturdy Construction: No projectile deviation | High Draw: Max projectile speed | 50% BLEED base chance for any arrow.^reset;
^orange;HIT CHANCE replaced with CRIT CHANCE (all projectiles always hit). CRIT Arrows have different effects based on the arrow.^reset;"	"여러 유연한 재료로 만든 현대식 활입니다. 다른 현대식 활과 달리 이 장궁은 고대 잉글리시 장궁처럼 작동하도록 의도되어, 여전히 당기는 데 막힘 힘이 필요합니다.
^#B4DB72;견고한 구조: 탄도 오차 없음 | 고당김: 최대 탄속 | 모든 화살에 출혈 기본 확률 50%.^reset;
^orange;적중 확률이 치명타 확률로 대체됨(모든 탄은 반드시 명중). 치명타 화살은 종류에 따라 다른 효과.^reset;"	GiC:/items/WEAPONS/RANGED/BOWS/gic_carbonlongbow/gic_carbonlongbow.activeitem#/description
GLOSSARY_ABSENT	Back	뒤로 (legacy uses=3)	new	1510	"A modernized version the Accuracy International PM, or L96A1. Possibly the first modern sniper rifle, and even now, one of the few purpose built military sniper rifles. Extremely modular, incredible performance, and suitable for almost any enviornment, not much can compete even since its original inception back in 1982.

Uses L115A2 magazines."	"어큐러시 인터내셔널 PM, 즉 L96A1의 현대화판입니다. 아마 최초의 현대 저격소총이고, 지금도 몇 안 되는 전용 군용 저격소총 중 하나입니다. 극도로 모듈화되고 놀라운 성능이며 거의 모든 환경에 적합해, 1982년 첫 등장 이후로도 경쟁 상대가 거의 없습니다.

L115A2 탄창을 사용합니다."	GiC:/items/WEAPONS/RANGED/SNIPER_RIFLE/gic_l115a2/gic_l115a2.activeitem#/description
GLOSSARY_ABSENT	Type	유형 (legacy uses=5)	new	1519	"A newly-discovered plant with rapid healing properties that can be used to create Herbal Ointments. Fascinatingly, this type of plant blooms flowers that produce a relatively bright light compared to things like glowing fungi. The plant grows around itself in a protective layer, forming a bush-like vine.

Primarily used to create Herbal Ointments for healing."	"약초 연고 제작에 쓸 수 있는 빠른 치유 특성의 새로 발견된 식물입니다. 놀랍게도 이 식물은 발광 균류 같은 것보다 비교적 밝은 빛을 내는 꽃을 피웁니다. 식물은 스스로를 보호층으로 둘러싸 덤불 같은 덩굴을 이룹니다.

주로 치유용 약초 연고 제작에 사용됩니다."	GiC:/items/MEDICAL/gic_moonlightherb.item#/description
GLOSSARY_ABSENT	Battle	전투 (legacy uses=4)	new	1527	"A physician's bag for carrying medical supplies into battle. The main utility of this gear is to share the supply as needed giving it significantly more efficiency with more allies around. It can also be used as a way to draw healing from your inventory instead of relying on stacks, but this is a slower process than prepared stacks.
^orange;Can be packed with Herbal Ointments, Medicinal Pellets, KMP-2s, Koloniya-50s, or USMIFAKs (inherits all effects) | Will ONLY heal PLAYERS/SELF/ALLIES in a small radius.^reset;"	"의료 물품을 전장에 들고 가는 의사 가방입니다. 이 장비의 주된 쓸모는 필요에 따라 보급을 나누는 것으로, 주변 아군이 많을수록 훨씬 효율적입니다. 스택에 의존하는 대신 인벤토리에서 치유를 끌어오는 수단으로도 쓸 수 있지만, 준비된 스택보다 느립니다.
^orange;약초 연고, 약환, KMP-2, 콜로니야-50, USMIFAK으로 채울 수 있음(모든 효과 상속) | 작은 반경 내 플레이어/자신/아군만 치유.^reset;"	GiC:/items/WEAPONS/UTILITY/gic_medicbag/gic_physiciansbag.activeitem#/description
GLOSSARY_ABSENT	Sell	판매 (legacy uses=6)	new	1533	A positive perk of being an arms dealer is that I an create my own stuff, sell them to make money, and use my own gear for free!	무기상인의 좋은 점은, 내 물건을 만들어 팔아 돈 벌고 내 장비를 공짜로 쓸 수 있다는 거예요!	Black Armory:/radiomessages/black_sheilachatting.radiomessages#/black_chat064/text
GLOSSARY_ABSENT	Type	유형 (legacy uses=5)	new	1536	A powerful javelin-type weapon that causes ^red;heavy bleeding^reset; and ^yellow;STUNS^reset; the targets it hits, as well as ^green;powerful 5s bleed damage against [GiC] Bosses.^reset; The pilum (Plural: pila) was a javelin commonly used by the Roman army during the ancient period of Earth. Legionaries of the late republic and early empire often carried two pila, with one sometimes being lighter than the other. Standard tactics called for Roman soldiers to throw one of them (both if time permitted) at the enemy, just before charging to engage with the gladius (Roman Shortsword). ^yellow;Can be picked up after throwing.^reset;	맞은 대상에 ^red;심한 출혈^reset;과 ^yellow;기절^reset;을 일으키고 ^green;[GiC] 보스에 강력한 5초 출혈 피해^reset;를 주는 강력한 투창형 무기입니다. 필룸(복수형: 필라)은 고대 지구 로마군이 쓰던 투창입니다. 공화국 말~제정 초 군단병은 종종 필라 두 자루를 가졌고 하나가 더 가볍기도 했습니다. 표준 전술은 글라디우스(로마 단검)로 돌격하기 직전 적에게 하나(시간이 허락하면 둘)를 던지는 것이었습니다. ^yellow;던진 후 주울 수 있습니다.^reset;	GiC:/items/WEAPONS/THROWN/gic_pilum/gic_pilum.activeitem#/description
GLOSSARY_ABSENT	Ready	준비 완료 (legacy uses=10)	new	1539	"A primitive fishing rod that completely lacks a reel and cannot be modified. Sluggish, weak, and with a low length, it's best to move on from this as quick as possible.
  
^orange;Hold LMB to ready the rod, then release to launch the hook. W/S to retract/extend hook. Retract the hook when the fish are moving side-to-side to bring it to the surface. When the fish swim directly away from the line, stop retracting the hook else the line will break."	"릴이 완전히 없고 개조도 불가한 원시 낚싯대입니다. 느리고 약하고 길이도 짧으니 최대한 빨리 갈아타는 게 좋습니다.
  
^orange;LMB를 눌러 낚싯대를 준비하고 놓아 바늘을 던집니다. W/S로 바늘을 감거나 늘입니다. 물고기가 좌우로 움직일 때 바늘을 감아 수면으로 올립니다. 물고기가 낚싯줄에서 정면으로 멀어지면 감기를 멈추세요. 안 그러면 줄이 끊어집니다."	GiC:/items/FISHING_ROD/gic_primitive_fishingrod.activeitem#/description
GLOSSARY_ABSENT	Sure	그래 (legacy uses=3)	new	1544	"A rather dated but iconic rocket launcher design from the USSR that has seen near constant action across a millennia since its inception in both the hands of soldiers & guerrillas alike. Works well against buildings, light vehicles, infantry, and literally anything that isn't actual tanks. Make sure to give it some good TLC, and it will serve you, and its next user well.

Loads RPG-7 HEAT and Airburst Rockets."	"소련의 다소 낡았지만 상징적인 로켓 발사기로, 등장 이후 천 년 가까이 병사와 게릴라 양쪽 손에서 거의 끊임없이 실전됐습니다. 건물, 경차량, 보병, 그리고 말 그대로 진짜 전차가 아닌 모든 것에 효과적입니다. 잘 보살펴주면 당신과 다음 사용자를 잘 섬길 겁니다.

RPG-7 HEAT와 공중폭발 로켓을 장전합니다."	GiC:/items/WEAPONS/RANGED/ROCKET_LAUNCHER/gic_rpg7/gic_rpg7_npc.activeitem#/description
GLOSSARY_ABSENT	Sure	그래 (legacy uses=3)	new	1545	"A rather dated but iconic rocket launcher design from the USSR that has seen near constant action across a millennia since its inception in both the hands of soldiers & guerrillas alike. Works well against buildings, light vehicles, infantry, and literally anything that isn't actual tanks. Make sure to give it some good TLC, and it will serve you, and its next user well.

^orange;Loads RPG-7 HEAT and Airburst Rockets. Failure chance is dependent on weapon proficiency."	"소련의 다소 낡았지만 상징적인 로켓 발사기로, 등장 이후 천 년 가까이 병사와 게릴라 양쪽 손에서 거의 끊임없이 실전됐습니다. 건물, 경차량, 보병, 그리고 말 그대로 진짜 전차가 아닌 모든 것에 효과적입니다. 잘 보살펴주면 당신과 다음 사용자를 잘 섬길 겁니다.

^orange;RPG-7 HEAT와 공중폭발 로켓을 장전합니다. 고장 확률은 무기 숙련도에 따라 달라집니다."	GiC:/items/WEAPONS/RANGED/ROCKET_LAUNCHER/gic_rpg7/gic_rpg7.activeitem#/description
GLOSSARY_ABSENT	Items	아이템 (legacy uses=6)	new	1547	A really disgusting way to store items.	물건을 보관하는 정말 역겨운 방법입니다.	Extended Story:/objects/forgotten/forgottenchest/forgottenchest.object#/apexDescription
GLOSSARY_ABSENT	Type	유형 (legacy uses=5)	new	1583	A silver coin of Shogunate or Machinarius origin. The smugglers of Eskhatos do not typically discern from either type, as their total silver density is nearly the same.	쇼군 또는 마키나리우스 유래의 은화입니다. 에스카토스의 밀수업자들은 보통 구분하지 않는데, 은 함량 총합이 거의 같기 때문입니다.	GiC:/items/CURRENCY/gic_silvercoin/gic_silvercoin.item#/description
GLOSSARY_ABSENT	Type	유형 (legacy uses=5)	new	1597	A single .243 Bullet intended for use in medium-power hunting rifles. Not intended for military use. Bullets of this type are rarely found outside of atmospheric colony-controlled civilian space.	중위력 사냥 소총용 .243탄 한 발입니다. 군용이 아닙니다. 이런 탄은 대기권 식민지 관할 민간 우주 밖에선 거의 못 봅니다.	GiC:/items/AMMUNITION/BULLETS/gic_6x52mm_bullet/gic_6x52mm_bullet.item#/description
GLOSSARY_ABSENT	Back	뒤로 (legacy uses=3)	new	1658	A small transportation vehicle. The back of the vehicle is damaged.	소형 수송 차량입니다. 차량 뒷부분이 손상됐네요.	GiC:/objects/STATIC_VEHICLES/gic_wreckedcar3/gic_wreckedcar3.object#/apexDescription
GLOSSARY_ABSENT	NEXT	다음 (legacy uses=112)	new	1660	A small unremarkable stash of blacksmith tools are located in the box next to this key. You grab these.	이 열쇠 옆 상자에 작고 평범한 대장장이 도구 비축분이 있습니다. 이걸 가져갑니다.	GiC:/quests/KOGASA_TATARA/SCRAPPED/gic_wildlands_kogasatatara_2_toolgatheringquest.questtemplate#/text
GLOSSARY_ABSENT	Type	유형 (legacy uses=5)	new	1663	"A soft warmth radiates from this vague effigy, apparently representing someone. Yet, it always appears to be burning internally and infernally.

^#FD8F4D;Adds fiery slashes to MELEE WEAPON ATTACKS, giving it additional THERMAL DMG and a minor range increase | Scales with melee weapon type | Lasts 60s.^white;"	"이 희미한 우상에서 부드러운 온기가 뿜어져 나옵니다. 누군가를 표현한 모양인데, 항상 내부에서 지옥불처럼 타고 있는 듯합니다.

^#FD8F4D;근접 무기 공격에 불타는 베기를 추가해 추가 열 피해와 약간의 사거리 증가 | 근접 무기 종류에 비례 | 60초간 지속.^white;"	GiC:/items/MEDICAL/gic_burnteffigy.consumable#/description
GLOSSARY_ABSENT	Items	아이템 (legacy uses=6)	new	1668	A space station dedicated to trading items and goods, as well as accepting investments for benefits.	물품과 상품 거래 및 혜택을 위한 투자 수용 전용 우주 정거장입니다.	NonEKI:/system_objects.config.patch#/14/1/value
GLOSSARY_ABSENT	Metal	금속 (legacy uses=3)	new	1695	"A sword made from hammered scrap metal affixed to a sturdy frame. Despite being a scrap weapon, it is a surprisingly decent weapon. Given the extreme crime rates in subterranean colonies, it's no surprise finding swords being wielded by organized gangs.
^orange;Final strike afflicts 4s SHREDDING (-25% SLASH and BLEED PROC RES).
^#FFEEC6;War Cry [SHIFT]: Raise the sword and shout a war cry. Causes PANIC for 5s and buffs self and other players with +4HP/s and increased Ability Mana regeneration for 15s | 30s cooldown."	"단조한 고철을 두들겨 만든 검을 튼튼한 골격에 붙인 것입니다. 고철 무기지만 놀랍도록 괜찮습니다. 지하 식민지의 극심한 범죄율을 보면 조직 폭력배가 검을 휘두르는 게 당연하죠.
^orange;마지막 타격이 4초간 파쇄(베기와 출혈 발동 저항 -25%) 부여.
^#FFEEC6;전쟁 함성 [SHIFT]: 검을 들고 전쟁 함성을 외칩니다. 5초간 공황을 일으키고 자신과 다른 플레이어에게 초당 HP +4와 능력 마나 재생 증가 버프 15초 | 재사용 대기 30초."	GiC:/items/WEAPONS/MELEE/SWORD/gic_steel_shortsword/gic_steel_shortsword.activeitem#/description
GLOSSARY_ABSENT	Metal	금속 (legacy uses=3)	new	1696	"A sword made from hammered scrap metal affixed to a sturdy frame. Despite being a scrap weapon, it suffers no penalty compared to regular swords and is properly balanced at the hilt. Given the extreme crime rates in subterranean colonies, it's no surprise finding swords being wielded by organized gangs.
^#FFEEC6;War Cry [SHIFT]: Raise the sword and shout a war cry, afflicting nearby enemies with PANIC. Panic causes enemy infantry to hesitate heavily with firearms and reduces their melee effectiveness | 20s cooldown."	"단조한 고철을 두들겨 만든 검을 튼튼한 골격에 붙인 것입니다. 고철 무기지만 일반 검 대비 불이익이 없고 자루 균형이 잘 잡혔습니다. 지하 식민지의 극심한 범죄율을 보면 조직 폭력배가 검을 휘두르는 게 당연하죠.
^#FFEEC6;전쟁 함성 [SHIFT]: 검을 들고 전쟁 함성을 외쳐 주변 적에게 공황 부여. 공황은 적 보병의 화기 사용을 크게 망설이게 하고 근접 효율을 낮춤 | 재사용 대기 20초."	GiC:/items/WEAPONS/MELEE/SWORD/gic_steel_shortsword/gic_steel_shortsword_npc.activeitem#/description
GLOSSARY_ABSENT	Ready	준비 완료 (legacy uses=10)	new	1713	"A trap for catching rodents. You simply have to place it down and wait.

^orange;Harvest when ready to gain Rat Meat. Unknown duration, so you'll just have to be patient."	"설치류를 잡는 함정입니다. 그냥 놓고 기다리면 됩니다.

^orange;준비되면 수확해 쥐고기 획득. 소요 시간 미상이라 인내심이 필요합니다."	GiC:/objects/FARMABLES/gic_rattrap/gic_rattrap.object#/description
GLOSSARY_ABSENT	Ready	준비 완료 (legacy uses=10)	new	1714	"A trap for catching rodents. You simply have to place it down and wait.

^orange;Harvest when ready to gain Squirrel Meat. Unknown duration, so you'll just have to be patient."	"설치류를 잡는 함정입니다. 그냥 놓고 기다리면 됩니다.

^orange;준비되면 수확해 다람쥐고기 획득. 소요 시간 미상이라 인내심이 필요합니다."	GiC:/objects/FARMABLES/gic_squirreltrap/gic_squirreltrap.object#/description
GLOSSARY_ABSENT	Type	유형 (legacy uses=5)	new	1722	A type of small-arms ammunition that was used before the advent of the metal cartridge, containing a paper cylinder which held the bullet, gunpowder, and sometimes primer or lubricating andanti-fouling agent. Paper treated with oxidizer allowed it to burn completely on ignition, and were instead called combustible cartridges.	금속 탄환 등장 전에 쓰인 소화기 탄약으로, 탄환·화약·때로는 뇌관이나 윤활·방오제를 담은 종이 통입니다. 산화제로 처리한 종이는 점화 시 완전 연소되어 연소성 탄환이라 불렸습니다.	GiC:/items/AMMUNITION/BLACKPOWDER/gic_15mm_papercartridge/gic_15mm_papercartridge.item#/description
GLOSSARY_ABSENT	Type	유형 (legacy uses=5)	new	1740	"A well sought-after type low-grade drug. Benzodiazepines are a class of drug that release gamma-aminobutyric acid neurotransmitters into your body, slowing down the nervous system and making it less active. They're often used to treat anxiety disorders.

^orange;Staves off the addictions of archetypes for 10 minutes.^white;"	"수요가 많은 저급 약물입니다. 벤조디아제핀은 감마-아미노뷰티르산 신경전달물질을 방출해 신경계를 늦추고 덜 활동하게 만드는 약물 계열입니다. 불안 장애 치료에 자주 쓰입니다.

^orange;10분간 원형의 중독을 눌러줍니다.^white;"	GiC:/items/MEDICAL/gic_stressmedication.consumable#/description
GLOSSARY_ABSENT	Defense	방어력 (legacy uses=3)	new	1790	Ah yes, Starburner 2: Defense Atmosphere. This game recieved alot of negative criticism for being 'too arcadey' compared to the first game and that there was too much 'Fan-service' in the animated cutscenes.	아 맞아, 스타버너 2: 방어 대기권. 이 게임은 1편보다 '너무 아케이드 같다'는 점과 애니메이션 컷신에 '팬서비스'가 너무 많다는 점으로 비판을 많이 받았죠.	GiC:/objects/CIVILIAN/gic_arcadestarburner2/gic_arcadestarburner2.object#/humanDescription
GLOSSARY_ABSENT	Sure	그래 (legacy uses=3)	new	1805	"Alcohol distilled in better conditions. It's still moonshine, but it's got some kick to it like no other drink. Just be sure to not chug down too many at once.
  
^#CC8A4D;Refreshes Weapon Ability Cooldowns | This refresh itself has a 15s cooldown.^reset;"	"더 나은 조건에서 증류한 술입니다. 여전히 밀주지만 다른 어떤 술에도 없는 톡 쏘는 맛이 있습니다. 한 번에 너무 많이 들이켜지는 마세요.
  
^#CC8A4D;무기 능력 재사용 대기 갱신 | 이 갱신 자체에 15초 재사용 대기.^reset;"	GiC:/items/FOODS/BEVERAGES/gic_superiormoonshine.consumable#/description
GLOSSARY_ABSENT	Back	뒤로 (legacy uses=3)	new	1813	All of you type always talk about life being better back then. I just simply can't take these tales at face value, you know?	당신네 같은 유형은 늘 옛날이 더 좋았다고 말하죠. 저는 그런 이야기를 그냥 액면 그대로 받아들일 수가 없어요, 아시잖아요?	GiC:/cinematics/CHARACTERS/BADA/gic_garden_caravan_mission_1_2_NewFosseWayStation_travel.cinematic#/panels/22/text
GLOSSARY_ABSENT	Sure	그래 (legacy uses=3)	new	1823	Alright, don't you go shooting any holes in the surfaces of any worlds now. I'm sure you know what comes with great power.	좋아요, 이제 어느 세계 표면에도 구멍 뚫는 짓은 하지 마세요. 큰 힘에 따르는 것이 뭔지 아시겠죠.	NonEKI:/radiomessages/tutorial.radiomessages.patch#/9/4/value/text
GLOSSARY_ABSENT	Back	뒤로 (legacy uses=3)	new	1825	Alright, look, you probably want to know what's going on. Our people have been stranded on this planet for about 30 years now. Passenger liner went boom onto the surface and apparently not a single bureaucrat could muster up a rescue effort. I don't think it takes a muppet to realize that passenger ships aren't exactly the pinnacle of self-sustainability, so that puts us back two thousands years of progress.	좋아요, 봐요, 무슨 일인지 알고 싶겠죠. 우리 사람들은 약 30년간 이 행성에 좌초됐습니다. 여객선이 지표에 쾅 했는데 관료 한 명도 구조대를 꾸리지 못했죠. 여객선이 자급자족의 정점이 아니라는 건 바보도 아는 일이라, 우린 이천 년의 진보를 되돌려야 했습니다.	GiC:/cinematics/CHARACTERS/WYMOND/gic_wymond_intro_card_meeting.cinematic#/panels/3/text
GLOSSARY_ABSENT	Sure	그래 (legacy uses=3)	new	1826	Alright, spaceman, you're in zero gravity now. Make sure to stay inside that new mech of yours! It's equipped to fly through space, so go ahead and get a feel for it.	좋아요, 우주인, 이제 무중력입니다. 새 기체 안에 꼭 계세요! 우주를 날도록 갖춰져 있으니 감을 잡아보세요.	NonEKI:/radiomessages/mech.radiomessages.patch#/2/2/value/text
GLOSSARY_ABSENT	Defense	방어력 (legacy uses=3)	new	1828	Also called the ''Armee-Universal-Gewehr'' in German, the AUG was an Austrian bullpup rifle designed in the 1960s by Steyr-Daimler-Puch. The Australian Defense Force adopted the AUG after weapon trialling in the late 1980s. While the AUG was a perfectly suitable NATO-standard rifle, it was also influenced by Colt's refusal to grant local production licenses of the M16 to the ADF, apparently expecting ANZAC forces to be supplied from across the world during wartime. Loads STANAG NATO 5.56x45mm magazines.	독일어로 ''Armee-Universal-Gewehr''라고도 하는 AUG는 1960년대 슈타이어-다임러-푸흐가 설계한 오스트리아 불펍 소총입니다. 호주 국방군은 1980년대 후반 무기 시험 후 AUG를 채용했습니다. AUG는 완벽히 적합한 NATO 표준 소총이었지만, 전시에 ANZAC군이 세계 반대편에서 보급될 걸 기대한 듯 콜트가 ADF에 M16 현지 생산 라이선스를 거부한 영향도 있었습니다. STANAG NATO 5.56x45mm 탄창을 장전합니다.	GiC:/items/WEAPONS/RANGED/ASSAULT_RIFLE/gic_aug/gic_aug.activeitem#/description
GLOSSARY_ABSENT	Bleeding	출혈 (legacy uses=4)	new	1852	"An agent of the Abyss siphons power from this massive reactor. Its presence may appear dominating, but it is a being only barely sustained in this realm. It will call for its brethren to defend itself.

Find strength, Shell, and bring down this bleeding heart."	"심연의 사자가 이 거대한 반응로에서 힘을 빨아들이고 있습니다. 그 존재감은 압도적으로 보이지만, 이 영역에서 간신히 유지되는 존재에 불과합니다. 자신을 지키기 위해 형제들을 부를 것입니다.

힘을 찾으세요, 셸이여, 이 피 흘리는 심장을 쓰러뜨리세요."	GiC:/cinematics/CHARACTERS/NAZRIN/gic_nazrin_planetencounter_afflicted_crystalcoordinator.cinematic#/panels/2/text
GLOSSARY_ABSENT	Ready	준비 완료 (legacy uses=10)	new	1875	"An empty page, ready to be enchanted or blessed.
  
^#96CBE7;Converted directly into Spellbook Pages, talismans, or used as a primer for Gensidium Catalysts.^reset;"	"주문을 걸거나 축복할 준비가 된 빈 페이지입니다.
  
^#96CBE7;마법서 페이지·부적으로 직접 변환되거나 겐시디움 촉매의 기폭제로 사용.^reset;"	GiC:/items/MATERIALS/gic_spellbookpage/gic_blankspellbookpage.item#/description
GLOSSARY_ABSENT	Sure	그래 (legacy uses=3)	new	1885	An eye scanner. Sure I can mess around with the settings for each species but ultimately the access is going to be locked behind a specific species type AND the eyeballs.	눈 스캐너입니다. 종족별 설정을 만져볼 순 있지만 결국 접근은 특정 종족 유형과 눈알 둘 다로 잠겨 있습니다.	GiC:/objects/SPACE/gic_securityeyescanner/gic_securityeyescanner.object#/humanDescription
GLOSSARY_ABSENT	FLAMETHROWER	화염 방사기 (legacy uses=3)	new	1897	"An interesting combination of waxes and substances packed into a shot that doesn't fire a projectile, but instead spews intense flames from the front of the gun not unlike a short-burst flamethrower.

BASE DMG: 9 x 50 THERMAL

^#B4DB72;Flame Trail: Crits create a flaming trail that also cause IGNITION."	"탄체를 발사하지 않고 총구에서 짧은 연발 화염방사기처럼 강렬한 불길을 뿜는, 왁스와 물질의 흥미로운 조합이 채워진 탄환입니다.

기본 피해: 9 x 50 열

^#B4DB72;불꽃 궤적: 치명타가 점화도 일으키는 불타는 흔적을 만듦."	GiC:/items/AMMUNITION/BLACKPOWDER/gic_20mm_musketballshot/gic_20mm_flameshot.item#/description
GLOSSARY_ABSENT	Gold	금 (legacy uses=3)	new	1907	An old-school arcade machine that plays an old-but-gold Starburner game. Extremely realistic flight simulator of old-Earth jet fighters. The highest score in the galaxy has the initials 'W.W.W'.	오래됐지만 명작인 스타버너 게임을 하는 구식 아케이드 기계입니다. 구지구 제트 전투기의 극사실적 비행 시뮬레이터. 은하 최고 점수의 이니셜은 'W.W.W'입니다.	GiC:/objects/CIVILIAN/gic_arcadestarburner/gic_arcadestarburner.object#/humanDescription
GLOSSARY_ABSENT	Type	유형 (legacy uses=5)	new	1938	"Ancient type of munition filled with white phosphorus. The only saving grace with this type of warhead is that it is brutally effective against infantry. Like its HEAT cousin, more M1A1 Bazooka rockets can be carried compared to more modern counterparts. Incredible care should be taken when using M10 rockets, as a thruster failure will result in a delayed explosion of WP near the launch site.

^orange;Failure Chance Types: Faulty Detonator | Faulty Thruster"	"백린을 채운 고대형 탄약입니다. 이 탄두의 유일한 위안은 보병에 잔인할 만큼 효과적이라는 점입니다. HEAT 사촌처럼 현대 대응물보다 M1A1 바주카 로켓을 더 많이 휴대할 수 있습니다. M10 로켓 사용 시 각별히 주의하세요. 추진기 고장 시 발사 지점 근처에서 WP가 지연 폭발합니다.

^orange;고장 확률 종류: 결함 기폭기 | 결함 추진기"	GiC:/items/AMMUNITION/BAZOOKA/gic_m1a1bazooka_whitephosphorus.item#/description
GLOSSARY_ABSENT	Type	유형 (legacy uses=5)	new	1939	"Ancient type of munition loaded into the M1A1 Bazooka. Despite being a HEAT rocket, the warhead is woefully underpowered for most modern vehicles. More rockets of these types can be carried than any other.

^orange;Failure Chance Types: Faulty Detonator | Faulty Thruster"	"M1A1 바주카에 장전하는 고대형 탄약입니다. HEAT 로켓이지만 탄두가 대부분 현대 차량에 형편없이 약합니다. 이 계열 로켓은 어느 것보다 더 많이 휴대할 수 있습니다.

^orange;고장 확률 종류: 결함 기폭기 | 결함 추진기"	GiC:/items/AMMUNITION/BAZOOKA/gic_m1a1bazooka_highexplosive.item#/description
GLOSSARY_ABSENT	Ready	준비 완료 (legacy uses=10)	new	1947	Another wave in 60 seconds! Get ready!	60초 후 다음 웨이브! 준비하세요!	GiC:/radiomessages/gic_missions.radiomessages#/gic_garden_marshlandvillage_battleofholbeckcreek_prewave2/text
GLOSSARY_ABSENT	Sure	그래 (legacy uses=3)	new	1978	"As for why here, I'm not really sure. I just sort of poofed into existence here.

I awoke in some forest, met with the sight of a human civilization so alien I'd think they were the youkai. There was some divine luck to place me with another Tengu in this land who was already here before me, but I didn't know her very well. I don't question how she managed herself, but I didn't get to choose my own miracle."	"왜 여기냐면, 솔직히 잘 모르겠어요. 그냥 여기 뿅 하고 존재하게 됐어요.

어떤 숲에서 깨어났는데, 요괴가 그들이라 해도 될 만큼 낯선 인간 문명이 보였어요. 이 땅에 저보다 먼저 있던 다른 텐구와 함께 두는 신의 행운이 있었지만, 그녀를 잘 알지는 못했어요. 그녀가 어떻게 버텼는지 묻진 않지만, 제 기적을 고를 수는 없었죠."	GiC:/cinematics/CHARACTERS/AYA_SHAMEIMARU/gic_wildlands_ayashameimaru_date_2_romance_true.cinematic#/panels/4/text
GLOSSARY_ABSENT	Sure	그래 (legacy uses=3)	new	1979	As promised, here's a few bags of grain. You should be able to trade it with someone around here. I'm sure there's plenty of folk to handle it. That Kasa lady was a little quiet but she seemed nice. Besides, she put up a good fight against those steppe bandits. She has one hell of a weapon too. I'd bet away my life savings to have a look at it. I heard she's taken the trail towards New Holbeck not too far from here.	약속대로, 곡물 자루 몇 개입니다. 이 근처 누군가와 거래할 수 있을 겁니다. 처리할 사람은 많겠죠. 그 카사라는 여자는 좀 조용했지만 좋아 보였어요. 게다가 초원 도적들 상대로 잘 싸우더라고요. 무기도 엄청난 걸 가졌고요. 구경하려고 평생 저축을 걸 만합니다. 여기서 멀지 않은 뉴 홀벡 쪽 오솔길로 갔다던데요.	GiC:/cinematics/CHARACTERS/BADA/gic_garden_bada_5_towardsakeman_complete.cinematic#/panels/3/text
GLOSSARY_ABSENT	Back	뒤로 (legacy uses=3)	new	1995	Assault Engineer [BACK] - Building on cooldown...	돌격 공병 [등] - 설치 재사용 대기 중...	GiC:/stats/ASSAULT_ENGINEER/PLAYER/gic_armor_assaultengineer_back_weakness.statuseffect#/label
GLOSSARY_ABSENT	Type	유형 (legacy uses=5)	new	2003	Assault Rifles are a versatile weapon type that can fulfill most roles. Firing intermediate cartridges such as 5.56x45mm, they are heavy hitting and decently controllable. With balanced logistical and tactical applications, Assault Rifles (and Battle Rifles) are a decent option for a well-rounded soldier. Standard AR ammo can typically penetrate walls. Receives decent benefits from crouching, with balanced recoil recovery rates.	돌격소총은 대부분 역할을 수행할 수 있는 다재다능한 무기 계열입니다. 5.56x45mm 같은 중간 탄약을 쏘며, 강한 타격과 준수한 제어성을 갖습니다. 균형 잡힌 병참·전술적 활용으로 돌격소총(과 전투소총)은 만능 병사에게 적절한 선택입니다. 표준 AR 탄약은 보통 벽을 관통합니다. 웅크리기에 준수한 이점과 균형 잡힌 반동 회복을 받습니다.	GiC:/items/GUIDE_PIECES/CAT_2/gic_guide_assaultrifles.item#/description
GLOSSARY_ABSENT	Back	뒤로 (legacy uses=3)	new	2049	Back to basics, I see! Ah, who would'a thought we'd spend our first day on the job cutting trees?	기본으로 돌아갔군요! 아, 우리 첫 출근날이 나무 베기일 줄 누가 알았겠어요?	NonEKI:/radiomessages/tutorial.radiomessages.patch#/5/2/value/text
GLOSSARY_ABSENT	NEXT	다음 (legacy uses=112)	new	2054	Bada, miss. I think you're Nitori? The old half-dead man told me I should set up my shop next to you.	바다 씨. 혹시 니토리세요? 늙고 반쯤 죽은 남자가 당신 옆에 가게를 차리라고 했어요.	GiC:/cinematics/CHARACTERS/NITORI_KAWASHIRO/gic_bazaarbetwixtrealms_badanitori_weaponsmithingconverse.cinematic#/panels/5/text
GLOSSARY_ABSENT	Security	보안 (legacy uses=3)	new	2055	Bailey Security - Blunt Charge Cooldown.	베일리 시큐리티 - 둔기 돌진 재사용 대기.	GiC:/stats/effects/gic_armor_baileysecurity_riotsuppressor/gic_armor_baileysecurity_riotsuppressor_swing_cooldown.statuseffect#/label
GLOSSARY_ABSENT	Security	보안 (legacy uses=3)	new	2056	Bailey Security - Blunt Charge.	베일리 시큐리티 - 둔기 돌진.	GiC:/stats/effects/gic_armor_baileysecurity_riotsuppressor/gic_armor_baileysecurity_riotsuppressor_swing_primer.statuseffect#/label
GLOSSARY_ABSENT	Security	보안 (legacy uses=3)	new	2057	Bailey Security - Gun Charge.	베일리 시큐리티 - 총 돌진.	GiC:/stats/effects/gic_armor_baileysecurity_riotsuppressor/gic_armor_baileysecurity_riotsuppressor_shotgunboost_primer.statuseffect#/label
GLOSSARY_ABSENT	Metal	금속 (legacy uses=3)	new	2076	"Beacon launcher for your ship's autocannon. ^red;Cannot be re-obtained, so don't lose this!^reset;
^orange;Launches a beacon that saturates the area with airburst shells, causing PANIC in enemy infantry | 60s cooldown.^reset;

Equipped with a dummy beacon underbarrel launcher that uses scrap metal, allowing it to lob false beacons that allow its user to better track where the actual beacon might land.
^orange;Double-tap [SHIFT] to change artillery plan.^reset;"	"함선 자동포용 비컨 발사기입니다. ^red;다시 얻을 수 없으니 잃지 마세요!^reset;
^orange;지역을 공중폭발탄으로 포화시키는 비컨을 발사해 적 보병에게 공황 유발 | 재사용 대기 60초.^reset;

고철을 쓰는 더미 비컨 총열 하부 발사기를 갖춰, 실제 비컨이 어디 떨어질지 더 잘 추적하는 가짜 비컨을 발사할 수 있습니다.
^orange;[SHIFT]를 두 번 눌러 포격 계획을 바꿉니다.^reset;"	GiC:/items/WEAPONS/UTILITY/gic_shipartillery_anacondacannon_flaregun/gic_shipartillery_anacondacannon_flaregun_airburst.activeitem#/description
GLOSSARY_ABSENT	Metal	금속 (legacy uses=3)	new	2077	"Beacon launcher for your ship's autocannon. ^red;Cannot be re-obtained, so don't lose this!^reset;
^orange;Launches a beacon that strikes the zone with a burst of accurate HEAT shells | 60s cooldown.^reset;

Equipped with a dummy beacon underbarrel launcher that uses scrap metal, allowing it to lob false beacons that allow its user to better track where the actual beacon can land.
^orange;Double-tap [SHIFT] to change artillery plan.^reset;"	"함선 자동포용 비컨 발사기입니다. ^red;다시 얻을 수 없으니 잃지 마세요!^reset;
^orange;지역을 정확한 HEAT탄 일제사격으로 타격하는 비컨을 발사 | 재사용 대기 60초.^reset;

고철을 쓰는 더미 비컨 총열 하부 발사기를 갖춰, 실제 비컨이 어디 떨어질지 더 잘 추적하는 가짜 비컨을 발사할 수 있습니다.
^orange;[SHIFT]를 두 번 눌러 포격 계획을 바꿉니다.^reset;"	GiC:/items/WEAPONS/UTILITY/gic_shipartillery_anacondacannon_flaregun/gic_shipartillery_anacondacannon_flaregun.activeitem#/description
GLOSSARY_ABSENT	Name	이름 (legacy uses=7)	new	2086	Beef is the culinary name for meat from cattle. Beef taken from work animals rather than cattle is comparably chewy and tough, which whilst not inedible, can be unappetizing for those not used to its rough flavor.	비프는 소의 고기를 부르는 요리명입니다. 소 대신 노역 동물에서 나온 비프는 비교적 질기고 퍽퍽해, 먹을 수 없진 않지만 거친 풍미에 익숙하지 않은 이에겐 식욕이 안 돕니다.	GiC:/items/FOODS/INGREDIENTS/gic_beef_cut.consumable#/description
GLOSSARY_ABSENT	Items	아이템 (legacy uses=6)	new	2087	"Before the quarantine... In my haste I stupidly left a briefcase full of very personal items in a safe on the ground floor of one of the buildings. I- I know you'll be taking a risk. In the shed, below, where you came from, there's a stash of molotovs. I don't remember where, but there's a note in there that should tell you where.

If you can get my belongings, I'll give you the bridge access key and the key combination to a secure container near the Inner Offices. I don't know what's in there, but I saw another guy punch those numbers in just before we got fired. I'm sorry but that's all I can offer. Please, nobody else will help..."	"격리 전에... 급한 나머지 어리석게도 매우 개인적인 물건이 가득한 서류가방을 건물 1층 금고에 두고 왔습니다. 저-저도 위험하다는 건 알아요. 당신이 온 아래 헛간에 화염병 비축이 있습니다. 어디인지 기억 안 나지만, 어디 있는지 알려주는 쪽지가 있을 거예요.

제 소지품을 가져다주시면 다리 접근 열쇠와 내부 사무실 근처 보안 용기의 열쇠 조합을 드리죠. 뭐가 있는진 모르지만, 우리가 해고되기 직전에 다른 사람이 그 숫자를 누르는 걸 봤어요. 죄송하지만 제안할 수 있는 게 이게 전부예요. 제발, 다른 누구도 도와주지 않아요..."	GiC:/cinematics/CHARACTERS/AYA_SHAMEIMARU/gic_wildlands_ayashameimaru_mission_3_dockworker_1.cinematic#/panels/7/text
GLOSSARY_ABSENT	Defense	방어력 (legacy uses=3)	new	2089	Behemoth Defense	베히모스 방어	GiC:/interface/warping/KHURTOVYNA/gic_khurtovyna_republicmeeting.config#/destinations/0/name
GLOSSARY_ABSENT	Explosives	폭발물 (legacy uses=3)	new	2111	Blackpowder is the predecessor to the modern smokeless powder and burns far slower than the combustion of said smokeless powder. Likewise, blackpowder tends to emit significantly more smoke and leave behind more residue. Primarily used to craft high-power musket ammo and some unconventional explosives.	흑색화약은 현대 무연화약의 전신으로, 무연화약 연소보다 훨씬 느리게 탑니다. 마찬가지로 흑색화약은 훨씬 많은 연기를 내고 더 많은 잔해를 남깁니다. 주로 고위력 머스킷 탄약과 일부 특수 폭약 제작에 사용됩니다.	GiC:/items/MATERIALS/gic_blackpowder.item#/description
GLOSSARY_ABSENT	Blood	피 (legacy uses=9)	new	2127	Blood Loss - -33% Max HP.	실혈 - 최대 HP -33%.	GiC:/stats/effects/MEDICAL/BLEEDING/gic_bleeding/gic_bloodloss.statuseffect#/label
GLOSSARY_ABSENT	Blood	피 (legacy uses=9)	new	2128	Blood Mana [OCCULTIST TRAIT] - Holding no Spellbook Pages or Catalysts will instead recharge magic weapons with 32%/4s HP | Causes severe stress buildup when activated.	혈액 마나 [오컬티스트 특성] - 마법서 페이지나 촉매를 안 들면 대신 마법 무기가 4초당 32% HP로 재충전 | 활성화 시 심한 스트레스 축적.	GiC:/stats/effects/RACIAL/OCCULTIST/gic_trait_occultist_bloodmana/gic_trait_occultist_bloodmana_primer_inventorycheck.statuseffect#/label
GLOSSARY_ABSENT	Blood	피 (legacy uses=9)	new	2132	Blood splatters on the wall.	벽에 핏자국이 있습니다.	GiC:/objects/CORPSES/BLOOD/gic_smallbloodstain/gic_smallbloodstain.object#/avianDescription
GLOSSARY_ABSENT	Blood	피 (legacy uses=9)	new	2133	Blood splatters, huh?	핏자국이네요, 음?	GiC:/objects/CORPSES/BLOOD/gic_smallbloodstain/gic_smallbloodstain.object#/humanDescription
GLOSSARY_ABSENT	Blood	피 (legacy uses=9)	new	2134	Blood-Drought Battlefield	혈한 전장	GiC:/interface/warping/CRUSADE/gic_crusade_castlesiegelines.config#/destinations/0/name
GLOSSARY_ABSENT	Blood	피 (legacy uses=9)	new	2135	Blood-Hunter Spike	혈액사냥꾼 스파이크	GiC:/items/WEAPONS/MELEE/FIST/gic_bloodhunterspike.activeitem#/shortdescription
GLOSSARY_ABSENT	FLAMETHROWER	화염 방사기 (legacy uses=3)	new	2143	"Blowtorch used to unlock certain doors | Can attack in a pinch, reloading via flamethrower fuel.

^orange;Hold out and use INTERACT to unlock blowtorch-required doors | Does not require fuel for this function."	"특정 문을 여는 용접 토치입니다 | 급하면 공격 가능, 화염방사기 연료로 재장전.

^orange;내밀고 INTERACT를 써서 용접 필요 문을 엽니다 | 이 기능엔 연료 불필요."	GiC:/items/WEAPONS/UTILITY/gic_blowtorch/gic_blowtorch.activeitem#/description
GLOSSARY_ABSENT	Defense	방어력 (legacy uses=3)	new	2265	"Cheap & dependable. Can never go wrong with the iconic UZI whether you're a defense militaia, police tactical unit, rear echelon, bush commando, righteous rebel, slimy banger, or even a disrespected mall cop. Spitting 9mm at a steady 600 rounds per minute, its very easy to maintain fire discipline & keep on target with minimal training.

^green;Double-Tap [SHIFT] to switch to a comfortable two-handed grip.^reset;"	"싸고 믿음직합니다. 방위 민병대든, 경찰 전술팀이든, 후방 부대든, 수풀 특공대든, 의로운 반군이든, 찌질한 불량배든, 심지어 무시받는 몰 경비원이든 상징적인 UZI로 틀릴 일이 없습니다. 분당 600발로 9mm를 꾸준히 뿜어내 최소 훈련으로도 사격 규율을 유지하고 표적을 맞추기 쉽습니다.

^green;[SHIFT]를 두 번 눌러 편안한 두 손 그립으로 전환합니다.^reset;"	GiC:/items/WEAPONS/RANGED/SUB_MACHINEGUN/gic_uzi/gic_uzi_onehanded.activeitem#/description
GLOSSARY_ABSENT	Defense	방어력 (legacy uses=3)	new	2266	"Cheap & dependable. Can never go wrong with the iconic UZI whether you're a defense militia, police tactical unit, rear echelon, bush commando, righteous rebel, slimy banger, or even a disrespected mall cop. Spitting 9mm at a steady 600 rounds per minute, its very easy to maintain fire discipline & keep on target with minimal training.

^green;Hold down ""Alt Fire"" to switch between Full Auto and Semi-Auto.^reset;
^green;Double-Tap [SHIFT] to switch to a questionable one-handed stance.^reset;"	"싸고 믿음직합니다. 방위 민병대든, 경찰 전술팀이든, 후방 부대든, 수풀 특공대든, 의로운 반군이든, 찌질한 불량배든, 심지어 무시받는 몰 경비원이든 상징적인 UZI로 틀릴 일이 없습니다. 분당 600발로 9mm를 꾸준히 뿜어내 최소 훈련으로도 사격 규율을 유지하고 표적을 맞추기 쉽습니다.

^green;""보조 발사""를 길게 눌러 완전 자동과 반자동을 전환합니다.^reset;
^green;[SHIFT]를 두 번 눌러 의심스러운 한 손 자세로 전환합니다.^reset;"	GiC:/items/WEAPONS/RANGED/SUB_MACHINEGUN/gic_uzi/gic_uzi.activeitem#/description
GLOSSARY_ABSENT	Ready	준비 완료 (legacy uses=10)	new	2329	Come see me when you're ready to go. I still have some things to do before heading off.	갈 준비되면 오세요. 출발 전에 할 일이 좀 남았어요.	GiC:/cinematics/CHARACTERS/BADA/gic_bada_intro_card_meeting.cinematic#/panels/4/text
GLOSSARY_ABSENT	Tool	도구 (legacy uses=6)	new	2343	Compared to a sword, axes required both significantly less training to use and less craftsmanship skill to create. Axes are less reliant on a sharp edge to be effective and have just enough heft to still be dangerous even with an unsharpened blade. Sometimes they could have spike or hammer heads, giving them an extra level of versatility. However, war axes should not be confused with tool axes, which are far heavier. ^orange;Final strike uses the spike-head, GUARDBREAKS, and deals 1.5x DMG^reset; | ^#FFEEC6;Double Striker [SHIFT]: Perform two SHIELDBREAKING attacks | 15s cooldown.^reset;	검에 비해 도끼는 사용 훈련과 제작 숙련이 모두 훨씬 덜 필요했습니다. 도끼는 효과를 위해 날카로운 날에 덜 의존하고, 무디 날로도 위험할 만큼 충분한 무게가 있습니다. 때로 가시나 망치 머리가 달려 다용도성을 더하기도 했습니다. 다만 전쟁도끼는 훨씬 무거운 연장 도끼와 혼동해선 안 됩니다. ^orange;마지막 타격이 가시 머리로 방어 파괴와 1.5배 피해^reset; | ^#FFEEC6;더블 스트라이커 [SHIFT]: 방패 파괴 공격 두 번 수행 | 재사용 대기 15초.^reset;	GiC:/items/WEAPONS/MELEE/AXE/gic_infantrymans_waraxe/gic_infantrymans_waraxe.activeitem#/description
GLOSSARY_ABSENT	Type	유형 (legacy uses=5)	new	2353	"Confetti imbued with a divine blessing for driving away malicious spirits. The paper is ritualistically blessed by either a Shrine Maiden or Shrine-Knight. As the Gods bless these individuals, so too are the papers they bless.
Such practices have fell out of favor, as more aggressive spellcasting became more commonplace for driving away spirits.
^#F2B8EC;Adds psychic slashes to MELEE WEAPON ATTACKS, giving it additional PSYCHIC DMG and a minor range increase | Scales with melee weapon type | Lasts 60s.^white;"	"악한 영혼을 쫓는 신성한 축복이 깃든 색종이입니다. 종이는 무녀나 신전기사가 의식적으로 축복합니다. 신들이 그들을 축복하듯, 그들이 축복한 종이도 축복받습니다.
영혼 퇴치에 더 공격적인 주문 시전이 흔해지며 이런 관행은 인기를 잃었습니다.
^#F2B8EC;근접 무기 공격에 사이킥 베기를 추가해 추가 사이킥 피해와 약간의 사거리 증가 | 근접 무기 종류에 비례 | 60초간 지속.^white;"	GiC:/items/MEDICAL/gic_divineconfetti.consumable#/description
GLOSSARY_ABSENT	Defense	방어력 (legacy uses=3)	new	2465	Defense Diverter - +50% SHIELD DEF Effectiveness | -20% HP.	방어 전환기 - 방패 방어율 효과 +50% | HP -20%.	GiC:/stats/effects/gic_defensediverter/gic_defensediverter_old.statuseffect#/label
GLOSSARY_ABSENT	Defense	방어력 (legacy uses=3)	new	2466	Defense Diverter - Recharging...	방어 전환기 - 재충전 중...	GiC:/stats/effects/gic_defensediverter/gic_defensediverter_weakness.statuseffect#/label
GLOSSARY_ABSENT	Wet	젖음 (legacy uses=4)	new	2478	Despite the fact I hate being wet, a nice hot shower is always rewarding after a long day of work. The feeling of it on your sore muscles... oh my, I got a chill there.	젖는 건 싫어하지만, 긴 하루 일 후 뜨거운 샤워는 늘 보람됩니다. 아픈 근육에 닿는 느낌... 어머, 등골이 서늘해졌네요.	Black Armory:/radiomessages/black_sheilachatting.radiomessages#/black_chat104/text
GLOSSARY_ABSENT	Flashlight	손전등 (legacy uses=5)	new	2482	Dev Note: You've attached a flashlight to your gun! Please refresh the item by dropping it and then picking it back up for the light to be properly displayed. Blame Starbound for this bug.	개발 메모: 총에 플래시라이트를 달았습니다! 빛이 제대로 표시되게 아이템을 떨구고 다시 주워 갱신하세요. 이 버그는 스타바운드 탓입니다.	GiC:/radiomessages/ews.radiomessages#/ews_flashlightattachment/text
GLOSSARY_ABSENT	Back	뒤로 (legacy uses=3)	new	2482	Dev Note: You've attached a flashlight to your gun! Please refresh the item by dropping it and then picking it back up for the light to be properly displayed. Blame Starbound for this bug.	개발 메모: 총에 플래시라이트를 달았습니다! 빛이 제대로 표시되게 아이템을 떨구고 다시 주워 갱신하세요. 이 버그는 스타바운드 탓입니다.	GiC:/radiomessages/ews.radiomessages#/ews_flashlightattachment/text
GLOSSARY_ABSENT	Defense	방어력 (legacy uses=3)	new	2549	During the Edo period of Japan, the value of battlefield weapons diminished yet their value as a martial and self-defense weapon rose. It was accepted as a status symbol and self-defense weapon for women of nobility, giving it the impression of a ''woman's weapon''. ^orange;Final strike afflicts 6s RENDING (Bleeding deals +20 DMG/s | No effect if not bleeding) and counts as Anti-Cav | ^yellow;Parry [ALT-FIRE]: 0.5s PARRY WINDOW | 60HP STABILITY^white; | ^#FFEEC6;Ki Pulse Advance [SHIFT]: Activating within 2s of a perfect-parry or dodge proc restores 10HP | No cooldown.^reset;	일본 에도 시대, 전장 무기로서의 가치는 줄었지만 무술·자기방어 무기로서의 가치는 올랐습니다. 귀족 여성의 신분 상징과 호신 무기로 받아들여져 ''여성의 무기''라는 인상을 줬습니다. ^orange;마지막 타격이 6초간 찢김(출혈이 초당 +20 피해 | 출혈 중이 아니면 효과 없음) 부여 및 대기병으로 간주 | ^yellow;패링 [ALT-FIRE]: 0.5초 패링 창 | 안정성 60HP^white; | ^#FFEEC6;기 파동 전진 [SHIFT]: 완벽 패링이나 회피 발동 후 2초 안에 활성화하면 HP 10 회복 | 재사용 대기 없음.^reset;	GiC:/items/WEAPONS/MELEE/HALBERD/gic_shogunate_naginata/gic_shogunate_naginata.activeitem#/description
GLOSSARY_ABSENT	Defense	방어력 (legacy uses=3)	new	2550	Dyami-Core Defense Rifle 516	디야미-코어 방어 소총 516	GiC:/items/WEAPONS/RANGED/ASSAULT_RIFLE/gic_dcdr516/gic_dcdr516_tactical_npc.activeitem#/shortdescription
GLOSSARY_ABSENT	Defense	방어력 (legacy uses=3)	new	2553	Dynami-Core Defense Rifle 516 Hipfire	다이나미-코어 방어 소총 516 엉덩이 사격	GiC:/items/WEAPONS/RANGED/ASSAULT_RIFLE/gic_dcdr516/gic_dcdr516_hipfire.activeitem#/shortdescription
GLOSSARY_ABSENT	Explosives	폭발물 (legacy uses=3)	new	2585	"Enables the creation of a limited selection of contemporary ammunition.

^orange;Tech Line:^reset; Ballistics
^orange;Tech Unlocks:^reset; Explosives Workshop, Emplacements Workstation, Ammunition Workstation"	"제한된 선택의 현대 탄약 제작을 가능케 합니다.

^orange;기술 계열:^reset; 탄도
^orange;기술 해금:^reset; 폭약 공방, 설치물 작업대, 탄약 작업대"	GiC:/objects/CRAFTING/WORKBENCH/gic_improvisedmunitions_workstation/gic_improvisedmunitions_workstation.object#/description
GLOSSARY_ABSENT	Back	뒤로 (legacy uses=3)	new	2602	Environmental Protection Packs give you immunities to tons of different atmospheric hazards! With that thing on your back, now the only place you CAN'T go is a gas giant!	환경 보호 팩은 수많은 대기 위험에 대한 면역을 줍니다! 그걸 등에 지면, 이제 못 가는 곳은 가스 거성뿐입니다!	NonEKI:/radiomessages/tutorial.radiomessages.patch#/7/9/value/text
GLOSSARY_ABSENT	Explosives	폭발물 (legacy uses=3)	new	2628	"Explosives attached to a crossbow bolt, detonating after 5s. Very heavy and so has low range, but a surprisingly lethal package for what it is.
  
DMG: 50 x 40 SMALL-ARMS.

^#B4DB72;Overpressure Charge: Crit shrapnel deals double DMG."	"석궁 볼트에 부착된 폭약으로, 5초 후 기폭. 매우 무거워 사거리가 짧지만 그래치곤 놀랍도록 치명적인 묶음입니다.
  
피해: 50 x 40 소화기.

^#B4DB72;과압 장약: 치명타 파편이 2배 피해."	GiC:/items/AMMUNITION/BOLTS/gic_explosivebolt/gic_explosivebolt.item#/description
GLOSSARY_ABSENT	Explosives	폭발물 (legacy uses=3)	new	2629	"Explosives attached to an arrow, detonating after 5s. Very heavy and so has low range, but a surprisingly lethal package for what it is.
  
DMG: 50 x 40 SMALL-ARMS.

^#B4DB72;Overpressure Charge: Crit shrapnel deals double DMG."	"화살에 부착된 폭약으로, 5초 후 기폭. 매우 무거워 사거리가 짧지만 그래치곤 놀랍도록 치명적인 묶음입니다.
  
피해: 50 x 40 소화기.

^#B4DB72;과압 장약: 치명타 파편이 2배 피해."	GiC:/items/AMMUNITION/ARROWS/gic_explosivearrow/gic_explosivearrow.item#/description
GLOSSARY_ABSENT	Explosives	폭발물 (legacy uses=3)	new	2630	Explosives, very volatile.	폭약, 매우 불안정합니다.	Black Armory:/objects/sheilaworkshop/black_furniture/black_titansteelexplosivescrate/black_titansteelexplosivescrate.object#/hylotlDescription
GLOSSARY_ABSENT	laboratory	연구실 (legacy uses=5)	new	2684	Federal Laboratory	연방 연구소	GiC:/interface/warping/PROTECTED/gic_protectedcolony_factory.config#/destinations/0/name
GLOSSARY_ABSENT	Type	유형 (legacy uses=5)	new	2712	Fist weapons are extremely short-ranged melee options that rely on speed and their unique 'heal on parry' in-built abilities to sustain fighters. Wielding two will enable a basic combo system, but their abilities can be used even with only one type.	권갑 무기는 극도로 짧은 근접 선택지로, 속도와 고유한 '패링 시 치유' 내장 능력으로 전사를 유지합니다. 두 개를 들면 기본 콤보 시스템이 활성화되지만, 한 종류만으로도 능력을 쓸 수 있습니다.	GiC:/items/GUIDE_PIECES/CAT_3/gic_guide_fists.item#/description
GLOSSARY_ABSENT	FLAMETHROWER	화염 방사기 (legacy uses=3)	new	2721	Flamethrower Fuel	화염방사기 연료	GiC:/items/AMMUNITION/gic_flamethrower_fuel/gic_flamethrower_fuel.item#/shortdescription
GLOSSARY_ABSENT	Explosives	폭발물 (legacy uses=3)	new	2736	Floran doessn't need explosives.	플로란 폭약 필요 없어.	Black Armory:/objects/sheilaworkshop/black_furniture/black_titansteelexplosivescrate/black_titansteelexplosivescrate.object#/floranDescription
GLOSSARY_ABSENT	Name	이름 (legacy uses=7)	new	2798	Fumos are a line of high-quality plush character figures manufactured and sold by the Japanese company Gift. Fumos exist for multiple franchises, but most notably the Touhou Project. Touhou Fumos are designed by ANGELTYPE. Update: ANGELTYPE has changed their circle name to ROYALCAT since 2017.	후모는 일본 회사 기프트가 제조·판매하는 고품질 봉제 캐릭터 피겨 라인입니다. 여러 프랜차이즈의 후모가 있지만, 가장 유명한 건 동방 프로젝트입니다. 동방 후모는 ANGELTYPE이 디자인합니다. 업데이트: ANGELTYPE이 2017년부터 서클명을 ROYALCAT으로 바꿨습니다.	GiC:/items/FISH/gic_fish_special_cirnofumo.item#/description
GLOSSARY_ABSENT	Sure	그래 (legacy uses=3)	new	2818	GIC has a lot in mind for coop play but the jank of Starbound and its world-state triggers means that sometimes, the jank wins. To maintain stability make sure you are playing together in the same area and interact with the same objects for STORY QUESTS. This ensures both of you hit triggers without softlocking a player. I.e STORY quest requires player to grab item (if no duplicates present) to complete. Be sure to hand it over to your friends so they can complete it too!	GIC는 협동 플레이를 많이 염두에 두지만 스타바운드의 버그성과 세계 상태 트리거 때문에 가끔 버그성이 이깁니다. 안정성을 위해 스토리 퀘스트에서 같은 지역에서 함께 플레이하고 같은 오브젝트와 상호작용하세요. 둘 다 트리거를 맞춰 한 플레이어가 소프트락되지 않게 합니다. 즉 스토리 퀘스트가 아이템 획득을 요구하면(중복 없을 때), 친구에게 건네줘 그들도 완료하게 하세요!	GiC:/items/CHARACTER_STORIES/gic_coopparity_note.item#/description
GLOSSARY_ABSENT	Delete	삭제 (legacy uses=4)	new	2819	GIC's heavy reliance on permanent world states comes with the cost of new characters not being able to replay through most quests if the world state isn't reset beforehand. In order to reset, you will need to go to your /starbound/storage/universe/- folder and delete the file called 'universe.dat'. This will reset world states but also delete any bookmarks. It's this reason that it's intended to be done at the same time as starting a new character/run.	GIC가 영구적 세계 상태에 크게 의존하는 탓에, 세계 상태를 미리 리셋하지 않으면 새 캐릭터가 대부분 퀘스트를 다시 할 수 없는 비용이 따릅니다. 리셋하려면 /starbound/storage/universe/- 폴더로 가서 'universe.dat' 파일을 지우세요. 세계 상태가 리셋되지만 북마크도 지워집니다. 이 때문에 새 캐릭터/런 시작과 동시에 하도록 의도됐습니다.	GiC:/items/GUIDE_PIECES/CAT_5/gic_guide_resetprogress.item#/description
GLOSSARY_ABSENT	laboratory	연구실 (legacy uses=5)	new	2875	Good news; believe it or not, someone actually lives on this planet. There are ^orange;signals coming from some kind of nearby laboratory^reset;. I guess ^orange;we ought to go give it a look^reset;, unless you want to carry on with our interstellar camping trip.	좋은 소식; 믿거나 말거나 이 행성에 실제로 사는 사람이 있습니다. 근처 어떤 연구소에서 ^orange;신호가 나옵니다^reset;. ^orange;가서 살펴봐야 할 것 같습니다^reset;, 성간 캠핑 여행을 계속하고 싶지 않다면요.	NonEKI:/radiomessages/quests.radiomessages.patch#/0/3/value/text
GLOSSARY_ABSENT	Back	뒤로 (legacy uses=3)	new	2879	Got a new zone for you to wreak havoc on. Razed Planets. Got reports that their Tantos exhibit some magical properties that I'd like to replicate. I'll give it back after, I promise. If you could bring one from a Daimyo, that'd be appreciated.	유린할 새 지역을 준비했습니다. 초토화된 행성. 그들의 단도가 마법적 특성을 보인다는 보고가 있어서 복제하고 싶습니다. 나중에 돌려드리죠, 약속합니다. 다이묘에게서 하나 가져올 수 있다면 감사하겠습니다.	GiC:/quests/TYLIAN/DRAFT/gic_tylian_planetincentive_2_razed.questtemplate#/text
GLOSSARY_ABSENT	Type	유형 (legacy uses=5)	new	2884	Grains of an unknown type. Mainly used to cook pottages but may be used for other foods.	미지의 곡물입니다. 주로 수프 죽 요리에 쓰이지만 다른 음식에도 쓸 수 있습니다.	GiC:/items/FOODS/INGREDIENTS/gic_grain.item#/description
GLOSSARY_ABSENT	Defense	방어력 (legacy uses=3)	new	2914	Gun attachments and firearms for hunting, sport, and the self-defense of free citizens.	사냥, 스포츠, 자유 시민의 자기방어용 총 부속품과 화기입니다.	GiC:/objects/CRAFTING/LEGACY_CRAFTING/COLONY_ECONOMICS/CIVIL/gic_civilianfirearms_tradeterminal/gic_civilianfirearms_tradeterminal.object#/description
GLOSSARY_ABSENT	Type	유형 (legacy uses=5)	new	2950	Hammers are a weapon type typically in the form of maces that are denoted by their total inability to deal any other DMG other than blunt. They are simple anti-armor weapons that deal high blunt DMG.	망치는 보통 철퇴 형태의 무기 계열로, 타격 외 어떤 피해도 줄 수 없다는 점으로 구분됩니다. 높은 타격 피해를 주는 단순한 대장갑 무기입니다.	GiC:/items/GUIDE_PIECES/CAT_3/gic_guide_hammers.item#/description
GLOSSARY_ABSENT	Back	뒤로 (legacy uses=3)	new	2972	Have you ever fallen in love? I had a love interest back on Earth when I was a cadet. A pretty sweet human. I wish I had the courage to ask her out when I could... She'd still be alive then.	사랑에 빠져본 적 있으세요? 저는 지구에서 사관생도 시절 호감 가는 이가 있었어요. 참 다정한 인간이었죠. 용기 내서 고백할 수 있었다면... 그녀는 아직 살아 있을 텐데.	Black Armory:/radiomessages/black_sheilachatting.radiomessages#/black_chat107/text
GLOSSARY_ABSENT	Back	뒤로 (legacy uses=3)	new	2985	Heard of those Peacekeeper group that co-existed with the Protectorate back in the day? Heard Captain Noble is doing a mighty fine job keeping that alive. Good job for him.	옛날 보호단과 공존했던 피스키퍼 조직 들어봤어요? 노블 대위가 그걸 아주 잘 유지하고 있대요. 잘하는군요.	Black Armory:/radiomessages/black_sheilachatting.radiomessages#/black_chat101/text
GLOSSARY_ABSENT	Defense	방어력 (legacy uses=3)	new	2991	Heavy Point-Defense Systems present on the enemy vessel. Move fast and approach rapidly.	적 함선에 중형 근접방어 체계가 있습니다. 빠르게 움직이며 신속히 접근하세요.	GiC:/radiomessages/gic_generic.radiomessages#/gic_unitan_frigate_boarding1/text
GLOSSARY_ABSENT	Name	이름 (legacy uses=7)	new	3011	Hello, I've not seen you before. Your name?	안녕하세요, 처음 뵙는 분이네요. 성함이?	GiC:/cinematics/CHARACTERS/NITORI_KAWASHIRO/gic_bazaarbetwixtrealms_badanitori_weaponsmithingconverse.cinematic#/panels/4/text
GLOSSARY_ABSENT	Sure	그래 (legacy uses=3)	new	3018	Here, I'd like you to obtain some ''lost'' supplies from the department. It's the uniform of the law, and my gun. It's the best thanks I can give in this sorry state. Should we ever need your help, we'll contact your lass Aya and call through to you. Now go along then, I'm sure you have more important matters on-hand.	자, 부서에서 ''분실'' 보급품을 좀 가져오세요. 법의 제복과 제 총입니다. 이 궁핍한 처지에 드릴 최고의 감사예요. 도움이 필요하면 아야 양을 통해 연락하죠. 이제 가세요, 더 중요한 일이 있을 테니까요.	GiC:/cinematics/CHARACTERS/AYA_SHAMEIMARU/gic_wildlands_ayashameimaru_mission_7_1_imprisonmentending_b.cinematic#/panels/5/text
GLOSSARY_ABSENT	Sure	그래 (legacy uses=3)	new	3032	Hey, look, the Protectorate makes REALLY good swords, okay? I'd highly recommend taking it from that chest. I'm sure we can find someone to repair it.	이봐요, 보세요. 보호단은 진짜 좋은 검을 만들어요, 알죠? 저 상자에서 가져오길 강력 추천해요. 수리해줄 사람을 찾을 수 있을 거예요.	NonEKI:/radiomessages/nostosintro.radiomessages.patch#/12/value/text
GLOSSARY_ABSENT	FLAMETHROWER	화염 방사기 (legacy uses=3)	new	3053	High-pressure fuel tank system for use with the ROKS-2 Flamethrower.	ROKS-2 화염방사기용 고압 연료 탱크 체계입니다.	GiC:/items/AMMUNITION/gic_roks2_flamethrower_tank/gic_roks2_flamethrower_tank.item#/description
GLOSSARY_ABSENT	Type	유형 (legacy uses=5)	new	3062	"Hmm, I can see you've got a void ship. Here's what I can do. I'll have your ship fixed so you'll be able to get around traversing the galaxy. You'll be able to travel in-system and warp to other stars. You can think of this as a sort of down-payment.

There's usually spare rods around shockwave-type modules, so you won't need to do anything fancy if they still have some. If you can get me a Thorium Fuel Bundle, I will happily open my store to you.

And maybe if you ask nicely, I could upgrade your ship further. Come see me again when you have the fuel rods from an Afflicted Colony."	"흠, 공허 함선이 있군요. 제가 할 수 있는 걸 말씀드리죠. 은하를 누빌 수 있게 함선을 고쳐드리겠습니다. 체계 내 이동과 다른 항성으로의 워프가 가능해집니다. 일종의 선금으로 생각하세요.

충격파형 모듈 주변엔 보통 여분 연료봉이 있으니, 남아 있다면 복잡한 건 필요 없습니다. 토륨 연료 꾸러미를 가져오시면 기꺼이 상점을 열겠습니다.

잘 부탁하면 함선을 더 업그레이드해드릴지도요. 고통받는 식민지에서 연료봉을 구하면 다시 오세요."	GiC:/cinematics/CHARACTERS/NITORI_KAWASHIRO/gic_nitorikawashiro_intro_card_meeting.cinematic#/panels/5/text
GLOSSARY_ABSENT	Back	뒤로 (legacy uses=3)	new	3093	Huh... same. So it wasn't just parts of Youkai Mountain that were absorbed. I was thrown into a forest near a city, homeless and already battered. I was lucky that an old co-worker was nearby where I was. Helped pick me back up to make a living for myself. I don't know how it would've been had it been anyone else...	허... 저도요. 요괴의 산 일부만 흡수된 게 아니었네요. 전 도시 근처 숲에 던져져 노숙하며 이미 상처 입었어요. 옛 동료가 근처에 있어 다행이었죠. 살아갈 수 있게 일으켜줬어요. 다른 누구였으면 어땠을지 모르겠어요...	GiC:/cinematics/CHARACTERS/AYA_SHAMEIMARU/gic_bazaarbetwixtrealms_ayashameimaru_meetingconverse.cinematic#/panels/21/text
GLOSSARY_ABSENT	Back	뒤로 (legacy uses=3)	new	3115	I am giving this to you because I trust you completely. Thank you for being a friend and having my back. I hope the content in this drive proves worth.	당신을 완전히 신뢰하기에 이걸 드립니다. 친구가 되어주고 제 등을 봐줘서 고마워요. 이 드라이브의 내용이 가치 있길 바랍니다.	Black Armory:/radiomessages/black_sheilaworkshop.radiomessages#/black_essentialblueprintdrive/text
GLOSSARY_ABSENT	Name	이름 (legacy uses=7)	new	3134	"I caught wind of something that might help with a good story if anything.

A man by the name of Bradley Goldman has been missing for a few weeks now. I've been doing a little private investigation into his property on this street here. He owns a gas station just across the road and used to run a private sector on the dockyard. He's a pretty up-there guy, but apparently nobody's covered his lengthy absence, as if it were merely an extended holiday."	"좋은 기사감이 될 만한 소문을 들었습니다.

브래들리 골드먼이라는 남자가 몇 주째 실종됐습니다. 이 거리의 그의 재산을 개인적으로 조사 중이었어요. 건너편에 주유소를 소유하고 부두에서 개인 구역을 운영했었죠. 꽤 높으신 분인데, 장기 부재를 마치 긴 휴가인 양 아무도 다루지 않았습니다."	GiC:/cinematics/CHARACTERS/AYA_SHAMEIMARU/gic_wildlands_ayashameimaru_mission_12_1_bradleyproperty.cinematic#/panels/3/text
GLOSSARY_ABSENT	Ready	준비 완료 (legacy uses=10)	new	3150	I gather that you're planning to participate in a ceremonial hunt. Whenever you're ready, ^green;use the ship terminal^reset; to teleport to ^orange;the Ceremonial Hunting Caverns^reset; and we'll see what you're made of.	의례 사냥에 참가할 생각이군요. 준비되면 ^green;함선 단말기를 사용해^reset; ^orange;의례 사냥 동굴^reset;로 순간이동하세요. 실력을 봅시다.	NonEKI:/quests/story/floran_mission2.questtemplate.patch#/1/value/text
GLOSSARY_ABSENT	Back	뒤로 (legacy uses=3)	new	3169	I have too! It's so much nicer here than back at home. How many years has it been since the evacuation?	저도요! 집보다 여기가 훨씬 좋아요. 대피 후 몇 년이 지났죠?	GiC:/cinematics/CHARACTERS/AYA_SHAMEIMARU/gic_bazaarbetwixtrealms_ayashameimaru_meetingconverse.cinematic#/panels/8/text
GLOSSARY_ABSENT	FLAMETHROWER	화염 방사기 (legacy uses=3)	new	3210	I think the Pyro's Delight has to be the best weapon I have created. A flamethrower with an underbarelled shotgun... what more could you want?	파이로의 기쁨이 제가 만든 최고의 무기인 것 같아요. 총열 하부 산탄총이 달린 화염방사기... 더 뭘 바라겠어요?	Black Armory:/radiomessages/black_sheilachatting.radiomessages#/black_chat124/text
GLOSSARY_ABSENT	Back	뒤로 (legacy uses=3)	new	3211	I think they've just got a death wish, missus. We've given them a good ol' beating plenty of times and sent them running, but... it's true that they always keep coming back. I've heard stories from the elders that crime like this was almost gone where they came from.	죽고 싶은 소원이 있는 것 같아요, 사모님. 우리가 여러 번 제대로 때려서 도망치게 했지만... 계속 돌아오는 건 사실이에요. 장로들 얘기로는 그들이 온 곳에선 이런 범죄가 거의 없었다고 해요.	GiC:/cinematics/CHARACTERS/BADA/gic_garden_caravan_mission_1_1_ForestPath_travel.cinematic#/panels/14/text
GLOSSARY_ABSENT	Back	뒤로 (legacy uses=3)	new	3213	I understand miss, people said I was stupid back at home. I had only the tools for farming. The village elders spoke of the machines but there was nothing of that to magically make this. What I made is what I did with my own hands and mind.	알겠어요 아가씨, 고향에서 바보라 했어요. 전 농사 도구뿐이었죠. 마을 장로들이 기계를 말했지만 이걸 마법처럼 만들 건 없었어요. 제가 만든 건 제 손과 머리로 한 거예요.	GiC:/cinematics/CHARACTERS/NITORI_KAWASHIRO/gic_bazaarbetwixtrealms_badanitori_weaponsmithingconverse.cinematic#/panels/9/text
GLOSSARY_ABSENT	Back	뒤로 (legacy uses=3)	new	3222	I will be waiting here. There should be an abandoned way station just over there. If you could just check if it's clear and then come back, we should be all good to go. Also, the missus has gone away somewhere. I think she might just be scouting but maybe keep an eye out for her along the way.	여기서 기다릴게요. 저기 버려진 중계소가 있을 거예요. 안전한지 확인하고 돌아와 주시면 바로 갈 수 있어요. 그리고 아내가 어딘가 갔어요. 정찰 중인 것 같지만 오가며 살펴주세요.	GiC:/radiomessages/gic_missions.radiomessages#/gic_garden_caravan_mission_1_1_ForestPath_1/text
GLOSSARY_ABSENT	Back	뒤로 (legacy uses=3)	new	3223	"I will protect all of you! I have done wrong to all of you! I have given you the indignity of facing my terror! I have done so much to pain your children, and for that... I am sorry!

But I can help protect you. I am as much a woman as I am a fighter. I can help you all if you would give me this chance to make amends.

I know this swamp just as much as you all do. We can beat them back if we hold them off at strategic points. They will not expect us to fight."	"모두를 지킬 거예요! 모두에게 잘못했어요! 제 공포에 직면하는 굴욕을 줬어요! 당신들의 아이들을 너무 아프게 했고, 그래서... 죄송해요!

하지만 지키는 걸 도울 수 있어요. 전 여성인 만큼 전사이기도 해요. 속죄할 기회를 주시면 모두를 도울 수 있어요.

이 늪을 당신들만큼 잘 알아요. 전략 요지에서 막으면 밀어낼 수 있어요. 그들은 우리가 싸울 줄 예상 못 할 거예요."	GiC:/cinematics/CHARACTERS/KOGASA_TATARA/gic_garden_marshlandvillage_discontentmob.cinematic#/panels/11/text
GLOSSARY_ABSENT	Back	뒤로 (legacy uses=3)	new	3225	I won't be returning to the Smuggler's Fort, that place where I first picked you up. I know you'll just find another way back there, or off this damned rock. These people... They'll get most of what I have. They won't make it far without a stockpile. For you, I'll hand off a few things. I understand that nobody wants anything for nothing, so I'll give you your deserved reward for working under me a little while.	밀수꾼의 요새로 돌아가지 않을 거예요, 처음 당신을 태운 그곳으로요. 당신이 다른 방법으로 거기나 이 망할 바위를 벗어날 걸 알아요. 이 사람들은... 제가 가진 걸 대부분 가질 거예요. 비축 없이 멀리 못 갈 테니까요. 당신에겐 몇 가지 넘겨드리죠. 공짜를 원하는 사람이 없음을 알기에, 제 밑에서 잠시 일한 정당한 보상을 드립니다.	GiC:/cinematics/CHARACTERS/THOMAS_VANE/gic_crusade_thomasvane_thesendoff.cinematic#/panels/2/text
GLOSSARY_ABSENT	Back	뒤로 (legacy uses=3)	new	3239	"I'll m-make it up to them! I'll apologize, I'll stop what I've been doing! J-just... Please, I don't want to die!

Tell them to stop, and I'll come with you cleanly back to the village... I'll make it right!"	"보-보상할게요! 사과하고, 하던 짓도 멈출게요! 그-그냥... 제발, 죽기 싫어요!

멈추라고 하면 마을까지 얌전히 따라갈게요... 바로잡을게요!"	GiC:/cinematics/CHARACTERS/KOGASA_TATARA/gic_garden_marshlandvillage_mogamitrail_initialmeeting.cinematic#/panels/5/text
GLOSSARY_ABSENT	Back	뒤로 (legacy uses=3)	new	3248	I'm going home back to New Rijika once I've made enough money. I will be in Akeman Port until then. Here, have this. Wymond gave this to me, and he told me to give the other one to you.	돈을 충분히 벌면 뉴 리지카의 집으로 돌아갈 거예요. 그때까지 에이크만 항구에 있을게요. 자, 이걸 가져요. 와이몬드가 줬는데 다른 하나를 당신에게 주래요.	GiC:/cinematics/CHARACTERS/BADA/gic_garden_bada_survivalistraid_aftermathtalk.cinematic#/panels/5/text
GLOSSARY_ABSENT	Sure	그래 (legacy uses=3)	new	3253	I'm not sure how this door remains in flames.	이 문이 어떻게 계속 불타는지 모르겠네요.	Extended Story:/objects/eternalfire/fireydoor/fireydoor.object#/humanDescription
GLOSSARY_ABSENT	Ready	준비 완료 (legacy uses=10)	new	3258	"I'm thinking that maybe there's something there that could be useful. The owner could've been murdered while he was away and nobody would know of any happenings in this quiet city. There could be something going on in the store!... or you know, there's nothing there and it's just drug addicts and homeless people. You never know.

I'll take you there when you're ready."	"어쩌면 쓸 만한 게 있을지도 생각해요. 주인이 외출 중 살해됐을 수도 있고 이 조용한 도시에선 아무도 모를 수 있어요. 상점에서 무슨 일이 있을 수도 있고요!... 아니면, 아무것도 없고 그냥 약쟁이와 노숙자뿐일 수도 있죠. 모르는 거예요.

준비되면 데려가 드릴게요."	GiC:/cinematics/CHARACTERS/AYA_SHAMEIMARU/gic_wildlands_ayashameimaru_mission_12_1_bradleyproperty.cinematic#/panels/4/text
GLOSSARY_ABSENT	Back	뒤로 (legacy uses=3)	new	3283	If you end up with a spare downloaded tech card you don't need, you can put it in a ^orange;Refinery^reset; to get the blank tech card back.	필요 없는 여분 다운로드 기술 카드가 생기면 ^orange;정제소^reset;에 넣어 빈 기술 카드를 되찾을 수 있습니다.	NonEKI:/radiomessages/sb_tutorial.radiomessages.patch#/3/1/value/text
GLOSSARY_ABSENT	Type	유형 (legacy uses=5)	new	3359	Interested. A turbine that accepts an unidentified type of fuel. There could be something in here.	흥미. 미확인 종류 연료를 받는 터빈이네요. 안에 뭐가 있을 수 있어요.	GiC:/objects/CIVILIAN/gic_lootable_wreckturbines/gic_lootable_wreckturbine.object#/glitchDescription
GLOSSARY_ABSENT	Instructions	연구를 선택하세요 (legacy uses=8)	new	3398	It should be worth nothing that an Ancient Sphere has been forcibly equipped on your person. Please don't panic and follow the instructions.	고대 구체가 강제로 장착됐음을 유의하세요. 당황하지 말고 지시를 따르세요.	Extended Story:/radiomessages/extendedstory.radiomessages#/ancientsphere01/text
GLOSSARY_ABSENT	Exact	완전 일치 (legacy uses=5)	new	3423	It's like that previous trap, but the exact opposite.	이전 함정과 같지만 정반대예요.	Extended Story:/objects/relicdungeon/health/healthgivertrap_es/healthgivertrap_es.object#/humanDescription
GLOSSARY_ABSENT	Back	뒤로 (legacy uses=3)	new	3436	Jeering. Oh, back so soon?	야유. 오, 벌써 돌아왔나?	GiC:/radiomessages/gic_generic.radiomessages#/gic_crusade_cavesystem_capturedjeer2/text
GLOSSARY_ABSENT	Sure	그래 (legacy uses=3)	new	3516	"Launches syrettes containing drugs or poisons. All shots are indiscriminate, allowing the user to heal allies and harm enemies at range. There's no way to check what's in the gun once loaded, so be sure to remember what you put in there.

^orange;Uses MOST [GiC] medical substances as ammunition, such as Morphine, Fentanyl, Cyanide, Paralyzant, etc."	"약물이나 독을 담은 주사탄을 발사합니다. 모든 탄이 무차별해 사용자가 원거리에서 아군 치유와 적 피해가 가능합니다. 장전 후 총 안 내용을 확인할 방법이 없으니 뭘 넣었는지 기억하세요.

^orange;모르핀, 펜타닐, 청산염, 마비제 등 대부분의 [GiC] 의료 물질을 탄약으로 사용."	GiC:/items/WEAPONS/UTILITY/gic_syringerifle/gic_syringerifle.activeitem#/description
GLOSSARY_ABSENT	Back	뒤로 (legacy uses=3)	new	3570	Looks like the ones back on Earth.	지구의 것들처럼 보여요.	Black Armory:/objects/sheilaworkshop/black_furniture/black_titansteelwindturbine/black_titansteelwindturbine.object#/humanDescription
GLOSSARY_ABSENT	Sure	그래 (legacy uses=3)	new	3665	Make sure you bring a flashlight if you dare venture the darkness that are Midnight Planets. The lack of sunlight makes it a very cold place to visit.	자정 행성의 어둠을 감히 탐험한다면 손전등을 챙기세요. 햇빛 부족으로 방문하기 매우 추운 곳입니다.	Black Armory:/radiomessages/black_sheilachatting.radiomessages#/black_chat046/text
GLOSSARY_ABSENT	CREW	승무원 (legacy uses=5)	new	3706	"Massive shield uncommonly used by the Free Company. The need for these shields are often relegated to non-ranger medical crew, who can form protective barriers around an injured ally and safely bring them back to camp when facing Brigands. In the worst cases, a testudo can be formed to create a makeshift operating room for a physician.

^#CCD8B6;100HP STABILITY | 0.35s Lower-Raise Delay | 100% DEF.^white;"	"자유용병단이 드물게 쓰는 거대 방패. 이런 방패의 필요는 비레인저 의료진에게 돌아가는 경우가 많아, 도적과 맞서 다친 아군 주변에 보호 장벽을 만들어 안전하게 진지로 데려올 수 있습니다. 최악의 경우 테스투도를 구성해 의사용 즉석 수술실을 만듭니다.

^#CCD8B6;안정성 100HP | 0.35초 내림-올림 지연 | 방어율 100%.^white;"	GiC:/items/SHIELDS/GREAT_SHIELDS/gic_freecompany_greatshield/gic_freecompany_greatshield.activeitem#/description
GLOSSARY_ABSENT	Back	뒤로 (legacy uses=3)	new	3706	"Massive shield uncommonly used by the Free Company. The need for these shields are often relegated to non-ranger medical crew, who can form protective barriers around an injured ally and safely bring them back to camp when facing Brigands. In the worst cases, a testudo can be formed to create a makeshift operating room for a physician.

^#CCD8B6;100HP STABILITY | 0.35s Lower-Raise Delay | 100% DEF.^white;"	"자유용병단이 드물게 쓰는 거대 방패. 이런 방패의 필요는 비레인저 의료진에게 돌아가는 경우가 많아, 도적과 맞서 다친 아군 주변에 보호 장벽을 만들어 안전하게 진지로 데려올 수 있습니다. 최악의 경우 테스투도를 구성해 의사용 즉석 수술실을 만듭니다.

^#CCD8B6;안정성 100HP | 0.35초 내림-올림 지연 | 방어율 100%.^white;"	GiC:/items/SHIELDS/GREAT_SHIELDS/gic_freecompany_greatshield/gic_freecompany_greatshield.activeitem#/description
GLOSSARY_ABSENT	Defense	방어력 (legacy uses=3)	new	3718	Medal of Valor - Every 5s when in combat, refresh-buffs nearby PLAYERS with a defense-buff that protects them from the next bullet hit and grants 4HP/s and 2MP/s for 7s.	용기의 훈장 - 전투 중 5초마다, 주변 플레이어에게 다음 탄 피격 보호와 7초간 초당 4HP·2MP 회복의 방어 버프 갱신.	GiC:/stats/gic_smartmissile_mk2/gic_medalofvalor_turret.statuseffect#/label
GLOSSARY_ABSENT	Back	뒤로 (legacy uses=3)	new	3790	Mole Clan Signet - ^orange;Parrying bullets sends it back towards the nearest enemy | Can only occur once every 2s.^reset;	두더지 일족 인장 - ^orange;탄 패링 시 가장 가까운 적에게 되돌림 | 2초마다 한 번만 발동.^reset;	GiC:/stats/effects/gic_moleclansignet/gic_moleclansignet_primer.statuseffect#/label
GLOSSARY_ABSENT	Back	뒤로 (legacy uses=3)	new	3871	No! They're- No, no! I can't- No! No! Everyone! Fall back!	안 돼! 그들은- 안 돼, 안 돼! 난 못- 안 돼! 안 돼! 모두! 후퇴!	GiC:/radiomessages/gic_missions.radiomessages#/gic_garden_marshlandvillage_battleofholbeckcreek_gameover/text
GLOSSARY_ABSENT	Sure	그래 (legacy uses=3)	new	3880	Not sure what this means but alrighty.	무슨 뜻인지 모르겠지만 좋아요.	GiC:/objects/UNITED_SYSTEMS/gic_unitedcitizensmilitia_poster/gic_unitedcitizensmilitia_poster.object#/novakidDescription
GLOSSARY_ABSENT	Sure	그래 (legacy uses=3)	new	3886	"Now, for your reward. I know this isn't the usual standards for police recruitment, but I'd like to ''lose'' these supplies. It's the uniform of the law, and my gun. It's the best thanks I can give in this sorry state. I've given your lass Aya the contact for the city's department if we ever need any more of your help.

Now go along then, I'm sure you have more important matters on-hand."	"이제 보상입니다. 경찰 채용의 보통 기준은 아니지만, 이 보급품들을 ''분실''하고 싶어요. 법의 제복과 제 총입니다. 이 궁핍한 처지에 드릴 최고의 감사예요. 도움이 더 필요하면 아야 양에게 시 부서 연락처를 줬어요.

이제 가세요, 더 중요한 일이 있을 테니까요."	GiC:/cinematics/CHARACTERS/AYA_SHAMEIMARU/gic_wildlands_ayashameimaru_mission_7_1_justiceending_b.cinematic#/panels/15/text
GLOSSARY_ABSENT	Buy	구매 (legacy uses=22)	new	3930	"Oh! Dearie! Dearie, would you mind doing a favor? It shouldn't be too much of a bother for you. I've been looking forward for a long time in getting this place renovated. It's alright, dearie, I already have Nitori to help me with the walls.

If you wouldn't mind, could you please buy some furniture?"	"오! 아가씨! 아가씨, 부탁 하나 들어줄래요? 별로 번거롭지 않을 거예요. 이곳을 개조한 지 오래 기다려왔어요. 괜찮아요 아가씨, 벽은 이미 니토리가 도와주고 있어요.

괜찮다면, 가구를 좀 사다줄래요?"	GiC:/cinematics/CHARACTERS/MYSTIA_LORELEI/gic_mystialorelei_restaurantimprovementstart.cinematic#/panels/2/text
GLOSSARY_ABSENT	Back	뒤로 (legacy uses=3)	new	3935	Oh, back then are we? Alright, what've you got?	오, 그때로 돌아가자는 건가요? 좋아요, 뭐 가져오셨어요?	GiC:/cinematics/CHARACTERS/TYLIAN_FERNSBY/gic_tylianfernsby_planetincentive_razedcomplete.cinematic#/panels/2/text
GLOSSARY_ABSENT	Back	뒤로 (legacy uses=3)	new	3936	"Oh, back then are we? Alright, what've you got?

[You discuss everything with Tylian, giving him a full rundown of what you sighted. The line warfare, the feudal Japanese and the invention-obsessed Europeans. The undead curse and the zombies too.]"	"오, 그때로 돌아가자는 건가요? 좋아요, 뭐 가져오셨어요?

[당신은 틸리안과 모든 것을 논의해 목격한 것을 전부 보고한다. 전열전, 봉건 일본인과 발명에 집착한 유럽인들. 언데드 저주와 좀비까지.]"	GiC:/cinematics/CHARACTERS/TYLIAN_FERNSBY/gic_tylianfernsby_planetincentive_eskhatoscomplete.cinematic#/panels/2/text
GLOSSARY_ABSENT	Wet	젖음 (legacy uses=4)	new	3942	Oh, good, water. This'll cool you off! Now you're sopping wet, though.	오, 좋아요, 물. 이게 식혀줄 거예요! 이제 흠뻑 젖었네요.	NonEKI:/radiomessages/exploration.radiomessages.patch#/7/24/value/text
GLOSSARY_ABSENT	Back	뒤로 (legacy uses=3)	new	3943	Oh, h-hey, it's you. Thank you for saving me back in there, in that... house. You know, I've seen my share of violence. My crossbow has saved me many times against the brigands back at home, and it did it again to the brigand fort. But here? I don't understand what kind of people we were fighting. It wasn't normal.	오, 안-안녕하세요, 당신이네요. 거기서, 그... 집에서 구해줘서 고마워요. 폭력은 나름 겪어봤어요. 제 석궁이 고향 도적들 상대로 여러 번 살렸고, 도적 요새에서도 또 해냈어요. 근데 여기는? 우리가 싸운 게 어떤 사람들인지 모르겠어요. 정상이 아니었어요.	GiC:/cinematics/CHARACTERS/BADA/gic_garden_bada_survivalistraid_aftermathtalk.cinematic#/panels/2/text
GLOSSARY_ABSENT	Items	아이템 (legacy uses=6)	new	3944	"Oh, hello there again. I've found myself a new purpose here... Tylian said I could create things for people. That I would not go hungry here, thanks to the residual energy of this place... Perhaps it is worth the life after all.

If you find a Remnant, bring it to me so that I may create something from them. Remnants are the fading... representations, you could say, of humanity itself.

The nature of one's remnant greatly influences the very nature of an object. The items that I may create will oft be tricky to use, but everything is beheld with value, no matter how small that may be. My technique, unrivalled by any human soulsmith, absolutely requires it, and I trust that you will understand."	"오, 다시 안녕하세요. 여기서 새 목적을 찾았어요... 틸리안이 사람들을 위해 물건을 만들 수 있다 했어요. 이곳의 잔여 에너지 덕에 여기선 굶지 않을 거고요... 어쩌면 삶의 가치가 있을지도요.

잔재를 찾으면 제게 가져와요, 그것들로 뭔가 만들 수 있게. 잔재는 희미해지는... 표상이라 할 수 있죠, 인류 자체의요.

잔재의 본성이 물건의 본성에 크게 영향합니다. 제가 만들 물건은 종종 쓰기 까다롭지만, 아무리 작아도 모든 게 가치로 보입니다. 어떤 인간 영혼장인도 능가할 수 없는 제 기법이 절대적으로 필요로 하니, 이해하실 거라 믿어요."	GiC:/cinematics/CHARACTERS/KOGASA_TATARA/gic_wildlands_kogasatatara_5_bazaar_introduction.cinematic#/panels/2/text
GLOSSARY_ABSENT	Buy	구매 (legacy uses=22)	new	3945	Oh, hey! You're here too huh? Look, we should be able to meet up ahead at the house! I need to regroup with my own group but I'll see you there! You live through this and I'll buy you a hundred drinks!	오, 이봐요! 당신도 왔네요? 앞의 집에서 만날 수 있을 거예요! 제 그룹과 합류해야 하지만 거기서 봐요! 살아남으면 술 백 잔을 살게요!	GiC:/radiomessages/gic_missions.radiomessages#/gic_garden_wymond_mission_bada_farmhouse_1/text
GLOSSARY_ABSENT	Back	뒤로 (legacy uses=3)	new	3949	Oh, of course. No, I don't know where Bradley Goldman would be. I'm just a worker who got kicked out of the business, something involving a big argument between Bradley and another man... Blake- something. This was weeks back, but after that we're told we're out of a job and the place is getting shut down. Didn't tell us why, but a few days later the place gets marked off as quarantined because of bloodwasps.	오, 물론이죠. 아뇨, 브래들리 골드먼이 어디 있는진 몰라요. 전 쫓겨난 노동자일 뿐이에요, 브래들리와 다른 남자... 블레이크- 뭐시기와 큰 싸움 때문이었죠. 몇 주 전이었고, 그 후 일자리를 잃었고 폐쇄된다 들었어요. 왜인진 안 알려줬지만, 며칠 후 블러드와스프로 격리 표시됐어요.	GiC:/cinematics/CHARACTERS/AYA_SHAMEIMARU/gic_wildlands_ayashameimaru_mission_3_dockworker_1.cinematic#/panels/4/text
GLOSSARY_ABSENT	Defense	방어력 (legacy uses=3)	new	3972	"Old 1930's era interwar aircraft defense MG used by the German Luftwaffe. By the early 40's it was considered obsolete in its role in the skies, so it was repurposed into an infantry machinegun. The Third Reich was always in need of more weapons for its infantry so they took what they could get.

Loads 7.92x57mm double sided MG-15 drums.

^orange;Gun gains Weapon Proficiency when maintaining sustained fire."	"독일 공군이 쓴 구형 1930년대 전간기 항공 방어 기관총. 40년대 초엔 공중 역할에서 구식으로 여겨져 보병 기관총으로 전용됐습니다. 제3제국은 보병용 무기가 늘 필요해 얻을 수 있는 건 다 가져갔습니다.

7.92x57mm 양면식 MG-15 드럼 장전.

^orange;지속 사격 유지 시 무기 숙련도 상승."	GiC:/items/WEAPONS/RANGED/LIGHT_MACHINEGUN/gic_mg15/gic_mg15.activeitem#/description
GLOSSARY_ABSENT	Ready	준비 완료 (legacy uses=10)	new	3975	"On June 4th 1974, over two-hundred fans surged onto Cleveland Stadium armed with knives, chains, and clubs fashioned from the stadium they had torn apart, surrounding the Rangers who had mistakenly attacked a fan during a pitch invasion. Indians Manager Ken Aspromonte realized that the Rangers' lives were in danger and ordered his team to grab bats, fighting through their own fans to protect their rival team.
^#FFEEC6;Batter Up [SHIFT]: Ready a heavy upper attack, afflicting STUN on an enemy for 5s | 30s Cooldown."	"1974년 6월 4일, 200명 넘는 팬이 칼, 사슬, 찢어진 경기장으로 만든 곤봉을 들고 클리블랜드 경기장으로 몰려와, 난입 중 실수로 팬을 공격한 레인저스를 포위했습니다. 인디언스 감독 켄 아스프로몬테는 레인저스의 목숨이 위험함을 알고 팀에 방망이를 들게 해, 자기 팬들을 뚫고 라이벌 팀을 지켰습니다.
^#FFEEC6;타자 출격 [SHIFT]: 강력한 올려치기 준비, 적에게 5초 기절 부여 | 재사용 대기 30초."	GiC:/items/WEAPONS/MELEE/HAMMER/gic_baseball_bat/gic_baseball_bat_npc.activeitem#/description
GLOSSARY_ABSENT	Ready	준비 완료 (legacy uses=10)	new	3976	"On June 4th 1974, over two-hundred fans surged onto Cleveland Stadium armed with knives, chains, and clubs fashioned from the stadium they had torn apart, surrounding the Rangers who had mistakenly attacked a fan during a pitch invasion. Indians Manager Ken Aspromonte realized that the Rangers' lives were in danger and ordered his team to grab bats, fighting through their own fans to protect their rival team.
^#FFEEC6;Batter Up [SHIFT]: Ready a swing, sending out a ball | 30s Cooldown."	"1974년 6월 4일, 200명 넘는 팬이 칼, 사슬, 찢어진 경기장으로 만든 곤봉을 들고 클리블랜드 경기장으로 몰려와, 난입 중 실수로 팬을 공격한 레인저스를 포위했습니다. 인디언스 감독 켄 아스프로몬테는 레인저스의 목숨이 위험함을 알고 팀에 방망이를 들게 해, 자기 팬들을 뚫고 라이벌 팀을 지켰습니다.
^#FFEEC6;타자 출격 [SHIFT]: 스윙 준비, 공 발사 | 재사용 대기 30초."	GiC:/items/WEAPONS/MELEE/HAMMER/gic_baseball_bat/gic_baseball_bat.activeitem#/description
GLOSSARY_ABSENT	Back	뒤로 (legacy uses=3)	new	3977	Once we capture the facility, we will still need to capture their village to both prevent them from counter-attacking and securing their electrical generation. Solar banks and water wheels aren't gonna cut it for a radio tower. We also know that they must be using some sort of underground tunnel to be making runs back to their base. Scouts report that the Survivalists do not seem to leave the base, but they're still cycling people in and out.	시설을 점령해도, 반격 방지와 발전 확보를 위해 그들 마을도 점령해야 합니다. 태양광 뱅크와 수차는 라디오 탑에 부족해요. 또한 기지로 왕복하는 지하 터널을 쓰는 걸 알아요. 정찰병 보고에 따르면 생존주의자는 기지를 안 떠나는 것 같지만 사람을 순환시키고 있어요.	GiC:/cinematics/CHARACTERS/WYMOND/gic_garden_wymond_2_survivalistraid_1.cinematic#/panels/11/text
GLOSSARY_ABSENT	Back	뒤로 (legacy uses=3)	new	3983	One of the shuttles that was supposed to make it to Londinium was forced into warp from the Abyss. We were spat out here, a shrine embedded within a rock. Nitori, Tylian, and some of his men reopened a link back to reality, but it was difficult getting the place built up from nothing. We had nary a coin to spare.	런디니엄으로 가야 했던 왕복선 중 하나가 심연에서 강제 워프됐습니다. 바위에 박힌 신사로 뱉어졌죠. 니토리, 틸리안과 그의 부하 몇이 현실로 가는 연결을 다시 열었지만, 무에서 이곳을 세우기 어려웠어요. 여분 동전도 거의 없었어요.	GiC:/cinematics/CHARACTERS/AYA_SHAMEIMARU/gic_bazaarbetwixtrealms_ayashameimaru_meetingconverse.cinematic#/panels/18/text
GLOSSARY_ABSENT	Sure	그래 (legacy uses=3)	new	3989	Ooh, a bow? You, my friend, are on your way to some fresh meat! Make sure to time your shots right!	오, 활이에요? 친구, 신선한 고기를 향해 가는군요! 발사 타이밍을 잘 맞추세요!	NonEKI:/radiomessages/tutorial.radiomessages.patch#/5/7/value/text
GLOSSARY_ABSENT	Metal	금속 (legacy uses=3)	new	4045	Pattern-83 Grootsak - ^#CCD8B6;Reloading an Assault Rifle, Battle Rifle, or Light Machinegun recovers 1x Scrap Metal | +0.5HP/s.^reset;	패턴-83 흐루트삭 - ^#CCD8B6;돌격소총, 전투소총, 경기관총 재장전 시 고철 1개 회수 | 초당 HP +0.5.^reset;	GiC:/stats/effects/gic_armor_grootsak/gic_armor_grootsak_primer.statuseffect#/label
GLOSSARY_ABSENT	Frozen	빙결 (legacy uses=3)	new	4054	Permafrost, a collection of random substances frozen for more than 2 years.	영구동토, 2년 넘게 언 무작위 물질의 모음.	GiC:/materials/gic_permafrost.matitem#/humanDescription
GLOSSARY_ABSENT	Back	뒤로 (legacy uses=3)	new	4065	Pioneer [BACK] - Building on cooldown...	개척자 [등] - 건설 재사용 대기 중...	GiC:/stats/STRUCTURE_CONSTRUCTION/PLAYER/gic_armor_republicpioneer_back_weakness.statuseffect#/label
GLOSSARY_ABSENT	Defense	방어력 (legacy uses=3)	new	4068	Pioneer [Exterior Defense] - Creates a random structure after 3s when entering combat (denoted by build icon above player).	개척자 [외부 방어] - 전투 진입 3초 후 무작위 구조물 생성 (플레이어 위 건설 아이콘으로 표시).	GiC:/stats/STRUCTURE_CONSTRUCTION/gic_armor_republicpioneer_exteriordefense.statuseffect#/label
GLOSSARY_ABSENT	Defense	방어력 (legacy uses=3)	new	4070	Pioneer [Interior Defense] - Creates a random structure after 3s when entering combat (denoted by build icon above player).	개척자 [내부 방어] - 전투 진입 3초 후 무작위 구조물 생성 (플레이어 위 건설 아이콘으로 표시).	GiC:/stats/STRUCTURE_CONSTRUCTION/gic_armor_republicpioneer_interiordefense.statuseffect#/label
GLOSSARY_ABSENT	Defense	방어력 (legacy uses=3)	new	4105	"Post WWII Swiss Battle Rifle adopted in 1957 as the standard rifle of all Swiss Soldiers. Heavy, fairly expensive, and ugly to many, its not a mainstream favorite, but PDF forces with a heavy emphasis static defense have found great value in them.

^green;Hold down ""Alt Fire"" to switch between Full Auto and Semi-Auto.^reset;"	"1957년 모든 스위스 병사의 표준 소총으로 채택된 2차 대전 후 스위스 전투소총. 무겁고 꽤 비싸고 많은 이에게 못생겼지만 주류 선호는 아닌 반면, 정적 방어를 중시하는 PDF 부대는 큰 가치를 찾았습니다.

^green;""보조 발사""를 눌러 자동과 반자동을 전환합니다.^reset;"	GiC:/items/WEAPONS/RANGED/BATTLE_RIFLE/gic_stgw57/gic_stgw57_postfix_template.activeitem#/description
GLOSSARY_ABSENT	Defense	방어력 (legacy uses=3)	new	4113	Powered Armor - Defense - Tier 1	동력 갑옷 - 방어 - 1단계	GiC:/stats/effects/gic_powercore_armor_julian/gic_powercore_armor_julian_armorbuff_tier1.statuseffect#/label
GLOSSARY_ABSENT	Defense	방어력 (legacy uses=3)	new	4114	Powered Armor - Defense - Tier 2	동력 갑옷 - 방어 - 2단계	GiC:/stats/effects/gic_powercore_armor_julian/gic_powercore_armor_julian_armorbuff_tier2.statuseffect#/label
GLOSSARY_ABSENT	Chef	셰프 (legacy uses=3)	new	4123	"Premium-quality tuna and salmon served with wasabi and soy sauce. A prime albeit expensive Japanese delicacy. To highlight the delicate flavor as well as for texture, the chef cuts the fish into different thicknesses by variety of the fish, its age and by the season.
^#FFB941;Quality Meat - +50HP restored.
^#FFB941;High-Quality - Medkits and some consumables restore additional health | +35% Bleed Resistance."	"와사비와 간장을 곁들인 최고급 참치와 연어. 값비싸지만 최고급 일본 진미입니다. 섬세한 풍미와 식감을 살리기 위해 주방장은 생선 종류, 나이, 계절에 따라 다른 두께로 썹니다.
^#FFB941;고급 고기 - HP +50 회복.
^#FFB941;고품질 - 의료 키트와 일부 소모품이 추가 생명력 회복 | 출혈 저항 +35%."	GiC:/items/FOODS/CUISINE/CUTTING_BOARD/gic_sashimiplatter.consumable#/description
GLOSSARY_ABSENT	Defense	방어력 (legacy uses=3)	new	4132	"Primitive board shields painted with the red and yellow colors of the Free Company. Board shields offer a marked improvement to defense over kite or round shields, but lower parry windows and a far longer LR delay.

^#CCD8B6;0.35s PARRY | 70HP STABILITY | 0.5s Lower-Raise Delay | 100% DEF.^white;"	"자유용병단의 빨간색과 노란색이 칠해진 원시 판자 방패. 판자 방패는 카이트나 원형 방패보다 방어가 뚜렷이 좋지만 패링 창이 낮고 내림-올림 지연이 훨씬 깁니다.

^#CCD8B6;0.35초 패링 | 안정성 70HP | 0.5초 내림-올림 지연 | 방어율 100%.^white;"	GiC:/items/SHIELDS/BALANCED_SHIELDS/gic_freecompany_board_shield/gic_freecompany_board_shield.activeitem#/description
GLOSSARY_ABSENT	Back	뒤로 (legacy uses=3)	new	4165	Quick, now get back down inside! You can jump down platforms if you ^#71f2f6;crouch with S, and then tap the spacebar^white;!	빨리, 다시 안으로 내려가세요! ^#71f2f6;S로 웅크리고 스페이스바를 누르면^white; 발판 아래로 뛰어내릴 수 있어요!	NonEKI:/radiomessages/intro.radiomessages.patch#/2/9/value/text
GLOSSARY_ABSENT	FLAMETHROWER	화염 방사기 (legacy uses=3)	new	4170	ROKS-2 Flamethrower	ROKS-2 화염방사기	GiC:/items/WEAPONS/RANGED/FLAMETHROWER/gic_roks2/gic_roks2.activeitem#/shortdescription
GLOSSARY_ABSENT	FLAMETHROWER	화염 방사기 (legacy uses=3)	new	4171	ROKS-2 Flamethrower NPC	ROKS-2 화염방사기 NPC	GiC:/items/WEAPONS/RANGED/FLAMETHROWER/gic_roks2/gic_roks2_npc.activeitem#/shortdescription
GLOSSARY_ABSENT	FLAMETHROWER	화염 방사기 (legacy uses=3)	new	4172	ROKS-2 Flamethrower Tank	ROKS-2 화염방사기 탱크	GiC:/items/AMMUNITION/gic_roks2_flamethrower_tank/gic_roks2_flamethrower_tank.item#/shortdescription
GLOSSARY_ABSENT	Category	카테고리 (legacy uses=5)	new	4194	"Ranged weapons that are not modern firearms will often instead use a crit system, replacing 'miss' shots with criticals. This means that they will always hit their targets and have a chance to deal far higher damage, compensating for the finesse to use them effectively.
This category encompasses often slow and cumbersome means of attacks, such as throwing weapons, bows, crossbows, and muzzle-loaded firearms. These weapons require their own unique repair kits such as Muzzle-Loader Kits or Bow Strings."	"현대 화기가 아닌 원거리 무기는 대신 치명타 체계를 쓰는 경우가 많아 '빗나감'을 치명타로 대체합니다. 즉 항상 목표를 맞히고 훨씬 높은 피해를 줄 확률이 있어, 효과적 사용에 필요한 솜씨를 보상합니다.
이 범주엔 투척 무기, 활, 석궁, 전장화기 같은 종종 느리고 투박한 공격 수단이 포함됩니다. 이 무기들은 전장화기 키트나 활시위 같은 고유 수리 키트가 필요합니다."	GiC:/items/GUIDE_PIECES/CAT_3/gic_guide_critmodifier.item#/description
GLOSSARY_ABSENT	Snow	눈 (legacy uses=4)	new	4277	Republic Snow-Mobile - Stand-by for new order...	공화국 설상차 - 새 명령 대기...	GiC:/stats/effects/gic_armor_republic_snowmobile/gic_armor_republic_snowmobile_weakness.statuseffect#/label
GLOSSARY_ABSENT	Snow	눈 (legacy uses=4)	new	4278	Republic Snow-Mobile [FULL SET REQUIRED] - Crouching for 5s will begin calling-in a Command Snow-Mobile, after which point it will spawn on your location | 480s cooldown.	공화국 설상차 [전체 세트 필요] - 5초간 웅크리면 지휘 설상차 호출 시작, 이후 위치에 생성 | 재사용 대기 480초.	GiC:/stats/effects/gic_armor_republic_snowmobile/gic_armor_republic_snowmobile_primer.statuseffect#/label
GLOSSARY_ABSENT	Snow	눈 (legacy uses=4)	new	4280	Republic Tankette [FULL SET REQUIRED] - Crouching for 5s will begin calling-in a Command Snow-Mobile, after which point it will spawn on your location | 480s cooldown.	공화국 탱케트 [전체 세트 필요] - 5초간 웅크리면 지휘 설상차 호출 시작, 이후 위치에 생성 | 재사용 대기 480초.	GiC:/stats/effects/gic_armor_republic_tankette/gic_armor_republic_tankette_primer.statuseffect#/label
GLOSSARY_ABSENT	Back	뒤로 (legacy uses=3)	new	4304	"Rifle that's been with you since you first served in the military. Its parts have been replaced dozens of times and gone through hell and back.

Loads FAL 7.62x51mm Magazines."	"처음 군 복무할 때부터 함께한 소총. 부품이 수십 번 교체됐고 지옥을 다녀왔습니다.

FAL 7.62x51mm 탄창 장전."	GiC:/items/WEAPONS/RANGED/BATTLE_RIFLE/gic_fal/gic_fal_lastrifle.activeitem#/description
GLOSSARY_ABSENT	Back	뒤로 (legacy uses=3)	new	4305	"Rifle that's been with you since you first served in the military. Its parts have been replaced dozens of times and gone through hell and back.

Loads G3 7.62x51mm Magazines.
^green;Hold down ""Alt Fire"" to switch between Full Auto and Semi-Auto.^reset;"	"처음 군 복무할 때부터 함께한 소총. 부품이 수십 번 교체됐고 지옥을 다녀왔습니다.

G3 7.62x51mm 탄창 장전.
^green;""보조 발사""를 눌러 자동과 반자동을 전환합니다.^reset;"	GiC:/items/WEAPONS/RANGED/BATTLE_RIFLE/gic_g3/gic_g3_lastrifle.activeitem#/description
GLOSSARY_ABSENT	Metal	금속 (legacy uses=3)	new	4389	Scavenger Backpack - ^orange;20% chance on an enemy infantry kill to drop Scrap Metal.^reset;	수집가 배낭 - ^orange;적 보병 처치 시 20% 확률로 고철 드롭.^reset;	GiC:/stats/gic_dronepinger/gic_armor_scavengerbackpack_pinger.statuseffect#/label
GLOSSARY_ABSENT	Type	유형 (legacy uses=5)	new	4393	Scones originated from England and were a type of bread that could be quickly baked. They are normally baked over an open fire on a cast-iron griddle.	스콘은 잉글랜드에서 유래한 빠르게 구울 수 있는 빵 종류입니다. 보통 주철 그리들에서 직화로 굽습니다.	GiC:/items/FOODS/CUISINE/OVEN/gic_scones.consumable#/description
GLOSSARY_ABSENT	Type	유형 (legacy uses=5)	new	4420	Seasonal Drops Active - ^orange;Infantry-type enemies and some warrior-type enemies have a 30% chance to drop a Christmas Present.^reset;	시즌 드롭 발동 - ^orange;보병형 적과 일부 전사형 적이 30% 확률로 크리스마스 선물 드롭.^reset;	GiC:/stats/effects/CHRISTMAS/gic_christmas_seasonaldrop/gic_christmas_seasonaldrop_ping_bpm.statuseffect#/label
GLOSSARY_ABSENT	Type	유형 (legacy uses=5)	new	4421	Seasonal Drops Active - ^orange;Infantry-type enemies and some warrior-type enemies have a 30% chance to drop a Treats Bag.^reset;	시즌 드롭 발동 - ^orange;보병형 적과 일부 전사형 적이 30% 확률로 과자 봉지 드롭.^reset;	GiC:/stats/effects/HALLOWEEN/gic_halloween_seasonaldrop/gic_halloween_seasonaldrop_ping_bpm.statuseffect#/label
GLOSSARY_ABSENT	Defense	방어력 (legacy uses=3)	new	4453	"Shields and Two-Hander Melees have the ability to block, which is an additional HP pool for the equipment used. Their health is determined by the STABILITY stat, in itself determined by the equipment used as well as any trinket modifiers.

Some shields do not offer full damage resistance, instead only having partial defense but offering greater STABILITY so it can take more hits."	"방패와 양손 근접은 막기 능력이 있고, 이는 사용 장비의 추가 HP 풀입니다. 그 체력은 안정성 능력치로 결정되며, 이는 사용 장비와 장신구 수식어로 결정됩니다.

일부 방패는 완전한 피해 저항이 아닌 부분 방어만 제공하며, 대신 더 높은 안정성로 더 많은 피격을 버팁니다."	GiC:/items/GUIDE_PIECES/CAT_3/gic_guide_blocking.item#/description
GLOSSARY_ABSENT	Defense	방어력 (legacy uses=3)	new	4454	Shields are one-handed defensive implements that are intended to be paired with swords, spears, or 1H firearms. Most shields do not offer complete protection in exchange for greater stability, allowing them to take heavy punishment before being guard-broken. Greatshields typically offer 100% resistances at the cost of stability. Ballistic shields offer high resilience against bullets but very little defense against melee. Some shields can parry. Read their stats for more info.	방패는 검, 창, 한 손 화기와 짝지으려는 한 손 방어 도구입니다. 대부분의 방패는 더 높은 안정성 대가로 완전한 보호를 주지 않아, 방어 붕괴 전 큰 타격을 버팁니다. 대방패는 보통 안정성 대가로 100% 저항을 줍니다. 방탄 방패는 탄에 높은 회복력이지만 근접 방어는 거의 없습니다. 일부 방패는 패링 가능. 더 많은 정보는 능력치를 읽으세요.	GiC:/items/GUIDE_PIECES/CAT_3/gic_guide_shields.item#/description
GLOSSARY_ABSENT	Blood	피 (legacy uses=9)	new	4458	Shinobi Blood Tanto - ^orange;Nearby enemies who die explode into a blood-smoke cloud upon death^reset; | ^#D85D5D;Blood-smoke only lasts for 4s. Procs regular smoke effects.^reset;	시노비 혈 단도 - ^orange;사망한 주변 적이 사망 시 혈연 구름으로 폭발^reset; | ^#D85D5D;혈연은 4초만 지속. 일반 연막 효과 발동.^reset;	GiC:/stats/gic_dronepinger/gic_shinobibloodtanto_pinger.statuseffect#/label
GLOSSARY_ABSENT	Back	뒤로 (legacy uses=3)	new	4475	Shiny hologram makess good point to teleport back to ussing teleporter!	반짝이는 홀로그램이 텔레포터로 돌아가기 좋은 지점이야!	Black Armory:/objects/sheilaworkshop/black_furniture/black_holographicmarker/black_holographicmarker.object#/floranDescription
GLOSSARY_ABSENT	Blood	피 (legacy uses=9)	new	4487	Shocked. There's blood still fresh on the wall!	충격. 벽에 아직 선혈이 남아있어요!	GiC:/objects/CORPSES/BLOOD/gic_smallbloodstain/gic_smallbloodstain.object#/glitchDescription
GLOSSARY_ABSENT	Back	뒤로 (legacy uses=3)	new	4505	Shotguns fire large rounds as opposed to conventional bullets. Shotguns typically fire buckshot or some form of it, giving it a spread of multiple projectiles. They are effective even at medium-ranges, but are held back by a lower carrying capacity, higher gunpowder crafting requirement, and far slower firerate than standard rifles. Shotguns receive minimal benefits from crouching.	산탄총은 재래식 탄환 대신 대형 탄을 발사합니다. 산탄총은 보통 벅샷이나 그 변형을 발사해 다수 탄체의 분산을 줍니다. 중거리에서도 효과적이지만, 낮은 휴대량, 높은 화약 제작 요구, 표준 소총보다 훨씬 느린 연사력이 제약입니다. 산탄총은 웅크리기 이점이 최소입니다.	GiC:/items/GUIDE_PIECES/CAT_2/gic_guide_shotguns.item#/description
GLOSSARY_ABSENT	Back	뒤로 (legacy uses=3)	new	4572	So many dead in the months after the crash. So many who just... broke. They couldn't handle it and... there was no room back then for someone who couldn't provide their hands. Those that refused to work, for any reason, had to be exiled to save on our dwindling food supplies. Sometimes I still wonder if some of those Brigands are the ones we exiled all those years ago.	추락 후 몇 달간 너무 많은 이가 죽었어요. 그냥... 무너진 이가 너무 많았죠. 견디지 못했고... 그땐 손을 제공 못 하는 이를 위한 자리가 없었어요. 어떤 이유든 일을 거부한 자는 줄어드는 식량을 아끼려 추방해야 했죠. 가끔 그 도적들 중 일부가 그때 추방한 이들인지 아직도 궁금해요.	GiC:/cinematics/CHARACTERS/WYMOND/gic_wymond_intro_card_meeting.cinematic#/panels/7/text
GLOSSARY_ABSENT	Back	뒤로 (legacy uses=3)	new	4574	"So what you want is probably down in the basement, if they haven't cleaned shop. The house though is ours. We worked weeks scoping this for ourselves, so we get first pick. Cops probably wouldn't even care if the house burnt. They're already tied up. Between the guido and the infestations, they've got no chance at stopping us.

Anyways, basement. There's a back-entrance to the basement through the quarantined apartments. That will lead to the basement below the property, which is your game now. The quarantined apartment is also home to some local gunslinger legend, but poor bastard had the whole place seized since the infestation. Probably something good in it for you in there too if you can brave the bloodwasps."	"원하는 건 아마 지하실에 있을 거예요, 가게를 안 치웠다면요. 근데 집은 우리 거예요. 몇 주간 정찰했으니 우리가 먼저 골라요. 경찰은 집이 타도 신경 안 쓸 거예요. 이미 묶여있거든요. 그 애송이와 감염 사이에서 우릴 못 막아요.

어쨌든, 지하실. 격리 아파트를 통한 지하실 뒷입구가 있어요. 그게 그 재산 아래 지하실로 이어지고, 이제 당신 차지예요. 격리 아파트는 지역 건슬링어 전설의 집이기도 한데, 불쌍한 녀석이 감염 후 전체를 압수당했어요. 블러드와스프를 견딜 수 있다면 거기도 좋은 게 있을 거예요."	GiC:/cinematics/CHARACTERS/AYA_SHAMEIMARU/gic_wildlands_ayashameimaru_mission_12_1_homelessman_2.cinematic#/panels/2/text
GLOSSARY_ABSENT	CREW	승무원 (legacy uses=5)	new	4575	"So what? Even if it were true, what's the point of all this? I'm some washed-up fool who couldn't even kill the bastard who ruined me. One old fool like me isn't going to help your motley crew of bizarre men and women. Blue-haired women? Winged people? A half-dead man? I've seen enough of them on this world. Whatever you think, it's not gonna work and you wouldn't want a wreck like me.

And what would I give to you anyways? How am I supposed to be able to help you with what you aliens do? I'm nothing in your fantasy world, nothing! Nothing! No one cares for this rotting world, and nobody would care if I was gone tomorrow! We're already dead!"	"그래서요? 사실이라 해도, 이 모든 게 무슨 소용이죠? 전 절 망친 놈조차 죽이지 못한 한물간 바보예요. 저 같은 늙은 바보가 당신의 이상한 남녀 무리에 도움 안 돼요. 파란 머리 여자? 날개 달린 사람? 반죽은 남자? 이 세계에서 충분히 봤어요. 뭘 생각하든, 안 될 거고 저 같은 폐인을 원하지도 않을 거예요.

그리고 제가 뭘 줄 수 있죠? 당신 외계인들이 하는 일을 어떻게 돕죠? 전 당신의 판타지 세계에서 아무것도 아니에요, 아무것도! 아무것도! 이 썩은 세계를 아무도 신경 안 쓰고, 내일 제가 사라져도 아무도 신경 안 써요! 우린 이미 죽었어요!"	GiC:/cinematics/CHARACTERS/THOMAS_VANE/gic_crusade_thomasvane_bazaartransfer.cinematic#/panels/5/text
GLOSSARY_ABSENT	Frozen	빙결 (legacy uses=3)	new	4714	Story Prison Complex: Frozen Prison Key	스토리 감옥 시설: 얼어붙은 감옥 열쇠	GiC:/items/gic_khurtovyna_prisoncomplex_leftend_supplykey.item#/shortdescription
GLOSSARY_ABSENT	Defense	방어력 (legacy uses=3)	new	4728	Strong Automatic Defense	강력 자동 방어	Black Armory:/objects/sheilaworkshop/black_furniture/titansteelturret/titansteelturret.object#/subtitle
GLOSSARY_ABSENT	Ready	준비 완료 (legacy uses=10)	new	4750	"Sure did, miss. I made this in the spare time I had after handling the farm back at home. Father always thought it was a waste of time, but it never hurt to be extra-prepared when dealing with bandits. It's no siege weapon, but it's one of the few things I can truly consider mine.

You load up 3 bolts from the top here. There's little pieces here that slide out and drop a bolt down a 'floor' each time you pull the lever back. Pulling the lever back also serves to cock the gun into a ready position. Problem is of course that it's not got a lot of energy to it so it won't kill as good."	"그랬어요, 아가씨. 고향 농장 일을 처리한 여가에 만들었어요. 아버지는 늘 시간 낭비라 하셨지만, 도적 상대론 준비가 과할 게 없었어요. 공성 무기는 아니지만, 진정 제 것이라 부를 수 있는 몇 안 되는 것 중 하나예요.

여기 위에서 볼트 3개를 장전해요. 레버를 당길 때마다 여기 작은 조각이 밀려나 볼트를 '층' 아래로 떨궈요. 레버 당기기는 총을 발사 준비로 격발도 해요. 문제는 당연히 에너지가 별로 없어 잘 못 죽인다는 거예요."	GiC:/cinematics/CHARACTERS/NITORI_KAWASHIRO/gic_bazaarbetwixtrealms_badanitori_weaponsmithingconverse.cinematic#/panels/7/text
GLOSSARY_ABSENT	Back	뒤로 (legacy uses=3)	new	4750	"Sure did, miss. I made this in the spare time I had after handling the farm back at home. Father always thought it was a waste of time, but it never hurt to be extra-prepared when dealing with bandits. It's no siege weapon, but it's one of the few things I can truly consider mine.

You load up 3 bolts from the top here. There's little pieces here that slide out and drop a bolt down a 'floor' each time you pull the lever back. Pulling the lever back also serves to cock the gun into a ready position. Problem is of course that it's not got a lot of energy to it so it won't kill as good."	"그랬어요, 아가씨. 고향 농장 일을 처리한 여가에 만들었어요. 아버지는 늘 시간 낭비라 하셨지만, 도적 상대론 준비가 과할 게 없었어요. 공성 무기는 아니지만, 진정 제 것이라 부를 수 있는 몇 안 되는 것 중 하나예요.

여기 위에서 볼트 3개를 장전해요. 레버를 당길 때마다 여기 작은 조각이 밀려나 볼트를 '층' 아래로 떨궈요. 레버 당기기는 총을 발사 준비로 격발도 해요. 문제는 당연히 에너지가 별로 없어 잘 못 죽인다는 거예요."	GiC:/cinematics/CHARACTERS/NITORI_KAWASHIRO/gic_bazaarbetwixtrealms_badanitori_weaponsmithingconverse.cinematic#/panels/7/text
GLOSSARY_ABSENT	Sure	그래 (legacy uses=3)	new	4750	"Sure did, miss. I made this in the spare time I had after handling the farm back at home. Father always thought it was a waste of time, but it never hurt to be extra-prepared when dealing with bandits. It's no siege weapon, but it's one of the few things I can truly consider mine.

You load up 3 bolts from the top here. There's little pieces here that slide out and drop a bolt down a 'floor' each time you pull the lever back. Pulling the lever back also serves to cock the gun into a ready position. Problem is of course that it's not got a lot of energy to it so it won't kill as good."	"그랬어요, 아가씨. 고향 농장 일을 처리한 여가에 만들었어요. 아버지는 늘 시간 낭비라 하셨지만, 도적 상대론 준비가 과할 게 없었어요. 공성 무기는 아니지만, 진정 제 것이라 부를 수 있는 몇 안 되는 것 중 하나예요.

여기 위에서 볼트 3개를 장전해요. 레버를 당길 때마다 여기 작은 조각이 밀려나 볼트를 '층' 아래로 떨궈요. 레버 당기기는 총을 발사 준비로 격발도 해요. 문제는 당연히 에너지가 별로 없어 잘 못 죽인다는 거예요."	GiC:/cinematics/CHARACTERS/NITORI_KAWASHIRO/gic_bazaarbetwixtrealms_badanitori_weaponsmithingconverse.cinematic#/panels/7/text
GLOSSARY_ABSENT	Back	뒤로 (legacy uses=3)	new	4806	Thank you for bringing me here. Tylian has allowed me to make my living space in one of the spare rooms here. It's not the whole office I used to have back in the city nor is it what it was like back in my homeland, but it's more than enough after what we've been through.	여기 데려와줘서 고마워요. 틸리안이 여기 여분 방 하나에 거처를 허락했어요. 도시의 사무실 전체도 고향 같진 않지만, 우리가 겪은 것 뒤엔 충분하고도 남아요.	GiC:/cinematics/CHARACTERS/AYA_SHAMEIMARU/gic_wildlands_ayashameimaru_mission_9_2_bazaartransferend.cinematic#/panels/3/text
GLOSSARY_ABSENT	Back	뒤로 (legacy uses=3)	new	4810	"Thank you, for bringing Tatara back safe. She is not in too terrible of a condition, but I hope she finds her purpose again. I always told her to stay with us, but she insisted on finding her own path.

I will accommodate her and ask the fairies to help her settle. People like her don't belong in this new reality."	"타타라를 무사히 데려와줘서 고마워요. 상태가 그리 나쁘진 않지만, 다시 목적을 찾길 바라요. 늘 우리와 있으라 했지만, 자기 길을 찾겠다 고집했거든요.

그녀를 받아들이고 요정들에게 정착을 도우라 할게요. 그녀 같은 이들은 이 새 현실에 속하지 않으니까요."	GiC:/cinematics/CHARACTERS/NAZRIN/gic_nazrin_garden_kogasarecovered.cinematic#/panels/2/text
GLOSSARY_ABSENT	Back	뒤로 (legacy uses=3)	new	4811	"Thank you, for bringing her back safe. She is not in too terrible of a condition, but I hope she finds her purpose again. I always told her to stay with us, but she insisted on finding her own path.
	  
I will accommodate her and ask the fairies to help her settle. People like her don't belong in this new reality."	"그녀를 무사히 데려와줘서 고마워요. 상태가 그리 나쁘진 않지만, 다시 목적을 찾길 바라요. 늘 우리와 있으라 했지만, 자기 길을 찾겠다 고집했거든요.
	  
그녀를 받아들이고 요정들에게 정착을 도우라 할게요. 그녀 같은 이들은 이 새 현실에 속하지 않으니까요."	GiC:/cinematics/CHARACTERS/NAZRIN/gic_nazrin_planetincentive_wildlands_kogasarecovered.cinematic#/panels/2/text
GLOSSARY_ABSENT	Back	뒤로 (legacy uses=3)	new	4816	That flag you've got there can be set as a bookmark for your teleporter. You can warp back to it from hundreds of light years away!	그 깃발은 텔레포터 북마크로 설정할 수 있어요. 수백 광년 밖에서도 워프로 돌아올 수 있어요!	NonEKI:/radiomessages/tutorial.radiomessages.patch#/7/4/value/text
GLOSSARY_ABSENT	Metal	금속 (legacy uses=3)	new	4830	"The ''Small-Arms 1980'' was a british family of 5.56x45mm NATO service weapons once used by the British Military. Problems with the original gun's reliability began to surface in the 1986-87 troop trials where parts were insufficiently robust, plastic melted under insect repellent, metal rusted quickly in jungles, and the bipod would often fail to lock closed. The loose production process did not help the state of these early SA80s.

Loads STANAG NATO 5.56x45mm magazines only."	"''소구경 1980''은 한때 영국군이 쓴 5.56x45mm NATO 제식 무기 계열입니다. 원형 총의 신뢰성 문제가 1986-87 군 시험에서 드러났는데, 부품 강도 부족, 방충제에 플라스틱 용융, 정글에서 급속 녹슬음, 양각대 잠금 실패가 있었습니다. 허술한 생산 공정도 초기 SA80 상태에 도움 안 됐습니다.

STANAG NATO 5.56x45mm 탄창만 장전."	GiC:/items/WEAPONS/RANGED/ASSAULT_RIFLE/gic_sa80/gic_sa80.activeitem#/description
GLOSSARY_ABSENT	Back	뒤로 (legacy uses=3)	new	4841	The Atlantic Salmon is a species of ray-finned fish of the Salmonidae family. It was the third largest of the Salmonidae, behind the Siberian taimen and Pacific Chinook salmon, growing up to a meter in length. Atlantic Salmon were originally found on Earth in the northern Atlantic Ocean and in rivers that flow into it. Most populations are anadromous, hatching in streams and rivers, moving out to see when they grow and then seasonally back upstream to spawn.	대서양 연어는 연어과의 경조어류입니다. 시베리아 타이멘과 태평양 치누크 연어에 이어 연어과 세 번째로 크고, 길이 1미터까지 자랍니다. 대서양 연어는 원래 지구의 북대서양과 그로 흐르는 강에서 발견됐습니다. 대부분 개체군은 회유성으로, 하천에서 부화해 자라면 바다로 나갔다가 계절에 따라 상류로 돌아와 산란합니다.	GiC:/items/FISH/gic_fish_atlanticsalmon.item#/description
GLOSSARY_ABSENT	Bleeding	출혈 (legacy uses=4)	new	4850	The Bleeding Heart	피 흘리는 심장	GiC:/interface/warping/AFFLICTED/gic_afflictedcolony_expedition_end.config#/destinations/0/name
GLOSSARY_ABSENT	Decline	거절 (legacy uses=4)	new	4852	The Canterbury mudfish (Neochanna burrowsius) was found only on the Canterbury Plains in New Zealand. They are able to survive out of water in damp refuges if its wetland habitat dries out periodically over summer. In 2014, the New Zealand Department of Conservation classified the Canterbury mudfish as ''At Risk: Nationally Critical'' with the qualifier C - predicted decline over 70%, over ten years. The IUCN also rated the Canterbury mudfish as ''Critically endangered''.	캔터베리 머드피시(네오찬나 버로시우스)는 뉴질랜드 캔터베리 평원에서만 발견됐습니다. 습지 서식지가 여름 주기적으로 마르면 물 밖 습한 은신처에서 살아남을 수 있습니다. 2014년 뉴질랜드 자연보호부는 캔터베리 머드피시를 ''위험: 국가 위급'' C 등급 - 10년간 70% 이상 감소 예측으로 분류했습니다. IUCN도 ''위급''으로 평가했습니다.	GiC:/items/FISH/gic_fish_canterburymudfish.item#/description
GLOSSARY_ABSENT	Back	뒤로 (legacy uses=3)	new	4867	The Eurasian Carp, also known as the common carp, is native to Europe and Asia, though it was introduced to every part of Earth except the poles. Their history as a farmed fish dates back to the Roman Times, and are used as a food source to this day but are also regarded as a pest in several regions due to their ability to out-compete native fish stocks. It gives its name to the carp family, Cyprinidae.	유라시아 잉어, 통칭 보통 잉어로 유럽과 아시아 원산이지만 극지를 제외한 지구 전역에 도입됐습니다. 양식어로서의 역사는 로마 시대로 거슬러 오르고 오늘날까지 식량원이지만, 토착 어족을 밀어내는 능력으로 여러 지역에서 해충으로 여겨집니다. 잉어과 잉어속에 이름을 줬습니다.	GiC:/items/FISH/gic_fish_eurasiancarp.item#/description
GLOSSARY_ABSENT	Back	뒤로 (legacy uses=3)	new	4898	The Miniknog think they can come and attack me and expect to not fight back? I'll show them!	미니크노그가 와서 날 공격하고 반격 안 할 줄 아는 거예요? 보여줄게요!	Black Armory:/radiomessages/black_sheilachatting.radiomessages#/black_chat060/text
GLOSSARY_ABSENT	Items	아이템 (legacy uses=6)	new	4921	"The Sturmgewehr 57 is a Swiss Battle Rifle developed in 1957. The germanic-scandinavian refugees were granted asylum on the condition they surrendered all of their military equipment. The People's Army stockpiled their gear and for many possible reasons, did not scrap or destroy these items. This mistake would prove to be fatal, as it gave the surviving germanic-scandinavians the weapons and equipment needed to quickly form the opposing Republic government before they could be stamped out. ^green;Hold down ""Alt Fire"" to switch firemodes.^reset;"	"슈트룸게베어 57은 1957년 개발된 스위스 전투소총입니다. 게르만-스칸디나비아 난민들은 모든 군사 장비를 항복하는 조건으로 망명을 얻었습니다. 인민군은 그들의 장비를 비축하고 여러 가능한 이유로 이것들을 폐기·파괴하지 않았습니다. 이 실수는 치명적이었는데, 생존 게르만-스칸디나비아인들이 말살되기 전 대립 공화국 정부를 빠르게 결성할 무기와 장비를 줬기 때문입니다. ^green;""보조 발사""를 눌러 사격 모드 전환.^reset;"	GiC:/items/WEAPONS/RANGED/BATTLE_RIFLE/gic_stgw57/gic_stgw57.activeitem#/description
GLOSSARY_ABSENT	Defense	방어력 (legacy uses=3)	new	4960	"The crossbow influenced the medieval battlefield that led to an invigoration of the peasant army. Where the archer required training that was strengthened from childhood, a man could be handed a crossbow with few weeks training.
^#B4DB72;Deals base damage of bolts. Has higher projectile velocity than bows but reloads slower than a longbow and is less accurate.
^orange;HIT CHANCE replaced with CRIT CHANCE (all projectiles always hit). CRIT Bolts have different effects based on the bolt.^reset;
^orange;Parry Defense: 0.4s PARRY WINDOW | 50HP STABILITY^reset;"	"석궁은 농민군을 활성화한 중세 전장에 영향을 줬습니다. 궁수가 어린 시절부터 강화된 훈련이 필요했던 반면, 사람은 몇 주 훈련으로 석궁을 쥐여줄 수 있었습니다.
^#B4DB72;볼트의 기본 피해. 활보다 탄체 속도가 높지만 장궁보다 재장전 느리고 덜 정확.
^orange;적중 확률이 치명타 확률로 대체 (모든 탄체가 항상 명중). 치명타 볼트가 볼트에 따라 다른 효과.^reset;
^orange;패링 방어: 0.4초 패링 창 | 안정성 50HP^reset;"	GiC:/items/WEAPONS/RANGED/CROSSBOWS/gic_lightcrossbow/gic_lightcrossbow_originalparry.activeitem#/description
GLOSSARY_ABSENT	Category	카테고리 (legacy uses=5)	new	4996	"The parrying dagger is a category of small handheld weapons from the European late Middle Ages and early Renaissance. These weapons were used as off-hand weapons in conjunction with a single-handed sword such as a rapier.

^#D6DFFF;[PrimaryFire] to counter i.e if it were in your left-hand, then LEFT-CLICK would begin a COUNTER.
^orange;[SHIFT] to block | 0.6s PARRY WINDOW | 25HP STABILITY.^white;"	"패링 단검은 유럽 후기 중세와 초기 르네상스의 소형 휴대 무기 범주입니다. 이 무기들은 레이피어 같은 한 손 검과 함께 반대손 무기로 쓰였습니다.

^#D6DFFF;[주 발사]로 반격 — 왼손에 있으면 왼쪽 클릭이 반격 시작.
^orange;[SHIFT]로 막기 | 0.6초 패링 창 | 안정성 25HP.^white;"	GiC:/items/WEAPONS/MELEE/gic_maingauche_dagger/gic_maingauche_dagger_player.activeitem#/description
GLOSSARY_ABSENT	Ready	준비 완료 (legacy uses=10)	new	5001	The planet cannot be saved. Not until we are ready for it to be saved. So surrender to us or die.	행성은 구할 수 없어요. 우리가 구할 준비가 될 때까지는요. 그러니 항복하든지 죽든지 하세요.	GiC:/radiomessages/gic_generic.radiomessages#/gic_khurtovyna_containmentunit_red2/text
GLOSSARY_ABSENT	Metal	금속 (legacy uses=3)	new	5003	"The player begins their journey with an old space vessel. The ship becomes usable after completing the first world. The interior space can be increased after that point by using scrap metal.
Interacting with the pilot seat will allow the player to select a world to fight on. Left-click on a star system or planet to select it for general info or to zoom in. Right-click to travel to that location. You can warp onto a planet once you are in close-orbit of a planet."	"플레이어는 낡은 우주선으로 여정을 시작합니다. 첫 세계 완료 후 함선이 사용 가능해집니다. 그 시점 이후 고철로 내부 공간을 늘릴 수 있습니다.
조종석과 상호작용하면 플레이어가 싸울 세계를 선택할 수 있습니다. 항성계나 행성을 좌클릭해 일반 정보 보기나 확대 선택. 우클릭해 그 위치로 이동. 행성의 근접 궤도에 있으면 행성으로 워프할 수 있습니다."	GiC:/items/GUIDE_PIECES/CAT_1/gic_guide_warship.item#/description
GLOSSARY_ABSENT	Sure	그래 (legacy uses=3)	new	5011	The ship's FTL drive runs on spookium, which is found on moons. I'm... not sure why, but since Earth was destroyed, there have been anomalous readings coming from almost every moon in the galaxy...	함선 FTL 드라이브는 달에서 발견되는 스푸키움으로 작동해요. 이유는... 모르겠지만 지구가 파괴된 이후 은하 거의 모든 달에서 이상 신호가 나오고 있어요...	NonEKI:/radiomessages/tutorial.radiomessages.patch#/3/1/value/text
GLOSSARY_ABSENT	NEXT	다음 (legacy uses=112)	new	5013	"The short sword has been around since ancient times as the standard infantry weapon of shield infantry next to the common spear, being able to deliver slashes and thrusts in close-quarters. Beyond military application, they also made for good compact sidearms that would not impede movement or indicate hostile intent in town like a spear would.
^orange;2nd/4th strike DEFLECTS (resist melee).
^#FFEEC6;Retreating Slash [SHIFT]: Perform a slashing high DMG attack with I-frames | 10s cooldown."	"단도는 보통 창 옆의 방패 보병 제식 보병 무기로 고대부터 있었고, 근접전에서 베기와 찌르기를 할 수 있었습니다. 군사 적용 외에도, 창처럼 마을에서 적의를 보이거나 움직임을 방해하지 않는 좋은 소형 보조 무기였습니다.
^orange;2번째/4번째 타격 반사(근접 저항).
^#FFEEC6;후퇴 베기 [SHIFT]: 무적시간 있는 고피해 베기 공격 수행 | 재사용 대기 10초."	GiC:/items/WEAPONS/MELEE/SWORD/gic_infantrymans_shortsword/gic_infantrymans_shortsword.activeitem#/description
GLOSSARY_ABSENT	Back	뒤로 (legacy uses=3)	new	5037	"Then I've got something that might interest you. It's something big.

I've got a new file on a case called Eskhatos. There's an entire planet out there that's been placed into realspace. I swear on my mother that this is not some miscalculation. A planet slotted itself neatly into a star system, civilization and everything. Now here's the meat of it: This is an ancient civilization. Sent a few scouts and came back with information regarding two great Empires fighting over the ashes of the world. Their technological timeline places them somewhere in the 19th century, though it seems to be a mosh of technologies."	"그렇다면 관심이 갈 만한 일이 있습니다. 큰 건이에요.

에스카토스라는 사건에 관한 새 파일이 들어왔습니다. 행성 하나가 통째로 실공간에 나타났어요. 어머니를 걸고 맹세하지만 계산 착오가 아닙니다. 문명까지 품은 행성이 항성계 안에 정확히 들어앉았어요. 중요한 건 이겁니다. 그곳은 고대 문명입니다. 정찰대를 몇 명 보냈더니, 세계의 잿더미를 두고 싸우는 두 대제국의 정보를 가져왔습니다. 기술 수준은 19세기쯤이지만 여러 시대의 기술이 뒤섞인 모양입니다."	GiC:/cinematics/CHARACTERS/TYLIAN_FERNSBY/gic_tylianfernsby_planetincentive_eskhatos.cinematic#/panels/6/text
GLOSSARY_ABSENT	Ready	준비 완료 (legacy uses=10)	new	5070	"There's a small fort holding what looks to be at least a hundred brigands. Our plans rely on our routes being clear of any threats, and they'll threaten everything we've been building up to. If you're as good as they say you are, then I want you to join the assault force scheduled to take them out. Do this, and you're in.

Come see me when you're ready. Brooks will take you there."	"적어도 백 명의 도적을 수용한 작은 요새가 있어요. 우리 계획은 경로가 위협에서 비어 있어야 하고, 그들은 우리가 쌓아온 모든 걸 위협할 거예요. 소문대로 실력이면, 그들을 제거할 예정 공격대에 합류해줬으면 해요. 이걸 하면 합격이에요.

준비되면 보세요. 브룩스가 데려갈 거예요."	GiC:/cinematics/CHARACTERS/WYMOND/gic_wymond_intro_card_meeting.cinematic#/panels/9/text
GLOSSARY_ABSENT	Back	뒤로 (legacy uses=3)	new	5073	There's nothing here. I'm heading back to Sheruto.	여기 아무것도 없어요. 셰루토로 돌아가요.	GiC:/cinematics/CHARACTERS/THOMAS_VANE/gic_crusade_thomasvane_theoldfriend_end.cinematic#/panels/4/text
GLOSSARY_ABSENT	Sure	그래 (legacy uses=3)	new	5076	These ^orange;bioluminescent spores^reset; ought to be useful in some kind of biology thing, I'm sure. Can't go wrong with alien fungus.	^orange;생물발광 포자^reset;가 어떤 생물학 것에 유용할 게 분명해요. 외계 곰팡이면 틀림없어요.	NonEKI:/radiomessages/fu_resources.radiomessages.patch#/43/value/text
GLOSSARY_ABSENT	Items	아이템 (legacy uses=6)	new	5087	They didn't even hesitate, did they? I've got all of his items packed in here. Mail, but also some strange papers and personal items. Rest your soul, Bradley.	망설이지도 않았죠? 그의 물건을 전부 여기 담았어요. 편지와 이상한 서류, 개인 물품도. 명복을 빌어요, 브래들리.	GiC:/cinematics/CHARACTERS/AYA_SHAMEIMARU/gic_wildlands_ayashameimaru_mission_12_3_bradleypropertyfight.cinematic#/panels/2/text
GLOSSARY_ABSENT	Ready	준비 완료 (legacy uses=10)	new	5095	They're coming over the hill! Get ready!	언덕 너머로 와요! 준비하세요!	GiC:/radiomessages/gic_missions.radiomessages#/gic_garden_marshlandvillage_battleofholbeckcreek_prewave3b/text
GLOSSARY_ABSENT	Ready	준비 완료 (legacy uses=10)	new	5097	They're getting desperate! We break them here and now! Get ready!	필사적이에요! 여기서 지금 무너뜨려요! 준비하세요!	GiC:/radiomessages/gic_missions.radiomessages#/gic_garden_marshlandvillage_battleofholbeckcreek_prewave8c/text
GLOSSARY_ABSENT	Ready	준비 완료 (legacy uses=10)	new	5098	They're marching towards us! Everyone ready yourself!	우리를 향해 행군해요! 모두 각오해요!	GiC:/radiomessages/gic_missions.radiomessages#/gic_garden_marshlandvillage_battleofholbeckcreek_prewave4c/text
GLOSSARY_ABSENT	Back	뒤로 (legacy uses=3)	new	5101	They're pulling back for their final assault! Dig in as much as you can with the two minutes we have!	최후 공격을 위해 후퇴해요! 우리 2분으로 최대한 참호를 파세요!	GiC:/radiomessages/gic_missions.radiomessages#/gic_garden_marshlandvillage_battleofholbeckcreek_prewave8/text
GLOSSARY_ABSENT	Back	뒤로 (legacy uses=3)	new	5102	They're pulling back! We got only a minute before another attack!	후퇴해요! 다음 공격까지 1분뿐이에요!	GiC:/radiomessages/gic_missions.radiomessages#/gic_garden_marshlandvillage_battleofholbeckcreek_prewave5/text
GLOSSARY_ABSENT	Items	아이템 (legacy uses=6)	new	5111	This Toymaker's Table lets you make all kinds of festive items, enough to build Santa a brand new workshop!	이 장난감공 테이블로 온갖 축제 물건을 만들 수 있어요, 산타에게 새 작업장을 지어줄 만큼!	NonEKI:/radiomessages/tutorial.radiomessages.patch#/9/0/value/text
GLOSSARY_ABSENT	laboratory	연구실 (legacy uses=5)	new	5114	This ^orange;genetic material^reset; is very important for a successful laboratory! I know this because absolutely nothing in the Frackin' Universe files uses this radio message, indicating it was removed from the game for simply being too useful!	이 ^orange;유전 물질^reset;은 성공적인 실험실에 매우 중요해요! Frackin' Universe 파일에서 아무것도 이 무전 메시지를 안 쓰기 때문에 알아요, 그냥 너무 유용해서 게임에서 제거됐다는 거죠!	NonEKI:/radiomessages/fu_resources.radiomessages.patch#/18/value/text
GLOSSARY_ABSENT	Back	뒤로 (legacy uses=3)	new	5146	"This gun now fires in 1200 RPM fuller-auto.

Uses Browning HP 9x19mm magazines.

^green;Double Tap [SHIFT] to switch to a comfortable two-handed grip, returning the weapon back to full-auto.^reset;"	"이 총은 이제 1200 RPM 풀러-자동으로 발사해요.

브라우닝 HP 9x19mm 탄창 사용.

^green;[SHIFT]를 더블탭해 편한 두 손 그립으로 전환해 무기를 자동으로 되돌림.^reset;"	GiC:/items/WEAPONS/RANGED/PISTOL/gic_solguardianpistol/gic_solguardianpistol_onehanded.activeitem#/description
GLOSSARY_ABSENT	Back	뒤로 (legacy uses=3)	new	5147	This here wind turbine looks like the ones back at the village.	여기 이 풍력 터빈은 마을 것과 비슷해 보여요.	Black Armory:/objects/sheilaworkshop/black_furniture/black_titansteelwindturbine/black_titansteelwindturbine.object#/novakidDescription
GLOSSARY_ABSENT	Sure	그래 (legacy uses=3)	new	5168	"This is the right one. Thank you.

Please visit my store if you feel that you need something for your travels. I have everything you will need from the bare components to something more complete, if you'd rather have me make something for you. I am more than capable of making tools for the master assassin or fighter, just be sure to bring me weapon parts.

I promise that my prices are fair, given that I'd rather not see you strewn across the ground."	"이게 맞는 거예요. 고마워요.

여행에 필요한 게 있으면 제 상점에 들러주세요. 기본 부품부터 직접 만들어줬으면 하는 더 완성된 것까지 다 있어요. 마스터 암살자나 전사용 도구를 만들 능력은 충분해요, 무기 부품만 가져오세요.

땅에 널브러진 걸 보고 싶지 않으니 가격은 공정하다고 약속해요."	GiC:/cinematics/CHARACTERS/NITORI_KAWASHIRO/gic_nitorikawashiro_afflictedfuelrod_complete.cinematic#/panels/3/text
GLOSSARY_ABSENT	Back	뒤로 (legacy uses=3)	new	5169	This isn't half-bad. A few times I had to open up holes in german houses way back in the day. These little firing ports you could shoot out of. It's stupid simple how you could see way out from behind a firing port but the enemy could barely see you when they try to look for you.	나쁘지 않아요. 옛날에 독일 집에 구멍을 몇 번 뚫어야 했어요. 밖으로 쏠 수 있는 작은 사격구요. 사격구 뒤에서 밖이 잘 보이는데 적이 찾으려 해도 당신을 거의 못 보는 게 바보 같이 단순해요.	GiC:/cinematics/CHARACTERS/MYSTIA_LORELEI/gic_mystialorelei_restaurantimprovementend.cinematic#/panels/13/text
GLOSSARY_ABSENT	Back	뒤로 (legacy uses=3)	new	5192	This reminds me of the katanas that hang on the walls back home.	고향 벽에 걸린 카타나들이 생각나요.	Black Armory:/objects/sheilaworkshop/black_furniture/black_darksolusbladewall/black_darksolusbladewall.object#/hylotlDescription
GLOSSARY_ABSENT	Type	유형 (legacy uses=5)	new	5211	This type of unique art work would be made a center piece in a museum.	이런 독특한 예술품은 박물관 중심 작품이 될 거예요.	Black Armory:/objects/sheilaworkshop/black_furniture/black_blackarmoryportrait/black_blackarmoryportrait.object#/hylotlDescription
GLOSSARY_ABSENT	Back	뒤로 (legacy uses=3)	new	5214	"This was my wife, Corliss. She's been long-dead now but... I was never able to bury her. We were already on campaign and I didn't want to bury her in some forgotten corner of this world. Kept her ashes with me for as long as I could, but with what's to come... I think it's time.

Back where you came from, there was a graveyard, built by a village now-eradicated by the Brigands. I want you to bury her ashes in that graveyard. It's where we lived the most of our lives, and it's where this story ends..."	"이건 제 아내 콜리스예요. 오래전 죽었지만... 장례를 못 해줬어요. 이미 원정 중이라 이 세계 잊힌 구석에 묻고 싶지 않았어요. 가능한 한 오래 유골을 지녔지만, 다가올 걸 보면... 때가 됐어요.

돌아온 곳에 도적들에게 멸해진 마을이 지은 묘지가 있어요. 그녀의 유골을 그 묘지에 묻어줬으면 해요. 우리 삶 대부분을 산 곳이고 이 이야기가 끝나는 곳이에요..."	GiC:/cinematics/CHARACTERS/WYMOND/gic_garden_wymond_3_funeraryurn.cinematic#/panels/3/text
GLOSSARY_ABSENT	Exact	완전 일치 (legacy uses=5)	new	5226	This world is not unlike Japan as it was in the 16th century. 'Sengoku Jidai'. Their equipment, though not the exact same from Earth, appears to hold onto remnants of the 19th century. Though even my homeworld of Gensokyo long forgot their origins as a Japanese nation, ignoring the years of human progress in favor of the stagnation that eventually destroyed it. This world once offered them an eternal peace, but it has been their undoing.	이 세계는 16세기 일본과 다르지 않아요. '전국 시대'. 장비는 지구 것과 정확히 같진 않지만 19세기 잔재를 지니고 있어요. 제 고향 환상향조차 일본 국가로서의 기원을 오래 잊어, 결국 파괴한 정체를 택해 인류 진보의 세월을 무시했죠. 이 세계는 한때 그들에게 영원한 평화를 줬지만, 그것이 멸망이 됐어요.	GiC:/cinematics/CHARACTERS/NAZRIN/gic_nazrin_planetencounter_razed.cinematic#/panels/3/text
GLOSSARY_ABSENT	Slime	슬라임 (legacy uses=10)	new	5227	This wretched glob of ^orange;putrid slime^reset; is allegedly useful for a fair few things. Cool, I guess...	이 끔찍한 ^orange;썩은 점액^reset; 덩어리는 몇 가지에 유용하다고 해요. 멋지네요, 아마...	NonEKI:/radiomessages/fu_resources.radiomessages.patch#/10/value/text
GLOSSARY_ABSENT	Back	뒤로 (legacy uses=3)	new	5233	"Thomas,

In case you're too daft to remember, look to your booze for the answer. Red, Tan, Black, Orange.

If you want your share, you'll sort it out. If not, I'll come back for it next week. - Bradley."	"토마스에게,

기억 못 할 만큼 멍청할 경우를 대비해, 답은 술을 보세요. 빨강, 갈색, 검정, 주황.

몫을 원하면 알아내세요. 아니면 다음 주에 가지러 올게요. - 브래들리."	GiC:/items/CHARACTER_STORIES/AYA_SHAMEIMARU/gic_aya_bradleyproperty_note.item#/description
GLOSSARY_ABSENT	NEXT	다음 (legacy uses=112)	new	5234	"Thomas, I haven't heard from Bradley for weeks now. He's not at home and I can't seem to call him, so I'm leaving this message for you when you get here.

If you can't get into the 3rd floor office to grab a spare key, I'll leave a spare in a pear soda bottle. It'll be in the small canal next to the secure black container under the bridge."	"토마스, 브래들리에게 몇 주째 연락이 없어요. 집에 없고 전화도 안 돼서 여기 오면 이 메시지를 남겨요.

3층 사무실에 들어가 예비 열쇠를 못 가져가면, 배 소다 병에 예비를 둘게요. 다리 아래 안전한 검은 용기 옆 작은 수로에 있을 거예요."	GiC:/items/CHARACTER_STORIES/AYA_SHAMEIMARU/gic_aya_portdistrict_keyreminder.item#/description
GLOSSARY_ABSENT	Sure	그래 (legacy uses=3)	new	5236	Thorium! That stuff's a little rare, you know. But it's useful for lots of little different things. Make sure to dig it up if you see any, 'cause you might need it.	토륨! 그거 좀 희귀해요, 아시죠. 하지만 여러 작은 것에 유용해요. 보이면 꼭 캐세요, 필요할지 모르니까요.	NonEKI:/radiomessages/fu_isotopes.radiomessages.patch#/5/value/text
GLOSSARY_ABSENT	Defense	방어력 (legacy uses=3)	new	5327	Tuned Base Defense	조율된 기지 방어	GiC:/objects/gic_standingturret_antimonster/gic_standingturret_antimonster.object#/subtitle
GLOSSARY_ABSENT	Back	뒤로 (legacy uses=3)	new	5331	Tweet tweet, hehe. I have a birdie on my shoulder. He's kinda cute, but I got to let him go back home to his family. Bye bye, little birdie!	짹짹, 히히. 어깨에 새가 있어요. 귀엽지만 가족에게 돌려보내야 해요. 잘 가, 작은 새야!	Black Armory:/radiomessages/black_sheilachatting.radiomessages#/black_chat095/text
GLOSSARY_ABSENT	Type	유형 (legacy uses=5)	new	5332	Type-4 Arc Projector	4형 아크 투사기	GiC:/items/WEAPONS/RANGED/MAGIC/HEAVY/gic_type4_arcprojector/gic_type4_arcprojector.activeitem#/shortdescription
GLOSSARY_ABSENT	Type	유형 (legacy uses=5)	new	5333	Type-54 7.62x25mm Mag	54식 7.62x25mm 탄창	GiC:/items/AMMUNITION/BLACK_STAR/gic_blackstar_762x25mm_mag.item#/shortdescription
GLOSSARY_ABSENT	Type	유형 (legacy uses=5)	new	5334	Type-54 7.62x25mm Mag (HP)	54식 7.62x25mm 탄창 (할로포인트)	GiC:/items/AMMUNITION/BLACK_STAR/gic_blackstar_762x25mm_hollowpoint_mag.item#/shortdescription
GLOSSARY_ABSENT	Sure	그래 (legacy uses=3)	new	5360	Um, I'm not sure what this menu's for. Missions? What missions? We're kinda just trying to survive out here right now. Wherever 'here' is.	음, 이 메뉴가 뭔지 모르겠어요. 임무? 무슨 임무요? 지금 그냥 여기서 살아남으려는 중인데요. '여기'가 어디든.	NonEKI:/zb/newSail/data.config.patch#/14/value/text
GLOSSARY_ABSENT	Sure	그래 (legacy uses=3)	new	5361	Um... Are you, uh... sure that's gonna... protect you from anything...?	음... 정말, 어... 그게 뭐든... 지켜줄 거예요...?	NonEKI:/radiomessages/tutorial.radiomessages.patch#/9/11/value/text
GLOSSARY_ABSENT	Type	유형 (legacy uses=5)	new	5367	Unconventional Pistol Affinity [DUELLIST TRAIT] - Disable SHORT-SIGHTED debuff and gain +20% [EWS] HIT CHANCE when using One-Handed Pistol-type weaponry.	비재래식 권총 친화 [결투사 특성] - 근시 디버프 비활성화 및 한 손 권총 계열 무기 사용 시 [EWS] 적중 확률 +20%.	GiC:/stats/effects/RACIAL/DUELLIST/gic_trait_duellist_pistolaffinity/gic_trait_duellist_pistolaffinity_primer.statuseffect#/label
GLOSSARY_ABSENT	Type	유형 (legacy uses=5)	new	5437	Unload Type-54 Mag	54식 탄창 비우기	GiC:/items/UNPACK_BUNDLE/gic_blackstar_762x25mm_mag_unpackbundle.activeitem#/shortdescription
GLOSSARY_ABSENT	NEXT	다음 (legacy uses=112)	new	5464	Used to unlock the door to the side-building next to the central castle.	중앙 성 옆 부속 건물 문 여는 데 사용.	GiC:/items/CHARACTER_STORIES/CRUSADE/gic_crusade_mountaincastle_daimyoroomkey.item#/description
GLOSSARY_ABSENT	Type	유형 (legacy uses=5)	new	5465	Uses individual 7.62x54mm rounds, and supports USM-type barrel attachments.	개별 7.62x54mm 탄 사용, USM형 총열 부착 지원.	GiC:/items/WEAPONS/RANGED/SNIPER_RIFLE/gic_m89/gic_m89_floran_pose.activeitem#/description
GLOSSARY_ABSENT	Sell	판매 (legacy uses=6)	new	5472	Various assortments of random documents, stationery, files, etc. An aspiring mind might consider stealing these to sell to an info broker. Such an idea seems sound for the big bucks until one realizes all they have are the rushed scribblings of a mom-and-pop shop's finances for the week.	각종 무작위 문서, 문구, 파일 등 모음. 야심 있는 사람은 이걸 훔쳐 정보 중개인에게 팔 생각을 할 수 있어요. 그런 생각은 큰돈 벌기 그럴듯해 보이지만, 가진 게 전부 동네 가게 일주일 재정의 허겁지겁 낙서임을 깨달을 때까지예요.	GiC:/items/MATERIALS/JUNK/gic_officejunk.item#/description
GLOSSARY_ABSENT	Type	유형 (legacy uses=5)	new	5489	"Vietnamese-style soup with a mixture of Pork, Beef, and Vegetables. Noodles are a type of food made from unleavened dough which is either rolled flat and cut, stretched, or extruded, into long strips or strings. The earliest written record of noodles was found in a book dated to the Eastern Han period (25-220 BC).

^#FFB941;Quality Meat - +50HP restored.
^#FFB941;Vegetables - +25 MAX HP for 15 minutes."	"돼지고기, 소고기, 야채 혼합 베트남식 수프. 국수는 무발효 반죽을 평평하게 밀어 자르거나, 늘리거나, 압출해 긴 가닥으로 만든 음식입니다. 국수의 최초 문서 기록은 동한 시대(기원전 25-220년) 책에서 발견됐습니다.

^#FFB941;양질 고기 - HP +50 회복.
^#FFB941;야채 - 15분간 최대 HP +25."	GiC:/items/FOODS/CUISINE/POT/gic_combinationnoodlesoup.consumable#/description
GLOSSARY_ABSENT	Type	유형 (legacy uses=5)	new	5515	"Wagyu Beef was one of the most expensive meats on Earth prior to the Grand Wars. It features marbling, meaning that streaks of fat exist within the red meat that make it tender and moist, while adding flavor.
  
The Grand Wars of the 22nd Century should've wiped this type of meat from existence, yet it can be found on the fringes of the Golden Trail."	"와규 소고기는 대전쟁 이전 지구에서 가장 비싼 고기 중 하나였습니다. 마블링이 특징으로, 붉은 고기 안 지방 줄무늬가 부드럽고 촉촉하게 하며 풍미를 더합니다.
  
22세기 대전쟁이 이 고기를 존재에서 지웠어야 했지만, 황금 가도 주변에서 발견될 수 있어요."	GiC:/items/FOODS/INGREDIENTS/gic_wagyubeef_cut.consumable#/description
GLOSSARY_ABSENT	Back	뒤로 (legacy uses=3)	new	5544	We saw. He's holed up in that closet, so it's not like he can go anywhere. The men will grab him and take him back for as fair of a trial that a hundred counts of murder and bribery can give. I don't doubt you'd want to see this case finally close, yes? I'll take you to the station so you can witness his trial.	봤어요. 저 벽장에 틀어박혀 어디 못 가요. 부하들이 잡아 백 건의 살인과 뇌물이 허락하는 공정한 재판으로 데려갈 거예요. 이 사건이 마침내 끝나는 걸 보고 싶을 거예요, 그죠? 재판을 보도록 관서로 데려갈게요.	GiC:/cinematics/CHARACTERS/AYA_SHAMEIMARU/gic_wildlands_ayashameimaru_mission_7_1_justiceending_a.cinematic#/panels/2/text
GLOSSARY_ABSENT	Back	뒤로 (legacy uses=3)	new	5550	We're going on a trip to the Letheia^orange; Erchius Mining Facility^reset;! If you ^green;go back to the ship's terminal^reset;, we can warp on over there.	레테이아^orange; 에르키우스 채광 시설^reset;로 여행 가요! ^green;함선 단말기로 돌아가면^reset; 거기로 워프할 수 있어요.	NonEKI:/quests/story/human_mission1.questtemplate.patch#/2/0/value
GLOSSARY_ABSENT	Items	아이템 (legacy uses=6)	new	5551	"We're just short of these items. If you could please buy these it would be very nice of you, dearie. You should be able to buy these from a Bowerbird store on the Wildlands world. Most space colonies otherwise don't seem to stock anything tasteful. Nobody wants to eat their food on a metal table.

I would go out myself, but I haven't been able to retract my wings since a long time ago... and, well, I am very pink. It would cause quite a stir. We'll start working once you bring the furniture. Thank you dearie."	"이 물건들이 조금 모자라요. 사주시면 정말 고마울 거예요, 얘야. 야생지 세계의 바우어버드 가게에서 살 수 있을 거예요. 다른 우주 식민지 대부분은 품위 있는 걸 안 파나 봐요. 금속 테이블에서 밥 먹길 원하는 사람은 없죠.

직접 가고 싶지만 오래전부터 날개를 접지 못하고... 그리고, 음, 전 매우 분홍색이에요. 큰 소란이 될 거예요. 가구 가져오면 작업 시작할게요. 고마워요 얘야."	GiC:/cinematics/CHARACTERS/MYSTIA_LORELEI/gic_mystialorelei_restaurantimprovementstart.cinematic#/panels/4/text
GLOSSARY_ABSENT	Buy	구매 (legacy uses=22)	new	5551	"We're just short of these items. If you could please buy these it would be very nice of you, dearie. You should be able to buy these from a Bowerbird store on the Wildlands world. Most space colonies otherwise don't seem to stock anything tasteful. Nobody wants to eat their food on a metal table.

I would go out myself, but I haven't been able to retract my wings since a long time ago... and, well, I am very pink. It would cause quite a stir. We'll start working once you bring the furniture. Thank you dearie."	"이 물건들이 조금 모자라요. 사주시면 정말 고마울 거예요, 얘야. 야생지 세계의 바우어버드 가게에서 살 수 있을 거예요. 다른 우주 식민지 대부분은 품위 있는 걸 안 파나 봐요. 금속 테이블에서 밥 먹길 원하는 사람은 없죠.

직접 가고 싶지만 오래전부터 날개를 접지 못하고... 그리고, 음, 전 매우 분홍색이에요. 큰 소란이 될 거예요. 가구 가져오면 작업 시작할게요. 고마워요 얘야."	GiC:/cinematics/CHARACTERS/MYSTIA_LORELEI/gic_mystialorelei_restaurantimprovementstart.cinematic#/panels/4/text
GLOSSARY_ABSENT	Back	뒤로 (legacy uses=3)	new	5553	We've done it! They're scattered! We've beat them back!	해냈어요! 흩어졌어요! 물리쳤어요!	GiC:/radiomessages/gic_missions.radiomessages#/gic_garden_marshlandvillage_battleofholbeckcreek_assaultover/text
GLOSSARY_ABSENT	Defense	방어력 (legacy uses=3)	new	5555	We... won. We won. We won the battle and held off the bandits... but there's so much blood on my hands now... that rush of battle... But just like with Bada, it was self-defense! I just had wished there was some other way to talk to those people.	우리... 이겼어요. 이겼어요. 전투에서 이기고 도적을 막았어요... 하지만 지금 손에 피가 너무 많아요... 그 전투의 질주... 하지만 바다 때처럼 자기방어였어요! 그 사람들과 말할 다른 방법이 있었길 바랐어요.	GiC:/cinematics/CHARACTERS/KOGASA_TATARA/gic_garden_marshlandvillage_battlevictory.cinematic#/panels/3/text
GLOSSARY_ABSENT	Sure	그래 (legacy uses=3)	new	5566	Well, I'm not sure what you did to get yourself here, but fortunately, your ship is still in one piece. It's sitting on the roof of the complex, so let's go find it!	음, 어떻게 여기 왔는지 모르겠지만 다행히 함선이 온전해요. 복합체 지붕에 있으니 찾으러 가요!	NonEKI:/radiomessages/nostosintro.radiomessages.patch#/3/value/text
GLOSSARY_ABSENT	Sure	그래 (legacy uses=3)	new	5567	Well, I'm sure you'll figure it out. Let's keep up the march. Any brigand is gonna think twice before trifling with us.	음, 알아내실 거예요. 행군 계속해요. 어떤 도적도 우리를 건드리기 전 두 번 생각할 거예요.	GiC:/cinematics/CHARACTERS/BADA/gic_garden_caravan_mission_1_2_NewFosseWayStation_travel.cinematic#/panels/23/text
GLOSSARY_ABSENT	Sure	그래 (legacy uses=3)	new	5573	Well, maybe no one would think it's weird, exactly, but they'd sure be checking you out.	음, 딱히 이상하다 생각할 사람은 없을지 몰라도, 분명 쳐다볼 거예요.	NonEKI:/radiomessages/tutorial.radiomessages.patch#/9/14/value/text
GLOSSARY_ABSENT	Sure	그래 (legacy uses=3)	new	5582	What an odd thing that is. I'm not sure what it does, or how old it is. Hopefully, putting it under a ^orange;microscope^reset; could tell us something about it.	이상한 물건이네요. 뭘 하는지 얼마나 오래됐는지 모르겠어요. ^orange;현미경^reset; 아래 두면 뭔가 알 수 있길 바라요.	NonEKI:/radiomessages/fu_resources.radiomessages.patch#/4/value/text
GLOSSARY_ABSENT	Back	뒤로 (legacy uses=3)	new	5595	"What was that?...

Alright, I'm going to make this quick. I'll get to work on the pictures and bagging anything that might be useful for us later. I'm not stupid, I think someone doesn't like us being here. Head back up and keep them off my back."	"방금 뭐였죠?...

좋아요, 빨리 할게요. 사진 작업하고 나중에 유용할 것들을 자루에 담을게요. 멍청하지 않아요, 누군가 우리가 여기 있는 걸 싫어하는 것 같아요. 위로 돌아가 제 등 뒤를 막아주세요."	GiC:/cinematics/CHARACTERS/AYA_SHAMEIMARU/gic_wildlands_ayashameimaru_mission_12_2_bradleypropertybasement.cinematic#/panels/3/text
GLOSSARY_ABSENT	Back	뒤로 (legacy uses=3)	new	5614	Whew... ^green;Okay, you made it!^reset; That was ridiculous. You should go back and talk to Dr. Akaggy now.	휴... ^green;좋아요, 해냈어요!^reset; 터무니없었어요. 이제 돌아가 아카기 박사와 얘기하세요.	NonEKI:/radiomessages/mech.radiomessages.patch#/4/1/value/text
GLOSSARY_ABSENT	Back	뒤로 (legacy uses=3)	new	5703	Yo, buddy, you're gonna need that Matter Manipulator! Go back and grab it, now!	이봐요, 친구, 그 물질 조작기가 필요할 거예요! 돌아가 가져오세요, 지금!	NonEKI:/radiomessages/intro.radiomessages.patch#/2/4/value/text
GLOSSARY_ABSENT	Ready	준비 완료 (legacy uses=10)	new	5710	"You did fine work getting that treasure. Now there wasn't much treasure for any of us so you're only gettin' paid in a percent of what you found. That means you're entitled to a few days worth of rations. Look, you're like an alien to us here, and I'll be damned if you didn't just fall from the sky, so I don't want to hear you whinging.

But if you've got the drive for adventure... I can promise you shiploads of treasure on our next expedition, if you've got the stones for it, of course. Like last time, don't fuck around. Be ready for it, mate."	"보물 가져오는 데 잘했어. 우리 모두에게 보물이 많지 않아 넌 찾은 것의 일부 비율로만 받아. 즉 며칠치 배급분 자격이 있어. 봐, 넌 여기서 우리에게 외계인 같고 하늘에서 떨어졌다 해도 안 놀라니, 투덜거리는 소리 듣기 싫어.

하지만 모험심이 있다면... 물론 배짱이 있다면 다음 탐험에서 배짐보물을 약속해. 지난번처럼 놀지 마. 준비해, 친구."	GiC:/cinematics/CHARACTERS/THOMAS_VANE/gic_crusade_thomasvane_sherutovillage_start.cinematic#/panels/2/text
GLOSSARY_ABSENT	Sure	그래 (legacy uses=3)	new	5714	You don't need to worry about a crew, now. Your ship's in safe hands with me. If I were you, I'd love having a spaceship to myself! But, hey, if you wanna recruit some people to help out, it's your call; just please make sure they know what they're doing...	승무원 걱정은 이제 안 해도 돼요. 함선은 제 손에 안전해요. 당신이라면 혼자 우주선 갖는 게 좋을 거예요! 하지만, 이봐요, 도울 사람을 모집하고 싶으면 당신 결정이에요; 그들이 뭘 하는지 아는지만 확인해주세요...	NonEKI:/zb/newSail/data.config.patch#/12/value/text
GLOSSARY_ABSENT	Ready	준비 완료 (legacy uses=10)	new	5732	"You really did clear 'em, didn't you? Scouts are saying a few brigands are turning tail and running from the place now. Well, you've clearly proven yourself, so you're in. Come see me when you're all geared up and ready to go.

Just make sure that this is what you want. We're pouring everything we've got into this operation and good men are going to die. Don't join in on this if you don't think it's best for you."	"정말 정리했네요? 정찰병이 도적 몇이 그곳에서 꽁무니 빼 도망친대요. 음, 분명히 증명했으니 합격이에요. 장비 갖추고 준비되면 보세요.

이게 당신이 원하는 건지 확인만 해요. 이 작전에 가진 전부를 쏟고 좋은 사람들이 죽을 거예요. 최선 아니라 생각하면 합류하지 마세요."	GiC:/cinematics/CHARACTERS/WYMOND/gic_garden_wymond_2_survivalistraidprepare.cinematic#/panels/2/text
GLOSSARY_ABSENT	Sure	그래 (legacy uses=3)	new	5732	"You really did clear 'em, didn't you? Scouts are saying a few brigands are turning tail and running from the place now. Well, you've clearly proven yourself, so you're in. Come see me when you're all geared up and ready to go.

Just make sure that this is what you want. We're pouring everything we've got into this operation and good men are going to die. Don't join in on this if you don't think it's best for you."	"정말 정리했네요? 정찰병이 도적 몇이 그곳에서 꽁무니 빼 도망친대요. 음, 분명히 증명했으니 합격이에요. 장비 갖추고 준비되면 보세요.

이게 당신이 원하는 건지 확인만 해요. 이 작전에 가진 전부를 쏟고 좋은 사람들이 죽을 거예요. 최선 아니라 생각하면 합류하지 마세요."	GiC:/cinematics/CHARACTERS/WYMOND/gic_garden_wymond_2_survivalistraidprepare.cinematic#/panels/2/text
GLOSSARY_ABSENT	Sure	그래 (legacy uses=3)	new	5734	You say that there is a place I can go to, away from here? Well, I'm not sure if I could recreate what you did but I'll try. I'd do anything to get away from this place and into the stars.	여기서 멀리 갈 수 있는 곳이 있다고요? 음, 당신이 한 걸 재현할 수 있을지 모르겠지만 해볼게요. 이곳에서 벗어나 별들 속으로 가려면 뭐든 할 거예요.	GiC:/cinematics/CHARACTERS/BADA/gic_garden_bada_transfertobazaar.cinematic#/panels/2/text
GLOSSARY_ABSENT	Frozen	빙결 (legacy uses=3)	new	5736	"You seek, Shell.

You walk the frozen hell of the Khurtovynan world, where the weak and the afraid value their political rivalries over their own continued survival.

The inhabitants of this world are entrenched against each other in a campaign to unite the remnants of this world under the old People's Army, or the new Republic."	"무언가를 찾는군요, 셸.

약하고 두려움에 사로잡힌 자들이 생존보다 정치적 대립을 중시하는 쿠르토비나의 얼어붙은 지옥을 걷고 있습니다.

이 세계의 주민들은 구 인민군과 신생 공화국 중 어느 쪽이 세계의 잔재를 통일할지를 두고 서로 참호를 파고 맞서고 있습니다."	GiC:/cinematics/CHARACTERS/NAZRIN/gic_nazrin_planetencounter_khurtovyna.cinematic#/panels/2/text
GLOSSARY_ABSENT	Back	뒤로 (legacy uses=3)	new	5740	"You sure as hell brought in one hell of a case. The man dresses almost like an ancient-timey Royal Navy admiral. We've got plenty of funny people who'd already be out of place out there, but this Thomas guy you brought in is somehow even more out of place that I would've thought he was just some cosplayer at first.

We found him walking around aimlessly in one of the back alleys, blank-faced. He didn't say anything, just stared at everyone with wide eyes. He's in a holding room now, being tended to by one of the fairy nurses."	"정말 대단한 사건을 가져왔네요. 그 남자는 거의 고대 왕립 해군 제독처럼 입어요. 여기서 어울리지 않을 웃긴 사람들이 많지만, 가져온 이 토마스라는 사람은 어찌나 어울리지 않는지 처음엔 그냥 코스플레이어인 줄 알았어요.

뒷골목 하나를 멍한 얼굴로 목적 없이 돌아다니는 걸 발견했어요. 아무 말 안 하고 그냥 크게 뜬 눈으로 모두를 쳐다봤어요. 지금 보호실에 있고 요정 간호사 하나가 돌봐요."	GiC:/cinematics/CHARACTERS/TYLIAN_FERNSBY/gic_tylianfernsby_thomasvaneencounter.cinematic#/panels/2/text
GLOSSARY_ABSENT	Sure	그래 (legacy uses=3)	new	5740	"You sure as hell brought in one hell of a case. The man dresses almost like an ancient-timey Royal Navy admiral. We've got plenty of funny people who'd already be out of place out there, but this Thomas guy you brought in is somehow even more out of place that I would've thought he was just some cosplayer at first.

We found him walking around aimlessly in one of the back alleys, blank-faced. He didn't say anything, just stared at everyone with wide eyes. He's in a holding room now, being tended to by one of the fairy nurses."	"정말 대단한 사건을 가져왔네요. 그 남자는 거의 고대 왕립 해군 제독처럼 입어요. 여기서 어울리지 않을 웃긴 사람들이 많지만, 가져온 이 토마스라는 사람은 어찌나 어울리지 않는지 처음엔 그냥 코스플레이어인 줄 알았어요.

뒷골목 하나를 멍한 얼굴로 목적 없이 돌아다니는 걸 발견했어요. 아무 말 안 하고 그냥 크게 뜬 눈으로 모두를 쳐다봤어요. 지금 보호실에 있고 요정 간호사 하나가 돌봐요."	GiC:/cinematics/CHARACTERS/TYLIAN_FERNSBY/gic_tylianfernsby_thomasvaneencounter.cinematic#/panels/2/text
GLOSSARY_ABSENT	Back	뒤로 (legacy uses=3)	new	5743	"You want to go on... a date? I mean... sure, why not. We've been through some things haven't we? I've got first rights to where we're going then. I choose... Hmm...

I think...

There's a small shop back in that city I'd like to see again. I'm sure Jakobson has the place under control now, so safety shouldn't be a concern anymore. They do have some lovely stir fry there. So how about it?"	"데이트... 하고 싶어요? 그러니까... 그래요, 왜 안 돼요. 우리 몇 가지를 겪었잖아요? 그럼 어디 갈지 첫 선택권은 제게 있어요. 선택할게요... 음...

생각해보면...

그 도시의 작은 가게를 다시 보고 싶어요. 제이콥슨이 이제 그곳을 통제하고 있을 테니 안전은 더는 문제 아닐 거예요. 거기 맛있는 볶음요리가 있어요. 어때요?"	GiC:/cinematics/CHARACTERS/AYA_SHAMEIMARU/gic_wildlands_ayashameimaru_date_1_romance.cinematic#/panels/2/text
GLOSSARY_ABSENT	Sure	그래 (legacy uses=3)	new	5745	"You want to... have a date? With me? I'm sure you know that I am not truly a human, right?

Perhaps you jest so..."	"데이트... 하고 싶어요? 저랑요? 제가 진짜 인간이 아닌 건 아시죠?

농담이시겠죠..."	GiC:/cinematics/CHARACTERS/KOGASA_TATARA/gic_wildlands_kogasatatara_date_1_romance.cinematic#/panels/2/text
GLOSSARY_ABSENT	Sell	판매 (legacy uses=6)	new	5746	"You will encounter various merchants across your travels, who will offer different supplies and equipment for purchase.

Many will only handle currencies local to the world you're on, such as of those on Garden who only handle Grain Bags. Other more open markets may accept the standard physical Credits. Consider the local economy and make sure to pay attention to anything unique they may sell!"	"여행에서 구매용 다른 보급과 장비를 제공하는 여러 상인을 만날 거예요.

많은 이들이 당신이 있는 세계의 지역 화폐만 다뤄요, 정원에서 곡물 자루만 다루는 이들처럼. 더 개방된 시장은 표준 물리 크레딧을 받을 수 있어요. 지역 경제를 고려하고 그들이 파는 독특한 것에 주의하세요!"	GiC:/items/GUIDE_PIECES/CAT_5/gic_guide_merchants.item#/description
GLOSSARY_ABSENT	Sure	그래 (legacy uses=3)	new	5746	"You will encounter various merchants across your travels, who will offer different supplies and equipment for purchase.

Many will only handle currencies local to the world you're on, such as of those on Garden who only handle Grain Bags. Other more open markets may accept the standard physical Credits. Consider the local economy and make sure to pay attention to anything unique they may sell!"	"여행에서 구매용 다른 보급과 장비를 제공하는 여러 상인을 만날 거예요.

많은 이들이 당신이 있는 세계의 지역 화폐만 다뤄요, 정원에서 곡물 자루만 다루는 이들처럼. 더 개방된 시장은 표준 물리 크레딧을 받을 수 있어요. 지역 경제를 고려하고 그들이 파는 독특한 것에 주의하세요!"	GiC:/items/GUIDE_PIECES/CAT_5/gic_guide_merchants.item#/description
GLOSSARY_ABSENT	Wet	젖음 (legacy uses=4)	new	5749	"You'd think an entire society of peasant-survivors would know more on living out in the woods, huh? One time me and my buddies were attached to a battalion that had recently won their first battle. They were understandably high on their victory against the enemy but they all seemed to egg my boys on claiming that we were too old to fight this war... One of these guys... No coal for the grill, so he started shoving wet, thick firewood into it. Nearly burnt himself after trying to pour gasoline in and lighting up the grill.

[The convo appears to continue on for some time, with Bada continuing to tell his life story to Tylian]"	"농민 생존자 사회 전체가 숲 생활을 더 알 줄 알았죠? 한번은 제 친구들과 최근 첫 전투에서 이긴 대대에 배속됐어요. 적을 이긴 승리에 도취된 건 이해하지만, 우리가 이 전쟁을 싸우기 너무 늙었다며 제 부하들을 부추기는 것 같았어요... 이 사람들 중 하나가... 그릴에 석탄이 없다고 젖은 두꺼운 장작을 밀어 넣기 시작했어요. 휘발유 붓고 그릴 점화하려다 거의 자신을 태웠어요.

[대화는 한동안 계속되는 것 같고, 바다가 틸리안에게 자신의 인생 이야기를 계속 들려준다]"	GiC:/cinematics/CHARACTERS/TYLIAN_FERNSBY/gic_bazaarbetwixtrealms_tylianbada_catchupconverse.cinematic#/panels/8/text
GLOSSARY_ABSENT	Sure	그래 (legacy uses=3)	new	5752	"You're an immortal, aren't you? You have that distinct waft about you. The smell of potential, and depravity. An Immortal Shell, yet to learn of this new reality. Capable of growth and equally capable of degeneracy, but still only a hollow Shell...

This is the Bazaar Betwixt Realms, you can think of it as a sort of celestial settlement. It's a place where life is *almost* normal for those who have been displaced by unnatural means, perhaps not unlike you. Not that many would remain here, however.

The name's Tylian Fernsby. I run this place to make sure it remains aloft in its supernatural state. I was once a soldier and... a mediator. Nothing that my old lives could give me now. Well then, perhaps I'll tell what of you."	"불멸자죠, 그렇죠? 뚜렷한 냄새가 나요. 잠재와 타락의 냄새. 이 새 현실을 아직 배우지 않은 불멸의 셸. 성장할 수 있고 똑같이 퇴폐할 수 있지만 여전히 속 빈 셸뿐...

여긴 영역 사이 바자르예요, 일종의 천상 정착지라 생각하면 돼요. 아마 당신과 다름없이 비자연적 수단으로 옮겨진 이들에게 삶이 *거의* 정상인 곳이에요. 하지만 여기 남는 이는 많지 않아요.

이름은 틸리안 펀스비예요. 이곳이 초자연 상태로 떠 있게 운영해요. 한때 군인이었고... 중재자였어요. 옛 삶들이 지금 줄 수 있는 건 없어요. 그럼, 당신 얘기를 들어볼까요."	GiC:/cinematics/CHARACTERS/TYLIAN_FERNSBY/gic_tylianfernsby_intro_card_meeting.cinematic#/panels/2/text
GLOSSARY_ABSENT	NEXT	다음 (legacy uses=112)	new	5763	You've got to ^#71f2f6;position yourself right next to the door before you dash through^reset;. This'd be a lot easier if it was me running around in here, ya know.	대시로 지나가기 전 ^#71f2f6;문 바로 옆에 자신을 위치시켜야 해요^reset;. 여기서 뛰어다니는 게 저였으면 훨씬 쉬웠을 텐데요, 아시죠.	NonEKI:/radiomessages/techchallenge.radiomessages.patch#/1/4/6/value/text
GLOSSARY_ABSENT	Back	뒤로 (legacy uses=3)	new	5765	You've got yourself a shield. Time your blocks just right, and you can do a ^orange;shield bash^reset; that knocks back your attacker and damages them. Some species also get bonuses for perfectly timed blocks, and you might be one of them!	방패를 갖췄어요. 막기 타이밍을 잘 맞추면 공격자를 밀치고 피해 주는 ^orange;방패 밀치기^reset;를 할 수 있어요. 일부 종족은 완벽한 타이밍 막기에 보너스도 있고 당신도 해당될 수 있어요!	NonEKI:/radiomessages/exploration.radiomessages.patch#/7/4/value/text
GLOSSARY_ABSENT	Type	유형 (legacy uses=5)	new	5771	You've picked up [GiC] Weapon Attachment. These items can be attached onto any compatible [GiC] Weapon with the correct slots available. Note that tac-rails also matter in the case of sights: Rail-Type Sights cannot be placed on firearms lacking tac-rails on its sight slot. Likewise, Receiver-Type Sights cannot attach itself to a gun that already has a tac-rail present.	[GiC] 무기 부착물을 주웠어요. 이 아이템은 올바른 슬롯 있는 호환 [GiC] 무기에 부착할 수 있어요. 조준경의 경우 택레일도 중요: 레일형 조준경은 조준 슬롯에 택레일 없는 화기에 못 달아요. 마찬가지로 리시버형 조준경은 이미 택레일 있는 총에 못 붙어요.	GiC:/radiomessages/gic_generic.radiomessages#/gic_pickup_weaponattachment_augment/text
GLOSSARY_ABSENT	Type	유형 (legacy uses=5)	new	5772	You've picked up a [Plate Carrier]-type Augment. These augments can only be placed into [GiC] Plate Carriers. Whilst offering suitable protection, they can only do so much against modern weapons technology.	[플레이트 캐리어]형 증강을 주웠어요. 이 증강은 [GiC] 플레이트 캐리어에만 넣을 수 있어요. 적절한 보호를 주지만 현대 무기 기술엔 그만큼만 할 수 있어요.	GiC:/radiomessages/gic_generic.radiomessages#/gic_pickup_armorplate_augment/text
GLOSSARY_ABSENT	Madness	광기 (legacy uses=3)	new	5796	[15:08:28.176] [Error] Fatal Exception caught: (RadioMessageDatabaseException) Error loading radiomessages file /radiomessages/fu_madness.radiomessages	[15:08:28.176] [Error] 치명적 예외 발생: (RadioMessageDatabaseException) /radiomessages/fu_madness.radiomessages 무전 메시지 파일 로딩 오류	NonEKI:/radiomessages/fu_madness.radiomessages.patch#/15/value/text
GLOSSARY_ABSENT	CREW	승무원 (legacy uses=5)	new	5893	[A man is standing, sternly watching over his crew's activities. With no one else willing to hand you a job, this man seems to be the only one with something to say.]	[한 남자가 서서 부하들 활동을 엄격히 감시한다. 다른 아무도 일을 주려 하지 않아, 이 남자가 할 말 있는 유일한 사람 같다.]	GiC:/quests/CRUSADE/gic_crusade_deadvillage.questtemplate#/text
GLOSSARY_ABSENT	NEXT	다음 (legacy uses=112)	new	5894	[A number is written onto a piece of paper on the side of the box. A heart is drawn next to your name on the paper.]	[숫자가 상자 옆 종이에 쓰여 있다. 종이의 당신 이름 옆에 하트가 그려져 있다.]	GiC:/quests/KOISHI_KOMEIJI/gic_koishikomeiji_payphone_intro.questtemplate#/text
GLOSSARY_ABSENT	Ready	준비 완료 (legacy uses=10)	new	5899	"[A soldier flags you down]

Hey, here's our guy. Hopefully you got some real guns off that raid. Sure as hell makes me feel more safer, that's for sure. We'll be heading off soon, so pack your stuff when you're ready."	"[병사가 당신을 세운다]

이봐요, 우리 사람이에요. 그 습격에서 진짜 총 좀 얻었길 바라요. 확실히 더 안전한 기분 들게 해요, 확실해요. 곧 출발할 거니 준비되면 짐 싸요."	GiC:/cinematics/CHARACTERS/OUTCAST_EXPEDITION/gic_outcastexpedition_briefing.cinematic#/panels/1/text
GLOSSARY_ABSENT	Sure	그래 (legacy uses=3)	new	5899	"[A soldier flags you down]

Hey, here's our guy. Hopefully you got some real guns off that raid. Sure as hell makes me feel more safer, that's for sure. We'll be heading off soon, so pack your stuff when you're ready."	"[병사가 당신을 세운다]

이봐요, 우리 사람이에요. 그 습격에서 진짜 총 좀 얻었길 바라요. 확실히 더 안전한 기분 들게 해요, 확실해요. 곧 출발할 거니 준비되면 짐 싸요."	GiC:/cinematics/CHARACTERS/OUTCAST_EXPEDITION/gic_outcastexpedition_briefing.cinematic#/panels/1/text
GLOSSARY_ABSENT	Back	뒤로 (legacy uses=3)	new	5924	[After a day of work, everyone returns to their rooms and comes back to continue the work the next day.]	[하루 일 후, 모두 방으로 돌아갔다 다음날 돌아와 작업을 계속한다.]	GiC:/cinematics/CHARACTERS/MYSTIA_LORELEI/gic_mystialorelei_restaurantimprovementend.cinematic#/panels/12/text
GLOSSARY_ABSENT	Metal	금속 (legacy uses=3)	new	5925	"[Allied soldiers are discussing something just outside]

You've got to be kidding. This is all they've got? We came all the way here for a bunch of mangled guns and scrap metal. What a bloody waste of time and lives."	"[동맹 병사들이 바로 밖에서 뭔가 논의 중이다]

농담이죠. 이게 전부예요? 일부러 여기까지 와서 고작 망가진 총과 고철이라니. 시간과 목숨 낭비네요."	GiC:/cinematics/CHARACTERS/OUTCAST_EXPEDITION/gic_outcastexpedition_reachworkshop.cinematic#/panels/1/text
GLOSSARY_ABSENT	Metal	금속 (legacy uses=3)	new	5927	"[An exposed vent fan whirrs, exchanging air as it cools the interior of this building. While someone put a barrier here, it'd probably be best to install an actual cover.]

Obtain: Wiring Toolset and Scrap Metal."	"[노출된 환기 팬이 건물 내부를 식히며 공기를 교환한다. 누가 장벽을 뒀지만 실제 덮개를 다는 게 최선일 듯하다.]

획득: 배선 도구 세트와 고철."	GiC:/quests/BAZAAR/gic_bazaarbetwixtrealms_exposedventquest.questtemplate#/text
GLOSSARY_ABSENT	Back	뒤로 (legacy uses=3)	new	5935	[As the man returns home, 'Kasa' returns to you] I think I will stay here for a short while... To think on things. But I know I won't be here forever. I know you have already given me my life back, but I ask if you would know of any place where someone like me could stay.	[그 남자가 집으로 돌아가자 '카사'가 당신에게 돌아온다] 잠시 여기 있을 생각이에요... 생각 정리하려고요. 하지만 영원히 여기 있진 않을 거예요. 이미 목숨을 돌려주셨지만, 저 같은 사람이 머물 곳을 아시는지 묻고 싶어요.	GiC:/cinematics/CHARACTERS/KOGASA_TATARA/gic_garden_marshlandvillage_battlevictory.cinematic#/panels/6/text
GLOSSARY_ABSENT	Ready	준비 완료 (legacy uses=10)	new	5939	[Bada checks his compass and his notes before gesturing you and the men to ready themselves.]	[바다가 나침반과 쪽지를 확인한 뒤 당신과 부하들에게 준비하라 손짓한다.]	GiC:/quests/BADA/gic_garden_bada_4_thesteppesquest.questtemplate#/text
GLOSSARY_ABSENT	Sure	그래 (legacy uses=3)	new	5941	"[Bada walks in and remarks on the idol]

I'll be sure to take this idol down once I get my hands on some explosives. It feels like it's just staring down on me... smells like a curse."	"[바다가 들어와 우상에 대해 말한다]

폭발물을 손에 넣으면 이 우상을 꼭 무너뜨릴 거예요. 그냥 나를 내려다보는 것 같아요... 저주 냄새나요."	GiC:/cinematics/CHARACTERS/KOGASA_TATARA/gic_garden_kogasatatara_julianthechampion_end.cinematic#/panels/2/text
GLOSSARY_ABSENT	Ready	준비 완료 (legacy uses=10)	new	5942	"[Bada walks in on the conversation]

Miss, I've got all the equipment set up. When we're ready we can head off."	"[바다가 대화에 들어온다]

아가씨, 장비 다 설치했어요. 준비되면 출발할 수 있어요."	GiC:/cinematics/CHARACTERS/KOGASA_TATARA/gic_garden_kogasatatara_julianthechampion_start.cinematic#/panels/8/text
GLOSSARY_ABSENT	Bleeding	출혈 (legacy uses=4)	new	5944	[Bleeding Heart of Mockery]	[조롱의 피 흘리는 심장]	GiC:/monsters/BRIGHT/gic_abyssal_bleedingheartofmockery/gic_abyssal_bleedingheartofmockery.monstertype#/shortdescription
GLOSSARY_ABSENT	Metal	금속 (legacy uses=3)	new	5970	"[Expansion will continue forward, clearing away debris and repairing hallways for personnel use. Any critical equipment is replaced with smaller, more modern equivalents where possible.]

Obtain: 40x Scrap Metal and 40x Credits"	"[확장이 계속 전진해, 잔해를 치우고 인원용 복도를 수리한다. 중요 장비는 가능하면 더 작은 현대 등가물로 교체한다.]

획득: 고철 40개와 크레딧 40개"	GiC:/quests/SHIP_UPGRADES/gic_player_shipgradeT7.questtemplate#/text
GLOSSARY_ABSENT	Back	뒤로 (legacy uses=3)	new	5972	[Fall back!]	[후퇴!]	GiC:/items/CHARACTER_STORIES/KOGASA_TATARA/gic_marshlandvillage_holbeckdefeat.item#/shortdescription
GLOSSARY_ABSENT	Metal	금속 (legacy uses=3)	new	5981	"[Further upgrades could be made to re-expand towards the front of the ship. Destroyed components would be cleared away as rooms are reintegrated.]

Obtain: 40x Scrap Metal and 20x Credits"	"[함선 앞쪽으로 재확장하는 추가 업그레이드가 가능할 것이다. 파괴된 부품은 방이 재통합되며 치워진다.]

획득: 고철 40개와 크레딧 20개"	GiC:/quests/SHIP_UPGRADES/gic_player_shipgradeT5.questtemplate#/text
GLOSSARY_ABSENT	Items	아이템 (legacy uses=6)	new	5991	[He holds up a cigarette pack, and gestures to the various items around the place. He also reveals a conventional credit and points to the cigarette, then back to the credit. He then points to the credit and then to an item before making an 'X' with his hands. He then points to an artifact of some sort on his table and then gestures to some of the weapons and trinkets on the shelves.]	[그가 담배 갑을 들고 주변 여러 물건을 손짓한다. 일반 크레딧도 보여주고 담배를 가리켰다 크레딧을 가리킨다. 그리고 크레딧을 가리키고 물건을 가리키며 손으로 'X'를 만든다. 그리고 탁상의 어떤 유물을 가리키고 선반의 무기와 장신구들을 손짓한다.]	GiC:/cinematics/CHARACTERS/SILENCE/gic_silence_intro_card_meeting.cinematic#/panels/3/text
GLOSSARY_ABSENT	Back	뒤로 (legacy uses=3)	new	5991	[He holds up a cigarette pack, and gestures to the various items around the place. He also reveals a conventional credit and points to the cigarette, then back to the credit. He then points to the credit and then to an item before making an 'X' with his hands. He then points to an artifact of some sort on his table and then gestures to some of the weapons and trinkets on the shelves.]	[그가 담배 갑을 들고 주변 여러 물건을 손짓한다. 일반 크레딧도 보여주고 담배를 가리켰다 크레딧을 가리킨다. 그리고 크레딧을 가리키고 물건을 가리키며 손으로 'X'를 만든다. 그리고 탁상의 어떤 유물을 가리키고 선반의 무기와 장신구들을 손짓한다.]	GiC:/cinematics/CHARACTERS/SILENCE/gic_silence_intro_card_meeting.cinematic#/panels/3/text
GLOSSARY_ABSENT	CREW	승무원 (legacy uses=5)	new	6004	"[It takes some back-and-forth, but you manage to strike a deal: If the captain pacifies his crew, you'll help him make it to his old friend]

You son of a bitch... You... Argh, damn it all... I can barely... Damn you! Fine! We'll head back! But we'll be wasting our time if they're already dead!"	"[몇 번 왔다 갔다 하지만 거래를 성사시킨다: 선장이 부하들을 진정시키면, 그의 옛 친구에게 가는 걸 돕는다]

이 개자식... 너... 아, 망할... 간신히... 젠장! 좋아! 돌아가! 하지만 이미 죽었으면 시간 낭비야!"	GiC:/cinematics/CHARACTERS/THOMAS_VANE/gic_crusade_thomasvane_mountainoutskirts_end.cinematic#/panels/6/text
GLOSSARY_ABSENT	Back	뒤로 (legacy uses=3)	new	6004	"[It takes some back-and-forth, but you manage to strike a deal: If the captain pacifies his crew, you'll help him make it to his old friend]

You son of a bitch... You... Argh, damn it all... I can barely... Damn you! Fine! We'll head back! But we'll be wasting our time if they're already dead!"	"[몇 번 왔다 갔다 하지만 거래를 성사시킨다: 선장이 부하들을 진정시키면, 그의 옛 친구에게 가는 걸 돕는다]

이 개자식... 너... 아, 망할... 간신히... 젠장! 좋아! 돌아가! 하지만 이미 죽었으면 시간 낭비야!"	GiC:/cinematics/CHARACTERS/THOMAS_VANE/gic_crusade_thomasvane_mountainoutskirts_end.cinematic#/panels/6/text
GLOSSARY_ABSENT	Items	아이템 (legacy uses=6)	new	6018	"[Lorelei hands you a small blank receipt with the items listed on it]

- 6x Restaurant Stools
- 3x Restaurant Tables
- 6x Ornate Chandeliers
- 1x Ornate Glass Door"	"[로렐라이가 목록 적힌 작은 빈 영수증을 건넨다]

- 레스토랑 의자 6개
- 레스토랑 테이블 3개
- 장식 샹들리에 6개
- 장식 유리문 1개"	GiC:/cinematics/CHARACTERS/MYSTIA_LORELEI/gic_mystialorelei_restaurantimprovementstart.cinematic#/panels/3/text
GLOSSARY_ABSENT	Back	뒤로 (legacy uses=3)	new	6042	[Pushing on through their bickering, the three of you prepare to haul the chest back to the ship.]	[옥신각신을 뚫고, 셋이 상자를 함선으로 운반할 준비를 한다.]	GiC:/cinematics/CHARACTERS/THOMAS_VANE/gic_crusade_thomasvane_deadvillage_end.cinematic#/panels/4/text
GLOSSARY_ABSENT	Metal	금속 (legacy uses=3)	new	6089	"[The final expansion will open up the front of the ship to act as a small observation deck, but also equip the front of the ship with a multipurpose autocannon. This enables the player to use the ship to provide artillery support on the ground.]

Obtain: 40x Scrap Metal and 40x Credits"	"[최종 확장은 함선 앞을 열어 작은 관측 갑판으로 쓰고, 함선 앞에 다목적 자동포도 장착한다. 이로써 플레이어가 함선으로 지상 포격 지원을 할 수 있다.]

획득: 고철 40개와 크레딧 40개"	GiC:/quests/SHIP_UPGRADES/gic_player_shipgradeT8.questtemplate#/text
GLOSSARY_ABSENT	Back	뒤로 (legacy uses=3)	new	6093	"[The mob, still angry, shout at the soldier]

Then what the hell about this beast? We deal with this first! The wretch has terrorized this village for long enough. And we thought it stopped till it came back today! What say of everyone?

[The mob roars in unison, seeming to demand an execution!]"	"[여전히 화난 군중이 병사에게 소리친다]

그럼 이 짐승은 어쩌고? 이걸 먼저 처리해! 이 놈이 이 마을을 충분히 오래 공포에 떨게 했어. 멈췄다 생각했는데 오늘 돌아왔어! 모두 어떻게 생각해?

[군중이 일제히 포효하고, 처형을 요구하는 듯하다!]"	GiC:/cinematics/CHARACTERS/KOGASA_TATARA/gic_garden_marshlandvillage_discontentmob.cinematic#/panels/9/text
GLOSSARY_ABSENT	Metal	금속 (legacy uses=3)	new	6094	"[The next expansion recovers parts of the original cargo bay that was once used to transport a small complement of troops.]

Obtain: 40x Scrap Metal and 20x Credits"	"[다음 확장은 한때 소규모 병력 수송에 쓰인 원래 화물칸 일부를 회복한다.]

획득: 고철 40개와 크레딧 20개"	GiC:/quests/SHIP_UPGRADES/gic_player_shipgradeT6.questtemplate#/text
GLOSSARY_ABSENT	Ready	준비 완료 (legacy uses=10)	new	6095	"[The soldier pulls out a pistol and fires into the air]

Shut the fuck up. Forget about her. If she wanted to kill any one of you she would've done it already. Now get ready to pack up and leave. We'll have only a few days left so unless you want your boys strung up on poles and girls used as their meat-toys, let's get ourselves together!"	"[병사가 권총을 꺼내 공중으로 쏜다]

닥쳐. 그녀는 잊어. 너희 중 누구라도 죽이려 했으면 벌써 했어. 이제 싸서 떠날 준비해. 며칠밖에 안 남았으니 아들들이 장대에 매달리고 딸들이 고기 장난감 되길 원치 않으면, 정신 차려!"	GiC:/cinematics/CHARACTERS/KOGASA_TATARA/gic_garden_marshlandvillage_discontentmob.cinematic#/panels/10/text
GLOSSARY_ABSENT	Back	뒤로 (legacy uses=3)	new	6096	"[The soldier shouts back in confusion]

Fuck me! You're telling me I've been shooting at you this whole time? I thought I had sights on that wretch! Why did I see you come from where that thing was?"	"[병사가 혼란스럽게 소리친다]

젠장! 계속 당신을 쐈다고? 그놈에게 조준 맞춘 줄 알았어! 왜 그것이 있던 곳에서 당신이 나온 걸 봤지?"	GiC:/cinematics/CHARACTERS/KOGASA_TATARA/gic_garden_marshlandvillage_stopthesniper.cinematic#/panels/4/text
GLOSSARY_ABSENT	Back	뒤로 (legacy uses=3)	new	6099	[The village has been lost! You have to fall back!]	[마을을 잃었다! 후퇴해야 한다!]	GiC:/quests/MARSHLAND_VILLAGE/gic_garden_marshlandvillage_5_battledefeattriggerquest.questtemplate#/text
GLOSSARY_ABSENT	Ready	준비 완료 (legacy uses=10)	new	6114	[Tylian appears to have prepared a few dozen folders on something. He seems ready to give you another job.]	[틸리안이 뭔가의 서류 수십 부를 준비한 듯하다. 다른 일을 줄 준비가 된 것 같다.]	GiC:/quests/TYLIAN/gic_tylian_planetincentive_khurtovyna_investigationquest.questtemplate#/text
GLOSSARY_ABSENT	Back	뒤로 (legacy uses=3)	new	6118	"[Uragirimono reveals a talisman]

You know what this is? It's a little talisman with your name on it. I have sacrificed everything to Othniel's Pagans for this. I even had to find a piece of your hair for this. When I put this on you, it will remove you from this world as if you never existed. Your soul will never reach the heavens. But don't worry, you'll come back in a few hundred years. It'll be like you just went for a sleep.

And you will return to a Gensokyo without your cities or your kind. You will wander this world after we have restored the natural order of the youkai, and you will become nothing."	"[우라기리모노가 부적을 꺼낸다]

이게 뭔지 알아? 네 이름 적힌 작은 부적이야. 이걸 위해 오트니엘의 이교도들에게 모든 걸 바쳤어. 네 머리카락 한 올까지 찾아야 했지. 이걸 네게 붙이면 이 세계에서 널 지워, 존재한 적 없는 것처럼. 네 영혼은 천국에 못 가. 하지만 걱정 마, 몇백 년 후 돌아올 거야. 그냥 잠들었다 온 것처럼.

그리고 네 도시도 네 종도 없는 환상향으로 돌아올 거야. 우리가 요괴의 자연 질서를 복원한 후 이 세계를 떠돌고, 아무것도 아니게 될 거야."	GiC:/cinematics/CHARACTERS/YOUKAI_MOUNTAIN_MEMORY/gic_youkaimountainmemory_sanctuary.cinematic#/panels/9/text
GLOSSARY_ABSENT	Back	뒤로 (legacy uses=3)	new	6126	"[WRITTEN]

There's good money for willing divers like you. If you've got the balls to risk your life for something special or just need some hard cash, then you need to prove yourself. Recover a low-level keycard from the People's Army Prison. Any will do. Come back here with it, and it will unlock the door behind me. Good luck."	"[기록됨]

당신 같은 의지 있는 잠수부에게 좋은 돈이 있어. 특별한 걸 위해 목숨 걸 배짱이나 그냥 현금이 필요하면, 스스로 증명해. 인민군 감옥에서 저급 키카드를 회수해. 아무거나 돼. 그걸 갖고 돌아오면 내 뒤 문이 열려. 행운을 빌어."	GiC:/cinematics/CHARACTERS/SILENCE/gic_silence_intro_card_meeting.cinematic#/panels/5/text
GLOSSARY_ABSENT	Metal	금속 (legacy uses=3)	new	6128	"[While the ship is now functional, many of its interior rooms have been sealed off prior due to damage and age. The vessel is old, but with some contractors it could be re-expanded to provide some more room again.]

Obtain: 20x Scrap Metal and 10x Credits"	"[함선이 이제 작동하지만, 손상과 노후로 많은 내부 방이 미리 봉인됐다. 선체는 오래됐지만, 시공업자들로 다시 확장해 공간을 늘릴 수 있다.]

획득: 고철 20개와 크레딧 10개"	GiC:/quests/SHIP_UPGRADES/gic_player_shipgradeT4.questtemplate#/text
GLOSSARY_ABSENT	Ready	준비 완료 (legacy uses=10)	new	6129	"[While you yourself may not be the best of character, you grab the captain and demand 'Why?']

What else do you want from me? You haven't seen this world you damned alien! You don't know what hell is out there! There's no more point to all this piracy, all these wars, this false hope! I am not ready yet to make my peace with this world until I see my old friend again! It's been too long! What else is there to live for here but death and undeath? So be it that a few peasants die, they had nothing in their miserable lives!"	"[당신이 최고의 인물은 아니지만, 선장을 붙잡고 '왜?'라 요구한다]

나한테 뭘 더 원해? 이 세계를 안 봤잖아 이 망할 외계인! 저 밖에 어떤 지옥인지 몰라! 이 해적질, 이 전쟁들, 이 거짓 희망에 더 이상 의미 없어! 옛 친구를 다시 보기 전엔 이 세계와 화해할 준비가 안 됐어! 너무 오래됐어! 여기서 죽음과 불사 외 살 이유가 뭐야? 농민 몇이 죽는다 치자, 비참한 삶에 아무것도 없었어!"	GiC:/cinematics/CHARACTERS/THOMAS_VANE/gic_crusade_thomasvane_mountainoutskirts_end.cinematic#/panels/5/text
GLOSSARY_ABSENT	A Rock	바위 (legacy uses=25)	new	6135	"[With Thomas becoming increasingly frantic, you do anything to put him back on track and remind him that his ship still functions, and that there's still enough villagers to man the ship]

These are fishermen, you whale-jelly fool! Do you think they're going to be able to man cannons let alone know how sail rigging works? They won't make it over the horizon before they hit a rock and sink her, let alone crossing the seas without the stars. I don't know if you've noticed but we don't have stars to guide us anymore. Just coastlines and rocks."	"[토마스가 점점 격해지자, 그를 제자리로 돌리고 함선이 아직 작동하고 함선을 운용할 마을 사람이 충분하다고 일깨우려 뭐든 한다]

이들은 어부야, 고래 젤리 바보야! 돛 조작은커녕 대포를 운용할 수 있을 것 같아? 수평선 넘기 전 암초에 부딪혀 침몰할 거야, 별 없이 바다 건너기는커녕. 눈치챘는지 모르지만 우릴 이끌 별이 이제 없어. 해안선과 암초뿐이야."	GiC:/cinematics/CHARACTERS/THOMAS_VANE/gic_crusade_thomasvane_sherutoraid_end.cinematic#/panels/3/text
GLOSSARY_ABSENT	Back	뒤로 (legacy uses=3)	new	6135	"[With Thomas becoming increasingly frantic, you do anything to put him back on track and remind him that his ship still functions, and that there's still enough villagers to man the ship]

These are fishermen, you whale-jelly fool! Do you think they're going to be able to man cannons let alone know how sail rigging works? They won't make it over the horizon before they hit a rock and sink her, let alone crossing the seas without the stars. I don't know if you've noticed but we don't have stars to guide us anymore. Just coastlines and rocks."	"[토마스가 점점 격해지자, 그를 제자리로 돌리고 함선이 아직 작동하고 함선을 운용할 마을 사람이 충분하다고 일깨우려 뭐든 한다]

이들은 어부야, 고래 젤리 바보야! 돛 조작은커녕 대포를 운용할 수 있을 것 같아? 수평선 넘기 전 암초에 부딪혀 침몰할 거야, 별 없이 바다 건너기는커녕. 눈치챘는지 모르지만 우릴 이끌 별이 이제 없어. 해안선과 암초뿐이야."	GiC:/cinematics/CHARACTERS/THOMAS_VANE/gic_crusade_thomasvane_sherutoraid_end.cinematic#/panels/3/text
GLOSSARY_ABSENT	Ready	준비 완료 (legacy uses=10)	new	6138	[With your deal, you ready yourself to put down the likely mutiny Thomas' crew are about to perform.]	[거래로, 토마스의 승무원이 곧 일으킬 반란을 진압할 준비를 한다.]	GiC:/quests/CRUSADE/gic_crusade_sherutoraid.questtemplate#/text
GLOSSARY_ABSENT	Type	유형 (legacy uses=5)	new	6160	"[You explain that you're not explicitly here for any treasure, but you begin to question his motives]

I've been tryin' to fund my personal expedition into this shithole for the last few years, but the war's gone on too long and the curse has made piracy riskier than it already is. Argh... I'll tell you why I'm here. I'm here to find a man. He's the Lord of this province. A daimyo, they call 'em. Pretty high-up noble type. He's an old buddy of mine, but the Holy Machinarius Empire want a bite out of the province's resources."	"[명시적으로 보물 때문이 아님을 설명하지만, 그의 동기를 묻기 시작한다]

지난 몇 년 이 개소굴로 개인 탐험 자금을 대려 했어, 하지만 전쟁이 너무 길어졌고 저주가 해적질을 원래보다 더 위험하게 만들었어. 아... 왜 여기 있는지 말해줄게. 한 남자를 찾으러 왔어. 이 지방의 영주야. 다이묘라 불러. 꽤 높은 귀족이야. 내 옛 친구인데, 신성 마키나리우스 제국이 지방 자원을 한 입 먹으려 해."	GiC:/cinematics/CHARACTERS/THOMAS_VANE/gic_crusade_thomasvane_mountainoutskirts_end.cinematic#/panels/3/text
GLOSSARY_ABSENT	Back	뒤로 (legacy uses=3)	new	6162	"[You have a small discussion on the state of things in the galaxy]

Well, if you didn't know, then you're actually not too far off from what I know. Not much info circulating out there on the circumstances. The whole of humanity started eating itself once they fell. Nobody does courier work anymore, most planetary intranets are out of order, and most governments are too busy trying to wage petty wars against eachother. Right back into bloody space feudalism.

Heard about the Alliance of Independent Stations doing a bit better, but not by much."	"[은하 정세에 관해 짧게 이야기를 나눈다]

음, 몰랐다고 해도 제가 아는 것과 크게 다르진 않습니다. 정황에 대한 정보가 거의 돌지 않아요. 연합 체계가 무너지자 인류 전체가 서로를 집어삼키기 시작했습니다. 이제 운송 일을 하는 사람도 없고, 대부분의 행성 인트라넷은 먹통이며, 정부들은 사소한 전쟁을 벌이느라 바쁩니다. 피비린내 나는 우주 봉건제로 돌아간 셈이죠.

독립 관제소 연합은 조금 낫다고 들었지만, 큰 차이는 없습니다."	GiC:/cinematics/CHARACTERS/TYLIAN_FERNSBY/gic_tylianfernsby_planetincentive_eskhatos.cinematic#/panels/5/text
GLOSSARY_ABSENT	Back	뒤로 (legacy uses=3)	new	6178	"[You prod at the captain more, questioning his motives further, and demanding to know why he'd damn a village]

Well if you already told them I left they'll want my head on a pike soon enough. They'll probably start burning the village once they realize I'm not coming back. Argh... I needed something to cover my arse. Something to distract them while I slipped out where I needed. They were already gettin' antsy without the taste of rum or a woman in weeks. Without some place to take the fall, they'd have turned to me to crucify!"	"[선장을 더 다그쳐 동기를 캐묻고, 왜 마을을 파멸로 몰아넣었는지 추궁한다]

음 이미 내가 떴다 말했으면 곧 내 목을 장대에 달고 싶을 거야. 내가 안 돌아온다 깨닫자마자 아마 마을을 불태우기 시작할 거야. 아... 내 뒤를 가릴 게 필요했어. 필요한 곳으로 빠져나가는 동안 그들의 주의를 돌릴 것. 럼이나 여자 맛 없이 몇 주라 이미 안절부절했어. 책임 짊어질 곳 없으면 날 십자가에 못 박았을 거야!"	GiC:/cinematics/CHARACTERS/THOMAS_VANE/gic_crusade_thomasvane_mountainoutskirts_end.cinematic#/panels/4/text
GLOSSARY_ABSENT	Items	아이템 (legacy uses=6)	new	6185	[You see what appears to be a man heavily-clad in armor and a gasmask. He seems to be a merchant of sorts as he's manning what appears to be a stand. There are items of various kinds and you can see some packed away in bags or cabinets. You also realize that you cannot see his eyes through his mask.]	[갑옷과 방독면으로 무장한 남자로 보이는 이를 본다. 노점 같은 걸 지키고 있어 상인인 듯하다. 여러 종류 물건이 있고 자루나 캐비닛에 포장된 것도 보인다. 가면 너머 그의 눈을 볼 수 없다는 것도 깨닫는다.]	GiC:/cinematics/CHARACTERS/SILENCE/gic_silence_intro_card_meeting.cinematic#/panels/2/text
GLOSSARY_ABSENT	Sure	그래 (legacy uses=3)	new	6194	"^#6f6f6f;$ crew 
^cyan;>You don't need to worry about a crew, now. Your ship's in safe hands with me. If I were you, I'd love having a spaceship to myself! But, hey, if you wanna recruit some people to help out, it's your call; just please make sure they know what they're doing..."	"^#6f6f6f;$ 승무원 
^cyan;>승무원 걱정은 이제 안 해도 돼요. 함선은 제 손에 안전해요. 당신이라면 혼자 우주선 갖는 게 좋을 거예요! 하지만, 이봐요, 도울 사람을 모집하고 싶으면 당신 결정이에요; 그들이 뭘 하는지 아는지만 확인해주세요..."	NonEKI:/ai/ai.config.patch#/2/9/value/text
GLOSSARY_ABSENT	Sure	그래 (legacy uses=3)	new	6195	"^#6f6f6f;$ missions 
^cyan;>Um, I'm not sure what this menu's for. Missions? What missions? We're kinda just trying to survive out here right now. Wherever 'here' is."	"^#6f6f6f;$ 임무 
^cyan;>음, 이 메뉴가 뭔지 모르겠어요. 임무? 무슨 임무요? 지금 그냥 여기서 살아남으려는 중인데요. '여기'가 어디든."	NonEKI:/ai/ai.config.patch#/2/10/value/text
GLOSSARY_ABSENT	Back	뒤로 (legacy uses=3)	new	6321	"^#EA3C0B;Blasting Fire: Shots at close-range deal heavy damage, as well as knocking the enemy and player back^reset; | ^yellow;Cannot hit targets beyond these ranges.^reset;
^orange;HIT CHANCE replaced with CRIT CHANCE. CRIT Shots increase pellet DMG by 3x.^reset;
^#EA3C0B;Front-Rank Fire: Shots are packed with large consistent pellets, dealing 5x50 additional damage | Fast reloads.^reset;

Loads Standard Shot ONLY."	"^#EA3C0B;폭사: 근거리 사격이 중피해와 적·플레이어 넉백^reset; | ^yellow;이 거리 밖 목표 명중 불가.^reset;
^orange;적중 확률이 치명타 확률로 대체. 치명타 사격이 탄환 피해 3배.^reset;
^#EA3C0B;전열 사격: 사격이 크고 일관된 탄환으로 5x50 추가 피해 | 빠른 재장전.^reset;

표준 산탄만 장전."	GiC:/items/WEAPONS/RANGED/BLACKPOWDER/gic_wymonds_pistol/gic_wymonds_pistol.activeitem#/description
GLOSSARY_ABSENT	Defense	방어력 (legacy uses=3)	new	6386	^#F0523C;[MV-3] The Defense	^#F0523C;[MV-3] 방어	GiC:/quests/MARSHLAND_VILLAGE/gic_garden_marshlandvillage_3_kasareturnsquest.questtemplate#/title
GLOSSARY_ABSENT	Back	뒤로 (legacy uses=3)	new	6391	^#F0523C;[MV] Fall back!	^#F0523C;[MV] 후퇴!	GiC:/quests/MARSHLAND_VILLAGE/gic_garden_marshlandvillage_5_battledefeattriggerquest.questtemplate#/title
GLOSSARY_ABSENT	Gold	금 (legacy uses=3)	new	6445	"^gold;''Everyone pays, one way or another...''^reset;
An odd stack of four coins with anomalous properties. Thrown coins ^yellow;match the player's velocity^reset;. When damaged ^red;BY ANYTHING^reset;, coins will accelerate toward the nearest coin or enemy for ^yellow;x1.75 damage^reset;, ^red;inheriting the damage type received^reset;. If a damage threshold is reached, an ^red;explosion^reset; will trigger. Thrown coins will return to you after 3 seconds, ^yellow;even if you're holding something else.^reset;
^orange;Ancient Riches: Flashing coins split when hit.^reset;"	"^gold;''모두가 치러요, 이런저런 방법으로...''^reset;
이례적 특성을 가진 네 개 동전 묶음. 던진 동전이 ^yellow;플레이어 속도에 맞춰짐^reset;. ^red;무엇으로든^reset; 피해를 받으면 동전이 가장 가까운 동전이나 적을 향해 가속해 ^yellow;1.75배 피해^reset;, ^red;받은 피해 유형 상속^reset;. 피해 임계에 도달하면 ^red;폭발^reset; 발동. 던진 동전은 3초 후 ^yellow;다른 걸 들고 있어도^reset; 돌아옴.
^orange;고대 재물: 반짝이는 동전이 맞으면 분열.^reset;"	GiC:/items/WEAPONS/UTILITY/gic_cointoss/gic_cointoss.activeitem#/description
GLOSSARY_ABSENT	Explosives	폭발물 (legacy uses=3)	new	6476	^orange;Ammonium sulfate^reset; is the key ingredient to all your agricultural utilities, such as fertilizers, pesticides, and live explosives.	^orange;황산암모늄^reset;은 비료, 살충제, 생폭약 같은 모든 농업 도구의 핵심 재료예요.	NonEKI:/radiomessages/fu_resources.radiomessages.patch#/6/value/text
GLOSSARY_ABSENT	Explosives	폭발물 (legacy uses=3)	new	6519	^orange;Explosives Workstation^white;	^orange;폭약 작업대^white;	GiC:/objects/CRAFTING/WORKBENCH/gic_explosives_workstation/gic_explosives_workstation.object#/shortdescription
GLOSSARY_ABSENT	Type	유형 (legacy uses=5)	new	6550	^orange;Methanol^reset; is a versatile type of alcohol you can use to make a variety of things. If you need some at any time, it's easy to get if you extract some wood.	^orange;메탄올^reset;은 여러 것을 만드는 데 쓸 수 있는 다용도 알코올이에요. 언제든 필요하면 나무를 추출해 쉽게 얻을 수 있어요.	NonEKI:/radiomessages/fu_resources.radiomessages.patch#/38/value/text
GLOSSARY_ABSENT	Type	유형 (legacy uses=5)	new	6553	^orange;Mutavisk silk^reset; is an alien type of silk produced by mutavisk plants. It's stronger than regular silk, and it insulates against radiation.	^orange;뮤타비스크 비단^reset;은 뮤타비스크 식물이 만드는 외계 비단이에요. 일반 비단보다 강하고 방사선도 차단해요.	NonEKI:/radiomessages/fu_resources.radiomessages.patch#/24/value/text
GLOSSARY_ABSENT	Explosives	폭발물 (legacy uses=3)	new	6564	"^orange;Place in offhand slot next to detonator in hotbar to link explosives. Caution! Removing the detonator or explosives from a connected hotbar will permanently unlink any placed explosives!^reset;

It is estimated that IEDs were responsible for at least 64% of Coalition force deaths on Earth during the 2043-2051 Iraq War. Cases of PTSD regarding IEDs can include hyper-vigilance which can severely interfere with civilian life through constant stress from perceived IEDs and threats."	"^orange;단축키 바의 기폭장치 옆 보조 슬롯에 놓아 폭약 연결. 주의! 연결된 단축키 바에서 기폭장치나 폭약을 빼면 설치된 모든 폭약 연결이 영구 해제됨!^reset;

IED가 2043-2051년 이라크 전쟁 중 지구 연합군 사망의 최소 64%를 차지한 것으로 추정됩니다. IED 관련 PTSD 사례는 IED와 위협에 대한 지속적 스트레스로 민간 생활을 심각하게 방해하는 과다경계를 포함할 수 있습니다."	GiC:/items/WEAPONS/UTILITY/gic_remotelydetonated_explosives/gic_remoteexplosive.activeitem#/description
GLOSSARY_ABSENT	NEXT	다음 (legacy uses=112)	new	6564	"^orange;Place in offhand slot next to detonator in hotbar to link explosives. Caution! Removing the detonator or explosives from a connected hotbar will permanently unlink any placed explosives!^reset;

It is estimated that IEDs were responsible for at least 64% of Coalition force deaths on Earth during the 2043-2051 Iraq War. Cases of PTSD regarding IEDs can include hyper-vigilance which can severely interfere with civilian life through constant stress from perceived IEDs and threats."	"^orange;단축키 바의 기폭장치 옆 보조 슬롯에 놓아 폭약 연결. 주의! 연결된 단축키 바에서 기폭장치나 폭약을 빼면 설치된 모든 폭약 연결이 영구 해제됨!^reset;

IED가 2043-2051년 이라크 전쟁 중 지구 연합군 사망의 최소 64%를 차지한 것으로 추정됩니다. IED 관련 PTSD 사례는 IED와 위협에 대한 지속적 스트레스로 민간 생활을 심각하게 방해하는 과다경계를 포함할 수 있습니다."	GiC:/items/WEAPONS/UTILITY/gic_remotelydetonated_explosives/gic_remoteexplosive.activeitem#/description
GLOSSARY_ABSENT	Explosives	폭발물 (legacy uses=3)	new	6565	"^orange;Place in offhand slot next to detonator in hotbar to link explosives. Caution! Removing the detonator or explosives from a connected hotbar will permanently unlink any placed explosives!^reset;

Plastic Explosives capable of being attached to walls and other thin solid structures. ^#E89B4E;When detonated the charge is able to pierce any single-block wall (including tile-protected blocks) with a hail of shrapnel as well as stunning any poor fellow close enough to the blast.^reset;"	"^orange;단축키 바의 기폭장치 옆 보조 슬롯에 놓아 폭약 연결. 주의! 연결된 단축키 바에서 기폭장치나 폭약을 빼면 설치된 모든 폭약 연결이 영구 해제됨!^reset;

벽과 다른 얇은 고체 구조물에 부착 가능한 플라스틱 폭약. ^#E89B4E;기폭 시 장약이 어떤 단일 블록 벽(타일 보호 블록 포함)도 파편 세례로 관통하며 폭발에 충분히 가까운 불쌍한 자를 기절시킴.^reset;"	GiC:/items/WEAPONS/UTILITY/gic_remotelydetonated_explosives/gic_remotebreachingcharge.activeitem#/description
GLOSSARY_ABSENT	NEXT	다음 (legacy uses=112)	new	6565	"^orange;Place in offhand slot next to detonator in hotbar to link explosives. Caution! Removing the detonator or explosives from a connected hotbar will permanently unlink any placed explosives!^reset;

Plastic Explosives capable of being attached to walls and other thin solid structures. ^#E89B4E;When detonated the charge is able to pierce any single-block wall (including tile-protected blocks) with a hail of shrapnel as well as stunning any poor fellow close enough to the blast.^reset;"	"^orange;단축키 바의 기폭장치 옆 보조 슬롯에 놓아 폭약 연결. 주의! 연결된 단축키 바에서 기폭장치나 폭약을 빼면 설치된 모든 폭약 연결이 영구 해제됨!^reset;

벽과 다른 얇은 고체 구조물에 부착 가능한 플라스틱 폭약. ^#E89B4E;기폭 시 장약이 어떤 단일 블록 벽(타일 보호 블록 포함)도 파편 세례로 관통하며 폭발에 충분히 가까운 불쌍한 자를 기절시킴.^reset;"	GiC:/items/WEAPONS/UTILITY/gic_remotelydetonated_explosives/gic_remotebreachingcharge.activeitem#/description
GLOSSARY_ABSENT	Sure	그래 (legacy uses=3)	new	6570	^orange;Pristal shards^reset; are a crystal-metal hybrid that can be forged into ^orange;prisilite^reset;, which you can then make into some very shiny equipment. It's also one of the three components of tritanium alloy, so be sure to pick some up for that, if nothing else.	^orange;프리스탈 파편^reset;은 수정-금속 혼합물로 ^orange;프리실라이트^reset;로 단조할 수 있고, 그걸로 아주 반짝이는 장비를 만들 수 있어요. 또한 트리타늄 합금의 세 구성 요소 중 하나이니 다른 목적이 없어도 꼭 주워가세요.	NonEKI:/radiomessages/fu_ore.radiomessages.patch#/0/value/text
GLOSSARY_ABSENT	Buy	구매 (legacy uses=22)	missed	116	Just once I'd like to see her buy the drinks. Just one time. Is that too much to ask?	딱 한 번이라도 그녀가 술값 내는 걸 보고 싶다. 딱 한 번. 그게 무리인가?	
GLOSSARY_ABSENT	Back	뒤로 (legacy uses=3)	missed	188	So you came back!	돌아왔구나!	
GLOSSARY_ABSENT	Back	뒤로 (legacy uses=3)	missed	192	Come back so I can kill you!	돌아와라, 죽여주게!	
GLOSSARY_ABSENT	Back	뒤로 (legacy uses=3)	missed	193	Hey come back!	이봐, 돌아와!	
GLOSSARY_ABSENT	Back	뒤로 (legacy uses=3)	missed	329	Look at this place. Might be time to head back.	이 꼴 좀 봐. 돌아갈 때가 됐나 봐.	
GLOSSARY_ABSENT	Metal	금속 (legacy uses=3)	missed	342	Eat metal!	쇠맛이나 봐라!	
GLOSSARY_ABSENT	Name	이름 (legacy uses=7)	missed	422	What do you think's a good article name, dear?	자기 생각엔 어떤 기사 제목이 좋을까?	
GLOSSARY_ABSENT	Sure	그래 (legacy uses=3)	missed	423	Did you make sure the fridge was filled?	냉장고 채워놨는지 확인했어?	
GLOSSARY_ABSENT	Sure	그래 (legacy uses=3)	missed	427	Did you make sure to brush your teeth?	양치질은 확실히 했어?	
GLOSSARY_ABSENT	Back	뒤로 (legacy uses=3)	missed	505	Why is ''cuck'' duct-taped to your back?	네 등엔 왜 ''빌어먹을''이 덕테이프로 붙어있냐?	
GLOSSARY_ABSENT	Wet	젖음 (legacy uses=4)	missed	506	Why is your nipple wet?	네 젖꼭지는 왜 젖었어?	
GLOSSARY_ABSENT	Ready	준비 완료 (legacy uses=10)	missed	543	Gotta be ready for the next assignment.	다음 임무에 대비해야지.	
GLOSSARY_ABSENT	Explosives	폭발물 (legacy uses=3)	missed	578	^#E89B4E;Explosives Kit^reset;	^#E89B4E;폭약 키트^reset;	
GLOSSARY_ABSENT	Sure	그래 (legacy uses=3)	missed	779	Thiss place sure beats living in shitty huts...	여긴 확실히 누추한 오두막보다 낫네...	
GLOSSARY_ABSENT	Defense	방어력 (legacy uses=3)	missed	843	Behemoth Train Defense	베헤모스 열차 방어전	
GLOSSARY_ABSENT	Back	뒤로 (legacy uses=3)	missed	903	One day the Grounded will take back Avos. Soon, my brother...	언젠가 그라운드가 아보스를 되찾을 거야. 곧, 형제여...	
GLOSSARY_ABSENT	Back	뒤로 (legacy uses=3)	missed	904	One day the Grounded will take back Avos. Soon...	언젠가 그라운드가 아보스를 되찾을 거야. 곧...	
GLOSSARY_ABSENT	Back	뒤로 (legacy uses=3)	missed	961	Might head back to rejoin the Gestalt. Living here isn't worth it.	게슈탈트로 돌아갈까 생각 중이야. 여기 사는 건 가치 없어.	
GLOSSARY_ABSENT	Back	뒤로 (legacy uses=3)	missed	965	So much for free-thinking folk like us. Maybe the Gestalt'll take us back in to live better lives.	우리 같은 자유사상가들에게 이런 대접이라니. 게슈탈트가 다시 받아줘서 더 나은 삶을 살 수 있을지도.	
GLOSSARY_ABSENT	Back	뒤로 (legacy uses=3)	missed	1030	If he comes back I'll earn another promotion.	놈이 돌아오면 또 진급하겠어.	
GLOSSARY_ABSENT	Back	뒤로 (legacy uses=3)	missed	1034	Keep your eyes open. He could be back.	눈 똑바로 떠. 다시 올 수도 있어.	
GLOSSARY_ABSENT	Back	뒤로 (legacy uses=3)	missed	1037	Screw it, I'm going back.	됐다, 돌아간다.	
GLOSSARY_ABSENT	Back	뒤로 (legacy uses=3)	missed	1038	Forget it, I'm going back.	잊자, 돌아간다.	
GLOSSARY_ABSENT	Exact	완전 일치 (legacy uses=5)	missed	1072	The United Systems. They are the exact opposite of what peace is. Their entire society is based around war and they relish in power.	연합 체계. 평화와 정반대다. 사회 전체가 전쟁에 기반하고 권력을 탐닉한다.	
GLOSSARY_ABSENT	Type	유형 (legacy uses=5)	missed	1181	What'sss your favourite type of plant?	좋아하는 식물 종류가 뭐야?	
GLOSSARY_ABSENT	Sure	그래 (legacy uses=3)	missed	1207	I'm sure I've seen you somewhere before.	널 어디선가 본 것 같아.	
GLOSSARY_ABSENT	Back	뒤로 (legacy uses=3)	missed	1223	Back in the days of old, it was all stock back then.	옛날엔 전부 순정이었지.	
GLOSSARY_ABSENT	Back	뒤로 (legacy uses=3)	missed	1237	Me & my comrades quickly dove back into our trench to escape the barrage, but some of our comrades were not so lucky. Many trying to crawl back inside while bullets wailed & impaled them from behind, making sure they didn't come back. One, a young fresh conscript from Nosko station, was close to getting back in. I wanted to get back out & try to save him, but I knew that would ultimately kill me as well. The boy was struck moments later like all the rest.	나와 전우들은 포화를 피해 재빨리 참호로 뛰어들었지만, 몇몇 전우는 운이 없었다. 총탄이 울부짖으며 등을 꿰뚫는 가운데 많은 이들이 기어 돌아오려 했고, 다시는 못 돌아오게 만들었다. 노스코 기지에서 온 어린 신병 하나가 거의 돌아올 뻔했다. 나가서 그를 구하고 싶었지만, 그러면 나도 죽을 게 뻔했다. 소년은 곧 다른 이들처럼 맞았다.	
GLOSSARY_ABSENT	Sure	그래 (legacy uses=3)	missed	1237	Me & my comrades quickly dove back into our trench to escape the barrage, but some of our comrades were not so lucky. Many trying to crawl back inside while bullets wailed & impaled them from behind, making sure they didn't come back. One, a young fresh conscript from Nosko station, was close to getting back in. I wanted to get back out & try to save him, but I knew that would ultimately kill me as well. The boy was struck moments later like all the rest.	나와 전우들은 포화를 피해 재빨리 참호로 뛰어들었지만, 몇몇 전우는 운이 없었다. 총탄이 울부짖으며 등을 꿰뚫는 가운데 많은 이들이 기어 돌아오려 했고, 다시는 못 돌아오게 만들었다. 노스코 기지에서 온 어린 신병 하나가 거의 돌아올 뻔했다. 나가서 그를 구하고 싶었지만, 그러면 나도 죽을 게 뻔했다. 소년은 곧 다른 이들처럼 맞았다.	
GLOSSARY_ABSENT	Back	뒤로 (legacy uses=3)	missed	1240	There's no ignoring it either. No matter what I can see them. Sometimes... I even stare right back at them. Right back into those cold hollow eyes as if I'm trying to appease or acknowledge what they are doing! Its making me feel sick. Hopefully when the blizzard gets stronger it will blanket him in snow.	무시할 수도 없다. 뭘 하든 그것들이 보인다. 가끔은... 나도 똑바로 쳐다본다. 그 차갑고 텅 빈 눈을 똑바로 보며, 마치 그들이 하는 일을 달래거나 인정하려는 듯이! 속이 메스꺼워진다. 눈보라가 세져서 눈이 그를 덮어주길 바란다.	
GLOSSARY_ABSENT	Frozen	빙결 (legacy uses=3)	missed	1242	If I wasn't the only one seeing this... it would make me feel better. But no. I haven't heard shit from anyone about fucking corpses. Nobody has even fucking acknowledged its existence! I'm truly alone in this. I'm the only one who can see... him. I know it's him. Haunting me. Torturing me. I can't even sleep. I dream about him crawling his way into our trench and killing me. Putting his frozen hand over my mouth as he stares blankly into my eyes!	나만 이걸 보는 게 아니라면... 기분이 나을 텐데. 하지만 아니다. 빌어먹을 시체 얘기를 아무한테서도 못 들었다. 존재 자체를 인정하는 놈도 없어! 이 일에 나는 완전히 혼자다. 보이는 건 나뿐이야... 그가. 그놈인 걸 알아. 날 괴롭히고 있어. 고문하고 있어. 잠도 못 자. 그가 참호로 기어 들어와 날 죽이는 꿈을 꿔. 내 눈을 멍하니 쳐다보며 얼어붙은 손으로 내 입을 막는 꿈을!	
GLOSSARY_ABSENT	Frozen	빙결 (legacy uses=3)	missed	1243	And then I wake up. Restless. Cold. Gasping for air. I just want it to stop! He's angry that I didn't try to rescue him, but I had no choice god damnit!! I've been in this frozen hell for four years!! I CANT die now!! I wanna see my family again!! If I went out there I would have been on the snow just like you!! So leave me the fuck alone!!	그리고 나는 깬다. 뒤척이며. 차갑게. 숨을 헐떡이며. 그만두게 해줘! 내가 구하러 안 간 게 화난 거지만, 어쩔 수 없었잖아 젠장!! 이 얼어붙은 지옥에서 4년째야!! 지금 죽을 수 없어!! 가족을 다시 보고 싶어!! 거기 나갔으면 나도 너처럼 눈 위에 있었을 거야!! 그러니 좀 꺼져!!	
GLOSSARY_ABSENT	Back	뒤로 (legacy uses=3)	missed	1244	I know what he wants. I finally get it. After a month of his torment I finally know what he wants. I need... I MUST bring him back!! I will get him! Tonight, when it gets really dark I'll crawl my way to him & drag him back here! Then I'll be forgiven! And it will all stop! No more nightmares, no more whispers, no more of anything! He'll go home and I can keep fighting this stupid war! Then I'll be home eventually! Everything will be set right!	그가 뭘 원하는지 알아. 드디어 알았어. 한 달의 고문 끝에 드디어 그가 뭘 원하는지 알았어. 데려와야 해... 반드시 데려와야 해!! 내가 데려오겠어! 오늘 밤, 완전히 어두워지면 그에게 기어가서 이리로 끌고 오겠어! 그러면 용서받을 거야! 그리고 전부 멈출 거야! 악몽도, 속삭임도, 뭐든 더는 없어! 그는 집에 가고 나는 이 멍청한 전쟁을 계속 싸울 수 있어! 그러면 언젠가 나도 집에 가! 모든 게 바로잡힐 거야!	
GLOSSARY_ABSENT	Back	뒤로 (legacy uses=3)	missed	1245	"It's time. I can toss these stupid notes into a fire when I get back. If anyone finds these I'd almost certainly get committed, which is no better than dying after four years of war. 

I'm coming to get you."	"때가 됐다. 돌아가면 이 멍청한 쪽지들을 불에 던질 수 있어. 누가 이걸 발견하면 난 거의 확실히 감금될 텐데, 그건 4년 전쟁 끝에 죽는 것보다 나을 게 없다.

데리러 갈게."	
GLOSSARY_ABSENT	Blood	피 (legacy uses=9)	missed	1330	Daring. First blood gets first rounds on me!	대담. 선혈을 먼저 뽑는 놈한테 술값은 내가 낸다!	
GLOSSARY_ABSENT	Back	뒤로 (legacy uses=3)	missed	1386	Hey come back! So I can kill you myself!	이봐 돌아와! 내 손으로 죽이게!	
GLOSSARY_ABSENT	Back	뒤로 (legacy uses=3)	missed	1411	You came back!?	돌아왔어!?	
GLOSSARY_ABSENT	Type	유형 (legacy uses=5)	missed	1532	An entertainment cabinet playing Starburner. Not my type of game.	스타버너를 재생하는 오락장치. 내 취향 게임은 아니다.	
GLOSSARY_ABSENT	Type	유형 (legacy uses=5)	missed	1798	This armored vehicle is entirely mechanical and serves as a type law enforcement.	이 장갑 차량은 완전히 기계식이며 일종의 치안 수단이다.	
GLOSSARY_ABSENT	Sure	그래 (legacy uses=3)	missed	1861	Optimistic. I'm sure you won't be any trouble.	낙관. 말썽은 안 부릴 것 같군.	
GLOSSARY_ABSENT	Type	유형 (legacy uses=5)	missed	1881	I hear the Alliance are developing a new type of infantry. One that can turn an untrained soldier into a full squad.	연합이 신형 보병을 개발 중이래. 훈련 안 받은 병사를 통째 분대로 만드는 거래.	
GLOSSARY_ABSENT	Type	유형 (legacy uses=5)	missed	1882	Saw an ad for a Type-7 Spacecraft. Don't know what is, but I want it.	7형 우주선 광고를 봤어. 뭔지는 모르지만 갖고 싶어.	
GLOSSARY_ABSENT	Type	유형 (legacy uses=5)	missed	1904	The appearance of the P-115 instances were not able to be attributed to any specific D-type subject.	P-115 개체의 출현은 특정 D형 대상으로는 설명할 수 없었다.	
GLOSSARY_ABSENT	Tool	도구 (legacy uses=6)	missed	2026	Cheap Hylotl piece of shit tool.	싸구려 히로틀 고철 공구.	
GLOSSARY_ABSENT	Tool	도구 (legacy uses=6)	missed	2030	This is the best working tool I've ever had.	가져본 공구 중에 제일 잘 작동해.	
GLOSSARY_ABSENT	Back	뒤로 (legacy uses=3)	missed	2035	Whoever isn't putting back the tools is going to get an ass-whooping.	공구 안 갖다 놓는 놈은 엉덩이 좀 맞아야 해.	
GLOSSARY_ABSENT	Tool	도구 (legacy uses=6)	missed	2038	Ah fuck, now I remember where I put that tool.	아 젠장, 그 공구 어디 뒀는지 이제 기억났어.	
GLOSSARY_ABSENT	Buy	구매 (legacy uses=22)	missed	2040	Should buy some ear protection later.	이따 귀마개 좀 사야겠어.	
GLOSSARY_ABSENT	Back	뒤로 (legacy uses=3)	missed	2071	Cheering. They speak in the Devil's tongue! Send them back to hell!	환호. 악마의 언어로 말한다! 지옥으로 돌려보내!	
GLOSSARY_ABSENT	Back	뒤로 (legacy uses=3)	missed	2072	Hopeful. May God grant you the strength and courage to send the buggers back into the filth!	희망. 신이 자네에게 힘을 주사, 놈들을 때려눕혀 오물로 돌려보내게!	
GLOSSARY_ABSENT	Type	유형 (legacy uses=5)	missed	2122	[This type of vessel utilizes a hardpoint system that was popular during the Golden Trail-era, where very small but potent turrets would be hidden under the hull when out of combat.]	[이 선박 형식은 골든 트레일 시대에 유행한 하드포인트 체계를 사용하며, 작지만 강력한 포탑이 비전투 시 선체 아래에 숨겨진다.]	
GLOSSARY_ABSENT	Back	뒤로 (legacy uses=3)	missed	2180	Back off.	물러나.	
GLOSSARY_ABSENT	Defense	방어력 (legacy uses=3)	missed	2214	Our situation in regards to our technological prowess is heavily dependent on the resources we can obtain. Whilst the remains of the 'Outside World' grants us glimpses into the society we once had, it is not enough to simply know. Gunpowder would significantly expedite the armament process of our troops and it is something that is readily mined from your lands. Magicians are still far too expensive for this land, and we cannot wholly rely on youkai for our defense.	기술력에 관한 우리 상황은 얻을 수 있는 자원에 크게 좌우된다. '바깥 세계'의 잔해가 옛 사회의 단면을 보여주긴 하지만, 아는 것만으론 부족하다. 화약은 우리 군대의 무장 과정을 크게 앞당길 것이며 그대들 땅에서 쉽게 채굴할 수 있다. 마술사는 이 땅에 아직 너무 고가이며, 방어를 전적으로 요괴에 의존할 수도 없다.	
GLOSSARY_ABSENT	Ready	준비 완료 (legacy uses=10)	missed	2215	I have also sent alongside a Petrovich Gun to be gifted to the military forces of the Tengu, crewed by returning members of your garrison force. Jarl Hanne will also be seeking audience with some of your council members in order to demonstrate the Model-1 Field Mortar. Both of these weapons are powered by magic, which our Magitechnicians are ready to teach to your kind, if you are willing to trade your gunpowder.	텐구의 군사력에 증정할 페트로비치 건도 함께 보냈으며, 귀환하는 그대들 수비대원이 운용할 것이다. 얄 한네는 또한 그대 평의원 몇 명을 알현해 모델-1 야전박격포를 시연하려 할 것이다. 이 두 무기 모두 마력으로 작동하며, 우리 마법기술자들이 그대들에게 가르칠 준비가 되어 있다 — 화약을 교환할 의사가 있다면.	
GLOSSARY_ABSENT	Ready	준비 완료 (legacy uses=10)	missed	2268	The takeover of the city has gone as expected. The underground network has done remarkable work in undermining the efforts of the police, and as such our direct assault on all known police strongholds have been largely successful. Resistance is minimal at best, with many officers having already converted to our cause long before the attack. In a few weeks, we will be ready to begin the conversion of the populace once the rituals have been completed.	도시 장악은 예상대로 진행됐다. 지하 조직망이 경찰의 노력을 무력화하는 데 놀라운 성과를 냈고, 그 덕에 알려진 모든 경찰 거점에 대한 직접 공격이 대체로 성공했다. 저항은 기껏 미미하며, 많은 경관이 공격 훨씬 전부터 우리 대의에 귀의했다. 의식이 완료되면 몇 주 안에 민중의 개종을 시작할 준비가 될 것이다.	
GLOSSARY_ABSENT	Confirmation	확인 (legacy uses=4)	missed	2375	"When our pastor gathered us into the church soon after, and started spewing out all that hateful garbage. It was the final bit of confirmation for everything I had been feeling for years.

They had come to our gates many times. And every time they arive we give them screams, shouts, & bullets. I stopped taking guard duty from that point on, and switched to foraging."	"곧 목사가 우리를 교회로 불러 모으고 그 혐오스러운 쓰레기를 쏟아내기 시작했을 때. 그건 내가 몇 년간 느껴온 모든 것에 대한 마지막 확증이었어.

그들은 여러 번 우리 문 앞에 왔어. 그리고 올 때마다 우린 비명과 고함과 총알을 줬지. 난 그 뒤로 경비 근무를 그만두고 채집으로 바꿨어."	
GLOSSARY_ABSENT	Back	뒤로 (legacy uses=3)	missed	2376	"''Foraging'', or just camping out in the woods alone for a few days, was the only bit of peace I could bring to myself for at least the next several years.

I was idiotically content to keep this cycle going. I didn't want to confront the reality of our situation, and how much it had devolved. Life was back to being a grey blur of nothingness."	"''채집'', 아니 그냥 혼자 숲에서 며칠 캠핑하는 건, 적어도 그다음 몇 년간 내게 가져올 수 있는 유일한 평화였어.

난 이 순환을 계속하는 데 멍청할 만큼 만족했어. 우리 상황의 현실과 얼마나 타락했는지 직면하고 싶지 않았거든. 삶은 다시 아무것도 아닌 잿빛 흐릿함이 됐어."	
GLOSSARY_ABSENT	Items	아이템 (legacy uses=6)	missed	2596	You should calibrate the portal by attuning it to your consciousness. Bring me items it can use to replicate your experiences, <entityname>.	의식에 맞춰 포털을 조율해야 해. 네 경험을 복제하는 데 쓸 수 있는 물건을 가져와, <entityname>.	
GLOSSARY_ABSENT	Blood	피 (legacy uses=9)	missed	2662	Fresh blood stain...	선선한 핏자국...	
GLOSSARY_ABSENT	Defense	방어력 (legacy uses=3)	missed	2703	Chapter 2 'Gazri' - Part 5a: Flagship Defense	2장 '가즈리' - 5부a: 기함 방어전	
GLOSSARY_ABSENT	Frozen	빙결 (legacy uses=3)	missed	2841	A ^#61ffe3;frozen^white; place, formed of ice - the permafrost runs deep here. Snow storms are common, and ^red;temperatures are dangerously low^white;.	얼음으로 이루어진 ^#61ffe3;동결된 ^white;곳 - 영구동토층이 깊다. 눈보라가 흔하고 ^red;기온이 위험할 만큼 낮다^white;.	
GLOSSARY_ABSENT	Frozen	빙결 (legacy uses=3)	missed	2842	This ^red;dangerously cold.^white; landing site is ^#61ffe3;frozen^white; solid. High likelihood of accidental self-cryopreservation. Protect yourself from the cold.	이 ^red;위험할 만큼 추운 ^white;착륙 지점은 꽁꽁 ^#61ffe3;얼어 있다^white;. 우발적 자가 냉동보존 가능성이 높다. 추위로부터 몸을 지켜라.	
GLOSSARY_ABSENT	Frozen	빙결 (legacy uses=3)	missed	2843	^red;Temperatures at the beam site are dangerously low^white;. The area is ^#61ffe3;frozen^white;, and inhabited only by flora and fauna that are extremely resistant to the cold.	^red;빔 지점의 기온이 위험할 만큼 낮다^white;. 지역은 ^#61ffe3;동결되어 ^white;있고 극도로 내한성인 식생과 동물만 서식한다.	
GLOSSARY_ABSENT	Defense	방어력 (legacy uses=3)	missed	2945	[Speak to the soldier when you think you're ready to play a part in the town's defense.]	[마을 방어에 참여할 준비가 됐다고 생각하면 병사와 대화하라.]	
GLOSSARY_ABSENT	Ready	준비 완료 (legacy uses=10)	missed	2945	[Speak to the soldier when you think you're ready to play a part in the town's defense.]	[마을 방어에 참여할 준비가 됐다고 생각하면 병사와 대화하라.]	
GLOSSARY_ABSENT	Sure	그래 (legacy uses=3)	missed	2954	Office work sure beats dying to a bullet...	사무직이 총알 맞아 죽는 것보단 낫지...	
GLOSSARY_ABSENT	Type	유형 (legacy uses=5)	missed	3074	I don't get it. Why are Type-7 Freighters so common!?	이해가 안 돼. 왜 7형 화물선이 그렇게 흔한 거야!?	
GLOSSARY_ABSENT	Buy	구매 (legacy uses=22)	missed	3082	I might buy a pet from the shops.	상점에서 애완동물 살까 봐.	
GLOSSARY_ABSENT	Sure	그래 (legacy uses=3)	missed	3115	Office work sure beats dying to a bullet.	사무직이 총알 맞아 죽는 것보단 낫지.	
GLOSSARY_ABSENT	Back	뒤로 (legacy uses=3)	missed	3116	You look like fun. How much they pay you for some back alley action?	재밌어 보이네. 뒷골목 행위에 얼마 받아?	
GLOSSARY_ABSENT	Type	유형 (legacy uses=5)	missed	3124	Meat is my favourite type of food.	고기는 내가 제일 좋아하는 음식이야.	
GLOSSARY_ABSENT	Type	유형 (legacy uses=5)	missed	3131	Leavess for hair. No different than your type of hair.	머리카락 대신 잎사귀. 네 머리털이랑 다를 거 없어.	
GLOSSARY_ABSENT	Weed	잡초 (legacy uses=3)	missed	3137	No leaves? You're missing out on the mobile weed shit, my dude.	잎사귀 없어? 움직이는 풀질을 놓치고 있네, 친구.	
GLOSSARY_ABSENT	Back	뒤로 (legacy uses=3)	missed	3139	Sorry about the whole 'we're gonna kill you' with those primitives a while back.	얼마 전 원시인들이 '널 죽이겠다' 한 거 미안해.	
GLOSSARY_ABSENT	Metal	금속 (legacy uses=3)	missed	3197	Look alive, metal man.	정신 차려, 철인.	
GLOSSARY_ABSENT	Back	뒤로 (legacy uses=3)	missed	3246	After it was all said & done we just stood there. Felt like we stood on that ground for a million years with nothing but the wind howling and snow blowing into our faces. Then our NCO told us to pack up & get back into the train. And so we did. Not saying a single word till after we were on our way. It's not that any of us felt guilty. Far from. We just couldn't believe nearly an entire town had stooped low enough to give themselves to the Reds.	모든 게 말하고 끝난 뒤 우린 그저 거기 서 있었다. 바람이 울부짖고 눈이 얼굴에 날리는 가운데 백만 년쯤 그 땅에 서 있던 것 같았다. 그러자 하사관이 짐 싸서 열차로 돌아가라고 했다. 그리고 우린 그랬다. 출발할 때까지 단 한 마디도 안 하면서. 누가 죄책감을 느껴서가 아니다. 전혀. 마을 하나가 통째로 자신들을 적색파에게 바칠 만큼 저속해졌다는 게 믿기지 않았을 뿐이다.	
GLOSSARY_ABSENT	Type	유형 (legacy uses=5)	missed	3280	While atmospheric aircraft are cheap, they are not ecologically-friendly nor are they strong against any type of spacecraft. Primitives...	대기권 비행기는 싸지만 친환경적이지도 않고 어떤 우주선 상대로도 강하지 않다. 원시인들...	
GLOSSARY_ABSENT	Ice	얼음 (legacy uses=11)	missed	3358	"If it wasn't the airship it could have been a bullet, or a shell, even the ice cold temperatures. But how does 30 men just disappear? What was inside the machine this entire time?

And who or what is using its siren? These thoughts will never escape my mind for as long as I have left to live. I just want answers damnit."	"비행선이 아니었다면 총알이었을 수도, 포탄이었을 수도, 얼어붙을 듯한 추위였을 수도 있다. 하지만 30명이 어떻게 통째로 사라지나? 저 기계 안엔 처음부터 뭐가 있었던 거지?

그리고 그 사이렌을 울리는 건 누구, 무엇인가? 이 생각들은 내가 살아있는 한 머리에서 떠나지 않을 것이다. 젠장 답이 필요하다."	
GLOSSARY_ABSENT	Defense	방어력 (legacy uses=3)	missed	3362	We will be moving through the swamps on our final patrol before returning to Akeman for the major military campaign ahead of us. They are sending calls for all combat-capable men across the nation, though I fear it may hamper our defense against the bandits. They have not revealed to us who we are fighting, but I believe it to be one final attack against all of the bandit nests across the countryside.	우리는 앞으로의 대규모 군사 작전을 위해 아케만으로 귀환하기 전 마지막 순찰로 습지를 지날 것이다. 전국의 전투 가능한 모든 남성에게 소집령을 내리고 있지만, 그게 도적에 대한 방어를 약화시킬까 걱정된다. 누구와 싸우는지 우리에게 밝히진 않았지만, 시골 도적 소굴 전체에 대한 마지막 공격일 것으로 믿는다.	
GLOSSARY_ABSENT	Back	뒤로 (legacy uses=3)	missed	3439	It didn't used to be this bad. Back then you would have ships come and go every day, delivering supplies, delivering people.	예전엔 이렇게 나쁘지 않았어. 그땐 매일 함선이 오가며 보급품과 사람을 실어 날랐지.	
GLOSSARY_ABSENT	Back	뒤로 (legacy uses=3)	missed	3521	Come back anytime.	언제든 다시 와.	
GLOSSARY_ABSENT	Back	뒤로 (legacy uses=3)	missed	3522	Come back anytime, hah!	언제든 다시 와, 하하!	
GLOSSARY_ABSENT	Wet	젖음 (legacy uses=4)	missed	3599	"[The book seems to be a log for keeping track of inventory, but most of the pages are wet and... slimy. One of the few pages still readable sticks out to you.]

Caelin writing. Beginning as of the year the vessel crashed near our sanctuary, we had become burdened with a specific aspect of our society that is threatened with undermining the very home we have worked so hard for."	"[이 책은 재고 기록 일지인 듯하지만 대부분의 페이지가 젖어... 끈적거린다. 읽을 수 있는 몇 안 되는 페이지 하나가 눈에 띈다.]

케일린 씀. 함선이 우리 성역 근처에 추락한 그 해를 시작으로, 우리는 우리가 그토록 애써 세운 집 자체를 잠식할 위험이 있는 사회의 특정 요소에 짓눌리게 되었다."	
GLOSSARY_ABSENT	Buy	구매 (legacy uses=22)	missed	3687	A TV. With an augment you wouldn't ever need to buy these big bulky screens.	TV. 보강 장치가 있으면 이런 크고 투박한 화면은 살 필요가 없다.	
GLOSSARY_ABSENT	Sure	그래 (legacy uses=3)	missed	3766	Bloody remarkable... I'm sure it's quite obvious, but this isn't natural, not even for the scholars of the Gensokyan universities. As usual, I have a little something for you.	빌어먹을 대단하네... 뻔하겠지만, 이건 자연이 아니야, 환상향 대학의 학자들에게조차. 늘 그렇듯, 너한테 줄 게 좀 있어.	
GLOSSARY_ABSENT	Back	뒤로 (legacy uses=3)	missed	3792	You came back for the pain!	아픔 맛보러 돌아왔구나!	
GLOSSARY_ABSENT	Back	뒤로 (legacy uses=3)	missed	4054	I hope everything can turn back to normal.	모든 게 원래대로 돌아가면 좋겠어.	
GLOSSARY_ABSENT	Back	뒤로 (legacy uses=3)	missed	4131	I LOVE YOU! GET BACK HERE YOU LITTLE SHIT!	사랑해! 이리 돌아와 이 자식아!	
GLOSSARY_ABSENT	Upgrade	업그레이드 (legacy uses=5)	missed	4148	A simple table with some basic tools to upgrade guns.	총기 개조용 기본 도구가 있는 간이 작업대.	
GLOSSARY_ABSENT	Back	뒤로 (legacy uses=3)	missed	4152	Bringsss back memoriesss of school. They would teach uss on making our own weaponss out of whatever we had.	학교 추억이 떠올라. 가진 걸로 직접 무기 만드는 걸 가르쳐줬거든.	
GLOSSARY_ABSENT	Blood	피 (legacy uses=9)	missed	4361	"Testing Log []/[]/[]

Human subject, male, 24, instructed to ingest pill. Subject bled on left arm, with P-5A forming as expected.

Subject instructed to repeat process two additional times. Subject begins exhibiting symptoms indicative of blood loss. Subject instructed to repeat process two additional times. Subject expired on the 5th process from blood loss. Generated P-5A instances stored for further testing."	"시험 기록 []/[]/[]

인간 대상, 남성, 24세, 알약 섭취 지시. 대상이 왼팔에서 출혈, 예상대로 P-5A 형성.

대상에게 과정 두 차례 추가 반복 지시. 대상이 출혈을 시사하는 증상 발현. 대상에게 과정 두 차례 추가 반복 지시. 대상이 5차 과정에서 출혈로 만기. 생성된 P-5A 실체는 추가 시험용으로 보관."	
GLOSSARY_ABSENT	Back	뒤로 (legacy uses=3)	missed	4434	Don't try to come back as a clone!	클론으로 돌아올 생각 마!	
GLOSSARY_ABSENT	Explosives	폭발물 (legacy uses=3)	missed	4440	Many are shocked by the news, revealing that they only assumed they were mere strange hermits. Many grab firearms and one hauls a large crate of plastic explosives. Another points to a box and tells you to treat yourself as he hurries out with the rest.	다들 충격받았어, 그냥 이상한 은둔자들인 줄 알았다는 거지. 다들 화기를 들고 한 놈은 플라스틱 폭약 큰 상자를 끌어가. 다른 놈이 상자를 가리키며 마음대로 가져가라 하고는 나머지와 함께 서둘러 나갔어.	
GLOSSARY_ABSENT	Sure	그래 (legacy uses=3)	missed	4466	"Possible Incident Note []/[]/[]

Discrepancies have been noted in the culling of the hives. Despite the last 6 cleanups having been marked off as 'incinerated', no equipment was requested on those dates. Hive numbers have remained consistent however. I've put in a note with the higher-ups to make sure nobody's walking out of here trying to keep them as pets. These things are filled with hatred."	"사건 가능성 쪽지 []/[]/[]

군집 솎아내기에서 불일치가 확인됨. 지난 6회 청소가 '소각'으로 표시됐음에도 해당 일자에 장비 요청이 없음. 군집 수는 일정하게 유지됨. 애완용으로 몰래 가져가는 자가 없는지 상부에 쪽지를 넣어둠. 이것들은 증오로 가득 차 있다."	
GLOSSARY_ABSENT	Defense	방어력 (legacy uses=3)	missed	4651	^#F4C315;Tuned Defense System	^#F4C315;조율된 방어 체계	
GLOSSARY_ABSENT	Sure	그래 (legacy uses=3)	missed	4774	Bigger than our own shuttles, that's for sure.	우리 왕복선보다 큰 건 확실해.	
GLOSSARY_ABSENT	Back	뒤로 (legacy uses=3)	missed	4900	Oh god no! He's back!	오 세상에 안 돼! 놈이 돌아왔어!	
GLOSSARY_ABSENT	Back	뒤로 (legacy uses=3)	missed	4906	One of the hostiles came back!	적 하나가 돌아왔다!	
GLOSSARY_ABSENT	Defense	방어력 (legacy uses=3)	missed	4932	[You now have the ability to transform into Veil Form. Hold F to become incorporeal, becoming immune to damage for 1s. After this time however, Veil Form provides no defense. In essence, you use your spirit to parry attacks.]	[이제 베일 형태로 변신할 수 있습니다. F를 누르고 있으면 비물질이 되어 1초간 피해에 면역됩니다. 하지만 이 시간 이후 베일 형태는 방어를 제공하지 않습니다. 본질적으로, 영혼으로 공격을 패링하는 것입니다.]	
GLOSSARY_ABSENT	Buy	구매 (legacy uses=22)	missed	5077	Make yourself useful, go buy some tools.	쓸모 있게 굴어봐, 공구나 사와.	
GLOSSARY_ABSENT	Buy	구매 (legacy uses=22)	missed	5210	Hey, can I buy your ration of whiskey from today?	야, 오늘 위스키 배급을 나한테 팔 수 있어?	
GLOSSARY_ABSENT	Type	유형 (legacy uses=5)	missed	5229	One day I'll have my own Type-7. One day.	언젠가 내 자신의 7식을 갖게 될 거야. 언젠가.	
GLOSSARY_ABSENT	Sure	그래 (legacy uses=3)	missed	5296	Make sure you use your gear responsibly.	장비는 책임감 있게 써.	
GLOSSARY_ABSENT	Back	뒤로 (legacy uses=3)	missed	5361	A big bulky recovery vehicle. I could fit a small flying machine on the back.	크고 투박한 구난차량. 뒤에 소형 비행체를 실을 수 있겠어.	
GLOSSARY_ABSENT	Type	유형 (legacy uses=5)	missed	5412	The ''empaths'' as they're called are named that since they're birthed from, as said, the sheer psychological pressure of a host. Notably, there are records of ''gifted'' individuals with latent psychic powers. These individuals of who are completely undeserving of the death sentence provided by our government, have a much lower resistance to an empath-type reaction. They're like... vectors. We have since contained and documented at least 10 different creatures.	''공감자''라 불리는 것들은 말했듯 숙주의 순수한 심리적 압박에서 태어나서 그렇게 명명됐다. 특히 잠재적 사이킥 능력을 가진 ''재능 있는'' 개인들의 기록이 있다. 우리 정부가 내린 사형 선고를 전혀 받을 자격이 없는 이 개인들은 공감자형 반응에 훨씬 낮은 저항성을 가진다. 놈들은 마치... 매개체 같아. 우리는 지금까지 최소 10종의 생물을 격리하고 기록했다.	
GLOSSARY_ABSENT	Back	뒤로 (legacy uses=3)	missed	5413	A mass-breach occurred... some time ago. I haven't been able to keep track of time, but some sort of ''psychic scream'' caused a spontaneous burst of empath aggression and facility-wide system failures. Typical, I guess. Seen it all the time in movies and games. Just, you know, never thought I'd be on the end of one. I can't find a way back to the surface, but I can still access the local terminals. Every terminal I've come across says the surface is... -100 Celsius. Negative.	대규모 탈출이... 얼마 전 발생했다. 시간을 못 세겠지만, 일종의 ''사이킥 비명''이 공감자들의 자발적 공격성 폭발과 시설 전체 시스템 장애를 일으켰다. 뭐 전형적이지. 영화랑 게임에서 늘 봤잖아. 그냥, 있잖아, 내가 그쪽에 설 줄은 몰랐어. 지표로 돌아갈 방법을 못 찾겠지만 지역 터미널엔 아직 접근할 수 있어. 내가 본 모든 터미널이 지표가... 영하 100도라고 해. 마이너스.	
GLOSSARY_ABSENT	Wet	젖음 (legacy uses=4)	missed	5415	Someone must've let him out. Someone... Maybe it's not even a ''He'', but multiple. I can't be certain... *wet gurgling noise, followed by distorted laughter* Uh oh, time to go. Hearvocal off.	누가 풀어줬을 거야. 누군가... 어쩌면 '그'조차 아니고 여럿일지도. 확실치 않아... *젖은 꿀꺽거리는 소리, 이어서 일그러진 웃음* 이런, 갈 시간이야. 히어보컬 끝.	
GLOSSARY_ABSENT	Back	뒤로 (legacy uses=3)	missed	5438	[You feel as though there will be no way back here after this...]	[이 이후로는 여기로 돌아올 방법이 없을 것 같다...]	
GLOSSARY_ABSENT	Scientist	과학자 (legacy uses=3)	missed	5494	"YW CORPORATION Reveals Potential Groundbreaking New Miracle Substance ''YW-11'', Key To Organic Memory Imprints, Says Scientist Shujiko Barret

Research at the YW-CORP have revealed a potential new groundbreaking substance that could revolutionize the way we reconnect neural pathways."	"YW 코퍼레이션, 유기 기억 각인의 열쇠인 잠재적 획기적 신기적 물질 ''YW-11'' 공개, 슈지코 배럿 박사 발표

YW-CORP의 연구에서 우리의 신경 경로 재연결 방식을 혁신할 수 있는 잠재적 획기적 신물질이 공개됐다."	
GLOSSARY_ABSENT	Back	뒤로 (legacy uses=3)	missed	5531	I will... take back the galaxy!	은하를... 되찾을 거야!	
GLOSSARY_ABSENT	Back	뒤로 (legacy uses=3)	missed	5536	Please come back so I can kill you!	제발 돌아와서 죽게 해줘!	
GLOSSARY_ABSENT	Back	뒤로 (legacy uses=3)	missed	5541	Come back here...	이리 돌아와...	
GLOSSARY_ABSENT	Type	유형 (legacy uses=5)	missed	5548	"Incident Log []/[]/[]

During testing on D-5, an energy surge rippled through Complex-[REDACTED] grid system, causing light failures throughout the facility. At [REDACTED] hours, D-5's body exploded, injuring multiple staff with P-29 shrapnel. All staff involved died in recovery an hour later. The sector was deemed 'lost' after an outbreak of P-29. [DATA EXPUNGED] staff were lost, along with [REDACTED] D-type subjects."	"사건 기록 []/[]/[]

D-5 시험 중 에너지 서지가 콤플렉스-[편집됨] 전력망을 타고 퍼져 시설 전체의 조명 장애를 일으켰다. [편집됨]시에 D-5의 신체가 폭발해 다수의 직원이 P-29 파편으로 부상. 관련 직원 전원이 1시간 후 회복 중 사망. P-29 발병 후 해당 구역은 '상실'로 간주됨. [데이터 말소] 직원과 [편집됨] D형 대상이 상실됨."	
GLOSSARY_ABSENT	Blood	피 (legacy uses=9)	missed	5555	All attention to Chart 10. Given enough time and as-of-yet unknown circumstances, the Bloodwasp begins a transformation into its final stage. Now in beetle form, note its complete change in physiology. It is no longer aggressive, instead shedding a pair of wings and growing far more fatter to carry a substance known as Blood-Nectar. These creatures are called Blood-Stalkers.	도표 10 전원 주목. 충분한 시간과 아직 알려지지 않은 상황이 주어지면 블러드왑은 최종 단계로의 변형을 시작한다. 이제 딱정벌레 형태로, 생리학적 완전한 변화에 주목. 더 이상 공격적이지 않고, 대신 날개 한 쌍을 떨구고 블러드-넥타로 알려진 물질을 운반하기 위해 훨씬 살찐다. 이 생물들은 블러드-스토커라 불린다.	
GLOSSARY_ABSENT	Back	뒤로 (legacy uses=3)	missed	5591	Spend your time wisely. You'll never get it back.	시간을 현명하게 써. 절대 돌아오지 않으니까.	
GLOSSARY_ABSENT	Back	뒤로 (legacy uses=3)	missed	5597	Found this old baby out the back.	뒤에서 이 낡은 아가씨를 찾았어.	
GLOSSARY_ABSENT	Bleeding	출혈 (legacy uses=4)	missed	5605	Bleeding Heart	피 흘리는 심장	
GLOSSARY_ABSENT	Sure	그래 (legacy uses=3)	missed	5669	Man, beats working in a foundry, that's for sure!	이봐, 용광로 일보단 낫지 확실히!	
GLOSSARY_ABSENT	Defense	방어력 (legacy uses=3)	missed	5689	A REALLY old arcade cabinet that plays Starburner 2: Defense Atmosphere.	스타버너 2: 방어 대기권을 돌리는 정말 오래된 아케이드 캐비닛.	
GLOSSARY_ABSENT	Defense	방어력 (legacy uses=3)	missed	5690	Starburner 2: Defense Atmosphere is a really good game where you fly in a human aircraft. The sequel adds in so much more kinds of Aircraft!	스타버너 2: 방어 대기권은 인간 비행기를 조종하는 정말 좋은 게임이야. 속편엔 훨씬 많은 종류의 비행기가 추가됐어!	
GLOSSARY_ABSENT	Defense	방어력 (legacy uses=3)	missed	5691	Starburner 2: Defense Atmosphere was even more violent with its gripping story. The amount of cleavage in the cutscenes was what ultimately forced us to pull this from the shelves.	스타버너 2: 방어 대기권은 흡입력 있는 스토리로 더 폭력적이었어. 컷신의 노출 수위가 결국 진열에서 내리게 했지.	
GLOSSARY_ABSENT	Sure	그래 (legacy uses=3)	missed	5752	Make sure to burn the bodies. The Erchius reclaims that stuff.	시체를 꼭 태워. 에르키우스가 그걸 회수해.	
GLOSSARY_ABSENT	Sure	그래 (legacy uses=3)	missed	5756	The mutants won't get us, that's for sure.	돌연변이들이 우릴 못 잡아, 확실해.	
GLOSSARY_ABSENT	Back	뒤로 (legacy uses=3)	missed	5763	Just consolidate our ammo and we'll be fine fighting back.	탄약을 통합하면 반격하는 데 문제없을 거야.	
GLOSSARY_ABSENT	Sure	그래 (legacy uses=3)	missed	5866	"Seems that whatever he's doing to the Reds out there is making a fair bunch of them shit themselves daily. Hopefully we can meet & have a chat with this ''Ghost Ranger'' one day.

I sure as hell would love to shake his hand."	"저기서 적색파들한테 무슨 짓을 하든 상당수가 매일 바지에 싸게 만드는 모양이야. 언젠가 이 '유령 레인저'를 만나 얘기 나눌 수 있길.

진짜 그 사람 손 잡아주고 싶다."	
GLOSSARY_ABSENT	Type	유형 (legacy uses=5)	missed	5918	Could do with some damned Type-7s right about now.	지금쯤 빌어먹을 7식 좀 있으면 좋겠어.	
GLOSSARY_ABSENT	Back	뒤로 (legacy uses=3)	missed	6177	Remarkable quality for an alien species. Reminds me of the Gensokyan swords from way back then, just with the magic in this one being a little weird. Thanks again lad. Here's your payment.	외계 종족치고 놀라운 품질이야. 옛날 환상향 검들이 생각나네, 다만 이건 마법이 좀 이상하지만. 다시 고마워, 젊은이. 여기 대금이야.	
GLOSSARY_ABSENT	Sure	그래 (legacy uses=3)	missed	6340	Be sure to eat good food. Five-Minute Ramen is no way to live life!	좋은 음식을 먹도록 해. 5분 라멘으로 삶을 살 순 없어!	
GLOSSARY_ABSENT	Back	뒤로 (legacy uses=3)	missed	6444	"[Written on one of the back pages is a piece of paper hastily attached in between the pages]

I send you on this diplomatic mission with the knowledge that it is unlikely the Tengu will see reason. They may have placed me on this throne to guide the last remnants of Man in Gensokyo, but we will never grow if we are to remain under their yoke. Return with the men if they still wish to deny us gunpowder. - Marcian"	"[뒷면 페이지 중 하나에 페이지 사이로 급히 붙인 종이 한 장이 있다]

나는 텐구가 이성을 볼 가능성이 낮다는 걸 알면서도 이 외교 사명에 너를 보낸다. 놈들이 환상향의 마지막 인류 잔존자를 이끌도록 나를 이 옥좌에 앉혔을지 몰라도, 그들의 멍에 아래 남는다면 우린 절대 성장하지 못한다. 놈들이 여전히 화약을 거부하면 병사들과 돌아오라. - 마르시안"	
GLOSSARY_ABSENT	Back	뒤로 (legacy uses=3)	missed	6450	"I still can't believe it has all come to this. Our planet is slowly dying around us. Getting colder & darker every single day. But... we will push through. Emerge a stronger & united people.

Shouldn't be more than maybe five years in the bunkers. Not so bad I think. Although I'm not looking forward to the mess that awaits us when we get back to the surface."	"아직도 이 지경이 됐다는 게 안 믿겨. 우리 행성이 주변에서 천천히 죽어가고 있어. 매일 더 춥고 어두워져. 하지만... 우린 버텨낼 거야. 더 강하고 단결된 민족으로 나올 거야.

벙커에서 길어야 5년쯤이겠지. 그렇게 나쁘진 않아. 다만 지표로 돌아갔을 때 기다리는 난장판은 기대 안 돼."	
GLOSSARY_ABSENT	Battle	전투 (legacy uses=4)	missed	6513	Projection-87 is an incredibly large Main Battle Tank presumably Unitan in origin, given the markings present, though no known models of such a tank appear to exist. P-87 exhibits no anomalous properties aside from a staggering resilience to modern ballistic weaponry. P-87s properties are exhibited when an individual capable of operating vehicles of similar configuration seats themselves in P-87, from which intense mental fatigue overtakes the individual.	프로젝션-87은 표식상 유니탄 기원으로 추정되는 믿기 힘들 만큼 거대한 주력전차이나, 그런 전차의 알려진 모델은 존재하지 않는 듯하다. P-87은 현대 탄도 무기에 대한 놀라운 회복탄성 외에 이상 특성을 보이지 않는다. P-87의 특성은 유사 구성의 차량을 조작할 수 있는 개인이 P-87에 착석할 때 발현되며, 이때 강렬한 정신적 피로가 개인을 덮친다.	
GLOSSARY_ABSENT	Defense	방어력 (legacy uses=3)	missed	6539	"Planet Order: 6
The Alliance of Independent Stations and the local Federal Defense Force are engaged in a counter-insurgency against local resistance groups."	"행성 명령: 6
독립 관제소 연합과 지역 연방방위군이 지역 저항 조직에 대한 대반란 작전을 벌이고 있다."	
GLOSSARY_ABSENT	Security	보안 (legacy uses=3)	missed	6624	More technology, more security, less rape!	기술이 많을수록, 안전이 많아지고, 강간이 줄어든다!	
GLOSSARY_ABSENT	CREW	승무원 (legacy uses=5)	missed	7072	I've...got some unfortunate news. My crew is repeatedly insisting that I observe the next battle rather than personally engage in battle.	나한테... 안 좋은 소식이 있어. 내 크루가 계속 다음 전투에 직접 참전하지 말고 지켜보라고 해.	
GLOSSARY_ABSENT	Name	이름 (legacy uses=7)	missed	7079	A destructive beast by the name of the Supervoid Eye is starting to attack our universe.	초공허의 눈이라는 파괴적 괴수가 우리 우주를 공격하기 시작했어.	
GLOSSARY_ABSENT	Frozen	빙결 (legacy uses=3)	missed	7428	This ^#a6ceff;permafrost^white; world consists of mainly frozen blocks. Its temperature is ^red;deathly cold^white;, meaning exploration is impossible without the ^magenta;ancient set^white;.	이 ^#a6ceff;영구동토^white; 세계는 주로 얼어붙은 블록으로 구성됐다. 기온이 ^red;죽음의 추위^white;라 ^magenta;고대 세트^white; 없이 탐험은 불가능하다.	
GLOSSARY_ABSENT	Frozen	빙결 (legacy uses=3)	missed	7429	The surface of this planet is an ^#a6ceff;eternally frozen wasteland^white;, so you shouldn't go to this world without the ^magenta;ancient set^white; due to it being ^red;deathly cold^white;.	이 행성의 지표는 ^#a6ceff;영원히 얼어붙은 황야^white;라, ^red;죽음의 추위^white;이므로 ^magenta;고대 세트^white; 없이 이 세계에 가선 안 된다.	
GLOSSARY_ABSENT	Frozen	빙결 (legacy uses=3)	missed	7430	This ^#a6ceff;eternal frost^white; world has been frozen over, making it a ^red;deathly cold^white; place.	이 ^#a6ceff;영원한 서리^white; 세계는 얼어붙어 ^red;죽음의 추위^white;인 곳이다.	
GLOSSARY_ABSENT	Iron	철 (legacy uses=4)	missed	7753	olks round here seem decent enough. Means I probably won’t have to draw iron today.	여기 사람들은 꽤 괜찮은 것 같아. 오늘은 총을 안 뽑아도 되겠다는 뜻이지.	
GLOSSARY_ABSENT	Defense	방어력 (legacy uses=3)	missed	8084	Awesome! Light defense from the horde!	멋져! 무리에 대한 가벼운 방어!	
GLOSSARY_ABSENT	CREW	승무원 (legacy uses=5)	missed	8096	H'lo there. Your SAIL terminal's feeling pretty comfy right now. Here, you can check your ^green;balance^reset;, look at ^green;missions^reset;, check on your ^green;crew^reset;, and click some other useful buttons.	안녕. 네 SAIL 단말기가 지금 꽤 편해 보여. 여기서 ^green;잔액^reset; 확인, ^green;임무^reset; 보기, ^green;크루^reset; 확인, 그리고 다른 유용한 버튼들을 누를 수 있어.	
GLOSSARY_ABSENT	Wet	젖음 (legacy uses=4)	missed	8109	Absolutely sopping wet, this place! But where there's water, there's life; the beam site's teeming with ^#76fe68;lush^reset; grassy hills.	여긴 완전히 흠뻑 젖었어! 하지만 물이 있는 곳엔 생명이 있지; 빔 지점은 ^#76fe68;풍요^reset; 풀 언덕으로 가득해.	
GLOSSARY_ABSENT	Sure	그래 (legacy uses=3)	missed	8114	Need to smelt any glass? Help yourself to the infinite dunes of sand in this ^#e6c801;desert^reset; biome! I'm sure there's plenty of the stuff.	유리 녹여야 해? 이 ^#e6c801;사막^reset; 생물군계의 무한한 모래언덕을 마음껏 써! 충분히 많을 거야.	
GLOSSARY_ABSENT	Sure	그래 (legacy uses=3)	missed	8126	A miserable, ^#06ff00;toxic^reset; slop heap of a planet. Oceans of pure liquid poison. If that doesn't quite hit you hard enough, the ^red;high radiation^reset; sure will.	비참한 ^#06ff00;독성^reset; 찌꺼기 행성이야. 순수 액체 독의 바다. 그게 충분히 세게 안 와닿으면 ^red;고방사능^reset;이 분명 할 거야.	
GLOSSARY_ABSENT	Frozen	빙결 (legacy uses=3)	missed	8136	The landing site is a glossy, frozen iceberg floating in a ^#00ffe4;frigid ocean^reset;. Protect yourself from the ^red;lethal cold^reset;, and you'll get a great view of the auroras!	착륙 지점은 ^#00ffe4;혹한 바다^reset;에 떠 있는 빤짝이는 얼어붙은 빙산이야. ^red;치명적 추위^reset;로부터 보호하면 오로라의 멋진 경치를 볼 수 있어!	
GLOSSARY_ABSENT	Frozen	빙결 (legacy uses=3)	missed	8138	An icy, ^#61ffe3;frozen^reset; tundra. More snow than anyone would need. If you want to build Santa a new workshop, I think this place might be ^red;a LITTLE bit too cold^reset;...	얼음 같은 ^#61ffe3;동결^reset; 툰드라. 누구에게도 필요 이상의 눈. 산타 새 작업장을 짓고 싶다면 여긴 ^red;조금 너무 추울지도^reset;...	
GLOSSARY_ABSENT	Frozen	빙결 (legacy uses=3)	missed	8139	No way you're dressing light here; there's ^#61ffe3;frozen^reset; terrain for miles around the beam site. It's windy, snowy, and ^red;miserably cold beyond any measure of safety^reset;.	여긴 가볍게 입을 수 없어; 빔 지점 주변 수 마일이 ^#61ffe3;동결^reset; 지형이야. 바람 불고 눈 오고 ^red;어떤 안전 기준도 넘는 비참한 추위^reset;야.	
GLOSSARY_ABSENT	Moon	달 (legacy uses=4)	missed	8153	This ^#949493;moon^reset;'s home to nothing but dust and craters. ^red;There's no atmosphere^reset;, but there's lots of fuel to be found underground. Go in peace, for all mankind!	이 ^#949493;위성^reset;엔 먼지와 분화구밖에 없어. ^red;대기가 없지만^reset; 지하에 연료가 많아. 평안히 가라, 인류 모두를 위해!	
GLOSSARY_ABSENT	Moon	달 (legacy uses=4)	missed	8154	There's ^red;no breathable atmosphere^reset; on this ^#949493;moon^reset;. I do detect lots of fuel underground, however. Say hi to Bob for me while you're there.	이 ^#949493;위성^reset;엔 ^red;호흡 가능한 대기가 없어^reset;. 근데 지하에 연료가 많이 감지돼. 거기서 밥한테 안부 전해줘.	
GLOSSARY_ABSENT	Moon	달 (legacy uses=4)	missed	8155	A rocky, dusty ^#949493;moon^reset;, with ^red;no breathable atmosphere^reset;, and with rich fuel deposits under the surface. It's likely that no living being has ever set foot here!	바위 많고 먼지 날리는 ^#949493;위성^reset;, ^red;호흡 가능한 대기 없음^reset;, 지표 아래 풍부한 연료 매장. 아마 어떤 생명체도 여길 밟은 적 없을 거야!	
GLOSSARY_ABSENT	Sure	그래 (legacy uses=3)	missed	8156	An ^#571cff;ancient gateway^reset; sits out here on a lonely asteroid. I'm sure it's been awaiting a visitor to open it for a long, long time.	^#571cff;고대 관문^reset;이 외로운 소행성 위에 앉아 있어. 방문객이 열어주길 아주, 아주 오래 기다려왔을 거야.	
GLOSSARY_ABSENT	Ready	준비 완료 (legacy uses=10)	missed	8163	"FTL travel will cost ^green;%s fuel^reset;.
Ready to roll?"	"FTL 이동에는 ^green;%s 연료^reset;가 소모됩니다.
출발할까요?"	
GLOSSARY_ABSENT	NEXT	다음 (legacy uses=112)	missed	8169	On this ^#4BBEA0;populated^reset; planet, the landing site is in the middle of a grassy plain located next to a futuristic metropolis. Its population is quite impressive...	이 ^#4BBEA0;인구 밀집^reset; 행성에서 착륙 지점은 미래형 대도시 옆 초원 한가운데야. 인구가 꽤 인상적이야...	
GLOSSARY_ABSENT	Sure	그래 (legacy uses=3)	missed	8185	Need to smelt any glass? Help yourself to the infinite dunes of sand in this ^#e6c801;desert^reset; biome! I'm sure there's plenty of the stuff. Oh, and ^#ff9900;it's miserably hot too^reset;, also.	유리 녹여야 해? 이 ^#e6c801;사막^reset; 생물군계의 무한한 모래언덕을 마음껏 써! 충분히 많을 거야. 오, 그리고 ^#ff9900;비참하게 덥기도 해^reset;.	
GLOSSARY_ABSENT	Sure	그래 (legacy uses=3)	missed	8191	A miserable, ^#06ff00;toxic^reset; slop heap of a planet. Oceans of pure liquid poison. If that doesn't quite hit you hard enough, the ^red;high radiation^reset; sure will. [ªª-]	비참한 ^#06ff00;독성^reset; 찌꺼기 행성이야. 순수 액체 독의 바다. 그게 충분히 세게 안 와닿으면 ^red;고방사능^reset;이 분명 할 거야. [ªª-]	
GLOSSARY_ABSENT	Frozen	빙결 (legacy uses=3)	missed	8201	The landing site is a glossy, frozen iceberg floating in a ^#00ffe4;frigid ocean^reset;. Protect yourself from the ^red;lethal cold^reset;, and you'll get a great view of the auroras! [ªª-]	착륙 지점은 ^#00ffe4;혹한 바다^reset;에 떠 있는 빤짝이는 얼어붙은 빙산이야. ^red;치명적 추위^reset;로부터 보호하면 오로라의 멋진 경치를 볼 수 있어! [ªª-]	
GLOSSARY_ABSENT	Frozen	빙결 (legacy uses=3)	missed	8203	An icy, ^#61ffe3;frozen^reset; tundra. More snow than anyone would need. If you want to build Santa a new workshop, I think this place might be ^red;a LITTLE bit too cold^reset;... [ªª-]	얼음 같은 ^#61ffe3;동결^reset; 툰드라. 누구에게도 필요 이상의 눈. 산타 새 작업장을 짓고 싶다면 여긴 ^red;조금 너무 추울지도^reset;... [ªª-]	
GLOSSARY_ABSENT	Frozen	빙결 (legacy uses=3)	missed	8204	No way you're dressing light here; there's ^#61ffe3;frozen^reset; terrain for miles around the beam site. It's windy, snowy, and ^red;miserably cold beyond any measure of safety^reset;. [ªª-]	여긴 가볍게 입을 수 없어; 빔 지점 주변 수 마일이 ^#61ffe3;동결^reset; 지형이야. 바람 불고 눈 오고 ^red;어떤 안전 기준도 넘는 비참한 추위^reset;야. [ªª-]	
GLOSSARY_ABSENT	Sure	그래 (legacy uses=3)	missed	8228	Just your average volcanic primeval forest world, plagued with volcanic activity and dinosaurs. Are you sure the FTL drive isn't messing with time?	평범한 화산 태고적 숲 세계, 화산 활동과 공룡에 시달리는. FTL 드라이브가 시간을 건드리는 게 확실해?	
GLOSSARY_ABSENT	Impenetrable Darkness	난공불락의 어둠 (legacy uses=4)	missed	8236	Nightmare atropus worlds are real. They are cloaked in impenetrable darkness, and harbor horrors beyond comprehension. Do NOT go here. You WILL go insane, INSTANTLY. [ªªªª]	악몽 아트로푸스 세계는 진짜야. 꿰뚫을 수 없는 어둠에 가려져 있고 이해 불가능한 공포를 품고 있어. 여긴 가지 마. 너 미쳐버려, 즉시. [ªªªª]	
GLOSSARY_ABSENT	Frozen	빙결 (legacy uses=3)	missed	8256	Despite being ridden with lava, this frozen volcanic planet is covered in snow and ice from its dangerously cold atmosphere.	용암으로 가득한데도 이 동결 화산 행성은 위험할 만큼 차가운 대기로 눈과 얼음에 덮여 있어.	
GLOSSARY_ABSENT	Frozen	빙결 (legacy uses=3)	missed	8257	The dangerously cold atmosphere of this frozen volcanic planet allows it to have both glaciers and volcanoes, blizzards and eruptions, happening simultaneously.	이 동결 화산 행성의 위험할 만큼 차가운 대기 때문에 빙하와 화산, 눈보라와 분출이 동시에 일어난다.	
GLOSSARY_ABSENT	Frozen	빙결 (legacy uses=3)	missed	8258	The world of this frozen volcanic planet is a freezing cold one, but everywhere you go, you'll find lava and volcanoes all the same.	이 동결 화산 행성의 세계는 얼어붙을 만큼 춥지만, 어딜 가든 용암과 화산이 똑같이 있어.	
GLOSSARY_ABSENT	Moon	달 (legacy uses=4)	missed	8287	I can't tell if this toxic moon has no air or if the air is unbreathable, because its atmosphere is poisonous. But how does it...? [ªª-]	이 독성 위성이 공기가 없는지 공기가 호흡 불가인지 모르겠어, 대기가 독성이라서. 근데 어떻게 그게...? [ªª-]	
GLOSSARY_ABSENT	Moon	달 (legacy uses=4)	missed	8288	I do not understand how this toxic moon can both have no atmosphere and also be poisonous. I'm sure the scientists are working on an explanation. [ªª-]	이 독성 위성이 어떻게 대기가 없으면서 동시에 독성인지 이해가 안 돼. 과학자들이 설명을 연구 중이겠지. [ªª-]	
GLOSSARY_ABSENT	Sure	그래 (legacy uses=3)	missed	8288	I do not understand how this toxic moon can both have no atmosphere and also be poisonous. I'm sure the scientists are working on an explanation. [ªª-]	이 독성 위성이 어떻게 대기가 없으면서 동시에 독성인지 이해가 안 돼. 과학자들이 설명을 연구 중이겠지. [ªª-]	
GLOSSARY_ABSENT	Moon	달 (legacy uses=4)	missed	8289	This toxic moon has no atmosphere. The atmosphere is also poisonous. I will leave you to ponder the logic of this. [ªª-]	이 독성 위성은 대기가 없어. 대기는 또 독성이야. 이 논리를 곱씹는 건 너에게 맡길게. [ªª-]	
GLOSSARY_ABSENT	Moon	달 (legacy uses=4)	missed	8291	What little atmosphere this desert moon has is quite windy and cold. On the surface is a sea of dunes. It is both dangerously cold and lacking in air here.	이 사막 위성의 얼마 없는 대기는 꽤 바람 불고 추워. 지표는 모래언덕의 바다야. 여긴 위험하게 춥고 공기도 없어.	
GLOSSARY_ABSENT	Moon	달 (legacy uses=4)	missed	8292	The surface of this desert moon is freezing cold. Nothing much on the surface besides a bunch of sand. As usual, there is no air.	이 사막 위성의 지표는 얼어붙을 만큼 추워. 지표엔 모래 잔뜩 말곤 별거 없어. 늘 그렇듯 공기도 없어.	
GLOSSARY_ABSENT	Moon	달 (legacy uses=4)	missed	8293	There is a hazardous buildup of electrical energy around this rocky moon. Beyond the usual lack of air, the surface is unusually craggy and unforgiving. [ª--]	이 바위 위성 주변에 위험한 전기 에너지가 축적돼 있어. 통상적인 공기 부재에 더해 지표가 이례적으로 험준하고 가혹해. [ª--]	
GLOSSARY_ABSENT	Moon	달 (legacy uses=4)	missed	8294	This rocky moon's atmosphere is highly electric. There's no air to breathe, and the terrain is very rough, but the low gravity should make that easier on you. [ª--]	이 바위 위성의 대기는 고도로 전기적이야. 숨 쉴 공기가 없고 지형이 아주 거칠지만, 낮은 중력이 그걸 좀 쉽게 해줄 거야. [ª--]	
GLOSSARY_ABSENT	Moon	달 (legacy uses=4)	missed	8295	The alien denizens of this rocky moon have to put up with its rough, rocky landscape. The atmosphere is dangerously electric, and there's no air as well. [ª--]	이 바위 위성의 외계 주민들은 거칠고 바위 많은 지형을 견뎌야 해. 대기가 위험하게 전기적이고 공기도 없어. [ª--]	
GLOSSARY_ABSENT	Moon	달 (legacy uses=4)	missed	8296	This shadow moon eerily seems to reject the sunlight.	이 그림자 위성은 기묘하게 햇빛을 거부하는 것 같아.	
GLOSSARY_ABSENT	Slime	슬라임 (legacy uses=10)	missed	8306	Noxious proto-poison bathes the atmosphere of this proto world, crawling with very mutated wildlife and dotted with pools of toxic alien slime. [ªª-]	유해한 원시 독이 이 원시 세계의 대기를 적시고, 심하게 돌연변이된 야생동물이 기어다니며 독성 외계 점액 웅덩이가 점점이 있어. [ªª-]	
GLOSSARY_ABSENT	Slime	슬라임 (legacy uses=10)	missed	8307	A proto world rich in protocite ore. Ponds and lakes of toxic slime and ooze wind through the landscape. The proto-poisonous atmosphere is deadly. [ªª-]	프로토사이트 광석이 풍부한 원시 세계. 독성 점액과 진액의 연못과 호수가 지형을 휘감는다. 원시 독성 대기는 치명적이다. [ªª-]	
GLOSSARY_ABSENT	Slime	슬라임 (legacy uses=10)	missed	8314	The lifeforms and landscape of this gelatinous world are all completely made of slime.	이 젤라틴 세계의 생명체와 지형은 전부 완전히 점액으로 됐어.	
GLOSSARY_ABSENT	Rage	분노 (legacy uses=4)	missed	8315	An eternal, planet-wide case of the winter blues plagues this dark snow planet. The sky blocks sunlight, and snowstorms rage. [ª--]	영원하고 행성 전역의 겨울 우울이 이 어두운 눈 행성을 괴롭혀. 하늘이 햇빛을 막고 눈보라가 몰아쳐. [ª--]	
GLOSSARY_ABSENT	Back	뒤로 (legacy uses=3)	missed	8326	This rainforest planet's lookin' pretty good, huh? Man, and I thought the trees were big back home in Puerto Rico!	이 열대우림 행성 꽤 괜찮아 보이지, 응? 이봐, 고향 푸에르토리코의 나무가 크다고 생각했는데!	
