en	fields	examples	wrong_ko
Yes!	1	gic_wildlands_ayashameimaru_wedding_3_romance_true.cinematic.patch/panels/6/text	그래!
Capstone Recruitment Leaflet	1	gic_capstoneleaflet.codex.patch/title	캡스톤 모집 전단지
Planet Eve-IV	1	gic_eve4.codex.patch/title	행성 이브-IV
Eve-IV: Isiga	1	gic_isigacountry.codex.patch/title	이브-IV: 이시가
Eve-IV: Redya	1	gic_redyacountry.codex.patch/title	이브-IV: 레드야
Frosted Metro - Ghost Train Warning	1	gic_frostedmetro_ghosttrainwarning.codex.patch/title	프로스티드 메트로 - 유령 열차 경고
Origins: 'Bastard'	1	gic_bastardgunseries.codex.patch/title	기원: '바스타드'
Capstone Weapons: Celeron	1	gic_capstoneceleronad.codex.patch/title	캡스톤 무기: 셀레론
Origins: 'Eagle'	1	gic_eaglegunseries.codex.patch/title	기원: '이글'
Origins: 'Kalash'	1	gic_kalashgunseries.codex.patch/title	기원: '칼라시'
USM-47 Handbook	1	gic_usm47manual.codex.patch/title	USM-47 안내서
Origins: 'USM'	1	gic_usmgunseries.codex.patch/title	기원: 'USM'
Earth Newspaper Headline #1	1	gic_gen_1.codex.patch/title	지구 신문 헤드라인 #1
Earth Newspaper Headline #10	1	gic_gen_10.codex.patch/title	지구 신문 헤드라인 #10
Earth Newspaper Headline #11	1	gic_gen_11.codex.patch/title	지구 신문 헤드라인 #11
Earth Newspaper Headline #12	1	gic_gen_12.codex.patch/title	지구 신문 헤드라인 #12
Earth Newspaper Headline #13	1	gic_gen_13.codex.patch/title	지구 신문 헤드라인 #13
Earth Newspaper Headline #14	1	gic_gen_14.codex.patch/title	지구 신문 헤드라인 #14
Earth Newspaper Headline #15	1	gic_gen_15.codex.patch/title	지구 신문 헤드라인 #15
Earth Newspaper Headline #16	1	gic_gen_16.codex.patch/title	지구 신문 헤드라인 #16
Earth Newspaper Headline #2	1	gic_gen_2.codex.patch/title	지구 신문 헤드라인 #2
Earth Newspaper Headline #3	1	gic_gen_3.codex.patch/title	지구 신문 헤드라인 #3
Earth Newspaper Headline #4	1	gic_gen_4.codex.patch/title	지구 신문 헤드라인 #4
Earth Newspaper Headline #5	1	gic_gen_5.codex.patch/title	지구 신문 헤드라인 #5
Earth Newspaper Headline #6	1	gic_gen_6.codex.patch/title	지구 신문 헤드라인 #6
Earth Newspaper Headline #7	1	gic_gen_7.codex.patch/title	지구 신문 헤드라인 #7
Earth Newspaper Headline #8	1	gic_gen_8.codex.patch/title	지구 신문 헤드라인 #8
Earth Newspaper Headline #9	1	gic_gen_9.codex.patch/title	지구 신문 헤드라인 #9
Colonial Penitentiary Abandonment Order	1	gic_abandonedcolonialprison_abandonmentorder.codex.patch/title	콜로니 교도소 폐쇄 명령
Canteen Security Footage	1	gic_abandonedcolonialprison_canteensecurityfootage.codex.patch/title	구내식당 보안 영상
Inmate Booklet	1	gic_abandonedcolonialprison_inmatebooklet.codex.patch/title	수감자 수첩
Colonial Anomalous Detainment Orientation	1	gic_abandonedcolonialprison_inmateorientation.codex.patch/title	콜로니 이상 개체 구금 교육
Old Sticky Note	1	gic_abandonedcolonialprison_oldstickynote.codex.patch/title	낡은 스티커 메모
Point Blank	1	gic_abandonedcolonialprison_pointblank.codex.patch/title	포인트 블랭크
Precursor: A Solemn Swear [1]	1	gic_precursor_redstar1.codex.patch/title	선구자: 엄숙한 맹세 [1]
Precursor: The Alliance [2]	1	gic_precursor_redstar2.codex.patch/title	선구자: 동맹 [2]
Precursor: Victory or Death [3]	1	gic_precursor_redstar3.codex.patch/title	선구자: 승리 아니면 죽음 [3]
Precursor: Metal on Metal [4]	1	gic_precursor_redstar4.codex.patch/title	선구자: 금속 대 금속 [4]
Precursor: Final Orders [5]	1	gic_precursor_redstar5.codex.patch/title	선구자: 최후의 명령 [5]
Skyburner: Chapter 1	1	gic_skyburner_chapter1.codex.patch/title	스카이버너: 제1장
Skyburner: Chapter 2	1	gic_skyburner_chapter2.codex.patch/title	스카이버너: 제2장
Skyburner: Chapter 3	1	gic_skyburner_chapter3.codex.patch/title	스카이버너: 제3장
Skyburner: Chapter 4	1	gic_skyburner_chapter4.codex.patch/title	스카이버너: 제4장
Skyburner: Chapter 5	1	gic_skyburner_chapter5.codex.patch/title	스카이버너: 제5장
Skyburner: Chapter 6	1	gic_skyburner_chapter6.codex.patch/title	스카이버너: 제6장
Skyburner: Chapter 7	1	gic_skyburner_chapter7.codex.patch/title	스카이버너: 제7장
[CH0-1] Private Protector's Diary	1	gic_twom_privateprotectordiary.codex.patch/title	[CH0-1] 수호자 일병의 일기
[CH0-3] Guerilla	1	gic_twom_guerilla.codex.patch/title	[CH0-3] 게릴라
[CH0-3] USCM's Bankruptcy	1	gic_twom_uscmbankruptcy.codex.patch/title	[CH0-3] USCM의 파산
[PH] Parel's Parents	1	gic_twom_parelparents.codex.patch/title	[PH] 파렐의 부모
[PH] The Martian Nuclear Fire	1	gic_twom_thenuclearfire.codex.patch/title	[PH] 화성 핵화염
[PH] The Warring Tunnels	1	gic_twom_thewarringtunnels.codex.patch/title	[PH] 전란의 터널
Tutorial: Hazard Markers	1	gic_tutorial_hazardmarkers.codex.patch/title	튜토리얼: 위험 표지
Tutorial: Missions	1	gic_tutorial_missionmechanics.codex.patch/title	튜토리얼: 임무
Tutorial: Storylines	1	gic_tutorial_storylines.codex.patch/title	튜토리얼: 스토리라인
Tutorial: Suit Mechanics	1	gic_tutorial_suitmechanics.codex.patch/title	튜토리얼: 슈트 메커니즘
Alcubierre Warp Drive	1	gic_alcubierrewarpdrive.codex.patch/title	알쿠비에레 워프 드라이브
Combat Report: Miniknog	1	gic_antiminiknog.codex.patch/title	전투 보고서: 미니크녹
Abercon: Final Transmission	1	gic_ec23b_finaltransmission.codex.patch/title	아버콘: 최후의 교신
EC35A - Condolence Letter	1	gic_ec35a_tengucondolenceletter.codex.patch/title	EC35A - 애도 서한
Frost: Airdrop	1	gic_frostedairdrop.codex.patch/title	프로스트: 공수
Frost: Hope	1	gic_frosteddontlosehope.codex.patch/title	프로스트: 희망
Frost: Order	1	gic_frostedpropaganda.codex.patch/title	프로스트: 명령
Human Credits	1	gic_humancredit.codex.patch/title	인간 크레딧
Hyperspace Registration	1	gic_hyperspaceregistrationrequirements.codex.patch/title	초공간 등록
Hyperspace Warp Drive	1	gic_hyperspacewarpdrive.codex.patch/title	초공간 워프 드라이브
Illegal Commodities	1	gic_illegalcommodities.codex.patch/title	불법 상품
Obligation to Humanity	1	gic_obligationinhumanspace.codex.patch/title	인류에 대한 의무
Precursor: My Struggle [1]	1	gic_precursor_unified1.codex.patch/title	선구자: 나의 투쟁 [1]
Precursor: Their Struggle [2]	1	gic_precursor_unified2.codex.patch/title	선구자: 그들의 투쟁 [2]
Precursor: Our Struggle [3]	1	gic_precursor_unified3.codex.patch/title	선구자: 우리의 투쟁 [3]
Precursor: We Struggle [4]	1	gic_precursor_unified4.codex.patch/title	선구자: 우리는 투쟁한다 [4]
Precursor: Eternal Struggle [5]	1	gic_precursor_unified5.codex.patch/title	선구자: 영원한 투쟁 [5]
United Systems Spaceflight	1	gic_reachingspace.codex.patch/title	연합 시스템 우주비행
A Rise From the Ashes	1	gic_risefromashes.codex.patch/title	잿더미에서의 부활
Book of Designations	1	gic_shipdesignations.codex.patch/title	지정록
Space Infantry Warfare	1	gic_spaceinfantry.codex.patch/title	우주 보병전
Ship Turrets Catalogue	1	gic_turretsweaponscatalogue.codex.patch/title	함선 포탑 카탈로그
The Rebel Conquest	1	gic_unitanconquest.codex.patch/title	반군의 정복
The United Existance	1	gic_unitanhistory.codex.patch/title	통합된 존재
US - Guardians of Humanity	1	gic_unitedsystems_guardiansofhumanity.codex.patch/title	US - 인류의 수호자
US - Inspiration	1	gic_unitedsystems_inspiration.codex.patch/title	US - 영감
US - The Final Frontier	1	gic_unitedsystems_thefinalfrontier.codex.patch/title	US - 최후의 변경
Wormhole Warp Drive	1	gic_wormholewarpdrive.codex.patch/title	웜홀 워프 드라이브
mission name	2	ai.config.patch/guiConfig/mainStack/stack/1/missionStack/stack/2/missionName/value; aicustom.config.patch/gui/missionsRect/children/missionSelectRect/children/missionName/value	임무 이름
mission text	1	ai.config.patch/guiConfig/mainStack/stack/1/missionStack/stack/2/missionText/value	임무 내용
recruit name	1	ai.config.patch/guiConfig/mainStack/stack/2/crewStack/stack/2/recruitName/value	모집병 이름
recruit description	1	ai.config.patch/guiConfig/mainStack/stack/2/crewStack/stack/2/recruitText/value	모집병 설명
FTL Drive Fuel Hatch	4	aphroditesbowstringerui.config.patch/gui/windowtitle/title; fuel.config.patch/gui/windowtitle/title; sexbound_reassemblerui.config.patch/gui/windowtitle/title; sexbound_runicassemblerui.config.patch/gui/windowtitle/title	FTL 드라이브 연료 해치
Take all	8	chest10.config.patch/gui/clear/caption; chest10_old.config.patch/gui/clear/caption; chest2.config.patch/gui/clear/caption; chest2_old.config.patch/gui/clear/caption	모두 가져가기
^#b9b5b2; Select your destination	1	cockpit.config.patch/gui/windowtitle/subtitle	^#b9b5b2; 목적지를 선택하세요
Bookmark Name	3	cockpit.config.patch/gui/bookmarksFrame/children/bookmarkList/children/bookmarkItemList/schema/listTemplate/name/value; teleportdialog.config.patch/paneLayout/bookmarkList/children/bookmarkItemList/schema/listTemplate/name/value; teleportdialog_gic_original.config.patch/paneLayout/bookmarkList/children/bookmarkItemList/schema/listTemplate/name/value	북마크 이름
Planet Name	1	cockpit.config.patch/gui/bookmarksFrame/children/bookmarkList/children/bookmarkItemList/schema/listTemplate/planetName/value	행성 이름
New Bookmark	1	cockpit.config.patch/gui/editBookmarkFrame/children/title/value	새 북마크
Confirm FTL	1	cockpit.config.patch/gui/jumpDialog/children/title/value	FTL 확인
"FTL travel will consume ^green;%s fuel^reset;.
Confirm to proceed."	1	cockpit.config.patch/gui/jumpDialog/children/text/value	"FTL 항행은 ^green;%s 연료^reset;를 소모한다.
계속하려면 확인."
THIS IS A CLUSTER	1	cockpit.config.patch/gui/clusterinfo/children/inner/children/name/value	이것은 성단이다
MANY MOONS	1	cockpit.config.patch/gui/clusterinfo/children/inner/children/moons/value	다수의 위성
SPACE OBJECT	1	cockpit.config.patch/gui/objectinfo/children/inner/children/name/value	우주 물체
THIS IS A VERY NICE SPACE OBJECT	1	cockpit.config.patch/gui/objectinfo/children/inner/children/description/value	아주 멋진 우주 물체다
REQUIRES MECH TO DEPLOY	1	cockpit.config.patch/gui/objectinfo/children/inner/children/threat/value	배치에 메카 필요
ADD BOOKMARK	2	cockpit.config.patch/gui/objectinfo/children/inner/children/bookmark/caption; cockpit.config.patch/gui/planetinfo/children/inner/children/bookmark/caption	북마크 추가
STAR TYPE	1	cockpit.config.patch/gui/systeminfo/children/inner/children/type/value	항성 유형
PLANET TYPE	1	cockpit.config.patch/gui/systeminfo/children/inner/children/planetList/schema/listTemplate/type/value	행성 유형
THIS IS A PLANET	1	cockpit.config.patch/gui/planetinfo/children/inner/children/name/value	이것은 행성이다
DESCRIPTION OF THIS PLANET	1	cockpit.config.patch/gui/planetinfo/children/inner/children/description/value	이 행성의 설명
Geological Analysis	1	cockpit.config.patch/gui/planetinfo/children/inner/children/ores/value	지질 분석
NAVIGATION OFFLINE	1	cockpit.config.patch/gui/disabledLabel/value	항법 오프라인
SHIP IN TRANSIT	1	cockpit.config.patch/gui/transitLabel/value	함선 이동 중
REMOTE SYSTEM VIEW	1	cockpit.config.patch/gui/remoteTitle/value	원격 시스템 뷰
UNMAPPED CELESTIAL OBJECTS UNAVAILABLE	1	cockpit.config.patch/gui/remoteDescription/value	지도 없는 천체 이용 불가
SYSTEM NAME	1	cockpit.config.patch/gui/systemName/value	항성계 이름
Gentle Star	1	cockpit.config.patch/systemTooltipConfig/type/value	젠틀 스타
Teleport Confirmation	35	arcana_confirmation_teleport.config.patch/khnemnIsland/title; arcana_confirmation_teleport.config.patch/seekerIntro/title; arcana_confirmation_teleport.config.patch/desertstart/title; atprk_teleportconfirmation.config.patch/atprk_devoutattackmission/title	텔레포트 확인
Dr. Akaggy	11	atprk_teleportconfirmation.config.patch/atprk_4drifttutorial/labels/name; gic_teleportconfirmation.config.patch/penguinmission2/labels/name; gic_teleportconfirmation.config.patch/mechunlock/labels/name; gic_teleportconfirmation.config.patch/mechupgrade2/labels/name	아카기 박사
Dash Test	1	gic_teleportconfirmation.config.patch/techscientist_dash/subtitle	대시 테스트
Pulse Jump Test	1	gic_teleportconfirmation.config.patch/techscientist_doublejump/subtitle	펄스 점프 테스트
Distortion Sphere Test	1	gic_teleportconfirmation.config.patch/techscientist_morphball/subtitle	왜곡 구체 테스트
Arena Battle : The Gladiators	1	gic_teleportconfirmation.config.patch/arena1/subtitle	아레나 전투: 검투사들
Arena Battle : Pet Tamer Volo	1	gic_teleportconfirmation.config.patch/arena2/subtitle	아레나 전투: 펫 테이머 볼로
Arena Champion: Templar Inferno	1	gic_teleportconfirmation.config.patch/arena3/subtitle	아레나 챔피언: 템플러 인페르노
Dreadwing the Penguin	1	gic_teleportconfirmation.config.patch/penguinmission1/subtitle	펭귄 드레드윙
Penguin Arms Testing Site	1	gic_teleportconfirmation.config.patch/penguinmission2/subtitle	펭귄 무기 시험장
Mech Test Course	1	gic_teleportconfirmation.config.patch/mechunlock/subtitle	메카 시험 코스
Advanced Mech Test Course	1	gic_teleportconfirmation.config.patch/mechupgrade2/subtitle	고급 메카 시험 코스
Bounty Lair	1	gic_teleportconfirmation.config.patch/bounty/subtitle	현상금 소굴
Cyberspace Terminal	1	gic_teleportconfirmation.config.patch/cyberspace/subtitle	사이버스페이스 단말기
Golden Moustache	1	craftingtooltip.config.patch/itemList/schema/listTemplate/itemName/value	골든 머스태시
^#b9b5b2;RECIPE	9	fa2.config.patch/paneLayout/lblSchematics/value; funeralaltar.config.patch/paneLayout/lblSchematics/value; funeralaltar2.config.patch/paneLayout/lblSchematics/value; arcana_crafting_vendor_6.config.patch/paneLayout/lblSchematics/value	^#b9b5b2;레시피
ARMOUR SLOTS	3	MM_npcInventory.config.patch/gui/labelappearance/value; playerinventory.config.patch/paneLayout/labelappearance/value; playerinventory_gic_original.config.patch/paneLayout/labelappearance/value	방어구 슬롯
TIME REMAINING:	2	gic_limitedtimemissionaccess.config.patch/gui/lblTimeDescription/value; vaultaccessgui.config.patch/gui/lblTimeDescription/value	남은 시간:
Mission Console - Gazring Boarding	1	gic_limitedtimemissionconsole_gazringboarding.config.patch/gui/windowtitle/title	임무 콘솔 - 가즈링 승선
Vending Machine	36	project45-gunshopscripted.config.patch/gui/windowtitle/title; starforge-vendingmachine.config.patch/gui/windowtitle/title; arcana_vendor_brown.config.patch/paneLayout/windowtitle/title; kitsunecustomdeskmachine.config.patch/paneLayout/windowtitle/title	자판기
Select a slot to modify	1	gic_techupgradegui.config.patch/gui/lblDescription/value	수정할 슬롯 선택
Damage Per Swing:	1	gic_largebase_hybrid_sword.tooltip.patch/damagePerShotTitleLabel/value	스윙당 피해:
Rate of Fire:	1	miningrelic2.tooltip.patch/speedTitleLabel/value	발사 속도:
Beam to Ship	42	gic_crusade_islandfort_warppoint.config.patch/destinations/6/name; gic_esther_chapter_0_2_esthersresearchvessel.config.patch/destinations/1/name; gic_esther_chapter_1_hubworld_dockingbay75.config.patch/destinations/2/name; gic_esther_chapter_2_hubworld_portallab_bossrush.config.patch/destinations/28/name	함선으로 광송
Part 4: The Takeover	1	gic_assaulttotakeover.config.patch/destinations/0/name	4부: 장악
Part 3: The Assault	2	gic_boonestreettoassault.config.patch/destinations/0/name; gic_tunnelstoassault.config.patch/destinations/0/name	3부: 돌격
Part 2: The Preparation	1	gic_ch0_1_to_2.config.patch/destinations/0/name	2부: 준비
Part 2: Raining Shells	1	gic_citytoboonestreet.config.patch/destinations/0/name	2부: 포탄의 비
Part 2: The Darkness Below	1	gic_citytotunnels.config.patch/destinations/0/name	2부: 아래의 어둠
Part 1: Ground Assault	2	gic_leedscharge_1_2.config.patch/destinations/0/name; gic_leedscharge_2_3.config.patch/destinations/0/name	1부: 지상 돌격
Part 2: Speed or Strength?	1	gic_leedscharge_3_4.config.patch/destinations/0/name	2부: 속도인가, 힘인가?
Part 3: Flakturm	1	gic_leedscharge_4_5.config.patch/destinations/0/name	3부: 대공포탑
Part 4: Flakturm Escape	1	gic_leedscharge_5_6.config.patch/destinations/0/name	4부: 대공포탑 탈출
Part 2: Three Way Deal	1	gic_md1_md2.config.patch/destinations/0/name	2부: 삼자 협상
Part 3: Gunship	1	gic_md2_md3.config.patch/destinations/0/name	3부: 건십
Part 4: Escape	1	gic_md3_md4.config.patch/destinations/0/name	4부: 탈출
Part 1: Nova's Blast	1	gic_powerplantdestruction_1_2.config.patch/destinations/0/name	1부: 노바의 폭발
Part 2: Battle-Train 'Maverick'	2	gic_powerplantdestruction_1_2.config.patch/destinations/1/name; gic_powerplantdestruction_2_3.config.patch/destinations/0/name	2부: 전투열차 '매버릭'
Path: Ship Escape	1	gic_powerplantdestruction_4_5.config.patch/destinations/0/name	경로: 함선 탈출
Path: Rail Train Escape	1	gic_powerplantdestruction_4_5_alt.config.patch/destinations/0/name	경로: 레일 열차 탈출
The long flight home.	1	gic_powerplantdestruction_longflighthome.config.patch/destinations/0/name	기나긴 귀환 비행.
The long walk home.	1	gic_powerplantdestruction_longwalkhome.config.patch/destinations/0/name	기나긴 귀환 걸음.
MATERIALS AVAILABLE	114	gic_cooking.config.patch/paneLayout/lblProduct/value; gic_cooking_boilingpot.config.patch/paneLayout/lblProduct/value; gic_cooking_brickoven.config.patch/paneLayout/lblProduct/value; gic_cooking_civilwar_cookstove.config.patch/paneLayout/lblProduct/value	보유 재료
^#b9b5b2;BLUEPRINTS	56	gic_advancedmunitions_engineer.config.patch/paneLayout/lblSchematics/value; gic_automarket_tradeterminal.config.patch/paneLayout/lblSchematics/value; gic_blackmarket_largebase.config.patch/paneLayout/lblSchematics/value; gic_civilianfirearms_merchantterminal.config.patch/paneLayout/lblSchematics/value	^#b9b5b2;청사진
^#b9b5b2;PRODUCT	91	gic_advancedmunitions_engineer.config.patch/paneLayout/lblProducttitle/value; gic_archivist_largebase.config.patch/paneLayout/lblProducttitle/value; gic_automarket_tradeterminal.config.patch/paneLayout/lblProducttitle/value; gic_blackmarket_largebase.config.patch/paneLayout/lblProducttitle/value	^#b9b5b2;상품
^#b9b5b2;STOCK	16	gic_archivist_largebase.config.patch/paneLayout/lblSchematics/value; gic_embassy_merchantterminal.config.patch/paneLayout/lblSchematics/value; gic_tradeterminal_economyflow.config.patch/paneLayout/lblSchematics/value; blackOps_shop.config.patch/paneLayout/lblSchematics/value	^#b9b5b2;재고
CURRENCY AVAILABLE	1	gic_crafting_largebase_currencyexchangemachine.config.patch/paneLayout/lblProduct/value	보유 통화
^#b9b5b2;COLLECTION	2	gic_spaceporttrader.config.patch/paneLayout/lblSchematics/value; gic_weaponsdealer.config.patch/paneLayout/lblSchematics/value	^#b9b5b2;컬렉션
^#b9b5b2;PIECE	2	gic_spaceporttrader.config.patch/paneLayout/lblProducttitle/value; gic_weaponsdealer.config.patch/paneLayout/lblProducttitle/value	^#b9b5b2;파츠
^#b9b5b2;FILTERS	4	gic_spaceporttrader.config.patch/paneLayout/lblFilters/value; gic_weaponsdealer.config.patch/paneLayout/lblFilters/value; arcana_contractstore.config.patch/paneLayout/lblFilters/value; collectiblestore.config.patch/paneLayout/lblFilters/value	^#b9b5b2;필터
CAN AFFORD	9	gic_spaceporttrader.config.patch/paneLayout/lblProduct/value; gic_weaponsdealer.config.patch/paneLayout/lblProduct/value; arcana_contractstore.config.patch/paneLayout/lblProduct/value; bookstore.config.patch/paneLayout/lblProduct/value	구매 가능
Local Supplies	1	gic_spaceporttrader.config.patch/paneLayout/lblFurniture/value	지역 보급품
Port Supplies	1	gic_spaceporttrader.config.patch/paneLayout/lblCommunity/value	항구 보급품
^#8d8d8d;GENDER	2	charcreation.config.patch/paneLayout/labelGender/value; charcreation_initialdraft.config.patch/paneLayout/labelGender/value	^#8d8d8d;성별
^#8d8d8d;CUSTOMISE	2	charcreation.config.patch/paneLayout/labelCustomise/value; charcreation_initialdraft.config.patch/paneLayout/labelCustomise/value	^#8d8d8d;커스터마이즈
^#8d8d8d;NAME	2	charcreation.config.patch/paneLayout/labelName/value; charcreation_initialdraft.config.patch/paneLayout/labelName/value	^#8d8d8d;이름
Show clothing	2	charcreation.config.patch/paneLayout/labelToggleClothing/value; charcreation_initialdraft.config.patch/paneLayout/labelToggleClothing/value	의류 보기
0 of 0	3	codex.config.patch/paneLayout/pageNum/value; codex_gic_original.config.patch/paneLayout/pageNum/value; codex_original.config.patch/paneLayout/pageNum/value	0/0
< Previous	3	codex.config.patch/paneLayout/prevButton/caption; codex_gic_original.config.patch/paneLayout/prevButton/caption; codex_original.config.patch/paneLayout/prevButton/caption	< 이전
Next >	3	codex.config.patch/paneLayout/nextButton/caption; codex_gic_original.config.patch/paneLayout/nextButton/caption; codex_original.config.patch/paneLayout/nextButton/caption	다음 >
Codex Library	1	codex_original.config.patch/paneLayout/windowtitle/title	코덱스 서고
INGREDIENTS AVAILABLE	4	gic_generic_shop_notab_cook.config.patch/paneLayout/lblProduct/value; gic_humanclothesshop_standardsection_tradeterminal.config.patch/paneLayout/lblProduct/value; gic_humanrestaurant_craftingfood.config.patch/paneLayout/lblProduct/value; gic_kitchen_romanstove.config.patch/paneLayout/lblProduct/value	보유 재료
^#b9b5b2;DISH	2	gic_humanclothesshop_standardsection_tradeterminal.config.patch/paneLayout/lblProducttitle/value; gic_humanrestaurant_craftingfood.config.patch/paneLayout/lblProducttitle/value	^#b9b5b2;요리
^#b9b5b2;Your inventory and equipment ^green;[I]	2	playerinventory.config.patch/subtitle; playerinventory_gic_original.config.patch/subtitle	^#b9b5b2;인벤토리와 장비 ^green;[I]
Explosive Arrow	1	gic_explosivearrow.item.patch/shortdescription	폭발 화살
Bren Gun .303 Mag	1	gic_bren_770x56mm_incendiarytracer_mag.item.patch/shortdescription	브렌 건 .303 탄창
Contraband Crate	1	gic_soulsmith_armorbundle_template.activeitem.patch/shortdescription	밀수품 상자
Energetic Artifact	1	gic_energetic_artifact.item.patch/shortdescription	활력의 아티팩트
Muted Artifact	1	gic_muted_artifact.item.patch/shortdescription	침묵의 아티팩트
[AYA-1] Basement Key	1	gic_aya_bradleyproperty_basementkey.item.patch/shortdescription	[AYA-1] 지하실 열쇠
Bring this with you on your way out...	1	gic_aya_bradleyproperty_curio.item.patch/description	나갈 때 이걸 챙겨 가라...
Fish and Chips	1	gic_fishandchips.consumable.patch/shortdescription	피시 앤 칩스
Meat Dumplings	1	gic_meatdumplings.consumable.patch/shortdescription	고기 만두
Cooked Fish	1	gic_cookedfish.consumable.patch/shortdescription	조리한 생선
Informed. Stone bricks like this are frequently used in castle construction.	1	castlewalls1.matitem.patch/glitchdescription	정보. 이런 석벽돌은 성 건축에 자주 쓰인다.
Giant sstone brickss.	1	castlewalls1.matitem.patch/florandescription	커다란 돌벽돌이엇.
I'd hate t've been the fella who had to lay these heavy bricks.	1	castlewalls1.matitem.patch/novakiddescription	이 무거운 벽돌을 쌓은 사람은 정말 고됐겠군.
Interested. It appears these bricks were all cut from the same stone.	1	castlewalls2.matitem.patch/glitchdescription	흥미. 이 벽돌들은 전부 같은 돌에서 잘라낸 모양이다.
These sstone brickss are ssmall.	1	castlewalls2.matitem.patch/florandescription	이 돌벽돌은 작다엇.
Some bricks carved outta rock.	1	castlewalls2.matitem.patch/novakiddescription	바위에서 깎아낸 벽돌이군.
Facinated. These cobblestones are naturally smooth.	1	cobblestone.matitem.patch/glitchdescription	매료. 이 조약돌들은 자연스럽게 매끄럽다.
Ssmooth cobblessstone rockss.	1	cobblestone.matitem.patch/florandescription	매끄러운 조약돌 바위엇.
Ain't uncommon to run across cobblestone rocks like this.	1	cobblestone.matitem.patch/novakiddescription	이런 조약돌 바위는 흔히 보이는군.
Observant. These bricks are made from cobblestone.	1	cobblestonebrick.matitem.patch/glitchdescription	관찰. 이 벽돌들은 조약돌로 만들어졌다.
Ssmooth cobblessstone brickss.	1	cobblestonebrick.matitem.patch/florandescription	매끄러운 조약돌 벽돌이엇.
Bricks made outta cobblestone.	1	cobblestonebrick.matitem.patch/novakiddescription	조약돌로 만든 벽돌이군.
Curious. A dark brick made from an unknown stone.	1	darksmoothstone.matitem.patch/glitchdescription	호기심. 알 수 없는 돌로 만든 검은 벽돌이다.
Sssmooth sstone block.	1	darksmoothstone.matitem.patch/florandescription	매끄러운 돌덩이엇.
A dark lookin' stone brick.	1	darksmoothstone.matitem.patch/novakiddescription	어두워 보이는 석벽돌이군.
Wood that has been prepared for building and crafting.	1	darkwood.matitem.patch/description	건축과 제작용으로 다듬어진 나무다.
Some crafted planks of wood.	1	darkwood.matitem.patch/apexdescription	다듬어 만든 나무 판자들이야.
Wood that's been crafted into planks.	1	darkwood.matitem.patch/aviandescription	판자로 가공된 나무다.
Satisfied. These are well crafted wood planks.	1	darkwood.matitem.patch/glitchdescription	만족. 잘 다듬은 나무 판자다.
Sssplintery wood plankss.	1	darkwood.matitem.patch/florandescription	가시 돋친 나무 판자엇.
Some simple planks made from wood.	1	darkwood.matitem.patch/humandescription	나무로 만든 소박한 판자야.
Basic wood planks.	1	darkwood.matitem.patch/hylotldescription	기본 나무 판자다.
Just some basic lookin' wood planks.	1	darkwood.matitem.patch/novakiddescription	평범해 보이는 나무 판자군.
Weapon Parts	1	gic_weaponparts.item.patch/shortdescription	무기 부품
Impressed. These logs fit together closely and are effective for building.	1	log.matitem.patch/glitchdescription	감탄. 이 통나무들은 빈틈없이 맞물려 건축에 적합하다.
Floran likess wooden log wallss.	1	log.matitem.patch/florandescription	플로란은 통나무 벽 좋아한다엇.
Ain't uncommon to see logs laid like this in cabins.	1	log.matitem.patch/novakiddescription	오두막에 이렇게 놓인 통나무는 흔한 풍경이지.
Familiar. This is a basic wood platform.	1	platform.matitem.patch/glitchdescription	친숙. 기본 나무 발판이다.
Ssimple wood platformsss.	1	platform.matitem.patch/florandescription	간단한 나무 발판이엇.
Just a platform made outta wood.	1	platform.matitem.patch/novakiddescription	나무로 만든 발판일 뿐엇.
Unimpressed. These are simply rocks stacked like bricks	1	rockbrick.matitem.patch/glitchdescription	시시. 그냥 벽돌처럼 쌓은 돌일 뿐이야.
Sstacked rockss.	1	rockbrick.matitem.patch/florandescription	쌓인 바위엇.
This ain't nothin' more'n a pile of rocks.	1	rockbrick.matitem.patch/novakiddescription	그냥 돌무더기일 뿐이야.
^yellow;Protectorate Replicator	2	gic_ammo_replicator.consumable.patch/shortdescription; esc_ammo_replicator.consumable.patch/shortdescription	^yellow;보호국 복제기
Legacy item. Has no use.	2	gic_aseptic_bandage.consumable.patch/description; gic_military_bandage.consumable.patch/description	구식 아이템. 쓸모없음.
^yellow;Aseptic Bandage	1	gic_aseptic_bandage.consumable.patch/shortdescription	^yellow;무균 붕대
^#CE7777;Beast Blood Pellet	1	gic_beastbloodpellet.consumable.patch/shortdescription	^#CE7777;야수의 혈환
^yellow;Estsus Flask	1	gic_estsusflask.consumable.patch/shortdescription	^yellow;에스투스 플라스크
^yellow;Healing Flask	1	gic_healingflask.consumable.patch/shortdescription	^yellow;회복 플라스크
^yellow;Military Bandage	1	gic_military_bandage.consumable.patch/shortdescription	^yellow;군용 붕대
^yellow;PBV-4 Medkit	1	gic_pbv4_medkit.consumable.patch/shortdescription	^yellow;PBV-4 의료키트
^red;Unitan Astral Sedative	1	gic_unitan_psychicsedative.consumable.patch/shortdescription	^red;유니탄 아스트랄 진정제
^yellow;Wolf First Aid Kit	1	gic_wolffak_medkit.consumable.patch/shortdescription	^yellow;울프 응급키트
^yellow;Wound Cauterization Kit	1	gic_woundcauterization_kit.consumable.patch/shortdescription	^yellow;상처 소작 키트
Afflicted Riot Shield	1	gic_afflicted_riotshield.activeitem.patch/shortdescription	감염된 진압 방패
Perfect Parry	70	esc_m41a_starter.activeitem.patch/altAbility/name; esc_springfield.activeitem.patch/altAbility/name; esc_t56s.activeitem.patch/altAbility/name; esc_t56sm.activeitem.patch/altAbility/name	완벽한 패링
COPSC 'Komodo' Service Rifle	4	gic_copsc_servicerifle_old.activeitem.patch/shortdescription; esc_copsc_servicerifle_doll.activeitem.patch/shortdescription; gicexp_copsc_servicerifle_npc.activeitem.patch/shortdescription; gicexp_copsc_servicerifle_npc_rf.activeitem.patch/shortdescription	COPSC '코모도' 제식 소총
Sinner's Dagger	1	gic_sinners_dagger.activeitem.patch/shortdescription	죄인의 단도
- todo -	1	gic_halberd_demo.activeitem.patch/description	- 할 일 -
Malaya Pekhotnaya Lopata	1	gic_soviet_infantryspade.activeitem.patch/shortdescription	소형 보병삽
Throwing Axe	1	gic_throwingaxe.activeitem.patch/shortdescription	투척 도끼
Throwing Knife	1	gic_throwingknife.activeitem.patch/shortdescription	투척 단검
Asra Nox	4	lore.config.patch/thing/41; gic_cultistboss.monstertype.patch/shortdescription; ffs_mission_radiomessages.radiomessages.patch/ffs_cultistmission_onejob/senderName; ffs_mission_radiomessages.radiomessages.patch/ffs_cultistmission_onejob2/senderName	아스라 녹스
Healing Zone	6	healthrelic3_es.activeitem.patch/altAbility/name; healthrelic4_es.activeitem.patch/altAbility/name; healthrelicancient_es.activeitem.patch/altAbility/name; healingzone.weaponability.patch/ability/name	치유 구역
Chaos Arrow	1	ancientbow.activeitem.patch/altAbility/name	혼돈 화살
Curious. This sand is so fine it seems smooth to touch.	2	chargedsand.matitem.patch/glitchdescription; livinglightning.matitem.patch/glitchdescription	호기심. 이 모래는 만지면 부드러울 만큼 고운 입자다.
Dussty sand.	2	chargedsand.matitem.patch/florandescription; livinglightning.matitem.patch/florandescription	먼지 낀 모래엇.
Some mighty soft lookin' sand.	2	chargedsand.matitem.patch/novakiddescription; livinglightning.matitem.patch/novakiddescription	엄청 부드러워 보이는 모래군.
Pleased. The material this rail is made from makes it very strong.	1	darkobsidianrail.matitem.patch/glitchdescription	만족. 이 레일의 재질은 매우 튼튼하다.
Shiny metal rails.	1	darkobsidianrail.matitem.patch/florandescription	반짝이는 금속 레일이엇.
Satisfied. This smooth modern platform is attractive and sturdy.	1	iceplatform.matitem.patch/glitchdescription	만족. 이 매끄러운 현대식 발판은 보기 좋고 튼튼하다.
Ssmooth modern platformsss.	1	iceplatform.matitem.patch/florandescription	매끄러운 현대식 발판이엇.
Some fancy lookin' metal platforms.	1	iceplatform.matitem.patch/novakiddescription	멋져 보이는 금속 발판들이군.
Secure. This metal wall has been reinforced with strong bolts.	1	titansteeldetails.matitem.patch/glitchdescription	안심. 이 금속 벽은 굵은 볼트로 보강됐다.
Ssstrong bolted metal.	1	titansteeldetails.matitem.patch/florandescription	볼트 박은 튼튼한 금속엇.
Strong lookin' wall made from metal.	1	titansteeldetails.matitem.patch/novakiddescription	금속으로 만든 튼튼해 보이는 벽이군.
Impressed. These removable panels are smooth and strong.	1	titansteelshipwall.matitem.patch/glitchdescription	감탄. 이 탈착식 판들은 매끄럽고 튼튼하다.
Metal panel makess ssmooth wall.	1	titansteelshipwall.matitem.patch/florandescription	금속 판은 매끄러운 벽 만든다엇.
A panel made outta metal.	1	titansteelshipwall.matitem.patch/novakiddescription	금속으로 만든 판이군.
Observant. This somewhat inexpensive material can withstand most weathering.	1	titansteelslopedpanel.matitem.patch/glitchDescription	관찰. 이 다소 싼 재료는 대부분의 풍화를 견딘다.
This sspace-metal looks ssstrong.	1	titansteelslopedpanel.matitem.patch/floranDescription	우주 금속, 튼튼해 보인다엇.
A sturdy lookin' metal panel.	1	titansteelslopedpanel.matitem.patch/novakidDescription	튼튼해 보이는 금속 판이군.
Impressed. These platforms can easily support my weight.	1	titansteelstairs.matitem.patch/glitchDescription	감탄. 이 발판들은 내 몸무게도 쉽게 지탱한다.
Facinated. These platforms are light and favoured for their portability.	1	titansteelsteps.matitem.patch/glitchdescription	매료. 이 발판들은 가볍고 휴대성이 좋다.
Jusst another metal platform.	1	titansteelsteps.matitem.patch/florandescription	그저 또 금속 발판일 뿐엇.
Pretty strange lookin' metal platform.	1	titansteelsteps.matitem.patch/novakiddescription	꽤 이상해 보이는 금속 발판이군.
Informed. Supports like this are often used in ship construction.	1	titansteelsupport.matitem.patch/glitchdescription	정보. 이런 지지대는 함선 건조에 자주 쓰인다.
Ssship sstructural ssupport.	1	titansteelsupport.matitem.patch/florandescription	함선 구조 지지대엇.
Made for holdin' spaceships together.	1	titansteelsupport.matitem.patch/novakiddescription	우주선들을 붙여두는 용도군.
Floran disslike cold concrete.	2	gic_lunarcrete.matitem.patch/floranDescription; gic_wornconcrete.matitem.patch/floranDescription	플로란은 차가운 콘크리트 싫다엇.
Alarmed. The rust on this metal makes me very uncomfortable.	1	gic_metrometal.matitem.patch/glitchDescription	경계. 이 금속의 녹이 몹시 불편하다.
Russst covered metal.	1	gic_metrometal.matitem.patch/floranDescription	녹투성이 금속이엇.
Some ol' metal covered in thick rust.	1	gic_metrometal.matitem.patch/novakidDescription	두꺼운 녹에 덮인 오래된 금속이군.
Concrete that's become gritty and rough.	2	gic_wornconcrete_red_grassy.matitem.patch/description; gic_wornconcrete_white_grassy.matitem.patch/description	거칠고 모래처럼 된 콘크리트다.
Knights of old.	197	gic_alliedassistance_bada_gunner.monstertype.patch/description; gic_alliedassistance_kogasa_caster.monstertype.patch/description; gic_alliedassistance_thomasvane_mariner.monstertype.patch/description; gic_abyssal_oda_yariashigaru.monstertype.patch/description	옛 시대의 기사들.
[Oda Yari Ashigaru]	1	gic_abyssal_oda_yariashigaru.monstertype.patch/shortdescription	[오다 야리 아시가루]
[Takeda Yari Ashigaru]	1	gic_abyssal_takeda_yariashigaru.monstertype.patch/shortdescription	[타케다 야리 아시가루]
[Caretaker Pilgrim]	1	gic_arkoutpost_caretakerpilgrim.monstertype.patch/shortdescription	[관리인 순례자]
[Passive Lost Doll]	1	gic_khurtovyna_lostdoll.monstertype.patch/shortdescription	[온순한 잃어버린 인형]
HI!!!	5	gic_khurtovyna_lostdoll.monstertype.patch/description; gic_garden_terrifyingkasaobake.monstertype.patch/description; gic_khurtovyna_kasaobake_kogasatatara.monstertype.patch/description; gic_khurtovyna_lostspirit.monstertype.patch/description	안녕!!!
[Watcher]	1	gic_khurtovyna_watcher.monstertype.patch/shortdescription	[감시자]
Some sort of anomaly.	5	gic_khurtovyna_watcher.monstertype.patch/description; gic_tombofthesatori_eye.monstertype.patch/description; gic_tombofthesatori_eye_alt.monstertype.patch/description; gic_tombofthesatori_vessel.monstertype.patch/description	뭔가 이상한 존재다.
Some sort of anomaly. Reacts violently.	20	gic_magical_defenderfae.monstertype.patch/description; gic_pericarpyx_husk_flyer.monstertype.patch/description; gic_magical_sorceress.monstertype.patch/description; gic_yamaxanadu_airborne_judgmentwisp.monstertype.patch/description	뭔가 이상한 존재다. 난폭하게 반응하네.
Pericarpyx Husk	1	gic_pericarpyx_husk_flyer.monstertype.patch/shortdescription	페리카픽스 껍질
[Anthro-Lynx]	2	gic_wildlands_anthrolynx.monstertype.patch/shortdescription; gic_wildlands_anthrolynx_denizen.monstertype.patch/shortdescription	[앤스로-링스]
[Captured Anthro-Lynx]	1	gic_wildlands_anthrolynx_captured.monstertype.patch/shortdescription	[포획된 앤스로-링스]
[Owl-Bide]	1	gic_wildlands_owlbide.monstertype.patch/shortdescription	[아울바이드]
It bides its time.	1	gic_wildlands_owlbide.monstertype.patch/description	때를 기다리고 있군.
What does it mean?	5	gic_shellhunter_kuroda.monstertype.patch/description; gic_glitchhuntercaptain.monstertype.patch/description; gic_excultist.monstertype.patch/description; gic_falseprotector.monstertype.patch/description	무슨 뜻일까?
Crouch and this thing will never be able to touch you.	4	gic_abyssal_suppressor.monstertype.patch/description; gic_abyssal_suppressor_summon.monstertype.patch/description; gic_erchius_suppressor.monstertype.patch/description; gic_erchius_suppressor_summon.monstertype.patch/description	쭈그리면 이건 절대 못 건드려.
[Undead Shieldsman]	1	gic_abyssal_undeadshieldsman.monstertype.patch/shortdescription	[언데드 방패병]
[Shieldsman]	1	gic_abyssal_undeadshieldsman_summon.monstertype.patch/shortdescription	[방패병]
[Grand Archives Scholar]	1	gic_grandarchives_candlescholar.monstertype.patch/shortdescription	[대기록관 학자]
[Possessed Axe-Thrower]	1	gic_otherworld_possessedaxethrower.monstertype.patch/shortdescription	[빙의된 도끼 투척병]
[Relentless Headless]	2	gic_otherworld_relentlessheadless.monstertype.patch/shortdescription; gic_otherworld_relentlessheadless_crypt.monstertype.patch/shortdescription	[집요한 목 없는 자]
[Crusader Archer]	1	gic_crusader_archer.monstertype.patch/shortdescription	[십자군 궁수]
Ringed Knight moment.	3	gic_crusader_archer.monstertype.patch/description; gic_floran_liberationarcher.monstertype.patch/description; gic_floran_swordmaster.monstertype.patch/description	링드 나이트의 순간이군.
[Crusader Cavalryman]	1	gic_crusader_cavalrylancer.monstertype.patch/shortdescription	[십자군 기병]
To battle!	3	gic_crusader_cavalrylancer.monstertype.patch/description; gic_freethinker_cavalrypistoleer.monstertype.patch/description; arcana_crewmember_berserker.npctype.patch/scriptConfig/dialog/crewmember/combatBenefit/default/default/0	전투로!
[Crusader Halberdier]	1	gic_crusader_halberdier.monstertype.patch/shortdescription	[십자군 할버드병]
[Crusader Knight]	3	gic_crusader_knight.monstertype.patch/shortdescription; gic_crusader_knight_playersummon.monstertype.patch/shortdescription; gic_crusader_knight_summon.monstertype.patch/shortdescription	[십자군 기사]
[Free-Thinker Cavalry Pistoleer]	1	gic_freethinker_cavalrypistoleer.monstertype.patch/shortdescription	[자유사상가 기병 권총병]
Age of Fire.	50	gic_crusade_machinariuslineinfantry.monstertype.patch/description; gic_crusade_machinariuslineinfantry_crimsonsamurai.monstertype.patch/description; gic_crusade_machinariuslineinfantry_static.monstertype.patch/description; gic_crusade_machinariuslineinfantry_zombie.monstertype.patch/description	불의 시대.
This wandering creature might've been a person once...	10	esc_erchius_charger.monstertype.patch/description; esc_erchius_visceroid.monstertype.patch/description; esc_erchiusinfested_exploder.monstertype.patch/description; esc_erchiusinfested_grunt.monstertype.patch/description	이 떠도는 생물은 한때 사람이었을지도...
[Erchius Gladiator]	3	esc_erchius_gladiator.monstertype.patch/shortdescription; gic_erchius_gladiator.monstertype.patch/shortdescription; gic_erchius_gladiator_dying.monstertype.patch/shortdescription	[에르키우스 검투사]
[Gene-Cultist Impaler]	5	gic_savage_impaler.monstertype.patch/shortdescription; gic_genecultist_impaler.monstertype.patch/shortdescription; gic_genecultist_impaler_defensive.monstertype.patch/shortdescription; gic_genecultist_impaler_dying.monstertype.patch/shortdescription	[유전자 광신도 쇠꼬챙이병]
Blood Youkai Rifle-Woman	1	gic_bloodyoukai_airborne_riflewoman.monstertype.patch/shortdescription	블러드 요괴 여성 소총수
The skin appears to be made of stone.	2	gic_bloodyoukai_airborne_riflewoman.monstertype.patch/description; gic_bloodyoukai_airborne_riflewoman_static.monstertype.patch/description	피부가 돌로 된 것 같아.
Blood Youkai Rifle-Woman Static	1	gic_bloodyoukai_airborne_riflewoman_static.monstertype.patch/shortdescription	블러드 요괴 여성 소총수(고정형)
Blood Youkai Stabber	2	gic_bloodyoukai_airborne_stabber.monstertype.patch/shortdescription; gic_bloodyoukai_airborne_stabber_mobiletaskforce.monstertype.patch/shortdescription	블러드 요괴 찌르기병
No evil shall take me!	2	gic_bloodyoukai_airborne_stabber.monstertype.patch/description; gic_bloodyoukai_airborne_stabber_mobiletaskforce.monstertype.patch/description	어떤 사악함도 날 잡지 못해!
[Blood Youkai Hallowed City Soldier]	1	gic_bloodyoukai_hallowedcity_machinegunner.monstertype.patch/shortdescription	[블러드 요괴 신성시 병사]
[Blood Youkai Hallowed City Rocketeer]	1	gic_bloodyoukai_hallowedcity_rocketeer.monstertype.patch/shortdescription	[블러드 요괴 신성시 로켓병]
Blood Youkai Hell's Train Mustang	1	gic_bloodyoukai_hellstrain_mustang.monstertype.patch/description	블러드 요괴 지옥열차 머스탱
Blood Youkai Hell's Train Transport	1	gic_bloodyoukai_hellstrain_transport.monstertype.patch/description	블러드 요괴 지옥열차 수송기
[Afflicted Stone Knight]	2	gic_afflicted_stoneknight.monstertype.patch/shortdescription; gic_afflicted_stoneknight_dying.monstertype.patch/shortdescription	[감염된 돌기사]
[Afflicted Stone Knight Summon]	1	gic_afflicted_stoneknight_playersummon.monstertype.patch/shortdescription	[감염된 돌기사 소환]
Afflicted Walker	1	gic_afflictedwalker_miniboss.monstertype.patch/shortdescription	감염된 워커
[Crystal Lunar Machinegunner]	1	gic_crystal_lunar_machinegunner.monstertype.patch/shortdescription	[크리스탈 월면 기관총병]
Soldiers of old.	1	gic_crystal_lunar_machinegunner.monstertype.patch/description	옛 시대의 병사들.
Erchius Crystal Sentinel	3	gic_erchius_crystalsentinel.monstertype.patch/shortdescription; gic_erchius_crystalsentinel_dying.monstertype.patch/shortdescription; gic_erchius_seeker.monstertype.patch/shortdescription	에르키우스 크리스탈 파수꾼
Some sort of living rock.	4	gic_erchius_crystalsentinel.monstertype.patch/description; gic_erchius_crystalsentinel_dying.monstertype.patch/description; gic_erchius_crystalsentinel_lunarbattlefield.monstertype.patch/description; gic_erchius_seeker.monstertype.patch/description	살아있는 바위 같은 놈이야.
Erchius Crystal Sentinel Lunar Battlefield	1	gic_erchius_crystalsentinel_lunarbattlefield.monstertype.patch/shortdescription	에르키우스 크리스탈 파수꾼(월면 전장)
Last of their kind.	12	gic_erchius_gladiator.monstertype.patch/description; gic_erchius_gladiator_dying.monstertype.patch/description; gic_downsun_helicopter.monstertype.patch/description; gic_greenfingerdaimyo.monstertype.patch/description	그 종족의 마지막 생존자.
[Erchius Shieldsman]	2	gic_erchius_shieldsman.monstertype.patch/shortdescription; gic_erchius_shieldsman_summon.monstertype.patch/shortdescription	[에르키우스 방패병]
Erchius Suppressor	2	gic_erchius_suppressor.monstertype.patch/shortdescription; gic_erchius_suppressor_summon.monstertype.patch/shortdescription	에르키우스 제압기
[Floran Cannoneer]	2	gic_floran_cannoneer.monstertype.patch/shortdescription; gic_floran_cannoneer_playersummon.monstertype.patch/shortdescription	[플로란 포병]
[Floran Liberation Archer]	1	gic_floran_liberationarcher.monstertype.patch/shortdescription	[플로란 해방군 궁수]
[Floran Liberation Flamer]	1	gic_floran_liberationflamer.monstertype.patch/shortdescription	[플로란 해방군 화염병]
[Floran Rifleman]	1	gic_floran_liberationrifleman.monstertype.patch/shortdescription	[플로란 소총병]
[Floran Musketeer]	2	gic_floran_musketeer.monstertype.patch/shortdescription; gic_floran_musketeer_playersummon.monstertype.patch/shortdescription	[플로란 머스킷병]
[Floran Rocketeer]	1	gic_floran_rocketeer.monstertype.patch/shortdescription	[플로란 로켓병]
[Sword Master]	1	gic_floran_swordmaster.monstertype.patch/shortdescription	[검의 달인]
[Floran Triarii]	2	gic_floran_triarii.monstertype.patch/shortdescription; gic_floran_triarii_playersummon.monstertype.patch/shortdescription	[플로란 트리아리]
[Floran Tribal Archer]	1	gic_floran_tribalarcher.monstertype.patch/shortdescription	[플로란 부족 궁수]
[Floran Tribal Levy]	1	gic_floran_triballevy.monstertype.patch/shortdescription	[플로란 부족 징집병]
FLF Whitworth Cannon	1	gic_floran_whitworth_cannon.monstertype.patch/shortdescription	FLF 휘트워스 캐논
Siege Weapon	3	gic_floran_whitworth_cannon.monstertype.patch/description; gic_greenfinger_hwacha.monstertype.patch/description; gic_greenfinger_hwacha_razedboss_setpiece.monstertype.patch/description	공성 무기
[Floran Yari Ashigaru]	3	gic_floran_yariashigaru.monstertype.patch/shortdescription; gic_floran_yariashigaru_daimyoguard.monstertype.patch/shortdescription; gic_floran_yariashigaru_playersummon.monstertype.patch/shortdescription	[플로란 야리 아시가루]
Greenfinger Hwacha	2	gic_greenfinger_hwacha.monstertype.patch/shortdescription; gic_greenfinger_hwacha_razedboss_setpiece.monstertype.patch/shortdescription	그린핑거 화차
[Ixoling Bomber]	1	gic_ixolingbomber.monstertype.patch/shortdescription	[익솔링 폭격수]
Only the strong survive.	3	gic_ixolingbomber.monstertype.patch/description; gic_alphaixoling.monstertype.patch/description; gic_ixolingrider.monstertype.patch/description	강한 자만이 살아남는다.
Red Star Swarm Fighter	2	gic_redstar_swarmdrone.monstertype.patch/shortdescription; gic_weapon_uvv.monstertype.patch/shortdescription	레드스타 스웜 전투기
[Alpha Ixoling]	1	gic_alphaixoling.monstertype.patch/shortdescription	[알파 익솔링]
Auto-Bomber MG	1	gic_automachinegunturret.monstertype.patch/shortdescription	자동 폭격 MG
An old automated turret belonging to the decaying automated bombers.	1	gic_automachinegunturret.monstertype.patch/description	쇠퇴한 자동 폭격기들의 낡은 자동 포탑이다.
[Crusader Champion]	1	gic_crusaderchampion.monstertype.patch/shortdescription	[십자군 용사]
Peak Performance.	2	gic_crusaderchampion.monstertype.patch/description; gic_fallenyamaxanadu.monstertype.patch/description	최고 성능.
[Downsun Absolute Unit]	1	gic_downsun_helicopter.monstertype.patch/shortdescription	[다운선 앱솔루트 유닛]
[Evolved Swarmer Drone]	2	gic_evolvedswarmerdrone.monstertype.patch/shortdescription; gic_evolvedswarmerdrone_broken.monstertype.patch/shortdescription	[진화한 스워머 드론]
The mastermind of an incursion.	4	gic_evolvedswarmerdrone.monstertype.patch/description; gic_erchiuscrystalcoordinator.monstertype.patch/description; gic_metrowanderer.monstertype.patch/description; gic_metrowanderer_old.monstertype.patch/description	침입의 배후 조종자.
[Poyizd]	1	gic_ghosttrain.monstertype.patch/shortdescription	[포이즈드]
A literal ghost train.	1	gic_ghosttrain.monstertype.patch/description	말 그대로 유령 열차다.
[Glitch-Hunter Captain]	1	gic_glitchhuntercaptain.monstertype.patch/shortdescription	[글리치 헌터 대장]
Space Mine	1	gic_industrialmine.monstertype.patch/shortdescription	우주 기뢰
An experimental magnetic space mine developed to deter trespassers.	1	gic_industrialmine.monstertype.patch/description	침입자 억제용으로 개발된 실험형 자기 부유 기뢰다.
[Ixoling Rider]	1	gic_ixolingrider.monstertype.patch/shortdescription	[익솔링 기수]
Ved'ma	1	gic_magical_sorceress.monstertype.patch/shortdescription	베드마
[Defend: Lionheart]	1	gic_otherworld_lionheart_vsnoblevampire.monstertype.patch/shortdescription	[방어: 라이언하트]
[Noble Vampire]	1	gic_otherworld_noblevampire.monstertype.patch/shortdescription	[귀족 뱀파이어]
A discrete Unmanned Void Vehicle.	1	gic_weapon_uvv.monstertype.patch/description	은밀한 무인 공허 기체다.
Judgment Wisp	1	gic_yamaxanadu_airborne_judgmentwisp.monstertype.patch/shortdescription	심판 위습
Protectorate Jump Diver	1	gic_protectorate_airborne_jumpdiver.monstertype.patch/shortdescription	보호국 점프 다이버
Protectorate Beluga Fighter	9	gic_protectorate_beluga_fighter.monstertype.patch/description; gic_protectorate_beluga_fighter_birdhunting.monstertype.patch/description; gic_protectorate_beluga_fighter_chapter2.monstertype.patch/description; gic_protectorate_beluga_fightertest.monstertype.patch/description	보호국 벨루가 전투기
[New Londinium Crestfallen Veteran]	1	gic_protectorate_crestfallenveteran.monstertype.patch/shortdescription	[뉴 런디니움 낙심한 베테랑]
Swarmer Drone Fighter	1	gic_protectorate_swarmerdrone_fighter.monstertype.patch/shortdescription	스워머 드론 전투기
[Protectorate Foot Soldier]	2	gic_protectorateknight.monstertype.patch/shortdescription; gic_summon_protectoratefootsoldier.monstertype.patch/shortdescription	[보호국 보병]
[Protectorate Synth Knight]	1	gic_protectoratesynthknight.monstertype.patch/shortdescription	[보호국 신스 기사]
[Protectorate Synth Knight Spear-Bearer]	1	gic_protectoratesynthknight_spearbearer.monstertype.patch/shortdescription	[보호국 신스 기사 창수]
[RogueProtectorate Knight]	1	gic_rogueprotectorateknight.monstertype.patch/shortdescription	[탈주한 보호국 기사]
[Undying Protectorate Adventurer]	3	gic_undyingprotectorateadventurer.monstertype.patch/shortdescription; gic_undyingprotectorateadventurer_reviving.monstertype.patch/shortdescription; gic_undyingprotectorateadventurer_slab.monstertype.patch/shortdescription	[불사의 보호국 모험가]
Autogun Turret	3	gic_autogunturret.monstertype.patch/shortdescription; gic_autogunturret_maku.monstertype.patch/shortdescription; gic_bunkergunturret.monstertype.patch/shortdescription	자동총 포탑
A security turret that uses ballistic weapons.	3	gic_autogunturret.monstertype.patch/description; gic_autogunturret_maku.monstertype.patch/description; gic_bunkergunturret.monstertype.patch/description	실탄 무기를 쓰는 방어 포탑이다.
Laser Turret	1	gic_laserturret.monstertype.patch/shortdescription	레이저 포탑
Rapidly fires a stream from its twin-linked lasguns at hostile boarders.	1	gic_laserturret.monstertype.patch/description	쌍 연결 라스건으로 침입한 적에게 광선을 빠르게 쏟아붓는다.
Security Floodlight	1	gic_securityfloodlight.monstertype.patch/shortdescription	보안 투광등
High-powered beam that attempts to track nearby targets.	1	gic_securityfloodlight.monstertype.patch/description	근처 표적을 추적하는 고출력 광선이다.
A variant of the standard Twigun. Deals chip damage.	1	gic_ultrasheriff_twigun.monstertype.patch/description	표준 트위건의 변형이다. 칩 대미지를 입힌다.
[Crestfallen Protectorate Foot Soldier]	1	gic_summon_protectoratefootsoldier_crestfallen_intro.monstertype.patch/shortdescription	[낙심한 보호국 보병]
[Protectorate Undead Knight]	1	gic_summon_protectorateundeadknight.monstertype.patch/shortdescription	[보호국 언데드 기사]
[Protectorate Undead Paladin]	1	gic_summon_protectorateundeadpaladin.monstertype.patch/shortdescription	[보호국 언데드 성기사]
[Crestfallen Protectorate Undead Paladin]	1	gic_summon_protectorateundeadpaladin_crestfallen_intro.monstertype.patch/shortdescription	[낙심한 보호국 언데드 성기사]
[Tsukasa Kudamaki]	1	gic_summon_tsukasa.monstertype.patch/shortdescription	[쿠다마키 츠카사]
Augmentyr Service Skull	3	gic_augmentyr_airborne_serviceskull.monstertype.patch/shortdescription; gic_augmentyr_airborne_serviceskull_beckon.monstertype.patch/shortdescription; gic_augmentyr_airborne_serviceskull_returningshot.monstertype.patch/shortdescription	오그먼티어 서비스 스컬
Augmentyr Suicide Skull	1	gic_augmentyr_airborne_suicideskull.monstertype.patch/shortdescription	오그먼티어 자폭 스컬
Unitan Soldier Fairy	2	gic_division16_airborne_soldierfairy.monstertype.patch/shortdescription; gic_unitan_airborne_soldierfairy.monstertype.patch/shortdescription	유니탄 병사 요정
Rifle Fairy	1	gic_division16_airborne_soldierfairy_playercompanion.monstertype.patch/shortdescription	소총 요정
[Division 16 Hallowed City Soldier]	1	gic_division16_hallowedcity_rifleman.monstertype.patch/shortdescription	[제16사단 신성시 병사]
Division 16 Hell's Train Mustang	2	gic_division16_hellstrain_mustang.monstertype.patch/description; gic_division16_hellstrain_mustang_vsnoblevampire.monstertype.patch/description	제16사단 지옥열차 머스탱
[Gene-Cultist Slinger]	3	gic_genecultist_slinger.monstertype.patch/shortdescription; gic_genecultist_slinger_defensive.monstertype.patch/shortdescription; gic_genecultist_slinger_setpiece.monstertype.patch/shortdescription	[유전자 광신도 투석병]
[Moon Rabbit Lunar Battlefield Riflewoman]	2	gic_moonrabbit_lunarbattlefield_riflewoman.monstertype.patch/shortdescription; gic_moonrabbit_lunarbattlefield_riflewoman_air_static.monstertype.patch/shortdescription	[달토끼 월면 전장 소총병]
[M65-S Hudson MBT ''Gensou'' Retrofit]	1	gic_otherworld_possessed_modernised_hudson_tank.monstertype.patch/shortdescription	[M65-S 허드슨 MBT ''겐소'' 개수형]
[Fuckin' Ballin']	1	gic_unitan_airborne_astraldiverengineer.monstertype.patch/shortdescription	[존나 잘나감]
[Astral Diver Engineer Standard]	1	gic_unitan_airborne_astraldiverengineer_standard.monstertype.patch/shortdescription	[아스트랄 다이버 공병 표준형]
Crow Tengu	1	gic_unitan_airborne_crowtengu.monstertype.patch/shortdescription	까마귀 텐구
Ice Fairy	2	gic_unitan_airborne_icefairy.monstertype.patch/shortdescription; gic_unitan_airborne_icefairy_summon.monstertype.patch/shortdescription	얼음 요정
Defender Doll Fighter	1	gic_unitan_defenderdoll_fighter.monstertype.patch/shortdescription	디펜더 돌 전투기
Summoned by Unitan Psychic Fightercraft to provide firepower support.	1	gic_unitan_defenderdoll_fighter.monstertype.patch/description	유니탄 사이킥 전투기가 소환해 화력 지원을 한다.
[Scorch]	1	gic_augmentyr_scorch.monstertype.patch/shortdescription	[스코치]
[Spectre]	2	gic_bandit_spectre_combatrobot.monstertype.patch/shortdescription; gic_bandit_spectre_combatrobot_playersummon.monstertype.patch/shortdescription	[스펙터]
[Demoknight]	1	gic_colonial_gunpowderhunter.monstertype.patch/shortdescription	[데모나이트]
[Director Kirisame of Division 16]	1	gic_division16_langley.monstertype.patch/shortdescription	[제16사단장 키리사메]
[Legion]	2	gic_erchius_bannerbearer.monstertype.patch/shortdescription; gic_erchius_bannerbearer_original.monstertype.patch/shortdescription	[군단]
[Leech]	1	gic_erchiuscrystalcoordinator.monstertype.patch/shortdescription	[리치]
[Exit Camper]	1	gic_exitcamper.monstertype.patch/shortdescription	[출구 잠복자]
What?	2	gic_exitcamper.monstertype.patch/description; paintingmatsysbgcat.object.patch/description	뭐?
[Burnt Yamaxanadu Queen]	1	gic_fallenyamaxanadu.monstertype.patch/shortdescription	[불탄 야마자나두 여왕]
[Puppet of the Abyss]	1	gic_falseprotector.monstertype.patch/shortdescription	[심연의 꼭두각시]
[Agricola]	1	gic_genecultist_agricola.monstertype.patch/shortdescription	[아그리콜라]
[Buffered Charge Demo]	1	gic_bufferedcharge_demo.monstertype.patch/shortdescription	[버퍼 차지 데모]
SOLDIER OF RICK-GOD	2	gic_bufferedcharge_demo.monstertype.patch/description; gic_greatswordwarrior.monstertype.patch/description	릭-갓의 병사
[Greenfinger Castle Guard]	1	gic_greenfingercastleguard.monstertype.patch/shortdescription	[그린핑거 성 경비]
Non-boss Special	1	gic_greenfingercastleguard.monstertype.patch/description	비보스 특수
[Greenfinger Daimyo]	1	gic_greenfingerdaimyo.monstertype.patch/shortdescription	[그린핑거 다이묘]
[Greenfinger General]	1	gic_greenfingergeneral.monstertype.patch/shortdescription	[그린핑거 장군]
[Demo- Chain Attacks]	2	gic_chainattack_demo.monstertype.patch/shortdescription; gic_greenfingertruedaimyo_chaindemo.monstertype.patch/shortdescription	[데모 - 연속 공격]
[Last Man Standing]	2	gic_greenfingeracclaimeddaimyo.monstertype.patch/shortdescription; gic_greenfingeracclaimeddaimyo_bossrush.monstertype.patch/shortdescription	[최후의 생존자]
[Guardian of Nod]	1	gic_guardianofnod_tutorial.monstertype.patch/shortdescription	[노드의 수호자]
ILWS DynamiDefender AutoTurret	1	gic_ilws_dynamidefender_autoturret.monstertype.patch/shortdescription	ILWS 다이나미디펜더 자동포탑
[Knight of Nights]	2	gic_knightofnights.monstertype.patch/shortdescription; gic_knightofnights_summon.monstertype.patch/shortdescription	[밤의 기사]
Why?	2	gic_knightofnights.monstertype.patch/description; gic_knightofnights_summon.monstertype.patch/description	왜?
[Mandrivnyk]	2	gic_metrowanderer.monstertype.patch/shortdescription; gic_metrowanderer_old.monstertype.patch/shortdescription	[만드리브니크]
AA Autocannon	3	gic_otherworld_dynasty_machinegun_turret.monstertype.patch/shortdescription; gic_possessed_dynasty_machinegun_turret.monstertype.patch/shortdescription; gic_antiair_autocannon.monstertype.patch/shortdescription	대공 기관포
4-barreled manned Autocannon.	2	gic_otherworld_dynasty_machinegun_turret.monstertype.patch/description; gic_possessed_dynasty_machinegun_turret.monstertype.patch/description	4연장 유인 기관포.
[Forlorn Forager]	1	gic_otherworld_forlorn.monstertype.patch/shortdescription	[버려진 채집꾼]
[Hero of the Heian Era]	1	gic_otherworld_nue.monstertype.patch/shortdescription	[헤이안 시대의 영웅]
[The Questing Quarreler]	1	gic_otherworld_sear.monstertype.patch/shortdescription	[싸움을 찾는 싸움꾼]
[Pilgrim of the East]	1	gic_otherworld_seija.monstertype.patch/shortdescription	[동방의 순례자]
[Protectorate Deserter]	1	gic_protectoratedeserter.monstertype.patch/shortdescription	[보호국 탈영병]
[Eye of the Satori]	2	gic_tombofthesatori_eye.monstertype.patch/shortdescription; gic_tombofthesatori_eye_alt.monstertype.patch/shortdescription	[사토리의 눈]
[Tomb of the Satori]	2	gic_tombofthesatori_vessel.monstertype.patch/shortdescription; gic_tombofthesatori_vessel_alt.monstertype.patch/shortdescription	[사토리의 무덤]
[White Wolf of the Worlds]	1	gic_whitewolfoftheworlds.monstertype.patch/shortdescription	[세계들의 백랑]
[The Tyrant Judge]	1	gic_yamaxanadu_tyrantjudge.monstertype.patch/shortdescription	[폭군 판사]
This war ends here.	1	gic_yamaxanadu_tyrantjudge.monstertype.patch/description	이 전쟁은 여기서 끝낸다.
Flak Cannon	2	gic_flak_cannon.monstertype.patch/shortdescription; gic_flak_cannon_hellstrain.monstertype.patch/shortdescription	대공포
Extraction Dealer	3	gic_extractionmerchant.npctype.patch/scriptConfig/merchant/paneLayoutOverride/windowtitle/title; gic_refinerymerchant.npctype.patch/scriptConfig/merchant/paneLayoutOverride/windowtitle/title; gic_extractiondealer.npctype.patch/scriptConfig/guiConfig/gui/windowtitle/title	채굴 상인
Manages extraction of Minerals.	1	gic_extractiondealer.npctype.patch/scriptConfig/guiConfig/gui/windowtitle/subtitle	광물 채굴을 관리한다.
Refinery Dealer	2	gic_industrialdealer.npctype.patch/scriptConfig/guiConfig/gui/windowtitle/title; gic_refinerydealer.npctype.patch/scriptConfig/guiConfig/gui/windowtitle/title	정제소 상인
Further refines metals into goods.	1	gic_industrialdealer.npctype.patch/scriptConfig/guiConfig/gui/windowtitle/subtitle	금속을 더 정제해 물품을 만든다.
Rations Trader	1	gic_rationtrader.npctype.patch/scriptConfig/guiConfig/gui/windowtitle/title	배급품 상인
Deals mainly with Rations when it comes to trading.	1	gic_rationtrader.npctype.patch/scriptConfig/guiConfig/gui/windowtitle/subtitle	거래로는 주로 배급식을 다룬다.
Recreational Dealer	1	gic_recreationaldealer.npctype.patch/scriptConfig/guiConfig/gui/windowtitle/title	취미 상인
Buys Consumer Goods and sells Junk Cargo.	1	gic_recreationaldealer.npctype.patch/scriptConfig/guiConfig/gui/windowtitle/subtitle	소비재를 사들이고 잡화물을 판다.
Refines Minerals into usable metals.	1	gic_refinerydealer.npctype.patch/scriptConfig/guiConfig/gui/windowtitle/subtitle	광물을 쓸 수 있는 금속으로 정제한다.
Scrap Dealer	1	gic_scrapdealer.npctype.patch/scriptConfig/guiConfig/gui/windowtitle/title	고철 상인
Buys Junk Cargo and sells Scrap Metal.	1	gic_scrapdealer.npctype.patch/scriptConfig/guiConfig/gui/windowtitle/subtitle	잡화물을 사들이고 고철을 판다.
Gunnery Specialist	1	gic_gunnercrew.npctype.patch/scriptConfig/crew/role/name	포술 전문병
Sika WSO Specialist	1	gic_sika_copilot.npctype.patch/scriptConfig/crew/role/name	시카 WSO 전문병
Flamethrower Unit	1	gic_alliance_sapper_crew.npctype.patch/scriptConfig/crew/role/name	화염방사기 유닛
Egoistic Adventurer	1	gic_colonial_egoisticadventurer_crew.npctype.patch/scriptConfig/crew/role/name	이기적인 모험가
Primitive Greatbow Infantry	1	gic_floran_primitive_greatbow_crew.npctype.patch/scriptConfig/crew/role/name	원시 대궁 보병
Primitive Javelin-Thrower	1	gic_floran_primitive_javelinthrower_crew.npctype.patch/scriptConfig/crew/role/name	원시 투창병
Primitive Katana Infantry	1	gic_floran_primitive_katana_crew.npctype.patch/scriptConfig/crew/role/name	원시 카타나 보병
^#52A8DD;Metro Wanderer Retainer^reset;	1	gic_khurtovyna_metrowanderer_crew.npctype.patch/scriptConfig/crew/interactData/title	^#52A8DD;메트로 방랑자 수행원^reset;
Artillery Officer	1	gic_lunarian_radioman_crew.npctype.patch/scriptConfig/crew/role/name	포병 장교
Partisan Gunner	1	gic_militia_partisan_gunner_crew.npctype.patch/scriptConfig/crew/role/name	파르티잔 기관총수
Republic Infantry	1	gic_republic_raider_crew.npctype.patch/scriptConfig/crew/role/name	공화국 보병
^#52A8DD;Alliance Quartermaster Retainer^reset;	1	gic_retainer_alliance_quartermaster_crew.npctype.patch/scriptConfig/crew/interactData/title	^#52A8DD;동맹 보급관 수행원^reset;
^#52A8DD;Ashigaru Convert Retainer^reset;	1	gic_retainer_ashigaru_convert_crew.npctype.patch/scriptConfig/crew/interactData/title	^#52A8DD;아시가루 개종자 수행원^reset;
Ashigaru Convert	1	gic_retainer_ashigaru_convert_crew.npctype.patch/scriptConfig/crew/role/name	개종한 아시가루
^#52A8DD;Auxilia Pedes Retainer^reset;	1	gic_retainer_auxilia_pedes_crew.npctype.patch/scriptConfig/crew/interactData/title	^#52A8DD;아웃실리아 페데스 수행원^reset;
^#E0C200;''I will return as a new believer!''^reset;	1	gic_retainer_auxilia_pedes_crew.npctype.patch/scriptConfig/crew/interactData/subtitle	^#E0C200;''새로운 신자가 되어 돌아오겠다!''^reset;
^#52A8DD;Independent Patrician Retainer^reset;	1	gic_retainer_independent_patrician_crew.npctype.patch/scriptConfig/crew/interactData/title	^#52A8DD;독립 귀족 수행원^reset;
^#E0C200;''Three senatorial visits in one month! They noticed!''^reset;	1	gic_retainer_independent_patrician_crew.npctype.patch/scriptConfig/crew/interactData/subtitle	^#E0C200;''한 달에 원로원 방문이 세 번이야! 눈치채 주셨어!''^reset;
^#52A8DD;Moon-Rabbit Matriarch Retainer^reset;	1	gic_retainer_moonrabbit_matriarch_crew.npctype.patch/scriptConfig/crew/interactData/title	^#52A8DD;달토끼 여족장 수행원^reset;
^#52A8DD;Peacekeeper Teleporter Technician Retainer^reset;	1	gic_retainer_peacekeeper_teleportertechnician_crew.npctype.patch/scriptConfig/crew/interactData/title	^#52A8DD;피스키퍼 텔레포터 기술자 수행원^reset;
Teleporter Technician	1	gic_retainer_peacekeeper_teleportertechnician_crew.npctype.patch/scriptConfig/crew/role/name	텔레포터 기술자
^#52A8DD;Peacekeeper Veteran Retainer^reset;	1	gic_retainer_peacekeeper_veteran_crew.npctype.patch/scriptConfig/crew/interactData/title	^#52A8DD;피스키퍼 베테랑 수행원^reset;
^#E0C200;''I've kept what peace I could find...''^reset;	1	gic_retainer_peacekeeper_veteran_crew.npctype.patch/scriptConfig/crew/interactData/subtitle	^#E0C200;''찾을 수 있는 평화는 지켜왔어...''^reset;
Survivalist Spear-Thrower	1	gic_survivalist_spearthrower_crew.npctype.patch/scriptConfig/crew/role/name	생존주의자 투창병
Sika WSO Copilot	1	gic_turncoat_sika_copilot_crew.npctype.patch/scriptConfig/crew/role/name	시카 WSO 부조종사
Ranger Chaplain	1	gic_wildlands_grimchaplain_crew.npctype.patch/scriptConfig/crew/role/name	레인저 채플린
The ship's storage system. It's not currently functional.	3	gic_anaconda_humanshiplockerTier0.object.patch/apexDescription; gic_blackjack_humanshiplockerTier0.object.patch/apexDescription; titansteelshiplockerTier0.object.patch/apexDescription	함선 저장 시스템이다. 지금은 작동 안 해.
A device that holds many items for safe keeping. It's broken at the moment.	3	gic_anaconda_humanshiplockerTier0.object.patch/avianDescription; gic_blackjack_humanshiplockerTier0.object.patch/avianDescription; titansteelshiplockerTier0.object.patch/avianDescription	물건을 안전하게 보관하는 장치다. 지금은 고장 났군.
Sssstorage. It'sss not working.	3	gic_anaconda_humanshiplockerTier0.object.patch/floranDescription; gic_blackjack_humanshiplockerTier0.object.patch/floranDescription; titansteelshiplockerTier0.object.patch/floranDescription	저장고엇. 작동 안 한덧.
Distressed. This ship's storage system is malfunctioning.	3	gic_anaconda_humanshiplockerTier0.object.patch/glitchDescription; gic_blackjack_humanshiplockerTier0.object.patch/glitchDescription; titansteelshiplockerTier0.object.patch/glitchDescription	절망. 이 함선 저장 시스템은 고장 났다.
A storage locker. It doesn't seem to be working.	3	gic_anaconda_humanshiplockerTier0.object.patch/humanDescription; gic_blackjack_humanshiplockerTier0.object.patch/humanDescription; titansteelshiplockerTier0.object.patch/humanDescription	수납 로커다. 작동 안 하는 것 같네.
An elegant storage solution. It's not currently powered.	3	gic_anaconda_humanshiplockerTier0.object.patch/hylotlDescription; gic_blackjack_humanshiplockerTier0.object.patch/hylotlDescription; titansteelshiplockerTier0.object.patch/hylotlDescription	우아한 수납 장치다. 지금은 전원이 꺼져 있군.
A locker. Ain't much use 'til it's fixed.	3	gic_anaconda_humanshiplockerTier0.object.patch/novakidDescription; gic_blackjack_humanshiplockerTier0.object.patch/novakidDescription; titansteelshiplockerTier0.object.patch/novakidDescription	로커다. 고치기 전까진 쓸모없네.
[Cockpit Voice-Activated System / COVAS]	1	gic_anaconda_humantechstation.object.patch/description	[조종석 음성 인식 시스템 / COVAS]
Such novel architecture.	8	gic_bgspacestationslidingdoor.object.patch/avianDescription; gic_spacestationslidingdoor.object.patch/avianDescription; gic_spacestationslidingdoor_lockdown.object.patch/avianDescription; gic_spacestationslidingdoor_checkpoint.object.patch/avianDescription	참신한 건축이로군.
Door hisss like sserpent.	8	gic_bgspacestationslidingdoor.object.patch/floranDescription; gic_spacestationslidingdoor.object.patch/floranDescription; gic_spacestationslidingdoor_lockdown.object.patch/floranDescription; gic_spacestationslidingdoor_checkpoint.object.patch/floranDescription	문이 뱀처럼 쓰쓰 소리 낸다엇.
It's a huge crate for shipping large cargo.	1	gic_redstar_cargocontainer.object.patch/apexDescription	대형 화물 운송용 커다란 상자야.
I would guess it's meant for shipping very large objects.	1	gic_redstar_cargocontainer.object.patch/avianDescription	아주 큰 물건 운송용인 것 같네.
Maybe theress food in it.	1	gic_redstar_cargocontainer.object.patch/floranDescription	안에 음식 있을지도엇.
Curious. What's stored in here?	1	gic_redstar_cargocontainer.object.patch/glitchDescription	호기심. 여기엔 뭐가 보관돼 있지?
A rather large container for shipping large quantities of cargo.	1	gic_redstar_cargocontainer.object.patch/hylotlDescription	대량 화물을 운송하는 꽤 큰 컨테이너다.
A large container for haulin' goods.	1	gic_redstar_cargocontainer.object.patch/novakidDescription	물건 나르는 대형 컨테이너군.
It's a computer screen.	1	gic_flatcomputer.object.patch/novakidDescription	컴퓨터 화면이야.
This will go off if I get too close.	1	gic_metaldetector.object.patch/apexDescription	가까이 가면 터질 거야.
Don't get too close!	1	gic_metaldetector.object.patch/avianDescription	너무 가까이 가지 마!
Floran know to be careful around thisss!	1	gic_metaldetector.object.patch/floranDescription	플로란 이거 조심해야 한다엇!
A sensor.	1	gic_metaldetector.object.patch/hylotlDescription	센서다.
Tread carefully.	1	gic_metaldetector.object.patch/novakidDescription	발밑 조심해.
A book case. There's a lot of self-help books here...	1	gic_modernbookcase.object.patch/novakidDescription	책장이군. 자기계발서가 잔뜩 있네...
Little machine confusse Floran.	1	gic_typewriter.object.patch/floranDescription	조그만 기계는 플로란 헷갈리게 한다엇.
Trade Terminal with common weaponry.	1	gic_galacticstandardweaponry_tradeterminal.object.patch/description	일반 무기를 파는 거래 단말기.
Turn in Junk for cash.	1	gic_wasteprocessingtrader.object.patch/description	잡동사니를 넣고 현금을 받는다.
^orange;Waste Processing Turn-in (GIC)^white;	1	gic_wasteprocessingtrader.object.patch/shortdescription	^orange;폐기물 처리 반납(GIC)^white;
You turn in some special junk to get money.	1	gic_wasteprocessingtrader.object.patch/apexDescription	특별한 잡동사니를 넣으면 돈을 줘.
Nothing to see here. Just a normal trade.	1	gic_wasteprocessingtrader.object.patch/avianDescription	볼 거 없어. 그냥 평범한 거래야.
Concept of junk for money is confussing to Floran.	1	gic_wasteprocessingtrader.object.patch/floranDescription	쓰레기가 돈이 된다는 개념은 플로란에게 헷갈린다엇.
Amused. You can input certain junk items to receive money.	1	gic_wasteprocessingtrader.object.patch/glitchDescription	흥미. 잡동사니를 넣으면 돈이 나오는 기계다.
This massive ancient machine hums with mysterious energy.	1	gic_protectorate_terraforge.object.patch/apexDescription	이 거대한 고대 기계는 신비한 에너지로 웅웅 운다.
This ancient machine is still operational!	1	gic_protectorate_terraforge.object.patch/avianDescription	이 고대 기계는 아직도 작동한다!
Ancient machine sparkss with energy.	1	gic_protectorate_terraforge.object.patch/floranDescription	고대 기계가 에너지를 뿜어낸다엇.
This ancient machine seems powered by some mysterious energy.	1	gic_protectorate_terraforge.object.patch/humanDescription	이 고대 기계는 뭔가 신비한 에너지로 돌아가는 것 같아.
There's elegance in this ancient machine's design... Clearly master craftsmanship.	1	gic_protectorate_terraforge.object.patch/hylotlDescription	이 고대 기계의 설계엔 우아함이 있어... 분명 장인의 솜씨야.
DEPRECATED | Moved over to Ammunition Workstation.	2	gic_ammunition_workbench.object.patch/description; gic_ammunition_workbench.object.patch/interactData/paneLayoutOverride/windowtitle/subtitle	폐기됨 | 탄약 작업장으로 이전됨.
^orange;Ammunition Workbench^white;	1	gic_ammunition_workbench.object.patch/shortdescription	^orange;탄약 작업대^white;
Rebel Apex troops would often have to create their own weapons like this.	2	gic_ammunition_workbench.object.patch/apexDescription; gic_ammunition_workbench_old.object.patch/apexDescription	에이펙스 반군은 종종 이런 식으로 무기를 직접 만들어야 했지.
Confused. I need to make these weapons in parts?	2	gic_ammunition_workbench.object.patch/glitchDescription; gic_ammunition_workbench_old.object.patch/glitchDescription	혼란. 무기를 부품으로 만들어야 한다고?
A workshop with most things required to painstakingly work on the field of firearms.	2	gic_ammunition_workbench.object.patch/humanDescription; gic_ammunition_workbench_old.object.patch/humanDescription	총기 작업에 필요한 게 대부분 갖춰진 작업장이다.
A table to create violent weapons of war.	2	gic_ammunition_workbench.object.patch/hylotlDescription; gic_ammunition_workbench_old.object.patch/hylotlDescription	전쟁용 흉기를 만드는 탁자다.
Whoo-ey! Looks like the guns the blacksmiths make.	2	gic_ammunition_workbench.object.patch/novakidDescription; gic_ammunition_workbench_old.object.patch/novakidDescription	우-이! 대장장이들이 만드는 총 같네.
Create ammunition and certain items at a bench with all the required information.	1	gic_ammunition_workbench_old.object.patch/description	필요한 정보가 모두 담긴 작업대에서 탄약과 여러 물품을 만든다.
^orange;Ammunition Workbench (GiC)^white;	1	gic_ammunition_workbench_old.object.patch/shortdescription	^orange;탄약 작업대(GiC)^white;
Occult Workbench	6	gic_occultist_workbench.object.patch/upgradeStages/0/itemSpawnParameters/description; gic_occultist_workbench.object.patch/upgradeStages/0/interactData/paneLayoutOverride/windowtitle/title; gic_occultist_workbench.object.patch/upgradeStages/1/itemSpawnParameters/description; gic_occultist_workbench.object.patch/upgradeStages/1/interactData/paneLayoutOverride/windowtitle/title	오컬트 작업대
^orange;Occult Workbench | RESEARCH: Early Gensokyan Period^white;	1	gic_occultist_workbench.object.patch/upgradeStages/0/itemSpawnParameters/shortdescription	^orange;오컬트 작업대 | 연구: 환상향 초기^white;
RESEARCH: Early Gensokyan Period	1	gic_occultist_workbench.object.patch/upgradeStages/0/interactData/paneLayoutOverride/windowtitle/subtitle	연구: 환상향 초기
^orange;Occult Workbench | RESEARCH: Warring Period^white;	1	gic_occultist_workbench.object.patch/upgradeStages/1/itemSpawnParameters/shortdescription	^orange;오컬트 작업대 | 연구: 전국 시대^white;
RESEARCH: Warring Period	1	gic_occultist_workbench.object.patch/upgradeStages/1/interactData/paneLayoutOverride/windowtitle/subtitle	연구: 전국 시대
^orange;Occult Workbench | RESEARCH: Age of Science^white;	1	gic_occultist_workbench.object.patch/upgradeStages/2/itemSpawnParameters/shortdescription	^orange;오컬트 작업대 | 연구: 과학의 시대^white;
RESEARCH: Age of Science	1	gic_occultist_workbench.object.patch/upgradeStages/2/interactData/paneLayoutOverride/windowtitle/subtitle	연구: 과학의 시대
^orange;Primitive Furnace^white;	1	gic_primitive_salvagingfurnace.object.patch/shortdescription	^orange;원시 용광로^white;
Pear Soda	1	gic_glitch_pearsoda_bradleyofficekey.object.patch/shortdescription	배 소다
Kitchen Cabinet	1	gic_glitch_kitchencabinet.object.patch/shortdescription	주방 캐비닛
Wheat Seed	2	gic_wheatseed.object.patch/shortdescription; gic_wildwheatseed.object.patch/shortdescription	밀 씨앗
A large container.	24	gicexp_ntcargo.object.patch/apexDescription; ct_alta_ship_container_large.object.patch/apexDescription; knightfall_shippingcontainer.object.patch/apexDescription; oscsquare.object.patch/apexDescription	대형 컨테이너다.
A large shipping container.	24	gicexp_ntcargo.object.patch/avianDescription; ct_alta_ship_container_large.object.patch/avianDescription; knightfall_shippingcontainer.object.patch/avianDescription; oscsquare.object.patch/avianDescription	대형 운송 컨테이너다.
A shipping container.	25	gicexp_ntcargo.object.patch/humanDescription; ct_alta_ship_container_large.object.patch/humanDescription; knightfall_shippingcontainer.object.patch/humanDescription; letheiaexpandedcontainer2.object.patch/description	운송 컨테이너다.
A spear stuck in the ground.	2	gic_ashigaru_jumonjiyari_ground.object.patch/description; gic_ashigaru_spear_ground.object.patch/description	땅에 꽂힌 창이다.
A sword stuck in the ground.	1	gic_ashigaru_katana_ground.object.patch/description	땅에 꽂힌 검이네.
Fluorescent Light	1	gic_fluorescent_light_broken.object.patch/shortdescription	형광등
A simple striped bowl.	1	gic_japanesebowl.object.patch/description	소박한 줄무늬 그릇이다.
Medieval Furnace	1	gic_medievalfurnace.object.patch/shortdescription	중세 용광로
An uncomfortable-looking metal bed.	1	gic_prisonbed.object.patch/apexDescription	불편해 보이는 금속 침대다.
This bed would benefit from a layer of hay.	1	gic_prisonbed.object.patch/avianDescription	이 침대는 건초 한 겹 깔면 나아지겠네.
This is bed?! Floran feel bad.	1	gic_prisonbed.object.patch/floranDescription	이게 침대?! 플로란 기분 나쁘다엇.
Content. This bed would be perfectly comfortable for me.	1	gic_prisonbed.object.patch/glitchDescription	만족. 이 침대는 나에게 딱 편안하겠다.
Sometimes the best way to punish someone is by making them sleep on such a bed.	1	gic_prisonbed.object.patch/humanDescription	누굴 벌주려면 이런 침대에서 재우는 게 최고지.
A remarkably uncomfortable bed. I would not want to end up sleeping here.	1	gic_prisonbed.object.patch/hylotlDescription	정말 불편해 보이는 침대다. 여기서 자고 싶진 않네.
Some would say that an uncomfortable sleeping place is the worst punishment.	1	gic_prisonbed.object.patch/novakidDescription	불편한 잠자리만 한 벌이 없다는 이들도 있지.
A charming and well-made wooden cabinet.	1	gic_shogunate_cabinet.object.patch/description	정감 있고 잘 만든 나무 캐비닛이다.
A shoji screen door.	1	gic_shojidoor.object.patch/description	쇼지 문이다.
A screen for modest individuals to hide behind while getting changed.	1	gic_shojiscreen.object.patch/description	옷 갈아입는 동안 몸을 가리는 병풍이다.
A table set at kneeling height.	1	gic_zatakutable.object.patch/description	무릎 꿇고 앉는 높이의 탁자다.
Planes? Alright... Arcade-styled? What?	1	gic_luftbrenner_endless.object.patch/apexDescription	비행기? 좋아... 오락실풍이라고? 뭐야?
Dear Kluex.... I'll finally be able to fly after all these years!	1	gic_luftbrenner_endless.object.patch/avianDescription	클루엑스여... 드디어 이 세월 끝에 날 수 있게 됐어!
Floran not good at flying planesss.	1	gic_luftbrenner_endless.object.patch/floranDescription	플로란은 비행기 몰기 못한다엇.
Proud. I can take to the skies and hit the enemy from above.	1	gic_luftbrenner_endless.object.patch/glitchDescription	자랑. 하늘로 날아올라 위에서 적을 칠 수 있다.
Arcade-style shoot 'em ups!	1	gic_luftbrenner_endless.object.patch/hylotlDescription	오락실풍 슈팅 게임이잖아!
I sit in a flying metal box. I dunno 'bout this.	1	gic_luftbrenner_endless.object.patch/novakidDescription	난 나는 금속 상자에 앉아 있네. 잘 모르겠어.
A vent.	1	gic_colonyvent.object.patch/avianDescription	환기구다.
A small air vent.	1	gic_colonyvent.object.patch/humanDescription	작은 환기구다.
Displeased. This chair offends my optics.	1	gic_spacestationarmchair.object.patch/glitchDescription	불쾌. 이 의자는 내 광학기를 거슬린다.
The kind of chair built for jus' sittin'.	1	gic_spacestationchair.object.patch/novakidDescription	그냥 앉으라고 만든 의자야.
A food storage device.	1	gic_spacestationfridge.object.patch/avianDescription	식품 보관 장치다.
It's chilly on the inside to keep food fresh for longer.	1	gic_spacestationfridge.object.patch/novakidDescription	안이 차가워서 음식이 오래 신선하네.
I guess it's for sitting on and not for lookin' at.	1	gic_spacestationsofa2.object.patch/novakidDescription	앉으라고 있는 거지 보라고 있는 게 아니겠군.
A metallic table.	1	gic_spacestationtable.object.patch/novakidDescription	금속 탁자다.
A service panel with a warning sign.	1	gic_junctionbox_button.object.patch/avianDescription	경고 표지가 붙은 정비 패널이다.
I wonder who built this pipe.	1	gic_steamchimney.object.patch/avianDescription	이 파이프는 누가 만든 걸까.
Strange pipe ssstructure.	1	gic_steamchimney.object.patch/floranDescription	이상한 파이프 구조물엇.
Like clouds fleeing captivation.	1	gic_steamchimney.object.patch/hylotlDescription	포박에서 도망치는 구름처럼.
This pipe smokes like a chimney.	1	gic_steamchimney.object.patch/novakidDescription	이 파이프는 굴뚝처럼 연기를 뿜어.
Floran mark dead with growth of flower.	3	gic_tombstone1.object.patch/floranDescription; gic_tombstone2.object.patch/floranDescription; gic_tombstone3.object.patch/floranDescription	플로란은 꽃 피워서 죽은 자를 표시한다엇.
This door is a relic of a time long past.	2	abyssdoor.object.patch/hylotlDescription; fireydoor.object.patch/hylotlDescription	이 문은 아주 먼 시대의 유물이야.
Cold!	5	ct_alta_cooler.object.patch/floranDescription; ct_alta_fridge.object.patch/floranDescription; bigoutpostfridge.object.patch/floranDescription; outpostminifridge.object.patch/floranDescription	차갑다!
A cooking table.	3	ct_alta_cookdecks.object.patch/apexDescription; titansteelcookingtable.object.patch/apexDescription; thalassocookingtable.object.patch/apexDescription	조리대다.
I wonder what's in here.	22	ct_eds_container.object.patch/avianDescription; ct_eds_containers.object.patch/avianDescription; ct_alta_ship_container.object.patch/avianDescription; ct_alta_ship_container_medium.object.patch/avianDescription	안에 뭐가 있을까.
A basic ship door.	17	ct_alta_ship_gateway.object.patch/hylotlDescription; shellguarddoor.object.patch/hylotlDescription; moogleshipdoor.object.patch/hylotlDescription; titansteelshipdoor.object.patch/hylotlDescription	기본적인 함선 문이다.
Apex traps. I'd better not touch.	1	teslaspikeelectricdungeon.object.patch/apexDescription	에이펙스 함정이다. 안 건드리는 게 좋겠어.
If only I could fly over these traps.	1	teslaspikeelectricdungeon.object.patch/avianDescription	이 함정 위를 날 수만 있다면.
Floran dislikess lightning machines.	1	teslaspikeelectricdungeon.object.patch/floranDescription	플로란은 번개 기계 싫어한다엇.
Fearful. There appears to be enough current here to entirely fry my circuits.	1	teslaspikeelectricdungeon.object.patch/glitchDescription	공포. 여기 전류는 내 회로를 통째로 태울 만큼 강해 보인다.
Similar devices are used defensively beneath the ocean. The Hylotl build moats of electricity currents as intruder deterrents.	1	teslaspikeelectricdungeon.object.patch/hylotlDescription	비슷한 장치가 바닷속 방어용으로 쓰인다. 하이로틀은 침입자 억제용으로 전류 해자를 만든다지.
I don't fancy getting a nasty jolt. Better steer clear.	1	teslaspikeelectricdungeon.object.patch/novakidDescription	따끔한 감전은 사양이야. 멀리 피하는 게 낫겠어.
A crude protection device.	18	arcana_generator_bleuark.object.patch/hylotlDescription; arcana_generator_orion.object.patch/hylotlDescription; essential_gc_power.object.patch/hylotlDescription; felingenerator.object.patch/hylotlDescription	조잡한 보호 장치다.
A computer.	3	avikancomputer.object.patch/apexDescription; outpostpccase.object.patch/apexDescription; titansteelpc.object.patch/apexDescription	컴퓨터다.
A strange computer.	3	cellcomputer.object.patch/avianDescription; outpostpccase.object.patch/avianDescription; titansteelpc.object.patch/avianDescription	이상한 컴퓨터다.
A sturdy door of ancient origin.	1	fireydoor.object.patch/avianDescription	오래된 연원의 튼튼한 문이다.
Pleased. These glowing mushrooms provide much welcome natural light.	5	frostburnmushroom1.object.patch/glitchDescription; frostburnmushroom2.object.patch/glitchDescription; frostburnmushroom3.object.patch/glitchDescription; frostburnmushroom4.object.patch/glitchDescription	만족. 이 빛나는 버섯들이 반가운 자연광을 준다.
Better watch my step with these rocks around!	7	forgotten-breakable1_es.object.patch/avianDescription; forgotten-breakable2_es.object.patch/avianDescription; sandrock1.object.patch/avianDescription; sandrock2.object.patch/avianDescription	돌들이 있으니 발 조심해야겠어!
That's a tripping hazard right there.	7	forgotten-breakable1_es.object.patch/humanDescription; forgotten-breakable2_es.object.patch/humanDescription; sandrock1.object.patch/humanDescription; sandrock2.object.patch/humanDescription	저거 완전 걸려 넘어지기 딱 좋게 생겼어.
[INTERACT TO PICK UP]	1	gic_afflicted_thoriumfuelrod.object.patch/description	[상호작용으로 주워 담기]
[Access will cease to function after 6 hours once accessed]	1	gic_khurtovyna_trenchknight_portal.object.patch/description	[접근 후 6시간이 지나면 작동이 중지됩니다]
Always watchful.	2	gic_standingturret_antimonster.object.patch/apexDescription; titansteelturret.object.patch/apexDescription	항상 경계 중이다.
Effective againssst living thingsss.	2	gic_standingturret_antimonster.object.patch/floranDescription; titansteelturret.object.patch/floranDescription	살아있는 것에 효과적이다엇.
Cautious. Must not disrupt my brother in his vigilance.	2	gic_standingturret_antimonster.object.patch/glitchDescription; titansteelturret.object.patch/glitchDescription	주의. 경계 중인 형제를 방해해선 안 된다.
An automated security system.	2	gic_standingturret_antimonster.object.patch/humanDescription; titansteelturret.object.patch/humanDescription	자동 보안 시스템이다.
Looks like a turret of some sort.	2	gic_standingturret_antimonster.object.patch/hylotlDescription; titansteelturret.object.patch/hylotlDescription	뭔가의 포탑 같아 보여.
Looks like this thing sure could do some damage!	2	gic_standingturret_antimonster.object.patch/novakidDescription; titansteelturret.object.patch/novakidDescription	이거 제대로 피해 주겠는걸!
A wooden crate.	2	largewoodencrate.object.patch/description; largewoodencrate.object.patch/apexDescription	나무 상자다.
A wooden storage box.	1	largewoodencrate.object.patch/avianDescription	나무 수납 상자다.
Fine wooden box.	1	largewoodencrate.object.patch/floranDescription	잘 만든 나무 상자다.
Neutral. A wooden crate.	1	largewoodencrate.object.patch/glitchDescription	중립. 나무 상자다.
It's just a crate.	1	largewoodencrate.object.patch/humanDescription	그냥 상자야.
A crate made of wood.	1	largewoodencrate.object.patch/hylotlDescription	나무로 만든 상자다.
A huge crate.	1	largewoodencrate.object.patch/novakidDescription	거대한 상자다.
A server cluster.	4	knightfall_server.object.patch/hylotlDescription; knightfall_serverprocessor.object.patch/hylotlDescription; titansteelserver.object.patch/hylotlDescription; syndicate_server.object.patch/hylotlDescription	서버 클러스터다.
Door won't open!	6	moogleshiphatchBroken.object.patch/floranDescription; titansteelshipdoorBroken.object.patch/floranDescription; kitsuneshipdoorBroken.object.patch/floranDescription; lamiashipdoorBroken.object.patch/floranDescription	문이 안 열려!
An airlock.	17	protectorate2door.object.patch/apexDescription; protectorate2door.object.patch/avianDescription; protectorate2door.object.patch/humanDescription; protectorate2door.object.patch/hylotlDescription	에어락이다.
A basic airlock.	8	outpostairlockhuge.object.patch/hylotlDescription; outposthatch1.object.patch/hylotlDescription; outposthatchhuge.object.patch/hylotlDescription; outpostplathatch1.object.patch/hylotlDescription	기본적인 에어락이다.
A power generator.	2	outpostgenerator1.object.patch/apexDescription; titansteelgenerator.object.patch/apexDescription	발전기다.
A crude power generator.	2	outpostgenerator1.object.patch/hylotlDescription; titansteelgenerator.object.patch/hylotlDescription	조잡한 발전기다.
This ancient looking door can only be entered from one direction.	1	healthtransitiondoor_es.object.patch/apexDescription	이 고대 문은 한 방향으로만 들어갈 수 있어.
This door is going to keep me marching forward - I will not be able to come back through it.	1	healthtransitiondoor_es.object.patch/avianDescription	이 문은 날 앞으로만 내딛게 한다 — 되돌아오진 못해.
Old door won't let Floran come back through it.	1	healthtransitiondoor_es.object.patch/floranDescription	낡은 문은 플로란이 돌아오게 안 해준다엇.
Concerned. This door can only be entered from one direction. There's no going back through it.	1	healthtransitiondoor_es.object.patch/glitchDescription	우려. 이 문은 한 방향으로만 지나갈 수 있다. 되돌아오는 길은 없어.
This door creates a one-way force field. Anyone going through isn't coming back the same way...	1	healthtransitiondoor_es.object.patch/humanDescription	이 문은 일방통행 역장을 만들어. 지나가면 같은 길로 못 돌아와...
This door creates a force field that can only be entered from one side. One cannot turn back through it.	1	healthtransitiondoor_es.object.patch/hylotlDescription	이 문은 한쪽으로만 들어갈 수 있는 역장을 만든다. 되돌아오는 건 불가능해.
There ain't no turnin' back once I go through this ol' door.	1	healthtransitiondoor_es.object.patch/novakidDescription	이 낡은 문을 지나면 돌아올 수 없겠군.
Soft to the touch.	5	black_blackarmorybanner.object.patch/avianDescription; black_blackarmorybanner2a.object.patch/avianDescription; black_blackarmorybanner2b.object.patch/avianDescription; black_blackarmorybannerend.object.patch/avianDescription	촉감이 부드러워.
Appreciative. Few objects are as pleasurable to caress.	5	black_blackarmorybanner.object.patch/glitchDescription; black_blackarmorybanner2a.object.patch/glitchDescription; black_blackarmorybanner2b.object.patch/glitchDescription; black_blackarmorybannerend.object.patch/glitchDescription	감상. 이토록 쓰다듬기 좋은 물건도 드물다.
These curtains belong in a mansion.	5	black_blackarmorybanner.object.patch/humanDescription; black_blackarmorybanner2a.object.patch/humanDescription; black_blackarmorybanner2b.object.patch/humanDescription; black_blackarmorybannerend.object.patch/humanDescription	이 커튼은 저택에 어울려.
These curtains almost stick to Hylotl skin.	5	black_blackarmorybanner.object.patch/hylotlDescription; black_blackarmorybanner2a.object.patch/hylotlDescription; black_blackarmorybanner2b.object.patch/hylotlDescription; black_blackarmorybannerend.object.patch/hylotlDescription	이 커튼은 하이로틀 피부에 거의 달라붙네.
Very fancy.	5	black_blackarmorybanner.object.patch/novakidDescription; black_blackarmorybanner2a.object.patch/novakidDescription; black_blackarmorybanner2b.object.patch/novakidDescription; black_blackarmorybannerend.object.patch/novakidDescription	아주 고급져.
What happened to this nice curtain?	1	black_blackarmorybannertattered.object.patch/apexDescription	이 멋진 커튼에 무슨 일이 있었지?
Did someone ruin this curtain?	1	black_blackarmorybannertattered.object.patch/avianDescription	누가 이 커튼을 망쳐놨나?
Some aggressive wear and tear.	1	black_blackarmorybannertattered.object.patch/humanDescription	꽤 심하게 닳고 상했네.
This old curtain has seen better days.	1	black_blackarmorybannertattered.object.patch/hylotlDescription	이 낡은 커튼도 좋은 시절이 있었겠지.
Shame. This curtain has seen better days.	1	black_blackarmorybannertattered.object.patch/novakidDescription	유감. 이 커튼도 좋은 시절이 있었겠지.
Chessst! Floran musst sssearch!	1	black_blackarmorycache.object.patch/floranDescription	상자엇! 플로란은 뒤져봐야 한다엇!
Curious. What could be inside?	1	black_blackarmorycache.object.patch/glitchDescription	호기심. 안에 뭐가 들었을까?
This chest has an industrial look about it.	1	black_blackarmorycache.object.patch/hylotlDescription	이 상자는 공장스러운 멋이 있어.
A sturdy ol' chest containin' treasures... I hope.	1	black_blackarmorycache.object.patch/novakidDescription	튼튼한 낡은 상자군. 보물이 들었길 바라지...
Picture doesn't have ssstabbing. Floran thinks thiss isss boring.	1	black_blackarmoryportrait.object.patch/floranDescription	그림에 찌르기가 없다엇. 플로란은 지루하다엇.
Thoughtful. Do I have to be worried about drinking this if I don't possess teeth?	8	black_fullthrottleavesmingodrinkobject.object.patch/glitchDescription; black_fullthrottleboneboodrinkobject.object.patch/glitchDescription; black_fullthrottlegrapedrinkobject.object.patch/glitchDescription; black_fullthrottlekiwidrinkobject.object.patch/glitchDescription	숙고. 이빨이 없는 내가 이걸 마셔도 되는 걸까?
Prismatic Drone	1	black_prismadronespawner.object.patch/shortdescription	프리즘 드론
Rocket Drone	1	black_rocketdronespawner.object.patch/shortdescription	로켓 드론
Ssswirling light. Like firefly in a jar.	1	black_titansteelalarm.object.patch/floranDescription	소용돌이치는 빛엇. 병 속 반딧불이 같다엇.
Neutral. A coloured light.	1	black_titansteelalarm.object.patch/glitchDescription	중립. 색이 든 조명이다.
These things scream danger.	1	black_titansteelalarm.object.patch/humanDescription	이건 위험을 외치고 있어.
A clumsy dancing light.	1	black_titansteelalarm.object.patch/hylotlDescription	서투르게 춤추는 조명이다.
A light cravin' attention.	1	black_titansteelalarm.object.patch/novakidDescription	관심을 갈망하는 조명이군.
This canister seems ideal for transporting volatile substances in.	4	black_titansteelcanister.object.patch/apexDescription; black_titansteelcanisterhazard.object.patch/apexDescription; black_titansteelcanistersmall.object.patch/apexDescription; black_titansteelcanistersmallhazard.object.patch/apexDescription	이 캐니스터는 휘발성 물질 운송에 딱이겠어.
What a curious canister - I wonder what is inside?	6	black_titansteelcanister.object.patch/avianDescription; black_titansteelcanistererchius.object.patch/avianDescription; black_titansteelcanisterhazard.object.patch/avianDescription; black_titansteelcanistersmall.object.patch/avianDescription	희한한 캐니스터네 — 안에 뭐가 있을까?
Observant. A short analysis concludes that this canister is built to safely store valuable liquids.	4	black_titansteelcanister.object.patch/glitchDescription; black_titansteelcanisterhazard.object.patch/glitchDescription; black_titansteelcanistersmall.object.patch/glitchDescription; black_titansteelcanistersmallhazard.object.patch/glitchDescription	관찰. 짧은 분석 결과 이 캐니스터는 귀중한 액체를 안전하게 보관하는 용도다.
The sound this canister makes when opened is quite satisfying.	6	black_titansteelcanister.object.patch/humanDescription; black_titansteelcanistererchius.object.patch/humanDescription; black_titansteelcanisterhazard.object.patch/humanDescription; black_titansteelcanistersmall.object.patch/humanDescription	이 캐니스터가 열릴 때 나는 소리가 꽤 듣기 좋네.
What a curious looking storage container. Perhaps it is built to store fuel?	6	black_titansteelcanister.object.patch/hylotlDescription; black_titansteelcanistererchius.object.patch/hylotlDescription; black_titansteelcanisterhazard.object.patch/hylotlDescription; black_titansteelcanistersmall.object.patch/hylotlDescription	희한한 저장 용기네. 연료 보관용인 걸까?
Is this a big ol' oil barrel? Mighty odd lookin' barrel if I say so myself.	6	black_titansteelcanister.object.patch/novakidDescription; black_titansteelcanistererchius.object.patch/novakidDescription; black_titansteelcanisterhazard.object.patch/novakidDescription; black_titansteelcanistersmall.object.patch/novakidDescription	이거 커다란 석유 통인가? 이상하게 생긴 통이군, 내가 보기엔.
There's something familiar about this display configuration.	1	black_titansteelceilingmonitor.object.patch/apexDescription	이 진열 구성에 뭔가 익숙한 게 있어.
These fixtures keep this display mounted firmly.	1	black_titansteelceilingmonitor.object.patch/avianDescription	이 장치들이 진열대를 단단히 고정하고 있어.
Flasshy ceiling televission.	1	black_titansteelceilingmonitor.object.patch/floranDescription	번쩍이는 천장 텔레비졘이엇.
Pleased. This display arrangement is an efficient use of space.	1	black_titansteelceilingmonitor.object.patch/glitchDescription	만족. 이 진열 배치는 공간을 효율적으로 쓴다.
This display is able to utilize little used space.	1	black_titansteelceilingmonitor.object.patch/hylotlDescription	이 진열대는 안 쓰는 공간을 활용한다.
This screen is just hangin' there.	1	black_titansteelceilingmonitor.object.patch/novakidDescription	이 화면은 그냥 걸려만 있어.
Intrigued. A cargo container - anything could be inside.	5	black_titansteelenergizedcrate.object.patch/glitchDescription; black_titansteelexplosivescrate.object.patch/glitchDescription; black_titansteelkineticscrate.object.patch/glitchDescription; titansteelcargocontainer.object.patch/glitchDescription	흥미진진. 화물 컨테이너다 — 안엔 뭐든 있을 수 있어.
A basic lookin' crate. Could hold valuable cargo...	3	black_titansteelmedicalcrate.object.patch/novakidDescription; titansteelcargocontainer.object.patch/novakidDescription; titansteelcargocrate.object.patch/novakidDescription	평범해 보이는 상자군. 귀중한 화물이 들었을지도...
This photovoltaic panel generates electricity as it absorbs solar light.	1	black_titansteelsolarpanel.object.patch/apexDescription	이 태양광 패널은 햇빛을 흡수해 전기를 만든다.
This panel draws in energy from the stars to generate power!	1	black_titansteelsolarpanel.object.patch/avianDescription	이 패널은 별빛을 끌어모아 동력을 만들어!
Panel createsss energy from sssunlight. Floran can relate.	1	black_titansteelsolarpanel.object.patch/floranDescription	판넬이 햇빛에서 에너지 만든다엇. 플로란도 공감한다엇.
Impressed. This panel absorbs light to create power. If only I was engineered to do this...	1	black_titansteelsolarpanel.object.patch/glitchDescription	감탄. 이 패널은 빛을 흡수해 동력을 만든다. 나도 이렇게 설계됐더라면...
This solar panel generates clean energy from the sun. I imagine it wouldn't be so useful underwater.	1	black_titansteelsolarpanel.object.patch/hylotlDescription	이 태양광 패널은 태양의 청정 에너지를 만든다. 물속에선 별로겠지만.
This generates power from solar light? I could earn a tidy livin' just sittin' on it.	1	black_titansteelsolarpanel.object.patch/novakidDescription	이게 햇빛으로 동력을 만들어? 앉아만 있어도 짭짤하게 벌겠는데.
A mysterious cargo crate.	3	black_titansteelweaponcase.object.patch/apexDescription; titansteelcargocontainer.object.patch/apexDescription; titansteelcargocrate.object.patch/apexDescription	수수께끼의 화물 상자다.
Floran wonders if ssspinning bit could be effective weapon...	1	black_titansteelwindturbine.object.patch/floranDescription	플로란은 빙빙 도는 게 무기 될까 궁금하다엇...
Converts fuel into freedom.	1	brokentitansteelfuelhatch.object.patch/apexDescription	연료를 자유로 바꿔 준다.
Let's load it up and take to the stars!	1	brokentitansteelfuelhatch.object.patch/avianDescription	채우고 별들로 떠나자!
Let'ss get going!	1	brokentitansteelfuelhatch.object.patch/floranDescription	가자엇!
A fuel hatch. I can fill this up and explore.	1	brokentitansteelfuelhatch.object.patch/humanDescription	연료 해치다. 이걸 채우면 탐험할 수 있겠어.
Fuel is the lifeblood of exploration.	1	brokentitansteelfuelhatch.object.patch/hylotlDescription	연료는 탐험의 생명줄이다.
FTL fuel goes in here! When it's fixed...	1	brokentitansteelfuelhatch.object.patch/novakidDescription	FTL 연료는 여기 넣는다엇! ...고쳐지면 말이지.
It'ss an airlock.	2	titansteelairlock.object.patch/floranDescription; titansteelairlocklarge.object.patch/floranDescription	에어락이다엇.
Appreciative. A sturdy airlock.	2	titansteelairlock.object.patch/glitchDescription; titansteelairlocklarge.object.patch/glitchDescription	감상. 튼튼한 에어락이다.
An airlock. Useful!	2	titansteelairlock.object.patch/humanDescription; titansteelairlocklarge.object.patch/humanDescription	에어락이다. 유용해!
Looks like a airlock.	2	titansteelairlock.object.patch/novakidDescription; titansteelairlocklarge.object.patch/novakidDescription	에어락처럼 생겼네.
Ship light is harsh on Floran eyesss.	3	titansteelbarlight.object.patch/floranDescription; titansteelredbarlight.object.patch/floranDescription; uvshiplight.object.patch/floranDescription	함선 조명은 플로란 눈에 너무 강하다엇.
That's one bright lightbulb.	3	titansteelbarlight.object.patch/novakidDescription; titansteelredbarlight.object.patch/novakidDescription; uvshiplight.object.patch/novakidDescription	정말 밝은 전구네.
This light isn't getting enough power.	5	titansteelbarlightbroken.object.patch/apexDescription; titansteelredbarlightbroken.object.patch/apexDescription; titansteelredshiplightBroken.object.patch/apexDescription; titansteelshiplightBroken.object.patch/apexDescription	이 조명은 전력이 부족해.
A flickering light.	5	titansteelbarlightbroken.object.patch/avianDescription; titansteelredbarlightbroken.object.patch/avianDescription; titansteelredshiplightBroken.object.patch/avianDescription; titansteelshiplightBroken.object.patch/avianDescription	깜빡이는 조명이다.
Broken light makesss Floran dizzy.	5	titansteelbarlightbroken.object.patch/floranDescription; titansteelredbarlightbroken.object.patch/floranDescription; titansteelredshiplightBroken.object.patch/floranDescription; titansteelshiplightBroken.object.patch/floranDescription	고장 난 불빛은 플로란 어지럽게 한다엇.
Concerned. This light is malfunctioning.	5	titansteelbarlightbroken.object.patch/glitchDescription; titansteelredbarlightbroken.object.patch/glitchDescription; titansteelredshiplightBroken.object.patch/glitchDescription; titansteelshiplightBroken.object.patch/glitchDescription	우려. 이 조명은 고장 났다.
This light's on the blink.	5	titansteelbarlightbroken.object.patch/humanDescription; titansteelredbarlightbroken.object.patch/humanDescription; titansteelredshiplightBroken.object.patch/humanDescription; titansteelshiplightBroken.object.patch/humanDescription	이 조명은 깜빡거리네.
An underpowered light.	5	titansteelbarlightbroken.object.patch/hylotlDescription; titansteelredbarlightbroken.object.patch/hylotlDescription; titansteelredshiplightBroken.object.patch/hylotlDescription; titansteelshiplightBroken.object.patch/hylotlDescription	전력 부족의 조명이다.
This light ain't gettin' enough power.	5	titansteelbarlightbroken.object.patch/novakidDescription; titansteelredbarlightbroken.object.patch/novakidDescription; titansteelredshiplightBroken.object.patch/novakidDescription; titansteelshiplightBroken.object.patch/novakidDescription	이 조명은 전력이 부족해.
A fingerprint scanner. Smaller than an Apex hand.	1	titansteelbiometricscanner.object.patch/apexDescription	지문 스캐너다. 에이펙스 손보다 작군.
Avians do not have fingerprints. Such security devices are pointless for us.	1	titansteelbiometricscanner.object.patch/avianDescription	아비안은 지문이 없다. 이런 보안 장치는 우리에겐 무용지물이야.
Device for ssscanning hands. Doesn't react to Floran's hand...	1	titansteelbiometricscanner.object.patch/floranDescription	손을 스캔하는 장치엇. 플로란 손엔 반응 없다엇...
Resentful. Biometric security devices are a luxury only certain species can indulge in.	1	titansteelbiometricscanner.object.patch/glitchDescription	원망. 생체 보안 장치는 특정 종족만 누릴 수 있는 사치다.
Hylotl hands can cause these things to go haywire.	1	titansteelbiometricscanner.object.patch/hylotlDescription	하이로틀 손은 이런 걸 맛가게 만들 수 있거든.
A type of scannin' device for hands. Doubt it'll pick up mine.	1	titansteelbiometricscanner.object.patch/novakidDescription	손을 스캔하는 장치군. 내 손은 인식 못 할걸.
Few Avians of my nest are capable of reading.	1	titansteelbookcase.object.patch/avianDescription	우리 둥지에서 읽을 줄 아는 아비안은 몇 안 된다.
Floran tell ssstories at the campfire.	1	titansteelbookcase.object.patch/floranDescription	플로란은 모닥불에서 이야기한다엇.
A book case. My translator has its work cut out.	1	titansteelbookcase.object.patch/humanDescription	책장이군. 내 번역기가 좀 바쁘겠는데.
There are many grand libraries at the bottom of Hylotl oceans.	1	titansteelbookcase.object.patch/hylotlDescription	하이로틀 바다 밑엔 웅장한 도서관이 많지.
It seems to contain mainly science related literature.	1	titansteelbookcase.object.patch/novakidDescription	주로 과학 관련 서적이 들어 있는 모양이야.
A basic bunk bed.	1	titansteelbunk.object.patch/apexDescription	기본적인 이층 침대다.
This bunk bed looks rather basic.	1	titansteelbunk.object.patch/avianDescription	이 이층 침대는 꽤 기본형이네.
Floran would like to sssleep in bunk bed.	1	titansteelbunk.object.patch/floranDescription	플로란 이층 침대에서 자고 싶다엇.
I have fond memories of sleeping in such a bed at the Protectorate academy.	1	titansteelbunk.object.patch/hylotlDescription	보호국 사관학교에서 자던 침대 생각나네. 좋은 추억이야.
A regular bunk bed.	1	titansteelbunk.object.patch/novakidDescription	평범한 이층 침대다.
A cabinet.	2	titansteelcabinet.object.patch/apexDescription; titansteelcabinet.object.patch/humanDescription	캐비닛이다.
An interesting looking cabinet.	1	titansteelcabinet.object.patch/avianDescription	흥미로워 보이는 캐비닛이다.
A cabinet for keeping thingss in.	1	titansteelcabinet.object.patch/floranDescription	물건을 넣어두는 캐비닛이다.
Interested. I wonder what's inside this cabinet?	1	titansteelcabinet.object.patch/glitchDescription	흥미. 이 캐비닛 안엔 뭐가 있을까?
A crude cabinet.	1	titansteelcabinet.object.patch/hylotlDescription	조잡한 캐비닛이다.
A basic cabinet. Anythin' inside?	1	titansteelcabinet.object.patch/novakidDescription	기본적인 캐비닛이군. 안에 뭐 들었나?
Ahh... Sweet freedom. I can use the ship's navigator from this chair.	1	titansteelcaptainschair.object.patch/apexDescription	아아... 달콤한 자유. 이 의자에서 함선 항법을 쓸 수 있어.
The Captain's chair. That's me! I can use the ship's navigator from this chair.	1	titansteelcaptainschair.object.patch/avianDescription	함장 의자다. 그게 나야! 이 의자에서 함선 항법을 쓸 수 있어.
Best chair on ship. Floran can sit here to ussse navigator and fly ship!	1	titansteelcaptainschair.object.patch/floranDescription	함선 최고의 의자엇! 플로란 여기 앉아서 항법 쓰고 함선 몬다엇!
Excited. Sitting on the Captain's chair allows me to fly this ship. Where to next?	1	titansteelcaptainschair.object.patch/glitchDescription	흥분. 함장 의자에 앉으면 함선을 몰 수 있어. 다음엔 어디로?
The Captain's chair. The person sitting here decides where the ship goes!	1	titansteelcaptainschair.object.patch/humanDescription	함장 의자다. 여기 앉는 사람이 함선 행로를 정한다!
Sitting on the Captain's chair allows me to fly this ship.	1	titansteelcaptainschair.object.patch/hylotlDescription	함장 의자에 앉으면 이 함선을 몰 수 있어.
The Captain's chair. The guy who sits here decides where the ship goes! That's me!	1	titansteelcaptainschair.object.patch/novakidDescription	함장 의자다. 여기 앉는 자가 함선 행로를 정한다! 그게 나지!
Floran ship Floran in cargo crate. Leap out. Sssurprise!	2	titansteelcargocontainer.object.patch/floranDescription; titansteelcargocrate.object.patch/floranDescription	플로란을 화물 상자에 넣어 배송한다엇. 튀어나와서 깜짝!
A cargo crate of modern design.	2	titansteelcargocontainer.object.patch/hylotlDescription; titansteelcargocrate.object.patch/hylotlDescription	현대식 화물 상자다.
I'm sure I saw someone disappearing around a corner on one of the screens.	1	titansteelcctvstation.object.patch/apexDescription	화면 중 하나에서 누가 모퉁이로 사라지는 걸 본 것 같아.
I feel like a voyeur.	1	titansteelcctvstation.object.patch/avianDescription	관음하는 기분이네.
Ssso many ssscreens. They're all equally uninteresssting.	1	titansteelcctvstation.object.patch/floranDescription	화면이 잔뜩엇. 다 똑같이 재미없다엇.
Inspecting. I am certain one of these cameras is on a loop.	1	titansteelcctvstation.object.patch/glitchDescription	점검. 카메라 하나가 분명 반복 재생 중이다.
One of these screens is displaying a feed of me watching the screens.	1	titansteelcctvstation.object.patch/humanDescription	이 화면 중 하나가 화면을 보는 내 모습을 송출하고 있어.
What an intrusive set-up.	1	titansteelcctvstation.object.patch/hylotlDescription	참견스러운 설치군.
A spyin' station.	1	titansteelcctvstation.object.patch/novakidDescription	염탐 스테이션이군.
A nice chair.	1	titansteelchair.object.patch/apexDescription	좋은 의자다.
A relaxing chair.	1	titansteelchair.object.patch/avianDescription	편안한 의자다.
Sssoft chair.	1	titansteelchair.object.patch/floranDescription	부드러운 의자엇.
Content. A comfortable chair.	1	titansteelchair.object.patch/glitchDescription	만족. 편안한 의자다.
A passable chair.	1	titansteelchair.object.patch/hylotlDescription	그럭저럭 쓸 만한 의자다.
This is a relaxin' spot.	1	titansteelchair.object.patch/novakidDescription	쉬기 좋은 곳이군.
A standard chair.	1	titansteelcomfychair.object.patch/apexDescription	표준 의자다.
A simple chair.	1	titansteelcomfychair.object.patch/avianDescription	소박한 의자다.
Sssit!	1	titansteelcomfychair.object.patch/floranDescription	앉아엇!
Appreciative. A chair. The Glitch occasionally like to sit.	1	titansteelcomfychair.object.patch/glitchDescription	감상. 의자다. 글리치는 가끔 앉는 걸 좋아한다.
A decent chair.	1	titansteelcomfychair.object.patch/humanDescription	괜찮은 의자다.
A functionin' chair.	1	titansteelcomfychair.object.patch/novakidDescription	작동하는 의자군.
It's a control console with a big touch screen.	1	titansteelconsole.object.patch/apexDescription	커다란 터치스크린 달린 조종 콘솔이야.
Control conssole has buttonsss.	1	titansteelconsole.object.patch/floranDescription	조종 콘솔에 버튼이 잔뜩 있다엇.
Wary. Something might happen if I interact with this control panel.	1	titansteelconsole.object.patch/glitchDescription	경계. 이 제어판을 만지면 뭔가 일어날지도.
It's a control console. Who controls it?	1	titansteelconsole.object.patch/humanDescription	조종 콘솔이다. 누가 조종하는 걸까?
This electronic device is used to remotely control things.	1	titansteelconsole.object.patch/hylotlDescription	이 전자 장치는 원격으로 물건을 조종한다.
A control console. What'd happen if I press the buttons?	1	titansteelconsole.object.patch/novakidDescription	조종 콘솔이군. 버튼을 누르면 어떻게 될까?
I can use this to make delicious food.	1	titansteelcookingtable.object.patch/avianDescription	이걸로 맛있는 음식을 만들 수 있어.
Floran can use thisss to make tasty food!	1	titansteelcookingtable.object.patch/floranDescription	플로란 이걸로 맛난 음식 만든다엇!
Delighted. A cooking table.	1	titansteelcookingtable.object.patch/glitchDescription	환희. 조리대다.
Time to do some cookin'!	1	titansteelcookingtable.object.patch/novakidDescription	요리 좀 해볼까!
Counter iss clean. Too clean!	1	titansteelcounter.object.patch/floranDescription	카운터 깨끗하다엇. 너무 깨끗해엇!
Pleased. A clean looking counter.	1	titansteelcounter.object.patch/glitchDescription	만족. 깨끗해 보이는 카운터다.
An sterile looking counter. I wonder how clean it really is.	1	titansteelcounter.object.patch/hylotlDescription	소독실처럼 생긴 카운터다. 진짜 깨끗한지는 모르겠군.
A neat lookin' counter.	1	titansteelcounter.object.patch/novakidDescription	깔끔해 보이는 카운터군.
A nice storage crate made from a sturdy material.	1	titansteelcrate.object.patch/apexDescription	튼튼한 재질로 만든 좋은 수납 상자다.
This crate is used for storing different types of equipment.	1	titansteelcrate.object.patch/avianDescription	이 상자는 각종 장비 보관용이야.
Sshiny crate can store many thingss.	1	titansteelcrate.object.patch/floranDescription	반짝이는 상자엇. 많이 넣을 수 있다엇.
Envious. This crate is well maintained and polished.	1	titansteelcrate.object.patch/glitchDescription	선망. 이 상자는 잘 관리되고 윤이 난다.
This crate looks like it could survive any space condition.	1	titansteelcrate.object.patch/humanDescription	이 상자는 어떤 우주 환경에서도 버틸 것 같아.
A large crate used for organising items and keeping them safe.	1	titansteelcrate.object.patch/hylotlDescription	물건 정리와 안전 보관용 대형 상자다.
A desk. It seems functional.	1	titansteeldesk.object.patch/apexDescription	책상이다. 기능은 있어 보인다.
A nice enough looking desk.	1	titansteeldesk.object.patch/avianDescription	꽤 괜찮아 보이는 책상이다.
A dessk!	1	titansteeldesk.object.patch/floranDescription	채상이다!
Impassive. It is a desk.	1	titansteeldesk.object.patch/glitchDescription	무표정. 책상이다.
A desk. It seems okay.	1	titansteeldesk.object.patch/humanDescription	책상이다. 괜찮아 보이네.
A basic desk. It is not to my tastes.	1	titansteeldesk.object.patch/hylotlDescription	기본적인 책상이다. 내 취향은 아니지만.
A desk. For those who like to sit down and write stuff.	1	titansteeldesk.object.patch/novakidDescription	책상이다. 앉아서 글쓰기 좋아하는 사람용이지.
This door is solid and airtight.	1	titansteeldoor.object.patch/apexDescription	이 문은 견고하고 밀폐돼 있어.
A door that opens at a curious angle.	1	titansteeldoor.object.patch/avianDescription	묘한 각도로 여는 문이다.
This door looks heavy. Floran doesn't want to get sssquished.	1	titansteeldoor.object.patch/floranDescription	이 문은 무거워 보인다엇. 플로란 찌부되기 싫다엇.
Intrigued. This doorway appears to be leaning.	1	titansteeldoor.object.patch/glitchDescription	흥미진진. 이 출입구는 기울어진 모양이다.
It looks like a reliable door to keep things out. Or in.	1	titansteeldoor.object.patch/humanDescription	뭔가를 막기에든 가두기에든 믿음직한 문 같아.
This doorway is slanted. Maybe to remind us to see things from different angles.	1	titansteeldoor.object.patch/hylotlDescription	이 출입구는 비스듬해. 다른 각도로 보라는 뜻일지도.
It's like a normal doorway. But diagonal.	1	titansteeldoor.object.patch/novakidDescription	평범한 출입구 같은데. 대각선이야.
It'sss a large tv.	1	titansteelflatscreen.object.patch/floranDescription	커다란 TV다엇.
A fridge. Let's hope there's food inside.	1	titansteelfridge.object.patch/apexDescription	냉장고다. 안에 음식이 있길 바라야지.
Wary. This fridge smells unsanitary.	1	titansteelfridge.object.patch/glitchDescription	경계. 이 냉장고는 비위생적인 냄새가 나.
A fridge. I wonder if there are eggs in here?	1	titansteelfridge.object.patch/humanDescription	냉장고다. 안에 달걀이라도 있을까?
A food-chilling device.	1	titansteelfridge.object.patch/hylotlDescription	식품 냉각 장치다.
A fridge! I wonder if anyone left any treats?	1	titansteelfridge.object.patch/novakidDescription	냉장고다! 누가 간식이라도 놔뒀을까?
The FTL drive fuel hatch. Converts fuel into freedom.	1	titansteelfuelhatch.object.patch/apexDescription	FTL 드라이브 연료 해치다. 연료를 자유로 바꿔 주지.
The FTL fuel hatch. Let's load it up and take to the stars!	1	titansteelfuelhatch.object.patch/avianDescription	FTL 연료 해치다. 채우고 별들로 떠나자!
Fuel hatch for FTL drive. Let'ss fill it up!	1	titansteelfuelhatch.object.patch/floranDescription	FTL 드라이브 연료 해치엇. 가득 채우자엇!
Excited. This hatch fuels the FTL drive so that I may visit planets outside of this system.	1	titansteelfuelhatch.object.patch/glitchDescription	흥분. 이 해치가 FTL 드라이브에 연료를 넣어 다른 항성계로 갈 수 있게 해줘.
The ship's fuel hatch. With fuel for the FTL drive I can explore outside this system.	1	titansteelfuelhatch.object.patch/humanDescription	함선 연료 해치다. FTL 드라이브용 연료를 넣으면 이 항성계 밖을 탐험할 수 있어.
The humble FTL fuel hatch. Fuel is the lifeblood of exploration.	1	titansteelfuelhatch.object.patch/hylotlDescription	소박한 FTL 연료 해치다. 연료는 탐험의 생명줄이지.
FTL fuel goes in here!	1	titansteelfuelhatch.object.patch/novakidDescription	FTL 연료는 여기 넣는다!
It's a power generator.	1	titansteelgenerator.object.patch/avianDescription	발전기야.
This makess power.	1	titansteelgenerator.object.patch/floranDescription	동력 만든다엇.
Cheery. This generates enough power for everybody.	1	titansteelgenerator.object.patch/glitchDescription	유쾌. 모두에게 충분한 전력을 만들어 낸다.
A generator. Hope there's a back-up one too.	1	titansteelgenerator.object.patch/humanDescription	발전기다. 예비도 있길 바라야지.
This thing generates power.	1	titansteelgenerator.object.patch/novakidDescription	동력을 만든다.
These ingredients look delicious!	1	titansteelkitchenshelf.object.patch/apexDescription	이 재료들, 맛있겠는데!
This shelf looks perfect for a sunny kitchen.	1	titansteelkitchenshelf.object.patch/avianDescription	이 선반은 햇살 드는 주방에 딱이겠어.
Tiny plant isss better than no plant!	1	titansteelkitchenshelf.object.patch/floranDescription	조그만 식물도 없는 것보단 낫다엇!
I hope someone's been watering this plant...	1	titansteelkitchenshelf.object.patch/humanDescription	누가 이 식물에 물이라도 주고 있길 바라지...
This little kitchen shelf keeps clutter out of the cooking area.	1	titansteelkitchenshelf.object.patch/hylotlDescription	이 작은 주방 선반은 조리 공간의 잡동사니를 치운다.
Makes me wanna cook up somethin' tasty!	1	titansteelkitchenshelf.object.patch/novakidDescription	맛있는 거 요리하고 싶어지네!
Shiny device for lighting Floran's path.	1	titansteellantern.object.patch/floranDescription	반짝이는 장치가 플로란 길 비춘다엇.
Appreciative. These lights are splendid.	1	titansteellantern.object.patch/glitchDescription	감상. 이 조명들은 훌륭하다.
A bright light source. I probably shouldn't stare into it.	1	titansteellantern.object.patch/humanDescription	밝은 광원이군. 빤히 들여다보지 않는 게 좋겠어.
An encouraging shimmer that reminds me of bright days.	1	titansteellantern.object.patch/hylotlDescription	밝은 날들을 떠올리게 하는 고무적인 반짝임이다.
Stacked lockers. A great way to save space.	1	titansteellocker.object.patch/apexDescription	겹친 로커다. 공간 절약에 좋은 방법이지.
A place where you can store your belongings.	1	titansteellocker.object.patch/avianDescription	소지품을 보관할 수 있는 곳이다.
Lockerss are for keeping thingsss in.	1	titansteellocker.object.patch/floranDescription	로커는 물건 넣는 거엇.
Observant. A metallic set of six lockers.	1	titansteellocker.object.patch/glitchDescription	관찰. 금속 로커 여섯 칸이다.
Lockers for organising your items.	1	titansteellocker.object.patch/humanDescription	물건 정리용 로커다.
This makes me reminiscence about my days as a student.	1	titansteellocker.object.patch/hylotlDescription	학생 시절이 떠오르네.
Six unlocked lockers.	1	titansteellocker.object.patch/novakidDescription	여섯 칸 열린 로커다.
A monitor. I can't read what it says here.	1	titansteelmonitor.object.patch/apexDescription	모니터다. 뭐라 적혀 있는지 읽을 수가 없군.
I wonder if this is meant to be showing something.	1	titansteelmonitor.object.patch/humanDescription	뭔가를 보여주려는 건가 싶네.
Floran has little use for thiss.	1	titansteelpc.object.patch/floranDescription	플로란한텐 별로 쓸모없다엇.
Envious. A high-powered computer.	1	titansteelpc.object.patch/glitchDescription	선망. 고성능 컴퓨터다.
A sweet rig.	1	titansteelpc.object.patch/humanDescription	멋진 장비군.
Other species' over reliance on technology saddens me.	1	titansteelpc.object.patch/hylotlDescription	다른 종족들이 기술에 지나치게 의존하는 게 슬프네.
I betcha' this thing could look up anythin'!	1	titansteelpc.object.patch/novakidDescription	이건 뭐든 찾아볼 수 있겠군!
This plant isn't real!	3	titansteelplant1.object.patch/apexDescription; titansteelplant2.object.patch/apexDescription; titansteelplant3.object.patch/apexDescription	이 식물은 가짜야!
A fake plant.	4	titansteelplant1.object.patch/avianDescription; titansteelplant2.object.patch/avianDescription; titansteelplant3.object.patch/avianDescription; thalassoplant.object.patch/avianDescription	가짜 식물이다.
Floran ssstab imposter plant!	3	titansteelplant1.object.patch/floranDescription; titansteelplant2.object.patch/floranDescription; titansteelplant3.object.patch/floranDescription	플로란이 가짜 식물 찌른다엇!
Unsure. Is a fake plant better or worse than a real one?	3	titansteelplant1.object.patch/glitchDescription; titansteelplant2.object.patch/glitchDescription; titansteelplant3.object.patch/glitchDescription	불확실. 가짜 식물이 진짜보다 나을까, 못할까?
Reminds me of waiting rooms.	3	titansteelplant1.object.patch/humanDescription; titansteelplant2.object.patch/humanDescription; titansteelplant3.object.patch/humanDescription	대기실 생각나네.
A disgusting fake plastic plant.	4	titansteelplant1.object.patch/hylotlDescription; titansteelplant2.object.patch/hylotlDescription; titansteelplant3.object.patch/hylotlDescription; thalassoplant.object.patch/hylotlDescription	역겨운 가짜 플라스틱 식물이다.
A standard radar dish.	1	titansteelradardish.object.patch/apexDescription	표준 레이더 접시 안테나다.
Nice dish.	1	titansteelradardish.object.patch/avianDescription	좋은 그릇이군.
Floran not meant to touch any radar after last time.	1	titansteelradardish.object.patch/floranDescription	플로란은 지난번 이후로 레이더 건드리면 안 된다엇.
Interested. A radar dish.	1	titansteelradardish.object.patch/glitchDescription	흥미. 레이더 접시 안테나다.
A radar dish for... Radar things.	1	titansteelradardish.object.patch/humanDescription	레이더... 레이더 같은 용도의 접시 안테나다.
A dish for receiving radio waves.	1	titansteelradardish.object.patch/hylotlDescription	전파 수신용 접시 안테나다.
Some kinda science dish.	1	titansteelradardish.object.patch/novakidDescription	뭔가 과학 장치 같은 접시군.
This spotlight is designed for universal ships.	1	titansteelredshiplight.object.patch/description	이 스포트라이트는 범용 함선용이다.
A soft light.	2	titansteelredshiplight.object.patch/avianDescription; titansteelshiplight.object.patch/avianDescription	부드러운 조명이다.
Floran feelss like centre of attention.	3	titansteelredshiplight.object.patch/floranDescription; titansteelredspotlight.object.patch/floranDescription; titansteelshiplight.object.patch/floranDescription	플로란이 주목받는 기분이다엇.
I've always wanted to be in the spotlight.	3	titansteelredshiplight.object.patch/humanDescription; titansteelredspotlight.object.patch/humanDescription; titansteelshiplight.object.patch/humanDescription	늘 스포트라이트 속에 서고 싶었지.
This light is nearly as bright as me!	2	titansteelredshiplight.object.patch/novakidDescription; titansteelshiplight.object.patch/novakidDescription	이 조명은 거의 나만큼 밝아!
A malfunctioning Titansteel light.	1	titansteelredshiplightBroken.object.patch/description	고장 난 티탄강 조명이다.
A bright light.	1	titansteelredspotlight.object.patch/novakidDescription	밝은 조명이다.
An eye scanner. It doesn't seem to recognise Apex eyeballs.	1	titansteelretinalscanner.object.patch/apexDescription	안구 스캐너다. 에이펙스 안구는 인식 못 하는 모양이야.
A device for scanning human eyeballs. But for what purpose?	1	titansteelretinalscanner.object.patch/avianDescription	인간 안구를 스캔하는 장치다. 무슨 목적일까?
Machine wants to ssscan eyes. Floran refussse!	1	titansteelretinalscanner.object.patch/floranDescription	기계가 눈 스캔하려 해엇. 플로란 거부한다엇!
An eye scanner. Such devices are awkward for Hylotl. Our heads are not the right shape.	1	titansteelretinalscanner.object.patch/hylotlDescription	안구 스캐너다. 이런 장치는 하이로틀에겐 불편하다. 머리 모양이 안 맞거든.
An eye scanner? Ain't sure what I'm supposed to do with it.	1	titansteelretinalscanner.object.patch/novakidDescription	안구 스캐너? 이걸로 뭘 하라는 건지 모르겠군.
A server cabinet.	1	titansteelserver.object.patch/apexDescription	서버 캐비닛이다.
An unremarkable server cabinet.	1	titansteelserver.object.patch/avianDescription	평범한 서버 캐비닛이다.
Beepy machines do not interessst this Floran.	1	titansteelserver.object.patch/floranDescription	삑삑거리는 기계는 플로란 관심 없다엇.
Curious. A server cabinet. What information could it contain?	1	titansteelserver.object.patch/glitchDescription	호기심. 서버 캐비닛이다. 어떤 정보가 들었을까?
A server.	1	titansteelserver.object.patch/humanDescription	서버다.
A machine containin' information.	1	titansteelserver.object.patch/novakidDescription	정보가 들어 있는 기계군.
A shield generator.	1	titansteelshieldgenerator.object.patch/apexDescription	실드 생성기다.
This generates a shield.	1	titansteelshieldgenerator.object.patch/avianDescription	실드를 생성한다.
Shieldsss!	1	titansteelshieldgenerator.object.patch/floranDescription	방패엇!
Comforted. A shield generator.	1	titansteelshieldgenerator.object.patch/glitchDescription	안심. 실드 생성기다.
This'll keep me safe!	1	titansteelshieldgenerator.object.patch/humanDescription	이거면 날 지킬 수 있어!
Who needs a shield anyhow?	1	titansteelshieldgenerator.object.patch/novakidDescription	방패가 뭐 필요해?
Doors like this are common on ships.	1	titansteelshipdoor.object.patch/apexDescription	이런 문은 함선에서 흔하지.
A spaceship door.	2	titansteelshipdoor.object.patch/avianDescription; titansteelshipdoor.object.patch/humanDescription	우주선 문이다.
Ssspaceship door.	1	titansteelshipdoor.object.patch/floranDescription	우주선 문이엇.
Informed. A standard ship door.	1	titansteelshipdoor.object.patch/glitchDescription	정보. 표준 함선 문이다.
Hatch designs like this are common on ships.	1	titansteelshiphatch.object.patch/apexDescription	이런 해치 설계는 함선에서 흔하지.
A spaceship hatch.	2	titansteelshiphatch.object.patch/avianDescription; titansteelshiphatch.object.patch/humanDescription	우주선 해치다.
Ssspaceship hatch.	1	titansteelshiphatch.object.patch/floranDescription	우주선 해치엇.
Informed. A standard ship hatch.	1	titansteelshiphatch.object.patch/glitchDescription	정보. 표준 함선 해치다.
A basic ship hatch.	1	titansteelshiphatch.object.patch/hylotlDescription	기본적인 함선 해치다.
These doors are used on all our ships. This one is not playing nice.	1	titansteelshipdoorBroken.object.patch/apexDescription	이런 문은 우리 모든 함선에 쓰여. 얘는 말썽이군.
A door. It won't open.	1	titansteelshipdoorBroken.object.patch/avianDescription	문이다. 안 열린다.
Disappointed. A door. It appears to be disabled currently.	1	titansteelshipdoorBroken.object.patch/glitchDescription	실망. 문이다. 지금은 멈춰 있는 모양이다.
Cool door. Too bad it isn't opening right now.	1	titansteelshipdoorBroken.object.patch/humanDescription	멋진 문이군. 지금 안 열리는 게 아쉽네.
A basic ship door. It won't open at the moment.	1	titansteelshipdoorBroken.object.patch/hylotlDescription	기본적인 함선 문이다. 지금은 안 열리네.
I wonder if there are any secrets inside this locker?	1	titansteelshiplocker.object.patch/apexDescription	이 로커 안에 뭔가 비밀이 있을까?
Could there be anything of value within this locker?	1	titansteelshiplocker.object.patch/avianDescription	이 로커에 귀중품이라도 있을까?
Floran ssearch locker for valuabless.	1	titansteelshiplocker.object.patch/floranDescription	플로란 로커에서 귀중품 찾는다엇.
Excited. Any items of interest inside I wonder?	1	titansteelshiplocker.object.patch/glitchDescription	흥분. 안에 뭐 재밌는 게 있으려나?
A ship's locker.	1	titansteelshiplocker.object.patch/humanDescription	함선 로커다.
Perhaps something useful is inside this locker.	1	titansteelshiplocker.object.patch/hylotlDescription	이 로커에 뭔가 쓸 만한 게 있을지도.
It'ss a shipping container.	1	titansteelshippingcontainer.object.patch/floranDescription	운송 컨테이너다엇.
Intrigued. A shipping container - it could contain anything.	1	titansteelshippingcontainer.object.patch/glitchDescription	흥미진진. 운송 컨테이너다 — 뭐든 들어 있을 수 있지.
A container for shipping all manner of items.	1	titansteelshippingcontainer.object.patch/hylotlDescription	온갖 물건을 운송하는 컨테이너다.
I could ship all kindsa cargo in this.	1	titansteelshippingcontainer.object.patch/novakidDescription	온갖 화물을 이걸로 보낼 수 있겠어.
The ship's teleporter. Teleporting feels like riding a rollercoaster at the speed of light.	1	titansteelshipteleporter.object.patch/apexDescription	함선 텔레포터다. 순간이동은 광속 롤러코스터를 타는 기분이야.
The teleporter! Teleporting feels like flying.	1	titansteelshipteleporter.object.patch/avianDescription	텔레포터다! 순간이동은 나는 기분이야.
Ship teleporter. Floran feel confusssed during teleport.	1	titansteelshipteleporter.object.patch/floranDescription	함선 텔레포터엇. 플로란은 순간이동 중 어지럽다엇.
Smug. A teleporter. I am able to enter a sleep mode during the teleport process.	1	titansteelshipteleporter.object.patch/glitchDescription	의기양양. 텔레포터다. 순간이동 중엔 수면 모드로 들어갈 수 있지.
The teleporter! Teleporting is such a rush.	1	titansteelshipteleporter.object.patch/humanDescription	텔레포터다! 순간이동은 짜릿해.
A teleporter. Teleporting feels like diving into the ocean from a mountain top.	1	titansteelshipteleporter.object.patch/hylotlDescription	텔레포터다. 순간이동은 산꼭대기에서 바다로 다이빙하는 기분이지.
Ship's teleporter. Let's take her for a spin!	1	titansteelshipteleporter.object.patch/novakidDescription	함선 텔레포터다. 한번 돌려보자!
The ship's teleporter. I need to power it up.	1	titansteelshipteleporterTier0.object.patch/apexDescription	함선 텔레포터다. 전원을 켜야 해.
The teleporter! If only this one was powered up.	1	titansteelshipteleporterTier0.object.patch/avianDescription	텔레포터다! 이것만 작동한다면.
Ship teleporter. This one dead.	1	titansteelshipteleporterTier0.object.patch/floranDescription	함선 텔레포터엇. 이건 죽었다엇.
Disappointed. A teleporter without power. I need to power it up.	1	titansteelshipteleporterTier0.object.patch/glitchDescription	실망. 전원 없는 텔레포터다. 전원을 켜야 해.
The teleporter! Too bad it isn't powered up.	1	titansteelshipteleporterTier0.object.patch/humanDescription	텔레포터다! 아쉽게도 전원이 꺼져 있어.
This teleporter is off.	1	titansteelshipteleporterTier0.object.patch/hylotlDescription	이 텔레포터는 꺼져 있어.
Ship's teleporter. I need to power her up!	1	titansteelshipteleporterTier0.object.patch/novakidDescription	함선 텔레포터다. 전원을 켜야 해!
A sliding door. Exciting.	1	titansteelslidingdoor.object.patch/apexDescription	미닫이문이다. 신나네.
A sneaky sssliding door.	1	titansteelslidingdoor.object.patch/floranDescription	은밀한 미닫이문이엇.
Hypnotised. There is something fascinating about the movement of these doors.	1	titansteelslidingdoor.object.patch/glitchDescription	최면. 이 문의 움직임엔 매혹적인 게 있다.
A sleek sliding door.	1	titansteelslidingdoor.object.patch/hylotlDescription	날렵한 미닫이문이다.
I always liked these types of sliding doors.	1	titansteelslidingdoor.object.patch/novakidDescription	난 이런 미닫이문이 늘 좋더라.
A functional wall light.	1	titansteelsmalllight.object.patch/apexDescription	작동하는 벽 조명이다.
It's a wall light.	1	titansteelsmalllight.object.patch/avianDescription	벽 조명이야.
Shiny light!	1	titansteelsmalllight.object.patch/floranDescription	반짝이는 불빛엇!
Impressed. This wall mounted light is effective.	2	titansteelsmalllight.object.patch/glitchDescription; uvlamp.object.patch/glitchDescription	감탄. 이 벽걸이 조명은 효율적이다.
A pretty standard wall light.	1	titansteelsmalllight.object.patch/humanDescription	평범한 벽 조명이다.
A wall light. It is functional but unpleasant.	2	titansteelsmalllight.object.patch/hylotlDescription; uvlamp.object.patch/hylotlDescription	벽 조명이다. 작동은 하지만 불쾌하네.
I can't read this.	1	titansteelsmallmonitor.object.patch/apexDescription	못 읽겠어.
It's impossible to make out the text on this screen.	1	titansteelsmallmonitor.object.patch/avianDescription	이 화면의 글은 도저히 못 읽겠어.
Floran doesn't know what thisss screen says.	1	titansteelsmallmonitor.object.patch/floranDescription	플로란은 이 화면에 뭐라 쓰였는지 모른다엇.
Frustrated. I cannot make out what is written on this monitor.	1	titansteelsmallmonitor.object.patch/glitchDescription	좌절. 이 모니터에 쓰인 게 도통 읽히지 않는다.
This monitor doesn't have the greatest picture quality.	1	titansteelsmallmonitor.object.patch/humanDescription	이 모니터는 화질이 별로야.
The information displayed here is difficult to make out.	1	titansteelsmallmonitor.object.patch/hylotlDescription	여기 표시된 정보는 읽기 어렵군.
Hard to see what's written on here. Hope it ain't somethin' important.	1	titansteelsmallmonitor.object.patch/novakidDescription	뭐라 쓰였는지 잘 안 보이네. 중요한 게 아니길.
There are some useful items on this shelf.	1	titansteelstoreshelf.object.patch/apexDescription	이 선반에 유용한 물건이 좀 있어.
There are some healing items on this shelf.	1	titansteelstoreshelf.object.patch/avianDescription	이 선반에 치유 아이템이 좀 있어.
Shelf containss itemss.	1	titansteelstoreshelf.object.patch/floranDescription	선반에 물건이 있다엇.
Relieved. This shelf contains many useful items.	1	titansteelstoreshelf.object.patch/glitchDescription	안도. 이 선반엔 유용한 물건이 많다.
This would be useful if there was some sort of disaster.	1	titansteelstoreshelf.object.patch/humanDescription	뭔가 재난이 닥치면 유용하겠어.
This sure would be useful in a pinch!	1	titansteelstoreshelf.object.patch/novakidDescription	이거 위급할 때 유용하겠는데!
A table with a warning strip. Maybe to warn you not to stub your toes?	1	titansteeltable.object.patch/apexDescription	경고 띠가 붙은 탁자다. 발가락 찧지 말라는 건가?
Metal table is hard and sssturdy.	1	titansteeltable.object.patch/floranDescription	금속 탁자는 딱딱하고 튼튼하다엇.
Observant. This is a solid metal table.	1	titansteeltable.object.patch/glitchDescription	관찰. 견고한 금속 탁자다.
An industrial looking table.	1	titansteeltable.object.patch/humanDescription	공장 느낌의 탁자다.
A table made from metal.	1	titansteeltable.object.patch/novakidDescription	금속으로 만든 탁자다.
I can talk to SAIL through this console.	1	titansteeltechstation.object.patch/apexDescription	이 콘솔로 SAIL과 얘기할 수 있어.
I can use this station to talk to SAIL.	1	titansteeltechstation.object.patch/avianDescription	이 스테이션으로 SAIL과 얘기할 수 있어.
Floran use thisss magic panel to talk to SAIL!	1	titansteeltechstation.object.patch/floranDescription	플로란은 이 마법 판으로 SAIL과 얘기한다엇!
Happy. This station allows me to talk to SAIL.	1	titansteeltechstation.object.patch/glitchDescription	기쁨. 이 스테이션으로 SAIL과 얘기할 수 있다.
This station allows me to communicate with SAIL.	1	titansteeltechstation.object.patch/humanDescription	이 스테이션으로 SAIL과 통신할 수 있어.
This console allows me to communicate with SAIL.	1	titansteeltechstation.object.patch/hylotlDescription	이 콘솔로 SAIL과 통신할 수 있어.
This here station lets me talk with SAIL.	1	titansteeltechstation.object.patch/novakidDescription	이 스테이션으로 SAIL과 얘기할 수 있어.
Rebooting this station should enable me to talk to SAIL.	1	titansteeltechstationTier0.object.patch/avianDescription	이 스테이션을 재부팅하면 SAIL과 얘기할 수 있어.
Floran fix thisss panel to wake ship up!	1	titansteeltechstationTier0.object.patch/floranDescription	플로란이 이 판 고쳐서 함선 깨운다엇!
Distressed. I first need to reboot this station to communicate with SAIL.	1	titansteeltechstationTier0.object.patch/glitchDescription	절망. SAIL과 통신하려면 먼저 이 스테이션을 재부팅해야 해.
If I can reboot this station SAIL should come back online!	1	titansteeltechstationTier0.object.patch/humanDescription	이 스테이션을 재부팅하면 SAIL이 다시 온라인이 될 거야!
This console will allow me to communicate with SAIL. I need to reboot it first.	1	titansteeltechstationTier0.object.patch/hylotlDescription	이 콘솔로 SAIL과 통신할 수 있어. 먼저 재부팅이 필요하지만.
Time to reboot this station so I can talk to SAIL.	1	titansteeltechstationTier0.object.patch/novakidDescription	이 스테이션을 재부팅해서 SAIL과 얘기할 시간이야.
This machine is like a robot shopkeeper! I give it money and supplies come out.	1	titansteelvendingmachine.object.patch/novakidDescription	이 기계는 로봇 가게주인 같아! 돈을 넣으면 보급품이 나와.
These wind chimes give off a pleasant sound.	1	titansteelwindchimes.object.patch/apexDescription	이 풍경은 기분 좋은 소리를 내.
I love the sound coming from these wind chimes.	1	titansteelwindchimes.object.patch/avianDescription	이 풍경 소리가 정말 좋아.
Noisssy chimesss.	1	titansteelwindchimes.object.patch/floranDescription	시끄러운 차임이엇.
Appreciative. These chimes are very calming. I could listen to them forever.	1	titansteelwindchimes.object.patch/glitchDescription	감상. 이 차임은 마음을 편하게 해준다. 영원히 들을 수 있겠어.
Wind chimes! At night they're a bit spooky but during the day they sound lovely!	1	titansteelwindchimes.object.patch/humanDescription	풍경! 밤엔 좀 으스스하지만 낮엔 소리가 예뻐!
The wind is playing with the wind chimes. Lovely.	1	titansteelwindchimes.object.patch/hylotlDescription	바람이 풍경을 가지고 노네. 사랑스러워.
What a lovely sound.	1	titansteelwindchimes.object.patch/novakidDescription	사랑스러운 소리네.
Humbled. This light is diligently performing it's one purpose.	1	uvdisplaylight.object.patch/glitchDescription	겸손. 이 조명은 자기 목적 하나를 성실히 수행한다.
I should probably be more interested in what this light is aimed at.	1	uvdisplaylight.object.patch/humanDescription	이 조명이 뭘 비추는지 더 관심 가져야겠어.
This light is here to illuminate a subject more worthy of my interest than itself.	1	uvdisplaylight.object.patch/hylotlDescription	이 조명은 자신보다 가치 있는 대상을 비추려고 여기 있어.
I wonder what this light could be pointin' at?	1	uvdisplaylight.object.patch/novakidDescription	이 조명이 뭘 가리키는 걸까?
This light has only the faintest flicker of power. Perhaps it can be repaired.	1	flickeringuvfluorescentlight.object.patch/apexDescription	이 조명은 아주 희미하게만 깜빡여. 고칠 수 있을지도.
This light is almost completely broken.	1	flickeringuvfluorescentlight.object.patch/avianDescription	이 조명은 거의 완전히 고장 났어.
Buzzy flickery light.	1	flickeringuvfluorescentlight.object.patch/floranDescription	윙윙대고 깜빡이는 조명이다.
Displeased. This fluorescent light is almost non-functional.	1	flickeringuvfluorescentlight.object.patch/glitchDescription	불쾌. 이 형광등은 거의 작동하지 않는다.
A broken light that flickers faintly.	1	flickeringuvfluorescentlight.object.patch/humanDescription	희미하게 깜빡이는 고장 난 조명이다.
This light appears to not be functioning correctly.	1	flickeringuvfluorescentlight.object.patch/hylotlDescription	이 조명은 제대로 작동하지 않는 것 같아.
This busted light ain't flickerin' more'n a candle.	1	flickeringuvfluorescentlight.object.patch/novakidDescription	이 고장 난 조명은 촛불보다도 못 깜빡이네.
The light here is unnatural and unattractive.	1	uvfluorescentlight.object.patch/apexDescription	이 조명은 부자연스럽고 볼품없어.
This light is harsh and cold.	1	uvfluorescentlight.object.patch/avianDescription	이 조명은 거칠고 차가워.
Irritated. The light buzzes gently while turned on.	1	uvfluorescentlight.object.patch/glitchDescription	짜증. 조명이 켜진 채 나긋하게 윙윙댄다.
I've always hated lights like these.	1	uvfluorescentlight.object.patch/humanDescription	난 이런 조명이 늘 싫었어.
The light this gives off is very synthetic.	1	uvfluorescentlight.object.patch/hylotlDescription	이 불빛은 너무 인공적이야.
This fancy light is buzzin' like flies 'round a mule.	1	uvfluorescentlight.object.patch/novakidDescription	이 화려한 조명은 노새 주변 파리 떼처럼 윙윙대.
This music makes me want to dance!	1	black_skrillexclubdecks.object.patch/apexDescription	이 음악은 춤추고 싶게 해!
What is that terrible noise?	1	black_skrillexclubdecks.object.patch/avianDescription	저 끔찍한 소리는 뭐지?
This music make Floran want to move hipsss!	1	black_skrillexclubdecks.object.patch/floranDescription	이 음악은 플로란 엉덩이 흔들게 한다엇!
Negative. This music is not pleasant.	1	black_skrillexclubdecks.object.patch/glitchDescription	부정. 이 음악은 불쾌하다.
This is a really popular club song.	1	black_skrillexclubdecks.object.patch/hylotlDescription	정말 유명한 클럽 곡이야.
Ain't heard anythin' like this before. Not sure it's my kinda tune.	1	black_skrillexclubdecks.object.patch/novakidDescription	이런 곡은 들어본 적 없네. 내 취향인지는 모르겠군.
A supervoid node!	1	supervoidteleporternode.object.patch/apexDescription	슈퍼보이드 노드다!
Simple yet deadly. My favourite kind.	1	miningrelicbluetrap.object.patch/novakidDescription	단순하지만 치명적. 내가 좋아하는 타입이야.
This crystal forms a deadly light beam.	1	poisoncrystaltrap.object.patch/apexDescription	이 크리스탈은 죽음의 광선을 만들어.
Crystal beam hurtsss Floran.	1	poisoncrystaltrap.object.patch/floranDescription	크리스탈 광선은 플로란 아프게 한다엇.
Exasperated. A crystal that projects deadly beams of light! Now I have seen everything.	1	poisoncrystaltrap.object.patch/glitchDescription	허탈. 죽음의 광선을 쏘는 크리스탈이라니! 이젠 다 봤군.
That beam looks like it would hurt.	1	poisoncrystaltrap.object.patch/humanDescription	저 광선은 아프겠는데.
If I memorise the pattern of the crystal's beam I can act accordingly.	1	poisoncrystaltrap.object.patch/hylotlDescription	크리스탈 광선의 패턴을 외우면 그에 맞춰 움직일 수 있어.
Crazy crystal shootin' light right at me!	1	poisoncrystaltrap.object.patch/novakidDescription	크리스탈 광선이 날 향해 쏘고 있잖아!
I learnt about them. They were apparently trying to make everyone equal.	1	gic_ussrsign.object.patch/apexDescription	배운 적 있어. 모두를 평등하게 만들려던 사람들이라던데.
This area clearly had a military presence.	1	gic_ussrsign.object.patch/avianDescription	이 구역엔 분명 군대가 있었어.
Curious. I have not heard of such group.	1	gic_ussrsign.object.patch/glitchDescription	호기심. 그런 단체는 들어본 적 없다.
They're not even trying.	1	gic_ussrsign.object.patch/humanDescription	아예 노력도 안 했네.
This sign looks awfully familiar to another human military group.	1	gic_ussrsign.object.patch/hylotlDescription	이 표지, 다른 인간 군사 단체의 것과 무서울 정도로 비슷해.
I don't know who this group is and I don't care.	1	gic_ussrsign.object.patch/novakidDescription	이 단체가 뭔지 모르겠고, 알고 싶지도 않아.
A map of an area on Mars. Some people have scribbled over the board.	1	gic_marsmap.object.patch/apexDescription	화성 한 지역의 지도다. 몇몇이 판 위에 낙서해 놨네.
A regular map scribbled over by some people.	1	gic_marsmap.object.patch/avianDescription	몇몇이 낙서한 평범한 지도다.
Floran think ssscribble is funny.	1	gic_marsmap.object.patch/floranDescription	플로란은 낙서가 재밌다엇.
Factual. This is a map for planning.	2	gic_marsmap.object.patch/glitchDescription; gic_marsmap_flakturmassault.object.patch/glitchDescription	사실. 이건 계획용 지도다.
A map of Mars and Leeds city along with some base locations. Surprised noone has drawn any genitals on it yet.	1	gic_marsmap.object.patch/humanDescription	화성과 리즈 시티, 기지 위치가 표시된 지도다. 아직 아무도 성기를 안 그려놓은 게 신기하네.
A map for planning out missions. The area focused on appears to be a large desert with Leeds City in the corner.	1	gic_marsmap.object.patch/hylotlDescription	임무 계획용 지도다. 커다란 사막이 중심이고 구석에 리즈 시티가 보인다.
A map of the current ongoing situation.	1	gic_marsmap_flakturmassault.object.patch/apexDescription	현재 진행 중인 정세 지도다.
A war map. Where's the pieces?	1	gic_marsmap_flakturmassault.object.patch/avianDescription	전략 지도다. 말들은 어디 있지?
Floran think colorsss iss funny.	1	gic_marsmap_flakturmassault.object.patch/floranDescription	플로란은 색깔들이 재밌다엇.
A map of Leeds City and the current faction territories. The red and yellow make it look like... mustard! I have such great humor *deadpan*	1	gic_marsmap_flakturmassault.object.patch/humanDescription	리즈 시티와 현재 세력 영토 지도다. 빨강이랑 노랑 때문에... 머스터드 같아 보여! 내 유머 감각 정말 대단해 *무표정*
A war room map of the territories of the Leeds City operations.	1	gic_marsmap_flakturmassault.object.patch/hylotlDescription	리즈 시티 작전 지역의 전략실 지도다.
A map of some sorts.	1	gic_marsmap_flakturmassault.object.patch/novakidDescription	뭔가의 지도다.
A weapon rack. A lock prevents me from taking it.	1	gic_redstarweaponrack2.object.patch/apexDescription	무기 걸이다. 잠금장치 때문에 못 가져가네.
Human guns. These seem to shoot in a similar method to Avian Crystal discharges.	1	gic_redstarweaponrack2.object.patch/avianDescription	인간 총기군. 아비안의 크리스탈 발사와 비슷한 원리로 쏘는 것 같아.
Observant. These rifles are attached to rack with a lock.	1	gic_redstarweaponrack2.object.patch/glitchDescription	관찰. 이 소총들은 잠금 장치로 거치대에 고정돼 있다.
An old mine that's clearly weathered. These will jump out when triggered.	2	gic_fallenbranch_noisesource.object.patch/description; gic_flare_mine.object.patch/description	훤히 풍화된 낡은 기뢰다. 작동하면 튀어나오겠지.
Watch your ssstep!	1	gic_rusted_landmine.object.patch/floranDescription	발 조심해엇!
This thing could still blow!	1	gic_rusted_landmine.object.patch/novakidDescription	이거 아직도 터질 수 있어!
An airlock with a rail.	1	gic_heavyrailairlock.object.patch/apexDescription	레일이 달린 에어락이다.
An airlock with a rail running through it.	1	gic_heavyrailairlock.object.patch/avianDescription	레일이 지나가는 에어락이다.
It'ss an airlock with railsss.	1	gic_heavyrailairlock.object.patch/floranDescription	레일 달린 에어락이다엇.
Appreciative. A sturdy airlock with a rail running through it.	1	gic_heavyrailairlock.object.patch/glitchDescription	감상. 레일이 지나가는 튼튼한 에어락이다.
A basic airlock for rail systems.	1	gic_heavyrailairlock.object.patch/hylotlDescription	레일 시스템용 기본 에어락이다.
Looks like an airlock with rails running through the middle.	1	gic_heavyrailairlock.object.patch/novakidDescription	가운데 레일이 지나가는 에어락 같아.
A compact switch that can be flipped on or off.	1	gic_house_lightswitch.object.patch/description	켜고 끌 수 있는 소형 스위치다.
A switch. It activates something.	1	gic_house_lightswitch.object.patch/apexDescription	스위치다. 뭔가를 작동시키겠지.
This tiny switch must activate something.	1	gic_house_lightswitch.object.patch/avianDescription	이 작은 스위치가 뭔가를 작동시키겠지.
Ssswitch!	1	gic_house_lightswitch.object.patch/floranDescription	스위치엇!
Surprised. This small switch doesn't look that powerful.	1	gic_house_lightswitch.object.patch/glitchDescription	놀람. 이 작은 스위치가 그리 강력해 보이진 않는다.
How many times can I flip this switch on and off I wonder.	1	gic_house_lightswitch.object.patch/humanDescription	이 스위치를 몇 번이나 껐다 켰다 할 수 있을까.
A basic switch. It can be used to activate something.	1	gic_house_lightswitch.object.patch/hylotlDescription	기본적인 스위치다. 뭔가를 작동시키는 데 쓸 수 있겠군.
I can flip this here switch!	1	gic_house_lightswitch.object.patch/novakidDescription	이 스위치는 내가 켠다!
This door is relatively secure.	1	gic_irondoor_windowless.object.patch/apexDescription	이 문은 비교적 안전해 보여.
Fairly sturdy for a basic door.	1	gic_irondoor_windowless.object.patch/avianDescription	기본 문치곤 꽤 튼튼하군.
Floran hide behind door. Jump out. Ssstab!	1	gic_irondoor_windowless.object.patch/floranDescription	플로란 문 뒤에 숨는다엇. 튀어나가서. 찌른다엇!
A sturdy iron door.	1	gic_irondoor_windowless.object.patch/humanDescription	튼튼한 철문이다.
A simple iron door.	1	gic_irondoor_windowless.object.patch/hylotlDescription	소박한 철문이다.
This trap spews a flame that empowers enemies.	1	gic_lighthouse_flamespewer.object.patch/description	이 함정은 적을 강화하는 불길을 뿜어.
Thesse flamess make enemiess stronger!	1	gic_lighthouse_flamespewer.object.patch/floranDescription	이 불길은 적을 강하게 만든다엇!
Terrified. These flames will increase enemy attack power.	1	gic_lighthouse_flamespewer.object.patch/glitchDescription	공포. 이 불길은 적의 공격력을 올린다.
Find ^orange;<itemName>^reset;: ^green;<current> / <required>^reset;	37	gic_bazaarbetwixtrealms_exposedventquest.questtemplate.patch/scriptConfig/conditions/0/description; gic_bazaarbetwixtrealms_exposedventquest.questtemplate.patch/scriptConfig/conditions/1/description; gic_garden_crypt_ratking_memorywalkerquest.questtemplate.patch/scriptConfig/conditions/0/description; gic_garden_newrijika_trade_smithy.questtemplate.patch/scriptConfig/conditions/0/description	^orange;<itemName>^reset; 찾기: ^green;<current> / <required>^reset;
Boot Up	1	gic_bootship.questtemplate.patch/title	부팅
^orange;Boss Rush: Afflicted	1	gic_chapter2_bossrush_afflicted.questtemplate.patch/title	^orange;보스 러시: 감염
^orange;Boss Rush: Ancient Kiln	1	gic_chapter2_bossrush_ancientvault_kiln.questtemplate.patch/title	^orange;보스 러시: 고대 가마
^orange;Boss Rush: Astral Temple	1	gic_chapter2_bossrush_astraltemple.questtemplate.patch/title	^orange;보스 러시: 아스트랄 신전
^orange;Boss Rush: Crusade	1	gic_chapter2_bossrush_crusade.questtemplate.patch/title	^orange;보스 러시: 십자군
^orange;Boss Rush: Protected	1	gic_chapter2_bossrush_protected.questtemplate.patch/title	^orange;보스 러시: 보호됨
^orange;Boss Rush: Razed	1	gic_chapter2_bossrush_razed.questtemplate.patch/title	^orange;보스 러시: 황폐
^orange;Boss Rush: Undercolony	1	gic_chapter2_bossrush_undercolony.questtemplate.patch/title	^orange;보스 러시: 지하 콜로니
^orange;Boss Rush: Wartorn	1	gic_chapter2_bossrush_wartorn.questtemplate.patch/title	^orange;보스 러시: 전란
^orange;Boss Rush: White Wolf	1	gic_chapter2_bossrush_whitewolf.questtemplate.patch/title	^orange;보스 러시: 백랑
^#D1FFDE;The Calling	1	gic_esther_chapter_1_lionheart.questtemplate.patch/title	^#D1FFDE;소명
^#D1FFDE;The Call to Duty	1	gic_esther_chapter_2_lionheart.questtemplate.patch/title	^#D1FFDE;임무의 부름
^#D1FFDE;The Cursed	1	gic_esther_chapter_3_lionheart.questtemplate.patch/title	^#D1FFDE;저주받은 자
^#D1FFDE;The End of Gensokyo	1	gic_esther_chapter_3_mech_lionheart.questtemplate.patch/title	^#D1FFDE;환상향의 종말
^#D1FFDE;The Couragous	1	gic_lionheart_intro.questtemplate.patch/title	^#D1FFDE;용감한 자
^#D1FFDE;The Virtuous	1	gic_lionheart_redsunnecklace.questtemplate.patch/title	^#D1FFDE;고결한 자
^#D1FFDE;GIC LEGACY STORYLINE	1	gic_esther_chapter_0_0_legacystoryline.questtemplate.patch/title	^#D1FFDE;GIC 구식 스토리라인
^#D1FFDE;Protectorate Technicalities	1	gic_esther_chapter_0_0_technicalities.questtemplate.patch/title	^#D1FFDE;보호국 세부 규정
Wasteland Merchant	2	gic_esther_chapter_2_wud_birdhunting.questtemplate.patch/scriptConfig/portraits/questStarted/title; gic_esther_chapter_2_wud_birdhunting.questtemplate.patch/scriptConfig/portraits/questComplete/title	황야 상인
^orange;Letheia Lunacy: Affliction	1	gic_esther_planetincentive_1_afflicted.questtemplate.patch/title	^orange;레테이아 광기: 감염
^orange;[GiC] Ghost Recon: Wildlands	1	gic_esther_planetincentive_2_wildlands.questtemplate.patch/title	^orange;[GiC] 고스트 리콘: 와일드랜즈
^orange;[GiC] From the Ashes: Razed	1	gic_esther_planetincentive_3_razed.questtemplate.patch/title	^orange;[GiC] 잿더미에서: 황폐
^orange;[GiC] Necropolis: Khurtovyna	1	gic_esther_planetincentive_4_frosted.questtemplate.patch/title	^orange;[GiC] 네크로폴리스: 쿠르토비나
^orange;[GiC] Into the Breach: Protected	1	gic_esther_planetincentive_5_protectedcolony.questtemplate.patch/title	^orange;[GiC] 브리치 돌입: 보호됨
^orange;[GiC] Insurgency: Wartorn	1	gic_esther_planetincentive_6_wartorn.questtemplate.patch/title	^orange;[GiC] 인서전시: 전란
^orange;[GiC] Spiritual Dissection	1	gic_independent_chapter_1_2_crusade.questtemplate.patch/title	^orange;[GiC] 영적 해부
^yellow;[GIC] Battle for New Germania	1	gic_realisticfloranintro.questtemplate.patch/title	^yellow;[GIC] 뉴 저마니아 전투
Find ^orange;<itemName>^reset; on an ^orange;Afflicted Colony^reset;: ^green;<current> / <required>^reset;	1	gic_tylian_planetincentive_1_afflicted.questtemplate.patch/scriptConfig/conditions/0/description	^orange;감염된 콜로니^reset;에서 ^orange;<itemName>^reset; 찾기: ^green;<current> / <requi
Find ^orange;<itemName>^reset; on a ^orange;Razed World^reset;: ^green;<current> / <required>^reset;	1	gic_tylian_planetincentive_2_razed.questtemplate.patch/scriptConfig/conditions/0/description	^orange;황폐한 세계^reset;에서 ^orange;<itemName>^reset; 찾기: ^green;<current> / <requir
Find ^orange;<itemName>^reset; on a ^orange;Wartorn Planet^reset;: ^green;<current> / <required>^reset;	2	gic_tylian_planetincentive_6_wartorn.questtemplate.patch/scriptConfig/conditions/0/description; gic_tylian_planetincentive_6_wartorn.questtemplate.patch/scriptConfig/conditions/1/description	^orange;전란의 행성^reset;에서 ^orange;<itemName>^reset; 찾기: ^green;<current> / <requir
Find ^orange;<itemName>^reset; on a ^orange;Protected Colony^reset;: ^green;<current> / <required>^reset;	1	gic_tylian_planetincentive_7_protectedcolony.questtemplate.patch/scriptConfig/conditions/0/description	^orange;보호받는 콜로니^reset;에서 ^orange;<itemName>^reset; 찾기: ^green;<current> / <requ
^green;Ancient Gate Choice	1	gic_ancientgate_choice.questtemplate.patch/title	^green;고대 게이트 선택
Mercenary Choice	1	gic_ancientgate_choice_mercenary.questtemplate.patch/title	용병 선택
Vanilla Gate Choice	1	gic_ancientgate_choice_vanilla.questtemplate.patch/title	바닐라 게이트 선택
^green;Surface Gate	1	gic_ancientgate_warpsurfacegate.questtemplate.patch/title	^green;지표 게이트
^#D1FFDE;Razed Black Market: M2420 Incendiary Multicannon	1	gic_blackmarket_razed_mechdealer.questtemplate.patch/title	^#D1FFDE;황폐한 암시장: M2420 소이 다기관포
^#D1FFDE;Wartorn Black Market: Mech Cache	1	gic_blackmarket_wartorn_mechdealer.questtemplate.patch/title	^#D1FFDE;전란의 암시장: 메카 저장고
^green;Bulletarium	1	gic_eventhubworld.questtemplate.patch/title	^green;불레타리움
^green;Fantesar Arena	1	gic_fantesar_arena.questtemplate.patch/title	^green;판테사르 아레나
^orange;Document Hunting [Repeatable]	1	gic_khurtovyna_dealer_repeatable.questtemplate.patch/title	^orange;문서 수집 [반복]
^orange;Get me a sample [Repeatable]	1	gic_letheiadealer_livingerchiussample.questtemplate.patch/title	^orange;샘플을 구해다 줘 [반복]
^green;Luftbrenner (Endless) Gamemode Unlocked!	1	gic_luftbrenner_endless_quest.questtemplate.patch/title	^green;루프트브레너(무한) 게임모드 해금!
^orange;Subterranean Animism [Repeatable]	1	gic_protectedcolony_dealer_repeatable.questtemplate.patch/title	^orange;지하 애니미즘 [반복]
^orange;Cultural Preservation [Repeatable]	1	gic_razed_dealer_repeatable.questtemplate.patch/title	^orange;문화 보존 [반복]
^green;Ship Repair	1	gic_shiprepair_engineer.questtemplate.patch/title	^green;함선 수리
^yellow;Shock Bandit Boss	1	gic_shockbandit_bossbattle.questtemplate.patch/title	^yellow;쇼크 밴디트 보스
^orange;Old Frontiers [Repeatable]	1	gic_wildlands_dealer_repeatable.questtemplate.patch/title	^orange;옛 변경 [반복]
^#D1FFDE;Workshop: Schnellfeuer Hoverbike	1	gic_workshop_wildlands_vehicledealer.questtemplate.patch/title	^#D1FFDE;작업장: 슈넬포이어 호버바이크
Waste Processing Facility	1	locations.config.patch/gic_surfacecolony/garbageprocessing/name	폐기물 처리 시설
Undercolony Checkpoint	1	locations.config.patch/gic_surfacecolony/undercolonycheckpoint/name	지하 콜로니 검문소
^red;N^orange;Y^yellow;A^green;N ^cyan;N^blue;Y^violet;A^magenta;N ^red;N^orange;Y^yellow;A^green;N ^cyan;N^blue;Y^violet;A^magenta;N ^red;N^orange;Y^yellow;A^green;N ^cyan;N^blue;Y^violet;A^magenta;N ^red;N^orange;Y^yellow;A^green;N ^cyan;N^blue;Y^violet;A^magenta;N ^red;N^orange;Y^yellow;A^green;~^cyan;!	1	fu_madness.radiomessages.patch/madnessvuln/text	^red;냐^orange;냐^yellow;냐^green;냐 ^cyan;냐^blue;냐^violet;냐^magenta;냐 ^red;냐^orange
What happened here? This place looks completely abandoned.	1	missions.radiomessages.patch/black_lunarbase01a/text	여기 무슨 일이 있었지? 완전히 버려진 것 같아.
That laser down below looks like it could work.	1	missions.radiomessages.patch/black_lunarbase07a/text	아래 저 레이저면 되겠는데.
You did it! Now you can get your ship repaired.	1	missions.radiomessages.patch/black_lunarbase08b/text	해냈어! 이제 함선을 수리할 수 있어.
Be careful down there. It looks rather dangerous.	1	missions.radiomessages.patch/black_floranmission101a/text	아래 조심해. 꽤 위험해 보이네.
She almost reminds me of myself when I was young and a fresh cadet.	1	missions.radiomessages.patch/black_floranmission103a/text	젊고 풋풋한 사관생도 시절의 내 모습 같네.
These apes don't know what's coming to them. Let them have all the bullets!	1	missions.radiomessages.patch/black_apexmission02b/text	저 원숭이들은 닥칠 일을 모르지. 총알이나 잔뜩 받으라고!
Time to take out a dictator!	1	missions.radiomessages.patch/black_apexmission06b/text	독재자를 처치할 시간이야!
You think?	1	missions.radiomessages.patch/black_avianmission02a/text	그럴까?
Toasty!	1	missions.radiomessages.patch/black_avianmission04a/text	따끈따끈!
I'd live here.	1	missions.radiomessages.patch/black_avianmission06a/text	여기서 살고 싶네.
OH! I've been here. This place is pretty cool! I think I have a book I borrowed that's overdue somewhere...	1	missions.radiomessages.patch/black_hylotlmission01a/text	오! 여기 와본 적 있어. 꽤 멋진 곳이야! 어딘가에 연체된 책을 빌려둔 것 같은데...
Why do they look familiar?	1	missions.radiomessages.patch/black_hylotlmission03c/text	왜 익숙해 보이지?
Asra Nox... that's another name on my list of people to kill. A xenophobe like her doesn't belong in this universe.	1	missions.radiomessages.patch/black_hylotlmission04a/text	아스라 녹스... 내가 죽일 명단에 또 하나 올랐네. 저런 제노포브는 이 우주에 있을 곳이 없어.
Tentacles! You know what those things do to cat girls like me? Kill it!	1	missions.radiomessages.patch/black_tentaclemission-arrived4/text	촉수! 촉수가 나 같은 캣걸한테 뭘 하는지 알아? 죽여!
However... you are not alone. Biological signatures show a familiar face inside.	1	missions.radiomessages.patch/black_tentaclemission-bossroom3/text	하지만... 너는 혼자가 아니야. 생체 신호에 익숙한 얼굴이 안에 있어.
Get out of there! Please! I can't lose you!	1	missions.radiomessages.patch/black_tentaclemission-destruction4/text	거기서 나와! 제발! 널 잃을 순 없어!
^red;Marking^reset;	1	gic_mk1droneconstructor.statuseffect.patch/effectConfig/textProjectileParams/actionOnReap/0/specification/text	^red;표시 중^reset;
^red;JAMMED^reset;	7	gic_browningm2_tripod_fieldgun.vehicle.patch/jammedTextConfig/actionOnReap/0/specification/text; gic_hwacha_tripod_fieldgun.vehicle.patch/jammedTextConfig/actionOnReap/0/specification/text; gic_mg3_tripod_fieldgun.vehicle.patch/jammedTextConfig/actionOnReap/0/specification/text; gic_mg3_tripod_fieldgun_prefab.vehicle.patch/jammedTextConfig/actionOnReap/0/specification/text	^red;탄 걸림^reset;
^green;UNJAMMED^reset;	7	gic_browningm2_tripod_fieldgun.vehicle.patch/unjammedTextConfig/actionOnReap/0/specification/text; gic_hwacha_tripod_fieldgun.vehicle.patch/unjammedTextConfig/actionOnReap/0/specification/text; gic_mg3_tripod_fieldgun.vehicle.patch/unjammedTextConfig/actionOnReap/0/specification/text; gic_mg3_tripod_fieldgun_prefab.vehicle.patch/unjammedTextConfig/actionOnReap/0/specification/text	^green;걸림 해소^reset;
^green;FULLY REPAIRED^reset;	7	gic_browningm2_tripod_fieldgun.vehicle.patch/repairedTextConfig/actionOnReap/0/specification/text; gic_hwacha_tripod_fieldgun.vehicle.patch/repairedTextConfig/actionOnReap/0/specification/text; gic_mg3_tripod_fieldgun.vehicle.patch/repairedTextConfig/actionOnReap/0/specification/text; gic_mg3_tripod_fieldgun_prefab.vehicle.patch/repairedTextConfig/actionOnReap/0/specification/text	^green;완전 수리됨^reset;
