asset	field	en	ko	src
/items/AUGMENTS/BASIC/CHEST/gic_armor_sandbag.augment	description	"''They use sandbags to stop bullets and shrapnel. And that got me thinking. If I pour sand in my plate carrier pocket, it'll be the same as a sandbag! Sometimes my genius is... it's almost frightening.''
 
^green;+10% SMALL-ARMS Resistance^reset; | ^green;+30% SMALL-ARMS THERMAL Resistance.^reset;
^green;Prevents Light Bleeding^reset; | ^red;-20% Movement Speed."		
/items/AUGMENTS/BASIC/CHEST/gic_armor_sandbag.augment	shortdescription	Sandbag Armor		
/items/AUGMENTS/TRINKETS/UNUSED OR WIP/gic_last_cigarette.augment	description	"''Never knows best.''

^green;+1% HP/s when smoking.^reset;"		
/items/AUGMENTS/TRINKETS/UNUSED OR WIP/gic_last_cigarette.augment	shortdescription	Last Cigarette		
/items/AUGMENTS/TRINKETS/UNUSED OR WIP/gic_mapsofnowhere_artifact.augment	description	"''I made a promise.''
  
Set of WW2-era Japanese military maps. They contain nonsensical geography and contradictory directions, possibly describing a non-Euclidean space, somehow. But the more you look at them, the clearer your thoughts become. As if you're navigating a path through your own messed-up mind.
^green;Immune to slowdown effects of anomalies.^reset;
^green;+25% PSYCHIC Resistance.^reset;"		
/items/AUGMENTS/TRINKETS/UNUSED OR WIP/gic_mapsofnowhere_artifact.augment	shortdescription	Maps of Nowhere		
/items/AUGMENTS/TRINKETS/gic_armor_hachimaki.augment	description	"Headband made of white cloth, with a red circle in the centre and kanji by the sides. Originating as part of samurai gear to absorb one's sweat, these headbands were worn as a symbol of wearer's effort or courage. Hachimaki may even give you an illusion of immortality, but don't mistake stupidity for bravery.

Made into a Trinket.
^#96CBE7;SECOND CHANCE - On taking FATAL Damage, gain 3s of INVULNERABILITY^reset;"		
/items/AUGMENTS/TRINKETS/gic_armor_hachimaki.augment	shortdescription	Hachimaki Headband Trinket		
/items/AUGMENTS/TRINKETS/gic_armor_seifuku_bowtie.augment	description	"''The first casualty of war is innocence.''
White tie, commonly seen as part of ancient sailor uniforms. Use of child soldiers is as old as warfare itself. Kids are easy to control, and they accept any narrative if it comes from place of authority. And though often pitied, they die all the same.
Same as it ever was.

^orange;Crouching while TAKING FIRE grants +60% BALLISTIC RES and +20% DODGE, but -15% Weapon Proficiency for up to 5s | 10s cooldown.^reset;"		
/items/AUGMENTS/TRINKETS/gic_armor_seifuku_bowtie.augment	shortdescription	Seifuku White Tie		
/items/AUGMENTS/TRINKETS/gic_armor_senninbari.augment	description	"White, 15-by-100cm cloth belt with 1000 stitches, each made by individual woman. Believed to confer courage, strength and immunity from injury. Entire organisations were created with the sole purpose of sewing knots on a piece of cloth and sending it to soldiers overseas. As any other Shinto amulet, it would normally be useless as a protection gear, but what you've been through can hardly be called ''normal''.
^orange;Gain a ^#C8FAFA;HIT-SHIELD^orange; layer that absorbs one hit | 45s cooldown | Stacks with other ^#C8FAFA;HIT-SHIELDS.^reset;"		
/items/AUGMENTS/TRINKETS/gic_armor_senninbari.augment	shortdescription	Senninbari		
/items/AUGMENTS/TRINKETS/gic_armor_senninbari_selfless.augment	description	"Some soldiers rejected the protective properties of Senninbari, instead choosing to believe that it allows user to inflict greater damage to the enemy before dying in battle. After all, amulet's effect depends on one's belief...

^orange;+15% General Weapon Proficiency.^reset;
^red;-5% GENERAL Resistance.^reset;"		
/items/AUGMENTS/TRINKETS/gic_armor_senninbari_selfless.augment	shortdescription	Senninbari of the Selfless		
/items/AUGMENTS/TRINKETS/gic_armor_whitelilyflower.augment	description	"White lily represents purity. Japan often put women in danger of combat, as evidenced by Himeyuri Corps and Volunteer Fighting Corps - late-war auxiliary units that would include young student girls and unmarried women of 17 to 40 years. Female chastity was so important in Asian societies that women would rather die than risk capture by ''gaijins''.

^green;+1.5% HP Regeneration per second."		
/items/AUGMENTS/TRINKETS/gic_armor_whitelilyflower.augment	shortdescription	White Lily Flower		
/items/AUGMENTS/TRINKETS/gic_armor_woundedsoldierbadge.augment	description	"''When you go to war as a boy, you have a great illusion of immortality. Other people get killed, not you... Then, when you are badly wounded the first time, you lose that illusion, and you know it can happen to you.''
Gilt badge awarded to military personnel for a wound sustained in combat. Hardly a Medal of Valor, but it's sure easy to earn.

^#96CBE7;Counts as a [CHEST] part of Medic Set.^reset; | ^#F2B8EC;[FULL SET 3x REQUIRED] - Passively heal 15HP for self and nearby players every 4s."		
/items/AUGMENTS/TRINKETS/gic_armor_woundedsoldierbadge.augment	shortdescription	Wounded Soldier Badge		
/items/AUGMENTS/TRINKETS/gic_daretodie_grenades.augment	description	"''When I turn to dust, you will see my smile...''

The concept of martyrdom in China during the premodern period largely concerned loyalty to political principles and was developed in modern times by revolutionaries, such as the Tongmenghui and the Kuomintang parties.

^orange;On death, causes explosion equivalent to LF-2 Bundle Grenade.^reset;"		
/items/AUGMENTS/TRINKETS/gic_daretodie_grenades.augment	shortdescription	''Dare-to-Die Corps'' Grenade Bag		
/items/AUGMENTS/TRINKETS/gic_goodluckflag_artifact.augment	description	"National flag of Japan, with writings all around the red circle. Known in Japan as ''Yosegaki Hinomaru'', it was traditionally presented to a man prior to his induction into the Japanese armed forces or before his deployment. It was signed by the relatives, neighbors, friends, and co-workers of the future soldier with good luck messages, exhortations, or other personal messages.

^orange;+20% DODGE Chance.^reset;"		
/items/AUGMENTS/TRINKETS/gic_goodluckflag_artifact.augment	shortdescription	Good Luck Flag		
/items/AUGMENTS/TRINKETS/gic_ijn_paratrooper_insignia.augment	description	"Insignia of the Japanese Navy's SNLF paratroopers, depicting an anchor and two crossed parachutes. Paras were planned to be used for strategic tasks like airfield and coastal defences capture, inland diversion, recon and others, timed in support of IJN's amphibious assaults. Since the late 1942, as Japan lost the initiative and was in no position to launch air/amphibious assaults, paratroopers were used exclusively as an elite light infantry force, much like the German Fallschirmjägers.
^#96CBE7;+10% Movement Speed and +5% DODGE when holding a LIGHT weapon.^reset;"		
/items/AUGMENTS/TRINKETS/gic_ijn_paratrooper_insignia.augment	shortdescription	IJN Paratrooper Insignia		
/items/AUGMENTS/TRINKETS/gic_imon_bukuro.augment	description	"''Comfort Bags'' were care packages that families or patriotic women's organizations would pack for Japanese soldiers. These packages contained various items such as food, candies, cigarettes, letters of encouragement and daily necessities. As the war progressed, the contents became less luxurious and it became more and more difficult to deliver Imon-Bukuro. Little gifts like these make a huge difference for battle-weary soldiers who are removed from everyday comforts.
^green;+20% Max HP.^reset;"		
/items/AUGMENTS/TRINKETS/gic_imon_bukuro.augment	shortdescription	Imon-Bukuro		
/items/AUGMENTS/TRINKETS/gic_imon_ningyo.augment	description	"Among many items inside Imon-Bukuro, one of the most cherished ones were Imon Ningyo, or ''Comfort Dolls'' - little handmade plushies resembling Japanese women. These dolls played a unique role in a soldier's life, serving both as amulets and objects of affection - troops would give them names and dress them in pretty clothes, possibly reminding them of sisters and mothers back in Japan. 

^#96CBE7;+3HP/s when under 50% HP.^reset;"		
/items/AUGMENTS/TRINKETS/gic_imon_ningyo.augment	shortdescription	Imon Ningyo		
/items/AUGMENTS/TRINKETS/gic_jika_tabi.augment	description	"Jika-tabi are traditional Japanese working boots with a divided toe. They're not exactly sturdy, but they're comfortable, which is important during long marches. Tenacity, coupled with mobility, is a powerful weapon.

^orange;MEDIUM weapon movement penalty is negated.^reset;
^orange;+10% Movement Speed.^reset;
^red;-25% Knockback Resistance^reset;"		
/items/AUGMENTS/TRINKETS/gic_jika_tabi.augment	shortdescription	Jika-Tabi		
/items/AUGMENTS/TRINKETS/gic_letter_from_sulfur_island.augment	description	"''On the waves of the Pacific, down south from the Imperial city, a small lonely islands floats.
The fate of our imperial country lies in the hands of this island, Iwo Jima.
As long as we stand, we shall feel safe, as the imperial land shall forever be at peace.
We shall fight with pride and honor at any price, our proud island, Iwo Jima...''
^orange;+15% General Weapon Proficiency when stationary^reset;"		
/items/AUGMENTS/TRINKETS/gic_letter_from_sulfur_island.augment	shortdescription	Letter from Sulfur Island	유황 섬에서 온 편지	reuse
/items/AUGMENTS/TRINKETS/gic_nightstripes.augment	description	"A set of white cloth stripes and luminous markers for night-time identification. Night combat took a large portion of training time in IJA bootcamps. In face of Allied firepower superiority, sudden and well-timed night incursions proved to be effective and demoralizing. Until they weren't.

^green;^green;+10% General Weapon Proficiency and +25% Movement Speed^reset; ^yellow;when in darkness.^reset;"		
/items/AUGMENTS/TRINKETS/gic_nightstripes.augment	shortdescription	Night Warfare Stripes		
/items/AUGMENTS/TRINKETS/gic_rsr_assaultdoctrine/gic_rsr_assaultdoctrine.augment	description	"Since SMGs were scarce in Japanese Army and Navy, they were issued to specialist units like paratroopers, with exceptions being few and far between. It was very common for pre-WW2 world armies to dismiss SMGs, only to start desperately ramping up production once they realised their deadliness. 
  
^Orange;ALL IJA/SNLF RIFLEMEN SUMMONS are equipped with Kokura T100 SMGs which further improves their firepower at close range and are IMMUNE to Suppression.^reset;"		
/items/AUGMENTS/TRINKETS/gic_rsr_assaultdoctrine/gic_rsr_assaultdoctrine.augment	shortdescription	T100 SMG Package		
/items/AUGMENTS/TRINKETS/gic_rsr_iwashitat30package/gic_rsr_iwashitat30package.augment	description	"India became a testbed for post-war military theories and doctrines, and despite being an infinite money sink, the lessons learned by the IJA turned it into the most advanced military force of the late 20th century, forcing others to copy their equipment and their findings about modern warfare.
  
^Orange;ALL HOHEI '60 RIFLEMEN SUMMONS are equipped with Iwashita T30 rifles and flak jackets, increasing their firepower, SMALL-ARMS resistance, and granting IMMUNITY to Suppression.^reset;"		
/items/AUGMENTS/TRINKETS/gic_rsr_iwashitat30package/gic_rsr_iwashitat30package.augment	shortdescription	Hohei '70 Package		
/items/AUGMENTS/TRINKETS/gic_rsr_mikotaidoctrine/gic_rsr_mikotaidoctrine.augment	description	"It was not only the training, but also the tools that made Maiden-Soldiers a menace in the eyes of the youkai. Where their faith lacked, they pushed on through with inventive interpretations of Shinto practices, and sheer stubbornness. 
  
^Orange;ALL MIKO-HEI SUMMONS are equipped with Iwashita-Ise rifles with homing persuasion needles and talismans, increasing their effectiveness.^reset;"		
/items/AUGMENTS/TRINKETS/gic_rsr_mikotaidoctrine/gic_rsr_mikotaidoctrine.augment	shortdescription	Miko-tai Doctrine		
/items/AUGMENTS/TRINKETS/gic_silk_armor.augment	description	"Natural silk, when applied in multiple layers, is durable enough to serve as a body armor. Pound for pound, spider silk is stronger than steel, and capable to withstand severe blows and even bullets while being very lightweight. The downside - silk is very flammable.
 
^green;MEDIUM ARMOR movement penalties are negated.^reset;
^red;-50% FIRE Resistance."		
/items/AUGMENTS/TRINKETS/gic_silk_armor.augment	shortdescription	Silk Armor		
/items/AUGMENTS/TRINKETS/gic_tsukihime_flashlight.augment	description	"''That won't do, Nii-san. We'll need lights on for this.''
  
Japanese ''Moon Princess'' military flashlight, copied from American TL-122. The design was meant to be simple, and featured a clip that allowed the flashlight to be attached to a soldier's web gear while the angle of the head cast light forward of the user. This allowed the soldier's hands to remain free to carry a weapon.

^green;Attaches a light, providing illumination.^reset;"		
/items/AUGMENTS/TRINKETS/gic_tsukihime_flashlight.augment	shortdescription	Tsukihime Flashlight (Trinket)		
/items/AUGMENTS/WEAPON_ATTACHMENTS/BARREL/DEPRECATED/gic_blackcharm.augment	description	"''Oh brute force, is there anything you can't solve?''
  
Supports attachment on most firearms that can attach a barrel.
^orange;lol.
^green;Right-click on a compatible GiC Weapon to attach.^reset;"		
/items/AUGMENTS/WEAPON_ATTACHMENTS/BARREL/DEPRECATED/gic_blackcharm.augment	shortdescription	Black Charm		
/items/AUGMENTS/WEAPON_ATTACHMENTS/BARREL/DEPRECATED/gic_smg_822_flashsuppressor.augment	description	"^yellow;Hides muzzle flash and significantly reduces smoke when attached to the muzzle of a firearm.^white; Supports attachment on any SMG firing the 8x22mm round.

^green;+5% standing accuracy | -5% standing miss chance.^reset;

^green;Right-click on a compatible GiC Weapon to attach.^reset;"		
/items/AUGMENTS/WEAPON_ATTACHMENTS/BARREL/DEPRECATED/gic_smg_822_flashsuppressor.augment	shortdescription	SMG-Type 8x22mm Flash Suppressor (GiC)		
/items/AUGMENTS/WEAPON_ATTACHMENTS/BARREL/DEPRECATED/gic_smg_822_heavybarrel.augment	description	"Heavy Barrel attachment with attachment support on any SMG firing the 8x22mm round.

^green;+25% recoil recovery speed.
^red;+10% high recoil miss chance modifier.

^green;Right-click on a compatible GiC Weapon to attach.^reset;"		
/items/AUGMENTS/WEAPON_ATTACHMENTS/BARREL/DEPRECATED/gic_smg_822_heavybarrel.augment	shortdescription	SMG-Type 8x22mm Heavy Barrel (GiC)		
/items/AUGMENTS/WEAPON_ATTACHMENTS/BARREL/DEPRECATED/gic_smg_822_longbarrel.augment	description	"Long Barrel attachment with attachment support on any SMG firing the 8x22mm round.

^green;+10% crouch accuracy | -10% crouch miss chance.
^red;+20% standing miss chance.

^green;Right-click on a compatible GiC Weapon to attach.^reset;"		
/items/AUGMENTS/WEAPON_ATTACHMENTS/BARREL/DEPRECATED/gic_smg_822_longbarrel.augment	shortdescription	SMG-Type 8x22mm Long Barrel (GiC)		
/items/AUGMENTS/WEAPON_ATTACHMENTS/BARREL/DEPRECATED/gic_smg_822_suppressor.augment	description	"^yellow;Significantly reduces sound profile, nullifying excessive sound debuffs caused by firing. Alters firing sound.^white; Supports attachment on any SMG firing the 8x22mm round.

^green;Right-click on a compatible GiC Weapon to attach.^reset;"		
/items/AUGMENTS/WEAPON_ATTACHMENTS/BARREL/DEPRECATED/gic_smg_822_suppressor.augment	shortdescription	SMG-Type 8x22mm Suppressor (GiC)		
/items/AUGMENTS/WEAPON_ATTACHMENTS/BARREL/gic_amulet_of_accuracy.augment	description	"Small omamori amulet with magical properties. Cold to touch but gets warm very quickly. Magically increases stability and velocity of a projectile, but barrels get hotter and more inaccurate much faster.
^#EAC0CE;An empty attachment that provides Long Barrel bonuses without changing weapon's appearance.^white;
^green;+25% HIT CHANCE and ACCURACY.^reset;
^red;+50% Recoil Recovery Time | +50% High Recoil Miss Chance Multiplier^reset;
^green;Right-click on a compatible GiC Weapon to attach.^reset;"		
/items/AUGMENTS/WEAPON_ATTACHMENTS/BARREL/gic_amulet_of_accuracy.augment	shortdescription	Amulet of Accuracy	명중의 부적	reuse
/items/AUGMENTS/WEAPON_ATTACHMENTS/BARREL/gic_amulet_of_compensation.augment	description	"Small omamori amulet with magical properties. Its front side is always hotter than the back side. Unseen forces lightly push the barrel down with each shot.
^#EAC0CE;An empty attachment that provides Compensator bonuses without changing weapon's appearance.^white;
^orange;Subsequent repeated shots on the same target weaken the target by -25%, for up to 0.25s per bullet.^reset;

^green;Right-click on a compatible GiC Weapon to attach.^reset;"		
/items/AUGMENTS/WEAPON_ATTACHMENTS/BARREL/gic_amulet_of_compensation.augment	shortdescription	Amulet of Compensation	보상의 부적	reuse
/items/AUGMENTS/WEAPON_ATTACHMENTS/BARREL/gic_amulet_of_flashes.augment	description	"Small omamori amulet with magical properties. Smells like gunpowder. Magically hides muzzle flash and significantly reduces smoke when attached to the muzzle of a firearm.
^#EAC0CE;An empty attachment that provides Flash Suppressor bonuses without changing weapon's appearance.^white;

^green;+5% Weapon Proficiency.^reset;

^green;Right-click on a compatible GiC Weapon to attach.^reset;"		
/items/AUGMENTS/WEAPON_ATTACHMENTS/BARREL/gic_amulet_of_flashes.augment	shortdescription	Amulet of Flashes	섬광의 부적	reuse
/items/AUGMENTS/WEAPON_ATTACHMENTS/BARREL/gic_amulet_of_heaviness.augment	description	"Small omamori amulet with magical properties. Despite being made of silk and paper, it has a weight of an iron bar. Barrels touching this amulet magically become denser and heavier.
^#EAC0CE;An empty attachment that provides Heavy Barrel bonuses without changing weapon's appearance.^white;
^green;-40% Recoil Recovery Time | -50% High Recoil Miss Chance Multiplier^reset;
^yellow;2x Recoil Steps (additional shots until at high-recoil state).^reset;

^green;Right-click on a compatible GiC Weapon to attach.^reset;"		
/items/AUGMENTS/WEAPON_ATTACHMENTS/BARREL/gic_amulet_of_heaviness.augment	shortdescription	Amulet of Heaviness	무거움의 부적	reuse
/items/AUGMENTS/WEAPON_ATTACHMENTS/BARREL/gic_amulet_of_silence.augment	description	"Small omamori amulet with magical properties. Doesn't make any sounds when you rub it. Traps hot gases in some sort of a pocket dimension.
^#EAC0CE;An empty attachment that provides Suppressor bonuses without changing weapon's appearance.^white;
^orange;Afflicts hit targets with SUDDEN-STRIKE, granting subsequent shots +50% DMG. If the target is not hit again for 0.25s, the target becomes RESISTANT to SUDDEN-STRIKE for 480s.^white;
^green;Right-click on a compatible GiC Weapon to attach.^reset;"		
/items/AUGMENTS/WEAPON_ATTACHMENTS/BARREL/gic_amulet_of_silence.augment	shortdescription	Amulet of Silence	침묵의 부적	reuse
/items/AUGMENTS/WEAPON_ATTACHMENTS/FOREGRIP/UNUSED/gic_aichi_t49wintercover.augment	description	"Japanese military is known for its love for miscellaneous accessories to guns and uniforms, such as dust covers for bolt-action rifles and working gloves as part of fatigues. One of such items was a white standard-issue weapon cover for Iwashita T24, which greatly camouflaged the weapon in snow.

^green;+5% DODGE Chance.^reset;
^green;Takes the Underbarrel slot. Right-click on a compatible GiC Weapon to attach.^reset; ^yellow;Only compatible with Aichi T49.^reset;"		
/items/AUGMENTS/WEAPON_ATTACHMENTS/FOREGRIP/UNUSED/gic_aichi_t49wintercover.augment	shortdescription	Winter Cover (Aichi T49)		
/items/AUGMENTS/WEAPON_ATTACHMENTS/FOREGRIP/UNUSED/gic_iwashita_bipod.augment	description	"A simple foldable bipod, common for some battle rifles of the Cold War era. Designed to compensate for automatic fire's recoil. Slightly increases accuracy of weapons when grounded.
  
^green;+15% accuracy and hit chance when grounded.^reset;

^green;Right-click on a compatible GiC Weapon to attach.^reset;"		
/items/AUGMENTS/WEAPON_ATTACHMENTS/FOREGRIP/UNUSED/gic_iwashita_bipod.augment	shortdescription	Light Bipod		
/items/AUGMENTS/WEAPON_ATTACHMENTS/FOREGRIP/gic_daikon_t24grenadelauncher.augment	description	"IJA briefly experimented with underbarrel grenade launchers that would use accurate low-velocity munitions, but in the end deemed UGLs too heavy for too little improvement over rifle grenades, despite positive feedback from troops. Couple of accidental discharges may have contributed to project's discontinuation.

^orange;Tap Right-Click to Fire/Reload the Grenade Launcher.
^green;Right-click on a compatible GiC Weapon to attach.^reset;"		
/items/AUGMENTS/WEAPON_ATTACHMENTS/FOREGRIP/gic_daikon_t24grenadelauncher.augment	shortdescription	Daikon T24 UGL		
/items/AUGMENTS/WEAPON_ATTACHMENTS/FOREGRIP/gic_heavy_bipod.augment	description	"A heavy bipod designed to greatly increase accuracy of weapons when grounded.
  
^green;+80% accuracy and hit chance when grounded.^reset;
^red;-30% accuracy and hit chance when NOT grounded on the bipod.^reset;

^green;Right-click on a compatible GiC Weapon to attach.^reset;"		
/items/AUGMENTS/WEAPON_ATTACHMENTS/FOREGRIP/gic_heavy_bipod.augment	shortdescription	Bipod (GiC)		
/items/AUGMENTS/WEAPON_ATTACHMENTS/FOREGRIP/gic_ija_riflecamo.augment	description	"''Camouflage is a game we all like to play.''
Net filled with all sorts of grass and weeds, wrapped around the handguard. Obscures weapon's profile and makes it (and by extension you) harder to spot in bushes or tall grass.

^green;+5% DODGE Chance.^reset;

^green;Takes the Underbarrel slot. Right-click on a compatible GiC Weapon to attach.^reset;"		
/items/AUGMENTS/WEAPON_ATTACHMENTS/FOREGRIP/gic_ija_riflecamo.augment	shortdescription	Weapon Camo (Foliage)		
/items/AUGMENTS/WEAPON_ATTACHMENTS/FOREGRIP/gic_ija_riflecamo_desert.augment	description	"''Camouflage is a game we all like to play.''
Yellow cloth tied to handguard. Provides concealment in desert enviroment.

^green;+5% DODGE Chance.^reset;

^green;Takes the Underbarrel slot. Right-click on a compatible GiC Weapon to attach.^reset;"		
/items/AUGMENTS/WEAPON_ATTACHMENTS/FOREGRIP/gic_ija_riflecamo_desert.augment	shortdescription	Weapon Camo (Desert)		
/items/AUGMENTS/WEAPON_ATTACHMENTS/FOREGRIP/gic_ija_riflecamo_snow.augment	description	"''Camouflage is a game we all like to play.''
Snow-white cloth tied to handguard. Provides concealment in snow enviroment.

^green;+5% DODGE Chance.^reset;

^green;Takes the Underbarrel slot. Right-click on a compatible GiC Weapon to attach.^reset;"		
/items/AUGMENTS/WEAPON_ATTACHMENTS/FOREGRIP/gic_ija_riflecamo_snow.augment	shortdescription	Weapon Camo (Snow)		
/items/AUGMENTS/WEAPON_ATTACHMENTS/FOREGRIP/gic_iwashita_t24wintercover.augment	description	"Standard-issue weapon cover for Iwashita T24, and an inordinate amount of cold-resistant gun lube. Japanese military is known for its love for neat miscellaneous accessories to guns and uniforms, a tradition carried into post-WW2 era.

^green;+5% DODGE Chance.^reset;
^green;Makes the weapon Cold-Resistant.^reset;
^green;Takes the Underbarrel slot. Right-click on a compatible GiC Weapon to attach.^reset; ^yellow;Only compatible with Iwashita T24.^reset;"		
/items/AUGMENTS/WEAPON_ATTACHMENTS/FOREGRIP/gic_iwashita_t24wintercover.augment	shortdescription	Winter Operations Kit (Iwashita T24)		
/items/AUGMENTS/WEAPON_ATTACHMENTS/FOREGRIP/gic_iwashita_t26bipod.augment	description	"A heavy bipod designed to greatly increase accuracy of weapons when grounded, i.e. ^orange;when the bipod is in contact with the ground or a platform.^reset;
  
^green;+80% [EWS] Hit Chance and Accuracy when grounded.^reset;
^red;-30% [EWS] Hit Chance and Accuracy when NOT grounded on the bipod.^reset;

^green;Right-click on a compatible GiC Weapon to attach.^reset;"		
/items/AUGMENTS/WEAPON_ATTACHMENTS/FOREGRIP/gic_iwashita_t26bipod.augment	shortdescription	Bipod Attachment		
/items/AUGMENTS/WEAPON_ATTACHMENTS/FOREGRIP/gic_rsr_ise_talisman.augment	description	"''I once asked Savitri, that half-Indian girl at the armory, ''How come your Ise rifle never jams?''. She said, ''You have to use it very kindly, it's delicate''. No shit. Well, I once tried cleaning mine with a big dumb smile on my face... I'm on my 20th mag without a single jam. Y'know, maybe she's on to something...''

^orange;Removes Jam Chances. Each reload spends 50 Ability Mana.^reset;
^#EAC0CE;Only compatible with Iwashita-Ise Rifle.^reset;"		
/items/AUGMENTS/WEAPON_ATTACHMENTS/FOREGRIP/gic_rsr_ise_talisman.augment	shortdescription	Ise Talisman		
/items/AUGMENTS/WEAPON_ATTACHMENTS/SIGHT/gic_marui_t50_2xteleconverter_scope.augment	description	"Military-grade Marui T50 Red Dot Sight with a commercial 2x teleconverter. After fulfilling a lucrative military contract, Marui invested heavily into an airsoft guns market that was booming in Japan at the time. Their teleconverters were initially made for this market of airsoft enthusiasts, but some soldiers also got a hold of these. 
^orange;+25% Weapon Proficiency after 0.5s of not running, firing, or being shot.^reset;
^green;Right-click on a compatible GiC Weapon to attach.^reset;"		
/items/AUGMENTS/WEAPON_ATTACHMENTS/SIGHT/gic_marui_t50_2xteleconverter_scope.augment	shortdescription	Marui T50 w/ 2x Teleconverter Scope		
/items/AUGMENTS/WEAPON_ATTACHMENTS/SIGHT/gic_marui_t50_sight.augment	description	"Non-magnified closed-type red dot sight. Initially intended as a standard-issue sight for all new T49 rifles. By the end of the century only the most elite and privileged IJA and IJN units got their hands on them. 
  
^orange;+10% Weapon Proficiency.^reset;

^green;Right-click on a compatible GiC Weapon to attach.^reset;"		
/items/AUGMENTS/WEAPON_ATTACHMENTS/SIGHT/gic_marui_t50_sight.augment	shortdescription	Marui T50 Sight		
/items/AUGMENTS/WEAPON_ATTACHMENTS/SIGHT/gic_scope_charm.augment	description	"Small omamori amulet with magical properties. Sharpens the eyesight and calms the nerves.

^#EAC0CE;An empty attachment that provides Scope-type bonuses without changing weapon's appearance.^reset;

^orange;+25% Weapon Proficiency after 0.5s of not running, firing, or being shot.^reset;
^green;Right-click on a compatible GiC Weapon to attach.^reset;"		
/items/AUGMENTS/WEAPON_ATTACHMENTS/SIGHT/gic_scope_charm.augment	shortdescription	Amulet of Patience		
/items/AUGMENTS/WEAPON_ATTACHMENTS/SIGHT/gic_sight_charm.augment	description	"Small omamori amulet with magical properties. Makes the mind and body swift, enhancing reaction while on the move.

^#EAC0CE;An empty attachment that provides Sight-type bonuses without changing weapon's appearance.^reset;

^orange;+10% Weapon Proficiency.^reset;

^green;Right-click on a compatible GiC Weapon to attach.^reset;"		
/items/AUGMENTS/WEAPON_ATTACHMENTS/SIGHT/gic_sight_charm.augment	shortdescription	Amulet of Swiftness		
/items/AUGMENTS/WEAPON_ATTACHMENTS/SIGHT/gic_t97_scope.augment	description	"Regular Japanese 2.5x powered sniper scope. Japanese soldiers were good martial artists, but poor marksmen. Whereas other major nations developed their sniping schools during or after WW1, Japanese snipers became a thing in 1937 as a reaction against German-trained Chinese snipers (who often didn't have specialised scopes).
^orange;+25% Weapon Proficiency after 0.5s of not running, firing, or being shot.^reset;
^green;Right-click on a compatible GiC Weapon to attach.^reset;"		
/items/AUGMENTS/WEAPON_ATTACHMENTS/SIGHT/gic_t97_scope.augment	shortdescription	Type 97 Scope		
/items/AUGMENTS/WEAPON_ATTACHMENTS/SIGHT/gic_yurei_scope.augment	description	"''- Scammed any batteries for thermals off the reservists?
- Come on, that was a photo of new guy's girlfriend, not of naked Empress!''
  
^#C4C4C4;Highlights targets in a 40-degree angle from the gun | 100 Block Range | Cannot see through walls.^reset;
^orange;+15% Standing Weapon Proficiency.^reset;
^green;Right-click on a compatible GiC Weapon to attach.^reset;"		
/items/AUGMENTS/WEAPON_ATTACHMENTS/SIGHT/gic_yurei_scope.augment	shortdescription	Yurei Type A Experimental TWS		
/items/WEAPONS/GRENADES/gic_no69_grenade/gic_no69_grenade.thrownitem	shortdescription	No. 69 Impact Grenade		
/items/WEAPONS/GRENADES/gic_no69_grenade/gic_no69_grenade.thrownitem	description	"A Molotov. The fires this molotov emits last far longer than normal, and can be used to deny access points. Direct hits on enemies afflict ^orange;OIL-COATING.^reset; Flames from these molotovs will afflict standard ^orange;BURNING,^reset; as well as ^orange;IGNITION and PANIC^reset; on any target afflicted with ^orange;OIL-COATING.^reset;

^orange;IGNITION^reset; deals non-scaled but high amounts of FIRE damage on targets, as well as afflicting ^orange;PANIC^reset; in enemy infantry, preventing them from using firearms."		
/items/WEAPONS/GRENADES/gic_tanuki_t94smokecandle/gic_tanuki_t94smokecandle.thrownitem	description	"''Knee mortars, aim 20 meters behind the objective. Later restore your stamina. Team Leaders, throw smoke. Everyone rush, and do not stop until you are dead. Three, two, one, BANZAI!!!''
^orange;Player Effects: Grants immunity to BALLISTIC DMG, removes SUPPRESSION, +60% DODGE, and cripples ranged weapons. Lasts for 20 seconds after activation.^reset;
^#FFDD00;Infantry Effects: Causes PANIC for 5s. Affected Infantry will run wildly and hesitate to shoot. Veteran infantry are not affected by PANIC. Does not affect elites/bosses.^reset;"		
/items/WEAPONS/GRENADES/gic_tanuki_t94smokecandle/gic_tanuki_t94smokecandle.thrownitem	shortdescription	Tanuki T94 Smoke Candle		
/items/WEAPONS/RANGED/IJA/DEPRECATED/gic_aichi_t49pdw/gic_aichi_t49pdw.activeitem	description	"Experimental Type 49 configuration in 9x19mm, with a shorter barrel and a foldable stock. There was a plan to arm second echelon troops with basically the same rifle as the frontliners, but shorter and in a less bulky cartridge, easing up on repair logistics. Some drafts were made but IJA rejected the idea, instead looking into compact, Mini Uzi-style SMGs.
  
^green;Hold down ""Alt Fire"" to switch between Full Auto and Semi-Auto.^reset;"		
/items/WEAPONS/RANGED/IJA/DEPRECATED/gic_aichi_t49pdw/gic_aichi_t49pdw.activeitem	shortdescription	Aichi T49 PDW		
/items/WEAPONS/RANGED/IJA/DEPRECATED/gic_horiuchi_t2smg/gic_horiuchi_t2smg.activeitem	description	"''I'm going to kill 100 Yanks. I got me 31 so far. At ten a day, I'll be done in a week!''

Classic M1921 Thompson gun, simplified for mass production. The magazine well was redesigned, and now accepts only custom Horiuchi mags. The IJA was technologically behind the Americans, and there would be no shame in trying to even the odds by using trophy weapons.
^green;Hold down ""Alt Fire"" to switch between Full Auto and Semi-Auto.^reset;"		
/items/WEAPONS/RANGED/IJA/DEPRECATED/gic_horiuchi_t2smg/gic_horiuchi_t2smg.activeitem	shortdescription	Horiuchi T2 SMG		
/items/WEAPONS/RANGED/IJA/DEPRECATED/gic_iwashita_t24carbine/gic_iwashita_t24carbine.activeitem	description	"''High speed, low drag.''

Concerned with advances in body armor and it's availability, Japanese law enforcement agencies started looking into heavier alternatives to SMGs. Initially intended as a paratrooper version of a regular Iwashita T24 Rifle, this carbine modification excels in CQB scenarios with its low profile and high caliber. Downsides are immense recoil and low accuracy. 
^green;Hold down ""Alt Fire"" to switch between Full Auto and Semi-Auto.^reset;"		
/items/WEAPONS/RANGED/IJA/DEPRECATED/gic_iwashita_t24carbine/gic_iwashita_t24carbine.activeitem	shortdescription	Iwashita T24/55 Carbine		
/items/WEAPONS/RANGED/IJA/DEPRECATED/gic_iwashita_tbrifle/gic_iwashita_tbrifle.activeitem	description	"''Wait, isn't it supposed to be shorter?''
  
Since existing rifles were too heavy for jungle conditions, IJN briefly experimented with the bullpup configuration. This Iwashita T24 was crudely rebuilt to keep the same length as a regular rifle while having a much longer barrel. Somebody missed the point of bullpup.
^orange;Proof of Concept: High accuracy but low reliability.^reset;
^green;Hold down ""Alt Fire"" to switch between Full Auto and Semi-Auto.^reset;"		
/items/WEAPONS/RANGED/IJA/DEPRECATED/gic_iwashita_tbrifle/gic_iwashita_tbrifle.activeitem	shortdescription	Iwashita Type B Experimental		
/items/WEAPONS/RANGED/IJA/DEPRECATED/gic_tenshi_t2rifle_1h/gic_tenshi_t2rifle_1h.activeitem	description	"Well... Look, as long as all essential moving parts are in place, the gun still works. ''Obrez'' is a weapon that was shortened in length (by cutting barrel and stock) for purpose of concealment. People usually do that with shotguns, but rifle obrez also makes for a powerful tool. It's substantially lighter, but is ^red;much less accurate^reset;, as it has ^red;no barrel.^reset;
Chambered for ^yellow;7.7x58mm Ammo.^reset;

^orange;Eagle has Landed: Double-tap Shift to assemble the rifle.^reset;"		
/items/WEAPONS/RANGED/IJA/DEPRECATED/gic_tenshi_t2rifle_1h/gic_tenshi_t2rifle_1h.activeitem	shortdescription	Tenshi T2 Rifle (One-Handed)		
/items/WEAPONS/THROWN/gic_koshka_t97mine/gic_koshka_t97mine.thrownitem	shortdescription	Koshka T97 Mine		
/items/WEAPONS/THROWN/gic_koshka_t97mine/gic_koshka_t97mine.thrownitem	description	"Modified Koshka grenade with pyrotechnical delay removed. Thanks to T97's unorthodox design, it can be used as a booby trap without any wires or extra fuses: just plant it into ground, remove the safety cap, and let hostiles trigger the primer with their feet. 5 seconds to activate, 5 minute auto-trigger timer.
  
^red;Indiscriminate.^reset;

^orange;Usable with IJA grenade-launching devices.^reset;"		
/items/WEAPONS/THROWN/gic_rsr_binding_talisman/gic_rsr_binding_talisman.thrownitem	shortdescription	Shidekumo Paper Trap		
/items/WEAPONS/THROWN/gic_rsr_binding_talisman/gic_rsr_binding_talisman.thrownitem	description	"''This will hold them back for a while, hahahaha!''

A child of Gensokyo Shrine Maiden traditions and Cold War tactics, 'Paper Streamers Spider' is one of many variations of throwable talismans used by Miko-hei. When attached to surface, it shoots up phantom shide (paper streamers), ^#EAC0CE;STAGGERING enemies for 3s^reset; and giving Shrine Maidens time to attack or retreat. It flies almost straight, and arms as soon as it touches any surface."		
/items/WEAPONS/THROWN/gic_rsr_persuasionneedles/gic_rsr_persuasionneedles.thrownitem	shortdescription	^#EAC0CE;Persuasion Needles^reset;		
/items/WEAPONS/THROWN/gic_rsr_persuasionneedles/gic_rsr_persuasionneedles.thrownitem	description	"''Who's in charge, me or the Devil?''
  
Unnaturally long, sanctified needles of uncertain, but likely ritualistic purpose. Shrine Maidens of Gensokyo used them as throwable weapons against both youkai and ill-meaning humans. Miko-hei tried to replicate needle-throwing techniques for own self-defence, but they couldn't infuse them with enough divine power to outright perforate foes.
^#EAC0CE;Throws 3 enchanted needles. Low base DMG, +40 PSYCHIC DMG.^reset;"		
/items/armors/GiC Chinese Uniforms/nra_militia/gic_nra_militia.back	description	"Despite common perception, swords were rarely used by the NRA, usually only as an auxiliary melee, or last resort weapon. Easy to forge, swords were used by militia and police units who weren't expected to fight on the frontline, often didn't have firearms, and for whom swords and spears were enough to uphold order. Dadao also was a weapon of terror (and warcrimes), frequently used to decapitate captured bandits and traitors.

^green;+10% Movement Speed.^reset;"		
/items/armors/GiC Chinese Uniforms/nra_militia/gic_nra_militia.back	shortdescription	Chinese Militia Dadao Sheath		
/items/armors/GiC Chinese Uniforms/nra_militia/gic_nra_militia.chest	description	"NRA uniform with C96 leather holster and a pouch-belt, fit for carrying C96 stripper-clips. Mauser was such a popular gun that some soldiers were armed with just these pistols, usually as a sort of assault units or cavalry.
  
^green;+10% Movement Speed.^reset;"		
/items/armors/GiC Chinese Uniforms/nra_militia/gic_nra_militia.chest	shortdescription	Chinese Militia Tunic		
/items/armors/GiC Chinese Uniforms/nra_militia/gic_nra_militia.head	description	"''Keep men, lose land; land can be taken again. Keep land, lose men; land and men both lost.''
Historical photos sometimes show Chinese soldiers wearing Brodie Helmets with Kuomintang insignia. How they ended up there is hard to tell - most likely that China (either the Central Government or the local warlords) purchased old helmets from the British before the war. 
^#DBC5A6;DEF: +5% SMALL-ARMS | +5% SLASH | +5% THRUST.^reset;
^#96CBE7;+3HP/s when under 35% HP.^reset;"		
/items/armors/GiC Chinese Uniforms/nra_militia/gic_nra_militia.head	shortdescription	Chinese NRA Brodie Helmet		
/items/armors/GiC Chinese Uniforms/nra_militia/gic_nra_militia.legs	description	"Military regulations don't always make sense in the face of wartime shortages, and it lead to some really weird uniform combinations, like puttees being combined with sandals. Defeating the purpose of puttees. Which are also being worn with shorts. Have you ever tried wearing rough wool on your bare skin? It's a misery. But that's assuming you get any footwear at all. 
  
^green;+10% Movement Speed.^reset;"		
/items/armors/GiC Chinese Uniforms/nra_militia/gic_nra_militia.legs	shortdescription	Chinese Militia Shorts		
/items/armors/GiC Chinese Uniforms/nra_stahlhelm/gic_nra_stahlhelm.head	description	"M35 helmet with a Kuomintang insignia. Hans von Seeckt, Chiang Kai-Shek's military advisor, proposed an ''80 Division Plan'' for reforming the entire Chinese army into 80 divisions of highly trained, well-equipped troops organised along German lines. The plan was never fully realised, and as the Second Sino-Japanese War kicked off, only about 20 divisions were somewhat ready. After years of fighting, all that German equipment and training disappeared.
^#DBC5A6;DEF: +5% SMALL-ARMS | +5% SLASH | +5% THRUST.^reset;"		
/items/armors/GiC Chinese Uniforms/nra_stahlhelm/gic_nra_stahlhelm.head	shortdescription	Chinese NRA M35 Stahlhelm		
/items/armors/GiC Chinese Uniforms/nra_summer/gic_nra_summer.back	description	"Regular WW2-era Chinese army backpack, very reminicent of Japanese Type 45 backpacks.
  
^#CCD8B6;+25HP.^reset;"		
/items/armors/GiC Chinese Uniforms/nra_summer/gic_nra_summer.back	shortdescription	Chinese NRA Backpack		
/items/armors/GiC Chinese Uniforms/nra_summer/gic_nra_summer.chest	description	"A cotton summer tunic worn by Chinese soldiers, with a gas can on the side and cloth bandoliers. Essentially a redesigned Zhongshan suit. Leather was a deficit resource, and if German-type ammo pouches weren't available, soldiers would be issued with 2 to 3 ammo bandoliers made of cloth, with pockets for clips.
  
^green;+10% Movement Speed.^reset;"		
/items/armors/GiC Chinese Uniforms/nra_summer/gic_nra_summer.chest	shortdescription	Chinese NRA Summer Tunic		
/items/armors/GiC Chinese Uniforms/nra_summer/gic_nra_summer.head	description	"Standard Chinese field cap with a Kuomintang insignia. National Revolutionary Army was initially a military arm of the Chinese Nationalist Party, or the Kuomintang. Existing from 1924 to 1947, NRA was a very large (at ~14 million men) and a very divided force, as at times it consisted of Chiang Kai-Shek's loyal troops, warlord armies, various militias and even Chinese Communist Party's armed forces (albeit only nominally). 

^green;+10% Movement Speed.^reset;"		
/items/armors/GiC Chinese Uniforms/nra_summer/gic_nra_summer.head	shortdescription	Chinese NRA Summer Field Cap		
/items/armors/GiC Chinese Uniforms/nra_summer/gic_nra_summer.legs	description	"Chinese army pants with puttees and rubber shoes. Hobnailed leather shoes, which were the standard for WW2-era armies, are actually expensive to produce en-mass. Combatants would often wear ersatz-footwear, like shoes made of rubber, cloth, or even traditional sandals. 
  
^green;+10% Movement Speed.^reset;"		
/items/armors/GiC Chinese Uniforms/nra_summer/gic_nra_summer.legs	shortdescription	Chinese NRA Summer Pants		
/items/armors/GiC Commonwealth/gic_royalmarine_beret/gic_royalmarine_beret.head	description	"Initially, those who joined the British Commandos kept their parent regimental headdress and cap badges. In 1941, No. 1 Commando had no fewer than 79 different cap badges and many different forms of headdress.

^#DBC5A6;DEF: +15% DODGE | ^#FFCE6D;Commando [HEAD]: +10% Submachine Gun Proficiency | -20% projectile spread for Submachine Guns.^reset;
^#F2B8EC;Unrelenting Adaptability [FULL SET 3x | Survivalists] - +10 MAX HP | +10 DODGE | +10% General Weapon Proficiency | +10 Ability Mana."		
/items/armors/GiC Commonwealth/gic_royalmarine_beret/gic_royalmarine_beret.head	shortdescription	Royal Marine Commando Beret		
/items/armors/GiC IJA Uniforms/Hachimakis/hachimaki/gic_hachimaki.head	description	"''Ganbatte!!!''
Headband made of white cloth, with a red circle in the centre and kanji by the sides. Originating as part of samurai gear to absorb one's sweat, these headbands were worn as a symbol of wearer's effort or courage. Hachimaki may even give you an illusion of immortality, but don't mistake stupidity for bravery.
^#96CBE7;SECOND CHANCE - On taking FATAL Damage, gain 3s of INVULNERABILITY^reset; | ^#B0313F;LONG LIVE HIS MAJESTY - Each piece reduces cooldown of SECOND CHANCE by 20%^reset;"		
/items/armors/GiC IJA Uniforms/Hachimakis/hachimaki/gic_hachimaki.head	shortdescription	Hachimaki Headband		
/items/armors/GiC IJA Uniforms/Hachimakis/hachimaki_amanojaku/gic_hachimaki_amanojaku.head	description	"''When betrayal is the norm, loyalty is rebellion.''

^#EA3C0B;Flagellant [HEAD]: When taking 50HP+ damage: Heals 50HP over 5s^reset; | ^yellow;10s cooldown^reset; | ^#87B31B;DoT DMG right after a hit (i.e Bleeding) will continue to proc recovery until healed.

^#96CBE7;SECOND CHANCE - On taking FATAL Damage, gain 3s of INVULNERABILITY^reset; | ^#B0313F;LONG LIVE HIS MAJESTY - Each piece reduces cooldown of SECOND CHANCE by 20%^reset;"		
/items/armors/GiC IJA Uniforms/Hachimakis/hachimaki_amanojaku/gic_hachimaki_amanojaku.head	shortdescription	Amanojaku's Hachimaki		
/items/armors/GiC IJA Uniforms/Hachimakis/hinomaru_hachimaki/gic_hinomaru_hachimaki.head	description	"''The legendary Number One headband.
It's promise is power, omnipotence, immortality. 
But at what cost?
One that is greater than any man can imagine, and heavier than any man can bear.
No soul who has ever wore it's tattered grace has ever escaped the torment of it's infinite burden.''
^yellow;Does not stack with the Red Sun Artifact.^reset; | ^green;+400 HP^reset;
^red;-10% Speed^reset; | ^red;-50% Jump Height^reset; | ^red;x10 Fall Damage^reset;"		
/items/armors/GiC IJA Uniforms/Hachimakis/hinomaru_hachimaki/gic_hinomaru_hachimaki.head	shortdescription	Hinomaru Hachimaki Headband		
/items/armors/GiC IJA Uniforms/Hachimakis/type98hachimaki/gic_type98hachimaki.head	description	"Sen-bou field cap with Hachimaki headband wrapped on top. Although wearing a sweat-absorbing headband on top of a hat is counter-intuitive to it's original purpose, it's the intent that matters. Let everyone know that for you no bridge is too far.
  
^green;+10% Movement Speed.^reset;
^#96CBE7;SECOND CHANCE - On taking FATAL Damage, gain 3s of INVULNERABILITY^reset; | ^#B0313F;LONG LIVE HIS MAJESTY - Each piece reduces cooldown of SECOND CHANCE by 20%^reset;"		
/items/armors/GiC IJA Uniforms/Hachimakis/type98hachimaki/gic_type98hachimaki.head	shortdescription	Type 98 Field Cap w/ Hachimaki		
/items/armors/GiC IJA Uniforms/Hachimakis/type98tropical_hachimaki/gic_type98thachimaki.head	description	"Sen-bou field cap with Hachimaki headband wrapped on top. Although wearing a sweat-absorbing headband on top of a hat is counter-intuitive to it's original purpose, it's the intent that matters. Let everyone know that for you no bridge is too far.
  
^green;+10% Movement Speed.^reset;
^#96CBE7;SECOND CHANCE - On taking FATAL Damage, gain 3s of INVULNERABILITY^reset; | ^#B0313F;LONG LIVE HIS MAJESTY - Each piece reduces cooldown of SECOND CHANCE by 20%^reset;"		
/items/armors/GiC IJA Uniforms/Hachimakis/type98tropical_hachimaki/gic_type98thachimaki.head	shortdescription	Type 98 Field Cap w/ Hachimaki, Flaps		
/items/armors/GiC IJA Uniforms/Helmets/Hachimaki helmets/type92hachimaki/gic_type92hachimaki.head	description	"Type 92 Helmet with Hachimaki headband tied on top. By the late-war, suicidal fanaticism of the Japanese soldiers was the only advantage Japan held over Allies and their tanks and sheer firepower.
^#DBC5A6;DEF: +10% SMALL-ARMS | +5% SLASH | +5% THRUST | +7.5% BLEED^reset;
^#96CBE7;SECOND CHANCE - On taking FATAL Damage, gain 3s of INVULNERABILITY^reset; | ^#B0313F;LONG LIVE HIS MAJESTY - Each piece reduces cooldown of SECOND CHANCE by 20%^reset;
^#FFCE6D;Grazing Shot Luck: The next bullet deals -70% DMG | 25s cooldown^reset;"		
/items/armors/GiC IJA Uniforms/Helmets/Hachimaki helmets/type92hachimaki/gic_type92hachimaki.head	shortdescription	Type 92 Helmet w/ Hachimaki		
/items/armors/GiC IJA Uniforms/Helmets/Hachimaki helmets/type92hachimakicover/gic_type92hachimakicover.head	description	"Type 92 Helmet with cloth cover and a Hachimaki headband tied on top. Suicide units were not uncommon for 20th century Asia. Besides Japanese ''Special Attack Units'', there were KMT's ''Dare to Die Corps'' and Indonesian ''Jibakutai''. 
^#DBC5A6;DEF: +10% SMALL-ARMS | +5% SLASH | +5% THRUST | +7.5% BLEED^reset;
^#96CBE7;SECOND CHANCE - On taking FATAL Damage, gain 3s of INVULNERABILITY^reset; | ^#B0313F;LONG LIVE HIS MAJESTY - Each piece reduces cooldown of SECOND CHANCE by 20%^reset;
^#96CBE7;+3HP/s when under 35% HP.^reset;"		
/items/armors/GiC IJA Uniforms/Helmets/Hachimaki helmets/type92hachimakicover/gic_type92hachimakicover.head	shortdescription	Type 92 Helmet w/ Hachimaki, Cover		
/items/armors/GiC IJA Uniforms/Helmets/Hachimaki helmets/type92tropicalhachimaki/gic_type92tropicalhachimaki.head	description	"Type 92 Helmet with Sen-bou flaps and a Hachimaki headband tied on top. When defeat was certain, IJA commanders would order a unit-wide, all-out banzai charge, themselves leading the charge. Few would survive, most of them being foreign labourers.
^#DBC5A6;DEF: +10% SMALL-ARMS | +5% SLASH | +5% THRUST | +7.5% BLEED^reset;
^#96CBE7;SECOND CHANCE - On taking FATAL Damage, gain 3s of INVULNERABILITY^reset; | ^#B0313F;LONG LIVE HIS MAJESTY - Each piece reduces cooldown of SECOND CHANCE by 20%^reset;
^#FFCE6D;Grazing Shot Luck: The next bullet deals -70% DMG | 25s cooldown^reset;"		
/items/armors/GiC IJA Uniforms/Helmets/Hachimaki helmets/type92tropicalhachimaki/gic_type92tropicalhachimaki.head	shortdescription	Type 92 Helmet w/ Hachimaki, Flaps		
/items/armors/GiC IJA Uniforms/Helmets/Hachimaki helmets/type92tropicalhachimakicover/gic_type92tropicalhachimakicover.head	description	"Type 92 Helmet with cloth cover, Sen-bou flaps and a Hachimaki headband tied on top. Japan was an extremely hierarchical society, and IJA's indoctrination allowed soldiers to go far above and beyond what Western militaries would consider normal.
^#DBC5A6;DEF: +10% SMALL-ARMS | +5% SLASH | +5% THRUST | +7.5% BLEED^reset;
^#96CBE7;SECOND CHANCE - On taking FATAL Damage, gain 3s of INVULNERABILITY^reset; | ^#B0313F;LONG LIVE HIS MAJESTY - Each piece reduces cooldown of SECOND CHANCE by 20%^reset;
^#96CBE7;+3HP/s when under 35% HP.^reset;"		
/items/armors/GiC IJA Uniforms/Helmets/Hachimaki helmets/type92tropicalhachimakicover/gic_type92tropicalhachimakicover.head	shortdescription	Type 92 Helmet w/ Hachimaki, Cover, Flaps		
/items/armors/GiC IJA Uniforms/Helmets/ija_pithhelmet/gic_ija_pithhelmet.head	description	"IJA standard-issue sun helmet, made out of bamboo, felt, pandanus, or similar materials. Modeled after Type 90 steel helmet, Type 98 was intended to be worn alone or also over steel helmet. By itself it provides no ballistic protection whatsoever.
  
^#DBC5A6;+30% THERMAL.^reset;"		
/items/armors/GiC IJA Uniforms/Helmets/ija_pithhelmet/gic_ija_pithhelmet.head	shortdescription	Type 98 Sun Helmet		
/items/armors/GiC IJA Uniforms/Helmets/type19/gic_type19.head	description	"''Don't follow me, I'm lost.''

Introduced in 1959, the Type 19 helmet was a further modification of a Type 92, featuring a simplified strap system and a standard-issued cover with a rubber band for strapping foliage. Conscripts often strapped anything other than foliage instead.
^#DBC5A6;DEF: +10% SMALL-ARMS | +5% SLASH | +5% THRUST | +7.5% BLEED^reset; | ^#FFCE6D;Return Fire! [HEAD]: +30% DODGE and -50% projectile spread for 0.5s when firing a weapon."		
/items/armors/GiC IJA Uniforms/Helmets/type19/gic_type19.head	shortdescription	Type 19 Helmet		
/items/armors/GiC IJA Uniforms/Helmets/type19tropical/gic_type19tropical.head	description	"''Men, money, and materials cannot by themselves bring victory or freedom. We must have the motive - power that will inspire us to brave deeds and heroic exploits.''
- Subhas Chandra Bose

^#DBC5A6;DEF: +10% SMALL-ARMS | +5% SLASH | +5% THRUST | +7.5% BLEED^reset; | ^#FFCE6D;Return Fire! [HEAD]: +30% DODGE and -50% projectile spread for 0.5s when firing a weapon."		
/items/armors/GiC IJA Uniforms/Helmets/type19tropical/gic_type19tropical.head	shortdescription	Type 19 Helmet w/ Flaps		
/items/armors/GiC IJA Uniforms/Helmets/type25/gic_type25.head	description	"''I was looking for a job, and then I found a job
And heaven knows I'm miserable now.''

Introduced in 1965, this modification of Type 92 Helmet features a cover with a pattern that would later become the Type 26 Camouflage Pattern.
^#DBC5A6;DEF: +10% SMALL-ARMS | +5% SLASH | +5% THRUST | +7.5% BLEED^reset; | ^#FFCE6D;Return Fire! [HEAD]: +30% DODGE and -50% projectile spread for 0.5s when firing a weapon."		
/items/armors/GiC IJA Uniforms/Helmets/type25/gic_type25.head	shortdescription	Type 25 Helmet		
/items/armors/GiC IJA Uniforms/Helmets/type92/gic_type92.head	description	"Introduced in 1932, it's also known as ''Tetsukabuto'', or ''Steel Helmet'' in Japanese. Has no special properties compared to other corrugated steel helmets of that period besides a complicated cloth strap system that calls back to ''Kabuto'' helmets of the Sengoku and Edo periods.  
^#DBC5A6;DEF: +10% SMALL-ARMS | +5% SLASH | +5% THRUST | +7.5% BLEED^reset;
^#FFCE6D;Grazing Shot Luck: The next bullet deals -70% DMG | 25s cooldown^reset;"		
/items/armors/GiC IJA Uniforms/Helmets/type92/gic_type92.head	shortdescription	Type 92 Helmet		
/items/armors/GiC IJA Uniforms/Helmets/type92camo/gic_type92camo.head	description	"''You worthless animals! You're all going to hell, y'hear me?''
Type 92 helmet with camo net and foliage. First Pacific skirmishes shocked Americans, as Japanese were willing to literally kill themselves rather than give up. They would break all rules, play dead, wounded, or fake surrender before pulling out a live grenade and taking everyone with them. Perfidy kills mercy.
^#DBC5A6;DEF: +10% SMALL-ARMS | +5% SLASH | +5% THRUST | +7.5% BLEED^reset;
^orange;Ambush Tactics [HEAD] - Grants +10% DODGE. Taking damage transfers the boost to +15% [EWS] HIT CHANCE, ACCURACY and SPEED.^reset;"		
/items/armors/GiC IJA Uniforms/Helmets/type92camo/gic_type92camo.head	shortdescription	Type 92 Helmet Camouflaged		
/items/armors/GiC IJA Uniforms/Helmets/type92camo_alt/gic_type92camo_alt.head	description	"''Why the fuck are you wearing a bird's nest on your head?''

One important rule to using foliage as an element of your camouflage is to not overdo it. While it's a good idea to break up your silhouette to avoid detection, don't stick an entire bush into your helmet net. It looks dumb, and it makes you easier to spot when you move your head.
^#DBC5A6;DEF: +10% SMALL-ARMS | +5% SLASH | +5% THRUST | +7.5% BLEED^reset;
^green;+10% DODGE Chance.^reset;"		
/items/armors/GiC IJA Uniforms/Helmets/type92camo_alt/gic_type92camo_alt.head	shortdescription	Type 92 Helmet Camouflaged (Bushy)		
/items/armors/GiC IJA Uniforms/Helmets/type92camo_gasmask/gic_type92camo_gasmask.head	description	"''Goes hard.''
  
Combination of camouflage and gasmasks is something more often seen during military exercises rather than in real combat. Most would agree this looks cool anyway.
  
^#DBC5A6;DEF: +10% SMALL-ARMS | +5% SLASH | +5% THRUST | +7.5% BLEED^reset;
^green;+5% DODGE Chance.^reset;
^#799E4B;Prevents certain [GIC] environmental hazards.^reset;"		
/items/armors/GiC IJA Uniforms/Helmets/type92camo_gasmask/gic_type92camo_gasmask.head	shortdescription	Type 92 Helmet Camouflaged w/ Gasmask		
/items/armors/GiC IJA Uniforms/Helmets/type92camo_gasmask_alt/gic_type92camo_gasmask.head	description	"''Goes hard.''
  
Combination of camouflage and gasmasks is something more often seen during military exercises rather than in real combat. Most would agree this looks cool anyway.
  
^#DBC5A6;DEF: +10% SMALL-ARMS | +5% SLASH | +5% THRUST | +7.5% BLEED^reset;
^green;+5% DODGE Chance.^reset;
^#799E4B;Prevents certain [GIC] environmental hazards.^reset;"		
/items/armors/GiC IJA Uniforms/Helmets/type92camo_gasmask_alt/gic_type92camo_gasmask.head	shortdescription	Type 92 Helmet Camouflaged w/ Gasmask (Bushy)		
/items/armors/GiC IJA Uniforms/Helmets/type92cover/gic_type92cover.head	description	"Type 92 Tetsukabuto with a standard-issue cloth cover. IJA was a professional and highly motivated armed force, infamous for it's fanatisism. It's personnel was heavily indoctrinated to be unquestionably loyal to Japan and the Emperor. They believed in Japan's cultural superiority and higher purpose of ruling over Asia, and seeing that as a justification, they commited some of the most horrific crimes against humanity in history.
^#DBC5A6;DEF: +10% SMALL-ARMS | +5% SLASH | +5% THRUST | +7.5% BLEED^reset;
^#96CBE7;+3HP/s when under 35% HP.^reset;"		
/items/armors/GiC IJA Uniforms/Helmets/type92cover/gic_type92cover.head	shortdescription	Type 92 Helmet w/ Cover		
/items/armors/GiC IJA Uniforms/Helmets/type92gasmask/gic_type92gasmask.head	description	"Introduced in 1932, it's also known as ''Tetsukabuto'', or ''Steel Helmet'' in Japanese. Combined with Type 95 Gas Mask. IJA used poisonous gases on numerous occasions in China, as Japanese were often outnumbered and fought against the enemy who couldn't retaliate in kind. When it came to fighting Americans, Japanese preferred not to use poison on the enemy who had enough industrial capacity to drown Japan in mustard gas.
^#DBC5A6;DEF: +10% SMALL-ARMS | +5% SLASH | +5% THRUST | +7.5% BLEED^reset;
^#799E4B;Prevents certain [GIC] environmental hazards.^reset;"		
/items/armors/GiC IJA Uniforms/Helmets/type92gasmask/gic_type92gasmask.head	shortdescription	Type 92 Helmet w/ Gasmask		
/items/armors/GiC IJA Uniforms/Helmets/type92tropical/gic_type92tropical.head	description	"Type 92 ''Tetsukabuto'' Helmet combined with Sen-Bou field cap with flaps that provide neck protection from sunrays. Early-war success of the Japanese offensives in 1941 against Allies is often attributed to surprise element and general remoteness of contested territories from metropolies.
^#DBC5A6;DEF: +10% SMALL-ARMS | +5% SLASH | +5% THRUST | +7.5% BLEED^reset;
^#FFCE6D;Grazing Shot Luck: The next bullet deals -70% DMG | 25s cooldown^reset;"		
/items/armors/GiC IJA Uniforms/Helmets/type92tropical/gic_type92tropical.head	shortdescription	Type 92 Helmet w/ Flaps		
/items/armors/GiC IJA Uniforms/Helmets/type92tropicalcamo/gic_type92tropicalcamo.head	description	"Type 92 helmet with flaps, camo net and foliage. Despite their fanatic patriotism, IJA soldiers were also fanatically loyal to orders. Some isolated pockets of resistance carried on the fight simply because they weren't told to surrender by their superior officers.
^#DBC5A6;DEF: +10% SMALL-ARMS | +5% SLASH | +5% THRUST | +7.5% BLEED | +10% DODGE^reset;
^#C9C2B2;The Fox [HEAD]: Summons one CAMOUFLAGED IJA RIFLEMAN when using a ^reset;^orange;DEPLOYMENT ORDER^reset; ^#C9C2B2;60s Cooldown.^reset;"		
/items/armors/GiC IJA Uniforms/Helmets/type92tropicalcamo/gic_type92tropicalcamo.head	shortdescription	Type 92 Helmet Camouflaged w/ Flaps		
/items/armors/GiC IJA Uniforms/Helmets/type92tropicalcamo_alt/gic_type92tropicalcamo.head	description	"Modern sighting tech makes conventional camouflage largely obsolete. With thermal sighting systems, you're never really hidden, unless you use any funky thermal camo. Keep that in mind.

^#DBC5A6;DEF: +10% SMALL-ARMS | +5% SLASH | +5% THRUST | +7.5% BLEED | +10% DODGE^reset;
^#C9C2B2;The Fox [HEAD]: Summons one CAMOUFLAGED IJA RIFLEMAN when using a ^reset;^orange;DEPLOYMENT ORDER^reset; ^#C9C2B2;60s Cooldown.^reset;"		
/items/armors/GiC IJA Uniforms/Helmets/type92tropicalcamo_alt/gic_type92tropicalcamo.head	shortdescription	Type 92 Helmet Camouflaged w/ Flaps (Bushy)		
/items/armors/GiC IJA Uniforms/Helmets/type92tropicalcover/gic_type92tropical_cover.head	description	"Combination of Type 92 helmet and Sen-Bou field cap with flaps. Japanese soldiers were extensively trained in bayonet combat, and developed it to the point of art. As their tactics relied on mass infantry attacks, or ''Banzai charges'', all this training went down the drain at the hands of American G.I.'s and their sub-machine guns and automatic rifles. 

^#DBC5A6;DEF: +10% SMALL-ARMS | +5% SLASH | +5% THRUST | +7.5% BLEED^reset;
^#96CBE7;+3HP/s when under 35% HP.^reset;"		
/items/armors/GiC IJA Uniforms/Helmets/type92tropicalcover/gic_type92tropical_cover.head	shortdescription	Type 92 Helmet w/ Cover, Flaps		
/items/armors/GiC IJA Uniforms/ija_gassuit/gic_ija_gassuit.chest	description	"IJA standard-issue rain coat. Getting wet is not only unpleasant, but also dangerous in combat scenarios, as you could easily get a cold or hypothermia even in hot summer day. In the days before brass cartriges, moisture could also prevent blackpowder from igniting, which is even worse.
  
Accepts [GiC] Trinkets.
^green;+10% Movement Speed.^reset;
^green;+10% ATK Power.^reset;"		
/items/armors/GiC IJA Uniforms/ija_gassuit/gic_ija_gassuit.chest	shortdescription	IJA Rain Coat Chest		
/items/armors/GiC IJA Uniforms/ija_gassuit/gic_ija_gassuit.head	description	"Rubberized hood from a rain coat. Big enough to hide your head and helmet. It's actually intended for that, because without helmet it'll be flapping around and obstructing your eyesight. But who's to berate you for your fashion choice?
  
^green;+10% Movement Speed.^reset;
^green;+10% ATK Power.^reset;"		
/items/armors/GiC IJA Uniforms/ija_gassuit/gic_ija_gassuit.head	shortdescription	IJA Rain Coat Hood		
/items/armors/GiC IJA Uniforms/ija_gassuit/gic_ija_gassuit.legs	description	"''The last few months on Okinawa have taken their toll... Morale is low. It's the rain, sir... and the mud. Tanks are getting bogged down. Supplies aren't getting through. We can't even get the wounded out.''
Weather plays a crucial role in warfare. No matter how many elite tank divisions you have, they will all be stuck in the mud after a day of heavy rain.
^green;+10% Movement Speed.^reset;
^green;+10% ATK Power.^reset;"		
/items/armors/GiC IJA Uniforms/ija_gassuit/gic_ija_gassuit.legs	shortdescription	IJA Rain Coat Skirt		
/items/armors/GiC IJA Uniforms/ija_nvg/ija_nvg.head	description	".
^green;+10% DODGE Chance^reset;"		
/items/armors/GiC IJA Uniforms/ija_nvg/ija_nvg.head	shortdescription	IJA Night Vision Monocular		
/items/armors/GiC IJA Uniforms/ija_radio/gic_ija_radio.back	description	"''- Momiji, this is Asagao, do you copy? Damn.
- Second platoon's not picking up signal?
- At this distance they should... Let me try another channel. 
*gets up* MOMIJI, TURN ON THE FUCKING RADIO!!!''

^orange;Buffs Rally-Summons with +10 Max HP and +25% Weapon Proficiency."		
/items/armors/GiC IJA Uniforms/ija_radio/gic_ija_radio.back	shortdescription	Type 22 Radio Transceiver		
/items/armors/GiC IJA Uniforms/ija_raincoat/gic_ija_raincoat.chest	description	"IJA standard-issue rain coat. Rain is the great disruptor of war. It ruins gunpowder, turns roads into rivers of mud, and exhausts soldiers. Even the strongest of armies would break under a strong enough downpour.
  
^#96CBE7;SECOND CHANCE - On taking FATAL Damage, gain 3s of INVULNERABILITY^reset; | ^#B3AD97;LONG LIVE HIS MAJESTY - Each piece reduces cooldown of SECOND CHANCE by 20%^reset;"		
/items/armors/GiC IJA Uniforms/ija_raincoat/gic_ija_raincoat.chest	shortdescription	IJA Rain Coat (Top)		
/items/armors/GiC IJA Uniforms/ija_raincoat/gic_ija_raincoat.head	description	"Rubberized hood from a rain coat. Big enough to hide your head and helmet. It's actually intended for that, because without helmet it'll be flapping around and obstructing your eyesight. But who's to berate you for your fashion choice?
  
^#DBC5A6;DEF: +10% SMALL-ARMS | +5% SLASH | +5% THRUST | +7.5% BLEED^reset;
^#96CBE7;SECOND CHANCE - On taking FATAL Damage, gain 3s of INVULNERABILITY^reset; | ^#B3AD97;LONG LIVE HIS MAJESTY - Each piece reduces cooldown of SECOND CHANCE by 20%^reset;"		
/items/armors/GiC IJA Uniforms/ija_raincoat/gic_ija_raincoat.head	shortdescription	IJA Rain Coat Hood		
/items/armors/GiC IJA Uniforms/ija_raincoat/gic_ija_raincoat.legs	description	"''The last few months on Okinawa have taken their toll... Morale is low. It's the rain, sir... and the mud. Tanks are getting bogged down. Supplies aren't getting through. We can't even get the wounded out.''
  
^#96CBE7;SECOND CHANCE - On taking FATAL Damage, gain 3s of INVULNERABILITY^reset; | ^#B3AD97;LONG LIVE HIS MAJESTY - Each piece reduces cooldown of SECOND CHANCE by 20%^reset;"		
/items/armors/GiC IJA Uniforms/ija_raincoat/gic_ija_raincoat.legs	shortdescription	IJA Rain Coat (Bottom)		
/items/armors/GiC IJA Uniforms/ija_raincoat_rainydevil/gic_ija_raincoat_rainydevil.chest	description	"''When you wish for revenge, dig two graves.''
  
Rainy Devil resembles a tall corpse of a monkey, always concealed by some sort of raincoat. It possesses it's owners at night, and uses their bodies as vessels to solve a problem not by any magic, but by extreme violence. It usually works.
Accepts [GiC] Trinkets.
^green;+10% Movement Speed.^reset;
^green;+10% ATK Power.^reset;"		
/items/armors/GiC IJA Uniforms/ija_raincoat_rainydevil/gic_ija_raincoat_rainydevil.chest	shortdescription	Rainy Devil Chest		
/items/armors/GiC IJA Uniforms/ija_raincoat_rainydevil/gic_ija_raincoat_rainydevil.head	description	"''Rainy Devil'' is a wish-fulfilling demonic entity. By subconsciously wishing upon it's desiccated body parts, you sacrifice a little bit of your own body and soul in exchange for a solution to a problem. Being a pre-civilizational artefact, and since a lot of problems in society are caused to you by other people, Rainy Devil operates by logic of ''No man - no problem.''
  
^green;+10% Movement Speed.^reset;
^green;+10% ATK Power.^reset;"		
/items/armors/GiC IJA Uniforms/ija_raincoat_rainydevil/gic_ija_raincoat_rainydevil.head	shortdescription	Rainy Devil Hood		
/items/armors/GiC IJA Uniforms/ija_raincoat_rainydevil/gic_ija_raincoat_rainydevil.legs	description	"''I start chasing all the rabbits I see and end up catching none of them. I desire everything, only to lose it all.''

Rainy Devil has an affinity for water and blood. Both are plenty in the battlefield. But keep in mind that you have a goal. Steer your strength and wade through rivers of blood to acheive it.
  
^green;+10% Movement Speed.^reset;
^green;+10% ATK Power.^reset;"		
/items/armors/GiC IJA Uniforms/ija_raincoat_rainydevil/gic_ija_raincoat_rainydevil.legs	shortdescription	Rainy Devil Skirt		
/items/armors/GiC IJA Uniforms/ija_sarashi/gic_ija_sarashi.chest	description	"''To constrict such miraculous busts in mere sarashi is blasphemy!''
  
White cotton cloth used to make various traditional Japanese garments such as fundoshi (the funny loincloth) or haramaki (the belly belt). Women used to wrap sarashi around their breasts to bind them, or later as a traditional alternative to bras."		
/items/armors/GiC IJA Uniforms/ija_sarashi/gic_ija_sarashi.chest	shortdescription	IJA Sarashi		
/items/armors/GiC IJA Uniforms/ija_tanktop/gic_ija_tanktop.chest	description	Standart-issue Japanese tank-top for tropical climates. What makes it distinctly IJA? We don't know. Labels, prints? Maybe it's just a ploy to shake money out of would-be IJA reenactors? You'd need years of experience and research to figure out what is real and what is not. But that tank-top is real. 100%		
/items/armors/GiC IJA Uniforms/ija_tanktop/gic_ija_tanktop.chest	shortdescription	IJA Tank Top		
/items/armors/GiC IJA Uniforms/ija_tkbandana/gic_ija_tkbandana.head	description	"''It's not about changing the world. It's about doing our best to leave the world the way it is.''
Tokumu Kikan's main tasks are espionage, counterespionage, propaganda, and fifth column activities. It is uncommon for TK to participate in ''direct operations'', but such activities were the norm in India, where political victory was an afterthought for IJA, rather than the goal.
^#DBC5A6;DEF: +15% DODGE | ^#FFCE6D;Commando [HEAD]: +10% Submachine Gun Proficiency | -20% projectile spread for Submachine Guns.^reset;"		
/items/armors/GiC IJA Uniforms/ija_tkbandana/gic_ija_tkbandana.head	shortdescription	Tokumu Kikan Bandana		
/items/armors/GiC IJA Uniforms/ija_towel/gic_ija_towel.chest	description	A simple white standard-issue towel worn over your neck, and nothing else. For purposes of decency, this towel is long enough to cover your chest.		
/items/armors/GiC IJA Uniforms/ija_towel/gic_ija_towel.chest	shortdescription	IJA Towel		
/items/armors/GiC IJA Uniforms/ijn_rikusenfuku/gic_ijn_rikusenfuku.chest	description	"Rikusenfuku refers to the type of uniform worn by the Land Forces of the Imperial Japanese Navy, including the Special Naval Landing Forces. SNLF were Japanese marines (in the loosest of terms), and they played an instrumental role in the early-war battles against the Allies in the Pacific. 
  
^orange;Gain a ^#C8FAFA;HIT-SHIELD^orange; layer that absorbs one hit | 60s cooldown | Stacks with other ^#C8FAFA;HIT-SHIELDS^reset;"		
/items/armors/GiC IJA Uniforms/ijn_rikusenfuku/gic_ijn_rikusenfuku.chest	shortdescription	IJN Rikusenfuku Tunic		
/items/armors/GiC IJA Uniforms/ijn_rikusenfuku/gic_ijn_rikusenfuku.head	description	"Imperial Japanese Navy's green cotton field cap. Rivalry between IJN and IJA reached it's height in the 1930's. When Japan wanted to expand it's territories through conquest, Navy proposed ''Strike South'' strategy, where Japan would attack Western colonies, and Army proposed to capture Siberia in a ''Strike North'' plan. The resulting rivalry between the two parties led to a series of mutual assassinations in the government. 
^orange;Gain a ^#C8FAFA;HIT-SHIELD^orange; layer that absorbs one hit | 60s cooldown | Stacks with other ^#C8FAFA;HIT-SHIELDS^reset;"		
/items/armors/GiC IJA Uniforms/ijn_rikusenfuku/gic_ijn_rikusenfuku.head	shortdescription	IJN Rikusenfuku Field Cap		
/items/armors/GiC IJA Uniforms/ijn_rikusenfuku/gic_ijn_rikusenfuku.legs	description	"Rikusenfuku pants with putees and hobnailed boots. Despite their training, there were very few moments of glory for the SNLF. After disasterous Battle of Midway, Japan was no longer capable of launching any sorts of amphibious attacks, and SNLF was used only as a defensive force. They were eventually decimated by the advancing US Marines, island by island, unit by unit. 
  
^orange;Gain a ^#C8FAFA;HIT-SHIELD^orange; layer that absorbs one hit | 60s cooldown | Stacks with other ^#C8FAFA;HIT-SHIELDS^reset;"		
/items/armors/GiC IJA Uniforms/ijn_rikusenfuku/gic_ijn_rikusenfuku.legs	shortdescription	IJN Rikusenfuku Pants		
/items/armors/GiC IJA Uniforms/ijn_rikusenfuku_smg/gic_ijn_rikusenfuku_smg.chest	description	"UNAVAILABLE TO PLAYERS. NPC ONLY.

Although it is a fact that Japanese forces used SMGs in some limited capacity, there is little to no photographic evidence as to where they put all the 8x22mm curved magazines. This pouch is based on the image of British Army's 1946 technical report on a Type II SMG, which they captured in Singapore along with its accessories.  
  
^orange;Gain a ^#C8FAFA;HIT-SHIELD^orange; layer that absorbs one hit | 60s cooldown | Stacks with other ^#C8FAFA;HIT-SHIELDS^reset;"		
/items/armors/GiC IJA Uniforms/ijn_rikusenfuku_smg/gic_ijn_rikusenfuku_smg.chest	shortdescription	IJN Rikusenfuku Tunic (SMG)		
/items/armors/GiC IJA Uniforms/ijn_rikusenfukuofficer/gic_ijn_rikusenfukuofficer.chest	description	"Imperial Japanese Navy officer's cotton tunic. The unwillingness of two branches of Japanese Armed Forces to be in any way codependent led to Navy making its own land forces, tanks, air branch and paratroopers. Similarly, Army posessed it's own marine detachments and even ships.
^#5D6A59;Imperial Navy [CHEST]: Summons one SNLF RIFLEMAN when using a ^reset;^orange;DEPLOYMENT ORDER^reset; ^#5D6A59;60s Cooldown. |^reset; ^#DBC5A6;DEF: +10% DODGE |^reset; ^#FFCE6D;Frontline Command [CHEST]: +10% One-Handed Proficiency | -20% projectile spread for One-Handed Weapons.^reset;"		
/items/armors/GiC IJA Uniforms/ijn_rikusenfukuofficer/gic_ijn_rikusenfukuofficer.chest	shortdescription	IJN Rikusenfuku Officer Tunic		
/items/armors/GiC IJA Uniforms/ijn_rikusenfukuofficer/gic_ijn_rikusenfukuofficer.head	description	"Imperial Japanese Navy officer's field cap. High rank is denoted by two black stripes. Japanese Navy was advanced in its thinking and tech, and its Yamato-class battleships were the largest, most powerful battleships in history. But what use of it, if the war is unwinnable to begin with? 
^#5D6A59;Imperial Navy [HEAD]: Summons one SNLF RIFLEMAN when using a ^reset;^orange;DEPLOYMENT ORDER^reset; ^#5D6A59;60s Cooldown. |^reset; ^#DBC5A6;DEF: +10% DODGE |^reset; ^#FFCE6D;Frontline Command [HEAD]: +10% One-Handed Proficiency | -20% projectile spread for One-Handed Weapons.^reset;"		
/items/armors/GiC IJA Uniforms/ijn_rikusenfukuofficer/gic_ijn_rikusenfukuofficer.head	shortdescription	IJN Rikusenfuku Officer Field Cap		
/items/armors/GiC IJA Uniforms/ijn_rikusenfukuofficer/gic_ijn_rikusenfukuofficer.legs	description	"IJN Land Forces officer's pants with Kaigunto (Navy Sword) sheath. For all the interservice rivalry, the sailors and the soldiers were equal in their ruthlessness and brutality, since they shared the same ideology. Naval Land Forces also shared tactics with IJA, so the banzai charges were common too.
^#5D6A59;Imperial Navy [LEGS]: Summons one SNLF RIFLEMAN when using a ^reset;^orange;DEPLOYMENT ORDER^reset; ^#5D6A59;60s Cooldown. |^reset; ^#DBC5A6;DEF: +10% DODGE |^reset; ^#FFCE6D;Frontline Command [LEGS]: +10% One-Handed Proficiency | -20% projectile spread for One-Handed Weapons.^reset;"		
/items/armors/GiC IJA Uniforms/ijn_rikusenfukuofficer/gic_ijn_rikusenfukuofficer.legs	shortdescription	IJN Rikusenfuku Officer Pants		
/items/armors/GiC IJA Uniforms/ijn_rikusenfukutropical/gic_ijn_rikusenfukut.chest	description	"Rikusenfuku refers to the type of uniform worn by the Land Forces of the Imperial Japanese Navy, including the Special Naval Landing Forces. SNLF were Japanese marines (in the loosest of terms), and they played an instrumental role in the early-war battles against the Allies in the Pacific. 
  
^orange;Gain a ^#C8FAFA;HIT-SHIELD^orange; layer that absorbs one hit | 60s cooldown | Stacks with other ^#C8FAFA;HIT-SHIELDS^reset;"		
/items/armors/GiC IJA Uniforms/ijn_rikusenfukutropical/gic_ijn_rikusenfukut.chest	shortdescription	IJN Rikusenfuku Tunic (Rolled Sleeves)		
/items/armors/GiC IJA Uniforms/ijn_rikusenfukutropical/gic_ijn_rikusenfukut.head	description	"Imperial Japanese Navy's green cotton field cap with sun flaps. Rivalry between IJN and IJA reached it's height in the 1930's. When Japan wanted to expand it's territories through conquest, Navy proposed ''Strike South'' strategy, where Japan would attack Western colonies, and Army proposed to capture Siberia in a ''Strike North'' plan. The resulting rivalry between the two parties led to a series of mutual assassinations in the government. 
^orange;Gain a ^#C8FAFA;HIT-SHIELD^orange; layer that absorbs one hit | 60s cooldown | Stacks with other ^#C8FAFA;HIT-SHIELDS^reset;"		
/items/armors/GiC IJA Uniforms/ijn_rikusenfukutropical/gic_ijn_rikusenfukut.head	shortdescription	IJN Rikusenfuku Field Cap w/ Flaps		
/items/armors/GiC IJA Uniforms/ijn_rikusenfukutropical/gic_ijn_rikusenfukut.legs	description	"Rikusenfuku shorts with hobnailed boots. Despite their training, there were very few moments of glory for the SNLF. After disasterous Battle of Midway, Japan was no longer capable of launching any sorts of amphibious attacks, and SNLF was used only as a defensive force. They were eventually decimated by the advancing US Marines, island by island, unit by unit. 
  
^orange;Gain a ^#C8FAFA;HIT-SHIELD^orange; layer that absorbs one hit | 60s cooldown | Stacks with other ^#C8FAFA;HIT-SHIELDS^reset;"		
/items/armors/GiC IJA Uniforms/ijn_rikusenfukutropical/gic_ijn_rikusenfukut.legs	shortdescription	IJN Rikusenfuku Shorts		
/items/armors/GiC IJA Uniforms/rsr_miko/gic_rsr_miko.chest	description	"Historically, shrine maiden was a generational position, and the training was intense, lasting from 3 to 8 years. Modern shrine maidens, however, are mostly just schoolgirls working part-time, selling omamori and cleaning shrines.
^#DBC5A6;DEF: +15% SLASH | +5% THRUST | +20% PSYCHIC.^reset;
^#F4988C;Hand-to-Hand Cleansing [CHEST] - Nearby enemies within 40 blocks take +25% PSYCHIC DMG.^reset;
^#F2B8EC;Highly Responsive To Prayers [FULL SET 3x REQUIRED] - Swinging a melee weapon sends out a talisman."		
/items/armors/GiC IJA Uniforms/rsr_miko/gic_rsr_miko.chest	shortdescription	Miko Kosode		
/items/armors/GiC IJA Uniforms/rsr_miko/gic_rsr_miko.head	description	"The long black hair of a miko is often considered part of her costume and she is required to maintain it. Maidens were required to keep their hair long while in employ of H-Kikan, though it wasn't confirmed if hair style or color had anything to do with magic.
^#DBC5A6;DEF: +10% SLASH | +5% THRUST | +10% PSYCHIC.^reset;
^#F4988C;Hand-to-Hand Cleansing [HEAD]: Nearby enemies within 40 blocks receive 1.25x PSYCHIC damage.^reset;
^#F2B8EC;Highly Responsive To Prayers [FULL SET 3x REQUIRED] - Swinging a melee weapon sends out a talisman."		
/items/armors/GiC IJA Uniforms/rsr_miko/gic_rsr_miko.head	shortdescription	Miko Headress		
/items/armors/GiC IJA Uniforms/rsr_miko/gic_rsr_miko.legs	description	"In 1873, the Meiji government issued an ordinance called the Miko Kindanrei, essentially outlawing all miko activities. Only in 1940 the ban was lifted, as government was trying to redefine Shinto as a secular, non-religious set of inherently Japanese traditions. 
^#DBC5A6;DEF: +10% SLASH | +5% THRUST | 10% PSYCHIC.^reset;
^#F4988C;Hand-to-Hand Cleansing [LEGS] - Nearby enemies within 40 blocks take +25% PSYCHIC DMG.^reset;
^#F2B8EC;Highly Responsive To Prayers [FULL SET 3x REQUIRED] - Swinging a melee weapon sends out a talisman."		
/items/armors/GiC IJA Uniforms/rsr_miko/gic_rsr_miko.legs	shortdescription	Miko Hakama		
/items/armors/GiC IJA Uniforms/rsr_miko_type20/gic_rsr_miko_type20.back	description	"Maiden-Soldiers were equipped with custom-sewn white load-bearing equipment to keep up the ''theme'' of white-top, red-bottom uniforms. Since Gensokyo often defied logic and common sense, a ''go with the vibes'' approach, previously foreign to the rigid IJA, had to be adopted. Inside these pouches Maiden-Soldiers carried all sorts of ritualistic implements and/or snacks, both for morale purposes.

^#EAC0CE;+25 Max Ability Mana and increased Ability Mana Regen.^reset;"		
/items/armors/GiC IJA Uniforms/rsr_miko_type20/gic_rsr_miko_type20.back	shortdescription	Miko-hei Pouches		
/items/armors/GiC IJA Uniforms/rsr_miko_type20/gic_rsr_miko_type20.chest	description	"H-Kikan recruited future ''Miko-hei'' (Shrine Maiden-Soldiers) by inviting all willing women of ages 18 to 25. They had to go through military-style priesthood training at Yasukuni Shrine to prepare them for what lay beyond the Seal. 
^#DBC5A6;DEF: +10% DODGE | +10% PSYCHIC.^reset;
^#FFCE6D;Maiden-Soldier [CHEST]: +10% Battle Rifle Proficiency | -20% projectile spread for Battle Rifles.
^#F2B8EC;Highly Responsive To Prayers [FULL SET 3x REQUIRED] - Swinging a melee weapon sends out a talisman."		
/items/armors/GiC IJA Uniforms/rsr_miko_type20/gic_rsr_miko_type20.chest	shortdescription	Miko-hei Kosode		
/items/armors/GiC IJA Uniforms/rsr_miko_type20/gic_rsr_miko_type20.head	description	"With time, Miko-hei uniform was adapted for combat situations. Maiden-Soldiers cut their hair, and started using ofuda talismans as hair ornaments, like some of the locals.
  
^#DBC5A6;DEF: +10% DODGE | +10% PSYCHIC.^reset;
^#FFCE6D;Maiden-Soldier [HEAD]: +10% Battle Rifle Proficiency | -20% projectile spread for Battle Rifles.
^#F2B8EC;Highly Responsive To Prayers [FULL SET 3x REQUIRED] - Swinging a melee weapon sends out a talisman."		
/items/armors/GiC IJA Uniforms/rsr_miko_type20/gic_rsr_miko_type20.head	shortdescription	Miko-hei Hair Ofuda		
/items/armors/GiC IJA Uniforms/rsr_miko_type20/gic_rsr_miko_type20.legs	description	"H-Kikan attempted to establish Japanese dominance, and by using Miko-hei it managed to turn the tide on the feral youkai. In doing so the Japanese upset the delicate balance in Human-Youkai relationship, resulting in the Illusion Border Incident. 
^#DBC5A6;DEF: +10% DODGE | +10% PSYCHIC.^reset;
^#FFCE6D;Maiden-Soldier [LEGS]: +10% Battle Rifle Proficiency | -20% projectile spread for Battle Rifles.
^#F2B8EC;Highly Responsive To Prayers [FULL SET 3x REQUIRED] - Swinging a melee weapon sends out a talisman."		
/items/armors/GiC IJA Uniforms/rsr_miko_type20/gic_rsr_miko_type20.legs	shortdescription	Miko-hei Hakama		
/items/armors/GiC IJA Uniforms/rsr_miko_type20officer/gic_rsr_miko_type20officer.chest	description	"Maidens-Soldiers of H-Kikan were formally organised into a company-sized element, and had their own chain of command. The head priestesses were appointed not necessarily for their Shinto lore knowledge, but more for their managerial and leadership skills.
^#EAC0CE;Miko-tai [CHEST]: Summons one MAIDEN-SOLDIER when using a ^reset;^orange;DEPLOYMENT ORDER^reset; ^#EAC0CE;60s Cooldown. |^reset; ^#DBC5A6;DEF: +10% DODGE | +10% PSYCHIC. |^reset; ^#FFCE6D;Frontline Command [CHEST]: +10% One-Handed Proficiency | -20% projectile spread for One-Handed Weapons.^reset;"		
/items/armors/GiC IJA Uniforms/rsr_miko_type20officer/gic_rsr_miko_type20officer.chest	shortdescription	Miko-hei Clerk Kosode		
/items/armors/GiC IJA Uniforms/rsr_miko_type20officer/gic_rsr_miko_type20officer.head	description	"''It was surreal at times. We were exploring a bizarre yet familiar world, with fantastical creatures, magic, rich lore and kind people, and I was stuck in a damp room writing procurement forms and signing after-action reports! It's like I never left my office job.''

^#EAC0CE;Miko-tai [HEAD]: Summons one MAIDEN-SOLDIER when using a ^reset;^orange;DEPLOYMENT ORDER^reset; ^#EAC0CE;60s Cooldown. |^reset; ^#DBC5A6;DEF: +10% DODGE | +10% PSYCHIC. |^reset; ^#FFCE6D;Frontline Command [HEAD]: +10% One-Handed Proficiency | -20% projectile spread for One-Handed Weapons.^reset;"		
/items/armors/GiC IJA Uniforms/rsr_miko_type20officer/gic_rsr_miko_type20officer.head	shortdescription	Miko-hei Clerk Glasses		
/items/armors/GiC IJA Uniforms/rsr_miko_type20officer/gic_rsr_miko_type20officer.legs	description	"A rare few of Miko-hei officers held the rank of chief priestesses during WW2, when all the male clergy got conscripted, which meant they were already experienced in both religious and bureaucratic rituals.

^#EAC0CE;Miko-tai [LEGS]: Summons one MAIDEN-SOLDIER when using a ^reset;^orange;DEPLOYMENT ORDER^reset; ^#EAC0CE;60s Cooldown. |^reset; ^#DBC5A6;DEF: +10% DODGE | +10% PSYCHIC. |^reset; ^#FFCE6D;Frontline Command [LEGS]: +10% One-Handed Proficiency | -20% projectile spread for One-Handed Weapons.^reset;"		
/items/armors/GiC IJA Uniforms/rsr_miko_type20officer/gic_rsr_miko_type20officer.legs	shortdescription	Miko-hei Clerk Hakama		
/items/armors/GiC IJA Uniforms/rsr_miko_type20tropical/gic_rsr_miko_type20tropical.chest	description	"''- They say shrine maidens are the kind of human it's okay to eat...
- Try me, bitch.''
Despite their training, Maiden-Soldiers were no match for a real Shrine Maiden, having no miko lineage behind them and being consumed by State Shinto ideology.
^#DBC5A6;DEF: +10% DODGE | +10% PSYCHIC.^reset; ^#FFCE6D;| Maiden-Soldier [CHEST]: +10% Battle Rifle Proficiency | -20% projectile spread for Battle Rifles.
^#F2B8EC;Highly Responsive To Prayers [FULL SET 3x REQUIRED] - Swinging a melee weapon sends out a talisman."		
/items/armors/GiC IJA Uniforms/rsr_miko_type20tropical/gic_rsr_miko_type20tropical.chest	shortdescription	Miko-hei Kosode (Rolled Sleeves)		
/items/armors/GiC IJA Uniforms/rsr_miko_type20winter/gic_rsr_miko_type20winter.chest	description	"''I don't like this cold, cold like Hokkaido.
Let's go somewhere warm. Let's go to war.''
Miko-hei had a privileged position within H-Kikan, and were permitted to trade with locals for any commodities they needed.
^#DBC5A6;DEF: +10% DODGE | +10% PSYCHIC | +20% THERMAL.^reset;
^#FFCE6D;Maiden-Soldier [CHEST]: +10% Battle Rifle Proficiency | -20% projectile spread for Battle Rifles.
^#F2B8EC;Highly Responsive To Prayers [FULL SET 3x REQUIRED] - Swinging a melee weapon sends out a talisman."		
/items/armors/GiC IJA Uniforms/rsr_miko_type20winter/gic_rsr_miko_type20winter.chest	shortdescription	Miko-hei Haori		
/items/armors/GiC IJA Uniforms/rsr_miko_type20winter/gic_rsr_miko_type20winter.head	description	"Silk scarf, possibly from a lost husband or brother. Most Miko-hei were deeply patriotic women, who saw the H-Kikan's expedition as a way to serve Japan. But the Land of Illusions, ironically, has a tendency to shatter many illusions.
^#DBC5A6;DEF: +10% DODGE | +10% PSYCHIC | +20% THERMAL.^reset;
^#FFCE6D;Maiden-Soldier [HEAD]: +10% Battle Rifle Proficiency | -20% projectile spread for Battle Rifles.
^#F2B8EC;Highly Responsive To Prayers [FULL SET 3x REQUIRED] - Swinging a melee weapon sends out a talisman."		
/items/armors/GiC IJA Uniforms/rsr_miko_type20winter/gic_rsr_miko_type20winter.head	shortdescription	Miko-hei Scarf		
/items/armors/GiC IJA Uniforms/rsr_miko_winter/gic_rsr_miko_winter.chest	description	"''I hear that Mayohiga's items give you good fortune if you take them home...''
  
^#DBC5A6;DEF: +15% SLASH | +5% THRUST | +20% PSYCHIC.^reset;
^#F4988C;Hand-to-Hand Cleansing [CHEST] - Nearby enemies within 40 blocks take +25% PSYCHIC DMG.^reset;
^#F2B8EC;Highly Responsive To Prayers [FULL SET 3x REQUIRED] - Swinging a melee weapon sends out a talisman."		
/items/armors/GiC IJA Uniforms/rsr_miko_winter/gic_rsr_miko_winter.chest	shortdescription	Miko Haori		
/items/armors/GiC IJA Uniforms/rsr_miko_winter/gic_rsr_miko_winter.head	description	"''If the fortunes of war betrayed us, and we survived the battle
Then soldier's duty, like a silk scarf from a care package,
Slowly, slowly, would strangle us to death.''

^#DBC5A6;DEF: +10% SLASH | +5% THRUST | +10% PSYCHIC.^reset;
^#F4988C;Hand-to-Hand Cleansing [HEAD]: Nearby enemies within 40 blocks receive 1.25x PSYCHIC damage.^reset;
^#F2B8EC;Highly Responsive To Prayers [FULL SET 3x REQUIRED] - Swinging a melee weapon sends out a talisman."		
/items/armors/GiC IJA Uniforms/rsr_miko_winter/gic_rsr_miko_winter.head	shortdescription	Silk Scarf		
/items/armors/GiC IJA Uniforms/seifuku/gic_seifuku.chest	description	Japanese female school uniform, circa 1930's. Sailor suits were introduced as a school uniform by Elizabeth Lee, principal of Fukuoka Jo Gakuin school in 1910's. Seifuku became traditional Japanese attire when Japanese princess was seen in one by the public - similarily to how in Britain, sailor suits became associated with kids in 1846 through young Edward VII.		
/items/armors/GiC IJA Uniforms/seifuku/gic_seifuku.chest	shortdescription	Seifuku Blouse		
/items/armors/GiC IJA Uniforms/seifuku_vfc/gic_vfc_seifuku.chest	description	"Japanese female school uniform, circa 1930's, with IJA gear worn on-top. Volunteer Fighting Corps was a Japanese militia organisation that would assist IJA in fight against invading Allies and wage guerilla warfare. Unlike other militias of the Axis Powers, women were also expected to sacrifice their lives in the last stand for the Emperor - even schoolgirls as young as 17.
^#96CBE7;SECOND CHANCE - On taking FATAL Damage, gain 3s of INVULNERABILITY^reset; | ^#B3AD97;SHATTERED JEWEL - Each piece reduces cooldown of UNYIELDING BULWARK by 20%^reset;"		
/items/armors/GiC IJA Uniforms/seifuku_vfc/gic_vfc_seifuku.chest	shortdescription	Seifuku Blouse (VFC)		
/items/armors/GiC IJA Uniforms/seifuku_vfc/gic_vfc_seifuku.legs	description	"''- A maiden-soldier cosplaying a schoolgirl... Seriously, why are you wearing that?
- Hey, don't call it ''cosplaying''. This is real. I wore it in high school. It fits me nicely since I haven't gotten any taller since my growth spurt. Um, I mean... It's a disguise. You maidens wear your typical kimono like ''Hi, I'm a maiden!'' You're basically asking youkai to run away from you.''"		
/items/armors/GiC IJA Uniforms/seifuku_vfc/gic_vfc_seifuku.legs	shortdescription	Seifuku Skirt		
/items/armors/GiC IJA Uniforms/type14_boonie/gic_rsr_type14.head	description	"A tropical work hat for IJN servicemen. A modification of a similar WW2-era hat, this one uses slightly different type of cotton, a lighter shade of olive green, and has wider brims. Quite comfortable in tropics, which made it highly sought after by IJA troops.

^#FFCE6D;Light Infantry Luck: The next bullet deals 80% less DMG | 15s cooldown per proc | ^#CCD8B6;+5% General Weapon Proficiency."		
/items/armors/GiC IJA Uniforms/type14_boonie/gic_rsr_type14.head	shortdescription	Type 14 Boonie Hat		
/items/armors/GiC IJA Uniforms/type20/gic_type20.back	description	"''We-can-stick-out--'unger, thirst, an' weariness,
But-not-not-not-not the chronic sight of 'em-
Boot-boots-boots-boots-movin' up an' down again,
An' there's no discharge in the war!''

Standard large pack with a pair of ''kidney pouches'' under it. Part of Type 20 webbing system used by the Japanese military.

^#CCD8B6;+25HP.^reset;"		
/items/armors/GiC IJA Uniforms/type20/gic_type20.back	shortdescription	Type 20 Backpack		
/items/armors/GiC IJA Uniforms/type20/gic_type20.chest	description	"''The trees can't grow without the sun in their eyes
And we can't live if we're too afraid to die.''
Standard IJA jungle fatigues introduced in 1960. Basically a hardier version of a WW2-era tropical shirt, with new webbing system for use with Iwashita rifle's 20-round magazines. 
^#DBC5A6;DEF: +20% THERMAL^reset; | ^#FFCE6D;Hohei '60 [CHEST]: +10% Battle Rifle Proficiency | -20% projectile spread for Battle Rifles.
^#F2B8EC;Unrelenting Adaptability [FULL SET 3x | Survivalists] - +10 MAX HP | +10 DODGE | +10% General Weapon Proficiency | +10 Ability Mana."		
/items/armors/GiC IJA Uniforms/type20/gic_type20.chest	shortdescription	Type 20 Shirt		
/items/armors/GiC IJA Uniforms/type20/gic_type20.head	description	"''We're the same with new intentions
We're the same with bad intentions.''
After WW2, Empire of Japan found itself in a constant state of war against various guerillas all across the Co-Prosperity Sphere. IJA had to become a very mobile force to combat such enemies.
^#DBC5A6;DEF: +20% THERMAL^reset; | ^#FFCE6D;Hohei '60 [HEAD]: +10% Battle Rifle Proficiency | -20% projectile spread for Battle Rifles.
^#F2B8EC;Unrelenting Adaptability [FULL SET 3x | Survivalists] - +10 MAX HP | +10 DODGE | +10% General Weapon Proficiency | +10 Ability Mana."		
/items/armors/GiC IJA Uniforms/type20/gic_type20.head	shortdescription	Type 20 Field Cap		
/items/armors/GiC IJA Uniforms/type20/gic_type20.legs	description	"''Run for the hills, pick up your feet and let's go
We did our jobs, pick up speed, now let's move''
Sturdy combat pants made of cotton, with black leather, high ankle combat boots. Much more convenient than the old boot + puttee combo. Surprisingly high-quality.
^#DBC5A6;DEF: +20% THERMAL^reset; | ^#FFCE6D;Hohei '60 [LEGS]: +10% Battle Rifle Proficiency | -20% projectile spread for Battle Rifles.
^#F2B8EC;Unrelenting Adaptability [FULL SET 3x | Survivalists] - +10 MAX HP | +10 DODGE | +10% General Weapon Proficiency | +10 Ability Mana."		
/items/armors/GiC IJA Uniforms/type20/gic_type20.legs	shortdescription	Type 20 Pants		
/items/armors/GiC IJA Uniforms/type20flak/gic_type20flak.back	description	"Owing to WW2's traumatic lessons, new Kawasaki T23 RPGs were produced in very large quantities. So large that neither the armourers nor the soldiers knew what to do with all of them. They were issued amply to patrolling units and were used efficiently against enemy-held structures and fighting positions. 

^#96CBE7;Tank Terror - Enemies killed within approximately 60 blocks have a 1% chance to drop a Kawasaki T23 RPG.^reset;"		
/items/armors/GiC IJA Uniforms/type20flak/gic_type20flak.back	shortdescription	Type 20 Tube Pack w/ T23 RPG		
/items/armors/GiC IJA Uniforms/type20flak/gic_type20flak.chest	description	"Soldiers didn't like the new flak jackets at first, as they were pretty heavy and uncomfortable to wear in hot and humid weather. But since soldiers would be punished for not wearing them, some time passed, and troops rightfully recognized vest's life-saving properties.
^#DBC5A6;DEF: +20% SMALL-ARMS, +20% THERMAL^reset; | ^#FFCE6D;Hohei '60 [CHEST]: +10% Battle Rifle Proficiency | -20% projectile spread for Battle Rifles.
^#F2B8EC;Unrelenting Adaptability [FULL SET 3x | Survivalists] - +10 MAX HP | +10 DODGE | +10% General Weapon Proficiency | +10 Ability Mana."		
/items/armors/GiC IJA Uniforms/type20flak/gic_type20flak.chest	shortdescription	Type 20 Shirt w/ Flak Jacket		
/items/armors/GiC IJA Uniforms/type20flaktanktop/gic_type20flaktanktop.chest	description	"Anti-guerilla conflicts throughout Asia propped the Japanese to come up with some protection against all these pesky mines and tripwires the insurgents love to set up. Type 25 Fragmentation Vest weighed under eight pounds and was made of 12 layers of ballistic nylon sealed in a vinyl plastic bag to repel water.
^#DBC5A6;DEF: +20% SMALL-ARMS, +20% THERMAL^reset; | ^#FFCE6D;Hohei '60 [CHEST]: +10% Battle Rifle Proficiency | -20% projectile spread for Battle Rifles.
^#F2B8EC;Unrelenting Adaptability [FULL SET 3x | Survivalists] - +10 MAX HP | +10 DODGE | +10% General Weapon Proficiency | +10 Ability Mana."		
/items/armors/GiC IJA Uniforms/type20flaktanktop/gic_type20flaktanktop.chest	shortdescription	Type 25 Fragmentation Vest		
/items/armors/GiC IJA Uniforms/type20flaktropical/gic_type20flaktropical.back	description	"Owing to WW2's traumatic lessons, new Kawasaki T23 RPGs were produced in very large quantities. So large that neither the armourers nor the soldiers knew what to do with all of them. They were issued amply to patrolling units and were used efficiently against enemy-held structures and fighting positions. 

^#96CBE7;Tank Terror - Enemies killed within approximately 60 blocks have a 1% chance to drop a Kawasaki T23 RPG.^reset;"		
/items/armors/GiC IJA Uniforms/type20flaktropical/gic_type20flaktropical.back	shortdescription	Type 20 Tube Pack w/ T23 RPG		
/items/armors/GiC IJA Uniforms/type20flaktropical/gic_type20flaktropical.chest	description	"Ballistic nylon, despite popular opinion, was completely ineffective against anything bigger than a pistol round, unlike it's later cousin Kevlar. Still, what protection it provided against fragments was invaluable in a place filled with improvised explosives.

^#DBC5A6;DEF: +20% SMALL-ARMS, +20% THERMAL^reset; | ^#FFCE6D;Hohei '60 [CHEST]: +10% Battle Rifle Proficiency | -20% projectile spread for Battle Rifles.
^#F2B8EC;Unrelenting Adaptability [FULL SET 3x | Survivalists] - +10 MAX HP | +10 DODGE | +10% General Weapon Proficiency | +10 Ability Mana."		
/items/armors/GiC IJA Uniforms/type20flaktropical/gic_type20flaktropical.chest	shortdescription	Type 20 Shirt (Short) w/ Flak Jacket		
/items/armors/GiC IJA Uniforms/type20flakwinter/gic_type20flakwinter.chest	description	"''I will always remain a soldier. And all the soldiers killin' and dyin', they will always be me. We are still in the steppe.''
  
^#DBC5A6;DEF: +20% SMALL-ARMS, +20% THERMAL^reset; | ^#FFCE6D;Hohei '60 [CHEST]: +10% Battle Rifle Proficiency | -20% projectile spread for Battle Rifles.
^#F2B8EC;Unrelenting Adaptability [FULL SET 3x | Survivalists] - +10 MAX HP | +10 DODGE | +10% General Weapon Proficiency | +10 Ability Mana."		
/items/armors/GiC IJA Uniforms/type20flakwinter/gic_type20flakwinter.chest	shortdescription	Type 20 Parka w/ Flak Jacket		
/items/armors/GiC IJA Uniforms/type20officer/gic_type20officer.chest	description	"Standard IJA jungle fatigues introduced in 1960, with such necessary attributes of an officer as a map case, compass pouch and a pistol holster. There were two types of officers in India, the bloodthirsty ''old breed'' and the cowardly ''new breed''. Neither were really liked by their troops.
^#FFCE6D;Taicho '60 [CHEST]: +10% Battle Rifle Proficiency | -20% projectile spread for Battle Rifles.
^#7C7957;Hohei '60 [CHEST]: Summons one HOHEI '60 RIFLEMAN when using a ^reset;^orange;DEPLOYMENT ORDER^reset; ^#7C7957;60s Cooldown.^reset;"		
/items/armors/GiC IJA Uniforms/type20officer/gic_type20officer.chest	shortdescription	Type 20 Shirt (Officer)		
/items/armors/GiC IJA Uniforms/type20officer/gic_type20officer.head	description	"''Who's the commanding officer? Ain't you!?''
In order to allow IJA officers and NCOs to be identified by troops while not drawing attention from enemy snipers, some common items like packs of cigarettes or playing cards were attached to helmets. Exact rules differed from unit to unit, with SNLF detachments ignoring this convention altogether.
^#DBC5A6;DEF: +10% SMALL-ARMS | +5% SLASH | +5% THRUST | +7.5% BLEED^reset;
^#7C7957;Hohei '60 [HEAD]: Summons one HOHEI '60 RIFLEMAN when using a ^reset;^orange;DEPLOYMENT ORDER^reset; ^#7C7957;60s Cooldown.^reset;"		
/items/armors/GiC IJA Uniforms/type20officer/gic_type20officer.head	shortdescription	Type 19 Helmet (Officer)		
/items/armors/GiC IJA Uniforms/type20officer/gic_type20officer.legs	description	"Japanese stopped producing Shin-Gunto swords for NCOs and lower officers in the 50s, but it wasn't prohibited to carry them in combat. As such, those who displayed swords on their person were venerated as ''the old breed''. They also didn't live long, them being prized targets for guerrilla snipers.
^#FFCE6D;Taicho '60 [LEGS]: +10% Battle Rifle Proficiency | -20% projectile spread for Battle Rifles.
^#7C7957;Hohei '60 [LEGS]: Summons one HOHEI '60 RIFLEMAN when using a ^reset;^orange;DEPLOYMENT ORDER^reset; ^#7C7957;60s Cooldown.^reset;"		
/items/armors/GiC IJA Uniforms/type20officer/gic_type20officer.legs	shortdescription	Type 20 Pants (Officer)		
/items/armors/GiC IJA Uniforms/type20tanktop/gic_type20tanktop.back	description	"A couple of inseparable ''Kidney Pouches'', similar to a breadbag or a buttpack. Intended for the storage of spare underwear and socks, washing and shaving kit, boot cleaning items, twenty-four-hour rations, and any other items that the user may need to have secured.

^#CCD8B6;+1.5HP/s.^reset;"		
/items/armors/GiC IJA Uniforms/type20tanktop/gic_type20tanktop.back	shortdescription	Type 20 Backpack Pouches		
/items/armors/GiC IJA Uniforms/type20tanktop/gic_type20tanktop.chest	description	"''I'm not a tourist, I live here!''
IJA Class I-A (fit for active service) conscripts would serve for 2 years, and in the 1960's would most likely end up fighting guerillas in India or in any other Co-Prosperity Sphere puppet state.

^#DBC5A6;DEF: +20% THERMAL^reset; | ^#FFCE6D;Hohei '60 [CHEST]: +10% Battle Rifle Proficiency | -20% projectile spread for Battle Rifles.
^#F2B8EC;Unrelenting Adaptability [FULL SET 3x | Survivalists] - +10 MAX HP | +10 DODGE | +10% General Weapon Proficiency | +10 Ability Mana."		
/items/armors/GiC IJA Uniforms/type20tanktop/gic_type20tanktop.chest	shortdescription	Type 20 Webbing (Tanktop)		
/items/armors/GiC IJA Uniforms/type20tropical/gic_type20tropical.back	description	"War in the jungle posed a deadly dilemma of logistics to the IJA - patrols need to carry a lot of stuff to operate for prolonged periods outside the wire, but hauling 40 kilograms of equipment in the thick jungles is the kind of thing that gets you exhausted, fatigued, and eventually killed. Soldiers taught themselves to pack light, and ditched high-capacity backpacks for field-crafted tube packs. Clearly, 1960's generation of Hohei are just too lazy...
^#CCD8B6;Self Sustaining: Reloading an Assault Rifle, Battle Rifle, or Light Machinegun recovers 1x Scrap Metal | +0.5HP/s.^reset;"		
/items/armors/GiC IJA Uniforms/type20tropical/gic_type20tropical.back	shortdescription	Type 20 Tube Pack		
/items/armors/GiC IJA Uniforms/type20tropical/gic_type20tropical.chest	description	"''Oh, we got off that boat, commies everywhere.
A lotta killin' and dyin'. And no one seems to care.''
Major student protests and political crises in the 50's and 60's reshaped Japanese society's attitude to war. Young people didn't want to die in another one of Japan's ''counter-insurgency'' wars.
^#DBC5A6;DEF: +20% THERMAL^reset; | ^#FFCE6D;Hohei '60 [CHEST]: +10% Battle Rifle Proficiency | -20% projectile spread for Battle Rifles.
^#F2B8EC;Unrelenting Adaptability [FULL SET 3x | Survivalists] - +10 MAX HP | +10 DODGE | +10% General Weapon Proficiency | +10 Ability Mana."		
/items/armors/GiC IJA Uniforms/type20tropical/gic_type20tropical.chest	shortdescription	Type 20 Shirt (Short)		
/items/armors/GiC IJA Uniforms/type20tropical/gic_type20tropical.head	description	"''I'm at my highest peak, I'm ripe
About to fall, capture me
Or at least take my picture
Kuzurete yuku maeni.''
  
^#DBC5A6;DEF: +20% THERMAL^reset; | ^#FFCE6D;Hohei '60 [HEAD]: +10% Battle Rifle Proficiency | -20% projectile spread for Battle Rifles.
^#F2B8EC;Unrelenting Adaptability [FULL SET 3x | Survivalists] - +10 MAX HP | +10 DODGE | +10% General Weapon Proficiency | +10 Ability Mana."		
/items/armors/GiC IJA Uniforms/type20tropical/gic_type20tropical.head	shortdescription	Type 20 Field Cap w/ Flaps		
/items/armors/GiC IJA Uniforms/type20tropical/gic_type20tropical.legs	description	"''Are you sweaty because you're hot, or are you hot because you're sweaty?''
Standard Type 20 pants, tailored into shorts. They are usually made of damaged or surplus pants. Very much a uniform violation, but also very comfy.
^#DBC5A6;DEF: +20% THERMAL^reset; | ^#FFCE6D;Hohei '60 [LEGS]: +10% Battle Rifle Proficiency | -20% projectile spread for Battle Rifles.
^#F2B8EC;Unrelenting Adaptability [FULL SET 3x | Survivalists] - +10 MAX HP | +10 DODGE | +10% General Weapon Proficiency | +10 Ability Mana."		
/items/armors/GiC IJA Uniforms/type20tropical/gic_type20tropical.legs	shortdescription	Type 20 Short Shorts		
/items/armors/GiC IJA Uniforms/type20winter/gic_type20winter.chest	description	"''Neither cross stands high in the hills,
Nor a stone fulfilled God's will -
Waltz Manchurian praises the Glory
To the fallen - and always will.''

^#DBC5A6;DEF: +20% THERMAL^reset; | ^#FFCE6D;Hohei '60 [CHEST]: +10% Battle Rifle Proficiency | -20% projectile spread for Battle Rifles.
^#F2B8EC;Unrelenting Adaptability [FULL SET 3x | Survivalists] - +10 MAX HP | +10 DODGE | +10% General Weapon Proficiency | +10 Ability Mana."		
/items/armors/GiC IJA Uniforms/type20winter/gic_type20winter.chest	shortdescription	Type 20 Parka		
/items/armors/GiC IJA Uniforms/type20winter/gic_type20winter.head	description	"''Border guarding is long periods of boredom punctuated by moments of sheer terror.''
Standard ''Ushanka-hat'' element of winter uniform used by Japanese and Manchu forces, particularly in the regions bordering Russia.
^#DBC5A6;DEF: +20% THERMAL^reset; | ^#FFCE6D;Hohei '60 [HEAD]: +10% Battle Rifle Proficiency | -20% projectile spread for Battle Rifles.
^#F2B8EC;Unrelenting Adaptability [FULL SET 3x | Survivalists] - +10 MAX HP | +10 DODGE | +10% General Weapon Proficiency | +10 Ability Mana."		
/items/armors/GiC IJA Uniforms/type20winter/gic_type20winter.head	shortdescription	Type 20 Fur Hat		
/items/armors/GiC IJA Uniforms/type20winter_alt/gic_type20winter_alt.head	description	"''Border guarding is long periods of boredom punctuated by moments of sheer terror.''
Standard ''Ushanka-hat'' element of winter uniform used by Japanese and Manchu forces, particularly in the regions bordering Russia.
^#DBC5A6;DEF: +20% THERMAL^reset; | ^#FFCE6D;Hohei '60 [HEAD]: +10% Battle Rifle Proficiency | -20% projectile spread for Battle Rifles.
^#F2B8EC;Unrelenting Adaptability [FULL SET 3x | Survivalists] - +10 MAX HP | +10 DODGE | +10% General Weapon Proficiency | +10 Ability Mana."		
/items/armors/GiC IJA Uniforms/type20winter_alt/gic_type20winter_alt.head	shortdescription	Type 20 Fur Hat (Flaps Down)		
/items/armors/GiC IJA Uniforms/type26/gic_type26.chest	description	"Standard-issue Type 20 Uniform with a new Type 26 camouflage pattern. Nicknamed ''Hokkaido'' thanks to its cold colour palette, it would be a stretch to say this design succeeded anywhere, unlike its many derivaties.

^#DBC5A6;DEF: +20% THERMAL^reset; | ^#FFCE6D;Hohei '60 [CHEST]: +10% Battle Rifle Proficiency | -20% projectile spread for Battle Rifles.
^#F2B8EC;Unrelenting Adaptability [FULL SET 3x | Survivalists] - +10 MAX HP | +10 DODGE | +10% General Weapon Proficiency | +10 Ability Mana."		
/items/armors/GiC IJA Uniforms/type26/gic_type26.chest	shortdescription	Type 26 Shirt		
/items/armors/GiC IJA Uniforms/type26/gic_type26.head	description	"''Gods know I've skrewed things up before and probably shouda stayed out of the Army in the first place instead of volunteering because of what I thought Dad would think. But that doesn't really matter now. Tomorrow I'm gonna do good. No matter what it takes. Take care, okay? Bye Mom. I love you.''
^#DBC5A6;DEF: +20% THERMAL^reset; | ^#FFCE6D;Hohei '60 [HEAD]: +10% Battle Rifle Proficiency | -20% projectile spread for Battle Rifles.
^#F2B8EC;Unrelenting Adaptability [FULL SET 3x | Survivalists] - +10 MAX HP | +10 DODGE | +10% General Weapon Proficiency | +10 Ability Mana."		
/items/armors/GiC IJA Uniforms/type26/gic_type26.head	shortdescription	Type 26 Field Cap		
/items/armors/GiC IJA Uniforms/type26/gic_type26.legs	description	"''Yeah, you can hide upstream
We will trap and scalp you
Change the color of your skin
But sure as night we'll find you.''

^#DBC5A6;DEF: +20% THERMAL^reset; | ^#FFCE6D;Hohei '60 [LEGS]: +10% Battle Rifle Proficiency | -20% projectile spread for Battle Rifles.
^#F2B8EC;Unrelenting Adaptability [FULL SET 3x | Survivalists] - +10 MAX HP | +10 DODGE | +10% General Weapon Proficiency | +10 Ability Mana."		
/items/armors/GiC IJA Uniforms/type26/gic_type26.legs	shortdescription	Type 26 Pants		
/items/armors/GiC IJA Uniforms/type26flak/gic_type26flak.chest	description	"Soldiers on long patrols would kill to get their hands on camouflage, but it would be some time before new camo uniforms would get into the hands of troops. Some have resorted to painting stripes or blotches of black and brown on their uniforms with whatever they had on their hands.
^#DBC5A6;DEF: +20% SMALL-ARMS, +20% THERMAL^reset; | ^#FFCE6D;Hohei '60 [CHEST]: +10% Battle Rifle Proficiency | -20% projectile spread for Battle Rifles.
^#F2B8EC;Unrelenting Adaptability [FULL SET 3x | Survivalists] - +10 MAX HP | +10 DODGE | +10% General Weapon Proficiency | +10 Ability Mana."		
/items/armors/GiC IJA Uniforms/type26flak/gic_type26flak.chest	shortdescription	Type 26 Shirt w/ Flak Jacket		
/items/armors/GiC IJA Uniforms/type26flakwinter/type26flakwinter.chest	description	"''- You realize the shit that we've done here? The people we've killed? Back in the civilian world, if we did this... we would go to prison.
- You're thinking like a Korean again. Think like a Japanese. Over there they'll be laying on medals for what we did.''
^#DBC5A6;DEF: +20% SMALL-ARMS, +20% THERMAL^reset; | ^#FFCE6D;Hohei '60 [CHEST]: +10% Battle Rifle Proficiency | -20% projectile spread for Battle Rifles.
^#F2B8EC;Unrelenting Adaptability [FULL SET 3x | Survivalists] - +10 MAX HP | +10 DODGE | +10% General Weapon Proficiency | +10 Ability Mana."		
/items/armors/GiC IJA Uniforms/type26flakwinter/type26flakwinter.chest	shortdescription	Type 26 Parka w/ Flak Jacket		
/items/armors/GiC IJA Uniforms/type26tropical/gic_type26tropical.chest	description	"''Hokkaido'' pattern wasn't very popular with troops stationed in India, for obvious reasons. Veterans preferred regular plain green fatigues, before commercial recolored variants of Type 26 became available on local gray markets.

^#DBC5A6;DEF: +20% THERMAL^reset; | ^#FFCE6D;Hohei '60 [CHEST]: +10% Battle Rifle Proficiency | -20% projectile spread for Battle Rifles.
^#F2B8EC;Unrelenting Adaptability [FULL SET 3x | Survivalists] - +10 MAX HP | +10 DODGE | +10% General Weapon Proficiency | +10 Ability Mana."		
/items/armors/GiC IJA Uniforms/type26tropical/gic_type26tropical.chest	shortdescription	Type 26 Shirt (Rolled Sleeves)		
/items/armors/GiC IJA Uniforms/type26tropical/gic_type26tropical.head	description	"''We're the same with new intentions
We're the same with bad intentions.''

After WW2, Empire of Japan found itself in a constant state of war against various guerillas all across the Co-Prosperity Sphere. IJA had to become a very mobile force to combat such enemies.
  
^#DBC5A6;DEF: +20% THERMAL^reset; | ^#FFCE6D;Hohei '60 [HEAD]: +10% Battle Rifle Proficiency | -20% projectile spread for Battle Rifles.
^#F2B8EC;Unrelenting Adaptability [FULL SET 3x | Survivalists] - +10 MAX HP | +10 DODGE | +10% General Weapon Proficiency | +10 Ability Mana."		
/items/armors/GiC IJA Uniforms/type26tropical/gic_type26tropical.head	shortdescription	Type 20 Field Cap		
/items/armors/GiC IJA Uniforms/type26tropical/gic_type26tropical.legs	description	"''Yeah, you can hide upstream
We will trap and scalp you
Change the color of your skin
But sure as night we'll find you.''

^#DBC5A6;DEF: +20% THERMAL^reset; | ^#FFCE6D;Hohei '60 [LEGS]: +10% Battle Rifle Proficiency | -20% projectile spread for Battle Rifles.
^#F2B8EC;Unrelenting Adaptability [FULL SET 3x | Survivalists] - +10 MAX HP | +10 DODGE | +10% General Weapon Proficiency | +10 Ability Mana."		
/items/armors/GiC IJA Uniforms/type26tropical/gic_type26tropical.legs	shortdescription	Type 26 Pants		
/items/armors/GiC IJA Uniforms/type26winter/gic_type26winter.chest	description	"''The Winter. What will the winter do? The wind, the cold. Up in Attu, in Kiska, the ice, what will it do? It beat Napoleon at Moscow.''
Type 26 camo pattern was initially designed for troops stationed in Hokkaido - a mountainous, cold island that was the most likely target target for Soviet invasion, if such a thing would occur.
^#DBC5A6;DEF: +20% THERMAL^reset; | ^#FFCE6D;Hohei '60 [CHEST]: +10% Battle Rifle Proficiency | -20% projectile spread for Battle Rifles.
^#F2B8EC;Unrelenting Adaptability [FULL SET 3x | Survivalists] - +10 MAX HP | +10 DODGE | +10% General Weapon Proficiency | +10 Ability Mana."		
/items/armors/GiC IJA Uniforms/type26winter/gic_type26winter.chest	shortdescription	Type 26 Parka		
/items/armors/GiC IJA Uniforms/type26winter/gic_type26winter.head	description	"''We're the same with new intentions
We're the same with bad intentions.''

After WW2, Empire of Japan found itself in a constant state of war against various guerillas all across the Co-Prosperity Sphere. IJA had to become a very mobile force to combat such enemies.
  
^#DBC5A6;DEF: +20% THERMAL^reset; | ^#FFCE6D;Hohei '60 [HEAD]: +10% Battle Rifle Proficiency | -20% projectile spread for Battle Rifles.
^#F2B8EC;Unrelenting Adaptability [FULL SET 3x | Survivalists] - +10 MAX HP | +10 DODGE | +10% General Weapon Proficiency | +10 Ability Mana."		
/items/armors/GiC IJA Uniforms/type26winter/gic_type26winter.head	shortdescription	Type 20 Field Cap		
/items/armors/GiC IJA Uniforms/type5/gic_type5.back	description	"Old WW1 backpacks like these had wooden frames and were lined with animal hides and fur to protect the contents from rain.
^#CCD8B6;+10% DODGE.^reset;
^#F2B8EC;Guts & Glory [FULL SET 4x REQUIRED] - Firing a two-handed Muzzleloader/Sniper Rifle activates GLORY | When GLORY is active: Forces walking, -50% Movement, +50% Muzzleloader/Sniper Rifle Proficiency, +50% SMALL-ARMS (+25% Heavy-Arms) Resist, +5HP/s | Ability only lasts an initial 10s (6s for sniper rifles), but can be refreshed on each reload | 45s cooldown if expiring."		
/items/armors/GiC IJA Uniforms/type5/gic_type5.back	shortdescription	Type 45 Backpack		
/items/armors/GiC IJA Uniforms/type5/gic_type5.chest	description	"Type 5 uniform was introduced in 1930, and features standing collar and shoulder tabs. It was essentially a variant of earlier uniforms, like Type 45 (introduced in 1911). Siding with the Entente in WW1, IJA was influenced extencively by the French, adopting Adrian helmet and French-styled rank shoulder-tabs for their uniforms.
^#DBC5A6;DEF: +10% DODGE | +20% THERMAL.
^#F2B8EC;Guts & Glory [FULL SET 4x REQUIRED] - Refer to the Type 45 Backpack for effects."		
/items/armors/GiC IJA Uniforms/type5/gic_type5.chest	shortdescription	Type 5 Tunic		
/items/armors/GiC IJA Uniforms/type5/gic_type5.head	description	"Early-war peaked cap. Although this style of hats is usually assosiated with officers, Japanese service hats were standard-issue to all IJA personnel prior to adoption of Sen-bou Type 98 caps. Red band signifies infantry, and each branch of military had their own colour.

^#DBC5A6;DEF: +10% DODGE | +15% THERMAL.
^#F2B8EC;Guts & Glory [FULL SET 4x REQUIRED] - Refer to the Type 45 Backpack for effects."		
/items/armors/GiC IJA Uniforms/type5/gic_type5.head	shortdescription	Type 45 Service Hat		
/items/armors/GiC IJA Uniforms/type5/gic_type5.legs	description	"Type 5 pants with putees and hobnailed boots. Made of wool and colored in khaki, Type 5 uniform wasn't really unique, with Chinese forces using similar uniforms prior and during Second Sino-Japanese War.
  
^#DBC5A6;DEF: +10% DODGE | +15% THERMAL.
^#F2B8EC;Guts & Glory [FULL SET 4x REQUIRED] - Refer to the Type 45 Backpack for effects."		
/items/armors/GiC IJA Uniforms/type5/gic_type5.legs	shortdescription	Type 5 Pants		
/items/armors/GiC IJA Uniforms/type5armor/gic_type5armor.chest	description	"Type 5 tunic with a protection body vest worn on top. There are metal inserts sewn in, overlaying eachother like scales. White label on the front indicates that it was ''Carefully produced, reverently made'' by ''East Asia Industrial Research Institute''. Like all WW2-era infantry body armor, it's a bit too heavy for too little ballistic protection.
^#DBC5A6;DEF: +20% SMALL-ARMS | +30% BLEED PROC | +30% SLASH | +15% THRUST^reset;
^#F2B8EC;Guts & Glory [FULL SET 4x REQUIRED] - Refer to the Type 45 Backpack for effects."		
/items/armors/GiC IJA Uniforms/type5armor/gic_type5armor.chest	shortdescription	Type 5 Tunic (Steel Body Wear)		
/items/armors/GiC IJA Uniforms/type95_gasmask/gic_type95_gasmask.head	description	"Japanese military gas mask, introduced in year 1935. WW2 wasn't remembered for chemical warfare both because most sides didn't want to repeat horrors of First World War, and because everyone was prepared for gas attacks anyway, making them not that great of a weapon. China, lacking in industry, was unable to effectively fight chemical and biological WMD's. And IJA exploited it.
^green;+30% POISON and PSYCHIC Resistance.^reset;  
^#799E4B;Prevents certain [GIC] environmental hazards.^reset;"		
/items/armors/GiC IJA Uniforms/type95_gasmask/gic_type95_gasmask.head	shortdescription	Type 95 Gas Mask		
/items/armors/GiC IJA Uniforms/type98/gic_type98.back	description	"Standard-issue Japanese Army backpack. Nickname ''Tako'' means ''octopus'' in Japanese, and comes from its complicated system of straps holding it together. Contemporary backpacks were quite small, and a lot of equipment was carried on top of it rather than inside. Japanese soldiers were intimately familiar with defensive fortifications, and with ''do-or-die'' attitude they even dug tunnels through entire mountains with just pickaxes and shovels.

^#CCD8B6;+25HP.^reset;"		
/items/armors/GiC IJA Uniforms/type98/gic_type98.back	shortdescription	Type 99 ''Tako'' Backpack		
/items/armors/GiC IJA Uniforms/type98/gic_type98.chest	description	"Type 98 cotton tunic, complete with ammo pouches and a breadbag. Imperial Japanese Army was a fighting force unlike any European army, its soldiers willing to carry on where others would give up. It's also infamous for heinous warcrimes, commited out of the same fanaticism.
  
^#96CBE7;SECOND CHANCE - On taking FATAL Damage, gain 3s of INVULNERABILITY^reset; | ^#B3AD97;LONG LIVE HIS MAJESTY - Each piece reduces cooldown of SECOND CHANCE by 20%^reset;"		
/items/armors/GiC IJA Uniforms/type98/gic_type98.chest	shortdescription	Type 98 Tunic		
/items/armors/GiC IJA Uniforms/type98/gic_type98.head	description	"Imperial Japanese Army field cap, known as Sen-bou. Essentially a little woolen garrison cap with a visor. Empire of Japan's militaristic government aimed at establishing Japanese dominion over entirity of Eastern Asia. Naturally, such expansionist ambitions set Japan on a collision course with major world powers such as Britain and United States. 
  
^green;+10% Movement Speed.^reset;"		
/items/armors/GiC IJA Uniforms/type98/gic_type98.head	shortdescription	Type 98 Field Cap		
/items/armors/GiC IJA Uniforms/type98/gic_type98.legs	description	"Type 98 pants with putees and hobnailed boots. Banzai charges were a valid tactic, as their psychological effect was powerful against poorly trained and under-equipped forces. In face of trained opposition with lots of automatic weapons, banzai attacks became glorified suicide charges. 
  
^#96CBE7;SECOND CHANCE - On taking FATAL Damage, gain 3s of INVULNERABILITY^reset; | ^#B3AD97;LONG LIVE HIS MAJESTY - Each piece reduces cooldown of SECOND CHANCE by 20%^reset;"		
/items/armors/GiC IJA Uniforms/type98/gic_type98.legs	shortdescription	Type 98 Pants		
/items/armors/GiC IJA Uniforms/type98camo/gic_type98camo.back	description	"Tube rucksack covered by net-cape with foliage. Night raids and surprise attacks were integral to the IJA infantry doctrine, and worked to great effect in the early years of war. However, since Japanese officers were notoriously unversatile, Allies learned to defend themselves from night-time incursions. As well-trained Japanese troops were replaced by hastily trained recruits, these tactics broke down entirely.

^#CCD8B6;+10% DODGE.^reset;"		
/items/armors/GiC IJA Uniforms/type98camo/gic_type98camo.back	shortdescription	IJA Tube Pack Camouflaged		
/items/armors/GiC IJA Uniforms/type98camo/gic_type98camo.chest	description	"Type 98 tropical shirt with a net-cape, filled with foliage for camouflage purposes. By the end of the war, IJA was in a rather asymmetric position relative to Allies, and had to utilize tactics more associated today with insurgents and guerrillas: ambushes, booby traps, extensive use of underground tunnels and even suicide bombers...

^orange;Ambush Tactics [CHEST] - Grants +10% DODGE. Taking damage transfers the boost to +15% [EWS] HIT CHANCE, ACCURACY and SPEED.^reset;"		
/items/armors/GiC IJA Uniforms/type98camo/gic_type98camo.chest	shortdescription	Type 98 Tropical Shirt Camouflaged		
/items/armors/GiC IJA Uniforms/type98camo/gic_type98camo.legs	description	"''Bushido is realized in the presence of death.''

Type 98 pants, with weeds and branches inserted into puttees. While Japanese used unconventional tactics, their use contradicted the Bushido code on which IJA was built. Soldiers and officers preferred to hold positions to their death rather than retreat to live another day.
^orange;Ambush Tactics [LEGS] - Grants +10% DODGE. Taking damage transfers the boost to +15% [EWS] HIT CHANCE, ACCURACY and SPEED.^reset;"		
/items/armors/GiC IJA Uniforms/type98camo/gic_type98camo.legs	shortdescription	Type 98 Pants Camouflaged		
/items/armors/GiC IJA Uniforms/type98camoofficer/type98camoofficer.chest	description	"Unlike your typical cruel but cowardly officers that send troops to certain death, IJA commanders were quite eager to meet death themselves. But the smarter officers would rather prolong the fight, becoming guerillas that would haunt the Allies long after the battle (or war, for that matter) was lost.
^#C9C2B2;The Fox [CHEST]: Summons one CAMOUFLAGED IJA RIFLEMAN when using a ^reset;^orange;DEPLOYMENT ORDER^reset; ^#C9C2B2;60s Cooldown. |^reset; ^#DBC5A6;DEF: +10% DODGE |^reset; ^#FFCE6D;Frontline Command [CHEST]: +10% One-Handed Proficiency | -20% projectile spread for One-Handed Weapons.^reset;"		
/items/armors/GiC IJA Uniforms/type98camoofficer/type98camoofficer.chest	shortdescription	Type 98 Officer Shirt Camouflaged		
/items/armors/GiC IJA Uniforms/type98camoofficer/type98camoofficer.legs	description	"''My aim is to win the war. You just want to die. One must be ready to die. But we must fight to win, not to die. Our job is to kill the enemy and lead our army to victory. Don't ever forget that.'' 
  
^#C9C2B2;The Fox [LEGS]: Summons one CAMOUFLAGED IJA RIFLEMAN when using a ^reset;^orange;DEPLOYMENT ORDER^reset; ^#C9C2B2;60s Cooldown. |^reset; ^#DBC5A6;DEF: +10% DODGE |^reset; ^#FFCE6D;Frontline Command [CHEST]: +10% One-Handed Proficiency | -20% projectile spread for One-Handed Weapons.^reset;"		
/items/armors/GiC IJA Uniforms/type98camoofficer/type98camoofficer.legs	shortdescription	Type 98 Officer Pants Camouflaged		
/items/armors/GiC IJA Uniforms/type98grenadier/gic_type98grenadier.chest	description	"Type 98 Tunic with pouches for Type 89 mortar shells. Compared to rifle grenades or post-war grenade launchers, T89's recoil was enough to break a femur (hence the infamy), but soldiers found ways to direct-fire the mortar, such as putting the backplate against walls or tree trunks. Wherever Japanese marched, T89 gained a good reputation among local fighters - it kept ''popping'' shells across Asia all the way up to Vietnam War.
^#96CBE7;Fire Support - Enemies killed within approximately 60 blocks have a 5% chance to drop a Osaka T89 50mm Mortar Shell.^reset;"		
/items/armors/GiC IJA Uniforms/type98grenadier/gic_type98grenadier.chest	shortdescription	Type 98 Tunic (Grenadier)		
/items/armors/GiC IJA Uniforms/type98holdout/gic_type98holdout.chest	description	"

^#DBC5A6;DEF: +20% THERMAL^reset;
^#96CBE7;The Vow to Fight On [CHEST]: Slightly reduces hunger rate.^reset;"		
/items/armors/GiC IJA Uniforms/type98holdout/gic_type98holdout.chest	shortdescription	Holdout's Shirt		
/items/armors/GiC IJA Uniforms/type98holdout/gic_type98holdout.head	description	"

^#DBC5A6;DEF: +20% THERMAL^reset;
^#96CBE7;The Vow to Fight On [CHEST]: Slightly reduces hunger rate.^reset;"		
/items/armors/GiC IJA Uniforms/type98holdout/gic_type98holdout.head	shortdescription	Holdout's Cap		
/items/armors/GiC IJA Uniforms/type98holdout/gic_type98holdout.legs	description	"
  
^#DBC5A6;DEF: +20% THERMAL^reset;
^#96CBE7;The Vow to Fight On [CHEST]: Slightly reduces hunger rate.^reset;"		
/items/armors/GiC IJA Uniforms/type98holdout/gic_type98holdout.legs	shortdescription	Holdout's Pants		
/items/armors/GiC IJA Uniforms/type98kempeitai/gic_type98kempeitai.chest	description	"Type 98 Tunic with Kempeitai insignias. The infamous military police of the IJA was an organization with a lots of roles - counterintelligence, counterinsurgency, HUMINT, POW camps security, HVT raids, travel permits, food requisition, and many more. Due to their brutality, use of torture, and general warcrimes, they have a reputation in Asia very comparable to that of the SS in the West. 
^#96CBE7;Fear Factor [CHEST]: Nearby infantry become hesitant, reducing their effective firerate by 0.25s.^reset;"		
/items/armors/GiC IJA Uniforms/type98kempeitai/gic_type98kempeitai.chest	shortdescription	Type 98 Tunic (Kempeitai)		
/items/armors/GiC IJA Uniforms/type98officer/gic_type98officer.chest	description	"Type 98 cotton tunic with officer gear. Commanding officers often have to risk their lives on the battlefield, much like the men under their command. You want to win the battle? Then get your boots on the ground and lead your men!
  
^#7F6044;Imperial Army [CHEST]: Summons one IJA RIFLEMAN when using a ^reset;^orange;DEPLOYMENT ORDER^reset; ^#7F6044;60s Cooldown. |^reset; ^#DBC5A6;DEF: +10% DODGE |^reset; ^#FFCE6D;Frontline Command [CHEST]: +10% One-Handed Proficiency | -20% projectile spread for One-Handed Weapons.^reset;"		
/items/armors/GiC IJA Uniforms/type98officer/gic_type98officer.chest	shortdescription	Type 98 Officer Tunic		
/items/armors/GiC IJA Uniforms/type98officer/gic_type98officer.head	description	"Imperial Japanese Army officer's field cap. Japanese officers had to procure their uniforms themselves. Because of this, there was a great variety of uniforms that followed the same pattern but had different coloration, materials and overall quality, depending on how much money the officer was ready to spend. 
^#7F6044;Imperial Army [HEAD]: Summons one IJA RIFLEMAN when using a ^reset;^orange;DEPLOYMENT ORDER^reset; ^#7F6044;60s Cooldown. |^reset; ^#DBC5A6;DEF: +10% DODGE |^reset; ^#FFCE6D;Frontline Command [HEAD]: +10% One-Handed Proficiency | -20% projectile spread for One-Handed Weapons.^reset;"		
/items/armors/GiC IJA Uniforms/type98officer/gic_type98officer.head	shortdescription	Type 98 Officer Field Cap		
/items/armors/GiC IJA Uniforms/type98officer/gic_type98officer.legs	description	"Type 98 pants with a (decorative) Shin-Gunto on the belt. More ''battle-hardened'' NCO's preferred to carry their swords on the back, because it turns out that you have to crawl a lot on modern battlefield. Officers, however, don't crawl.
  
^#7F6044;Imperial Army [LEGS]: Summons one IJA RIFLEMAN when using a ^reset;^orange;DEPLOYMENT ORDER^reset; ^#7F6044;60s Cooldown. |^reset; ^#DBC5A6;DEF: +10% DODGE |^reset; ^#FFCE6D;Frontline Command [LEGS]: +10% One-Handed Proficiency | -20% projectile spread for One-Handed Weapons.^reset;"		
/items/armors/GiC IJA Uniforms/type98officer/gic_type98officer.legs	shortdescription	Type 98 Officer Pants		
/items/armors/GiC IJA Uniforms/type98tropical/gic_type98tropical.back	description	"Tube rucksack issued to IJA light infantry units. Jungle warfare bears innumerable risks, with tropical diseases and predatory fauna being just a tip of the iceberg. Japanese forces in Burmese Theatre of Operations gained reputation of experts in jungle warfare, as they were willing enough to cut through the thickest, most impassible terrain. British Chindits soon challenged that reputation.

^#96CBE7;Feed Off The Land: Slightly reduces hunger rate.^reset;"		
/items/armors/GiC IJA Uniforms/type98tropical/gic_type98tropical.back	shortdescription	IJA Tube Pack		
/items/armors/GiC IJA Uniforms/type98tropical/gic_type98tropical.chest	description	"Type 98 tropical shirt, with 2/3 sleeves. Empire of Japan was an underdeveloped island nation trying to win against several major world powers across several Theaters of War. Supply was vital in these circumstances, and IJA's supply in the Pacific and South-Eastern Asia was ridiculously awful.

^green;+10% Movement Speed.^reset;"		
/items/armors/GiC IJA Uniforms/type98tropical/gic_type98tropical.chest	shortdescription	Type 98 Tropical Shirt		
/items/armors/GiC IJA Uniforms/type98tropical/gic_type98tropical.head	description	"Late-war modification of Sen-bou field cap. Fighting in tropical areas was dictated by supply, and Japanese were notorious in this regard, as soldiers often had to subsist on meager rations and foraged food. Two-thirds of total IJA death count was attributed to illness and starvation. 
  
^green;+10% Movement Speed.^reset;"		
/items/armors/GiC IJA Uniforms/type98tropical/gic_type98tropical.head	shortdescription	Type 98 Field Cap w/ Flaps		
/items/armors/GiC IJA Uniforms/type98tropical/gic_type98tropical.legs	description	"''I hate the British! You are defeated but you have no shame. You are stubborn but you have no pride. You endure but you have no courage. I hate the British!''
Standard-issued IJA shorts. Many contemporary militaries used shorts in tropical and desert climates. Japanese troops in WW2 occupied large territories close to Earth's equator, and had to adapt it's equipment accordingly.

^green;+10% Movement Speed.^reset;"		
/items/armors/GiC IJA Uniforms/type98tropical/gic_type98tropical.legs	shortdescription	Type 98 Shorts		
/items/armors/GiC IJA Uniforms/type98tropical_sleeveless/gic_type98tropical_sleeveless.chest	description	"Type 98 tropical shirt with short sleeves. Hot and humid tropical islands of the Pacific were just as harsh on men as on their equipment. Cotton uniforms of the Japanese would literally rot away and come apart at the seams, at which point soldiers would take American clothes, likely from the dead G.I.s.

^green;+10% Movement Speed.^reset;"		
/items/armors/GiC IJA Uniforms/type98tropical_sleeveless/gic_type98tropical_sleeveless.chest	shortdescription	Type 98 Tropical Shirt w/ Short Sleeves		
/items/armors/GiC IJA Uniforms/type98tropicalofficer/gic_type98tropical_officer.chest	description	"NCO's Type 98 tropical shirt, with 2/3 sleeves. As in every other nation in the world, NCOs in Japan came from enlisted personnel, unlike proper officers. If your average soldier a was stubborn fanatic, you can guess who were the people that lead them into battles. 
^#C9C2B2;Pacific Bulwark [CHEST]: Summons one PACIFIC IJA RIFLEMAN when using a ^reset;^orange;DEPLOYMENT ORDER^reset; ^#C9C2B2;60s Cooldown. |^reset; ^#DBC5A6;DEF: +10% DODGE |^reset; ^#FFCE6D;Frontline Command [CHEST]: +10% One-Handed Proficiency | -20% projectile spread for One-Handed Weapons.^reset;"		
/items/armors/GiC IJA Uniforms/type98tropicalofficer/gic_type98tropical_officer.chest	shortdescription	Type 98 Tropical NCO Shirt		
/items/armors/GiC IJA Uniforms/type98tropicalofficer/gic_type98tropical_officer.head	description	"''Death is now inevitable. As men of the Empire, it is now time to sacrifice ourselves and deal a blow to the Americans, creating with our very bones an impenetrable barrier in the Pacific. Shame not yourself in choosing life and be taken prisoner over death.'' 
  
^#C9C2B2;Pacific Bulwark [HEAD]: Summons one PACIFIC IJA RIFLEMAN when using a ^reset;^orange;DEPLOYMENT ORDER^reset; ^#C9C2B2;60s Cooldown. |^reset; ^#DBC5A6;DEF: +10% DODGE |^reset; ^#FFCE6D;Frontline Command [CHEST]: +10% One-Handed Proficiency | -20% projectile spread for One-Handed Weapons.^reset;"		
/items/armors/GiC IJA Uniforms/type98tropicalofficer/gic_type98tropical_officer.head	shortdescription	Type 98 Officer Field Cap w/ Flaps		
/items/armors/GiC IJA Uniforms/type98tropicalofficer/gic_type98tropical_officer.legs	description	"Type 98 pants with a sword scabbard. Swords in WW2 were more of a badge of honor than actual weapons, as infantry tactics favoured firepower over melee charges several decades prior. But if nothing else, it sure is a morale boost to see your leader charge the enemy head-first with a sword in hands.
^#C9C2B2;Pacific Bulwark [LEGS]: Summons one PACIFIC IJA RIFLEMAN when using a ^reset;^orange;DEPLOYMENT ORDER^reset; ^#C9C2B2;60s Cooldown. |^reset; ^#DBC5A6;DEF: +10% DODGE |^reset; ^#FFCE6D;Frontline Command [CHEST]: +10% One-Handed Proficiency | -20% projectile spread for One-Handed Weapons.^reset;"		
/items/armors/GiC IJA Uniforms/type98tropicalofficer/gic_type98tropical_officer.legs	shortdescription	Type 98 NCO Pants		
/items/armors/GiC IJA Uniforms/type98tropicalofficer_sleeveless/gic_type98tropical_sleeveless_officer.chest	description	"''A word to you about escape. There is no barbed wire. No stockade. No watchtower. They are not necessary. We are an island in the jungle. Escape is impossible. You would die.''

^#C9C2B2;Pacific Bulwark [CHEST]: Summons one PACIFIC IJA RIFLEMAN when using a ^reset;^orange;DEPLOYMENT ORDER^reset; ^#C9C2B2;60s Cooldown. |^reset; ^#DBC5A6;DEF: +10% DODGE |^reset; ^#FFCE6D;Frontline Command [CHEST]: +10% One-Handed Proficiency | -20% projectile spread for One-Handed Weapons.^reset;"		
/items/armors/GiC IJA Uniforms/type98tropicalofficer_sleeveless/gic_type98tropical_sleeveless_officer.chest	shortdescription	Type 98 Tropical NCO Shirt w/ Short Sleeves		
/items/armors/GiC IJA Uniforms/type98tropicalofficer_sleeveless/gic_type98tropical_sleeveless_officer.legs	description	"Standard-issued IJA shorts. Many contemporary militaries used shorts in tropical and desert climates. Japanese troops in WW2 occupied large territories close to Earth's equator, and had to adapt it's equipment accordingly.

^#C9C2B2;Pacific Bulwark [LEGS]: Summons one PACIFIC IJA RIFLEMAN when using a ^reset;^orange;DEPLOYMENT ORDER^reset; ^#C9C2B2;60s Cooldown. |^reset; ^#DBC5A6;DEF: +10% DODGE |^reset; ^#FFCE6D;Frontline Command [CHEST]: +10% One-Handed Proficiency | -20% projectile spread for One-Handed Weapons.^reset;"		
/items/armors/GiC IJA Uniforms/type98tropicalofficer_sleeveless/gic_type98tropical_sleeveless_officer.legs	shortdescription	Type 98 Tropical NCO Shorts		
/items/armors/GiC IJA Uniforms/type98winter/gic_type98winter.head	description	"''Humans are built to explore, yet most of us don't really think that we'll become truly lost. But inevitably, some of us will.''

Winters in Northern and Central China are cruelly cold, so most of major battles of Second Sino-Japanese War took place outside of winter periods. 
  
^green;+10% Movement Speed^reset;"		
/items/armors/GiC IJA Uniforms/type98winter/gic_type98winter.head	shortdescription	Type 98 Fur Hat		
/items/armors/GiC IJA Uniforms/type98winter_alt/gic_type98winter_alt.head	description	"''Humans are built to explore, yet most of us don't really think that we'll become truly lost. But inevitably, some of us will.''

Winters in Northern and Central China are cruelly cold, so most of major battles of Second Sino-Japanese War took place outside of winter periods. 
  
^green;+10% Movement Speed^reset;"		
/items/armors/GiC IJA Uniforms/type98winter_alt/gic_type98winter_alt.head	shortdescription	Type 98 Fur Hat (Flaps Down)		
/items/armors/UNUSED/GiC US Uniforms/M1 Helmets/m1/gic_m1.head	shortdescription	M1 Helmet		
/items/armors/UNUSED/GiC US Uniforms/M1 Helmets/m1camo/gic_m1camo.head	shortdescription	M1 Helmet		
/items/armors/UNUSED/GiC US Uniforms/M1 Helmets/m1camoflap/gic_m1camoflap.head	shortdescription	M1 Helmet		
/items/armors/UNUSED/GiC US Uniforms/p1941/gic_p1941.back	description	Standard-issue Taisho-era IJA backpack. Old WW1 backpacks like these had wooden frames and were lined with animal hides and fur (cow or horse) to protect the contents from rain.		
/items/armors/UNUSED/GiC US Uniforms/p1941/gic_p1941.back	shortdescription	USMC P41 Backpack		
/items/armors/UNUSED/GiC US Uniforms/p1941/gic_p1941.chest	description	"lmao.
  
^green;+10% Movement Speed.^reset;
^green;+10% ATK Power.^reset;"		
/items/armors/UNUSED/GiC US Uniforms/p1941/gic_p1941.chest	shortdescription	USMC P41 HBT Jacket		
/items/armors/UNUSED/GiC US Uniforms/p1941/gic_p1941.head	description	"Early-war peaked cap. Although this style of hats is usually assosiated with officers, Japanese service hats were standard-issue to all IJA personnel prior to adoption of Sen-bou Type 98 caps. Red band signifies infantry, and each branch of military had their own colour. 
  
^green;+10% Movement Speed.^reset;
^green;+10% ATK Power.^reset;"		
/items/armors/UNUSED/GiC US Uniforms/p1941/gic_p1941.head	shortdescription	USMC Utility Cover		
/items/armors/UNUSED/GiC US Uniforms/p1941/gic_p1941.legs	description	"Type 5 pants with putees and hobnailed boots. Made of wool and colored in khaki, Type 5 uniform combat wasn't really unique, with Chinese forces using similar uniforms prior and during Second Sino-Japanese War.
  
^green;+10% Movement Speed.^reset;
^green;+10% ATK Power.^reset;"		
/items/armors/UNUSED/GiC US Uniforms/p1941/gic_p1941.legs	shortdescription	USMC P41 HBT Trousers		
/items/armors/UNUSED/Vanilla/Type 92 Helmets/type92/type92.head	description	A standard issue Japanese infantry helmet.		
/items/armors/UNUSED/Vanilla/Type 92 Helmets/type92/type92.head	shortdescription	Type 92 Helmet		
/items/armors/UNUSED/Vanilla/Type 92 Helmets/type92camo/type92camo.head	description	A standard issue Japanese infantry helmet with foliage tucked under camo net.		
/items/armors/UNUSED/Vanilla/Type 92 Helmets/type92camo/type92camo.head	shortdescription	Type 92 Helmet w/ Camo		
/items/armors/UNUSED/Vanilla/Type 92 Helmets/type92cover/type92cover.head	description	A standard issue Japanese infantry helmet, with a cloth cover.		
/items/armors/UNUSED/Vanilla/Type 92 Helmets/type92cover/type92cover.head	shortdescription	Type 92 Helmet w/ Cover		
/items/armors/UNUSED/Vanilla/Type 92 Helmets/type92covernet/type92cover_net.head	description	A standard issue Japanese infantry helmet, with a cloth cover and a camo net.		
/items/armors/UNUSED/Vanilla/Type 92 Helmets/type92covernet/type92cover_net.head	shortdescription	Type 92 Helmet w/ Cover, Net		
/items/armors/UNUSED/Vanilla/Type 92 Helmets/type92net/type92net.head	description	A standard issue Japanese infantry helmet with camo net.		
/items/armors/UNUSED/Vanilla/Type 92 Helmets/type92net/type92net.head	shortdescription	Type 92 Helmet w/ Net		
/items/armors/UNUSED/Vanilla/Type 92 Helmets/type92tropical/type92tropical.head	description	A standard issue Japanese infantry helmet with sun-blocking flaps.		
/items/armors/UNUSED/Vanilla/Type 92 Helmets/type92tropical/type92tropical.head	shortdescription	Type 92 Helmet Tropical		
/items/armors/UNUSED/Vanilla/Type 92 Helmets/type92tropicalcamo/type92tropicalcamo.head	description	A standard issue Japanese infantry helmet with foliage tucked under camo net.		
/items/armors/UNUSED/Vanilla/Type 92 Helmets/type92tropicalcamo/type92tropicalcamo.head	shortdescription	Type 92 Helmet w/ Camo		
/items/armors/UNUSED/Vanilla/Type 92 Helmets/type92tropicalcover/type92tropical_cover.head	description	A standard issue Japanese infantry helmet, with sun-blocking flaps and a cloth cover.		
/items/armors/UNUSED/Vanilla/Type 92 Helmets/type92tropicalcover/type92tropical_cover.head	shortdescription	Type 92 Helmet w/ Flaps, Cover		
/items/armors/UNUSED/Vanilla/Type 92 Helmets/type92tropicalcovernet/type92tropical_cover_net.head	description	A standard issue Japanese infantry helmet, with sun-flaps, cloth cover and a camo net.		
/items/armors/UNUSED/Vanilla/Type 92 Helmets/type92tropicalcovernet/type92tropical_cover_net.head	shortdescription	Type 92 Helmet w/ Flaps, Cover, Net		
/items/armors/UNUSED/Vanilla/Type 92 Helmets/type92tropicalnet/type92tropical_net.head	description	A standard issue Japanese infantry helmet with camo net and sun flaps.		
/items/armors/UNUSED/Vanilla/Type 92 Helmets/type92tropicalnet/type92tropical_net.head	shortdescription	Type 92 Helmet w/ Flaps, Net		
/items/armors/UNUSED/Vanilla/type98/type98.back	description	Standard-issue Japanese Army backpack. Tako means octopus is Japanese.		
/items/armors/UNUSED/Vanilla/type98/type98.back	shortdescription	Type 99 Tako Backpack		
/items/armors/UNUSED/Vanilla/type98/type98.chest	description	Type 98 cotton tunic, complete with ammo pouches, breadbag and canteen.		
/items/armors/UNUSED/Vanilla/type98/type98.chest	shortdescription	Type 98 Tunic		
/items/armors/UNUSED/Vanilla/type98/type98.head	description	Imperial Japanese Army field cap, known as Sen-bou.		
/items/armors/UNUSED/Vanilla/type98/type98.head	shortdescription	Type 98 Field Cap		
/items/armors/UNUSED/Vanilla/type98/type98.legs	description	Type 98 pants with putees and hobnailed boots.		
/items/armors/UNUSED/Vanilla/type98/type98.legs	shortdescription	Type 98 Pants		
/items/armors/UNUSED/Vanilla/type98camo/type98camo.back	description	Standard-issue Japanese Army backpack. Tako means octopus is Japanese.		
/items/armors/UNUSED/Vanilla/type98camo/type98camo.back	shortdescription	Type 99 Tako Backpack		
/items/armors/UNUSED/Vanilla/type98camo/type98camo.chest	description	Type 98 cotton tunic, modified for hotter climates.		
/items/armors/UNUSED/Vanilla/type98camo/type98camo.chest	shortdescription	Type 98 Tropical Tunic		
/items/armors/UNUSED/Vanilla/type98camo/type98camo.legs	description	Type 98 pants with putees and hobnailed boots.		
/items/armors/UNUSED/Vanilla/type98camo/type98camo.legs	shortdescription	Type 98 Pants		
/items/armors/UNUSED/Vanilla/type98tropical/type98tropical.back	description	Standard-issue Japanese Army backpack. Tako means octopus is Japanese.		
/items/armors/UNUSED/Vanilla/type98tropical/type98tropical.back	shortdescription	Type 99 Tako Backpack		
/items/armors/UNUSED/Vanilla/type98tropical/type98tropical.chest	description	Type 98 cotton tunic, modified for hotter climates.		
/items/armors/UNUSED/Vanilla/type98tropical/type98tropical.chest	shortdescription	Type 98 Tropical Tunic		
/items/armors/UNUSED/Vanilla/type98tropical/type98tropical.head	description	Imperial Japanese Army field cap, known as Sen-bou.		
/items/armors/UNUSED/Vanilla/type98tropical/type98tropical.head	shortdescription	Type 98 Field Cap		
/items/armors/UNUSED/Vanilla/type98tropical/type98tropical.legs	description	Type 98 pants with putees and hobnailed boots.		
/items/armors/UNUSED/Vanilla/type98tropical/type98tropical.legs	shortdescription	Type 98 Pants		
/items/armors/UNUSED/Vanilla/type98tropical_sleeveless/type98tropical_sleeveless.chest	description	Type 98 cotton tunic, modified for hotter climates.		
/items/armors/UNUSED/Vanilla/type98tropical_sleeveless/type98tropical_sleeveless.chest	shortdescription	Type 98 Tropical Tunic		
/items/armors/UNUSED/type5pithhelmet/type5pithhelmet.head	description	"Pith helmets (also called sun helmets) are historically made of sholapith - a milky-white spongey plant matter from Aeschynomene species, originating from India. A wide variety of other materials was used - namely cork, felt, woven bamboo and others. Most militaries phased pith helmets out of active use after Second World War, safe for ceremonial purposes.
  
^green;+20% FIRE Resistance.^reset;"		
/items/armors/UNUSED/type5pithhelmet/type5pithhelmet.head	shortdescription	Type 5 Sun Helmet		
/items/armors/UNUSED/type92covernet/gic_type92cover_net.head	description	"Type 92 Tetsukabuto with a standard-issue cover and camo net. Empire of Japan was often indecisive in it's propaganda in occupied territories, promoting Pan-Asiatism, independence and self-rule for Asian peoples on one hand, and on the other pursuing the idea of divine right of the Empire of Japan to ''unify the eight corners of the world''.

^green;+5% SMALL-ARMS Resistance.^reset;"		
/items/armors/UNUSED/type92covernet/gic_type92cover_net.head	shortdescription	Type 92 Helmet w/ Cover, Net		
/items/armors/UNUSED/type92net/gic_type92net.head	description	"Type 92 Tetsukabuto with a standard-issue camo net. Pacific Theatre of Operations was more of a navy-oriented struggle, where naval and air superiority played decisive role in the outcome of land skirmishes. Japan's bloodiest and costliest ground battles were fought on Chinese soil, long before Allies decided to intervene.

^green;+5% SMALL-ARMS Resistance.^reset;"		
/items/armors/UNUSED/type92net/gic_type92net.head	shortdescription	Type 92 Helmet w/ Cover, Net		
/items/armors/UNUSED/type92tropicalcovernet/gic_type92tropical_cover_net.head	description	"Combination of Type 92 helmet and Sen-Bou field cap with flaps. IJA in China used Three Alls Policy in response to Communist-led guerrilla activity - ''kill all, burn all, loot all''. Atrocities committed under this policy continued to addle relationships for a whole century after the end of war. When you're encouraged to loot and pillage, what do you think will stop you? 

^green;+5% SMALL-ARMS Resistance.^reset;"		
/items/armors/UNUSED/type92tropicalcovernet/gic_type92tropical_cover_net.head	shortdescription	Type 92 Helmet w/ Flaps, Cover, Net		
/items/armors/UNUSED/type92tropicalnet/gic_type92tropical_net.head	description	"Combination of Type 92 helmet and Sen-Bou field cap with flaps. The Greater East Asia Co-Prosperity Sphere was a concept of a political bloc that would unite all of Asia and bring freedom and independence to nations under the Western colonial yoke. Co-Prosperity Sphere ultimately failed as a functioning union, but it has sown the seeds for post-war nationalistic movements. 

^green;+5% SMALL-ARMS Resistance.^reset;"		
/items/armors/UNUSED/type92tropicalnet/gic_type92tropical_net.head	shortdescription	Type 92 Helmet w/ Flaps, Net		
/items/tools/gic_tsukihime_flashlight_tool.flashlight	description	"''....You're not scared are you? It's a path you're quite familiar with. If there's a difference, it's only one thing. This time, you can't come back.''
  
Japanese ''Moon Princess'' military flashlight, copied from American TL-122. Military flashlights are made to be reliable, durable, and usually come with additional colored lenses. Red lens is the most important, as the red-coloured lights are said to be the least noticeable in the night."		
/items/tools/gic_tsukihime_flashlight_tool.flashlight	shortdescription	Tsukihime Flashlight		
/stats/effects/MEDICAL/doesnt work/gic_test_medkitheal.statuseffect	label	Healing	치유	reuse
