asset	pointer	srcko	ourko	nlsrc	nlour	plain_ratio	missT
/IFD_statuseffects.config.patch	/effectNames/bouncy/customLabels/0	"^green;+ 튕김^reset;
^green;+ 낙하 피해
  면역^reset;"	^green;+ 탄성^reset;	2	0	0.3	{'^green;': 1, '^reset;': 1}
/IFD_statuseffects.config.patch	/effectNames/camouflage25/customLabels/0	^green;+ 75% 투명도^reset;	^green;+ 투명^reset;	0	0	0.43	{}
/IFD_statuseffects.config.patch	/effectNames/camouflage35/customLabels/0	^green;+ 65% 투명도^reset;	^green;+ 투명^reset;	0	0	0.43	{}
/IFD_statuseffects.config.patch	/effectNames/camouflage50/customLabels/0	^green;+ 50% 투명도^reset;	^green;+ 투명^reset;	0	0	0.43	{}
/IFD_statuseffects.config.patch	/effectNames/camouflage75/customLabels/0	^green;+ 25% 투명도^reset;	^green;+ 투명^reset;	0	0	0.43	{}
/IFD_statuseffects.config.patch	/effectNames/electricblock/customLabels/0	"^green;+ 25% 전기 저항.^reset;
^green;+ 감전 면역^reset;"	^green;+ 25% 전기 저항^reset;	1	0	0.57	{'^green;': 1, '^reset;': 1}
/IFD_statuseffects.config.patch	/effectNames/fireblock/customLabels/0	"^green;+ 25% 화염 저항.^reset;
^green;+ 연소 면역^reset;"	^green;+ 25% 화염 저항^reset;	1	0	0.57	{'^green;': 1, '^reset;': 1}
/IFD_statuseffects.config.patch	/effectNames/iceblock/customLabels/0	"^green;+ 25% 얼음 저항.^reset;
^green;+ 얼음 미끄러짐 면역^reset;"	^green;+ 25% 얼음 저항^reset;	1	0	0.44	{'^green;': 1, '^reset;': 1}
/codex/documents/ffguide3.codex.patch	/longContentPages/0	"스타바운드에 일반적으로 존재하는 통계 외에도, FU는 자체적인 통계를 추가합니다. 이는 캐릭터 능력치 또는 무기 능력치 중 한 종류이거나, 둘 다 해당될 수도 있습니다!.

^green;카리스마^white; - FU 우주 정거장에서 쇼핑할 때 카리스마는 ^cyan;판매 및 구매^reset; 값에 영향을 주어 수익을 창출하는 데 도움이 됩니다. 카리스마가 높을수록 수익률이 높아집니다! 이는 당분간 우주 정거장 거래 및 관련 키오스크에만 적용된다는 점에 유의하세요. 특별히 카리스마가 33% 증가할 때마다 승무원 한 명을 추가로 필드에 데려올 수 있습니다. 카리스마에 페널티를 주면 반대 효과가 나타날 수 있으니 주의하세요!

^green;기절 확률^white; - 둔기 무기로 적을 치명타할 때마다 적을 기절시킬 확률이 높아집니다. 방패 공격에 성공했을 때도 마찬가지입니다. 이 능력치는 기절이 발생할 확률에 영향을 주며, 대거나 레이피어를 포함한 몇 가지 무기로도 유발할 수 있습니다.

^green;방패방어 확률^white; - 방패로 방패를 막으면 일정 확률로 방패방어를 할 수 있습니다. 이 능력치는 밀치기 성공 확률에 영향을 줍니다.

^green;방패 밀치기^white; - 방패가 적을 얼마나 멀리 밀치고, 성공 시 얼마나 많은 피해를 입히는지 나타냅니다.

^green;발사체 수^white; - 일반적으로 무기의 능력치 란에 대각선으로 정렬된 총알 3개 아이콘으로 표시되는, 한 번에 발사되는 발사체 수를 나타냅니다.

^green;버스트 횟수^white; - 무기에만 표시됩니다. 설명에 작은 총알 4개가 퍼져 있는 것으로 표시됩니다. 이 무기는 발사체를 순차적으로 발사합니다.

^green;

^green;기술 보너스^white; - 기술 보너스에는 다양한 유형이 있습니다. 해당되는 경우 나열됩니다. 이러한 보너스는 기술에 영향을 미칩니다. 예를 들어 '점프 기술 +25%'는 점프 관련 기술의 효율을 그 만큼 증가시킵니다.

^green;무기 숙련도^white; - 때때로 다양한 레벨에서 '무기 숙련도'를 부여하는 장비를 찾을 수 있습니다. 무기 숙련도는 특정 무기에 추가 혜택을 제공합니다.

^green;치명타 확률^white; - 무기로 치명타 공격에 성공할 확률입니다. 이 능력치는 자신과 무기 모두의 능력치일 수 있습니다. 이들은 합산됩니다.

^green;치명타 피해 보너스^white; - 치명타 공격에 적용되는 총 보너스(백분율).

^green;흡혈^white; - 일반 치유 수치의 영향을 받지 않는 치유 형태입니다. 이 치유량은 지속 시간(기본 10초)에 따라 나뉘며, +10% 거머리는 인스턴스당 10초 동안 초당 생명력의 최대 1%를 치유한다는 의미입니다.

^green;최대 흡혈^white; - 한 번에 받을 수 있는 최대 치유량으로, 거머리로부터 받을 수 있는 최대치입니다. 기본값은 10%이며, 모든 흡혈 객체는 초당 최대 HP의 10% 이상을 회복할 수 없습니다.

^#e43774;광기^white; - 현재 정신력을 나타냅니다. 수치가 높을수록 더 미쳤다는 뜻입니다. 광기로 인해 50종류 이상의 효과가 발생할 수 있지만, 모두 나쁜 효과를 나타내지는 않습니다. 광기는 ^#e43774;형이상학 연구 트리^reset;에서 사용할 수 있습니다. 



^blue;--------------------------------------------------^reset;
^yellow;프랙킨 위키
^blue;--------------------------------------------------^reset;
위키의 도움이 필요하다면, ^cyan;공식 위키^reset;를 참고하세요:
^green;frackinuniverse.miraheze.org^reset;

^red; 팬덤 위키를 사용하지 말아주세요. 끔찍하게 구식입니다."	"스타바운드에 원래 있던 스탯들 외에도, FU는 자체적으로 다수의 스탯을 추가합니다. 일부는 캐릭터 스탯일 수도, 일부는 무기 스탯일 수도 있습니다. 둘 다인 경우도 있죠! 나중에 쉽게 찾아볼 수 있도록 이 가이드에 상세히 정리되어 있습니다.

^green;카리스마^white; - FU 우주 정거장에서 쇼핑할 때, 카리스마는 ^cyan;판매 및 구매^reset; 가격에 영향을 미쳐 이익을 내는 데 도움을 줍니다. 높은 카리스마는 높은 수익률을 의미합니다! 이는 현재로서는 우주 정거장 거래와 관련 키오스크에만 적용된다는 점에 유의하세요. 특별히, 카리스마 33%마다 현장에 추가 승무원 한 명을 더 데려갈 수 있게 됩니다. 주의하세요, 카리스마 페널티는 정반대 효과를 낼 수 있습니다!

^green;기절 확률^white; - 둔기 무기를 사용하면, 타격마다 적을 기절시킬 확률이 있습니다. 방패 밀치기 성공 시에도 마찬가지입니다. 이 스탯은 이 기절이 발생할 확률에 영향을 줍니다. 단검, 레이피어 및 기타 몇몇 무기에서도 발생할 수 있습니다.

^green;방패 밀치기 확률^white; - 방패로 막을 때, 방패 밀치기를 할 확률이 있습니다. 이 스탯은 밀치기 성공 확률에 영향을 줍니다.

^green;방패 밀치기 넉백^white; - 방패 밀치기가 적을 얼마나 멀리 밀어내는지, 그리고 성공 시 얼마만큼의 피해를 입히는지를 결정합니다.

^green;투사체 수^white; - 보통 무기 스탯으로만 나타나며, 대부분의 총기 툴팁에서 대각선으로 배열된 총알 3개로 표시됩니다. 이는 한 번에 몇 개의 투사체가 발사되는지를 나타냅니다.

^green;버스트 수^white; - 무기에만 적용됩니다. 툴팁에서 작은 총알 4개가 펼쳐진 모양으로 표시됩니다. 이런 무기는 연속으로 투사체를 버스트 발사합니다.

^green;테크 보너스^white; - 다양한 종류의 테크 보너스가 있습니다. 해당되는 경우 표시됩니다. 이런 보너스는 테크에 영향을 줍니다. 예를 들어 '점프 테크 +25%'는 점프 관련 테크의 효율을 그만큼 증가시킵니다.

^green;무기 숙련^white; - 가끔 다양한 등급의 '무기 숙련'을 부여하는 장비를 발견할 수 있습니다. 무기 숙련은 특정 무기에 추가 이점을 제공합니다.

^green;치명타 확률^white; - 무기로 치명타 공격을 성공시킬 가능성입니다. 이는 캐릭터와 무기 양쪽 모두에 적용되는 스탯일 수 있다는 점에 유의하세요. 이 둘은 합산됩니다.

^green;치명타 피해 보너스^white; - 치명타 공격에 적용되는 총 보너스로, 백분율로 표시됩니다.

^green;흡혈^white; - 일반적인 치유 배율의 영향을 받지 않는 형태의 치유입니다. 이 치유는 지속시간(기본 10초)에 걸쳐 분산되어 적용됩니다. 흡혈 +10%는 발동당 10초 동안 초당 체력의 최대 1%까지 회복함을 의미합니다.

^green;최대 흡혈^white; - 흡혈로 한 번에 얻을 수 있는 최대 치유량입니다. 기본값은 10%이며, 모든 흡혈 발동을 합쳐도 초당 체력의 10% 이상은 회복할 수 없습니다.

^#e43774;광기^white; - 현재 정신 상태를 나타내는 수치입니다. 값이 높을수록 더 미쳐 있습니다. 광기로 인해 50가지가 넘는 효과가 발생할 수 있으며, 전부 나쁜 것만은 아닙니다. ^#e43774;형이상학 연구 트리^reset;에서 광기를 소비할 수 있습니다.



^blue;--------------------------------------------------^reset;
^yellow;프랙킨 위키
^blue;--------------------------------------------------^reset;
위키의 도움이 필요하다면, 여기 ^cyan;공식 위키^reset;를 이용하세요:
^green;frackinuniverse.miraheze.org^reset;

^red;팬덤 위키는^reset; 사용하지 마세요. 심각하게 오래된 정보입니다."	38	36	1.04	{'^green;': 1}
/codex/documents/ffguide5.codex.patch	/description	효과와 당신에 대하여	효과와 당신	0	0	0.56	{}
/codex/documents/ffguide6.codex.patch	/contentPages/0	이 코덱스를 읽으려면 ^orange;개인용 트라이코더^reset;를 사용한 다음, 책 아이콘을 클릭하세요.	이거 읽기 강화 코덱스 뷰어 사용. 트라이코더 접근.	0	0	0.63	{'^orange;': 1, '^reset;': 1}
/codex/documents/ffguidebattle.codex.patch	/contentPages/0	이 코덱스를 읽으려면 ^orange;개인용 트라이코더^reset;를 사용한 다음, 책 아이콘을 클릭하세요.	트라이코더의 'FU' 섹션 코덱스 탭에서 보십시오.	0	0	0.66	{'^orange;': 1, '^reset;': 1}
/codex/documents/ffguidepower.codex.patch	/contentPages/0	이 코덱스를 읽으려면 ^orange;개인용 트라이코더^reset;를 사용한 다음, 책 아이콘을 클릭하세요.	이거 읽기 강화 코덱스 뷰어 사용. 트라이코더 접근.	0	0	0.63	{'^orange;': 1, '^reset;': 1}
/codex/documents/scienceoutpost_kevin.codex.patch	/longContentPages/2	"^EDB347;8월 4일^#FFFFFF; - 누군가 공기 시스템에 익소 알을 넣었습니다. 이제 약 900마리의 익소링이 부엌에서 난동을 부리고 있습니다. 케빈은 그들을 '진정시키기' 위해 분노 가루 4파운드를 추가했습니다. 4. 4파운드요 어디서 그렇게 많은 양의 1급 마약을 구한 거죠?!?!

^#EDB347;Aug 8^#FFFFFF; - 케빈의 또 다른 '뚱보' 농담. 그는 튜바 연주 소리를 녹음했어요. 제가 움직일 때마다 그는 재생을 누릅니다. 7월 16일부터 계속되고 있는데 더 이상 참을 수 없어요.

^#EDB347;Aug 12^#FFFFFF; - 다른 사람의 헤어 제품을 황산으로 대체하는 것이 어떻게 우스운 일인지 정말 모르겠어요. 내 피부가 면역력이 있는지 모르겠지만, 이제 대머리가 되어서 신생아 엉덩이처럼 생겼어요.

^#EDB347;Aug 22^#FFFFFF; - 드디어 톤을 낮춘 것 같아요...12일 이후로 아무것도 없어요.

^#EDB347;Aug 23^#FFFFFF; - 젠장. 내가 너무 빨리 말했어. 그는 우리 안에 있는 타조 알을 모두 랩터 알로 바꾼 것 같습니다. 그들은 부화하여 새끼들을 먹었습니다. 우리가 화를 냈을 때 그는 '알들이 외로워서. 알들에게 친구를 만들어줬어요'

^#EDB347;Aug 26^#FFFFFF; - 케빈은 아무도 랩터 근처에 못 오게 했어요. 그는 랩터들에게 작은 발레리나 투투를 입히고 그들을 '학생'이라고 부릅니다."	"^#EDB347;8월 4일^#FFFFFF; - 누군가 환기 시스템에 익소알을 넣었다. 지금 주방에는 익소링 약 900마리가 날뛰고 있다. '진정시킨다'며 케빈이 레이지 파우더를 4파운드나 넣었다. 4파운드. 그 정도 양의 1급 마약을 대체 어디서 구한 거지?!?!

^#EDB347;8월 8일^#FFFFFF; - 케빈이 또 '뚱보' 농담을 했다. 튜바 연주 소리를 녹음해놨다. 내가 움직일 때마다 재생 버튼을 누른다. 7월 16일부터 계속되고 있는데, 더는 못 참겠다.

^#EDB347;8월 12일^#FFFFFF; - 누군가의 헤어 제품을 물에 희석한 황산으로 바꿔놓는 게 어떻게 웃긴 건지 정말 모르겠다. 내 피부는 면역일지 몰라도, 이제 나는 대머리가 되어 갓난아기 엉덩이처럼 보인다.

^#EDB347;8월 22일^#FFFFFF; - 마침내 자중한 모양이다...12일 이후로 아무 일도 없었다.

^#EDB347;8월 23일^#FFFFFF; - 젠장. 성급했다. 그가 사육장의 타조알을 전부 랩터 알로 바꿔놓은 모양이다. 알들이 부화해 새끼들을 잡아먹었다. 우리가 화를 내자, 그는 '알들이 외로워했어. 친구를 만들어줬지'라고 설명했다.

^#EDB347;8월 26일^#FFFFFF; - 케빈이 아무도 랩터 근처에 못 가게 한다. 랩터들에게 전부 조그만 발레리나 튀튀를 입혀놓고 자기 '제자들'이라고 부른다."	10	10	0.94	{'^EDB347;': 1}
/codex/legacy_codex/fuancientprayer.codex.patch	/title	아비안 신앙을 위한 성스러운 경전입니다.	고대 아비안 기도문	0	0	0.44	{}
/codex/radien/radien4.codex.patch	/contentPages/0	우리는 짜이족은 노바키드 주변에서 다른 어떤 종족보다 오랜 세월을 살아왔습니다. 노바키드답게 다른 종족과의 관계에 대해서는 잘 기억하지 못하는 듯하지만, 짜이에 대해 나쁘게 말하는 사람은 없습니다. 일부는 짜이족의 부드럽고 푹신한 깃털을 좋아한다고 언급했습니다. 또 다른 사람들은 행복한 짜이족이 내는 울음소리를 좋아한다고 말합니다. 물론 방사능으로 인한 불치병에 걸리고 싶지 않다면 짜이이 곁에 오래 머무르는 것은 현명하지 않습니다.족의 언어 번역을 시도하고 있지만 대부분 실패하고 있습니다. 하지만 그들의 언어가 소리보다는 약한 자외선 패턴으로 구성되어 있다는 것은 알고 있습니다. 그들이 내는 클릭 소리와 삐걱거리는 소리는 그들이 말하는 내용에 거의 영향을 미치지 않으며, 단지 강조를 위한 것일 뿐입니다. 기껏해야 200개 정도의 단어를 모았지만 발음할 수 없습니다.	우리는 짜'이족의 언어를 번역하려고 하고 있지만, 대부분 실패하고 있다. 우리가 알기로 그들의 언어는 소리가 아니라 약한 자외선 복사의 패턴으로 이루어진다. 그들이 내는 딸깍거리는 소리와 꽥꽥거리는 소리는 말하는 내용에 거의 영향을 미치지 않으며 강조용일 뿐이다. 기껏해야 약 200개의 단어를 모았지만, 발음은 할 수 없다.	0	0	0.42	{}
/dialog/converse.config.patch	/converse/apex/elduukhar/0	조심해서 걸어라, 도마뱀.	조심해, 도마뱀아	0	0	0.67	{}
/dialog/converse.config.patch	/converse/apex/fenerox/11	보호국? 그게 뭔데, 정부 기관이야?	보호국? 정부 기관인가?	0	0	0.69	{}
/dialog/converse.config.patch	/converse/apex/fukirhos/12	이봐. 저항군 대 저항군으로서 말하는데, 아즈리엘이 지엔 분쟁의 모든 진영에 무기를 공급해왔다는 걸 알아냈어.	아즈리엘이 짜'이엔 분쟁에서 양측에 무기를 공급하고 있다는 걸 알게 됐어요.	0	0	0.69	{}
/dialog/converse.config.patch	/converse/apex/fukirhos/17	또 들르게 되면, 네 멋진 재킷 중 하나 가져다줄 수 있어?	또 오면 멋진 재킷 하나 가져다 줄래요?	0	0	0.7	{}
/dialog/converse.config.patch	/converse/apex/fuslimeperson/9	좋은 날이야, 친구.	안녕, 친구.	0	0	0.67	{}
/dialog/converse.config.patch	/converse/apex/nightar/0	말이 별로 없구나, 안 그래?	넌 말이 많지 않지?	0	0	0.67	{}
/dialog/converse.config.patch	/converse/apex/nightar/2	바나나를 어떻게 생각해? 아, 햇빛이 필요하지. 미안.	바나나는 어때? 햇볕이 필요하죠 미안	0	0	0.67	{}
/dialog/converse.config.patch	/converse/apex/nightar/3	우리가 더 친해질 때까지는 당신을 경계할 수밖에 없는 점 양해해 주세요.	더 친해질 때까지 널 의심하는 건 미안해	0	0	0.53	{}
/dialog/converse.config.patch	/converse/apex/radien/3	너희 음식이 정말 훌륭하다고 들었어. 언제 몰래 좀 가져다줄 수 있어?	음식이 맛있다고 들었어. 언제 몰래 먹어줄래?	0	0	0.69	{}
/dialog/converse.config.patch	/converse/apex/skath/19	너희의 조직 표본을 조금 손에 넣을 수 있다면 정말 좋겠는데...	조직 샘플을 좀 가져가고 싶은데...	0	0	0.59	{}
/dialog/converse.config.patch	/converse/apex/skath/31	너희의 조직 표본을 조금 손에 넣을 수 있다면 정말 좋겠는데...	조직 샘플을 좀 가져가고 싶은데...	0	0	0.59	{}
/dialog/converse.config.patch	/converse/apex/skath/7	너희의 조직 표본을 조금 손에 넣을 수 있다면 정말 좋겠는데...	조직 샘플을 좀 가져가고 싶은데...	0	0	0.59	{}
/dialog/converse.config.patch	/converse/apex/veluu/9	좋은 날이야, 친구.	안녕, 친구.	0	0	0.67	{}
/dialog/converse.config.patch	/converse/avian/fenerox/3	페네록스잖아! 그것도 이것저것 다 제쳐 두고 여행을 아주 많이 다닌 페네록스네!	페네록스입니다! 그리고 무엇보다도 여행도 잘하죠!	0	0	0.68	{}
/dialog/converse.config.patch	/converse/avian/fukirhos/9	우리끼리 얘긴데, 엘리시안은 도저히 못 참겠어.	난 엘리시안이 싫어요	0	0	0.43	{}
/dialog/converse.config.patch	/converse/avian/fumantizi/1	저기 정말 이상한 솜털을 가졌구나!	그쪽은 참 이상하군!	0	0	0.6	{}
/dialog/converse.config.patch	/converse/avian/radien/7	너가 온 곳 위쪽은 어떤 느낌이야?	고향은 어때?	0	0	0.43	{}
/dialog/converse.config.patch	/converse/avian/thelusian/5	너희 종족이 날개가 있으면 어떻게 생겼을까?	날개를 달면 어떤 모습일까?	0	0	0.63	{}
/dialog/converse.config.patch	/converse/elduukhar/default/9	좋은 날이야, 친구.	안녕, 친구.	0	0	0.67	{}
/dialog/converse.config.patch	/converse/elduukhar/elduukhar/0	안녕하세요, 친구!	안녕, 친구!	0	0	0.67	{}
/dialog/converse.config.patch	/converse/elduukhar/human/0	안녕하세요.	안녕	0	0	0.33	{}
/dialog/converse.config.patch	/converse/fenerox/avian/4	아비안이군. 만나서 반가워!	아비안아 잘 만났어!	0	0	0.69	{}
/dialog/converse.config.patch	/converse/fenerox/thelusian/8	나는 방역업체에 전화 거는 중이다. 도망쳐라.	박멸기를 부른다. 도망쳐.	0	0	0.6	{}
/dialog/converse.config.patch	/converse/floran/nightar/8	숲들이... 지하에도 있나?	지하에 숲이 있나요?	0	0	0.69	{}
/dialog/converse.config.patch	/converse/floran/radien/7	부드러운 새 인간이엇!	새맨!	0	0	0.3	{}
/dialog/converse.config.patch	/converse/fumantizi/default/2	만티지 싸구려 술만큼 끝내주는 건 없지 -- 어, 아니, 와인 말이야.	좋은 만티지 와인만큼 흥분시키는 건 없죠	0	0	0.59	{}
/dialog/converse.config.patch	/converse/fumantizi/default/5	내가 상원의원만큼 부자였다면, 그냥 재미 삼아 값싼 술이라도 한 병 사 마셨을 텐데.	내가 상원의원처럼 부자였다면 맛있는 파이를 사줬을 거야	0	0	0.69	{}
/dialog/converse.config.patch	/converse/fumantizi/floran/4	파트너 좀 봐줘, 파이 하나 먹어야 해.	난 파이 좀 먹어야겠어	0	0	0.56	{}
/dialog/converse.config.patch	/converse/fumantizi/floran/5	몇 분이면 금방 돌아올게.	금방 다시 올게요	0	0	0.64	{}
/dialog/converse.config.patch	/converse/fumantizi/floran/7	넌 내 두 눈으로 본 것 중 제일 형편없는 녀석이야.	내가 본 것 중 가장 못된 놈이군.	0	0	0.65	{}
/dialog/converse.config.patch	/converse/fumantizi/fumantizi/10	니가 도망친 걸 탓하진 않아; 본국 사정도 요즘 별로거든.	이젠 모국도 별로 안 좋아졌어요.	0	0	0.58	{}
/dialog/converse.config.patch	/converse/fumantizi/human/1	대단한 사연이군. 그래도 우리 만티지에겐 아직 '집'이 남아 있다는 게 어디야. 아니, 사실 꽤 여러 채지.	그래도 우리 만티지는 아직 옥수수가 있잖아. 아니, 아주 많이요	0	0	0.6	{}
/dialog/converse.config.patch	/converse/fumantizi/mantizi/10	니가 도망친 걸 탓하진 않아; 본국 사정도 요즘 별로거든.	이젠 모국도 별로 안 좋아졌어요.	0	0	0.58	{}
/dialog/converse.config.patch	/converse/fumantizi/thelusian/3	여긴 네 눈깔로 볼 거 하나도 없다, 세프톤.	여기 눈 좀 붙여, 세프톤.	0	0	0.61	{}
/dialog/converse.config.patch	/converse/glitch/nightar/0	궁금하네요. 당신들은 지하에 성이 있나요?	호기심. 지하에 성이 있나요?	0	0	0.68	{}
/dialog/converse.config.patch	/converse/glitch/radien/9	궁금하네요. 제가 당신의 깃털을 만져봐도 될까요?	궁금하군. 깃털을 만져봐도 될까?	0	0	0.68	{}
/dialog/converse.config.patch	/converse/human/fuslimeperson/11	누구-- 잠깐, 아니야, -뭐-야?!	잠깐만, 넌 뭐야?!	0	0	0.53	{}
/dialog/converse.config.patch	/converse/human/fuslimeperson/19	내 사유지에서 나가는 게 좋을 것 같은데!	내 사유지에서 당장 꺼져!	0	0	0.65	{}
/dialog/converse.config.patch	/converse/human/fuslimeperson/7	너와 나, 그냥 남이었으면 좋겠어. 그게 더 나으니까	너랑 나랑 낯선 사람으로 지내자	0	0	0.59	{}
/dialog/converse.config.patch	/converse/human/radien/4	저기, 언제 한번 우리 집에서 같이 놀자.	언제 우리 집에서 놀자!	0	0	0.59	{}
/dialog/converse.config.patch	/converse/hylotl/fumantizi/2	나중에 기술을 서로 나눠 보자고. 붓의 기술과 칼의 기술을.	나중에 기술을 교환하죠. 붓과 칼을요	0	0	0.64	{}
/dialog/converse.config.patch	/converse/hylotl/radien/0	오. 짜'이잖아.	오 짜'이.	0	0	0.62	{}
/dialog/converse.config.patch	/converse/hylotl/radien/10	우리 종족이 너한테 그렇게 무례했던 거 미안해. 차 한잔하러 가지 않을래?	무례하게 굴어서 미안해. 와서 차나 마시지 그래?	0	0	0.68	{}
/dialog/converse.config.patch	/converse/mantizi/apex/1	바나나가 그렇게 좋으시다면 시장에 내다 팔 농장을 차리는 게 좋겠네요.	당신이 좋아한다면 시장 정원을 만들어야겠어.	0	0	0.67	{}
/dialog/converse.config.patch	/converse/mantizi/default/12	몇 분이면 금방 돌아올게.	금방 돌아올게요	0	0	0.64	{}
/dialog/converse.config.patch	/converse/mantizi/default/2	만티지 싸구려 술만큼 끝내주는 건 없지 -- 어, 아니, 와인 말이야.	좋은 만티지 와인만큼 흥분시키는 건 없죠	0	0	0.59	{}
/dialog/converse.config.patch	/converse/mantizi/default/5	내가 상원의원만큼 부자였다면, 그냥 재미 삼아 값싼 술이라도 한 병 사 마셨을 텐데.	내가 상원의원처럼 부자였다면 맛있는 파이를 사줬을 거야	0	0	0.69	{}
/dialog/converse.config.patch	/converse/mantizi/floran/4	파트너 좀 봐줘, 파이 하나 먹어야 해.	난 파이 좀 먹어야겠어	0	0	0.56	{}
/dialog/converse.config.patch	/converse/mantizi/floran/5	몇 분이면 금방 돌아올게.	금방 다시 올게요	0	0	0.64	{}
/dialog/converse.config.patch	/converse/mantizi/floran/7	넌 내 두 눈으로 본 것 중 제일 형편없는 녀석이야.	내가 본 것 중 가장 못된 놈이군.	0	0	0.65	{}
/dialog/converse.config.patch	/converse/mantizi/fumantizi/10	니가 도망친 걸 탓하진 않아; 본국 사정도 요즘 별로거든.	이젠 모국도 별로 안 좋아졌어요.	0	0	0.58	{}
/dialog/converse.config.patch	/converse/mantizi/human/1	대단한 사연이군. 그래도 우리 만티지에겐 아직 '집'이 남아 있다는 게 어디야. 아니, 사실 꽤 여러 채지.	그래도 우리 만티지는 아직 옥수수가 있잖아. 아니, 아주 많이요	0	0	0.6	{}
/dialog/converse.config.patch	/converse/mantizi/mantizi/10	니가 도망친 걸 탓하진 않아; 본국 사정도 요즘 별로거든.	이젠 모국도 별로 안 좋아졌어요.	0	0	0.58	{}
/dialog/converse.config.patch	/converse/mantizi/thelusian/3	여긴 네 눈깔로 볼 거 하나도 없다, 세프톤.	여기 눈 좀 붙여, 세프톤.	0	0	0.61	{}
/dialog/converse.config.patch	/converse/nightar/fukirhos/2	부질없는 협상은 그만두고, 썩 꺼져라, <entityname>.	쓸데없는 담판은 그만하고 사라져라, <실체명>.	0	0	0.73	{}
/dialog/converse.config.patch	/converse/nightar/fukirhos/7	키르호시 놀음은 안 돼, <entityname>. 네 욕심은 챙겨서 꺼져.	키르호시 게임은 안 된다, <실체명>. 욕심 버리고 꺼져라.	0	0	0.79	{}
/dialog/converse.config.patch	/converse/nightar/shadow/0	근원이시여, 여기선 환영받는다고 생각하세요, <entityname>.	근원의 <실체명>, 이곳에 온 걸 환영한다.	0	0	0.56	{}
/dialog/converse.config.patch	/converse/novakid/fumantizi/0	우린 자유롭고 거칠게 산다네, 친구. 사제도 황제도 눈에 띄지 않는 곳에서 말이야!	우린 사제나 황제 없이 자유롭고 거칠게 살아요!	0	0	0.57	{}
/dialog/converse.config.patch	/converse/novakid/fuslimeperson/12	슬라임이잖아! 네 족속 얘기는 온갖 여행자들의 허풍 섞인 입담으로 들었지만, 직접 보니 그 어떤 얘기보다 낫구먼!	슬라임! 여행자들의 소문은 많이 들어봤지만 직접 보니 정말 대단하네요!	0	0	0.65	{}
/dialog/converse.config.patch	/converse/novakid/fuslimeperson/15	여기서 정말 특이한 녀석이네, 인정해야겠어!	넌 정말 펑키한 녀석이야!	0	0	0.55	{}
/dialog/converse.config.patch	/converse/novakid/mantizi/0	우린 자유롭고 거칠게 산다네, 친구. 사제도 황제도 눈에 띄지 않는 곳에서 말이야!	우린 사제나 황제도 없이 자유롭고 거칠게 살고 있어!	0	0	0.63	{}
/dialog/converse.config.patch	/converse/novakid/nightar/3	어둠? 그래, 어, 여기선 그런 거 안 해.	어둠? 여긴 그런 거 안 해요	0	0	0.65	{}
/dialog/converse.config.patch	/converse/novakid/radien/16	참 예쁘게도 생겼네.	너 참 예쁘다	0	0	0.56	{}
/dialog/converse.config.patch	/converse/shadow/nightar/3	답을 찾아 헤매는 영혼이 느껴지는구나!	답을 찾는 영혼이 느껴져!	0	0	0.65	{}
/dialog/converse.config.patch	/converse/skath/human/2	당신이 우리를 존중해 준다면, 우리도 그만큼 갚아드리겠습니다.	우릴 존중해준다면 보답할게요	0	0	0.46	{}
/dialog/converse.config.patch	/converse/skath/hylotl/9	당신네 종족도 몸을 촉촉하게 유지해야 하나요? 아, 깜빡했네요. 당신들은 육지 출신이었죠.	너희 종족도 가습기가 필요해? 아, 깜빡했네 넌 육지에서 왔잖아	0	0	0.68	{}
/dialog/converse.config.patch	/converse/veluu/elduukhar/0	안녕하세요, 친구!	안녕, 친구!	0	0	0.67	{}
/dialog/converse.config.patch	/greeting/fenerox/default/3	안녕하세요, 친구!	안녕, 친구!	0	0	0.67	{}
/dialog/converse.config.patch	/greeting/nightar/default/1	안녕. 그리고 이제, 안녕히.	안녕 이제 안녕	0	0	0.46	{}
/dialog/converse.config.patch	/greeting/nightar/human/0	빛 속에 사는 유인원이라. 훌륭하군.	빛에 사는 유인원. 멋지군	0	0	0.69	{}
/dialog/converse.config.patch	/greeting/nightar/human/1	당신네 세계를 그렇게 만든 것처럼 우리 세계마저 황무지로 만들려 들지 마라, 인간이여.	인간처럼 우리 세상을 황무지로 만들 생각은 하지 마라	0	0	0.59	{}
/dialog/converse.config.patch	/greeting/nightar/nightar/3	안녕하신가, 동포여.	만세, 동족	0	0	0.5	{}
/dialog/converse.config.patch	/greeting/nightar/shadow/1	우리가 만나는 시각에 별이 빛나는군, <entityname>.	우리 만남의 시간에 별이 빛나네, <실체이름>.	0	0	0.72	{}
/dialog/converse.config.patch	/greeting/novakid/elduukhar/3	너희 종족이 과거에 지구를 방문한 적이 있을지도 모르겠네.	과거에 지구를 방문한 적이 있나?	0	0	0.56	{}
/dialog/converse.config.patch	/greeting/shadow/shadow/0	우리가 만나는 시각에 별이 빛나는군, <entityname>.	우리 만남의 시간에 별이 빛납니다, <아이덴티티 이름>.	0	0	0.86	{}
/ffs_weapons/ffs_1_pst/ffs_beretta92/ffs_beretta92_onehand.activeitem.patch	/shortdescription	^white;모델로 1951 (한손)	^white;모델로 1951	0	0	0.64	{}
/ffs_weapons/ffs_1_pst/ffs_beretta92/ffs_beretta92_onehand.activeitem.patch	/description	"^#ffb73b;제조사: 베레타
^#7c7c7c;1티어 : 민간 제식
^#7c7c7c;조준 속도 : ^white;0.1s
^#7c7c7c;장착 속도 : ^green;0.5s
^#7c7c7c;LMB=사격 : ^white;9×19mm Parabellum

^#7c7c7c;자동 재장전 속도 : ^white;1s
^#7c7c7c;탄도 사양 : 7.45g × 380m/s × 1/1000 = 2.831 = ^white;2.8/발
^#7c7c7c;탄도 효과 : FMJ = ^#fff700;20% 치명타
^#7c7c7c;유효 사거리·명중률 : ^white;50블록 & 90%
^#7c7c7c;방아쇠 기구 : 직동 슬라이드 = ^white;0.2s/발
^#7c7c7c;급탄 : 박스 탄창 = ^white;8발
^#7c7c7c;부착물 : ^white;한손, ^red;1H 명중률 페널티!"	"^#ffb73b;제조. 파브리카 다르미 피에트로 베레타
^#7c7c7c;1티어 : 민간용
^#7c7c7c;조준 속도 : ^white;0.1s
^#7c7c7c;장착 속도 : ^green;0.5s
^#7c7c7c;LMB=사격 : ^white;9×19mm 파라벨럼

^#7c7c7c;자동 재장전 속도 : ^white;1s
^#7c7c7c;탄도 사양 : 7.45g × 380m/s × 1/1000 = 2.831 = ^white;2.8/발
^#7c7c7c;탄도 효과 : FMJ = ^#fff700;40% 치명타
^#7c7c7c;유효 사거리·명중률 : ^white;50블록 & 90%
^#7c7c7c;방아쇠 기구 : 직동 슬라이드 = ^white;0.2s/발
^#7c7c7c;급탄 : 박스 탄창 = ^white;8발
^#7c7c7c;부착물 : ^white;한손"	12	12	0.96	{'^red;': 1}
/interface/RPGskillbook/RPGskillbook.config.patch	/gui/professionslayout/children/subtitle/value	"직업은 귀중한 자산이며 ^yellow;1000 픽셀^white;로 해금할 수 있습니다.
직업은 언제든 바꿀 수 있습니다."	"직업은 귀중한 자산이며 ^yellow;1000 픽셀로 선택할 수 있습니다.
^red;직업은 언제든 그만둘 수 있지만 다시 선택하려면 또 지불해야 합니다!"	1	1	1.38	{'^white;': 1}
/interface/ai/fu_byosai.config.patch	/states/shipChosen/text	함선을 건조 중입니다. 잠시만 기다려주세요.	함선 건조 중, 기다려 주세요.	0	0	0.65	{}
/interface/ai/fu_byosai.config.patch	/shipResetConfirmationDialogs/repairShip/message	이 작업은 함선을 다시 생성합니다. 함선이 초기화된 경우에만 이 작업을 수행하십시오. 정말 이 작업을 수행하시겠습니까?	함선을 재생성합니다. 함선이 리셋된 경우에만 하세요. 정말로 하시겠습니까?	0	0	0.65	{}
/interface/scripted/arcana_books/arcana_guideBook.config.patch	/gui/tutorialPane/children/tutorialArea/children/label_0/value	"아르카나에 오신 것을 환영합니다! 이것은 이 모드 콘텐츠를 시작하기 위한 간단한 안내서로, 아르카나의 새로운 별 세 개의 진행법도 다룹니다.
이 안내서는 Voyage 모드 소개도 제공합니다."	아르카나에 오신 것을 환영합니다! 이것은 이 모드 콘텐츠를 시작하기 위한 간단한 안내서로, 아르카나의 새로운 별 세 개의 진행법도 다룹니다.	1	0	0.73	{}
/items/active/shields/hellishshield1.activeitem.patch	/description	"공포로부터 지키는 지옥 방패.
^green;면역: 광기^reset;"	공포로부터 지키는 지옥 방패..	1	0	0.78	{'^green;': 1, '^reset;': 1}
/items/active/shields/hellishshield2.activeitem.patch	/description	"공포로부터 지키는 지옥 방패.
^green;면역: 광기^reset;"	공포로부터 지키는 지옥 방패..	1	0	0.78	{'^green;': 1, '^reset;': 1}
/items/active/shields/r-guardianshield.activeitem.patch	/description	행성 수호자 로고를 본떠 만든 의식용 방패. ^green;낙하 피해 -10%^reset;, ^cyan;면역: 감전^reset;	행성 가디언즈 로고를 본떠 만든 의식용 방패.	0	0	0.59	{'^green;': 1, '^reset;': 2, '^cyan;': 1}
/items/active/unsorted/HarvesterBeam/1/HarvesterBeam.activeitem.patch	/description	"왼쪽 클릭: 작물/꽃/나무를 빠르게 수확합니다.
오른쪽 클릭: 땅을 경작합니다."	"좌클릭: 농작물/꽃/나무 빠른 수확.
우클릭: 흙 갈기"	1	1	0.67	{}
/items/active/unsorted/HarvesterBeam/2/HarvesterBeam2.activeitem.patch	/description	"왼쪽 클릭: 작물/꽃/나무를 빠르게 수확합니다.
오른쪽 클릭: 땅을 경작합니다."	"좌클릭: 농작물/꽃/나무 빠른 수확.
우클릭: 흙 갈기"	1	1	0.67	{}
/items/active/unsorted/HarvesterBeam/3/HarvesterBeam3.activeitem.patch	/description	"왼쪽 클릭: 작물/꽃/나무를 빠르게 수확합니다.
오른쪽 클릭: 땅을 경작합니다."	"좌클릭: 농작물/꽃/나무 빠른 수확.
우클릭: 흙 갈기"	1	1	0.67	{}
/items/active/unsorted/broom/broom.activeitem.patch	/description	청소 도구 중 가장 쓸모 있는 것. 손잡이에는 ‘먼지의 재앙, 티끌을 쳐부수는 자’라고 적혀 있다.	청소 도구 중 가장 쓸모 있는 것.	0	0	0.32	{}
/items/active/unsorted/fm_portablemusicplayer/fm_portablemusicplayer.activeitem.patch	/description	"^cyan;기본^reset;: 선택한 음악을 재생합니다
^yellow;보조^reset;: 배경 음악을 초기화합니다."	"^cyan;기본^reset;: 선택한 음악 재생
^yellow;보조^reset;: 배경 음악 초기화"	1	1	0.69	{}
/items/active/weapons/bow/zerchesiumbow/zerchesiumbow.activeitem.patch	/description	"서늘한 위협으로 가득합니다.
^cyan;적을 둔화시킵니다^rseet;"	"서늘한 위협으로 가득하다.
^cyan;적을 둔화시킨다^reset;"	1	1	0.9	{'^rseet;': 1}
/items/active/weapons/melee/axe/poweraxe.activeitem.patch	/description	"버디를 위해 미소지어라!
^cyan;감전 및 탄력 효과를 유발함^reset;"	"새 보고 웃어봐!
^cyan;감전 및 통통 튐 부여^reset;"	1	1	0.68	{}
/items/active/weapons/melee/broadsword/hylotlgreatscion.activeitem.patch	/description	"하이로틀의 전통적인 전쟁 무기입니다.
^cyan;엄청난 공격력을 지녔습니다. 차가운날^reset;.
^green;특수 능력: 둔화속도를 낮춥니다.^reset;"	"전통적인 하이로틀 전쟁 무기.
^cyan;엄청난 타격력. 냉기 날^reset;.
^green;둔화 보조 사격^reset;"	2	2	0.6	{}
/items/active/weapons/melee/broadsword/xithricitebroadsword.activeitem.patch	/description	"우주의 먼지로 동력을 얻습니다.
^cyan;경미한 취약성을 가합니다.^reset;"	"우주 가루 동력.
^cyan;약한 취약 부여^reset;"	1	1	0.5	{}
/items/active/weapons/melee/dagger/advalloydagger.activeitem.patch	/description	"매끈하고 그림자처럼 보입니다. 촉감이 차갑습니다.
^cyan;출혈을 유발함^reset;"	"매끈하고 그늘진. 만지면 서늘하다.
^cyan;출혈 유발^reset;"	1	1	0.69	{}
/items/active/weapons/melee/hammer/mystichammer.activeitem.patch	/description	"신비롭군.
^red;물리 피해를 입힘^reset;"	정말 신비롭다.	1	0	0.58	{'^red;': 1, '^reset;': 1}
/items/active/weapons/melee/katana/aetheriumkatana.activeitem.patch	/description	"이 검을 능가하는 검은 없습니다.
^cyan;대규모 10연타 콤보!
^reset;"	"이보다 뛰어난 카타나는 없다.
^cyan;강력한 10연타 콤보!^reset;"	2	1	0.96	{}
/items/active/weapons/melee/katana/triangliumkatana.activeitem.patch	/description	"공기처럼 가볍고, 면도날처럼 날카롭습니다.
^cyan;10연타 콤보!
^reset;"	"공기처럼 가볍고, 면도날처럼 날카롭다.
^cyan;강력한 10연타 콤보!^reset;"	2	1	1.04	{}
/items/active/weapons/melee/longsword/xithricitelongsword.activeitem.patch	/description	"우주의 먼지로 구동됩니다.
^cyan;경미한 취약성을 유발함^reset;"	"우주 가루 동력.
^cyan;약한 취약 부여^reset;"	1	1	0.59	{}
/items/active/weapons/melee/mace/bonemace.activeitem.patch	/description	"단순하지만 효과적입니다. ^cyan;Sacre^reset;에 의해 디자인되었습니다.
^cyan;플로란^reset;"	"단순하지만 효과적이다. 사크레 디자인.
^cyan;플로란^reset;"	1	1	0.66	{'^cyan;': 1, '^reset;': 1}
/items/active/weapons/melee/shortsword/advalloyshortsword.activeitem.patch	/description	"잘게 자릅니다.
^cyan;출혈을 유발함^reset;"	"정교 제작.
^cyan;출혈 부여^reset;"	1	1	0.69	{}
/items/active/weapons/melee/shortsword/carbonblade.activeitem.patch	/description	"미세하게 만들어졌습니다.
^cyan;출혈을 유발함^reset;"	"정교 제작.
^cyan;출혈 부여^reset;"	1	1	0.5	{}
/items/active/weapons/melee/spear/quietusspear.activeitem.patch	/description	"환상적인 적 찌르기용 단검입니다.
^cyan;사냥용 무기^reset;"	"환상의 적-찌르기.
^cyan;사냥 무기^reset;"	1	1	0.65	{}
/items/active/weapons/melee/spear/tristab.activeitem.patch	/description	"환상적인 적 찌르기 무기입니다.
^cyan;사냥용 무기^reset;"	"환상의 적-찌르기.
^cyan;사냥 무기^reset;"	1	1	0.68	{}
/items/active/weapons/ranged/unique/arconcannon.activeitem.patch	/upgradeParameters/description	"팔뚝에 부착합니다. 플라즈마 버스트를 발사합니다.
^yellow;세트 보너스^reset;에 '플라즈마'로 계산됩니다;"	"팔뚝 장착. 플라즈마 폭발 발사.
^yellow;세트 보너스에 '플라즈마'로 집계^reset;"	1	1	0.69	{}
/items/active/weapons/ranged/unique/blistergun.activeitem.patch	/description	"반발력이 있는 빛나는 끈적끈적한 덩어리를 발사합니다.
^green;대상에게 빛을 발합니다
^yellow;+고름 효과^reset;"	"반발 빛나는 찐득 덩어리 발사.
^green;목표 발광
^yellow;+고름 효과^reset;"	2	2	0.56	{}
/items/active/weapons/ranged/unique/curveblaster.activeitem.patch	/description	"선체를 뚫기 위해 특별히 설계된 독특한 플라즈마 위상 무기입니다.
^yellow;목표물을 불태웁니다^reset;"	"선체 관통 특수 설계 고유 플라즈마 위상 무기.
^yellow;목표 태움^reset;"	1	1	0.62	{}
/items/active/weapons/ranged/unique/curveblaster.activeitem.patch	/upgradeParameters/description	"선체 돌파를 위해 특별히 설계된 독특한 플라즈마 위상 무기입니다.
^yellow;공격 대상에 화상을 유발함^reset;"	"선체 관통 특수 설계 고유 플라즈마 위상 무기.
^yellow;목표 태움^reset;"	1	1	0.59	{}
/items/active/weapons/ranged/unique/fuisogenpistol.activeitem.patch	/description	"적을 얼음으로 얼어 죽입니다.
^cyan;대상의 이동 속도가 느려집니다^reset;"	"차가운 죽음으로 적을 수확한다.
^cyan;대상 둔화^reset;"	1	1	0.69	{}
/items/active/weapons/ranged/unique/fuplasmacannon.activeitem.patch	/description	"에너지를 집중시켜 최고의 데미지를 출력합니다.
^cyan;세트 보너스의 플라즈마 무기로 간주^reset;
^yellow;타일을 파괴합니다^reset;"	"최고 피해 에너지 집중.
^cyan;세트 보너스 플라즈마 무기로 집계^reset;
^yellow;타일 파괴^reset;"	2	2	0.64	{}
/items/active/weapons/ranged/unique/fuplasmagun.activeitem.patch	/description	"에너지를 집중시켜 강력한 피해를 줍니다.
^cyan;세트 보너스에 플라즈마 무기로 간주^reset;
^yellow;타일을 파괴합니다^reset;"	"최고 피해 에너지 집중.
^cyan;세트 보너스 플라즈마 무기로 집계^reset;
^yellow;타일 파괴^reset;"	2	2	0.68	{}
/items/active/weapons/ranged/unique/lasrifle.activeitem.patch	/upgradeParameters/description	"뛰어난 화력. 섹시한 광택.
^yellow;신뢰성^reset;"	뛰어난 화력. 섹시한 광택.^yellow;신뢰성^reset;	1	0	1.0	{}
/items/active/weapons/ranged/unique/manstopper.activeitem.patch	/description	"클래식 스타일에 스마트 탄약으로 업데이트되었습니다.
^cyan;호밍 탄환^reset;"	"고전풍 근데 스마트 탄 업데이트.
^cyan;유도탄^reset;"	1	1	0.61	{}
/items/active/weapons/ranged/unique/manstoppersmg.activeitem.patch	/description	"클래식 스타일에 스마트 탄약으로 업데이트되었습니다.
^cyan;호밍 탄환^reset;"	"고전풍 근데 스마트 탄 업데이트.
^cyan;유도탄^reset;"	1	1	0.61	{}
/items/active/weapons/ranged/unique/nitrogengun.activeitem.patch	/description	"대부분의 상황에서 효과적이지만 다소 오싹합니다.
^yellow;동결^reset; 피해를 줍니다;"	"대부분 상황 효과적, 좀 섬뜩하지만.
^yellow;빙결 부여^reset;"	1	1	0.65	{}
/items/active/weapons/ranged/unique/nitrogenpistol.activeitem.patch	/description	"대부분의 상황에서 효과적이지만 다소 냉랭합니다.
^yellow;빙결^reset; 피해를 줍니다;"	"대부분 상황 효과적, 좀 섬뜩하지만.
^yellow;빙결 부여^reset;"	1	1	0.65	{}
/items/active/weapons/ranged/unique/peglaci/burstgun/chargeshotgun.activeitem.patch	/description	"강력한 소이탄 무기입니다.
^yellow;화상^reset; 피해를 줍니다;"	"강력한 소이 무기.
^yellow;화상 부여^reset;"	1	1	0.57	{}
/items/active/weapons/ranged/unique/pistolferoziumfu.activeitem.patch	/description	"고구경 탄환을 발사합니다.
^yellow;높은 피해량 탄환^reset;"	"대구경 탄환 발사.
^yellow;고피해 탄환^reset;"	1	1	0.68	{}
/items/active/weapons/ranged/unique/pistoltitaniumfu.activeitem.patch	/description	"고구경 탄환을 발사합니다.
^yellow;높은 피해량 탄환을 발사합니다.^reset;"	"대구경 탄환 발사.
^yellow;고피해 탄환.^reset;"	1	1	0.54	{}
/items/active/weapons/ranged/unique/pistoltungstenfu.activeitem.patch	/description	"고구경 탄환을 발사합니다.
^yellow;높은 피해를 주는 탄환^reset;"	"대구경 탄환 발사.
^yellow;고피해 탄환.^reset;"	1	1	0.67	{}
/items/active/weapons/ranged/unique/pistolvioliumfu.activeitem.patch	/description	"고구경 탄환을 발사합니다.
^yellow;높은 피해를 주는 탄환^reset;"	"대구경 탄환 발사.
^yellow;고피해 탄환^reset;"	1	1	0.62	{}
/items/active/weapons/ranged/unique/reaperSniper.activeitem.patch	/description	"암흑 물질 탄환을 발사합니다.
^yellow;매우 빠른 탄환을 발사합니다^reset;"	"과충전된 암흑 물질 탄환.
^yellow;매우 빠른 탄환^reset;"	1	1	0.68	{}
/items/active/weapons/ranged/unique/science/flamecannon/isn_flamethrower4.activeitem.patch	/description	"다소 큰 화염 무기입니다.
^yellow;화상을 유발함^reset;"	"꽤 큰 화염 무기.
^yellow;화상 부여^reset;"	1	1	0.65	{}
/items/active/weapons/ranged/unique/science/isn_flintlock/isn_flintlock.activeitem.patch	/description	놀라운 제지력을 지녔습니다.	놀라운 저지력.	0	0	0.54	{}
/items/active/weapons/ranged/unique/theblackmarket/armcannon/armcannonshock.activeitem.patch	/description	"팔뚝에 부착합니다. 전기 폭발을 발사합니다.
^yellow;세트 보너스에 '전기'로 계산됩니다^reset;"	"팔뚝 장착. 전기 폭발 발사.
^yellow;세트 보너스에 '전기'로 집계^reset;"	1	1	0.69	{}
/items/active/weapons/ranged/unique/veluu/armcannonveluu.activeitem.patch	/description	"팔뚝에 부착합니다. 전기 폭발을 발사합니다.
^yellow;세트 보너스에 '전기'로 계산됩니다^reset;"	"팔뚝 장착. 전기 폭발 발사.
^yellow;세트 보너스에 '전기'로 집계^reset;"	1	1	0.69	{}
/items/active/weapons/ranged/unique/zerchesiumpistol.activeitem.patch	/description	"적을 얼음에 빠트립니다.
^cyan;적을 둔화시킵니다^reset;"	"적 얼려.
^cyan;적 감속^reset;"	1	1	0.37	{}
/items/active/weapons/ranged/unique/zerchesiumsmg.activeitem.patch	/description	"적을 얼음에 빠트립니다.
^cyan;적을 둔화시킵니다^reset;"	"적 얼려.
^cyan;적 감속^reset;"	1	1	0.37	{}
/items/active/weapons/ranged/unique/zerchesiumsniper.activeitem.patch	/description	"적을 얼음에 빠트립니다.
^green;드론 생성^reset;
^cyan;적의 이동 속도를 늦춥니다^reset;"	"적들을 얼려버려라.
^green;드론 생성^reset;
^cyan;적 둔화^reset;"	2	2	0.62	{}
/items/armors/angel/angel-tier1/angeltier1.chest.patch	/description	"^orange;세트 보너스^reset;:
^yellow;^reset; +^green;5^reset;% 속도
^yellow;^reset; +^green;1.05^reset;% 신성 피해"	아름다운 장식 보석이 달린 기본 옷감 조각.	2	0	0.78	{'^orange;': 1, '^reset;': 5, '^yellow;': 2, '^green;': 2}
/items/armors/angel/angel-tier1/angeltier1.head.patch	/description	"^orange;세트 보너스^reset;:
^yellow;^reset; +^green;5^reset;% 속도
^yellow;^reset; +^green;1.05^reset;% 신성 피해"	성스러운 상징을 나타내는 원형 관.	2	0	0.65	{'^orange;': 1, '^reset;': 5, '^yellow;': 2, '^green;': 2}
/items/armors/angel/angel-tier1/angeltier1.legs.patch	/description	"^orange;세트 보너스^reset;:
^yellow;^reset; +^green;5^reset;% 속도
^yellow;^reset; +^green;1.05^reset;% 신성 피해"	부드러운 천에 금 팔찌를 단 앞치마.	2	0	0.65	{'^orange;': 1, '^reset;': 5, '^yellow;': 2, '^green;': 2}
/items/armors/angel/angel-tier2/angeltier2.chest.patch	/description	"^orange;세트 보너스^reset;:
^yellow;^reset; +^green;7.5^reset;% 속도
^yellow;^reset; +^green;1.05^reset;% 신성 피해"	이 텅스텐 사슬 상의는 금과 아름다운 보석으로 여며져 있다.	2	0	1.0	{'^orange;': 1, '^reset;': 5, '^yellow;': 2, '^green;': 2}
/items/armors/angel/angel-tier2/angeltier2.head.patch	/description	"^orange;세트 보너스^reset;:
^yellow;^reset; +^green;7.5^reset;% 속도
^yellow;^reset; +^green;1.05^reset;% 신성 피해"	모든 사악함으로부터 머리를 지켜주는, 금과 텅스텐으로 만든 경이로운 투구.	2	0	1.32	{'^orange;': 1, '^reset;': 5, '^yellow;': 2, '^green;': 2}
/items/armors/angel/angel-tier2/angeltier2.legs.patch	/description	"^orange;세트 보너스^reset;:
^yellow;^reset; +^green;7.5^reset;% 속도
^yellow;^reset; +^green;1.05^reset;% 신성 피해"	이 사슬 다리 갑옷은 텅스텐으로 만들고 금 팔찌와 단순한 앞치마로 장식했다.	2	0	1.28	{'^orange;': 1, '^reset;': 5, '^yellow;': 2, '^green;': 2}
/items/armors/angel/angel-tier3/angeltier3.chest.patch	/description	"^orange;세트 보너스^reset;:
^yellow;^reset; +^green;10^reset;% 속도
^yellow;^reset; +^green;1.05^reset;% 신성 피해
^yellow;^reset; ^cyan;면역^reset;: 호흡"	천사 경비병이 주로 입는 튼튼한 티타늄 흉갑. 안에 사슬갑옷을 입는다.	3	0	1.0	{'^orange;': 1, '^reset;': 7, '^yellow;': 3, '^green;': 2, '^cyan;': 1}
/items/armors/angel/angel-tier3/angeltier3.head.patch	/description	"^orange;세트 보너스^reset;:
^yellow;^reset; +^green;10^reset;% 속도
^yellow;^reset; +^green;1.05^reset;% 신성 피해
^yellow;^reset; ^cyan;면역^reset;: 호흡"	무겁지만 튼튼한 티타늄 투구. 십자가와 보석 몇 개로 장식되어 있다. 천사 경비병이 주로 쓴다.	3	0	1.33	{'^orange;': 1, '^reset;': 7, '^yellow;': 3, '^green;': 2, '^cyan;': 1}
/items/armors/angel/angel-tier3/angeltier3.legs.patch	/description	"^orange;세트 보너스^reset;:
^yellow;^reset; +^green;10^reset;% 속도
^yellow;^reset; +^green;1.05^reset;% 신성 피해
^yellow;^reset; ^cyan;면역^reset;: 호흡"	튼튼하면서도 움직이기 쉬운 티타늄 다리 갑옷, 안에 사슬갑옷이 들어 있다. 천사 경비병이 주로 입는다.	3	0	1.47	{'^orange;': 1, '^reset;': 7, '^yellow;': 3, '^green;': 2, '^cyan;': 1}
/items/armors/angel/angel-tier4/angeltier4.chest.patch	/description	"^orange;세트 보너스^reset;:
^yellow;^reset; +^green;10^reset;% 속도
^yellow;^reset; +^green;1.10^reset;% 신성 피해
^yellow;^reset; ^cyan;면역^reset;: 호흡"	천사 마을의 강력한 지도자인 천사 수호장이 입는 견고한 듀라스틸 흉갑.	3	0	1.0	{'^orange;': 1, '^reset;': 7, '^yellow;': 3, '^green;': 2, '^cyan;': 1}
/items/armors/angel/angel-tier4/angeltier4.head.patch	/description	"^orange;세트 보너스^reset;:
^yellow;^reset; +^green;10^reset;% 속도
^yellow;^reset; +^green;1.10^reset;% 신성 피해
^yellow;^reset; ^cyan;면역^reset;: 호흡"	이 견고한 듀라스틸 투구는 마을의 지도자인 천사 수호장이 쓴다.	3	0	0.9	{'^orange;': 1, '^reset;': 7, '^yellow;': 3, '^green;': 2, '^cyan;': 1}
/items/armors/angel/angel-tier4/angeltier4.legs.patch	/description	"^orange;세트 보너스^reset;:
^yellow;^reset; +^green;10^reset;% 속도
^yellow;^reset; +^green;1.10^reset;% 신성 피해
^yellow;^reset; ^cyan;면역^reset;: 호흡"	듀라스틸로 만든 이 각반은 굳세고 강하다. 마을의 천사 수호장 지도자들이 입는다.	3	0	1.17	{'^orange;': 1, '^reset;': 7, '^yellow;': 3, '^green;': 2, '^cyan;': 1}
/items/armors/angel/angel-tier5accelerator/angeltier5accelerator.chest.patch	/description	"^orange;세트 보너스^reset;:
^yellow;^reset; +^green;10^reset;% 속도
^yellow;^reset; +^green;1.15^reset;% 신성 피해
^yellow;^reset; ^cyan;면역^reset;: 호흡"	불타는 열정을 지닌 태양처럼 되라, 그러면 살아남으리라.	3	0	0.83	{'^orange;': 1, '^reset;': 7, '^yellow;': 3, '^green;': 2, '^cyan;': 1}
/items/armors/angel/angel-tier5accelerator/angeltier5accelerator.head.patch	/description	"^orange;세트 보너스^reset;:
^yellow;^reset; +^green;10^reset;% 속도
^yellow;^reset; +^green;1.15^reset;% 신성 피해
^yellow;^reset; ^cyan;면역^reset;: 호흡"	태양 자신이 네 집중을 이끌고 길을 밝혀주길.	3	0	0.63	{'^orange;': 1, '^reset;': 7, '^yellow;': 3, '^green;': 2, '^cyan;': 1}
/items/armors/angel/angel-tier5accelerator/angeltier5accelerator.legs.patch	/description	"^orange;세트 보너스^reset;:
^yellow;^reset; +^green;10^reset;% 속도
^yellow;^reset; +^green;1.15^reset;% 신성 피해
^yellow;^reset; ^cyan;면역^reset;: 호흡"	네가 걸어가는 길 뒤에는 불과 화살이 남는다.	3	0	0.63	{'^orange;': 1, '^reset;': 7, '^yellow;': 3, '^green;': 2, '^cyan;': 1}
/items/armors/angel/angel-tier5manipulator/angeltier5manipulator.chest.patch	/description	"^orange;세트 보너스^reset;:
^yellow;^reset; +^green;10^reset;% 속도
^yellow;^reset; +^green;1.15^reset;% 신성 피해
^yellow;^reset; ^cyan;면역^reset;: 호흡"	그림자가 널 눌러 꺾으려 해도, 네 빛은 계속 빛나며 널 감싼다.	3	0	0.87	{'^orange;': 1, '^reset;': 7, '^yellow;': 3, '^green;': 2, '^cyan;': 1}
/items/armors/angel/angel-tier5manipulator/angeltier5manipulator.head.patch	/description	"^orange;세트 보너스^reset;:
^yellow;^reset; +^green;10^reset;% 속도
^yellow;^reset; +^green;1.15^reset;% 신성 피해
^yellow;^reset; ^cyan;면역^reset;: 호흡"	모든 것이 어둠으로 변해도, 넌 굳건히 서서 전능한 분노로 싸운다.	3	0	0.93	{'^orange;': 1, '^reset;': 7, '^yellow;': 3, '^green;': 2, '^cyan;': 1}
/items/armors/angel/angel-tier5manipulator/angeltier5manipulator.legs.patch	/description	"^orange;세트 보너스^reset;:
^yellow;^reset; +^green;10^reset;% 속도
^yellow;^reset; +^green;1.15^reset;% 신성 피해
^yellow;^reset; ^cyan;면역^reset;: 호흡"	완전한 어둠 속에서도 넌 용감하게 굳건히 선다.	3	0	0.67	{'^orange;': 1, '^reset;': 7, '^yellow;': 3, '^green;': 2, '^cyan;': 1}
/items/armors/angel/angel-tier5separator/angeltier5separator.chest.patch	/description	"^orange;세트 보너스^reset;:
^yellow;^reset; +^green;10^reset;% 속도
^yellow;^reset; +^green;1.15^reset;% 신성 피해
^yellow;^reset; ^cyan;면역^reset;: 호흡"	밤은 널 두렵게 하지 않는다---오히려 넌 그것을 받아들인다. 달조차 흐릿한 빛을 드리우니까.	3	0	1.37	{'^orange;': 1, '^reset;': 7, '^yellow;': 3, '^green;': 2, '^cyan;': 1}
/items/armors/angel/angel-tier5separator/angeltier5separator.head.patch	/description	"^orange;세트 보너스^reset;:
^yellow;^reset; +^green;10^reset;% 속도
^yellow;^reset; +^green;1.15^reset;% 신성 피해
^yellow;^reset; ^cyan;면역^reset;: 호흡"	적들 사이를 살금살금 돌아다닐 때 그림자도 드리우지 않기를.	3	0	0.87	{'^orange;': 1, '^reset;': 7, '^yellow;': 3, '^green;': 2, '^cyan;': 1}
/items/armors/angel/angel-tier5separator/angeltier5separator.legs.patch	/description	"^orange;세트 보너스^reset;:
^yellow;^reset; +^green;10^reset;% 속도
^yellow;^reset; +^green;1.15^reset;% 신성 피해
^yellow;^reset; ^cyan;면역^reset;: 호흡"	달의 은총처럼 조심스레 발을 내딛기를.	3	0	0.57	{'^orange;': 1, '^reset;': 7, '^yellow;': 3, '^green;': 2, '^cyan;': 1}
/items/armors/angel/angel-tier6accelerator/angeltier6accelerator.chest.patch	/description	"^orange;세트 보너스^reset;:
^yellow;^reset; +^green;10^reset;% 속도
^yellow;^reset; +^green;1.20^reset;% 신성 피해
^yellow;^reset; ^cyan;면역^reset;: 호흡"	빛과 어둠의 균형은 반드시 지켜져야 한다.	3	0	0.6	{'^orange;': 1, '^reset;': 7, '^yellow;': 3, '^green;': 2, '^cyan;': 1}
/items/armors/angel/angel-tier6accelerator/angeltier6accelerator.head.patch	/description	"^orange;세트 보너스^reset;:
^yellow;^reset; +^green;10^reset;% 속도
^yellow;^reset; +^green;1.20^reset;% 신성 피해
^yellow;^reset; ^cyan;면역^reset;: 호흡"	넌 우주의 균형을 지켜야 한다.	3	0	0.43	{'^orange;': 1, '^reset;': 7, '^yellow;': 3, '^green;': 2, '^cyan;': 1}
/items/armors/angel/angel-tier6accelerator/angeltier6accelerator.legs.patch	/description	"^orange;세트 보너스^reset;:
^yellow;^reset; +^green;10^reset;% 속도
^yellow;^reset; +^green;1.20^reset;% 신성 피해
^yellow;^reset; ^cyan;면역^reset;: 호흡"	균형이 우주를 한데 묶어주니까.	3	0	0.47	{'^orange;': 1, '^reset;': 7, '^yellow;': 3, '^green;': 2, '^cyan;': 1}
/items/armors/angel/angel-tier6manipulator/angeltier6manipulator.chest.patch	/description	"^orange;세트 보너스^reset;:
^yellow;^reset; +^green;10^reset;% 속도
^yellow;^reset; +^green;1.20^reset;% 신성 피해
^yellow;^reset; ^cyan;면역^reset;: 호흡"	넌 '끝'이다.	3	0	0.23	{'^orange;': 1, '^reset;': 7, '^yellow;': 3, '^green;': 2, '^cyan;': 1}
/items/armors/angel/angel-tier6manipulator/angeltier6manipulator.head.patch	/description	"^orange;세트 보너스^reset;:
^yellow;^reset; +^green;10^reset;% 속도
^yellow;^reset; +^green;1.20^reset;% 신성 피해
^yellow;^reset; ^cyan;면역^reset;: 호흡"	모든 시작에는 반드시 끝이 있어야 한다.	3	0	0.57	{'^orange;': 1, '^reset;': 7, '^yellow;': 3, '^green;': 2, '^cyan;': 1}
/items/armors/angel/angel-tier6manipulator/angeltier6manipulator.legs.patch	/description	"^orange;세트 보너스^reset;:
^yellow;^reset; +^green;10^reset;% 속도
^yellow;^reset; +^green;1.20^reset;% 신성 피해
^yellow;^reset; ^cyan;면역^reset;: 호흡"	넌 사악함에 몸부림치는 자들에게 종말을 내린다...	3	0	0.77	{'^orange;': 1, '^reset;': 7, '^yellow;': 3, '^green;': 2, '^cyan;': 1}
/items/armors/angel/angel-tier6separator/angeltier6separator.chest.patch	/description	"^orange;세트 보너스^reset;:
^yellow;^reset; +^green;10^reset;% 속도
^yellow;^reset; +^green;1.20^reset;% 신성 피해
^yellow;^reset; ^cyan;면역^reset;: 호흡"	넌 '시작'이다.	3	0	0.27	{'^orange;': 1, '^reset;': 7, '^yellow;': 3, '^green;': 2, '^cyan;': 1}
/items/armors/angel/angel-tier6separator/angeltier6separator.head.patch	/description	"^orange;세트 보너스^reset;:
^yellow;^reset; +^green;10^reset;% 속도
^yellow;^reset; +^green;1.20^reset;% 신성 피해
^yellow;^reset; ^cyan;면역^reset;: 호흡"	끝이 있기 전에 반드시 시작이 있어야 한다.	3	0	0.6	{'^orange;': 1, '^reset;': 7, '^yellow;': 3, '^green;': 2, '^cyan;': 1}
/items/armors/angel/angel-tier6separator/angeltier6separator.legs.patch	/description	"^orange;세트 보너스^reset;:
^yellow;^reset; +^green;10^reset;% 속도
^yellow;^reset; +^green;1.20^reset;% 신성 피해
^yellow;^reset; ^cyan;면역^reset;: 호흡"	넌 희망과 평화의 시대를 열기 시작한다...	3	0	0.63	{'^orange;': 1, '^reset;': 7, '^yellow;': 3, '^green;': 2, '^cyan;': 1}
/items/armors/backitems/hellishprotection/hellishprotection.back.patch	/description	이 업그레이드된 EPP는 ^#e5004c;지옥 같은^white; 행성의 ^#e5004c;악마적 대기^reset;의 모든 ^red;부정적 효과^reset;로부터 보호한다. ^cyan;산성, 호흡, 극한 열기 및 광기 면역.^reset;	이 개량 EPP는 모든 위험한 온도를 차단하고 ^#e5004c;지옥 같은 ^white;행성의 ^#e5004c;악마적 대기^reset;를 막아준다.	0	0	0.67	{'^reset;': 2, '^red;': 1, '^cyan;': 1}
/items/armors/hellish/hellish-tier7/om_hellisharmor.chest.patch	/description	"하데시움으로 강화된 이 지옥 흉갑은 튼튼하고 무시무시하다.
^orange;세트 효과^reset;:
^yellow;^reset; ^cyan;피격 시 화염 노바^reset;
^yellow;^reset; ^#ac522b;발광^reset;
^yellow;^reset; 화염방사기/지옥: 피해량 x^green;1.35^reset;
^yellow;^reset; ^cyan;면역^reset;: 치명적 열기, 화상, 산성, 광기"	하데시움으로 강화된 지옥의 흉갑은 견고하고——무섭다.	5	0	0.32	{'^orange;': 1, '^reset;': 9, '^yellow;': 4, '^cyan;': 2, '^#ac522b;': 1, '^green;': 1}
/items/armors/hellish/hellish-tier7/om_hellisharmor.head.patch	/description	"말 그대로 모두를 겁주어 쫓아내기에 완벽한 악마 투구.
^orange;세트 보너스^reset;:
^yellow;^reset; ^cyan;피격 시 화염 노바^reset;
^yellow;^reset; ^#ac522b;발광^reset;
^yellow;^reset; 화염방사기/지옥: 피해 x^green;1.35^reset;
^yellow;^reset; ^cyan;면역^reset;: 치명적인 열기, 화상, 산성, 광기"	말 그대로 모두를 겁내게 하는 데 완벽한 악마 헬멧.	5	0	0.28	{'^orange;': 1, '^reset;': 9, '^yellow;': 4, '^cyan;': 2, '^#ac522b;': 1, '^green;': 1}
/items/armors/hellish/hellish-tier7/om_hellisharmor.legs.patch	/description	"이 하데시움 각반을 신으면 움직이기 편하다. 적에게 몰래 다가가 놀라게 하기에 딱 좋다.
^orange;세트 보너스^reset;:
^yellow;^reset; ^cyan;피격 시 화염 폭발^reset;
^yellow;^reset; ^#ac522b;발광^reset;
^yellow;^reset; 화염방사기/지옥: 피해량 x^green;1.35^reset;
^yellow;^reset; ^cyan;면역^reset;: 치명적인 열기, 화상, 산성, 광기"	이 하데시움 그리브는 움직이기 쉽다——적을 몰래 겁주기에 완벽하다.	5	0	0.33	{'^orange;': 1, '^reset;': 9, '^yellow;': 4, '^cyan;': 2, '^#ac522b;': 1, '^green;': 1}
/items/armors/neki/nekitier1/nekitier1.chest.patch	/description	"^orange;세트 보너스^reset;:
^yellow;^reset; 권갑: 피해량 x^green;1.2"	"뭐라더라... ""갑-오-링""이라는 게 필요하대?
제대로 알아들었길 바란다."	1	1	2.06	{'^orange;': 1, '^reset;': 2, '^yellow;': 1, '^green;': 1}
/items/armors/neki/nekitier1/nekitier1.head.patch	/description	"^orange;세트 보너스^reset;:
^yellow;^reset; 권갑: 피해량 x^green;1.2"	적어도 예쁘잖아!	1	0	0.47	{'^orange;': 1, '^reset;': 2, '^yellow;': 1, '^green;': 1}
/items/armors/neki/nekitier1/nekitier1.legs.patch	/description	"^orange;세트 보너스^reset;:
^yellow;^reset; 권갑: 피해량 x^green;1.2"	이걸 왜 차야 하는지 모르겠다.	1	0	0.76	{'^orange;': 1, '^reset;': 2, '^yellow;': 1, '^green;': 1}
/items/armors/neki/nekitier2/nekitier2.chest.patch	/description	"^orange;세트 보너스^reset;:
^yellow;^reset; 권갑: 피해량 x^green;1.2^reset;
^yellow;^reset; +^green;20^reset;% 넉백 저항"	귀여운 작은 반짝 패드.	2	0	0.38	{'^orange;': 1, '^reset;': 5, '^yellow;': 2, '^green;': 2}
/items/armors/neki/nekitier2/nekitier2.head.patch	/description	"^orange;세트 보너스^reset;:
^yellow;^reset; 권갑: 피해량 x^green;1.2^reset;
^yellow;^reset; +^green;20^reset;% 넉백 저항"	"이거, 음...
귀를 강화해주는 건가?"	2	1	0.65	{'^orange;': 1, '^reset;': 5, '^yellow;': 2, '^green;': 2}
/items/armors/neki/nekitier2/nekitier2.legs.patch	/description	"^orange;세트 보너스^reset;:
^yellow;^reset; 권갑: 피해량 x^green;1.2^reset;
^yellow;^reset; +^green;20^reset;% 넉백 저항"	"이거, 음...
피부를 강화해주나?"	2	1	0.62	{'^orange;': 1, '^reset;': 5, '^yellow;': 2, '^green;': 2}
/items/armors/neki/nekitier3/nekitier3.chest.patch	/description	"^orange;세트 보너스^reset;:
^yellow;^reset; 권갑: 피해량 x^green;1.25^reset;, +^green;10^reset;% 치명타 피해
^yellow;^reset; +^green;30^reset;% 넉백 저항"	갑-오-링 달린 작은 반짝 패드.	2	0	0.38	{'^orange;': 1, '^reset;': 6, '^yellow;': 2, '^green;': 3}
/items/armors/neki/nekitier3/nekitier3.head.patch	/description	"^orange;세트 보너스^reset;:
^yellow;^reset; 권갑: 피해량 x^green;1.25^reset;, +^green;10^reset;% 치명타 피해
^yellow;^reset; +^green;30^reset;% 넉백 저항"	이거 쓰면 냄새가 하나도 안 나!	2	0	0.35	{'^orange;': 1, '^reset;': 6, '^yellow;': 2, '^green;': 3}
/items/armors/neki/nekitier3/nekitier3.legs.patch	/description	"^orange;세트 보너스^reset;:
^yellow;^reset; 권갑: 피해량 x^green;1.25^reset;, +^green;10^reset;% 치명타 피해
^yellow;^reset; +^green;30^reset;% 넉백 저항"	날 무겁게 할 물건이 더 생겼다.	2	0	0.35	{'^orange;': 1, '^reset;': 6, '^yellow;': 2, '^green;': 3}
/items/armors/neki/nekitier4/nekitier4.chest.patch	/description	"^orange;세트 보너스^reset;:
^yellow;^reset; 권갑: 피해량 x^green;1.3^reset;, +^green;20^reset;% 치명타 피해
^yellow;^reset; 저격: 피해량 x^green;1.15^reset;, +^green;2.5^reset;% 치명타
^yellow;^reset; +^green;50^reset;% 넉백 저항"	크기가 중요할 때.	3	0	0.14	{'^orange;': 1, '^reset;': 9, '^yellow;': 3, '^green;': 5}
/items/armors/neki/nekitier4/nekitier4.head.patch	/description	"^orange;세트 보너스^reset;:
^yellow;^reset; 권갑: 피해량 x^green;1.3^reset;, +^green;20^reset;% 치명타 피해
^yellow;^reset; 저격: 피해량 x^green;1.15^reset;, +^green;2.5^reset;% 치명타
^yellow;^reset; +^green;50^reset;% 넉백 저항"	이거 써도 냄새가 하나도 안 나.	3	0	0.23	{'^orange;': 1, '^reset;': 9, '^yellow;': 3, '^green;': 5}
/items/armors/neki/nekitier4/nekitier4.legs.patch	/description	"^orange;세트 보너스^reset;:
^yellow;^reset; 권갑: 피해량 x^green;1.3^reset;, +^green;20^reset;% 치명타 피해
^yellow;^reset; 저격: 피해량 x^green;1.15^reset;, +^green;2.5^reset;% 치명타
^yellow;^reset; +^green;50^reset;% 넉백 저항"	항상 냐옹호를 써야 해!	3	0	0.18	{'^orange;': 1, '^reset;': 9, '^yellow;': 3, '^green;': 5}
/items/armors/neki/nekitier5s/nekitier5s.chest.patch	/description	"^orange;세트 보너스^reset;:
^yellow;^reset; 권갑: 피해량 x^green;1.4^reset;, +^green;33^reset;% 치명타 피해
^yellow;^reset; 저격: 피해량 x^green;1.33^reset;, +^green;3.33^reset;% 치명타
^yellow;^reset; +^green;70^reset;% 넉백 저항"	크기는 여전히 중요하다.	3	0	0.19	{'^orange;': 1, '^reset;': 9, '^yellow;': 3, '^green;': 5}
/items/armors/neki/nekitier5s/nekitier5s.head.patch	/description	"^orange;세트 보너스^reset;:
^yellow;^reset; 권갑: 피해량 x^green;1.4^reset;, +^green;33^reset;% 치명타 피해
^yellow;^reset; 저격: 피해량 x^green;1.33^reset;, +^green;3.33^reset;% 치명타
^yellow;^reset; +^green;70^reset;% 넉백 저항"	이거 배틀토드야?!	3	0	0.16	{'^orange;': 1, '^reset;': 9, '^yellow;': 3, '^green;': 5}
/items/armors/neki/nekitier5s/nekitier5s.legs.patch	/description	"^orange;세트 보너스^reset;:
^yellow;^reset; 권갑: 피해량 x^green;1.4^reset;, +^green;33^reset;% 치명타 피해
^yellow;^reset; 저격: 피해량 x^green;1.33^reset;, +^green;3.33^reset;% 치명타
^yellow;^reset; +^green;70^reset;% 넉백 저항"	내 냐옹호를 프릴로 장식해줘!	3	0	0.22	{'^orange;': 1, '^reset;': 9, '^yellow;': 3, '^green;': 5}
/items/armors/neki/nekitier6s/nekitier6s.chest.patch	/description	"^orange;세트 보너스^reset;:
^yellow;^reset; 저격: 피해량 x^green;1.5^reset;, +^green;5^reset;% 치명타
^yellow;^reset; ^cyan;면역^reset;: 화상"	"[네키 전용]
미니크녹 네키 갑옷의 소매."	2	1	0.6	{'^orange;': 1, '^reset;': 6, '^yellow;': 2, '^green;': 2, '^cyan;': 1}
/items/armors/neki/nekitier6s/nekitier6s.head.patch	/description	"^orange;세트 보너스^reset;:
^yellow;^reset; 저격: 피해량 x^green;1.5^reset;, +^green;5^reset;% 치명타
^yellow;^reset; ^cyan;면역^reset;: 화상"	"[네키 전용]
미니크녹 네키 요원용 맞춤 제작 투구."	2	1	0.73	{'^orange;': 1, '^reset;': 6, '^yellow;': 2, '^green;': 2, '^cyan;': 1}
/items/armors/neki/nekitier6s/nekitier6s.legs.patch	/description	"^orange;세트 보너스^reset;:
^yellow;^reset; 저격: 피해량 x^green;1.5^reset;, +^green;5^reset;% 치명타
^yellow;^reset; ^cyan;면역^reset;: 화상"	"[애니메이션]
미니크녹 네키 요원용으로 설계된 갑옷."	2	1	0.8	{'^orange;': 1, '^reset;': 6, '^yellow;': 2, '^green;': 2, '^cyan;': 1}
/items/armors/om_starryplanet/om_starryarmor/om_starryarmor.chest.patch	/description	"이 흉갑은 성운과 관련된 듯한 물질인 네뷸라사이트로 만들어졌다.
방사능과 우주 피해에 대한 ^yellow;약간^reset;의 저항을 제공한다."	이 흉갑은 성운과 관련된 듯한 물질, 네뷸라사이트로 만들었다.	1	0	0.54	{'^yellow;': 1, '^reset;': 1}
/items/armors/om_starryplanet/om_starryarmor/om_starryarmor.head.patch	/description	"이 네뷸라사이트 투구는 별들로 반짝인다.
방사능과 코스믹 피해에 ^yellow;약간의^reset; 보호를 준다.
^blue;면역: 어둠^reset;"	이 네뷸라사이트 헬멧은 별들로 반짝인다.	2	0	0.43	{'^yellow;': 1, '^reset;': 2, '^blue;': 1}
/items/armors/om_starryplanet/om_starryarmor/om_starryarmor.legs.patch	/description	"이 네뷸라사이트 바지는 걸을 때 반짝인다. 얼마나 경이로운가!
방사능과 우주 피해에 대한 ^yellow;약간^reset;의 저항을 제공한다."	걸을 때마다 반짝이는 네뷸라사이트 바지. 경이롭다!	1	0	0.47	{'^yellow;': 1, '^reset;': 1}
/items/armors/other/atprk_elderarmorset/atprk_elderarmor.chest.patch	/description	"^orange;세트 보너스^reset;:
^yellow;^reset; 창/로켓 발사기: 피해량 x^green;1.25^reset;
^yellow;^reset; ^cyan;면역^reset;: 치명 방사선, 치명 열/한기, 독, 산소, 액체 질소, 검은 타르, 황산"	수천 년을 입을 수 있는 튼튼한 흉갑.	2	0	0.26	{'^orange;': 1, '^reset;': 5, '^yellow;': 2, '^green;': 1, '^cyan;': 1}
/items/armors/other/atprk_elderarmorset/atprk_elderarmor.head.patch	/description	"^orange;세트 보너스^reset;:
^yellow;^reset; 창/로켓 발사기: 피해량 x^green;1.25^reset;
^yellow;^reset; ^cyan;면역^reset;: 치명 방사선, 치명 열/한기, 독, 산소, 액체 질소, 검은 타르, 황산"	하이테크 바이저가 내장된 고대 헬멧.	2	0	0.28	{'^orange;': 1, '^reset;': 5, '^yellow;': 2, '^green;': 1, '^cyan;': 1}
/items/armors/other/atprk_elderarmorset/atprk_elderarmor.legs.patch	/description	"^orange;세트 보너스^reset;:
^yellow;^reset; 창/로켓 발사기: 피해량 x^green;1.25^reset;
^yellow;^reset; ^cyan;면역^reset;: 치명 방사선, 치명 열/한기, 독, 산소, 액체 질소, 검은 타르, 황산"	이 튼튼한 그리브로 다리를 지켜라.	2	0	0.26	{'^orange;': 1, '^reset;': 5, '^yellow;': 2, '^green;': 1, '^cyan;': 1}
/items/armors/other/r-heavypeacekeeper/r-heavypeacekeeper.chest.patch	/description	"^orange;세트 보너스^reset;:
^yellow;^reset; 단검/권총/로켓 발사기: 피해량 x^green;1.25^reset;
^yellow;^reset; ^cyan;면역^reset;: 산소, 가스, 기절, 감전, 독"	너를 크고 터프해 보이게 하기 위한 것.	2	0	0.36	{'^orange;': 1, '^reset;': 5, '^yellow;': 2, '^green;': 1, '^cyan;': 1}
/items/armors/other/r-heavypeacekeeper/r-heavypeacekeeper.head.patch	/description	"^orange;세트 보너스^reset;:
^yellow;^reset; 단검/권총/로켓 발사기: 피해량 x^green;1.25^reset;
^yellow;^reset; ^cyan;면역^reset;: 산소, 가스, 기절, 감전, 독"	튼튼한 바이저가 위압적인 외모를 준다.	2	0	0.39	{'^orange;': 1, '^reset;': 5, '^yellow;': 2, '^green;': 1, '^cyan;': 1}
/items/armors/other/r-heavypeacekeeper/r-heavypeacekeeper.legs.patch	/description	"^orange;세트 보너스^reset;:
^yellow;^reset; 단검/권총/로켓 발사기: 피해량 x^green;1.25^reset;
^yellow;^reset; ^cyan;면역^reset;: 산소, 가스, 기절, 감전, 독"	이 다리의 견고한 설계는 너를 굳건히 서게 한다.	2	0	0.45	{'^orange;': 1, '^reset;': 5, '^yellow;': 2, '^green;': 1, '^cyan;': 1}
/items/armors/other/r-platinum/r-platinum.chest.patch	/description	"^orange;세트 보너스^reset;:
^yellow;^reset; 권갑: 피해량 x^green;1.15^reset;, +^green;3^reset;% 치명타 확률
^yellow;^reset; ^green;30^reset;% 넉백 저항
^yellow;^reset; 낙하 피해량 x^green;0.75^reset;"	거의 전체가 플래티넘으로 만들어진 반짝이는 흉갑.	3	0	0.48	{'^orange;': 1, '^reset;': 8, '^yellow;': 3, '^green;': 4}
/items/armors/other/r-platinum/r-platinum.head.patch	/description	"^orange;세트 보너스^reset;:
^yellow;^reset; 권갑: 피해량 x^green;1.15^reset;, +^green;3^reset;% 치명타 확률
^yellow;^reset; ^green;30^reset;% 넉백 저항
^yellow;^reset; 낙하 피해량 x^green;0.75^reset;"	빛나는 백금 도금 헬멧.	3	0	0.22	{'^orange;': 1, '^reset;': 8, '^yellow;': 3, '^green;': 4}
/items/armors/other/r-platinum/r-platinum.legs.patch	/description	"^orange;세트 보너스^reset;:
^yellow;^reset; 권갑: 피해량 x^green;1.15^reset;, +^green;3^reset;% 치명타 확률
^yellow;^reset; ^green;30^reset;% 넉백 저항
^yellow;^reset; 낙하 피해량 x^green;0.75^reset;"	플래티넘으로 덮인 반짝이는 그리브.	3	0	0.35	{'^orange;': 1, '^reset;': 8, '^yellow;': 3, '^green;': 4}
/items/augments/back/r-protectorateaugment.augment.patch	/description	에너지 보호막으로 물리 저항 +^green;25^reset;를 제공하는 고급 EPP 모듈입니다.	에너지 방패로 물리 저항을 부여하는 고급 EPP 모듈.	0	0	0.74	{'^green;': 1, '^reset;': 1}
/items/currency/fumadnessresource.currency.patch	/description	어떤 것들은 내버려 두는 것이 가장 좋습니다.	어떤 것들은 그냥 두는 게 낫다.	0	0	0.68	{}
/items/currency/fuscienceresource.currency.patch	/description	연구, 메모, 지식을 정리한 자료입니다.	정리된 연구 자료와 지식.	0	0	0.61	{}
/items/generic/arcana_essence/arcana_essence_tripolarEssence.item.patch	/description	삼극성에서 온 세 천체 정령의 융합체입니다. 트라이폴라 에센스의 진정한 잠재력은 학계의 모든 인식을 초월하지만, 그 누구도 이를 이해할 수 없었고, 앞으로도 이해하지 못할 것입니다.	삼극성의 정수를 응고시킨 것.	0	0	0.17	{}
/items/generic/crafting/basicpelt.item.patch	/description	동물의 모피다. 몇 개를 모으면 ^orange;용광로^reset;에서 가죽으로 만들 수 있을지도...	동물의 가죽이다.	0	0	0.25	{'^orange;': 1, '^reset;': 1}
/items/generic/crafting/endomorphicjelly.item.patch	/description	손길에 반응하는 것처럼 보이는 기묘한 젤리. ^orange;합성 강화^reset;를 제작하는 데 사용할 수 있다!	만지면 반응하는 듯한 이상한 젤리.	0	0	0.42	{'^orange;': 1, '^reset;': 1}
/items/generic/crafting/fossilore.item.patch	/description	정체불명의 화석이다. 어떤 종류일지 궁금하다. ^orange;화석 연구대^reset;로 가져가면 알 수 있다!	화석이다. 무슨 화석인지 궁금하네.	0	0	0.44	{'^orange;': 1, '^reset;': 1}
/items/generic/crafting/holidayspirit.item.patch	/description	가장 순수한 형태의 연말연시 정수! ^orange;12월에 발견됩니다.^reset;	연말연시의 정수를 가장 순수한 형태로!	0	0	0.68	{'^orange;': 1, '^reset;': 1}
/items/generic/crafting/processor.item.patch	/description	매우 강력한 프로세서. ^orange;로봇 공구대^reset;를 제작하는 데 사용할 수 있다!	아주 강력한 프로세서.	0	0	0.36	{'^orange;': 1, '^reset;': 1}
/items/generic/drinks/chestojuice/chestojuice.consumable.patch	/description	활력을 주는 시원한 음료. ^green;유형: 과일^reset;	활력을 주는 시원한 음료.	0	0	0.69	{'^green;': 1, '^reset;': 1}
/items/generic/drinks/pechajuice/pechajuice.consumable.patch	/description	차갑고 달콤한 음료. ^green;유형: 과일^reset;	차갑고 달콤한 음료.	0	0	0.64	{'^green;': 1, '^reset;': 1}
/items/generic/food/tier1/atprk_cookedambergine.consumable.patch	/description	고유의 풍미를 좀 잃었을 수도 있지만, 그래도 여전히 맛있다. ^green;종류: 초식^reset;	고유의 풍미를 좀 잃었을 수도 있지만, 그래도 여전히 맛있다.	0	0	0.84	{'^green;': 1, '^reset;': 1}
/items/generic/food/tier1/atprk_cookedtraproot.consumable.patch	/description	맛이 좀 상했을 수도 있지만 이제는 먹어도 안전하다. ^green;종류: 초식^reset;	맛이 좀 상했을 수도 있지만 이제는 먹어도 안전하다.	0	0	0.81	{'^green;': 1, '^reset;': 1}
/items/generic/food/tier1/om_starbreaker.consumable.patch	/description	"설탕과 스타더스트로 만든 단단한 사탕 과자.
^green;종류: 초식동물용^reset;"	설탕과 스타더스트로 만든 단단한 사탕 과자.	1	0	0.7	{'^green;': 1, '^reset;': 1}
/items/generic/food/tier1/om_stardust.consumable.patch	/description	"잠깐.. 별가루를? 그것만? 뭐 하는 거야?! 설마 코로 흡입할 건 아니지!
^blue;+^white;1 ^blue;광기^reset;
^red;유형: ...위험?^reset;"	잠깐.. 스타더스트를? 그것만? 뭐 하는 거야?! 설마 코로 흡입할 건 아니지!	2	0	0.76	{'^blue;': 2, '^white;': 1, '^reset;': 2, '^red;': 1}
/items/generic/food/tier2/atprk_prehistoricpasta.consumable.patch	/description	원래 조리법은 오랜 세월 속에 사라졌다. 지금 만들 수 있는 것은 이와 가장 비슷하다. ^green;유형: 초식동물^reset;	원래 조리법은 오랜 세월 속에 사라졌다. 지금 만들 수 있는 것은 이와 가장 비슷하다.	0	0	0.83	{'^green;': 1, '^reset;': 1}
/items/generic/food/tier2/om_blackhole.consumable.patch	/description	"부드럽고, 걸쭉하지만, 맛있는 휘핑크림! 스타더스트의 기운이 살짝 느껴진다.
^green;종류: 초식^reset;"	부드럽고, 걸쭉하지만, 맛있는 휘핑크림! 스타더스트의 기운이 살짝 느껴진다.	1	0	0.88	{'^green;': 1, '^reset;': 1}
/items/generic/food/tier2/om_cosmiccrisp.consumable.patch	/description	"스타더스트로 반짝이는 즙 많은 빨간 사과!
^green;종류: 초식동물용^reset;"	스타더스트로 반짝이는 즙 많은 빨간 사과!	1	0	0.69	{'^green;': 1, '^reset;': 1}
/items/generic/food/tier2/om_starLED.consumable.patch	/description	"밝은 색의 영양 간식.
^yellow;유형: 로봇^reset;"	밝은 색의 영양 간식.	1	0	0.64	{'^yellow;': 1, '^reset;': 1}
/items/generic/food/tier2/om_starcrackers.consumable.patch	/description	"별 모양의 바삭한 작은 크래커! 정말 귀여워요!
^green;종류: 초식^reset;"	별 모양의 바삭한 작은 크래커! 정말 귀여워요!	1	0	0.8	{'^green;': 1, '^reset;': 1}
/items/generic/food/tier3/atprk_sanguinesalad.consumable.patch	/description	약간 쓰지만 건강에 좋고 영양가 있습니다. ^green;종류: 초식동물^reset;	건강하고 영양 있으나 약간 씀.	0	0	0.52	{'^green;': 1, '^reset;': 1}
/items/generic/food/tier3/atprk_stuffedflytrap.consumable.patch	/description	걱정 마세요, 이름과 달리 파리는 전혀 없으니까요. ^orange;종류: 육류+채소 요리^reset;	걱정 마, 이름과 달리 파리 없어.	0	0	0.44	{'^orange;': 1, '^reset;': 1}
/items/generic/food/tier3/atprk_venusbite.consumable.patch	/description	포식 식물과 선인장 즙을 섞었다. ^green;유형: 초식^reset;	포식성 식물과 선인장 즙 블렌드.	0	0	0.74	{'^green;': 1, '^reset;': 1}
/items/generic/food/tier3/atprk_venuskiss.consumable.patch	/description	포식성 식물로 만든 상쾌한 음료. ^green;종류: 초식동물용^reset;	포식 식물로 만든 상쾌 음료.	0	0	0.55	{'^green;': 1, '^reset;': 1}
/items/generic/food/tier3/om_staronigiri.consumable.patch	/description	"스타더스트로 장식한 전통 주먹밥.
^green;종류: 초식동물용^reset;"	스타더스트로 장식한 전통 주먹밥.	1	0	0.65	{'^green;': 1, '^reset;': 1}
/items/generic/food/tier3/om_starrycake.consumable.patch	/description	"별 장식과 별가루를 뿌린 끈적하고 녹진한 초콜릿 케이크입니다!
^green;종류: 만능^reset;"	별 장식과 스타더스트를 뿌린 끈적하고 녹진한 초콜릿 케이크입니다!	1	0	0.91	{'^green;': 1, '^reset;': 1}
/items/generic/food/tier3/om_superstar.consumable.patch	/description	"스타더스트로 반짝이는 스타프루트, 순수한 에너지와 공명한다.
^green;종류: 초식동물용^reset;"	스타더스트로 반짝이는 스타프루트, 순수한 에너지와 공명한다.	1	0	0.78	{'^green;': 1, '^reset;': 1}
/items/generic/food/tier4/om_heliojuice.consumable.patch	/description	"가니시로 별가루를 얹고 어베스밍고로 향을 내니, 강렬한 한 방이 있는 음료가 됐다.
^green;유형: 초식^reset;"	가니시로 스타더스트를 얹고 어베스밍고로 향을 내니, 강렬한 한 방이 있는 음료가 됐다.	1	0	0.93	{'^green;': 1, '^reset;': 1}
/items/generic/food/tier4/om_starcandy.consumable.patch	/description	"맛있고, 새콤하면서도 달콤한 간식으로 네 이를 망가뜨릴 거다!
^green;유형: 초식^reset;"	맛있고, 새콤하면서도 달콤한 간식으로 네 이를 망가뜨릴 거다!	1	0	0.84	{'^green;': 1, '^reset;': 1}
/items/generic/food/tier4/om_starcandy2.consumable.patch	/description	"매끄러운 초콜릿이 이 새콤한 별사탕을 뒤덮고 있다!
^green;종류: 초식^reset;"	매끄러운 초콜릿이 이 새콤한 별사탕을 뒤덮고 있다!	1	0	0.81	{'^green;': 1, '^reset;': 1}
/items/generic/food/tier4/om_starryjam.consumable.patch	/description	"새콤하지만 맛있는 별미! 샌드위치에 완벽하다.
^green;종류: 초식동물용^reset;"	새콤하지만 맛있는 별미! 샌드위치에 완벽하다.	1	0	0.72	{'^green;': 1, '^reset;': 1}
/items/generic/food/tier4/om_starrypie.consumable.patch	/description	"달콤한 크림을 얹은, 새콤하고 별로 가득한 파이!
^green;종류: 초식동물용^reset;"	달콤한 크림을 얹은, 새콤하고 별로 가득한 파이!	1	0	0.72	{'^green;': 1, '^reset;': 1}
/items/generic/food/tier4/om_starryplanetstar.consumable.patch	/description	"작은 별 하나를 곁들인 별빛 주스!
^green;유형: 초식^reset;"	작은 별 하나를 곁들인 별빛 주스!	1	0	0.74	{'^green;': 1, '^reset;': 1}
/items/generic/food/tier4/om_starrysandwich.consumable.patch	/description	"별빛 잼을 바른 빵 조각입니다! 맛있어요!
^green;유형: 초식동물^reset;"	별빛 잼을 바른 빵 조각입니다! 맛있어요!	1	0	0.72	{'^green;': 1, '^reset;': 1}
/items/generic/food/tier4/om_starryshake.consumable.patch	/description	"별무늬 밀크셰이크! 그야말로 스텔라!
^green;종류: 초식동물용^reset;"	별무늬 밀크셰이크! 그야말로 스텔라!	1	0	0.68	{'^green;': 1, '^reset;': 1}
/items/generic/food/tier5/om_starrybutterfish.consumable.patch	/description	"약간의 버터를 곁들인 반짝이는 스타리피시! 버터는 항상 뭐든 더 맛있게 만들어주지!
^orange;종류: 조리된 생선 + 채소^reset;"	약간의 버터를 곁들인 반짝이는 스타리피시! 버터는 항상 뭐든 더 맛있게 만들어주지!	1	0	0.77	{'^orange;': 1, '^reset;': 1}
/items/generic/food/tier6/atprk_deepseasteak.consumable.patch	/description	심해 고기를 튀긴 스테이크입니다. 맵기도 합니다. ^orange;유형: 조리된 고기^reset;	심해 고기를 튀겨 낸 스테이크. 맵기까지 하다.	0	0	0.67	{'^orange;': 1, '^reset;': 1}
/items/generic/food/tier6/atprk_starfishsushi.consumable.patch	/description	저녁을 근사하게 만들어줄 이국적인 불가사리 롤. ^orange;종류: 생선, 식물^reset;	저녁 돋우는 이국 불가사리 롤.	0	0	0.45	{'^orange;': 1, '^reset;': 1}
/items/generic/food/tier6/atprk_stellarsauce.consumable.patch	/description	진정으로 우주적인 맛. ^orange;종류: 생선, 식물^reset;	진정 우주적 맛.	0	0	0.39	{'^orange;': 1, '^reset;': 1}
/items/generic/food/tier6/om_neonmelonstars.consumable.patch	/description	"별 모양 네온멜론에 맛있는 포도를 곁들여, 전부 꼬치에 꿴 것!
^green;유형: 초식^reset;"	별 모양 네온멜론에 맛있는 포도를 곁들여, 전부 꼬치에 꿴 것!	1	0	0.84	{'^green;': 1, '^reset;': 1}
/items/generic/food/tier6/om_rainbowrockyroad.consumable.patch	/description	"부드러운 초콜릿 아이스크림의 진미! 그 안에는 맛있는 덩어리들이 다양하게 들어 있습니다!
^green;종류: 초식^reset;"	부드러운 초콜릿 아이스크림의 진미! 그 안에는 맛있는 덩어리들이 다양하게 들어 있습니다!	1	0	0.89	{'^green;': 1, '^reset;': 1}
/items/generic/food/tier6/om_stardustramen.consumable.patch	/description	"아베스밍고로 만들고 별가루를 올린, 더없이 맛있는 라멘 한 그릇입니다!
^orange;유형: 조리된 고기 + 채소^reset;"	아베스밍고로 만들고 스타더스트를 올린, 더없이 맛있는 라멘 한 그릇입니다!	1	0	0.79	{'^orange;': 1, '^reset;': 1}
/items/generic/food/tier6/om_starempanadas.consumable.patch	/description	"따뜻하고 군침 도는 재료에 별가루 한 스푼을 더한 갓 구운 엠파나다입니다!
^orange;종류: 익힌 고기 + 채소^reset;"	따뜻하고 군침 도는 재료에 스타더스트 한 스푼을 더한 갓 구운 엠파나다입니다!	1	0	0.8	{'^orange;': 1, '^reset;': 1}
/items/generic/food/tier6/om_starryfishcurry.consumable.patch	/description	"스타리 생선, 토마토, 고추, 우유로 만든 카레! 마치 그 안에 작은 별들이 들어 있는 것처럼 엄청 맵습니다!
^orange;종류: 조리된 생선 + 채소^reset;"	스타리 생선, 토마토, 고추, 우유로 만든 카레! 마치 그 안에 작은 별들이 들어 있는 것처럼 엄청 맵습니다!	1	0	0.8	{'^orange;': 1, '^reset;': 1}
/items/generic/meat/cookeddemonmeat.consumable.patch	/description	조리된 데몬 고기 덩어리로, 보기 불편하다. 냄새를 맡으면 불쾌한 기분이 든다. ^orange;유형: 조리된 고기^reset;	조리된 데몬 고기 덩어리로, 보기 불편하다. 냄새를 맡으면 불쾌한 기분이 든다.	0	0	0.81	{'^orange;': 1, '^reset;': 1}
/items/generic/meat/demonmeat.consumable.patch	/description	그림자 데몬의 날고기 덩어리. 보기에... 역겹다. ^red;종류: 날고기^reset;	그림자 데몬의 날고기 덩어리. 보기에... 역겹다.	0	0	0.79	{'^red;': 1, '^reset;': 1}
/items/generic/meat/om_starrycookedfish.consumable.patch	/description	"맛있게 조리된 스타리 물고기 필레. 이제는 ^orange;아마도^reset; 먹어도 안전할 것이다...
^orange;종류: 조리된 생선^reset;"	맛있게 조리된 스타리 물고기 필레. 이제는 ^orange;아마도^reset; 먹어도 안전할 것이다...	1	0	0.8	{'^orange;': 1, '^reset;': 1}
/items/generic/meat/om_starryrawfish.consumable.patch	/description	"반짝이는 생선살 조각입니다. 다소 역겹습니다.
^red;종류: 방사능 생선^reset;"	반짝이는 생선살 조각입니다. 다소 역겹습니다.	1	0	0.72	{'^red;': 1, '^reset;': 1}
/items/generic/mechparts/body/atprk_mechbodydevout.item.patch	/description	^cyan;면역^reset;: 보통 추위, 보통 독, 사막/열대 더위.	글리치 신도회가 쓰는 육중한 장갑 메크 몸체.	0	0	0.95	{'^cyan;': 1, '^reset;': 1}
/items/generic/mechparts/body/atprk_mechbodydevout2.item.patch	/description	^cyan;면역^reset;: 극한 추위/독/방사능/더위, 용암/액체 질소.	거대한 기사처럼 보이도록 설계된 위압적인 메크 몸체다.	0	0	0.96	{'^cyan;': 1, '^reset;': 1}
/items/generic/mechparts/body/atprk_mechbodykrakothrobo.item.patch	/description	^cyan;면역^reset;: 극한 방사능/열/추위/독, 용암/액체 질소, ^magenta;공간 왜곡^reset;.	고대 전투 로봇의 잔해로 만든 메크 본체입니다.	0	0	0.69	{'^cyan;': 1, '^reset;': 2, '^magenta;': 1}
/items/generic/mechparts/body/atprk_mechbodykrakothsuit.item.patch	/description	^cyan;면역^reset;: 극한 방사능/열/추위/독, 용암/액체 질소, ^magenta;공간 왜곡^reset;.	크라코탄 강화 갑주를 개조해 만든 메카 몸체.	0	0	0.66	{'^cyan;': 1, '^reset;': 2, '^magenta;': 1}
/items/generic/mechparts/body/atprk_mechbodyrelicseeker.item.patch	/description	^cyan;면역^reset;: 보통 추위/독, 사막/열대 더위.	이 메크 몸체는 고고학 현장에 자주 배치된다.	0	0	1.06	{'^cyan;': 1, '^reset;': 1}
/items/generic/mechparts/body/atprk_mechbodyriftdiver.item.patch	/description	^cyan;면역^reset;: 약한 방사능, 극한 추위/독, 사막/열대 더위, 액체 질소, ^magenta;공간 왜곡^reset;.	이 실험적 메크 몸체는 차원 터널에 안전하게 들어갈 수 있게 해 준다.	0	0	0.82	{'^cyan;': 1, '^reset;': 2, '^magenta;': 1}
/items/generic/mechparts/body/mechbodydvamech.item.patch	/description	^cyan;면역^reset;: 압력, 극한 더위/추위/방사능/독, 프로토	경고: 고폭발성!	0	0	0.35	{'^cyan;': 1, '^reset;': 1}
/items/generic/mechparts/body/mechbodyxsm_elitesigma.item.patch	/description	^cyan;면역^reset;: 중간 추위, 경미 열/독/프로토	시그마, 럭셔리 에디션.	0	0	0.65	{'^cyan;': 1, '^reset;': 1}
/items/generic/mechparts/body/mechbodyxsm_piraterhomech.item.patch	/description	^cyan;면역^reset;: 압력, 극한 열/한기/방사선, 약한 독/프로토	전설의 Q. 플린트 선장의 맞춤 메크.	0	0	0.67	{'^cyan;': 1, '^reset;': 1}
/items/generic/mechparts/body/mechbodyxsm_rhomech.item.patch	/description	^cyan;면역^reset;: 압력, 극한 열/한기/방사선, 약한 독/프로토	적을 썰어야 할 때를 위해.	0	0	0.46	{'^cyan;': 1, '^reset;': 1}
/items/generic/mechparts/body/mechbodyxsm_roninrhomech.item.patch	/description	^cyan;면역^reset;: 압력, 극한 열/한기/방사선, 약한 독/프로토	적을 녹여야 할 때를 위해.	0	0	0.46	{'^cyan;': 1, '^reset;': 1}
/items/generic/mechparts/body/mechbodyxsm_sigma.item.patch	/description	^cyan;면역^reset;: 중간 추위, 경미 열/독/프로토	다재다능한 XS 시그마는 언제나 훌륭한 선택이다!	0	0	1.29	{'^cyan;': 1, '^reset;': 1}
/items/generic/mechparts/body/mechbodyxsm_thetamech.item.patch	/description	^cyan;면역^reset;: 압력, 산성, 극한 더위/추위/방사능/독/프로토, 에테르	경고: 고도 파괴적.	0	0	0.3	{'^cyan;': 1, '^reset;': 1}
/items/generic/other/valentinechocolates.consumable.patch	/description	"테마 초콜릿이 든 하트 모양 상자입니다!
체력과 허기를 모두 채우세요!"	테마 초콜릿이 들어 있는 하트 모양 상자!	1	0	0.57	{}
/items/generic/produce/atprk_ambergine.consumable.patch	/description	달콤한 향이 나는 채소. ^green;종류: 식물^reset;	달콤한 향이 나는 채소.	0	0	0.67	{'^green;': 1, '^reset;': 1}
/items/generic/produce/atprk_traproot.consumable.patch	/description	포식성이지만 대체로 식용 가능한 식물. 조심하지 않으면 당신을 잡아먹을 것이다. ^green;종류: 식물^reset;	포식성이지만 대체로 식용 가능한 식물. 조심하지 않으면 당신을 잡아먹을 것이다.	0	0	0.88	{'^green;': 1, '^reset;': 1}
/items/generic/produce/chestoberry.consumable.patch	/description	기운을 북돋아 주고 맛이 텁텁한 베리. ^green;유형: 과일^reset;	에너지를 북돋아 주지만 맛은 퍽퍽한 열매.	0	0	0.86	{'^green;': 1, '^reset;': 1}
/items/generic/produce/om_starrystarfruit.consumable.patch	/description	"새콤하지만 달콤한 과일! 사과, 배, 포도, 오렌지 맛이 한데 어우러진다!
^green;종류: 과일^reset;"	새콤하지만 달콤한 과일! 사과, 배, 포도, 오렌지 맛이 한데 어우러진다!	1	0	0.86	{'^green;': 1, '^reset;': 1}
/items/generic/produce/pechaberry.consumable.patch	/description	달콤하고 몸속의 독을 없애 주는 베리. ^green;유형: 과일^reset;	달콤하며 몸속의 독을 없애 주는 열매.	0	0	0.76	{'^green;': 1, '^reset;': 1}
/items/liquids/akkimariacid.liqitem.patch	/description	"부식성이 매우 강한 유기 물질입니다.
^yellow;원심분리 가능^reset;."	고부식성 유기 물질.	1	0	0.39	{'^yellow;': 1, '^reset;': 1}
/items/liquids/centensianliquid.liqitem.patch	/description	"이 우주에 속하지 않은 것처럼 느껴지는, 기묘하고 걸쭉한 액체.
^yellow;원심분리 가능^reset;."	이 우주에 속하지 않는 듯한 이상하고 걸쭉 액체.	1	0	0.59	{'^yellow;': 1, '^reset;': 1}
/items/materials/aenbridge.matitem.patch	/description	다리에 사용하기 위해 조각된 일부 엥 나무, 지지대가 필요 없습니다.	다리용으로 깎은 앤 나무. 지지대는 필요 없다.	0	0	0.69	{}
/items/materials/aencrosshatchbasic.matitem.patch	/description	창문에 사용하기 위해 만든 엥 나무 격자입니다.	창문용으로 만든 앤 나무 격자.	0	0	0.65	{}
/items/materials/aenfencebasic.matitem.patch	/description	아엔우드(Aen Wood)로 만든 울타리.	앤 나무로 만든 울타리.	0	0	0.5	{}
/items/materials/aenplatform.matitem.patch	/description	예쁜 Aen Wood 플랫폼.	예쁜 앤 나무 플랫폼.	0	0	0.69	{}
/items/materials/aentimber.matitem.patch	/description	일부는 건축 및 제작에 '완벽한' Aen Wood를 가공했습니다.	"가공한 앤 나무. 건축과 제작에 ""완벽""하다."	0	0	0.69	{}
/items/materials/ancientblockcracked.matitem.patch	/description	이 벽돌은 시간이 지남에 따라 풍화되었습니다.	세월에 풍화된 벽돌들.	0	0	0.5	{}
/items/materials/atprk_amberblock.matitem.patch	/description	"화석화된 나무 수지다. 고대 벌레도 발견할 수 있다!
^green;추출 가능^reset;, ^orange;분쇄 가능^reset;."	화석화된 나무 수지다. 고대 벌레도 발견할 수 있다!	1	0	0.69	{'^green;': 1, '^reset;': 2, '^orange;': 1}
/items/materials/atprk_ashrock.matitem.patch	/description	"재로 뒤덮인 바위.
^green;채취 가능^reset;, ^orange;분쇄 가능^reset;."	재로 뒤덮인 바위.	1	0	0.44	{'^green;': 1, '^reset;': 2, '^orange;': 1}
/items/materials/atprk_chthonianrock.matitem.patch	/description	"밀도 높은 금속질 암석.
^green;채취 가능^reset;, ^orange;파괴 가능^reset;."	밀도 높은 금속질 암석.	1	0	0.5	{'^green;': 1, '^reset;': 2, '^orange;': 1}
/items/materials/atprk_frozenfishwater.matitem.patch	/description	"물고기로 가득한 얼어붙은 바닷물.
^green;채취 가능^reset;."	물고기로 가득한 얼어붙은 바닷물.	1	0	0.75	{'^green;': 1, '^reset;': 1}
/items/materials/atprk_radiotrophicwood.matitem.patch	/description	"외계의 방사영양성 목재 조각입니다.
^green;추출 가능^reset;."	외계의 방사영양성 목재 조각입니다.	1	0	0.76	{'^green;': 1, '^reset;': 1}
/items/materials/atprk_spongeblock.matitem.patch	/description	"부드러운 스펀지 블록. 아니, 물을 흡수하지는 않는다.
^green;채취 가능^reset;, ^orange;분쇄 가능^reset;."	부드러운 스펀지 블록. 아니, 물을 흡수하지는 않는다.	1	0	0.71	{'^green;': 1, '^reset;': 2, '^orange;': 1}
/items/materials/autumnleaves.matitem.patch	/shortdescription	떨어진 나뭇잎	낙엽	0	0	0.33	{}
/items/materials/biostonematerial.matitem.patch	/shortdescription	프로토스톤	원생 돌	0	0	0.6	{}
/items/materials/bloodsandmaterial.matitem.patch	/shortdescription	블러드샌드	피 모래	0	0	0.6	{}
/items/materials/bloodstonematerial.matitem.patch	/description	"불그스름한 돌 블록입니다.
^green;추출 가능^reset;, ^orange;분쇄 가능^reset;."	"핏빛으로 물든 돌 블록.
^green;추출 가능^reset;."	1	1	0.68	{'^reset;': 1, '^orange;': 1}
/items/materials/bloodstonematerial.matitem.patch	/shortdescription	블러드 스톤	혈석	0	0	0.4	{}
/items/materials/candyblock.matitem.patch	/description	"달콤한 향이 나는 돌사탕!
^green;추출 가능^reset;, ^orange;분쇄 가능^reset;."	달콤한 냄새의 록 캔디!	1	0	0.48	{'^green;': 1, '^reset;': 2, '^orange;': 1}
/items/materials/charredflesh.matitem.patch	/description	"까맣고 바삭바삭한 살. 그럼요아아아아아아아아아아아아아아아아아아아아아아아아아아아아아앙 가는 중입니다....
^green;추출 가능^reset;."	"까맣게 탄 바삭한 살점. 그래 알았어... 가는 중이야....
^green;추출 가능^reset;."	1	1	0.55	{}
/items/materials/copperwindowdim.matitem.patch	/description	단단한 구리로 만든 프레임이 있는 창문입니다. 집에 아무도 없어...	단단한 구리 틀의 창문. 아무도 없는 듯...	0	0	0.63	{}
/items/materials/copperwindowlit.matitem.patch	/description	단단한 구리로 만든 프레임이 있는 창문입니다. 누군가 집에 있어요!	단단한 구리 틀의 창문. 누가 있는 모양이다!	0	0	0.66	{}
/items/materials/dollhouseroofing.matitem.patch	/description	전통적인 느낌의 인형집 지붕.	전통풍 인형집 지붕.	0	0	0.69	{}
/items/materials/dollhousewall.matitem.patch	/description	전통적으로 보이는 벽.	전통풍 벽.	0	0	0.5	{}
/items/materials/elderbricks2.matitem.patch	/description	아주 오래되고 알려지지 않은 돌의 이상한 배열입니다.	매우 오래된 미지의 돌의 기묘한 배치.	0	0	0.7	{}
/items/materials/erchiuspillar.matitem.patch	/description	에르키우스(Erchius)로 만든 단단한 기둥.	에르키우스로 만든 단단한 기둥.	0	0	0.61	{}
/items/materials/frozensandmaterial.matitem.patch	/shortdescription	얼어붙은 모래	빙결 모래	0	0	0.67	{}
/items/materials/fu_raincloudplatform.matitem.patch	/shortdescription	레인클라우드 플랫폼	비구름 플랫폼	0	0	0.67	{}
/items/materials/fu_slopedglitchhull01.matitem.patch	/description	글리치(Glitch) 선박용으로 제작된 선체 패널. 강한.	글리치 함선용 선체 패널링. 튼튼하다.	0	0	0.63	{}
/items/materials/fudarkironbars.matitem.patch	/shortdescription	검은무쇠 주괴	다크 철창	0	0	0.67	{}
/items/materials/fudarkornatewall.matitem.patch	/description	전통적으로 보이는 벽.	전통풍 벽.	0	0	0.5	{}
/items/materials/fudarkwoodshojiscreenpanel.matitem.patch	/shortdescription	다크 쇼지 스크린 패널	다크 쇼지 패널	0	0	0.67	{}
/items/materials/fufeneroxsupport.matitem.patch	/description	기본적인 나무 기둥입니다.	기본 목재 빔.	0	0	0.5	{}
/items/materials/fuhovertile.matitem.patch	/description	기본적인 반중력 기술을 갖추고 있습니다.	기본 반중력 기술 탑재.	0	0	0.56	{}
/items/materials/fuinvisible.matitem.patch	/shortdescription	보이지 않는 타일	투명 타일	0	0	0.57	{}
/items/materials/fukirhosmetalfloor.matitem.patch	/description	고품질 산업용 바닥재입니다.	고급 산업용 바닥재.	0	0	0.69	{}
/items/materials/fumonasterybeam.matitem.patch	/description	쇼지 디자인의 빔.	쇼지풍 빔.	0	0	0.62	{}
/items/materials/fumonasteryflooring.matitem.patch	/description	쇼지 디자인의 바닥재.	쇼지풍 바닥.	0	0	0.6	{}
/items/materials/fumonasteryroofing.matitem.patch	/description	쇼지 디자인의 지붕.	쇼지풍 지붕.	0	0	0.67	{}
/items/materials/fumonasterytile.matitem.patch	/description	쇼지 디자인의 타일링.	쇼지풍 타일.	0	0	0.6	{}
/items/materials/fumonasterywall.matitem.patch	/description	쇼지 디자인의 벽.	쇼지풍 벽.	0	0	0.62	{}
/items/materials/furawornatewall.matitem.patch	/description	전통적으로 보이는 벽.	전통풍 벽.	0	0	0.5	{}
/items/materials/fusewerpipe.matitem.patch	/description	폐기물을 운반하는 데 사용되는 하수관입니다.	폐기물 운반용 하수관.	0	0	0.5	{}
/items/materials/fuslopedglass.matitem.patch	/description	나는 내 반성을 볼 수 있습니다.	내 모습이 보입니다.	0	0	0.69	{}
/items/materials/fuslopedtintedglass.matitem.patch	/description	나는 내 반성을 볼 수 있습니다.	내 모습이 보입니다.	0	0	0.69	{}
/items/materials/fusteelgirdirmaterial.matitem.patch	/description	강철로 만든 대들보입니다.	강철로 만든 거더.	0	0	0.67	{}
/items/materials/fustomachblock.matitem.patch	/shortdescription	위 안감	위벽	0	0	0.67	{}
/items/materials/hellstone.matitem.patch	/description	"으엑, 살덩어리처럼 보이는 재료야!
^green;채취 가능^reset;."	윽, 살덩이 같은 재질이야!	1	0	0.57	{'^green;': 1, '^reset;': 1}
/items/materials/honey/goldenleaves.matitem.patch	/description	"황금빛 나뭇잎으로 만들어진 블록입니다.
^green;추출 가능^reset;."	"황금 잎으로 만든 블록.
^green;추출 가능^reset;."	1	1	0.65	{}
/items/materials/honey/goldenwoodplatform.matitem.patch	/description	황금색으로 보이는 나무 플랫폼.	황금빛 나무 플랫폼.	0	0	0.64	{}
/items/materials/honey/unrefinedgoldenwood.matitem.patch	/description	거칠고 다듬어지지 않은 이 황금색 나무는 갓 자른 것처럼 보입니다.	거칠고 미가공된, 갓 자른 듯한 황금 나무.	0	0	0.64	{}
/items/materials/honey/unrefinedgoldenwood.matitem.patch	/shortdescription	정제되지 않은 황금빛 나무	미가공 황금 나무	0	0	0.64	{}
/items/materials/honey/whitewaxblock.matitem.patch	/shortdescription	화이트 왁스	흰 밀랍	0	0	0.6	{}
/items/materials/honeyplatform.matitem.patch	/description	황금빛의 끈적끈적한 플랫폼입니다.	황금빛 끈적한 플랫폼.	0	0	0.62	{}
/items/materials/hydrangeablock.matitem.patch	/description	짙은 잎과 수국 꽃이 모여 있는 플랫폼입니다.	검은 잎과 수국 꽃 다발.	0	0	0.53	{}
/items/materials/hydrotubematerial.matitem.patch	/shortdescription	^cyan;수경 재배 튜브^reset;	^cyan;수경 튜빙^reset;	0	0	0.67	{}
/items/materials/iceblock1material.matitem.patch	/shortdescription	깊게 얼어붙은 얼음	심냉각 얼음	0	0	0.62	{}
/items/materials/iceblock2material.matitem.patch	/shortdescription	얼어붙은 돌	빙결석	0	0	0.6	{}
/items/materials/matterblock.matitem.patch	/description	"물질 블록입니다. 중요한(matter) 블록이죠.
^green;추출 가능^reset;, ^red;제련 가능^reset;."	물질 블록. 물질적인 블록이다.	1	0	0.41	{'^green;': 1, '^reset;': 2, '^red;': 1}
/items/materials/metallicbrick3.matitem.patch	/description	선박용 금속 장식입니다. 페인팅된 보석이 포함되어 있습니다.	함선용 금속 트림. 장식 보석 포함.	0	0	0.56	{}
/items/materials/nightargirder1.matitem.patch	/description	잘 연마된 은색 모듈형 타일입니다.	잘 닦은 은 모듈 타일.	0	0	0.6	{}
/items/materials/nightargirder2.matitem.patch	/description	정교하게 연마된 석재 모듈 타일입니다.	잘 닦은 돌 모듈 타일.	0	0	0.53	{}
/items/materials/peglacihorcable.matitem.patch	/description	차가운 케이블 하우징입니다.	냉각 케이블 하우징.	0	0	0.69	{}
/items/materials/peglacipykretestrip.matitem.patch	/description	파이크리트로 만든 장식용 스트립입니다.	파이크리트로 만든 장식 띠.	0	0	0.67	{}
/items/materials/purplecrystal.matitem.patch	/description	"이 보라색 수정 안에서 빛이 뒤틀리는 것 같다.
^green;채굴 가능^reset;, ^orange;분쇄 가능^reset;."	이 보라색 크리스탈 안에서 빛이 뒤틀리는 듯하다.	1	0	0.72	{'^green;': 1, '^reset;': 2, '^orange;': 1}
/items/materials/redhoneyplatform.matitem.patch	/description	붉은색의 끈적끈적한 플랫폼입니다.	붉고 끈적한 플랫폼.	0	0	0.56	{}
/items/materials/skathbigwall.matitem.patch	/description	구조물을 보강하는 데 사용되는 두꺼운 판넬입니다.	구조물 보강용 두꺼운 패널링.	0	0	0.59	{}
/items/materials/skathpipe.matitem.patch	/description	매우 위험한 물질을 운반하기 위해 만들어진 파이프입니다.	고위험 물질 운반용 파이프.	0	0	0.48	{}
/items/materials/skathpressurewall.matitem.patch	/description	고압 환경에서 사용하도록 제작된 테타이드 합금 블록입니다.	고압 환경용으로 만든 테시이드 합금 블록.	0	0	0.69	{}
/items/materials/slimedirtmaterial.matitem.patch	/shortdescription	끈적끈적한 토양	미끈한 흙	0	0	0.57	{}
/items/materials/slimeplatform.matitem.patch	/description	끈적끈적한 플랫폼. 무너지고 있는 것 같습니다.	끈적한 플랫폼. 무너질 것 같다.	0	0	0.67	{}
/items/materials/spidersilkblock.matitem.patch	/description	"거미줄을 단단히 모아 만든 견고한 블록.
^green;추출 가능^reset;."	거미줄을 빽빽하게 채워 만든 단단한 블록.	1	0	0.82	{'^green;': 1, '^reset;': 1}
/items/materials/stomachblock.matitem.patch	/description	"이 살덩이 덩어리는 어떤 생명체의 위의 일부인 것처럼 보입니다.
^green;추출 가능^reset;."	이 살덩이는 어떤 생물의 위 일부였던 듯하다.	1	0	0.59	{'^green;': 1, '^reset;': 1}
/items/materials/treatedaenwood.matitem.patch	/description	일부는 나무 껍질 같은 느낌을 더하기 위해 Aen Wood를 처리했습니다.	껍질 느낌을 더한 가공 앤 나무.	0	0	0.41	{}
/items/materials/unrefinedandesite.matitem.patch	/shortdescription	정제되지 않은 안산암	미가공 안산암	0	0	0.67	{}
/items/materials/unrefinedchert.matitem.patch	/shortdescription	정제되지 않은 규질암	미가공 셔트	0	0	0.56	{}
/items/materials/unrefinedconglomerate.matitem.patch	/shortdescription	정제되지 않은 역암	미가공 역암	0	0	0.62	{}
/items/materials/unrefinedgabbro.matitem.patch	/shortdescription	정제되지 않은 반려암	미가공 개브로	0	0	0.67	{}
/items/materials/unrefinedgneiss.matitem.patch	/shortdescription	정제되지 않은 편마암	미가공 편마암	0	0	0.67	{}
/items/materials/unrefinedlimestone.matitem.patch	/shortdescription	정제되지 않은 석회암	미가공 석회암	0	0	0.67	{}
/items/materials/veluuornatemetalplating.matitem.patch	/description	첨단 기술의 화려한 황금색 지지대입니다.	첨단 장식 황금 지지대.	0	0	0.56	{}
/items/materials/veluustripedpanel.matitem.patch	/description	하이테크 황금 패널입니다.	첨단 황금 패널.	0	0	0.58	{}
/items/materials/weatheredhorizontal.matitem.patch	/shortdescription	풍화된 호르. 널빤지	풍화 수평 판자	0	0	0.67	{}
/items/materials/woodentrim.matitem.patch	/description	주택용 장식용 나무 장식품입니다.	주택용 장식 목재 트림.	0	0	0.67	{}
/items/materials/woodenwindow1lit.matitem.patch	/shortdescription	조명이 있는 나무 창문	켜진 목재 창문	0	0	0.67	{}
/items/throwables/glowbomb.thrownitem.patch	/description	급하게 광원이 필요한데 다른 지성체만으로 해결해야 할 때를 위해.	급하게 광원이 필요할 때를 위해.	0	0	0.5	{}
/ivrpgStats.config.patch	/vitality/1/text	"^green;생명력 20부터:^reset;
클래식 모드의 최대 체력 페널티 절반.
전문화의 최대 체력 페널티 절반."	허기 속도를 감소시킵니다.	2	0	0.32	{'^green;': 1, '^reset;': 1}
/liquids/apexfluid.liquid.patch	/description	과일 맛 나는 에이펙스 정액이다. 멋진 밀크셰이크가 될 것 같아...	에이펙스의 음란한 체액	0	0	0.34	{}
/liquids/avianfluid.liquid.patch	/description	아비안의 정액. 아니, 적어도 그러길 바란다. 어느 쪽이든 누군가의 배설강에서 나온 건 확실하다.	아비안의 음란한 체액	0	0	0.21	{}
/liquids/floranfluid.liquid.patch	/description	플로란 정액. 향기만큼 달콤한 맛일지 궁금하다?	플로란의 야한 체액	0	0	0.38	{}
/liquids/glitchfluid.liquid.patch	/description	끈적한 글리치 정액. 냄새만 아니었으면 훌륭한 기계 윤활유가 됐을 텐데.	글리치의 음란한 체액	0	0	0.29	{}
/liquids/humanfluid.liquid.patch	/description	인간의 정액. 탈의실과 그걸 청소할 때 쓰는 물건 중간쯤 되는 냄새가 난다.	인간의 야한 체액	0	0	0.23	{}
/liquids/hylotlfluid.liquid.patch	/description	하이로틀의 정액. 이런 난장판을 친 게 누구든, 정말 '로틀'스럽게 흘렸네.	하이로틀의 야한 체액	0	0	0.27	{}
/liquids/novafluid.liquid.patch	/description	노바키드의 정액. 휴, 정말 독한데.	노바키드의 야한 체액	0	0	0.56	{}
/liquids/xenofluid.liquid.patch	/description	외계인 정액. 냄새가 세상 것이 아니다.	제노 스펑크	0	0	0.29	{}
/objects/arcana/teleporter/astralCorridor/arcana_teleporter_astralCorridor.object.patch	/description	미지의 차원으로 이어지는 신비로운 문이다. ^red;사용하거나 파괴하면 사라진다.^reset;	미지의 차원으로 통하는 신비한 문입니다. 뭐가 잘못될 수 있을까요?	0	0	0.88	{'^red;': 1, '^reset;': 1}
/objects/arcana/teleporter/astralCorridor/arcana_teleporter_astralCorridor.object.patch	/shortdescription	^#4bb4ca;애저^reset; 복도 문	도전의 문	0	0	0.8	{'^#4bb4ca;': 1, '^reset;': 1}
/objects/arcana/teleporter/lunarCorridor/arcana_teleporter_lunarCorridor.object.patch	/description	미지의 차원으로 이어지는 신비로운 문이다. ^red;사용하거나 파괴하면 사라진다.^reset;	미지의 차원으로 통하는 신비한 문입니다. 뭐가 잘못될 수 있을까요?	0	0	0.88	{'^red;': 1, '^reset;': 1}
/objects/arcana/teleporter/lunarCorridor/arcana_teleporter_lunarCorridor.object.patch	/shortdescription	^#8f82e9;루나^reset; 회랑 문	도전의 문	0	0	0.8	{'^#8f82e9;': 1, '^reset;': 1}
/objects/arcana/teleporter/solarCorridor/arcana_teleporter_solarCorridor.object.patch	/description	미지의 차원으로 이어지는 신비로운 문이다. ^red;사용하거나 파괴하면 사라진다.^reset;	미지의 차원으로 통하는 신비한 문입니다. 뭐가 잘못될 수 있을까요?	0	0	0.88	{'^red;': 1, '^reset;': 1}
/objects/arcana/teleporter/solarCorridor/arcana_teleporter_solarCorridor.object.patch	/shortdescription	^#e99763;솔라^reset; 회랑 문	도전의 문	0	0	0.8	{'^#e99763;': 1, '^reset;': 1}
/objects/bed/bed1/tentbed.object.patch	/apexDescription	집의 평범한 침대가 그리워. 잠깐... 이건 아주 편하군.	고향에 있던 평범한 침대가 그리워.	0	0	0.6	{}
/objects/bed/bed1/tentbed.object.patch	/avianDescription	집의 평범한 침대가 그리워. 잠깐... 이건 아주 편하군.	외계 침대다. 이거 나뭇잎인가?	0	0	0.56	{}
/objects/crafting/bothealingstation/pethealingstation.object.patch	/description	이 봇 수리 스테이션은 압축된 로봇을 수리하는 데 사용됩니다.	압축된 로봇을 수리하는 봇 수리 스테이션.	0	0	0.69	{}
/objects/crafting/chemlab/chemlab.object.patch	/description	화학 물질을 가지고 놀아보세요. 끝없는 재미.	상급 화학·생물학 실험.	0	0	0.55	{}
/objects/crafting/chemlab/chemlaboutpost.object.patch	/description	화학 물질을 가지고 놀아보세요. 끝없는 재미.	상급 화학·생물학 실험.	0	0	0.55	{}
/objects/crafting/clonelab/clonelab.object.patch	/subtitle	나무 유전학을 하나로 묶으세요	나무 유전자를 섞는다	0	0	0.69	{}
/objects/crafting/elderhealingstation/elderhealingstation.object.patch	/subtitle	죽은 애완동물, 망가진 로봇 등을 위한 것입니다.	죽은 펫, 고장 난 봇 등등용.	0	0	0.57	{}
/objects/crafting/elderhealingstation/pethealingstationauto.object.patch	/subtitle	죽은 애완동물, 망가진 로봇 등을 위한 것입니다.	죽은 펫, 고장 난 봇 등등용.	0	0	0.57	{}
/objects/crafting/elduu/crystalloom/crystalloom.object.patch	/description	결정을 재료로 만들기 위해 제작된 직기입니다.	크리스탈을 소재로 짜는 베틀.	0	0	0.65	{}
/objects/crafting/extraavianaugments/extraavianaugments.object.patch	/interactData/paneLayoutOverride/windowtitle/subtitle	지난 보상을 재구매하세요!	지난 보상 재구매!	0	0	0.67	{}
/objects/crafting/farmwell/farmwell.object.patch	/description	집 주변에서 사용할 수 있는 물을 생성합니다. 최대 200개의 물을 저장할 수 있습니다. 중첩되면 효율이 떨어집니다. 스캔하여 추가 정보 확인.	집 주변에서 쓸 물을 만든다. 최대 200의 물 저장. 겹쳐 두면 효율 감소. 스캔으로 정보 확인.	0	0	0.66	{}
/objects/crafting/fu_petrenamer/fu_petrenamer.object.patch	/subtitle	슬픈 반려동물을 위해	슬픈 펫용	0	0	0.44	{}
/objects/crafting/fu_petrenamer/fu_petrenamer.object.patch	/shortdescription	^orange;동물 개명 장치^reset;	^orange;펫 개명기^reset;	0	0	0.67	{}
/objects/crafting/fu_woodensifter/fu_woodensifter.object.patch	/shortdescription	^cyan;시프터^reset;	^cyan;체^reset;	0	0	0.33	{}
/objects/crafting/fuwaterbarrel/fuwaterbarrel.object.patch	/description	여분의 물이나 기타 액체를 보관하는 데 이상적입니다.	남는 물이나 다른 액체 저장에 좋다.	0	0	0.65	{}
/objects/crafting/ironanvil/ironanvil.object.patch	/shortdescription	^orange;철 모루^reset;	^orange;철 모루^white;	0	0	1.0	{'^reset;': 1}
/objects/crafting/ironcraftingtable/ironcraftingtable.object.patch	/shortdescription	^orange;철제 제작대^reset;	^orange;철 제작대^white;	0	0	0.8	{'^reset;': 1}
/objects/crafting/matterassembler/prototyper.object.patch	/description	^cyan;(Frackin' Universe 메인 테이블)^reset; 모든 종류의 유용한 장비를 제작하세요.	고급 기술을 만든다.	0	0	0.23	{'^cyan;': 1, '^reset;': 1}
/objects/crafting/matterassembler/prototyperoutpost.object.patch	/description	^cyan;(Frackin' Universe 메인 테이블)^reset; 모든 종류의 유용한 장비를 제작하세요.	고급 기술을 만든다.	0	0	0.23	{'^cyan;': 1, '^reset;': 1}
/objects/crafting/medievalworkstation/medievalworkstation.object.patch	/feneroxDescription	대형. 견고합니다. 여러 종류의 기본적인 물건을 만들 수 있습니다. 좋다!	큼. 단단함. 온갖 기본 물건 만듦. 좋음!	0	0	0.56	{}
/objects/crafting/nanofabricator/nanofabricatoroutpost.object.patch	/description	이 스테이션은 장비를 업그레이드하고 아이디어를 창출하는 데 도움이 됩니다.	나나이트로 업그레이드와 첨단 장비를 만든다.	0	0	0.61	{}
/objects/crafting/pethealingstation/pethealingstationauto.object.patch	/shortdescription	^orange;자동 애완동물 치료기^reset;	^orange;자동 펫 치료기^reset;	0	0	0.67	{}
/objects/crafting/ppshopmini/ppshopmini.object.patch	/description	버튼 하나만 누르면 소품 패키징의 최고급 제품을 구매할 수 있습니다!	프롭 패키징의 최고 제품을 버튼 하나로!	0	0	0.59	{}
/objects/crafting/starbooze/fruitpress/fruitpress.object.patch	/description	과일의 즙을 짜내는 데 사용되는 기계입니다.	과일에서 즙을 짜내는 기계.	0	0	0.63	{}
/objects/crafting/starbooze/fruitpress/fruitpress.object.patch	/shortdescription	^orange;과일 프레스^reset;	^orange;과즙기^reset;	0	0	0.6	{}
/objects/crafting/starbooze/mashingtun/mashingtun.object.patch	/description	매시를 만들기 위한 통입니다.	매시를 만드는 통.	0	0	0.62	{}
/objects/crafting/weaponupgradeanvil2/fuweaponupgradeanvil.object.patch	/shortdescription	코스믹 에테르 도가니	우주 도가니	0	0	0.56	{}
/objects/crafting/xenostationadvnew/xenostationadvnew.object.patch	/shortdescription	^cyan;개선형 생명공학 연구소^reset;	^cyan;고급 제노랩^reset;	0	0	0.5	{}
/objects/farmables/Icebud/Icebudseed.object.patch	/novakidDescription	컬리플라워 같은데 응혈 대신 얼음 같은 수정이 박혀 있네.	깃털이 달린 과일이라.	0	0	0.42	{}
/objects/farmables/Icebud/wildIcebudseed.object.patch	/novakidDescription	컬리플라워 같은데 응혈 대신 얼음 같은 수정이 박혀 있네.	깃털이 달린 과일이라.	0	0	0.42	{}
/objects/farmables/a_avali/kirifruitseed.object.patch	/description	지하 슬라임 곰팡이의 자실체입니다. 이 곰팡이는 이미 포자를 만들기 시작했습니다.	지하 점균의 자실. 이건 이미 포자를 터뜨리기 시작했다.	0	0	0.67	{}
/objects/farmables/a_avali/wildkirifruitseed.object.patch	/description	지하에 서식하는 점액 곰팡이의 자실체입니다. 이미 포자를 형성하기 시작했습니다.	지하 점균의 자실. 이건 이미 포자를 터뜨리기 시작했다.	0	0	0.67	{}
/objects/farmables/bladetree/bladetree.object.patch	/shortdescription	블레이드 나무	칼날 나무	0	0	0.67	{}
/objects/farmables/crystallite/crystallite.object.patch	/description	사물에 던지기에 완벽한 위험한 작은 파편을 만들어냅니다.	던지기 좋은 위험한 작은 파편을 만든다.	0	0	0.68	{}
/objects/farmables/feya/feyaseed.object.patch	/elduukharDescription	우리는 이것을 사용하여 열 에너지를 저장합니다.	이걸로 열 에너지를 저장해 둬.	0	0	0.62	{}
/objects/farmables/flowerblackseed/flowerblack.object.patch	/description	얼마나 믿을 수 없을 만큼 고딕적이고 소박합니다.	얼마나 고닉스러운 허세인지.	0	0	0.62	{}
/objects/farmables/flowerbrownseed/flowerbrown.object.patch	/description	꽃치고는 흔치 않은 색이다.	꽃치고 드문 색.	0	0	0.58	{}
/objects/farmables/flowergreenseed/flowergreen.object.patch	/description	끈적끈적한 잎으로 생기가 넘칩니다.	선명하고, 끈적한 잎.	0	0	0.62	{}
/objects/farmables/flowerorchid/flowerorchid2.object.patch	/description	바로 거기, 멋지고 풍부한 보라색이군요.	바로 여기, 꽤 진한 보라다.	0	0	0.67	{}
/objects/farmables/fu_scriptedfarmableexample/fu_scriptedfarmableexample.object.patch	/description	밀은 다양한 용도로 활용되는 주요 작물입니다.	밀, 용도가 많은 주식 작물.	0	0	0.6	{}
/objects/farmables/gazelemon/gazelemonseed.object.patch	/description	홍채가 가장 좋은 부분입니다. 어둠 속에서 시력을 돕습니다.	홍채가 최고의 부분. 어둠 속 시력에 도움.	0	0	0.69	{}
/objects/farmables/gazelemon/wildgazelemonseed.object.patch	/description	홍채가 가장 좋은 부분입니다. 어둠 속에서 시력을 돕습니다.	홍채가 최고의 부분. 어둠 속 시력에 도움.	0	0	0.69	{}
/objects/farmables/genesiberry/genesiberryseed.object.patch	/description	새로운 품종의 식물의 탄생. 이상하고 강력한 하이브리드입니다.	새 품종 식물의 기원. 기묘하고 강력한 잡종.	0	0	0.68	{}
/objects/farmables/glarestalk/glarestalkseed.object.patch	/description	이것은 하나의 못생긴 식물 돌연변이입니다. 광기에 면역이고 데미지가 증가합니다.	정말 못생긴 식물 돌연변이. 광기 면역, 피해 증가.	0	0	0.61	{}
/objects/farmables/glarestalk/wildglarestalkseed.object.patch	/description	이것은 하나의 못생긴 식물 돌연변이입니다. 광기에 면역이고 데미지가 증가합니다.	정말 못생긴 식물 돌연변이. 광기 면역, 피해 증가.	0	0	0.61	{}
/objects/farmables/goldenroot/goldenrootseed.object.patch	/description	건강을 회복시켜 주는 이 포도나무에는 금 조각이 장식되어 있습니다.	체력을 회복하는 덩굴에 금 조각이 박혀 있다.	0	0	0.66	{}
/objects/farmables/goldenroot/wildgoldenrootseed.object.patch	/description	건강을 회복시켜 주는 이 포도나무에는 금 조각이 장식되어 있습니다.	체력을 회복하는 덩굴에 금 조각이 박혀 있다.	0	0	0.66	{}
/objects/farmables/kamaranpodsplant/kamaranpodsplant.object.patch	/description	균열이 생기기 어렵습니다.	까기 어렵다.	0	0	0.5	{}
/objects/farmables/kamaranpodsplant/wildkamaranpodsplant.object.patch	/description	균열이 생기기 어렵습니다.	까기 어렵다.	0	0	0.5	{}
/objects/farmables/kramil/kramil.object.patch	/description	크라밀(Kramil)은 강력한 항냉 특성으로 잘 알려져 있습니다.	크라밀은 강력한 항냉 특성으로 알려져 있다.	0	0	0.63	{}
/objects/farmables/pitaya/avalipitayaseed.object.patch	/humanDescription	지구의 피타야도 좀... 특별했죠. 우주 피타야를 아발리가 사랑하는 건 당연해요!	포도 젤리, 젤리 포도, 아 뭐든.	0	0	0.39	{}
/objects/farmables/pitaya/avalipitayaseed.object.patch	/hylotlDescription	지구의 피타야도 좀... 특별했죠. 우주 피타야를 아발리가 사랑하는 건 당연해요!	누가 이런 걸 좋아할까? 이게 뭐야! 에!	0	0	0.47	{}
/objects/farmables/pitaya/avalipitayaseed.object.patch	/avaliDescription	아발론에서 자란 건 아니지만, 피타야는 아발론산과 생김새도 맛도 똑같아!	이 세상이 이것보다 더 좋다고? 그래! 당연하지!	0	0	0.66	{}
/objects/farmables/pitaya/wildavalipitayaseed.object.patch	/humanDescription	지구의 피타야도 좀... 특별했죠. 우주 피타야를 아발리가 사랑하는 건 당연해요!	포도 젤리, 젤리 포도, 아 뭐든.	0	0	0.39	{}
/objects/farmables/pitaya/wildavalipitayaseed.object.patch	/hylotlDescription	지구의 피타야도 좀... 특별했죠. 우주 피타야를 아발리가 사랑하는 건 당연해요!	누가 이런 걸 좋아할까? 이게 뭐야! 에!	0	0	0.47	{}
/objects/farmables/pitaya/wildavalipitayaseed.object.patch	/avaliDescription	아발론에서 자란 건 아니지만, 피타야는 아발론산과 생김새도 맛도 똑같아!	이 세상이 이것보다 더 좋다고? 그래! 당연하지!	0	0	0.66	{}
/objects/farmables/tetherhookseed/tetherhookseed.object.patch	/description	죽음에 가까워지면 위험으로부터 당신을 제거합니다.	죽기 직전일 때 위험에서 빼내 준다.	0	0	0.65	{}
/objects/farmables/whitespine/whitespine.object.patch	/description	산에 완전히 면역됩니다.	산에 완전 면역.	0	0	0.64	{}
/objects/farmables/whitespine/wildwhitespine.object.patch	/description	산에 완전히 면역됩니다.	산에 완전 면역.	0	0	0.64	{}
/objects/farmables/xaxseed/xaxseed.object.patch	/description	포유류와 식물이 마침내 하나가 되었습니다. Grav Rain에 대한 공중 부양 및 면역을 제공합니다.	포유류와 식물, 드디어 하나로. 공중부양과 그랩 레인 면역을 준다.	0	0	0.66	{}
/objects/general/WTF/general/on ground/incense1.object.patch	/apexDescription	유산을 말하며, 우리 힘과 생존을 상기시킨다.	모두 조지를 찬양하라!!!	0	0	0.6	{}
/objects/general/WTF/general/on ground/incense1.object.patch	/avianDescription	천상의 분위기가 기분을 북돋운다. 하늘에 바치는 헌사다.	모두 조지를 찬양하라!!!	0	0	0.48	{}
/objects/general/WTF/general/on ground/incense1.object.patch	/floranDescription	좋은 냄새! 식물 떠난 친구 기억 도와어어.	모두 조지를 찬양하라!!!	0	0	0.67	{}
/objects/general/WTF/general/on ground/incense1.object.patch	/glitchDescription	엄숙함. 이 향에는 심오한 깊이가 있어. 내 코어와 공명하는군.	모두 조지를 찬양하라!!!	0	0	0.44	{}
/objects/general/WTF/general/on ground/incense1.object.patch	/hylotlDescription	이 향에는 고요함이 깃들어 있어 평화로운 사색에 잠기게 한다.	모두 조지를 찬양하라!!!	0	0	0.46	{}
/objects/general/WTF/general/on ground/incense2.object.patch	/apexDescription	유산을 말하며, 우리 힘과 생존을 상기시킨다.	모두 조지를 찬양하라!!!	0	0	0.6	{}
/objects/general/WTF/general/on ground/incense2.object.patch	/avianDescription	천상의 분위기가 기분을 북돋운다. 하늘에 바치는 헌사다.	모두 조지를 찬양하라!!!	0	0	0.48	{}
/objects/general/WTF/general/on ground/incense2.object.patch	/floranDescription	좋은 냄새! 식물 떠난 친구 기억 도와어어.	모두 조지를 찬양하라!!!	0	0	0.67	{}
/objects/general/WTF/general/on ground/incense2.object.patch	/glitchDescription	엄숙함. 이 향에는 심오한 깊이가 있어. 내 코어와 공명하는군.	모두 조지를 찬양하라!!!	0	0	0.44	{}
/objects/general/WTF/general/on ground/incense2.object.patch	/hylotlDescription	이 향에는 고요함이 깃들어 있어 평화로운 사색에 잠기게 한다.	모두 조지를 찬양하라!!!	0	0	0.46	{}
/objects/general/WTF/general/on ground/tribute1.object.patch	/description	고급 직물과 키리 열매로 장식된 쟁반으로, 고인을 위한 공물로 쓰입니다.	죽은 자의 물건을 만지지 마라.	0	0	0.42	{}
/objects/general/WTF/general/on ground/tribute2.object.patch	/description	키리 열매와 향긋한 향을 곁들인 쟁반으로, 상징적인 제물로 쓰입니다.	죽은 자의 물건을 만지지 마라.	0	0	0.43	{}
/objects/general/WTF/general/on ground/tribute3.object.patch	/description	키리 열매색 화분과 향기로운 향을 담은 여러 잔입니다.	죽은 자의 물건을 만지지 마라.	0	0	0.57	{}
/objects/general/WTF/general/on ground/tribute4.object.patch	/description	장례식에 바치는 진심 어린 헌화로, 아름답게 포장한 꽃다발.	죽은 자의 물건을 만지지 마라.	0	0	0.5	{}
/objects/general/WTF/general/on ground/tribute4.object.patch	/floranDescription	꽃다발이다! 생명과 아름다움의 선물, 존재의 순환을 축하하는 거다아.	넌 위대한 사냥꾼이었어엇...편히 쉬길...	0	0	0.68	{}
/objects/general/WTF/general/on ground/winejar.object.patch	/description	슬픔을 익사시킬 수 있는 음료로 가득한 병들이다...	슬픔으로 가득했다.	0	0	0.39	{}
/objects/general/WTF/general/on ground/winejar.object.patch	/shortdescription	정종 항아리 기념품	와인 단지	0	0	0.5	{}
/objects/general/pirubush/01/pirubush1.object.patch	/apexDescription	화려한 이상한 관목... 아발리가 정말 저걸... 먹는 거야?	모두 조지를 찬양하라!!!	0	0	0.44	{}
/objects/general/pirubush/01/pirubush1.object.patch	/avianDescription	화려한 이상한 관목... 아발리가 정말 저걸... 먹는 거야?	모두 조지를 찬양하라!!!	0	0	0.44	{}
/objects/general/pirubush/01/pirubush1.object.patch	/humanDescription	화려한 이상한 관목... 아발리가 정말 저걸... 먹는 거야?	모두 조지를 찬양하라!!!	0	0	0.44	{}
/objects/general/pirubush/01/pirubush1.object.patch	/hylotlDescription	"아발리가 저... 괴물을 ""따개비""라 부른다니.. 무서운 함의네요."	모두 조지를 찬양하라!!!	0	0	0.39	{}
/objects/general/pirubush/02/pirubush2.object.patch	/apexDescription	화려한 이상한 관목... 아발리가 정말 저걸... 먹는 거야?	모두 조지를 찬양하라!!!	0	0	0.44	{}
/objects/general/pirubush/02/pirubush2.object.patch	/avianDescription	화려한 이상한 관목... 아발리가 정말 저걸... 먹는 거야?	모두 조지를 찬양하라!!!	0	0	0.44	{}
/objects/general/pirubush/02/pirubush2.object.patch	/humanDescription	화려한 이상한 관목... 아발리가 정말 저걸... 먹는 거야?	모두 조지를 찬양하라!!!	0	0	0.44	{}
/objects/general/pirubush/02/pirubush2.object.patch	/hylotlDescription	"아발리가 저... 괴물을 ""따개비""라 부른다니.. 무서운 함의네요."	모두 조지를 찬양하라!!!	0	0	0.39	{}
/objects/general/pirubush/03/pirubush3.object.patch	/apexDescription	화려한 이상한 관목... 아발리가 정말 저걸... 먹는 거야?	모두 조지를 찬양하라!!!	0	0	0.44	{}
/objects/general/pirubush/03/pirubush3.object.patch	/avianDescription	화려한 이상한 관목... 아발리가 정말 저걸... 먹는 거야?	모두 조지를 찬양하라!!!	0	0	0.44	{}
/objects/general/pirubush/03/pirubush3.object.patch	/humanDescription	화려한 이상한 관목... 아발리가 정말 저걸... 먹는 거야?	모두 조지를 찬양하라!!!	0	0	0.44	{}
/objects/general/pirubush/03/pirubush3.object.patch	/hylotlDescription	"아발리가 저... 괴물을 ""따개비""라 부른다니.. 무서운 함의네요."	모두 조지를 찬양하라!!!	0	0	0.39	{}
/objects/general/pirubush/04/pirubush4.object.patch	/apexDescription	화려한 이상한 관목... 아발리가 정말 저걸... 먹는 거야?	모두 조지를 찬양하라!!!	0	0	0.44	{}
/objects/general/pirubush/04/pirubush4.object.patch	/avianDescription	화려한 이상한 관목... 아발리가 정말 저걸... 먹는 거야?	모두 조지를 찬양하라!!!	0	0	0.44	{}
/objects/general/pirubush/04/pirubush4.object.patch	/humanDescription	화려한 이상한 관목... 아발리가 정말 저걸... 먹는 거야?	모두 조지를 찬양하라!!!	0	0	0.44	{}
/objects/general/pirubush/04/pirubush4.object.patch	/hylotlDescription	"아발리가 저... 괴물을 ""따개비""라 부른다니.. 무서운 함의네요."	모두 조지를 찬양하라!!!	0	0	0.39	{}
/objects/general/pirubush/05/pirubush5.object.patch	/apexDescription	화려한 이상한 관목... 아발리가 정말 저걸... 먹는 거야?	모두 조지를 찬양하라!!!	0	0	0.44	{}
/objects/general/pirubush/05/pirubush5.object.patch	/avianDescription	화려한 이상한 관목... 아발리가 정말 저걸... 먹는 거야?	모두 조지를 찬양하라!!!	0	0	0.44	{}
/objects/general/pirubush/05/pirubush5.object.patch	/humanDescription	화려한 이상한 관목... 아발리가 정말 저걸... 먹는 거야?	모두 조지를 찬양하라!!!	0	0	0.44	{}
/objects/general/pirubush/05/pirubush5.object.patch	/hylotlDescription	"아발리가 저... 괴물을 ""따개비""라 부른다니.. 무서운 함의네요."	모두 조지를 찬양하라!!!	0	0	0.39	{}
/objects/general/pirubush/s1/smellpirubush1.object.patch	/apexDescription	화려한 이상한 관목... 아발리가 정말 저걸... 먹는 거야? 냄새가 이상해..	모두 조지를 찬양하라!!!	0	0	0.34	{}
/objects/general/pirubush/s1/smellpirubush1.object.patch	/avianDescription	화려한 이상한 관목... 아발리가 정말 저걸... 먹는 거야? 냄새가 이상해..	모두 조지를 찬양하라!!!	0	0	0.34	{}
/objects/general/pirubush/s1/smellpirubush1.object.patch	/glitchDescription	조심. 화려한 관목. 근처에서 입자 센서가 과부하된다	모두 조지를 찬양하라!!!	0	0	0.52	{}
/objects/general/pirubush/s1/smellpirubush1.object.patch	/humanDescription	화려한 이상한 관목... 아발리가 정말 저걸... 먹는 거야? 냄새가 이상해..	모두 조지를 찬양하라!!!	0	0	0.34	{}
/objects/general/pirubush/s1/smellpirubush1.object.patch	/hylotlDescription	"아발리가 저... 냄새나는 괴물을 ""따개비""라 부른다니.. 무서운 함의네요."	모두 조지를 찬양하라!!!	0	0	0.34	{}
/objects/general/pirubush/s2/smellpirubush2.object.patch	/apexDescription	화려한 이상한 관목... 아발리가 정말 저걸... 먹는 거야? 냄새가 이상해..	모두 조지를 찬양하라!!!	0	0	0.34	{}
/objects/general/pirubush/s2/smellpirubush2.object.patch	/avianDescription	화려한 이상한 관목... 아발리가 정말 저걸... 먹는 거야? 냄새가 이상해..	모두 조지를 찬양하라!!!	0	0	0.34	{}
/objects/general/pirubush/s2/smellpirubush2.object.patch	/glitchDescription	조심. 화려한 관목. 근처에서 입자 센서가 과부하된다	모두 조지를 찬양하라!!!	0	0	0.52	{}
/objects/general/pirubush/s2/smellpirubush2.object.patch	/humanDescription	화려한 이상한 관목... 아발리가 정말 저걸... 먹는 거야? 냄새가 이상해..	모두 조지를 찬양하라!!!	0	0	0.34	{}
/objects/general/pirubush/s2/smellpirubush2.object.patch	/hylotlDescription	"아발리가 저... 냄새나는 괴물을 ""따개비""라 부른다니.. 무서운 함의네요."	모두 조지를 찬양하라!!!	0	0	0.34	{}
/objects/general/pirubush/s3/smellpirubush3.object.patch	/apexDescription	화려한 이상한 관목... 아발리가 정말 저걸... 먹는 거야? 냄새가 이상해..	모두 조지를 찬양하라!!!	0	0	0.34	{}
/objects/general/pirubush/s3/smellpirubush3.object.patch	/avianDescription	화려한 이상한 관목... 아발리가 정말 저걸... 먹는 거야? 냄새가 이상해..	모두 조지를 찬양하라!!!	0	0	0.34	{}
/objects/general/pirubush/s3/smellpirubush3.object.patch	/glitchDescription	조심. 화려한 관목. 근처에서 입자 센서가 과부하된다	모두 조지를 찬양하라!!!	0	0	0.52	{}
/objects/general/pirubush/s3/smellpirubush3.object.patch	/humanDescription	화려한 이상한 관목... 아발리가 정말 저걸... 먹는 거야? 냄새가 이상해..	모두 조지를 찬양하라!!!	0	0	0.34	{}
/objects/general/pirubush/s3/smellpirubush3.object.patch	/hylotlDescription	"아발리가 저... 냄새나는 괴물을 ""따개비""라 부른다니.. 무서운 함의네요."	모두 조지를 찬양하라!!!	0	0	0.34	{}
/objects/general/pirubush/s4/smellpirubush4.object.patch	/apexDescription	화려한 이상한 관목... 아발리가 정말 저걸... 먹는 거야? 냄새가 이상해..	모두 조지를 찬양하라!!!	0	0	0.34	{}
/objects/general/pirubush/s4/smellpirubush4.object.patch	/avianDescription	화려한 이상한 관목... 아발리가 정말 저걸... 먹는 거야? 냄새가 이상해..	모두 조지를 찬양하라!!!	0	0	0.34	{}
/objects/general/pirubush/s4/smellpirubush4.object.patch	/glitchDescription	조심. 화려한 관목. 근처에서 입자 센서가 과부하된다	모두 조지를 찬양하라!!!	0	0	0.52	{}
/objects/general/pirubush/s4/smellpirubush4.object.patch	/humanDescription	화려한 이상한 관목... 아발리가 정말 저걸... 먹는 거야? 냄새가 이상해..	모두 조지를 찬양하라!!!	0	0	0.34	{}
/objects/general/pirubush/s4/smellpirubush4.object.patch	/hylotlDescription	"아발리가 저... 냄새나는 괴물을 ""따개비""라 부른다니.. 무서운 함의네요."	모두 조지를 찬양하라!!!	0	0	0.34	{}
/objects/general/pirubush/s5/smellpirubush5.object.patch	/apexDescription	화려한 이상한 관목... 아발리가 정말 저걸... 먹는 거야? 냄새가 이상해..	모두 조지를 찬양하라!!!	0	0	0.34	{}
/objects/general/pirubush/s5/smellpirubush5.object.patch	/avianDescription	화려한 이상한 관목... 아발리가 정말 저걸... 먹는 거야? 냄새가 이상해..	모두 조지를 찬양하라!!!	0	0	0.34	{}
/objects/general/pirubush/s5/smellpirubush5.object.patch	/glitchDescription	조심. 화려한 관목. 근처에서 입자 센서가 과부하된다	모두 조지를 찬양하라!!!	0	0	0.52	{}
/objects/general/pirubush/s5/smellpirubush5.object.patch	/humanDescription	화려한 이상한 관목... 아발리가 정말 저걸... 먹는 거야? 냄새가 이상해..	모두 조지를 찬양하라!!!	0	0	0.34	{}
/objects/general/pirubush/s5/smellpirubush5.object.patch	/hylotlDescription	"아발리가 저... 냄새나는 괴물을 ""따개비""라 부른다니.. 무서운 함의네요."	모두 조지를 찬양하라!!!	0	0	0.34	{}
/objects/general/pirubush/s6/smellpirubush6.object.patch	/apexDescription	화려한 이상한 관목... 아발리가 정말 저걸... 먹는 거야? 냄새가 이상해..	모두 조지를 찬양하라!!!	0	0	0.34	{}
/objects/general/pirubush/s6/smellpirubush6.object.patch	/avianDescription	화려한 이상한 관목... 아발리가 정말 저걸... 먹는 거야? 냄새가 이상해..	모두 조지를 찬양하라!!!	0	0	0.34	{}
/objects/general/pirubush/s6/smellpirubush6.object.patch	/glitchDescription	조심. 화려한 관목. 근처에서 입자 센서가 과부하된다	모두 조지를 찬양하라!!!	0	0	0.52	{}
/objects/general/pirubush/s6/smellpirubush6.object.patch	/humanDescription	화려한 이상한 관목... 아발리가 정말 저걸... 먹는 거야? 냄새가 이상해..	모두 조지를 찬양하라!!!	0	0	0.34	{}
/objects/general/pirubush/s6/smellpirubush6.object.patch	/hylotlDescription	"아발리가 저... 냄새나는 괴물을 ""따개비""라 부른다니.. 무서운 함의네요."	모두 조지를 찬양하라!!!	0	0	0.34	{}
/objects/general/plushtoy/plushtoy_1.object.patch	/avaliDescription	구블라 스택!! 구블라 스택!!	HRC 만세!!!	0	0	0.57	{}
/objects/general/totempoles/avalitotem1/avalitotem1.object.patch	/apexDescription	아발리의 부족적 성향은 위대한 전사를 낳았고, 기술도 그들을 무르게 하지 않았어.	부패를 방지하는 액체로 채워진 빈 항아리.	0	0	0.51	{}
/objects/general/totempoles/avalitotem1/avalitotem1.object.patch	/avianDescription	필멸자의 날개를 이런 식으로 묘사하는 건 클루엑스를 모독하는 일처럼 느껴져.	계란을 여기에 보관해야 할까?	0	0	0.39	{}
/objects/general/totempoles/avalitotem1/avalitotem1.object.patch	/humanDescription	아발리의 부족적 성향은 위대한 전사를 낳았고, 기술도 그들을 무르게 하지 않았어.	집에 있는 실험용 병의 더 화려한 버전처럼 보이네.	0	0	0.6	{}
/objects/general/totempoles/avalitotem1/avalitotem1.object.patch	/hylotlDescription	아발리의 부족주의 성향은 위대한 전사를 낳았고 전통 장인정신도 흠잡을 데 없네요.	색이 예쁘네.	0	0	0.17	{}
/objects/general/totempoles/avalitotem2/avalitotem2.object.patch	/apexDescription	아발리의 부족적 성향은 위대한 전사를 낳았고, 기술도 그들을 무르게 하지 않았어.	부패를 방지하는 액체로 채워진 빈 항아리.	0	0	0.51	{}
/objects/general/totempoles/avalitotem2/avalitotem2.object.patch	/avianDescription	필멸자의 날개를 이런 식으로 묘사하는 건 클루엑스를 모독하는 일처럼 느껴져.	계란을 여기에 보관해야 할까?	0	0	0.39	{}
/objects/general/totempoles/avalitotem2/avalitotem2.object.patch	/humanDescription	아발리의 부족적 성향은 위대한 전사를 낳았고, 기술도 그들을 무르게 하지 않았어.	집에 있는 실험용 병의 더 화려한 버전처럼 보이네.	0	0	0.6	{}
/objects/general/totempoles/avalitotem2/avalitotem2.object.patch	/hylotlDescription	아발리의 부족주의 성향은 위대한 전사를 낳았고 전통 장인정신도 흠잡을 데 없네요.	색이 예쁘네.	0	0	0.17	{}
/objects/general/totempoles/avalitotem3/avalitotem3.object.patch	/apexDescription	아발리의 부족적 성향은 위대한 전사를 낳았고, 기술도 그들을 무르게 하지 않았어.	부패를 방지하는 액체로 채워진 빈 항아리.	0	0	0.51	{}
/objects/general/totempoles/avalitotem3/avalitotem3.object.patch	/avianDescription	필멸자의 날개를 이런 식으로 묘사하는 건 클루엑스를 모독하는 일처럼 느껴져.	계란을 여기에 보관해야 할까?	0	0	0.39	{}
/objects/general/totempoles/avalitotem3/avalitotem3.object.patch	/humanDescription	아발리의 부족적 성향은 위대한 전사를 낳았고, 기술도 그들을 무르게 하지 않았어.	집에 있는 실험용 병의 더 화려한 버전처럼 보이네.	0	0	0.6	{}
/objects/general/totempoles/avalitotem3/avalitotem3.object.patch	/hylotlDescription	아발리의 부족주의 성향은 위대한 전사를 낳았고 전통 장인정신도 흠잡을 데 없네요.	색이 예쁘네.	0	0	0.17	{}
/objects/generators/avaligenerators/avaligenerators.object.patch	/apexDescription	매우 진보된 보호막 발생기다.	보호막 생성기다.	0	0	0.62	{}
/objects/generic/randomfountain/randomfountain.object.patch	/description	가장 예측할 수 없는 분수. ^red;빈 상태에서 부수면 파괴됩니다.	무작위 분수. 가장 예측 불가능한 분수.	0	0	0.68	{'^red;': 1}
/objects/letheiaobjectsexpanded/letheiaexpandedstore/letheiaexpandedstore.object.patch	/shortdescription	^orange;레테이아 상점^reset;	레테이아 상점	0	0	1.0	{'^orange;': 1, '^reset;': 1}
/objects/lighting/playbirdsign1/playbirdsign1.object.patch	/shortdescription	"플레이 버드 사인.
'그에 걸맞게' 차려입어라."	플레이 버드 사인	1	0	0.33	{}
/objects/mantizi/imperialdoor/imperialdoor.object.patch	/fumantiziDescription	자물쇠가 충분하지 않습니다.	자물쇠가 부족해.	0	0	0.62	{}
/objects/mantizi2/imppitcher1.object.patch	/thelusianDescription	블래스터 연습을 위한 완벽한 목표물입니다!	블래스터 연습용으로 딱이네!	0	0	0.68	{}
/objects/mantizi2/imppot1.object.patch	/twilekDescription	우아한 임페리얼 스타일의 냄비입니다. 하지만 은하 제국의 것은 아닙니다.	우아한 제국풍 항아리네. 은하 제국 것은 아니지만.	0	0	0.69	{}
/objects/mantizi2/imppot1.object.patch	/felinDescription	이제 눈여겨 볼만한 가치가 있습니다!	이건 눈요기로 볼 만한데!	0	0	0.69	{}
/objects/mantizi2/imppot2.object.patch	/twilekDescription	우아한 임페리얼 스타일의 냄비입니다. 하지만 은하 제국의 것은 아닙니다.	우아한 제국풍 항아리네. 은하 제국 것은 아니지만.	0	0	0.69	{}
/objects/mantizi2/imppot2.object.patch	/felinDescription	이제 눈여겨 볼만한 가치가 있습니다!	이건 눈요기로 볼 만한데!	0	0	0.69	{}
/objects/mantizi2/imppot3.object.patch	/twilekDescription	우아한 임페리얼 스타일의 냄비입니다. 하지만 은하 제국의 것은 아닙니다.	우아한 제국풍 항아리네. 은하 제국 것은 아니지만.	0	0	0.69	{}
/objects/mantizi2/imppot3.object.patch	/felinDescription	이제 눈여겨 볼만한 가치가 있습니다!	이건 눈요기로 볼 만한데!	0	0	0.69	{}
/objects/mantizi2/imppot3.object.patch	/thelusianDescription	블래스터 연습을 위한 완벽한 목표물입니다!	블래스터 연습용으로 딱이네!	0	0	0.68	{}
/objects/mantizi2/imppot4.object.patch	/twilekDescription	우아한 임페리얼 스타일의 냄비입니다. 하지만 은하 제국의 것은 아닙니다.	우아한 제국풍 항아리네. 은하 제국 것은 아니지만.	0	0	0.69	{}
/objects/mantizi2/imppot4.object.patch	/felinDescription	이제 눈여겨 볼만한 가치가 있습니다!	이건 눈요기로 볼 만한데!	0	0	0.69	{}
/objects/neki/nekitechstation/nekitechstation.object.patch	/dialog/wakeUp/3/0	지구에서 조난 신호를 받았어. 프로텍터레이트만이 아니야... 전체 세상이 다 파괴됐어.	지구는 알 수 없는 힘의 공격을 받아 전멸했습니다.	0	0	0.54	{}
/objects/newsstand/newsstand.object.patch	/apexDescription	노바키드... 아이가 신문을 팔고 있다.	신문을 파는 노바 아이.	0	0	0.56	{}
/objects/painting/artwork/painting_patch.object.patch	/feneroxDescription	이상한 그림이네요. 알 수 없음 사용. 사용한다고요?	이상한 그림. 용도 모름. 쓸까?	0	0	0.61	{}
/objects/postcards/protectorateFlyer.item.patch	/description	"행성 보호국 광고입니다. ^yellow;""오늘 보호자가 되세요!"""	보호국에 관한 낡은 선전물이다.	0	0	0.61	{'^yellow;': 1}
/objects/poster/sing1/galactictradesign1.object.patch	/avianDescription	아, 저건 내가 읽었던 사건들에 관한 좋은 기억을 떠올리게 하지는 않는군.	이상한 디스크다.	0	0	0.26	{}
/objects/poster/sing1/galactictradesign1.object.patch	/glitchDescription	분석. 이 아발리 문장은 폭력적 결말과 강한 통계 상관.	혼란. 불명의 미디어 타입이다.	0	0	0.61	{}
/objects/poster/sing1/galactictradesign1.object.patch	/humanDescription	인간 식민지에서는 이 문양이 새겨진 우주선이 궤도를 돌면 불안해합니다.	저거... 비닐 레코드인가? 힙한데.	0	0	0.55	{}
/objects/poster/sing1/galactictradesign1.object.patch	/hylotlDescription	이건 아발리의 부족 문장이야. 모든 무리가 우호적인 건 아니고, 문장을 어디에 걸어 두었는지를 보면 많은 걸 알 수 있지.	이 디스크에는 홈이 있다.	0	0	0.22	{}
/objects/poster/sing1/galactictradesign1.object.patch	/novakidDescription	이런, 통신에도 응답하지 않는 함선에서 보고 싶은 물건은 아니군!	이 디스크에는 미묘한 패턴이 있군.	0	0	0.54	{}
/objects/poster/sing1/galactictradesign1.object.patch	/avaliDescription	문장은 무리에 중요해!	멋지네!	0	0	0.4	{}
/objects/poster/sing2/galactictradesign2.object.patch	/avianDescription	아, 저건 내가 읽었던 사건들에 관한 좋은 기억을 떠올리게 하지는 않는군.	이상한 디스크다.	0	0	0.26	{}
/objects/poster/sing2/galactictradesign2.object.patch	/glitchDescription	분석. 이 아발리 문장은 폭력적 결말과 강한 통계 상관.	혼란. 불명의 미디어 타입이다.	0	0	0.61	{}
/objects/poster/sing2/galactictradesign2.object.patch	/humanDescription	인간 식민지에서는 이 문양이 새겨진 우주선이 궤도를 돌면 불안해합니다.	저거... 비닐 레코드인가? 힙한데.	0	0	0.55	{}
/objects/poster/sing2/galactictradesign2.object.patch	/hylotlDescription	이건 아발리의 부족 문장이야. 모든 무리가 우호적인 건 아니고, 문장을 어디에 걸어 두었는지를 보면 많은 걸 알 수 있지.	이 디스크에는 홈이 있다.	0	0	0.22	{}
/objects/poster/sing2/galactictradesign2.object.patch	/novakidDescription	이런, 통신에도 응답하지 않는 함선에서 보고 싶은 물건은 아니군!	이 디스크에는 미묘한 패턴이 있군.	0	0	0.54	{}
/objects/poster/sing2/galactictradesign2.object.patch	/avaliDescription	문장은 무리에 중요해!	멋지네!	0	0	0.4	{}
/objects/poster/sing3/galactictradesign3.object.patch	/avianDescription	아발리의 세 깃 문장이.. 그릇 안에?	이상한 디스크다.	0	0	0.5	{}
/objects/poster/sing3/galactictradesign3.object.patch	/floranDescription	플로란은 이것이 새를 뽑는 것을 의미한다고 의심하나요?	반짝이는 검은색 원이다.	0	0	0.46	{}
/objects/poster/sing3/galactictradesign3.object.patch	/hylotlDescription	아발리의 세 깃 문장이.. 그릇 안에?	이 디스크에는 홈이 있다.	0	0	0.69	{}
/objects/poster/stealthposters/stealthposters.object.patch	/description	이 포스터는 아발리 민간 경비 회사의 프리랜서 모집을 광고한다.	이 포스터의 내용은 단순하고 명확하다.	0	0	0.63	{}
/objects/poster/stealthposters/stealthposters.object.patch	/glitchDescription	흥미. 이 포스터가 일종의 직업 기회를 제공하고 있다.	혼란. 불명의 미디어 타입이다.	0	0	0.61	{}
/objects/poster/vailrd/vailrd.object.patch	/avianDescription	늘 아발리가 궁금했고... 뭐?	이상한 디스크다.	0	0	0.57	{}
/objects/poster/vailrd/vailrd.object.patch	/avaliDescription	나.. 그 얘기는 하고 싶지 않아.	멋지네!	0	0	0.29	{}
/objects/ship/angeltechstation/angeltechstation.object.patch	/dialog/wakeUp/3/0	지구에서 조난 신호를 받았어. 프로텍터레이트만이 아니야... 전체 세상이 다 파괴됐어.	지구는 알 수 없는 힘의 공격을 받아 전멸했습니다.	0	0	0.54	{}
/objects/ship/fu_byoscaptainschair/fu_byoscaptainschair.object.patch	/drodenDescription	함장 의자를 감지했습니다. 내비게이션 콘솔에 대한 접근 권한을 부여합니다.	함장석 감지됨. 항법 콘솔 접근 권한 부여함.	0	0	0.58	{}
/objects/ship/fu_byoscaptainschair2/fu_byoscaptainschair2.object.patch	/aegiDescription	이 선장 의자에 앉으면 내비게이션 콘솔에 액세스할 수 있습니다.	이 함장석으로 항법 콘솔에 접근할 수 있어.	0	0	0.67	{}
/objects/ship/fu_byoscaptainschair2/fu_byoscaptainschair2.object.patch	/drodenDescription	함장 의자를 감지했습니다. 내비게이션 콘솔에 대한 접근 권한을 부여합니다.	함장석 감지됨. 항법 콘솔 접근 권한 부여함.	0	0	0.58	{}
/objects/ship/fu_byosshipdoor/fu_byosshiphatch.object.patch	/fumantiziDescription	우주선용 해치입니다.	함선용 해치.	0	0	0.6	{}
/objects/ship/fu_byosshipdoor/fu_byosshiphatch.object.patch	/drodenDescription	해치가 감지되었습니다. 분석: 우주선 모델입니다.	해치 감지됨. 분석: 함선용 모델.	0	0	0.65	{}
/objects/ship/fu_byosshipdoorbroken/fu_byosshipdoorBroken.object.patch	/drodenDescription	문을 감지했습니다. 분석: 우주선 모델입니다.	문 감지됨. 분석: 함선용 모델.	0	0	0.67	{}
/objects/ship/fu_byosshiphatchbroken/fu_byosshiphatchBroken.object.patch	/fumantiziDescription	우주선용 해치라니.	함선용 해치.	0	0	0.67	{}
/objects/ship/fu_byosshiphatchbroken/fu_byosshiphatchBroken.object.patch	/drodenDescription	해치를 감지했습니다. 분석 중입니다: 우주선 모델입니다.	해치 감지됨. 분석: 함선용 모델.	0	0	0.58	{}
/objects/ship/fu_byosshiplocker/fu_byosshiplocker.object.patch	/drodenDescription	함선 사물함을 감지했습니다. 내용물 스캔에 실패했습니다.	함선용 사물함 감지됨. 내용물 스캔 실패.	0	0	0.69	{}
/objects/ship/fu_byosshiplockerTier0/fu_byosshiplockerTier0.object.patch	/drodenDescription	함선 사물함을 감지했습니다. 내용물 스캔에 실패했습니다.	함선용 사물함 감지됨. 내용물 스캔 실패.	0	0	0.69	{}
/objects/ship/fu_byosteleporter/fu_byosteleporter.object.patch	/drodenDescription	순간이동 기술이 감지되었습니다. 잠재적인 데이터 손실을 최소화하기 위해 텔레포트 프로세스 중에 대기 모드로 전환하는 것이 좋습니다.	순간이동 기술 감지. 데이터 손실 최소화를 위해 순간이동 과정 중 대기 모드 진입을 권장함.	0	0	0.66	{}
/objects/ship/researchstation/researchstation.object.patch	/shortdescription	^orange;연구 스테이션^reset;	^orange;연구 스테이션^white;	0	0	1.0	{'^reset;': 1}
/objects/ship/shadowfuelhatch/shadowfuelhatch.object.patch	/shadowDescription	여행하세요.	여행.	0	0	0.5	{}
/objects/ship/slimepersonshiplight/slimepersonshiplightBroken.object.patch	/slimepersonDescription	샤이니가 작동하지 않습니다!	반짝이가 안 켜져!	0	0	0.62	{}
/objects/spawner/spawners/spawner_apex.object.patch	/shortdescription	^yellow;에이펙스 스포너^reset;	에이펙스 생성기	0	0	1.0	{'^yellow;': 1, '^reset;': 1}
/objects/spawner/spawners/spawner_avian.object.patch	/shortdescription	^yellow;아비안 스포너^reset;	에이비언 생성기	0	0	1.17	{'^yellow;': 1, '^reset;': 1}
/objects/spawner/spawners/spawner_chef.object.patch	/shortdescription	^yellow;셰프 스포너^reset;	요리사 생성기	0	0	1.2	{'^yellow;': 1, '^reset;': 1}
/objects/spawner/spawners/spawner_floran.object.patch	/shortdescription	^yellow;플로란 스포너^reset;	플로란 생성기	0	0	1.0	{'^yellow;': 1, '^reset;': 1}
/objects/spawner/spawners/spawner_glitch.object.patch	/shortdescription	^yellow;글리치 스포너^reset;	글리치 생성기	0	0	1.0	{'^yellow;': 1, '^reset;': 1}
/objects/spawner/spawners/spawner_guard.object.patch	/shortdescription	^yellow;경비병 스포너^reset;	경비 생성기	0	0	0.83	{'^yellow;': 1, '^reset;': 1}
/objects/spawner/spawners/spawner_human.object.patch	/shortdescription	^yellow;인간 스포너^reset;	인간 생성기	0	0	1.0	{'^yellow;': 1, '^reset;': 1}
/objects/spawner/spawners/spawner_hylotl.object.patch	/shortdescription	^yellow;하이로틀 스포너^reset;	하이로틀 생성기	0	0	1.0	{'^yellow;': 1, '^reset;': 1}
/objects/spawner/spawners/spawner_wizard.object.patch	/shortdescription	^yellow;마법사 스포너^reset;	마법사 생성기	0	0	1.0	{'^yellow;': 1, '^reset;': 1}
/objects/spawner/spawnerstation/spawnerstation.object.patch	/shortdescription	^orange;고용주 스테이션^reset;	^orange;고용주 스테이션^white;	0	0	1.0	{'^reset;': 1}
/objects/veluuish/flagcat/flagcat.object.patch	/catDescription	이 스크래치 포스트는 손톱을 깎는 장소로도 사용할 수 있고, 뮤가 순간 이동을 위해 북마크에 저장할 수 있습니다!	이 스크래처는 발톱 갈기에도 쓰고, 텔레포트 위치로 저장도 할 수 있다냥!	0	0	0.66	{}
/objects/veluuish/wreckedplant/wreckedplant.object.patch	/catDescription	야옹! 내 동료 고양이 중 한 마리가 자신을 가두지 못한 것 같네요...	야옹. 동료 고양이 중 누가 못 참았나 보네...	0	0	0.69	{}
/quest/oculemonade.questtemplate.patch	/completionText	"고마워! 오늘 그렇게 나쁘진 않을지도...

행성 밖 훈련이 있는데, 늦으면 함선이 날 두고 떠날지도 몰라. 얼른 가는 게 좋겠다."	고마워, 오늘 그렇게 나쁘진 않을지도 몰라.	2	0	0.35	{}
/quests/ftlrepairmain.questtemplate.patch	/completionText	이제 이 태양계 내의 행성을 방문할 수 있게 되었어^green;내 FTL 드라이브를 어떻게 수리할지 보기 시작해야겠어,^orange;NEKI가 더 많이 알 것 같아.	작동한다! 드디어 다른 성계로 갈 수 있어!	0	0	0.31	{'^green;': 1, '^orange;': 1}
/quests/story/protectoratefu.questtemplate.patch	/completionText	당신은 그 물건을 가졌습니다	그거 받았네	0	0	0.42	{}
/radiomessages/pf_newtutorial.radiomessages.patch	/pf_mildhazardtutorial_a/text	^reset;지금 우리가 처한 조건은 생존 가능하지만 조심해야 해요. 이런 위험은 날씨든 행성 대기든 우리를 많이 위험에 빠뜨릴 거예요.	현재 행성 기후나 날씨로 인한 위험 환경에 있으며, 위험에 처해 있다. 충분한 계획으로 생존할 수 있지만, 생존율은 낮아질 것이다.	0	0	1.06	{'^reset;': 1}
/species/aegi.species.patch	/charCreationTooltip/description	"자연재해를 피해 지구에서 달아난 인간들의 후손이다. 외교적이고 평화로우며 기술적으로 앞선 에지는 엘리시아 동맹이라는 성간 다종족 연합의 창립자로 자리 잡았다.
    ^#00A9FF;능력치^reset;
^white;최대 체력^reset;: ^green;+10%^reset;
^white;최대 에너지^reset;: ^green;+10%^reset;
^white;에너지 재생^reset;: ^green;+25%^reset;
^darkgray;공격력 배율: -^reset;
^darkgray;방어력: -^reset;
    ^#00A9FF;저항^reset;
^white;화염 저항^reset;: ^red;-10%^reset;
^white;전기 저항^reset;: ^red;-10%^reset;
^white;독 저항^reset;: ^green;+5%^reset;
^white;냉기 저항^reset;: ^green;+5%^reset;
^darkgray;물리 저항: -^reset;
    ^#00A9FF;면역^reset;: -
    ^#00A9FF;종족 특성^reset;: -
^white;이동 속도^reset;: ^green;+25%^reset;, ^white;최대 숨^reset;: ^green;+100.0^reset;"	자연재해를 피해 지구에서 달아난 인간들의 후손이다. 외교적이고 평화로우며 기술적으로 앞선 에지는 엘리시안 얼라이언스이라는 성간 다종족 연합의 창립자로 자리 잡았다.	15	0	0.39	{'^#00A9FF;': 4, '^reset;': 25, '^white;': 9, '^green;': 7, '^darkgray;': 3, '^red;': 2}
/species/akkimari.species.patch	/charCreationTooltip/description	"아키마리는 붕괴된 종족으로, 그들의 사회는 그들을 다스리던 AI를 잃은 뒤 여전히 회복 중이다. 이제, 많은 아키마리가 자신들의 AI와 부 모두를 찾아 스캐빈저와 현상금 사냥꾼으로서 은하를 떠돈다.
    ^#00A9FF;능력치^reset;
^darkgray;최대 체력: -^reset;
^darkgray;최대 에너지: -^reset;
^white;에너지 재생^reset;: ^green;+15%^reset;
^darkgray;공격 배율: -^reset;
^white;방어력^reset;: ^red;-5%^reset;
    ^#00A9FF;저항^reset;
^white;화염 저항^reset;: ^green;+15%^reset;
^darkgray;전기 저항: -^reset;
^darkgray;독 저항: -^reset;
^white;냉기 저항^reset;: ^red;-15%^reset;
^white;물리 저항^reset;: ^red;-5%^reset;
    ^#00A9FF;면역^reset;: ^green;둔화
    ^#00A9FF;종족 특성^reset;: ^#AA72FF;전투 분노, 열정적인 탐험가
^white;점프 높이^reset;: ^green;+10%^reset;, ^white;허기 속도^reset;: ^red;+15%^reset;"	아키마리는 붕괴된 종족으로, 그들의 사회는 그들을 다스리던 AI를 잃은 뒤 여전히 회복 중이다. 이제, 많은 아키마리가 자신들의 AI와 부 모두를 찾아 스캐빈저와 현상금 사냥꾼으로서 은하를 떠돈다.	15	0	0.42	{'^#00A9FF;': 4, '^reset;': 23, '^darkgray;': 5, '^white;': 7, '^green;': 4, '^red;': 4, '^#AA72FF;': 1}
/species/angel.species.patch	/charCreationTooltip/description	"천사는 컬티베이터가 자신의 다른 창조물인 필멸자들을 감시하도록 만들었다. 그러나 창조주가 사라진 지금, 천사들은 뿔뿔이 흩어져 우주 곳곳에 퍼졌다. 천사는 필멸자를 완전히 이해하지 못하는 것으로 알려져 있다.
    ^#00A9FF;능력치^reset;
^white;최대 체력^reset;: ^green;+15%^reset;
^white;최대 에너지^reset;: ^green;+25%^reset;
^white;에너지 재생^reset;: ^green;+10%^reset;
^darkgray;공격 배율: -^reset;
^darkgray;방어력: -^reset;
    ^#00A9FF;저항^reset;
^white;화염 저항^reset;: ^green;+35%^reset;
^white;전기 저항^reset;: ^green;+25%^reset;
^white;독 저항^reset;: ^red;-25%^reset;
^white;냉기 저항^reset;: ^red;-35%^reset;
^darkgray;물리 저항: -^reset;
    ^#00A9FF;면역^reset;: ^green;기아, 허기, 화상
    ^#00A9FF;종족 특성^reset;: ^#AA72FF;굶지 않음
^white;낙하 피해^reset;: ^green;-100%^reset;, ^white;넉백 저항^reset;: ^green;+15%^reset;, ^white;허기 속도^reset;: ^green;-100%^reset;"	천사는 컬티베이터가 자신의 다른 창조물인 필멸자들을 감시하도록 만들었다. 그러나 창조주가 사라진 지금, 천사들은 뿔뿔이 흩어져 우주 곳곳에 퍼졌다. 천사는 필멸자를 완전히 이해하지 못하는 것으로 알려져 있다.	15	0	0.4	{'^#00A9FF;': 4, '^reset;': 27, '^white;': 10, '^green;': 9, '^darkgray;': 3, '^red;': 2, '^#AA72FF;': 1}
/species/arcanian.species.patch	/charCreationTooltip/description	"가혹한 환경에 단련된 사막 거주 종족. 이들은 자연스럽게 신비로운 힘에 대한 감각을 진화시켰다. 이제는 오아시스에 정착하여 신비로운 학문과 학구적인 일들을 추구한다.

  ^orange;식성^reset;: 잡식성

^orange;장점^reset;:
  에너지 x^green;1.1^reset;, 속도 +^green;10^reset;%, 매력 x^green;1.1^reset;
  ^green;저항^reset;: 물리 +^green;10^reset;%, 전기 +^green;15^reset;%, 화염 +^green;20^reset;%
  ^green;타고난 신비 지식^reset;으로 ^cyan;기술^reset; ^green;신비 활력 부여^reset;를 사용할 수 있다

^orange;환경^reset;:
  ^green;더운^reset; 생물군계: 체력 x^green;1.2^reset;, 에너지 x^green;1.2^reset;
  ^red;추운^reset; 생물군계: 체력 x^red;0.9^reset;, 에너지 x^red;0.8^reset;, 속도 x^red;0.9^reset;

^orange;무기^reset;:
  완드/스태프: 피해량 x^green;1.15^reset;, 치명타 확률 +^green;10^reset;%, 에너지 재생 x^green;1.05^reset;%
  단검: 방어력 x^green;1.1^reset;

^red;약점^reset;:
  체력 x^red;0.9^reset;
  ^red;저항^reset;: 냉기 -^red;40^reset;%, 독 -^red;15^reset;%"	^#50c5b5;아르카니안^reset;은 거친 환경 탓에 단련된 사막 거주 종족이다. 그들은 아케인에 대한 타고난 감각을 지니도록 진화했다. 이제 오아시스에서 쉬며, 그들은 아케인과 학문의 문제를 추구한다.	19	0	0.28	{'^orange;': 4, '^reset;': 29, '^green;': 16, '^cyan;': 1, '^red;': 9}
/species/avikan.species.patch	/charCreationTooltip/description	"텔레안 군대의 거듭된 침공을 피해 고향 행성을 떠난 유목민 우주 항해자 종족. 고도로 발전된 기술 수준에도 불구하고, 전통 문화 탓에 뼈와 가죽으로 만든 장비를 자주 사용한다.
    ^#00A9FF;특성^reset;
^white;최대 체력^reset;: ^green;+10%^reset;
^white;최대 에너지^reset;: ^green;+5%^reset;
^darkgray;에너지 재생: -^reset;
^darkgray;공격 배율: -^reset;
^darkgray;방어력: -^reset;
    ^#00A9FF;저항^reset;
^white;화염 저항^reset;: ^green;+40%^reset;
^white;전기 저항^reset;: ^green;+15%^reset;
^white;독 저항^reset;: ^red;-10%^reset;
^white;냉기 저항^reset;: ^red;-40%^reset;
^darkgray;물리 저항: -^reset;
    ^#00A9FF;면역^reset;: ^green;둔화
    ^#00A9FF;종족 특성^reset;: -"	텔레안 군대의 거듭된 침공을 피해 고향 행성을 떠난 유목민 우주 항해자 종족. 고도로 발전된 기술 수준에도 불구하고, 전통 문화 탓에 뼈와 가죽으로 만든 장비를 자주 사용한다.	14	0	0.44	{'^#00A9FF;': 4, '^reset;': 20, '^white;': 6, '^green;': 5, '^darkgray;': 4, '^red;': 2}
/species/cat.species.patch	/charGenTextLabels/5	모피 색상 2	털 색 2	0	0	0.6	{}
/species/centens.species.patch	/charCreationTooltip/description	"우리 우주 너머에서 온 고대 종족 센텐스는 비할 데 없는 수준의 기술 발전을 이뤘습니다. 그들의 문명은 아주 오래전 신비한 상황에서 붕괴했지만, 일부 센텐스는 정지 포드에 갇힌 채 아직 살아 있습니다.
    ^#00A9FF;특성^reset;
^darkgray;최대 체력: -^reset;
^white;최대 에너지^reset;: ^green;+50%^reset;
^white;에너지 재생^reset;: ^green;+35%^reset;
^white;공격 배율^reset;: ^red;-10%^reset;
^darkgray;방어력: -^reset;
    ^#00A9FF;저항^reset;
^darkgray;화염 저항: -^reset;
^white;전기 저항^reset;: ^green;+25%^reset;
^white;독 저항^reset;: ^red;-25%^reset;
^white;냉기 저항^reset;: ^green;+15%^reset;
^darkgray;물리 저항: -^reset;
    ^#00A9FF;면역^reset;: -
    ^#00A9FF;종족 특성^reset;: -
^white;낙하 피해^reset;: ^red;+10%^reset;, ^white;점프 높이^reset;: ^green;+10%^reset;, ^white;이동 속도^reset;: ^green;+10%^reset;, ^white;숨 소모 속도^reset;: ^red;+12.5%^reset;"	우리 우주 너머에서 온 고대 종족 센텐스는 비할 데 없는 수준의 기술 발전을 이뤘습니다. 그들의 문명은 아주 오래전 신비한 상황에서 붕괴했지만, 일부 센텐스는 정지 포드에 갇힌 채 아직 살아 있습니다.	15	0	0.38	{'^#00A9FF;': 4, '^reset;': 28, '^darkgray;': 4, '^white;': 10, '^green;': 6, '^red;': 4}
/species/droden.species.patch	/charCreationTooltip/description	"드로덴은 텔레안과의 전쟁에서 소모품 병사로 쓰기 위해 아비칸이 만들어낸 존재다. 드로덴 전쟁 중 일어난 반란이 실패로 끝난 후, 새로운 AI 생성이 금지되었고, 오늘날에는 진정한 AI가 거의 남아있지 않다.
    ^#00A9FF;능력치^reset;
^darkgray;최대 체력: -^reset;
^white;최대 에너지^reset;: ^green;+15%^reset;
^white;에너지 재생^reset;: ^green;+10%^reset;
^white;공격 배율^reset;: ^green;+5%^reset;
^darkgray;방어력: -^reset;
    ^#00A9FF;저항^reset;
^darkgray;화염 저항: -^reset;
^white;전기 저항^reset;: ^red;-50%^reset;
^white;독 저항^reset;: ^green;+50%^reset;
^darkgray;냉기 저항: -^reset;
^white;물리 저항^reset;: ^red;-15%^reset;
    ^#00A9FF;면역^reset;: ^green;기아, 식중독, 중독, 질식, 배고픔
    ^#00A9FF;종족 특성^reset;: ^#AA72FF;굶주리지 않음
^white;넉백 저항^reset;: ^green;+15%^reset;, ^white;숨 소모 속도^reset;: ^green;-100%^reset;, ^white;배고픔 속도^reset;: ^green;-100%^reset;"	드로덴은 텔레안과의 전쟁에서 소모품 병사로 쓰기 위해 아비칸이 만들어낸 존재다. 드로덴 전쟁 중 일어난 반란이 실패로 끝난 후, 새로운 AI 생성이 금지되었고, 오늘날에는 진정한 AI가 거의 남아있지 않다.	15	0	0.38	{'^#00A9FF;': 4, '^reset;': 26, '^darkgray;': 4, '^white;': 9, '^green;': 8, '^red;': 2, '^#AA72FF;': 1}
/species/felin.species.patch	/charCreationTooltip/description	"우주 고양이처럼 보이지만, 저들이 듣는 곳에서 함부로 '고양이'라 부르지 말 것. 호기심 많은 민족으로 겉으론 온화하지만, 그만큼 자주 사납고 교활하다. 더 높은 점프력과 부드러운 착지를 갖췄다.
    ^#00A9FF;능력치^reset;
^white;최대 체력^reset;: ^green;+10%^reset;
^white;최대 에너지^reset;: ^green;+10%^reset;
^white;에너지 재생^reset;: ^red;-5%^reset;
^white;공격 배율^reset;: ^green;+10%^reset;
^darkgray;방어력: -^reset;
    ^#00A9FF;저항^reset;
^darkgray;화염 저항: -^reset;
^darkgray;전기 저항: -^reset;
^white;독 저항^reset;: ^red;-50%^reset;
^darkgray;냉기 저항: -^reset;
^darkgray;물리 저항: -^reset;
    ^#00A9FF;면역^reset;: ^green;느려짐
    ^#00A9FF;종족 특성^reset;: -"	우주 고양이처럼 보이지만, 들리는 곳에서 가볍게 '고양이'라 부르지 마세요. 호기심 많은 민족이고 표면으론 평화롭지만, 똑같이 자주 사납고 교활해요. 점프 높이가 증가하고 착지가 부드러워요.	14	0	0.48	{'^#00A9FF;': 4, '^reset;': 19, '^white;': 5, '^green;': 4, '^red;': 2, '^darkgray;': 5}
/species/femalefeolviera.species.patch	/charCreationTooltip/description	"순혈 비에라와 사랑한 에이질 리더 페올타노스 후예, 그 이름 종족 탄생.
    ^#00A9FF;속성^reset;
^white;최대 체력^reset;: ^red;-15%^reset;
^white;최대 에너지^reset;: ^green;+25%^reset;
^white;에너지 재생^reset;: ^green;+10%^reset;
^white;공격 배율^reset;: ^green;+5%^reset;
^white;방어^reset;: ^red;-5%^reset;
    ^#00A9FF;저항^reset;
^darkgray;화염 저항: -^reset;
^darkgray;전기 저항: -^reset;
^darkgray;독 저항: -^reset;
^darkgray;얼음 저항: -^reset;
^darkgray;물리 저항: -^reset;
    ^#00A9FF;면역^reset;: -
    ^#00A9FF;종족 특성^reset;: -
^white;낙하 피해^reset;: ^green;-10%^reset;, ^white;점프 높이^reset;: ^green;+25%^reset;, ^white;이동속도^reset;: ^green;+15%^reset;"	에이질의 지도자 페올타노스가 순혈 비에라와 사랑에 빠져 태어난 후손들로, 그의 이름을 물려받은 종족이다.	15	0	0.32	{'^#00A9FF;': 4, '^reset;': 25, '^white;': 8, '^red;': 2, '^green;': 6, '^darkgray;': 5}
/species/femaleveenaravaviera.species.patch	/charCreationTooltip/description	"숲의 아이들이라 불리는 삼림의 비에라는 고향 세계의 나무 너머에 있는 모든 것을 경계해 왔다. 비에라는 숲이 설계한 수정 동력 함선을 타고 이발리스에 풀려난 고대의 악으로부터 달아났다.
    ^#00A9FF;속성^reset;
^white;최대 체력^reset;: ^red;-15%^reset;
^white;최대 에너지^reset;: ^green;+25%^reset;
^white;에너지 재생^reset;: ^green;+10%^reset;
^white;공격 배율^reset;: ^green;+5%^reset;
^white;방어^reset;: ^red;-5%^reset;
    ^#00A9FF;저항^reset;
^darkgray;화염 저항: -^reset;
^darkgray;전기 저항: -^reset;
^darkgray;독 저항: -^reset;
^darkgray;얼음 저항: -^reset;
^darkgray;물리 저항: -^reset;
    ^#00A9FF;면역^reset;: -
    ^#00A9FF;종족 특성^reset;: -
^white;낙하 피해^reset;: ^green;-10%^reset;, ^white;점프 높이^reset;: ^green;+25%^reset;, ^white;이동 속도^reset;: ^green;+15%^reset;"	숲의 아이들이라 불리는 삼림의 비에라는 고향 세계의 나무 너머에 있는 모든 것을 경계해 왔다. 비에라는 숲이 설계한 수정 동력 함선을 타고 이발리스에 풀려난 고대의 악으로부터 달아났다.	15	0	0.4	{'^#00A9FF;': 4, '^reset;': 25, '^white;': 8, '^red;': 2, '^green;': 6, '^darkgray;': 5}
/species/gelsemis.species.patch	/charCreationTooltip/description	"버리디슨트에서 기원한, 진화한 식물 인간형 종족. 버리디슨트의 독성 환경에 적응한 겔세미스는 어떤 독이나 산에도 강한 저항력을 지닌다. 플로란과 비슷한 특징을 공유하지만, 겔세미스는 절대적으로 필요한 경우가 아니면 유혈이나 전투에 관여하지 않는 경향이 있다. 대부분의 겔세미스는 여전히 버리디슨트의 독성 도시에 거주한다.
    ^#00A9FF;특성^reset;
^darkgray;최대 체력: -^reset;
^darkgray;최대 에너지: -^reset;
^darkgray;에너지 재생: -^reset;
^darkgray;공격 배율: -^reset;
^darkgray;방어력: -^reset;
    ^#00A9FF;저항^reset;
^white;화염 저항^reset;: ^red;-20%^reset;
^darkgray;전기 저항: -^reset;
^white;독 저항^reset;: ^green;+20%^reset;
^darkgray;냉기 저항: -^reset;
^darkgray;물리 저항: -^reset;
    ^#00A9FF;면역^reset;: ^green;중독
    ^#00A9FF;종족 특성^reset;: -"	버리디슨트에서 기원한, 진화한 식물 인간형 종족. 버리디슨트의 독성 환경에 적응한 겔세미스는 어떤 독이나 산에도 강한 저항력을 지닌다. 플로란과 비슷한 특징을 공유하지만, 겔세미스는 절대적으로 필요한 경우가 아니면 유혈이나 전투에 관여하지 않는 경향이 있다. 대부분의 겔세미스는 여전히 버리디슨트의 독성 도시에 거주한다.	14	0	0.64	{'^#00A9FF;': 4, '^reset;': 16, '^darkgray;': 8, '^white;': 2, '^red;': 1, '^green;': 2}
/species/gilten.species.patch	/charCreationTooltip/description	"하늘에 떠 있는 방주에 거주하는 ^#c0ab5e;길텐^reset;은 신성한 아이온의 빛을 숭배하는 용인(龍人)이다. 빛에서 얻은 친화력을 지닌 길텐은 기본 원소에는 자연히 강한 저항력을 가지지만, 물리 공격에는 약하다.
    ^#00A9FF;속성^reset;
^darkgray;최대 체력: -^reset;
^darkgray;최대 에너지: -^reset;
^darkgray;에너지 재생: -^reset;
^darkgray;공격 배율: -^reset;
^darkgray;방어력: -^reset;
    ^#00A9FF;저항^reset;
^white;화염 저항^reset;: ^green;+10%^reset;
^white;전기 저항^reset;: ^green;+10%^reset;
^white;독 저항^reset;: ^green;+10%^reset;
^white;냉기 저항^reset;: ^green;+10%^reset;
^white;물리 저항^reset;: ^red;-20%^reset;
    ^#00A9FF;면역^reset;: -
    ^#00A9FF;종족 특성^reset;: -
^white;낙하 피해^reset;: ^green;-20%^reset;"	하늘에 떠 있는 방주에 거주하는 ^#c0ab5e;길텐^reset;은 신성한 에이언의 빛을 숭배하는 용인(龍人)이다. 빛에서 얻은 친화력을 지닌 길텐은 기본 원소에는 자연히 강한 저항력을 가지지만, 물리 공격에는 약하다.	15	0	0.46	{'^reset;': 21, '^#00A9FF;': 4, '^darkgray;': 5, '^white;': 6, '^green;': 5, '^red;': 1}
/species/halfsea.species.patch	/charCreationTooltip/description	"키츠네가 되기 전의 키츠네.
    ^#00A9FF;능력치^reset;
^darkgray;최대 체력: -^reset;
^white;최대 에너지^reset;: ^green;+10%^reset;
^darkgray;에너지 재생: -^reset;
^white;공격력 배율^reset;: ^red;-5%^reset;
^darkgray;방어력: -^reset;
    ^#00A9FF;저항^reset;
^white;화염 저항^reset;: ^red;-35%^reset;
^white;전기 저항^reset;: ^red;-10%^reset;
^darkgray;독 저항: -^reset;
^white;냉기 저항^reset;: ^green;+25%^reset;
^darkgray;물리 저항: -^reset;
    ^#00A9FF;면역^reset;: ^green;젖음, 타르, 슬라임
    ^#00A9FF;종족 특성^reset;: ^#AA72FF;수영 강화(대체), 수중 호흡
^white;숨 소모 속도^reset;: ^green;-50%^reset;, ^white;최대 숨^reset;: ^green;+100.0^reset;"	키츠네가 되기 전의 키츠네.	15	0	0.08	{'^#00A9FF;': 4, '^reset;': 23, '^darkgray;': 5, '^white;': 7, '^green;': 5, '^red;': 3, '^#AA72FF;': 1}
/species/kitsune.species.patch	/charCreationTooltip/description	"키츠네, 짧게 말하면, 여우 반인반수다.
    ^#00A9FF;능력치^reset;
^white;최대 체력^reset;: ^red;-15%^reset;
^white;최대 에너지^reset;: ^green;+35%^reset;
^white;에너지 재생^reset;: ^green;+10%^reset;
^darkgray;공격 배율: -^reset;
^darkgray;방어력: -^reset;
    ^#00A9FF;저항^reset;
^white;화염 저항^reset;: ^green;+50%^reset;
^white;전기 저항^reset;: ^green;+15%^reset;
^white;독 저항^reset;: ^red;-10%^reset;
^darkgray;냉기 저항: -^reset;
^darkgray;물리 저항: -^reset;
    ^#00A9FF;면역^reset;: ^green;화상
    ^#00A9FF;종족 특성^reset;: ^#AA72FF;노바"	키츠네, 짧게 말하면, 여우 반인반수다.	14	0	0.16	{'^#00A9FF;': 4, '^reset;': 20, '^white;': 6, '^red;': 2, '^green;': 5, '^darkgray;': 4, '^#AA72FF;': 1}
/species/lamia.species.patch	/charCreationTooltip/description	"이 씨발 우주선에 있는 씨발 뱀놈들은 이제 지긋지긋해
    ^#00A9FF;능력치^reset;
^darkgray;최대 체력: -^reset;
^darkgray;최대 기력: -^reset;
^white;기력 재생^reset;: ^green;+10%^reset;
^white;공격 배율^reset;: ^green;+5%^reset;
^darkgray;방어력: -^reset;
    ^#00A9FF;저항^reset;
^white;화염 저항^reset;: ^green;+5%^reset;
^darkgray;전기 저항: -^reset;
^white;독 저항^reset;: ^green;+25%^reset;
^white;냉기 저항^reset;: ^red;-5%^reset;
^darkgray;물리 저항: -^reset;
    ^#00A9FF;면역^reset;: ^green;식중독, 슬라임
    ^#00A9FF;종족 특성^reset;: -
^white;낙하 피해^reset;: ^green;-5%^reset;, ^white;넉백 저항^reset;: ^green;+2%^reset;, ^white;이동 속도^reset;: ^green;+10%^reset;, ^white;점프 높이^reset;: ^red;-10%^reset;, ^white;최대 호흡^reset;: ^green;+25.0^reset;"	이 씨발 우주선에 있는 씨발 뱀놈들은 이제 지긋지긋해	15	0	0.14	{'^#00A9FF;': 4, '^reset;': 29, '^darkgray;': 5, '^white;': 10, '^green;': 9, '^red;': 2}
/species/lucario.species.patch	/charCreationTooltip/description	"복슬복슬한 겉모습과 달리, 이 종족은 놀랍도록 적응력이 뛰어납니다. 전투에 낯설지 않으며 '아우라'라는 자신들만의 고유한 힘을 가지고 있습니다. 그 기원은 의문스럽지만, 특히 보호국 내 여러 곳에서 모습을 드러냈습니다.
    ^#00A9FF;속성^reset;
^white;최대 체력^reset;: ^red;-10%^reset;
^white;최대 에너지^reset;: ^green;+10%^reset;
^white;에너지 재생^reset;: ^green;+25%^reset;
^white;공격력 배율^reset;: ^green;+5%^reset;
^white;방어력^reset;: ^red;-5%^reset;
    ^#00A9FF;저항^reset;
^white;화염 저항^reset;: ^red;-35%^reset;
^white;전기 저항^reset;: ^red;-15%^reset;
^white;독 저항^reset;: ^green;+50%^reset;
^white;냉기 저항^reset;: ^green;+20%^reset;
^darkgray;물리 저항: -^reset;
    ^#00A9FF;면역^reset;: ^green;식중독, 중독
    ^#00A9FF;종족 특성^reset;: -"	복슬복슬한 겉모습과 달리, 이 종족은 놀랍도록 적응력이 뛰어납니다. 전투에 낯설지 않으며 '아우라'라는 자신들만의 고유한 힘을 가지고 있습니다. 그 기원은 의문스럽지만, 특히 보호국 내 여러 곳에서 모습을 드러냈습니다.	14	0	0.48	{'^#00A9FF;': 4, '^reset;': 23, '^white;': 9, '^red;': 4, '^green;': 6, '^darkgray;': 1}
/species/malefeolviera.species.patch	/charCreationTooltip/description	"순혈 비에라와 사랑한 에이질 리더 페올타노스 후예, 그 이름 종족 탄생.
    ^#00A9FF;속성^reset;
^white;최대 체력^reset;: ^red;-15%^reset;
^white;최대 에너지^reset;: ^green;+25%^reset;
^white;에너지 재생^reset;: ^green;+10%^reset;
^white;공격 배율^reset;: ^green;+5%^reset;
^white;방어^reset;: ^red;-5%^reset;
    ^#00A9FF;저항^reset;
^darkgray;화염 저항: -^reset;
^darkgray;전기 저항: -^reset;
^darkgray;독 저항: -^reset;
^darkgray;얼음 저항: -^reset;
^darkgray;물리 저항: -^reset;
    ^#00A9FF;면역^reset;: -
    ^#00A9FF;종족 특성^reset;: -
^white;낙하 피해^reset;: ^green;-10%^reset;, ^white;점프 높이^reset;: ^green;+25%^reset;, ^white;이동속도^reset;: ^green;+15%^reset;"	에이질의 지도자 페올타노스가 순혈 비에라와 사랑에 빠져 태어난 후손들로, 그의 이름을 물려받은 종족이다.	15	0	0.32	{'^#00A9FF;': 4, '^reset;': 25, '^white;': 8, '^red;': 2, '^green;': 6, '^darkgray;': 5}
/species/maleveenaravaviera.species.patch	/charCreationTooltip/description	"숲의 아이들이라 불리는 삼림의 비에라는 고향 세계의 나무 너머에 있는 모든 것을 경계해 왔다. 비에라는 숲이 설계한 수정 동력 함선을 타고 이발리스에 풀려난 고대의 악으로부터 달아났다.
    ^#00A9FF;속성^reset;
^white;최대 체력^reset;: ^red;-15%^reset;
^white;최대 에너지^reset;: ^green;+25%^reset;
^white;에너지 재생^reset;: ^green;+10%^reset;
^white;공격 배율^reset;: ^green;+5%^reset;
^white;방어^reset;: ^red;-5%^reset;
    ^#00A9FF;저항^reset;
^darkgray;화염 저항: -^reset;
^darkgray;전기 저항: -^reset;
^darkgray;독 저항: -^reset;
^darkgray;얼음 저항: -^reset;
^darkgray;물리 저항: -^reset;
    ^#00A9FF;면역^reset;: -
    ^#00A9FF;종족 특성^reset;: -
^white;낙하 피해^reset;: ^green;-10%^reset;, ^white;점프 높이^reset;: ^green;+25%^reset;, ^white;이동 속도^reset;: ^green;+15%^reset;"	숲의 아이들이라 불리는 삼림의 비에라는 고향 세계의 나무 너머에 있는 모든 것을 경계해 왔다. 비에라는 숲이 설계한 수정 동력 함선을 타고 이발리스에 풀려난 고대의 악으로부터 달아났다.	15	0	0.4	{'^#00A9FF;': 4, '^reset;': 25, '^white;': 8, '^red;': 2, '^green;': 6, '^darkgray;': 5}
/species/moogle.species.patch	/charCreationTooltip/description	"이발리스 출신의 토끼형 박쥐 종족.
    ^#00A9FF;특성^reset;
^white;최대 체력^reset;: ^red;-20%^reset;
^white;최대 에너지^reset;: ^green;+10%^reset;
^darkgray;에너지 재생: -^reset;
^darkgray;공격 배율: -^reset;
^darkgray;방어력: -^reset;
    ^#00A9FF;저항^reset;
^white;화염 저항^reset;: ^red;-20%^reset;
^white;전기 저항^reset;: ^green;+20%^reset;
^white;독 저항^reset;: ^green;+10%^reset;
^white;냉기 저항^reset;: ^green;+30%^reset;
^white;물리 저항^reset;: ^red;-20%^reset;
    ^#00A9FF;면역^reset;: ^green;겁먹음
    ^#00A9FF;종족 특성^reset;: ^#AA72FF;느린 수영
^white;낙하 피해^reset;: ^green;-20%^reset;, ^white;점프 높이^reset;: ^green;+20%^reset;, ^white;이동 속도^reset;: ^green;+10%^reset;, ^white;배고픔 속도^reset;: ^red;+10%^reset;"	이발리스 출신의 토끼형 박쥐 종족.	15	0	0.1	{'^#00A9FF;': 4, '^reset;': 29, '^white;': 11, '^red;': 4, '^green;': 8, '^darkgray;': 3, '^#AA72FF;': 1}
/species/nightar.species.patch	/charCreationTooltip/description	"인간과 비슷하지만 냉담하고 비사교적이면서도 명예를 중시하는 '종족'으로, 발달한 기술을 지녔음에도 여전히 지하에서 살기를 선호하며, 인간이 중세 시대에 그랬듯 검과 활로 싸우는 방식을 고수한다.
    ^#00A9FF;능력치^reset;
^white;최대 체력^reset;: ^red;-15%^reset;
^white;최대 에너지^reset;: ^green;+10%^reset;
^white;에너지 재생^reset;: ^red;-5%^reset;
^white;공격력 배율^reset;: ^green;+5%^reset;
^white;방어력^reset;: ^green;+5%^reset;
    ^#00A9FF;저항^reset;
^white;화염 저항^reset;: ^green;+15%^reset;
^white;전기 저항^reset;: ^red;-15%^reset;
^white;독 저항^reset;: ^green;+5%^reset;
^white;얼음 저항^reset;: ^green;+20%^reset;
^white;물리 저항^reset;: ^green;+10%^reset;
    ^#00A9FF;면역^reset;: ^green;서리
    ^#00A9FF;종족 특성^reset;: ^#AA72FF;분노
^white;낙하 피해^reset;: ^green;-20%^reset;, ^white;넉백 저항^reset;: ^green;+66%^reset;, ^white;점프 높이^reset;: ^green;+5%^reset;, ^white;이동 속도^reset;: ^green;+5%^reset;, ^white;호흡 소모 속도^reset;: ^green;-15%^reset;, ^white;허기 속도^reset;: ^red;+25%^reset;"	전통에 깊이 얽매인, 수수께끼 같은 나이터는 반음영 세계에서 진화한 종족이다. 자긍심이 강하지만 극단적으로 외국인을 혐오한다.	15	0	0.22	{'^#00A9FF;': 4, '^reset;': 36, '^white;': 16, '^red;': 4, '^green;': 13, '^#AA72FF;': 1}
/species/om_harpy.species.patch	/charCreationTooltip/description	"가짜 하피는 '^red;하피병^reset;'에 감염된 ^yellow;인간^reset;이다. 치료법이 없어, 이 인간들은 원래의 생물학적 특징 상당수를 바꿔놓는 완전한 질병으로 진행되는 이 고통스러운 피부 감염을 견뎌내야 한다.
    ^#00A9FF;능력치^reset;
^white;최대 체력^reset;: ^red;-20%^reset;
^darkgray;최대 에너지: -^reset;
^white;에너지 재생^reset;: ^green;+15%^reset;
^white;공격 배율^reset;: ^green;+10%^reset;
^white;방어력^reset;: ^green;+3%^reset;
    ^#00A9FF;저항^reset;
^white;화염 저항^reset;: ^red;-25%^reset;
^white;전기 저항^reset;: ^red;-5%^reset;
^darkgray;독 저항: -^reset;
^white;냉기 저항^reset;: ^green;+15%^reset;
^white;물리 저항^reset;: ^green;+3%^reset;
    ^#00A9FF;면역^reset;: -
    ^#00A9FF;종족 특성^reset;: -
^white;낙하 피해^reset;: ^green;-25%^reset;, ^white;점프 높이^reset;: ^green;+20%^reset;, ^white;이동 속도^reset;: ^green;+10%^reset;, ^white;호흡 소모 속도^reset;: ^red;+12.5%^reset;, ^white;허기 속도^reset;: ^red;+10%^reset;"	가짜 하피는 '^red;하피병^reset;'에 감염된 ^yellow;인간^reset;이다. 치료법이 없어, 이 인간들은 원래의 생물학적 특징 상당수를 바꿔놓는 완전한 질병으로 진행되는 이 고통스러운 피부 감염을 견뎌내야 한다.	15	0	0.34	{'^red;': 5, '^reset;': 32, '^#00A9FF;': 4, '^white;': 13, '^darkgray;': 2, '^green;': 8}
/species/om_ruined.species.patch	/charCreationTooltip/description	"근데 음, 걔네를 플레이 가능하게 만들고 싶으면, '플레이 가능 패치'를 만드는 건 자유예요 - 그냥 애셋을 훔치지만 마세요 - 루인드용 무기/방어구/오브젝트 등은 직접 만드세요 - 그냥 기억해두세요 - 저는 걔네를 플레이 가능하게 만들 생각이 전혀 없었어요
    ^#00A9FF;능력치^reset;
^white;최대 체력^reset;: ^red;-10%^reset;
^darkgray;최대 에너지: -^reset;
^darkgray;에너지 재생: -^reset;
^white;공격 배율^reset;: ^red;-5%^reset;
^white;방어력^reset;: ^red;-5%^reset;
    ^#00A9FF;저항^reset;
^white;화염 저항^reset;: ^green;+15%^reset;
^white;전기 저항^reset;: ^green;+5%^reset;
^white;독 저항^reset;: ^red;-35%^reset;
^white;냉기 저항^reset;: ^red;-50%^reset;
^white;물리 저항^reset;: ^red;-5%^reset;
    ^#00A9FF;면역^reset;: ^green;서리, 배고픔, 굶주림
    ^#00A9FF;종족 특성^reset;: ^#AA72FF;굶지 않음
^white;배고픔 속도^reset;: ^green;-100%^reset;, ^white;낙하 피해^reset;: ^green;-50%^reset;"	근데 음, 걔네를 플레이 가능하게 만들고 싶으면, '플레이 가능 패치'를 만드는 건 자유예요 - 그냥 애셋을 훔치지만 마세요 - 루인드용 무기/방어구/오브젝트 등은 직접 만드세요 - 그냥 기억해두세요 - 저는 걔네를 플레이 가능하게 만들 생각이 전혀 없었어요	15	0	0.46	{'^#00A9FF;': 4, '^reset;': 26, '^white;': 10, '^red;': 6, '^darkgray;': 2, '^green;': 5, '^#AA72FF;': 1}
/species/penguin.species.patch	/charCreationTooltip/description	"여기 뭘 써야 할지 모르겠음
    ^#00A9FF;능력치^reset;
^white;최대 체력^reset;: ^red;-15%^reset;
^white;최대 에너지^reset;: ^green;+25%^reset;
^white;에너지 재생^reset;: ^green;+15%^reset;
^darkgray;공격력 배율: -^reset;
^white;방어력^reset;: ^red;-10%^reset;
    ^#00A9FF;저항^reset;
^white;화염 저항^reset;: ^red;-15%^reset;
^white;전기 저항^reset;: ^red;-35%^reset;
^darkgray;독 저항: -^reset;
^white;냉기 저항^reset;: ^green;+35%^reset;
^darkgray;물리 저항: -^reset;
    ^#00A9FF;면역^reset;: ^green;젖음, 타르, 슬라임, 서리
    ^#00A9FF;종족 특성^reset;: ^#AA72FF;수영 강화(대체)
^white;낙하 피해^reset;: ^green;-15%^reset;, ^white;숨 소모 속도^reset;: ^green;-50%^reset;"	여기에 뭘 써야 할지 모르겠다	15	0	0.08	{'^#00A9FF;': 4, '^reset;': 25, '^white;': 9, '^red;': 4, '^green;': 6, '^darkgray;': 3, '^#AA72FF;': 1}
/species/radien.species.patch	/charGenTextLabels/7	레그웨어 색상	하의 색상	0	0	0.67	{}
/species/satkyterran.species.patch	/charCreationTooltip/description	"이 땅속 개미귀신들은 대부분 자기들끼리만 지내다가, 비교적 최근에 솔라레이의 새터니안들과 동맹을 맺었다. 이들은 미라실 행성의 잿빛 황무지, 사막, 산맥 아래에 서식한다.
    ^#00A9FF;능력치^reset;
^darkgray;최대 체력: -^reset;
^white;최대 에너지^reset;: ^red;-10%^reset;
^darkgray;에너지 재생: -^reset;
^darkgray;공격력 배율: -^reset;
^darkgray;방어력: -^reset;
    ^#00A9FF;저항^reset;
^darkgray;화염 저항: -^reset;
^darkgray;전기 저항: -^reset;
^darkgray;독 저항: -^reset;
^white;냉기 저항^reset;: ^red;-25%^reset;
^white;물리 저항^reset;: ^green;+10%^reset;
    ^#00A9FF;면역^reset;: ^green;용해
    ^#00A9FF;종족 특성^reset;: -
^white;넉백 저항^reset;: ^green;+10%^reset;"	잿더미 지대와 사막에 사는 개미귀신 같은 종족이다. 키테란은 불이 붙지 않으며 화염 피해에 25% 저항을 지닌다. 이 문구는 게임 내에서 보여서는 안 됩니다.	15	0	0.39	{'^#00A9FF;': 4, '^reset;': 19, '^darkgray;': 7, '^white;': 4, '^red;': 2, '^green;': 3}
/species/saturn.species.patch	/charCreationTooltip/description	"새터니안은 머나먼 하늘 도시 솔랄레이 출신의 빛을 숭배하는 나방 마법사들이다. 그들은 오랫동안 빛을 엮어 완드를 만드는 기술을 연구해왔다. 새터니안은 미지의 것을 탐험하고 새로운 종족을 만나기를 갈망한다.
    ^#00A9FF;능력치^reset;
^white;최대 체력^reset;: ^red;-10%^reset;
^white;최대 에너지^reset;: ^green;+10%^reset;
^white;에너지 재생^reset;: ^green;+10%^reset;
^darkgray;공격 배율: -^reset;
^darkgray;방어력: -^reset;
    ^#00A9FF;저항^reset;
^white;화염 저항^reset;: ^green;+5%^reset;
^white;전기 저항^reset;: ^green;+10%^reset;
^white;독 저항^reset;: ^red;-25%^reset;
^darkgray;냉기 저항: -^reset;
^white;물리 저항^reset;: ^red;-5%^reset;
    ^#00A9FF;면역^reset;: -
    ^#00A9FF;종족 특성^reset;: -"	새터니안은 머나먼 하늘 도시 솔라레이 출신의 빛을 숭배하는 나방 마법사들이다. 그들은 오랫동안 빛을 엮어 완드를 만드는 기술을 연구해왔다. 새터니안은 미지의 것을 탐험하고 새로운 종족을 만나기를 갈망한다.	14	0	0.49	{'^#00A9FF;': 4, '^reset;': 21, '^white;': 7, '^red;': 3, '^green;': 4, '^darkgray;': 3}
/species/saturn2.species.patch	/charCreationTooltip/description	"야행성 새터니안은 스스로를 타우모스라 부른다. 그들은 이상하고, 달을 숭배하는, 나무 위 도시 악티아스 출신이다. 타우모스는 흔히 새터니안이 흑마법이라 부르는 것을 수련하는 경향이 있다. 최근의 달 활동이 그들을 우주로 이끌었다...
    ^#00A9FF;능력치^reset;
^white;최대 체력^reset;: ^red;-10%^reset;
^white;최대 에너지^reset;: ^green;+10%^reset;
^white;에너지 재생^reset;: ^green;+10%^reset;
^darkgray;공격력 배율: -^reset;
^darkgray;방어력: -^reset;
    ^#00A9FF;저항^reset;
^white;화염 저항^reset;: ^red;-25%^reset;
^white;전기 저항^reset;: ^green;+10%^reset;
^white;독 저항^reset;: ^green;+5%^reset;
^darkgray;냉기 저항: -^reset;
^white;물리 저항^reset;: ^red;-5%^reset;
    ^#00A9FF;면역^reset;: -
    ^#00A9FF;종족 특성^reset;: -"	야행성 새터니안은 스스로를 타우모스라 부른다. 그들은 이상하고, 달을 숭배하는, 나무 위 도시 악티아스 출신이다. 타우모스는 흔히 새터니안이 흑마법이라 부르는 것을 수련하는 경향이 있다. 최근의 달 활동이 그들을 우주로 이끌었다...	14	0	0.52	{'^#00A9FF;': 4, '^reset;': 21, '^white;': 7, '^red;': 3, '^green;': 4, '^darkgray;': 3}
/species/saturnmothman.species.patch	/charCreationTooltip/description	"희귀 승무원에게 빛나는 눈을 주는 데 쓰인다. 플레이 가능한 종족을 위한 건 아니다.
    ^#00A9FF;특성^reset;
^white;최대 체력^reset;: ^red;-10%^reset;
^white;최대 에너지^reset;: ^green;+5%^reset;
^darkgray;에너지 재생: -^reset;
^darkgray;공격 배율: -^reset;
^darkgray;방어력: -^reset;
    ^#00A9FF;저항^reset;
^white;화염 저항^reset;: ^red;-25%^reset;
^white;전기 저항^reset;: ^red;-25%^reset;
^white;독 저항^reset;: ^green;+10%^reset;
^white;냉기 저항^reset;: ^green;+10%^reset;
^white;물리 저항^reset;: ^green;+15%^reset;
    ^#00A9FF;면역^reset;: ^green;젖음, 타르, 슬라임
    ^#00A9FF;종족 특성^reset;: -"	희귀 승무원에게 빛나는 눈을 주는 데 쓰인다. 플레이 가능한 종족을 위한 건 아니다.	14	0	0.26	{'^#00A9FF;': 4, '^reset;': 21, '^white;': 7, '^red;': 3, '^green;': 5, '^darkgray;': 3}
/species/skath.species.patch	/charCreationTooltip/description	"스카스는 심해에서 온 유달리 강인한 종족으로, 군사력과 질서를 크게 중시한다.
    ^#00A9FF;능력치^reset;
^darkgray;최대 체력: -^reset;
^white;최대 에너지^reset;: ^green;+10%^reset;
^white;에너지 재생^reset;: ^red;-5%^reset;
^white;공격 배율^reset;: ^green;+15%^reset;
^white;방어력^reset;: ^green;+5%^reset;
    ^#00A9FF;저항^reset;
^white;화염 저항^reset;: ^red;-10%^reset;
^white;전기 저항^reset;: ^red;-15%^reset;
^white;독 저항^reset;: ^green;+25%^reset;
^white;냉기 저항^reset;: ^red;-15%^reset;
^white;물리 저항^reset;: ^green;+5%^reset;
    ^#00A9FF;면역^reset;: -
    ^#00A9FF;종족 특성^reset;: ^#AA72FF;수중 호흡, 수영 강화 (대체)"	"한때 외계 세력의 침공을 받아 군사력과 방어에 집중할 수밖에 없었기에, 이들은 매우 잘 훈련된 전사가 되었다. 수생 기원 덕분에 물속에서 특히 위험하며 만만치 않은 상대다.

 ^orange;식성^reset;: 잡식

^orange;특전^reset;:
 에너지 x^green;1.05^reset;, 방어력 +^green;5^reset;, 숨 +^green;500^reset;
 ^green;저항^reset;: 냉기 +^cyan;20^reset;%, 방사능 +^cyan;10^reset;%
 ^cyan;수영 강화 2^reset;

^orange;환경^reset;:
 대양 생물군계: 체력 x^green;1.25^reset; 및 방어력 +^green;6^reset;
 고온 생물군계: 에너지 x^red;0.7^reset;, 체력 x^red;0.7^reset;, 속도 x^red;0.8^reset;
 (치유/폐기물/늪지) 물: 체력 재생 +^green;0.1^reset;%

^orange;무기^reset;:
 에너지 무기 숙련: +^green;15^reset;%
 돌격소총 숙련: +^green;25^reset;%

^red;약점^reset;:
 ^red;저항^reset;: 전기 -^red;20^reset;%"	14	19	1.61	{'^#00A9FF;': 4, '^reset;': 1, '^darkgray;': 1, '^white;': 9, '^#AA72FF;': 1}
/species/slimeperson.species.patch	/charCreationTooltip/description	"이주 통제에 있어서, 특정 정부 관리들은 슬라임이 안 보이는 모양이다. ^green;HP 재생, 면역: 슬라임 감속, 독, 전기,^reset; ^orange;저항: 화염,^reset; ^red;약점: 얼음^reset;
^red;이 종족은 ^green;종족 특성^red;에서 의도적으로 지원되지 않습니다. ^yellow;제작자가 스탯을 요청하지 않았거나, 자체 내장 비-RT 스탯이 있거나, 기술적인 이유로 지원할 수 없습니다."	"쓰러진 자들로부터 태어난 심비오트. 지각을 지녔다. 자신들이 어디서 왔는지 받아들이기 힘들어하는, 독특하고 강인한 종족이다.

 ^orange;식성^reset;: 잡식

^orange;특전^reset;:
 낙하 피해 x^green;0.5^reset;
 ^green;저항^reset;: +^cyan;30^reset;% 독, +^cyan;10^reset;% 방사능, +^cyan;4^reset;% 전기, +^cyan;3^reset;% 코스믹
 +^green;1^reset;% 체력 재생 (지속)
 기술: ^green;점착구, 벽 붙잡기^reset;
 ^cyan;면역^reset;: 점액 튕김, 점액 고착, 중독, 거미줄

^orange;환경^reset;:
 젤라틴, 늪, 습지 생물군계: 체력 x^green;1.25^reset; 및 +^green;15^reset;% 속도
 추운 생물군계: 체력 x^red;0.75^reset;
 액체 점액 속에서 숨을 쉴 수 있음

^orange;무기^reset;:
 채찍 숙련: x^green;15^reset;%
 생체무기: 피해 x^green;1.15^reset;, +^green;20^reset;%^reset; 치명타 피해

^red;약점^reset;:
 ^red;저항^reset;: -^red;20^reset;% 화염 & 냉기
 +^red;25^reset;% 허기 소모"	1	22	1.95	{'^yellow;': 1}
/species/spectwing.species.patch	/charCreationTooltip/description	"스펙트윙은 어비스라 불리는 우주적 균열에 의해 형태를 갖추게 된, 날개 달린 곤충형 종족이다. 타고난 심연 태생 포식자인 그들은 날카로운 발톱과, 먹잇감을 유인하는 눈부신 날개를 지니고 있다.
    ^#00A9FF;능력치^reset;
^white;최대 체력^reset;: ^red;-15%^reset;
^darkgray;최대 에너지: -^reset;
^darkgray;에너지 재생: -^reset;
^white;공격 배율^reset;: ^green;+15%^reset;
^darkgray;방어력: -^reset;
    ^#00A9FF;저항^reset;
^white;화염 저항^reset;: ^red;-10%^reset;
^darkgray;전기 저항: -^reset;
^white;독 저항^reset;: ^green;+10%^reset;
^white;냉기 저항^reset;: ^green;+5%^reset;
^darkgray;물리 저항: -^reset;
    ^#00A9FF;면역^reset;: ^green;식중독
    ^#00A9FF;종족 특성^reset;: ^#AA72FF;야간 재생
^white;낙하 피해^reset;: ^green;-50%^reset;"	스펙트윙은 어비스라 불리는 우주적 균열에 의해 형태를 갖추게 된, 날개 달린 곤충형 종족이다. 타고난 심연 태생 포식자인 그들은 날카로운 발톱과, 먹잇감을 유인하는 눈부신 날개를 지니고 있다.	15	0	0.44	{'^#00A9FF;': 4, '^reset;': 21, '^white;': 6, '^red;': 2, '^darkgray;': 5, '^green;': 5, '^#AA72FF;': 1}
/species/thelean.species.patch	/charCreationTooltip/description	"텔레안은 오래된 종족으로, 그들 구역의 은하에서 지배적인 세력이다. 대부분의 텔레안은 잔혹한 지도자 크레아톤에게 변함없는 충성을 바치지만, 일부는 다른 삶의 길을 선택했다.
    ^#00A9FF;능력치^reset;
^darkgray;최대 체력: -^reset;
^darkgray;최대 에너지: -^reset;
^darkgray;에너지 재생: -^reset;
^white;공격 배율^reset;: ^green;+25%^reset;
^darkgray;방어력: -^reset;
    ^#00A9FF;저항^reset;
^white;화염 저항^reset;: ^red;-35%^reset;
^darkgray;전기 저항: -^reset;
^darkgray;독 저항: -^reset;
^white;냉기 저항^reset;: ^red;-35%^reset;
^darkgray;물리 저항: -^reset;
    ^#00A9FF;면역^reset;: ^green;겁먹음
    ^#00A9FF;종족 특성^reset;: -
^white;낙하 피해^reset;: ^green;-15%^reset;, ^white;넉백 저항^reset;: ^red;-5%^reset;, ^white;이동 속도^reset;: ^green;+15%^reset;, ^white;배고픔 속도^reset;: ^green;-25%^reset;"	텔레안은 오래된 종족으로, 그들 구역의 은하에서 지배적인 세력이다. 대부분의 텔레안은 잔혹한 지도자 크레아톤에게 변함없는 충성을 바치지만, 일부는 다른 삶의 길을 선택했다.	15	0	0.38	{'^#00A9FF;': 4, '^reset;': 25, '^darkgray;': 7, '^white;': 7, '^green;': 5, '^red;': 3}
/species/trink.species.patch	/charCreationTooltip/description	"노틱스가 만든 트링크들은 자신들의 창조자와 조화롭게 살아가는 지각 있는 로봇 종족입니다. 이들은 무엇보다 효율을 중시하며, 엘리시안 연합의 수많은 기술 발전에 기여했습니다.
    ^#00A9FF;속성^reset;
^darkgray;최대 체력: -^reset;
^white;최대 에너지^reset;: ^green;+35%^reset;
^white;에너지 재생^reset;: ^green;+15%^reset;
^darkgray;공격력 배율: -^reset;
^white;방어력^reset;: ^green;+5%^reset;
    ^#00A9FF;저항^reset;
^white;화염 저항^reset;: ^green;+15%^reset;
^white;전기 저항^reset;: ^red;-50%^reset;
^white;독 저항^reset;: ^green;+50%^reset;
^white;냉기 저항^reset;: ^green;+25%^reset;
^white;물리 저항^reset;: ^green;+15%^reset;
    ^#00A9FF;면역^reset;: ^green;굶주림, 식중독, 중독, 질식, 배고픔
    ^#00A9FF;종족 특성^reset;: ^#AA72FF;굶주리지 않음
^white;넉백 저항^reset;: ^green;+15%^reset;, ^white;호흡 소모 속도^reset;: ^green;-100%^reset;, ^white;허기 속도^reset;: ^green;-100%^reset;"	노틱스가 만든 트링크들은 자신들의 창조자와 조화롭게 살아가는 지각 있는 로봇 종족입니다. 이들은 무엇보다 효율을 중시하며, 엘리시안 얼라이언스의 수많은 기술 발전에 기여했습니다.	15	0	0.35	{'^#00A9FF;': 4, '^reset;': 28, '^darkgray;': 2, '^white;': 11, '^green;': 11, '^red;': 1, '^#AA72FF;': 1}
/species/veluu.species.patch	/charCreationTooltip/description	"분열된 고양이 종족입니다. 절반은 평화를 사랑하는 자유사상가이고, 나머지는 전쟁에 굶주린 괴물입니다.

 ^orange;음식 유형^reset;: 잡식성, 날고기를 먹을 수 있습니다.

^orange;특성^reset;:
 체력: x^green;1.05^reset;, 피해량 x^green;1.05^reset;
 이득 ^green;13^reset;% 점프 및 ^green;6^reset;% 달리기 속도^reset;, 추락 데미지 x^green;0.8^reset;
 저항^reset;
 ^green; 저항^reset;: +^cyan;15^reset;% 얼음,+^cyan;5^reset;% 전기
 ^cyan;나이트비전^reset;
 기술: ^green;면도날 발톱^reset;
 ^green;면역^reset;: 정글, 진흙

^orange;환경^reset;:
 ^green;정글, 원시, 숲, 열대우림, 사막^reset;: 체력 x^green;1.1^reset;, 에너지 x^green;1.1^reset;
 ^green;불모지, 유황, 지옥^reset;: 체력 x^red;0.8^reset;, 에너지 x^red;0.8^reset;

^orange;무기^reset;:
 주먹 마스터리: +^green;20^reset;%
 단검 마스터리: ^green;15^reset;%
 암 캐논 숙련도: +^green;15^reset;%

^red;약점^reset;:
 ^red;저항^reset;: -^red;10^reset;% 화염, 독, 방사능, -^red;5^reset;% 물리"	"갈라진 지각 있는 고양이 종족입니다. 절반은 평화를 사랑하는 자유사상가이고, 나머지는 전쟁에 굶주린 괴물입니다.

 ^orange;식성^reset;: 잡식, 날고기 섭취 가능.

^orange;특전^reset;:
 체력: x^green;1.05^reset;, 피해 x^green;1.05^reset;
 ^green;13^reset;% 점프와 ^green;6^reset;% 달리기 속도^reset; 획득, 낙하 피해 x^green;0.8^reset;
 ^green;저항^reset;: +^cyan;15^reset;% 냉기, +^cyan;5^reset;% 전기
 ^cyan;야간 투시^reset;
 기술: ^green;면도날 발톱^reset;
 ^green;면역^reset;: 정글, 진흙

^orange;환경^reset;:
 ^green;정글, 원시림, 숲, 열대우림, 사막^reset;: 체력 x^green;1.1^reset;, 에너지 x^green;1.1^reset;
 ^green;불모지, 황 지대, 인퍼너스^reset;: 체력 x^red;0.8^reset;, 에너지 x^red;0.8^reset;

^orange;무기^reset;:
 맨주먹 숙련: +^green;20^reset;%
 단검 숙련: ^green;15^reset;%
 암 캐논 숙련: +^green;15^reset;%

^red;약점^reset;:
 ^red;저항^reset;: -^red;10^reset;% 화염, 독, 방사능, -^red;5^reset;% 물리"	23	22	0.97	{'^reset;': 1}
/species/viera.species.patch	/charCreationTooltip/description	"숲의 사람들이라 불리는 비에라는 키가 크고 은발이며, 날렵하고 강인하며 전투에 능하다.
    ^#00A9FF;능력치^reset;
^white;최대 체력^reset;: ^red;-15%^reset;
^white;최대 에너지^reset;: ^green;+25%^reset;
^white;에너지 재생^reset;: ^green;+10%^reset;
^white;공격력 배율^reset;: ^green;+5%^reset;
^white;방어력^reset;: ^red;-5%^reset;
    ^#00A9FF;저항^reset;
^darkgray;화염 저항: -^reset;
^darkgray;전기 저항: -^reset;
^darkgray;독 저항: -^reset;
^darkgray;냉기 저항: -^reset;
^darkgray;물리 저항: -^reset;
    ^#00A9FF;면역^reset;: -
    ^#00A9FF;종족 특성^reset;: -
^white;낙하 피해^reset;: ^green;-10%^reset;, ^white;점프 높이^reset;: ^green;+25%^reset;, ^white;이동 속도^reset;: ^green;+15%^reset;"	숲의 사람들이라 불리는 비에라는 키가 크고 은발이며, 날렵하고 강인하며 전투에 능하다.	15	0	0.24	{'^#00A9FF;': 4, '^reset;': 25, '^white;': 8, '^red;': 2, '^green;': 6, '^darkgray;': 5}
/species/woofie.species.patch	/charCreationTooltip/description	"...태양 재앙으로 평화로운 삶과 고향을 잃고 우주로 흩어졌다. 우프 종족은 미지의 도전이 풍기는 냄새를 쫓는 걸 좋아하고, 오락 삼아 머리 사냥을 하거나 살아남기 위해 다른 종족을 습격하기도 한다. 친구인지 적인지 분간하기 어렵지만, 무리에 충성하는 투사들인 것만은 분명하다.

  ^orange;식성^reset;: 육식

^orange;특전^reset;:
  최대 에너지 ^green;+25%^reset;.
  속도 ^green;+15%^reset;, 점프 ^green;+5%^reset;, 낙하 저항 ^green;+20%^reset;
  ^cyan;저항^reset;: 냉기 ^green;50%^reset;,
  ^cyan;면역^reset;: 눈, 진창, 얼음

^orange;환경^reset;:
  주로 ^cyan; 어두운^reset; 생물군계에서 ^green;체력, 보호, 속도^reset;, 공격력이 추가로 오른다
  ^cyan; 툰드라/극지/눈/얼음^reset; 생물군계에서 ^green;체력, 에너지 재생, 속도, 공격력^reset;이 추가로 오른다
  ^cyan; 질소 바다/블러드스톤 바다^reset; 생물군계에서 ^green;체력, 에너지 재생, 공격력^reset;이 추가로 오른다

^orange;무기^reset;:
  없음

^red;약점^reset;:
  ^red;빠른 허기^reset;
  ^red;저항^reset;: 물리 -^red;6^reset;% 화염 저항 -^red;35^reset;%"	...태양 재앙으로 평화로운 삶과 고향을 잃고 우주로 흩어졌다. 우프 종족은 미지의 도전이 풍기는 냄새를 쫓고, 오락 삼아 머리 사냥을 하며, 살아남기 위해 다른 종족을 습격한다. 친구인지 적인지 분간하기 어렵지만, 무리에 충성하는 투사들인 것만은 분명하다.	20	0	0.35	{'^orange;': 4, '^reset;': 22, '^green;': 8, '^cyan;': 5, '^red;': 5}
/zb/newSail/data.config.patch	/Speech/shipStatus/0/text	"^#6f6f6f;$ status 
^cyan;>음. 안녕. 함선을 재부팅해 줄래?"	쿨... 쿨... 쿨...	1	0	0.52	{'^#6f6f6f;': 1, '^cyan;': 1}
