assetPath	legacyPointer	currentPointer	status	currentOriginal	legacyKorean
/cinematics/casette.cinematic	/panels/1/text	/panels/1/text	pointer-string	H-hello, this is station B. We're being attacked by project ^orange;Bot of Terror^reset;.	안-안녕하세요, 여기는 스테이션 B입니다. 우리는 프로젝트^orange;테러봇^reset;를 유발할 수 있습니다.
/cinematics/casette.cinematic	/panels/2/text	/panels/2/text	pointer-string	I'm sorry. What?	의 공격을 받고 있습니다.
/cinematics/casette.cinematic	/panels/3/text	/panels/3/text	pointer-string	We're being attacked by project Bot of Terror, a-and we've already initiated lockdown on the facility.	죄송합니다. 뭐라고요?
/cinematics/casette.cinematic	/panels/4/text	/panels/4/text	pointer-string	Oh no! Is everyone okay?	우리는 프로젝트 테러봇의 공격을 받고 있으며, 이미 시설을 봉쇄했습니다.
/cinematics/casette.cinematic	/panels/5/text	/panels/5/text	pointer-string	No! Already like half of the scientists are ^red;dead^reset;! The rest are trapped!	오, 안돼! 모두 괜찮나요?^red;아니요! 이미 과학자들 절반이^reset;죽었습니다
/cinematics/casette.cinematic	/panels/6/text	/panels/6/text	pointer-string	...Don't worry, we're sending a rescue ship to the planet in a few moments.	! 나머지는 갇혀 있습니다!
/cinematics/casette.cinematic	/panels/7/text	/panels/7/text	pointer-string	Okay...AAAH!!! THE HALLWAY IS CAVING IN!!! AAAAAAAAAH!!!	...걱정 마세요, 몇 분 안에 구조선을 행성으로 보낼 겁니다.
/cinematics/casette.cinematic	/panels/8/text	/panels/8/text	pointer-string	Sir! Sir, are you alright?!	알겠습니다...아아악!!! 복도가 무너지고 있어요!!! 아아아아아악!!!
/cinematics/casette.cinematic	/panels/9/text	/panels/9/text	pointer-string	(from a distance) Okay, everyone! Out of the building! This darn place will fall apart in a few moments--*static*	선생님! 선생님, 괜찮으세요?!
/cinematics/casette.cinematic	/panels/10/text	/panels/10/text	pointer-string	Station B! Station B, do you read?!	(멀리서) 모두 나가세요! 이 빌어먹을 곳이 곧 무너질 겁니다--*잡음*
/cinematics/casette.cinematic	/panels/11/text	/panels/11/text	pointer-string	(someone else) We've lost contact with station B!	스테이션 B! 스테이션 B, 들리나요?!
/codex/lore/supervoideyeorigin.codex	/description	/description	pointer-string	A book that shows how the Supervoid Eye came to be.	음... 이거 좀 어색하네요. 사실, 이건 당신이 가질 수 없는 것입니다. 이 텍스트는 최종 업데이트에서 교체될 것입니다. 만약 당신이 일찍 일어나서 벌레를 잡으려는 생각이라면, 완전히 틀렸습니다. 내 자산에서 나가세요, 이 치터!!! 그래도 궁금했을 수 있겠네요. 미안해요. 안녕.
/codex/lore/supervoideyeorigin.codex	/contentPages/0	/contentPages/0	pointer-string	Umm...This is awkward. You know, this is something that you're not meant to have. This text will be replaced in the final update. If you seriously think you're going to get the worm by being the early bird, you're completely wrong. STAY OUT OF MY ASSETS YOU CHEATER!!! Okay, you might have been curious. Sorry. Bye.	(다른 사람) 스테이션 B와의 연락이 끊겼습니다!
/codex/lore/theancientone.codex	/description	/description	pointer-string	The lore of the Ancient One, rewarded to those who defeat it.	고대의 존재의 전설, 그것을 물리친 자에게 보상으로 주어짐.
/codex/lore/theancientone.codex	/contentPages/0	/contentPages/0	pointer-string	Years before Earth's destruction, a lone figure entered the Bossvault. It was a small winged creature, none other than the penguin pirate Dreadwing. Without being detected by the ancient security systems, Dreadwing salvaged a large amount of ancient materials. After leaving, Dreadwing used the ancient materials to build a spacecraft more powerful than any in the known universe.	지구가 파괴되기 몇 년 전, 한 외로운 인물이 보스볼트에 들어갔어. 그것은 작은 날개 달린 생물, 바로 펭귄 해적 드레드윙이었어. 고대 보안 시스템에 감지되지 않고, 드레드윙은 많은 양의 고대 물질을 구해냈어. 떠난 후, 드레드윙은 고대 물질을 사용하여 알려진 우주에서 가장 강력한 우주선을 만들었어.
/codex/lore/theancientone.codex	/contentPages/1	/contentPages/1	pointer-string	"Once he turned it on, however, the machine began scanning the area and acting puzzled as if it had a mind of its own. It seemed the ancient materials and the mysterious core Dreadwing used for the spacecraft's power source had created a ""living"" machine with its own independent behavior. The spacecraft began firing powerful energy bolts at Dreadwing, but he swiftly dashed through an escape hatch where the machine could not reach him. Having lost sight of its target it left Dreadwing's base and instinctively flew toward the planet"	"그러나 그가 그것을 켰을 때, 기계는 마치 자신의 의지를 가진 것처럼 지역을 스캔하고 혼란스러워하는 것처럼 행동하기 시작했어. 고대 물질과 드레드윙이 우주선의 전원 공급원으로 사용한 신비로운 핵이""살아있는""기계를 만들어 독립적인 행동을 하게 된 것 같았어. 우주선은 드레드윙에게 강력한 에너지 볼트를 발사하기 시작했지만, 그는 기계가 닿을 수 없는 탈출구를 통해 빠르게 빠져나갔어. 목표를 놓친 기계는 드레드윙의 기지를 떠나 본능적으로 행성으로 날아갔어"
/codex/lore/theancientone.codex	/contentPages/2	/contentPages/2	pointer-string	where the Bossvault was. As it passed through the galaxy and over planets, people who believed in legends of ancient beings referred to the strange spacecraft traveling over the planet as The Ancient One. Dreadwing, who had learned his lesson about tampering with such power, decided to build his spacecraft out of more conventional materials. As for The Ancient One, it eventually found its way back to the Bossvault and currently guards it against anyone who dares try to steal the ancients' secrets.	보스볼트가 있는 곳으로. 은하계를 지나고 행성 위를 지나면서, 고대 존재의 전설을 믿는 사람들은 행성 위를 여행하는 이상한 우주선을 고대의 존재라고 불렀어. 드레드윙은 그러한 힘을 다루는 것에 대한 교훈을 배운 후, 그의 우주선을 더 전통적인 물질로 만들기로 결정했어. 고대의 존재는 결국 보스볼트로 돌아와 고대의 비밀을 훔치려는 사람들을 막고 있어.
/codex/testresults/testresults1.codex	/description	/description	pointer-string	A test results paper.	테러봇 프로젝트는 성공적이었습니다! 이 개체는 7일마다 한 번씩만 발생하는 자기 학습 능력을 가지고 있습니다. 다시 말해, 이 무기는 7일마다 새로운 것을 배울 수 있습니다. 이 슈퍼 무기는 우주 해적과 침략자들에 대항하는 데 유용할 수 있습니다.
/codex/testresults/testresults1.codex	/contentPages/0	/contentPages/0	pointer-string	Project Bot of Terror was a success! The entity has a self-learning ability that only occurs once every seven days. In other words, this thing could learn something new every seven days. This super weapon could be useful against space pirates and invaders.	고대인을 물리친 자에게 주어지는 고대인의 전설.
/codex/testresults/testresults2.codex	/description	/description	pointer-string	A test results paper.	테러봇 프로젝트는 성공적이었습니다! 이 개체는 7일마다 한 번씩만 발생하는 자기 학습 능력을 가지고 있습니다. 다시 말해, 이 무기는 7일마다 새로운 것을 배울 수 있습니다. 이 슈퍼 무기는 우주 해적과 침략자들에 대항하는 데 유용할 수 있습니다.
/codex/testresults/testresults2.codex	/contentPages/0	/contentPages/0	pointer-string	After continuous testing with various lab rats, the Bot of Terror ended up acting VERY suspicious. We attempted fixing our project, but out of nowhere it started shooting a couple bullets at one of the scientists. That's when we realized that we forgot to build a kill switch in case scenarios like this happened.	실험 결과 보고서.
/codex/testresults/testresults2.codex	/contentPages/1	/contentPages/1	pointer-string	Unfortunately, we HAD to destroy our creation, but it fought back and caused several casualties. It started shooting out smaller copies of itself. This action was not normal, and we knew we never added that behavior into the code.	다양한 실험용 쥐들을 대상으로 한 지속적인 실험 끝에, 테러봇이 매우 수상한 행동을 보이기 시작했습니다. 우리는 프로젝트를 수정하려 했지만, 갑자기 그것이 과학자 중 한 명에게 총알 몇 발을 발사하기 시작했습니다. 그때 우리는 이런 상황에 대비한 킬 스위치를 만들지 않았다는 것을 깨달았습니다.
/codex/testresults/testresults2.codex	/contentPages/2	/contentPages/2	pointer-string	"Entry Number 18
The Bot of Terror's behavior started becoming very severe, wrecking the facility with a strange, metallic substance; we had to initiate lockdown on the whole facility."	불행히도, 우리는 우리의 창조물을 파괴해야만 했지만, 그것은 저항했고 여러 명의 사상자를 냈습니다. 그것은 더 작은 복제품들을 발사하기 시작했습니다. 이 행동은 정상적이지 않았으며, 우리는 그 행동을 코드에 추가한 적이 없다는 것을 알고 있었습니다.
/codex/wiki/ivguidearmor.codex	/description	/description	pointer-string	A book covering the armor of the mod.	"해양 수호자 세트 - 계속
비단 1개
솔라리움 별 45개"
/codex/wiki/ivguidearmor.codex	/contentPages/0	/contentPages/0	pointer-string	"Ancient Set(IDs - ancienthead, ancientchestplate, and ancientpants)
Total Defense - +140
Total DMG Multiplier - +400%
Total Energy - +250
Total Health - +200
Special - Completely blocks elemental damage
(In total)At Replicator; Recipe -
65 Durasteel Bars
110 Ancient Blocks
5 Leather
45 Solarium Stars
1 Silk"	"기록 번호 18
테러봇의 행동이 매우 심각해지기 시작했고, 이상한 금속 물질로 시설을 파괴했습니다. 우리는 시설 전체를 봉쇄해야 했습니다."
/codex/wiki/ivguidearmor.codex	/contentPages/1	/contentPages/1	pointer-string	"Ocean Guardian's Set(IDs - oceanguardianhead, oceanguardianchest, and oceanguardianpants)
Total Defense - +62
Total DMG Multiplier - +300%
Total Energy - +60
Total Health - +60
Special - Immune to suffocation, higher swimming mobility; Submitted by ^green;hylotl chef^reset;
(In total)At Replicator; Recipe -
55 Durasteel Bars
400 Water
5 Leather"	"고대 세트(아이디 - ancienthead, ancientchestplate, ancientpants)
총 방어력 - +140
총 피해 배율 - +400%
총 에너지 - +250
총 체력 - +200
특수 - 원소 피해 완전 차단
(총합) 복제기에서; 레시피 -
듀라스틸 바 65개
고대 블록 110개
가죽 5개
솔라리움 별 45개
비단 1개^green;해양 수호자 세트(아이디 - oceanguardianhead, oceanguardianchest, oceanguardianpants)
총 방어력 - +62
총 피해 배율 - +300%
총 에너지 - +60
총 체력 - +60
특수 - 질식 면역, 수영 이동성 증가; 제출자^reset;하이로틀 요리사"
/codex/wiki/ivguidearmor.codex	/contentPages/2	/contentPages/2	pointer-string	"Ocean Guardian's Set - continued
1 Silk
45 Solarium Stars"	"(총합) 복제기에서; 레시피 -
듀라스틸 바 55개
물 400개
가죽 5개"
/codex/wiki/ivguidebiomes.codex	/description	/description	pointer-string	A book covering the biomes of the mod.	모드의 생물 군계를 다루는 책.
/codex/wiki/ivguidebiomes.codex	/contentPages/0	/contentPages/0	pointer-string	"^#666666;Dark Abyss^reset;
The ^#666666;dark abyss^reset; is a biome that is darker than midnight. The surface seems normal enough, until you dig deep underground, where fog becomes so common that there are literally blocks of it. It is said that you can hear the lost souls of explorers occasionally screaming. Who knows if it's true? The surface is ^red;deathly cold^reset;, and you shouldn't explore the place without the Ancient set. Can be found orbiting ^blue;frozen stars^reset; or ^red;fiery stars^reset;. Portals that lead to abyss dimension are found underground."	^#666666;모드의 방어구를 다루는 책.^reset;어둠의 심연^#666666;모드의 방어구를 다루는 책.^reset;^red;죽을 만큼 추운^reset;표면을 가진, 자정보다 더 어두운 생물 군계입니다. 표면은 충분히 정상적으로 보이지만, 깊이 파고들면 안개가 너무 흔해서 실제로 안개 블록이 존재합니다. 탐험가들의 잃어버린 영혼들이 가끔 비명을 지르는 소리를 들을 수 있다고 합니다. 그게 사실일까요? 이곳은^blue;얼어붙은 별^reset;또는^red;불타는 별^reset;을 공전하는 곳에서 발견됩니다. 심연 차원으로 이어지는 포털은 지하에서 발견됩니다.
/codex/wiki/ivguidebiomes.codex	/contentPages/1	/contentPages/1	pointer-string	"^#c96c28;Eternally Burning^reset;
The ^#c96c28;burning^reset; biome is a planet that burns forever. Everything from the surface to the core is really, really hot! Even the AIR is ^red;burning^reset;! If the burning air doesn't kill you, then its inhabitants might. These planets are most commonly found orbiting ^red;fiery stars^reset;."	^#c96c28;영원히 불타는^reset;어둠의 심연^#c96c28;타오르는목표에 불타오르는 피해를 줍니다.^reset;생물 군계는 영원히 불타는 행성입니다. 표면에서 핵까지 모든 것이 정말, 정말 뜨겁습니다! 심지어 공기조차도^red;타오르는목표에 불타오르는 피해를 줍니다.^reset;! 만약 그 뜨거운 공기가 당신을 죽이지 않는다면, 그곳의 주민들이 당신을 죽일지도 모릅니다. 이 행성들은 주로^red;불타는 별^reset;를 유발할 수 있습니다.
/codex/wiki/ivguidebiomes.codex	/contentPages/2	/contentPages/2	pointer-string	"^#a6ceff;Permafrost^reset;
The ^#a6ceff;permafrost^reset; biome is a world chilled to the core(literally). These planets are very much equally as cold as ^#666666;dark abyss^reset; planets, but much worse. These planets are so cold, in fact, that the core has liquid nitrogen. Be prepared to look at ^blue;frozen stars^reset; or ^red;fiery stars^reset;, as those have this planet."	^#a6ceff;영구 동토층^reset;어둠의 심연^#a6ceff;영구 동토층^reset;생물 군계는 핵까지 얼어붙은(말 그대로) 세계입니다. 이 행성들은^#666666;모드의 방어구를 다루는 책.^reset;행성들만큼이나 차갑지만, 훨씬 더 심각합니다. 이 행성들은 너무나도 차가워서, 핵에 액체 질소가 존재할 정도입니다.^blue;얼어붙은 별^reset;또는^red;불타는 별^reset;을 살펴보세요, 그곳에 이 행성이 있을 것입니다.
/codex/wiki/ivguidebiomes.codex	/contentPages/3	/contentPages/3	pointer-string	"^#02da06;Nuclear Wasteland^reset;
The ^#02da06;nuclear wasteland^reset; is a planet that is ^red;severely irradiated^reset;. These planets were polluted with nuclear radiation after many uses of nuclear power plants. No matter how deep you go, there will always be strong levels of radiation."	^#02da06;핵 폐기물 지대^reset;어둠의 심연^#02da06;핵 폐기물 지대^reset;는^red;심각하게 방사능에 오염된^reset;행성입니다. 이 행성들은 수많은 원자력 발전소 사용 후 방사능으로 오염되었습니다. 얼마나 깊이 들어가든, 항상 강한 방사능 수치가 존재할 것입니다.
/codex/wiki/ivguidegettingstarted.codex	/description	/description	pointer-string	A book that gives you basic directions.	기본적인 방향을 알려주는 책.
/codex/wiki/ivguidegettingstarted.codex	/contentPages/0	/contentPages/0	pointer-string	^green;Starting the new story-line^white;: Defeat any Vault Guardian. You should be given an item that is essential to crafting the Ancient Forge. It will have a crafting recipe for the Bossvault Door. Proceed through the world that you enter through that door.	^green;새로운 스토리 라인 시작^white;: 어떤 보관소 수호자를 물리치세요. 고대 대장간 제작에 필수적인 아이템을 받을 것입니다. 그것은 보스보관소 문을 제작하는 레시피를 가지고 있을 것입니다. 그 문을 통해 들어가는 세계를 진행하세요.
/codex/wiki/ivguidegettingstarted.codex	/contentPages/1	/contentPages/1	pointer-string	^green;After the Ruinbuster^white;: Go to the outpost and talk to the Mysterious Trader(a person in a red robe). He will give you a series of quests to collect the elemental artifacts.	^green;폐허 파괴자 이후^white;: 전초기지로 가서 신비한 상인(빨간 로브를 입은 사람)과 대화하세요. 그는 원소 유물을 모으는 일련의 퀘스트를 줄 것입니다.
/codex/wiki/ivguidegettingstarted.codex	/contentPages/2	/contentPages/2	pointer-string	Explore the universe. You may discover something new.	우주를 탐험하세요. 새로운 것을 발견할지도 모릅니다.
/codex/wiki/ivguideitems.codex	/description	/description	pointer-string	A book covering the materials and general items of the mod.	모드의 재료와 일반 아이템을 다루는 책.
/codex/wiki/ivguideitems.codex	/contentPages/0	/contentPages/0	pointer-string	"Ancient Fragments(ID - ancientfragment)
Dropped by The Ancient One
Used for -
Ancient Blocks
Ancient Grenade
Dark Matter Ore(ID - darkmatterore)
Found deep in any vanilla planet(not found on FU-type planets).
Used for - Dark Matter Bars
Dark Matter Bars(ID - darkmatterbar)
Crafted from - 2 Dark Matter Ore
Used for -
Dark Matter Core
Dark Matter Pickaxe"	"고대 파편(아이디 - ancientfragment)
고대인에게서 드랍됨
사용처 -
고대 블록
고대 수류탄
암흑 물질 광석(아이디 - darkmatterore)
모든 기본 행성 깊은 곳에서 발견됨(FU 유형 행성에서는 발견되지 않음).
사용처 - 암흑 물질 바
암흑 물질 바(아이디 - darkmatterbar)
암흑 물질 광석 2개로 제작됨
사용처 -
암흑 물질 코어
암흑 물질 곡괭이"
/codex/wiki/ivguideitems.codex	/contentPages/1	/contentPages/1	pointer-string	"Crafted at - Tier 3 Furnace
Dark Matter Core(ID - darkmattercore)
Rare drop from The Ancient One
-OR-
Crafted from - 20 Dark Matter Bars and a Fusion Core
Crafted at - Tier 3 Furnace
Used for - Black Hole Cannon
Fusion Core(ID - fusioncore)
Dropped by The Ancient One
Used for - Dark Matter Core
Abyss Shard(ID - abyssshard)
Found in the ^#666666;dark abyss^reset; biome.
Used for - Abyss Bar"	"제작 장소 - 3단계 용광로
암흑 물질 코어(아이디 - darkmattercore)
고대인에게서 드랍됨
-또는-
암흑 물질 바 20개와 융합 코어로 제작됨
제작 장소 - 3단계 용광로
사용처 - 블랙홀 캐논
융합 코어(아이디 - fusioncore)
고대인에게서 드랍됨
사용처 - 암흑 물질 코어
심연 조각(아이디 - abyssshard)^#666666;모드의 방어구를 다루는 책.^reset;생물 군계에서 발견됨.
사용처 - 심연 바"
/codex/wiki/ivguideitems.codex	/contentPages/2	/contentPages/2	pointer-string	"Abyss Bar(ID - abyssbar)
Crafted from -
2 Abyss Shards
1 Liquid Abyss
Crafted at - Tier 3 Furnace
Used for - Fabric Bar Alloy
Liquid Fabric(ID - liquidfabric)
Found near the core of the ^#666666;dark abyss^reset;.
Used for - Fabric Bar Alloy"	"심연 바(아이디 - abyssbar)
제작 재료 -
심연 조각 2개
액체 심연 1개
제작 장소 - 3단계 용광로
사용처 - 직물 바 합금
액체 직물(아이디 - liquidfabric)^#666666;모드의 방어구를 다루는 책.^reset;의 핵 근처에서 발견됨.
사용처 - 직물 바 합금"
/codex/wiki/ivguideitems.codex	/contentPages/3	/contentPages/3	pointer-string	"Liquid Abyss(ID - liquidabyss)
Found deep in the ^#666666;dark abyss^reset;.
Used for - Abyss Bar
Fabric Bar Alloy
Crafted from -
2 Liquid Fabric
1 Abyss Bar
Used for - ^#151325;The ^#2c1919;F^#361e1e;a^#402424;br^#361e1e;i^#2b1919;c ^#291f40;R^#3b2c5b;i^#50446e;pp^#3b2c5b;e^#291f40;r^reset;
Ancient Core(ID - ancientcore)
Crafted from -
500 Ancient Essence
1 Refined Violium
Crafted at - Tier 3 Furnace
Used for - ^orange;The Gamma-Ray Burst^reset;"	"액체 심연(아이디 - liquidabyss)^#666666;모드의 방어구를 다루는 책.^reset;의 깊은 곳에서 발견됨.
사용처 - 심연 바
직물 바 합금
제작 재료 -
액체 직물 2개
심연 바 1개
사용처 -^#151325;그^#2c1919;f^#361e1e;a^#402424;br^#361e1e;i^#2b1919;c^#291f40;r^#3b2c5b;i^#50446e;pp^#3b2c5b;e^#291f40;r^reset;고대 코어(아이디 - ancientcore)
제작 재료 -
고대 정수 500개
정제된 바이올리움 1개
제작 장소 - 3단계 용광로
사용처 -^orange;감마선 폭발^reset;"
/codex/wiki/ivguideitems.codex	/contentPages/4	/contentPages/4	pointer-string	"Cyber Core(ID - cybercore)
Dropped by - Omega the Quantum Sentry
^red;Dark Matter Pickaxe^reset;(ID - darkmatterpickaxe)
At Architect's Table; Recipe -
10 Dark Matter Bars
20 Iron Bars
5 Solarium Stars"	"사이버 코어(아이디 - cybercore)
드랍처 - 퀀텀 센트리 오메가^red;암흑 물질 곡괭이^reset;(아이디 - darkmatterpickaxe)
건축가의 테이블에서; 레시피 -
암흑 물질 바 10개
철 바 20개
솔라리움 별 5개"
/codex/wiki/ivguidemonsters.codex	/description	/description	pointer-string	A book covering the monsters of the mod.	이 모드의 몬스터를 다룬 책.
/codex/wiki/ivguidemonsters.codex	/contentPages/0	/contentPages/0	pointer-string	"Abysspod(ID - abysspod)
The abysspod is the dark variant of the pteropod, and near players, it will shoot special projectiles that shoot more projectiles. They are normally encountered in the ^#666666;dark abyss^reset; planet. Currently, there is no collection associated with this monster.
Health - 48
Resistant to - Abyss
Weakened by - Ion"	"심연포드(아이디 - abysspod)
심연포드는 테로포드의 어두운 변종이며, 플레이어 근처에서 더 많은 발사체를 발사하는 특수 발사체를 발사합니다. 이들은 주로^#666666;모드의 방어구를 다루는 책.^reset;행성에서 발견됩니다. 현재 이 몬스터와 관련된 컬렉션은 없습니다.
체력 - 48
저항 - 심연
약점 - 이온"
/codex/wiki/ivguidemonsters.codex	/contentPages/1	/contentPages/1	pointer-string	"Abyss Wisp(ID - abysswisp)
The abyss wisp is the dark variant of the wisper, and near players, it will shoot abyss shots. They are normally encountered in the ^#666666;dark abyss^reset; planet. Currently, there is no collection associated with this monster.
Health - 30
Resistant to - Abyss
Weakened by - Ion"	"심연 위습(아이디 - abysswisp)
심연 위습은 위스퍼의 어두운 변종이며, 플레이어 근처에서 심연 발사체를 발사합니다. 이들은 주로^#666666;모드의 방어구를 다루는 책.^reset;행성에서 발견됩니다. 현재 이 몬스터와 관련된 컬렉션은 없습니다.
체력 - 30
저항 - 심연
약점 - 이온"
/codex/wiki/ivguidemonsters.codex	/contentPages/2	/contentPages/2	pointer-string	"Dark Batong(ID - darkbatong)
The dark batong is the dark variant of the batong, behaving exactly like a batong. They are normally encountered in the ^#666666;dark abyss^reset; planet. Currently, there is no collection associated with this monster.
Health - 50
Resistant to - Abyss
Weakened by - Ion"	"어둠의 바통(아이디 - darkbatong)
어둠의 바통은 바통의 어두운 변종이며, 바통처럼 행동합니다. 이들은 주로^#666666;모드의 방어구를 다루는 책.^reset;행성에서 발견됩니다. 현재 이 몬스터와 관련된 컬렉션은 없습니다.
체력 - 50
저항 - 심연
약점 - 이온"
/codex/wiki/ivguidemonsters.codex	/contentPages/3	/contentPages/3	pointer-string	"Dark Fennix(ID - darkfennix)
The dark fennix is the dark variant of the fennix, and it shoots abyss fire near the player. They are normally encountered in the ^#666666;dark abyss^reset; planet. Currently, there is no collection associated with this monster.
Health - 50
Resistant to - Abyss
Weakened by - Ion"	"어둠의 펜닉스(아이디 - darkfennix)
어둠의 펜닉스는 펜닉스의 어두운 변종이며, 플레이어 근처에서 심연 불을 발사합니다. 이들은 주로^#666666;모드의 방어구를 다루는 책.^reset;행성에서 발견됩니다. 현재 이 몬스터와 관련된 컬렉션은 없습니다.
체력 - 50
저항 - 심연
약점 - 이온"
/codex/wiki/ivguidemonsters.codex	/contentPages/4	/contentPages/4	pointer-string	"Dark Ignome(ID - darkignome)
The dark ignome is the dark variant of the ignome, and it attempts to ram at the player when hostile. They are normally encountered in the ^#666666;dark abyss^reset; planet. Currently, there is no collection associated with this monster.
Health - 50
Resistant to - Abyss
Weakened by - Ion"	"어둠의 이그놈(아이디 - darkignome)
어둠의 이그놈은 이그놈의 어두운 변종이며, 적대적일 때 플레이어에게 돌진하려고 합니다. 이들은 주로^#666666;모드의 방어구를 다루는 책.^reset;행성에서 발견됩니다. 현재 이 몬스터와 관련된 컬렉션은 없습니다.
체력 - 50
저항 - 심연
약점 - 이온"
/codex/wiki/ivguidemonsters.codex	/contentPages/5	/contentPages/5	pointer-string	"Darkoise(ID - darkoise)
The darkoise is the dark variant of the crustoise, and it attempts to ram at the player when hostile. They are normally encountered in the ^#666666;dark abyss^reset; planet. Currently, there is no collection associated with this monster.
Health - 50
Resistant to - Abyss
Weakened by - Ion"	"어둠의 크루스토이스(아이디 - darkoise)
어둠의 크루스토이스는 크루스토이스의 어두운 변종이며, 적대적일 때 플레이어에게 돌진하려고 합니다. 이들은 주로^#666666;모드의 방어구를 다루는 책.^reset;행성에서 발견됩니다. 현재 이 몬스터와 관련된 컬렉션은 없습니다.
체력 - 50
저항 - 심연
약점 - 이온"
/codex/wiki/ivguidemonsters.codex	/contentPages/6	/contentPages/6	pointer-string	"Darkpin(ID - darkpin)
The darkpin is the dark variant of the pulpin, and it rapidly shoots abyss fire at the player when hostile. They are normally encountered in the ^#666666;dark abyss^reset; planet. Currently, there is no collection associated with this monster.
Health - 40
Resistant to - Abyss
Weakened by - Ion"	"어둠의 풀핀(아이디 - darkpin)
어둠의 풀핀은 풀핀의 어두운 변종이며, 적대적일 때 플레이어에게 심연 불을 빠르게 발사합니다. 이들은 주로^#666666;모드의 방어구를 다루는 책.^reset;행성에서 발견됩니다. 현재 이 몬스터와 관련된 컬렉션은 없습니다.
체력 - 40
저항 - 심연
약점 - 이온"
/codex/wiki/ivguidemonsters.codex	/contentPages/7	/contentPages/7	pointer-string	"Lost Soul(IDs - apexlostsoul, avianlostsoul, floranlostsoul, humanlostsoul, and hylotllostsoul)
You know what I said earlier about the screaming in the ^#666666;dark abyss^reset;? Yep! They exist. Their behavior is exactly like the Spookit, and they appear in 5 variants. They are encountered in the ^#666666;dark abyss^reset; planet. Currently, there is no collection associated with this monster.
Health - 45
Resistant to - Physical
Weakened by - None"	잃어버린 영혼(IDs - apexlostsoul, avianlostsoul, floranlostsoul, humanlostsoul, and hylotllostsoul) 전에 내가 비명에 대해 말했던 거 기억나?^#666666;모드의 방어구를 다루는 책.^reset;? 맞아! 그들은 존재해. 그들의 행동은 Spookit과 똑같고, 5가지 변종으로 나타나. 그들은^#666666;모드의 방어구를 다루는 책.^reset;행성에서 만나게 돼. 현재 이 몬스터와 관련된 수집품은 없어. 체력 - 45 저항 - 물리 약점 - 없음
/codex/wiki/ivguidemonsters.codex	/contentPages/8	/contentPages/8	pointer-string	"Flying Golem(ID - golemflying)
Not what you think they are. These monsters will initially take on the appearance of a pile of rocks. It will then transform into its attack form and will try to kill you. They can be found in the ^#666666;dark abyss^reset; planet. Currently, there is no collection associated with this monster.
Health - 80
Resistant to - Fire
Weakened by - Poison"	비행 골렘(ID - golemflying) 네가 생각하는 그런 게 아니야. 이 몬스터들은 처음에는 바위 더미처럼 보일 거야. 그러고 나서 공격 형태로 변신해서 널 죽이려고 할 거야. 그들은^#666666;모드의 방어구를 다루는 책.^reset;행성에서 발견돼. 현재 이 몬스터와 관련된 수집품은 없어. 체력 - 80 저항 - 불 약점 - 독
/codex/wiki/ivguidemonsters.codex	/contentPages/9	/contentPages/9	pointer-string	"Ancient Drone(ID - ancientdrone)
The ancient drone is a minion created by the Ancient One. They will attempt to swoop down at the player.
Health - 48
Resistant to - None
Weakened by - None"	고대 드론(ID - ancientdrone) 고대 드론은 고대의 존재가 만든 하수인이야. 그들은 플레이어에게 돌진하려고 할 거야. 체력 - 48 저항 - 없음 약점 - 없음
/codex/wiki/ivguidemonsters.codex	/contentPages/10	/contentPages/10	pointer-string	"Ancient Sentry(ID - ancientsentry)
The ancient sentry is a minion created by the Ancient One. They behave exactly like the kluex sentry.
Health - 60
Resistant to - None
Weakened by - None"	고대 경비병(ID - ancientsentry) 고대 경비병은 고대의 존재가 만든 하수인이야. 그들은 Kluex 경비병과 똑같이 행동해. 체력 - 60 저항 - 없음 약점 - 없음
/codex/wiki/ivguidemonsters.codex	/contentPages/11	/contentPages/11	pointer-string	"Ancient Totem(ID - ancienttotem)
The ancient totem is a minion created by the Ancient One. They behave exactly like the kluex totem.
Health - 250
Resistant to - None
Weakened by - None"	고대 토템(ID - ancienttotem) 고대 토템은 고대의 존재가 만든 하수인이야. 그들은 Kluex 토템과 똑같이 행동해. 체력 - 250 저항 - 없음 약점 - 없음
/codex/wiki/ivguidemonsters.codex	/contentPages/12	/contentPages/12	pointer-string	"Explosive Quantum Minion(ID - explosivedestroyerminion)
The explosive quantum minion is a minion created by the Quantum Sentry. It will shoot explosive projectiles at the player.
Health - 3
Resistant to - None
Weakened by - None"	폭발성 양자 하수인(ID - explosivedestroyerminion) 폭발성 양자 하수인은 양자 경비병이 만든 하수인이야. 그들은 플레이어에게 폭발성 발사체를 쏠 거야. 체력 - 3 저항 - 없음 약점 - 없음
/codex/wiki/ivguidemonsters.codex	/contentPages/13	/contentPages/13	pointer-string	"Ranged Quantum Minion(ID - rangeddestroyerminion)
The ranged quantum minion is a minion created by the Quantum Sentry. It will shoot projectiles at the player.
Health - 3
Resistant to - None
Weakened by - None"	원거리 양자 하수인(ID - rangeddestroyerminion) 원거리 양자 하수인은 양자 경비병이 만든 하수인이야. 그들은 플레이어에게 발사체를 쏠 거야. 체력 - 3 저항 - 없음 약점 - 없음
/codex/wiki/ivguidemonsters.codex	/contentPages/14	/contentPages/14	pointer-string	"Melee Quantum Minion(ID - meleedestroyerminion)
The melee quantum minion is a minion created by the Quantum Sentry. It will swoop down at the player.
Health - 48
Resistant to - None
Weakened by - None"	근접 양자 하수인(ID - meleedestroyerminion) 근접 양자 하수인은 양자 경비병이 만든 하수인이야. 그들은 플레이어에게 돌진할 거야. 체력 - 48 저항 - 없음 약점 - 없음
/codex/wiki/ivguidemonsters.codex	/contentPages/15	/contentPages/15	pointer-string	"Orbital Quantum Minion(ID - orbitaldestroyerminion)
The orbital quantum minion is a minion created by the Quantum Sentry. It will orbit around the Quantum Sentry and shoot projectiles at the player.
Health - 48
Resistant to - None
Weakened by - None"	궤도 양자 하수인(ID - orbitaldestroyerminion) 궤도 양자 하수인은 양자 경비병이 만든 하수인이야. 그들은 양자 경비병 주위를 돌며 플레이어에게 발사체를 쏠 거야. 체력 - 48 저항 - 없음 약점 - 없음
/codex/wiki/ivguidemonsters.codex	/contentPages/16	/contentPages/16	pointer-string	"Ancient Fragment(monster)(ID - ancientfragment)
The ancient fragment, not to be confused with the item, is a minion created by the Ancient One that orbits around the boss shooting projectiles at the player.
Health - 48
Resistant to - None
Weakened by - None"	고대 파편(몬스터)(ID - ancientfragment) 아이템과 혼동하지 마. 고대 파편은 고대의 존재가 만든 하수인으로, 보스 주위를 돌며 플레이어에게 발사체를 쏠 거야. 체력 - 48 저항 - 없음 약점 - 없음
/codex/wiki/ivguidemonsters.codex	/contentPages/17	/contentPages/17	pointer-string	"Drone of Terror(ID - cybermini)
The drone of terror is a minion created by the Bot of Terror that will fly at the player.
Health - 80
Resistant to - None
Weakened by - None"	공포의 드론(ID - cybermini) 공포의 드론은 공포의 봇이 만든 하수인으로, 플레이어에게 날아갈 거야. 체력 - 80 저항 - 없음 약점 - 없음
/codex/wiki/ivguidemonsters.codex	/contentPages/18	/contentPages/18	pointer-string	"The Ancient One(ID - ancientboss)
The Ancient One is a boss monster that is tier 10 and can be encountered in the Limbo Dimension.
Health - 12375
Resistant to - None
Weakened by - None
Attacks -
Delayed Plasma - Circles around the player, spawning auto-targeting plasma shots for 5 seconds.
Swoop - Swoops down at the player like how Dreadwing does it.
Minions - Spawns an ancient drone, ancient sentry, or ancient"	고대의 존재(ID - ancientboss) 고대의 존재는 10단계 보스 몬스터로, 림보 차원에서 만나게 돼. 체력 - 12375 저항 - 없음 약점 - 없음 공격 - 지연된 플라즈마 - 플레이어 주위를 돌며 5초 동안 자동 조준 플라즈마 샷을 생성해. 돌진 - Dreadwing처럼 플레이어에게 돌진해. 하수인 - 고대 드론, 고대 경비병, 또는 고대
/codex/wiki/ivguidemonsters.codex	/contentPages/19	/contentPages/19	pointer-string	"The Ancient One - continued
totem(that's what they're literally called)
Slam - Moves above the player before slamming into the ground. Again like how Dreadwing does it.
Teleport - Teleports randomly around the arena.
Ancient Pulse - Sweeps across the arena and shoots ancient pulses downwards
Rapid Delayed Plasma - Shoots plasma at the player rapidly for 10 seconds.
Rainbow Shots - Shoots a lot of cell blast projectiles at the player."	고대의 존재 - 계속 토템(그게 그들의 실제 이름이야)을 소환해. 강타 - 플레이어 위로 이동한 후 땅에 강타해. 역시 Dreadwing처럼. 순간이동 - 경기장 주위를 무작위로 순간이동해. 고대 펄스 - 경기장을 가로질러 고대 펄스를 아래로 쏴. 빠른 지연 플라즈마 - 10초 동안 플레이어에게 빠르게 플라즈마를 쏴. 무지개 샷 - 플레이어에게 많은 셀 블라스트 발사체를 쏴.
/codex/wiki/ivguidemonsters.codex	/contentPages/20	/contentPages/20	pointer-string	"The Ancient One - cont. 2
Laser Attack - Shoots laser beams at the player in different patterns similar to the Erchius Horror.
Drops -
Fusion Core(100%)
Dark Matter Core(rare)
Ancient Fragment(many)
Ancient Essence(100%)"	고대의 존재 - 계속 2 레이저 공격 - Erchius Horror와 비슷한 패턴으로 플레이어에게 레이저 빔을 쏴. 드롭 - 융합 코어(100%) 암흑 물질 코어(희귀) 고대 파편(많이) 고대 정수(100%)
/codex/wiki/ivguidemonsters.codex	/contentPages/21	/contentPages/21	pointer-string	"Omega the Quantum Sentry(ID - truedestroyer)
Omega the Quantum Sentry is a boss monster that is tier 10 and is encountered in the Limbo Dimension.
Health - 29700
Resistant to - None
Weakened by - None
Attacks -
Delayed Plasma - Rapidly shoots balls of plasma at the player.
Swoop - Swoops down at the player.
Minions - Explosive Quantum Minion, Melee Quantum Minion, Ranged Quantum Minion, and Orbital Quantum"	오메가 양자 경비병(ID - truedestroyer) 오메가 양자 경비병은 10단계 보스 몬스터로, 림보 차원에서 만나게 돼. 체력 - 29700 저항 - 없음 약점 - 없음 공격 - 지연된 플라즈마 - 플레이어에게 빠르게 플라즈마 구슬을 쏴. 돌진 - 플레이어에게 돌진해. 하수인 - 폭발성 양자 하수인, 근접 양자 하수인, 원거리 양자 하수인, 그리고 궤도 양자
/codex/wiki/ivguidemonsters.codex	/contentPages/22	/contentPages/22	pointer-string	"Omega the Quantum Sentry - continued
Minion.
Teleport - Teleports around.
Mega Laser - Shoots a giant laser.
Swoop Volley - Performs three swoops in quick succession.
Plasma - Similar to the delayed plasma, but with different projectiles.
Drops -
^green;Super Redeemer^reset;(100%)
^red;Black Hole Cannon^reset;(rare)
Cyber Core(100%)"	오메가 양자 경비병 - 계속 하수인. 순간이동 - 주위를 순간이동해. 메가 레이저 - 거대한 레이저를 쏴. 돌진 연속 공격 - 빠르게 세 번 돌진해. 플라즈마 - 지연된 플라즈마와 비슷하지만 다른 발사체를 사용해. 드롭 -^green;슈퍼 리디머^reset;(100%)^red;블랙홀 캐논^reset;(희귀) 사이버 코어(100%)
/codex/wiki/ivguidemonsters.codex	/contentPages/23	/contentPages/23	pointer-string	"Bot of Terror(ID - cyberboss)
The Bot of Terror or B.O.T. is the current final boss of this mod. It can be encountered in the Robot Facility.
Health - 59400
Resistant to - Mega Damage
Weakened by - None
Attacks -
Missile Attack - Shoots homing missiles at the player.
Laser Attack - Shoots two laser beams that sweep the arena.
Minion Attack - Summons Drones of Terror.
Richochet Attack - Shoots 1 to 2 really"	공포의 봇(ID - cyberboss) 공포의 봇 또는 B.O.T.는 이 모드의 현재 최종 보스야. 로봇 시설에서 만나게 돼. 체력 - 59400 저항 - 메가 데미지 약점 - 없음 공격 - 미사일 공격 - 플레이어에게 유도 미사일을 쏴. 레이저 공격 - 경기장을 가로지르는 두 개의 레이저 빔을 쏴. 하수인 공격 - 공포의 드론을 소환해. 리코셰 공격 - 경기장을 돌아다니는 1~2개의 정말
/codex/wiki/ivguidemonsters.codex	/contentPages/24	/contentPages/24	pointer-string	"Bot of Terror - continued
fast projectiles that bounce around the arena.
Tesla Attack - Rapidly shoots lightning at the player.
Drops -
Tons of pixels(100%)
^blue;Super Tesla^reset;(100%)"	공포의 봇 - 계속 빠른 발사체를 쏴. 테슬라 공격 - 플레이어에게 빠르게 번개를 쏴. 드롭 - 많은 픽셀(100%)^blue;슈퍼 테슬라^reset;(100%)
/codex/wiki/ivguidemonsters.codex	/contentPages/25	/contentPages/25	pointer-string	"Ancient Avatar(ID - ancientavatarstatue and/or ancientavatar)
The Ancient Avatar is essentially a reskin of the Kluex Avatar. It has the exact same attacks except for some new ones.
Health - 148500
New Attacks -
Ancient - Shoots ancient plasma balls a the player.
Poison - Spawns poison clouds that rain down poison.
Electric - Shoots lightning bolts downwards that eventually explode"	고대 아바타(ID - ancientavatarstatue 및/또는 ancientavatar) 고대 아바타는 Kluex 아바타의 리스킨이야. 몇 가지 새로운 공격을 제외하고는 똑같은 공격을 해. 체력 - 148500 새로운 공격 - 고대 - 플레이어에게 고대 플라즈마 구슬을 쏴. 독 - 독 구름을 생성해 독을 내리게 해. 전기 - 번개를 아래로 쏴서 결국 더 많은 번개로 폭발해.
/codex/wiki/ivguidemonsters.codex	/contentPages/26	/contentPages/26	pointer-string	"Ancient Avatar - continued
into more lightning bolts.
Drops -
^orange;Ancient Blaze^reset;"	고대 아바타 - 계속 드롭 -^orange;고대 불꽃^reset;
/codex/wiki/ivguidemonsters.codex	/contentPages/27	/contentPages/27	pointer-string	"Eye of the Supervoid(ID - error)
codex.ivguidemonsters.supervoidboss.entrydescription
Resistant to - (null)
Weakened by - (null)
Attacks -
codex.ivguidemonsters.supervoidboss.attacks
Drops -
codex.ivguidemonsters.supervoidboss.loot"	슈퍼보이드의 눈(ID - error) codex.ivguidemonsters.supervoidboss.entrydescription 저항 - (null) 약점 - (null) 공격 - codex.ivguidemonsters.supervoidboss.attacks 드롭 - codex.ivguidemonsters.supervoidboss.loot
/codex/wiki/ivguideweapons.codex	/description	/description	pointer-string	A book covering the weapons of the mod.	이 모드의 무기를 다룬 책.
/codex/wiki/ivguideweapons.codex	/contentPages/0	/contentPages/0	pointer-string	" 





        You are currently looking at the        weapons section of the wiki."	너는 현재 위키의 무기 섹션을 보고 있어.
/codex/wiki/ivguideweapons.codex	/contentPages/1	/contentPages/1	pointer-string	"     --(TABLE OF CONTENTS)--  ^yellow;NEW!^reset;
^cyan;Handheld Ion Cannon^reset; - Page 2
^magenta;Little Destroyer^reset; - Page 3
^magenta;Big Destroyer^reset; - Page 4
^#ffffdd;Ancient Grenade^reset; - Page 5
^orange;The Gamma-Ray Burst^reset; - Page 6
^#151325;The ^#2c1919;F^#361e1e;a^#402424;br^#361e1e;i^#2b1919;c ^#291f40;R^#3b2c5b;i^#50446e;pp^#3b2c5b;e^#291f40;r^reset; - Page 7
^red;Black Hole Cannon^reset; - Page 8
^green;Super Redeemer^reset; - Page 9
^magenta;Ancient Bow^reset; - Page 10
^blue;Super Tesla^reset; - Page 11
^orange;Ancient Blaze^reset; - Page 12
^magenta;Gatling Destroyer^reset; - Page 13
^magenta;Ancient Railgun^reset; - Page 14
^blue;Electric Artifact^reset; - Page 15"	--(목차)--^yellow;NEW!^reset;^cyan;핸드헬드 이온 캐논^reset;- 2페이지^magenta;리틀 디스트로이어^reset;- 3페이지^magenta;빅 디스트로이어^reset;- 4페이지^#ffffdd;고대 수류탄^reset;- 5페이지^orange;감마선 폭발^reset;- 6페이지^#151325;그^#2c1919;f^#361e1e;a^#402424;br^#361e1e;i^#2b1919;c^#291f40;r^#3b2c5b;i^#50446e;pp^#3b2c5b;e^#291f40;r^reset;- 7페이지^red;블랙홀 캐논^reset;- 8페이지^green;슈퍼 리디머^reset;- 9페이지^magenta;고대 활^reset;- 10페이지^blue;슈퍼 테슬라^reset;- 11페이지^orange;고대 불꽃^reset;- 12페이지^magenta;개틀링 디스트로이어^reset;- 13페이지^magenta;고대 레일건^reset;- 14페이지^blue;전기 유물^reset;- 15페이지
/codex/wiki/ivguideweapons.codex	/contentPages/2	/contentPages/2	pointer-string	"^orange;Fire Artifact^reset; - Page 16
^cyan;Ice Artifact^reset; - Page 17"	^orange;불 유물^reset;- 16페이지^cyan;얼음 유물^reset;- 17페이지
/codex/wiki/ivguideweapons.codex	/contentPages/3	/contentPages/3	pointer-string	"^blue;Changed!^reset; ^cyan;Handheld Ion Cannon^reset;(ID - handheldioncannon)
Damage - 90
Energy per Sec - 30
Beam Range - 50
Alt Ability - Ion Grenade
At Accelerator; Recipe - 
15 Refined Aegisalt
4 Batteries
15 Refined Ferozium
5 Static Cells
20 Solarium Stars
The ^cyan;Handheld Ion Cannon^reset; is a beam gun that is tier 10(might be decreased later), and it has its own element, ion."	^blue;변경됨!^reset;^cyan;핸드헬드 이온 캐논^reset;(ID - handheldioncannon) 데미지 - 90 초당 에너지 - 30 빔 사거리 - 50 보조 능력 - 이온 수류탄 가속기에서; 레시피 - 15 정제된 에이지솔트 4 배터리 15 정제된 페로지움 5 정전기 셀 20 솔라리움 스타^cyan;핸드헬드 이온 캐논^reset;는 10단계 빔 건이야(나중에 감소할 수도 있음), 그리고 이온이라는 고유한 원소를 가지고 있어.
/codex/wiki/ivguideweapons.codex	/contentPages/4	/contentPages/4	pointer-string	"^blue;Changed!^reset; ^magenta;Little Destroyer^reset;(ID - ancientpistol)
Damage - 6.6
Energy per Sec - 20
Fire Rate - 9
At Ancient Forge; Recipe -
25 Ancient Blocks
50 Ancient Essence
5 Solarium Stars
The ^magenta;Little Destroyer^reset; is a laser pistol that rapidly shoots explosive laser projectiles and is tier 10."	^blue;변경됨!^reset;^magenta;리틀 디스트로이어^reset;(ID - ancientpistol) 데미지 - 6.6 초당 에너지 - 20 발사 속도 - 9 고대 대장간에서; 레시피 - 25 고대 블록 50 고대 정수 5 솔라리움 스타^magenta;리틀 디스트로이어^reset;는 폭발성 레이저 발사체를 빠르게 쏘는 레이저 권총이며, 10단계야.
/codex/wiki/ivguideweapons.codex	/contentPages/5	/contentPages/5	pointer-string	"^blue;Changed!^reset; ^magenta;Big Destroyer^reset;(ID - ancientrifle)
Damage - 11
Energy per Sec - 20
Fire Rate - 10
Alt Ability - Ancient Grenade
At Ancient Forge; Recipe -
40 Ancient Blocks
80 Ancient Essence
10 Solarium Stars
1 Ancient Grenade
The ^magenta;Big Destroyer^reset; is a laser assault rifle that rapidly shoots explosive laser projectiles and is tier 10. It can also launch ancient grenades."	^blue;변경됨!^reset;^magenta;빅 디스트로이어^reset;(ID - ancientrifle) 데미지 - 11 초당 에너지 - 20 발사 속도 - 10 보조 능력 - 고대 수류탄 고대 대장간에서; 레시피 - 40 고대 블록 80 고대 정수 10 솔라리움 스타 1 고대 수류탄^magenta;빅 디스트로이어^reset;는 폭발성 레이저 발사체를 빠르게 쏘는 레이저 돌격 소총이며, 10단계야. 또한 고대 수류탄을 발사할 수 있어.
/codex/wiki/ivguideweapons.codex	/contentPages/6	/contentPages/6	pointer-string	"^#ffffdd;Ancient Grenade^reset;(ID - ancientgrenade)
Damage - 40
^blue;Changed!^reset; At Ancient Forge; Recipe -
1 Ancient Essence
1 Ancient Fragment
An Ancient Grenade is a kind of grenade that is tier 10 and can cause damage to terrain. ^magenta;Big Destroyer^reset;'s alt ability is submitted by ^green;terrathedragon^reset;."	^#ffffdd;고대 수류탄^reset;(ID - ancientgrenade) 데미지 - 40^blue;변경됨!^reset;고대 대장간에서; 레시피 - 1 고대 정수 1 고대 파편 고대 수류탄은 10단계 수류탄의 일종으로, 지형에 피해를 줄 수 있어.^magenta;빅 디스트로이어^reset;의 보조 능력은^green;terrathedragon이 제출했어.^reset;를 유발할 수 있습니다.
/codex/wiki/ivguideweapons.codex	/contentPages/7	/contentPages/7	pointer-string	"^blue;Changed!^reset;^orange;The Gamma-Ray Burst^reset;(ID - ancientstaff)
Damage per Laser - 50
Energy per Sec - 62.5
Primary Ability - Laser Beam Shooter
Alt Ability - Supernova: Summons a projectile that explodes into a ton of lasers
At Ancient Forge; Recipe -
1 Ancient Core
50 Ancient Blocks
90 Ancient Essence
20 Solarium Stars
The ^orange;Gamma-Ray Burst^reset; is a staff that shoots laser beams and is tier 10."	^blue;변경됨!^reset;^orange;감마선 폭발^reset;(ID - ancientstaff) 레이저당 데미지 - 50 초당 에너지 - 62.5 기본 능력 - 레이저 빔 발사기 보조 능력 - 초신성: 수많은 레이저로 폭발하는 발사체를 소환해. 고대 대장간에서; 레시피 - 1 고대 코어 50 고대 블록 90 고대 정수 20 솔라리움 스타^orange;감마선 폭발^reset;는 레이저 빔을 쏘는 10단계 지팡이야.
/codex/wiki/ivguideweapons.codex	/contentPages/8	/contentPages/8	pointer-string	"^blue;Changed!^reset; ^#151325;The ^#2c1919;F^#361e1e;a^#402424;br^#361e1e;i^#2b1919;c ^#291f40;R^#3b2c5b;i^#50446e;pp^#3b2c5b;e^#291f40;r^reset;(ID - cosmicbroadsword)
Damage - 68.8
Swing Speed - 2
Alt Ability - Unstable Rift: Summons a bunch of astral tears
At Separator; Recipe -
9 Fabric Bars
10 Refined Violium
5 Solarium Stars
10 Iron Bars
The ^#2c1919;F^#361e1e;a^#402424;br^#361e1e;i^#2b1919;c ^#291f40;R^#3b2c5b;i^#50446e;pp^#3b2c5b;e^#291f40;r^reset; is an astro-themed sword that creates an unstable rift and is tier 10."	^blue;변경됨!^reset;^#151325;그^#2c1919;f^#361e1e;a^#402424;br^#361e1e;i^#2b1919;c^#291f40;r^#3b2c5b;i^#50446e;pp^#3b2c5b;e^#291f40;r^reset;(ID - cosmicbroadsword) 데미지 - 68.8 휘두르는 속도 - 2 보조 능력 - 불안정한 균열: 수많은 천체의 눈물을 소환해. 분리기에서; 레시피 - 9 직물 바 10 정제된 바이올리움 5 솔라리움 스타 10 철 바^#2c1919;f^#361e1e;a^#402424;br^#361e1e;i^#2b1919;c^#291f40;r^#3b2c5b;i^#50446e;pp^#3b2c5b;e^#291f40;r^reset;는 불안정한 균열을 만드는 천체 테마의 검이며, 10단계야.
/codex/wiki/ivguideweapons.codex	/contentPages/9	/contentPages/9	pointer-string	"^red;Black Hole Cannon^reset;(ID - blackholegun)
Damage - 124
Energy per Shot - 200
Fire Rate - 0.2
Alt Ability - Super Black Hole
At Accelerator; Recipe -
20 Refined Aegisalt
1 Dark Matter Core
15 Solarium Stars
20 Iron Bars
The ^red;Black Hole Cannon^reset; is a destructive black hole shooter that is tier 10. The alt ability shoots a bouncing black hole that eventually explodes."	^red;블랙홀 캐논^reset;(ID - blackholegun) 데미지 - 124 발사당 에너지 - 200 발사 속도 - 0.2 보조 능력 - 슈퍼 블랙홀 가속기에서; 레시피 - 20 정제된 에이지솔트 1 암흑 물질 코어 15 솔라리움 스타 20 철 바^red;블랙홀 캐논^reset;는 10단계의 파괴적인 블랙홀 발사기야. 보조 능력은 결국 폭발하는 튕기는 블랙홀을 쏴.
/codex/wiki/ivguideweapons.codex	/contentPages/10	/contentPages/10	pointer-string	"^green;Super Redeemer^reset;(ID - nuclearrocketlauncher)
Damage - 66
Energy per Shot - 36
Fire Rate - 0.7
Alt Ability - Super Fusion Shot
At Accelerator; Recipe -
20 Refined Aegisalt
1 Fusion Core
20 Solarium Stars
50 Iron Bars
20 Volatile Powder
The ^green;Super Redeemer^reset; is a rocket launcher that shoots fusion bubbles and is tier 10. Can create a mini-nuke."	^green;슈퍼 리디머^reset;(ID - nuclearrocketlauncher) 데미지 - 66 발사당 에너지 - 36 발사 속도 - 0.7 보조 능력 - 슈퍼 융합 샷 가속기에서; 레시피 - 20 정제된 에이지솔트 1 융합 코어 20 솔라리움 스타 50 철 바 20 휘발성 가루^green;슈퍼 리디머^reset;는 융합 거품을 쏘는 로켓 발사기이며, 10단계야. 미니 핵을 만들 수 있어.
/codex/wiki/ivguideweapons.codex	/contentPages/11	/contentPages/11	pointer-string	"^magenta;Ancient Bow^reset;(ID - ancientbow)
Highest Base Damage - 140.9
Energy per Shot - 30
^blue;Changed!^reset; At Ancient Forge; Recipe -
25 Ancient Blocks
10 Solarium Stars
1 Aegisalt Bow
100 Ancient Essence
The ^magenta;Ancient Bow^reset; is an aimbot bow that essentially shoots homing arrows. 'Cause what else would an aimbot bow do? Weapon is mostly submitted by ^green;hylotl chef^reset;."	"^magenta;고대 활^reset;(ID - ancientbow) 최고 기본 데미지 - 140.9 발사당 에너지 - 30^blue;변경됨!^reset;고대 대장간에서; 레시피 - 25 고대 블록 10 솔라리움 스타 1 에이지솔트 활 100 고대 정수^magenta;고대 활^reset;는 사실상 유도 화살을 쏘는 에임봇 활이야. 에임봇 활이 뭘 하겠어? 무기의 대부분은^green;해양 수호자 세트(아이디 - oceanguardianhead, oceanguardianchest, oceanguardianpants)
총 방어력 - +62
총 피해 배율 - +300%
총 에너지 - +60
총 체력 - +60
특수 - 질식 면역, 수영 이동성 증가; 제출자^reset;를 유발할 수 있습니다."
/codex/wiki/ivguideweapons.codex	/contentPages/12	/contentPages/12	pointer-string	"^blue;Changed!^reset; ^blue;Super Tesla^reset;(ID - lightninggun)
Damage - 30-270
Energy per Shot - 10-30
Alt Ability - Compressed Lightning Bolt: Shoots an electric rocket that explodes into a bunch of lightning
Dropped by - Bot of Terror
The ^blue;Super Tesla^reset; is a chargeable gun that shoots lightning."	^blue;변경됨!^reset;^blue;슈퍼 테슬라^reset;(ID - lightninggun) 데미지 - 30-270 발사당 에너지 - 10-30 보조 능력 - 압축 번개 볼트: 폭발해 번개로 변하는 전기 로켓을 쏴. 드롭 - 공포의 봇^blue;슈퍼 테슬라^reset;는 번개를 쏘는 충전식 총이야.
/codex/wiki/ivguideweapons.codex	/contentPages/13	/contentPages/13	pointer-string	"^blue;Changed!^reset; ^orange;Ancient Blaze^reset;(ID - ancienthammer)
Damage - 42.3
Alt Ability - Wall of Fire: Upgrade to fire pillar
Dropped by - Ancient Avatar
The ^orange;Ancient Blaze^reset; is a hammer that is both electric and fire."	^blue;변경됨!^reset;^orange;고대 불꽃^reset;(ID - ancienthammer) 데미지 - 42.3 보조 능력 - 불의 벽: 불 기둥으로 업그레이드 드롭 - 고대 아바타^orange;고대 불꽃^reset;는 전기와 불을 모두 사용하는 망치야.
/codex/wiki/ivguideweapons.codex	/contentPages/14	/contentPages/14	pointer-string	"^yellow;NEW!^reset; ^magenta;Gatling Destroyer^reset;(ID - ancientchaingun)
Damage - 0.7
Energy per Shot - 0.5
Fire Rate - 100
Alt Ability - Ancient Beam
At Ancient Forge; Recipe - 
50 Ancient Blocks
12 Solarium Stars
100 Ancient Essence
The ^magenta;Gatling Destroyer^reset; is a rapid firing chain gun that is tier 10. It also shoots a laser."	^yellow;NEW!^reset;^magenta;개틀링 디스트로이어^reset;(ID - ancientchaingun) 데미지 - 0.7 발사당 에너지 - 0.5 발사 속도 - 100 보조 능력 - 고대 빔 고대 대장간에서; 레시피 - 50 고대 블록 12 솔라리움 스타 100 고대 정수^magenta;개틀링 디스트로이어^reset;는 10단계의 빠르게 발사하는 체인건이야. 또한 레이저를 쏴.
/codex/wiki/ivguideweapons.codex	/contentPages/15	/contentPages/15	pointer-string	"^yellow;NEW! ^reset;^magenta;Ancient Railgun^reset;(ID - ancientrailgun)
Damage - 42
Energy per Shot - 30
Fire Rate - 0.7
Alt Ability - Homing Shot
At Ancient Forge; Recipe - 
40 Ancient Blocks
10 Solarium Stars
100 Ancient Essence
The ^magenta;Ancient Railgun^reset; is a sniper rifle that shoots lasers."	^yellow;NEW!^reset;^magenta;고대 레일건^reset;(ID - ancientrailgun) 데미지 - 42 발사당 에너지 - 30 발사 속도 - 0.7 보조 능력 - 유도 샷 고대 대장간에서; 레시피 - 40 고대 블록 10 솔라리움 스타 100 고대 정수^magenta;고대 레일건^reset;는 레이저를 쏘는 저격총이야.
/codex/wiki/ivguideweapons.codex	/contentPages/16	/contentPages/16	pointer-string	"^yellow;NEW!^reset; ^blue;Electric Artifact^reset;(ID - electricartifact)
Rewarded from Quest - ^#896bb3;The Electric Artifact^reset;
Primary Ability - Electrocution: Summons an orb that rapidly shoots lightning bolts
Alt Ability - Thunder Beam: Summons an orb that charges up a deadly laser beam
The ^blue;Electric Artifact^reset; is a powerful staff that is based off of the electric element."	^yellow;NEW!^reset;^blue;전기 유물^reset;(ID - electricartifact) 퀘스트 보상 -^#896bb3;전기 유물^reset;기본 능력 - 감전: 빠르게 번개를 쏘는 구체를 소환해. 보조 능력 - 번개 빔: 치명적인 레이저 빔을 충전하는 구체를 소환해.^blue;전기 유물^reset;는 전기 원소를 기반으로 한 강력한 지팡이야.
/codex/wiki/ivguideweapons.codex	/contentPages/17	/contentPages/17	pointer-string	"^yellow;NEW!^reset; ^orange;Fire Artifact^reset;(ID - fireartifact)
Rewarded from Quest - ^orange;The Fire Artifact^reset;
Combo - Up, Down, Down Shortsword, Orange Explosion, Ignite Ground
Alt Ability - Volcanic Eruption
The ^orange;Fire Artifact^reset; is a broadsword that can cause an area to essentially become a volcano."	^yellow;NEW!^reset;^orange;불 유물^reset;(ID - fireartifact) 퀘스트 보상 -^orange;불 유물^reset;콤보 - 위, 아래, 아래 쇼트소드, 오렌지 폭발, 지면 점화 보조 능력 - 화산 폭발^orange;불 유물^reset;는 사실상 지역을 화산으로 만드는 대검이야.
/codex/wiki/ivguideweapons.codex	/contentPages/18	/contentPages/18	pointer-string	"^yellow;NEW!^reset; ^cyan;Ice Artifact^reset;(ID - iceartifact)
Rewarded from Quest - ^#a6ceff;The Ice Artifact^reset;
The ^cyan;Ice Artifact^reset; is a chargeable gun that shoots ice blocks."	^yellow;NEW!^reset;^cyan;얼음 유물^reset;(ID - iceartifact) 퀘스트 보상 -^#a6ceff;얼음 유물^reset;어둠의 심연^cyan;얼음 유물^reset;는 얼음 블록을 쏘는 충전식 총이야.
/codex/wiki/ivguideweapons.codex	/contentPages/19	/contentPages/19	pointer-string	"^yellow;NEW!^reset; ^green;Poison Artifact^reset;(ID - poisonartifact)
Rewarded from Quest - ^green;The Poison Artifact^reset;
Combo - Down, Down Shortsword, Stab, Up, Down, Up, Up, Charge, Explosion
Alt Ability - Poison Shower: Summons a poisonous thunder storm to mess up your foes.
The ^green;Poison Artifact^reset; is a sword that is poison themed, and it is very powerful."	^yellow;NEW!^reset;^green;독 유물^reset;(ID - poisonartifact) 퀘스트 보상 -^green;독 유물^reset;콤보 - 아래, 아래 쇼트소드, 찌르기, 위, 아래, 위, 위, 충전, 폭발 보조 능력 - 독성 소나기: 적을 망가뜨리는 독성 번개 폭풍을 소환해.^green;독 유물^reset;는 독 테마의 검이며, 매우 강력해.
/codex/wiki/ivguideweapons.codex	/contentPages/20	/contentPages/20	pointer-string	"





        ^red;WARNING: SPOILERS INBOUND BEYOND THIS POINT!!! BE SURE TO COMPLETE THIS MOD BEFORE VIEWING THIS!!!"	^red;경고: 이 지점 이후로 스포일러가 포함되어 있어!!! 이 모드를 완료한 후에만 이 내용을 확인해!!!
/codex/wiki/ivguideweapons.codex	/contentPages/21	/contentPages/21	pointer-string	"^yellow;NEW!^reset; ^magenta;The Obliterator^reset;(ID - supervoidobliterator)
Rewarded from Quest - The ^magenta;Supervoid ^#333333;Eye ^reset;
Charge Times -
Instant: Supervoid Shot
0.33 Seconds: Supervoid Zot Orb
0.66 Seconds: Supervoid Shot Orb
1 Second: Supervoid Calamity Shot
Alt Ability - Singularity Grenade
The ^magenta;Obliterator^reset; is the most powerful weapon in this mod. If you ever wanted to call this thing the bane of the Supervoid Eye, you absolutely can!"	^yellow;NEW!^reset;^magenta;파괴자^reset;(ID - supervoidobliterator) 퀘스트 보상 -^magenta;슈퍼보이드^#333333;눈^reset;충전 시간 - 즉시: 슈퍼보이드 샷 0.33초: 슈퍼보이드 조트 오브 0.66초: 슈퍼보이드 샷 오브 1초: 슈퍼보이드 재앙 샷 보조 능력 - 특이점 수류탄^magenta;파괴자^reset;는 이 모드에서 가장 강력한 무기야. 이걸 슈퍼보이드의 눈의 천적이라고 부르고 싶다면, 당연히 그렇게 할 수 있어!
/interface/cockpit/cockpit.config.patch	/24/value/displayName	/24/value/displayName	patch-key-string	Dark Matter Ore	암흑 물질 광석
/interface/cockpit/cockpit.config.patch	/25/value/displayName	/25/value/displayName	patch-key-string	Umbrium Shard	엄브리움 조각
/interface/cockpit/cockpit.config.patch	/26/value/displayName	/26/value/displayName	patch-key-string	Lunarite Ore	루나라이트 광석
/interface/cockpit/cockpit.config.patch	/27/value/displayName	/27/value/displayName	patch-key-string	Infernium Ore	인페르늄 광석
/interface/cockpit/cockpit.config.patch	/28/value/displayName	/28/value/displayName	patch-key-string	Cryonium Ore	크라이오늄 광석
/interface/cockpit/cockpit.config.patch	/29/value/displayName	/29/value/displayName	patch-key-string	Radyite Ore	라디아이트 광석
/interface/cockpit/cockpit.config.patch	/30/value/displayName	/30/value/displayName	patch-key-string	Voltagen Ore	볼타젠 광석
/interface/cockpit/cockpit.config.patch	/31/value/displayName	/31/value/displayName	patch-key-string	Bacteria Ore	박테리아 광석
/interface/cockpit/cockpit.config.patch	/32/value/displayName	/32/value/displayName	patch-key-string	Tin Ore	주석 광석
/interface/cockpit/cockpit.config.patch	/33/value/displayName	/33/value/displayName	patch-key-string	Magma Meteors	마그마 유성
/interface/cockpit/cockpit.config.patch	/34/value/displayName	/34/value/displayName	patch-key-string	Pumpkin Rain	호박비
/interface/cockpit/cockpit.config.patch	/35/value/displayName	/35/value/displayName	patch-key-string	Ghost Hour	유령의 시간
/interface/cockpit/cockpit.config.patch	/36/value/displayName	/36/value/displayName	patch-key-string	Batong Swarm	바통 떼
/interface/cockpit/cockpit.config.patch	/37/value/displayName	/37/value/displayName	patch-key-string	Lightning Rain	번개비
/interface/cockpit/cockpit.config.patch	/38/value/displayName	/38/value/displayName	patch-key-string	Electric Ground	전기 땅
/interface/cockpit/cockpit.config.patch	/39/value/displayName	/39/value/displayName	patch-key-string	Lightning Storm	번개 폭풍
/interface/cockpit/cockpit.config.patch	/40/value/displayName	/40/value/displayName	patch-key-string	World Rot	세계의 부패
/interface/cockpit/cockpit.config.patch	/41/value/displayName	/41/value/displayName	patch-key-string	Rotten Rain	썩은 비
/interface/cockpit/cockpit.config.patch	/42/value/displayName	/42/value/displayName	patch-key-string	Sinkholes	싱크홀
/interface/cockpit/cockpit.config.patch	/43/value/displayName	/43/value/displayName	patch-key-string	Mild Rotten Rain	약간 썩은 비
/interface/cockpit/cockpit.config.patch	/44/value/displayName	/44/value/displayName	patch-key-string	Decaying Air	부패한 공기
/items/active/relic/health/brokenhealthrelic_es.item	/description	/description	pointer-string	A tome used to cast a spell. It lost its energy at some point.	주문을 시전하는 데 사용되는 책. 어느 순간 에너지를 잃었다.
/items/active/relic/health/brokenhealthrelic_es.item	/shortdescription	/shortdescription	pointer-string	Inert Spell Tome	비활성 주문서
/items/active/relic/health/healthrelic1_es.activeitem	/description	/description	pointer-string	The tome teaches the user how to cast a basic healing spell.	사용자에게 기본 치유 주문을 가르치는 책.
/items/active/relic/health/healthrelic1_es.activeitem	/shortdescription	/shortdescription	pointer-string	Novice Healing Spell	초보 치유 주문
/items/active/relic/health/healthrelic2_es.activeitem	/description	/description	pointer-string	The tome teaches the user how to cast a basic healing spell.	사용자에게 기본 치유 주문을 가르치는 책.
/items/active/relic/health/healthrelic2_es.activeitem	/shortdescription	/shortdescription	pointer-string	Moderate Healing Spell	중급 치유 주문
/items/active/relic/health/healthrelic3_es.activeitem	/description	/description	pointer-string	The tome teaches the user how to cast a powerful healing spell.	사용자에게 강력한 치유 주문을 가르치는 책.
/items/active/relic/health/healthrelic3_es.activeitem	/shortdescription	/shortdescription	pointer-string	Powerful Healing Spell	강력한 치유 주문
/items/active/relic/health/healthrelic4_es.activeitem	/description	/description	pointer-string	The tome teaches the user how to cast a powerful healing spell.	사용자에게 강력한 치유 주문을 가르치는 책.
/items/active/relic/health/healthrelic4_es.activeitem	/shortdescription	/shortdescription	pointer-string	Vitalium Healing Spell	비탈리움 치유 주문
/items/active/relic/health/healthrelicancient_es.activeitem	/description	/description	pointer-string	The tome teaches the user how to cast a powerful healing spell.	사용자에게 강력한 치유 주문을 가르치는 책.
/items/active/relic/health/healthrelicancient_es.activeitem	/shortdescription	/shortdescription	pointer-string	^magenta;Galactic Healing Spell^reset;	^magenta;은하 치유 주문^reset;
/items/active/relic/mining/brokenminingrelic.item	/description	/description	pointer-string	An artifact lost to the test of time. It no longer works.	시간의 시험을 견디지 못한 유물. 더 이상 작동하지 않는다.
/items/active/relic/mining/brokenminingrelic.item	/shortdescription	/shortdescription	pointer-string	Broken Relic	부서진 유물
/items/active/relic/mining/miningrelic1.activeitem	/description	/description	pointer-string	A bronze drill that has practically infinite energy.	사실상 무한한 에너지를 가진 청동 드릴.
/items/active/relic/mining/miningrelic1.activeitem	/shortdescription	/shortdescription	pointer-string	Bronze Energy Drill	청동 에너지 드릴
/items/active/relic/mining/miningrelic2.activeitem	/description	/description	pointer-string	An autohammer that fires destructive energy waves.	파괴적인 에너지 파동을 발사하는 자동 해머.
/items/active/relic/mining/miningrelic2.activeitem	/shortdescription	/shortdescription	pointer-string	Steel Energy Autohammer	강철 에너지 자동 해머
/items/active/relic/mining/miningrelic3.activeitem	/description	/description	pointer-string	A strange tool that ejects a tentacle with an acidic tip.	산성 끝을 가진 촉수를 내뿜는 이상한 도구.
/items/active/relic/mining/miningrelic3.activeitem	/shortdescription	/shortdescription	pointer-string	Biosteel Tentacle Drill	바이오스틸 촉수 드릴
/items/active/relic/mining/miningrelic4.activeitem	/description	/description	pointer-string	An extremely energetic mining laser with basically infinite energy.	사실상 무한한 에너지를 가진 매우 강력한 채광 레이저.
/items/active/relic/mining/miningrelic4.activeitem	/shortdescription	/shortdescription	pointer-string	Novium Mining Laser	노비움 채광 레이저
/items/active/relic/mining/miningrelic5.activeitem	/description	/description	pointer-string	An extremely energetic mining laser with basically infinite energy.	사실상 무한한 에너지를 가진 매우 강력한 채광 레이저.
/items/active/relic/mining/miningrelic5.activeitem	/shortdescription	/shortdescription	pointer-string	Excavite Manipulator	엑스카베이트 조작기
/items/active/relic/mining/miningrelicancient.activeitem	/description	/description	pointer-string	An extremely energetic mining laser with basically infinite energy.	사실상 무한한 에너지를 가진 매우 강력한 채광 레이저.
/items/active/relic/mining/miningrelicancient.activeitem	/shortdescription	/shortdescription	pointer-string	^magenta;Galactic Manipulator^reset;	^magenta;은하 조작기^reset;
/items/active/weapons/ancient/ancientbow_es/ancientbow.activeitem	/description	/description	pointer-string	"Best bow of all time.
^green;Shoots heat-seeking arrows."	역대 최고의 활.\\n^green;열추적 화살을 발사한다.
/items/active/weapons/ancient/ancientbroadsword_es/ancientbroadsword_es.activeitem	/description	/description	pointer-string	An ancient hilt that creates crystals as lethal cutters.	치명적인 절단기로 결정체를 생성하는 고대의 자루.
/items/active/weapons/ancient/ancientchaingun/ancientchaingun.activeitem	/description	/description	pointer-string	A heavy-duty weapon used for stronger enemies that a standard-issue ancient rifle cannot take out.	표준 고대 소총으로 처리할 수 없는 강력한 적을 상대하기 위한 중무기.
/items/active/weapons/ancient/ancienthammer/ancienthammer_es.activeitem	/description	/description	pointer-string	An ancient hammer. Surprisingly, it's very light!	고대의 망치. 놀랍게도 매우 가볍다!
/items/active/weapons/ancient/ancientpistol/ancientpistol.activeitem	/description	/description	pointer-string	Explosive lasers like never before.	이전에는 본 적 없는 폭발성 레이저.
/items/active/weapons/ancient/ancientrailgun/ancientrailgun.activeitem	/description	/description	pointer-string	A type of gun that can shoot high-velocity explosive lasers.	고속 폭발성 레이저를 발사할 수 있는 총기.
/items/active/weapons/ancient/ancientrifle/ancientrifle.activeitem	/description	/description	pointer-string	A standard-issue rifle commonly used by ancient soldiers.	고대 병사들이 흔히 사용하던 표준 소총.
/items/active/weapons/ancient/ancientrocketlauncher/ancientrocketlauncher.activeitem	/description	/description	pointer-string	Not your typical rocket launcher.	일반적인 로켓 발사기가 아니다.
/items/active/weapons/ancient/ancientshotgun/ancientshotgun.activeitem	/description	/description	pointer-string	A gun that fires large bursts of bullets.	대량의 총알을 발사하는 총기.
/items/active/weapons/ancient/ancientspear_es/ancientspear_es.activeitem	/description	/description	pointer-string	A powerful spear that can take care of enemies both in front and behind.	앞뒤의 적을 모두 처리할 수 있는 강력한 창.
/items/active/weapons/ancient/ancientturretlauncher/ancientturretlauncher.activeitem	/description	/description	pointer-string	A weapon that launches ancient automations to fight for you.	고대 자동화를 발사하여 당신을 위해 싸우게 하는 무기.
/items/active/weapons/annihilator/annihilator-cannonweapon/annihilator-cannonweapon.activeitem	/description	/description	pointer-string	A powerful annihilation cannon.	강력한 말살 대포.
/items/active/weapons/annihilator/annihilator-cannonweapon/annihilator-cannonweapon.activeitem	/shortdescription	/shortdescription	pointer-string	^#ea6a56;Ragecannon Mk I^reset;	^#ea6a56;분노 대포 Mk I^reset;
/items/active/weapons/annihilator/annihilator-plasmahammer/annihilator-plasmahammer.activeitem	/description	/description	pointer-string	A hammer that annihilates things.	아니, 조셉 K. 이건 또 다른 칼라미티 모드에 대한 언급이 아니야. 내가 네가 그렇게 생각하고 있다는 걸 알아!!!
/items/active/weapons/annihilator/annihilator-plasmahammer/annihilator-plasmahammer.activeitem	/shortdescription	/shortdescription	pointer-string	^#ea6a56;Calamity Hammer^reset;	^#ea6a56;칼라미티 망치^reset;
/items/active/weapons/annihilator/annihilator-plasmapistol/annihilator-plasmapistol.activeitem	/description	/description	pointer-string	A powerful pistol used to destroy a target.	목표를 파괴하는 데 사용되는 강력한 권총.
/items/active/weapons/annihilator/annihilator-plasmapistol/annihilator-plasmapistol.activeitem	/shortdescription	/shortdescription	pointer-string	^#ea6a56;Doom Pistol^reset;	^#ea6a56;파멸 권총^reset;
/items/active/weapons/annihilator/annihilator-plasmicslicer/plasmicslicer.activeitem	/description	/description	pointer-string	A hilt with an extremely powerful blade.	매우 강력한 칼날이 있는 자루.
/items/active/weapons/annihilator/annihilator-plasmicslicer/plasmicslicer.activeitem	/shortdescription	/shortdescription	pointer-string	^#ea6a56;Destructive Slicer^reset;	^#ea6a56;파괴적인 절단기^reset;
/items/active/weapons/artifact/abyssartifact/abyssartifact.activeitem	/description	/description	pointer-string	A weapon created by the ancients for extreme situations.	고대인들이 극한 상황을 위해 만든 무기.
/items/active/weapons/artifact/abyssartifact/abyssartifact.activeitem	/shortdescription	/shortdescription	pointer-string	^#666666;Abyss Artifact^reset;	^#666666;심연의 유물^reset;
/items/active/weapons/artifact/electricartifact/electricartifact.activeitem	/description	/description	pointer-string	A weapon created by the ancients for extreme situations.	고대인들이 극한 상황을 위해 만든 무기.
/items/active/weapons/artifact/electricartifact/electricartifact.activeitem	/shortdescription	/shortdescription	pointer-string	^blue;Electric Artifact^reset;	^blue;전기 유물^reset;
/items/active/weapons/artifact/fireartifact/fireartifact.activeitem	/description	/description	pointer-string	A weapon created by the ancients for extreme situations.	고대인들이 극한 상황을 위해 만든 무기.
/items/active/weapons/artifact/fireartifact/fireartifact.activeitem	/shortdescription	/shortdescription	pointer-string	^orange;Fire Artifact^reset;	^orange;불 유물^reset;
/items/active/weapons/artifact/iceartifact/iceartifact.activeitem	/description	/description	pointer-string	A weapon created by the ancients for extreme situations.	고대인들이 극한 상황을 위해 만든 무기.
/items/active/weapons/artifact/iceartifact/iceartifact.activeitem	/shortdescription	/shortdescription	pointer-string	^cyan;Ice Artifact^reset;	^cyan;얼음 유물^reset;
/items/active/weapons/artifact/poisonartifact/poisonartifact.activeitem	/description	/description	pointer-string	A weapon created by the ancients for extreme situations.	고대인들이 극한 상황을 위해 만든 무기.
/items/active/weapons/artifact/poisonartifact/poisonartifact.activeitem	/shortdescription	/shortdescription	pointer-string	^green;Poison Artifact^reset;	^green;독 유물^reset;
/items/active/weapons/destroyer/destroyercannon/destroyercannon.activeitem	/description	/description	pointer-string	A cannon of great power and destruction. Beware extreme power like this.	엄청난 힘과 파괴력을 가진 대포. 이런 극한의 힘을 조심하라.
/items/active/weapons/destroyer/destroyercannon/destroyercannon.activeitem	/shortdescription	/shortdescription	pointer-string	^#cc0000;Cannon of Destruction^reset;	^#cc0000;파괴의 대포^reset;
/items/active/weapons/destroyer/destroyermgun/destroyermgun.activeitem	/description	/description	pointer-string	A rapid fire weapon that does some serious damage.	빠른 발사 속도로 심각한 피해를 입히는 무기.
/items/active/weapons/destroyer/destroyermgun/destroyermgun.activeitem	/shortdescription	/shortdescription	pointer-string	^#cc0000;Destroyer Machinegun^reset;	^#cc0000;파괴자 기관총^reset;
/items/active/weapons/destroyer/destroyerspear/destroyerspear.activeitem	/description	/description	pointer-string	A spear designed for destruction and annihilation of a target.	목표를 파괴하고 말살하기 위해 설계된 창.
/items/active/weapons/destroyer/destroyerspear/destroyerspear.activeitem	/shortdescription	/shortdescription	pointer-string	^#cc0000;Destruction Spear^reset;	^#cc0000;파괴의 창^reset;
/items/active/weapons/destroyer/destroyerstaff/destroyerstaff.activeitem	/description	/description	pointer-string	An extremely destructive staff. ^red;WARNING! DO NOT SPAM!^reset;	매우 파괴적인 지팡이.^red;경고! 스팸 금지!^reset;
/items/active/weapons/destroyer/destroyerstaff/destroyerstaff.activeitem	/shortdescription	/shortdescription	pointer-string	^#cc0000;Destructive Trident^reset;	^#cc0000;파괴적인 삼지창^reset;
/items/active/weapons/infernium/rockvaporcannon/rockvaporcannon.activeitem	/description	/description	pointer-string	Crackle, sizzle, hiss, unending agony, inferno, vaporizing, death.	탁탁, 지글지글, 쉭쉭, 끝없는 고통, 불지옥, 증발, 죽음.
/items/active/weapons/infernium/rockvaporcannon/rockvaporcannon.activeitem	/shortdescription	/shortdescription	pointer-string	^#9b0c0c;Rock Vapor Cannon^reset;	^#9b0c0c;암석 증발 대포^reset;
/items/active/weapons/melee/broadsword/cosmicbroadsword/cosmicbroadsword.activeitem	/description	/description	pointer-string	This weapon has the ability to mimic and tear the fabric of spacetime itself.	이 무기는 시공간의 구조를 모방하고 찢을 수 있는 능력을 가지고 있다.
/items/active/weapons/melee/broadsword/cosmicbroadsword/cosmicbroadsword.activeitem	/shortdescription	/shortdescription	pointer-string	^#a600cc;Fabric Ripper^reset;	^#a600cc;직물 절단기^reset;
/items/active/weapons/melee/broadsword/lightningblade_es/lightningblade.activeitem	/description	/description	pointer-string	A hilt with a high-voltage plasma blade.	고전압 플라즈마 칼날이 있는 자루.
/items/active/weapons/melee/broadsword/lightningblade_es/lightningblade.activeitem	/shortdescription	/shortdescription	pointer-string	^blue;Lightning Blade^reset;	^blue;번개 칼날^reset;
/items/active/weapons/melee/broadsword/oblivionbroadsword/oblivionbroadsword.activeitem	/description	/description	pointer-string	The mighty katana of a thousand deaths. ^yellow;By KAMS1076^reset;	천 개의 죽음을 가진 강력한 카타나.^yellow;KAMS1076 제작^reset;
/items/active/weapons/melee/broadsword/oblivionbroadsword/oblivionbroadsword.activeitem	/shortdescription	/shortdescription	pointer-string	Oblivion Katana	망각의 카타나
/items/active/weapons/other/handheldioncannon/handheldioncannon.activeitem	/description	/description	pointer-string	An ionizer that can shoot unstable grenades and a laser.	불안정한 수류탄과 레이저를 발사할 수 있는 이온화기.
/items/active/weapons/other/handheldioncannon/handheldioncannon.activeitem	/shortdescription	/shortdescription	pointer-string	^cyan;Handheld Ion Cannon^reset;	^cyan;핸드헬드 이온 캐논^reset;
/items/active/weapons/other/ioncannonsupreme/ioncannonsupreme.activeitem	/description	/description	pointer-string	An ionizer that can shoot unstable grenades and a laser. ^cyan;Upgraded	불안정한 수류탄과 레이저를 발사할 수 있는 이온화기.^cyan;업그레이드됨
/items/active/weapons/other/ioncannonsupreme/ioncannonsupreme.activeitem	/shortdescription	/shortdescription	pointer-string	^cyan;Handheld Ion Cannon ^reset;	^cyan;휴대용 이온 대포 ^reset;
/items/active/weapons/other/nuclearrocketlauncher/nuclearrocketlauncher.activeitem	/description	/description	pointer-string	Highly unstable fusion that unleashes pure destruction at the area.	순수한 파괴를 방출하는 매우 불안정한 융합.
/items/active/weapons/other/nuclearrocketlauncher/nuclearrocketlauncher.activeitem	/shortdescription	/shortdescription	pointer-string	^#a600cc;Super Redeemer^reset;	^#a600cc;슈퍼 리디머^reset;
/items/active/weapons/ranged/aegisaltassaultrifle/aegisaltassaultrifle.activeitem	/description	/description	pointer-string	A rapid fire rifle that shoots lasers.	레이저를 발사하는 빠른 발사 소총.
/items/active/weapons/ranged/aegisaltassaultrifle/aegisaltassaultrifle.activeitem	/shortdescription	/shortdescription	pointer-string	Aegisalt Machinegun	에이지솔트 기관총
/items/active/weapons/ranged/aegisaltsniperrifle/aegisaltsniperrifle.activeitem	/description	/description	pointer-string	A sniper rifle that shoots high velocity lasers.	고속 레이저를 발사하는 저격 소총.
/items/active/weapons/ranged/aegisaltsniperrifle/aegisaltsniperrifle.activeitem	/shortdescription	/shortdescription	pointer-string	Aegisalt Sniper Rifle	에이지솔트 저격 소총
/items/active/weapons/ranged/antimattercannon/antimattercannon.activeitem	/description	/description	pointer-string	The cannon is made with extreme caution and designed for total destruction.	이 대포는 극도로 신중하게 제작되었으며 완전한 파괴를 위해 설계되었다.
/items/active/weapons/ranged/antimattercannon/antimattercannon.activeitem	/shortdescription	/shortdescription	pointer-string	Antimatter Cannon Mk 1	반물질 대포 Mk 1
/items/active/weapons/ranged/beamcannon/rarebeamcannon.activeitem	/description	/description	pointer-string	A fully functional laser shooting cannon.	완전히 작동하는 레이저 발사 대포.
/items/active/weapons/ranged/beamcannon/rarebeamcannon.activeitem	/shortdescription	/shortdescription	pointer-string	Rare Beam Cannon	희귀 빔 대포
/items/active/weapons/ranged/beamcannon/uncommonbeamcannon.activeitem	/description	/description	pointer-string	A fully functional laser shooting cannon.	완전히 작동하는 레이저 발사 대포.
/items/active/weapons/ranged/beamcannon/uncommonbeamcannon.activeitem	/shortdescription	/shortdescription	pointer-string	Uncommon Beam Cannon	비범한 빔 대포
/items/active/weapons/ranged/blackholegun/blackholegun.activeitem	/description	/description	pointer-string	This weapon can create infinitely dense black holes. Horrific!	이 무기는 무한히 밀도가 높은 블랙홀을 생성할 수 있다. 끔찍하다!
/items/active/weapons/ranged/blackholegun/blackholegun.activeitem	/shortdescription	/shortdescription	pointer-string	^red;Black Hole Cannon^reset;	^red;블랙홀 캐논^reset;
/items/active/weapons/ranged/blackholegunnew/blackholegunnew.activeitem	/description	/description	pointer-string	A shoulder cannon that manipulates spacetime by launching dark matter.	암흑 물질을 발사하여 시공간을 조작하는 어깨 대포.
/items/active/weapons/ranged/blackholegunnew/blackholegunnew.activeitem	/shortdescription	/shortdescription	pointer-string	^#a600cc;Dark Matter Launcher^reset;	^#a600cc;암흑 물질 발사기^reset;
/items/active/weapons/ranged/chaingun/aegisaltchaingun/aegisaltchaingun.activeitem	/description	/description	pointer-string	Plasma chain guns are boss!	플라즈마 체인건은 최고다!
/items/active/weapons/ranged/chaingun/aegisaltchaingun/aegisaltchaingun.activeitem	/shortdescription	/shortdescription	pointer-string	Aegisalt Chain Gun	에이지솔트 체인건
/items/active/weapons/ranged/chaingun/astralchaingun/astralchaingun.activeitem	/description	/description	pointer-string	The legendary chain gun of time and space.	시간과 공간의 전설적인 체인건.
/items/active/weapons/ranged/chaingun/astralchaingun/astralchaingun.activeitem	/shortdescription	/shortdescription	pointer-string	^#a600cc;Astral Chain Gun^reset;	^#a600cc;천체 체인건^reset;
/items/active/weapons/ranged/chaingun/durasteelchaingun/durasteelchaingun.activeitem	/description	/description	pointer-string	A perfectly lethal mix of rapid fire and explosives. ^yellow;Explosive Bullets!	빠른 발사와 폭발의 완벽한 치명적 조합.^yellow;폭발성 탄환!
/items/active/weapons/ranged/chaingun/durasteelchaingun/durasteelchaingun.activeitem	/shortdescription	/shortdescription	pointer-string	Durasteel Chain Gun	듀라스틸 체인건
/items/active/weapons/ranged/chaingun/titaniumchaingun/titaniumchaingun.activeitem	/description	/description	pointer-string	A simple titanium chain gun. Turn your foes into minced meat!	간단한 티타늄 체인건. 적을 갈아버려라!
/items/active/weapons/ranged/chaingun/titaniumchaingun/titaniumchaingun.activeitem	/shortdescription	/shortdescription	pointer-string	Titanium Chain Gun	티타늄 체인건
/items/active/weapons/ranged/chaingun/tungstenchaingun/tungstenchaingun.activeitem	/description	/description	pointer-string	A chain gun made out of tungsten.	텅스텐으로 만든 체인건.
/items/active/weapons/ranged/chaingun/tungstenchaingun/tungstenchaingun.activeitem	/shortdescription	/shortdescription	pointer-string	Tungsten Chain Gun	텅스텐 체인건
/items/active/weapons/ranged/gravwarp_es/gravwarp_es.activeitem	/description	/description	pointer-string	^#aced2b;Nothing can stop you from warping gravity itself!	^#aced2b;중력을 왜곡하는 것을 막을 수 있는 것은 없다!
/items/active/weapons/ranged/gravwarp_es/gravwarp_es.activeitem	/shortdescription	/shortdescription	pointer-string	^#caf58c;Gravity Warper^reset;	^#caf58c;중력 왜곡기^reset;
/items/active/weapons/ranged/ionflamethrower/ionflamethrower.activeitem	/description	/description	pointer-string	What's better than a regular flamethrower? An ionizing flamethrower!	일반 화염방사기보다 더 나은 것은? 이온화 화염방사기!
/items/active/weapons/ranged/ionflamethrower/ionflamethrower.activeitem	/shortdescription	/shortdescription	pointer-string	^cyan;Ion Flamethrower^reset;	^cyan;이온 화염방사기^reset;
/items/active/weapons/ranged/ionrailgun_es/ionrailgun_es.activeitem	/description	/description	pointer-string	A sniper rifle that shoots super high velocity beams. Energy Projectile Cannon.	초고속 빔을 발사하는 저격 소총. 에너지 발사체 대포.
/items/active/weapons/ranged/ionrailgun_es/ionrailgun_es.activeitem	/shortdescription	/shortdescription	pointer-string	^cyan;Ion E.P.C.^reset;	^cyan;이온 E.P.C.^reset;
/items/active/weapons/ranged/lightninggun/lightninggun.activeitem	/description	/description	pointer-string	A gun that shoots extremely high voltage electric bolts.	매우 높은 전압의 전기 볼트를 발사하는 총.
/items/active/weapons/ranged/lightninggun/lightninggun.activeitem	/shortdescription	/shortdescription	pointer-string	^blue;Lightning Gun^reset;	^blue;번개 총^reset;
/items/active/weapons/ranged/lightninggunnew/lightninggunnew.activeitem	/description	/description	pointer-string	A gun that shoots extremely high voltage electric bolts. ^cyan;Upgraded^reset;	매우 높은 전압의 전기 볼트를 발사하는 총.^cyan;업그레이드됨^reset;
/items/active/weapons/ranged/lightninggunnew/lightninggunnew.activeitem	/shortdescription	/shortdescription	pointer-string	^blue;Lightning Gun^reset; ^cyan;^reset;	^blue;번개 총^reset;^cyan;^reset;
/items/active/weapons/ranged/magnetargun/magnetargun.activeitem	/description	/description	pointer-string	A type of cannon that shoots extremely dense balls of light.	매우 밀도가 높은 빛의 구를 발사하는 대포의 일종.
/items/active/weapons/ranged/magnetargun/magnetargun.activeitem	/shortdescription	/shortdescription	pointer-string	Magnetar Cannon	마그네타 대포
/items/active/weapons/ranged/plasmicdisruptor/plasmicdisruptor.activeitem	/description	/description	pointer-string	A powerful rapid fire weapon.	강력한 빠른 발사 무기.
/items/active/weapons/ranged/plasmicdisruptor/plasmicdisruptor.activeitem	/shortdescription	/shortdescription	pointer-string	Plasmic Disruptor	플라즈마 교란기
/items/active/weapons/ranged/prismaticcataclysm/prismaticcataclysm.activeitem	/description	/description	pointer-string	An amazingly powerful gun fueled by prisilite stars.	프리실라이트 별로 구동되는 놀라운 강력한 총.
/items/active/weapons/ranged/prismaticcataclysm/prismaticcataclysm.activeitem	/shortdescription	/shortdescription	pointer-string	^cyan;Prism^pink;atic ^green;Catac^magenta;lysm^reset;	^cyan;프리즘^pink;틱^green;카타크^magenta;리즘^reset;
/items/active/weapons/ranged/rapidrl2_es/rapidrl2_es.activeitem	/description	/description	pointer-string	The rocket launcher shoots small rockets at a rapid rate. ^orange;First Upgrade^reset;	이 로켓 발사기는 작은 로켓을 빠르게 발사한다.^orange;첫 번째 업그레이드^reset;
/items/active/weapons/ranged/rapidrl2_es/rapidrl2_es.activeitem	/shortdescription	/shortdescription	pointer-string	RL-Rapid Mk II	RL-래피드 Mk II
/items/active/weapons/ranged/rapidrl3_es/rapidrl3_es.activeitem	/description	/description	pointer-string	The rocket launcher shoots small rockets at a rapid rate. ^green;Second Upgrade^reset;	이 로켓 발사기는 작은 로켓을 빠르게 발사한다.^green;두 번째 업그레이드^reset;
/items/active/weapons/ranged/rapidrl3_es/rapidrl3_es.activeitem	/shortdescription	/shortdescription	pointer-string	RL-Rapid Mk III	RL-래피드 Mk III
/items/active/weapons/ranged/rapidrl4_es/rapidrl4_es.activeitem	/description	/description	pointer-string	The rocket launcher shoots small rockets at a rapid rate. ^cyan;Final Upgrade^reset;	이 로켓 발사기는 작은 로켓을 빠르게 발사한다.^cyan;최종 업그레이드^reset;
/items/active/weapons/ranged/rapidrl4_es/rapidrl4_es.activeitem	/shortdescription	/shortdescription	pointer-string	RL-Rapid Mk IV	RL-래피드 Mk IV
/items/active/weapons/ranged/rapidrl_es/rapidrl_es.activeitem	/description	/description	pointer-string	The rocket launcher shoots small rockets at a rapid rate.	이 로켓 발사기는 작은 로켓을 빠르게 발사한다.
/items/active/weapons/ranged/rapidrl_es/rapidrl_es.activeitem	/shortdescription	/shortdescription	pointer-string	RL-Rapid Mk I	RL-래피드 Mk I
/items/active/weapons/ranged/solariumfusioncannon/solariumfusioncannon.activeitem	/description	/description	pointer-string	A deadly plasma cannon fueled by solarium stars. ^yellow;Massive explosions!!!^reset;	솔라리움 별로 구동되는 치명적인 플라즈마 대포.^yellow;거대한 폭발!!!^reset;
/items/active/weapons/ranged/solariumfusioncannon/solariumfusioncannon.activeitem	/shortdescription	/shortdescription	pointer-string	Solarium Fusion Cannon	솔라리움 융합 대포
/items/active/weapons/ranged/supervoidobliterator/supervoidobliterator.activeitem	/description	/description	pointer-string	A remnant of the supervoid eye's power. It can still destroy everything.	슈퍼보이드 눈의 힘의 잔재. 여전히 모든 것을 파괴할 수 있다.
/items/active/weapons/ranged/supervoidobliterator/supervoidobliterator.activeitem	/shortdescription	/shortdescription	pointer-string	^#a8009e;The Obliterator^reset;	^#a8009e;파괴자^reset;
/items/active/weapons/rotten/bloblauncher/bloblauncher.activeitem	/description	/description	pointer-string	A weapon that shoots various acidic blobs.	다양한 산성 덩어리를 발사하는 무기.
/items/active/weapons/rotten/bloblauncher/bloblauncher.activeitem	/shortdescription	/shortdescription	pointer-string	Rotten Blob Launcher	썩은 덩어리 발사기
/items/active/weapons/rotten/rottenbroadsword/rottenbroadsword.activeitem	/description	/description	pointer-string	A broadsword made from alien bacteria. Burn away your opponents with this.	외계 박테리아로 만든 대검. 이걸로 적을 불태워라.
/items/active/weapons/rotten/rottenbroadsword/rottenbroadsword.activeitem	/shortdescription	/shortdescription	pointer-string	The Corroder	부식자
/items/active/weapons/rotten/rottennailgun/rottennailgun.activeitem	/description	/description	pointer-string	A weapon that shoots a lot of tooth-like formations.	많은 이빨 모양의 형성을 발사하는 무기.
/items/active/weapons/rotten/rottennailgun/rottennailgun.activeitem	/shortdescription	/shortdescription	pointer-string	Rotten Tooth Rifle	썩은 이빨 소총
/items/active/weapons/rotten/rottensniperrifle/rottensniperrifle.activeitem	/description	/description	pointer-string	A weapon that shoots tooth-like formations at high velocities.	이빨 모양의 형성을 고속으로 발사하는 무기.
/items/active/weapons/rotten/rottensniperrifle/rottensniperrifle.activeitem	/shortdescription	/shortdescription	pointer-string	Rotten Sniper Rifle	썩은 저격 소총
/items/active/weapons/rotten/rottenstaff/rottenstaff.activeitem	/description	/description	pointer-string	A staff capable of causing decay in anything that touches its projectiles.	그 투사체에 닿는 모든 것을 부패시키는 능력을 가진 지팡이.
/items/active/weapons/rotten/rottenstaff/rottenstaff.activeitem	/shortdescription	/shortdescription	pointer-string	Rod of Decay	부패의 지팡이
/items/active/weapons/slingshot/aegisaltslingshot/aegisaltslingshot.activeitem	/description	/description	pointer-string	A slingshot forged with aegisalt and powered by a battery.	에이지솔트로 단조되고 배터리로 구동되는 새총.
/items/active/weapons/slingshot/aegisaltslingshot/aegisaltslingshot.activeitem	/shortdescription	/shortdescription	pointer-string	Aegisalt Slingshot	에이지솔트 새총
/items/active/weapons/slingshot/ancientslingshot/ancientslingshot.activeitem	/description	/description	pointer-string	An extremely powerful slingshot. ^green;Heat-seeking shots.	매우 강력한 새총.^green;열추적 발사.
/items/active/weapons/slingshot/durasteelslingshot/durasteelslingshot.activeitem	/description	/description	pointer-string	A slingshot forged with durasteel and copper.	듀라스틸과 구리로 단조된 새총.
/items/active/weapons/slingshot/durasteelslingshot/durasteelslingshot.activeitem	/shortdescription	/shortdescription	pointer-string	Durasteel Slingshot	듀라스틸 새총
/items/active/weapons/slingshot/ironslingshot/ironslingshot.activeitem	/description	/description	pointer-string	A slingshot made of iron rods tied together.	철 막대를 묶어 만든 새총.
/items/active/weapons/slingshot/ironslingshot/ironslingshot.activeitem	/shortdescription	/shortdescription	pointer-string	Iron Slingshot	철 새총
/items/active/weapons/slingshot/titaniumslingshot/titaniumslingshot.activeitem	/description	/description	pointer-string	A slingshot forged with titanium and copper.	티타늄과 구리로 단조된 새총.
/items/active/weapons/slingshot/titaniumslingshot/titaniumslingshot.activeitem	/shortdescription	/shortdescription	pointer-string	Titanium Slingshot	티타늄 새총
/items/active/weapons/slingshot/tungstenslingshot/tungstenslingshot.activeitem	/description	/description	pointer-string	A slingshot forged with tungsten and copper.	텅스텐과 구리로 단조된 새총.
/items/active/weapons/slingshot/tungstenslingshot/tungstenslingshot.activeitem	/shortdescription	/shortdescription	pointer-string	Tungsten Slingshot	텅스텐 새총
/items/active/weapons/slingshot/woodenslingshot/woodenslingshot.activeitem	/description	/description	pointer-string	A crude slingshot made of sticks and rope.	막대기와 밧줄로 만든 조잡한 새총.
/items/active/weapons/slingshot/woodenslingshot/woodenslingshot.activeitem	/shortdescription	/shortdescription	pointer-string	Wooden Slingshot	나무 새총
/items/active/weapons/staff/ancientstaff/ancientstaff.activeitem	/description	/description	pointer-string	An extremely powerful staff that shoots laser beams.	레이저 빔을 발사하는 매우 강력한 지팡이.
/items/active/weapons/ultimatium/ultimatiumgun/ultimatiumgun.activeitem	/description	/description	pointer-string	A machine gun that shoots explosive bouncing flames.	폭발하는 튕기는 불꽃을 발사하는 기관총.
/items/active/weapons/ultimatium/ultimatiumgun/ultimatiumgun.activeitem	/shortdescription	/shortdescription	pointer-string	Rainbow Flame Cannon	무지개 불꽃 대포
/items/active/weapons/unique/forgeblade_es/forgeblade_es.activeitem	/description	/description	pointer-string	The superheated blade forged inside a volcano.	화산 내부에서 단조된 과열된 칼날.
/items/active/weapons/unique/forgeblade_es/forgeblade_es.activeitem	/shortdescription	/shortdescription	pointer-string	^orange;Forgeblade^reset;	^orange;포지블레이드^reset;
/items/active/weapons/upgraded/upgradedastrosaberdeluxe_es/upgradedastrosaberdeluxe_es.activeitem	/description	/description	pointer-string	Really pretty colors. ^cyan;Upgraded	정말 예쁜 색깔들.^cyan;업그레이드됨
/items/active/weapons/upgraded/upgradedastrosaberdeluxe_es/upgradedastrosaberdeluxe_es.activeitem	/shortdescription	/shortdescription	pointer-string	Asuterosaberu DX ^cyan;^reset;	아스테로사베루 DX^cyan;^reset;
/items/active/weapons/upgraded/upgradeddrillspear_es/upgradeddrillspear_es.activeitem	/description	/description	pointer-string	A strange drill-beam hybrid of sorts. ^cyan;Upgraded	이상한 드릴-빔 하이브리드.^cyan;업그레이드됨
/items/active/weapons/upgraded/upgradeddrillspear_es/upgradeddrillspear_es.activeitem	/shortdescription	/shortdescription	pointer-string	Drill Spear ^cyan;^reset;	드릴 창^cyan;^reset;
/items/active/weapons/upgraded/upgradedmagnorbs_es/upgradedmagnorbs_es.activeitem	/description	/description	pointer-string	An experimental form of magnorbs that truly cripples the target. ^cyan;Upgraded	대상을 진정으로 무력화시키는 실험적인 형태의 마그노브.^cyan;업그레이드됨
/items/active/weapons/upgraded/upgradedmagnorbs_es/upgradedmagnorbs_es.activeitem	/shortdescription	/shortdescription	pointer-string	^#77e3e7;Magnorbs^reset; ^cyan;^reset;	^#77e3e7;마그노브^reset;^cyan;^reset;
/items/active/weapons/upgraded/upgradedspaceplasmarifle_es/upgradedspaceplasmarifle_es.activeitem	/description	/description	pointer-string	Because in this universe, everything is about space! ^cyan;Upgraded	이 우주에서는 모든 것이 우주와 관련이 있기 때문이다!^cyan;업그레이드됨
/items/active/weapons/upgraded/upgradedspaceplasmarifle_es/upgradedspaceplasmarifle_es.activeitem	/shortdescription	/shortdescription	pointer-string	Plasma Assault Rifle ^cyan;^reset;	플라즈마 돌격 소총^cyan;^reset;
/items/generic/crafting/1handedgunmodule_es.item	/description	/description	pointer-string	A slate of durasteel with a pistol etched into it.	권총이 새겨진 듀라스틸 판.
/items/generic/crafting/1handedgunmodule_es.item	/shortdescription	/shortdescription	pointer-string	Pistol Module	권총 모듈
/items/generic/crafting/1handedmeleemodule_es.item	/description	/description	pointer-string	A slate of durasteel with an axe etched into it.	도끼가 새겨진 듀라스틸 판.
/items/generic/crafting/1handedmeleemodule_es.item	/shortdescription	/shortdescription	pointer-string	Axe Module	도끼 모듈
/items/generic/crafting/2handedgunmodule_es.item	/description	/description	pointer-string	A slate of durasteel with a rifle etched into it.	소총이 새겨진 듀라스틸 판.
/items/generic/crafting/2handedgunmodule_es.item	/shortdescription	/shortdescription	pointer-string	Rifle Module	소총 모듈
/items/generic/crafting/2handedmeleemodule_es.item	/description	/description	pointer-string	A slate of durasteel with a hammer etched into it.	망치가 새겨진 듀라스틸 판.
/items/generic/crafting/2handedmeleemodule_es.item	/shortdescription	/shortdescription	pointer-string	Hammer Module	망치 모듈
/items/generic/crafting/abyssbar.item	/description	/description	pointer-string	Umbrium shards are primarily found on ^#666666;dark abyss^reset; planets.	엄브리움 조각은 주로^#666666;모드의 방어구를 다루는 책.^reset;행성들.
/items/generic/crafting/abyssbar.item	/shortdescription	/shortdescription	pointer-string	Umbrium Bar	엄브리움 주괴
/items/generic/crafting/abyssshard.item	/description	/description	pointer-string	Naturally found deep inside of ^#666666;dark abyss^reset; planets.	깊은 곳에서 자연적으로 발견됨^#666666;모드의 방어구를 다루는 책.^reset;행성들.
/items/generic/crafting/abyssshard.item	/shortdescription	/shortdescription	pointer-string	Umbrium Shard	엄브리움 조각
/items/generic/crafting/ancientcore.item	/description	/description	pointer-string	A purple gem made of ancient essence. Used for crafting.	고대 정수로 만들어진 보라색 보석. 제작에 사용됨.
/items/generic/crafting/ancientcore.item	/shortdescription	/shortdescription	pointer-string	Ancient Gem	고대 보석
/items/generic/crafting/ancientforgematerial.item	/description	/description	pointer-string	A strange rune that drops from Vault Guardians. Perhaps it can be used for something.	금고 수호자에게서 떨어지는 이상한 룬. 아마도 무언가에 사용될 수 있을 것이다.
/items/generic/crafting/ancientforgematerial.item	/shortdescription	/shortdescription	pointer-string	Mysterious Artifact	신비한 유물
/items/generic/crafting/ancientfragment.item	/description	/description	pointer-string	Fragmented material from an ancient automation.	고대 자동화에서 나온 파편 재료.
/items/generic/crafting/ancientfragment.item	/shortdescription	/shortdescription	pointer-string	Ancient Fragment	고대 파편
/items/generic/crafting/ancientupgrademodule_es.item	/description	/description	pointer-string	An item used for upgrading weapons beyond tier 8.	8단계 이상의 무기를 업그레이드하는 데 사용되는 아이템.
/items/generic/crafting/ancientupgrademodule_es.item	/shortdescription	/shortdescription	pointer-string	Ancient Upgrade Module	고대 업그레이드 모듈
/items/generic/crafting/annihilatorplate.item	/description	/description	pointer-string	A plate made of an unknown alloy.^green; Used for crafting Annihilator weapons^reset;.	알 수 없는 합금으로 만들어진 판.^green;파괴자 무기 제작에 사용됨^reset;를 유발할 수 있습니다.
/items/generic/crafting/annihilatorplate.item	/shortdescription	/shortdescription	pointer-string	Annihilator Plate	파괴자 판
/items/generic/crafting/anterrabar.item	/description	/description	pointer-string	A metallic alloy recently discovered by mixing Novium with green Erchius crystals.	노비움과 녹색 에르키우스 크리스탈을 혼합하여 최근에 발견된 금속 합금.
/items/generic/crafting/anterrabar.item	/shortdescription	/shortdescription	pointer-string	Anterra Bar	안테라 주괴
/items/generic/crafting/arkite.item	/description	/description	pointer-string	An alloy made of aegisalt, ferozium, and violium.	에이지솔트, 페로지움, 바이올리움을 혼합하여 만든 합금.
/items/generic/crafting/arkite.item	/shortdescription	/shortdescription	pointer-string	Arkite	아카이트
/items/generic/crafting/armormodule_es.item	/description	/description	pointer-string	A slate of durasteel with a piece of armor etched into it.	갑옷이 새겨진 듀라스틸 판.
/items/generic/crafting/armormodule_es.item	/shortdescription	/shortdescription	pointer-string	Armor Module	갑옷 모듈
/items/generic/crafting/bacteriaore.item	/description	/description	pointer-string	A large bacterium. It causes nearby materials to rot. Used for crafting.	큰 박테리아. 근처의 재료를 부패시킨다. 제작에 사용됨.
/items/generic/crafting/bacteriaore.item	/shortdescription	/shortdescription	pointer-string	Bacterium Ore	박테리아 광석
/items/generic/crafting/biosteelbar.item	/description	/description	pointer-string	Durasteel mixed with rotten goop and alien bacteria. Can be used for crafting.	썩은 끈적임과 외계 박테리아가 혼합된 듀라스틸. 제작에 사용될 수 있음.
/items/generic/crafting/biosteelbar.item	/shortdescription	/shortdescription	pointer-string	Biosteel Bar	바이오스틸 주괴
/items/generic/crafting/blankmodule_es.item	/description	/description	pointer-string	A blank slate of durasteel.	듀라스틸로 된 빈 판.
/items/generic/crafting/blankmodule_es.item	/shortdescription	/shortdescription	pointer-string	Blank Module	빈 모듈
/items/generic/crafting/bronzebar.item	/description	/description	pointer-string	An alloy of copper and tin, it is useful for crafting.	구리와 주석의 합금으로, 제작에 유용하다.
/items/generic/crafting/bronzebar.item	/shortdescription	/shortdescription	pointer-string	Bronze Bar	청동 주괴
/items/generic/crafting/burningbar.item	/description	/description	pointer-string	This bar is unusually hot and is in a permanent state of burning.^green; Used for crafting Infernium weapons^reset;.	이 주괴는 비정상적으로 뜨겁고, 영구적으로 불타고 있다.^green;인페르늄 무기 제작에 사용됨^reset;를 유발할 수 있습니다.
/items/generic/crafting/burningbar.item	/shortdescription	/shortdescription	pointer-string	Infernium Bar	인페르늄 주괴
/items/generic/crafting/cryoniumbar.item	/description	/description	pointer-string	This piece of metal manages to remain at temperatures near absolute zero.^green; Used for crafting permafrost weapons^reset;.	이 금속 조각은 절대 영도에 가까운 온도를 유지한다.^green;영구동토 무기 제작에 사용됨^reset;를 유발할 수 있습니다.
/items/generic/crafting/cryoniumbar.item	/shortdescription	/shortdescription	pointer-string	Cryonium Bar	크라이오늄 주괴
/items/generic/crafting/cryoniumore.item	/description	/description	pointer-string	An ore that has an extremely low temperature, can be smelted into cryonium bars.	극도로 낮은 온도의 광석으로, 크라이오늄 주괴로 제련할 수 있다.
/items/generic/crafting/cryoniumore.item	/shortdescription	/shortdescription	pointer-string	Cryonium Ore	크라이오늄 광석
/items/generic/crafting/darkmatterbar.item	/description	/description	pointer-string	Ore for dark matter bars can be found deeply in any planet(most common in tier 6).	암흑 물질 주괴의 광석은 모든 행성의 깊은 곳에서 발견될 수 있다(6단계에서 가장 흔함).
/items/generic/crafting/darkmatterbar.item	/shortdescription	/shortdescription	pointer-string	Dark Matter Bar	암흑 물질 주괴
/items/generic/crafting/darkmattercore.item	/description	/description	pointer-string	An unstable core infused with dark matter. It can burst at any moment.	암흑 물질이 주입된 불안정한 핵. 언제든지 폭발할 수 있다.
/items/generic/crafting/darkmattercore.item	/shortdescription	/shortdescription	pointer-string	Dark Matter Core	암흑 물질 핵
/items/generic/crafting/darkmatterore.item	/description	/description	pointer-string	A raw fragment of a strange substance that can interfere with reality itself.	현실 자체에 간섭할 수 있는 이상한 물질의 원시 조각.
/items/generic/crafting/darkmatterore.item	/shortdescription	/shortdescription	pointer-string	Dark Matter Ore	암흑 물질 광석
/items/generic/crafting/destroyerbar.item	/description	/description	pointer-string	An extremely destructive bar of destructium.^green; Used for crafting powerful equipment^reset;.	파괴적인 힘을 지닌 파괴티움 주괴.^green;강력한 장비 제작에 사용됨^reset;를 유발할 수 있습니다.
/items/generic/crafting/destroyerbar.item	/shortdescription	/shortdescription	pointer-string	Destructium Bar	파괴티움 주괴
/items/generic/crafting/elementite.item	/description	/description	pointer-string	An alloy made of the five elemental ores. Can be used for crafting.	다섯 가지 원소 광석으로 만들어진 합금. 제작에 사용할 수 있다.
/items/generic/crafting/elementite.item	/shortdescription	/shortdescription	pointer-string	Elementite	엘리멘타이트
/items/generic/crafting/emptycell.item	/description	/description	pointer-string	An empty cell used for crafting.	제작에 사용되는 빈 셀.
/items/generic/crafting/emptycell.item	/shortdescription	/shortdescription	pointer-string	Empty Cell	빈 셀
/items/generic/crafting/energitecrystal.item	/description	/description	pointer-string	A crystal fragment infused with stamina-based energy.	스태미너 기반 에너지가 주입된 수정 조각.
/items/generic/crafting/energitecrystal.item	/shortdescription	/shortdescription	pointer-string	Energite Crystal	에너자이트 크리스탈
/items/generic/crafting/excavitecrystal.item	/description	/description	pointer-string	A crystal fragment infused with mining energy.	채광 에너지가 주입된 수정 조각.
/items/generic/crafting/excavitecrystal.item	/shortdescription	/shortdescription	pointer-string	Excavite Crystal	엑스카바이트 크리스탈
/items/generic/crafting/fabricbar.item	/description	/description	pointer-string	An alloy made from fabric and umbrium bars.	직물과 엄브리움 주괴로 만들어진 합금.
/items/generic/crafting/fabricbar.item	/shortdescription	/shortdescription	pointer-string	Fabric Bar	패브릭 주괴
/items/generic/crafting/fusioncore.item	/description	/description	pointer-string	"This core undergoes constant fusion.
^red;Deathly hot to the touch.^reset;"	이 핵은 끊임없이 융합을 겪고 있다.\\n^red;만지면 치명적으로 뜨겁다.^reset;
/items/generic/crafting/fusioncore.item	/shortdescription	/shortdescription	pointer-string	Fusion Core	융합 핵
/items/generic/crafting/greenerchius.item	/description	/description	pointer-string	The product of a chemical reaction between Erchius crystals and core fragments.	에르키우스 크리스탈과 핵 조각 사이의 화학 반응의 산물.
/items/generic/crafting/greenerchius.item	/shortdescription	/shortdescription	pointer-string	Green Erchius Crystal	그린 에르키우스 크리스탈
/items/generic/crafting/inferniumore.item	/description	/description	pointer-string	An ore that is extremely hot. ^red;Hot to the touch!^reset;	극도로 뜨거운 광석.^red;만지면 뜨거워!^reset;
/items/generic/crafting/inferniumore.item	/shortdescription	/shortdescription	pointer-string	Infernium Ore	인페르늄 광석
/items/generic/crafting/ioncell.item	/description	/description	pointer-string	A container of active uranium.	활성 우라늄이 담긴 용기.
/items/generic/crafting/ioncell.item	/shortdescription	/shortdescription	pointer-string	Ion Cell	이온 셀
/items/generic/crafting/lunariteore.item	/description	/description	pointer-string	An ore found exclusively on any lunar biome.	달 생물군계에서만 독점적으로 발견되는 광석.
/items/generic/crafting/lunariteore.item	/shortdescription	/shortdescription	pointer-string	Lunarite Ore	루나라이트 광석
/items/generic/crafting/meteoricsteelbar.item	/description	/description	pointer-string	Steel mixed with meteorite rock. Can be used for crafting.	운석 암석과 혼합된 강철. 제작에 사용할 수 있다.
/items/generic/crafting/meteoricsteelbar.item	/shortdescription	/shortdescription	pointer-string	Meteoric Steel Bar	운석 강철 주괴
/items/generic/crafting/noviumore.item	/description	/description	pointer-string	A strange substance that glows brightly like a star.	별처럼 밝게 빛나는 이상한 물질.
/items/generic/crafting/noviumore.item	/shortdescription	/shortdescription	pointer-string	Novium Ore	노비움 광석
/items/generic/crafting/noviumsphere.item	/description	/description	pointer-string	A sphere of novium that mirrors the night sky.	밤하늘을 반사하는 노비움 구체.
/items/generic/crafting/noviumsphere.item	/shortdescription	/shortdescription	pointer-string	Novium Sphere	노비움 구체
/items/generic/crafting/obliviumore.item	/description	/description	pointer-string	A fragment of oblivium. Used for smelting.	오블리비움의 조각. 제련에 사용됨.
/items/generic/crafting/obliviumore.item	/shortdescription	/shortdescription	pointer-string	Oblivium Fragment	오블리비움 조각
/items/generic/crafting/obliviumskull.item	/description	/description	pointer-string	Oblivium shaped into a skull. ^cyan;Can be used to make the Oblivion Katana.	해골 모양으로 형성된 오블리비움.^cyan;오블리비언 카타나 제작에 사용됨.
/items/generic/crafting/obliviumskull.item	/shortdescription	/shortdescription	pointer-string	Oblivium Skull	오블리비움 해골
/items/generic/crafting/platinumbar.item.patch	/1/value	/1/value	patch-key-string	Ore for platinum bars can be found deep in dangerous or higher planets.	플래티넘 바를 위한 광석은 위험하거나 더 높은 행성 깊숙이에서 찾을 수 있어.
/items/generic/crafting/platinumore.item.patch	/1/value	/1/value	patch-key-string	A sort of rare ore, it can be useful for crafting.	일종의 희귀 광석으로, 제작에 유용할 수 있어.
/items/generic/crafting/radyitebar.item	/description	/description	pointer-string	Radyite ore can be found in nuclear wastelands. ^green;Can be used to craft Irradiated weapons^reset;.	라디아이트 광석은 핵폐기물 지대에서 발견된다.^green;방사능 무기 제작에 사용됨^reset;를 유발할 수 있습니다.
/items/generic/crafting/radyitebar.item	/shortdescription	/shortdescription	pointer-string	Radyite Bar	라디아이트 주괴
/items/generic/crafting/radyiteore.item	/description	/description	pointer-string	An ore that constantly emits radiation, can be smelted into radyite bars.	끊임없이 방사능을 방출하는 광석으로, 라디아이트 주괴로 제련할 수 있다.
/items/generic/crafting/radyiteore.item	/shortdescription	/shortdescription	pointer-string	Radyite Ore	라디아이트 광석
/items/generic/crafting/ragitecrystal.item	/description	/description	pointer-string	A crystal fragment infused with raging energy.	격렬한 에너지가 주입된 수정 조각.
/items/generic/crafting/ragitecrystal.item	/shortdescription	/shortdescription	pointer-string	Ragite Crystal	래자이트 크리스탈
/items/generic/crafting/refinedlunarite.item	/description	/description	pointer-string	Lunarite refined into the form of a cresent moon. Can be used for crafting.	초승달 모양으로 정제된 루나라이트. 제작에 사용할 수 있다.
/items/generic/crafting/refinedlunarite.item	/shortdescription	/shortdescription	pointer-string	Refined Lunarite	정제된 루나라이트
/items/generic/crafting/rottengoop.item	/description	/description	pointer-string	A shapeless blob of rotting goop. ^green;Used for crafting rotten weapons.	썩어가는 끈적한 덩어리.^green;썩은 무기 제작에 사용됨.
/items/generic/crafting/rottengoop.item	/shortdescription	/shortdescription	pointer-string	Rotten Goop	썩은 끈적이
/items/generic/crafting/staffmodule_es.item	/description	/description	pointer-string	A slate of durasteel with a staff etched into it.	지팡이가 새겨진 듀라스틸 판.
/items/generic/crafting/staffmodule_es.item	/shortdescription	/shortdescription	pointer-string	Staff Module	지팡이 모듈
/items/generic/crafting/steelbar_es.item	/description	/description	pointer-string	An alloy of carbon and iron.	탄소와 철의 합금.
/items/generic/crafting/steelbar_es.item	/shortdescription	/shortdescription	pointer-string	Steel Bar	강철 주괴
/items/generic/crafting/tinbar.item	/description	/description	pointer-string	Ore for tin bars is found in the underground on most planets around all stars.	주석 주괴의 광석은 대부분의 행성 지하에서 발견된다.
/items/generic/crafting/tinbar.item	/shortdescription	/shortdescription	pointer-string	Tin Bar	주석 주괴
/items/generic/crafting/tinore.item	/description	/description	pointer-string	Tin ore. Can be used for smelting.	주석 광석. 제련에 사용할 수 있다.
/items/generic/crafting/tinore.item	/shortdescription	/shortdescription	pointer-string	Tin Ore	주석 광석
/items/generic/crafting/ultimatium.item	/description	/description	pointer-string	An alloy of elementite and arkite. Can be used for making final-tier weapons.	엘리멘타이트와 아카이트의 합금으로, 최종 단계 무기 제작에 사용될 수 있다.
/items/generic/crafting/ultimatium.item	/shortdescription	/shortdescription	pointer-string	Ultimatium	얼티메이티움
/items/generic/crafting/ultimatiumore.item	/description	/description	pointer-string	A drop exclusive to any boss, and the quantity depends on the level of the boss.	보스에게서만 드롭되며, 보스의 레벨에 따라 수량이 달라진다.
/items/generic/crafting/ultimatiumore.item	/shortdescription	/shortdescription	pointer-string	Ultimatium Ore	얼티메이티움 광석
/items/generic/crafting/umbralmatter.item	/description	/description	pointer-string	A fragment of umbral matter. Its writhing appendages make it too unstable for crafting.	움브랄 물질의 조각. 꿈틀거리는 촉수 때문에 제작에 사용하기엔 너무 불안정하다.
/items/generic/crafting/umbralmatter.item	/shortdescription	/shortdescription	pointer-string	Umbral Matter	움브랄 물질
/items/generic/crafting/umbralmattercontained.item	/description	/description	pointer-string	Contained umbral matter. It should be stable enough for crafting. ^red;Currently no use for it.	움브랄 물질이 담긴 상태. 제작에 충분히 안정적일 것이다.^red;현재 사용처 없음.
/items/generic/crafting/umbralmattercontained.item	/shortdescription	/shortdescription	pointer-string	Contained Umbral Matter	움브랄 물질이 담긴 상태
/items/generic/crafting/upgrademodule_es.item	/description	/description	pointer-string	An item used for upgrading weapons.	무기 업그레이드에 사용되는 아이템.
/items/generic/crafting/upgrademodule_es.item	/shortdescription	/shortdescription	pointer-string	Weapon Upgrade Module	무기 업그레이드 모듈
/items/generic/crafting/vitaliumcrystal.item	/description	/description	pointer-string	A crystal fragment infused with life-force energy.	생명력 에너지가 주입된 수정 조각.
/items/generic/crafting/vitaliumcrystal.item	/shortdescription	/shortdescription	pointer-string	Vitalium Crystal	비탈리움 크리스탈
/items/generic/crafting/voltagenbolt.item	/description	/description	pointer-string	Dangerously electrically charged metal shaped into a bolt. ^green;Can be used to craft Electrified weapons^reset;.	위험할 정도로 전기 충전된 금속이 볼트 모양으로 형성됨.^green;전기 무기 제작에 사용됨^reset;를 유발할 수 있습니다.
/items/generic/crafting/voltagenbolt.item	/shortdescription	/shortdescription	pointer-string	Voltagen Bolt	볼타젠 볼트
/items/generic/crafting/voltagenore.item	/description	/description	pointer-string	An electrically charged piece of ore. Can be used for crafting voltagen bolts.	전기 충전된 광석 조각. 볼타젠 볼트 제작에 사용할 수 있다.
/items/generic/crafting/voltagenore.item	/shortdescription	/shortdescription	pointer-string	Voltagen Ore	볼타젠 광석
/items/generic/crafting/wandmodule_es.item	/description	/description	pointer-string	A slate of durasteel with a wand etched into it.	마법봉이 새겨진 듀라스틸 판.
/items/generic/crafting/wandmodule_es.item	/shortdescription	/shortdescription	pointer-string	Wand Module	마법봉 모듈
/items/generic/crafting/weaponamplifier.item	/description	/description	pointer-string	Attaching this to a valid weapon will allow the weapon to be upgraded.	유효한 무기에 부착하면 무기를 업그레이드할 수 있다.
/items/generic/crafting/weaponamplifier.item	/shortdescription	/shortdescription	pointer-string	Weapon Amplifier	무기 증폭기
/items/generic/food/tier2/frostburnmushroomfood.consumable	/description	/description	pointer-string	This mushroom provides some helpful effects but is also harmful.	이 버섯은 유용한 효과를 제공하지만, 동시에 해롭기도 하다.
/items/generic/food/tier2/frostburnmushroomfood.consumable	/shortdescription	/shortdescription	pointer-string	Frostburn Mushroom	프로스트번 버섯
/items/generic/mechparts/arm/mecharmancientcannon.item	/description	/description	pointer-string	An ancient cannon that shoots explosive orbs.	폭발성 구체를 발사하는 고대 대포.
/items/generic/mechparts/arm/mecharmancientcannon.item	/shortdescription	/shortdescription	pointer-string	Ancient Cannon Mech Arm	고대 대포 메크 암
/items/generic/mechparts/arm/mecharmancientmachinegun.item	/description	/description	pointer-string	An ancient rifle with two barrels.	두 개의 총신을 가진 고대 소총.
/items/generic/mechparts/arm/mecharmancientmachinegun.item	/shortdescription	/shortdescription	pointer-string	Ancient Gun Mech Arm	고대 총 메크 암
/items/generic/other/ancienthealing.consumable	/description	/description	pointer-string	A bottle of ancient essence. Instantly restores 150 health. 20 second cooldown.	고대 에센스가 담긴 병. 즉시 150의 체력을 회복시킴. 20초 쿨다운.
/items/generic/other/ancienthealing2.consumable	/description	/description	pointer-string	Converts ancient energy into repair material. Passively regenerates health for 2 minutes.	고대 에너지를 수리 재료로 변환함. 2분 동안 체력을 자동으로 회복시킴.
/items/generic/other/antirotstim.consumable	/description	/description	pointer-string	A stimpack full of healing water, prevents the player from rotting.	치유의 물로 가득 찬 스팀팩으로, 플레이어가 썩는 것을 방지함.
/items/generic/other/antirotstim.consumable	/shortdescription	/shortdescription	pointer-string	Anti-Rot Stim Pack	항부패 스팀팩
/items/generic/quest/cybercore.item	/description	/description	pointer-string	A core component in robot super weapons. There are coordinates embedded in the shell.	로봇 슈퍼 무기의 핵심 부품. 껍질에 좌표가 새겨져 있다.
/items/generic/quest/cybercore.item	/shortdescription	/shortdescription	pointer-string	Cyber Core	사이버 코어
/items/liquids/abyss.liqitem	/shortdescription	/shortdescription	pointer-string	Abyss	심연
/items/liquids/abyss.liqitem	/description	/description	pointer-string	A measure of void-like liquid that kills.	죽음을 초래하는 공허 같은 액체.
/items/liquids/liquidfabric.liqitem	/shortdescription	/shortdescription	pointer-string	Fabric	직물
/items/liquids/liquidfabric.liqitem	/description	/description	pointer-string	A measure of liquid fabric. Despite its classification as a liquid, it has a dry texture. Reacts with water and lava.	액체 직물의 측정치. 액체로 분류되었음에도 불구하고 건조한 질감을 가짐. 물과 용암에 반응함.
/items/liquids/liquidsupervoid.liqitem	/shortdescription	/shortdescription	pointer-string	Supervoid Energy	슈퍼보이드 에너지
/items/liquids/liquidsupervoid.liqitem	/description	/description	pointer-string	A measure of supervoid energy. Extremely deadly. Converts other liquids into this liquid.	슈퍼보이드 에너지의 측정치. 극도로 치명적임. 다른 액체를 이 액체로 변환함.
/items/liquids/rottenwater.liqitem	/shortdescription	/shortdescription	pointer-string	Rotten Water	썩은 물
/items/liquids/rottenwater.liqitem	/description	/description	pointer-string	A solution of dissolved material and water. Highly acidic!	용해된 물질과 물의 용액. 매우 산성임!
/items/liquids/superheatedlava.liqitem	/shortdescription	/shortdescription	pointer-string	Super-heated Lava	초고온 용암
/items/liquids/superheatedlava.liqitem	/description	/description	pointer-string	A measure of extremely hot lava.	극도로 뜨거운 용암의 측정치.
/items/materials/burningblock.matitem	/description	/description	pointer-string	A cobble block that is on fire!	불타고 있는 자갈 블록!
/items/materials/burningblock.matitem	/shortdescription	/shortdescription	pointer-string	Infernal Stone	지옥석
/items/materials/burningbrick.matitem	/shortdescription	/shortdescription	pointer-string	Infernal Brick	지옥 벽돌
/items/materials/burningbrick.matitem	/description	/description	pointer-string	Small bricks made from infernal stone.	지옥석으로 만든 작은 벽돌.
/items/materials/burningbrick2.matitem	/description	/description	pointer-string	Slabs made from eternally burning stone. Careful stepping on them.	영원히 불타는 돌로 만든 슬래브. 밟을 때 조심하라.
/items/materials/burningbrick2.matitem	/shortdescription	/shortdescription	pointer-string	Eternally Burning Slab	영원히 불타는 슬래브
/items/materials/chargedbrick.matitem	/shortdescription	/shortdescription	pointer-string	Electrically Charged Brick	전기 충전된 벽돌
/items/materials/chargedbrick.matitem	/description	/description	pointer-string	Small bricks made from electrically charged stone.	전기 충전된 돌로 만든 작은 벽돌.
/items/materials/chargedsand.matitem	/description	/description	pointer-string	A pile of sand that is electrically charged. ^cyan;Currently decorative only.^reset;	전기 충전된 모래 더미.^cyan;현재 장식용으로만 사용됨.^reset;
/items/materials/chargedsand.matitem	/shortdescription	/shortdescription	pointer-string	Electrified Sand	전기 충전된 모래
/items/materials/chargedstone.matitem	/description	/description	pointer-string	An electrically charged cobblestone block.	전기 충전된 자갈 블록.
/items/materials/chargedstone.matitem	/shortdescription	/shortdescription	pointer-string	Electrically Charged Stone	전기 충전된 돌
/items/materials/darkobsidian.matitem	/description	/description	pointer-string	Dark obsidian. It only gets darker from here.	어두운 흑요석. 여기서 더 어두워질 수는 없다.
/items/materials/darkobsidian.matitem	/shortdescription	/shortdescription	pointer-string	Dark Obsidian	어두운 흑요석
/items/materials/darkobsidianbrick.matitem	/description	/description	pointer-string	An oddly shaped piece of brick carved from dark obsidian.	어두운 흑요석으로 조각된 이상한 모양의 벽돌.
/items/materials/darkobsidianbrick.matitem	/shortdescription	/shortdescription	pointer-string	Strange Brick	이상한 벽돌
/items/materials/darkobsidianbrick2.matitem	/description	/description	pointer-string	A piece of brick carved from dark obsidian	어두운 흑요석으로 조각된 벽돌
/items/materials/darkobsidianbrick2.matitem	/shortdescription	/shortdescription	pointer-string	Dark Obsidian Brick	어두운 흑요석 벽돌
/items/materials/darkobsidianrail.matitem	/description	/description	pointer-string	A rail carved from dark obsidian.	어두운 흑요석으로 조각된 레일.
/items/materials/darkobsidianrail.matitem	/shortdescription	/shortdescription	pointer-string	Dark Obsidian Rail	어두운 흑요석 레일
/items/materials/fogblock.matitem	/description	/description	pointer-string	Fog blocks. These blocks somehow just won't allow anyone to fall through.	안개 블록. 이 블록들은 아무도 떨어지지 않게 한다.
/items/materials/fogblock.matitem	/shortdescription	/shortdescription	pointer-string	Fog Block	안개 블록
/items/materials/fogblockpacked.matitem	/description	/description	pointer-string	Packed fog blocks. These blocks are very dense.	압축된 안개 블록. 이 블록들은 매우 밀도가 높다.
/items/materials/fogblockpacked.matitem	/shortdescription	/shortdescription	pointer-string	Packed Fog Block	압축 안개 블록
/items/materials/halloweencobblestone.matitem	/description	/description	pointer-string	Very smooth and spooky cobblestone blocks.	매우 매끄럽고 으스스한 자갈 블록.
/items/materials/halloweencobblestone.matitem	/shortdescription	/shortdescription	pointer-string	Halloween Stone	할로윈 스톤
/items/materials/halloweendirt.matitem	/description	/description	pointer-string	Extremely spoopy dirt.	극도로 으스스한 흙.
/items/materials/halloweendirt.matitem	/shortdescription	/shortdescription	pointer-string	Halloween Dirt	할로윈 흙
/items/materials/holestone.matitem	/description	/description	pointer-string	A sample of a substance affected by alien bacteria. It has a pungent smell to it.	외계 박테리아에 의해 영향을 받은 물질의 샘플. 강한 악취가 난다.
/items/materials/holestone.matitem	/shortdescription	/shortdescription	pointer-string	Rotting Substance	썩어가는 물질
/items/materials/iceplatform.matitem	/description	/description	pointer-string	Platforms that are made entirely of ice. It's unknown how these are sturdy or never melt.	전부 얼음으로 만들어진 플랫폼. 어떻게 이게 견고하거나 녹지 않는지는 알 수 없다.
/items/materials/iceplatform.matitem	/shortdescription	/shortdescription	pointer-string	Ice Platform	얼음 플랫폼
/items/materials/irradiatedstone.matitem	/description	/description	pointer-string	A piece of stone that is radioactive.	방사능을 띤 돌 조각.
/items/materials/irradiatedstone.matitem	/shortdescription	/shortdescription	pointer-string	Irradiated Stone	방사능 돌
/items/materials/livinglightning.matitem	/description	/description	pointer-string	A living lightning bolt! ^cyan;Currently decorative only.^reset;	살아있는 번개!^cyan;현재 장식용으로만 사용됨.^reset;
/items/materials/livinglightning.matitem	/shortdescription	/shortdescription	pointer-string	Living Lightning	살아있는 번개
/items/materials/permafrostblock_es.matitem	/description	/description	pointer-string	A mix of stone and water that is significantly harder.	돌과 물이 섞여 훨씬 단단해진 것.
/items/materials/permafrostblock_es.matitem	/shortdescription	/shortdescription	pointer-string	Permafrost Stone	영구동토석
/items/materials/permafrostbrick_es.matitem	/description	/description	pointer-string	A brick carved from permafrost stone.	영구동토석으로 조각된 벽돌.
/items/materials/permafrostbrick_es.matitem	/shortdescription	/shortdescription	pointer-string	Permafrost Brick	영구동토 벽돌
/items/materials/radioactivematerial.matitem	/description	/description	pointer-string	Waste from extreme radiation pollution.	극심한 방사능 오염에서 나온 폐기물.
/items/materials/radioactivematerial.matitem	/shortdescription	/shortdescription	pointer-string	Radioactive Waste	방사능 폐기물
/items/materials/radioactivewalls1.matitem	/description	/description	pointer-string	Irradiated stone slabs. These could keep invaders away, or cause mutations.	방사능을 띤 돌 슬래브. 침입자를 막거나 돌연변이를 일으킬 수 있다.
/items/materials/radioactivewalls1.matitem	/shortdescription	/shortdescription	pointer-string	Irradiated Stone Slab	방사능 돌 슬래브
/items/materials/radioactivewalls2.matitem	/description	/description	pointer-string	Small stone bricks that are severely irradiated.	심하게 방사능에 오염된 작은 돌 벽돌.
/items/materials/radioactivewalls2.matitem	/shortdescription	/shortdescription	pointer-string	Irradiated Stone Brick	방사능 돌 벽돌
/items/materials/rottendirt.matitem	/description	/description	pointer-string	A chunk of dirt that is rotting away.	썩어가는 흙 덩어리.
/items/materials/rottendirt.matitem	/shortdescription	/shortdescription	pointer-string	Rotting Dirt	썩어가는 흙
/items/materials/rottenjelly.matitem	/description	/description	pointer-string	The residue of an alien bacteria.	외계 박테리아의 잔여물.
/items/materials/rottenjelly.matitem	/shortdescription	/shortdescription	pointer-string	Dissolved Material	용해된 물질
/items/materials/sandbricklightning.matitem	/description	/description	pointer-string	A compressed sandstone brick with living lightning engraved into it.	살아있는 번개가 새겨진 압축된 사암 벽돌.
/items/materials/sandbricklightning.matitem	/shortdescription	/shortdescription	pointer-string	Lightning-engraved Sandbrick	번개가 새겨진 사암 벽돌
/items/materials/sandstonebrick_es.matitem	/description	/description	pointer-string	Super-compressed sand that has been carved into a brick.	초압축된 모래로 조각된 벽돌.
/items/materials/sandstonebrick_es.matitem	/shortdescription	/shortdescription	pointer-string	Packed Sandstone Brick	압축 사암 벽돌
/items/materials/supercompressedsand.matitem	/description	/description	pointer-string	A large amount of sand that has been super-compressed into a tile-sized space. This also occurs naturally...	타일 크기의 공간에 초압축된 대량의 모래. 자연적으로도 발생함...
/items/materials/supercompressedsand.matitem	/shortdescription	/shortdescription	pointer-string	Super-Compressed Sand	초압축 모래
/items/materials/supervoidblock.matitem	/description	/description	pointer-string	A block found in the Supervoid.	슈퍼보이드에서 발견된 블록.
/items/materials/supervoidblock.matitem	/shortdescription	/shortdescription	pointer-string	Supervoid Block	슈퍼보이드 블록
/items/tools/healingpistol_es/healingpistol_es.activeitem	/description	/description	pointer-string	A type of tool that emits a continuous healing beam or damaging beam.	지속적인 치유 광선 또는 피해를 주는 광선을 발사하는 도구의 일종.
/items/tools/healingpistol_es/healingpistol_es.activeitem	/shortdescription	/shortdescription	pointer-string	Healing Gun	치유 총
/items/tools/miningtools/ancientmanipulator/ancientmanipulator.activeitem	/description	/description	pointer-string	An ancient tool used for efficient mining.	효율적인 채굴을 위해 사용된 고대 도구.
/items/tools/miningtools/ancientmanipulator/ancientmanipulator.activeitem	/shortdescription	/shortdescription	pointer-string	^magenta;Ancient Manipulator^reset;	^magenta;고대 조작기^reset;
/items/tools/miningtools/darkmatterpickaxe.activeitem	/description	/description	pointer-string	"A mining tool that is very strong and effective.
^green;Consumes energy instead of durability"	매우 강력하고 효과적인 채굴 도구.\\n^green;내구도 대신 에너지를 소모함
/items/tools/miningtools/darkmatterpickaxe.activeitem	/shortdescription	/shortdescription	pointer-string	^red;Dark Matter Pickaxe^reset;	^red;암흑 물질 곡괭이^reset;
/items/tools/utility/itemmagnet/itemmagnet.activeitem	/description	/description	pointer-string	A magnet that brings items to you.	아이템을 끌어당기는 자석.
/items/tools/utility/itemmagnet/itemmagnet.activeitem	/shortdescription	/shortdescription	pointer-string	Item Magnet	아이템 자석
/liquids/abyss.liquid	/description	/description	pointer-string	Void-like liquid that kills.	죽음을 초래하는 공허 같은 액체.
/liquids/liquidfabric.liquid	/description	/description	pointer-string	The fabric of the universe.	우주의 섬유.
/liquids/liquidfog.liquid	/description	/description	pointer-string	The core of the abyss biome.	심연 생물 군계의 핵.
/liquids/liquidnitrogenexpansionmod.liquid	/description	/description	pointer-string	An extremely cold liquid.	극도로 차가운 액체.
/liquids/oblivion.liquid	/description	/description	pointer-string	A super deadly liquid.	매우 치명적인 액체.
/liquids/rottenwater.liquid	/description	/description	pointer-string	A liquid with an awful odor.	끔찍한 냄새가 나는 액체.
/liquids/superheatedlava.liquid	/description	/description	pointer-string	Extremely hot lava.	극도로 뜨거운 용암.
/liquids/supervoid.liquid	/description	/description	pointer-string	Chaotic void energy.	혼돈의 공허 에너지.
/monsters/biomes/darkabyss/abysspod/abysspod.monstertype	/shortdescription	/shortdescription	pointer-string	Abysspod	심연포드
/monsters/biomes/darkabyss/abysspod/abysspod.monstertype	/description	/description	pointer-string	The dark variant of a pteropod. Extremely dangerous	익룡의 어두운 변종. 매우 위험함
/monsters/biomes/darkabyss/abysswisp/abysswisp.monstertype	/shortdescription	/shortdescription	pointer-string	Abyss Wisp	심연 위습
/monsters/biomes/darkabyss/abysswisp/abysswisp.monstertype	/description	/description	pointer-string	The dark variant of the Wisper.	위스퍼의 어두운 변종.
/monsters/biomes/darkabyss/darkabysselemental/darkabysselemental.monstertype	/shortdescription	/shortdescription	pointer-string	Dark Abyss Elemental	어둠의 심연 정령
/monsters/biomes/darkabyss/darkabysselemental/darkabysselemental.monstertype	/description	/description	pointer-string	A wandering piece of dark obsidian that is sentient and hostile.	의식이 있고 적대적인 어두운 흑요석 조각.
/monsters/biomes/darkabyss/darkbatong/darkbatong.monstertype	/shortdescription	/shortdescription	pointer-string	Dark Batong	어둠의 바통
/monsters/biomes/darkabyss/darkbatong/darkbatong.monstertype	/description	/description	pointer-string	The dark variant of the Batong.	바통의 어두운 변종.
/monsters/biomes/darkabyss/darkfennix/darkfennix.monstertype	/shortdescription	/shortdescription	pointer-string	Dark Fennix	어둠의 펜닉스
/monsters/biomes/darkabyss/darkfennix/darkfennix.monstertype	/description	/description	pointer-string	The dark variant of the Fennix.	펜닉스의 어두운 변종.
/monsters/biomes/darkabyss/darkignome/darkignome.monstertype	/shortdescription	/shortdescription	pointer-string	Dark Ignome	어둠의 이그놈
/monsters/biomes/darkabyss/darkignome/darkignome.monstertype	/description	/description	pointer-string	The dark variant of the Ignome.	이그놈의 어두운 변종.
/monsters/biomes/darkabyss/darkoise/darkoise.monstertype	/shortdescription	/shortdescription	pointer-string	Darkoise	다크토이스
/monsters/biomes/darkabyss/darkoise/darkoise.monstertype	/description	/description	pointer-string	The dark variant of the Crustoise.	크러스토이스의 어두운 변종.
/monsters/biomes/darkabyss/darkpin/darkpin.monstertype	/shortdescription	/shortdescription	pointer-string	Darkpin	다크핀
/monsters/biomes/darkabyss/darkpin/darkpin.monstertype	/description	/description	pointer-string	The dark variant of the pulpin.	펄핀의 어두운 변종.
/monsters/biomes/darkabyss/lostsoul/apexlostsoul.monstertype	/shortdescription	/shortdescription	pointer-string	Apex Lost Soul	정점 잃어버린 영혼
/monsters/biomes/darkabyss/lostsoul/apexlostsoul.monstertype	/description	/description	pointer-string	The spirit of an ^green;Apex^reset; wandering the ^#666666;dark abyss^reset; for eternity.	영혼의 정수^green;정점^reset;영원히 방황하는^#666666;모드의 방어구를 다루는 책.^reset;영역에서.
/monsters/biomes/darkabyss/lostsoul/avianlostsoul.monstertype	/shortdescription	/shortdescription	pointer-string	Avian Lost Soul	아비안 잃어버린 영혼
/monsters/biomes/darkabyss/lostsoul/avianlostsoul.monstertype	/description	/description	pointer-string	The spirit of an ^green;Avian^reset; wandering the ^#666666;dark abyss^reset; for eternity.	영혼의 정수^green;아비안^reset;영원히 방황하는^#666666;모드의 방어구를 다루는 책.^reset;영역에서.
/monsters/biomes/darkabyss/lostsoul/floranlostsoul.monstertype	/shortdescription	/shortdescription	pointer-string	Floran Lost Soul	플로란 잃어버린 영혼
/monsters/biomes/darkabyss/lostsoul/floranlostsoul.monstertype	/description	/description	pointer-string	The spirit of a ^green;Floran^reset; wandering the ^#666666;dark abyss^reset; for eternity.	영혼의 정수^green;플로란^reset;영원히 방황하는^#666666;모드의 방어구를 다루는 책.^reset;영역에서.
/monsters/biomes/darkabyss/lostsoul/humanlostsoul.monstertype	/shortdescription	/shortdescription	pointer-string	Human Lost Soul	인간 잃어버린 영혼
/monsters/biomes/darkabyss/lostsoul/humanlostsoul.monstertype	/description	/description	pointer-string	The spirit of a ^green;Human^reset; wandering the ^#666666;dark abyss^reset; for eternity. Call it a ghost!	영혼의 정수^green;인간^reset;영원히 방황하는^#666666;모드의 방어구를 다루는 책.^reset;영원히. 유령이라고 불러!
/monsters/biomes/darkabyss/lostsoul/hylotllostsoul.monstertype	/shortdescription	/shortdescription	pointer-string	Hylotl Lost Soul	하이로틀 잃어버린 영혼
/monsters/biomes/darkabyss/lostsoul/hylotllostsoul.monstertype	/description	/description	pointer-string	The spirit of a ^green;Hylotl^reset; wandering the ^#666666;dark abyss^reset; for eternity.	영혼의 정수^green;하이로틀^reset;영원히 방황하는^#666666;모드의 방어구를 다루는 책.^reset;영역에서.
/monsters/biomes/eternalfire/fireelemental/fireelemental.monstertype	/shortdescription	/shortdescription	pointer-string	Fire Elemental	불 정령
/monsters/biomes/eternalfire/fireelemental/fireelemental.monstertype	/description	/description	pointer-string	A wandering fireball that will shoot fireballs at its target.	목표에게 불덩이를 발사하는 떠다니는 불덩이.
/monsters/biomes/forgotten/forgotten-backgroundmimic_es/forgotten-backgroundmimic_es.monstertype	/shortdescription	/shortdescription	pointer-string	Forgotten Mimic	잊혀진 미믹
/monsters/biomes/forgotten/forgotten-backgroundmimic_es/forgotten-backgroundmimic_es.monstertype	/description	/description	pointer-string	A mimic that camouflages as a useless object, such as a rotten rock.	썩은 돌 같은 쓸모없는 물체로 위장한 미믹.
/monsters/biomes/forgotten/forgotten-buglike_es/forgotten-buglike_es.monstertype	/shortdescription	/shortdescription	pointer-string	Rotting Wasp	썩어가는 말벌
/monsters/biomes/forgotten/forgotten-buglike_es/forgotten-buglike_es.monstertype	/description	/description	pointer-string	A large wasp-like creature that is rotting away.	썩어가는 거대한 말벌 같은 생물.
/monsters/biomes/forgotten/forgotten-eyecreature_es/forgotten-evileyeparts/forgotten-evileyepart1.monstertype	/description	/description	pointer-string	It's horrific!	끔찍해!
/monsters/biomes/forgotten/forgotten-eyecreature_es/forgotten-evileyeparts/forgotten-evileyepart2.monstertype	/description	/description	pointer-string	It's horrific!	끔찍해!
/monsters/biomes/forgotten/forgotten-eyecreature_es/forgotten-evileyeparts/forgotten-eyecreature2_es.monstertype	/description	/description	pointer-string	It's horrific!	끔찍해!
/monsters/biomes/forgotten/forgotten-eyecreature_es/forgotten-eyecreature_es.monstertype	/shortdescription	/shortdescription	pointer-string	Rotting Evil Eye	썩어가는 악의 눈
/monsters/biomes/forgotten/forgotten-eyecreature_es/forgotten-eyecreature_es.monstertype	/description	/description	pointer-string	An Evil Eye that is rotting away.	썩어가는 악의 눈.
/monsters/biomes/forgotten/forgotten-mouthcreature_es/forgotten-mouthcreature_es.monstertype	/shortdescription	/shortdescription	pointer-string	Zombisphere	좀비스피어
/monsters/biomes/forgotten/forgotten-mouthcreature_es/forgotten-mouthcreature_es.monstertype	/description	/description	pointer-string	A sphere of teeth...creepy.	이빨로 가득 찬 구체... 소름 끼쳐.
/monsters/biomes/forgotten/forgotten-rottenfennix_es/forgotten-rottenfennix_es.monstertype	/shortdescription	/shortdescription	pointer-string	Rotting Fennix	썩어가는 펜닉스
/monsters/biomes/forgotten/forgotten-rottenfennix_es/forgotten-rottenfennix_es.monstertype	/description	/description	pointer-string	A Fennix that has succumbed to the pungent airs of the Forgotten world.	잊혀진 세계의 악취에 굴복한 펜닉스.
/monsters/biomes/forgotten/forgotten-rottenskull_es/forgotten-rottenskull_es.monstertype	/shortdescription	/shortdescription	pointer-string	Fallen Skull	쓰러진 해골
/monsters/biomes/forgotten/forgotten-rottenskull_es/forgotten-rottenskull_es.monstertype	/description	/description	pointer-string	The skull of an explorer who has fallen while on this rotting planet.	이 썩어가는 행성에서 쓰러진 탐험가의 해골.
/monsters/biomes/halloween/hoppingpumpkin/hoppingpumpkin.monstertype	/shortdescription	/shortdescription	pointer-string	Carved Pumpkin	조각된 호박
/monsters/biomes/halloween/hoppingpumpkin/hoppingpumpkin.monstertype	/description	/description	pointer-string	A type of monster brought to life by unknown forces.	알 수 없는 힘에 의해 생명을 얻은 괴물의 일종.
/monsters/biomes/halloween/hoppingpumpkin/hoppingpumpkin2.monstertype	/shortdescription	/shortdescription	pointer-string	Jack O' Lantern	잭 오 랜턴
/monsters/biomes/halloween/hoppingpumpkin/hoppingpumpkin2.monstertype	/description	/description	pointer-string	A type of monster brought to life by unknown forces.	알 수 없는 힘에 의해 생명을 얻은 괴물의 일종.
/monsters/biomes/supervoid/spoopyvoiddemon/supervoiddemon.monstertype	/shortdescription	/shortdescription	pointer-string	Supervoid Horror	초공허 공포
/monsters/biomes/supervoid/spoopyvoiddemon/supervoiddemon.monstertype	/description	/description	pointer-string	The guard-dog of the Supervoid Energy. Class is ^red;aggressive^reset;.	초공허 에너지의 경비견. 클래스는^red;공격적^reset;를 유발할 수 있습니다.
/monsters/biomes/supervoid/supervoiddroid/supervoiddroid.monstertype	/shortdescription	/shortdescription	pointer-string	Scandroid Seeker	스캔드로이드 시커
/monsters/biomes/supervoid/supervoiddroid/supervoiddroid.monstertype	/description	/description	pointer-string	A Scandroid infected by the supervoid.	초공허에 감염된 스캔드로이드.
/monsters/biomes/supervoid/supervoidpoptop/supervoidpoptop.monstertype	/shortdescription	/shortdescription	pointer-string	Poptop Seeker	팝탑 시커
/monsters/biomes/supervoid/supervoidpoptop/supervoidpoptop.monstertype	/description	/description	pointer-string	An infected variant of a poptop. It is completely blind, lacking any eyes, but its blindness has been replaced with incredible hearing.	감염된 팝탑의 변종. 눈이 전혀 없고 완전히 맹인이지만, 그 대신 놀라운 청력을 갖추고 있음.
/monsters/biomes/supervoid/supervoidtrailer/supervoidtrailer.monstertype	/description	/description	pointer-string	A creature formed from raw supervoid essence. It will attack its target by shooting projectiles.	순수한 초공허 정수로 형성된 생물. 목표를 향해 발사체를 쏘며 공격함.
/monsters/biomes/supervoid/supervoidvortex/supervoidvortex.monstertype	/description	/description	pointer-string	A strange vortex encountered in a supervoid.	초공허에서 마주친 이상한 소용돌이.
/monsters/biomes/supervoid/supervoidworm/supervoidworm.monstertype	/description	/description	pointer-string	A creature formed from raw supervoid essence. It will attack its target by orbiting them.	순수한 초공허 정수로 형성된 생물. 목표 주위를 돌며 공격함.
/monsters/biomes/voltage/chargedwisper/chargedwisper.monstertype	/shortdescription	/shortdescription	pointer-string	Charged Wisper	충전된 위스퍼
/monsters/biomes/voltage/chargedwisper/chargedwisper.monstertype	/description	/description	pointer-string	Wispers that have been electrically charged.	전기로 충전된 위스퍼들.
/monsters/biomes/voltage/electricelemental/electricelemental.monstertype	/shortdescription	/shortdescription	pointer-string	Electric Elemental	전기 정령
/monsters/biomes/voltage/electricelemental/electricelemental.monstertype	/description	/description	pointer-string	A wandering piece of electrically charged stone that is sentient and hostile.	전기로 충전된 의식이 있고 적대적인 돌 조각.
/monsters/biomes/voltage/electricpod/electricpod.monstertype	/shortdescription	/shortdescription	pointer-string	Electricpod	전기포드
/monsters/biomes/voltage/electricpod/electricpod.monstertype	/description	/description	pointer-string	A pteropod that has harnessed the power of electricity and developed a hardened shell.	전기의 힘을 이용하고 단단한 껍질을 발달시킨 익룡.
/monsters/biomes/voltage/livingbolt/livingbolt.monstertype	/shortdescription	/shortdescription	pointer-string	Living Bolt	살아있는 번개
/monsters/biomes/voltage/livingbolt/livingbolt.monstertype	/description	/description	pointer-string	A lightning-shaped creature with a glowing outer shell. It attacks by ramming into its target.	빛나는 외피를 가진 번개 모양의 생물. 목표를 들이받아 공격함.
/monsters/biomes/voltage/teslahunter/teslahunter.monstertype	/shortdescription	/shortdescription	pointer-string	Electrohunter	전기 사냥꾼
/monsters/biomes/voltage/teslahunter/teslahunter.monstertype	/description	/description	pointer-string	A strange creature that hunts its prey by overloading it with electricity.	전기로 과부하를 일으켜 먹이를 사냥하는 이상한 생물.
/monsters/biomes/voltage/teslapin/teslapin.monstertype	/shortdescription	/shortdescription	pointer-string	Teslapin	테슬라핀
/monsters/biomes/voltage/teslapin/teslapin.monstertype	/description	/description	pointer-string	An electrically charged pulpin.	전기로 충전된 펄핀.
/monsters/biomes/voltage/teslutter/teslutter.monstertype	/shortdescription	/shortdescription	pointer-string	Teslutter	테슬러터
/monsters/biomes/voltage/teslutter/teslutter.monstertype	/description	/description	pointer-string	A crutter that has the ability to shoot lightning.	번개를 발사할 수 있는 크러터.
/monsters/boss/ancientavatar/ancientavatar.monstertype	/shortdescription	/shortdescription	pointer-string	Ancient Avatar	고대 아바타
/monsters/boss/ancientavatarstatue/ancientavatarstatue.monstertype	/shortdescription	/shortdescription	pointer-string	Ancient Avatar	고대 아바타
/monsters/boss/ancientboss/ancientboss.monstertype	/shortdescription	/shortdescription	pointer-string	The Ancient One	고대의 존재
/monsters/boss/ancientboss2/ancientboss2.monstertype	/shortdescription	/shortdescription	pointer-string	Galactic Golem	은하 골렘
/monsters/boss/ancientboss2/leftfist/leftfist.monstertype	/shortdescription	/shortdescription	pointer-string	Galactic Golem	은하 골렘
/monsters/boss/ancientboss2/rightfist/rightfist.monstertype	/shortdescription	/shortdescription	pointer-string	Galactic Golem	은하 골렘
/monsters/boss/annihilator/annihilator.monstertype	/shortdescription	/shortdescription	pointer-string	The Annihilator	파괴자
/monsters/boss/cyberboss/cyberboss.monstertype	/shortdescription	/shortdescription	pointer-string	Bot. Of. Terror.	공포의 로봇
/monsters/boss/cybermini/cybermini.monstertype	/shortdescription	/shortdescription	pointer-string	Drone of Terror	공포의 드론
/monsters/boss/cybermini/cybermini.monstertype	/description	/description	pointer-string	A smaller clone used by the Bot of Terror as a weapon.	공포의 로봇이 무기로 사용하는 작은 클론.
/monsters/boss/destroyer/destroyer.monstertype	/shortdescription	/shortdescription	pointer-string	The Destroyer of Worlds	세계의 파괴자
/monsters/boss/endgameguardian/abyssartifactboss/abyssartifactboss.monstertype	/shortdescription	/shortdescription	pointer-string	The Abyssal Overseer	심연의 감시자
/monsters/boss/endgameguardian/electriccoreboss/electriccoreboss.monstertype	/shortdescription	/shortdescription	pointer-string	Deathvolt	데스볼트
/monsters/boss/endgameguardian/frostguardianboss/frostguardianboss_es.monstertype	/shortdescription	/shortdescription	pointer-string	Cryonia	크라이오니아
/monsters/boss/endgameguardian/iceartifactbossnew_es/iceartifactbossnew_es.monstertype	/shortdescription	/shortdescription	pointer-string	Cryonia	크라이오니아
/monsters/boss/endgameguardian/phoenixboss_es/phoenixboss_es.monstertype	/shortdescription	/shortdescription	pointer-string	The Phoenix Guardian	불사조 수호자
/monsters/boss/endgameguardian/poisonspiderboss/poisonspiderboss.monstertype	/shortdescription	/shortdescription	pointer-string	Toxinia	톡시니아
/monsters/boss/endgameguardian/poisonspiderbossphase2/poisonspiderbossphase2.monstertype	/shortdescription	/shortdescription	pointer-string	Toxinia	톡시니아
/monsters/boss/healthguardianboss_es/healthguardianboss_es.monstertype	/shortdescription	/shortdescription	pointer-string	Vitalium Relic Guardian	비탈리움 유물 수호자
/monsters/boss/mightyguardian/electricmightyguardian.monstertype	/shortdescription	/shortdescription	pointer-string	^#896bb3;Guardian of Electricity^reset;	^#896bb3;전기의 수호자^reset;
/monsters/boss/mightyguardian/firemightyguardian.monstertype	/shortdescription	/shortdescription	pointer-string	^orange;Guardian of Fire^reset;	^orange;불의 수호자^reset;
/monsters/boss/mightyguardian/icemightyguardian.monstertype	/shortdescription	/shortdescription	pointer-string	Foo	푸
/monsters/boss/mightyguardian/poisonmightyguardian.monstertype	/shortdescription	/shortdescription	pointer-string	^green;Guardian of Poison^reset;	^green;독의 수호자^reset;
/monsters/boss/poisondragonboss/poisondragonboss.monstertype	/shortdescription	/shortdescription	pointer-string	Irradiated Dragon	방사능 드래곤
/monsters/boss/rematch/eyebossrematch/eyebossrematch.monstertype	/shortdescription	/shortdescription	pointer-string	^#ff0000;Heart of Ruin	^#ff0000;파멸의 심장
/monsters/boss/ruinamalgamation/ruinamalgamation.monstertype	/shortdescription	/shortdescription	pointer-string	Seed of Ruin	파멸의 씨앗
/monsters/boss/ruinbusterboss/ruinbusterboss.monstertype	/shortdescription	/shortdescription	pointer-string	Ruinbuster Mk I	파멸파괴자 Mk I
/monsters/boss/shieldcore_es/shieldcore_es.monstertype	/shortdescription	/shortdescription	pointer-string	Shield Core	방어 핵
/monsters/boss/shieldcore_es/shieldcore_es.monstertype	/description	/description	pointer-string	A core that protects Teslunder from incoming attacks by forming an unbreakable shell.	테슬런더를 보호하기 위해 깨지지 않는 껍질을 형성하는 핵.
/monsters/boss/supervoidboss/supervoidboss.monstertype	/shortdescription	/shortdescription	pointer-string	Supervoid Eye	슈퍼보이드 아이
/monsters/boss/supervoidbossphase2/supervoidbossphase2.monstertype	/shortdescription	/shortdescription	pointer-string	Exvoidimus	엑스보이디무스
/monsters/boss/truedestroyer/truedestroyer.monstertype	/shortdescription	/shortdescription	pointer-string	Omega the Quantum Sentry	오메가 퀀텀 센트리
/monsters/boss/zombienox/zombienox.monstertype	/shortdescription	/shortdescription	pointer-string	Void Nox	보이드 녹스
/monsters/friendlyspawned/ancientturretfriendly_es/ancientturretfriendly_es.monstertype	/shortdescription	/shortdescription	pointer-string	Ancient Turret	고대 포탑
/monsters/friendlyspawned/ancientturretfriendly_es/ancientturretfriendly_es.monstertype	/description	/description	pointer-string	An ancient turret.	고대 포탑.
/monsters/generic/annihilatordrone/annihilatordrone.monstertype	/shortdescription	/shortdescription	pointer-string	Annihilator Searcher	파괴자 탐색기
/monsters/generic/annihilatordrone/annihilatordrone.monstertype	/description	/description	pointer-string	A searcher drone that attacks anything on sight. It will send information to the Annihilator regarding biological population.	보이는 모든 것을 공격하는 탐색 드론. 생물학적 인구에 대한 정보를 파괴자에게 전송한다.
/monsters/minibiomes/ancientmess/ancientturret_es/ancientturret_es.monstertype	/shortdescription	/shortdescription	pointer-string	Ancient Turret	고대 포탑
/monsters/minibiomes/ancientmess/ancientturret_es/ancientturret_es.monstertype	/description	/description	pointer-string	An extremely hostile automation.	극도로 적대적인 자동화 기계.
/monsters/miniboss/cryoniatotem/cryoniatotem.monstertype	/shortdescription	/shortdescription	pointer-string	Cryonia Statue	크라이오니아 조각상
/monsters/miniboss/cryoniatotem/cryoniatotem.monstertype	/description	/description	pointer-string	A statue depicting Cryonia animated to kill on sight.	크라이오니아를 묘사한 조각상이 시야에 들어오는 모든 것을 죽이도록 애니메이션화됨.
/monsters/miniboss/mazeminiboss1/mazeminiboss1.monstertype	/shortdescription	/shortdescription	pointer-string	Terrorizer	테러라이저
/monsters/miniboss/mazeminiboss1/mazeminiboss1.monstertype	/description	/description	pointer-string	A mutated monster that feeds on large animals.	대형 동물을 먹이로 삼는 돌연변이 괴물.
/monsters/miniboss/mazeminiboss2/mazeminiboss2.monstertype	/shortdescription	/shortdescription	pointer-string	Gazing Horror	응시하는 공포
/monsters/miniboss/mazeminiboss2/mazeminiboss2.monstertype	/description	/description	pointer-string	A powerful mutant capable of shooting lasers wherever it gazes.	눈길이 닿는 곳마다 레이저를 발사할 수 있는 강력한 돌연변이.
/monsters/miniboss/mazeminiboss3/mazeminiboss3.monstertype	/shortdescription	/shortdescription	pointer-string	Abomination	혐오스러운 존재
/monsters/miniboss/mazeminiboss3/mazeminiboss3.monstertype	/description	/description	pointer-string	A slime-like creature with an eyeball that can show itself at any time.	언제든지 모습을 드러낼 수 있는 눈알을 가진 슬라임 같은 생물.
/monsters/minions/ancientboss2_laserbarrier/ancientboss2_laserbarrier.monstertype	/shortdescription	/shortdescription	pointer-string	Laser Barrier	레이저 장벽
/monsters/minions/ancientboss2_laserbarrier/ancientboss2_laserbarrier.monstertype	/description	/description	pointer-string	An automation that creates a barrier using a laser beam.	레이저 빔을 사용해 장벽을 생성하는 자동화 기계.
/monsters/minions/annihilatordroneminion/annihilatordroneminion.monstertype	/shortdescription	/shortdescription	pointer-string	Annihilator Drone	파괴자 드론
/monsters/minions/annihilatordroneminion/annihilatordroneminion.monstertype	/description	/description	pointer-string	A drone summoned by the Annihilator to help destroy its target.	파괴자가 소환하여 목표를 파괴하는 데 도움을 주는 드론.
/monsters/minions/iceartifactboss_iceprobe/iceartifactboss_iceprobe.monstertype	/shortdescription	/shortdescription	pointer-string	Frosted Probe	서리 탐사기
/monsters/minions/iceartifactboss_iceprobe/iceartifactboss_iceprobe.monstertype	/description	/description	pointer-string	Terraria Destroyer probe clone lol.	테라리아 파괴자 탐사기 클론 ㅋㅋ.
/monsters/minions/mazeminiboss3minion/mazeminiboss3minion.monstertype	/shortdescription	/shortdescription	pointer-string	mazeminiboss3minion	미로미니보스3미니언
/monsters/minions/mazeminiboss3minion/mazeminiboss3minion.monstertype	/description	/description	pointer-string	-todo-	-할 일-
/monsters/minions/ruinbuster_minion_es/ruinbuster_minion_es.monstertype	/shortdescription	/shortdescription	pointer-string	Ruinbuster Drone	파멸파괴자 드론
/monsters/minions/ruinbuster_minion_es/ruinbuster_minion_es.monstertype	/description	/description	pointer-string	A heavy-duty drone deployed by the Ruinbuster, a pilot-controlled aircraft.	파일럿이 조종하는 항공기인 파멸파괴자가 배치한 중장비 드론.
/monsters/minions/ruinbuster_trifangle/ruinbuster_trifangle.monstertype	/shortdescription	/shortdescription	pointer-string	Artificial Trifangle	인공 트리팽글
/monsters/minions/ruinbuster_trifangle/ruinbuster_trifangle.monstertype	/description	/description	pointer-string	A replicated Trifangle that is more powerful.	더 강력하게 복제된 트리팽글.
/monsters/minions/supervoidorbshield1/supervoidorbshield1.monstertype	/shortdescription	/shortdescription	pointer-string	Supervoid Orb	슈퍼보이드 오브
/monsters/minions/supervoidorbshield2/supervoidorbshield2.monstertype	/shortdescription	/shortdescription	pointer-string	Supervoid Orb	슈퍼보이드 오브
/monsters/minions/supervoidorbshield3/supervoidorbshield3.monstertype	/shortdescription	/shortdescription	pointer-string	Supervoid Orb	슈퍼보이드 오브
/monsters/minions/supervoidorbshield4/supervoidorbshield4.monstertype	/shortdescription	/shortdescription	pointer-string	Supervoid Orb	슈퍼보이드 오브
/monsters/minions/supervoidorbshield5/supervoidorbshield5.monstertype	/shortdescription	/shortdescription	pointer-string	Supervoid Orb	슈퍼보이드 오브
/monsters/minions/supervoidorbshield6/supervoidorbshield6.monstertype	/shortdescription	/shortdescription	pointer-string	Supervoid Orb	슈퍼보이드 오브
/monsters/minions/tentaclespawner_es/tentaclespawner2_es.monstertype	/shortdescription	/shortdescription	pointer-string	tentaclespawner_es	촉수생성기_es
/monsters/minions/tentaclespawner_es/tentaclespawner2_es.monstertype	/description	/description	pointer-string	-todo-	-할 일-
/monsters/minions/tentaclespawner_es/tentaclespawner_es.monstertype	/shortdescription	/shortdescription	pointer-string	tentaclespawner_es	촉수생성기_es
/monsters/minions/tentaclespawner_es/tentaclespawner_es.monstertype	/description	/description	pointer-string	-todo-	-할 일-
/monsters/mission/abysseye/abysseye.monstertype	/shortdescription	/shortdescription	pointer-string	Abyss Eye	심연의 눈
/monsters/mission/abysseye/abysseye.monstertype	/description	/description	pointer-string	A mysterious eye that chases after anything in sight.	보이는 모든 것을 쫓아다니는 신비로운 눈.
/monsters/mission/abyssgazer/abyssgazer.monstertype	/shortdescription	/shortdescription	pointer-string	Abyss Gazer	심연의 응시자
/monsters/mission/abyssgazer/abyssgazer.monstertype	/description	/description	pointer-string	A mysterious anomaly that stares at anything that moves.	움직이는 모든 것을 응시하는 신비로운 이상 현상.
/monsters/mission/abyssstalker/abyssstalker.monstertype	/shortdescription	/shortdescription	pointer-string	Abyss Gazer	심연의 응시자
/monsters/mission/abyssstalker/abyssstalker.monstertype	/description	/description	pointer-string	An unknown, humanoid creature that often stalks its victims and will disappear when exposed to light.	종종 희생자를 스토킹하고 빛에 노출되면 사라지는 미지의 인간형 생물.
/monsters/mission/ancientsentry/ancientsentry.monstertype	/shortdescription	/shortdescription	pointer-string	Kluex Sentry	클루엑스 센트리
/monsters/mission/ancientsentry/ancientsentry.monstertype	/description	/description	pointer-string	A stone temple guardian, animated with ancient technology.	고대 기술로 애니메이션화된 돌 사원 수호자.
/monsters/mission/ancienttotem/ancienttotem.monstertype	/shortdescription	/shortdescription	pointer-string	Kluex Totem	클루엑스 토템
/monsters/mission/ancienttotem/ancienttotem.monstertype	/description	/description	pointer-string	A menacing marvel of ancient technology.	고대 기술의 위협적인 경이로움.
/monsters/mission/ancienttrailer/ancienttrailer.monstertype	/shortdescription	/shortdescription	pointer-string	Ancient Trailer	고대 트레일러
/monsters/mission/ancienttrailer/ancienttrailer.monstertype	/description	/description	pointer-string	A trailer that shoots...orbs? How odd. Or not.	구체를 발사하는 트레일러? 이상하군. 아니면 아닐 수도.
/monsters/mission/ancienttrifangle/ancienttrifangle.monstertype	/shortdescription	/shortdescription	pointer-string	Ancient Trifangle	고대 트리팽글
/monsters/mission/ancienttrifangle/ancienttrifangle.monstertype	/description	/description	pointer-string	Weird floaty trifangle thingy.	이상하게 떠다니는 트리팽글 같은 것.
/monsters/mission/ancienttwigun/ancienttwigun.monstertype	/shortdescription	/shortdescription	pointer-string	Ancient Twigun	고대 트위건
/monsters/mission/ancienttwigun/ancienttwigun.monstertype	/description	/description	pointer-string	An ancient turret with two guns. It floats too...	두 개의 총을 가진 고대 포탑. 떠다니기도 함...
/monsters/mission/cryoniasentry/cryoniasentry.monstertype	/shortdescription	/shortdescription	pointer-string	Cryonia Floater	크라이오니아 플로터
/monsters/mission/cryoniasentry/cryoniasentry.monstertype	/description	/description	pointer-string	An animated Cryonia Statue that has forsaken its bottom half for mobility.	기동성을 위해 하반신을 포기한 애니메이션화된 크라이오니아 조각상.
/monsters/mission/cryoniatotemlesser/cryoniatotemlesser.monstertype	/shortdescription	/shortdescription	pointer-string	Cryonia Statue	크라이오니아 조각상
/monsters/mission/cryoniatotemlesser/cryoniatotemlesser.monstertype	/description	/description	pointer-string	A statue depicting Cryonia animated to kill on sight.	크라이오니아를 묘사한 조각상이 시야에 들어오는 모든 것을 죽이도록 애니메이션화됨.
/monsters/mission/cryoniatotempuzzle/cryoniatotempuzzle.monstertype	/shortdescription	/shortdescription	pointer-string	Cryonia Statue	크라이오니아 조각상
/monsters/mission/cryoniatotempuzzle/cryoniatotempuzzle.monstertype	/description	/description	pointer-string	A statue depicting Cryonia animated to aid the player in solving puzzles.	플레이어가 퍼즐을 푸는 데 도움을 주기 위해 애니메이션화된 크라이오니아를 묘사한 조각상.
/monsters/mission/explosivedestroyerminion/explosivedestroyerminion.monstertype	/shortdescription	/shortdescription	pointer-string	Explosive Destroyer's Minion	폭발하는 파괴자의 미니언
/monsters/mission/explosivedestroyerminion/explosivedestroyerminion.monstertype	/description	/description	pointer-string	A minion created by the Destroyer to blow you up.	당신을 폭파시키기 위해 파괴자가 만든 미니언.
/monsters/mission/explosivedestroyerminion/explosivedestroyerminion2.monstertype	/shortdescription	/shortdescription	pointer-string	Explosive Destroyer's Minion	폭발하는 파괴자의 미니언
/monsters/mission/explosivedestroyerminion/explosivedestroyerminion2.monstertype	/description	/description	pointer-string	A minion created by the Destroyer to blow you up.	당신을 폭파시키기 위해 파괴자가 만든 미니언.
/monsters/mission/fireytrailer/fireytrailer.monstertype	/shortdescription	/shortdescription	pointer-string	Firey Trailer	불타는 트레일러
/monsters/mission/fireytrailer/fireytrailer.monstertype	/description	/description	pointer-string	Made with the ability to shoot special fireballs.	특수한 불덩이를 발사할 수 있는 능력으로 만들어짐.
/monsters/mission/fireytrifangle/fireytrifangle.monstertype	/shortdescription	/shortdescription	pointer-string	Frozen Trifangle	얼어붙은 트리팽글
/monsters/mission/fireytrifangle/fireytrifangle.monstertype	/description	/description	pointer-string	A really C O O L machine.	정말 멋진 기계.
/monsters/mission/fireytwigun/fireytwigun.monstertype	/shortdescription	/shortdescription	pointer-string	Firey Twigun	불타는 트위건
/monsters/mission/fireytwigun/fireytwigun.monstertype	/description	/description	pointer-string	lol	킥
/monsters/mission/flamethrowerturret/flamethrowerturret.monstertype	/shortdescription	/shortdescription	pointer-string	Flamethrower Turret	화염방사기 포탑
/monsters/mission/flamethrowerturret/flamethrowerturret.monstertype	/description	/description	pointer-string	A flamethrower turret.	화염방사기 포탑.
/monsters/mission/frozentrailer/frozentrailer.monstertype	/shortdescription	/shortdescription	pointer-string	Frozen Trailer	얼어붙은 트레일러
/monsters/mission/frozentrailer/frozentrailer.monstertype	/description	/description	pointer-string	Let it go lelelelel! Description doesn't really matter!	내버려 둬, 레레레레레! 설명은 별로 중요하지 않아!
/monsters/mission/frozentrifangle/frozentrifangle.monstertype	/shortdescription	/shortdescription	pointer-string	Frozen Trifangle	얼어붙은 트리팽글
/monsters/mission/frozentrifangle/frozentrifangle.monstertype	/description	/description	pointer-string	A really C O O L machine.	정말 멋진 기계.
/monsters/mission/frozentwigun/frozentwigun.monstertype	/shortdescription	/shortdescription	pointer-string	Frozen Twigun	얼어붙은 트위건
/monsters/mission/frozentwigun/frozentwigun.monstertype	/description	/description	pointer-string	<insert Frozen joke here>.	<여기에 겨울왕국 농담을 삽입하세요>.
/monsters/mission/irradiatedtrailer/irradiatedtrailer.monstertype	/shortdescription	/shortdescription	pointer-string	Irradiated Trailer	방사능 트레일러
/monsters/mission/irradiatedtrailer/irradiatedtrailer.monstertype	/description	/description	pointer-string	Made with radioactive waste.	방사성 폐기물로 만들어졌습니다.
/monsters/mission/rangeddestroyerminion/rangeddestroyerminion.monstertype	/shortdescription	/shortdescription	pointer-string	Ranged Destroyer's Minion	원거리 파괴자의 하수인
/monsters/mission/rangeddestroyerminion/rangeddestroyerminion.monstertype	/description	/description	pointer-string	A minion created by the Destroyer to kill you from a distance.	파괴자가 멀리서 당신을 죽이기 위해 만든 하수인.
/monsters/mission/toxoling/toxoling.monstertype	/shortdescription	/shortdescription	pointer-string	Toxoling	톡솔링
/monsters/mission/toxoling/toxoling.monstertype	/description	/description	pointer-string	The off-spring of Toxinia that has the instinct of killing. Might become another Toxinia if it survives for 100 years.	살해 본능을 지닌 톡시니아의 자손. 100년을 살아남으면 또 다른 톡시니아가 될 수 있습니다.
/monsters/space/rustick/monsterpairtest_es.monstertype	/shortdescription	/shortdescription	pointer-string	Rustick	러스틱
/monsters/space/rustick/monsterpairtest_es.monstertype	/description	/description	pointer-string	If they don't make a connection with another Rustick, they can get quite lonely.	다른 러스틱과 연결되지 않으면 꽤 외로워질 수 있습니다.
/monsters/spawner/ancientspawngate/ancientspawngate.monstertype	/shortdescription	/shortdescription	pointer-string	Ancient Spawngate Energy	고대 스폰게이트 에너지
/monsters/spawner/ancientspawngate/ancientspawngate.monstertype	/description	/description	pointer-string	A machine that spawns lots of combat machines. Extremely ancient.	수많은 전투 기계를 생성하는 기계. 매우 고대의 것.
/monsters/spawner/cryoniawavespawner/cryoniawavespawner.monstertype	/shortdescription	/shortdescription	pointer-string	Frozen Spawngate Energy	얼어붙은 스폰게이트 에너지
/monsters/spawner/cryoniawavespawner/cryoniawavespawner.monstertype	/description	/description	pointer-string	A machine that spawns lots of combat machines. P R A I S E  T H E  C O O L  O N E .	수많은 전투 기계를 생성하는 기계. C O O L  O N E 를 찬양하라.
/monsters/spawner/microspawngate/ancientmicrogate/ancientmicrogate.monstertype	/shortdescription	/shortdescription	pointer-string	Ancient Microgate Energy	고대 마이크로게이트 에너지
/monsters/spawner/microspawngate/ancientmicrogate/ancientmicrogate.monstertype	/description	/description	pointer-string	An extremely efficient robot-producing machine.	매우 효율적인 로봇 생산 기계.
/monsters/spawner/microspawngate/fireymicrogate/fireymicrogate.monstertype	/shortdescription	/shortdescription	pointer-string	Firey Microgate Energy	불타는 마이크로게이트 에너지
/monsters/spawner/microspawngate/fireymicrogate/fireymicrogate.monstertype	/description	/description	pointer-string	A machine that spawns lots of combat machines. WASTED!!!	수많은 전투 기계를 생성하는 기계. 낭비됐다!!!
/monsters/spawner/microspawngate/fireymicrogate/fireymicrogate2.monstertype	/shortdescription	/shortdescription	pointer-string	Firey Microgate Energy	불타는 마이크로게이트 에너지
/monsters/spawner/microspawngate/fireymicrogate/fireymicrogate2.monstertype	/description	/description	pointer-string	A machine that spawns lots of combat machines. WASTED!!!	수많은 전투 기계를 생성하는 기계. 낭비됐다!!!
/monsters/spawner/microspawngate/irradiatedmicrogate/irradiatedmicrogate.monstertype	/shortdescription	/shortdescription	pointer-string	Irradiated Microgate Energy	방사능 마이크로게이트 에너지
/monsters/spawner/microspawngate/irradiatedmicrogate/irradiatedmicrogate.monstertype	/description	/description	pointer-string	A machine that spawns lots of combat machines. WASTED!!!	수많은 전투 기계를 생성하는 기계. 낭비됐다!!!
/monsters/walkers/golemflying.monstertype	/shortdescription	/shortdescription	pointer-string	Hovering Stone Golem	떠다니는 돌 골렘
/monsters/walkers/golemflying.monstertype	/description	/description	pointer-string	A stone structure animated by an unknown force	알 수 없는 힘에 의해 움직이는 돌 구조물
/objects/abyss/abyssdoor/abyssdoor.object	/description	/description	pointer-string	A door with an unblinking eye in the center.	중앙에 깜빡이지 않는 눈이 있는 문.
/objects/abyss/abyssdoor/abyssdoor.object	/shortdescription	/shortdescription	pointer-string	Abyss Door	심연의 문
/objects/abyss/abyssportal/abyssportal.object	/description	/description	pointer-string	A portal with mysterious properties.	신비한 성질을 지닌 포탈.
/objects/abyss/abyssportal/abyssportal.object	/shortdescription	/shortdescription	pointer-string	Abyss Portal	심연의 포탈
/objects/abyss/abyssportal/abyssreturnportal.object	/description	/description	pointer-string	A portal with mysterious properties.	신비한 성질을 지닌 포탈.
/objects/abyss/abyssportal/abyssreturnportal.object	/shortdescription	/shortdescription	pointer-string	Abyss Return Portal	심연 귀환 포탈
/objects/abyss/abyssvortex/abyssvortex.object	/description	/description	pointer-string	Creates a vortex that sucks in anything nearby.	주변의 모든 것을 빨아들이는 소용돌이를 만듭니다.
/objects/abyss/abyssvortex/abyssvortex.object	/shortdescription	/shortdescription	pointer-string	Abyss Vortex	심연 소용돌이
/objects/actionfigure/ancientone/ancientoneAF.object	/description	/description	pointer-string	"The label reads, ""An unknown piece of technology that defends the bossvault's entrance."""	"라벨에는 이렇게 적혀 있어,""보스볼트 입구를 방어하는 알려지지 않은 기술 조각."""
/objects/actionfigure/ancientone/ancientoneAF.object	/shortdescription	/shortdescription	pointer-string	The Ancient One Figurine	고대의 존재 피규어
/objects/ancient/ancientforge/ancientforge.object	/description	/description	pointer-string	An ancient forge, used for crafting ^orange;ancient gear^reset;.	고대 장비를 제작하는 데 사용되는 고대 대장간.^orange;고대 장비^reset;를 유발할 수 있습니다.
/objects/ancient/ancientforge/ancientforge.object	/shortdescription	/shortdescription	pointer-string	^orange;Ancient Forge^reset;	^orange;고대 대장간^reset;
/objects/ancient/ancientfurnace/ancientfurnace.object	/description	/description	pointer-string	An ancient furnace, used for smelting various materials.	다양한 재료를 제련하는 데 사용되는 고대 용광로.
/objects/ancient/ancientfurnace/ancientfurnace.object	/shortdescription	/shortdescription	pointer-string	^orange;Ancient Furnace^reset;	^orange;고대 용광로^reset;
/objects/ancient/bossvaultdoorgrind/bossvaultdoorgrind.object	/description	/description	pointer-string	A mysterious doorway leading to a specific dimension. ^green;Made for grinding^reset;.	특정 차원으로 이어지는 신비한 문.^green;분쇄를 위해 만들어졌습니다.^reset;를 유발할 수 있습니다.
/objects/ancient/bossvaultdoorgrind/bossvaultdoorgrind.object	/shortdescription	/shortdescription	pointer-string	Bossvault Door - ^green;Grinding^reset;	보스볼트 문 -^green;분쇄^reset;
/objects/ancient/spheredeactivater/spheredeactivater.object	/description	/description	pointer-string	A piece of technology that deactivates all nearby ancient spheres.	주변의 모든 고대 구체를 비활성화하는 기술 조각.
/objects/ancient/spheredeactivater/spheredeactivater.object	/shortdescription	/shortdescription	pointer-string	Sphere Deactivater	구체 비활성화기
/objects/ancient/superchallengedoor/superchallengedoor.object	/description	/description	pointer-string	A mysterious doorway leading to a specific dimension. ^red;ENTER WITH CAUTION!	특정 차원으로 이어지는 신비한 문.^red;주의해서 들어가세요!
/objects/ancient/superchallengedoor/superchallengedoor.object	/shortdescription	/shortdescription	pointer-string	Bossvault Door	보스볼트 문
/objects/apex/teslaspike/teslaspikeelectricdungeon.object	/description	/description	pointer-string	An electrically charged spike that creates extreme pain.	극심한 고통을 유발하는 전기 충전된 스파이크.
/objects/apex/teslaspike/teslaspikeelectricdungeon.object	/shortdescription	/shortdescription	pointer-string	Tesla Spike	테슬라 스파이크
/objects/eternalfire/burningpressureplatform/burningpressureplatform.object	/description	/description	pointer-string	I can't stand on this stone platform for long!	이 돌 플랫폼 위에 오래 서 있을 수 없어!
/objects/eternalfire/burningpressureplatform/burningpressureplatform.object	/shortdescription	/shortdescription	pointer-string	Burning Pressure Platform	타오르는 압력 플랫폼
/objects/eternalfire/fireydoor/fireydoor.object	/description	/description	pointer-string	A door that appears to be completely unaffected by the test of time.	시간의 시험을 전혀 받지 않은 것처럼 보이는 문.
/objects/eternalfire/fireydoor/fireydoor.object	/shortdescription	/shortdescription	pointer-string	Firey Door	불타는 문
/objects/eternalfire/fireyportal/fireyportal.object	/description	/description	pointer-string	A portal with mysterious properties.	신비한 성질을 지닌 포탈.
/objects/eternalfire/fireyportal/fireyportal.object	/shortdescription	/shortdescription	pointer-string	Firey Portal	불타는 포탈
/objects/eternalfire/fireyportal/fireyreturnportal.object	/description	/description	pointer-string	A portal with mysterious properties.	신비한 성질을 지닌 포탈.
/objects/eternalfire/fireyportal/fireyreturnportal.object	/shortdescription	/shortdescription	pointer-string	Firey Return Portal	불타는 귀환 포탈
/objects/eternalfrost/cryoniastatue/cryoniastatue.object	/description	/description	pointer-string	A statue depicting the god Cryonia.	신 크라이오니아를 묘사한 조각상.
/objects/eternalfrost/cryoniastatue/cryoniastatue.object	/shortdescription	/shortdescription	pointer-string	Cryonia Statue	크라이오니아 조각상
/objects/eternalfrost/fdimteleporter/fdimteleporter.object	/description	/description	pointer-string	A giant hole that leads to a cave.	동굴로 이어지는 거대한 구멍.
/objects/eternalfrost/fdimteleporter/fdimteleporter.object	/shortdescription	/shortdescription	pointer-string	Permafrost Cave Entrance	영구동토 동굴 입구
/objects/eternalfrost/fdimteleporter2/fdimteleporter2.object	/description	/description	pointer-string	A door to the Cryonia Temple.	크라이오니아 신전으로 가는 문.
/objects/eternalfrost/fdimteleporter2/fdimteleporter2.object	/shortdescription	/shortdescription	pointer-string	Temple Entrance	신전 입구
/objects/eternalfrost/frostburnmushroom/frostburnmushroom1.object	/description	/description	pointer-string	Mushrooms with frostburn energy in its cap.	버섯 모자에 서리불꽃 에너지가 담긴 버섯.
/objects/eternalfrost/frostburnmushroom/frostburnmushroom1.object	/shortdescription	/shortdescription	pointer-string	Frostburn Mushrooms	서리불꽃 버섯
/objects/eternalfrost/frostburnmushroom/frostburnmushroom2.object	/description	/description	pointer-string	Mushrooms with frostburn energy in its cap.	버섯 모자에 서리불꽃 에너지가 담긴 버섯.
/objects/eternalfrost/frostburnmushroom/frostburnmushroom2.object	/shortdescription	/shortdescription	pointer-string	Frostburn Mushrooms	서리불꽃 버섯
/objects/eternalfrost/frostburnmushroom/frostburnmushroom3.object	/description	/description	pointer-string	Mushrooms with frostburn energy in its cap.	버섯 모자에 서리불꽃 에너지가 담긴 버섯.
/objects/eternalfrost/frostburnmushroom/frostburnmushroom3.object	/shortdescription	/shortdescription	pointer-string	Frostburn Mushrooms	서리불꽃 버섯
/objects/eternalfrost/frostburnmushroom/frostburnmushroom4.object	/description	/description	pointer-string	Mushrooms with frostburn energy in its cap.	버섯 모자에 서리불꽃 에너지가 담긴 버섯.
/objects/eternalfrost/frostburnmushroom/frostburnmushroom4.object	/shortdescription	/shortdescription	pointer-string	Frostburn Mushrooms	서리불꽃 버섯
/objects/eternalfrost/frostburnmushroom/frostburnmushroom5.object	/description	/description	pointer-string	Mushrooms with frostburn energy in its cap.	버섯 모자에 서리불꽃 에너지가 담긴 버섯.
/objects/eternalfrost/frostburnmushroom/frostburnmushroom5.object	/shortdescription	/shortdescription	pointer-string	Frostburn Mushrooms	서리불꽃 버섯
/objects/eternalfrost/frostburnpearlswitch/frostburnpearlswitch.object	/description	/description	pointer-string	A stand with a pearl on the top. Touching it will activate it.	위에 진주가 놓인 받침대. 만지면 활성화됩니다.
/objects/eternalfrost/frostburnpearlswitch/frostburnpearlswitch.object	/shortdescription	/shortdescription	pointer-string	Frostburn Pearl Switch	서리불꽃 진주 스위치
/objects/eternalfrost/frostburntorch/frostburntorch.object	/description	/description	pointer-string	A primitive light source made with permafrost stone and frostburn energy.	영구동토석과 서리불꽃 에너지로 만든 원시적인 빛의 원천.
/objects/eternalfrost/frostburntorch/frostburntorch.object	/shortdescription	/shortdescription	pointer-string	Frostburn Torch	서리불꽃 횃불
/objects/eternalfrost/frostburnwalllight/frostburnwalllight.object	/description	/description	pointer-string	A light that burns brightly with frostburn energy.	서리불꽃 에너지로 밝게 타오르는 빛.
/objects/eternalfrost/frostburnwalllight/frostburnwalllight.object	/shortdescription	/shortdescription	pointer-string	Frostburn Light	서리불꽃 빛
/objects/eternalfrost/frozenportal/frozenportal.object	/description	/description	pointer-string	A portal with mysterious properties.	신비한 성질을 지닌 포탈.
/objects/eternalfrost/frozenportal/frozenportal.object	/shortdescription	/shortdescription	pointer-string	Frozen Portal	얼어붙은 포탈
/objects/eternalfrost/frozenportal/frozenreturnportal.object	/description	/description	pointer-string	A portal with mysterious properties.	신비한 성질을 지닌 포탈.
/objects/eternalfrost/frozenportal/frozenreturnportal.object	/shortdescription	/shortdescription	pointer-string	Frozen Return Portal	얼어붙은 귀환 포탈
/objects/eternalfrost/permafrostdoor/permafrostdoor.object	/description	/description	pointer-string	A surprisingly sturdy door made of carved permafrost stone. This door cannot melt.	조각된 영구동토석으로 만들어진 놀랍도록 튼튼한 문. 이 문은 녹지 않습니다.
/objects/eternalfrost/permafrostdoor/permafrostdoor.object	/shortdescription	/shortdescription	pointer-string	Permafrost Door	영구동토 문
/objects/eternalfrost/permafrostpressureplatform/permafrostpressureplatform.object	/description	/description	pointer-string	I can't stand on this stone platform for long!	이 돌 플랫폼 위에 오래 서 있을 수 없어!
/objects/eternalfrost/permafrostpressureplatform/permafrostpressureplatform.object	/shortdescription	/shortdescription	pointer-string	Permafrost Pressure Platform	영구동토 압력 플랫폼
/objects/forgotten/forgotten-breakable1_es/forgotten-breakable1_es.object	/description	/description	pointer-string	A rotting substance that has rock-like properties.	바위 같은 성질을 가진 부패한 물질.
/objects/forgotten/forgotten-breakable1_es/forgotten-breakable1_es.object	/shortdescription	/shortdescription	pointer-string	Rotting Substance	썩어가는 물질
/objects/forgotten/forgotten-breakable2_es/forgotten-breakable2_es.object	/description	/description	pointer-string	A rotting substance that has rock-like properties.	바위 같은 성질을 가진 부패한 물질.
/objects/forgotten/forgotten-breakable2_es/forgotten-breakable2_es.object	/shortdescription	/shortdescription	pointer-string	Rotting Substance	썩어가는 물질
/objects/forgotten/forgotten-breakable3_es/forgotten-breakable3_es.object	/description	/description	pointer-string	A vile bubble of slime. Yuck.	역겨운 점액 덩어리. 으으.
/objects/forgotten/forgotten-breakable3_es/forgotten-breakable3_es.object	/shortdescription	/shortdescription	pointer-string	Dissolved Blob	녹아내린 덩어리
/objects/forgotten/forgotten-breakable4_es/forgotten-breakable4_es.object	/description	/description	pointer-string	A vile bubble of slime. Yuck.	역겨운 점액 덩어리. 으으.
/objects/forgotten/forgotten-breakable4_es/forgotten-breakable4_es.object	/shortdescription	/shortdescription	pointer-string	Dissolved Blob	녹아내린 덩어리
/objects/forgotten/forgotten-breakable5_es/forgotten-breakable5_es.object	/description	/description	pointer-string	A vile bubble of slime. Yuck.	역겨운 점액 덩어리. 으으.
/objects/forgotten/forgotten-breakable5_es/forgotten-breakable5_es.object	/shortdescription	/shortdescription	pointer-string	Dissolved Blob	녹아내린 덩어리
/objects/forgotten/forgottenchest/forgottenchest.object	/description	/description	pointer-string	A chest made of a putrid, rotten substance.	썩어가는 물질로 만들어진 상자.
/objects/forgotten/forgottenchest/forgottenchest.object	/shortdescription	/shortdescription	pointer-string	Rotten Chest	썩은 상자
/objects/generic/annihilatorteleporter/annihilatorteleporter.object	/description	/description	pointer-string	A strange transmitter found on Annihilator Drones. ^red;Annihilator Mission.	파괴자 드론에서 발견된 이상한 송신기.^red;파괴자 임무.
/objects/generic/annihilatorteleporter/annihilatorteleporter.object	/shortdescription	/shortdescription	pointer-string	Signal Transmitter	신호 송신기
/objects/generic/upgradestation/upgradestation.object	/description	/description	pointer-string	Used for upgrading weapons that are tier 6, tier 7, or tier 8.	6단계, 7단계, 또는 8단계 무기 업그레이드에 사용됩니다.
/objects/generic/upgradestation/upgradestation.object	/shortdescription	/shortdescription	pointer-string	^orange;Upgrade Station^white;	^orange;업그레이드 스테이션^white;
/objects/microformer/supervoid/microformersupervoid.object	/description	/description	pointer-string	Transforms an area of a planet into supervoid essence. ^red;Unobtainable^reset;	행성의 일부를 초공허 에센스로 변환합니다.^red;획득 불가^reset;
/objects/microformer/supervoid/microformersupervoid.object	/shortdescription	/shortdescription	pointer-string	Supervoid Microformer	초공허 마이크로포머
/objects/mission/abyssartifactdungeon/abyssartifactaltar/abyssartifactaltar.object	/description	/description	pointer-string	It looks like it was made to hold something important.	중요한 무언가를 담기 위해 만들어진 것처럼 보입니다.
/objects/mission/abyssartifactdungeon/abyssartifactaltar/abyssartifactaltar.object	/shortdescription	/shortdescription	pointer-string	Abyss Artifact Altar	심연 유물 제단
/objects/mission/electricartifactdungeon/electricartifactaltar/electricartifactaltar.object	/description	/description	pointer-string	It looks like it was made to hold something important.	중요한 무언가를 담기 위해 만들어진 것처럼 보입니다.
/objects/mission/electricartifactdungeon/electricartifactaltar/electricartifactaltar.object	/shortdescription	/shortdescription	pointer-string	Electric Artifact Altar	전기 유물 제단
/objects/mission/fireartifactdungeon/fireartifactaltar/fireartifactaltar.object	/description	/description	pointer-string	It looks like it was made to hold something important.	중요한 무언가를 담기 위해 만들어진 것처럼 보입니다.
/objects/mission/fireartifactdungeon/fireartifactaltar/fireartifactaltar.object	/shortdescription	/shortdescription	pointer-string	Fire Artifact Altar	불 유물 제단
/objects/mission/iceartifactdungeon/iceartifactaltar/iceartifactaltar.object	/description	/description	pointer-string	It looks like it was made to hold something important.	중요한 무언가를 담기 위해 만들어진 것처럼 보입니다.
/objects/mission/iceartifactdungeon/iceartifactaltar/iceartifactaltar.object	/shortdescription	/shortdescription	pointer-string	Ice Artifact Altar	얼음 유물 제단
/objects/mission/novabotfacility/ruinbusterlasershield/ruinbusterlasershield.object	/description	/description	pointer-string	description	설명
/objects/mission/novabotfacility/ruinbusterlasershield/ruinbusterlasershield.object	/shortdescription	/shortdescription	pointer-string	RuinbusterLaserShield	파괴자 레이저 방패
/objects/mission/poisonartifactdungeon/poisonartifactaltar/poisonartifactaltar.object	/description	/description	pointer-string	It looks like it was made to hold something important.	중요한 무언가를 담기 위해 만들어진 것처럼 보입니다.
/objects/mission/poisonartifactdungeon/poisonartifactaltar/poisonartifactaltar.object	/shortdescription	/shortdescription	pointer-string	Poison Artifact Altar	독 유물 제단
/objects/nuclearwasteland/irradiatedchest/irradiatedchest.object	/description	/description	pointer-string	A chest made of compressed radioactive waste. Gross...	압축된 방사성 폐기물로 만들어진 상자. 역겹군...
/objects/nuclearwasteland/irradiatedchest/irradiatedchest.object	/shortdescription	/shortdescription	pointer-string	Irradiated Chest	방사능 상자
/objects/nuclearwasteland/irradiatedportal/irradiatedportal.object	/description	/description	pointer-string	A portal with mysterious properties.	신비한 성질을 지닌 포탈.
/objects/nuclearwasteland/irradiatedportal/irradiatedportal.object	/shortdescription	/shortdescription	pointer-string	Irradiated Portal	방사능 포탈
/objects/nuclearwasteland/irradiatedportal/irradiatedreturnportal.object	/description	/description	pointer-string	A portal with mysterious properties.	신비한 성질을 지닌 포탈.
/objects/nuclearwasteland/irradiatedportal/irradiatedreturnportal.object	/shortdescription	/shortdescription	pointer-string	Irradiated Return Portal	방사능 귀환 포탈
/objects/nuclearwasteland/irradiatedtorch/irradiatedtorch.object	/description	/description	pointer-string	This irradiated torch gives off an eerie feeling and radiation sickness.	이 방사능 횃불은 섬뜩한 느낌과 방사능 병을 유발합니다.
/objects/nuclearwasteland/irradiatedtorch/irradiatedtorch.object	/shortdescription	/shortdescription	pointer-string	Irradiated Torch	방사능 횃불
/objects/nuclearwasteland/irradiatedwallswitch/irradiatedwallswitch.object	/description	/description	pointer-string	It's just a simple button, though irradiated. Toggleable.	그저 단순한 버튼이지만, 방사능에 오염되었습니다. 전환 가능.
/objects/nuclearwasteland/irradiatedwallswitch/irradiatedwallswitch.object	/shortdescription	/shortdescription	pointer-string	Irradiated Wall Button	방사능 벽 버튼
/objects/relicdungeon/health/healingorbsocket_es/healingorbsocket_es.object	/description	/description	pointer-string	A socket for an orb that can be healed.	치유 가능한 구슬을 위한 소켓.
/objects/relicdungeon/health/healingorbsocket_es/healingorbsocket_es.object	/shortdescription	/shortdescription	pointer-string	Healing Orb Socket	치유 구슬 소켓
/objects/relicdungeon/health/healingorbsocket_es/healingorbsocketinverted_es.object	/description	/description	pointer-string	A healing orb socket that is inverted.	역전된 치유 구슬 소켓.
/objects/relicdungeon/health/healingorbsocket_es/healingorbsocketinverted_es.object	/shortdescription	/shortdescription	pointer-string	Healing Orb Socket (NOT)	치유 구슬 소켓 (아님)
/objects/relicdungeon/health/healthdeductorplayertrap_es/healthdeductorplayertrap_es.object	/description	/description	pointer-string	A mechanism that fires harmful projectiles.	해로운 발사체를 발사하는 메커니즘.
/objects/relicdungeon/health/healthdeductorplayertrap_es/healthdeductorplayertrap_es.object	/shortdescription	/shortdescription	pointer-string	Health Deductor (Player)	체력 감산기 (플레이어)
/objects/relicdungeon/health/healthdeductortrap_es/healthdeductortrap_es.object	/description	/description	pointer-string	A mechanism that fires projectiles to change the amount of health a Health Orb has.	체력 구슬의 체력 양을 변경하는 발사체를 발사하는 메커니즘.
/objects/relicdungeon/health/healthdeductortrap_es/healthdeductortrap_es.object	/shortdescription	/shortdescription	pointer-string	Health Deductor	체력 감산기
/objects/relicdungeon/health/healthgivertrap_es/healthgivertrap_es.object	/description	/description	pointer-string	A mechanism that fires projectiles to change the amount of health a Health Orb has.	체력 구슬의 체력 양을 변경하는 발사체를 발사하는 메커니즘.
/objects/relicdungeon/health/healthgivertrap_es/healthgivertrap_es.object	/shortdescription	/shortdescription	pointer-string	Health Giver	체력 증산기
/objects/relicdungeon/health/healthorbspawner_es/healthorbspawner_es.object	/description	/description	pointer-string	A mechanism that fires a healing orb upon activation.	활성화 시 치유 구슬을 발사하는 메커니즘.
/objects/relicdungeon/health/healthorbspawner_es/healthorbspawner_es.object	/shortdescription	/shortdescription	pointer-string	Health Orb Spawner	치유 구슬 생성기
/objects/relicdungeon/health/healthrelicchest_es/healthrelicchest_es.object	/description	/description	pointer-string	A chest with glowing strips of blue light.	파란 빛줄기가 빛나는 상자.
/objects/relicdungeon/health/healthrelicchest_es/healthrelicchest_es.object	/shortdescription	/shortdescription	pointer-string	Vitalium Dungeon Chest	비탈리움 던전 상자
/objects/relicdungeon/health/healthrelicchest_es/healthrelicchestlock_es.object	/description	/description	pointer-string	A chest designed to unlock something upon inserting an item.	아이템을 삽입하면 무언가를 잠금 해제하는 상자.
/objects/relicdungeon/health/healthrelicchest_es/healthrelicchestlock_es.object	/shortdescription	/shortdescription	pointer-string	Vitalium Lock Chest	비탈리움 잠금 상자
/objects/relicdungeon/health/healthrelicteleporter_es/healthrelicteleporter_es.object	/description	/description	pointer-string	A door with a heart-shaped light fixed to it.	하트 모양의 빛이 고정된 문.
/objects/relicdungeon/health/healthrelicteleporter_es/healthrelicteleporter_es.object	/shortdescription	/shortdescription	pointer-string	Relic Door	유물 문
/objects/relicdungeon/health/healthtransitiondoor_es/healthtransitiondoor_es.object	/description	/description	pointer-string	A force field which can only be passed through one way.	한 방향으로만 통과할 수 있는 힘의 장.
/objects/relicdungeon/health/healthtransitiondoor_es/healthtransitiondoor_es.object	/shortdescription	/shortdescription	pointer-string	Force Field	포스 필드
/objects/relicdungeon/mining/miningrelicteleporter/miningrelicteleporter.object	/description	/description	pointer-string	A door with a pickaxe-shaped light fixed to it.	곡괭이 모양의 빛이 고정된 문.
/objects/relicdungeon/mining/miningrelicteleporter/miningrelicteleporter.object	/shortdescription	/shortdescription	pointer-string	Relic Door	유물 문
/objects/spawner/ims_threatlevel_es.object	/shortdescription	/shortdescription	pointer-string	Invisible Monster Spawner	보이지 않는 몬스터 생성기
/objects/supervoid/supervoidbackground/supervoidbackground.object	/description	/description	pointer-string	Background of phase 2 boss fight.	2단계 보스전 배경.
/objects/supervoid/supervoidbackground/supervoidbackground.object	/shortdescription	/shortdescription	pointer-string	Supervoid Background	초공허 배경
/objects/teleporter/brokenshipteleporter/brokenshipteleporter.object	/description	/description	pointer-string	A ship teleporter that is broken.	고장난 우주선 텔레포터.
/objects/teleporter/brokenshipteleporter/brokenshipteleporter.object	/shortdescription	/shortdescription	pointer-string	Broken Ship Teleporter	고장난 우주선 텔레포터
/objects/teleporter/supervoidteleporter/supervoidteleporter.object	/shortdescription	/shortdescription	pointer-string	Supervoid Teleporter	초공허 텔레포터
/objects/teleporter/supervoidteleporter/supervoidteleporter2.object	/description	/description	pointer-string	Go to the second phase!	2단계로 가세요!
/objects/teleporter/supervoidteleporter/supervoidteleporter2.object	/shortdescription	/shortdescription	pointer-string	Supervoid Checkpoint	초공허 체크포인트
/objects/teleporter/supervoidteleporter/supervoidteleporternode.object	/description	/description	pointer-string	A supervoid node!	초공허 노드!
/objects/teleporter/supervoidteleporter/supervoidteleporternode.object	/shortdescription	/shortdescription	pointer-string	Supervoid Node	슈퍼보이드 노드
/objects/traps/fallingicicletrap_es/fallingicicletrap_es.object	/description	/description	pointer-string	An icicle that is about to fall.	곧 떨어질 것 같은 고드름.
/objects/traps/fallingicicletrap_es/fallingicicletrap_es.object	/shortdescription	/shortdescription	pointer-string	Loose Icicle	느슨한 고드름
/objects/traps/icespiketrap_es/icespiketrap_es.object	/description	/description	pointer-string	This trap fires ice spikes to deter invaders.	이 함정은 침입자를 막기 위해 얼음 가시를 발사합니다.
/objects/traps/icespiketrap_es/icespiketrap_es.object	/shortdescription	/shortdescription	pointer-string	Ice Spike Trap	얼음 가시 함정
/objects/traps/miningrelicbluetrap/miningrelicbluetrap.object	/description	/description	pointer-string	This trap fires globes to deter invaders.	이 함정은 구체를 발사하여 침입자를 막습니다.
/objects/traps/miningrelicbluetrap/miningrelicbluetrap.object	/shortdescription	/shortdescription	pointer-string	Blue Globe Trap	푸른 구체 함정
/objects/traps/poisoncrystaltrap/poisoncrystaltrap.object	/description	/description	pointer-string	A crystal trap designed to deter invaders.	침입자를 막기 위해 설계된 수정 함정.
/objects/traps/poisoncrystaltrap/poisoncrystaltrap.object	/shortdescription	/shortdescription	pointer-string	Poison Crystal Trap	독 수정 함정
/objects/voltage/electricportal/electricportal.object	/description	/description	pointer-string	A portal with mysterious properties.	신비한 성질을 지닌 포탈.
/objects/voltage/electricportal/electricportal.object	/shortdescription	/shortdescription	pointer-string	Electric Portal	전기 포탈
/objects/voltage/electricportal/electricreturnportal.object	/description	/description	pointer-string	A portal with mysterious properties.	신비한 성질을 지닌 포탈.
/objects/voltage/electricportal/electricreturnportal.object	/shortdescription	/shortdescription	pointer-string	Abyss Return Portal	심연 귀환 포탈
/objects/voltage/sandrock1/sandrock1.object	/description	/description	pointer-string	A compressed sand rock	압축된 모래암석
/objects/voltage/sandrock1/sandrock1.object	/shortdescription	/shortdescription	pointer-string	Compressed Sand Rock	압축된 모래암석
/objects/voltage/sandrock2/sandrock2.object	/description	/description	pointer-string	A compressed sand rock	압축된 모래암석
/objects/voltage/sandrock2/sandrock2.object	/shortdescription	/shortdescription	pointer-string	Compressed Sand Rock	압축된 모래암석
/objects/voltage/sandrock3/sandrock3.object	/description	/description	pointer-string	A compressed sand rock	압축된 모래암석
/objects/voltage/sandrock3/sandrock3.object	/shortdescription	/shortdescription	pointer-string	Compressed Sand Rock	압축된 모래암석
/objects/voltage/sandrock4/sandrock4.object	/description	/description	pointer-string	A compressed sand rock	압축된 모래암석
/objects/voltage/sandrock4/sandrock4.object	/shortdescription	/shortdescription	pointer-string	Compressed Sand Rock	압축된 모래암석
/objects/voltage/sandrock5/sandrock5.object	/description	/description	pointer-string	A compressed sand rock	압축된 모래암석
/objects/voltage/sandrock5/sandrock5.object	/shortdescription	/shortdescription	pointer-string	Compressed Sand Rock	압축된 모래암석
/quests/mission/kill_cyberboss.questtemplate	/text	/text	pointer-string	...There...Are some coordinates on this ^green;cyber core^white;. Maybe there will be some ^orange;awesome things^white; there. I'll input the coordinates into SAIL and see where it leads to.	...여기에...좌표가 적혀있어.^green;사이버 코어^white;. 아마도 거기에^orange;멋진 것들이 있을지도 몰라.^white;좌표를 SAIL에 입력하고 어디로 가는지 확인해볼게.
/quests/mission/kill_cyberboss.questtemplate	/completionText	/completionText	pointer-string	The giant aircraft that I fought was truly intimidating. It dropped a weapon amplifier. Perhaps I could make use of this in some way.	내가 싸운 거대한 항공기는 정말 위협적이었어. 무기 증폭기를 떨어뜨렸는데, 이걸 어떻게든 활용할 수 있을 것 같아.
/quests/mission/ruinseedquest.questtemplate	/text	/text	pointer-string	A cluster of ruin material has suddenly hit a nearby planet and is starting to infect it. You should definitely destroy it to prevent the ruin from spreading without notice. I gave the coordinates for the world to your SAIL.	파괴된 물질 덩어리가 근처 행성에 갑자기 떨어져 감염을 시작했어. 이 감염이 눈치채지 못하게 퍼지기 전에 반드시 파괴해야 해. 그 세계의 좌표를 SAIL에 전달했어.
/quests/mission/ruinseedquest.questtemplate	/completionText	/completionText	pointer-string	Thanks for destroying the creature on that planet. It certainly would have spread to a point where it is impossible to destroy all of the infected planets.	그 행성의 생물을 파괴해줘서 고마워. 확실히 감염된 행성들을 모두 파괴할 수 없을 정도로 퍼졌을 거야.
/quests/outpost/collectabyssartifact.questtemplate	/text	/text	pointer-string	The ^orange;abyss artifact^reset; is found in the ^green;Dark Abyss Dimension^reset;, which is known for being extremely unsettling. Portals to this dimension are located in ^#666666;dark abyss^reset; worlds.	그^orange;심연의 유물^reset;는^green;어둠의 심연 차원^reset;에서 발견되며, 이 차원은 매우 불안한 것으로 알려져 있어. 이 차원으로 가는 포탈은^#666666;모드의 방어구를 다루는 책.^reset;세계에 위치해 있어.
/quests/outpost/collectelectricartifact.questtemplate	/text	/text	pointer-string	The ^orange;electric artifact^reset; is located in the ^green;Voltage Dimension^reset;. You need to be more prepared than before for this one. Portals for this dimension are located in ^#a083df;voltage^reset; worlds.	그^orange;전기 유물^reset;는^green;전압 차원^reset;에 위치해 있어. 이번에는 이전보다 더 준비가 필요할 거야. 이 차원으로 가는 포탈은^#a083df;전압^reset;세계에 위치해 있어.
/quests/outpost/collectfireartifact.questtemplate	/text	/text	pointer-string	The ^orange;fire artifact^reset; is found in the ^green;Burning Dimension^reset;. I advise that you get any kind of distortion sphere for this one. Portals for this dimension are located in ^#c96c28;raging infernos^reset;.	그^orange;불 유물^reset;는^green;불타는 차원^reset;에 위치해 있어. 이 차원에서는 왜곡 구체를 준비하는 것이 좋을 거야. 이 차원으로 가는 포탈은^#c96c28;격렬한 불길^reset;를 유발할 수 있습니다.
/quests/outpost/collecticeartifact.questtemplate	/text	/text	pointer-string	The ^orange;ice artifact^reset; is found in the ^green;Frozen Dimension^reset;. It's more open than the other ones. Portals for this dimension are located in ^#a6ceff;permafrost^reset; worlds.	그^orange;얼음 유물^reset;는^green;얼어붙은 차원^reset;에 위치해 있어. 다른 차원들보다 더 개방적이야. 이 차원으로 가는 포탈은^#a6ceff;영구 동토층^reset;세계에 위치해 있어.
/quests/outpost/collectpoisonartifact.questtemplate	/text	/text	pointer-string	The ^orange;poison artifact^reset; is found in the ^green;Irradiated Dimension^reset;, which tests several skills that you learned. Portals for this dimension are located in ^#02da06;nuclear wasteland^reset; worlds.	그^orange;독 유물^reset;는^green;방사능 차원^reset;에 위치해 있으며, 네가 배운 여러 기술들을 시험할 거야. 이 차원으로 가는 포탈은^#02da06;핵 폐기물 지대^reset;세계에 위치해 있어.
/quests/outpost/destroysupervoideye.questtemplate	/text	/text	pointer-string	All of the artifacts have been collected. The ^green;Supervoid Eye^reset; is a terrorizer of all universes, as it will absorb the energy of any universe in its wake. It is best that you proceed with caution and kill it on sight. You can get to it by locating a ^orange;Supervoid Node^reset;, which should be easy because of Supervoid Worlds.	모든 유물이 수집되었어. 그^green;슈퍼보이드 아이^reset;는 모든 우주를 공포에 빠뜨리는 존재로, 지나가는 모든 우주의 에너지를 흡수할 거야. 신중하게 접근하고, 발견 즉시 처치하는 것이 좋을 거야. 슈퍼보이드 세계를 통해 쉽게 찾을 수 있을 거야.^orange;슈퍼보이드 노드^reset;, 이걸 찾으면 쉽게 접근할 수 있을 거야.
/quests/outpost/destroysupervoideye.questtemplate	/completionText	/completionText	pointer-string	The universe has been saved again. The biggest threat to the multiverse has been destroyed!	우주는 다시 구원되었어. 다중우주에 대한 가장 큰 위협이 파괴되었어!
/stats/effects/abysseffect/abysseffect.statuseffect	/label	/label	pointer-string	Fading - You are fading from reality	사라짐 - 당신은 현실에서 사라지고 있습니다
/stats/effects/abysslevitate/abysslevitate.statuseffect	/label	/label	pointer-string	Levitated - Levitated by the Abyssal Gazer	부유 - 심연의 응시자에 의해 부유 중
/stats/effects/ancientflight/ancientflight.statuseffect	/label	/label	pointer-string	Ancient Flight - This effect has been replaced by the Ancient Sphere	고대 비행 - 이 효과는 고대 구체로 대체되었습니다
/stats/effects/ancienthealercooldown/ancienthealercooldown.statuseffect	/label	/label	pointer-string	Essence Poisoning - Ancient Healer is unusable	정수 중독 - 고대 치유자는 사용할 수 없습니다
/stats/effects/ancientsetbonus/ancientsetbonus.statuseffect	/label	/label	pointer-string	Ancient Power - 33% chance of nearby monsters exploding every hit	고대의 힘 - 근처 몬스터가 매 타격마다 33% 확률로 폭발합니다
/stats/effects/antimatterfreeze/antimatterfreeze.statuseffect	/label	/label	pointer-string	Freeze frame - Cannot move until ability ends	정지 화면 - 능력이 끝날 때까지 움직일 수 없습니다
/stats/effects/bacterialacid/bacterialacid.statuseffect	/label	/label	pointer-string	Acidic Bacteria - The bacteria is digesting you alive!	산성 박테리아 - 박테리아가 당신을 살아있는 채로 소화하고 있습니다!
/stats/effects/biomeblaze/biomeblaze.statuseffect	/label	/label	pointer-string	Burning Air - You are being cooked alive by burning air	불타는 공기 - 당신은 불타는 공기에 의해 살아있는 채로 요리되고 있습니다
/stats/effects/biomeelectric/biomeelectric.statuseffect	/label	/label	pointer-string	Charged Air - The air is filled with conductive gasses that cause high electrical current	충전된 공기 - 공기가 전도성 가스로 가득 차 있어 높은 전류를 발생시킵니다
/stats/effects/biomefreezing/biomefreezing.statuseffect	/label	/label	pointer-string	Extreme Cold - You experience extreme hypothermia	극한의 추위 - 당신은 극심한 저체온증을 겪고 있습니다
/stats/effects/biomeplutonium/biomeplutonium.statuseffect	/label	/label	pointer-string	Unreal Radiation - The radiation will kill you in 60 seconds	비현실적인 방사선 - 방사선이 60초 안에 당신을 죽일 것입니다
/stats/effects/blinded_es/blinded_es.statuseffect	/label	/label	pointer-string	Blinded - You cannot see anything	실명 - 아무것도 볼 수 없습니다
/stats/effects/chaoticvoid/chaoticvoid.statuseffect	/label	/label	pointer-string	Chaotic Void - You are being consumed by darkness	혼돈의 공허 - 당신은 어둠에 의해 삼켜지고 있습니다
/stats/effects/decayingair/decayingair.statuseffect	/label	/label	pointer-string	Decaying Air - The foul air is extremely strong	부패하는 공기 - 악취 나는 공기가 매우 강합니다
/stats/effects/decayingair/rotaura2.statuseffect	/label	/label	pointer-string	Decay - You're decaying from the rot aura's effects	부패 - 당신은 부패의 오라 효과로 인해 썩어가고 있습니다
/stats/effects/destroyereffect/armageddondeath.statuseffect	/label	/label	pointer-string	You have met your end	당신은 최후를 맞이했습니다
/stats/effects/destroyereffect/destroyereffect.statuseffect	/label	/label	pointer-string	Armageddon - You will meet your end once the timer runs out	아마겟돈 - 타이머가 끝나면 당신은 최후를 맞이할 것입니다
/stats/effects/destroyerspawn/destroyerspawnstage1.statuseffect	/label	/label	pointer-string	Your doom is approaching.	당신의 파멸이 다가오고 있습니다.
/stats/effects/destroyerspawn/destroyerspawnstage2.statuseffect	/label	/label	pointer-string	Your doom is approaching..	당신의 파멸이 다가오고 있습니다..
/stats/effects/destroyerspawn/destroyerspawnstage3.statuseffect	/label	/label	pointer-string	Your doom is approaching...	당신의 파멸이 다가오고 있습니다...
/stats/effects/destroyerspawn/destroyerspawnstage4.statuseffect	/label	/label	pointer-string	Your doom is approaching....	당신의 파멸이 다가오고 있습니다....
/stats/effects/empeffect/empeffect.statuseffect	/label	/label	pointer-string	EMP Stun - Total energy drainage!	EMP 기절 - 에너지가 완전히 소진되었습니다!
/stats/effects/essencedrain/essencedrain.statuseffect	/label	/label	pointer-string	Essence Drain - Your vitality essence is being drained by the void.	정수 소모 - 당신의 생명 정수가 공허에 의해 소모되고 있습니다.
/stats/effects/frostburn_es/frostburn_es.statuseffect	/label	/label	pointer-string	Frostburn - You are burning and freezing. Wait what?	서리 화상 - 당신은 불타고 있으며 동시에 얼어붙고 있습니다. 뭐라고?
/stats/effects/frostmushresistance/frostmushresistance.statuseffect	/label	/label	pointer-string	Ice Resistance (Frostburn Mushrooms)	얼음 저항 (서리 화상 버섯)
/stats/effects/gamma-rays/gammarays.statuseffect	/label	/label	pointer-string	Ancient Fire - You are burning away due to ancient energy	고대의 불 - 당신은 고대 에너지로 인해 불타고 있습니다
/stats/effects/heal/ancientheal.statuseffect	/label	/label	pointer-string	Healing	치유
/stats/effects/heal/ancientheal2.statuseffect	/label	/label	pointer-string	Healing	치유
/stats/effects/healimpaired_es/healimpaired_es.statuseffect	/label	/label	pointer-string	Crippled Healing - Healing items cannot be used.	치유 불능 - 치유 아이템을 사용할 수 없습니다.
/stats/effects/healthplague_es/healthplague_es.statuseffect	/label	/label	pointer-string	Health Plague - Constantly taking damage	건강 역병 - 지속적으로 피해를 입고 있습니다
/stats/effects/ionized/ionized.statuseffect	/label	/label	pointer-string	Ionized - Ionizing radiation sickness	이온화 - 이온화 방사선 병
/stats/effects/lifesteal-enemy_es/lifesteal-enemy_es.statuseffect	/label	/label	pointer-string	Life Steal	생명 흡수
/stats/effects/lifesteal-player_es/lifesteal-player_es.statuseffect	/label	/label	pointer-string	Life Steal	생명 흡수
/stats/effects/melting2_es/melting2_es.statuseffect	/label	/label	pointer-string	Vaporizing - You are vaporizing from the heat of the super-heated lava	증발 - 당신은 과열된 용암의 열로 인해 증발하고 있습니다
/stats/effects/nitrogeneffect/nitrogeneffect.statuseffect	/label	/label	pointer-string	Extreme Frostbite - You are dying from extremely low temperatures	극한 동상 - 당신은 극도로 낮은 온도로 인해 죽어가고 있습니다
/stats/effects/oblivioneffect_es/oblivioneffect_es.statuseffect	/label	/label	pointer-string	Annihilated - You're going to die.	전멸 - 당신은 죽을 것입니다.
/stats/effects/putridair/putridair.statuseffect	/label	/label	pointer-string	Putrid Air - The rotten air causes you to rot away	썩은 공기 - 썩은 공기가 당신을 부패시키고 있습니다
/stats/effects/putridairimmunity/antirotstim.statuseffect	/label	/label	pointer-string	Anti-Rot - The healing water protects you from the effects of rotten air	부패 방지 - 치유의 물이 썩은 공기의 영향을 막아줍니다
/stats/effects/rotaura/rotaura.statuseffect	/label	/label	pointer-string	Aura of Decay - Nearby monsters will rot.	부패의 오라 - 근처 몬스터가 썩어갈 것입니다.
/stats/effects/shocked/shocked.statuseffect	/label	/label	pointer-string	Shocked - You are being attacked by living lightning	충격 - 당신은 살아있는 번개에 의해 공격받고 있습니다
/stats/effects/spheredeactivater/spheredeactivater.statuseffect	/label	/label	pointer-string	Broken Ancient Sphere - Your ancient sphere is not functioning properly	고장난 고대 구체 - 당신의 고대 구체가 제대로 작동하지 않습니다
/stats/effects/supervoidhex/supervoidhex.statuseffect	/label	/label	pointer-string	Ocular Despair - Damage significantly decreased and healing is less effective	눈의 절망 - 피해가 크게 감소하고 치유가 덜 효과적입니다
/stats/effects/supervoidsickness/supervoidsickness.statuseffect	/label	/label	pointer-string	??? - An evil presence is watching you.	??? - 악한 존재가 당신을 지켜보고 있습니다.
/stats/effects/ultimatiumshield/ultimatiumshield.statuseffect	/label	/label	pointer-string	Ultimatium Shield - Complete resistance to everything temporarily	궁극 방패 - 모든 것에 대한 일시적인 완전 저항
/tech/dash/quickblink.tech	/description	/description	pointer-string	Quickly blink across different areas! Energy Cost: 50. Cooldown: 0.8s	빠르게 다른 지역으로 순간이동하세요! 에너지 소모: 50. 재사용 대기시간: 0.8초
/tech/dash/sprint2_es.tech	/description	/description	pointer-string	Sprinting at a much faster rate at the cost of more energy.	더 많은 에너지를 소모하여 훨씬 빠르게 달리세요.
/tech/distortionsphere/greaterjumpsphere.tech	/description	/description	pointer-string	Turn into a sphere that has multiple abilities ^green;[F]	여러 능력을 가진 구체로 변신하세요^green;[F]
/tech/distortionsphere/jumpsphere.tech	/description	/description	pointer-string	Turn into a sphere that has higher mobility! ^green;[F]	더 높은 기동성을 가진 구체로 변신하세요!^green;[F]
/tech/distortionsphere/lesserjumpsphere.tech	/description	/description	pointer-string	Turn into a sphere that has higher mobility! ^green;[F]	더 높은 기동성을 가진 구체로 변신하세요!^green;[F]
/tech/jump/multijump2_es.tech	/description	/description	pointer-string	3 full additional jumps.	추가로 3번의 완전한 점프가 가능합니다.
/tech/jump/multijump3_es.tech	/description	/description	pointer-string	5 full additional jumps.	추가로 5번의 완전한 점프가 가능합니다.
/tech/jump/multijump4_es.tech	/description	/description	pointer-string	10 full jumps. What an impressive talent!	10번의 완전한 점프가 가능합니다. 정말 인상적인 재능이군요!
/tech/unique/adminancientflight.tech	/description	/description	pointer-string	Turn into a sphere that allows flight! ^green;[F] ^yellow;Admin Version	비행이 가능한 구체로 변신하세요!^green;[F]^yellow;관리자 버전
/tech/unique/ancientflight.tech	/description	/description	pointer-string	Turn into a sphere that allows flight! ^green;[F]	비행이 가능한 구체로 변신하세요!^green;[F]
