kind	asset	pointer	english	korean
glitch	/items/MATERIALS/Platforms/saturnbirchplatform.matitem.patch	/glitchdescription	Delighted. These ornate platforms have been finely sanded and finished.	아주 기뻐하는. 이 화려한 플랫폼은 정밀하게 샌딩되고 마감되었습니다.
glitch	/items/MATERIALS/Platforms/saturnebonyplatform.matitem.patch	/glitchdescription	Delighted. These ornate platforms have been finely sanded and finished.	아주 기뻐하는. 이 화려한 플랫폼은 정밀하게 샌딩되고 마감되었습니다.
glitch	/items/MATERIALS/Platforms/saturnmahoplatform.matitem.patch	/glitchdescription	Delighted. These ornate platforms have been finely sanded and finished.	아주 기뻐하는. 이 화려한 플랫폼은 정밀하게 샌딩되고 마감되었습니다.
glitch	/items/MATERIALS/Platforms/saturnoakplatform.matitem.patch	/glitchdescription	Delighted. These ornate platforms have been finely sanded and finished.	아주 기뻐하는. 이 화려한 플랫폼은 정밀하게 샌딩되고 마감되었습니다.
glitch	/items/MATERIALS/atprk_krakothplatform.matitem.patch	/glitchdescription	Neutral. An ancient metal platform.	중립. 고대 금속 발판입니다.
glitch	/items/MATERIALS/atprk_radiotrophicwood.matitem.patch	/glitchdescription	Neutral. A piece of alien radiotrophic wood.	중립. 외계의 방사영양성 목재 조각입니다.
glitch	/items/MATERIALS/centens/centensplatform.matitem.patch	/glitchDescription	Statement. An ancient metal platform.	진술. 고대 금속 발판입니다.
glitch	/items/MATERIALS/platform2.matitem.patch	/glitchdescription	Neutral. A wooden platform.	중립. 나무 발판이에요.
glitch	/items/materials/burningbrick.matitem.patch	/glitchDescription	Observant. These bricks are made from extremely hot stone.	관찰 중. 이 벽돌들은 극도로 뜨거운 돌로 만들어졌습니다.
glitch	/items/materials/burningbrick2.matitem.patch	/glitchdescription	Imtimidated. These stone slabs have an eerie green glow.	주눅 드네요. 이 돌 석판들은 섬뜩한 초록 빛을 냅니다.
glitch	/items/materials/chargedbrick.matitem.patch	/glitchDescription	Observant. These bricks are made from extremely hot stone.	관찰 중. 이 벽돌들은 극도로 뜨거운 돌로 만들어졌습니다.
glitch	/items/materials/fogblock.matitem.patch	/glitchdescription	Confused. How can you walk on this stuff?	혼란. 이걸 어떻게 걸어다녀요?
glitch	/items/materials/fogblockpacked.matitem.patch	/glitchDescription	Analysing. This block is very dense.	분석 중. 이 블록은 매우 조밀합니다.
glitch	/items/materials/halloweencobblestone.matitem.patch	/glitchDescription	Facinated. These cobblestones are naturally smooth and spooky.	매혹. 이 자갈돌은 자연스럽게 매끄럽고 으스스해요.
glitch	/items/materials/halloweendirt.matitem.patch	/glitchdescription	Indifferent. This is basic and spooky soil.	무관심. 기본적이고 으스스한 흙이네요.
glitch	/items/materials/permafrostblock_es.matitem.patch	/glitchDescription	Observant. This ice-like material is much harder than standard ice.	관찰. 이 얼음 같은 재질은 표준 얼음보다 훨씬 단단하네요.
glitch	/items/materials/permafrostbrick_es.matitem.patch	/glitchDescription	Amazed. This brick looks cool.	놀랍네요. 이 벽돌 멋있어 보여요.
glitch	/items/materials/radioactivematerial.matitem.patch	/glitchdescription	Analysing. A pile of deadly waste.	분석 중. 치명적 폐기물 더미입니다.
glitch	/items/materials/radioactivewalls1.matitem.patch	/glitchdescription	Imtimidated. These stone slabs have an eerie green glow.	주눅 드네요. 이 돌 석판들은 섬뜩한 초록 빛을 냅니다.
glitch	/items/materials/radioactivewalls2.matitem.patch	/glitchdescription	Surprised. These small stone bricks remain intact even if they are irradiated.	놀람. 이 작은 돌벽돌은 방사능에도 온전하네요.
glitch	/items/sheilaworkshop/black_other/titansteelslopedfloor/titansteelslopedfloor.matitem.patch	/glitchDescription	Quaint. Flooring of titansteel.	고풍스럽네요. 타이탄강 바닥입니다.
glitch	/items/sheilaworkshop/black_other/titansteelslopedglass/titansteelslopedglass.matitem.patch	/glitchDescription	Observant. A glass pane made for titansteel buildings.	관찰. 타이탄스틸 건물용 유리판이네요.
glitch	/items/sheilaworkshop/black_other/titansteelstripedfloor/titansteelstripedfloor.matitem.patch	/glitchDescription	Quaint. Flooring of titansteel.	고풍스럽네요. 타이탄강 바닥입니다.
glitch	/materials/gic_besserbrick.matitem.patch	/glitchDescription	Impressed. These are bricks with thick steel beams running through them for increased strength.	감탄. 강도를 높이는 두꺼운 강철보가 지나가는 벽돌이네요.
glitch	/materials/gic_lunarcrete.matitem.patch	/glitchDescription	Unaquainted. This is Lunarcrete, which isn't concrete yet at the same time, is.	생소함. 이것은 루나크리트(Lunarcrete)로, 콘크리트이면서도 동시에 콘크리트가 아니다.
glitch	/materials/gic_permafrost.matitem.patch	/glitchDescription	Neutral. Permafrost material.	중립. 영구동토 재질이에요.
glitch	/objects/BACKGROUND_PROP/gic_brokenmotiondetector/gic_brokenmotiondetector.object.patch	/glitchDescription	Analysis. This sensor is damaged.	분석. 이 센서는 손상됐습니다.
glitch	/objects/CIVILIAN/gic_arcadestarburner/gic_arcadestarburner.object.patch	/glitchDescription	Curious. This game portrays Earth Air Battles in a shockingly realistic fashion.	호기심. 이 게임은 지구 공중전을 충격적으로 사실적으로 그렸네요.
glitch	/objects/CIVILIAN/gic_arcadestarburner2/gic_arcadestarburner2.object.patch	/glitchDescription	Curious. This game portrays Earth Air Battles in a fun sense.	호기심. 이 게임은 지구 공중전을 재밌게 그렸네요.
glitch	/objects/CIVILIAN/gic_flatcomputer/gic_flatcomputer.object.patch	/glitchDescription	Appreciative. What a stunning machine. This one is capable of handling military software.	감사해요. 멋진 기계네요. 이건 군사 소프트웨어를 다룰 수 있어요.
glitch	/objects/CIVILIAN/gic_locker_locked/gic_locker_locked.object.patch	/glitchDescription	Thoughtful. This locker is actually locked.	사려 깊게. 이 사물함은 정말로 잠겨 있네요.
glitch	/objects/CIVILIAN/gic_lootable_wreckturbines/gic_lootable_wreckturbine.object.patch	/glitchDescription	Interested. A turbine that accepts an unidentified type of fuel. There could be something in here.	흥미. 미확인 종류 연료를 받는 터빈이네요. 안에 뭐가 있을 수 있어요.
glitch	/objects/CIVILIAN/gic_metaldetector/gic_metaldetector.object.patch	/glitchDescription	Cautious. This metal detector would detect me regardless of my gear.	주의. 이 금속 탐지기는 장비와 무관하게 저를 탐지할 겁니다.
glitch	/objects/CIVILIAN/gic_modernbookcase/gic_modernbookcase.object.patch	/glitchDescription	Interested. This bookcase is stocked with various human books ranging from how to preserve foods with salt to keeping your weapons clean.	흥미. 이 책장엔 소금으로 음식 보존하는 법부터 무기 청소까지 다양한 인간 책이 있네요.
glitch	/objects/CIVILIAN/gic_officefile1/gic_officefile1.object.patch	/glitchDescription	Bored. Nothing interesting here except papers.	지루하네요. 서류 말고는 흥미로운 게 없습니다.
glitch	/objects/CIVILIAN/gic_officefile2/gic_officefile2.object.patch	/glitchDescription	Bored. Nothing interesting here except papers.	지루하네요. 서류 말고는 흥미로운 게 없습니다.
glitch	/objects/CIVILIAN/gic_radiojammer/gic_radiojammer.object.patch	/glitchDescription	Interested. This machine sends out radio static to block out signals.	흥미. 이 기계는 신호를 차단하는 무선 잡음을 내보내네요.
glitch	/objects/CIVILIAN/gic_talllocker_locked/gic_talllocker_locked.object.patch	/glitchDescription	Thoughtful. This locker is actually locked.	사려 깊게. 이 사물함은 정말로 잠겨 있네요.
glitch	/objects/CIVILIAN/gic_typewriter/gic_typewriter.object.patch	/glitchDescription	Confused. This looks like a Glitch Cash Register but there's a piece of paper sticking out of it.	혼란. 글리치 금전등록기처럼 생겼는데 종이가 튀어나와 있어요.
glitch	/objects/CORPSES/BLOOD/gic_smallbloodstain/gic_smallbloodstain.object.patch	/glitchDescription	Shocked. There's blood still fresh on the wall!	충격. 벽에 아직 선혈이 남아있어요!
glitch	/objects/CORPSES/gic_captaincorpse/gic_captaincorpse.object.patch	/glitchDescription	Attentive. He may be carrying something.	주의. 뭔가 갖고 있을지도요.
glitch	/objects/CRAFTING/LEGACY_CRAFTING/gic_munitionsworkbench/gic_munitionsworkbench.object.patch	/glitchDescription	Confused. I need to make these weapons in parts?	혼란. 이 무기들을 부품으로 만들어야 해요?
glitch	/objects/CRAFTING/atprk_esupgradestationsmall/atprk_esupgradestationsmall.object.patch	/glitchDescription	Excited. I can upgrade my already powerful weapons here!	신남. 이미 강력한 무기를 여기서 업그레이드할 수 있어요!
glitch	/objects/CRAFTING/gic_ija_grave_iwashita/gic_ija_grave_iwashita.object.patch	/glitchDescription	Confused. I need to make these weapons in parts?	혼란. 이 무기들을 부품으로 만들어야 해요?
glitch	/objects/CRAFTING/nmm_chocolatefountain/chocolatefountain.object.patch	/glitchDescription	Panicked. I don't have anything to say!	당황. 할 말이 없습니다!
glitch	/objects/CRAFTING/nmm_multiversegoods/mvgmini.object.patch	/glitchDescription	Panicked. I don't have anything to say!	당황. 할 말이 없습니다!
glitch	/objects/CRAFTING/nmm_protectorateprinter/protectorateprinter.object.patch	/glitchDescription	Panicked. I don't have anything to say!	당황. 할 말이 없습니다!
glitch	/objects/CRAFTING/nmm_refixelizer/refixelizer.object.patch	/glitchDescription	Panicked. I don't have anything to say!	당황. 할 말이 없습니다!
glitch	/objects/CRAFTING/nmm_restorationstation/restorationstation.object.patch	/glitchDescription	Panicked. I don't have anything to say!	당황. 할 말이 없습니다!
glitch	/objects/CRAFTING/nmm_restorationstation/restorationstation2.object.patch	/glitchDescription	Panicked. I don't have anything to say!	당황. 할 말이 없습니다!
glitch	/objects/CRAFTING/nmm_thecraftingthing/anvilonrope.object.patch	/glitchDescription	Panicked. I don't have anything to say!	당황. 할 말이 없습니다!
glitch	/objects/CRAFTING/nmm_thecraftingthing/whatthefuck.object.patch	/glitchDescription	Panicked. I don't have anything to say!	당황. 할 말이 없습니다!
glitch	/objects/CRAFTING/nnmm_starsuitcrafter2/starsuitcrafter.object.patch	/glitchDescription	Panicked. I don't have anything to say!	당황. 할 말이 없습니다!
glitch	/objects/CRAFTING/v-ancientfurnace/v-ancientfurnace.object.patch	/glitchDescription	Analysing. An ancient furnace used for smelting key components.	분석 중. 핵심 부품 제련에 쓰는 고대 용광로입니다.
glitch	/objects/EMBLEMS_AND_SIGNS/gic_decayedamericanemblem/gic_decayedamericanemblem.object.patch	/glitchDescription	Cautious. I've heard from the Protectorate that the Americans are evil people.	주의. 보호국에서 미국인이 사악한 사람들이라 들었습니다.
glitch	/objects/EMBLEMS_AND_SIGNS/gic_decayedrussianemblem/gic_decayedrussianemblem.object.patch	/glitchDescription	Cautious. I've heard from the Protectorate that the Russians are the most horrible people to ever exist.	주의. 보호국에서 러시아인이 역사상 가장 끔찍한 사람들이라 들었습니다.
glitch	/objects/EMBLEMS_AND_SIGNS/gic_floranliberationfront_banner/gic_floranliberationfront_banner.object.patch	/glitchDescription	Disgusted. The Floran Liberation Front are not the Florans I know!	혐오. 플로란 해방 전선은 내가 아는 플로란이 아니에요!
glitch	/objects/EMBLEMS_AND_SIGNS/gic_independentbanner/gic_independentbanner.object.patch	/glitchDescription	Statement. A banner with a cross.	진술. 십자가가 있는 깃발이네요.
glitch	/objects/GENERAL/WTF/general/on background/avalicenterpiece.object.patch	/glitchDescription	Observation. The Avali flag seems to be a wing motif imposed upon a circle icon.	관찰 결과. 아발리의 깃발은 원 아이콘에 날개를 모티브로 한 것 같습니다.
glitch	/objects/GENERAL/dreamcatcher/dreamcatcher1/giantavalidreamcatcher1.object.patch	/glitchDescription	Observation. The Avali flag seems to be a wing motif imposed upon a circle icon.	관찰 결과. 아발리의 깃발은 원 아이콘에 날개를 모티브로 한 것 같습니다.
glitch	/objects/GENERAL/dreamcatcher/dreamcatcher2/giantavalidreamcatcher2.object.patch	/glitchDescription	Observation. The Avali flag seems to be a wing motif imposed upon a circle icon.	관찰 결과. 아발리의 깃발은 원 아이콘에 날개를 모티브로 한 것 같습니다.
glitch	/objects/GENERAL/dreamcatcher/dreamcatcher3/giantavalidreamcatcher3.object.patch	/glitchDescription	Observation. The Avali flag seems to be a wing motif imposed upon a circle icon.	관찰 결과. 아발리의 깃발은 원 아이콘에 날개를 모티브로 한 것 같습니다.
glitch	/objects/GENERAL/flag/hangflags/avali_hangflags1/avali_hangflags1.object.patch	/glitchDescription	Observation. The Avali flag seems to be a wing motif imposed upon a circle icon.	관찰 결과. 아발리의 깃발은 원 아이콘에 날개를 모티브로 한 것 같습니다.
glitch	/objects/GENERAL/flag/hangflags/avali_hangflags10/avali_hangflags10.object.patch	/glitchDescription	Observation. The Avali flag seems to be a wing motif imposed upon a circle icon.	관찰 결과. 아발리의 깃발은 원 아이콘에 날개를 모티브로 한 것 같습니다.
glitch	/objects/GENERAL/flag/hangflags/avali_hangflags11/avali_hangflags11.object.patch	/glitchDescription	Observation. The Avali flag seems to be a wing motif imposed upon a circle icon.	관찰 결과. 아발리의 깃발은 원 아이콘에 날개를 모티브로 한 것 같습니다.
glitch	/objects/GENERAL/flag/hangflags/avali_hangflags12/avali_hangflags12.object.patch	/glitchDescription	Observation. The Avali flag seems to be a wing motif imposed upon a circle icon.	관찰 결과. 아발리의 깃발은 원 아이콘에 날개를 모티브로 한 것 같습니다.
glitch	/objects/GENERAL/flag/hangflags/avali_hangflags13/avali_hangflags13.object.patch	/glitchDescription	Observation. The Avali flag seems to be a wing motif imposed upon a circle icon.	관찰 결과. 아발리의 깃발은 원 아이콘에 날개를 모티브로 한 것 같습니다.
glitch	/objects/GENERAL/flag/hangflags/avali_hangflags2/avali_hangflags2.object.patch	/glitchDescription	Observation. The Avali flag seems to be a wing motif imposed upon a circle icon.	관찰 결과. 아발리의 깃발은 원 아이콘에 날개를 모티브로 한 것 같습니다.
glitch	/objects/GENERAL/flag/hangflags/avali_hangflags3/avali_hangflags3.object.patch	/glitchDescription	Observation. The Avali flag seems to be a wing motif imposed upon a circle icon.	관찰 결과. 아발리의 깃발은 원 아이콘에 날개를 모티브로 한 것 같습니다.
glitch	/objects/GENERAL/flag/hangflags/avali_hangflags4/avali_hangflags4.object.patch	/glitchDescription	Observation. The Avali flag seems to be a wing motif imposed upon a circle icon.	관찰 결과. 아발리의 깃발은 원 아이콘에 날개를 모티브로 한 것 같습니다.
glitch	/objects/GENERAL/flag/hangflags/avali_hangflags5/avali_hangflags5.object.patch	/glitchDescription	Observation. The Avali flag seems to be a wing motif imposed upon a circle icon.	관찰 결과. 아발리의 깃발은 원 아이콘에 날개를 모티브로 한 것 같습니다.
glitch	/objects/GENERAL/flag/hangflags/avali_hangflags6/avali_hangflags6.object.patch	/glitchDescription	Observation. The Avali flag seems to be a wing motif imposed upon a circle icon.	관찰 결과. 아발리의 깃발은 원 아이콘에 날개를 모티브로 한 것 같습니다.
glitch	/objects/GENERAL/flag/hangflags/avali_hangflags7/avali_hangflags7.object.patch	/glitchDescription	Observation. The Avali flag seems to be a wing motif imposed upon a circle icon.	관찰 결과. 아발리의 깃발은 원 아이콘에 날개를 모티브로 한 것 같습니다.
glitch	/objects/GENERAL/flag/hangflags/avali_hangflags8/avali_hangflags8.object.patch	/glitchDescription	Observation. The Avali flag seems to be a wing motif imposed upon a circle icon.	관찰 결과. 아발리의 깃발은 원 아이콘에 날개를 모티브로 한 것 같습니다.
glitch	/objects/GENERAL/flag/hangflags/avali_hangflags9/avali_hangflags9.object.patch	/glitchDescription	Observation. The Avali flag seems to be a wing motif imposed upon a circle icon.	관찰 결과. 아발리의 깃발은 원 아이콘에 날개를 모티브로 한 것 같습니다.
glitch	/objects/MILITARY/gic_navybunk/gic_navybunk.object.patch	/glitchDescription	Statement. Sleeping on this doesn't affect me an anyway.	진술. 이 위에서 자도 제게는 아무 영향이 없습니다.
glitch	/objects/MILITARY/gic_wallbunk/gic_wallbunk.object.patch	/glitchDescription	Statement. Sleeping on this doesn't affect me an anyway.	진술. 이 위에서 자도 제게는 아무 영향이 없습니다.
glitch	/objects/SPACE/gic_colonyvent/gic_colonyvent.object.patch	/glitchDescription	Comfortable. The air emanating from this vent that I techncally cannot breathe, is clean.	편안하네요. 이 환기구에서 나오는, 엄밀히 숨 쉴 수 없는 공기가 깨끗해요.
glitch	/objects/SPACE/gic_exhaust/gic_exhaust.object.patch	/glitchDescription	Interested. The combination of a simple exhaust port into a turbine is a rather ingenious idea.	흥미롭네요. 단순한 배기구를 터빈과 결합한 건 꽤 독창적인 발상입니다.
glitch	/objects/SPACE/gic_exhaust_bottom/gic_exhaust_bottom.object.patch	/glitchDescription	Interested. The combination of a simple exhaust port into a turbine is a rather ingenious idea.	흥미롭네요. 단순한 배기구를 터빈과 결합한 건 꽤 독창적인 발상입니다.
glitch	/objects/SPACE/gic_securityeyescanner/gic_securityeyescanner.object.patch	/glitchDescription	Thoughtful. This eye scanner has settings tailored for scanning the eyes for each individual species.	사려 깊어요. 이 안구 스캐너는 각 개별 종의 눈 스캔에 맞춤 설정이 있어요.
glitch	/objects/SPACE/gic_smallhumanturret/gic_smallhumanturret.object.patch	/glitchDescription	Critical. A hatch on the top of such a turret is a flaw in it's design.	치명적. 이런 포탑 꼭대기의 해치는 설계상 결함입니다.
glitch	/objects/SPACE/gic_smallhumanturret_bottom/gic_smallhumanturret_bottom.object.patch	/glitchDescription	Critical. A hatch on the top of such a turret is a flaw in it's design.	치명적. 이런 포탑 꼭대기의 해치는 설계상 결함입니다.
glitch	/objects/SPACE/gic_spacestationchair/gic_spacestationchair.object.patch	/glitchDescription	Impressed. Each leg of this chair is cut perfect right down to the nanometre.	감탄. 이 의자의 각 다리가 나노미터까지 완벽하게 잘렸어요.
glitch	/objects/SPACE/gic_spacestationcoffetable/gic_spacestationcoffeetable.object.patch	/glitchDescription	Sarcastic. Yes, a very interesting coffee table.	빈정. 네, 아주 흥미로운 커피 테이블이네요.
glitch	/objects/SPACE/gic_spacestationfridge/gic_spacestationfridge.object.patch	/glitchDescription	Intriguing. This fridge supports external methods of cooling.	흥미. 이 냉장고는 외부 냉각 방식을 지원하네요.
glitch	/objects/SPACE/gic_spacestationtable/gic_spacestationtable.object.patch	/glitchDescription	Sarcastic. Yes, a very interesting metal table.	빈정. 네, 아주 흥미로운 금속 탁자네요.
glitch	/objects/SPACE/gic_spacestationwallcabinet1/gic_spacestationwallcabinet1.object.patch	/glitchDescription	Unimpressed. A simple plastic wall cabinet.	감동 없네요. 그냥 플라스틱 벽 수납장입니다.
glitch	/objects/SPACE/gic_spacestationwallcabinet2/gic_spacestationwallcabinet2.object.patch	/glitchDescription	Unimpressed. A simple plastic wall cabinet.	감동 없네요. 그냥 플라스틱 벽 수납장입니다.
glitch	/objects/SPACE/gic_tvmonitor/gic_tvmonitor.object.patch	/glitchDescription	Cautious. I've heard rumors of faulty wiring from these 'televisions'.	주의. 이 '텔레비전'들의 배선 불량 소문을 들었습니다.
glitch	/objects/STAGE/gic_junctionbox_button/gic_junctionbox_button.object.patch	/glitchDescription	Factual. I need to turn these off to prevent the alarm going off from the doors.	사실. 문의 경보가 울리지 않게 이걸 꺼야 해요.
glitch	/objects/STAGE/gic_steamchimney/gic_steamchimney.object.patch	/glitchDescription	Bored. What a dull pipe.	지루하네요. 지루한 파이프로군요.
glitch	/objects/STANDARD/gic_bigcargocrate04/gic_bigcargocrate04.object.patch	/glitchDescription	These crates were marked with faction insignias — It is advisable to avoid stealing.	이 상자들은 세력 표장이 찍혔어요 — 절도를 피하는 게 바람직해요.
glitch	/objects/STATIC_VEHICLES/gic_crashedheli_back/gic_crashedheli_back.object.patch	/glitchDescription	Worried. That's the equivalent of being dismembered in Glitch terms.	걱정됨. 글리치식으로 말하면 분해되는 것과 같아요.
glitch	/objects/STATIC_VEHICLES/gic_crashedheli_front/gic_crashedheli_front.object.patch	/glitchDescription	Worried. I may end up like this if I'm not careful.	걱정됨. 조심 안 하면 이렇게 될지 몰라요.
glitch	/objects/STATIC_VEHICLES/gic_generic_izhkratoyo_technical/gic_generic_izhkratoyo_technical.object.patch	/glitchDescription	Relieved. This vehicle is operated by noone. Unfortunately the door is locked, preventing me from stealing it.	안심했어요. 이 차량을 조종하는 사람은 없네요. 아쉽게도 문이 잠겨 있어서 훔칠 수가 없어요.
glitch	/objects/STATIC_VEHICLES/gic_generic_izhkratoyo_utilityvehicle/gic_generic_izhkratoyo_utilityvehicle.object.patch	/glitchDescription	Relieved. This vehicle is operated by noone.	안심했어요. 이 차량을 조종하는 사람은 없네요.
glitch	/objects/STATIC_VEHICLES/gic_militarytransport/gic_militarytransport.object.patch	/glitchDescription		위압. 이 바퀴 달린 차량이 어떻게 두려움을 심어주네요.
glitch	/objects/STATIC_VEHICLES/gic_unitan_izhkratoyo_technical/gic_unitan_izhkratoyo_technical.object.patch	/glitchDescription	Relieved. This vehicle is operated by noone. Unfortunately the door is locked, preventing me from stealing it.	안심했어요. 이 차량을 조종하는 사람은 없네요. 아쉽게도 문이 잠겨 있어서 훔칠 수가 없어요.
glitch	/objects/STATIC_VEHICLES/gic_unitan_izhkratoyo_utilityvehicle/gic_unitan_izhkratoyo_utilityvehicle.object.patch	/glitchDescription	Relieved. This vehicle is operated by noone.	안심했어요. 이 차량을 조종하는 사람은 없네요.
glitch	/objects/STATIC_VEHICLES/gic_vehicletender/gic_vehicletender.object.patch	/glitchDescription	Amused. This threatening machine is actually used for emergencies.	재밌네요. 이 위협적인 기계가 실은 비상용이었어요.
glitch	/objects/TOMBS/gic_tombstone1/gic_tombstone1.object.patch	/glitchDescription	Observant. This tombstone is recent.	관찰. 이 묘비는 최근 것이네요.
glitch	/objects/TOMBS/gic_tombstone2/gic_tombstone2.object.patch	/glitchDescription	Observant. Thousands of these mark the fields. Each one represents a fallen soldier.	관찰 중. 이런 표지 수천 개가 들판을 채웁니다. 하나하나가 쓰러진 병사를 나타냅니다.
glitch	/objects/TOMBS/gic_tombstone3/gic_tombstone3.object.patch	/glitchDescription	Observant. Thousands of these mark the fields. Each one represents a fallen soldier.	관찰 중. 이런 표지 수천 개가 들판을 채웁니다. 하나하나가 쓰러진 병사를 나타냅니다.
glitch	/objects/UNITED_SYSTEMS/gic_unitanacronym/gic_unitanacronym.object.patch	/glitchDescription	Thoughtful. Human military tactics involve a lot of bravado and elite training.	사려 깊어요. 인간 군사 전술은 많은 허세와 정예 훈련을 포함해요.
glitch	/objects/UNITED_SYSTEMS/gic_unitanartillerygun/gic_unitanartillerygun.object.patch	/glitchDescription	Nostalgic. This cannon reminds me of those in Glitch Castles.	향수. 이 대포가 글리치 성의 것들을 떠올리게 해요.
glitch	/objects/UNITED_SYSTEMS/gic_unitanbanner/gic_unitanbanner.object.patch	/glitchDescription	Statement. A flag with a star.	진술. 별이 그려진 깃발입니다.
glitch	/objects/UNITED_SYSTEMS/gic_unitanbanner_torn/gic_unitanbanner_torn.object.patch	/glitchDescription	Statement. A flag with a star.	진술. 별이 그려진 깃발입니다.
glitch	/objects/UNITED_SYSTEMS/gic_unitedcitizensmilitia_poster/gic_unitedcitizensmilitia_poster.object.patch	/glitchDescription	Curious. So, there are factions within factions? This is interesting.	호기심. 그래, 파벌 안에 파벌이 있다고? 흥미롭네요.
glitch	/objects/abyss/abyssdoor/abyssdoor.object.patch	/glitchDescription	Disturbed. The eye in the center is unsettling.	불안. 중앙의 눈이 소름 끼쳐요.
glitch	/objects/abyss/abyssportal/abyssportal.object.patch	/glitchDescription	Analysing. An abyss portal.	분석 중. 심연 포털입니다.
glitch	/objects/abyss/abyssportal/abyssreturnportal.object.patch	/glitchDescription	Analysing. An abyss portal.	분석 중. 심연 포털입니다.
glitch	/objects/abyss/abyssvortex/abyssvortex.object.patch	/glitchDescription	Intimidated. Creates a vortex that sucks in anything nearby.	위압. 주변의 뭐든 빨아들이는 소용돌이를 만들어요.
glitch	/objects/akkimari/other/akkimaripettether/akkimaripettether.object.patch	/glitchDescription	Satisfied. A captured creature placed in this device will stay nearby.	만족. 포획한 생물을 이 장치에 넣으면 근처에 머물게 됩니다.
glitch	/objects/alliance/decorative/allianceportrait/allianceportrait.object.patch	/glitchDescription	Curious. Who is this?	호기심. 누구세요?
glitch	/objects/alliance/furniture/alliancecabinet/alliancecabinet.object.patch	/glitchDescription	Bored. Simply a cabinet.	지루함. 그냥 캐비닛입니다.
glitch	/objects/alliance/furniture/alliancekitchencabinet/alliancekitchencabinet.object.patch	/glitchDescription	Bored. Simply a cabinet.	지루함. 그냥 캐비닛입니다.
glitch	/objects/alliance/other/alliancepettether/alliancepettether.object.patch	/glitchDescription	Satisfied. A captured creature placed in this device will stay nearby.	만족. 포획한 생물을 이 장치에 넣으면 근처에 머물게 됩니다.
glitch	/objects/alta/ship/gateway/ct_alta_ship_gateway.object.patch	/glitchDescription	Informed. A standard ship door.	정보. 표준 선박 문입니다.
glitch	/objects/alta/ship/special/teleporter/ct_alta_ship_teleporter.object.patch	/glitchDescription	Smug. A teleporter. I am able to enter a sleep mode during the teleport process.	스머그. 텔레포터. 순간이동 중에 절전 모드로 들어갈 수 있어요.
glitch	/objects/alta/wired/logic/latch.object.patch	/glitchDescription	Fascinated. A Latch. Can be used to store a wire state.	매혹적. 상단 또는 'Enable' 노드는 래치가 하단 또는 'Data' 노드를 기준으로 상태를 변경할 수 있는지 여부를 제어합니다.
glitch	/objects/alta/wired/vent/ct_alta_vent.object.patch	/glitchDescription	Impressed. This drains away water with ease.	인상적. 물이 쉽게 빠지네요.
glitch	/objects/ancient/ancientforge/ancientforge.object.patch	/glitchDescription	Analysing. An ancient forge crafted out of certain materials that cannot be obtained by normal means.	분석 중. 일반 수단으로 얻을 수 없는 재료로 만든 고대 대장간입니다.
glitch	/objects/ancient/ancientfurnace/ancientfurnace.object.patch	/glitchDescription	Analysing. An ancient furnace used for smelting key components.	분석 중. 핵심 부품 제련에 쓰는 고대 용광로입니다.
glitch	/objects/ancient/bossvaultdoorgrind/bossvaultdoorgrind.object.patch	/glitchDescription	Scared. This door contains something I would rather not face.	겁나요. 이 문 안엔 마주하고 싶지 않은 게 있어요.
glitch	/objects/ancient/spheredeactivater/spheredeactivater.object.patch	/glitchDescription	Confused. My ancient sphere stops working when I'm near this thing.	혼란. 이것 근처에서 제 고대 구체가 작동을 멈춰요.
glitch	/objects/ancient/superchallengedoor/superchallengedoor.object.patch	/glitchDescription	Scared. This door contains something I would rather not face.	겁나요. 이 문 안엔 마주하고 싶지 않은 게 있어요.
glitch	/objects/apex/apexbed/sexbound_apexbed.object.patch	/glitchDescription	A simple bed for having sex. It gets the job done!	섹스용 간단한 침대네요. 역할은 다 해요!
glitch	/objects/atprk_noolith/atprk_sandstonestatuenoolith/atprk_sandstonestatuenoolith.object.patch	/glitchDescription	Analytical. While it does look robotic, it's clearly not a Glitch.	분석적. 로봇처럼 보이긴 하지만 명백히 글리치는 아니다.
glitch	/objects/atprk_relicseeker/atprk_planetpins/atprk_arcanaanimuspin.object.patch	/glitchDescription	Cordial. Animus realms are nothing short of breathtaking, even if they are haunted by spirits.	친절. 애니무스 영역은 영혼이 깃들어 있어도 숨 막히게 아름답습니다.
glitch	/objects/atprk_relicseeker/atprk_planetpins/atprk_arcanaarcanepin.object.patch	/glitchDescription	Cordial. Staying in an arcane treetop village must feel refreshing after long space travels.	친절. 긴 우주 여행 뒤에 신비로운 나무 꼭대기 마을에 머무르면 상쾌하겠군요.
glitch	/objects/avalicrafting/displayapparatus/avalidisplayapparatus.object.patch	/glitchDescription	Reflective. In a previous time, I served as a weaver for a cycle.	반성적. 예전에 저는 한 사이클의 직공으로 일한 적이 있습니다.
glitch	/objects/avalicrafting/loom/avaliloom.object.patch	/glitchDescription	Reflective. In a previous time, I served as a weaver for a cycle.	반성적. 예전에 저는 한 사이클의 직공으로 일한 적이 있습니다.
glitch	/objects/avalicrafting/sewing/avalisewing.object.patch	/glitchDescription	Reflective. In a previous time, I served as a weaver for a cycle.	반성적. 예전에 저는 한 사이클의 직공으로 일한 적이 있습니다.
glitch	/objects/avaliextras/extraribbons/avalibottomribbon1.object.patch	/glitchDescription	Melancholy. Reminds me of the flowing banners of my home.	멜랑콜리. 고향의 휘날리는 깃발을 떠올리게 합니다.
glitch	/objects/avaliextras/extraribbons/avalibottomribbon2.object.patch	/glitchDescription	Melancholy. Reminds me of the flowing banners of my home.	멜랑콜리. 고향의 휘날리는 깃발을 떠올리게 합니다.
glitch	/objects/avaliextras/extraribbons/avalibottomtornribbon1.object.patch	/glitchDescription	Melancholy. Reminds me of the flowing banners of my home.	멜랑콜리. 고향의 휘날리는 깃발을 떠올리게 합니다.
glitch	/objects/avaliextras/extraribbons/avalibottomtornribbon2.object.patch	/glitchDescription	Melancholy. Reminds me of the flowing banners of my home.	멜랑콜리. 고향의 휘날리는 깃발을 떠올리게 합니다.
glitch	/objects/avaliextras/extraribbons/avalihalfbottomribbon1.object.patch	/glitchDescription	Melancholy. Reminds me of the flowing banners of my home.	멜랑콜리. 고향의 휘날리는 깃발을 떠올리게 합니다.
glitch	/objects/avaliextras/extraribbons/avalihalfbottomribbon2.object.patch	/glitchDescription	Melancholy. Reminds me of the flowing banners of my home.	멜랑콜리. 고향의 휘날리는 깃발을 떠올리게 합니다.
glitch	/objects/avaliextras/extraribbons/avalihalfribbon1.object.patch	/glitchDescription	Melancholy. Reminds me of the flowing banners of my home.	멜랑콜리. 고향의 휘날리는 깃발을 떠올리게 합니다.
glitch	/objects/avaliextras/extraribbons/avalihalfribbon2.object.patch	/glitchDescription	Melancholy. Reminds me of the flowing banners of my home.	멜랑콜리. 고향의 휘날리는 깃발을 떠올리게 합니다.
glitch	/objects/avaliextras/extraribbons/avalitornribbon1.object.patch	/glitchDescription	Melancholy. Reminds me of the flowing banners of my home.	멜랑콜리. 고향의 휘날리는 깃발을 떠올리게 합니다.
glitch	/objects/avaliextras/extraribbons/avalitornribbon2.object.patch	/glitchDescription	Melancholy. Reminds me of the flowing banners of my home.	멜랑콜리. 고향의 휘날리는 깃발을 떠올리게 합니다.
glitch	/objects/avaligeneric/decorations/avalibottles.object.patch	/glitchDescription	Analysis. Over 90% ammonia with trace impurities, including alcohols.	분석 결과 90% 이상 암모니아에 알코올을 포함한 미량의 불순물이 섞여 있습니다.
glitch	/objects/avaligeneric/ribbons/avaliribbon3.object.patch	/glitchDescription	Melancholy. Reminds me of the flowing banners of my home.	멜랑콜리. 고향의 휘날리는 깃발을 떠올리게 합니다.
glitch	/objects/avaligeneric/table/avalitable6.object.patch	/glitchDescription	Observation. This shelf is grossly over-engineered.	관찰. 이 선반은 너무 과하게 설계됐어요.
glitch	/objects/avikan/misc/avikanpettether/avikanpettether.object.patch	/glitchDescription	Satisfied. A captured creature placed in this device will stay nearby.	만족. 포획한 생물을 이 장치에 넣으면 근처에 머물게 됩니다.
glitch	/objects/avikan/outpost/avikanoutpostdoor/avikanoutpostdoor.object.patch	/glitchDescription	Observation. A metal blast door.	관찰. 금속 방화문이네요.
glitch	/objects/biome/cell/nmm_cellserver/cellserver.object.patch	/glitchDescription	Panicked. I don't have anything to say!	당황. 할 말이 없습니다!
glitch	/objects/biome/cell/nmm_cellwallshelf/cellwallshelf.object.patch	/glitchDescription	Panicked. I don't have anything to say!	당황. 할 말이 없습니다!
glitch	/objects/biome/cell/nmm_cellwardrobe/cellwardrobe.object.patch	/glitchDescription	Panicked. I don't have anything to say!	당황. 할 말이 없습니다!
glitch	/objects/biome/desert/MS_agave1/MS_agave1.object.patch	/glitchDescription	Statement. A shrub.	진술서. 관목입니다.
glitch	/objects/biome/desert/MS_desertshrub1/MS_desertshrub1.object.patch	/glitchDescription	Statement. A shrub.	진술서. 관목입니다.
glitch	/objects/biome/gnome/nmm_gnomechest/gnomechest.object.patch	/glitchDescription	Panicked. I don't have anything to say!	당황. 할 말이 없습니다!
glitch	/objects/biome/jungle/nmm_fernychair/junglechair.object.patch	/glitchDescription	Panicked. I don't have anything to say!	당황. 할 말이 없습니다!
glitch	/objects/biome/ocean/nmm_sandman/sandman.object.patch	/glitchDescription	Panicked. I don't have anything to say!	당황. 할 말이 없습니다!
glitch	/objects/biome/sb_heck/heckaltar/heckaltar.object.patch	/glitchDescription	Anxious. This altar is stained with the blood of innocents, or maybe just birds.	불안. 이 제단은 무고한 사람들의 피, 아니 어쩌면 새들의 피로 얼룩져 있습니다.
glitch	/objects/biome/sb_heck/hecklight2/hecklight2.object.patch	/glitchDescription	Analysis. This light appears to be powered by some kind of organic fluid.	분석. 이 빛은 일종의 유기 액체로 작동하는 것 같아요.
glitch	/objects/crafting/sheilaworkshop/sheilaworkshop.object.patch	/glitchDescription	Interested. It's an Felin-made 3D Printer.	흥미롭네요. 펠린제 3D 프린터입니다.
glitch	/objects/crafting/sheilaworkshop/sheilaworkshopnomusic.object.patch	/glitchDescription	Interested. It's an Felin-made 3D Printer.	흥미롭네요. 펠린제 3D 프린터입니다.
glitch	/objects/critters/crittercages/MC_spidertank/MC_spidertank.object.patch	/glitchDescription	Curious. A critter.	호기심. 작은 동물입니다.
glitch	/objects/critters/crittercages/albatrosstank/albatrosstank.object.patch	/glitchDescription	Curious. A critter.	호기심. 작은 동물입니다.
glitch	/objects/critters/crittercages/altsackbagtank/altsackbagtank.object.patch	/glitchDescription	Curious. A critter.	호기심. 작은 동물입니다.
glitch	/objects/critters/crittercages/amazontank/amazontank.object.patch	/glitchDescription	Curious. A critter.	호기심. 작은 동물입니다.
glitch	/objects/critters/crittercages/beartank/beartank.object.patch	/glitchDescription	Curious. A critter.	호기심. 작은 동물입니다.
glitch	/objects/critters/crittercages/bigorangeseahorsetank/bigorangeseahorsetank.object.patch	/glitchDescription	Curious. A critter.	호기심. 작은 동물입니다.
glitch	/objects/critters/crittercages/bloodbagtank/bloodbagtank.object.patch	/glitchDescription	Curious. A critter.	호기심. 작은 동물입니다.
glitch	/objects/critters/crittercages/bloodslugtank/bloodslugtank.object.patch	/glitchDescription	Curious. A critter.	호기심. 작은 동물입니다.
glitch	/objects/critters/crittercages/bluebliptank/bluebliptank.object.patch	/glitchDescription	Curious. A critter.	호기심. 작은 동물입니다.
glitch	/objects/critters/crittercages/bluebouncebagtank/bluebouncebagtank.object.patch	/glitchDescription	Curious. A critter.	호기심. 작은 동물입니다.
glitch	/objects/critters/crittercages/bluefloatbagtank/bluefloatbagtank.object.patch	/glitchDescription	Curious. A critter.	호기심. 작은 동물입니다.
glitch	/objects/critters/crittercages/bluelizardtank/bluelizardtank.object.patch	/glitchDescription	Curious. A critter.	호기심. 작은 동물입니다.
glitch	/objects/critters/crittercages/bluesnoogletank/bluesnoogletank.object.patch	/glitchDescription	Curious. A critter.	호기심. 작은 동물입니다.
glitch	/objects/critters/crittercages/bluesnuggettank/bluesnuggettank.object.patch	/glitchDescription	Curious. A critter.	호기심. 작은 동물입니다.
glitch	/objects/critters/crittercages/bluesymbiotetank/bluesymbiotetank.object.patch	/glitchDescription	Curious. A critter.	호기심. 작은 동물입니다.
glitch	/objects/critters/crittercages/bluewormtank/bluewormtank.object.patch	/glitchDescription	Curious. A critter.	호기심. 작은 동물입니다.
glitch	/objects/critters/crittercages/brownbirdtank/brownbirdtank.object.patch	/glitchDescription	Curious. A critter.	호기심. 작은 동물입니다.
glitch	/objects/critters/crittercages/brownbliptank/brownbliptank.object.patch	/glitchDescription	Curious. A critter.	호기심. 작은 동물입니다.
glitch	/objects/critters/crittercages/browncrabtank/browncrabtank.object.patch	/glitchDescription	Curious. A critter.	호기심. 작은 동물입니다.
glitch	/objects/critters/crittercages/brownplantsnaketank/brownplantsnaketank.object.patch	/glitchDescription	Curious. A critter.	호기심. 작은 동물입니다.
glitch	/objects/critters/crittercages/brownsealtank/brownsealtank.object.patch	/glitchDescription	Curious. A critter.	호기심. 작은 동물입니다.
glitch	/objects/critters/crittercages/brownsnailtank/brownsnailtank.object.patch	/glitchDescription	Curious. A critter.	호기심. 작은 동물입니다.
glitch	/objects/critters/crittercages/brownsnaketank/brownsnaketank.object.patch	/glitchDescription	Curious. A critter.	호기심. 작은 동물입니다.
glitch	/objects/critters/crittercages/brownsporelingtank/brownsporelingtank.object.patch	/glitchDescription	Curious. A critter.	호기심. 작은 동물입니다.
glitch	/objects/critters/crittercages/cactustank/cactustank.object.patch	/glitchDescription	Curious. A critter.	호기심. 작은 동물입니다.
glitch	/objects/critters/crittercages/cameltank/cameltank.object.patch	/glitchDescription	Curious. A critter.	호기심. 작은 동물입니다.
glitch	/objects/critters/crittercages/cavebattank/cavebattank.object.patch	/glitchDescription	Curious. A critter.	호기심. 작은 동물입니다.
glitch	/objects/critters/crittercages/centipedetank/centipedetank.object.patch	/glitchDescription	Curious. A critter.	호기심. 작은 동물입니다.
glitch	/objects/critters/crittercages/coiltank/coiltank.object.patch	/glitchDescription	Curious. A critter.	호기심. 작은 동물입니다.
glitch	/objects/critters/crittercages/crystalchicktank/crystalchicktank.object.patch	/glitchDescription	Curious. A critter.	호기심. 작은 동물입니다.
glitch	/objects/critters/crittercages/crystalicescabtank/crystalicescabtank.object.patch	/glitchDescription	Curious. A critter.	호기심. 작은 동물입니다.
glitch	/objects/critters/crittercages/crystalscabtank/crystalscabtank.object.patch	/glitchDescription	Curious. A critter.	호기심. 작은 동물입니다.
glitch	/objects/critters/crittercages/deertank/deertank.object.patch	/glitchDescription	Curious. A critter.	호기심. 작은 동물입니다.
glitch	/objects/critters/crittercages/desertdactyltank/desertdactyltank.object.patch	/glitchDescription	Curious. A critter.	호기심. 작은 동물입니다.
glitch	/objects/critters/crittercages/desertlizardtank/desertlizardtank.object.patch	/glitchDescription	Curious. A critter.	호기심. 작은 동물입니다.
glitch	/objects/critters/crittercages/dodotank/dodotank.object.patch	/glitchDescription	Curious. A critter.	호기심. 작은 동물입니다.
glitch	/objects/critters/crittercages/dovetank/dovetank.object.patch	/glitchDescription	Curious. A critter.	호기심. 작은 동물입니다.
glitch	/objects/critters/crittercages/dragonflytank/dragonflytank.object.patch	/glitchDescription	Curious. A critter.	호기심. 작은 동물입니다.
glitch	/objects/critters/crittercages/ducktank/ducktank.object.patch	/glitchDescription	Curious. A critter.	호기심. 작은 동물입니다.
glitch	/objects/critters/crittercages/eagletank/eagletank.object.patch	/glitchDescription	Curious. A critter.	호기심. 작은 동물입니다.
glitch	/objects/critters/crittercages/elephanttank/elephanttank.object.patch	/glitchDescription	Curious. A critter.	호기심. 작은 동물입니다.
glitch	/objects/critters/crittercages/eyewurmtank/eyewurmtank.object.patch	/glitchDescription	Curious. A critter.	호기심. 작은 동물입니다.
glitch	/objects/critters/crittercages/fawntank/fawntank.object.patch	/glitchDescription	Curious. A critter.	호기심. 작은 동물입니다.
glitch	/objects/critters/crittercages/firebattank/firebattank.object.patch	/glitchDescription	Curious. A critter.	호기심. 작은 동물입니다.
glitch	/objects/critters/crittercages/firesnaketank/firesnaketank.object.patch	/glitchDescription	Curious. A critter.	호기심. 작은 동물입니다.
glitch	/objects/critters/crittercages/flamingotank/flamingotank.object.patch	/glitchDescription	Curious. A critter.	호기심. 작은 동물입니다.
glitch	/objects/critters/crittercages/floatjellytank/floatjellytank.object.patch	/glitchDescription	Curious. A critter.	호기심. 작은 동물입니다.
glitch	/objects/critters/crittercages/flowerpoofintank/flowerpoofintank.object.patch	/glitchDescription	Curious. A critter.	호기심. 작은 동물입니다.
glitch	/objects/critters/crittercages/flyeyetank/flyeyetank.object.patch	/glitchDescription	Curious. A critter.	호기심. 작은 동물입니다.
glitch	/objects/critters/crittercages/flyingskulltank/flyingskulltank.object.patch	/glitchDescription	Curious. A critter.	호기심. 작은 동물입니다.
glitch	/objects/critters/crittercages/foxtank/foxtank.object.patch	/glitchDescription	Curious. A critter.	호기심. 작은 동물입니다.
glitch	/objects/critters/crittercages/frostbattank/frostbattank.object.patch	/glitchDescription	Curious. A critter.	호기심. 작은 동물입니다.
glitch	/objects/critters/crittercages/frosthoundtank/frosthoundtank.object.patch	/glitchDescription	Curious. A critter.	호기심. 작은 동물입니다.
glitch	/objects/critters/crittercages/fubattank/fubattank.object.patch	/glitchDescription	Curious. A critter.	호기심. 작은 동물입니다.
glitch	/objects/critters/crittercages/fufireballtank/fufireballtank.object.patch	/glitchDescription	Curious. A critter.	호기심. 작은 동물입니다.
glitch	/objects/critters/crittercages/fuglowballtank/fuglowballtank.object.patch	/glitchDescription	Curious. A critter.	호기심. 작은 동물입니다.
glitch	/objects/critters/crittercages/fuglowwormtank/fuglowwormtank.object.patch	/glitchDescription	Curious. A critter.	호기심. 작은 동물입니다.
glitch	/objects/critters/crittercages/fuminigoattank/fuminigoattank.object.patch	/glitchDescription	Curious. A critter.	호기심. 작은 동물입니다.
glitch	/objects/critters/crittercages/funewttank/funewttank.object.patch	/glitchDescription	Curious. A critter.	호기심. 작은 동물입니다.
glitch	/objects/critters/crittercages/fuoildriptank/fuoildriptank.object.patch	/glitchDescription	Curious. A critter.	호기심. 작은 동물입니다.
glitch	/objects/critters/crittercages/fuscorpiontank/fuscorpiontank.object.patch	/glitchDescription	Curious. A critter.	호기심. 작은 동물입니다.
glitch	/objects/critters/crittercages/fushroomdudetank/fushroomdudetank.object.patch	/glitchDescription	Curious. A critter.	호기심. 작은 동물입니다.
glitch	/objects/critters/crittercages/fusnowballtank/fusnowballtank.object.patch	/glitchDescription	Curious. A critter.	호기심. 작은 동물입니다.
glitch	/objects/critters/crittercages/giraffetank/giraffetank.object.patch	/glitchDescription	Curious. A critter.	호기심. 작은 동물입니다.
glitch	/objects/critters/crittercages/goldarmadillotank/goldarmadillotank.object.patch	/glitchDescription	Curious. A critter.	호기심. 작은 동물입니다.
glitch	/objects/critters/crittercages/goldcrabtank/goldcrabtank.object.patch	/glitchDescription	Curious. A critter.	호기심. 작은 동물입니다.
glitch	/objects/critters/crittercages/goldglooptank/goldglooptank.object.patch	/glitchDescription	Curious. A critter.	호기심. 작은 동물입니다.
glitch	/objects/critters/crittercages/goldsealtank/goldsealtank.object.patch	/glitchDescription	Curious. A critter.	호기심. 작은 동물입니다.
glitch	/objects/critters/crittercages/goldsnoogletank/goldsnoogletank.object.patch	/glitchDescription	Curious. A critter.	호기심. 작은 동물입니다.
glitch	/objects/critters/crittercages/goldtoadtank/goldtoadtank.object.patch	/glitchDescription	Curious. A critter.	호기심. 작은 동물입니다.
glitch	/objects/critters/crittercages/grasshoppertank/grasshoppertank.object.patch	/glitchDescription	Curious. A critter.	호기심. 작은 동물입니다.
glitch	/objects/critters/crittercages/greenballoontank/greenballoontank.object.patch	/glitchDescription	Curious. A critter.	호기심. 작은 동물입니다.
glitch	/objects/critters/crittercages/greenbouncertank/greenbouncertank.object.patch	/glitchDescription	Curious. A critter.	호기심. 작은 동물입니다.
glitch	/objects/critters/crittercages/greencelltank/greencelltank.object.patch	/glitchDescription	Curious. A critter.	호기심. 작은 동물입니다.
glitch	/objects/critters/crittercages/greenchicktank/greenchicktank.object.patch	/glitchDescription	Curious. A critter.	호기심. 작은 동물입니다.
glitch	/objects/critters/crittercages/greenlizardtank/greenlizardtank.object.patch	/glitchDescription	Curious. A critter.	호기심. 작은 동물입니다.
glitch	/objects/critters/crittercages/greenquibbletank/greenquibbletank.object.patch	/glitchDescription	Curious. A critter.	호기심. 작은 동물입니다.
glitch	/objects/critters/crittercages/greensnoogletank/greensnoogletank.object.patch	/glitchDescription	Curious. A critter.	호기심. 작은 동물입니다.
glitch	/objects/critters/crittercages/greensporelingtank/greensporelingtank.object.patch	/glitchDescription	Curious. A critter.	호기심. 작은 동물입니다.
glitch	/objects/critters/crittercages/greentortoisetank/greentortoisetank.object.patch	/glitchDescription	Curious. A critter.	호기심. 작은 동물입니다.
glitch	/objects/critters/crittercages/greenweaseltank/greenweaseltank.object.patch	/glitchDescription	Curious. A critter.	호기심. 작은 동물입니다.
glitch	/objects/critters/crittercages/heckhoundtank/heckhoundtank.object.patch	/glitchDescription	Curious. A critter.	호기심. 작은 동물입니다.
glitch	/objects/critters/crittercages/horsetank/horsetank.object.patch	/glitchDescription	Curious. A critter.	호기심. 작은 동물입니다.
glitch	/objects/critters/crittercages/hummingbirdtank/hummingbirdtank.object.patch	/glitchDescription	Curious. A critter.	호기심. 작은 동물입니다.
glitch	/objects/critters/crittercages/icebirdtank/icebirdtank.object.patch	/glitchDescription	Curious. A critter.	호기심. 작은 동물입니다.
glitch	/objects/critters/crittercages/icejellytank/icejellytank.object.patch	/glitchDescription	Curious. A critter.	호기심. 작은 동물입니다.
glitch	/objects/critters/crittercages/ladybugtank/ladybugtank.object.patch	/glitchDescription	Curious. A critter.	호기심. 작은 동물입니다.
glitch	/objects/critters/crittercages/largealienpanthertank/largealienpanthertank.object.patch	/glitchDescription	Curious. A critter.	호기심. 작은 동물입니다.
glitch	/objects/critters/crittercages/largepanthertank/largepanthertank.object.patch	/glitchDescription	Curious. A critter.	호기심. 작은 동물입니다.
glitch	/objects/critters/crittercages/lavacrabtank/lavacrabtank.object.patch	/glitchDescription	Curious. A critter.	호기심. 작은 동물입니다.
glitch	/objects/critters/crittercages/lavaglooptank/lavaglooptank.object.patch	/glitchDescription	Curious. A critter.	호기심. 작은 동물입니다.
glitch	/objects/critters/crittercages/lavajellytank/lavajellytank.object.patch	/glitchDescription	Curious. A critter.	호기심. 작은 동물입니다.
glitch	/objects/critters/crittercages/lavaslugtank/lavaslugtank.object.patch	/glitchDescription	Curious. A critter.	호기심. 작은 동물입니다.
glitch	/objects/critters/crittercages/lizardtank/lizardtank.object.patch	/glitchDescription	Curious. A critter.	호기심. 작은 동물입니다.
glitch	/objects/critters/crittercages/magmadactyltank/magmadactyltank.object.patch	/glitchDescription	Curious. A critter.	호기심. 작은 동물입니다.
glitch	/objects/critters/crittercages/mantistank/mantistank.object.patch	/glitchDescription	Curious. A critter.	호기심. 작은 동물입니다.
glitch	/objects/critters/crittercages/meerkattank/meerkattank.object.patch	/glitchDescription	Curious. A critter.	호기심. 작은 동물입니다.
glitch	/objects/critters/crittercages/mercuryslugtank/mercuryslugtank.object.patch	/glitchDescription	Curious. A critter.	호기심. 작은 동물입니다.
glitch	/objects/critters/crittercages/molamolatank/molamolatank.object.patch	/glitchDescription	Curious. A critter.	호기심. 작은 동물입니다.
glitch	/objects/critters/crittercages/molerattank/molerattank.object.patch	/glitchDescription	Curious. A critter.	호기심. 작은 동물입니다.
glitch	/objects/critters/crittercages/monkeytank/monkeytank.object.patch	/glitchDescription	Curious. A critter.	호기심. 작은 동물입니다.
glitch	/objects/critters/crittercages/mothtank/mothtank.object.patch	/glitchDescription	Curious. A critter.	호기심. 작은 동물입니다.
glitch	/objects/critters/crittercages/mountainbliptank/mountainbliptank.object.patch	/glitchDescription	Curious. A critter.	호기심. 작은 동물입니다.
glitch	/objects/critters/crittercages/mushflyertank/mushflyertank.object.patch	/glitchDescription	Curious. A critter.	호기심. 작은 동물입니다.
glitch	/objects/critters/crittercages/mushfrogtank/mushfrogtank.object.patch	/glitchDescription	Curious. A critter.	호기심. 작은 동물입니다.
glitch	/objects/critters/crittercages/mushtank/mushtank.object.patch	/glitchDescription	Curious. A critter.	호기심. 작은 동물입니다.
glitch	/objects/critters/crittercages/nautilustank/nautilustank.object.patch	/glitchDescription	Curious. A critter.	호기심. 작은 동물입니다.
glitch	/objects/critters/crittercages/ocelottank/ocelottank.object.patch	/glitchDescription	Curious. A critter.	호기심. 작은 동물입니다.
glitch	/objects/critters/crittercages/oilglooptank/oilglooptank.object.patch	/glitchDescription	Curious. A critter.	호기심. 작은 동물입니다.
glitch	/objects/critters/crittercages/orangebouncebagtank/orangebouncebagtank.object.patch	/glitchDescription	Curious. A critter.	호기심. 작은 동물입니다.
glitch	/objects/critters/crittercages/orangesnuggettank/orangesnuggettank.object.patch	/glitchDescription	Curious. A critter.	호기심. 작은 동물입니다.
glitch	/objects/critters/crittercages/orangesymbiotetank/orangesymbiotetank.object.patch	/glitchDescription	Curious. A critter.	호기심. 작은 동물입니다.
glitch	/objects/critters/crittercages/panthertank/panthertank.object.patch	/glitchDescription	Curious. A critter.	호기심. 작은 동물입니다.
glitch	/objects/critters/crittercages/penguintank/penguintank.object.patch	/glitchDescription	Curious. A critter.	호기심. 작은 동물입니다.
glitch	/objects/critters/crittercages/pinkbutterflytank/pinkbutterflytank.object.patch	/glitchDescription	Curious. A critter.	호기심. 작은 동물입니다.
glitch	/objects/critters/crittercages/plantsnaketank/plantsnaketank.object.patch	/glitchDescription	Curious. A critter.	호기심. 작은 동물입니다.
glitch	/objects/critters/crittercages/polarbeartank/polarbeartank.object.patch	/glitchDescription	Curious. A critter.	호기심. 작은 동물입니다.
glitch	/objects/critters/crittercages/purplesymbiotetank/purplesymbiotetank.object.patch	/glitchDescription	Curious. A critter.	호기심. 작은 동물입니다.
glitch	/objects/critters/crittercages/rattank/rattank.object.patch	/glitchDescription	Curious. A critter.	호기심. 작은 동물입니다.
glitch	/objects/critters/crittercages/redlizardtank/redlizardtank.object.patch	/glitchDescription	Curious. A critter.	호기심. 작은 동물입니다.
glitch	/objects/critters/crittercages/redsnuggettank/redsnuggettank.object.patch	/glitchDescription	Curious. A critter.	호기심. 작은 동물입니다.
glitch	/objects/critters/crittercages/redsporelingtank/redsporelingtank.object.patch	/glitchDescription	Curious. A critter.	호기심. 작은 동물입니다.
glitch	/objects/critters/crittercages/roachtank/roachtank.object.patch	/glitchDescription	Curious. A critter.	호기심. 작은 동물입니다.
glitch	/objects/critters/crittercages/roadrunnertank/roadrunnertank.object.patch	/glitchDescription	Curious. A critter.	호기심. 작은 동물입니다.
glitch	/objects/critters/crittercages/rocktank/rocktank.object.patch	/glitchDescription	Curious. A critter.	호기심. 작은 동물입니다.
glitch	/objects/critters/crittercages/rustscabtank/rustscabtank.object.patch	/glitchDescription	Curious. A critter.	호기심. 작은 동물입니다.
glitch	/objects/critters/crittercages/sandquibbletank/sandquibbletank.object.patch	/glitchDescription	Curious. A critter.	호기심. 작은 동물입니다.
glitch	/objects/critters/crittercages/scorpiontank/scorpiontank.object.patch	/glitchDescription	Curious. A critter.	호기심. 작은 동물입니다.
glitch	/objects/critters/crittercages/seahorsetank/seahorsetank.object.patch	/glitchDescription	Curious. A critter.	호기심. 작은 동물입니다.
glitch	/objects/critters/crittercages/seaturtletank/seaturtletank.object.patch	/glitchDescription	Curious. A critter.	호기심. 작은 동물입니다.
glitch	/objects/critters/crittercages/shadowhoundtank/shadowhoundtank.object.patch	/glitchDescription	Curious. A critter.	호기심. 작은 동물입니다.
glitch	/objects/critters/crittercages/shadowscorpiontank/shadowscorpiontank.object.patch	/glitchDescription	Curious. A critter.	호기심. 작은 동물입니다.
glitch	/objects/critters/crittercages/snowfoxtank/snowfoxtank.object.patch	/glitchDescription	Curious. A critter.	호기심. 작은 동물입니다.
glitch	/objects/critters/crittercages/snowgoosetank/snowgoosetank.object.patch	/glitchDescription	Curious. A critter.	호기심. 작은 동물입니다.
glitch	/objects/critters/crittercages/snowleopardtank/snowleopardtank.object.patch	/glitchDescription	Curious. A critter.	호기심. 작은 동물입니다.
glitch	/objects/critters/crittercages/snowowltank/snowowltank.object.patch	/glitchDescription	Curious. A critter.	호기심. 작은 동물입니다.
glitch	/objects/critters/crittercages/snowsnuggettank/snowsnuggettank.object.patch	/glitchDescription	Curious. A critter.	호기심. 작은 동물입니다.
glitch	/objects/critters/crittercages/snowtritrotstank/snowtritrotstank.object.patch	/glitchDescription	Curious. A critter.	호기심. 작은 동물입니다.
glitch	/objects/critters/crittercages/snowweaseltank/snowweaseltank.object.patch	/glitchDescription	Curious. A critter.	호기심. 작은 동물입니다.
glitch	/objects/critters/crittercages/springshroomtank/springshroomtank.object.patch	/glitchDescription	Curious. A critter.	호기심. 작은 동물입니다.
glitch	/objects/critters/crittercages/stalagmitetank/stalagmitetank.object.patch	/glitchDescription	Curious. A critter.	호기심. 작은 동물입니다.
glitch	/objects/critters/crittercages/starfishtank/starfishtank.object.patch	/glitchDescription	Curious. A critter.	호기심. 작은 동물입니다.
glitch	/objects/critters/crittercages/tarslugtank/tarslugtank.object.patch	/glitchDescription	Curious. A critter.	호기심. 작은 동물입니다.
glitch	/objects/critters/crittercages/tinybrowncrocodiletank/tinybrowncrocodiletank.object.patch	/glitchDescription	Curious. A critter.	호기심. 작은 동물입니다.
glitch	/objects/critters/crittercages/tinysandcrocodiletank/tinysandcrocodiletank.object.patch	/glitchDescription	Curious. A critter.	호기심. 작은 동물입니다.
glitch	/objects/critters/crittercages/tinytarcrocodiletank/tinytarcrocodiletank.object.patch	/glitchDescription	Curious. A critter.	호기심. 작은 동물입니다.
glitch	/objects/critters/crittercages/toadtank/toadtank.object.patch	/glitchDescription	Curious. A critter.	호기심. 작은 동물입니다.
glitch	/objects/critters/crittercages/toxicdactyltank/toxicdactyltank.object.patch	/glitchDescription	Curious. A critter.	호기심. 작은 동물입니다.
glitch	/objects/critters/crittercages/toxichoundtank/toxichoundtank.object.patch	/glitchDescription	Curious. A critter.	호기심. 작은 동물입니다.
glitch	/objects/critters/crittercages/toxickrawltank/toxickrawltank.object.patch	/glitchDescription	Curious. A critter.	호기심. 작은 동물입니다.
glitch	/objects/critters/crittercages/toxicwurmtank/toxicwurmtank.object.patch	/glitchDescription	Curious. A critter.	호기심. 작은 동물입니다.
glitch	/objects/critters/crittercages/warthogtank/warthogtank.object.patch	/glitchDescription	Curious. A critter.	호기심. 작은 동물입니다.
glitch	/objects/critters/crittercages/weaseltank/weaseltank.object.patch	/glitchDescription	Curious. A critter.	호기심. 작은 동물입니다.
glitch	/objects/critters/crittercages/yellowpetaltank/yellowpetaltank.object.patch	/glitchDescription	Curious. A critter.	호기심. 작은 동물입니다.
glitch	/objects/critters/crittercages/yellowsnuggettank/yellowsnuggettank.object.patch	/glitchDescription	Curious. A critter.	호기심. 작은 동물입니다.
glitch	/objects/critters/crittercages/yellowwormtank/yellowwormtank.object.patch	/glitchDescription	Curious. A critter.	호기심. 작은 동물입니다.
glitch	/objects/decorations/shellguardhatch/shellguarddoor.object.patch	/glitchDescription	Informed. A standard ship door.	정보. 표준 선박 문입니다.
glitch	/objects/dungeon/v-cryo/v-cryowalllight/v-cryowalllight.object.patch	/glitchDescription	Impressed. The flame in this light burns brightly.	감탄. 이 등불의 불꽃이 밝게 타오르네요.
glitch	/objects/dungeon/v-solarspire/v-spirecatcher/v-spirecatcher.object.patch	/glitchDescription	Impressed. Repels objects with a strong elastic force	인상적. 강한 탄성력으로 물체를 밀어냅니다.
glitch	/objects/dungeon/v-solarspire/v-spirejumppad/v-spiredroppad.object.patch	/glitchDescription	Impressed. Repels objects with a strong elastic force	인상적. 강한 탄성력으로 물체를 밀어냅니다.
glitch	/objects/dungeon/v-solarspire/v-spirejumppad/v-spirejumppad.object.patch	/glitchDescription	Impressed. Repels objects with a strong elastic force	인상적. 강한 탄성력으로 물체를 밀어냅니다.
glitch	/objects/eternalfire/fireydoor/fireydoor.object.patch	/glitchDescription	Guarded. It would not be surprising if this firey door failed to open.	경계. 이 불타는 문이 안 열려도 놀랍지 않겠어요.
glitch	/objects/eternalfire/fireyportal/fireyportal.object.patch	/glitchDescription	Analysing. A firey portal.	분석 중. 불타는 포털입니다.
glitch	/objects/eternalfire/fireyportal/fireyreturnportal.object.patch	/glitchDescription	Analysing. A firey portal.	분석 중. 불타는 포털입니다.
glitch	/objects/eternalfrost/cryoniastatue/cryoniastatue.object.patch	/glitchDescription	Observent. This statue appears to be constructed many eons ago.	관찰. 이 석상은 수많은 겁 전에 만들어진 것 같아요.
glitch	/objects/eternalfrost/fdimteleporter2/fdimteleporter2.object.patch	/glitchDescription	Curious. What lies in this temple?	호기심. 이 사원에 뭐가 있을까요?
glitch	/objects/eternalfrost/frostburnpearlswitch/frostburnpearlswitch.object.patch	/glitchDescription	Curious. What does touching this pearl do if it does anything?	호기심. 이 구슬을 만지면 뭘 하기라도 하나요?
glitch	/objects/eternalfrost/frostburntorch/frostburntorch.object.patch	/glitchDescription		호기심. 이런 원시 문명이 어떻게 이런 걸 만들었을까요?
glitch	/objects/eternalfrost/frostburnwalllight/frostburnwalllight.object.patch	/glitchDescription	Impressed. The flame in this light burns brightly.	감탄. 이 등불의 불꽃이 밝게 타오르네요.
glitch	/objects/eternalfrost/frozenportal/frozenportal.object.patch	/glitchDescription	Analysing. A frozen portal.	분석 중. 얼어붙은 포털입니다.
glitch	/objects/eternalfrost/frozenportal/frozenreturnportal.object.patch	/glitchDescription	Analysing. A frozen portal.	분석 중. 얼어붙은 포털입니다.
glitch	/objects/eternalfrost/permafrostdoor/permafrostdoor.object.patch	/glitchDescription	Inquisitive. How did people from ancient times make a door out of permafrost?	호기심. 고대인들은 어떻게 영구동토로 문을 만들었을까요?
glitch	/objects/felin/felincaptainschair/felincaptainschair.object.patch	/glitchDescription	Anticipation. Where to next?	기대되네. 다음은 어디로 갈까요?
glitch	/objects/felin/felinfireplace/felinsmokestack.object.patch	/glitchDescription	Warning. Don't breathe this!	경고. 이건 들이마시지 마세요!
glitch	/objects/felin/felinhologram/felinhologram.object.patch	/glitchDescription	Impressed. This is not just a woodgrain veneer.	감탄. 단순한 무늬목 베니어가 아니다.
glitch	/objects/felin/felinhologram/felinhologram.object.patch	/channelDescriptions/0/glitchDescription	Impressed. This is not just a woodgrain veneer.	감탄. 단순한 무늬목 베니어가 아니다.
glitch	/objects/felin/felintechstation/felintechstationtier0.object.patch	/glitchDescription	Statement. Rebooting this tech station should repair communication with my ship AI.	진술. 이 기술 스테이션을 재부팅하면 내 함선 AI와의 통신이 복구됩니다.
glitch	/objects/felin/felinteleporter/felinshipteleporter.object.patch	/glitchDescription	Smug. A teleporter. I am able to enter a sleep mode during the teleport process.	스머그. 텔레포터. 순간이동 중에 절전 모드로 들어갈 수 있어요.
glitch	/objects/felin/felintv/felinfuntv.object.patch	/channelDescriptions/0/glitchDescription	Impressed. This is not just a woodgrain veneer.	감탄. 단순한 무늬목 베니어가 아니다.
glitch	/objects/felin/felintv/felintv.object.patch	/glitchDescription	Impressed. This is not just a woodgrain veneer.	감탄. 단순한 무늬목 베니어가 아니다.
glitch	/objects/felin/felintv/felintv.object.patch	/channelDescriptions/0/glitchDescription	Impressed. This is not just a woodgrain veneer.	감탄. 단순한 무늬목 베니어가 아니다.
glitch	/objects/ffs_decoration/ffs_drop_ak74/ffs_drop_ak74_d.object.patch	/glitchDescription	It's for display only.	전시용입니다.
glitch	/objects/ffs_decoration/ffs_drop_ar15_1/ffs_drop_ar15_1_d.object.patch	/glitchDescription	It's for display only.	전시용입니다.
glitch	/objects/ffs_decoration/ffs_drop_ar15dmr_1/ffs_drop_ar15dmr_1_d.object.patch	/glitchDescription	It's for display only.	전시용입니다.
glitch	/objects/ffs_decoration/ffs_drop_fm9/ffs_drop_fm9_d.object.patch	/glitchDescription	It's for display only.	전시용입니다.
glitch	/objects/ffs_decoration/ffs_drop_p119sr/ffs_drop_p119sr_d.object.patch	/glitchDescription	It's for display only.	전시용입니다.
glitch	/objects/ffs_decoration/ffs_drop_rpg7/ffs_drop_rpg7_d.object.patch	/glitchDescription	It's for display only.	전시용입니다.
glitch	/objects/ffs_decoration/ffs_drop_rpg7vl/ffs_drop_rpg7vl_d.object.patch	/glitchDescription	It's for display only.	전시용입니다.
glitch	/objects/ffs_decoration/ffs_drop_saiga_1/ffs_drop_saiga_1_d.object.patch	/glitchDescription	It's for display only.	전시용입니다.
glitch	/objects/forgotten/forgotten-breakable1_es/forgotten-breakable1_es.object.patch	/glitchDescription	Disgusted. A rotting substance.	역겹네요. 썩어가는 물질입니다.
glitch	/objects/forgotten/forgotten-breakable2_es/forgotten-breakable2_es.object.patch	/glitchDescription	Disgusted. A rotting substance.	역겹네요. 썩어가는 물질입니다.
glitch	/objects/forgotten/forgottenchest/forgottenchest.object.patch	/glitchDescription	Disgusted. This chest is made of sickeningly putrid material.	혐오. 이 상자는 구역질나는 썩은 재료로 만들어졌어요.
glitch	/objects/generic/annihilatorteleporter/annihilatorteleporter.object.patch	/glitchDescription	Neutral. A transmitter.	중립. 송신기예요.
glitch	/objects/generic/flagavali/flagavali.object.patch	/glitchDescription	Observation. The Avali flag seems to be a wing motif imposed upon a circle icon.	관찰 결과. 아발리의 깃발은 원 아이콘에 날개를 모티브로 한 것 같습니다.
glitch	/objects/generic/logic/blackdlatch.object.patch	/glitchDescription	Fascinated. A Latch. Can be used to store a wire state.	매혹적. 상단 또는 'Enable' 노드는 래치가 하단 또는 'Data' 노드를 기준으로 상태를 변경할 수 있는지 여부를 제어합니다.
glitch	/objects/generic/logic/blackor.object.patch	/glitchDescription	Pleased. An /'OR'/ switch. Allows you to have multiple individual inputs.	관찰. 'OR'/ 게이트. 작동하려면 최소 1개의 입력이 /'켜져'/ 있어야 합니다.
glitch	/objects/generic/upgradestation/upgradestation.object.patch	/glitchDescription	Excited. I can upgrade my already powerful weapons here!	신남. 이미 강력한 무기를 여기서 업그레이드할 수 있어요!
glitch	/objects/knightfall/decorative/knightfall_glasspanel2/knightfall_glasspanel2.object.patch	/glitchDescription	Disappointed. This glass panel isn't holographic.	실망. 이 유리 패널은 홀로그램이 아니다.
glitch	/objects/knightfall/decorative/knightfall_glasspanel3/knightfall_glasspanel3.object.patch	/glitchDescription	Disappointed. This glass panel isn't holographic.	실망. 이 유리 패널은 홀로그램이 아니다.
glitch	/objects/knightfall/decorative/knightfall_glasspanel4/knightfall_glasspanel4.object.patch	/glitchDescription	Disappointed. This glass panel isn't holographic.	실망. 이 유리 패널은 홀로그램이 아니다.
glitch	/objects/knightfall/furniture/knightfall_chair/knightfall_chair.object.patch	/glitchDescription	Relaxed. Everyone should have a chair like this.	편안하죠. 누구나 이런 의자를 가져야 합니다.
glitch	/objects/knightfall/furniture/knightfall_couch/knightfall_couch.object.patch	/glitchDescription	Relaxed. Everyone should have a couch like this.	편안하죠. 누구나 이런 소파를 가져야 해요.
glitch	/objects/knightfall/ship/knightfall_shipteleporter/knightfall_shipteleporter.object.patch	/glitchDescription	Smug. A teleporter. I am able to enter a sleep mode during the teleport process.	스머그. 텔레포터. 순간이동 중에 절전 모드로 들어갈 수 있어요.
glitch	/objects/mission/atprk_crateunpackerclosed/atprk_crateunpackerclosed.object.patch	/glitchDescription	Concerned. Hello? Is anyone here?	걱정. 여보세요? 여기 누구 있나요?
glitch	/objects/moogle/ship/furniture/moogleshipcupboard/moogleshipcupboard1.object.patch	/glitchDescription	Optimistic. Suspended storage. Useful.	낙관적. 매달린 수납장. 유용합니다.
glitch	/objects/moogle/ship/moogleshipdoor/moogleshipdoor.object.patch	/glitchDescription	Informed. A standard ship door.	정보. 표준 선박 문입니다.
glitch	/objects/moogle/ship/moogleteleporter/moogleteleporter.object.patch	/glitchDescription	Smug. A teleporter. I am able to enter a sleep mode during the teleport process.	스머그. 텔레포터. 순간이동 중에 절전 모드로 들어갈 수 있어요.
glitch	/objects/moogle/ship/tinywaystoneteleporter/tinywaystoneteleporter.object.patch	/glitchDescription	Smug. A teleporter. I am able to enter a sleep mode during the teleport process.	스머그. 텔레포터. 순간이동 중에 절전 모드로 들어갈 수 있어요.
glitch	/objects/nmm_generic/arcade/cranegame1.object.patch	/glitchDescription	Panicked. I don't have anything to say!	당황. 할 말이 없습니다!
glitch	/objects/nmm_generic/camera/cameratripod1.object.patch	/glitchDescription	Panicked. I don't have anything to say!	당황. 할 말이 없습니다!
glitch	/objects/nmm_generic/camera/cameratripod2.object.patch	/glitchDescription	Panicked. I don't have anything to say!	당황. 할 말이 없습니다!
glitch	/objects/nmm_generic/cowgirlmilkcup/cowgirlmilkcup.object.patch	/glitchDescription	Observant. The milk in this cup isn't from a Mooshi.	관찰. 이 컵에 든 우유는 무시의 것이 아니다.
glitch	/objects/nmm_generic/food/ruinedmeal.object.patch	/glitchDescription	Panicked. I don't have anything to say!	당황. 할 말이 없습니다!
glitch	/objects/nmm_generic/junk/1x1pile1.object.patch	/glitchDescription	Panicked. I don't have anything to say!	당황. 할 말이 없습니다!
glitch	/objects/nmm_generic/junk/2x1pile1.object.patch	/glitchDescription	Panicked. I don't have anything to say!	당황. 할 말이 없습니다!
glitch	/objects/nmm_generic/junk/2x2pile1.object.patch	/glitchDescription	Panicked. I don't have anything to say!	당황. 할 말이 없습니다!
glitch	/objects/nmm_generic/junk/3x2pile1.object.patch	/glitchDescription	Panicked. I don't have anything to say!	당황. 할 말이 없습니다!
glitch	/objects/nmm_generic/junk/junkbarrel.object.patch	/glitchDescription	Panicked. I don't have anything to say!	당황. 할 말이 없습니다!
glitch	/objects/nmm_generic/rooftopantenna/rooftopantennaA.object.patch	/glitchDescription	Panicked. I don't have anything to say!	당황. 할 말이 없습니다!
glitch	/objects/nmm_generic/rooftopantenna/rooftopantennaB.object.patch	/glitchDescription	Panicked. I don't have anything to say!	당황. 할 말이 없습니다!
glitch	/objects/nmm_generic/rooftopantenna/rooftopantennaC.object.patch	/glitchDescription	Panicked. I don't have anything to say!	당황. 할 말이 없습니다!
glitch	/objects/nmm_generic/rooftopantenna/rooftopantennaD.object.patch	/glitchDescription	Panicked. I don't have anything to say!	당황. 할 말이 없습니다!
glitch	/objects/nmm_generic/rooftopantenna/rooftopantennaE.object.patch	/glitchDescription	Panicked. I don't have anything to say!	당황. 할 말이 없습니다!
glitch	/objects/nmm_generic/rooftopantenna/rooftopantennaF.object.patch	/glitchDescription	Panicked. I don't have anything to say!	당황. 할 말이 없습니다!
glitch	/objects/nmm_generic/rooftopbillboards/billboardcultist.object.patch	/glitchDescription	Panicked. I don't have anything to say!	당황. 할 말이 없습니다!
glitch	/objects/nmm_generic/rooftopbillboards/billboardeighfore.object.patch	/glitchDescription	Panicked. I don't have anything to say!	당황. 할 말이 없습니다!
glitch	/objects/nmm_generic/rooftopbillboards/billboardlagland.object.patch	/glitchDescription	Panicked. I don't have anything to say!	당황. 할 말이 없습니다!
glitch	/objects/nmm_generic/rooftopbillboards/billboardletheia.object.patch	/glitchDescription	Panicked. I don't have anything to say!	당황. 할 말이 없습니다!
glitch	/objects/nmm_generic/rooftopbillboards/billboardmilkie.object.patch	/glitchDescription	Panicked. I don't have anything to say!	당황. 할 말이 없습니다!
glitch	/objects/nmm_generic/rooftopbillboards/billboardreefcola.object.patch	/glitchDescription	Panicked. I don't have anything to say!	당황. 할 말이 없습니다!
glitch	/objects/nmm_generic/rooftopbillboards/billboardsybatskiya.object.patch	/glitchDescription	Panicked. I don't have anything to say!	당황. 할 말이 없습니다!
glitch	/objects/nmm_generic/rooftopbillboards/billboardtemplate.object.patch	/glitchDescription	Panicked. I don't have anything to say!	당황. 할 말이 없습니다!
glitch	/objects/nmm_generic/rooftopbillboards/billboarduscm.object.patch	/glitchDescription	Panicked. I don't have anything to say!	당황. 할 말이 없습니다!
glitch	/objects/nmm_generic/rooftopbillboards/billboarduscm2.object.patch	/glitchDescription	Panicked. I don't have anything to say!	당황. 할 말이 없습니다!
glitch	/objects/nmm_generic/rooftopbillboards/billboardwcallox.object.patch	/glitchDescription	Panicked. I don't have anything to say!	당황. 할 말이 없습니다!
glitch	/objects/nmm_generic/rooftopbillboards/billboardwgraxus.object.patch	/glitchDescription	Panicked. I don't have anything to say!	당황. 할 말이 없습니다!
glitch	/objects/nmm_generic/rooftopbillboards/billboardwmanaticon.object.patch	/glitchDescription	Panicked. I don't have anything to say!	당황. 할 말이 없습니다!
glitch	/objects/nmm_generic/rooftopbillboards/billboardwnecrolix.object.patch	/glitchDescription	Panicked. I don't have anything to say!	당황. 할 말이 없습니다!
glitch	/objects/nmm_generic/rooftopbillboards/billboardwrotik.object.patch	/glitchDescription	Panicked. I don't have anything to say!	당황. 할 말이 없습니다!
glitch	/objects/nmm_generic/rooftopbillboards/billboardwshadeco.object.patch	/glitchDescription	Panicked. I don't have anything to say!	당황. 할 말이 없습니다!
glitch	/objects/nmm_generic/rooftopbillboards/billboardwteklacki.object.patch	/glitchDescription	Panicked. I don't have anything to say!	당황. 할 말이 없습니다!
glitch	/objects/nmm_generic/rooftopbillboards/billboardwxiali.object.patch	/glitchDescription	Panicked. I don't have anything to say!	당황. 할 말이 없습니다!
glitch	/objects/nmm_generic/tapes/monopus.object.patch	/glitchDescription	Panicked. I don't have anything to say!	당황. 할 말이 없습니다!
glitch	/objects/nmm_generic/vault/largestorage.object.patch	/glitchDescription	Panicked. I don't have anything to say!	당황. 할 말이 없습니다!
glitch	/objects/nmm_mvg/arcade/arcadeflappyflug/arcadeflappyflug.object.patch	/glitchDescription	Panicked. I don't have anything to say!	당황. 할 말이 없습니다!
glitch	/objects/nmm_mvg/backrooms/kane_exitsign/kv31exitsign.object.patch	/glitchDescription	Panicked. I don't have anything to say!	당황. 할 말이 없습니다!
glitch	/objects/nmm_mvg/backrooms/pieplate/pieplate.object.patch	/glitchDescription	Panicked. I don't have anything to say!	당황. 할 말이 없습니다!
glitch	/objects/nmm_mvg/backrooms/plushies/plushbacteria.object.patch	/glitchDescription	Panicked. I don't have anything to say!	당황. 할 말이 없습니다!
glitch	/objects/nmm_mvg/backrooms/plushies/plushhazmat.object.patch	/glitchDescription	Panicked. I don't have anything to say!	당황. 할 말이 없습니다!
glitch	/objects/nmm_mvg/goatsim/1000Lcontainer.object.patch	/glitchDescription	Panicked. I don't have anything to say!	당황. 할 말이 없습니다!
glitch	/objects/nmm_mvg/goatsim/1000Lcontainersun.object.patch	/glitchDescription	Panicked. I don't have anything to say!	당황. 할 말이 없습니다!
glitch	/objects/nmm_mvg/goatsim/atm.object.patch	/glitchDescription	Panicked. I don't have anything to say!	당황. 할 말이 없습니다!
glitch	/objects/nmm_mvg/goatsim/constructionbarrier.object.patch	/glitchDescription	Panicked. I don't have anything to say!	당황. 할 말이 없습니다!
glitch	/objects/nmm_mvg/goatsim/constructionbarriercover.object.patch	/glitchDescription	Panicked. I don't have anything to say!	당황. 할 말이 없습니다!
glitch	/objects/nmm_mvg/goatsim/plushabominana.object.patch	/glitchDescription	Panicked. I don't have anything to say!	당황. 할 말이 없습니다!
glitch	/objects/nmm_mvg/goatsim/plushbilly.object.patch	/glitchDescription	Panicked. I don't have anything to say!	당황. 할 말이 없습니다!
glitch	/objects/nmm_mvg/goatsim/pointyfoodscrate.object.patch	/glitchDescription	Panicked. I don't have anything to say!	당황. 할 말이 없습니다!
glitch	/objects/nmm_mvg/goatsim/posterwhistleblower.object.patch	/glitchDescription	Panicked. I don't have anything to say!	당황. 할 말이 없습니다!
glitch	/objects/nmm_mvg/goatsim/verylargebag.object.patch	/glitchDescription	Panicked. I don't have anything to say!	당황. 할 말이 없습니다!
glitch	/objects/nmm_mvg/goatsim/waterbarrel.object.patch	/glitchDescription	Panicked. I don't have anything to say!	당황. 할 말이 없습니다!
glitch	/objects/nmm_mvg/gubverse/ammerge/macroprocessor.object.patch	/glitchDescription	Panicked. I don't have anything to say!	당황. 할 말이 없습니다!
glitch	/objects/nmm_mvg/gubverse/ammerge/node.object.patch	/glitchDescription	Panicked. I don't have anything to say!	당황. 할 말이 없습니다!
glitch	/objects/nmm_mvg/gubverse/friendcorp_plushies/plushantbob.object.patch	/glitchDescription	Panicked. I don't have anything to say!	당황. 할 말이 없습니다!
glitch	/objects/nmm_mvg/gubverse/friendcorp_plushies/plushbasil.object.patch	/glitchDescription	Panicked. I don't have anything to say!	당황. 할 말이 없습니다!
glitch	/objects/nmm_mvg/gubverse/friendcorp_plushies/plushblueggle.object.patch	/glitchDescription	Panicked. I don't have anything to say!	당황. 할 말이 없습니다!
glitch	/objects/nmm_mvg/gubverse/friendcorp_plushies/plushhuglass.object.patch	/glitchDescription	Panicked. I don't have anything to say!	당황. 할 말이 없습니다!
glitch	/objects/nmm_mvg/gubverse/friendcorp_plushies/plushjedmond.object.patch	/glitchDescription	Panicked. I don't have anything to say!	당황. 할 말이 없습니다!
glitch	/objects/nmm_mvg/gubverse/friendcorp_plushies/plushkuru.object.patch	/glitchDescription	Panicked. I don't have anything to say!	당황. 할 말이 없습니다!
glitch	/objects/nmm_mvg/gubverse/friendcorp_plushies/plushlamphead.object.patch	/glitchDescription	Panicked. I don't have anything to say!	당황. 할 말이 없습니다!
glitch	/objects/nmm_mvg/gubverse/friendcorp_plushies/plushmatcha.object.patch	/glitchDescription	Panicked. I don't have anything to say!	당황. 할 말이 없습니다!
glitch	/objects/nmm_mvg/gubverse/friendcorp_plushies/plushqhyutzei.object.patch	/glitchDescription	Panicked. I don't have anything to say!	당황. 할 말이 없습니다!
glitch	/objects/nmm_mvg/gubverse/friendcorp_plushies/plushrelasfemale.object.patch	/glitchDescription	Panicked. I don't have anything to say!	당황. 할 말이 없습니다!
glitch	/objects/nmm_mvg/gubverse/friendcorp_plushies/plushrelasmale.object.patch	/glitchDescription	Panicked. I don't have anything to say!	당황. 할 말이 없습니다!
glitch	/objects/nmm_mvg/gubverse/friendcorp_plushies/plushtokki.object.patch	/glitchDescription	Panicked. I don't have anything to say!	당황. 할 말이 없습니다!
glitch	/objects/nmm_mvg/gubverse/gubverse_plushies/plushbubbles.object.patch	/glitchDescription	Panicked. I don't have anything to say!	당황. 할 말이 없습니다!
glitch	/objects/nmm_mvg/gubverse/gubverse_plushies/plushclaudia.object.patch	/glitchDescription	Panicked. I don't have anything to say!	당황. 할 말이 없습니다!
glitch	/objects/nmm_mvg/gubverse/gubverse_plushies/plushnuggubs.object.patch	/glitchDescription	Panicked. I don't have anything to say!	당황. 할 말이 없습니다!
glitch	/objects/nmm_mvg/gubverse/gubverse_plushies/plushnyubu.object.patch	/glitchDescription	Panicked. I don't have anything to say!	당황. 할 말이 없습니다!
glitch	/objects/nmm_mvg/gubverse/gubverse_posters/multiversemap.object.patch	/glitchDescription	Panicked. I don't have anything to say!	당황. 할 말이 없습니다!
glitch	/objects/nmm_mvg/gubverse/gubverse_posters/paintingkadai.object.patch	/glitchDescription	Panicked. I don't have anything to say!	당황. 할 말이 없습니다!
glitch	/objects/nmm_mvg/gubverse/gubverse_posters/postermotiralph.object.patch	/glitchDescription	Panicked. I don't have anything to say!	당황. 할 말이 없습니다!
glitch	/objects/nmm_mvg/gubverse/gubverse_posters/postertaffy.object.patch	/glitchDescription	Panicked. I don't have anything to say!	당황. 할 말이 없습니다!
glitch	/objects/nmm_mvg/gubverse/gubverse_posters/posteruwuneko.object.patch	/glitchDescription	Panicked. I don't have anything to say!	당황. 할 말이 없습니다!
glitch	/objects/nmm_mvg/gubverse/gubverse_statues/sharkystatue.object.patch	/glitchDescription	Panicked. I don't have anything to say!	당황. 할 말이 없습니다!
glitch	/objects/nmm_mvg/gubverse/icemachine/icemachine.object.patch	/glitchDescription	Panicked. I don't have anything to say!	당황. 할 말이 없습니다!
glitch	/objects/nmm_mvg/lsdde/map/dreamworldmap.object.patch	/glitchDescription	Panicked. I don't have anything to say!	당황. 할 말이 없습니다!
glitch	/objects/nmm_mvg/lsdde/plushies/linenplush.object.patch	/glitchDescription	Panicked. I don't have anything to say!	당황. 할 말이 없습니다!
glitch	/objects/nmm_mvg/lsdde/tv/brightmoontv.object.patch	/glitchDescription	Panicked. I don't have anything to say!	당황. 할 말이 없습니다!
glitch	/objects/nmm_mvg/lsdde/violencesign/violencesign.object.patch	/glitchDescription	Panicked. I don't have anything to say!	당황. 할 말이 없습니다!
glitch	/objects/nmm_mvg/minecraft/paintings/paintingclockpng.object.patch	/glitchDescription	Panicked. I don't have anything to say!	당황. 할 말이 없습니다!
glitch	/objects/nmm_mvg/minecraft/paintings/paintingcmcpackpng.object.patch	/glitchDescription	Neutral. A familiar hilly landscape.	중립. 낯익은 구릉 지대입니다.
glitch	/objects/nmm_mvg/minecraft/paintings/paintingcmcsnowplains.object.patch	/glitchDescription	Panicked. I don't have anything to say!	당황. 할 말이 없습니다!
glitch	/objects/nmm_mvg/minecraft/paintings/paintingmcalban.object.patch	/glitchDescription	Panicked. I don't have anything to say!	당황. 할 말이 없습니다!
glitch	/objects/nmm_mvg/minecraft/paintings/paintingmcaztec.object.patch	/glitchDescription	Panicked. I don't have anything to say!	당황. 할 말이 없습니다!
glitch	/objects/nmm_mvg/minecraft/paintings/paintingmcaztec2.object.patch	/glitchDescription	Panicked. I don't have anything to say!	당황. 할 말이 없습니다!
glitch	/objects/nmm_mvg/minecraft/paintings/paintingmcbomb.object.patch	/glitchDescription	Panicked. I don't have anything to say!	당황. 할 말이 없습니다!
glitch	/objects/nmm_mvg/minecraft/paintings/paintingmcbust.object.patch	/glitchDescription	Panicked. I don't have anything to say!	당황. 할 말이 없습니다!
glitch	/objects/nmm_mvg/minecraft/paintings/paintingmccreebet.object.patch	/glitchDescription	Panicked. I don't have anything to say!	당황. 할 말이 없습니다!
glitch	/objects/nmm_mvg/minecraft/paintings/paintingmceair.object.patch	/glitchDescription	Neutral. A large colored slab with a symbol for the natural element of air.	중립. 바람이라는 자연 원소의 상징이 그려진 커다란 색판입니다.
glitch	/objects/nmm_mvg/minecraft/paintings/paintingmceearth.object.patch	/glitchDescription	Neutral. A large colored slab with a symbol for the natural element of earth.	중립. 대지라는 자연 원소의 상징이 그려진 커다란 색판입니다.
glitch	/objects/nmm_mvg/minecraft/paintings/paintingmcefire.object.patch	/glitchDescription	Neutral. A large colored slab with a symbol for the natural element of fire.	중립. 불이라는 자연 원소의 상징이 그려진 커다란 색판입니다.
glitch	/objects/nmm_mvg/minecraft/paintings/paintingmcewater.object.patch	/glitchDescription	Neutral. A large colored slab with a symbol for the natural element of water.	중립. 물이라는 자연 원소의 상징이 그려진 커다란 색판입니다.
glitch	/objects/nmm_mvg/minecraft/paintings/paintingmcgraham.object.patch	/glitchDescription	Panicked. I don't have anything to say!	당황. 할 말이 없습니다!
glitch	/objects/nmm_mvg/minecraft/paintings/paintingmckebab.object.patch	/glitchDescription	Panicked. I don't have anything to say!	당황. 할 말이 없습니다!
glitch	/objects/nmm_mvg/minecraft/paintings/paintingmcmatch.object.patch	/glitchDescription	Panicked. I don't have anything to say!	당황. 할 말이 없습니다!
glitch	/objects/nmm_mvg/minecraft/paintings/paintingmcplant.object.patch	/glitchDescription	Panicked. I don't have anything to say!	당황. 할 말이 없습니다!
glitch	/objects/nmm_mvg/minecraft/paintings/paintingmcsea.object.patch	/glitchDescription	Panicked. I don't have anything to say!	당황. 할 말이 없습니다!
glitch	/objects/nmm_mvg/minecraft/paintings/paintingmcskullandroses.object.patch	/glitchDescription	Panicked. I don't have anything to say!	당황. 할 말이 없습니다!
glitch	/objects/nmm_mvg/minecraft/paintings/paintingmcstage.object.patch	/glitchDescription	Panicked. I don't have anything to say!	당황. 할 말이 없습니다!
glitch	/objects/nmm_mvg/minecraft/paintings/paintingmcsunset.object.patch	/glitchDescription	Panicked. I don't have anything to say!	당황. 할 말이 없습니다!
glitch	/objects/nmm_mvg/minecraft/paintings/paintingmcvoid.object.patch	/glitchDescription	Panicked. I don't have anything to say!	당황. 할 말이 없습니다!
glitch	/objects/nmm_mvg/minecraft/paintings/paintingmcwanderer.object.patch	/glitchDescription	Panicked. I don't have anything to say!	당황. 할 말이 없습니다!
glitch	/objects/nmm_mvg/minecraft/paintings/paintingmcwasteland.object.patch	/glitchDescription	Panicked. I don't have anything to say!	당황. 할 말이 없습니다!
glitch	/objects/nmm_mvg/minecraft/paintings/paintingmcwinter.object.patch	/glitchDescription	Panicked. I don't have anything to say!	당황. 할 말이 없습니다!
glitch	/objects/nmm_mvg/minecraft/paintings/paintingmcwither.object.patch	/glitchDescription	Panicked. I don't have anything to say!	당황. 할 말이 없습니다!
glitch	/objects/nmm_mvg/minecraft/plantpots/mcpotted_cyanflower.object.patch	/glitchDescription	Panicked. I don't have anything to say!	당황. 할 말이 없습니다!
glitch	/objects/nmm_mvg/minecraft/plantpots/mcpotted_funguscrimson.object.patch	/glitchDescription	Panicked. I don't have anything to say!	당황. 할 말이 없습니다!
glitch	/objects/nmm_mvg/minecraft/plantpots/mcpotted_funguswarped.object.patch	/glitchDescription	Panicked. I don't have anything to say!	당황. 할 말이 없습니다!
glitch	/objects/nmm_mvg/minecraft/plantpots/mcpotted_mushroombrown.object.patch	/glitchDescription	Panicked. I don't have anything to say!	당황. 할 말이 없습니다!
glitch	/objects/nmm_mvg/minecraft/plantpots/mcpotted_mushroomred.object.patch	/glitchDescription	Panicked. I don't have anything to say!	당황. 할 말이 없습니다!
glitch	/objects/nmm_mvg/minecraft/plantpots/mcpotted_rootscrimson.object.patch	/glitchDescription	Panicked. I don't have anything to say!	당황. 할 말이 없습니다!
glitch	/objects/nmm_mvg/minecraft/plantpots/mcpotted_rootswarped.object.patch	/glitchDescription	Panicked. I don't have anything to say!	당황. 할 말이 없습니다!
glitch	/objects/nmm_mvg/minecraft/plantpots/mcpotted_rosewither.object.patch	/glitchDescription	Panicked. I don't have anything to say!	당황. 할 말이 없습니다!
glitch	/objects/nmm_mvg/minecraft/plantpots/mcpotted_tuliporange.object.patch	/glitchDescription	Panicked. I don't have anything to say!	당황. 할 말이 없습니다!
glitch	/objects/nmm_mvg/minecraft/plantpots/mcpotted_tulippink.object.patch	/glitchDescription	Panicked. I don't have anything to say!	당황. 할 말이 없습니다!
glitch	/objects/nmm_mvg/minecraft/plantpots/mcpotted_tulipred.object.patch	/glitchDescription	Panicked. I don't have anything to say!	당황. 할 말이 없습니다!
glitch	/objects/nmm_mvg/minecraft/plantpots/mcpotted_tulipwhite.object.patch	/glitchDescription	Panicked. I don't have anything to say!	당황. 할 말이 없습니다!
glitch	/objects/nmm_mvg/mvgshop/oldstorage.object.patch	/glitchDescription	Panicked. I don't have anything to say!	당황. 할 말이 없습니다!
glitch	/objects/nmm_mvg/mvgshop/oldtank.object.patch	/glitchDescription	Panicked. I don't have anything to say!	당황. 할 말이 없습니다!
glitch	/objects/nmm_mvg/mysteryfleshpit/ad1computer/ad1terminal.object.patch	/glitchDescription	Panicked. I don't have anything to say!	당황. 할 말이 없습니다!
glitch	/objects/nmm_mvg/mysteryfleshpit/signage/respfoldtrailnotice.object.patch	/glitchDescription	Panicked. I don't have anything to say!	당황. 할 말이 없습니다!
glitch	/objects/nmm_mvg/mysteryfleshpit/signage/respfoldtrailnoticeclean.object.patch	/glitchDescription	Panicked. I don't have anything to say!	당황. 할 말이 없습니다!
glitch	/objects/nmm_mvg/nintendo/mother_objects/camera.object.patch	/glitchDescription	Panicked. I don't have anything to say!	당황. 할 말이 없습니다!
glitch	/objects/nmm_mvg/nintendo/mother_objects/eraserstatue.object.patch	/glitchDescription	Panicked. I don't have anything to say!	당황. 할 말이 없습니다!
glitch	/objects/nmm_mvg/nintendo/mother_objects/kokeshistatue.object.patch	/glitchDescription	Panicked. I don't have anything to say!	당황. 할 말이 없습니다!
glitch	/objects/nmm_mvg/nintendo/mother_objects/magicmindroot.object.patch	/glitchDescription	Panicked. I don't have anything to say!	당황. 할 말이 없습니다!
glitch	/objects/nmm_mvg/nintendo/mother_objects/octostatue.object.patch	/glitchDescription	Panicked. I don't have anything to say!	당황. 할 말이 없습니다!
glitch	/objects/nmm_mvg/nintendo/mother_objects/pencilstatue.object.patch	/glitchDescription	Panicked. I don't have anything to say!	당황. 할 말이 없습니다!
glitch	/objects/nmm_mvg/nintendo/mother_objects/sign.object.patch	/glitchDescription	Panicked. I don't have anything to say!	당황. 할 말이 없습니다!
glitch	/objects/nmm_mvg/nyan/gameboynyanplush.object.patch	/glitchDescription	Panicked. I don't have anything to say!	당황. 할 말이 없습니다!
glitch	/objects/nmm_mvg/nyan/grumpynyanplush.object.patch	/glitchDescription	Panicked. I don't have anything to say!	당황. 할 말이 없습니다!
glitch	/objects/nmm_mvg/nyan/jazznyanplush.object.patch	/glitchDescription	Panicked. I don't have anything to say!	당황. 할 말이 없습니다!
glitch	/objects/nmm_mvg/nyan/levoplush.object.patch	/glitchDescription	Panicked. I don't have anything to say!	당황. 할 말이 없습니다!
glitch	/objects/nmm_mvg/nyan/nyancatplush.object.patch	/glitchDescription	Panicked. I don't have anything to say!	당황. 할 말이 없습니다!
glitch	/objects/nmm_mvg/nyan/tacnaynplush.object.patch	/glitchDescription	Panicked. I don't have anything to say!	당황. 할 말이 없습니다!
glitch	/objects/nmm_mvg/nyan/violetnyanplush.object.patch	/glitchDescription	Panicked. I don't have anything to say!	당황. 할 말이 없습니다!
glitch	/objects/nmm_mvg/other/bmw/starboundcar.object.patch	/glitchDescription	Panicked. I don't have anything to say!	당황. 할 말이 없습니다!
glitch	/objects/nmm_mvg/other/bmw/whatsappcar.object.patch	/glitchDescription	Panicked. I don't have anything to say!	당황. 할 말이 없습니다!
glitch	/objects/nmm_mvg/other/caretaker/emptybliss.object.patch	/glitchDescription	Panicked. I don't have anything to say!	당황. 할 말이 없습니다!
glitch	/objects/nmm_mvg/other/caretaker/pot.object.patch	/glitchDescription	Panicked. I don't have anything to say!	당황. 할 말이 없습니다!
glitch	/objects/nmm_mvg/other/caretaker/sebald.object.patch	/glitchDescription	Panicked. I don't have anything to say!	당황. 할 말이 없습니다!
glitch	/objects/nmm_mvg/other/caretaker/stage1.object.patch	/glitchDescription	Panicked. I don't have anything to say!	당황. 할 말이 없습니다!
glitch	/objects/nmm_mvg/other/caretaker/stage5.object.patch	/glitchDescription	Panicked. I don't have anything to say!	당황. 할 말이 없습니다!
glitch	/objects/nmm_mvg/other/caretaker/takecare.object.patch	/glitchDescription	Panicked. I don't have anything to say!	당황. 할 말이 없습니다!
glitch	/objects/nmm_mvg/other/egbert/painting1.object.patch	/glitchDescription	Panicked. I don't have anything to say!	당황. 할 말이 없습니다!
glitch	/objects/nmm_mvg/other/egbert/painting2.object.patch	/glitchDescription	Panicked. I don't have anything to say!	당황. 할 말이 없습니다!
glitch	/objects/nmm_mvg/other/egbert/podorta.object.patch	/glitchDescription	Panicked. I don't have anything to say!	당황. 할 말이 없습니다!
glitch	/objects/nmm_mvg/other/egbert/portrait.object.patch	/glitchDescription	Panicked. I don't have anything to say!	당황. 할 말이 없습니다!
glitch	/objects/nmm_mvg/other/musical/kdlrsloop_radio.object.patch	/glitchDescription	Panicked. I don't have anything to say!	당황. 할 말이 없습니다!
glitch	/objects/nmm_mvg/other/musical/retroboombox.object.patch	/glitchDescription	Panicked. I don't have anything to say!	당황. 할 말이 없습니다!
glitch	/objects/nmm_mvg/other/oddheader/oddhead.object.patch	/glitchDescription	Panicked. I don't have anything to say!	당황. 할 말이 없습니다!
glitch	/objects/nmm_mvg/other/panasonic/vieratx32lxd600.object.patch	/glitchDescription	Appreciative. The television is truly one of humanity's greatest achievements.	감사. 텔레비전은 진정 인류의 가장 위대한 업적 중 하나입니다.
glitch	/objects/nmm_mvg/other/posters/paintingblinicat.object.patch	/glitchDescription	Panicked. I don't have anything to say!	당황. 할 말이 없습니다!
glitch	/objects/nmm_mvg/other/posters/paintingfiend.object.patch	/glitchDescription	Panicked. I don't have anything to say!	당황. 할 말이 없습니다!
glitch	/objects/nmm_mvg/other/radiohead/paintingsailingbear.object.patch	/glitchDescription	Panicked. I don't have anything to say!	당황. 할 말이 없습니다!
glitch	/objects/nmm_mvg/other/radiohead/plushmodbear.object.patch	/glitchDescription	Panicked. I don't have anything to say!	당황. 할 말이 없습니다!
glitch	/objects/nmm_mvg/other/radiohead/plushonyxminotaur.object.patch	/glitchDescription	Panicked. I don't have anything to say!	당황. 할 말이 없습니다!
glitch	/objects/nmm_mvg/other/radiohead/plushweepingminotaur.object.patch	/glitchDescription	Panicked. I don't have anything to say!	당황. 할 말이 없습니다!
glitch	/objects/nmm_mvg/other/requested/posterminoman.object.patch	/glitchDescription	Panicked. I don't have anything to say!	당황. 할 말이 없습니다!
glitch	/objects/nmm_mvg/other/sandcrewmate/sandcrewmate.object.patch	/glitchDescription	Panicked. I don't have anything to say!	당황. 할 말이 없습니다!
glitch	/objects/nmm_mvg/other/sandcrewmate/sandcrewmatebucket.object.patch	/glitchDescription	Panicked. I don't have anything to say!	당황. 할 말이 없습니다!
glitch	/objects/nmm_mvg/regularshow/plushies/mordecoolplush.object.patch	/glitchDescription	Panicked. I don't have anything to say!	당황. 할 말이 없습니다!
glitch	/objects/nmm_mvg/regularshow/plushies/rigboneplush.object.patch	/glitchDescription	Panicked. I don't have anything to say!	당황. 할 말이 없습니다!
glitch	/objects/nmm_mvg/regularshow/s1e2/arcadeballofyarn.object.patch	/glitchDescription	Panicked. I don't have anything to say!	당황. 할 말이 없습니다!
glitch	/objects/nmm_mvg/regularshow/s1e2/arcadecandlemaker.object.patch	/glitchDescription	Panicked. I don't have anything to say!	당황. 할 말이 없습니다!
glitch	/objects/nmm_mvg/regularshow/s1e2/arcadeclaplikethis.object.patch	/glitchDescription	Panicked. I don't have anything to say!	당황. 할 말이 없습니다!
glitch	/objects/nmm_mvg/regularshow/s1e2/arcadedelidude.object.patch	/glitchDescription	Panicked. I don't have anything to say!	당황. 할 말이 없습니다!
glitch	/objects/nmm_mvg/regularshow/s1e2/arcadedestroyerofworlds.object.patch	/glitchDescription	Panicked. I don't have anything to say!	당황. 할 말이 없습니다!
glitch	/objects/nmm_mvg/regularshow/s1e2/arcadehats4sale.object.patch	/glitchDescription	Panicked. I don't have anything to say!	당황. 할 말이 없습니다!
glitch	/objects/nmm_mvg/regularshow/s1e2/arcadelemonadestand.object.patch	/glitchDescription	Panicked. I don't have anything to say!	당황. 할 말이 없습니다!
glitch	/objects/nmm_mvg/regularshow/s1e2/arcadestaringcontest.object.patch	/glitchDescription	Panicked. I don't have anything to say!	당황. 할 말이 없습니다!
glitch	/objects/nmm_mvg/regularshow/s2e8/tv.object.patch	/glitchDescription	Panicked. I don't have anything to say!	당황. 할 말이 없습니다!
glitch	/objects/nmm_mvg/stardewvalley/plushies/smalljunimoplushblue1.object.patch	/glitchDescription	Panicked. I don't have anything to say!	당황. 할 말이 없습니다!
glitch	/objects/nmm_mvg/stardewvalley/plushies/smalljunimoplushdead.object.patch	/glitchDescription	Panicked. I don't have anything to say!	당황. 할 말이 없습니다!
glitch	/objects/nmm_mvg/stardewvalley/plushies/smalljunimoplushgold.object.patch	/glitchDescription	Panicked. I don't have anything to say!	당황. 할 말이 없습니다!
glitch	/objects/nmm_mvg/stardewvalley/plushies/smalljunimoplushgreen1.object.patch	/glitchDescription	Panicked. I don't have anything to say!	당황. 할 말이 없습니다!
glitch	/objects/nmm_mvg/stardewvalley/plushies/smalljunimoplushiridium.object.patch	/glitchDescription	Panicked. I don't have anything to say!	당황. 할 말이 없습니다!
glitch	/objects/nmm_mvg/stardewvalley/plushies/smalljunimoplushorange.object.patch	/glitchDescription	Panicked. I don't have anything to say!	당황. 할 말이 없습니다!
glitch	/objects/nmm_mvg/stardewvalley/plushies/smalljunimoplushpink.object.patch	/glitchDescription	Panicked. I don't have anything to say!	당황. 할 말이 없습니다!
glitch	/objects/nmm_mvg/stardewvalley/plushies/smalljunimoplushred.object.patch	/glitchDescription	Panicked. I don't have anything to say!	당황. 할 말이 없습니다!
glitch	/objects/nmm_mvg/terraria/crafting/dyevat.object.patch	/glitchDescription	Panicked. I don't have anything to say!	당황. 할 말이 없습니다!
glitch	/objects/nmm_mvg/terraria/crafting/terrawoodenworkbenchlarge.object.patch	/glitchDescription	Panicked. I don't have anything to say!	당황. 할 말이 없습니다!
glitch	/objects/nmm_mvg/terraria/crafting/terrawoodenworkbenchsmall.object.patch	/glitchDescription	Panicked. I don't have anything to say!	당황. 할 말이 없습니다!
glitch	/objects/nmm_mvg/terraria/lihzahrd/lihzahrddoor.object.patch	/glitchDescription	Panicked. I don't have anything to say!	당황. 할 말이 없습니다!
glitch	/objects/nmm_mvg/terraria/lihzahrd/lihzahrdworkbench.object.patch	/glitchDescription	Panicked. I don't have anything to say!	당황. 할 말이 없습니다!
glitch	/objects/nmm_mvg/terraria/planterboxes/blinkrootplanter.object.patch	/glitchDescription	Panicked. I don't have anything to say!	당황. 할 말이 없습니다!
glitch	/objects/nmm_mvg/terraria/planterboxes/daybloomplanter.object.patch	/glitchDescription	Panicked. I don't have anything to say!	당황. 할 말이 없습니다!
glitch	/objects/nmm_mvg/terraria/planterboxes/deathweedcoplanter.object.patch	/glitchDescription	Panicked. I don't have anything to say!	당황. 할 말이 없습니다!
glitch	/objects/nmm_mvg/terraria/planterboxes/deathweedcrplanter.object.patch	/glitchDescription	Panicked. I don't have anything to say!	당황. 할 말이 없습니다!
glitch	/objects/nmm_mvg/terraria/planterboxes/fireblossomplanter.object.patch	/glitchDescription	Panicked. I don't have anything to say!	당황. 할 말이 없습니다!
glitch	/objects/nmm_mvg/terraria/planterboxes/moonglowplanter.object.patch	/glitchDescription	Panicked. I don't have anything to say!	당황. 할 말이 없습니다!
glitch	/objects/nmm_mvg/terraria/planterboxes/shiverthornplanter.object.patch	/glitchDescription	Panicked. I don't have anything to say!	당황. 할 말이 없습니다!
glitch	/objects/nmm_mvg/terraria/planterboxes/waterleafplanter.object.patch	/glitchDescription	Panicked. I don't have anything to say!	당황. 할 말이 없습니다!
glitch	/objects/nmm_mvg/terraria/plants/herbpotblinkroot.object.patch	/glitchDescription	Panicked. I don't have anything to say!	당황. 할 말이 없습니다!
glitch	/objects/nmm_mvg/terraria/plants/herbpotdaybloom.object.patch	/glitchDescription	Panicked. I don't have anything to say!	당황. 할 말이 없습니다!
glitch	/objects/nmm_mvg/terraria/plants/herbpotdeathweed.object.patch	/glitchDescription	Panicked. I don't have anything to say!	당황. 할 말이 없습니다!
glitch	/objects/nmm_mvg/terraria/plants/herbpotfireblossom.object.patch	/glitchDescription	Panicked. I don't have anything to say!	당황. 할 말이 없습니다!
glitch	/objects/nmm_mvg/terraria/plants/herbpotmoonglow.object.patch	/glitchDescription	Panicked. I don't have anything to say!	당황. 할 말이 없습니다!
glitch	/objects/nmm_mvg/terraria/plants/herbpotshiverthorn.object.patch	/glitchDescription	Panicked. I don't have anything to say!	당황. 할 말이 없습니다!
glitch	/objects/nmm_mvg/terraria/plants/herbpotwaterleaf.object.patch	/glitchDescription	Panicked. I don't have anything to say!	당황. 할 말이 없습니다!
glitch	/objects/nmm_mvg/terraria/plants/potteddustileo.object.patch	/glitchDescription	Panicked. I don't have anything to say!	당황. 할 말이 없습니다!
glitch	/objects/nmm_mvg/terraria/plants/pottednebteria.object.patch	/glitchDescription	Panicked. I don't have anything to say!	당황. 할 말이 없습니다!
glitch	/objects/nmm_mvg/terraria/plants/pottedrozaleum.object.patch	/glitchDescription	Panicked. I don't have anything to say!	당황. 할 말이 없습니다!
glitch	/objects/nmm_mvg/terraria/plants/pottedsolaleaf.object.patch	/glitchDescription	Panicked. I don't have anything to say!	당황. 할 말이 없습니다!
glitch	/objects/nmm_mvg/terraria/plants/pottedvortexbushivy.object.patch	/glitchDescription	Panicked. I don't have anything to say!	당황. 할 말이 없습니다!
glitch	/objects/nmm_mvg/terraria/plants/sakurasapling.object.patch	/glitchDescription	Panicked. I don't have anything to say!	당황. 할 말이 없습니다!
glitch	/objects/nmm_mvg/terraria/plants/willowsapling.object.patch	/glitchDescription	Panicked. I don't have anything to say!	당황. 할 말이 없습니다!
glitch	/objects/nmm_mvg/terraria/posters/painting_ncervilletowers.object.patch	/glitchDescription	Panicked. I don't have anything to say!	당황. 할 말이 없습니다!
glitch	/objects/nmm_mvg/terraria/posters/painting_ncthulhu.object.patch	/glitchDescription	Panicked. I don't have anything to say!	당황. 할 말이 없습니다!
glitch	/objects/nmm_mvg/terraria/posters/paintingdiscover.object.patch	/glitchDescription	Panicked. I don't have anything to say!	당황. 할 말이 없습니다!
glitch	/objects/nmm_mvg/terraria/posters/paintingharpies.object.patch	/glitchDescription	Panicked. I don't have anything to say!	당황. 할 말이 없습니다!
glitch	/objects/nmm_mvg/terraria/posters/paintingland.object.patch	/glitchDescription	Panicked. I don't have anything to say!	당황. 할 말이 없습니다!
glitch	/objects/nmm_mvg/terraria/posters/paintingmyson.object.patch	/glitchDescription	Panicked. I don't have anything to say!	당황. 할 말이 없습니다!
glitch	/objects/nmm_mvg/terraria/posters/paintingnight.object.patch	/glitchDescription	Panicked. I don't have anything to say!	당황. 할 말이 없습니다!
glitch	/objects/nmm_mvg/terraria/posters/paintingominous.object.patch	/glitchDescription	Panicked. I don't have anything to say!	당황. 할 말이 없습니다!
glitch	/objects/nmm_mvg/terraria/posters/paintingpaintercorruption.object.patch	/glitchDescription	Panicked. I don't have anything to say!	당황. 할 말이 없습니다!
glitch	/objects/nmm_mvg/terraria/posters/paintingpaintercrimson.object.patch	/glitchDescription	Panicked. I don't have anything to say!	당황. 할 말이 없습니다!
glitch	/objects/nmm_mvg/terraria/posters/paintingpainterdesert.object.patch	/glitchDescription	Panicked. I don't have anything to say!	당황. 할 말이 없습니다!
glitch	/objects/nmm_mvg/terraria/posters/paintingpaintereye.object.patch	/glitchDescription	Panicked. I don't have anything to say!	당황. 할 말이 없습니다!
glitch	/objects/nmm_mvg/terraria/posters/paintingpainterforest.object.patch	/glitchDescription	Panicked. I don't have anything to say!	당황. 할 말이 없습니다!
glitch	/objects/nmm_mvg/terraria/posters/paintingpaintergrass.object.patch	/glitchDescription	Panicked. I don't have anything to say!	당황. 할 말이 없습니다!
glitch	/objects/nmm_mvg/terraria/posters/paintingpainterhallow.object.patch	/glitchDescription	Panicked. I don't have anything to say!	당황. 할 말이 없습니다!
glitch	/objects/nmm_mvg/terraria/posters/paintingpainterjungle.object.patch	/glitchDescription	Panicked. I don't have anything to say!	당황. 할 말이 없습니다!
glitch	/objects/nmm_mvg/terraria/posters/paintingpainterlifecrystal.object.patch	/glitchDescription	Panicked. I don't have anything to say!	당황. 할 말이 없습니다!
glitch	/objects/nmm_mvg/terraria/posters/paintingpaintersky.object.patch	/glitchDescription	Panicked. I don't have anything to say!	당황. 할 말이 없습니다!
glitch	/objects/nmm_mvg/terraria/posters/paintingpainterslime.object.patch	/glitchDescription	Panicked. I don't have anything to say!	당황. 할 말이 없습니다!
glitch	/objects/nmm_mvg/terraria/posters/paintingpaintersnow.object.patch	/glitchDescription	Panicked. I don't have anything to say!	당황. 할 말이 없습니다!
glitch	/objects/nmm_mvg/terraria/posters/paintingpaintersunflower.object.patch	/glitchDescription	Panicked. I don't have anything to say!	당황. 할 말이 없습니다!
glitch	/objects/nmm_mvg/terraria/posters/paintingpainterwyvern.object.patch	/glitchDescription	Panicked. I don't have anything to say!	당황. 할 말이 없습니다!
glitch	/objects/nmm_mvg/terraria/posters/paintingslimes.object.patch	/glitchDescription	Panicked. I don't have anything to say!	당황. 할 말이 없습니다!
glitch	/objects/nmm_mvg/terraria/posters/paintingtree.object.patch	/glitchDescription	Panicked. I don't have anything to say!	당황. 할 말이 없습니다!
glitch	/objects/nmm_mvg/terraria/posters/terrariaunusedpainting.object.patch	/glitchDescription	Panicked. I don't have anything to say!	당황. 할 말이 없습니다!
glitch	/objects/nmm_mvg/terraria/statues/angelstatue.object.patch	/glitchDescription	Panicked. I don't have anything to say!	당황. 할 말이 없습니다!
glitch	/objects/nmm_mvg/terraria/statues/birdstatue.object.patch	/glitchDescription	Panicked. I don't have anything to say!	당황. 할 말이 없습니다!
glitch	/objects/nmm_mvg/terraria/statues/bunnystatue.object.patch	/glitchDescription	Panicked. I don't have anything to say!	당황. 할 말이 없습니다!
glitch	/objects/nmm_mvg/terraria/statues/creeperstatue.object.patch	/glitchDescription	Panicked. I don't have anything to say!	당황. 할 말이 없습니다!
glitch	/objects/nmm_mvg/terraria/statues/crossstatue.object.patch	/glitchDescription	Panicked. I don't have anything to say!	당황. 할 말이 없습니다!
glitch	/objects/nmm_mvg/terraria/statues/sharkstatue.object.patch	/glitchDescription	Panicked. I don't have anything to say!	당황. 할 말이 없습니다!
glitch	/objects/nmm_mvg/terraria/statues/treestatue.object.patch	/glitchDescription	Panicked. I don't have anything to say!	당황. 할 말이 없습니다!
glitch	/objects/nmm_mvg/terraria/statues/unicornstatue.object.patch	/glitchDescription	Panicked. I don't have anything to say!	당황. 할 말이 없습니다!
glitch	/objects/nmm_mvg/thisgameifound/petscop/petscop_redtool_small.object.patch	/glitchDescription	Panicked. I don't have anything to say!	당황. 할 말이 없습니다!
glitch	/objects/nmm_mvg/thisgameifound/petscop/tonethrandicepainting.object.patch	/glitchDescription	Panicked. I don't have anything to say!	당황. 할 말이 없습니다!
glitch	/objects/nmm_mvg/thisgameifound/plushies/amberplush.object.patch	/glitchDescription	Panicked. I don't have anything to say!	당황. 할 말이 없습니다!
glitch	/objects/nmm_mvg/thisgameifound/plushies/guardianplush.object.patch	/glitchDescription	Panicked. I don't have anything to say!	당황. 할 말이 없습니다!
glitch	/objects/nmm_mvg/thisgameifound/plushies/hudsonplush.object.patch	/glitchDescription	Panicked. I don't have anything to say!	당황. 할 말이 없습니다!
glitch	/objects/nmm_mvg/thisgameifound/plushies/peeceeplush.object.patch	/glitchDescription	Panicked. I don't have anything to say!	당황. 할 말이 없습니다!
glitch	/objects/nmm_mvg/thisgameifound/plushies/penplush.object.patch	/glitchDescription	Panicked. I don't have anything to say!	당황. 할 말이 없습니다!
glitch	/objects/nmm_mvg/thisgameifound/plushies/randiceplush.object.patch	/glitchDescription	Panicked. I don't have anything to say!	당황. 할 말이 없습니다!
glitch	/objects/nmm_mvg/thisgameifound/plushies/ronethplush.object.patch	/glitchDescription	Panicked. I don't have anything to say!	당황. 할 말이 없습니다!
glitch	/objects/nmm_mvg/thisgameifound/plushies/sealplush.object.patch	/glitchDescription	Panicked. I don't have anything to say!	당황. 할 말이 없습니다!
glitch	/objects/nmm_mvg/thisgameifound/plushies/tonethplush.object.patch	/glitchDescription	Panicked. I don't have anything to say!	당황. 할 말이 없습니다!
glitch	/objects/nmm_mvg/thisgameifound/plushies/waveyplush.object.patch	/glitchDescription	Panicked. I don't have anything to say!	당황. 할 말이 없습니다!
glitch	/objects/nmm_mvg/valve/emoteplush/steamhappyplush.object.patch	/glitchDescription	Panicked. I don't have anything to say!	당황. 할 말이 없습니다!
glitch	/objects/nmm_mvg/valve/hl2_breenvending/breenvending.object.patch	/glitchDescription	Panicked. I don't have anything to say!	당황. 할 말이 없습니다!
glitch	/objects/nmm_mvg/valve/hl2_chemicalbucket/chemicalbucket.object.patch	/glitchDescription	Panicked. I don't have anything to say!	당황. 할 말이 없습니다!
glitch	/objects/nmm_mvg/valve/hl2_combine_interface001/combine_interface001.object.patch	/glitchDescription	Panicked. I don't have anything to say!	당황. 할 말이 없습니다!
glitch	/objects/nmm_mvg/valve/hl2_combine_intmonitor001/combine_intmonitor001.object.patch	/glitchDescription	Panicked. I don't have anything to say!	당황. 할 말이 없습니다!
glitch	/objects/nmm_mvg/valve/hl2_combineposters/combinepostersmallbasic.object.patch	/glitchDescription	Panicked. I don't have anything to say!	당황. 할 말이 없습니다!
glitch	/objects/nmm_mvg/valve/hl2_combineposters/combinepostersmallcrowd.object.patch	/glitchDescription	Panicked. I don't have anything to say!	당황. 할 말이 없습니다!
glitch	/objects/nmm_mvg/valve/hl2_combineposters/combinepostersmallcrowd2.object.patch	/glitchDescription	Panicked. I don't have anything to say!	당황. 할 말이 없습니다!
glitch	/objects/nmm_mvg/valve/hl2_combineposters/combinepostersmalldove.object.patch	/glitchDescription	Panicked. I don't have anything to say!	당황. 할 말이 없습니다!
glitch	/objects/nmm_mvg/valve/hl2_combineposters/combinepostersmallsky.object.patch	/glitchDescription	Panicked. I don't have anything to say!	당황. 할 말이 없습니다!
glitch	/objects/nmm_mvg/valve/hl2_washingmachine/hl2_washingmachine.object.patch	/glitchDescription	Panicked. I don't have anything to say!	당황. 할 말이 없습니다!
glitch	/objects/nmm_mvg/valve/hl2_wastelandlaundry/laundrycart.object.patch	/glitchDescription	Panicked. I don't have anything to say!	당황. 할 말이 없습니다!
glitch	/objects/nmm_mvg/valve/hl2b_airexcontrolstation/airexcontrolstation.object.patch	/glitchDescription	Panicked. I don't have anything to say!	당황. 할 말이 없습니다!
glitch	/objects/nmm_mvg/valve/hl2b_airextruck/hl2b_airextruck.object.patch	/glitchDescription	Panicked. I don't have anything to say!	당황. 할 말이 없습니다!
glitch	/objects/nmm_mvg/valve/portal_cube/cubebeta.object.patch	/glitchDescription	Panicked. I don't have anything to say!	당황. 할 말이 없습니다!
glitch	/objects/nmm_mvg/valve/portal_cube/cubecompanionA.object.patch	/glitchDescription	Panicked. I don't have anything to say!	당황. 할 말이 없습니다!
glitch	/objects/nmm_mvg/valve/portal_cube/cubecompanionAburnt.object.patch	/glitchDescription	Panicked. I don't have anything to say!	당황. 할 말이 없습니다!
glitch	/objects/nmm_mvg/valve/portal_cube/cubecompanionB.object.patch	/glitchDescription	Panicked. I don't have anything to say!	당황. 할 말이 없습니다!
glitch	/objects/nmm_mvg/valve/portal_cube/cubedirtyB.object.patch	/glitchDescription	Panicked. I don't have anything to say!	당황. 할 말이 없습니다!
glitch	/objects/nmm_mvg/valve/portal_cube/cubeorientation.object.patch	/glitchDescription	Panicked. I don't have anything to say!	당황. 할 말이 없습니다!
glitch	/objects/nmm_mvg/valve/portal_cube/cubeskullA.object.patch	/glitchDescription	Panicked. I don't have anything to say!	당황. 할 말이 없습니다!
glitch	/objects/nmm_mvg/valve/portal_cube/cubestorageA.object.patch	/glitchDescription	Panicked. I don't have anything to say!	당황. 할 말이 없습니다!
glitch	/objects/nmm_mvg/valve/portal_cube/cubestorageB.object.patch	/glitchDescription	Panicked. I don't have anything to say!	당황. 할 말이 없습니다!
glitch	/objects/nmm_mvg/valve/portal_cube/cubevintage.object.patch	/glitchDescription	Panicked. I don't have anything to say!	당황. 할 말이 없습니다!
glitch	/objects/nmm_mvg/valve/source_posters/paintingmatsysbgcat.object.patch	/glitchDescription	Panicked. I don't have anything to say!	당황. 할 말이 없습니다!
glitch	/objects/nmm_starbound/custom/albums/albumbootleg.object.patch	/glitchDescription	Panicked. I don't have anything to say!	당황. 할 말이 없습니다!
glitch	/objects/nmm_starbound/custom/albums/albumbountyhunter.object.patch	/glitchDescription	Panicked. I don't have anything to say!	당황. 할 말이 없습니다!
glitch	/objects/nmm_starbound/custom/albums/albumexperimental.object.patch	/glitchDescription	Panicked. I don't have anything to say!	당황. 할 말이 없습니다!
glitch	/objects/nmm_starbound/custom/albums/albumorchestral.object.patch	/glitchDescription	Panicked. I don't have anything to say!	당황. 할 말이 없습니다!
glitch	/objects/nmm_starbound/custom/albums/albumorchestraloriginal.object.patch	/glitchDescription	Panicked. I don't have anything to say!	당황. 할 말이 없습니다!
glitch	/objects/nmm_starbound/custom/albums/albumost.object.patch	/glitchDescription	Panicked. I don't have anything to say!	당황. 할 말이 없습니다!
glitch	/objects/nmm_starbound/custom/albums/albumsolatrus.object.patch	/glitchDescription	Panicked. I don't have anything to say!	당황. 할 말이 없습니다!
glitch	/objects/nmm_starbound/custom/albums/albumweepnotmychild.object.patch	/glitchDescription	Panicked. I don't have anything to say!	당황. 할 말이 없습니다!
glitch	/objects/nmm_starbound/custom/ancient/cultivatorstatue.object.patch	/glitchDescription	Panicked. I don't have anything to say!	당황. 할 말이 없습니다!
glitch	/objects/nmm_starbound/custom/ancient/cultivatorstatueparty.object.patch	/glitchDescription	Panicked. I don't have anything to say!	당황. 할 말이 없습니다!
glitch	/objects/nmm_starbound/custom/arcademicrowave/arcademicrowave.object.patch	/glitchDescription	Panicked. I don't have anything to say!	당황. 할 말이 없습니다!
glitch	/objects/nmm_starbound/custom/cardboardcutout/hirakicutout.object.patch	/glitchDescription	Panicked. I don't have anything to say!	당황. 할 말이 없습니다!
glitch	/objects/nmm_starbound/custom/cardboardcutout/nullcharactercutout.object.patch	/glitchDescription	Panicked. I don't have anything to say!	당황. 할 말이 없습니다!
glitch	/objects/nmm_starbound/custom/darkmedieval/darkmedievalflagpole.object.patch	/glitchDescription	Panicked. I don't have anything to say!	당황. 할 말이 없습니다!
glitch	/objects/nmm_starbound/custom/infinityexpress/infinitysign.object.patch	/glitchDescription	Panicked. I don't have anything to say!	당황. 할 말이 없습니다!
glitch	/objects/nmm_starbound/custom/infinityfuel/jerrycan.object.patch	/glitchDescription	Panicked. I don't have anything to say!	당황. 할 말이 없습니다!
glitch	/objects/nmm_starbound/custom/kluexboss/kluexpedestal.object.patch	/glitchDescription	Panicked. I don't have anything to say!	당황. 할 말이 없습니다!
glitch	/objects/nmm_starbound/custom/kluexboss/kluexpedestalplatform.object.patch	/glitchDescription	Panicked. I don't have anything to say!	당황. 할 말이 없습니다!
glitch	/objects/nmm_starbound/custom/kluexboss/templepillarplatform.object.patch	/glitchDescription	Panicked. I don't have anything to say!	당황. 할 말이 없습니다!
glitch	/objects/nmm_starbound/custom/laundry/apexdryer.object.patch	/glitchDescription	Panicked. I don't have anything to say!	당황. 할 말이 없습니다!
glitch	/objects/nmm_starbound/custom/laundry/apexwasher.object.patch	/glitchDescription	Panicked. I don't have anything to say!	당황. 할 말이 없습니다!
glitch	/objects/nmm_starbound/custom/laundry/basicdryer.object.patch	/glitchDescription	Panicked. I don't have anything to say!	당황. 할 말이 없습니다!
glitch	/objects/nmm_starbound/custom/laundry/basicwasher.object.patch	/glitchDescription	Panicked. I don't have anything to say!	당황. 할 말이 없습니다!
glitch	/objects/nmm_starbound/custom/laundry/bluetopwasher.object.patch	/glitchDescription	Panicked. I don't have anything to say!	당황. 할 말이 없습니다!
glitch	/objects/nmm_starbound/custom/laundry/bluewasher.object.patch	/glitchDescription	Panicked. I don't have anything to say!	당황. 할 말이 없습니다!
glitch	/objects/nmm_starbound/custom/laundry/crossfoldingrack.object.patch	/glitchDescription	Panicked. I don't have anything to say!	당황. 할 말이 없습니다!
glitch	/objects/nmm_starbound/custom/laundry/foldingrack.object.patch	/glitchDescription	Panicked. I don't have anything to say!	당황. 할 말이 없습니다!
glitch	/objects/nmm_starbound/custom/laundry/foundrywasher.object.patch	/glitchDescription	Panicked. I don't have anything to say!	당황. 할 말이 없습니다!
glitch	/objects/nmm_starbound/custom/laundry/hillshoist.object.patch	/glitchDescription	Panicked. I don't have anything to say!	당황. 할 말이 없습니다!
glitch	/objects/nmm_starbound/custom/laundry/miningwasher.object.patch	/glitchDescription	Panicked. I don't have anything to say!	당황. 할 말이 없습니다!
glitch	/objects/nmm_starbound/custom/laundry/outpostdryer.object.patch	/glitchDescription	Panicked. I don't have anything to say!	당황. 할 말이 없습니다!
glitch	/objects/nmm_starbound/custom/laundry/outpostminiwasher.object.patch	/glitchDescription	Panicked. I don't have anything to say!	당황. 할 말이 없습니다!
glitch	/objects/nmm_starbound/custom/laundry/outpostwasher.object.patch	/glitchDescription	Panicked. I don't have anything to say!	당황. 할 말이 없습니다!
glitch	/objects/nmm_starbound/custom/laundry/prisonwasher.object.patch	/glitchDescription	Panicked. I don't have anything to say!	당황. 할 말이 없습니다!
glitch	/objects/nmm_starbound/custom/laundry/prisonwasherrestored.object.patch	/glitchDescription	Panicked. I don't have anything to say!	당황. 할 말이 없습니다!
glitch	/objects/nmm_starbound/custom/laundry/protectoratedormwasher.object.patch	/glitchDescription	Panicked. I don't have anything to say!	당황. 할 말이 없습니다!
glitch	/objects/nmm_starbound/custom/laundry/refdryer.object.patch	/glitchDescription	Panicked. I don't have anything to say!	당황. 할 말이 없습니다!
glitch	/objects/nmm_starbound/custom/laundry/standingrack.object.patch	/glitchDescription	Panicked. I don't have anything to say!	당황. 할 말이 없습니다!
glitch	/objects/nmm_starbound/custom/outpostjunk/cannonballs.object.patch	/glitchDescription	Panicked. I don't have anything to say!	당황. 할 말이 없습니다!
glitch	/objects/nmm_starbound/custom/placedcans/benis.object.patch	/glitchDescription	Panicked. I don't have anything to say!	당황. 할 말이 없습니다!
glitch	/objects/nmm_starbound/custom/placedcans/bepes.object.patch	/glitchDescription	Panicked. I don't have anything to say!	당황. 할 말이 없습니다!
glitch	/objects/nmm_starbound/custom/placedcans/bepis.object.patch	/glitchDescription	Panicked. I don't have anything to say!	당황. 할 말이 없습니다!
glitch	/objects/nmm_starbound/custom/placedcans/bepismax.object.patch	/glitchDescription	Panicked. I don't have anything to say!	당황. 할 말이 없습니다!
glitch	/objects/nmm_starbound/custom/placedcans/beppp.object.patch	/glitchDescription	Panicked. I don't have anything to say!	당황. 할 말이 없습니다!
glitch	/objects/nmm_starbound/custom/placedcans/bepsi.object.patch	/glitchDescription	Panicked. I don't have anything to say!	당황. 할 말이 없습니다!
glitch	/objects/nmm_starbound/custom/placedcans/bepsu.object.patch	/glitchDescription	Panicked. I don't have anything to say!	당황. 할 말이 없습니다!
glitch	/objects/nmm_starbound/custom/placedcans/bluetide.object.patch	/glitchDescription	Panicked. I don't have anything to say!	당황. 할 말이 없습니다!
glitch	/objects/nmm_starbound/custom/placedcans/boopis.object.patch	/glitchDescription	Panicked. I don't have anything to say!	당황. 할 말이 없습니다!
glitch	/objects/nmm_starbound/custom/placedcans/cokeheartthrob.object.patch	/glitchDescription	Panicked. I don't have anything to say!	당황. 할 말이 없습니다!
glitch	/objects/nmm_starbound/custom/placedcans/conke.object.patch	/glitchDescription	Panicked. I don't have anything to say!	당황. 할 말이 없습니다!
glitch	/objects/nmm_starbound/custom/placedcans/depin.object.patch	/glitchDescription	Panicked. I don't have anything to say!	당황. 할 말이 없습니다!
glitch	/objects/nmm_starbound/custom/placedcans/depsi.object.patch	/glitchDescription	Panicked. I don't have anything to say!	당황. 할 말이 없습니다!
glitch	/objects/nmm_starbound/custom/placedcans/endme.object.patch	/glitchDescription	Panicked. I don't have anything to say!	당황. 할 말이 없습니다!
glitch	/objects/nmm_starbound/custom/placedcans/isded.object.patch	/glitchDescription	Panicked. I don't have anything to say!	당황. 할 말이 없습니다!
glitch	/objects/nmm_starbound/custom/placedcans/locacola.object.patch	/glitchDescription	Panicked. I don't have anything to say!	당황. 할 말이 없습니다!
glitch	/objects/nmm_starbound/custom/placedcans/neobepis.object.patch	/glitchDescription	Panicked. I don't have anything to say!	당황. 할 말이 없습니다!
glitch	/objects/nmm_starbound/custom/placedcans/oculemonade.object.patch	/glitchDescription	Panicked. I don't have anything to say!	당황. 할 말이 없습니다!
glitch	/objects/nmm_starbound/custom/placedcans/oooooo.object.patch	/glitchDescription	Panicked. I don't have anything to say!	당황. 할 말이 없습니다!
glitch	/objects/nmm_starbound/custom/placedcans/oopsi.object.patch	/glitchDescription	Panicked. I don't have anything to say!	당황. 할 말이 없습니다!
glitch	/objects/nmm_starbound/custom/placedcans/penis.object.patch	/glitchDescription	Panicked. I don't have anything to say!	당황. 할 말이 없습니다!
glitch	/objects/nmm_starbound/custom/placedcans/pepe.object.patch	/glitchDescription	Panicked. I don't have anything to say!	당황. 할 말이 없습니다!
glitch	/objects/nmm_starbound/custom/placedcans/pepis.object.patch	/glitchDescription	Panicked. I don't have anything to say!	당황. 할 말이 없습니다!
glitch	/objects/nmm_starbound/custom/placedcans/piss.object.patch	/glitchDescription	Panicked. I don't have anything to say!	당황. 할 말이 없습니다!
glitch	/objects/nmm_starbound/custom/placedcans/protectorpop.object.patch	/glitchDescription	Panicked. I don't have anything to say!	당황. 할 말이 없습니다!
glitch	/objects/nmm_starbound/custom/placedcans/reefcola.object.patch	/glitchDescription	Panicked. I don't have anything to say!	당황. 할 말이 없습니다!
glitch	/objects/nmm_starbound/custom/placedcans/seppi.object.patch	/glitchDescription	Panicked. I don't have anything to say!	당황. 할 말이 없습니다!
glitch	/objects/nmm_starbound/custom/placedcans/sepsis.object.patch	/glitchDescription	Panicked. I don't have anything to say!	당황. 할 말이 없습니다!
glitch	/objects/nmm_starbound/custom/placedcans/soda.object.patch	/glitchDescription	Panicked. I don't have anything to say!	당황. 할 말이 없습니다!
glitch	/objects/nmm_starbound/custom/placedcans/spepni.object.patch	/glitchDescription	Panicked. I don't have anything to say!	당황. 할 말이 없습니다!
glitch	/objects/nmm_starbound/custom/placedcans/spesip.object.patch	/glitchDescription	Panicked. I don't have anything to say!	당황. 할 말이 없습니다!
glitch	/objects/nmm_starbound/custom/placedcans/tbscolaenergy.object.patch	/glitchDescription	Panicked. I don't have anything to say!	당황. 할 말이 없습니다!
glitch	/objects/nmm_starbound/custom/placeditems/manipulatormodule.object.patch	/glitchDescription	Panicked. I don't have anything to say!	당황. 할 말이 없습니다!
glitch	/objects/nmm_starbound/custom/placeditems/parcel.object.patch	/glitchDescription	Panicked. I don't have anything to say!	당황. 할 말이 없습니다!
glitch	/objects/nmm_starbound/custom/placeditems/penguincostume.object.patch	/glitchDescription	Panicked. I don't have anything to say!	당황. 할 말이 없습니다!
glitch	/objects/nmm_starbound/custom/placeditems/protectorateflyer.object.patch	/glitchDescription	Panicked. I don't have anything to say!	당황. 할 말이 없습니다!
glitch	/objects/nmm_starbound/custom/placeditems/rewardbag.object.patch	/glitchDescription	Panicked. I don't have anything to say!	당황. 할 말이 없습니다!
glitch	/objects/nmm_starbound/custom/placeditems/secretnote.object.patch	/glitchDescription	Panicked. I don't have anything to say!	당황. 할 말이 없습니다!
glitch	/objects/nmm_starbound/custom/placeditems/superrewardbag.object.patch	/glitchDescription	Panicked. I don't have anything to say!	당황. 할 말이 없습니다!
glitch	/objects/nmm_starbound/custom/placeditems/translatorwheel.object.patch	/glitchDescription	Panicked. I don't have anything to say!	당황. 할 말이 없습니다!
glitch	/objects/nmm_starbound/custom/placeditems/upgrademodule.object.patch	/glitchDescription	Panicked. I don't have anything to say!	당황. 할 말이 없습니다!
glitch	/objects/nmm_starbound/custom/plushies/plushRM01.object.patch	/glitchDescription	Panicked. I don't have anything to say!	당황. 할 말이 없습니다!
glitch	/objects/nmm_starbound/custom/plushies/plushRM03.object.patch	/glitchDescription	Panicked. I don't have anything to say!	당황. 할 말이 없습니다!
glitch	/objects/nmm_starbound/custom/plushies/plushRM10.object.patch	/glitchDescription	Panicked. I don't have anything to say!	당황. 할 말이 없습니다!
glitch	/objects/nmm_starbound/custom/plushies/plushRM26.object.patch	/glitchDescription	Panicked. I don't have anything to say!	당황. 할 말이 없습니다!
glitch	/objects/nmm_starbound/custom/plushies/plushRM29.object.patch	/glitchDescription	Panicked. I don't have anything to say!	당황. 할 말이 없습니다!
glitch	/objects/nmm_starbound/custom/plushies/plushRM31.object.patch	/glitchDescription	Panicked. I don't have anything to say!	당황. 할 말이 없습니다!
glitch	/objects/nmm_starbound/custom/plushies/plushRM33.object.patch	/glitchDescription	Panicked. I don't have anything to say!	당황. 할 말이 없습니다!
glitch	/objects/nmm_starbound/custom/plushies/plushRM39.object.patch	/glitchDescription	Panicked. I don't have anything to say!	당황. 할 말이 없습니다!
glitch	/objects/nmm_starbound/custom/plushies/plushRM46.object.patch	/glitchDescription	Panicked. I don't have anything to say!	당황. 할 말이 없습니다!
glitch	/objects/nmm_starbound/custom/plushies/plushRM75.object.patch	/glitchDescription	Panicked. I don't have anything to say!	당황. 할 말이 없습니다!
glitch	/objects/nmm_starbound/custom/plushies/plushRMe2.object.patch	/glitchDescription	Panicked. I don't have anything to say!	당황. 할 말이 없습니다!
glitch	/objects/nmm_starbound/custom/plushies/plushboncey.object.patch	/glitchDescription	Panicked. I don't have anything to say!	당황. 할 말이 없습니다!
glitch	/objects/nmm_starbound/custom/plushies/plushcapricoat.object.patch	/glitchDescription	Panicked. I don't have anything to say!	당황. 할 말이 없습니다!
glitch	/objects/nmm_starbound/custom/plushies/plushdrillbutt.object.patch	/glitchDescription	Panicked. I don't have anything to say!	당황. 할 말이 없습니다!
glitch	/objects/nmm_starbound/custom/plushies/plushglooby.object.patch	/glitchDescription	Panicked. I don't have anything to say!	당황. 할 말이 없습니다!
glitch	/objects/nmm_starbound/custom/plushies/plushgrimfang.object.patch	/glitchDescription	Panicked. I don't have anything to say!	당황. 할 말이 없습니다!
glitch	/objects/nmm_starbound/custom/plushies/plushguardiandroid.object.patch	/glitchDescription	Panicked. I don't have anything to say!	당황. 할 말이 없습니다!
glitch	/objects/nmm_starbound/custom/plushies/plushignome.object.patch	/glitchDescription	Panicked. I don't have anything to say!	당황. 할 말이 없습니다!
glitch	/objects/nmm_starbound/custom/plushies/plushminoclo.object.patch	/glitchDescription	Panicked. I don't have anything to say!	당황. 할 말이 없습니다!
glitch	/objects/nmm_starbound/custom/plushies/plushmsteddy.object.patch	/glitchDescription	Panicked. I don't have anything to say!	당황. 할 말이 없습니다!
glitch	/objects/nmm_starbound/custom/plushies/plushmugglob.object.patch	/glitchDescription	Panicked. I don't have anything to say!	당황. 할 말이 없습니다!
glitch	/objects/nmm_starbound/custom/plushies/plushnautileech.object.patch	/glitchDescription	Panicked. I don't have anything to say!	당황. 할 말이 없습니다!
glitch	/objects/nmm_starbound/custom/plushies/plushoctuko.object.patch	/glitchDescription	Panicked. I don't have anything to say!	당황. 할 말이 없습니다!
glitch	/objects/nmm_starbound/custom/plushies/plushorinathi.object.patch	/glitchDescription	Panicked. I don't have anything to say!	당황. 할 말이 없습니다!
glitch	/objects/nmm_starbound/custom/plushies/plushredpanda.object.patch	/glitchDescription	Panicked. I don't have anything to say!	당황. 할 말이 없습니다!
glitch	/objects/nmm_starbound/custom/plushies/plushreinathi.object.patch	/glitchDescription	Panicked. I don't have anything to say!	당황. 할 말이 없습니다!
glitch	/objects/nmm_starbound/custom/plushies/plushsnaunt.object.patch	/glitchDescription	Panicked. I don't have anything to say!	당황. 할 말이 없습니다!
glitch	/objects/nmm_starbound/custom/plushies/plushsnoogle.object.patch	/glitchDescription	Panicked. I don't have anything to say!	당황. 할 말이 없습니다!
glitch	/objects/nmm_starbound/custom/plushies/plushsnowbun.object.patch	/glitchDescription	Panicked. I don't have anything to say!	당황. 할 말이 없습니다!
glitch	/objects/nmm_starbound/custom/plushies/plushsnuffish.object.patch	/glitchDescription	Panicked. I don't have anything to say!	당황. 할 말이 없습니다!
glitch	/objects/nmm_starbound/custom/plushies/plushsnugget.object.patch	/glitchDescription	Panicked. I don't have anything to say!	당황. 할 말이 없습니다!
glitch	/objects/nmm_starbound/custom/plushies/plushumbrathi.object.patch	/glitchDescription	Panicked. I don't have anything to say!	당황. 할 말이 없습니다!
glitch	/objects/nmm_starbound/custom/plushies/plushwaffles.object.patch	/glitchDescription	Panicked. I don't have anything to say!	당황. 할 말이 없습니다!
glitch	/objects/nmm_starbound/custom/plushies/plushworkchick.object.patch	/glitchDescription	Panicked. I don't have anything to say!	당황. 할 말이 없습니다!
glitch	/objects/nmm_starbound/custom/plushies/plushzoria.object.patch	/glitchDescription	Panicked. I don't have anything to say!	당황. 할 말이 없습니다!
glitch	/objects/nmm_starbound/custom/posters/noclippyposter.object.patch	/glitchDescription	Panicked. I don't have anything to say!	당황. 할 말이 없습니다!
glitch	/objects/nmm_starbound/custom/posters/paintinggardensky2.object.patch	/glitchDescription	Panicked. I don't have anything to say!	당황. 할 말이 없습니다!
glitch	/objects/nmm_starbound/custom/posters/paintingspectrum.object.patch	/glitchDescription	Panicked. I don't have anything to say!	당황. 할 말이 없습니다!
glitch	/objects/nmm_starbound/custom/posters/postercool.object.patch	/glitchDescription	Panicked. I don't have anything to say!	당황. 할 말이 없습니다!
glitch	/objects/nmm_starbound/custom/posters/postersb.object.patch	/glitchDescription	Panicked. I don't have anything to say!	당황. 할 말이 없습니다!
glitch	/objects/nmm_starbound/custom/posters/x5c1mechblueprint.object.patch	/glitchDescription	Panicked. I don't have anything to say!	당황. 할 말이 없습니다!
glitch	/objects/nmm_starbound/custom/robotsdecom/robotRM02.object.patch	/glitchDescription	Panicked. I don't have anything to say!	당황. 할 말이 없습니다!
glitch	/objects/nmm_starbound/custom/robotsdecom/robotRM24.object.patch	/glitchDescription	Panicked. I don't have anything to say!	당황. 할 말이 없습니다!
glitch	/objects/nmm_starbound/custom/robotsdecom/robotRM24b.object.patch	/glitchDescription	Panicked. I don't have anything to say!	당황. 할 말이 없습니다!
glitch	/objects/nmm_starbound/custom/sakuranitebloom/sakuranitebloom.object.patch	/glitchDescription	Panicked. I don't have anything to say!	당황. 할 말이 없습니다!
glitch	/objects/nmm_starbound/custom/storesigns/froggfurnishingsign.object.patch	/glitchDescription	Panicked. I don't have anything to say!	당황. 할 말이 없습니다!
glitch	/objects/nmm_starbound/custom/storesigns/froggposter.object.patch	/glitchDescription	Panicked. I don't have anything to say!	당황. 할 말이 없습니다!
glitch	/objects/nmm_starbound/custom/storesigns/sketchyposter.object.patch	/glitchDescription	Panicked. I don't have anything to say!	당황. 할 말이 없습니다!
glitch	/objects/nmm_starbound/custom/storesigns/terraposters.object.patch	/glitchDescription	Panicked. I don't have anything to say!	당황. 할 말이 없습니다!
glitch	/objects/nmm_starbound/forums/chucklefishposters/chucklefishcatposter.object.patch	/glitchDescription	Panicked. I don't have anything to say!	당황. 할 말이 없습니다!
glitch	/objects/nmm_starbound/forums/chucklefishposters/feeshposter.object.patch	/glitchDescription	Panicked. I don't have anything to say!	당황. 할 말이 없습니다!
glitch	/objects/nmm_starbound/forums/chucklefishposters/forumartpainting.object.patch	/glitchDescription	Panicked. I don't have anything to say!	당황. 할 말이 없습니다!
glitch	/objects/nmm_starbound/forums/chucklefishposters/killlapenguinsposter.object.patch	/glitchDescription	Panicked. I don't have anything to say!	당황. 할 말이 없습니다!
glitch	/objects/nmm_starbound/protectorate/protectoratebanners/apexwallbanner.object.patch	/glitchDescription	Panicked. I don't have anything to say!	당황. 할 말이 없습니다!
glitch	/objects/nmm_starbound/protectorate/protectoratebanners/avaliwallbanner.object.patch	/glitchDescription	Panicked. I don't have anything to say!	당황. 할 말이 없습니다!
glitch	/objects/nmm_starbound/protectorate/protectoratebanners/avianwallbanner.object.patch	/glitchDescription	Panicked. I don't have anything to say!	당황. 할 말이 없습니다!
glitch	/objects/nmm_starbound/protectorate/protectoratebanners/floranwallbanner.object.patch	/glitchDescription	Panicked. I don't have anything to say!	당황. 할 말이 없습니다!
glitch	/objects/nmm_starbound/protectorate/protectoratebanners/glitchwallbanner.object.patch	/glitchDescription	Panicked. I don't have anything to say!	당황. 할 말이 없습니다!
glitch	/objects/nmm_starbound/protectorate/protectoratebanners/humanwallbanner.object.patch	/glitchDescription	Panicked. I don't have anything to say!	당황. 할 말이 없습니다!
glitch	/objects/nmm_starbound/protectorate/protectoratebanners/hylotlwallbanner.object.patch	/glitchDescription	Panicked. I don't have anything to say!	당황. 할 말이 없습니다!
glitch	/objects/nmm_starbound/protectorate/protectoratebanners/novakidwallbanner.object.patch	/glitchDescription	Panicked. I don't have anything to say!	당황. 할 말이 없습니다!
glitch	/objects/nmm_starbound/protectorate/protectoratebanners/peacekeeperbanner.object.patch	/glitchDescription	Panicked. I don't have anything to say!	당황. 할 말이 없습니다!
glitch	/objects/nmm_starbound/protectorate/protectoratebathroommirror/protectorate2bathroommirror.object.patch	/glitchDescription	Panicked. I don't have anything to say!	당황. 할 말이 없습니다!
glitch	/objects/nmm_starbound/protectorate/protectoratebunkbed/protectorate2bunkbed.object.patch	/glitchDescription	Panicked. I don't have anything to say!	당황. 할 말이 없습니다!
glitch	/objects/nmm_starbound/protectorate/protectoratebunkbed/protectorate2bunkbed2.object.patch	/glitchDescription	Panicked. I don't have anything to say!	당황. 할 말이 없습니다!
glitch	/objects/nmm_starbound/protectorate/protectoratedoor/protectorate2halfdoor.object.patch	/glitchDescription	Panicked. I don't have anything to say!	당황. 할 말이 없습니다!
glitch	/objects/nmm_starbound/protectorate/protectoratepodium/protectorate2podium.object.patch	/glitchDescription	Panicked. I don't have anything to say!	당황. 할 말이 없습니다!
glitch	/objects/nmm_starbound/protectorate/protectorateportraits/portrait5.object.patch	/glitchDescription	Panicked. I don't have anything to say!	당황. 할 말이 없습니다!
glitch	/objects/nmm_starbound/protectorate/protectorateportraits/portraitape1.object.patch	/glitchDescription	Panicked. I don't have anything to say!	당황. 할 말이 없습니다!
glitch	/objects/nmm_starbound/protectorate/protectorateportraits/portraitape2.object.patch	/glitchDescription	Panicked. I don't have anything to say!	당황. 할 말이 없습니다!
glitch	/objects/nmm_starbound/protectorate/protectorateportraits/portraitapeb1.object.patch	/glitchDescription	Panicked. I don't have anything to say!	당황. 할 말이 없습니다!
glitch	/objects/nmm_starbound/protectorate/protectorateportraits/portraitapeb2.object.patch	/glitchDescription	Panicked. I don't have anything to say!	당황. 할 말이 없습니다!
glitch	/objects/nmm_starbound/protectorate/protectorateportraits/portraitesther.object.patch	/glitchDescription	Panicked. I don't have anything to say!	당황. 할 말이 없습니다!
glitch	/objects/nmm_starbound/protectorate/protectorateportraits/protectorateplaque.object.patch	/glitchDescription	Panicked. I don't have anything to say!	당황. 할 말이 없습니다!
glitch	/objects/nmm_starbound/protectorate/protectorateposters2/protectorateflyer1a.object.patch	/glitchDescription	Panicked. I don't have anything to say!	당황. 할 말이 없습니다!
glitch	/objects/nmm_starbound/protectorate/protectorateposters2/protectorateflyer1b.object.patch	/glitchDescription	Panicked. I don't have anything to say!	당황. 할 말이 없습니다!
glitch	/objects/nmm_starbound/protectorate/protectorateposters2/protectorateflyer1c.object.patch	/glitchDescription	Panicked. I don't have anything to say!	당황. 할 말이 없습니다!
glitch	/objects/nmm_starbound/protectorate/protectorateposters2/protectorateflyer1d.object.patch	/glitchDescription	Panicked. I don't have anything to say!	당황. 할 말이 없습니다!
glitch	/objects/nmm_starbound/protectorate/protectorateposters2/protectorateflyer1e.object.patch	/glitchDescription	Panicked. I don't have anything to say!	당황. 할 말이 없습니다!
glitch	/objects/nmm_starbound/protectorate/protectorateposters2/protectorateflyer1f.object.patch	/glitchDescription	Panicked. I don't have anything to say!	당황. 할 말이 없습니다!
glitch	/objects/nmm_starbound/protectorate/protectorateposters2/protectorateflyer1g.object.patch	/glitchDescription	Panicked. I don't have anything to say!	당황. 할 말이 없습니다!
glitch	/objects/nmm_starbound/protectorate/protectorateposters2/protectorateflyer1h.object.patch	/glitchDescription	Panicked. I don't have anything to say!	당황. 할 말이 없습니다!
glitch	/objects/nmm_starbound/protectorate/protectorateposters2/protectorateflyer1i.object.patch	/glitchDescription	Panicked. I don't have anything to say!	당황. 할 말이 없습니다!
glitch	/objects/nmm_starbound/protectorate/protectorateposters2/protectorateflyer2a.object.patch	/glitchDescription	Panicked. I don't have anything to say!	당황. 할 말이 없습니다!
glitch	/objects/nmm_starbound/protectorate/protectorateposters2/protectorateflyer2b.object.patch	/glitchDescription	Panicked. I don't have anything to say!	당황. 할 말이 없습니다!
glitch	/objects/nmm_starbound/protectorate/protectorateposters2/protectorateflyer2c.object.patch	/glitchDescription	Panicked. I don't have anything to say!	당황. 할 말이 없습니다!
glitch	/objects/nmm_starbound/protectorate/protectorateposters2/protectorateflyer2d.object.patch	/glitchDescription	Panicked. I don't have anything to say!	당황. 할 말이 없습니다!
glitch	/objects/nmm_starbound/protectorate/protectorateposters2/protectorateflyer2e.object.patch	/glitchDescription	Panicked. I don't have anything to say!	당황. 할 말이 없습니다!
glitch	/objects/nmm_starbound/protectorate/protectorateposters2/protectorateflyer2f.object.patch	/glitchDescription	Panicked. I don't have anything to say!	당황. 할 말이 없습니다!
glitch	/objects/nmm_starbound/protectorate/protectorateposters2/protectorateflyer2g.object.patch	/glitchDescription	Panicked. I don't have anything to say!	당황. 할 말이 없습니다!
glitch	/objects/nmm_starbound/protectorate/protectorateracebanners/racebanneragaran.object.patch	/glitchDescription	Panicked. I don't have anything to say!	당황. 할 말이 없습니다!
glitch	/objects/nmm_starbound/protectorate/protectorateracebanners/racebanneralpaca.object.patch	/glitchDescription	Panicked. I don't have anything to say!	당황. 할 말이 없습니다!
glitch	/objects/nmm_starbound/protectorate/protectorateracebanners/racebannerapex.object.patch	/glitchDescription	Panicked. I don't have anything to say!	당황. 할 말이 없습니다!
glitch	/objects/nmm_starbound/protectorate/protectorateracebanners/racebanneravali.object.patch	/glitchDescription	Panicked. I don't have anything to say!	당황. 할 말이 없습니다!
glitch	/objects/nmm_starbound/protectorate/protectorateracebanners/racebanneravian.object.patch	/glitchDescription	Panicked. I don't have anything to say!	당황. 할 말이 없습니다!
glitch	/objects/nmm_starbound/protectorate/protectorateracebanners/racebannerdeadbeat.object.patch	/glitchDescription	Panicked. I don't have anything to say!	당황. 할 말이 없습니다!
glitch	/objects/nmm_starbound/protectorate/protectorateracebanners/racebannerfenerox.object.patch	/glitchDescription	Panicked. I don't have anything to say!	당황. 할 말이 없습니다!
glitch	/objects/nmm_starbound/protectorate/protectorateracebanners/racebannerfloran.object.patch	/glitchDescription	Panicked. I don't have anything to say!	당황. 할 말이 없습니다!
glitch	/objects/nmm_starbound/protectorate/protectorateracebanners/racebannerfrogg.object.patch	/glitchDescription	Panicked. I don't have anything to say!	당황. 할 말이 없습니다!
glitch	/objects/nmm_starbound/protectorate/protectorateracebanners/racebannerglitch.object.patch	/glitchDescription	Panicked. I don't have anything to say!	당황. 할 말이 없습니다!
glitch	/objects/nmm_starbound/protectorate/protectorateracebanners/racebannerglitchdark.object.patch	/glitchDescription	Panicked. I don't have anything to say!	당황. 할 말이 없습니다!
glitch	/objects/nmm_starbound/protectorate/protectorateracebanners/racebannerglitchred.object.patch	/glitchDescription	Panicked. I don't have anything to say!	당황. 할 말이 없습니다!
glitch	/objects/nmm_starbound/protectorate/protectorateracebanners/racebannerhuman.object.patch	/glitchDescription	Panicked. I don't have anything to say!	당황. 할 말이 없습니다!
glitch	/objects/nmm_starbound/protectorate/protectorateracebanners/racebannerhylotl.object.patch	/glitchDescription	Panicked. I don't have anything to say!	당황. 할 말이 없습니다!
glitch	/objects/nmm_starbound/protectorate/protectorateracebanners/racebannernovakid.object.patch	/glitchDescription	Panicked. I don't have anything to say!	당황. 할 말이 없습니다!
glitch	/objects/nmm_starbound/protectorate/protectorateracebanners/racebanneroccasus.object.patch	/glitchDescription	Panicked. I don't have anything to say!	당황. 할 말이 없습니다!
glitch	/objects/nmm_starbound/protectorate/protectorateracebanners/racebannerpeacekeeper.object.patch	/glitchDescription	Panicked. I don't have anything to say!	당황. 할 말이 없습니다!
glitch	/objects/nmm_starbound/protectorate/protectorateracebanners/racebannerpenguin.object.patch	/glitchDescription	Panicked. I don't have anything to say!	당황. 할 말이 없습니다!
glitch	/objects/nmm_starbound/protectorate/protectorateracebanners/racebannerprotectorate.object.patch	/glitchDescription	Panicked. I don't have anything to say!	당황. 할 말이 없습니다!
glitch	/objects/nmm_starbound/protectorate/protectorateracebanners/racebannershadow.object.patch	/glitchDescription	Panicked. I don't have anything to say!	당황. 할 말이 없습니다!
glitch	/objects/nmm_starbound/protectorate/protectoraterooftop/protectorate2watertank.object.patch	/glitchDescription	Neutral. A water tank from the Protectorate Academy.	중립. 보호국 협회의 저수조입니다.
glitch	/objects/nmm_starbound/replicate/peacekeepercage/peacekeepercage.object.patch	/glitchDescription	Panicked. I don't have anything to say!	당황. 할 말이 없습니다!
glitch	/objects/nmm_starbound/restored/prisonmirror/restoredmirror1.object.patch	/glitchDescription	Panicked. I don't have anything to say!	당황. 할 말이 없습니다!
glitch	/objects/nmm_starbound/restored/prisonmirror/restoredmirror2.object.patch	/glitchDescription	Panicked. I don't have anything to say!	당황. 할 말이 없습니다!
glitch	/objects/nmm_starbound/restored/wasteland_restored/wastelandsign3.object.patch	/glitchDescription	Puzzled. Arrow could indicate several possibilites.	당황. 화살표는 여러 가지 가능성을 나타낼 수 있습니다.
glitch	/objects/nmm_starbound/unofficial/art/bugfloranportrait.object.patch	/glitchDescription	Panicked. I don't have anything to say!	당황. 할 말이 없습니다!
glitch	/objects/nmm_starbound/unofficial/art/midoriburgerposter.object.patch	/glitchDescription	Panicked. I don't have anything to say!	당황. 할 말이 없습니다!
glitch	/objects/nmm_starbound/unofficial/art/spacealpacapainting.object.patch	/glitchDescription	Panicked. I don't have anything to say!	당황. 할 말이 없습니다!
glitch	/objects/nmm_starbound/unofficial/noxiphageposter/noxiphageposter.object.patch	/glitchDescription	Panicked. I don't have anything to say!	당황. 할 말이 없습니다!
glitch	/objects/nmm_starbound/unofficial/pewterschmitz/doggyplush.object.patch	/glitchDescription	Panicked. I don't have anything to say!	당황. 할 말이 없습니다!
glitch	/objects/nmm_starbound/unofficial/pewterschmitz/skullposter1.object.patch	/glitchDescription	Panicked. I don't have anything to say!	당황. 할 말이 없습니다!
glitch	/objects/nmm_starbound/unofficial/pewterschmitz/skullposter2.object.patch	/glitchDescription	Panicked. I don't have anything to say!	당황. 할 말이 없습니다!
glitch	/objects/nmm_starbound/unofficial/pewterschmitz/spacemirror.object.patch	/glitchDescription	Panicked. I don't have anything to say!	당황. 할 말이 없습니다!
glitch	/objects/nmm_starbound/unofficial/pewterschmitz/warningposter.object.patch	/glitchDescription	Panicked. I don't have anything to say!	당황. 할 말이 없습니다!
glitch	/objects/nmm_starbound/unofficial/pixelgoods_olddecorations/paintingcreeper.object.patch	/glitchDescription	Panicked. I don't have anything to say!	당황. 할 말이 없습니다!
glitch	/objects/nmm_starbound/unofficial/pixelgoods_olddecorations/paintingmushroom.object.patch	/glitchDescription	Panicked. I don't have anything to say!	당황. 할 말이 없습니다!
glitch	/objects/nmm_starbound/unofficial/pixelgoods_olddecorations/paintingmushroomblack.object.patch	/glitchDescription	Panicked. I don't have anything to say!	당황. 할 말이 없습니다!
glitch	/objects/nmm_starbound/unofficial/pixelgoods_olddecorations/paintingmushroomblue.object.patch	/glitchDescription	Panicked. I don't have anything to say!	당황. 할 말이 없습니다!
glitch	/objects/nmm_starbound/unofficial/pixelgoods_olddecorations/paintingmushroomgreen.object.patch	/glitchDescription	Panicked. I don't have anything to say!	당황. 할 말이 없습니다!
glitch	/objects/nmm_starbound/unofficial/pixelgoods_olddecorations/paintingmushroomorange.object.patch	/glitchDescription	Panicked. I don't have anything to say!	당황. 할 말이 없습니다!
glitch	/objects/nmm_starbound/unofficial/pixelgoods_olddecorations/paintingmushroompink.object.patch	/glitchDescription	Panicked. I don't have anything to say!	당황. 할 말이 없습니다!
glitch	/objects/nmm_starbound/unofficial/pixelgoods_olddecorations/paintingmushroomred.object.patch	/glitchDescription	Panicked. I don't have anything to say!	당황. 할 말이 없습니다!
glitch	/objects/nmm_starbound/unofficial/pixelgoods_olddecorations/paintingmushroomwhite.object.patch	/glitchDescription	Panicked. I don't have anything to say!	당황. 할 말이 없습니다!
glitch	/objects/nmm_starbound/unofficial/pixelgoods_olddecorations/paintingmushroomyellow.object.patch	/glitchDescription	Panicked. I don't have anything to say!	당황. 할 말이 없습니다!
glitch	/objects/nmm_starbound/unofficial/pixelgoods_olddecorations/paintingnyancat.object.patch	/glitchDescription	Panicked. I don't have anything to say!	당황. 할 말이 없습니다!
glitch	/objects/nmm_starbound/unofficial/pixelgoods_olddecorations/paintingplaystation.object.patch	/glitchDescription	Panicked. I don't have anything to say!	당황. 할 말이 없습니다!
glitch	/objects/nmm_starbound/unofficial/protectoraterecposter/protectoraterecposter.object.patch	/glitchDescription	Panicked. I don't have anything to say!	당황. 할 말이 없습니다!
glitch	/objects/nmm_starbound/unofficial/reddit/rplace2017v1a.object.patch	/glitchDescription	Panicked. I don't have anything to say!	당황. 할 말이 없습니다!
glitch	/objects/nmm_starbound/unofficial/reddit/rplace2017v1b.object.patch	/glitchDescription	Panicked. I don't have anything to say!	당황. 할 말이 없습니다!
glitch	/objects/nmm_starbound/unofficial/reddit/rplace2022.object.patch	/glitchDescription	Panicked. I don't have anything to say!	당황. 할 말이 없습니다!
glitch	/objects/nmm_starbound/unofficial/reddit/rplace2022enalliance.object.patch	/glitchDescription	Panicked. I don't have anything to say!	당황. 할 말이 없습니다!
glitch	/objects/nmm_starbound/unofficial/reddit/rplace2023.object.patch	/glitchDescription	Panicked. I don't have anything to say!	당황. 할 말이 없습니다!
glitch	/objects/nmm_starbound/unofficial/urban_dropstationradar/dropstationradar.object.patch	/glitchDescription	Panicked. I don't have anything to say!	당황. 할 말이 없습니다!
glitch	/objects/nmm_starbound/unofficial/urban_heavydoor/heavydoor.object.patch	/glitchDescription	Relieved. This door is very heavy, it should be watertight.	안심. 이 문은 매우 무겁기 때문에 수밀해야 합니다.
glitch	/objects/nmm_starbound/unofficial/urban_newsstand/urban_newsstand.object.patch	/glitchDescription	Pleased. Let's get up to date with the latest intergalactic news.	좋아 은하계 최신 뉴스를 받아볼까요?
glitch	/objects/nmm_starbound/unofficial/urban_novabeamaxeshelf/novabeamaxeshelf.object.patch	/glitchDescription	Panicked. I don't have anything to say!	당황. 할 말이 없습니다!
glitch	/objects/nmm_starbound/unofficial/urban_novabeamaxesign/novabeamaxesign.object.patch	/glitchDescription	Panicked. I don't have anything to say!	당황. 할 말이 없습니다!
glitch	/objects/nmm_starbound/unofficial/urban_streetsign/streetsign.object.patch	/glitchDescription	Panicked. I don't have anything to say!	당황. 할 말이 없습니다!
glitch	/objects/nmm_starbound/unofficial/wasteland_debris/wastelandscreen1.object.patch	/glitchDescription	Sad. What a sorry fate for a machine.	안타까움. 기계의 운명이 안타깝네요.
glitch	/objects/nmm_starbound/unofficial/wasteland_debris/wastelandsign3.object.patch	/glitchDescription	Puzzled. Arrow could indicate several possibilites.	당황. 화살표는 여러 가지 가능성을 나타낼 수 있습니다.
glitch	/objects/nmm_starbound/unofficial/wasteland_debris/wastelandwires.object.patch	/glitchDescription	Pondering. Who would make such technology only to abandon it?	숙고. 누가 그런 기술을 만들어서 버릴 수 있을까요?
glitch	/objects/nmm_themed/binary/binarybed.object.patch	/glitchDescription	Panicked. I don't have anything to say!	당황. 할 말이 없습니다!
glitch	/objects/nmm_themed/binary/binaryfigurine1.object.patch	/glitchDescription	Panicked. I don't have anything to say!	당황. 할 말이 없습니다!
glitch	/objects/nmm_themed/binary/binaryfigurine2.object.patch	/glitchDescription	Panicked. I don't have anything to say!	당황. 할 말이 없습니다!
glitch	/objects/nmm_themed/binary/binaryfm1.object.patch	/glitchDescription	Panicked. I don't have anything to say!	당황. 할 말이 없습니다!
glitch	/objects/nmm_themed/binary/binaryfm2.object.patch	/glitchDescription	Panicked. I don't have anything to say!	당황. 할 말이 없습니다!
glitch	/objects/nmm_themed/binary/binaryfm3.object.patch	/glitchDescription	Panicked. I don't have anything to say!	당황. 할 말이 없습니다!
glitch	/objects/nmm_themed/binary/binaryjar.object.patch	/glitchDescription	Panicked. I don't have anything to say!	당황. 할 말이 없습니다!
glitch	/objects/nmm_themed/binary/binaryoldpillar.object.patch	/glitchDescription	Panicked. I don't have anything to say!	당황. 할 말이 없습니다!
glitch	/objects/nmm_themed/binary/binarypillbottle.object.patch	/glitchDescription	Panicked. I don't have anything to say!	당황. 할 말이 없습니다!
glitch	/objects/nmm_themed/binary/binaryplant.object.patch	/glitchDescription	Panicked. I don't have anything to say!	당황. 할 말이 없습니다!
glitch	/objects/nmm_themed/binary/binaryposter.object.patch	/glitchDescription	Panicked. I don't have anything to say!	당황. 할 말이 없습니다!
glitch	/objects/nmm_themed/binary/binarytable.object.patch	/glitchDescription	Panicked. I don't have anything to say!	당황. 할 말이 없습니다!
glitch	/objects/nmm_themed/binary/binarytire.object.patch	/glitchDescription	Panicked. I don't have anything to say!	당황. 할 말이 없습니다!
glitch	/objects/nmm_themed/binary/binarytrashpile.object.patch	/glitchDescription	Panicked. I don't have anything to say!	당황. 할 말이 없습니다!
glitch	/objects/nmm_themed/binary/binarywallshelf.object.patch	/glitchDescription	Panicked. I don't have anything to say!	당황. 할 말이 없습니다!
glitch	/objects/nmm_themed/bitmuth/flagpole/bitmuthflagpole.object.patch	/glitchDescription	Panicked. I don't have anything to say!	당황. 할 말이 없습니다!
glitch	/objects/nmm_themed/bitmuth/lamp/bitmuthstarlamp.object.patch	/glitchDescription	Panicked. I don't have anything to say!	당황. 할 말이 없습니다!
glitch	/objects/nmm_themed/bitmuth/pot/bitmuthflowerpot.object.patch	/glitchDescription	Panicked. I don't have anything to say!	당황. 할 말이 없습니다!
glitch	/objects/nmm_themed/bitmuth/stool/bitmuthstool.object.patch	/glitchDescription	Panicked. I don't have anything to say!	당황. 할 말이 없습니다!
glitch	/objects/nmm_themed/colonyco/colonycopedestal/colonycopedestal.object.patch	/glitchDescription	Panicked. I don't have anything to say!	당황. 할 말이 없습니다!
glitch	/objects/nmm_themed/colonyco/colonycoposter/colonycoposter.object.patch	/glitchDescription	Panicked. I don't have anything to say!	당황. 할 말이 없습니다!
glitch	/objects/nmm_themed/colonyco/colonycotable/colonycotable.object.patch	/glitchDescription	Panicked. I don't have anything to say!	당황. 할 말이 없습니다!
glitch	/objects/nmm_themed/fairytalecottage/fairytalecottagechest/fairytalecottagechest.object.patch	/glitchDescription	Panicked. I don't have anything to say!	당황. 할 말이 없습니다!
glitch	/objects/nmm_themed/fairytalecottage/fairytalecottagechest/fairytalecottagechestcandles.object.patch	/glitchDescription	Panicked. I don't have anything to say!	당황. 할 말이 없습니다!
glitch	/objects/nmm_themed/fairytalecottage/fairytalecottageendtable/fairytalecottagebirdcage.object.patch	/glitchDescription	Panicked. I don't have anything to say!	당황. 할 말이 없습니다!
glitch	/objects/nmm_themed/fairytalecottage/fairytalecottageendtable/fairytalecottageendtable.object.patch	/glitchDescription	Panicked. I don't have anything to say!	당황. 할 말이 없습니다!
glitch	/objects/nmm_themed/fairytalecottage/fairytalecottageendtable/fairytalecottagevase.object.patch	/glitchDescription	Panicked. I don't have anything to say!	당황. 할 말이 없습니다!
glitch	/objects/nmm_themed/fairytalecottage/fairytalecottagelanterns/smallchain.object.patch	/glitchDescription	Panicked. I don't have anything to say!	당황. 할 말이 없습니다!
glitch	/objects/nmm_themed/fairytalecottage/fairytalecottagestool/fairytalecottagestool.object.patch	/glitchDescription	Panicked. I don't have anything to say!	당황. 할 말이 없습니다!
glitch	/objects/nmm_themed/gold/chairs/goldaztecchair.object.patch	/glitchDescription	Panicked. I don't have anything to say!	당황. 할 말이 없습니다!
glitch	/objects/nmm_themed/gold/chairs/goldsolidchair.object.patch	/glitchDescription	Panicked. I don't have anything to say!	당황. 할 말이 없습니다!
glitch	/objects/nmm_themed/gold/tables/goldaztectable.object.patch	/glitchDescription	Panicked. I don't have anything to say!	당황. 할 말이 없습니다!
glitch	/objects/nmm_themed/gold/tables/goldtable.object.patch	/glitchDescription	Panicked. I don't have anything to say!	당황. 할 말이 없습니다!
glitch	/objects/nmm_themed/perfectgeneric/pgdoor/pgdoor.object.patch	/glitchDescription	Panicked. I don't have anything to say!	당황. 할 말이 없습니다!
glitch	/objects/nmm_themed/perfectgeneric/pglamp/pglamp.object.patch	/glitchDescription	Panicked. I don't have anything to say!	당황. 할 말이 없습니다!
glitch	/objects/nmm_themed/shadowtech/techlamp/shadowtechlampblue.object.patch	/glitchDescription	Panicked. I don't have anything to say!	당황. 할 말이 없습니다!
glitch	/objects/nmm_themed/shadowtech/techlamp/shadowtechlampgreen.object.patch	/glitchDescription	Panicked. I don't have anything to say!	당황. 할 말이 없습니다!
glitch	/objects/nmm_themed/shadowtech/techlamp/shadowtechlampred.object.patch	/glitchDescription	Panicked. I don't have anything to say!	당황. 할 말이 없습니다!
glitch	/objects/nuclearwasteland/irradiatedchest/irradiatedchest.object.patch	/glitchDescription	Disgusted. This chest is made of compressed toxic waste.	혐오. 이 상자는 압축 유독 폐기물로 만들어졌어요.
glitch	/objects/nuclearwasteland/irradiatedportal/irradiatedportal.object.patch	/glitchDescription	Analysing. An irradiated portal.	분석 중. 방사능 오염 포털입니다.
glitch	/objects/nuclearwasteland/irradiatedportal/irradiatedreturnportal.object.patch	/glitchDescription	Analysing. An irradiated portal.	분석 중. 방사능 오염 포털입니다.
glitch	/objects/nuclearwasteland/irradiatedtorch/irradiatedtorch.object.patch	/glitchDescription		불안. 이 횃불이 사악한 기운을 뿜어요.
glitch	/objects/outpost/outpostbookcase1/outpostbookcase1.object.patch	/glitchDescription	Curious. Perhaps there is something to read.	호기심. 읽을 게 있을지도요.
glitch	/objects/outpost/outpostpettether1/outpostpettether1.object.patch	/glitchDescription	Satisfied. A captured creature placed in this device will stay nearby.	만족. 포획한 생물을 이 장치에 넣으면 근처에 머물게 됩니다.
glitch	/objects/outpost/outpostsign/outpostsignmech.object.patch	/glitchDescription	Informed. The image of this symbol is meant to indicate a mech station.	정보 제공. 이 기호의 이미지는 기계 스테이션을 나타냅니다.
glitch	/objects/plushies/community2/edition12/semyazaplush/PBsemyazaplush.object.patch	/glitchDescription	Uncomfortable. Plushies like these are simply not my type.	불편함. 이런 종류의 인형은 그냥 내 취향이 아니다.
glitch	/objects/plushies/community2/edition13/skeletonmirrorplush/PBskeletonmirrorplush.object.patch	/glitchDescription	Anxious. A real Skeleton Mirror is not to be triffled with!	불안함. 진짜 해골 거울은 함부로 다룰 물건이 아니다!
glitch	/objects/plushies/community2/edition6/huggyplush/PBhuggyplush.object.patch	/glitchDescription	Comfortable. It's not unusual for sentient Glitch to practice hugging with these adorable helpers.	편안함. 지각 있는 글리치가 이 사랑스러운 조력자들과 포옹 연습을 하는 건 드문 일이 아니다.
glitch	/objects/plushies/community2/edition9/nephysplush/PBnephysplush.object.patch	/glitchDescription	Negative. No, that's not the queen to which I would bow down to.	부정. 아니, 저건 내가 고개 숙일 여왕이 아니다.
glitch	/objects/plushies/community3/edition8/unionsoldierplush/PBunionsoldierplush.object.patch	/glitchDescription	Cheerful. Reporting for duty!	쾌활함. 임무 보고합니다!
glitch	/objects/plushies/misc/cptlilodonplush/PBcptlilodonplush.object.patch	/glitchDescription	Playful. Aye captain, the deck has been scrubbed spotless!	장난기. 예, 선장님, 갑판을 티끌 하나 없이 닦아놨습니다!
glitch	/objects/power/avali_fu_solararrayadv/avali_fu_solararrayadv.object.patch	/glitchDescription	Analytical. Atmospheric interference means this panel will generate less power at low altitudes.	분석적. 대기 간섭은이 패널이 낮은 고도에서 더 적은 전력을 생성한다는 것을 의미합니다.
glitch	/objects/power/avali_isn_solarpanel/avali_isn_solarpanel.object.patch	/glitchDescription	Analytical. Atmospheric interference means this panel will generate less power at low altitudes.	분석적. 대기 간섭은이 패널이 낮은 고도에서 더 적은 전력을 생성한다는 것을 의미합니다.
glitch	/objects/relicdungeon/health/healingorbsocket_es/healingorbsocket_es.object.patch	/glitchDescription	Conclusive. This orb must be what this healing gun is for.	결론. 이 구체가 이 치유 총 용도임에 틀림없어요.
glitch	/objects/relicdungeon/health/healingorbsocket_es/healingorbsocketinverted_es.object.patch	/glitchDescription	Observative. The red marks on this healing orb socket implies I need to drain the orb of its health.	관찰. 이 치유 구체 소켓의 빨간 표시는 구체의 생명력을 빼야 함을 의미해요.
glitch	/objects/relicdungeon/health/healthdeductorplayertrap_es/healthdeductorplayertrap_es.object.patch	/glitchDescription		겁남. 저 함정에서 멀리 있어야 해요. 전 너무 약해요.
glitch	/objects/relicdungeon/health/healthdeductortrap_es/healthdeductortrap_es.object.patch	/glitchDescription		경계. 이 기구가 발사하지 못하게 막아야겠어요.
glitch	/objects/relicdungeon/health/healthorbspawner_es/healthorbspawner_es.object.patch	/glitchDescription		안도. 방출된 구체로 즉시 회복할 수 있어요.
glitch	/objects/relicdungeon/health/healthrelicchest_es/healthrelicchest_es.object.patch	/glitchDescription	Observative. This chest must have an important tool inside.	관찰. 이 상자엔 중요한 도구가 있을 거예요.
glitch	/objects/relicdungeon/health/healthrelicteleporter_es/healthrelicteleporter_es.object.patch	/glitchDescription	Curious. What is the destination of this mysterious door?	흥미롭네요. 이 수수께끼의 문은 어디로 통할까요?
glitch	/objects/relicdungeon/mining/miningrelicteleporter/miningrelicteleporter.object.patch	/glitchDescription	Curious. What is the destination of this mysterious door?	흥미롭네요. 이 수수께끼의 문은 어디로 통할까요?
glitch	/objects/saturn/ConversionsOfBaseGameWoodenObjects/saturnianEbonyceilingcabinet1/saturnianEbonyceilingcabinet1.object.patch	/glitchDescription	Optimistic. Suspended storage. Useful.	낙관적. 매달린 수납장. 유용합니다.
glitch	/objects/saturn/ConversionsOfBaseGameWoodenObjects/saturnianEbonyceilingcabinet2/saturnianEbonyceilingcabinet2.object.patch	/glitchDescription	Optimistic. Suspended storage. Useful.	낙관적. 매달린 수납장. 유용합니다.
glitch	/objects/saturn/ConversionsOfBaseGameWoodenObjects/saturnianEbonydoor/saturnianEbonydoor.object.patch	/glitchDescription	Cheerful. It appears to be a handmade door.	쾌활합니다. 수제 문으로 보입니다.
glitch	/objects/saturn/saturnWaspmim/saturnwaspmimceilingcabinet1/saturnwaspmimceilingcabinet1.object.patch	/glitchDescription	Optimistic. Suspended storage. Useful.	낙관적. 매달린 수납장. 유용합니다.
glitch	/objects/saturn/saturnWaspmim/saturnwaspmimceilingcabinet2/saturnwaspmimceilingcabinet2.object.patch	/glitchDescription	Optimistic. Suspended storage. Useful.	낙관적. 매달린 수납장. 유용합니다.
glitch	/objects/saturn/saturnWaspmim/saturnwaspmimdoor/saturnwaspmimdoor.object.patch	/glitchDescription	Cheerful. It appears to be a handmade door.	쾌활합니다. 수제 문으로 보입니다.
glitch	/objects/saturn/saturnvillageteleporter/saturnvillageteleporter.object.patch	/glitchDescription	Smug. A teleporter. I am able to enter a sleep mode during the teleport process.	스머그. 텔레포터. 순간이동 중에 절전 모드로 들어갈 수 있어요.
glitch	/objects/sb_ladders/copperladder.object.patch	/glitchDescription	Surprised. This ladder is made from copper.	놀랍다. 이 사다리는 구리로 만들어졌어요.
glitch	/objects/sheilaworkshop/black_furniture/black_blackarmoryportrait/black_blackarmoryportrait.object.patch	/glitchDescription	Impressed. Glass and light in a metal frame.	감탄. 금속 프레임 안의 유리와 빛이네요.
glitch	/objects/sheilaworkshop/black_furniture/black_holographicmarker/black_holographicmarker.object.patch	/glitchDescription	Observant. A small locator module attached to this unique marker allows it to be bookmarked for teleportation.	관찰. 이 고유 표지의 소형 위치 모듈로 순간이동용 북마크가 가능하네요.
glitch	/objects/sheilaworkshop/black_furniture/black_maiahologram/black_maiahologram.object.patch	/glitchDescription	Amazed. A giant logo rendered as a hologram.	놀랍네요. 거대한 로고가 홀로그램으로 렌더링됐어요.
glitch	/objects/sheilaworkshop/black_furniture/black_maiapedestal/black_maiapedestal.object.patch	/glitchDescription	Observation: This technology generates a holgoram.	관찰: 이 기술은 홀로그램을 생성합니다.
glitch	/objects/sheilaworkshop/black_furniture/black_prismadronespawner/black_prismadronespawner.object.patch	/glitchDescription	Amazed. This armored drone can take punishment and dish it out too.	놀랐습니다. 이 장갑 드론은 공격을 버텨내고 되돌려주기도 합니다.
glitch	/objects/sheilaworkshop/black_furniture/black_rocketdronespawner/black_rocketdronespawner.object.patch	/glitchDescription	Amazed. This armored drone can take punishment and dish it out too.	놀랐습니다. 이 장갑 드론은 공격을 버텨내고 되돌려주기도 합니다.
glitch	/objects/sheilaworkshop/black_furniture/black_titansteelcanistererchius/black_titansteelcanistererchius.object.patch	/glitchDescription	Observant. A short analysis concludes that this canister is built to safely store fuel.	관찰 중. 짧은 분석 결과, 이 연료통은 연료를 안전하게 저장하도록 만들어졌습니다.
glitch	/objects/sheilaworkshop/black_furniture/black_titansteelcanistersmallerchius/black_titansteelcanistersmallerchius.object.patch	/glitchDescription	Observant. A short analysis concludes that this canister is built to safely store fuel.	관찰 중. 짧은 분석 결과, 이 연료통은 연료를 안전하게 저장하도록 만들어졌습니다.
glitch	/objects/sheilaworkshop/black_furniture/black_titansteelmedicalcrate/black_titansteelmedicalcrate.object.patch	/glitchDescription	Intrigued. A medical container - anything could be inside.	호기심. 의료 용기 - 안에 뭐든 있을 수 있어요.
glitch	/objects/sheilaworkshop/black_furniture/black_titansteelwindturbine/black_titansteelwindturbine.object.patch	/glitchDescription	Observant. This wind turbine is rather high tech.	관찰. 이 풍력 터빈은 꽤 첨단이네요.
glitch	/objects/sheilaworkshop/black_furniture/titansteelbookcase/titansteelbookcase.object.patch	/glitchDescription	Curious. Perhaps there is something to read.	호기심. 읽을 게 있을지도요.
glitch	/objects/sheilaworkshop/black_furniture/titansteelcargocratehazard/titansteelcargocratehazard.object.patch	/glitchDescription	Intrigued. A hazardous container - anything could be inside.	호기심. 위험물 용기 - 안에 뭐든 있을 수 있어요.
glitch	/objects/sheilaworkshop/black_furniture/titansteelcctvcamera/titansteelcctvcamera.object.patch	/glitchDescription	Neutral. A bulletproof camera.	중립. 방탄 카메라예요.
glitch	/objects/sheilaworkshop/black_furniture/titansteelflatscreen/titansteelflatscreen.object.patch	/glitchDescription	Cautious. A warning is being programmed on here.	주의. 경고가 프로그래밍되고 있습니다.
glitch	/objects/sheilaworkshop/black_furniture/titansteelmonitor/titansteelmonitor.object.patch	/glitchDescription	Intrigued. It's trying to scan something.	호기심. 뭔가를 스캔하려 하네요.
glitch	/objects/sheilaworkshop/black_furniture/titansteelteleporter/titansteelteleporter.object.patch	/glitchDescription	Observation: This teleporter was built in an alien style.	관찰: 이 텔레포터는 외계 양식으로 지어졌네요.
glitch	/objects/ship/aegi/aegiteleporter/aegiteleporter.object.patch	/glitchDescription	Smug. A teleporter. I am able to enter a sleep mode during the teleport process.	스머그. 텔레포터. 순간이동 중에 절전 모드로 들어갈 수 있어요.
glitch	/objects/ship/akkimari/akkimariteleporter/akkimariteleporter.object.patch	/glitchDescription	Smug. A teleporter. I am able to enter a sleep mode during the teleport process.	스머그. 텔레포터. 순간이동 중에 절전 모드로 들어갈 수 있어요.
glitch	/objects/ship/angelteleporter/angelteleporter.object.patch	/glitchDescription	Smug. A teleporter. I am able to enter a sleep mode during the teleport process.	스머그. 텔레포터. 순간이동 중에 절전 모드로 들어갈 수 있어요.
glitch	/objects/ship/avikan/avikanteleporter/avikanteleporter.object.patch	/glitchDescription	Smug. A teleporter. I am able to enter a sleep mode during the teleport process.	스머그. 텔레포터. 순간이동 중에 절전 모드로 들어갈 수 있어요.
glitch	/objects/ship/kitsuneshipdoor/kitsuneshipdoor.object.patch	/glitchDescription	Informed. A standard ship door.	정보. 표준 선박 문입니다.
glitch	/objects/ship/kitsuneshipdoor/kitsuneshipdoor_black.object.patch	/glitchDescription	Informed. A standard ship door.	정보. 표준 선박 문입니다.
glitch	/objects/ship/kitsuneshipdoor/kitsuneshipdoor_blue.object.patch	/glitchDescription	Informed. A standard ship door.	정보. 표준 선박 문입니다.
glitch	/objects/ship/kitsuneshipdoor/kitsuneshipdoor_brown.object.patch	/glitchDescription	Informed. A standard ship door.	정보. 표준 선박 문입니다.
glitch	/objects/ship/kitsuneshipdoor/kitsuneshipdoor_gray.object.patch	/glitchDescription	Informed. A standard ship door.	정보. 표준 선박 문입니다.
glitch	/objects/ship/kitsuneshipdoor/kitsuneshipdoor_green.object.patch	/glitchDescription	Informed. A standard ship door.	정보. 표준 선박 문입니다.
glitch	/objects/ship/kitsuneshipdoor/kitsuneshipdoor_orange.object.patch	/glitchDescription	Informed. A standard ship door.	정보. 표준 선박 문입니다.
glitch	/objects/ship/kitsuneshipdoor/kitsuneshipdoor_pink.object.patch	/glitchDescription	Informed. A standard ship door.	정보. 표준 선박 문입니다.
glitch	/objects/ship/kitsuneshipdoor/kitsuneshipdoor_purple.object.patch	/glitchDescription	Informed. A standard ship door.	정보. 표준 선박 문입니다.
glitch	/objects/ship/kitsuneshipdoor/kitsuneshipdoor_red.object.patch	/glitchDescription	Informed. A standard ship door.	정보. 표준 선박 문입니다.
glitch	/objects/ship/kitsuneshipdoor/kitsuneshipdoor_white.object.patch	/glitchDescription	Informed. A standard ship door.	정보. 표준 선박 문입니다.
glitch	/objects/ship/kitsuneshipdoor/kitsuneshipdoor_yellow.object.patch	/glitchDescription	Informed. A standard ship door.	정보. 표준 선박 문입니다.
glitch	/objects/ship/kitsuneteleporter/kitsuneteleporter.object.patch	/glitchDescription	Smug. A teleporter. I am able to enter a sleep mode during the teleport process.	스머그. 텔레포터. 순간이동 중에 절전 모드로 들어갈 수 있어요.
glitch	/objects/ship/kitsuneteleporter/kitsuneteleporter_black.object.patch	/glitchDescription	Smug. A teleporter. I am able to enter a sleep mode during the teleport process.	스머그. 텔레포터. 순간이동 중에 절전 모드로 들어갈 수 있어요.
glitch	/objects/ship/kitsuneteleporter/kitsuneteleporter_blue.object.patch	/glitchDescription	Smug. A teleporter. I am able to enter a sleep mode during the teleport process.	스머그. 텔레포터. 순간이동 중에 절전 모드로 들어갈 수 있어요.
glitch	/objects/ship/kitsuneteleporter/kitsuneteleporter_brown.object.patch	/glitchDescription	Smug. A teleporter. I am able to enter a sleep mode during the teleport process.	스머그. 텔레포터. 순간이동 중에 절전 모드로 들어갈 수 있어요.
glitch	/objects/ship/kitsuneteleporter/kitsuneteleporter_gray.object.patch	/glitchDescription	Smug. A teleporter. I am able to enter a sleep mode during the teleport process.	스머그. 텔레포터. 순간이동 중에 절전 모드로 들어갈 수 있어요.
glitch	/objects/ship/kitsuneteleporter/kitsuneteleporter_green.object.patch	/glitchDescription	Smug. A teleporter. I am able to enter a sleep mode during the teleport process.	스머그. 텔레포터. 순간이동 중에 절전 모드로 들어갈 수 있어요.
glitch	/objects/ship/kitsuneteleporter/kitsuneteleporter_orange.object.patch	/glitchDescription	Smug. A teleporter. I am able to enter a sleep mode during the teleport process.	스머그. 텔레포터. 순간이동 중에 절전 모드로 들어갈 수 있어요.
glitch	/objects/ship/kitsuneteleporter/kitsuneteleporter_pink.object.patch	/glitchDescription	Smug. A teleporter. I am able to enter a sleep mode during the teleport process.	스머그. 텔레포터. 순간이동 중에 절전 모드로 들어갈 수 있어요.
glitch	/objects/ship/kitsuneteleporter/kitsuneteleporter_purple.object.patch	/glitchDescription	Smug. A teleporter. I am able to enter a sleep mode during the teleport process.	스머그. 텔레포터. 순간이동 중에 절전 모드로 들어갈 수 있어요.
glitch	/objects/ship/kitsuneteleporter/kitsuneteleporter_red.object.patch	/glitchDescription	Smug. A teleporter. I am able to enter a sleep mode during the teleport process.	스머그. 텔레포터. 순간이동 중에 절전 모드로 들어갈 수 있어요.
glitch	/objects/ship/kitsuneteleporter/kitsuneteleporter_white.object.patch	/glitchDescription	Smug. A teleporter. I am able to enter a sleep mode during the teleport process.	스머그. 텔레포터. 순간이동 중에 절전 모드로 들어갈 수 있어요.
glitch	/objects/ship/kitsuneteleporter/kitsuneteleporter_yellow.object.patch	/glitchDescription	Smug. A teleporter. I am able to enter a sleep mode during the teleport process.	스머그. 텔레포터. 순간이동 중에 절전 모드로 들어갈 수 있어요.
glitch	/objects/ship/lamiateleporter/lamiateleporter.object.patch	/glitchDescription	Smug. A teleporter. I am able to enter a sleep mode during the teleport process.	스머그. 텔레포터. 순간이동 중에 절전 모드로 들어갈 수 있어요.
glitch	/objects/ship/lucarioteleporter/lucarioteleporter.object.patch	/glitchDescription	Smug. A teleporter. I am able to enter a sleep mode during the teleport process.	스머그. 텔레포터. 순간이동 중에 절전 모드로 들어갈 수 있어요.
glitch	/objects/ship/lustlingteleporter/lustlingteleporter.object.patch	/glitchDescription	Smug. A teleporter. I am able to enter a sleep mode during the teleport process.	스머그. 텔레포터. 순간이동 중에 절전 모드로 들어갈 수 있어요.
glitch	/objects/ship/saturnteleporter/saturnteleporter.object.patch	/glitchDescription	Smug. A teleporter. I am able to enter a sleep mode during the teleport process.	스머그. 텔레포터. 순간이동 중에 절전 모드로 들어갈 수 있어요.
glitch	/objects/ship/saturnteleporter2/saturnteleporter2.object.patch	/glitchDescription	Smug. A teleporter. I am able to enter a sleep mode during the teleport process.	스머그. 텔레포터. 순간이동 중에 절전 모드로 들어갈 수 있어요.
glitch	/objects/ship/spectwingteleporter/spectwingteleporter.object.patch	/glitchDescription	Smug. A teleporter. I am able to enter a sleep mode during the teleport process.	스머그. 텔레포터. 순간이동 중에 절전 모드로 들어갈 수 있어요.
glitch	/objects/ship/trink/trinkcaptainschair/trinkcaptainschair.object.patch	/glitchDescription	Anticipation. Where to next?	기대되네. 다음은 어디로 갈까요?
glitch	/objects/ship/trink/trinkteleporter/trinkteleporter.object.patch	/glitchDescription	Smug. A teleporter. I am able to enter a sleep mode during the teleport process.	스머그. 텔레포터. 순간이동 중에 절전 모드로 들어갈 수 있어요.
glitch	/objects/ship/woofieteleporter/woofieteleporter.object.patch	/glitchDescription	Smug. A teleporter. I am able to enter a sleep mode during the teleport process.	스머그. 텔레포터. 순간이동 중에 절전 모드로 들어갈 수 있어요.
glitch	/objects/spawner/pettether/cmdr_pokeballtether.object.patch	/glitchDescription	Satisfied. A captured creature placed in this device will stay nearby.	만족. 포획한 생물을 이 장치에 넣으면 근처에 머물게 됩니다.
glitch	/objects/syndicate/furniture/syndicatel_couch/syndicate_couch.object.patch	/glitchDescription	Relaxed. Everyone should have a couch like this.	편안하죠. 누구나 이런 소파를 가져야 해요.
glitch	/objects/teleporter/akkimarilowteleporter/akkimarilowteleporter.object.patch	/glitchDescription	Observation: This teleporter was built in an alien style.	관찰: 이 텔레포터는 외계 양식으로 지어졌네요.
glitch	/objects/teleporter/alliancelowteleporter/alliancelowteleporter.object.patch	/glitchDescription	Observation: This teleporter was built in an alien style.	관찰: 이 텔레포터는 외계 양식으로 지어졌네요.
glitch	/objects/teleporter/alliancetallteleporter/alliancetallteleporter.object.patch	/glitchDescription	Observation: This teleporter was built in an alien style.	관찰: 이 텔레포터는 외계 양식으로 지어졌네요.
glitch	/objects/teleporter/avikanlowteleporter/avikanlowteleporter.object.patch	/glitchDescription	Observation: This teleporter was built in an alien style.	관찰: 이 텔레포터는 외계 양식으로 지어졌네요.
glitch	/objects/teleporter/avikantallteleporter/avikantallteleporter.object.patch	/glitchDescription	Observation: This teleporter was built in an alien style.	관찰: 이 텔레포터는 외계 양식으로 지어졌네요.
glitch	/objects/teleporter/brokenshipteleporter/brokenshipteleporter.object.patch	/glitchDescription	Annoyed. This teleporter has completely stopped working.	짜증나네요. 이 텔레포터가 완전히 멈췄어요.
glitch	/objects/teleporter/centensianmidteleporter/centensianmidteleporter.object.patch	/glitchDescription	Observation: This teleporter was built in an alien style.	관찰: 이 텔레포터는 외계 양식으로 지어졌네요.
glitch	/objects/teleporter/centensianteleporter/centensianteleporter.object.patch	/glitchDescription	Observation: This teleporter was built in an alien style.	관찰: 이 텔레포터는 외계 양식으로 지어졌네요.
glitch	/objects/teleporter/supervoidteleporter/supervoidteleporter2.object.patch	/glitchDescription	Confident. I don't have to start over.	확신. 처음부터 다시 안 해도 돼요.
glitch	/objects/teleporter/supervoidteleporter/supervoidteleporternode.object.patch	/glitchDescription		겁먹음. 텅 빈 공허예요.
glitch	/objects/teleporter/trinklowteleporter/trinklowteleporter.object.patch	/glitchDescription	Observation: This teleporter was built in an alien style.	관찰: 이 텔레포터는 외계 양식으로 지어졌네요.
glitch	/objects/teleporter/trinktallteleporter/trinktallteleporter.object.patch	/glitchDescription	Observation: This teleporter was built in an alien style.	관찰: 이 텔레포터는 외계 양식으로 지어졌네요.
glitch	/objects/traps/fallingicicletrap_es/fallingicicletrap_es.object.patch	/glitchDescription		관찰. 이 고드름은 곧 떨어질 것 같아요.
glitch	/objects/traps/icespiketrap_es/icespiketrap_es.object.patch	/glitchDescription		겁남. 이 함정은 쉽게 죽일 수 있는 고드름을 쏴요.
glitch	/objects/traps/miningrelicbluetrap/miningrelicbluetrap.object.patch	/glitchDescription		겁남. 그냥 작은 구체 함정이에요, 못 이길 건 없어요.
glitch	/objects/unbound/other/unboundlavacanister/unboundlavacanister.object.patch	/glitchDescription	Alerted. This barrel label warns of a highly explosive substance inside.	경고. 이 통 라벨은 내부에 폭발성이 강한 물질이 있음을 경고합니다.
glitch	/objects/viera/kitchen/vieracupboard1/vieracupboard1.object.patch	/glitchDescription	Optimistic. Suspended storage. Useful.	낙관적. 매달린 수납장. 유용합니다.
glitch	/objects/viera/kitchen/vieracupboard2/vieracupboard2.object.patch	/glitchDescription	Optimistic. Suspended storage. Useful.	낙관적. 매달린 수납장. 유용합니다.
glitch	/objects/viera/ship/vierashipcupboard/vierashipcupboard1.object.patch	/glitchDescription	Optimistic. Suspended storage. Useful.	낙관적. 매달린 수납장. 유용합니다.
glitch	/objects/viera/ship/vierashipcupboard/vierashipcupboard2.object.patch	/glitchDescription	Optimistic. Suspended storage. Useful.	낙관적. 매달린 수납장. 유용합니다.
glitch	/objects/viera/ship/vierashipdoor/vierashipdoor.object.patch	/glitchDescription	Informed. A standard ship door.	정보. 표준 선박 문입니다.
glitch	/objects/viera/ship/vierashipparts/fu_ftldrive/fu_vieraftldrive/fu_vieraftldrivemk1a.object.patch	/glitchDescription	Content. Larger FTL drive means much better space flight.	만족. 더 큰 FTL 드라이브는 훨씬 더 나은 우주 비행을 의미합니다.
glitch	/objects/viera/ship/vierashipparts/fu_ftldrive/fu_vieraftldrive/fu_vieraftldrivemk2a.object.patch	/glitchDescription	Content. Larger FTL drive means much better space flight.	만족. 더 큰 FTL 드라이브는 훨씬 더 나은 우주 비행을 의미합니다.
glitch	/objects/viera/ship/vierashipparts/fu_ftldrive/fu_vieraftldrive/fu_vieraftldrivemk3a.object.patch	/glitchDescription	Content. Larger FTL drive means much better space flight.	만족. 더 큰 FTL 드라이브는 훨씬 더 나은 우주 비행을 의미합니다.
glitch	/objects/viera/ship/vierateleporter/vierateleporter.object.patch	/glitchDescription	Smug. A teleporter. I am able to enter a sleep mode during the teleport process.	스머그. 텔레포터. 순간이동 중에 절전 모드로 들어갈 수 있어요.
glitch	/objects/viera/teleporter/waystoneteleporter/waystoneteleporter.object.patch	/glitchDescription	Smug. A teleporter. I am able to enter a sleep mode during the teleport process.	스머그. 텔레포터. 순간이동 중에 절전 모드로 들어갈 수 있어요.
glitch	/objects/viera/vierabanner3/vierabanner3.object.patch	/glitchDescription	Melancholy. Reminds me of the flowing banners of my home.	멜랑콜리. 고향의 휘날리는 깃발을 떠올리게 합니다.
glitch	/objects/viera/vierastoragelocker/vierastoragelocker.object.patch	/glitchDescription	Neutral. A metallic ship locker.	중립. 메탈릭한 선박 사물함이에요.
glitch	/objects/voltage/electricportal/electricportal.object.patch	/glitchDescription	Analysing. An electric portal.	분석 중. 전기 포털입니다.
glitch	/objects/voltage/electricportal/electricreturnportal.object.patch	/glitchDescription	Analysing. An abyss portal.	분석 중. 심연 포털입니다.
glitch	/objects/wired/IED_UXO/gic_rusted_landmine/gic_rusted_landmine.object.patch	/glitchDescription	Cautious. An active land mine. This one in particuler is lethal.	주의. 활성화된 지뢰입니다. 이건 특히 치명적입니다.
novakid	/items/MATERIALS/rowanlog.matitem.patch	/novakiddescription	Ain't uncommon to see logs laid like this in cabins.	오두막에 이렇게 놓여 있는 통나무를 보는 것은 드문 일이 아닙니다.
novakid	/items/MATERIALS/rowanwoodenplatform.matitem.patch	/novakiddescription	Just a platform made outta wood.	나무로 만든 플랫폼일 뿐이죠.
novakid	/items/MATERIALS/saturnslopedbrasspanel.matitem.patch	/novakiddescription	Some thick metal plating, looks mighty solid.	두꺼운 금속 도금으로 매우 견고해 보입니다.
novakid	/items/MATERIALS/saturnslopedmetalpanel.matitem.patch	/novakiddescription	Some thick metal plating, looks mighty solid.	두꺼운 금속 도금으로 매우 견고해 보입니다.
novakid	/items/MATERIALS/saturnslopedpanel.matitem.patch	/novakiddescription	Some thick metal plating, looks mighty solid.	두꺼운 금속 도금으로 매우 견고해 보입니다.
novakid	/items/MATERIALS/sgcorrupttile.matitem.patch	/novakiddescription	Some thick metal plating, looks mighty solid.	두꺼운 금속 도금으로 매우 견고해 보입니다.
novakid	/items/MATERIALS/sgfalldamagetile.matitem.patch	/novakiddescription	Some thick metal plating, looks mighty solid.	두꺼운 금속 도금으로 매우 견고해 보입니다.
novakid	/items/MATERIALS/sgmemorypanel.matitem.patch	/novakiddescription	Some thick metal plating, looks mighty solid.	두꺼운 금속 도금으로 매우 견고해 보입니다.
novakid	/items/MATERIALS/sgslopedhullpanel.matitem.patch	/novakiddescription	Some thick metal plating, looks mighty solid.	두꺼운 금속 도금으로 매우 견고해 보입니다.
novakid	/items/MATERIALS/sgslopedredpanel.matitem.patch	/novakiddescription	Some thick metal plating, looks mighty solid.	두꺼운 금속 도금으로 매우 견고해 보입니다.
novakid	/items/MATERIALS/unboundmetalblock.matitem.patch	/novakiddescription	Some thick metal plating, looks mighty solid.	두꺼운 금속 도금으로 매우 견고해 보입니다.
novakid	/items/MATERIALS/unboundmetalsupport.matitem.patch	/novakiddescription	Some thick metal plating, looks mighty solid.	두꺼운 금속 도금으로 매우 견고해 보입니다.
novakid	/items/MATERIALS/unboundwallpanel.matitem.patch	/novakiddescription	Some thick metal plating, looks mighty solid.	두꺼운 금속 도금으로 매우 견고해 보입니다.
novakid	/items/MATERIALS/unboundwallpanelwithered.matitem.patch	/novakiddescription	Some thick metal plating, looks mighty solid.	두꺼운 금속 도금으로 매우 견고해 보입니다.
novakid	/items/materials/burningblock.matitem.patch	/novakidDescription	A burnin' rock.	불타는 바위입니다.
novakid	/items/materials/burningbrick.matitem.patch	/novakidDescription	Bricks made outta really hot stone.	아주 뜨거운 돌로 만든 벽돌입니다.
novakid	/items/materials/burningbrick2.matitem.patch	/novakiddescription	Whoever touches these are gonna die.	이걸 만지는 자는 죽을 거예요.
novakid	/items/materials/chargedbrick.matitem.patch	/novakidDescription	Bricks made outta really hot stone.	아주 뜨거운 돌로 만든 벽돌입니다.
novakid	/items/materials/chargedstone.matitem.patch	/novakidDescription	A burnin' rock.	불타는 바위입니다.
novakid	/items/materials/darkobsidian.matitem.patch	/novakiddescription	Some really dark obsidian rocks.	정말 어두운 흑요석 바위들입니다.
novakid	/items/materials/darkobsidianbrick.matitem.patch	/novakiddescription	Some really dark obsidian rocks.	정말 어두운 흑요석 바위들입니다.
novakid	/items/materials/darkobsidianbrick2.matitem.patch	/novakiddescription	Some really dark obsidian rocks.	정말 어두운 흑요석 바위들입니다.
novakid	/items/materials/halloweencobblestone.matitem.patch	/novakidDescription	Cobble that is sorta uncommon to see.	보기 드문 자갈돌입니다.
novakid	/items/materials/halloweendirt.matitem.patch	/novakiddescription	Dirty lookin' and spooky dirt.	더럽고 소름 끼치는 흙입니다.
novakid	/items/materials/holestone.matitem.patch	/novakiddescription	Some really dark obsidian rocks.	정말 어두운 흑요석 바위들입니다.
novakid	/items/materials/irradiatedstone.matitem.patch	/novakidDescription	A burnin' rock.	불타는 바위입니다.
novakid	/items/materials/permafrostblock_es.matitem.patch	/novakidDescription	Surely hard as a rock.	분명 바위처럼 단단해요.
novakid	/items/materials/permafrostbrick_es.matitem.patch	/novakidDescription	A brick that needs to chill out.	진정 좀 해야 할 벽돌입니다.
novakid	/items/materials/radioactivewalls1.matitem.patch	/novakiddescription	Whoever touches these are gonna die.	이걸 만지는 자는 죽을 거예요.
novakid	/items/materials/rottendirt.matitem.patch	/novakiddescription	Some really dark obsidian rocks.	정말 어두운 흑요석 바위들입니다.
novakid	/items/materials/rottenjelly.matitem.patch	/novakiddescription	Some really dark obsidian rocks.	정말 어두운 흑요석 바위들입니다.
novakid	/items/materials/sandbricklightning.matitem.patch	/novakiddescription	Some really dark obsidian rocks.	정말 어두운 흑요석 바위들입니다.
novakid	/items/materials/sandstonebrick_es.matitem.patch	/novakiddescription	Some really dark obsidian rocks.	정말 어두운 흑요석 바위들입니다.
novakid	/items/materials/supercompressedsand.matitem.patch	/novakiddescription	Some really dark obsidian rocks.	정말 어두운 흑요석 바위들입니다.
novakid	/items/sheilaworkshop/black_other/titansteelstairs/titansteelstairs.matitem.patch	/novakidDescription	Some fancy lookin' platforms made outta some fancy metal.	멋진 금속으로 만든 멋진 발판이네요.
novakid	/materials/gic_lunarcrete.matitem.patch	/novakidDescription	Lunarcrete? Is this some kinda funny name joke?	루나크리트? 이거 무슨 웃긴 이름 농담이에요?
novakid	/materials/gic_permafrost.matitem.patch	/novakidDescription	Wouldn't wanna be stuck in that stuff.	저런 것에 갇히고 싶진 않아요.
novakid	/objects/BACKGROUND_PROP/gic_bgspacestationslidingdoor/gic_bgspacestationslidingdoor.object.patch	/novakidDescription	An impressive doorway. These sure don't come cheap. But the humans make'em cheap anyways.	인상적인 출입문입니다. 이런 건 분명 싸지 않을 텐데, 인간들은 어쨌든 싸게 만들죠.
novakid	/objects/CIVILIAN/gic_locker_locked/gic_locker_locked.object.patch	/novakidDescription	A locker for personal belongings. It's locked.	개인 소지품용 사물함입니다. 잠겨 있습니다.
novakid	/objects/CIVILIAN/gic_lootable_wreckturbines/gic_lootable_wreckturbine.object.patch	/novakidDescription	This turbine is covered in dust. Feels like it's been here forever.	이 터빈은 먼지투성이예요. 영원히 여기 있던 것 같아요.
novakid	/objects/CIVILIAN/gic_officefile1/gic_officefile1.object.patch	/novakidDescription	Some metal filing cabinet with some papers. I won't snoop around.	서류 몇 장이 든 금속 서류함입니다. 뒤져보진 않겠어요.
novakid	/objects/CIVILIAN/gic_officefile2/gic_officefile2.object.patch	/novakidDescription	Some metal filing cabinet with some papers. I won't snoop around.	서류 몇 장이 든 금속 서류함입니다. 뒤져보진 않겠어요.
novakid	/objects/CIVILIAN/gic_radiojammer/gic_radiojammer.object.patch	/novakidDescription	A machine of some sort.	뭔가 기계입니다.
novakid	/objects/CIVILIAN/gic_talllocker_locked/gic_talllocker_locked.object.patch	/novakidDescription	A locker for personal belongings. It's locked.	개인 소지품용 사물함입니다. 잠겨 있습니다.
novakid	/objects/CIVILIAN/gic_typewriter/gic_typewriter.object.patch	/novakidDescription	A machine for making papers by typing.	타이핑으로 종이를 만드는 기계입니다.
novakid	/objects/CORPSES/BLOOD/gic_smallbloodstain/gic_smallbloodstain.object.patch	/novakidDescription	What's this? Is this? Blood?	이게 뭐죠? 이건? 피예요?
novakid	/objects/CORPSES/gic_captaincorpse/gic_captaincorpse.object.patch	/novakidDescription	This isn't a good sign.	좋은 징조가 아닙니다.
novakid	/objects/CORPSES/gic_civiliancorpse1/gic_civiliancorpse1.object.patch	/novakidDescription	This isn't a good sign.	좋은 징조가 아닙니다.
novakid	/objects/CORPSES/gic_civiliancorpse2/gic_civiliancorpse2.object.patch	/novakidDescription	This isn't a good sign.	좋은 징조가 아닙니다.
novakid	/objects/CORPSES/gic_frostwanderercorpse1/gic_frostwanderercorpse1.object.patch	/novakidDescription	This isn't a good sign.	좋은 징조가 아닙니다.
novakid	/objects/CRAFTING/atprk_esancientforgesmall/atprk_esancientforgesmall.object.patch	/novakidDescription	Can't really find somethin' like this anywhere.	이런 건 어디에서도 찾기 힘들죠.
novakid	/objects/CRAFTING/atprk_esancientfurnacesmall/atprk_esancientfurnacesmall.object.patch	/novakidDescription	Can't really find somethin' like this anywhere.	이런 건 어디에서도 찾기 힘들죠.
novakid	/objects/CRAFTING/nmm_bepisvendingmachine/bepisvendingmachine.object.patch	/novakidDescription	A vendin' machine for sugary type drinks.	단 음료 자판기입니다.
novakid	/objects/CRAFTING/nmm_mvgvendingmachine/mvgvendingmachine.object.patch	/novakidDescription	A vendin' machine for sugary type drinks.	단 음료 자판기입니다.
novakid	/objects/CRAFTING/sb_variants/scifianvil/scifianvil.object.patch	/novakidDescription	I can make myself some great equipment using this replicator.	이 복제기를 사용해 멋진 장비를 만들 수 있습니다.
novakid	/objects/CRAFTING/upgradeablecraftingobjects/auraciteAnvil/auraciteAnvil.object.patch	/upgradeStages/2/itemSpawnParameters/novakidDescription	I can make myself some great equipment using this replicator.	이 복제기를 사용해 멋진 장비를 만들 수 있습니다.
novakid	/objects/EMBLEMS_AND_SIGNS/gic_decayedamericanemblem/gic_decayedamericanemblem.object.patch	/novakidDescription	Apparently the Americans are horrible people, according to the Protectorate.	보호국 말로는 미국인들이 끔찍한 사람들이랍니다.
novakid	/objects/EMBLEMS_AND_SIGNS/gic_decayedbritishemblem/gic_decayedbritishemblem.object.patch	/novakidDescription	Britain? Was it great? I don't know.	브리튼? 위대했었나? 모르겠네요.
novakid	/objects/EMBLEMS_AND_SIGNS/gic_decayedrussianemblem/gic_decayedrussianemblem.object.patch	/novakidDescription	The Russians are horrible people, according to the Protectorate.	러시아인은 끔찍한 사람들이래요, 보호국에 따르면요.
novakid	/objects/EMBLEMS_AND_SIGNS/gic_floranliberationfront_banner/gic_floranliberationfront_banner.object.patch	/novakidDescription	A plant doesn't make for an intimidating banner.	식물로는 위압적인 깃발이 안 되네요.
novakid	/objects/EMBLEMS_AND_SIGNS/gic_independentbanner/gic_independentbanner.object.patch	/novakidDescription	I guess one could say the non-allegiant aren't the brightest.	충성하지 않는 자들이 그리 똑똑하진 않다고 할 수 있겠네요.
novakid	/objects/EXPLORATION/esc_exp_yf_slidingdoor/esc_exp_yf_slidingdoor.object.patch	/novakidDescription	An impressive doorway. These sure don't come cheap. But the humans make'em cheap anyways.	인상적인 출입문입니다. 이런 건 분명 싸지 않을 텐데, 인간들은 어쨌든 싸게 만들죠.
novakid	/objects/FARMABLES/tucker/Tuckerseed.object.patch	/novakidDescription	This fruit has far too many flavours. Can't appreciate any of 'em.	이 과일에는 너무 많은 맛이 있습니다. 어느 것 하나 제대로 맛볼 수가 없네요.
novakid	/objects/FARMABLES/tucker/wildTuckerseed.object.patch	/novakidDescription	This fruit has far too many flavours. Can't appreciate any of 'em.	이 과일에는 너무 많은 맛이 있습니다. 어느 것 하나 제대로 맛볼 수가 없네요.
novakid	/objects/MILITARY/gic_navybunk/gic_navybunk.object.patch	/novakidDescription	A hole in the wall with a tough mattress. Looks pretty darn uncomfortable if I do say so myself. Doesn't even have a blanket!	질긴 매트리스가 든 벽속 구멍입니다. 제가 보기에도 무척 불편해 보이네요. 담요조차 없어요!
novakid	/objects/MILITARY/gic_wallbunk/gic_wallbunk.object.patch	/novakidDescription	A hole in the wall with a tough mattress. Looks pretty darn uncomfortable if I do say so myself. Doesn't even have a blanket!	질긴 매트리스가 든 벽속 구멍입니다. 제가 보기에도 무척 불편해 보이네요. 담요조차 없어요!
novakid	/objects/SPACE/gic_exhaust/gic_exhaust.object.patch	/novakidDescription	This thing expels alot of air.	이건 공기를 많이 뿜어냅니다.
novakid	/objects/SPACE/gic_exhaust_bottom/gic_exhaust_bottom.object.patch	/novakidDescription	This thing expels alot of air.	이건 공기를 많이 뿜어냅니다.
novakid	/objects/SPACE/gic_smallhumanturret/gic_smallhumanturret.object.patch	/novakidDescription	A small pathetic plasma turret that couldn't penetrate any amount of armor!	어떤 갑옷도 뚫지 못하는 한심한 소형 플라즈마 포탑입니다!
novakid	/objects/SPACE/gic_smallhumanturret_bottom/gic_smallhumanturret_bottom.object.patch	/novakidDescription	A small pathetic plasma turret that couldn't penetrate any amount of armor!	어떤 갑옷도 뚫지 못하는 한심한 소형 플라즈마 포탑입니다!
novakid	/objects/SPACE/gic_spacestationcoffetable/gic_spacestationcoffeetable.object.patch	/novakidDescription	A glass-top metallic table.	유리 상판 금속 테이블입니다.
novakid	/objects/SPACE/gic_spacestationslidingdoor/gic_spacestationslidingdoor.object.patch	/novakidDescription		인상적인 출입문입니다. 이런 건 분명 싸지 않을 텐데, 인간들은 어쨌든 싸게 만들죠.
novakid	/objects/SPACE/gic_spacestationslidingdoor/gic_spacestationslidingdoor_lockdown.object.patch	/novakidDescription		인상적인 출입문입니다. 이런 건 분명 싸지 않을 텐데, 인간들은 어쨌든 싸게 만들죠.
novakid	/objects/SPACE/gic_spacestationslidingdoor_checkpoint/gic_spacestationslidingdoor_checkpoint.object.patch	/novakidDescription	An impressive doorway. These sure don't come cheap. But the humans make'em cheap anyways.	인상적인 출입문입니다. 이런 건 분명 싸지 않을 텐데, 인간들은 어쨌든 싸게 만들죠.
novakid	/objects/SPACE/gic_spacestationslidingdoor_dark/gic_spacestationslidingdoor_dark.object.patch	/novakidDescription	An impressive doorway. These sure don't come cheap. But the humans make'em cheap anyways.	인상적인 출입문입니다. 이런 건 분명 싸지 않을 텐데, 인간들은 어쨌든 싸게 만들죠.
novakid	/objects/SPACE/gic_spacestationslidingdoor_hazard/gic_spacestationslidingdoor_hazard.object.patch	/novakidDescription	An impressive doorway. These sure don't come cheap. But the humans make'em cheap anyways.	인상적인 출입문입니다. 이런 건 분명 싸지 않을 텐데, 인간들은 어쨌든 싸게 만들죠.
novakid	/objects/SPACE/gic_spacestationslidingverticaldoor/gic_spacestationslidingverticaldoor.object.patch	/novakidDescription	An impressive doorway. These sure don't come cheap. But the humans make'em cheap anyways.	인상적인 출입문입니다. 이런 건 분명 싸지 않을 텐데, 인간들은 어쨌든 싸게 만들죠.
novakid	/objects/SPACE/gic_spacestationslidingverticaldoor_dark/gic_spacestationslidingverticaldoor_dark.object.patch	/novakidDescription	An impressive doorway. These sure don't come cheap. But the humans make'em cheap anyways.	인상적인 출입문입니다. 이런 건 분명 싸지 않을 텐데, 인간들은 어쨌든 싸게 만들죠.
novakid	/objects/SPACE/gic_spacestationwallcabinet1/gic_spacestationwallcabinet1.object.patch	/novakidDescription	This cabinet works to store things.	이 수납장은 물건 보관용으로 작동합니다.
novakid	/objects/SPACE/gic_spacestationwallcabinet2/gic_spacestationwallcabinet2.object.patch	/novakidDescription	This cabinet works to store things.	이 수납장은 물건 보관용으로 작동합니다.
novakid	/objects/SPACE/gic_tvmonitor/gic_tvmonitor.object.patch	/novakidDescription	I've never quite really understood how to use all those fancy 'channel-switching' thingamabobs.	그 멋진 '채널 전환' 물건들을 어떻게 쓰는지 도통 모르겠어요.
novakid	/objects/STAGE/gic_junctionbox_button/gic_junctionbox_button.object.patch	/novakidDescription	Just some kinda service panel. Useful for shutting down alarms.	그냥 어떤 서비스 패널이에요. 경보 끄기에 유용해요.
novakid	/objects/STANDARD/gic_bigcargocrate04/gic_bigcargocrate04.object.patch	/novakidDescription	Better not steal from that.	저걸 훔치지 않는 게 좋겠네요.
novakid	/objects/STATIC_VEHICLES/gic_crashedheli_back/gic_crashedheli_back.object.patch	/novakidDescription	A sort of mechanical flying bird that crashed and burned.	추락해 불탄 일종의 기계식 비행조입니다.
novakid	/objects/STATIC_VEHICLES/gic_crashedheli_front/gic_crashedheli_front.object.patch	/novakidDescription	A sort of mechanical flying bird that crashed and burned.	추락해 불탄 일종의 기계식 비행조입니다.
novakid	/objects/STATIC_VEHICLES/gic_generic_izhkratoyo_technical/gic_generic_izhkratoyo_technical.object.patch	/novakidDescription	A metal box with wheels.	바퀴 달린 금속 상자입니다.
novakid	/objects/STATIC_VEHICLES/gic_generic_izhkratoyo_utilityvehicle/gic_generic_izhkratoyo_utilityvehicle.object.patch	/novakidDescription	A metal box with wheels.	바퀴 달린 금속 상자입니다.
novakid	/objects/STATIC_VEHICLES/gic_loyalistf16/gic_loyalistf16.object.patch	/novakidDescription		좌석이 하나뿐인데 거의 작은 우주선만 해요!
novakid	/objects/STATIC_VEHICLES/gic_militarytransport/gic_militarytransport.object.patch	/novakidDescription		소형 수송 차량입니다. 병사를 싣습니다.
novakid	/objects/STATIC_VEHICLES/gic_minecartwheels/gic_minecartwheels.object.patch	/novakidDescription	Now this is bringing out true technology in both speed and style.	이거야말로 속도와 스타일 양쪽에서 진짜 기술을 보여주네요.
novakid	/objects/STATIC_VEHICLES/gic_swatvan/gic_swatvan.object.patch	/novakidDescription	A small carrier vehicle. I think this one is supposed to transport people.	소형 수송 차량입니다. 사람 수송용인 것 같네요.
novakid	/objects/STATIC_VEHICLES/gic_traincarwheels/gic_traincarwheels.object.patch	/novakidDescription	Now this is bringing out true technology in both speed and style.	이거야말로 속도와 스타일 양쪽에서 진짜 기술을 보여주네요.
novakid	/objects/STATIC_VEHICLES/gic_traincarwheels_large/gic_traincarwheels_large.object.patch	/novakidDescription	Now this is bringing out true technology in both speed and style.	이거야말로 속도와 스타일 양쪽에서 진짜 기술을 보여주네요.
novakid	/objects/STATIC_VEHICLES/gic_traincarwheels_large_norail/gic_traincarwheels_large_norail.object.patch	/novakidDescription	Now this is bringing out true technology in both speed and style.	이거야말로 속도와 스타일 양쪽에서 진짜 기술을 보여주네요.
novakid	/objects/STATIC_VEHICLES/gic_unitan_izhkratoyo_technical/gic_unitan_izhkratoyo_technical.object.patch	/novakidDescription	A metal box with wheels.	바퀴 달린 금속 상자입니다.
novakid	/objects/STATIC_VEHICLES/gic_unitan_izhkratoyo_utilityvehicle/gic_unitan_izhkratoyo_utilityvehicle.object.patch	/novakidDescription	A metal box with wheels.	바퀴 달린 금속 상자입니다.
novakid	/objects/STATIC_VEHICLES/gic_vehicletender/gic_vehicletender.object.patch	/novakidDescription	A fancy metal box that looks like a travelling merchant.	떠돌이 상인처럼 생긴 화려한 금속 상자입니다.
novakid	/objects/STATIC_VEHICLES/gic_viperplanedeco/gic_viperplanedeco.object.patch	/novakidDescription	It's almost big as a small ship but with only one seat!	좌석이 하나뿐인데 거의 작은 우주선만 해요!
novakid	/objects/STATIC_VEHICLES/gic_wreckedcar/gic_wreckedcar.object.patch	/novakidDescription	Looks like a wagon, but made of metal.	마차 같지만 금속으로 만들었네요.
novakid	/objects/STATIC_VEHICLES/gic_wreckedcar1/gic_wreckedcar1.object.patch	/novakidDescription	A small vehicle. A mooshi-driven wagon could carry more than this.	작은 탈것입니다. 무시가 끄는 짐마차가 이보다 더 많이 실을 수 있겠네요.
novakid	/objects/STATIC_VEHICLES/gic_wreckedcar2/gic_wreckedcar2.object.patch	/novakidDescription	A small vehicle. A mooshi-driven wagon could carry more than this.	작은 탈것입니다. 무시가 끄는 짐마차가 이보다 더 많이 실을 수 있겠네요.
novakid	/objects/STATIC_VEHICLES/gic_wreckedcar3/gic_wreckedcar3.object.patch	/novakidDescription	A small vehicle. A mooshi-driven wagon could carry more than this.	작은 탈것입니다. 무시가 끄는 짐마차가 이보다 더 많이 실을 수 있겠네요.
novakid	/objects/STATIC_VEHICLES/gic_wreckedcar4/gic_wreckedcar4.object.patch	/novakidDescription	A small vehicle. A mooshi-driven wagon could carry more than this.	작은 탈것입니다. 무시가 끄는 짐마차가 이보다 더 많이 실을 수 있겠네요.
novakid	/objects/STATIC_VEHICLES/gic_wreckedtaxi/gic_wreckedtaxi.object.patch	/novakidDescription	A small vehicle. A mooshi-driven wagon could carry more than this.	작은 탈것입니다. 무시가 끄는 짐마차가 이보다 더 많이 실을 수 있겠네요.
novakid	/objects/TOMBS/gic_tombstone1/gic_tombstone1.object.patch	/novakidDescription	This tombstone marks someone's grave.	이 묘비는 누군가의 무덤을 표시해요.
novakid	/objects/TOMBS/gic_tombstone2/gic_tombstone2.object.patch	/novakidDescription	This cross marks someone's grave.	이 십자가는 누군가의 무덤을 표시해요.
novakid	/objects/TOMBS/gic_tombstone3/gic_tombstone3.object.patch	/novakidDescription	This star marks someone's grave.	이 별은 누군가의 무덤을 표시해요.
novakid	/objects/UNITED_SYSTEMS/gic_unitanacronym/gic_unitanacronym.object.patch	/novakidDescription	I ain't heard o' these guys, but this sign seems to be in good condition. I should expect military resistance.	이들은 못 들어봤지만 이 간판은 상태가 좋군요. 군사 저항을 예상해야겠어요.
novakid	/objects/UNITED_SYSTEMS/gic_unitanartillerygun/gic_unitanartillerygun.object.patch	/novakidDescription	Some weird lookin' cannons.	이상한 대포들이네요.
novakid	/objects/UNITED_SYSTEMS/gic_unitanbanner/gic_unitanbanner.object.patch	/novakidDescription	It's not the bright protectorate flag I remember.	제가 기억하는 밝은 보호국 깃발이 아니네요.
novakid	/objects/UNITED_SYSTEMS/gic_unitanbanner_torn/gic_unitanbanner_torn.object.patch	/novakidDescription	It's not the bright protectorate flag I remember.	제가 기억하는 밝은 보호국 깃발이 아니네요.
novakid	/objects/UNITED_SYSTEMS/gic_unitedcitizensmilitia_poster/gic_unitedcitizensmilitia_poster.object.patch	/novakidDescription	Not sure what this means but alrighty.	무슨 뜻인지 모르겠지만 좋아요.
novakid	/objects/abyss/abyssdoor/abyssdoor.object.patch	/novakidDescription	Creepy-lookin' door with an eye.	눈 달린 으스스한 문입니다.
novakid	/objects/alta/basic/bed/ct_alta_bed.object.patch	/novakidDescription	Good a place as any to take a nap.	낮잠을 자기에 좋은 곳입니다.
novakid	/objects/alta/basic/door/ct_alta_door.object.patch	/novakidDescription	Now this is a sturdy lookin' door!	이제 튼튼해 보이는 문입니다!
novakid	/objects/alta/cafe/bin/ct_alta_bin.object.patch	/novakidDescription	Ain't nothin' but trash.	그냥 쓰레기일 뿐이죠.
novakid	/objects/alta/city/hatch/ct_alta_hatch.object.patch	/novakidDescription	A hatch, the type you'd find on a ship.	배에서 볼 수 있는 해치입니다.
novakid	/objects/alta/city/sapling/ct_alta_sapling.object.patch	/novakidDescription	It'll grow into a big tree if I plant it.	심으면 큰 나무로 자랄 거예요.
novakid	/objects/alta/eds/decorative/hatch/ct_eds_hatch.object.patch	/novakidDescription	A hatch, the type you'd find on a ship.	배에서 볼 수 있는 해치입니다.
novakid	/objects/alta/eds/status_pods/defense_pod/ct_eds_defense_pod.object.patch	/novakidDescription	A status pod! I sure hope today's my lucky day!	상태 표시기! 오늘이 행운의 날이었으면 좋겠네요!
novakid	/objects/alta/eds/status_pods/status_pod/ct_eds_status_pod.object.patch	/novakidDescription	A status pod! I sure hope today's my lucky day!	상태 표시기! 오늘이 행운의 날이었으면 좋겠네요!
novakid	/objects/alta/eds/teleporter/ct_eds_teleporter.object.patch	/novakidDescription	As teleporters go, this sure is fancy lookin'!	순간이동기치고는 정말 멋지네요!
novakid	/objects/alta/lab/door/ct_alta_lab_door.object.patch	/novakidDescription	Now this is a sturdy lookin' door!	이제 튼튼해 보이는 문입니다!
novakid	/objects/alta/lab/sapling/ct_alta_lab_sapling.object.patch	/novakidDescription	It'll grow into a big tree if I plant it.	심으면 큰 나무로 자랄 거예요.
novakid	/objects/alta/lab/teleporter/ct_alta_lab_teleporter.object.patch	/novakidDescription	As teleporters go, this sure is fancy lookin'!	순간이동기치고는 정말 멋지네요!
novakid	/objects/alta/ship/gateway/ct_alta_ship_gateway.object.patch	/novakidDescription	A door, the type you'd find on a ship.	배에서나 볼 수 있는 문입니다.
novakid	/objects/alta/ship/hatch/ct_alta_ship_hatch.object.patch	/novakidDescription	A hatch, the type you'd find on a ship.	배에서 볼 수 있는 해치입니다.
novakid	/objects/alta/ship/sapling/ct_alta_ship_sapling.object.patch	/novakidDescription	It'll grow into a big tree if I plant it.	심으면 큰 나무로 자랄 거예요.
novakid	/objects/alta/ship/special/ai/ct_alta_ship_ai.object.patch	/novakidDescription	This here station lets me talk with SAIL.	이 스테이션을 통해 SAIL과 대화할 수 있습니다.
novakid	/objects/alta/ship/special/ai/ct_alta_ship_ai_broken.object.patch	/novakidDescription	Time to reboot this station so I can talk to SAIL.	SAIL과 대화할 수 있도록 이 스테이션을 재부팅할 시간입니다.
novakid	/objects/alta/ship/special/fuel_hatch/ct_alta_ship_fuel_hatch.object.patch	/novakidDescription	FTL fuel goes in here!	FTL 연료는 여기로 들어갑니다!
novakid	/objects/alta/ship/special/teleporter/ct_alta_ship_teleporter_broken.object.patch	/novakidDescription	Ship's teleporter. I need to power her up!	우주선의 텔레포터. 전원을 켜야겠어요!
novakid	/objects/alta/special/events/ceternity/lights/ct_ceternity_lights.object.patch	/novakidDescription	Bunch'a sparklin' li'l lights all strung up.	반짝이는 조명을 한데 묶어 놓았어요.
novakid	/objects/alta/special/events/national_day/lights/ct_alta_lights.object.patch	/novakidDescription	Bunch'a sparklin' li'l lights all strung up.	반짝이는 조명을 한데 묶어 놓았어요.
novakid	/objects/alta/special/plants/trees/ct_azura_tree.object.patch	/novakidDescription	It'll grow into a big tree if I plant it.	심으면 큰 나무로 자랄 거예요.
novakid	/objects/alta/special/plants/trees/ct_hive_tree.object.patch	/novakidDescription	It'll grow into a big tree if I plant it.	심으면 큰 나무로 자랄 거예요.
novakid	/objects/alta/special/plants/trees/ct_livira_tree.object.patch	/novakidDescription	It'll grow into a big tree if I plant it.	심으면 큰 나무로 자랄 거예요.
novakid	/objects/alta/special/plants/trees/ct_mical_tree.object.patch	/novakidDescription	It'll grow into a big tree if I plant it.	심으면 큰 나무로 자랄 거예요.
novakid	/objects/alta/special/plants/trees/ct_nivera_tree.object.patch	/novakidDescription	It'll grow into a big tree if I plant it.	심으면 큰 나무로 자랄 거예요.
novakid	/objects/alta/special/plants/trees/ct_sofara_tree.object.patch	/novakidDescription	It'll grow into a big tree if I plant it.	심으면 큰 나무로 자랄 거예요.
novakid	/objects/alta/special/plants/trees/ct_viona_tree.object.patch	/novakidDescription	It'll grow into a big tree if I plant it.	심으면 큰 나무로 자랄 거예요.
novakid	/objects/alta/special/plants/trees/ct_warped_tree.object.patch	/novakidDescription	It'll grow into a big tree if I plant it.	심으면 큰 나무로 자랄 거예요.
novakid	/objects/alta/special/tools/pods/eco/ct_alta_eco_pod.object.patch	/novakidDescription	It'll grow into a big tree if I plant it.	심으면 큰 나무로 자랄 거예요.
novakid	/objects/alta/special/tools/pods/lab/ct_alta_lab_eco_pod.object.patch	/novakidDescription	It'll grow into a big tree if I plant it.	심으면 큰 나무로 자랄 거예요.
novakid	/objects/alta/special/tools/pods/omni/ct_omni_eco_pod.object.patch	/novakidDescription	It'll grow into a big tree if I plant it.	심으면 큰 나무로 자랄 거예요.
novakid	/objects/alta/special/tools/pods/ship/ct_alta_ship_eco_pod.object.patch	/novakidDescription	It'll grow into a big tree if I plant it.	심으면 큰 나무로 자랄 거예요.
novakid	/objects/alta/special/tools/pods/stardust/ct_stardust_eco_pod.object.patch	/novakidDescription	It'll grow into a big tree if I plant it.	심으면 큰 나무로 자랄 거예요.
novakid	/objects/alta/special/tools/pods/tray/ct_alta_tray.object.patch	/novakidDescription	It'll grow into a big tree if I plant it.	심으면 큰 나무로 자랄 거예요.
novakid	/objects/ancient/ancientforge/ancientforge.object.patch	/novakidDescription	Can't really find somethin' like this anywhere.	이런 건 어디에서도 찾기 힘들죠.
novakid	/objects/ancient/ancientfurnace/ancientfurnace.object.patch	/novakidDescription	Can't really find somethin' like this anywhere.	이런 건 어디에서도 찾기 힘들죠.
novakid	/objects/ancient/challengedoor/lofty_irisil_cd_pickmeup.object.patch	/novakidDescription	What's a door like this doin' out here?	이런 문이 왜 여기 있을까요?
novakid	/objects/ancient/challengedoor/lofty_irisil_cd_threadtheneedle.object.patch	/novakidDescription	What's a door like this doin' out here?	이런 문이 왜 여기 있을까요?
novakid	/objects/ancient/spheredeactivater/spheredeactivater.object.patch	/novakidDescription	Some technology that looks like my ancient sphere.	제 고대 구체처럼 보이는 기술이네요.
novakid	/objects/angel/angelstonevase1/angelstonevase1.object.patch	/novakidDescription	Pots are just pots to me, old or new.	냄비는 예나 지금이나 그냥 냄비일 뿐입니다.
novakid	/objects/angel/angelstonevase2/angelstonevase2.object.patch	/novakidDescription	Pots are just pots to me, old or new.	냄비는 예나 지금이나 그냥 냄비일 뿐입니다.
novakid	/objects/angel/angelstonevase3/angelstonevase3.object.patch	/novakidDescription	Pots are just pots to me, old or new.	냄비는 예나 지금이나 그냥 냄비일 뿐입니다.
novakid	/objects/apex/apexbed/sexbound_apexbed.object.patch	/novakidDescription	A simple bed for having sex. It gets the job done!	섹스용 간단한 침대네요. 역할은 다 해요!
novakid	/objects/arcana/misc/slidingDoor/arcana_misc_slidingDoor.object.patch	/novakidDescription	An impressive doorway. These sure don't come cheap.	인상적인 문이군. 이건 확실히 싸구려가 아니네요.
novakid	/objects/arcana/orion/teleporter_1/orion_teleporter_1.object.patch	/novakidDescription	As teleporters go, this sure is fancy lookin'!	순간이동기치고는 정말 멋지네요!
novakid	/objects/arcana/teleporter/astralCorridor/arcana_teleporter_astralCorridor.object.patch	/novakidDescription	What's a door like this doin' out here?	이런 문이 왜 여기 있을까요?
novakid	/objects/arcana/teleporter/lunarCorridor/arcana_teleporter_lunarCorridor.object.patch	/novakidDescription	What's a door like this doin' out here?	이런 문이 왜 여기 있을까요?
novakid	/objects/arcana/teleporter/solarCorridor/arcana_teleporter_solarCorridor.object.patch	/novakidDescription	What's a door like this doin' out here?	이런 문이 왜 여기 있을까요?
novakid	/objects/arcana_teleporter/arcana_teleporter_bleuark/arcana_teleporter_bleuark.object.patch	/novakidDescription	As teleporters go, this sure is fancy lookin'!	순간이동기치고는 정말 멋지네요!
novakid	/objects/arcana_teleporter/arcana_teleporter_gilten/arcana_teleporter_gilten.object.patch	/novakidDescription	As teleporters go, this sure is fancy lookin'!	순간이동기치고는 정말 멋지네요!
novakid	/objects/atprk_ancient/atprk_ancienttraps/atprk_ancientflametrapalt/atprk_ancientflametrapalt.object.patch	/novakidDescription	Simple yet deadly. My favourite kind.	단순하지만 치명적이죠. 제가 가장 좋아하는 종류입니다.
novakid	/objects/atprk_ancient/atprk_infinitemazedoor/atprk_infinitemazedoor.object.patch	/novakidDescription	What's a door like this doin' out here?	이런 문이 왜 여기 있을까요?
novakid	/objects/atprk_ancient/atprk_infinitemazedoor/atprk_infinitemazedooralt.object.patch	/novakidDescription	What's a door like this doin' out here?	이런 문이 왜 여기 있을까요?
novakid	/objects/atprk_ancient/atprk_infinitemazedoor/atprk_infinitemazedooraltalt.object.patch	/novakidDescription	What's a door like this doin' out here?	이런 문이 왜 여기 있을까요?
novakid	/objects/atprk_glitchdevout/atprk_glitchstandard/atprk_glitchstandard.object.patch	/novakidDescription	This flag probably means somethin' to someone.	이 깃발은 누군가에게 어떤 의미가 있을 것입니다.
novakid	/objects/atprk_radiotrophic/atprk_radiotrophicchest/atprk_radiotrophicchest.object.patch	/novakidDescription	It's always a thrill to find an unopened chest.	개봉하지 않은 상자를 발견하는 건 언제나 짜릿한 일이죠.
novakid	/objects/avian/sb_mask7/mask7.object.patch	/novakidDescription	A strange lookin' face. But a happy lookin' one.	이상한 얼굴이야. 하지만 행복해 보이네요.
novakid	/objects/biome/alterash/ayaka/ct_aya_pile/ct_aya_pile.object.patch	/novakidDescription	I reckon this'll come in handy for something.	뭔가 유용하게 쓰일 것 같아요.
novakid	/objects/biome/alterash/ayaka/ct_ayaka_blossom_tree.object.patch	/novakidDescription	It'll grow into a big tree if I plant it.	심으면 큰 나무로 자랄 거예요.
novakid	/objects/biome/alterash/ayaka/ct_ayaka_crimson_tree.object.patch	/novakidDescription	It'll grow into a big tree if I plant it.	심으면 큰 나무로 자랄 거예요.
novakid	/objects/biome/alterash/ayaka/ct_ayaka_crystal_tree.object.patch	/novakidDescription	It'll grow into a big tree if I plant it.	심으면 큰 나무로 자랄 거예요.
novakid	/objects/biome/alterash/ayaka/ct_ayaka_elin_tree.object.patch	/novakidDescription	It'll grow into a big tree if I plant it.	심으면 큰 나무로 자랄 거예요.
novakid	/objects/biome/alterash/ayaka/ct_ayaka_eva_tree.object.patch	/novakidDescription	It'll grow into a big tree if I plant it.	심으면 큰 나무로 자랄 거예요.
novakid	/objects/biome/alterash/ayaka/ct_ayaka_garden_tree.object.patch	/novakidDescription	It'll grow into a big tree if I plant it.	심으면 큰 나무로 자랄 거예요.
novakid	/objects/biome/alterash/ayaka/ct_ayaka_giant_tree.object.patch	/novakidDescription	It'll grow into a big tree if I plant it.	심으면 큰 나무로 자랄 거예요.
novakid	/objects/biome/alterash/ayaka/ct_ayaka_prime_tree.object.patch	/novakidDescription	It'll grow into a big tree if I plant it.	심으면 큰 나무로 자랄 거예요.
novakid	/objects/biome/alterash/ayaka/ct_ayaka_sap_blob1/ct_ayaka_sap_blob1.object.patch	/novakidDescription	I reckon this'll come in handy for something.	뭔가 유용하게 쓰일 것 같아요.
novakid	/objects/biome/alterash/ayaka/ct_ayaka_sap_blob2/ct_ayaka_sap_blob2.object.patch	/novakidDescription	I reckon this'll come in handy for something.	뭔가 유용하게 쓰일 것 같아요.
novakid	/objects/biome/alterash/ayaka/ct_ayaka_stardust_tree.object.patch	/novakidDescription	It'll grow into a big tree if I plant it.	심으면 큰 나무로 자랄 거예요.
novakid	/objects/biome/alterash/ayaka/ct_ayaka_tree.object.patch	/novakidDescription	It'll grow into a big tree if I plant it.	심으면 큰 나무로 자랄 거예요.
novakid	/objects/biome/alterash/ayaka/ct_ayaka_unona_tree.object.patch	/novakidDescription	It'll grow into a big tree if I plant it.	심으면 큰 나무로 자랄 거예요.
novakid	/objects/biome/alterash/ayaka/ct_ayaka_young_tree.object.patch	/novakidDescription	It'll grow into a big tree if I plant it.	심으면 큰 나무로 자랄 거예요.
novakid	/objects/biome/alterash/yaara/ct_yaara_crystal_node.object.patch	/novakidDescription	It'll grow into a big tree if I plant it.	심으면 큰 나무로 자랄 거예요.
novakid	/objects/biome/alterash/yaara/ct_yaara_eye_node.object.patch	/novakidDescription	It'll grow into a big tree if I plant it.	심으면 큰 나무로 자랄 거예요.
novakid	/objects/biome/alterash/yaara/ct_yaara_node.object.patch	/novakidDescription	It'll grow into a big tree if I plant it.	심으면 큰 나무로 자랄 거예요.
novakid	/objects/biome/alterash_prime/bionid/ct_tonnova_spiral_tree.object.patch	/novakidDescription	It'll grow into a big tree if I plant it.	심으면 큰 나무로 자랄 거예요.
novakid	/objects/biome/alterash_prime/bionid/ct_tonnova_tree.object.patch	/novakidDescription	It'll grow into a big tree if I plant it.	심으면 큰 나무로 자랄 거예요.
novakid	/objects/biome/alterash_prime/bionid/ct_tonnova_wide_tree.object.patch	/novakidDescription	It'll grow into a big tree if I plant it.	심으면 큰 나무로 자랄 거예요.
novakid	/objects/biome/alterash_prime/isoslime/ct_isoslime1/ct_isoslime1.object.patch	/novakidDescription	I reckon this'll come in handy for something.	뭔가 유용하게 쓰일 것 같아요.
novakid	/objects/biome/alterash_prime/isoslime/ct_isoslime3/ct_isoslime3.object.patch	/novakidDescription	I reckon this'll come in handy for something.	뭔가 유용하게 쓰일 것 같아요.
novakid	/objects/biome/alterash_prime/isoslime/ct_isoslime_blob/ct_isoslime_blob.object.patch	/novakidDescription	I reckon this'll come in handy for something.	뭔가 유용하게 쓰일 것 같아요.
novakid	/objects/biome/alterash_prime/isoslime/ct_isoslime_spawner/ct_isoslime_spawner.object.patch	/novakidDescription	I reckon this'll come in handy for something.	뭔가 유용하게 쓰일 것 같아요.
novakid	/objects/biome/alterash_prime/shrooms/ct_akollic_bulb.object.patch	/novakidDescription	It'll grow into a big tree if I plant it.	심으면 큰 나무로 자랄 거예요.
novakid	/objects/biome/alterash_prime/shrooms/ct_akollic_bulb_spots.object.patch	/novakidDescription	It'll grow into a big tree if I plant it.	심으면 큰 나무로 자랄 거예요.
novakid	/objects/biome/alterash_prime/shrooms/ct_coroplic_mutant.object.patch	/novakidDescription	It'll grow into a big tree if I plant it.	심으면 큰 나무로 자랄 거예요.
novakid	/objects/biome/alterash_prime/shrooms/ct_coroplic_mutant_giant.object.patch	/novakidDescription	It'll grow into a big tree if I plant it.	심으면 큰 나무로 자랄 거예요.
novakid	/objects/biome/alterash_prime/shrooms/ct_hyolic_growth.object.patch	/novakidDescription	It'll grow into a big tree if I plant it.	심으면 큰 나무로 자랄 거예요.
novakid	/objects/biome/alterash_prime/shrooms/ct_hyolic_growth_crystal.object.patch	/novakidDescription	It'll grow into a big tree if I plant it.	심으면 큰 나무로 자랄 거예요.
novakid	/objects/biome/alterash_prime/shrooms/ct_mooplic_shady.object.patch	/novakidDescription	It'll grow into a big tree if I plant it.	심으면 큰 나무로 자랄 거예요.
novakid	/objects/biome/alterash_prime/shrooms/ct_mooplic_shady_old.object.patch	/novakidDescription	It'll grow into a big tree if I plant it.	심으면 큰 나무로 자랄 거예요.
novakid	/objects/biome/alterash_prime/shrooms/ct_perolic_glow.object.patch	/novakidDescription	It'll grow into a big tree if I plant it.	심으면 큰 나무로 자랄 거예요.
novakid	/objects/biome/alterash_prime/shrooms/ct_perolic_glow_eyes.object.patch	/novakidDescription	It'll grow into a big tree if I plant it.	심으면 큰 나무로 자랄 거예요.
novakid	/objects/biome/alterash_prime/shrooms/ct_vyralic_twisted.object.patch	/novakidDescription	It'll grow into a big tree if I plant it.	심으면 큰 나무로 자랄 거예요.
novakid	/objects/biome/alterash_prime/shrooms/ct_vyralic_twisted_undone.object.patch	/novakidDescription	It'll grow into a big tree if I plant it.	심으면 큰 나무로 자랄 거예요.
novakid	/objects/biome/sb_eyepatch/eyedoor.object.patch	/novakidDescription	This door's keepin' an eye on me.	이 문이 저를 감시하고 있어요.
novakid	/objects/bossgate/AsraNox_BossGate/AsraNox_BossGate.object.patch	/novakidDescription	What's a door like this doin' out here?	이런 문이 왜 여기 있을까요?
novakid	/objects/bossgate/BigApe_BossGate/BigApe_BossGate.object.patch	/novakidDescription	What's a door like this doin' out here?	이런 문이 왜 여기 있을까요?
novakid	/objects/bossgate/BoneDoragon_BossGate/BoneDoragon_BossGate.object.patch	/novakidDescription	What's a door like this doin' out here?	이런 문이 왜 여기 있을까요?
novakid	/objects/bossgate/Dreadwing_BossGate/Dreadwing_BossGate.object.patch	/novakidDescription	What's a door like this doin' out here?	이런 문이 왜 여기 있을까요?
novakid	/objects/bossgate/ErchiusHorror_BossGate/ErchiusHorror_BossGate.object.patch	/novakidDescription	What's a door like this doin' out here?	이런 문이 왜 여기 있을까요?
novakid	/objects/bossgate/ErchiusHorror_Hard/ErchiusHorror_Hard.object.patch	/novakidDescription	What's a door like this doin' out here?	이런 문이 왜 여기 있을까요?
novakid	/objects/bossgate/Ixodoom_BossGate/Ixodoom_BossGate.object.patch	/novakidDescription	What's a door like this doin' out here?	이런 문이 왜 여기 있을까요?
novakid	/objects/bossgate/KluexAvatar_BossGate/KluexAvatar_BossGate.object.patch	/novakidDescription	What's a door like this doin' out here?	이런 문이 왜 여기 있을까요?
novakid	/objects/bossgate/ShockhopperMKI_BossGate/ShockhopperMKI_BossGate.object.patch	/novakidDescription	What's a door like this doin' out here?	이런 문이 왜 여기 있을까요?
novakid	/objects/bossgate/SwanSong_BossGate/SwanSong_BossGate.object.patch	/novakidDescription	What's a door like this doin' out here?	이런 문이 왜 여기 있을까요?
novakid	/objects/bossgate/TheRuin_BossGate/TheRuin_BossGate.object.patch	/novakidDescription	What's a door like this doin' out here?	이런 문이 왜 여기 있을까요?
novakid	/objects/bossgate/VaultGuardians_Electric/VaultGuardians_Electric.object.patch	/novakidDescription	What's a door like this doin' out here?	이런 문이 왜 여기 있을까요?
novakid	/objects/bossgate/VaultGuardians_Fire/VaultGuardians_Fire.object.patch	/novakidDescription	What's a door like this doin' out here?	이런 문이 왜 여기 있을까요?
novakid	/objects/bossgate/VaultGuardians_Ice/VaultGuardians_Ice.object.patch	/novakidDescription	What's a door like this doin' out here?	이런 문이 왜 여기 있을까요?
novakid	/objects/bossgate/VaultGuardians_Poison/VaultGuardians_Poison.object.patch	/novakidDescription	What's a door like this doin' out here?	이런 문이 왜 여기 있을까요?
novakid	/objects/chest/avalitrash/avalitrash.object.patch	/novakidDescription	Ain't nothin' but trash.	그냥 쓰레기일 뿐이죠.
novakid	/objects/crafting/sheilaworkshop/sheilaworkshop.object.patch	/novakidDescription	This big ol' contraption is supposed to make guns and stuff?	이 크고 오래된 장치가 총 같은 걸 만든다고요?
novakid	/objects/crafting/sheilaworkshop/sheilaworkshopnomusic.object.patch	/novakidDescription	This big ol' contraption is supposed to make guns and stuff?	이 크고 오래된 장치가 총 같은 걸 만든다고요?
novakid	/objects/cultist/cultistaltar/armok-cultistaltar.object.patch	/novakidDescription	This dark altar is eerie and unsettlin'.	이 어두운 제단은 으스스하고 불안하네요.
novakid	/objects/decorations/shellguardhatch/shellguarddoor.object.patch	/novakidDescription	A door, the type you'd find on a ship.	배에서나 볼 수 있는 문입니다.
novakid	/objects/decorations/shellguardhatch/shellguardhatch.object.patch	/novakidDescription	A hatch, the type you'd find on a ship.	배에서 볼 수 있는 해치입니다.
novakid	/objects/doublebeds/outpostdoublebed/outpostdoublebed.object.patch	/novakidDescription	Good a place as any to take a nap.	낮잠을 자기에 좋은 곳입니다.
novakid	/objects/dungeon/v-cryo/v-cryowalllight/v-cryowalllight.object.patch	/novakidDescription	A frozen flame in the wall. Doesn't make no sense to me.	벽에 박힌 얼어붙은 불꽃입니다. 내 눈엔 말이 안 되네요.
novakid	/objects/dungeon/v-voltagecity/v-dimredlight/v-dimredlight.object.patch	/novakidDescription	A dim red light.	어두운 빨간색 전등입니다.
novakid	/objects/eternalfire/fireydoor/fireydoor.object.patch	/novakidDescription	This door is a relic.	이 문은 유물이에요.
novakid	/objects/eternalfrost/cryoniastatue/cryoniastatue.object.patch	/novakidDescription	This god seems to be an interesting fella to meet.	이 신은 만날 만한 흥미로운 사람 같아요.
novakid	/objects/eternalfrost/fdimteleporter/fdimteleporter.object.patch	/novakidDescription	Not particularly a cool-lookin' entrance.	별로 멋진 입구는 아니네요.
novakid	/objects/eternalfrost/frostburnmushroom/frostburnmushroom1.object.patch	/novakidDescription	Interesting lil' guys.	흥미로운 꼬마들이네요.
novakid	/objects/eternalfrost/frostburnmushroom/frostburnmushroom2.object.patch	/novakidDescription	Interesting lil' guys.	흥미로운 꼬마들이네요.
novakid	/objects/eternalfrost/frostburnmushroom/frostburnmushroom3.object.patch	/novakidDescription	Interesting lil' guys.	흥미로운 꼬마들이네요.
novakid	/objects/eternalfrost/frostburnmushroom/frostburnmushroom4.object.patch	/novakidDescription	Interesting lil' guys.	흥미로운 꼬마들이네요.
novakid	/objects/eternalfrost/frostburnmushroom/frostburnmushroom5.object.patch	/novakidDescription	Interesting lil' guys.	흥미로운 꼬마들이네요.
novakid	/objects/eternalfrost/frostburnpearlswitch/frostburnpearlswitch.object.patch	/novakidDescription	An important-lookin' pearl that turns on if I touch it.	중요해 보이는 구슬로, 만지면 켜집니다.
novakid	/objects/eternalfrost/frostburnwalllight/frostburnwalllight.object.patch	/novakidDescription	A frozen flame in the wall. Doesn't make no sense to me.	벽에 박힌 얼어붙은 불꽃입니다. 내 눈엔 말이 안 되네요.
novakid	/objects/eternalfrost/permafrostdoor/permafrostdoor.object.patch	/novakidDescription	This door's a strange sight.	이 문은 이상한 광경이에요.
novakid	/objects/felin/felincabinet/felincabinet1.object.patch	/novakidDescription	Seems safe enough as far as unlocked storage goes.	잠기지 않은 창고라면 충분히 안전해 보입니다.
novakid	/objects/felin/felincabinet/felincabinet2.object.patch	/novakidDescription	There's a lot of space here for storin' things.	여기에는 물건을 보관할 공간이 많이 있습니다.
novakid	/objects/felin/felinfuelhatch/felinfuelhatch.object.patch	/novakidDescription	FTL fuel goes in here!	FTL 연료는 여기로 들어갑니다!
novakid	/objects/felin/felintechstation/felintechstationtier0.object.patch	/novakidDescription	Time to reboot this station so I can talk to SAIL.	SAIL과 대화할 수 있도록 이 스테이션을 재부팅할 시간입니다.
novakid	/objects/felin/felinteleporter/felinshipteleporterTier0.object.patch	/novakidDescription	Ship's teleporter. I need to power her up!	우주선의 텔레포터. 전원을 켜야겠어요!
novakid	/objects/ffs_decoration/ffs_drop_ak74/ffs_drop_ak74_d.object.patch	/novakidDescription	It's for display only.	전시용입니다.
novakid	/objects/ffs_decoration/ffs_drop_ar15_1/ffs_drop_ar15_1_d.object.patch	/novakidDescription	It's for display only.	전시용입니다.
novakid	/objects/ffs_decoration/ffs_drop_ar15dmr_1/ffs_drop_ar15dmr_1_d.object.patch	/novakidDescription	It's for display only.	전시용입니다.
novakid	/objects/ffs_decoration/ffs_drop_fm9/ffs_drop_fm9_d.object.patch	/novakidDescription	It's for display only.	전시용입니다.
novakid	/objects/ffs_decoration/ffs_drop_p119sr/ffs_drop_p119sr_d.object.patch	/novakidDescription	It's for display only.	전시용입니다.
novakid	/objects/ffs_decoration/ffs_drop_rpg7/ffs_drop_rpg7_d.object.patch	/novakidDescription	It's for display only.	전시용입니다.
novakid	/objects/ffs_decoration/ffs_drop_rpg7vl/ffs_drop_rpg7vl_d.object.patch	/novakidDescription	It's for display only.	전시용입니다.
novakid	/objects/ffs_decoration/ffs_drop_saiga_1/ffs_drop_saiga_1_d.object.patch	/novakidDescription	It's for display only.	전시용입니다.
novakid	/objects/forgotten/forgotten-breakable1_es/forgotten-breakable1_es.object.patch	/novakidDescription	Sediment rock.	퇴적암입니다.
novakid	/objects/forgotten/forgotten-breakable2_es/forgotten-breakable2_es.object.patch	/novakidDescription	Sediment rock.	퇴적암입니다.
novakid	/objects/forgotten/forgottenchest/forgottenchest.object.patch	/novakidDescription	A chest made outta rottin' goop.	썩은 끈적이로 만든 상자입니다.
novakid	/objects/generic/annihilatorteleporter/annihilatorteleporter.object.patch	/novakidDescription	An strange-lookin' transmitter	이상하게 생긴 송신기입니다
novakid	/objects/generic/sapling/v-wildsapling.object.patch	/novakidDescription	It'll grow into a big tree if I plant it.	심으면 큰 나무로 자랄 거예요.
novakid	/objects/generic/statuspod/v-statuspodentropic.object.patch	/novakidDescription	A status pod! I sure hope today's my lucky day!	상태 표시기! 오늘이 행운의 날이었으면 좋겠네요!
novakid	/objects/generic/statuspod/v-statuspodministar.object.patch	/novakidDescription	A status pod! I sure hope today's my lucky day!	상태 표시기! 오늘이 행운의 날이었으면 좋겠네요!
novakid	/objects/generic/statuspod/v-statuspodministarinverted.object.patch	/novakidDescription	A status pod! I sure hope today's my lucky day!	상태 표시기! 오늘이 행운의 날이었으면 좋겠네요!
novakid	/objects/generic/statuspod/v-statuspodtoxic.object.patch	/novakidDescription	A status pod! I sure hope today's my lucky day!	상태 표시기! 오늘이 행운의 날이었으면 좋겠네요!
novakid	/objects/generic/statuspod/v-statuspodvoltage.object.patch	/novakidDescription	A status pod! I sure hope today's my lucky day!	상태 표시기! 오늘이 행운의 날이었으면 좋겠네요!
novakid	/objects/human/vendingmachine/sb_vendingmachine.object.patch	/novakidDescription	A vendin' machine for sugary type drinks.	단 음료 자판기입니다.
novakid	/objects/knightfall/furniture/knightfall_bed/knightfall_bed.object.patch	/novakidDescription	Good a place as any to take a nap.	낮잠을 자기에 좋은 곳입니다.
novakid	/objects/knightfall/furniture/knightfall_trashcan/knightfall_trashcan.object.patch	/novakidDescription	Ain't nothin' but trash.	그냥 쓰레기일 뿐이죠.
novakid	/objects/knightfall/furniture/knightfall_trashcan2/knightfall_trashcan2.object.patch	/novakidDescription	Ain't nothin' but trash.	그냥 쓰레기일 뿐이죠.
novakid	/objects/knightfall/ship/knightfall_fuelhatch/knightfall_fuelhatch.object.patch	/novakidDescription	FTL fuel goes in here!	FTL 연료는 여기로 들어갑니다!
novakid	/objects/knightfall/ship/knightfall_techstation/knightfall_techstation.object.patch	/novakidDescription	This here station lets me talk with SAIL.	이 스테이션을 통해 SAIL과 대화할 수 있습니다.
novakid	/objects/knightfall/storage/knightfall_locker/knightfall_locker.object.patch	/novakidDescription	Just a locker, does the job I guess.	그냥 사물함이면 제 역할을 하는 것 같네요.
novakid	/objects/knightfall/teleporter/knightfall_largeteleporter/knightfall_largeteleporter.object.patch	/novakidDescription	As teleporters go, this sure is fancy lookin'!	순간이동기치고는 정말 멋지네요!
novakid	/objects/knightfall/teleporter/knightfall_lowteleporter/knightfall_lowteleporter.object.patch	/novakidDescription	As teleporters go, this sure is fancy lookin'!	순간이동기치고는 정말 멋지네요!
novakid	/objects/knightfall/teleporter/knightfall_tallteleporter/knightfall_tallteleporter.object.patch	/novakidDescription	As teleporters go, this sure is fancy lookin'!	순간이동기치고는 정말 멋지네요!
novakid	/objects/knightfall/wired/knightfall_ceilingmonitor/knightfall_ceilingmonitor.object.patch	/novakidDescription	This screen is just hangin' there.	이 화면은 그냥 멈춰 있습니다.
novakid	/objects/knightfall/wired/knightfall_monitor1/knightfall_monitor1.object.patch	/novakidDescription	This screen is just hangin' there.	이 화면은 그냥 멈춰 있습니다.
novakid	/objects/knightfall/wired/knightfall_monitor2/knightfall_monitor2.object.patch	/novakidDescription	This screen is just hangin' there.	이 화면은 그냥 멈춰 있습니다.
novakid	/objects/knightfall/wired/knightfall_monitor3/knightfall_monitor3.object.patch	/novakidDescription	This screen is just hangin' there.	이 화면은 그냥 멈춰 있습니다.
novakid	/objects/knightfall/wired/knightfall_monitor4/knightfall_monitor4.object.patch	/novakidDescription	This screen is just hangin' there.	이 화면은 그냥 멈춰 있습니다.
novakid	/objects/lawCportal_Bhideout/lawchallengeportal_Bhideout.object.patch	/novakidDescription	What's a door like this doin' out here?	이런 문이 왜 여기 있을까요?
novakid	/objects/lawPoliceSmallTeleporter_Missions/lawpoliceteleporter.object.patch	/novakidDescription	As teleporters go, this sure is fancy lookin'!	순간이동기치고는 정말 멋지네요!
novakid	/objects/lawPoliceSmallTeleporter_Missions/lawpoliceteleporterM04.object.patch	/novakidDescription	As teleporters go, this sure is fancy lookin'!	순간이동기치고는 정말 멋지네요!
novakid	/objects/lawPoliceTeleporter_Missions/lawpoliceteleporter.object.patch	/novakidDescription	As teleporters go, this sure is fancy lookin'!	순간이동기치고는 정말 멋지네요!
novakid	/objects/lawPoliceTeleporter_Players/lawpoliceteleporter.object.patch	/novakidDescription	As teleporters go, this sure is fancy lookin'!	순간이동기치고는 정말 멋지네요!
novakid	/objects/moogle/ship/moogleshipdoor/moogleshipdoor.object.patch	/novakidDescription	A door, the type you'd find on a ship.	배에서나 볼 수 있는 문입니다.
novakid	/objects/moogle/ship/moogleshipdoor/moogleshiphatch.object.patch	/novakidDescription	A hatch, the type you'd find on a ship.	배에서 볼 수 있는 해치입니다.
novakid	/objects/moogle/ship/moogleshiphatchbroken/moogleshiphatchBroken.object.patch	/novakidDescription	The door is broken, it ain't opening any time soon.	문이 고장나서 곧 열리지 않을 것입니다.
novakid	/objects/moogle/ship/moogleteleporterTier0/moogleteleporterTier0.object.patch	/novakidDescription	Ship's teleporter. I need to power her up!	우주선의 텔레포터. 전원을 켜야겠어요!
novakid	/objects/moogle/ship/tinywaystoneteleporterTier0/tinywaystoneteleporterTier0.object.patch	/novakidDescription	Ship's teleporter. I need to power her up!	우주선의 텔레포터. 전원을 켜야겠어요!
novakid	/objects/neki/nekifuelhatch/nekifuelhatch.object.patch	/novakidDescription	FTL fuel goes in here!	FTL 연료는 여기로 들어갑니다!
novakid	/objects/neki/nekishipdoor/nekishipdoor.object.patch	/novakidDescription	A door, the type you'd find on a ship.	배에서나 볼 수 있는 문입니다.
novakid	/objects/neki/nekishipdoor/nekishiphatch.object.patch	/novakidDescription	A hatch, the type you'd find on a ship.	배에서 볼 수 있는 해치입니다.
novakid	/objects/neki/nekishipdoorbroken/nekishipdoorBroken.object.patch	/novakidDescription	The door is broken, it ain't opening any time soon.	문이 고장나서 곧 열리지 않을 것입니다.
novakid	/objects/neki/nekitechstation/nekitechstation.object.patch	/novakidDescription	This here station lets me talk with SAIL.	이 스테이션을 통해 SAIL과 대화할 수 있습니다.
novakid	/objects/neki/nekitechstationTier0/nekitechstationTier0.object.patch	/novakidDescription	Time to reboot this station so I can talk to SAIL.	SAIL과 대화할 수 있도록 이 스테이션을 재부팅할 시간입니다.
novakid	/objects/nmm_mvg/other/panasonic/vieratx32lxd600.object.patch	/novakidDescription	A good ol' television. I do enjoy watching a gritty mystery unfold.	좋은 옛날 텔레비전이군요. 저는 치밀한 미스터리가 펼쳐지는 것을 보는 것을 좋아합니다.
novakid	/objects/nmm_starbound/custom/darkmedieval/darkmedievalpedestal.object.patch	/novakidDescription	A fancy lookin' display stand.	멋지게 생긴 진열대입니다.
novakid	/objects/nmm_starbound/custom/glitchfaction2/battlestandardperfect.object.patch	/novakidDescription	This flag probably means somethin' to someone.	이 깃발은 누군가에게 어떤 의미가 있을 것입니다.
novakid	/objects/nmm_starbound/custom/glitchfaction2/glitchpedestalperfect.object.patch	/novakidDescription	A fancy lookin' display stand.	멋지게 생긴 진열대입니다.
novakid	/objects/nmm_starbound/custom/hylotlteleporter/hylotlteleporter.object.patch	/novakidDescription	As teleporters go, this sure is fancy lookin'!	순간이동기치고는 정말 멋지네요!
novakid	/objects/nmm_starbound/custom/hylotlteleporter/hylotlteleporterunbreakable.object.patch	/novakidDescription	As teleporters go, this sure is fancy lookin'!	순간이동기치고는 정말 멋지네요!
novakid	/objects/nmm_starbound/custom/infinityexpress/infinitytrash.object.patch	/novakidDescription	Ain't nothin' but trash.	그냥 쓰레기일 뿐이죠.
novakid	/objects/nmm_starbound/protectorate/protectoratebooks/protectorate2books1.object.patch	/novakidDescription	Ain't a big reader, but I read these course books.	책을 많이 읽지는 않지만 이 코스 책은 읽었습니다.
novakid	/objects/nmm_starbound/protectorate/protectoratebooks/protectorate2books2.object.patch	/novakidDescription	Ain't a big reader, but I read these course books.	책을 많이 읽지는 않지만 이 코스 책은 읽었습니다.
novakid	/objects/nmm_starbound/protectorate/protectoraterooftop/protectorate2watertank.object.patch	/novakidDescription	A water tank from the Protectorate Academy.	보호국 협회의 저수조입니다.
novakid	/objects/nmm_starbound/protectorate/protectoratetable/protectorate2table.object.patch	/novakidDescription	I ain't no table enthusiast, but I guess this is a nice lookin' table.	테이블을 좋아하진 않지만 이 테이블은 멋진 것 같아요.
novakid	/objects/nmm_starbound/unofficial/um/couch.object.patch	/novakidDescription	There's such a thing as too soft.	너무 부드러운 것도 있죠.
novakid	/objects/nmm_starbound/unofficial/urban_newsstand/urban_newsstand.object.patch	/novakidDescription	No news is good news as far as I'm concerned.	제가 아는 한 좋은 뉴스는 없습니다.
novakid	/objects/nmm_themed/bitmuth/teleporter/bitmuthteleporter.object.patch	/novakidDescription	As teleporters go, this sure is fancy lookin'!	순간이동기치고는 정말 멋지네요!
novakid	/objects/nmm_themed/bitmuth/teleporter/bitmuthteleporterunbreakable.object.patch	/novakidDescription	As teleporters go, this sure is fancy lookin'!	순간이동기치고는 정말 멋지네요!
novakid	/objects/novakid/frontierbed/sexbound_frontierbed.object.patch	/novakidDescription	Now this is a bed I can really get some shut-eye in.	이제 이 침대에서 정말 푹 잘 수 있을 것 같아요.
novakid	/objects/novakid/frontierbed/sxbrothel_frontierbed.object.patch	/novakidDescription	Now this is a bed I can really get some shut-eye in.	이제 이 침대에서 정말 푹 잘 수 있을 것 같아요.
novakid	/objects/nuclearwasteland/irradiatedchest/irradiatedchest.object.patch	/novakidDescription	Seems kinda pointless to make a chest outta waste.	폐품으로 상자를 만드는 건 좀 무의미한 것 같아요.
novakid	/objects/nuclearwasteland/irradiatedtorch/irradiatedtorch.object.patch	/novakidDescription		으스스하게 생긴 횃불입니다.
novakid	/objects/omnibrowserobjectex/omnibrowserobjectex.object.patch	/novakidDescription	A good ol' television. I do enjoy watching a gritty mystery unfold.	좋은 옛날 텔레비전이군요. 저는 치밀한 미스터리가 펼쳐지는 것을 보는 것을 좋아합니다.
novakid	/objects/outpost/outpostceilingmonitor/outpostceilingmonitor.object.patch	/novakidDescription	This screen is just hangin' there.	이 화면은 그냥 멈춰 있습니다.
novakid	/objects/outpost/outpostcouch1/outpostcouch1.object.patch	/novakidDescription	There's such a thing as too soft.	너무 부드러운 것도 있죠.
novakid	/objects/outpost/outpostpersonallocker/outpostpersonallocker.object.patch	/novakidDescription	Just a locker, does the job I guess.	그냥 사물함이면 제 역할을 하는 것 같네요.
novakid	/objects/outpost/outpostreplicator/outpostreplicator.object.patch	/novakidDescription	I can make myself some great equipment using this replicator.	이 복제기를 사용해 멋진 장비를 만들 수 있습니다.
novakid	/objects/outpost/outpostsign/outpostsignmech.object.patch	/novakidDescription	Reckon this sign means there's meant to be a mech station 'round here.	이 표지판은 이 근처에 기계 스테이션이 있다는 뜻입니다.
novakid	/objects/outpost/outposttriplemonitor/outposttriplemonitor.object.patch	/novakidDescription	This screen is just hangin' there.	이 화면은 그냥 멈춰 있습니다.
novakid	/objects/power/mechanicrepairo_black/sf_mechanicrepairo_black.object.patch	/novakidDescription	He sure does look happy to be fixin' things all day.	그는 하루 종일 무언가를 고치는 것이 행복해 보입니다.
novakid	/objects/power/mechanicrepairo_brown/sf_mechanicrepairo_brown.object.patch	/novakidDescription	He sure does look happy to be fixin' things all day.	그는 하루 종일 무언가를 고치는 것이 행복해 보입니다.
novakid	/objects/power/mechanicrepairo_cherryred/sf_mechanicrepairo_cherryred.object.patch	/novakidDescription	He sure does look happy to be fixin' things all day.	그는 하루 종일 무언가를 고치는 것이 행복해 보입니다.
novakid	/objects/power/mechanicrepairo_darkgreen/sf_mechanicrepairo_darkgreen.object.patch	/novakidDescription	He sure does look happy to be fixin' things all day.	그는 하루 종일 무언가를 고치는 것이 행복해 보입니다.
novakid	/objects/power/mechanicrepairo_gold/sf_mechanicrepairo_gold.object.patch	/novakidDescription	He sure does look happy to be fixin' things all day.	그는 하루 종일 무언가를 고치는 것이 행복해 보입니다.
novakid	/objects/power/mechanicrepairo_green/sf_mechanicrepairo_green.object.patch	/novakidDescription	He sure does look happy to be fixin' things all day.	그는 하루 종일 무언가를 고치는 것이 행복해 보입니다.
novakid	/objects/power/mechanicrepairo_indigo/sf_mechanicrepairo_indigo.object.patch	/novakidDescription	He sure does look happy to be fixin' things all day.	그는 하루 종일 무언가를 고치는 것이 행복해 보입니다.
novakid	/objects/power/mechanicrepairo_lavender/sf_mechanicrepairo_lavender.object.patch	/novakidDescription	He sure does look happy to be fixin' things all day.	그는 하루 종일 무언가를 고치는 것이 행복해 보입니다.
novakid	/objects/power/mechanicrepairo_lightblue/sf_mechanicrepairo_lightblue.object.patch	/novakidDescription	He sure does look happy to be fixin' things all day.	그는 하루 종일 무언가를 고치는 것이 행복해 보입니다.
novakid	/objects/power/mechanicrepairo_lightoceaneblue/sf_mechanicrepairo_lightoceaneblue.object.patch	/novakidDescription	He sure does look happy to be fixin' things all day.	그는 하루 종일 무언가를 고치는 것이 행복해 보입니다.
novakid	/objects/power/mechanicrepairo_navyblue/sf_mechanicrepairo_navyblue.object.patch	/novakidDescription	He sure does look happy to be fixin' things all day.	그는 하루 종일 무언가를 고치는 것이 행복해 보입니다.
novakid	/objects/power/mechanicrepairo_oldpink/sf_mechanicrepairo_oldpink.object.patch	/novakidDescription	He sure does look happy to be fixin' things all day.	그는 하루 종일 무언가를 고치는 것이 행복해 보입니다.
novakid	/objects/power/mechanicrepairo_red/sf_mechanicrepairo_red.object.patch	/novakidDescription	He sure does look happy to be fixin' things all day.	그는 하루 종일 무언가를 고치는 것이 행복해 보입니다.
novakid	/objects/power/mechanicrepairo_sweetpink/sf_mechanicrepairo_sweetpink.object.patch	/novakidDescription	He sure does look happy to be fixin' things all day.	그는 하루 종일 무언가를 고치는 것이 행복해 보입니다.
novakid	/objects/power/mechanicrepairo_violet/sf_mechanicrepairo_violet.object.patch	/novakidDescription	He sure does look happy to be fixin' things all day.	그는 하루 종일 무언가를 고치는 것이 행복해 보입니다.
novakid	/objects/power/mechanicrepairo_whitegold/sf_mechanicrepairo_whitegold.object.patch	/novakidDescription	He sure does look happy to be fixin' things all day.	그는 하루 종일 무언가를 고치는 것이 행복해 보입니다.
novakid	/objects/relicdungeon/health/healingorbsocket_es/healingorbsocketinverted_es.object.patch	/novakidDescription	Looks like I need to make it have no health.	체력을 없애야 할 것 같네요.
novakid	/objects/relicdungeon/health/healthdeductorplayertrap_es/healthdeductorplayertrap_es.object.patch	/novakidDescription		일발 기적은 예쁘지 않아요.
novakid	/objects/relicdungeon/health/healthdeductortrap_es/healthdeductortrap_es.object.patch	/novakidDescription		이걸 작동 안 하게 조심해야겠어요.
novakid	/objects/relicdungeon/health/healthrelicchest_es/healthrelicchestlock_es.object.patch	/novakidDescription	Seriously? I need to get rid of my sweet healing gun to proceed?	진짜요? 진행하려면 소중한 치유 총을 버려야 해요?
novakid	/objects/relicdungeon/health/healthrelicteleporter_es/healthrelicteleporter_es.object.patch	/novakidDescription	Looks like this door is related to healing.	이 문은 치유와 관련된 것 같네요.
novakid	/objects/relicdungeon/mining/miningrelicteleporter/miningrelicteleporter.object.patch	/novakidDescription	Looks like this door is related to mining.	이 문은 채광과 관련된 것 같네요.
novakid	/objects/rimdweller/doors/rimblastdoor/rimblastdoor.object.patch	/novakidDescription	A metal blast door.	금속 방화문이네요.
novakid	/objects/saturn/ConversionsOfBaseGameWoodenObjects/saturnianEbonycabinet1/saturnianEbonycabinet1.object.patch	/novakidDescription	Seems safe enough as far as unlocked storage goes.	잠기지 않은 창고라면 충분히 안전해 보입니다.
novakid	/objects/saturn/ConversionsOfBaseGameWoodenObjects/saturnianEbonycabinet2/saturnianEbonycabinet2.object.patch	/novakidDescription	There's a lot of space here for storin' things.	여기에는 물건을 보관할 공간이 많이 있습니다.
novakid	/objects/saturn/ConversionsOfBaseGameWoodenObjects/saturnianEbonychest/saturnianEbonychest.object.patch	/novakidDescription	It's always a thrill to find an unopened chest.	개봉하지 않은 상자를 발견하는 건 언제나 짜릿한 일이죠.
novakid	/objects/saturn/ConversionsOfBaseGameWoodenObjects/saturnianEbonydesk/saturnianEbonydesk.object.patch	/novakidDescription	I ain't got time to sit around at a desk.	책상에 앉아있을 시간이 없어요.
novakid	/objects/saturn/ConversionsOfBaseGameWoodenObjects/saturnianEbonydoor/saturnianEbonydoor.object.patch	/novakidDescription	Kinda rustic lookin' but it'll do.	약간 소박해 보이지만 괜찮을 것입니다.
novakid	/objects/saturn/saturnWaspmim/saturnwaspmimcabinet1/saturnwaspmimcabinet1.object.patch	/novakidDescription	Seems safe enough as far as unlocked storage goes.	잠기지 않은 창고라면 충분히 안전해 보입니다.
novakid	/objects/saturn/saturnWaspmim/saturnwaspmimcabinet2/saturnwaspmimcabinet2.object.patch	/novakidDescription	There's a lot of space here for storin' things.	여기에는 물건을 보관할 공간이 많이 있습니다.
novakid	/objects/saturn/saturnWaspmim/saturnwaspmimchest/saturnwaspmimchest.object.patch	/novakidDescription	It's always a thrill to find an unopened chest.	개봉하지 않은 상자를 발견하는 건 언제나 짜릿한 일이죠.
novakid	/objects/saturn/saturnWaspmim/saturnwaspmimdesk/saturnwaspmimdesk.object.patch	/novakidDescription	I ain't got time to sit around at a desk.	책상에 앉아있을 시간이 없어요.
novakid	/objects/saturn/saturnWaspmim/saturnwaspmimdoor/saturnwaspmimdoor.object.patch	/novakidDescription	Kinda rustic lookin' but it'll do.	약간 소박해 보이지만 괜찮을 것입니다.
novakid	/objects/saturn/saturnianStaffCase/saturnianStaffCase.object.patch	/novakidDescription	There's a lot of space here for storin' things.	여기에는 물건을 보관할 공간이 많이 있습니다.
novakid	/objects/saturn/saturnianStaffCase/saturnwaspmimStaffCase.object.patch	/novakidDescription	There's a lot of space here for storin' things.	여기에는 물건을 보관할 공간이 많이 있습니다.
novakid	/objects/sextoylegendary/sexbound_castingcouch/sexbound_castingcouch.object.patch	/novakidDescription	There's such a thing as too soft.	너무 부드러운 것도 있죠.
novakid	/objects/sextoylegendary/sexbound_castingcouch/sexbound_enabledcastingcouch.object.patch	/novakidDescription	There's such a thing as too soft.	너무 부드러운 것도 있죠.
novakid	/objects/sgDecoGliderGoauld/sgDecoGliderGoauld.object.patch	/novakidDescription	As teleporters go, this sure is fancy lookin'!	순간이동기치고는 정말 멋지네요!
novakid	/objects/sgDecoGliderWreck/sgdecogliderwreck.object.patch	/novakidDescription	As teleporters go, this sure is fancy lookin'!	순간이동기치고는 정말 멋지네요!
novakid	/objects/sgDecoTeltakWreck/sgdecoteltakwreck.object.patch	/novakidDescription	As teleporters go, this sure is fancy lookin'!	순간이동기치고는 정말 멋지네요!
novakid	/objects/sgGoauldChallengeBaseDoorMD/sgGoauldChallengeBaseDoorMD.object.patch	/novakidDescription	What's a door like this doin' out here?	이런 문이 왜 여기 있을까요?
novakid	/objects/sgSimulacrumTeleporter/sgSimulacrumTeleporter1.object.patch	/novakidDescription	As teleporters go, this sure is fancy lookin'!	순간이동기치고는 정말 멋지네요!
novakid	/objects/sgSimulacrumTeleporter/sgSimulacrumTeleporter2.object.patch	/novakidDescription	As teleporters go, this sure is fancy lookin'!	순간이동기치고는 정말 멋지네요!
novakid	/objects/sheilaworkshop/black_furniture/black_blackarmoryportrait/black_blackarmoryportrait.object.patch	/novakidDescription	Now that's one strange lookin' piece of art work.	저건 참 이상한 예술 작품이네요.
novakid	/objects/sheilaworkshop/black_furniture/black_darksolusbladewall/black_darksolusbladewall.object.patch	/novakidDescription	Now that there is a mighty fine sword.	저건 정말 멋진 검이네요.
novakid	/objects/sheilaworkshop/black_furniture/black_fullthrottleavesmingodrinkobject/black_fullthrottleavesmingodrinkobject.object.patch	/novakidDescription	A nice fizzy can of energy drink.	톡 쏘는 에너지 드링크 한 캔입니다.
novakid	/objects/sheilaworkshop/black_furniture/black_fullthrottleboneboodrinkobject/black_fullthrottleboneboodrinkobject.object.patch	/novakidDescription	A nice fizzy can of energy drink.	톡 쏘는 에너지 드링크 한 캔입니다.
novakid	/objects/sheilaworkshop/black_furniture/black_fullthrottlegrapedrinkobject/black_fullthrottlegrapedrinkobject.object.patch	/novakidDescription	A nice fizzy can of energy drink.	톡 쏘는 에너지 드링크 한 캔입니다.
novakid	/objects/sheilaworkshop/black_furniture/black_fullthrottlekiwidrinkobject/black_fullthrottlekiwidrinkobject.object.patch	/novakidDescription	A nice fizzy can of energy drink.	톡 쏘는 에너지 드링크 한 캔입니다.
novakid	/objects/sheilaworkshop/black_furniture/black_fullthrottleneonmelondrinkobject/black_fullthrottleneonmelondrinkobject.object.patch	/novakidDescription	A nice fizzy can of energy drink.	톡 쏘는 에너지 드링크 한 캔입니다.
novakid	/objects/sheilaworkshop/black_furniture/black_fullthrottleoculemondrinkobject/black_fullthrottleoculemondrinkobject.object.patch	/novakidDescription	A nice fizzy can of energy drink.	톡 쏘는 에너지 드링크 한 캔입니다.
novakid	/objects/sheilaworkshop/black_furniture/black_fullthrottlepussplumdrinkobject/black_fullthrottlepussplumdrinkobject.object.patch	/novakidDescription	A nice fizzy can of energy drink.	톡 쏘는 에너지 드링크 한 캔입니다.
novakid	/objects/sheilaworkshop/black_furniture/black_fullthrottletoxictopdrinkobject/black_fullthrottletoxictopdrinkobject.object.patch	/novakidDescription	A nice fizzy can of energy drink.	톡 쏘는 에너지 드링크 한 캔입니다.
novakid	/objects/sheilaworkshop/black_furniture/black_holographicmarker/black_holographicmarker.object.patch	/novakidDescription	I can bookmark this here hologram for quick teleportin'.	이 홀로그램을 북마크해 빠른 순간이동을 할 수 있겠네요.
novakid	/objects/sheilaworkshop/black_furniture/black_maiahologram/black_maiahologram.object.patch	/novakidDescription	A huge hologram of some diamond-shaped doodad.	어떤 다이아몬드 모양 물건의 거대한 홀로그램입니다.
novakid	/objects/sheilaworkshop/black_furniture/black_maiapedestal/black_maiapedestal.object.patch	/novakidDescription	Now ain't that somethin'.	이거 좋은데요.
novakid	/objects/sheilaworkshop/black_furniture/black_prismadronespawner/black_prismadronespawner.object.patch	/novakidDescription	This here drone packs some serious firepower!	이 드론은 꽤 강한 화력을 자랑하네요!
novakid	/objects/sheilaworkshop/black_furniture/black_rocketdronespawner/black_rocketdronespawner.object.patch	/novakidDescription	This here drone packs some serious firepower!	이 드론은 꽤 강한 화력을 자랑하네요!
novakid	/objects/sheilaworkshop/black_furniture/black_titansteelweaponcase/black_titansteelweaponcase.object.patch	/novakidDescription	Wonder what's inside.	안에 뭐가 있을까요.
novakid	/objects/sheilaworkshop/black_furniture/black_titansteelwindturbine/black_titansteelwindturbine.object.patch	/novakidDescription	This here wind turbine looks like the ones back at the village.	여기 이 풍력 터빈은 마을 것과 비슷해 보여요.
novakid	/objects/sheilaworkshop/black_furniture/titansteelcctvcamera/titansteelcctvcamera.object.patch	/novakidDescription	This camera here is bulletproof. Ingenious.	여기 이 카메라는 방탄이에요. 기가 막혀요.
novakid	/objects/sheilaworkshop/black_furniture/titansteelflatscreen/titansteelflatscreen.object.patch	/novakidDescription	Oh, this ain't nothin'.	오, 이거 별거 아니에요.
novakid	/objects/sheilaworkshop/black_furniture/titansteellantern/titansteellantern.object.patch	/novakidDescription	It's an UV electric lantern so it won't run out of juice.	자외선 전기 랜턴이라 충전이 다할 일 없어요.
novakid	/objects/sheilaworkshop/black_furniture/titansteelmonitor/titansteelmonitor.object.patch	/novakidDescription	I can't make out anythin' 'cept a red screen.	빨간 화면 말곤 아무것도 안 보여요.
novakid	/objects/sheilaworkshop/black_furniture/titansteelteleporter/titansteelteleporter.object.patch	/novakidDescription	A teleporter built in an alien style.	외계 양식으로 지어진 텔레포터입니다.
novakid	/objects/ship/aegi/aegifuelhatch/aegifuelhatch.object.patch	/novakidDescription	FTL fuel goes in here!	FTL 연료는 여기로 들어갑니다!
novakid	/objects/ship/aegi/aegitechstation/aegitechstation.object.patch	/novakidDescription	This here station let's me talk with SAIL.	이 스테이션을 통해 SAIL과 대화할 수 있습니다.
novakid	/objects/ship/akkimari/akkimarifuelhatch/akkimarifuelhatch.object.patch	/novakidDescription	FTL fuel goes in here!	FTL 연료는 여기로 들어갑니다!
novakid	/objects/ship/akkimari/akkimaritechstation/akkimaritechstation.object.patch	/novakidDescription	This here station let's me talk with SAIL.	이 스테이션을 통해 SAIL과 대화할 수 있습니다.
novakid	/objects/ship/angelshipdoorBroken/angelshipdoorBroken.object.patch	/novakidDescription	The door is broken, it ain't opening any time soon.	문이 고장나서 곧 열리지 않을 것입니다.
novakid	/objects/ship/angeltechstation/angeltechstation.object.patch	/novakidDescription	This here station let's me talk with SAIL.	이 스테이션을 통해 SAIL과 대화할 수 있습니다.
novakid	/objects/ship/angeltechstationTier0/angeltechstationTier0.object.patch	/novakidDescription	Time to reboot this station so I can talk to SAIL.	SAIL과 대화할 수 있도록 이 스테이션을 재부팅할 시간입니다.
novakid	/objects/ship/angelteleporterTier0/angelteleporterTier0.object.patch	/novakidDescription	Ship's teleporter. I need to power her up!	우주선의 텔레포터. 전원을 켜야겠어요!
novakid	/objects/ship/arcanianshipdoorBroken/arcanianshipdoorBroken.object.patch	/novakidDescription	The door is broken, it ain't opening any time soon.	문이 고장나서 곧 열리지 않을 것입니다.
novakid	/objects/ship/arcaniantechstation/arcaniantechstation.object.patch	/novakidDescription	This here station let's me talk with SAIL.	이 스테이션을 통해 SAIL과 대화할 수 있습니다.
novakid	/objects/ship/arcaniantechstationTier0/arcaniantechstationTier0.object.patch	/novakidDescription	Time to reboot this station so I can talk to SAIL.	SAIL과 대화할 수 있도록 이 스테이션을 재부팅할 시간입니다.
novakid	/objects/ship/avalifuelhatch/avalifuelhatch.object.patch	/novakidDescription	FTL fuel goes in here!	FTL 연료는 여기로 들어갑니다!
novakid	/objects/ship/avalitechstation/avalitechstation.object.patch	/novakidDescription	This here station let's me talk with SAIL.	이 스테이션을 통해 SAIL과 대화할 수 있습니다.
novakid	/objects/ship/avalitechstationtier0/avalitechstationtier0.object.patch	/novakidDescription	Time to reboot this station so I can talk to SAIL.	SAIL과 대화할 수 있도록 이 스테이션을 재부팅할 시간입니다.
novakid	/objects/ship/avaliteleportertier0/avaliteleportertier0.object.patch	/novakidDescription	Ship's teleporter. I need to power her up!	우주선의 텔레포터. 전원을 켜야겠어요!
novakid	/objects/ship/avikan/avikanfuelhatch/avikanfuelhatch.object.patch	/novakidDescription	FTL fuel goes in here!	FTL 연료는 여기로 들어갑니다!
novakid	/objects/ship/avikan/avikantechstation/avikantechstation.object.patch	/novakidDescription	This here station let's me talk with SAIL.	이 스테이션을 통해 SAIL과 대화할 수 있습니다.
novakid	/objects/ship/giltentechstation/giltentechstation.object.patch	/novakidDescription	This here station let's me talk with SAIL.	이 스테이션을 통해 SAIL과 대화할 수 있습니다.
novakid	/objects/ship/giltentechstationTier0/giltentechstationTier0.object.patch	/novakidDescription	Time to reboot this station so I can talk to SAIL.	SAIL과 대화할 수 있도록 이 스테이션을 재부팅할 시간입니다.
novakid	/objects/ship/hayatetechstation/hayatetechstation.object.patch	/novakidDescription	This here station lets me talk with SAIL.	이 스테이션을 통해 SAIL과 대화할 수 있습니다.
novakid	/objects/ship/kitsunefuelhatch/kitsunefuelhatch.object.patch	/novakidDescription	FTL fuel goes in here!	FTL 연료는 여기로 들어갑니다!
novakid	/objects/ship/kitsunefuelhatch/kitsunefuelhatch_black.object.patch	/novakidDescription	FTL fuel goes in here!	FTL 연료는 여기로 들어갑니다!
novakid	/objects/ship/kitsunefuelhatch/kitsunefuelhatch_blue.object.patch	/novakidDescription	FTL fuel goes in here!	FTL 연료는 여기로 들어갑니다!
novakid	/objects/ship/kitsunefuelhatch/kitsunefuelhatch_brown.object.patch	/novakidDescription	FTL fuel goes in here!	FTL 연료는 여기로 들어갑니다!
novakid	/objects/ship/kitsunefuelhatch/kitsunefuelhatch_gray.object.patch	/novakidDescription	FTL fuel goes in here!	FTL 연료는 여기로 들어갑니다!
novakid	/objects/ship/kitsunefuelhatch/kitsunefuelhatch_green.object.patch	/novakidDescription	FTL fuel goes in here!	FTL 연료는 여기로 들어갑니다!
novakid	/objects/ship/kitsunefuelhatch/kitsunefuelhatch_orange.object.patch	/novakidDescription	FTL fuel goes in here!	FTL 연료는 여기로 들어갑니다!
novakid	/objects/ship/kitsunefuelhatch/kitsunefuelhatch_pink.object.patch	/novakidDescription	FTL fuel goes in here!	FTL 연료는 여기로 들어갑니다!
novakid	/objects/ship/kitsunefuelhatch/kitsunefuelhatch_purple.object.patch	/novakidDescription	FTL fuel goes in here!	FTL 연료는 여기로 들어갑니다!
novakid	/objects/ship/kitsunefuelhatch/kitsunefuelhatch_red.object.patch	/novakidDescription	FTL fuel goes in here!	FTL 연료는 여기로 들어갑니다!
novakid	/objects/ship/kitsunefuelhatch/kitsunefuelhatch_white.object.patch	/novakidDescription	FTL fuel goes in here!	FTL 연료는 여기로 들어갑니다!
novakid	/objects/ship/kitsunefuelhatch/kitsunefuelhatch_yellow.object.patch	/novakidDescription	FTL fuel goes in here!	FTL 연료는 여기로 들어갑니다!
novakid	/objects/ship/kitsuneshipdoor/kitsuneshipdoor.object.patch	/novakidDescription	A door, the type you'd find on a ship.	배에서나 볼 수 있는 문입니다.
novakid	/objects/ship/kitsuneshipdoor/kitsuneshipdoor_black.object.patch	/novakidDescription	A door, the type you'd find on a ship.	배에서나 볼 수 있는 문입니다.
novakid	/objects/ship/kitsuneshipdoor/kitsuneshipdoor_blue.object.patch	/novakidDescription	A door, the type you'd find on a ship.	배에서나 볼 수 있는 문입니다.
novakid	/objects/ship/kitsuneshipdoor/kitsuneshipdoor_brown.object.patch	/novakidDescription	A door, the type you'd find on a ship.	배에서나 볼 수 있는 문입니다.
novakid	/objects/ship/kitsuneshipdoor/kitsuneshipdoor_gray.object.patch	/novakidDescription	A door, the type you'd find on a ship.	배에서나 볼 수 있는 문입니다.
novakid	/objects/ship/kitsuneshipdoor/kitsuneshipdoor_green.object.patch	/novakidDescription	A door, the type you'd find on a ship.	배에서나 볼 수 있는 문입니다.
novakid	/objects/ship/kitsuneshipdoor/kitsuneshipdoor_orange.object.patch	/novakidDescription	A door, the type you'd find on a ship.	배에서나 볼 수 있는 문입니다.
novakid	/objects/ship/kitsuneshipdoor/kitsuneshipdoor_pink.object.patch	/novakidDescription	A door, the type you'd find on a ship.	배에서나 볼 수 있는 문입니다.
novakid	/objects/ship/kitsuneshipdoor/kitsuneshipdoor_purple.object.patch	/novakidDescription	A door, the type you'd find on a ship.	배에서나 볼 수 있는 문입니다.
novakid	/objects/ship/kitsuneshipdoor/kitsuneshipdoor_red.object.patch	/novakidDescription	A door, the type you'd find on a ship.	배에서나 볼 수 있는 문입니다.
novakid	/objects/ship/kitsuneshipdoor/kitsuneshipdoor_white.object.patch	/novakidDescription	A door, the type you'd find on a ship.	배에서나 볼 수 있는 문입니다.
novakid	/objects/ship/kitsuneshipdoor/kitsuneshipdoor_yellow.object.patch	/novakidDescription	A door, the type you'd find on a ship.	배에서나 볼 수 있는 문입니다.
novakid	/objects/ship/kitsuneshipdoor/kitsuneshiphatch.object.patch	/novakidDescription	A hatch, the type you'd find on a ship.	배에서 볼 수 있는 해치입니다.
novakid	/objects/ship/kitsuneshipdoor/kitsuneshiphatch2.object.patch	/novakidDescription	A hatch, the type you'd find on a ship.	배에서 볼 수 있는 해치입니다.
novakid	/objects/ship/kitsuneshipdoor/kitsuneshiphatch2_black.object.patch	/novakidDescription	A hatch, the type you'd find on a ship.	배에서 볼 수 있는 해치입니다.
novakid	/objects/ship/kitsuneshipdoor/kitsuneshiphatch2_blue.object.patch	/novakidDescription	A hatch, the type you'd find on a ship.	배에서 볼 수 있는 해치입니다.
novakid	/objects/ship/kitsuneshipdoor/kitsuneshiphatch2_brown.object.patch	/novakidDescription	A hatch, the type you'd find on a ship.	배에서 볼 수 있는 해치입니다.
novakid	/objects/ship/kitsuneshipdoor/kitsuneshiphatch2_gray.object.patch	/novakidDescription	A hatch, the type you'd find on a ship.	배에서 볼 수 있는 해치입니다.
novakid	/objects/ship/kitsuneshipdoor/kitsuneshiphatch2_green.object.patch	/novakidDescription	A hatch, the type you'd find on a ship.	배에서 볼 수 있는 해치입니다.
novakid	/objects/ship/kitsuneshipdoor/kitsuneshiphatch2_orange.object.patch	/novakidDescription	A hatch, the type you'd find on a ship.	배에서 볼 수 있는 해치입니다.
novakid	/objects/ship/kitsuneshipdoor/kitsuneshiphatch2_pink.object.patch	/novakidDescription	A hatch, the type you'd find on a ship.	배에서 볼 수 있는 해치입니다.
novakid	/objects/ship/kitsuneshipdoor/kitsuneshiphatch2_purple.object.patch	/novakidDescription	A hatch, the type you'd find on a ship.	배에서 볼 수 있는 해치입니다.
novakid	/objects/ship/kitsuneshipdoor/kitsuneshiphatch2_red.object.patch	/novakidDescription	A hatch, the type you'd find on a ship.	배에서 볼 수 있는 해치입니다.
novakid	/objects/ship/kitsuneshipdoor/kitsuneshiphatch2_white.object.patch	/novakidDescription	A hatch, the type you'd find on a ship.	배에서 볼 수 있는 해치입니다.
novakid	/objects/ship/kitsuneshipdoor/kitsuneshiphatch2_yellow.object.patch	/novakidDescription	A hatch, the type you'd find on a ship.	배에서 볼 수 있는 해치입니다.
novakid	/objects/ship/kitsuneshipdoor/kitsuneshiphatch_black.object.patch	/novakidDescription	A hatch, the type you'd find on a ship.	배에서 볼 수 있는 해치입니다.
novakid	/objects/ship/kitsuneshipdoor/kitsuneshiphatch_blue.object.patch	/novakidDescription	A hatch, the type you'd find on a ship.	배에서 볼 수 있는 해치입니다.
novakid	/objects/ship/kitsuneshipdoor/kitsuneshiphatch_brown.object.patch	/novakidDescription	A hatch, the type you'd find on a ship.	배에서 볼 수 있는 해치입니다.
novakid	/objects/ship/kitsuneshipdoor/kitsuneshiphatch_gray.object.patch	/novakidDescription	A hatch, the type you'd find on a ship.	배에서 볼 수 있는 해치입니다.
novakid	/objects/ship/kitsuneshipdoor/kitsuneshiphatch_green.object.patch	/novakidDescription	A hatch, the type you'd find on a ship.	배에서 볼 수 있는 해치입니다.
novakid	/objects/ship/kitsuneshipdoor/kitsuneshiphatch_orange.object.patch	/novakidDescription	A hatch, the type you'd find on a ship.	배에서 볼 수 있는 해치입니다.
novakid	/objects/ship/kitsuneshipdoor/kitsuneshiphatch_pink.object.patch	/novakidDescription	A hatch, the type you'd find on a ship.	배에서 볼 수 있는 해치입니다.
novakid	/objects/ship/kitsuneshipdoor/kitsuneshiphatch_purple.object.patch	/novakidDescription	A hatch, the type you'd find on a ship.	배에서 볼 수 있는 해치입니다.
novakid	/objects/ship/kitsuneshipdoor/kitsuneshiphatch_red.object.patch	/novakidDescription	A hatch, the type you'd find on a ship.	배에서 볼 수 있는 해치입니다.
novakid	/objects/ship/kitsuneshipdoor/kitsuneshiphatch_white.object.patch	/novakidDescription	A hatch, the type you'd find on a ship.	배에서 볼 수 있는 해치입니다.
novakid	/objects/ship/kitsuneshipdoor/kitsuneshiphatch_yellow.object.patch	/novakidDescription	A hatch, the type you'd find on a ship.	배에서 볼 수 있는 해치입니다.
novakid	/objects/ship/kitsuneshipdoorBroken/kitsuneshipdoorBroken.object.patch	/novakidDescription	The door is broken, it ain't opening any time soon.	문이 고장나서 곧 열리지 않을 것입니다.
novakid	/objects/ship/kitsunetechstation/kitsunetechstation.object.patch	/novakidDescription	This here station lets me talk with SAIL.	이 스테이션을 통해 SAIL과 대화할 수 있습니다.
novakid	/objects/ship/kitsunetechstation/kitsunetechstation_black.object.patch	/novakidDescription	This here station lets me talk with SAIL.	이 스테이션을 통해 SAIL과 대화할 수 있습니다.
novakid	/objects/ship/kitsunetechstation/kitsunetechstation_blue.object.patch	/novakidDescription	This here station lets me talk with SAIL.	이 스테이션을 통해 SAIL과 대화할 수 있습니다.
novakid	/objects/ship/kitsunetechstation/kitsunetechstation_brown.object.patch	/novakidDescription	This here station lets me talk with SAIL.	이 스테이션을 통해 SAIL과 대화할 수 있습니다.
novakid	/objects/ship/kitsunetechstation/kitsunetechstation_gray.object.patch	/novakidDescription	This here station lets me talk with SAIL.	이 스테이션을 통해 SAIL과 대화할 수 있습니다.
novakid	/objects/ship/kitsunetechstation/kitsunetechstation_green.object.patch	/novakidDescription	This here station lets me talk with SAIL.	이 스테이션을 통해 SAIL과 대화할 수 있습니다.
novakid	/objects/ship/kitsunetechstation/kitsunetechstation_orange.object.patch	/novakidDescription	This here station lets me talk with SAIL.	이 스테이션을 통해 SAIL과 대화할 수 있습니다.
novakid	/objects/ship/kitsunetechstation/kitsunetechstation_pink.object.patch	/novakidDescription	This here station lets me talk with SAIL.	이 스테이션을 통해 SAIL과 대화할 수 있습니다.
novakid	/objects/ship/kitsunetechstation/kitsunetechstation_purple.object.patch	/novakidDescription	This here station lets me talk with SAIL.	이 스테이션을 통해 SAIL과 대화할 수 있습니다.
novakid	/objects/ship/kitsunetechstation/kitsunetechstation_red.object.patch	/novakidDescription	This here station lets me talk with SAIL.	이 스테이션을 통해 SAIL과 대화할 수 있습니다.
novakid	/objects/ship/kitsunetechstation/kitsunetechstation_white.object.patch	/novakidDescription	This here station lets me talk with SAIL.	이 스테이션을 통해 SAIL과 대화할 수 있습니다.
novakid	/objects/ship/kitsunetechstation/kitsunetechstation_yellow.object.patch	/novakidDescription	This here station lets me talk with SAIL.	이 스테이션을 통해 SAIL과 대화할 수 있습니다.
novakid	/objects/ship/kitsunetechstationTier0/kitsunetechstationTier0.object.patch	/novakidDescription	Time to reboot this station so I can talk to SAIL.	SAIL과 대화할 수 있도록 이 스테이션을 재부팅할 시간입니다.
novakid	/objects/ship/kitsuneteleporterTier0/kitsuneteleporterTier0.object.patch	/novakidDescription	Ship's teleporter. I need to power her up!	우주선의 텔레포터. 전원을 켜야겠어요!
novakid	/objects/ship/lamiafuelhatch/lamiafuelhatch.object.patch	/novakidDescription	FTL fuel goes in here!	FTL 연료는 여기로 들어갑니다!
novakid	/objects/ship/lamiashipdoorBroken/lamiashipdoorBroken.object.patch	/novakidDescription	The door is broken, it ain't opening any time soon.	문이 고장나서 곧 열리지 않을 것입니다.
novakid	/objects/ship/lamiatechstation/lamiatechstation.object.patch	/novakidDescription	This here station let's me talk with SAIL.	이 스테이션을 통해 SAIL과 대화할 수 있습니다.
novakid	/objects/ship/lamiatechstationTier0/lamiatechstationTier0.object.patch	/novakidDescription	Time to reboot this station so I can talk to SAIL.	SAIL과 대화할 수 있도록 이 스테이션을 재부팅할 시간입니다.
novakid	/objects/ship/lamiateleporterTier0/lamiateleporterTier0.object.patch	/novakidDescription	Ship's teleporter. I need to power her up!	우주선의 텔레포터. 전원을 켜야겠어요!
novakid	/objects/ship/lucariofuelhatch/lucariofuelhatch.object.patch	/novakidDescription	FTL fuel goes in here!	FTL 연료는 여기로 들어갑니다!
novakid	/objects/ship/lucarioshipdoorBroken/lucarioshipdoorBroken.object.patch	/novakidDescription	The door is broken, it ain't opening any time soon.	문이 고장나서 곧 열리지 않을 것입니다.
novakid	/objects/ship/lucariotechstation/lucariotechstation.object.patch	/novakidDescription	This here station let's me talk with SAIL.	이 스테이션을 통해 SAIL과 대화할 수 있습니다.
novakid	/objects/ship/lucariotechstationTier0/lucariotechstationTier0.object.patch	/novakidDescription	Time to reboot this station so I can talk to SAIL.	SAIL과 대화할 수 있도록 이 스테이션을 재부팅할 시간입니다.
novakid	/objects/ship/lucarioteleporterTier0/lucarioteleporterTier0.object.patch	/novakidDescription	Ship's teleporter. I need to power her up!	우주선의 텔레포터. 전원을 켜야겠어요!
novakid	/objects/ship/lustlingshipdoorBroken/lustlingshipdoorBroken.object.patch	/novakidDescription	The door is broken, it ain't opening any time soon.	문이 고장나서 곧 열리지 않을 것입니다.
novakid	/objects/ship/lustlingtechstation/lustlingtechstation.object.patch	/novakidDescription	This here station let's me talk with SAIL.	이 스테이션을 통해 SAIL과 대화할 수 있습니다.
novakid	/objects/ship/lustlingtechstationTier0/lustlingtechstationTier0.object.patch	/novakidDescription	Time to reboot this station so I can talk to SAIL.	SAIL과 대화할 수 있도록 이 스테이션을 재부팅할 시간입니다.
novakid	/objects/ship/nagitechstation/nagitechstation.object.patch	/novakidDescription	This here station lets me talk with SAIL.	이 스테이션을 통해 SAIL과 대화할 수 있습니다.
novakid	/objects/ship/om_harpytechstation/om_harpytechstation.object.patch	/novakidDescription	This here station let's me talk with SAIL.	이 스테이션을 통해 SAIL과 대화할 수 있습니다.
novakid	/objects/ship/saturn2techstation/saturn2techstation.object.patch	/novakidDescription	This here station let's me talk with SAIL.	이 스테이션을 통해 SAIL과 대화할 수 있습니다.
novakid	/objects/ship/saturntechstation/saturntechstation.object.patch	/novakidDescription	This here station let's me talk with SAIL.	이 스테이션을 통해 SAIL과 대화할 수 있습니다.
novakid	/objects/ship/saturntechstationTier0/saturntechstationTier0.object.patch	/novakidDescription	Time to reboot this station so I can talk to SAIL.	SAIL과 대화할 수 있도록 이 스테이션을 재부팅할 시간입니다.
novakid	/objects/ship/spectwingshipdoorBroken/spectwingshipdoorBroken.object.patch	/novakidDescription	The door is broken, it ain't opening any time soon.	문이 고장나서 곧 열리지 않을 것입니다.
novakid	/objects/ship/spectwingtechstation/spectwingtechstation.object.patch	/novakidDescription	This here station let's me talk with SAIL.	이 스테이션을 통해 SAIL과 대화할 수 있습니다.
novakid	/objects/ship/spectwingtechstationTier0/spectwingtechstationTier0.object.patch	/novakidDescription	Time to reboot this station so I can talk to SAIL.	SAIL과 대화할 수 있도록 이 스테이션을 재부팅할 시간입니다.
novakid	/objects/ship/techstation/customtechstation.object.patch	/novakidDescription	This here station let's me talk with SAIL.	이 스테이션을 통해 SAIL과 대화할 수 있습니다.
novakid	/objects/ship/trink/trinkfuelhatch/trinkfuelhatch.object.patch	/novakidDescription	FTL fuel goes in here!	FTL 연료는 여기로 들어갑니다!
novakid	/objects/ship/trink/trinktechstation/trinktechstation.object.patch	/novakidDescription	This here station let's me talk with SAIL.	이 스테이션을 통해 SAIL과 대화할 수 있습니다.
novakid	/objects/ship/woofieshipdoorBroken/woofieshipdoorBroken.object.patch	/novakidDescription	The door is broken, it ain't opening any time soon.	문이 고장나서 곧 열리지 않을 것입니다.
novakid	/objects/ship/woofietechstation/woofietechstation.object.patch	/novakidDescription	This here station let's me talk with SAIL.	이 스테이션을 통해 SAIL과 대화할 수 있습니다.
novakid	/objects/ship/woofietechstationTier0/woofietechstationTier0.object.patch	/novakidDescription	Time to reboot this station so I can talk to SAIL.	SAIL과 대화할 수 있도록 이 스테이션을 재부팅할 시간입니다.
novakid	/objects/syndicate/furniture/syndicate_bed/syndicate_bed.object.patch	/novakidDescription	Good a place as any to take a nap.	낮잠을 자기에 좋은 곳입니다.
novakid	/objects/syndicate/wired/syndicate_ceilingmonitor/syndicate_ceilingmonitor.object.patch	/novakidDescription	This screen is just hangin' there.	이 화면은 그냥 멈춰 있습니다.
novakid	/objects/telebrium/telebriumchestlarge.object.patch	/novakidDescription	It's mighty fancy.	엄청나게 화려합니다.
novakid	/objects/telebrium/telebriumchestsmall.object.patch	/novakidDescription	It's mighty fancy.	엄청나게 화려합니다.
novakid	/objects/telebrium/telebriumcouch/telebriumcouch.object.patch	/novakidDescription	It's mighty fancy.	엄청나게 화려합니다.
novakid	/objects/telebrium/telebriumdesk.object.patch	/novakidDescription	It's mighty fancy.	엄청나게 화려합니다.
novakid	/objects/telebrium/telebriumdesklamp/telebriumdesklamp.object.patch	/novakidDescription	It's mighty fancy.	엄청나게 화려합니다.
novakid	/objects/telebrium/telebriumdrawers.object.patch	/novakidDescription	It's mighty fancy.	엄청나게 화려합니다.
novakid	/objects/telebrium/telebriumendtable.object.patch	/novakidDescription	It's mighty fancy.	엄청나게 화려합니다.
novakid	/objects/telebrium/telebriumfridge.object.patch	/novakidDescription	It's mighty fancy.	엄청나게 화려합니다.
novakid	/objects/telebrium/telebriumlamp.object.patch	/novakidDescription	It's mighty fancy.	엄청나게 화려합니다.
novakid	/objects/telebrium/telebriumminifridge.object.patch	/novakidDescription	It's mighty fancy.	엄청나게 화려합니다.
novakid	/objects/telebrium/telebriumnightstand.object.patch	/novakidDescription	It's mighty fancy.	엄청나게 화려합니다.
novakid	/objects/telebrium/telebriumstool.object.patch	/novakidDescription	It's mighty fancy.	엄청나게 화려합니다.
novakid	/objects/telebrium/telebriumtable.object.patch	/novakidDescription	It's mighty fancy.	엄청나게 화려합니다.
novakid	/objects/telebrium/telebriumwalllamp/telebriumwalllamp.object.patch	/novakidDescription	It's mighty fancy.	엄청나게 화려합니다.
novakid	/objects/teleporter/2stopteleporter/2stopteleporter.object.patch	/novakidDescription	As teleporters go, this sure is fancy lookin'!	순간이동기치고는 정말 멋지네요!
novakid	/objects/teleporter/akkimarilowteleporter/akkimarilowteleporter.object.patch	/novakidDescription	A teleporter built in an alien style.	외계 양식으로 지어진 텔레포터입니다.
novakid	/objects/teleporter/alliancelowteleporter/alliancelowteleporter.object.patch	/novakidDescription	A teleporter built in an alien style.	외계 양식으로 지어진 텔레포터입니다.
novakid	/objects/teleporter/alliancetallteleporter/alliancetallteleporter.object.patch	/novakidDescription	A teleporter built in an alien style.	외계 양식으로 지어진 텔레포터입니다.
novakid	/objects/teleporter/ancientteleporter/ancientteleporter.object.patch	/novakidDescription	As teleporters go, this sure is fancy lookin'!	순간이동기치고는 정말 멋지네요!
novakid	/objects/teleporter/apexshipteleporter/apexshipteleporter.object.patch	/novakidDescription	As teleporters go, this sure is fancy lookin'!	순간이동기치고는 정말 멋지네요!
novakid	/objects/teleporter/astroteleporter1/astroteleporter1.object.patch	/novakidDescription	As teleporters go, this sure is fancy lookin'!	순간이동기치고는 정말 멋지네요!
novakid	/objects/teleporter/atprk_corporateteleporter/atprk_corporateteleporter.object.patch	/novakidDescription	As teleporters go, this sure is fancy lookin'!	순간이동기치고는 정말 멋지네요!
novakid	/objects/teleporter/atprk_crystallineteleporter/atprk_crystallineteleporter.object.patch	/novakidDescription	As teleporters go, this sure is fancy lookin'!	순간이동기치고는 정말 멋지네요!
novakid	/objects/teleporter/atprk_krakothteleporter/atprk_krakothteleporter.object.patch	/novakidDescription	As teleporters go, this sure is fancy lookin'!	순간이동기치고는 정말 멋지네요!
novakid	/objects/teleporter/atprk_overgrownteleporter/atprk_overgrownteleporter.object.patch	/novakidDescription	As teleporters go, this sure is fancy lookin'!	순간이동기치고는 정말 멋지네요!
novakid	/objects/teleporter/atprk_relicseekerhqteleporterunique/atprk_relicseekerhqteleporterunique.object.patch	/novakidDescription	As teleporters go, this sure is fancy lookin'!	순간이동기치고는 정말 멋지네요!
novakid	/objects/teleporter/avaliteleporter_1/avaliteleporter_1.object.patch	/novakidDescription	As teleporters go, this sure is fancy lookin'!	순간이동기치고는 정말 멋지네요!
novakid	/objects/teleporter/avaliteleporter_2/avaliteleporter_2.object.patch	/novakidDescription	What's a door like this doin' out here?	이런 문이 왜 여기 있을까요?
novakid	/objects/teleporter/avianshipteleporter/avianshipteleporter.object.patch	/novakidDescription	As teleporters go, this sure is fancy lookin'!	순간이동기치고는 정말 멋지네요!
novakid	/objects/teleporter/avikanlowteleporter/avikanlowteleporter.object.patch	/novakidDescription	A teleporter built in an alien style.	외계 양식으로 지어진 텔레포터입니다.
novakid	/objects/teleporter/avikantallteleporter/avikantallteleporter.object.patch	/novakidDescription	A teleporter built in an alien style.	외계 양식으로 지어진 텔레포터입니다.
novakid	/objects/teleporter/bigancientteleporter/bigancientteleporter.object.patch	/novakidDescription	As teleporters go, this sure is fancy lookin'!	순간이동기치고는 정말 멋지네요!
novakid	/objects/teleporter/bigoutpostteleporter/anom_bigoutpostteleporter_main.object.patch	/novakidDescription	As teleporters go, this sure is fancy lookin'!	순간이동기치고는 정말 멋지네요!
novakid	/objects/teleporter/bigoutpostteleporter/bigoutpostteleporter.object.patch	/novakidDescription	As teleporters go, this sure is fancy lookin'!	순간이동기치고는 정말 멋지네요!
novakid	/objects/teleporter/black2steleporter/black2steleporter.object.patch	/novakidDescription	As teleporters go, this sure is fancy lookin'!	순간이동기치고는 정말 멋지네요!
novakid	/objects/teleporter/centensianmidteleporter/centensianmidteleporter.object.patch	/novakidDescription	A teleporter built in an alien style.	외계 양식으로 지어진 텔레포터입니다.
novakid	/objects/teleporter/centensianteleporter/centensianteleporter.object.patch	/novakidDescription	A teleporter built in an alien style.	외계 양식으로 지어진 텔레포터입니다.
novakid	/objects/teleporter/chainedglitchteleporter/chainedglitchteleporter.object.patch	/novakidDescription	As teleporters go, this sure is fancy lookin'!	순간이동기치고는 정말 멋지네요!
novakid	/objects/teleporter/eorzianaetherytelarge/eorzianaetherytelarge.object.patch	/novakidDescription	As teleporters go, this sure is fancy lookin'!	순간이동기치고는 정말 멋지네요!
novakid	/objects/teleporter/eorzianteleporter/eorzianteleporter.object.patch	/novakidDescription	As teleporters go, this sure is fancy lookin'!	순간이동기치고는 정말 멋지네요!
novakid	/objects/teleporter/floranshipteleporter/floranshipteleporter.object.patch	/novakidDescription	As teleporters go, this sure is fancy lookin'!	순간이동기치고는 정말 멋지네요!
novakid	/objects/teleporter/genericsmallteleporter/genericsmallteleporter.object.patch	/novakidDescription	As teleporters go, this sure is fancy lookin'!	순간이동기치고는 정말 멋지네요!
novakid	/objects/teleporter/genericteleporter1/genericteleporter1.object.patch	/novakidDescription	As teleporters go, this sure is fancy lookin'!	순간이동기치고는 정말 멋지네요!
novakid	/objects/teleporter/glitchshipteleporter/glitchshipteleporter.object.patch	/novakidDescription	As teleporters go, this sure is fancy lookin'!	순간이동기치고는 정말 멋지네요!
novakid	/objects/teleporter/hoverporter/hoverporter.object.patch	/novakidDescription	As teleporters go, this sure is fancy lookin'!	순간이동기치고는 정말 멋지네요!
novakid	/objects/teleporter/humanshipteleporter/humanshipteleporter.object.patch	/novakidDescription	As teleporters go, this sure is fancy lookin'!	순간이동기치고는 정말 멋지네요!
novakid	/objects/teleporter/hylotlshipteleporter/hylotlshipteleporter.object.patch	/novakidDescription	As teleporters go, this sure is fancy lookin'!	순간이동기치고는 정말 멋지네요!
novakid	/objects/teleporter/industrialteleporter1/industrialteleporter1.object.patch	/novakidDescription	As teleporters go, this sure is fancy lookin'!	순간이동기치고는 정말 멋지네요!
novakid	/objects/teleporter/novakidshipteleporter/novakidshipteleporter.object.patch	/novakidDescription	As teleporters go, this sure is fancy lookin'!	순간이동기치고는 정말 멋지네요!
novakid	/objects/teleporter/om_starryteleporter1/om_starryteleporter1.object.patch	/novakidDescription	As teleporters go, this sure is fancy lookin'!	순간이동기치고는 정말 멋지네요!
novakid	/objects/teleporter/outpostradarteleporter/outpostradarteleporter.object.patch	/novakidDescription	As teleporters go, this sure is fancy lookin'!	순간이동기치고는 정말 멋지네요!
novakid	/objects/teleporter/peacekeeperteleporter/r-peacekeeperteleporter.object.patch	/novakidDescription	As teleporters go, this sure is fancy lookin'!	순간이동기치고는 정말 멋지네요!
novakid	/objects/teleporter/protectorateteleporter/protectorateteleporter.object.patch	/novakidDescription	As teleporters go, this sure is fancy lookin'!	순간이동기치고는 정말 멋지네요!
novakid	/objects/teleporter/radarteleporter/radarteleporter.object.patch	/novakidDescription	As teleporters go, this sure is fancy lookin'!	순간이동기치고는 정말 멋지네요!
novakid	/objects/teleporter/spacestationteleporter1/spacestationteleporter1.object.patch	/novakidDescription	As teleporters go, this sure is fancy lookin'!	순간이동기치고는 정말 멋지네요!
novakid	/objects/teleporter/starforgeteleporter/starforgeteleporter.object.patch	/novakidDescription	As teleporters go, this sure is fancy lookin'!	순간이동기치고는 정말 멋지네요!
novakid	/objects/teleporter/supervoidteleporter/supervoidteleporter2.object.patch	/novakidDescription	Destroyin' this thing will be less of a chore.	이걸 부수는 건 덜 귀찮을 거예요.
novakid	/objects/teleporter/teleshopteleporter/teleshopteleporter.object.patch	/novakidDescription	As teleporters go, this sure is fancy lookin'!	순간이동기치고는 정말 멋지네요!
novakid	/objects/teleporter/trinklowteleporter/trinklowteleporter.object.patch	/novakidDescription	A teleporter built in an alien style.	외계 양식으로 지어진 텔레포터입니다.
novakid	/objects/teleporter/trinktallteleporter/trinktallteleporter.object.patch	/novakidDescription	A teleporter built in an alien style.	외계 양식으로 지어진 텔레포터입니다.
novakid	/objects/teleporter/uscmteleporter1/uscmteleporter1.object.patch	/novakidDescription	As teleporters go, this sure is fancy lookin'!	순간이동기치고는 정말 멋지네요!
novakid	/objects/teleporter/white2steleporter/white2steleporter.object.patch	/novakidDescription	As teleporters go, this sure is fancy lookin'!	순간이동기치고는 정말 멋지네요!
novakid	/objects/teleporter/wooden2steleporter/wooden2steleporter.object.patch	/novakidDescription	As teleporters go, this sure is fancy lookin'!	순간이동기치고는 정말 멋지네요!
novakid	/objects/trap/sgancientflametrap/ancientflametrap.object.patch	/novakidDescription	Simple yet deadly. My favourite kind.	단순하지만 치명적이죠. 제가 가장 좋아하는 종류입니다.
novakid	/objects/traps/fallingicicletrap_es/fallingicicletrap_es.object.patch	/novakidDescription		저 밑에 서지 않는 게 좋겠네요.
novakid	/objects/traps/icespiketrap_es/icespiketrap_es.object.patch	/novakidDescription		거대한 얼음 가시입니다. 험상궂게 생긴 함정이네요.
novakid	/objects/viera/bathroom/vierabath/vierabath.object.patch	/novakidDescription	I do enjoy a hot bath every once in a while.	가끔씩 뜨거운 목욕을 즐기기도 하죠.
novakid	/objects/viera/bathroom/vierabath2/vierabath2.object.patch	/novakidDescription	I do enjoy a hot bath every once in a while.	가끔씩 뜨거운 목욕을 즐기기도 하죠.
novakid	/objects/viera/clutter/viera-basket3/vierabasket3.object.patch	/novakidDescription	What could be inside?	안에 뭐가 있을까요?
novakid	/objects/viera/clutter/viera-forestchest1/vieraforestchest1.object.patch	/novakidDescription	What could be inside?	안에 뭐가 있을까요?
novakid	/objects/viera/crafting/upgradeablecraftingobjects/vieraanvil/vieracraftinganvil.object.patch	/upgradeStages/1/itemSpawnParameters/novakidDescription	This forge will come in handy for creatin' equipment out of metal.	이 대장간은 금속으로 장비를 만들 때 유용하게 쓰일 거예요.
novakid	/objects/viera/crafting/upgradeablecraftingobjects/vieraanvil/vieracraftinganvil.object.patch	/upgradeStages/2/itemSpawnParameters/novakidDescription	I can make myself some great equipment using this replicator.	이 복제기를 사용해 멋진 장비를 만들 수 있습니다.
novakid	/objects/viera/kitchen/vieracabinet1/vieracabinet1.object.patch	/novakidDescription	Seems safe enough as far as unlocked storage goes.	잠기지 않은 창고라면 충분히 안전해 보입니다.
novakid	/objects/viera/kitchen/vieracabinet2/vieracabinet2.object.patch	/novakidDescription	Seems safe enough as far as unlocked storage goes.	잠기지 않은 창고라면 충분히 안전해 보입니다.
novakid	/objects/viera/ship/vierashipdoor/vierashipdoor.object.patch	/novakidDescription	A door, the type you'd find on a ship.	배에서나 볼 수 있는 문입니다.
novakid	/objects/viera/ship/vierashipdoor/vierashiphatch.object.patch	/novakidDescription	A hatch, the type you'd find on a ship.	배에서 볼 수 있는 해치입니다.
novakid	/objects/viera/ship/vierashipdoorbroken/vierashiphatchBroken.object.patch	/novakidDescription	The door is broken, it ain't opening any time soon.	문이 고장나서 곧 열리지 않을 것입니다.
novakid	/objects/viera/ship/vierashipendtable/vierashipendtable.object.patch	/novakidDescription	Just an end table.	그냥 협탁입니다.
novakid	/objects/viera/ship/vierashipparts/fu_ftldrive/fu_vieraftldrive/fu_vieraftldrivemk1a.object.patch	/novakidDescription	A larger faster'n 'light drive, boostin' my ship's performance.	더 크고 가벼운 드라이브, 우주선의 성능을 높여줍니다.
novakid	/objects/viera/ship/vierashipparts/fu_ftldrive/fu_vieraftldrive/fu_vieraftldrivemk2a.object.patch	/novakidDescription	A larger faster'n 'light drive, boostin' my ship's performance.	더 크고 가벼운 드라이브, 우주선의 성능을 높여줍니다.
novakid	/objects/viera/ship/vierashipparts/fu_ftldrive/fu_vieraftldrive/fu_vieraftldrivemk3a.object.patch	/novakidDescription	A larger faster'n 'light drive, boostin' my ship's performance.	더 크고 가벼운 드라이브, 우주선의 성능을 높여줍니다.
novakid	/objects/viera/ship/vieratechstationTier0/vieratechstationTier0.object.patch	/novakidDescription	Time to reboot this station so I can talk to SAIL.	SAIL과 대화할 수 있도록 이 스테이션을 재부팅할 시간입니다.
novakid	/objects/viera/ship/vierateleporterTier0/vierateleporterTier0.object.patch	/novakidDescription	Ship's teleporter. I need to power her up!	우주선의 텔레포터. 전원을 켜야겠어요!
novakid	/objects/viera/teleporter/magicite/magicitevillageteleporter.object.patch	/novakidDescription	As teleporters go, this sure is fancy lookin'!	순간이동기치고는 정말 멋지네요!
novakid	/objects/viera/vieraendtable/endtable.object.patch	/novakidDescription	Just an end table.	그냥 협탁입니다.
novakid	/objects/voltage/sandrock1/sandrock1.object.patch	/novakidDescription	Sediment rock.	퇴적암입니다.
novakid	/objects/voltage/sandrock2/sandrock2.object.patch	/novakidDescription	Sediment rock.	퇴적암입니다.
novakid	/objects/voltage/sandrock3/sandrock3.object.patch	/novakidDescription	Sediment rock.	퇴적암입니다.
novakid	/objects/voltage/sandrock4/sandrock4.object.patch	/novakidDescription	Sediment rock.	퇴적암입니다.
novakid	/objects/voltage/sandrock5/sandrock5.object.patch	/novakidDescription	Sediment rock.	퇴적암입니다.
novakid	/objects/woofie/woofiewoodendesk/woofiewoodendesk.object.patch	/novakidDescription	I ain't got time to sit around at a desk.	책상에 앉아있을 시간이 없어요.
