[Info] Root: Preparing Root...
[Info] Root: Done preparing Root.
[Info] Root: Scanning for asset sources in directory '..\assets\'
[Info] Root: Loaded Configuration in 0.0003242 seconds
[Info] Root: Scanning for asset sources in directory '..\mods\'
[Warn] Root: Unrecognized file in asset directory 'contents_2066322624.pak.disabled', skipping
[Warn] Root: Unrecognized file in asset directory 'contents_3263195939.pak.disabled', skipping
[Warn] Root: Unrecognized file in asset directory 'cuteshoggoths_2485434735.pak.disabled', skipping
[Warn] Root: Overriding duplicate asset source '..\mods\deployed-cur.pak' named 'female_translation' with higher or equal priority source '..\mods\female_translation.pak
[Warn] Root: Unrecognized file in asset directory 'female_translation.pak.bak-20260928-prebatch1718', skipping
[Warn] Root: Unrecognized file in asset directory 'female_translation.pak.bak-20260928-prebatch19', skipping
[Warn] Root: Unrecognized file in asset directory 'female_translation.pak.bak-20260928-preglossarybatch14', skipping
[Warn] Root: Unrecognized file in asset directory 'female_translation.pak.bak-20260928-preglossarybatch15', skipping
[Warn] Root: Unrecognized file in asset directory 'female_translation.pak.bak-20260928-preglossarybatch16', skipping
[Warn] Root: Unrecognized file in asset directory 'female_translation.pak.bak-20260929-preaegifix', skipping
[Warn] Root: Unrecognized file in asset directory 'female_translation.pak.bak-20260929-prebatch20', skipping
[Warn] Root: Unrecognized file in asset directory 'female_translation.pak.bak-20260929-prebatch21', skipping
[Warn] Root: Unrecognized file in asset directory 'female_translation.pak.bak-20260929-prebatch21b', skipping
[Warn] Root: Unrecognized file in asset directory 'female_translation.pak.bak-20260929-prebatch34', skipping
[Warn] Root: Unrecognized file in asset directory 'female_translation.pak.bak-20260929-precustomglossaryfix', skipping
[Warn] Root: Unrecognized file in asset directory 'female_translation.pak.bak-20260929-prenormalize', skipping
[Warn] Root: Unrecognized file in asset directory 'female_translation.pak.bak-20260929-preterrene-normalize', skipping
[Warn] Root: Unrecognized file in asset directory 'female_translation.pak.deployed-bak', skipping
[Warn] Root: Unrecognized file in asset directory 'mods_go_here', skipping
[Info] Root: Detected asset source named 'base' at '..\assets\packed.pak'
[Info] Root: Detected unnamed asset source at '..\mods\Patch_Project_contents_1543219534.pak'
[Info] Root: Detected asset source named 'opensb_base' at '..\assets\opensb.pak'
[Info] Root: Detected asset source named 'sbkor' at '..\mods\-9998_trans_sbkor_0.98_structfix.pak'
[Info] Root: Detected asset source named 'Futara's Dragon Engine' at '..\mods\999998000_futara_engine_contents_2297133082.pak'
[Info] Root: Detected asset source named 'Parallax Compression' at '..\mods\-9992_Parallax_fps_contents_885877773.pak'
[Info] Root: Detected asset source named 'No Sandstorm Particles' at '..\mods\-9991_No_Sandstorm_contents1257128625.pak'
[Info] Root: Detected asset source named 'nomidnightparticles' at '..\mods\-9991_no_duststorm_midnight_contents_1247812383.pak'
[Info] Root: Detected asset source named 'no_more_blockfalling' at '..\mods\-9991_weater_no_black_fall_contents_2755456682.pak'
[Info] Root: Detected asset source named 'StardustLib' at '..\mods\Stardust_Core_contents_764887546.pak'
[Info] Root: Detected asset source named 'Elithian_Races_Mod' at '..\mods\-9700_Elithian_contents_850109963.pak'
[Info] Root: Detected asset source named 'XS Mechs : Modular Edition (BETA)' at '..\mods\contents_945707062.pak'
[Info] Root: Detected asset source named 'xsmm_weapons' at '..\mods\contents_958539829.pak'
[Info] Root: Detected asset source named 'rentek_armorAdapt' at '..\mods\contents_2601606862.pak'
[Info] Root: Detected asset source named 'saturnians' at '..\mods\Saturnians_contents_1103027918.pak'
[Info] Root: Detected asset source named 'mkiotntworkshop' at '..\mods\contents_1371648124.pak'
[Info] Root: Detected asset source named 'kitsunerace' at '..\mods\contents_1396610566.pak'
[Info] Root: Detected asset source named 'lucario' at '..\mods\contents_1356955138.pak'
[Info] Root: Detected asset source named 'scriptedail' at '..\mods\contents_947429656.pak'
[Info] Root: Detected asset source named 'Extended Story' at '..\mods\Extended_Story_contents_899795176.pak'
[Info] Root: Detected asset source named 'PlayableCatsRedux' at '..\mods\contents_1300828186.pak'
[Info] Root: Detected asset source named 'WIP: The Viera of Ivalice' at '..\mods\ffxiv_viera_contents_732276079.pak'
[Info] Root: Detected asset source named 'Felins' at '..\mods\Felin_contents_729429063.pak'
[Info] Root: Detected asset source named 'lamia' at '..\mods\contents_779096734.pak'
[Info] Root: Detected asset source named 'Make the Lamia a cuter race' at '..\mods\contents_851781339.pak'
[Info] Root: Detected asset source named 'bk3k_inventory' at '..\mods\contents_882900100.pak'
[Info] Root: Detected asset source named 'FrackinUniverse' at '..\mods\FrackinUniverse_contents_729480149.pak'
[Info] Root: Detected asset source named 'Avali' at '..\mods\trans+Avali_contents_729558042.pak'
[Info] Root: Detected asset source named 'MorePlanetInfo' at '..\mods\More_Planet_Info_contents_1117007107.pak'
[Info] Root: Detected asset source named 'The Ironsides' at '..\mods\contents_2177711780.pak'
[Info] Root: Detected asset source named 'bookstore' at '..\mods\Bookstore_contents_1108897518.pak'
[Info] Root: Detected asset source named 'BookOfSpirits' at '..\mods\Book_of_Spirits_2.0_compat.pak'
[Info] Root: Detected asset source named 'Garden Planet fix' at '..\mods\contents_1761193918.pak'
[Info] Root: Detected asset source named 'fl_planetsearch' at '..\mods\contents_3269792617.pak'
[Info] Root: Detected asset source named 'Shuttlecraft' at '..\mods\contents_1102394541.pak'
[Info] Root: Detected asset source named 'Project Redemption' at '..\mods\Project_Redemption_12.3_FU_SBKor_compat.pak'
[Info] Root: Detected asset source named 'ProjectRedemptionPeacekeeperBlocker' at '..\mods\UnderstaffedPeacekeepers_contents_3133450581.pak'
[Info] Root: Detected asset source named 'pat_crazyring' at '..\mods\contents_3270016569.pak'
[Info] Root: Detected asset source named 'radio_Meteion_holo' at '..\mods\-9800_radio_Meteion_holo'
[Info] Root: Detected asset source named 'nmm_vttp' at '..\mods\contents_3242163103.pak'
[Info] Root: Detected asset source named 'QuestManagerOptimizerFU' at '..\mods\-9000_Quest Manager Optimizer (FU)_contents_2914217512.pak'
[Info] Root: Detected asset source named 'mechcompatcore' at '..\mods\mechcore_contents_3371002682.pak'
[Info] Root: Detected asset source named 'monstercompatcore' at '..\mods\Monster_Core_contents_2442860690.pak'
[Info] Root: Detected asset source named 'FrackinUniverseRadioPopupRestoration' at '..\mods\-8900_fu_blackradio_contents_2780671377.pak'
[Info] Root: Detected asset source named 'EES' at '..\mods\-7000_EEs_contents_1790667104.pak'
[Info] Root: Detected asset source named 'Futara's Dragon Pixel Full Bright Shader' at '..\mods\Futara_Shader_contents_2422986190.pak'
[Info] Root: Detected asset source named 'FFS' at '..\mods\-2500_trans+FFS_Feast_of_Fire_and_Smoke_heal_fix.pak'
[Info] Root: Detected asset source named 'zcrab_ermcodextabremover' at '..\mods\contents_2870027331.pak'
[Info] Root: Detected asset source named 'Galaxy_in_Conflict' at '..\mods\Galaxy_in_Conflict_contents_2754886445.pak'
[Info] Root: Detected asset source named 'Starbound Optimizer' at '..\mods\-8999_Optimizer_contents_2777369762.pak'
[Info] Root: Detected asset source named 'gic_4_3_local_compat_fixes' at '..\mods\gic_4_3_compat_fixes'
[Info] Root: Detected asset source named 'More Teleportz' at '..\mods\More_Teleportz_contents_1543782525.pak'
[Info] Root: Detected asset source named 'More Outpost Objects' at '..\mods\More_Outpost_contents_1635522739.pak'
[Info] Root: Detected asset source named 'AnomsOutpostOverhual' at '..\mods\contents_2468903056.pak'
[Info] Root: Detected asset source named 'sexbound_relayer' at '..\mods\SxB-Relayer09.pak'
[Info] Root: Detected asset source named 'lox_sexbound' at '..\mods\sexbound-reborn-1.2_r3h2.pak'
[Info] Root: Detected asset source named 'sexbound_config' at '..\mods\sexbound-reborn-config'
[Info] Root: Detected asset source named 'Extended GUI' at '..\mods\contents_729426797.pak'
[Info] Root: Detected asset source named 'Interactable Apex Pod' at '..\mods\useapexpod_v1.6_860578021.pak'
[Info] Root: Detected asset source named 'ikn_furnishing' at '..\mods\contents_1417364378.pak'
[Info] Root: Detected asset source named 'Arcana' at '..\mods\contents_2359135864.pak'
[Info] Root: Detected asset source named 'OmDivinePlanet' at '..\mods\om_Divine_Planet_contents_2548371664.pak'
[Info] Root: Detected asset source named 'Enhanced Storage' at '..\mods\Enhanced_Storage_contents_731220462.pak'
[Info] Root: Detected asset source named 'precursorracekrakoth' at '..\mods\contents_2604255131.pak'
[Info] Root: Detected asset source named 'OmGrasslandPlanet' at '..\mods\contents_2582440502.pak'
[Info] Root: Detected asset source named 'HellishPlanet' at '..\mods\contents_2022935092.pak'
[Info] Root: Detected asset source named 'StarryPlanet' at '..\mods\Starry_Planets_contents_2157200368.pak'
[Info] Root: Detected asset source named 'The Angels of Starbound' at '..\mods\-1000_angel_contents_1686520464.pak'
[Info] Root: Detected asset source named 'OmFalseHarpyRace' at '..\mods\contents_2659254416.pak'
[Info] Root: Detected asset source named 'OmRaceTraits' at '..\mods\racetrait_contents_2622273194.pak'
[Info] Root: Detected asset source named 'Usable Bathtubs' at '..\mods\usebathtubs_v1.3_862287085.pak'
[Info] Root: Detected asset source named 'Neki' at '..\mods\contents_2611501999.pak'
[Info] Root: Detected asset source named 'NekiSxB' at '..\mods\sxb_NekiSxB.pak'
[Info] Root: Detected asset source named 'NekiFloofSxB' at '..\mods\sxb_NekiFloofSxB.pak'
[Info] Root: Detected asset source named 'Lox_AphroditesBow' at '..\mods\-60_sxb_Lox_AphroditesBow.pak'
[Info] Root: Detected asset source named 'galaxy_in_conflict_coreasset_reverter_space' at '..\mods\galaxy_in_conflict_coreasset_reverter_space'
[Info] Root: Detected asset source named 'galaxy_in_conflict_coreasset_reverter_crafting' at '..\mods\galaxy_in_conflict_coreasset_reverter_crafting'
[Info] Root: Detected asset source named 'many_tabs1' at '..\mods\contents_1119086325.pak'
[Info] Root: Detected asset source named 'more_ouch_noises' at '..\mods\contents_2966549181.pak'
[Info] Root: Detected asset source named 'FFS_dungeons' at '..\mods\FFS_Dungeons_contents_2124858525.pak'
[Info] Root: Detected asset source named 'FFSE---Expanded weapons for FFS' at '..\mods\FFS--Rylasasin Edition_contents_2312074020.pak'
[Info] Root: Detected asset source named 'ElithianRacesGoodGamesFixes' at '..\mods\El_Race_fix_contents_3053738400.pak'
[Info] Root: Detected asset source named 'New Farmables: Hemp for Plant Fibre' at '..\mods\contents_733968776.pak'
[Info] Root: Detected asset source named 'QuickStackGun' at '..\mods\contents_3149193954.pak'
[Info] Root: Detected asset source named 'Project Knightfall' at '..\mods\contents_2010883172.pak'
[Info] Root: Detected asset source named 'DarkSouls Killsound SFX' at '..\mods\contents_2123652964.pak'
[Info] Root: Detected asset source named 'ehbnm' at '..\mods\contents_2139248963.pak'
[Info] Root: Detected asset source named 'Sign Machine' at '..\mods\contents_1385230137.pak'
[Info] Root: Detected asset source named 'Stargate Invasion' at '..\mods\trans+Stargate_Invasion_contents_1195446899.pak'
[Info] Root: Detected asset source named 'lovelywhipsname' at '..\mods\-1_sxb_lovelywhipsname.pak'
[Info] Root: Detected asset source named 'gic_bk3k_inventory_compatible' at '..\mods\GIC_BK3K_Base_Compat_contents_3700097203.pak'
[Info] Root: Detected asset source named 'Lox_OmniBrowser' at '..\mods\-1_sxb_Lox_OmniBrowser.pak'
[Info] Root: Detected asset source named 'WMITF' at '..\mods\contents_2977650123.pak'
[Info] Root: Detected asset source named 'xbawks' at '..\mods\contents_729426722.pak'
[Info] Root: Detected asset source named 'Improved Food Descriptions' at '..\mods\contents_731354142.pak'
[Info] Root: Detected asset source named 'Enhanced Matter Manipulator' at '..\mods\contents_731465268.pak'
[Info] Root: Detected asset source named 'lox_statueofdibella' at '..\mods\0_sxb_lox_statueofdibella.pak'
[Info] Root: Detected asset source named 'sexbound_kitsunerace' at '..\mods\0_sxb_sexbound_kitsunerace.pak'
[Info] Root: Detected asset source named 'Hylotl Voice Fix' at '..\mods\contents_731489261.pak'
[Info] Root: Detected asset source named 'More Starbound Critters, Updated!' at '..\mods\contents_731549837.pak'
[Info] Root: Detected asset source named 'shadowedatmospheres' at '..\mods\contents_732371478.pak'
[Info] Root: Detected asset source named 'felinsobjectplus' at '..\mods\contents_732985336.pak'
[Info] Root: Detected asset source named 'Usable Hylotl Bookcases' at '..\mods\contents_733212338.pak'
[Info] Root: Detected asset source named 'joboffers' at '..\mods\contents_735253889.pak'
[Info] Root: Detected asset source named 'JTE_Hunger' at '..\mods\contents_735568821.pak'
[Info] Root: Detected asset source named 'Mini Village' at '..\mods\contents_735909966.pak'
[Info] Root: Detected asset source named 'Tanz Tweaks - Textures' at '..\mods\contents_736040778.pak'
[Info] Root: Detected asset source named 'MeatMaker' at '..\mods\contents_736061228.pak'
[Info] Root: Detected asset source named 'Monster Part Mod Pack' at '..\mods\contents_736752766.pak'
[Info] Root: Detected asset source named 'Missing Music Addition [Soundtrack]' at '..\mods\contents_737195784.pak'
[Info] Root: Detected asset source named 'Citybound' at '..\mods\contents_742434873.pak'
[Info] Root: Detected asset source named 'Hover Wheelchair' at '..\mods\contents_742893572.pak'
[Info] Root: Detected asset source named 'wvr_crew_lava' at '..\mods\contents_744621236.pak'
[Info] Root: Detected asset source named 'Compact Crops for New Farmables: Hemp' at '..\mods\contents_745519873.pak'
[Info] Root: Detected asset source named 'az-expandedmagnorbs' at '..\mods\contents_746884345.pak'
[Info] Root: Detected asset source named 'EverPenguin' at '..\mods\contents_749382770.pak'
[Info] Root: Detected asset source named 'EverLana' at '..\mods\contents_749386227.pak'
[Info] Root: Detected asset source named 'Action Spawners' at '..\mods\contents_750140864.pak'
[Info] Root: Detected asset source named 'BetterSleep' at '..\mods\contents_752112050.pak'
[Info] Root: Detected asset source named 'Geek's Woosh V2' at '..\mods\contents_753833699.pak'
[Info] Root: Detected asset source named 'Improved Merchants' at '..\mods\contents_771819285.pak'
[Info] Root: Detected asset source named 'blueprintcrafting' at '..\mods\contents_773691656.pak'
[Info] Root: Detected asset source named 'Easier Bows' at '..\mods\contents_776078387.pak'
[Info] Root: Detected asset source named 'Outpost Nebula' at '..\mods\contents_784179199.pak'
[Info] Root: Detected asset source named 'Dark Souls Sound Mod Quieter Version' at '..\mods\contents_810113582.pak'
[Info] Root: Detected asset source named 'meleeaim' at '..\mods\contents_817468961.pak'
[Info] Root: Detected asset source named 'Lord of the Rings Music Addition' at '..\mods\contents_832872255.pak'
[Info] Root: Detected asset source named 'tenantPack' at '..\mods\contents_838356389.pak'
[Info] Root: Detected asset source named 'Bigger Action Bar(20 slots)' at '..\mods\contents_853665529.pak'
[Info] Root: Detected asset source named 'PerennialCrops' at '..\mods\contents_730378641.pak'
[Info] Root: Detected asset source named 'AvaliPerennialCrops' at '..\mods\contents_869900472.pak'
[Info] Root: Detected asset source named 'Dark Souls-like broadsword idle' at '..\mods\contents_872296411.pak'
[Info] Root: Detected asset source named 'galaxy' at '..\mods\contents_874199496.pak'
[Info] Root: Detected asset source named 'darksoulsidlepatch' at '..\mods\contents_879789773.pak'
[Info] Root: Detected asset source named 'galaxyFUver' at '..\mods\contents_889490070.pak'
[Info] Root: Detected asset source named 'NpcSpawnerPlus' at '..\mods\contents_895140470.pak'
[Info] Root: Detected asset source named 'Avali Objects+' at '..\mods\contents_898712767.pak'
[Info] Root: Detected asset source named 'Food Processor' at '..\mods\contents_907927613.pak'
[Info] Root: Detected asset source named 'WhyIsThisNotPrintable' at '..\mods\contents_924665383.pak'
[Info] Root: Detected asset source named 'CraftableConcoctions' at '..\mods\contents_931757634.pak'
[Info] Root: Detected asset source named 'pat_DropMoneyOnDeath' at '..\mods\999999100_pixels_death_contents_3350355857.pak'
[Info] Root: Detected asset source named 'CraftableConcoctionsFUAddon' at '..\mods\contents_935934101.pak'
[Info] Root: Detected asset source named 'aichip_avian' at '..\mods\contents_943636021.pak'
[Info] Root: Detected asset source named 'aichip_dragon' at '..\mods\contents_943651005.pak'
[Info] Root: Detected asset source named 'aichip_felin' at '..\mods\contents_943655618.pak'
[Info] Root: Detected asset source named 'aichip_redrabbit' at '..\mods\contents_943657010.pak'
[Info] Root: Detected asset source named 'aichip_rem' at '..\mods\contents_943658087.pak'
[Info] Root: Detected asset source named 'aichip_ene' at '..\mods\contents_943659349.pak'
[Info] Root: Detected asset source named 'aichip_servalchan' at '..\mods\contents_943792285.pak'
[Info] Root: Detected asset source named 'XRC_maxStackOSB' at '..\mods\All_Items_Stack_contents_3370469697.pak'
[Info] Root: Detected asset source named 'Anter583_Library_antrUtilityLib' at '..\mods\Anter583_contents_2144215143.pak'
[Info] Root: Detected asset source named 'aichip_ordis' at '..\mods\contents_943793477.pak'
[Info] Root: Detected asset source named 'Avali Plus' at '..\mods\Avali Plus_contents_1636662922.pak'
[Info] Root: Detected asset source named 'bl3healthbars' at '..\mods\bd_hpbar_fix_contents_2225813517.pak'
[Info] Root: Detected asset source named 'player_bl3healthbars' at '..\mods\bd_player_bar_contents_2437888263.pak'
[Info] Root: Detected asset source named 'bl3healthbarshdclean' at '..\mods\BL3_Clean_Texture_contents_2229880801.pak'
[Info] Root: Detected asset source named 'Shellguard Expansion ' at '..\mods\trans+Shellguard_contents_1563376005.pak'
[Info] Root: Detected asset source named 'bl3healthbarssgaddon' at '..\mods\BL3_Shellguard_Addon_contents_2225814372.pak'
[Info] Root: Detected asset source named 'aichip_giffany' at '..\mods\contents_943794573.pak'
[Info] Root: Detected asset source named 'The Black Armory' at '..\mods\Black_Armory_4.2.5_FU_NEKI_compat.pak'
[Info] Root: Detected asset source named 'craftableseeds' at '..\mods\contents_1938886559.pak'
[Info] Root: Detected asset source named 'craftableseedsavali' at '..\mods\Craftable_Seeds_Avali_1.0_compat.pak'
[Info] Root: Detected asset source named 'craftableseedsfu' at '..\mods\Craftable_Seeds_FU_1.1_compat.pak'
[Info] Root: Detected asset source named 'The Essential Galactic Cruise' at '..\mods\Cruise_contents_1660547150.pak'
[Info] Root: Detected asset source named 'HLib' at '..\mods\HLib_contents_1189065705.pak'
[Info] Root: Detected asset source named 'DigitalStorage' at '..\mods\contents_946227505.pak'
[Info] Root: Detected asset source named 'StardustLibPost' at '..\mods\StardustLibPost.pak'
[Info] Root: Detected asset source named 'rb_base' at '..\mods\contents_2018183533.pak'
[Info] Root: Detected asset source named 'StarburstRework' at '..\mods\starburst_contents_3025139283.pak'
[Info] Root: Detected asset source named 'My Enternia' at '..\mods\Enternia_contents_2006558650.pak'
[Info] Root: Detected asset source named 'enemymechnpc' at '..\mods\enemy_mech_contents_3390666416.pak'
[Info] Root: Detected asset source named 'FFS_contributions' at '..\mods\FFS_Dungeon_Tweaks_contents_2834081743.pak'
[Info] Root: Detected asset source named 'Furniture Song Replacement mod' at '..\mods\contents_952424668.pak'
[Info] Root: Detected asset source named 'FUlocaleko' at '..\mods\FU_KO_contents_3166424163.pak'
[Info] Root: Detected asset source named 'Atmospheric Entry' at '..\mods\contents_953251013.pak'
[Info] Root: Detected asset source named 'dspFUCrewCompat' at '..\mods\contents_954995970.pak'
[Info] Root: Detected asset source named 'Fetish Stuff' at '..\mods\Fetish Stuff 2.0.0'
[Info] Root: Detected unnamed asset source at '..\mods\Font.pak'
[Info] Root: Detected asset source named 'Hop On Shops' at '..\mods\contents_960708990.pak'
[Info] Root: Detected asset source named 'crewDontCloseDoors' at '..\mods\contents_961347741.pak'
[Info] Root: Detected asset source named 'speciesreplace' at '..\mods\contents_962379099.pak'
[Info] Root: Detected asset source named 'z4galacticdungeons' at '..\mods\Galactic_Dungeons_contents_2009744270.pak'
[Info] Root: Detected asset source named 'HLibPlus' at '..\mods\HLibPlus_contents_2919826588.pak'
[Info] Root: Detected asset source named 'Hard impact' at '..\mods\contents_965461640.pak'
[Info] Root: Detected asset source named 'lr_dynamicequipment' at '..\mods\LR_dynamic_contents_3400223391.pak'
[Info] Root: Detected asset source named 'No Annoying Weather' at '..\mods\Less_Annoying_Weather_rev1_compat.pak'
[Info] Root: Detected asset source named 'The Lottery!' at '..\mods\Lottery_contents_1131927758.pak'
[Info] Root: Detected unnamed asset source at '..\mods\No_Protectorate_Spinner_2497566233.pak'
[Info] Root: Detected asset source named 'TBWorkaround' at '..\mods\contents_3534582033.pak'
[Info] Root: Detected asset source named 'shattered_alchemy' at '..\mods\contents_1945946369.pak'
[Info] Root: Detected asset source named 'Eat While Well Fed' at '..\mods\contents_2820349130.pak'
[Info] Root: Detected asset source named 'The Starforge v1.0' at '..\mods\trans+dmgfix_starforge_contents_2431875552.pak'
[Info] Root: Detected asset source named 'XRC_OMNICRAFTER' at '..\mods\contents_2844996935.pak'
[Info] Root: Detected asset source named 'pat_collectionnumberer' at '..\mods\contents_3130082417.pak'
[Info] Root: Detected asset source named 'pat_techremover' at '..\mods\contents_2507851821.pak'
[Info] Root: Detected asset source named 'FUExGUIPatch' at '..\mods\contents_1681880007.pak'
[Info] Root: Detected asset source named 'XRC_BETA_STARBOUND' at '..\mods\contents_2010607826.pak'
[Info] Root: Detected asset source named 'NonEKI' at '..\mods\NonEKI_9_FU_compat.pak'
[Info] Root: Detected asset source named 'Test' at '..\mods\PRxCW_compat.pak'
[Info] Root: Detected asset source named 'xrc_blocksinair' at '..\mods\Place_Blocks_Anywhere_contents_2123363543.pak'
[Info] Root: Detected asset source named 'Crafted 'Stable' Challenge Portal' at '..\mods\contents_973424307.pak'
[Info] Root: Detected asset source named 'aikiro42-project45' at '..\mods\Project_45_contents_3117517322.pak'
[Info] Root: Detected asset source named 'XRC_quickCommands' at '..\mods\Quick_Commands_contents_3145473452.pak'
[Info] Root: Detected asset source named 'fixNPCProtectQuest' at '..\mods\drx_fix_npc_protect_quest_2440281893.pak'
[Info] Root: Detected asset source named 'Remixed Star Names' at '..\mods\RemixedStarNames_2986660950.pak'
[Info] Root: Detected asset source named 'pat_saveInventoryPosition' at '..\mods\SaveInventoryPosition_contents_3331093074.pak'
[Info] Root: Detected asset source named 'ffxivfurniture' at '..\mods\ffXIV_Furniture_contents_2294792156.pak'
[Info] Root: Detected asset source named 'stardustmonstercore_patch' at '..\mods\Stardust_Monster_Core_contents_2690363974.pak'
[Info] Root: Detected asset source named 'sexbound_terato' at '..\mods\SxB - Teratophilia 0.4.8.pak'
[Info] Root: Detected asset source named 'food_spoil_bars' at '..\mods\food_bar_contents_1099450875.pak'
[Info] Root: Detected asset source named 'galaxy_in_conflict_fu_progression_patch' at '..\mods\galaxy_in_conflict_fu_progression_patch'
[Info] Root: Detected asset source named 'bk3k_inventory_180slots' at '..\mods\inventory180_contents_1410562400.pak'
[Info] Root: Detected asset source named 'JSSFilterByRarityExtended' at '..\mods\item_filter_yellow_contents_1814789921.pak'
[Info] Root: Detected asset source named 'TileTweaks' at '..\mods\Tile_Tweaks_contents_1483622891.pak'
[Info] Root: Detected asset source named 'adh_ocd_tooltip_fixes' at '..\mods\Tooltip_Fix_contents_3355387636.pak'
[Info] Root: Detected asset source named 'XRC_PIXELPRINTER' at '..\mods\lagless_printer_contents_3003880924.pak'
[Info] Root: Detected asset source named 'AvaliPlus-GibberishPatch' at '..\mods\aval_plus_patch_contents_3049118061.pak'
[Info] Root: Detected asset source named 'Toxicity Infraction: returning the ES toxic waste barrel to its vanilla self' at '..\mods\barrel_boom_Enhanced_Storage_contents_2510776866.pak'
[Info] Root: Detected asset source named 'XRC_LOADTIME' at '..\mods\loadtime_2302257069.pak'
[Info] Root: Detected asset source named 'zz_CharacterCreationExtender100' at '..\mods\content_823008631.pak'
[Info] Root: Detected asset source named 'Barrel Collision: Platforms and Stacking' at '..\mods\contents_1006623185.pak'
[Info] Root: Detected asset source named 'lowHealthAlarm' at '..\mods\contents_1086805718.pak'
[Info] Root: Detected asset source named 'BuyMechBlueprints' at '..\mods\mech_blueprint_Anomoutpost_contents_3381267540.pak'
[Info] Root: Detected asset source named 'Elevator' at '..\mods\contents_1103569914.pak'
[Info] Root: Detected asset source named 'Better Staff Zones' at '..\mods\contents_1109048662.pak'
[Info] Root: Detected asset source named 'OutpostShuttlecraft' at '..\mods\contents_1114277962.pak'
[Info] Root: Detected asset source named 'Hissy Hurt Nova Sounds' at '..\mods\contents_1114865340.pak'
[Info] Root: Detected asset source named 'Automatic Capsules' at '..\mods\contents_1115253139.pak'
[Info] Root: Detected asset source named 'Make the Saturnians a Cuter Race' at '..\mods\contents_1116097274.pak'
[Info] Root: Detected asset source named 'lofty_irisil' at '..\mods\contents_2983639797.pak'
[Info] Root: Detected asset source named 'Fixed Critters' at '..\mods\contents_1119973779.pak'
[Info] Root: Detected asset source named 'Betterchains' at '..\mods\contents_1133358548.pak'
[Info] Root: Detected asset source named 'Wild West Music Pack.' at '..\mods\contents_1137228707.pak'
[Info] Root: Detected asset source named 'sup_monsterparts' at '..\mods\contents_1142523872.pak'
[Info] Root: Detected asset source named 'carpettool' at '..\mods\contents_1142579300.pak'
[Info] Root: Detected asset source named 'Play as NPCs' at '..\mods\contents_1145193933.pak'
[Info] Root: Detected asset source named 'FreeYourHands' at '..\mods\contents_1165677332.pak'
[Info] Root: Detected asset source named 'OceanCropsMod' at '..\mods\contents_1174122487.pak'
[Info] Root: Detected asset source named 'TimelessAnimals' at '..\mods\contents_1178310549.pak'
[Info] Root: Detected asset source named 'BQQM' at '..\mods\contents_1185445462.pak'
[Info] Root: Detected asset source named 'Aging Alien Alcohols' at '..\mods\contents_1199608652.pak'
[Info] Root: Detected asset source named 'Aimable Abilities: Spears' at '..\mods\contents_1218367214.pak'
[Info] Root: Detected asset source named 'FU Mech Antimatter Cannon Annihilation Sound by AnthonyZaBoss' at '..\mods\contents_1236040332.pak'
[Info] Root: Detected asset source named 'Pets Are Useful' at '..\mods\contents_1239952506.pak'
[Info] Root: Detected asset source named 'No Weather Particles' at '..\mods\contents_1240540230.pak'
[Info] Root: Detected asset source named 'playerdancing' at '..\mods\contents_1253782150.pak'
[Info] Root: Detected asset source named 'applestorage' at '..\mods\contents_1258008544.pak'
[Info] Root: Detected asset source named 'Bluedrop's Feline Friends' at '..\mods\contents_1277619409.pak'
[Info] Root: Detected asset source named 'Heartbeat 3.0' at '..\mods\contents_1296666565.pak'
[Info] Root: Detected asset source named 'Craftable Mech Blueprints - Anvil Edition' at '..\mods\contents_1312619566.pak'
[Info] Root: Detected asset source named 'visiblemeteorweather' at '..\mods\contents_1321934117.pak'
[Info] Root: Detected asset source named 'Maid n Butler Outfits' at '..\mods\contents_1327702382.pak'
[Info] Root: Detected asset source named 'Aether Book Creator' at '..\mods\contents_1335123569.pak'
[Info] Root: Detected asset source named 'mechhitboxfix' at '..\mods\mech_hitbox_contents_3385308492.pak'
[Info] Root: Detected asset source named 'Subtler Hyperspace' at '..\mods\contents_1367444689.pak'
[Info] Root: Detected asset source named 'Cute Japanese Girl as Your AI! 2.0' at '..\mods\contents_1386367471.pak'
[Info] Root: Detected asset source named 'morenpcships' at '..\mods\contents_1390490083.pak'
[Info] Root: Detected asset source named 'Solara, The Novakid Energy Sword' at '..\mods\contents_1394106904.pak'
[Info] Root: Detected asset source named 'avalifit' at '..\mods\contents_1394999146.pak'
[Info] Root: Detected asset source named 'mecharmormitigation' at '..\mods\mecharmor_contents_3385421174.pak'
[Info] Root: Detected asset source named 'vibrant_novakids' at '..\mods\contents_1422582678.pak'
[Info] Root: Detected asset source named 'Minidresses' at '..\mods\contents_1428547342.pak'
[Info] Root: Detected asset source named 'Elithian_Races_Mod_FU' at '..\mods\contents_1429652829.pak'
[Info] Root: Detected asset source named 'fuvillfelin' at '..\mods\contents_1432556830.pak'
[Info] Root: Detected asset source named 'fuvillavali' at '..\mods\contents_1432794738.pak'
[Info] Root: Detected asset source named 'elithianperennialcrops' at '..\mods\contents_1433991809.pak'
[Info] Root: Detected asset source named 'craftableseedser' at '..\mods\contents_1434229372.pak'
[Info] Root: Detected asset source named 'Dark Souls Teleport SFX' at '..\mods\contents_1447060281.pak'
[Info] Root: Detected asset source named 'Lamia Colorpack - Pastel' at '..\mods\contents_1468297293.pak'
[Info] Root: Detected asset source named 'Craftable Green Apple and Orange saplings in Seed Maker' at '..\mods\contents_1469379049.pak'
[Info] Root: Detected asset source named 'Swoosh Sprite Overhauls' at '..\mods\contents_1479985478.pak'
[Info] Root: Detected asset source named 'HelmetsFixed' at '..\mods\contents_1482174649.pak'
[Info] Root: Detected asset source named 'TileTweaksTanz' at '..\mods\contents_1487455404.pak'
[Info] Root: Detected asset source named 'NewRecipeStar' at '..\mods\contents_1500761263.pak'
[Info] Root: Detected asset source named 'I'd Like To Sit Here' at '..\mods\contents_1501869759.pak'
[Info] Root: Detected asset source named 'Powers of Ruin' at '..\mods\contents_1508762885.pak'
[Info] Root: Detected asset source named 'kitsunefr' at '..\mods\contents_1519251821.pak'
[Info] Root: Detected asset source named 'Ette Set' at '..\mods\contents_1523349276.pak'
[Info] Root: Detected asset source named 'RPG_Growth' at '..\mods\RPG_contents_1115920474.pak'
[Info] Root: Detected asset source named 'vanguardblade' at '..\mods\contents_1529649528.pak'
[Info] Root: Detected asset source named '[Dragon Maid] Tohru's Outfit' at '..\mods\contents_1538589010.pak'
[Info] Root: Detected asset source named 'perennialcropsFUnew' at '..\mods\contents_1558104990.pak'
[Info] Root: Detected asset source named 'futreecrops' at '..\mods\contents_1566201532.pak'
[Info] Root: Detected asset source named 'vanillatreecrops' at '..\mods\contents_1568971442.pak'
[Info] Root: Detected asset source named 'meleeaimfu' at '..\mods\contents_1593802400.pak'
[Info] Root: Detected asset source named 'missingphysical' at '..\mods\missing_physic_contents_3014571970.pak'
[Info] Root: Detected asset source named 'Alternate UI Sounds' at '..\mods\contents_1598973984.pak'
[Info] Root: Detected asset source named 'NonEKI-AI-Chip-Addon' at '..\mods\contents_3310130960.pak'
[Info] Root: Detected asset source named 'NEKIStation' at '..\mods\nenEKI_Station_contents_3344198231.pak'
[Info] Root: Detected asset source named 'Give the avian oculemonade' at '..\mods\contents_1612579544.pak'
[Info] Root: Detected asset source named 'quietpartyhorn' at '..\mods\contents_1627057511.pak'
[Info] Root: Detected asset source named 'CCR' at '..\mods\contents_1627427082.pak'
[Info] Root: Detected asset source named 'Aging Alien Alcohol Addon' at '..\mods\contents_1636723841.pak'
[Info] Root: Detected asset source named 'MorePlanetInfo-FU' at '..\mods\contents_1639501560.pak'
[Info] Root: Detected asset source named 'Erchius Mission Music Replacement with HL2 Music' at '..\mods\contents_1643716707.pak'
[Info] Root: Detected asset source named 'Erchius Horrors Texture Change' at '..\mods\contents_1643826709.pak'
[Info] Root: Detected asset source named 'Erchius Dark Reskin' at '..\mods\contents_1645857629.pak'
[Info] Root: Detected asset source named 'Green's Dye Suite' at '..\mods\contents_1666272764.pak'
[Info] Root: Detected asset source named 'KawaiiStuff+' at '..\mods\contents_1683606374.pak'
[Info] Root: Detected asset source named 'FU_ShellguardMech' at '..\mods\contents_1686763043.pak'
[Info] Root: Detected asset source named 'the_angels_of_starbound_CutePatch' at '..\mods\contents_1697042019.pak'
[Info] Root: Detected asset source named 'saturnian_C3' at '..\mods\contents_1698045793.pak'
[Info] Root: Detected asset source named 'My Lil Mermaid Pack' at '..\mods\contents_1700512569.pak'
[Info] Root: Detected asset source named 'Dresses n Skirts Pack' at '..\mods\contents_1722987773.pak'
[Info] Root: Detected asset source named 'suphaxnonfatalfalls' at '..\mods\contents_1723934741.pak'
[Info] Root: Detected asset source named 'Fish Tweaks' at '..\mods\contents_1726500697.pak'
[Info] Root: Detected asset source named 'UnLimitedFoodStacking' at '..\mods\osb_food_stack_contents_3301942276.pak'
[Info] Root: Detected asset source named 'eStyleMonsters' at '..\mods\contents_1733089348.pak'
[Info] Root: Detected asset source named 'MorePlanetInfoCSKPatch' at '..\mods\contents_1733755757.pak'
[Info] Root: Detected asset source named 'Ancient Infuser' at '..\mods\contents_1741562203.pak'
[Info] Root: Detected asset source named 'Wooloo Fluffalo Varient' at '..\mods\contents_1764356080.pak'
[Info] Root: Detected asset source named 'ANTRMPIQPatch1_4' at '..\mods\contents_1772643711.pak'
[Info] Root: Detected asset source named 'CuterNightars' at '..\mods\contents_1772846135.pak'
[Info] Root: Detected asset source named 'JSSSewerMonsters' at '..\mods\contents_1774272492.pak'
[Info] Root: Detected asset source named 'xs_crumex' at '..\mods\contents_1788644520.pak'
[Info] Root: Detected asset source named 'Remove_Mosquito_Sound' at '..\mods\contents_1792129883.pak'
[Info] Root: Detected asset source named 'FrackinUniverseManyTabsPatch' at '..\mods\contents_1799854324.pak'
[Info] Root: Detected asset source named 'tagsstation' at '..\mods\contents_1802500596.pak'
[Info] Root: Detected asset source named 'bedsForTwo' at '..\mods\contents_1807455828.pak'
[Info] Root: Detected asset source named 'OutpostMusicTranquilityBase' at '..\mods\contents_1826459917.pak'
[Info] Root: Detected asset source named 'bl3playerbarspecies' at '..\mods\player_bar_type_contents_3394719204.pak'
[Info] Root: Detected asset source named 'sizeoflife' at '..\mods\size_work_contents_3218820111.pak'
[Info] Root: Detected asset source named 'sizeofstats' at '..\mods\size_stat_contents_3218827753.pak'
[Info] Root: Detected asset source named 'Emergency Teleporter' at '..\mods\contents_1841301309.pak'
[Info] Root: Detected asset source named 'Suits n Stuff Pack' at '..\mods\contents_1857537129.pak'
[Info] Root: Detected asset source named 'Balloon' at '..\mods\contents_1886984497.pak'
[Info] Root: Detected asset source named 'GirderT_VS' at '..\mods\contents_1889721468.pak'
[Info] Root: Detected asset source named 'Beta Star Generation / 0.01 Star Multplier' at '..\mods\contents_1911595500.pak'
[Info] Root: Detected asset source named 'Avali Maid Outfit' at '..\mods\contents_1920352046.pak'
[Info] Root: Detected asset source named 'augiteArcadeSounds' at '..\mods\contents_1923768422.pak'
[Info] Root: Detected asset source named 'programmer socks' at '..\mods\contents_1926211048.pak'
[Info] Root: Detected asset source named 'sizeofspeciesvanilla' at '..\mods\size_vanilla_contents_3218826863.pak'
[Info] Root: Detected asset source named 'carpettoolflat' at '..\mods\contents_1932122417.pak'
[Info] Root: Detected asset source named 'kyt_betterspookit' at '..\mods\spookit_knockback_contents_3371072235.pak'
[Info] Root: Detected asset source named 'Starvisuals' at '..\mods\starvisuals_contents_3322797618.pak'
[Info] Root: Detected asset source named 'treefix' at '..\mods\contents_1968871907.pak'
[Info] Root: Detected unnamed asset source at '..\mods\sxb_Sexbound POV Avians.pak'
[Info] Root: Detected asset source named 'TTPPv27 Mimic Rework' at '..\mods\sxb_TTPPv27MR.pak'
[Info] Root: Detected asset source named 'terraliblite' at '..\mods\terraliblite_contents_2230165463.pak'
[Info] Root: Detected asset source named 'terralib' at '..\mods\terralib_contents_2230165463.pak'
[Info] Root: Detected asset source named 'saturniansfubiomeaddon' at '..\mods\contents_1987370505.pak'
[Info] Root: Detected asset source named 'Letheia Expanded' at '..\mods\contents_1987992979.pak'
[Info] Root: Detected asset source named 'FUVaultsPlus' at '..\mods\contents_1999869786.pak'
[Info] Root: Detected asset source named 'PvZ Quest SFX' at '..\mods\contents_2001156040.pak'
[Info] Root: Detected asset source named 'Avali Solar Panels' at '..\mods\contents_2002853135.pak'
[Info] Root: Detected asset source named 'nitrogendeep' at '..\mods\contents_2003959183.pak'
[Info] Root: Detected asset source named 'z4galacticdungeonsmpi' at '..\mods\contents_2010914574.pak'
[Info] Root: Detected asset source named 'kitsunesenkosail' at '..\mods\contents_2032882095.pak'
[Info] Root: Detected asset source named 'NoWeaponNPCTypesFU' at '..\mods\contents_2045136368.pak'
[Info] Root: Detected asset source named 'FUAvaliTriagePatch' at '..\mods\contents_2052758462.pak'
[Info] Root: Detected asset source named 'PlanetParallaxRemovalOmeruin' at '..\mods\contents_2061053988.pak'
[Info] Root: Detected asset source named 'Mechanical Rhythm Music Replacement' at '..\mods\contents_2067524656.pak'
[Info] Root: Detected asset source named 'MorePlanetInfoLEPatch' at '..\mods\contents_2071883876.pak'
[Info] Root: Detected asset source named 'Wooden Furniture Reskin' at '..\mods\contents_2141182021.pak'
[Info] Root: Detected asset source named 'Improved Upright Torture Bed' at '..\mods\useuprighttorturebed_v1.0_1334165490.pak'
[Info] Root: Detected asset source named 'emptyhand' at '..\mods\contents_2143587500.pak'
[Info] Root: Detected asset source named 'winterbraid's Planetary Clocks: Rewound!' at '..\mods\contents_2149802085.pak'
[Info] Root: Detected asset source named 'bossesgateshop' at '..\mods\contents_2167914507.pak'
[Info] Root: Detected asset source named 'Voided' at '..\mods\voided_contents_2822921122.pak'
[Info] Root: Detected asset source named 'Working Showers' at '..\mods\workingshower_v1.1_894901052.pak'
[Info] Root: Detected asset source named 'RoundtablesAndAMonitor' at '..\mods\contents_2172987468.pak'
[Info] Root: Detected asset source named 'wormlib' at '..\mods\wormlib_contents_2230165463.pak'
[Info] Root: Detected asset source named 'Kelp Sapling Fix - Updated' at '..\mods\contents_2182583592.pak'
[Info] Root: Detected asset source named 'cutebound_felins_kemonomimi' at '..\mods\contents_2187004982.pak'
[Info] Root: Detected asset source named 'sakuraitemsanobjects' at '..\mods\contents_2193593073.pak'
[Info] Root: Detected asset source named 'cutebound_felins_kemonomimi_big_eyes' at '..\mods\contents_2194900256.pak'
[Info] Root: Detected asset source named 'Stellaris OST Replacer & Addon for Main Menu Music' at '..\mods\contents_2195702875.pak'
[Info] Root: Detected asset source named 'utopia' at '..\mods\contents_2210878914.pak'
[Info] Root: Detected unnamed asset source at '..\mods\zz_modfix_refs.pak'
[Info] Root: Detected asset source named 'Uncommon Avali' at '..\mods\contents_2221185460.pak'
[Info] Root: Detected asset source named 'Lucario_Chest_Spike_Remover' at '..\mods\contents_2232650711.pak'
[Info] Root: Detected asset source named 'Lucario_Paw_Spike_Remover' at '..\mods\contents_2232652761.pak'
[Info] Root: Detected asset source named 'saturniansStarryPlanetaddon' at '..\mods\contents_2237446179.pak'
[Info] Root: Detected asset source named 'CompactCrops_FU' at '..\mods\contents_2265144528.pak'
[Info] Root: Detected asset source named 'FUStarryPlanetsCompatibilityPatch' at '..\mods\contents_2287046122.pak'
[Info] Root: Detected asset source named 'FUHellishPlanetsCompatibilityPatch' at '..\mods\contents_2295152742.pak'
[Info] Root: Detected asset source named 'EE-Starry' at '..\mods\contents_2311446973.pak'
[Info] Root: Detected asset source named 'kitsuneplanetinfo' at '..\mods\contents_2329520812.pak'
[Info] Root: Detected asset source named 'frackin_xsmechs' at '..\mods\contents_2348968660.pak'
[Info] Root: Detected asset source named 'Arcana FU Desc fix' at '..\mods\contents_2370607854.pak'
[Info] Root: Detected asset source named 'ffstags' at '..\mods\contents_2373148549.pak'
[Info] Root: Detected asset source named 'Zarra_FUElithianShips' at '..\mods\contents_2375270402.pak'
[Info] Root: Detected asset source named 'saturniansArcanaaddon' at '..\mods\contents_2375350009.pak'
[Info] Root: Detected unnamed asset source at '..\mods\contents_2375908302.pak'
[Info] Root: Detected asset source named 'LessDeadMoons' at '..\mods\contents_2380700372.pak'
[Info] Root: Detected asset source named 'af_ees_saturnian' at '..\mods\contents_2387099956.pak'
[Info] Root: Detected asset source named 'af_tagsstation_quickbar' at '..\mods\contents_2396110695.pak'
[Info] Root: Detected asset source named 'froggfix' at '..\mods\contents_2402909895.pak'
[Info] Root: Detected asset source named 'Holyday Lucario Outfit' at '..\mods\contents_2408540180.pak'
[Info] Root: Detected asset source named 'Darker Nights' at '..\mods\contents_2409538486.pak'
[Info] Root: Detected asset source named 'meido' at '..\mods\contents_3301329391.pak'
[Info] Root: Detected asset source named 'crewpatchesdialogmoderandom' at '..\mods\contents_2420830786.pak'
[Info] Root: Detected asset source named 'cutearcana' at '..\mods\contents_2421829571.pak'
[Info] Root: Detected asset source named 'Evanaug's Coal Resprite' at '..\mods\contents_2428588507.pak'
[Info] Root: Detected asset source named 'alternativefluffalocolours' at '..\mods\contents_2428616454.pak'
[Info] Root: Detected asset source named 'WingedFlight' at '..\mods\contents_2433914920.pak'
[Info] Root: Detected asset source named 'EE-Arcana' at '..\mods\contents_2439342862.pak'
[Info] Root: Detected asset source named 'Starbound But Pixels Sound Like Studs' at '..\mods\contents_2463780108.pak'
[Info] Root: Detected asset source named 'AnomsOutpostOverhaul_EnhancedStorage' at '..\mods\contents_2468895859.pak'
[Info] Root: Detected asset source named 'AnomsOutpostOverhaul_OutpostShuttlecraft' at '..\mods\contents_2468896108.pak'
[Info] Root: Detected asset source named 'AnomsOutpostOverhaul_TheBookstore' at '..\mods\contents_2468896248.pak'
[Info] Root: Detected asset source named 'AnomsOutpostOverhaul_TheLottery' at '..\mods\contents_2468896437.pak'
[Info] Root: Detected asset source named 'AnomsOutpost_GalacticCruise' at '..\mods\contents_2469215698.pak'
[Info] Root: Detected asset source named 'ikavatarmechlegsadapter' at '..\mods\contents_2478011034.pak'
[Info] Root: Detected asset source named 'AnomsOutpostGunsmithAddon' at '..\mods\contents_2478119400.pak'
[Info] Root: Detected asset source named 'AnomsOutpostScrapVendorAddon' at '..\mods\contents_2478120319.pak'
[Info] Root: Detected asset source named 'chaosweapons' at '..\mods\contents_2497254778.pak'
[Info] Root: Detected asset source named 'NihilSaturniansUniversalFlightIntegration' at '..\mods\contents_2510413988.pak'
[Info] Root: Detected asset source named 'Void's Set' at '..\mods\contents_2520304930.pak'
[Info] Root: Detected asset source named 'Less Floaty Movement FU Dirty Patch' at '..\mods\contents_2554353548.pak'
[Info] Root: Detected asset source named 'RustTreeFix' at '..\mods\contents_2571698194.pak'
[Info] Root: Detected asset source named 'furesearcht' at '..\mods\contents_2576946364.pak'
[Info] Root: Detected asset source named 'Brighter Moons' at '..\mods\contents_2580293884.pak'
[Info] Root: Detected asset source named 'Starcity' at '..\mods\contents_2582274902.pak'
[Info] Root: Detected asset source named 'BPCC100' at '..\mods\contents_2582464455.pak'
[Info] Root: Detected asset source named 'Divine Planets - Seraphim Music Replacer' at '..\mods\contents_2585848460.pak'
[Info] Root: Detected asset source named 'Pokemon Outfits Gen 1' at '..\mods\contents_2593214277.pak'
[Info] Root: Detected asset source named 'Peacekeeper's Arsenal (Abandoned)' at '..\mods\contents_2593744603.pak'
[Info] Root: Detected asset source named 'XRC_dietaryaid' at '..\mods\contents_2601315924.pak'
[Info] Root: Detected asset source named 'antr_freeThePrismMan' at '..\mods\contents_2601511795.pak'
[Info] Root: Detected asset source named 'precursorracekrakoth_fupatch' at '..\mods\contents_2605267672.pak'
[Info] Root: Detected asset source named 'precursorracekrakoth_arcanapatch' at '..\mods\contents_2607069863.pak'
[Info] Root: Detected asset source named 'cottonatterramart' at '..\mods\contents_2611495531.pak'
[Info] Root: Detected asset source named 'Peacekeeper's Arsenal FU Patch' at '..\mods\contents_2612885673.pak'
[Info] Root: Detected asset source named 'OmRaceTraits-NPCAddon' at '..\mods\contents_2622367894.pak'
[Info] Root: Detected asset source named 'Fullbright Crops' at '..\mods\contents_2628213443.pak'
[Info] Root: Detected asset source named 'Fullbright Flora' at '..\mods\contents_2628218117.pak'
[Info] Root: Detected asset source named 'Fullbright Monsters' at '..\mods\contents_2628222548.pak'
[Info] Root: Detected asset source named 'NekiFU' at '..\mods\contents_2632319634.pak'
[Info] Root: Detected asset source named '[GIC]The Escalate Expansion' at '..\mods\contents_3117942107.pak'
[Info] Root: Detected asset source named 'gic_automation' at '..\mods\contents_2916463190.pak'
[Info] Root: Detected asset source named 'Alcoholic Poptops' at '..\mods\contents_2645627882.pak'
[Info] Root: Detected asset source named 'joboffers-addon-meido' at '..\mods\contents_2646673935.pak'
[Info] Root: Detected asset source named 'ng_flametrapnerf' at '..\mods\contents_2647014626.pak'
[Info] Root: Detected asset source named 'False Harpies Big Eyes' at '..\mods\contents_2661151311.pak'
[Info] Root: Detected asset source named 'novakidquest' at '..\mods\contents_2661670128.pak'
[Info] Root: Detected asset source named 'novakidquest_anomoutpostcompatibility' at '..\mods\contents_2672162514.pak'
[Info] Root: Detected asset source named 'AnomsOutpostOverhaul_ProjectRedemption' at '..\mods\contents_2672213160.pak'
[Info] Root: Detected asset source named 'FalseHarpyFUPatch' at '..\mods\contents_2677134074.pak'
[Info] Root: Detected asset source named 'MPI+M32_COMPAT' at '..\mods\contents_2678547138.pak'
[Info] Root: Detected asset source named 'Disintegration Death Animation' at '..\mods\contents_2694383533.pak'
[Info] Root: Detected asset source named 'outbackkit' at '..\mods\contents_2698975190.pak'
[Info] Root: Detected asset source named 'neo+' at '..\mods\contents_2704778060.pak'
[Info] Root: Detected asset source named 'NekiChips' at '..\mods\contents_2716757438.pak'
[Info] Root: Detected asset source named 'NekiShades' at '..\mods\contents_2720293579.pak'
[Info] Root: Detected asset source named 'RingAltAnomalies' at '..\mods\contents_2725667743.pak'
[Info] Root: Detected asset source named 'Mechineki' at '..\mods\contents_2740063170.pak'
[Info] Root: Detected asset source named 'Funny Weapons' at '..\mods\contents_2740611866.pak'
[Info] Root: Detected asset source named 'Arcane Magus - A Starbound Magic Mod' at '..\mods\contents_2746439524.pak'
[Info] Root: Detected asset source named 'mechinekialtears1.5' at '..\mods\contents_2751503410.pak'
[Info] Root: Detected asset source named 'MicroMachines - Vanilla Edition' at '..\mods\contents_2753663754.pak'
[Info] Root: Detected asset source named 'Galaxy_in_Conflict_Music' at '..\mods\contents_2754895866.pak'
[Info] Root: Detected asset source named 'manytabsfelinclay' at '..\mods\contents_2755769172.pak'
[Info] Root: Detected asset source named 'manytabsmaple32clay' at '..\mods\contents_2755769572.pak'
[Info] Root: Detected asset source named 'manytabssaturnclay' at '..\mods\contents_2755770105.pak'
[Info] Root: Detected asset source named 'dyeablemkioweaponsbetabound' at '..\mods\contents_2760361822.pak'
[Info] Root: Detected asset source named 'curiousspecies' at '..\mods\contents_2760708749.pak'
[Info] Root: Detected asset source named 'CosmicHusbandry' at '..\mods\contents_2765094668.pak'
[Info] Root: Detected asset source named 'nuudescriptions' at '..\mods\contents_2768649963.pak'
[Info] Root: Detected asset source named 'BetterSitIdle' at '..\mods\contents_2768791657.pak'
[Info] Root: Detected asset source named 'BetterSitIdleNekiNoSitAddon' at '..\mods\contents_2768796598.pak'
[Info] Root: Detected asset source named 'MicroMachines - Enhanced Storage Edition' at '..\mods\contents_2771117582.pak'
[Info] Root: Detected asset source named 'IWantThoseClothesToo' at '..\mods\contents_2773001691.pak'
[Info] Root: Detected asset source named 'interactivecrew' at '..\mods\contents_2774848292.pak'
[Info] Root: Detected asset source named 'pat_fixstarterclothes' at '..\mods\contents_2776815088.pak'
[Info] Root: Detected asset source named 'MicroMachines - Equivalent Exchange Edition' at '..\mods\contents_2778441214.pak'
[Info] Root: Detected asset source named 'cmdr_eevee' at '..\mods\contents_2781791650.pak'
[Info] Root: Detected asset source named 'Weep Not My Child - Title Music Addition' at '..\mods\contents_2785129570.pak'
[Info] Root: Detected asset source named 'Saturnian Player Voice' at '..\mods\contents_2785206166.pak'
[Info] Root: Detected asset source named 'FalseHarpiesExtraColours' at '..\mods\contents_2797442567.pak'
[Info] Root: Detected asset source named 'AlphaBattle' at '..\mods\contents_2797892339.pak'
[Info] Root: Detected asset source named 'zcrab_broomresprite' at '..\mods\contents_2798757981.pak'
[Info] Root: Detected asset source named 'Pet Collars Plus' at '..\mods\contents_2811708018.pak'
[Info] Root: Detected asset source named 'ManyTabsMapleFurnace' at '..\mods\contents_2816710537.pak'
[Info] Root: Detected asset source named 'precursorracekrakoth_redemptionpatch' at '..\mods\contents_2821879793.pak'
[Info] Root: Detected asset source named 'Lunar Base Music Replacer' at '..\mods\contents_2823524841.pak'
[Info] Root: Detected asset source named 'Aimable Traveling Slash' at '..\mods\contents_2825779796.pak'
[Info] Root: Detected asset source named 'precursorracekrakoth_extendedstorypatch' at '..\mods\contents_2828324239.pak'
[Info] Root: Detected asset source named 'Improved Food Descriptions FU Patch' at '..\mods\contents_2830836086.pak'
[Info] Root: Detected asset source named 'FFS_VanillaDungeonNonReplacer' at '..\mods\contents_2834085966.pak'
[Info] Root: Detected asset source named 'More Canned Food' at '..\mods\contents_2835491179.pak'
[Info] Root: Detected asset source named 'More Canned Food FU' at '..\mods\contents_2835549767.pak'
[Info] Root: Detected asset source named 'More Canned Food IFD Patch' at '..\mods\contents_2835498895.pak'
[Info] Root: Detected asset source named 'BetterPlatformFalling' at '..\mods\contents_2836659083.pak'
[Info] Root: Detected asset source named 'Frackin Universe Legacy Planets' at '..\mods\contents_2845911688.pak'
[Info] Root: Detected asset source named 'pat_techloadouts' at '..\mods\contents_2848049388.pak'
[Info] Root: Detected asset source named 'XRC_AUTOLOOTER' at '..\mods\contents_2855692046.pak'
[Info] Root: Detected asset source named 'project42' at '..\mods\contents_2858362793.pak'
[Info] Root: Detected asset source named 'City.modularpatchDefaultColors2CITY' at '..\mods\contents_2871781673.pak'
[Info] Root: Detected asset source named 'City.modularpatch.neoncolors2CITY' at '..\mods\contents_2862695403.pak'
[Info] Root: Detected asset source named 'City.modularpatch.terraformerrecipes.citybound' at '..\mods\contents_2862699576.pak'
[Info] Root: Detected asset source named 'City.modularpatch.WWsfx2Citybound' at '..\mods\contents_2862700248.pak'
[Info] Root: Detected asset source named 'City.modularpatch+dungeons2CITY' at '..\mods\contents_2862701014.pak'
[Info] Root: Detected asset source named 'precursorracekrakoth_manytabspatch' at '..\mods\contents_2864852527.pak'
[Info] Root: Detected asset source named 'City.modularpatch.neonNightColors2CITY' at '..\mods\contents_2871440361.pak'
[Info] Root: Detected asset source named 'City.modularpatch.LiliacDayColors2CITY' at '..\mods\contents_2871784021.pak'
[Info] Root: Detected asset source named 'FU Total Immunity Augment' at '..\mods\contents_2875152120.pak'
[Info] Root: Detected asset source named 'FrackinGiCRacePatch' at '..\mods\contents_2875590555.pak'
[Info] Root: Detected asset source named 'City.modularpatch.AegiOnPopulated' at '..\mods\contents_2876233021.pak'
[Info] Root: Detected asset source named 'starry.angrystar1noclip.remover' at '..\mods\contents_2876250988.pak'
[Info] Root: Detected asset source named 'FasterFollowers' at '..\mods\contents_2881835252.pak'
[Info] Root: Detected asset source named 'LessAnnoyingPyreapers' at '..\mods\contents_2882514643.pak'
[Info] Root: Detected asset source named 'monsterDex' at '..\mods\contents_2885561253.pak'
[Info] Root: Detected asset source named 'Re-sprited' at '..\mods\contents_2893719979.pak'
[Info] Root: Detected asset source named 'WingedFlightConfigTemplate' at '..\mods\contents_2894145647.pak'
[Info] Root: Detected asset source named 'Cosmic Husbandry FU Patches' at '..\mods\contents_2898350335.pak'
[Info] Root: Detected asset source named 'Fox Hime Moli 2' at '..\mods\contents_2900206734.pak'
[Info] Root: Detected asset source named 'Space Glitters Removal' at '..\mods\contents_2902710950.pak'
[Info] Root: Detected asset source named 'Ringable Large Bell' at '..\mods\contents_2913433210.pak'
[Info] Root: Detected asset source named 'Blue archive cosmetic[Halo mod]' at '..\mods\contents_2918996204.pak'
[Info] Root: Detected asset source named 'DigitalCrafting' at '..\mods\contents_2919830263.pak'
[Info] Root: Detected asset source named 'DigitalCraftingFU' at '..\mods\contents_2919848208.pak'
[Info] Root: Detected asset source named 'DigitalCraftingArcana' at '..\mods\contents_2920038488.pak'
[Info] Root: Detected asset source named 'DigitalCraftingBetabound' at '..\mods\contents_2920040002.pak'
[Info] Root: Detected asset source named 'DigitalCraftingBlackArmory' at '..\mods\contents_2920043112.pak'
[Info] Root: Detected asset source named 'DigitalCraftingFUXSMech' at '..\mods\contents_2920282729.pak'
[Info] Root: Detected asset source named 'DigitalCraftingKnightfall' at '..\mods\contents_2920283346.pak'
[Info] Root: Detected asset source named 'DigitalCraftingMoreOutpostObjects' at '..\mods\contents_2920301629.pak'
[Info] Root: Detected asset source named 'DigitalCraftingRPG' at '..\mods\contents_2920301924.pak'
[Info] Root: Detected asset source named 'DigitalCraftingRedemption' at '..\mods\contents_2920302042.pak'
[Info] Root: Detected asset source named 'DigitalCraftingShellguard' at '..\mods\contents_2920302226.pak'
[Info] Root: Detected asset source named 'DigitalCraftingVoidedEM' at '..\mods\contents_2920302544.pak'
[Info] Root: Detected asset source named 'DigitalCraftingXSMech' at '..\mods\contents_2920302972.pak'
[Info] Root: Detected asset source named 'DigitalCraftingXSWeapons' at '..\mods\contents_2920303062.pak'
[Info] Root: Detected asset source named 'DigitalCraftingFUTreeCrops' at '..\mods\contents_2920554397.pak'
[Info] Root: Detected asset source named 'pat_techloadoutbinds' at '..\mods\contents_2920684844.pak'
[Info] Root: Detected asset source named 'SyncsSpectacularShipsTrashedGreenhouse' at '..\mods\contents_2921688761.pak'
[Info] Root: Detected asset source named 'am_glitch_no_breath' at '..\mods\contents_2924963711.pak'
[Info] Root: Detected asset source named 'woof race_FU_support' at '..\mods\contents_2925061852.pak'
[Info] Root: Detected asset source named 'RPG_Growth_MultiProf' at '..\mods\contents_2931114055.pak'
[Info] Root: Detected asset source named 'stutterReducer' at '..\mods\contents_2936613366.pak'
[Info] Root: Detected asset source named 'felin_settlements_on_arcana_planets' at '..\mods\contents_2938898485.pak'
[Info] Root: Detected asset source named 'avali_settlements_on_arcana_planets' at '..\mods\contents_2938914405.pak'
[Info] Root: Detected asset source named 'Neb_Narthex' at '..\mods\contents_2942998673.pak'
[Info] Root: Detected asset source named 'pat_QuickbarClassic' at '..\mods\contents_2957136802.pak'
[Info] Root: Detected asset source named 'MWHArcanaAddon' at '..\mods\contents_2957477338.pak'
[Info] Root: Detected asset source named 'Nebulox_CityScaper' at '..\mods\contents_2958989874.pak'
[Info] Root: Detected asset source named 'plushbound' at '..\mods\contents_2959854988.pak'
[Info] Root: Detected asset source named 'Lit Tents' at '..\mods\contents_2960006717.pak'
[Info] Root: Detected asset source named 'pat_actionbarbinds' at '..\mods\contents_2962464896.pak'
[Info] Root: Detected asset source named 'MoreCannedFood_PATCH' at '..\mods\contents_2965482743.pak'
[Info] Root: Detected asset source named 'EnhancedStorageStarforge' at '..\mods\contents_2965496406.pak'
[Info] Root: Detected asset source named 'XRC_SWAPAUGMENTS' at '..\mods\contents_2967291460.pak'
[Info] Root: Detected asset source named 'Underground Spider Nest' at '..\mods\contents_2973603646.pak'
[Info] Root: Detected asset source named 'zcrab_bombresprite' at '..\mods\contents_2974524803.pak'
[Info] Root: Detected asset source named 'NekiCity' at '..\mods\contents_2976098002.pak'
[Info] Root: Detected asset source named 'Bruce's Compact Arsenal' at '..\mods\contents_2977384255.pak'
[Info] Root: Detected asset source named 'SDP' at '..\mods\contents_2979678524.pak'
[Info] Root: Detected asset source named 'Galaxy In Conflict - Red Sun Rising Expansion Pack' at '..\mods\contents_2980583814.pak'
[Info] Root: Detected asset source named 'manytabsforarcana' at '..\mods\contents_2980872125.pak'
[Info] Root: Detected asset source named 'lofty_savethewhales' at '..\mods\contents_2981084223.pak'
[Info] Root: Detected asset source named 'astraskitsunedialog' at '..\mods\contents_2982938140.pak'
[Info] Root: Detected asset source named 'FrackinConfigureMMQuickbarIcon' at '..\mods\contents_2983327908.pak'
[Info] Root: Detected asset source named 'GiC_Weapons_Pack' at '..\mods\contents_2983581962.pak'
[Info] Root: Detected asset source named 'U.S.C.M. Alt. Progression Mod' at '..\mods\contents_2992799707.pak'
[Info] Root: Detected asset source named 'ERM FU Meat Chunk patch' at '..\mods\contents_3009306245.pak'
[Info] Root: Detected asset source named 'destiny_ost_repl' at '..\mods\contents_3009820691.pak'
[Info] Root: Detected asset source named 'Elithian Energy Weapon FU Patch' at '..\mods\contents_3010955719.pak'
[Info] Root: Detected asset source named 'Elithian Craftable Flashlights' at '..\mods\contents_3014317291.pak'
[Info] Root: Detected asset source named 'ESAngels' at '..\mods\contents_2882305339.pak'
[Info] Root: Detected asset source named 'sg_es_patch' at '..\mods\contents_2314946092.pak'
[Info] Root: Detected asset source named 'Law Enforcement' at '..\mods\contents_2070856005.pak'
[Info] Root: Detected asset source named 'EnhancedStorageCumulative_PATCH' at '..\mods\contents_3008930556.pak'
[Info] Root: Detected asset source named 'ES-MatterExtractor_REBALANCED' at '..\mods\contents_3019188957.pak'
[Info] Root: Detected asset source named 'MPI_Frackin_Patch' at '..\mods\contents_3024829105.pak'
[Info] Root: Detected asset source named 'ArcanaTerraforgePatch' at '..\mods\contents_3029670850.pak'
[Info] Root: Detected asset source named 'BK3KCompat' at '..\mods\contents_2799920138.pak'
[Info] Root: Detected asset source named 'BK3KCompatAddon' at '..\mods\contents_3032664993.pak'
[Info] Root: Detected asset source named 'XRC_UPGRADEMODULESFORSPACESTATIONS' at '..\mods\contents_3034913399.pak'
[Info] Root: Detected asset source named 'HoloRuler' at '..\mods\contents_3036699000.pak'
[Info] Root: Detected asset source named 'FuzzierNekiFloof' at '..\mods\contents_3037288458.pak'
[Info] Root: Detected asset source named 'pfstarburst_betasuitpatch' at '..\mods\contents_3046915477.pak'
[Info] Root: Detected asset source named 'BookOfSpirits-ElithianRaces' at '..\mods\contents_3062232953.pak'
[Info] Root: Detected asset source named 'Frackin Patch For U.S.C.M. Alt. Progression mod' at '..\mods\contents_3071398361.pak'
[Info] Root: Detected asset source named 'Weather Lag Fix' at '..\mods\contents_3077933615.pak'
[Info] Root: Detected asset source named 'Pikachu_CityScaper_AlcoholicPoptops_Addon' at '..\mods\contents_3093874669.pak'
[Info] Root: Detected asset source named 'NekiStorage' at '..\mods\contents_3095436865.pak'
[Info] Root: Detected asset source named 'ExpandedMagnorbsGoodGamesFixes' at '..\mods\contents_3109616623.pak'
[Info] Root: Detected asset source named 'Pixel Equipment 2' at '..\mods\contents_3111667255.pak'
[Info] Root: Detected asset source named 'eggmech' at '..\mods\contents_3118274689.pak'
[Info] Root: Detected asset source named 'PeacekeepersArsenalGoodGamesFixes' at '..\mods\contents_3126098974.pak'
[Info] Root: Detected asset source named 'snipingcrew120' at '..\mods\contents_3140827067.pak'
[Info] Root: Detected asset source named 'Blue Archive Bunny chaser' at '..\mods\contents_3142820233.pak'
[Info] Root: Detected asset source named 'Calamity Fracking Music Addon' at '..\mods\contents_3160406285.pak'
[Info] Root: Detected asset source named 'MPI Neki' at '..\mods\contents_3165005488.pak'
[Info] Root: Detected asset source named 'antr_cosmeticEffects_utilityEffects' at '..\mods\contents_3166013233.pak'
[Info] Root: Detected asset source named 'ShellguardEngineerFix' at '..\mods\contents_3166567877.pak'
[Info] Root: Detected asset source named 'ShellguardFullbright' at '..\mods\contents_3166606156.pak'
[Info] Root: Detected asset source named 'Elithian Fullbright' at '..\mods\contents_3166608545.pak'
[Info] Root: Detected asset source named 'Neki Racial Descriptions for Mechineki' at '..\mods\contents_3181091861.pak'
[Info] Root: Detected asset source named 'Give the avian oculemonade - a small adjustment' at '..\mods\contents_3193965118.pak'
[Info] Root: Detected asset source named 'Double Jump Effect Retexture' at '..\mods\contents_3200546118.pak'
[Info] Root: Detected asset source named 'MPI Woof' at '..\mods\contents_3204590896.pak'
[Info] Root: Detected asset source named 'OmRaceTraits-DefaultTooltip' at '..\mods\contents_3208283582.pak'
[Info] Root: Detected asset source named 'Deremas SAIL chip' at '..\mods\contents_3219773602.pak'
[Info] Root: Detected asset source named 'paperwindowpatch' at '..\mods\contents_3222936740.pak'
[Info] Root: Detected asset source named 'reuseBottles' at '..\mods\contents_3223894534.pak'
[Info] Root: Detected asset source named 'CommunityClothingGathering' at '..\mods\contents_3255373921.pak'
[Info] Root: Detected asset source named 'NFOF' at '..\mods\contents_3277624648.pak'
[Info] Root: Detected asset source named 'MyEnterniaEnhancedStorage' at '..\mods\contents_3278292921.pak'
[Info] Root: Detected asset source named 'NPCs Keep Quest' at '..\mods\contents_3287628601.pak'
[Info] Root: Detected asset source named 'nnmm_starsuits' at '..\mods\contents_3289772696.pak'
[Info] Root: Detected asset source named 'Darker_Celestial_Shadows' at '..\mods\contents_3293208013.pak'
[Info] Root: Detected asset source named 'AAAreuseBottles' at '..\mods\contents_3299480450.pak'
[Info] Root: Detected asset source named 'M32reuseBottles' at '..\mods\contents_3299480629.pak'
[Info] Root: Detected asset source named 'CityboundGuardPatch' at '..\mods\contents_3308976351.pak'
[Info] Root: Detected asset source named 'antr_playerVoice' at '..\mods\contents_2608061089.pak'
[Info] Root: Detected asset source named 'PlayerVoicePatch' at '..\mods\contents_3318166719.pak'
[Info] Root: Detected asset source named 'frackinColander' at '..\mods\contents_3321953346.pak'
[Info] Root: Detected asset source named '(Objectively) Less Annoying Low Health Alarm' at '..\mods\contents_3354788395.pak'
[Info] Root: Detected asset source named 'Erchius Girl' at '..\mods\contents_3356730157.pak'
[Info] Root: Detected asset source named 'NEONPUNK Title screen [oSB] ' at '..\mods\contents_3359876550.pak'
[Info] Root: Detected asset source named 'kyt_rpghunger' at '..\mods\contents_3373211265.pak'
[Info] Root: Detected asset source named 'AnomsOutpostOverhaul_ProjectIrisil' at '..\mods\contents_3385818446.pak'
[Info] Root: Detected asset source named 'AnomsOutpostOverhaul_PixelEquipment' at '..\mods\contents_3385966710.pak'
[Info] Root: Detected asset source named 'felinsfurplus' at '..\mods\contents_729429377.pak'
[Info] Root: Detected asset source named 'ContainerUITweak' at '..\mods\contents_729524482.pak'
[Info] Root: Detected asset source named 'automaticDoors' at '..\mods\contents_729599895.pak'
[Info] Root: Detected asset source named 'Obe Monster Parts' at '..\mods\contents_729626550.pak'
[Info] Root: Detected asset source named 'Disabled drop for Survival Mode' at '..\mods\contents_729746228.pak'
[Info] Root: Detected asset source named 'Desert Music Restored' at '..\mods\contents_730353842.pak'
[Info] Root: Detected asset source named 'Ocean Music Restored' at '..\mods\contents_730360251.pak'
[Info] Root: Detected asset source named 'AnTiMonster' at '..\mods\contents_730745660.pak'
[Info] Root: Detected asset source named 'EverFrogg' at '..\mods\contents_730852387.pak'
[Info] Root: Detected asset source named 'Less Sky (RAM's version)' at '..\mods\contents_731035127.pak'
[Info] Root: Detected asset source named 'CompactCrops' at '..\mods\contents_731044896.pak'
[Info] Root: Detected asset source named 'StarboundGoodGamesFixes' at '..\mods\contents_3058028748.pak'
[Info] Root: Detected asset source named 'Neb_Tormentor' at '..\mods\contents_2170995740.pak'
[Info] Root: Detected asset source named 'nmm_unifiedgold' at '..\mods\contents_3195444456.pak'
[Info] Root: Detected asset source named 'nmm_vttp_omnicrafter' at '..\mods\contents_3277732919.pak'
[Info] Root: Detected asset source named 'nmm_vttp_modpatch' at '..\mods\contents_3277732237.pak'
[Info] Root: Detected asset source named 'cuteaegi' at '..\mods\contents_2656849369.pak'
[Info] Root: Detected asset source named 'ESStarry' at '..\mods\contents_2882305990.pak'
[Info] Root: Detected asset source named 'ESShattered' at '..\mods\contents_2882304309.pak'
[Info] Root: Detected asset source named 'utopiaeng' at '..\mods\contents_2212179822.pak'
[Info] Root: Detected asset source named 'ManyTabsKnightfallInventors' at '..\mods\contents_2818770472.pak'
[Info] Root: Detected asset source named 'FUSAILModdedRaceSupport' at '..\mods\contents_1411331676.pak'
[Info] Root: Detected asset source named 'Adventurer's Addons' at '..\mods\contents_2173629563.pak'
[Info] Root: Detected asset source named 'ManyTabsTerraforge1' at '..\mods\contents_3030902631.pak'
[Info] Root: Detected asset source named 'AvaliSFX' at '..\mods\contents_3164757879.pak'
[Info] Root: Detected asset source named 'ExtendedGUITerraforge' at '..\mods\contents_3030900103.pak'
[Info] Root: Detected asset source named 'Tougher Mobs with Better Loot!' at '..\mods\Tougher_Mobs_1.11.5.2_compat.pak'
[Info] Root: Detected asset source named 'nmm_vanillatweaks' at '..\mods\nmm_Vanilla_Tweaks_contents_3175132253.pak'
[Info] Root: Detected asset source named 'juuxfullbright' at '..\mods\contents_2900609045.pak'
[Info] Root: Detected asset source named 'aethertexreplace' at '..\mods\contents_1096159903.pak'
[Info] Root: Detected asset source named 'eikoThrowingHeart' at '..\mods\5_sxb_Throwing Heart 2.2.pak'
[Info] Root: Detected asset source named 'Skittle's Mega Crafter' at '..\mods\contents_1628020624.pak'
[Info] Root: Detected asset source named 'reussfixstarbound' at '..\mods\contents_2884298247.pak'
[Info] Root: Detected asset source named 'Magic Labels' at '..\mods\contents_751868467.pak'
[Info] Root: Detected asset source named 'Lox_Maid4U' at '..\mods\10_sxb_Lox_Maid4U.pak'
[Info] Root: Detected asset source named 'sexy_globaura' at '..\mods\10_sxb_Sexbound-Globaura-2.1.pak'
[Info] Root: Detected asset source named 'lox_gofuckyourself' at '..\mods\10_sxb_lox_gofuckyourself.pak'
[Info] Root: Detected asset source named 'bc_icons_blocks' at '..\mods\Better_Icons_contents_1642552023.pak'
[Info] Root: Detected asset source named 'techRework' at '..\mods\contents_3293271257.pak'
[Info] Root: Detected asset source named 'SuperCityPack' at '..\mods\contents_3030908648.pak'
[Info] Root: Detected asset source named 'nuggubsmegamod' at '..\mods\contents_2735634052.pak'
[Info] Root: Detected asset source named 'nmm_enstorpatch' at '..\mods\contents_3019677199.pak'
[Info] Root: Detected asset source named 'SDP_MPI_Patch' at '..\mods\contents_2980863873.pak'
[Info] Root: Detected asset source named 'SexboundAPI_Felin' at '..\mods\20_sxb_SexBound_Cuter_Felin.pak'
[Info] Root: Detected asset source named 'Sexbound_Avali' at '..\mods\20_sxb_Sexbound-Race-Avali0.3.2.src.pak'
[Info] Root: Detected asset source named 'Sexbound_Kemono' at '..\mods\20_sxb_Sexbound_Kemono.pak'
[Info] Root: Detected asset source named 'sexbound kitsune moans' at '..\mods\20_sxb_Sexbound_Kitsune_Moans_Support.pak'
[Info] Root: Detected asset source named 'Sexbound_Lucario' at '..\mods\20_sxb_Sexbound_Lucario.pak'
[Info] Root: Detected asset source named 'kawaiistuffsupports' at '..\mods\20_sxb_kawaiistuffsupports.pak'
[Info] Root: Detected asset source named 'DRG Underground  Music Replace' at '..\mods\contents_2865310071.pak'
[Info] Root: Detected asset source named 'sexbound_arcanaraces' at '..\mods\20_sxb_sexbound_arcanaraces.pak'
[Info] Root: Detected asset source named 'many_tabs2' at '..\mods\contents_956247051.pak'
[Info] Root: Detected asset source named 'SxB-Races_Viera' at '..\mods\SxB-Races_Viera_v3.0.pak'
[Info] Root: Detected asset source named 'SexboundAPI_GiCcute' at '..\mods\sxb_Sexbound_GiC.pak'
[Info] Root: Detected asset source named 'sexbound_Lamia' at '..\mods\SxB-Lamia.pak'
[Info] Root: Detected asset source named 'Shellguard Tweaks' at '..\mods\contents_2553602050.pak'
[Info] Root: Detected asset source named 'Lewdbound' at '..\mods\20_sxb_Lewdbound_0.7.0_compat.pak'
[Info] Root: Detected asset source named 'CleanMattresses' at '..\mods\25_sxb_CleanMattresses.pak'
[Info] Root: Detected asset source named 'Recipe Browser RPG Growth - Patch' at '..\mods\contents_2172686376.pak'
[Info] Root: Detected asset source named 'rb_patch_fu' at '..\mods\contents_2018986916.pak'
[Info] Root: Detected asset source named 'rb_patch_elithianraces' at '..\mods\contents_2019615322.pak'
[Info] Root: Detected asset source named 'rb_patch_avalibase' at '..\mods\contents_2019615016.pak'
[Info] Root: Detected unnamed asset source at '..\mods\contents_1969427709.pak'
[Info] Root: Detected asset source named 'ManyTabsTerraforge2' at '..\mods\contents_3030903277.pak'
[Info] Root: Detected asset source named 'pov_redux' at '..\mods\SxB-POV_Redux_masterbate_420.pak'
[Info] Root: Detected asset source named 'nmm-priceadjustments' at '..\mods\contents_3298510103.pak'
[Info] Root: Detected asset source named 'sx_brothel' at '..\mods\99_sxb_brothel.pak'
[Info] Root: Detected asset source named 'Mega Bosses - Health + Damage' at '..\mods\vanila_boss_hpdmg_contents_3333222908.pak'
[Info] Root: Detected asset source named 'Player UI Redone' at '..\mods\contents_892426652.pak'
[Info] Root: Detected asset source named 'Titillating Tentacle Porn Pack' at '..\mods\sxb_TTPPv2.pak'
[Info] Root: Detected asset source named 'enhancedelementalstatuseffects' at '..\mods\Enhanced_Elemental_Effects_contents_3011438445.pak'
[Info] Root: Detected asset source named 'macrochip' at '..\mods\contents_3037236777.pak'
[Info] Root: Detected asset source named 'meido-FU' at '..\mods\contents_3374297401.pak'
[Info] Root: Detected asset source named 'I don't have time for that' at '..\mods\100_skip_warp_contents_3354114852.pak'
[Info] Root: Detected asset source named 'fuchsia_returns' at '..\mods\100_sxb_fuchsia_returns.pak'
[Info] Root: Detected asset source named 'sexbound_sexobject_felinholo' at '..\mods\100_sxb_sexbound_sexobject_felinholo.pak'
[Info] Root: Detected asset source named 'Angels - FU Armor Patch' at '..\mods\contents_2826222679.pak'
[Info] Root: Detected asset source named 'fu_copperarmor_price_fix' at '..\mods\fu_copperarmor_price_fix'
[Info] Root: Detected asset source named 'sexbound_ebterramons' at '..\mods\sxbEBsTerramonsRework1.1.4.pak'
[Info] Root: Detected asset source named 'sexbound_cb' at '..\mods\101_sxb_sexbound_cb.pak'
[Info] Root: Detected asset source named 'TTPP_MPI_patch' at '..\mods\101_sxb_TTPP_MPI_patch.pak'
[Info] Root: Detected asset source named 'TTPP cutebound furnitures' at '..\mods\sxb_TTPP_Cutebound.pak'
[Info] Root: Detected asset source named 'Lucario POV addon' at '..\mods\102_SxB-Lucario_POV_Addon.pak'
[Info] Root: Detected asset source named 'lustbound_aphroditesbow' at '..\mods\210_sxb_lustbound_aphroditesbow.pak'
[Info] Root: Detected asset source named 'lustbound_omnibrowser' at '..\mods\211_sxb_lustbound_omnibrowser.pak'
[Info] Root: Detected asset source named 'lustbound_omnibrowser_unclog' at '..\mods\211_sxb_lustbound_omnibrowser_unclog.pak'
[Info] Root: Detected asset source named 'lustbound_lewdboundmattresses' at '..\mods\220_sxb_lustbound_lewdboundmattresses.pak'
[Info] Root: Detected asset source named 'lustbound_friskyfelin' at '..\mods\220_sxb_lustbound_friskyfelin.pak'
[Info] Root: Detected asset source named 'lustbound_globaura' at '..\mods\220_sxb_lustbound_globaura.pak'
[Info] Root: Detected asset source named 'lustbound_gofuckyourself' at '..\mods\220_sxb_lustbound_gofuckyourself.pak'
[Info] Root: Detected asset source named 'lustbound_lewdbound' at '..\mods\220_sxb_lustbound_lewdbound.pak'
[Info] Root: Detected asset source named 'SupremeExvoidimus' at '..\mods\SupremeExvoidimus_2441120266.pak'
[Info] Root: Detected asset source named 'SxB_MimicSupport' at '..\mods\322_SxB_MimicSupport.pak'
[Info] Root: Detected asset source named 'aphrodites_sbr_patch' at '..\mods\SBR Aphrodites Bow patch'
[Info] Root: Detected asset source named 'AllTeleportersPlatformized' at '..\mods\contents_2727658868.pak'
[Info] Root: Detected asset source named 'sexbound_TeratophiliaScenesPack' at '..\mods\SxB_-_TemTems_Teratoscenes.pak'
[Info] Root: Detected asset source named 'bl3mayhemmode' at '..\mods\mayhem_contents_3374288336.pak'
[Info] Root: Detected asset source named 'City.modularpatch.AddOther4Colors2City' at '..\mods\contents_2871779394.pak'
[Info] Root: Detected asset source named 'Lustling Race Traits Update' at '..\mods\997_sxb_Lustlings_1.2.9_clean.pak'
[Info] Root: Detected asset source named 'Lustling Enhanced Storage' at '..\mods\998_Enhanced Storage - Lustlings.pak'
[Info] Root: Detected asset source named 'Custom races inventory fix' at '..\mods\contents_1982486298.pak'
[Info] Root: Detected asset source named 'antr_biggerTeleportGUI_4x' at '..\mods\contents_2494853338.pak'
[Info] Root: Detected asset source named 'angelsailreplacer' at '..\mods\contents_2287610979.pak'
[Info] Root: Detected asset source named 'FU RACES PATCH' at '..\mods\contents_3145769397.pak'
[Info] Root: Detected asset source named 'Glitch Lights Full Bright' at '..\mods\contents_2440033332.pak'
[Info] Root: Detected asset source named 'Armor Lights Full Bright' at '..\mods\contents_2440256472.pak'
[Info] Root: Detected asset source named 'FUBYOSRACESPATCH' at '..\mods\contents_3145129643.pak'
[Info] Root: Detected asset source named 'FUBYOSModdedRaceSupport' at '..\mods\999_FUBYOSModdedRaceSupport-main'
[Info] Root: Detected asset source named 'woof race_byos_support' at '..\mods\contents_2927818361.pak'
[Info] Root: Detected asset source named 'Lamia FR-FU Patch' at '..\mods\contents_1929091560.pak'
[Info] Root: Detected asset source named 'The Angels of Starbound - FR/FU Patch' at '..\mods\contents_1928972521.pak'
[Info] Root: Detected asset source named 'FUBYOSGiCRacePatch' at '..\mods\contents_2876535509.pak'
[Info] Root: Detected asset source named 'Adventurer's Addons Patch' at '..\mods\contents_2912589725.pak'
[Info] Root: Detected asset source named 'Nightar FU Desc fix' at '..\mods\contents_2141947777.pak'
[Info] Root: Detected asset source named 'Maple32 Glutt FU/FR Patch' at '..\mods\contents_2777148528.pak'
[Info] Root: Detected asset source named 'BookOfSpirits-NamesForAllNPC' at '..\mods\contents_3065586024.pak'
[Info] Root: Detected asset source named 'Alta FU Patch+' at '..\mods\contents_3048977458.pak'
[Info] Root: Detected asset source named 'Nightar & FU Nightar shiplocker FU fix' at '..\mods\contents_1964557400.pak'
[Info] Root: Detected asset source named 'blshieldcleanbars' at '..\mods\Player_Healthbar_Clean_contents_3384559894.pak'
[Info] Root: Detected asset source named 'sexbound_Neki_Pov' at '..\mods\1000_SxB-Neki_POV_Addon.pak'
[Info] Root: Detected asset source named 'FREX' at '..\mods\contents_1608905076.pak'
[Info] Root: Detected asset source named 'antr_playerVoice_allEmotes' at '..\mods\contents_2611377283.pak'
[Info] Root: Detected asset source named 'mechdetailedstats' at '..\mods\mechdata_contents_3386957026.pak'
[Info] Root: Detected asset source named 'Lustling Race more colors' at '..\mods\1010_sxb_Lustling Race more colors.pak'
[Info] Root: Detected asset source named 'Tentacle Enhanced Storage' at '..\mods\1100_sxb_TTPP_Tentacle Enhanced Storage.pak'
[Info] Root: Detected asset source named 'Titanbound FU Patch ' at '..\mods\contents_2983087701.pak'
[Info] Root: Detected asset source named 'The Cutieverse - Space Navigation Reskin' at '..\mods\contents_2988576904.pak'
[Info] Root: Detected asset source named 'Fullbright Avali Holograms' at '..\mods\contents_2992119945.pak'
[Info] Root: Detected asset source named 'spicedMenuMusic' at '..\mods\contents_3225377547.pak'
[Info] Root: Detected asset source named 'spicedMenuMusic_Arcana' at '..\mods\contents_3225378587.pak'
[Info] Root: Detected asset source named 'spicedMenuMusic_Betabound' at '..\mods\contents_3225378671.pak'
[Info] Root: Detected asset source named 'spicedMenuMusic_Frackin' at '..\mods\contents_3225378740.pak'
[Info] Root: Detected asset source named 'spicedMenuMusic_WeepNot' at '..\mods\contents_3225378807.pak'
[Info] Root: Detected asset source named 'mechcompatload' at '..\mods\mech_load_contents_3371011064.pak'
[Info] Root: Detected asset source named 'npcmechhealthbars' at '..\mods\mech_bar_contents_3390657059.pak'
[Info] Root: Detected asset source named '[GIC] FU armor with GIC augment' at '..\mods\contents_3015818996.pak'
[Info] Root: Detected asset source named '[GIC]Cyberpunk 2077 Weapon pack' at '..\mods\gic_cyber_contents_3044827572.pak'
[Info] Root: Detected asset source named 'GiC_Otherworlds_Music' at '..\mods\GIC_Otherworlds_Music_contents_3731147091.pak'
[Info] Root: Detected asset source named '[GIC] Black Ops' at '..\mods\contents_2979732554.pak'
[Info] Root: Detected asset source named 'GiC_Otherworlds' at '..\mods\GIC_Otherworlds_contents_3731148374.pak'
[Info] Root: Detected asset source named 'FUTweakedStory' at '..\mods\FU_Tweaked_Story_contents_3157772971.pak'
[Info] Root: Detected asset source named 'FU Extraction Patch for Arcana (Fixed)' at '..\mods\FU_Extraction_Arcana_contents_3350051925.pak'
[Info] Root: Detected asset source named 'MWH's Gelsemis [FU PATCH]' at '..\mods\contents_3133663078.pak'
[Info] Root: Detected asset source named 'SmartCrew' at '..\mods\contents_1732808640.pak'
[Info] Root: Detected asset source named 'FREXfix' at '..\mods\contents_2601450656.pak'
[Info] Root: Detected asset source named 'NPC Controller' at '..\mods\contents_2643364844.pak'
[Info] Root: Detected asset source named 'vanillafoodpatch' at '..\mods\contents_1830330047.pak'
[Info] Root: Detected asset source named 'RandomNPCDialogue' at '..\mods\contents_3088086087.pak'
[Info] Root: Detected asset source named 'avalifoodpatch' at '..\mods\contents_1830331363.pak'
[Info] Root: Detected asset source named 'RPG_Growth_Fix' at '..\mods\contents_2017600718.pak'
[Info] Root: Detected asset source named 'Neo Re-sprite' at '..\mods\contents_2395650902.pak'
[Info] Root: Detected asset source named 'tba_es_patch' at '..\mods\Black_Armory_Enhanced_Storage_contents_2263440896.pak'
[Info] Root: Detected asset source named 'RPG_Growth_no_particles' at '..\mods\contents_2846035010.pak'
[Info] Root: Detected asset source named 'monstercompatloader' at '..\mods\mon_loader_contents_2442873217.pak'
[Info] Root: Detected asset source named 'galaxy_in_conflict_coreasset_codexexpander' at '..\mods\galaxy_in_conflict_coreasset_codexexpander'
[Info] Root: Detected asset source named 'RPG Growth Tabs & Profession Retexture ' at '..\mods\contents_2433700417.pak'
[Info] Root: Detected asset source named 'Damage Particles' at '..\mods\Improved_Damage_Particles_contents_2451489168.pak'
[Info] Root: Detected asset source named 'tdg-gic-enhanced-storage' at '..\mods\contents_3192167067.pak'
[Info] Root: Detected asset source named 'BK3K-GIC_Compatibility' at '..\mods\GIC_BK3K_Sorting_Compat_contents_3778034807.pak'
[Info] Root: Detected asset source named 'z4galacticdungeonsfrackin' at '..\mods\contents_2009993372.pak'
[Info] Root: Detected asset source named 'FU-Redemption integration patch' at '..\mods\FU_RedemptionPatch_contents_2185949973.pak'
[Info] Root: Detected asset source named 'LewdFluidDesc' at '..\mods\39827_sxb_LewdFluidDesc.pak'
[Info] Root: Detected asset source named 'RPG Growth FU Recipe Balance Patch' at '..\mods\contents_1952112607.pak'
[Info] Root: Detected asset source named 'raiizysforge' at '..\mods\contents_2468984308.pak'
[Info] Root: Detected asset source named 'FU - Fixed Helmets' at '..\mods\contents_2843733950.pak'
[Info] Root: Detected asset source named 'GiC Logo Remover' at '..\mods\contents_3138628476.pak'
[Info] Root: Detected asset source named 'Even Less Dead Moons' at '..\mods\contents_2388120601.pak'
[Info] Root: Detected asset source named 'Less Dead Moons - Reduced Spawn Rate' at '..\mods\contents_2471939344.pak'
[Info] Root: Detected asset source named 'MusicalMoons' at '..\mods\contents_1829295532.pak'
[Info] Root: Detected asset source named 'raiizysforgeCE' at '..\mods\contents_2903240740.pak'
[Info] Root: Detected asset source named 'Nebulox_Echo_Relics_Of_Revengeance' at '..\mods\contents_2916902416.pak'
[Info] Root: Detected asset source named 'Drone and Turret Reskin' at '..\mods\ganransu_turretNdrone_2905283163.pak'
[Info] Root: Detected asset source named '[GIC] Galaxy in Conflict Reskin patch' at '..\mods\gic_reskin_contents_3090704586.pak'
[Info] Root: Detected asset source named 'CuterKirhos' at '..\mods\contents_1594682555.pak'
[Info] Root: Detected asset source named '[GIC]Glitch Reskin patch' at '..\mods\gic_gl_reskin_contents_3400895443.pak'
[Info] Root: Detected asset source named 'cmdr_mechinekiplayervoicepatch' at '..\mods\contents_3277803571.pak'
[Info] Root: Detected asset source named 'Detailed Ship Encounters' at '..\mods\contents_2548423095.pak'
[Info] Root: Detected asset source named 'NPC Mechs Declutter' at '..\mods\contents_2917219987.pak'
[Info] Root: Detected asset source named 'No More Party Music for Frackin' Universe' at '..\mods\100000000_No_FU_Party_contents_2564952144.pak'
[Info] Root: Detected asset source named 'BlinkyEyes' at '..\mods\100000001_eyeBlink_contents_1807482741.pak'
[Info] Root: Detected asset source named 'SlowerSpaceGasRotation' at '..\mods\100000002_Slower_Gas_contents_3387581763.pak'
[Info] Root: Detected asset source named 'Armok's Assorted Mod Fixes and Tweaks' at '..\mods\Armok_Fixes_5.4_compat.pak'
[Info] Root: Detected asset source named 'Relics of Revengence - Solus Song' at '..\mods\contents_3383344702.pak'
[Info] Root: Detected asset source named 'XRC_ITEMNAMES' at '..\mods\contents_2283501469.pak'
[Info] Root: Detected asset source named 'Ruincalboss' at '..\mods\999990101_Ruincalboss_contents_2912289180.pak'
[Info] Root: Detected asset source named 'NO FPS CAP' at '..\mods\0_a_OPTION_MOD_999998013_FPS_60_cap_skipfix_remover_contents_2950845790.pak'
[Info] Root: Detected asset source named 'Stop That Damn Flicker!' at '..\mods\999998012_stop_flicker_fps_contents_771695952.pak'
[Info] Root: Detected asset source named 'Optimized Weather - Frackin Universe' at '..\mods\999998011_Optimized_Weather_FU_contents_3078794530.pak'
[Info] Root: Detected asset source named 'Optimized Weather - Vanilla' at '..\mods\999998010_Optimized_Weather_Vanilla_contents_3078788080.pak'
[Info] Root: Detected asset source named 'Futara's Dragon Race Addon Energy Beam' at '..\mods\999998002_futaraEnergyBeamAddOn.pak'
[Info] Root: Detected asset source named 'Futara's Dragon Race Addon Energy Orb' at '..\mods\999998001_futaraEnergyOrbAddOn.pak'
[Info] Root: Detected asset source named 'ffxiv_viera_fucking_racist' at '..\mods\999999200_ffxiv_viera_blueprint_compat.pak'
[Info] Root: Detected asset source named 'female_overhaul' at '..\mods\zz_female_overhaul.pak'
[Info] Root: Detected asset source named 'captain_noble_cuter_place' at '..\mods\999999901_sxb_cuter_captin_contents_2961295192.pak'
[Info] Root: Detected asset source named 'Cutebound2' at '..\mods\999999900_sxb_cuter2_contents_761242493.pak'
[Info] Root: Detected asset source named 'Cuter Chucklefish' at '..\mods\999999900_holo_roading_contents_1662954134.pak'
[Info] Root: Detected asset source named 'RedoneEncounters' at '..\mods\contents_1974816168.pak'
[Info] Root: Detected asset source named 'fuck_u_trace_back' at '..\mods\999999980_fuck_u_trace_back.pak'
[Info] Root: Detected asset source named 'whatmenu' at '..\mods\999999910_whatmenu.pak'
[Info] Root: Detected asset source named 'female_translation' at '..\mods\female_translation.pak'
[Info] Root: Detected asset source named 'zz_localeko_highpriority_20260927' at '..\mods\zz_localeko_highpriority_20260927.pak'
[Info] Root: Detected asset source named 'zzz_diag_objdump' at '..\mods\zzz_diag_objdump'
[Info] Root: Detected unnamed asset source at '..\assets\user'
[Info] Loading assets from: '..\assets\packed.pak'
[Info] Loading assets from: '..\mods\Patch_Project_contents_1543219534.pak'
[Info] Loading assets from: '..\assets\opensb.pak'
[Info] Loading assets from: '..\mods\-9998_trans_sbkor_0.98_structfix.pak'
[Info] Loading assets from: '..\mods\999998000_futara_engine_contents_2297133082.pak'
[Info] Loading assets from: '..\mods\-9992_Parallax_fps_contents_885877773.pak'
[Info] Loading assets from: '..\mods\-9991_No_Sandstorm_contents1257128625.pak'
[Info] Loading assets from: '..\mods\-9991_no_duststorm_midnight_contents_1247812383.pak'
[Info] Loading assets from: '..\mods\-9991_weater_no_black_fall_contents_2755456682.pak'
[Info] Loading assets from: '..\mods\Stardust_Core_contents_764887546.pak'
[Info] Loading assets from: '..\mods\-9700_Elithian_contents_850109963.pak'
[Info] Loading assets from: '..\mods\contents_945707062.pak'
[Info] Loading assets from: '..\mods\contents_958539829.pak'
[Info] Loading assets from: '..\mods\contents_2601606862.pak'
[Info] Loading assets from: '..\mods\Saturnians_contents_1103027918.pak'
[Info] Loading assets from: '..\mods\contents_1371648124.pak'
[Info] Loading assets from: '..\mods\contents_1396610566.pak'
[Info] Loading assets from: '..\mods\contents_1356955138.pak'
[Info] Loading assets from: '..\mods\contents_947429656.pak'
[Info] Loading assets from: '..\mods\Extended_Story_contents_899795176.pak'
[Info] Loading assets from: '..\mods\contents_1300828186.pak'
[Info] Loading assets from: '..\mods\ffxiv_viera_contents_732276079.pak'
[Info] Loading assets from: '..\mods\Felin_contents_729429063.pak'
[Info] Loading assets from: '..\mods\contents_779096734.pak'
[Info] Loading assets from: '..\mods\contents_851781339.pak'
[Info] Loading assets from: '..\mods\contents_882900100.pak'
[Info] Loading assets from: '..\mods\FrackinUniverse_contents_729480149.pak'
[Info] Loading assets from: '..\mods\trans+Avali_contents_729558042.pak'
[Info] Loading assets from: '..\mods\More_Planet_Info_contents_1117007107.pak'
[Info] Loading assets from: '..\mods\contents_2177711780.pak'
[Info] Loading assets from: '..\mods\Bookstore_contents_1108897518.pak'
[Info] Loading assets from: '..\mods\Book_of_Spirits_2.0_compat.pak'
[Info] Loading assets from: '..\mods\contents_1761193918.pak'
[Info] Loading assets from: '..\mods\contents_3269792617.pak'
[Info] Loading assets from: '..\mods\contents_1102394541.pak'
[Info] Loading assets from: '..\mods\Project_Redemption_12.3_FU_SBKor_compat.pak'
[Info] Loading assets from: '..\mods\UnderstaffedPeacekeepers_contents_3133450581.pak'
[Info] Loading assets from: '..\mods\contents_3270016569.pak'
[Info] Loading assets from: '..\mods\-9800_radio_Meteion_holo'
[Info] Loading assets from: '..\mods\contents_3242163103.pak'
[Info] Loading assets from: '..\mods\-9000_Quest Manager Optimizer (FU)_contents_2914217512.pak'
[Info] Loading assets from: '..\mods\mechcore_contents_3371002682.pak'
[Info] Loading assets from: '..\mods\Monster_Core_contents_2442860690.pak'
[Info] Loading assets from: '..\mods\-8900_fu_blackradio_contents_2780671377.pak'
[Info] Loading assets from: '..\mods\-7000_EEs_contents_1790667104.pak'
[Info] Loading assets from: '..\mods\Futara_Shader_contents_2422986190.pak'
[Info] Loading assets from: '..\mods\-2500_trans+FFS_Feast_of_Fire_and_Smoke_heal_fix.pak'
[Info] Loading assets from: '..\mods\contents_2870027331.pak'
[Info] Loading assets from: '..\mods\Galaxy_in_Conflict_contents_2754886445.pak'
[Info] Loading assets from: '..\mods\-8999_Optimizer_contents_2777369762.pak'
[Info] Loading assets from: '..\mods\gic_4_3_compat_fixes'
[Info] Loading assets from: '..\mods\More_Teleportz_contents_1543782525.pak'
[Info] Loading assets from: '..\mods\More_Outpost_contents_1635522739.pak'
[Info] Loading assets from: '..\mods\contents_2468903056.pak'
[Info] Loading assets from: '..\mods\SxB-Relayer09.pak'
[Info] Loading assets from: '..\mods\sexbound-reborn-1.2_r3h2.pak'
[Info] Loading assets from: '..\mods\sexbound-reborn-config'
[Info] Loading assets from: '..\mods\contents_729426797.pak'
[Info] Loading assets from: '..\mods\useapexpod_v1.6_860578021.pak'
[Info] Loading assets from: '..\mods\contents_1417364378.pak'
[Info] Loading assets from: '..\mods\contents_2359135864.pak'
[Info] Loading assets from: '..\mods\om_Divine_Planet_contents_2548371664.pak'
[Info] Loading assets from: '..\mods\Enhanced_Storage_contents_731220462.pak'
[Info] Loading assets from: '..\mods\contents_2604255131.pak'
[Info] Loading assets from: '..\mods\contents_2582440502.pak'
[Info] Loading assets from: '..\mods\contents_2022935092.pak'
[Info] Loading assets from: '..\mods\Starry_Planets_contents_2157200368.pak'
[Info] Loading assets from: '..\mods\-1000_angel_contents_1686520464.pak'
[Info] Loading assets from: '..\mods\contents_2659254416.pak'
[Info] Loading assets from: '..\mods\racetrait_contents_2622273194.pak'
[Info] Loading assets from: '..\mods\usebathtubs_v1.3_862287085.pak'
[Info] Loading assets from: '..\mods\contents_2611501999.pak'
[Info] Loading assets from: '..\mods\sxb_NekiSxB.pak'
[Info] Loading assets from: '..\mods\sxb_NekiFloofSxB.pak'
[Info] Loading assets from: '..\mods\-60_sxb_Lox_AphroditesBow.pak'
[Info] Loading assets from: '..\mods\galaxy_in_conflict_coreasset_reverter_space'
[Info] Loading assets from: '..\mods\galaxy_in_conflict_coreasset_reverter_crafting'
[Info] Loading assets from: '..\mods\contents_1119086325.pak'
[Info] Loading assets from: '..\mods\contents_2966549181.pak'
[Info] Loading assets from: '..\mods\FFS_Dungeons_contents_2124858525.pak'
[Info] Loading assets from: '..\mods\FFS--Rylasasin Edition_contents_2312074020.pak'
[Info] Loading assets from: '..\mods\El_Race_fix_contents_3053738400.pak'
[Info] Loading assets from: '..\mods\contents_733968776.pak'
[Info] Loading assets from: '..\mods\contents_3149193954.pak'
[Info] Loading assets from: '..\mods\contents_2010883172.pak'
[Info] Loading assets from: '..\mods\contents_2123652964.pak'
[Info] Loading assets from: '..\mods\contents_2139248963.pak'
[Info] Loading assets from: '..\mods\contents_1385230137.pak'
[Info] Loading assets from: '..\mods\trans+Stargate_Invasion_contents_1195446899.pak'
[Info] Loading assets from: '..\mods\-1_sxb_lovelywhipsname.pak'
[Info] Loading assets from: '..\mods\GIC_BK3K_Base_Compat_contents_3700097203.pak'
[Info] Loading assets from: '..\mods\-1_sxb_Lox_OmniBrowser.pak'
[Info] Loading assets from: '..\mods\contents_2977650123.pak'
[Info] Loading assets from: '..\mods\contents_729426722.pak'
[Info] Loading assets from: '..\mods\contents_731354142.pak'
[Info] Loading assets from: '..\mods\contents_731465268.pak'
[Info] Loading assets from: '..\mods\0_sxb_lox_statueofdibella.pak'
[Info] Loading assets from: '..\mods\0_sxb_sexbound_kitsunerace.pak'
[Info] Loading assets from: '..\mods\contents_731489261.pak'
[Info] Loading assets from: '..\mods\contents_731549837.pak'
[Info] Loading assets from: '..\mods\contents_732371478.pak'
[Info] Loading assets from: '..\mods\contents_732985336.pak'
[Info] Loading assets from: '..\mods\contents_733212338.pak'
[Info] Loading assets from: '..\mods\contents_735253889.pak'
[Info] Loading assets from: '..\mods\contents_735568821.pak'
[Info] Loading assets from: '..\mods\contents_735909966.pak'
[Info] Loading assets from: '..\mods\contents_736040778.pak'
[Info] Loading assets from: '..\mods\contents_736061228.pak'
[Info] Loading assets from: '..\mods\contents_736752766.pak'
[Info] Loading assets from: '..\mods\contents_737195784.pak'
[Info] Loading assets from: '..\mods\contents_742434873.pak'
[Info] Loading assets from: '..\mods\contents_742893572.pak'
[Info] Loading assets from: '..\mods\contents_744621236.pak'
[Info] Loading assets from: '..\mods\contents_745519873.pak'
[Info] Loading assets from: '..\mods\contents_746884345.pak'
[Info] Loading assets from: '..\mods\contents_749382770.pak'
[Info] Loading assets from: '..\mods\contents_749386227.pak'
[Info] Loading assets from: '..\mods\contents_750140864.pak'
[Info] Loading assets from: '..\mods\contents_752112050.pak'
[Info] Loading assets from: '..\mods\contents_753833699.pak'
[Info] Loading assets from: '..\mods\contents_771819285.pak'
[Info] Loading assets from: '..\mods\contents_773691656.pak'
[Info] Loading assets from: '..\mods\contents_776078387.pak'
[Info] Loading assets from: '..\mods\contents_784179199.pak'
[Info] Loading assets from: '..\mods\contents_810113582.pak'
[Info] Loading assets from: '..\mods\contents_817468961.pak'
[Info] Loading assets from: '..\mods\contents_832872255.pak'
[Info] Loading assets from: '..\mods\contents_838356389.pak'
[Info] Loading assets from: '..\mods\contents_853665529.pak'
[Info] Loading assets from: '..\mods\contents_730378641.pak'
[Info] Loading assets from: '..\mods\contents_869900472.pak'
[Info] Loading assets from: '..\mods\contents_872296411.pak'
[Info] Loading assets from: '..\mods\contents_874199496.pak'
[Info] Loading assets from: '..\mods\contents_879789773.pak'
[Info] Loading assets from: '..\mods\contents_889490070.pak'
[Info] Loading assets from: '..\mods\contents_895140470.pak'
[Info] Loading assets from: '..\mods\contents_898712767.pak'
[Info] Loading assets from: '..\mods\contents_907927613.pak'
[Info] Loading assets from: '..\mods\contents_924665383.pak'
[Info] Loading assets from: '..\mods\contents_931757634.pak'
[Info] Loading assets from: '..\mods\999999100_pixels_death_contents_3350355857.pak'
[Info] Loading assets from: '..\mods\contents_935934101.pak'
[Info] Loading assets from: '..\mods\contents_943636021.pak'
[Info] Loading assets from: '..\mods\contents_943651005.pak'
[Info] Loading assets from: '..\mods\contents_943655618.pak'
[Info] Loading assets from: '..\mods\contents_943657010.pak'
[Info] Loading assets from: '..\mods\contents_943658087.pak'
[Info] Loading assets from: '..\mods\contents_943659349.pak'
[Info] Loading assets from: '..\mods\contents_943792285.pak'
[Info] Loading assets from: '..\mods\All_Items_Stack_contents_3370469697.pak'
[Info] Loading assets from: '..\mods\Anter583_contents_2144215143.pak'
[Info] Loading assets from: '..\mods\contents_943793477.pak'
[Info] Loading assets from: '..\mods\Avali Plus_contents_1636662922.pak'
[Info] Loading assets from: '..\mods\bd_hpbar_fix_contents_2225813517.pak'
[Info] Loading assets from: '..\mods\bd_player_bar_contents_2437888263.pak'
[Info] Loading assets from: '..\mods\BL3_Clean_Texture_contents_2229880801.pak'
[Info] Loading assets from: '..\mods\trans+Shellguard_contents_1563376005.pak'
[Info] Loading assets from: '..\mods\BL3_Shellguard_Addon_contents_2225814372.pak'
[Info] Loading assets from: '..\mods\contents_943794573.pak'
[Info] Loading assets from: '..\mods\Black_Armory_4.2.5_FU_NEKI_compat.pak'
[Info] Loading assets from: '..\mods\contents_1938886559.pak'
[Info] Loading assets from: '..\mods\Craftable_Seeds_Avali_1.0_compat.pak'
[Info] Loading assets from: '..\mods\Craftable_Seeds_FU_1.1_compat.pak'
[Info] Loading assets from: '..\mods\Cruise_contents_1660547150.pak'
[Info] Loading assets from: '..\mods\HLib_contents_1189065705.pak'
[Info] Loading assets from: '..\mods\contents_946227505.pak'
[Info] Loading assets from: '..\mods\StardustLibPost.pak'
[Info] Loading assets from: '..\mods\contents_2018183533.pak'
[Info] Loading assets from: '..\mods\starburst_contents_3025139283.pak'
[Info] Loading assets from: '..\mods\Enternia_contents_2006558650.pak'
[Info] Loading assets from: '..\mods\enemy_mech_contents_3390666416.pak'
[Info] Loading assets from: '..\mods\FFS_Dungeon_Tweaks_contents_2834081743.pak'
[Info] Loading assets from: '..\mods\contents_952424668.pak'
[Info] Loading assets from: '..\mods\FU_KO_contents_3166424163.pak'
[Info] Loading assets from: '..\mods\contents_953251013.pak'
[Info] Loading assets from: '..\mods\contents_954995970.pak'
[Info] Loading assets from: '..\mods\Fetish Stuff 2.0.0'
[Info] Loading assets from: '..\mods\Font.pak'
[Info] Loading assets from: '..\mods\contents_960708990.pak'
[Info] Loading assets from: '..\mods\contents_961347741.pak'
[Info] Loading assets from: '..\mods\contents_962379099.pak'
[Info] Loading assets from: '..\mods\Galactic_Dungeons_contents_2009744270.pak'
[Info] Loading assets from: '..\mods\HLibPlus_contents_2919826588.pak'
[Info] Loading assets from: '..\mods\contents_965461640.pak'
[Info] Loading assets from: '..\mods\LR_dynamic_contents_3400223391.pak'
[Info] Loading assets from: '..\mods\Less_Annoying_Weather_rev1_compat.pak'
[Info] Loading assets from: '..\mods\Lottery_contents_1131927758.pak'
[Info] Loading assets from: '..\mods\No_Protectorate_Spinner_2497566233.pak'
[Info] Loading assets from: '..\mods\contents_3534582033.pak'
[Info] Loading assets from: '..\mods\contents_1945946369.pak'
[Info] Loading assets from: '..\mods\contents_2820349130.pak'
[Info] Loading assets from: '..\mods\trans+dmgfix_starforge_contents_2431875552.pak'
[Info] Loading assets from: '..\mods\contents_2844996935.pak'
[Info] Loading assets from: '..\mods\contents_3130082417.pak'
[Info] Loading assets from: '..\mods\contents_2507851821.pak'
[Info] Loading assets from: '..\mods\contents_1681880007.pak'
[Info] Loading assets from: '..\mods\contents_2010607826.pak'
[Info] Loading assets from: '..\mods\NonEKI_9_FU_compat.pak'
[Info] Loading assets from: '..\mods\PRxCW_compat.pak'
[Info] Loading assets from: '..\mods\Place_Blocks_Anywhere_contents_2123363543.pak'
[Info] Loading assets from: '..\mods\contents_973424307.pak'
[Info] Loading assets from: '..\mods\Project_45_contents_3117517322.pak'
[Info] Loading assets from: '..\mods\Quick_Commands_contents_3145473452.pak'
[Info] Loading assets from: '..\mods\drx_fix_npc_protect_quest_2440281893.pak'
[Info] Loading assets from: '..\mods\RemixedStarNames_2986660950.pak'
[Info] Loading assets from: '..\mods\SaveInventoryPosition_contents_3331093074.pak'
[Info] Loading assets from: '..\mods\ffXIV_Furniture_contents_2294792156.pak'
[Info] Loading assets from: '..\mods\Stardust_Monster_Core_contents_2690363974.pak'
[Info] Loading assets from: '..\mods\SxB - Teratophilia 0.4.8.pak'
[Info] Loading assets from: '..\mods\food_bar_contents_1099450875.pak'
[Info] Loading assets from: '..\mods\galaxy_in_conflict_fu_progression_patch'
[Info] Loading assets from: '..\mods\inventory180_contents_1410562400.pak'
[Info] Loading assets from: '..\mods\item_filter_yellow_contents_1814789921.pak'
[Info] Loading assets from: '..\mods\Tile_Tweaks_contents_1483622891.pak'
[Info] Loading assets from: '..\mods\Tooltip_Fix_contents_3355387636.pak'
[Info] Loading assets from: '..\mods\lagless_printer_contents_3003880924.pak'
[Info] Loading assets from: '..\mods\aval_plus_patch_contents_3049118061.pak'
[Info] Loading assets from: '..\mods\barrel_boom_Enhanced_Storage_contents_2510776866.pak'
[Info] Loading assets from: '..\mods\loadtime_2302257069.pak'
[Info] Loading assets from: '..\mods\content_823008631.pak'
[Info] Loading assets from: '..\mods\contents_1006623185.pak'
[Info] Loading assets from: '..\mods\contents_1086805718.pak'
[Info] Loading assets from: '..\mods\mech_blueprint_Anomoutpost_contents_3381267540.pak'
[Info] Loading assets from: '..\mods\contents_1103569914.pak'
[Info] Loading assets from: '..\mods\contents_1109048662.pak'
[Info] Loading assets from: '..\mods\contents_1114277962.pak'
[Info] Loading assets from: '..\mods\contents_1114865340.pak'
[Info] Loading assets from: '..\mods\contents_1115253139.pak'
[Info] Loading assets from: '..\mods\contents_1116097274.pak'
[Info] Loading assets from: '..\mods\contents_2983639797.pak'
[Info] Loading assets from: '..\mods\contents_1119973779.pak'
[Info] Loading assets from: '..\mods\contents_1133358548.pak'
[Info] Loading assets from: '..\mods\contents_1137228707.pak'
[Info] Loading assets from: '..\mods\contents_1142523872.pak'
[Info] Loading assets from: '..\mods\contents_1142579300.pak'
[Info] Loading assets from: '..\mods\contents_1145193933.pak'
[Info] Loading assets from: '..\mods\contents_1165677332.pak'
[Info] Loading assets from: '..\mods\contents_1174122487.pak'
[Info] Loading assets from: '..\mods\contents_1178310549.pak'
[Info] Loading assets from: '..\mods\contents_1185445462.pak'
[Info] Loading assets from: '..\mods\contents_1199608652.pak'
[Info] Loading assets from: '..\mods\contents_1218367214.pak'
[Info] Loading assets from: '..\mods\contents_1236040332.pak'
[Info] Loading assets from: '..\mods\contents_1239952506.pak'
[Info] Loading assets from: '..\mods\contents_1240540230.pak'
[Info] Loading assets from: '..\mods\contents_1253782150.pak'
[Info] Loading assets from: '..\mods\contents_1258008544.pak'
[Info] Loading assets from: '..\mods\contents_1277619409.pak'
[Info] Loading assets from: '..\mods\contents_1296666565.pak'
[Info] Loading assets from: '..\mods\contents_1312619566.pak'
[Info] Loading assets from: '..\mods\contents_1321934117.pak'
[Info] Loading assets from: '..\mods\contents_1327702382.pak'
[Info] Loading assets from: '..\mods\contents_1335123569.pak'
[Info] Loading assets from: '..\mods\mech_hitbox_contents_3385308492.pak'
[Info] Loading assets from: '..\mods\contents_1367444689.pak'
[Info] Loading assets from: '..\mods\contents_1386367471.pak'
[Info] Loading assets from: '..\mods\contents_1390490083.pak'
[Info] Loading assets from: '..\mods\contents_1394106904.pak'
[Info] Loading assets from: '..\mods\contents_1394999146.pak'
[Info] Loading assets from: '..\mods\mecharmor_contents_3385421174.pak'
[Info] Loading assets from: '..\mods\contents_1422582678.pak'
[Info] Loading assets from: '..\mods\contents_1428547342.pak'
[Info] Loading assets from: '..\mods\contents_1429652829.pak'
[Info] Loading assets from: '..\mods\contents_1432556830.pak'
[Info] Loading assets from: '..\mods\contents_1432794738.pak'
[Info] Loading assets from: '..\mods\contents_1433991809.pak'
[Info] Loading assets from: '..\mods\contents_1434229372.pak'
[Info] Loading assets from: '..\mods\contents_1447060281.pak'
[Info] Loading assets from: '..\mods\contents_1468297293.pak'
[Info] Loading assets from: '..\mods\contents_1469379049.pak'
[Info] Loading assets from: '..\mods\contents_1479985478.pak'
[Info] Loading assets from: '..\mods\contents_1482174649.pak'
[Info] Loading assets from: '..\mods\contents_1487455404.pak'
[Info] Loading assets from: '..\mods\contents_1500761263.pak'
[Info] Loading assets from: '..\mods\contents_1501869759.pak'
[Info] Loading assets from: '..\mods\contents_1508762885.pak'
[Info] Loading assets from: '..\mods\contents_1519251821.pak'
[Info] Loading assets from: '..\mods\contents_1523349276.pak'
[Info] Loading assets from: '..\mods\RPG_contents_1115920474.pak'
[Info] Loading assets from: '..\mods\contents_1529649528.pak'
[Info] Loading assets from: '..\mods\contents_1538589010.pak'
[Info] Loading assets from: '..\mods\contents_1558104990.pak'
[Info] Loading assets from: '..\mods\contents_1566201532.pak'
[Info] Loading assets from: '..\mods\contents_1568971442.pak'
[Info] Loading assets from: '..\mods\contents_1593802400.pak'
[Info] Loading assets from: '..\mods\missing_physic_contents_3014571970.pak'
[Info] Loading assets from: '..\mods\contents_1598973984.pak'
[Info] Loading assets from: '..\mods\contents_3310130960.pak'
[Info] Loading assets from: '..\mods\nenEKI_Station_contents_3344198231.pak'
[Info] Loading assets from: '..\mods\contents_1612579544.pak'
[Info] Loading assets from: '..\mods\contents_1627057511.pak'
[Info] Loading assets from: '..\mods\contents_1627427082.pak'
[Info] Loading assets from: '..\mods\contents_1636723841.pak'
[Info] Loading assets from: '..\mods\contents_1639501560.pak'
[Info] Loading assets from: '..\mods\contents_1643716707.pak'
[Info] Loading assets from: '..\mods\contents_1643826709.pak'
[Info] Loading assets from: '..\mods\contents_1645857629.pak'
[Info] Loading assets from: '..\mods\contents_1666272764.pak'
[Info] Loading assets from: '..\mods\contents_1683606374.pak'
[Info] Loading assets from: '..\mods\contents_1686763043.pak'
[Info] Loading assets from: '..\mods\contents_1697042019.pak'
[Info] Loading assets from: '..\mods\contents_1698045793.pak'
[Info] Loading assets from: '..\mods\contents_1700512569.pak'
[Info] Loading assets from: '..\mods\contents_1722987773.pak'
[Info] Loading assets from: '..\mods\contents_1723934741.pak'
[Info] Loading assets from: '..\mods\contents_1726500697.pak'
[Info] Loading assets from: '..\mods\osb_food_stack_contents_3301942276.pak'
[Info] Loading assets from: '..\mods\contents_1733089348.pak'
[Info] Loading assets from: '..\mods\contents_1733755757.pak'
[Info] Loading assets from: '..\mods\contents_1741562203.pak'
[Info] Loading assets from: '..\mods\contents_1764356080.pak'
[Info] Loading assets from: '..\mods\contents_1772643711.pak'
[Info] Loading assets from: '..\mods\contents_1772846135.pak'
[Info] Loading assets from: '..\mods\contents_1774272492.pak'
[Info] Loading assets from: '..\mods\contents_1788644520.pak'
[Info] Loading assets from: '..\mods\contents_1792129883.pak'
[Info] Loading assets from: '..\mods\contents_1799854324.pak'
[Info] Loading assets from: '..\mods\contents_1802500596.pak'
[Info] Loading assets from: '..\mods\contents_1807455828.pak'
[Info] Loading assets from: '..\mods\contents_1826459917.pak'
[Info] Loading assets from: '..\mods\player_bar_type_contents_3394719204.pak'
[Info] Loading assets from: '..\mods\size_work_contents_3218820111.pak'
[Info] Loading assets from: '..\mods\size_stat_contents_3218827753.pak'
[Info] Loading assets from: '..\mods\contents_1841301309.pak'
[Info] Loading assets from: '..\mods\contents_1857537129.pak'
[Info] Loading assets from: '..\mods\contents_1886984497.pak'
[Info] Loading assets from: '..\mods\contents_1889721468.pak'
[Info] Loading assets from: '..\mods\contents_1911595500.pak'
[Info] Loading assets from: '..\mods\contents_1920352046.pak'
[Info] Loading assets from: '..\mods\contents_1923768422.pak'
[Info] Loading assets from: '..\mods\contents_1926211048.pak'
[Info] Loading assets from: '..\mods\size_vanilla_contents_3218826863.pak'
[Info] Loading assets from: '..\mods\contents_1932122417.pak'
[Info] Loading assets from: '..\mods\spookit_knockback_contents_3371072235.pak'
[Info] Loading assets from: '..\mods\starvisuals_contents_3322797618.pak'
[Info] Loading assets from: '..\mods\contents_1968871907.pak'
[Info] Loading assets from: '..\mods\sxb_Sexbound POV Avians.pak'
[Info] Loading assets from: '..\mods\sxb_TTPPv27MR.pak'
[Info] Loading assets from: '..\mods\terraliblite_contents_2230165463.pak'
[Info] Loading assets from: '..\mods\terralib_contents_2230165463.pak'
[Info] Loading assets from: '..\mods\contents_1987370505.pak'
[Info] Loading assets from: '..\mods\contents_1987992979.pak'
[Info] Loading assets from: '..\mods\contents_1999869786.pak'
[Info] Loading assets from: '..\mods\contents_2001156040.pak'
[Info] Loading assets from: '..\mods\contents_2002853135.pak'
[Info] Loading assets from: '..\mods\contents_2003959183.pak'
[Info] Loading assets from: '..\mods\contents_2010914574.pak'
[Info] Loading assets from: '..\mods\contents_2032882095.pak'
[Info] Loading assets from: '..\mods\contents_2045136368.pak'
[Info] Loading assets from: '..\mods\contents_2052758462.pak'
[Info] Loading assets from: '..\mods\contents_2061053988.pak'
[Info] Loading assets from: '..\mods\contents_2067524656.pak'
[Info] Loading assets from: '..\mods\contents_2071883876.pak'
[Info] Loading assets from: '..\mods\contents_2141182021.pak'
[Info] Loading assets from: '..\mods\useuprighttorturebed_v1.0_1334165490.pak'
[Info] Loading assets from: '..\mods\contents_2143587500.pak'
[Info] Loading assets from: '..\mods\contents_2149802085.pak'
[Info] Loading assets from: '..\mods\contents_2167914507.pak'
[Info] Loading assets from: '..\mods\voided_contents_2822921122.pak'
[Info] Loading assets from: '..\mods\workingshower_v1.1_894901052.pak'
[Info] Loading assets from: '..\mods\contents_2172987468.pak'
[Info] Loading assets from: '..\mods\wormlib_contents_2230165463.pak'
[Info] Loading assets from: '..\mods\contents_2182583592.pak'
[Info] Loading assets from: '..\mods\contents_2187004982.pak'
[Info] Loading assets from: '..\mods\contents_2193593073.pak'
[Info] Loading assets from: '..\mods\contents_2194900256.pak'
[Info] Loading assets from: '..\mods\contents_2195702875.pak'
[Info] Loading assets from: '..\mods\contents_2210878914.pak'
[Info] Loading assets from: '..\mods\zz_modfix_refs.pak'
[Info] Loading assets from: '..\mods\contents_2221185460.pak'
[Info] Loading assets from: '..\mods\contents_2232650711.pak'
[Info] Loading assets from: '..\mods\contents_2232652761.pak'
[Info] Loading assets from: '..\mods\contents_2237446179.pak'
[Info] Loading assets from: '..\mods\contents_2265144528.pak'
[Info] Loading assets from: '..\mods\contents_2287046122.pak'
[Info] Loading assets from: '..\mods\contents_2295152742.pak'
[Info] Loading assets from: '..\mods\contents_2311446973.pak'
[Info] Loading assets from: '..\mods\contents_2329520812.pak'
[Info] Loading assets from: '..\mods\contents_2348968660.pak'
[Info] Loading assets from: '..\mods\contents_2370607854.pak'
[Info] Loading assets from: '..\mods\contents_2373148549.pak'
[Info] Loading assets from: '..\mods\contents_2375270402.pak'
[Info] Loading assets from: '..\mods\contents_2375350009.pak'
[Info] Loading assets from: '..\mods\contents_2375908302.pak'
[Info] Loading assets from: '..\mods\contents_2380700372.pak'
[Info] Loading assets from: '..\mods\contents_2387099956.pak'
[Info] Loading assets from: '..\mods\contents_2396110695.pak'
[Info] Loading assets from: '..\mods\contents_2402909895.pak'
[Info] Loading assets from: '..\mods\contents_2408540180.pak'
[Info] Loading assets from: '..\mods\contents_2409538486.pak'
[Info] Loading assets from: '..\mods\contents_3301329391.pak'
[Info] Loading assets from: '..\mods\contents_2420830786.pak'
[Info] Loading assets from: '..\mods\contents_2421829571.pak'
[Info] Loading assets from: '..\mods\contents_2428588507.pak'
[Info] Loading assets from: '..\mods\contents_2428616454.pak'
[Info] Loading assets from: '..\mods\contents_2433914920.pak'
[Info] Loading assets from: '..\mods\contents_2439342862.pak'
[Info] Loading assets from: '..\mods\contents_2463780108.pak'
[Info] Loading assets from: '..\mods\contents_2468895859.pak'
[Info] Loading assets from: '..\mods\contents_2468896108.pak'
[Info] Loading assets from: '..\mods\contents_2468896248.pak'
[Info] Loading assets from: '..\mods\contents_2468896437.pak'
[Info] Loading assets from: '..\mods\contents_2469215698.pak'
[Info] Loading assets from: '..\mods\contents_2478011034.pak'
[Info] Loading assets from: '..\mods\contents_2478119400.pak'
[Info] Loading assets from: '..\mods\contents_2478120319.pak'
[Info] Loading assets from: '..\mods\contents_2497254778.pak'
[Info] Loading assets from: '..\mods\contents_2510413988.pak'
[Info] Loading assets from: '..\mods\contents_2520304930.pak'
[Info] Loading assets from: '..\mods\contents_2554353548.pak'
[Info] Loading assets from: '..\mods\contents_2571698194.pak'
[Info] Loading assets from: '..\mods\contents_2576946364.pak'
[Info] Loading assets from: '..\mods\contents_2580293884.pak'
[Info] Loading assets from: '..\mods\contents_2582274902.pak'
[Info] Loading assets from: '..\mods\contents_2582464455.pak'
[Info] Loading assets from: '..\mods\contents_2585848460.pak'
[Info] Loading assets from: '..\mods\contents_2593214277.pak'
[Info] Loading assets from: '..\mods\contents_2593744603.pak'
[Info] Loading assets from: '..\mods\contents_2601315924.pak'
[Info] Loading assets from: '..\mods\contents_2601511795.pak'
[Info] Loading assets from: '..\mods\contents_2605267672.pak'
[Info] Loading assets from: '..\mods\contents_2607069863.pak'
[Info] Loading assets from: '..\mods\contents_2611495531.pak'
[Info] Loading assets from: '..\mods\contents_2612885673.pak'
[Info] Loading assets from: '..\mods\contents_2622367894.pak'
[Info] Loading assets from: '..\mods\contents_2628213443.pak'
[Info] Loading assets from: '..\mods\contents_2628218117.pak'
[Info] Loading assets from: '..\mods\contents_2628222548.pak'
[Info] Loading assets from: '..\mods\contents_2632319634.pak'
[Info] Loading assets from: '..\mods\contents_3117942107.pak'
[Info] Loading assets from: '..\mods\contents_2916463190.pak'
[Info] Loading assets from: '..\mods\contents_2645627882.pak'
[Info] Loading assets from: '..\mods\contents_2646673935.pak'
[Info] Loading assets from: '..\mods\contents_2647014626.pak'
[Info] Loading assets from: '..\mods\contents_2661151311.pak'
[Info] Loading assets from: '..\mods\contents_2661670128.pak'
[Info] Loading assets from: '..\mods\contents_2672162514.pak'
[Info] Loading assets from: '..\mods\contents_2672213160.pak'
[Info] Loading assets from: '..\mods\contents_2677134074.pak'
[Info] Loading assets from: '..\mods\contents_2678547138.pak'
[Info] Loading assets from: '..\mods\contents_2694383533.pak'
[Info] Loading assets from: '..\mods\contents_2698975190.pak'
[Info] Loading assets from: '..\mods\contents_2704778060.pak'
[Info] Loading assets from: '..\mods\contents_2716757438.pak'
[Info] Loading assets from: '..\mods\contents_2720293579.pak'
[Info] Loading assets from: '..\mods\contents_2725667743.pak'
[Info] Loading assets from: '..\mods\contents_2740063170.pak'
[Info] Loading assets from: '..\mods\contents_2740611866.pak'
[Info] Loading assets from: '..\mods\contents_2746439524.pak'
[Info] Loading assets from: '..\mods\contents_2751503410.pak'
[Info] Loading assets from: '..\mods\contents_2753663754.pak'
[Info] Loading assets from: '..\mods\contents_2754895866.pak'
[Info] Loading assets from: '..\mods\contents_2755769172.pak'
[Info] Loading assets from: '..\mods\contents_2755769572.pak'
[Info] Loading assets from: '..\mods\contents_2755770105.pak'
[Info] Loading assets from: '..\mods\contents_2760361822.pak'
[Info] Loading assets from: '..\mods\contents_2760708749.pak'
[Info] Loading assets from: '..\mods\contents_2765094668.pak'
[Info] Loading assets from: '..\mods\contents_2768649963.pak'
[Info] Loading assets from: '..\mods\contents_2768791657.pak'
[Info] Loading assets from: '..\mods\contents_2768796598.pak'
[Info] Loading assets from: '..\mods\contents_2771117582.pak'
[Info] Loading assets from: '..\mods\contents_2773001691.pak'
[Info] Loading assets from: '..\mods\contents_2774848292.pak'
[Info] Loading assets from: '..\mods\contents_2776815088.pak'
[Info] Loading assets from: '..\mods\contents_2778441214.pak'
[Info] Loading assets from: '..\mods\contents_2781791650.pak'
[Info] Loading assets from: '..\mods\contents_2785129570.pak'
[Info] Loading assets from: '..\mods\contents_2785206166.pak'
[Info] Loading assets from: '..\mods\contents_2797442567.pak'
[Info] Loading assets from: '..\mods\contents_2797892339.pak'
[Info] Loading assets from: '..\mods\contents_2798757981.pak'
[Info] Loading assets from: '..\mods\contents_2811708018.pak'
[Info] Loading assets from: '..\mods\contents_2816710537.pak'
[Info] Loading assets from: '..\mods\contents_2821879793.pak'
[Info] Loading assets from: '..\mods\contents_2823524841.pak'
[Info] Loading assets from: '..\mods\contents_2825779796.pak'
[Info] Loading assets from: '..\mods\contents_2828324239.pak'
[Info] Loading assets from: '..\mods\contents_2830836086.pak'
[Info] Loading assets from: '..\mods\contents_2834085966.pak'
[Info] Loading assets from: '..\mods\contents_2835491179.pak'
[Info] Loading assets from: '..\mods\contents_2835549767.pak'
[Info] Loading assets from: '..\mods\contents_2835498895.pak'
[Info] Loading assets from: '..\mods\contents_2836659083.pak'
[Info] Loading assets from: '..\mods\contents_2845911688.pak'
[Info] Loading assets from: '..\mods\contents_2848049388.pak'
[Info] Loading assets from: '..\mods\contents_2855692046.pak'
[Info] Loading assets from: '..\mods\contents_2858362793.pak'
[Info] Loading assets from: '..\mods\contents_2871781673.pak'
[Info] Loading assets from: '..\mods\contents_2862695403.pak'
[Info] Loading assets from: '..\mods\contents_2862699576.pak'
[Info] Loading assets from: '..\mods\contents_2862700248.pak'
[Info] Loading assets from: '..\mods\contents_2862701014.pak'
[Info] Loading assets from: '..\mods\contents_2864852527.pak'
[Info] Loading assets from: '..\mods\contents_2871440361.pak'
[Info] Loading assets from: '..\mods\contents_2871784021.pak'
[Info] Loading assets from: '..\mods\contents_2875152120.pak'
[Info] Loading assets from: '..\mods\contents_2875590555.pak'
[Info] Loading assets from: '..\mods\contents_2876233021.pak'
[Info] Loading assets from: '..\mods\contents_2876250988.pak'
[Info] Loading assets from: '..\mods\contents_2881835252.pak'
[Info] Loading assets from: '..\mods\contents_2882514643.pak'
[Info] Loading assets from: '..\mods\contents_2885561253.pak'
[Info] Loading assets from: '..\mods\contents_2893719979.pak'
[Info] Loading assets from: '..\mods\contents_2894145647.pak'
[Info] Loading assets from: '..\mods\contents_2898350335.pak'
[Info] Loading assets from: '..\mods\contents_2900206734.pak'
[Info] Loading assets from: '..\mods\contents_2902710950.pak'
[Info] Loading assets from: '..\mods\contents_2913433210.pak'
[Info] Loading assets from: '..\mods\contents_2918996204.pak'
[Info] Loading assets from: '..\mods\contents_2919830263.pak'
[Info] Loading assets from: '..\mods\contents_2919848208.pak'
[Info] Loading assets from: '..\mods\contents_2920038488.pak'
[Info] Loading assets from: '..\mods\contents_2920040002.pak'
[Info] Loading assets from: '..\mods\contents_2920043112.pak'
[Info] Loading assets from: '..\mods\contents_2920282729.pak'
[Info] Loading assets from: '..\mods\contents_2920283346.pak'
[Info] Loading assets from: '..\mods\contents_2920301629.pak'
[Info] Loading assets from: '..\mods\contents_2920301924.pak'
[Info] Loading assets from: '..\mods\contents_2920302042.pak'
[Info] Loading assets from: '..\mods\contents_2920302226.pak'
[Info] Loading assets from: '..\mods\contents_2920302544.pak'
[Info] Loading assets from: '..\mods\contents_2920302972.pak'
[Info] Loading assets from: '..\mods\contents_2920303062.pak'
[Info] Loading assets from: '..\mods\contents_2920554397.pak'
[Info] Loading assets from: '..\mods\contents_2920684844.pak'
[Info] Loading assets from: '..\mods\contents_2921688761.pak'
[Info] Loading assets from: '..\mods\contents_2924963711.pak'
[Info] Loading assets from: '..\mods\contents_2925061852.pak'
[Info] Loading assets from: '..\mods\contents_2931114055.pak'
[Info] Loading assets from: '..\mods\contents_2936613366.pak'
[Info] Loading assets from: '..\mods\contents_2938898485.pak'
[Info] Loading assets from: '..\mods\contents_2938914405.pak'
[Info] Loading assets from: '..\mods\contents_2942998673.pak'
[Info] Loading assets from: '..\mods\contents_2957136802.pak'
[Info] Loading assets from: '..\mods\contents_2957477338.pak'
[Info] Loading assets from: '..\mods\contents_2958989874.pak'
[Info] Loading assets from: '..\mods\contents_2959854988.pak'
[Info] Loading assets from: '..\mods\contents_2960006717.pak'
[Info] Loading assets from: '..\mods\contents_2962464896.pak'
[Info] Loading assets from: '..\mods\contents_2965482743.pak'
[Info] Loading assets from: '..\mods\contents_2965496406.pak'
[Info] Loading assets from: '..\mods\contents_2967291460.pak'
[Info] Loading assets from: '..\mods\contents_2973603646.pak'
[Info] Loading assets from: '..\mods\contents_2974524803.pak'
[Info] Loading assets from: '..\mods\contents_2976098002.pak'
[Info] Loading assets from: '..\mods\contents_2977384255.pak'
[Info] Loading assets from: '..\mods\contents_2979678524.pak'
[Info] Loading assets from: '..\mods\contents_2980583814.pak'
[Info] Loading assets from: '..\mods\contents_2980872125.pak'
[Info] Loading assets from: '..\mods\contents_2981084223.pak'
[Info] Loading assets from: '..\mods\contents_2982938140.pak'
[Info] Loading assets from: '..\mods\contents_2983327908.pak'
[Info] Loading assets from: '..\mods\contents_2983581962.pak'
[Info] Loading assets from: '..\mods\contents_2992799707.pak'
[Info] Loading assets from: '..\mods\contents_3009306245.pak'
[Info] Loading assets from: '..\mods\contents_3009820691.pak'
[Info] Loading assets from: '..\mods\contents_3010955719.pak'
[Info] Loading assets from: '..\mods\contents_3014317291.pak'
[Info] Loading assets from: '..\mods\contents_2882305339.pak'
[Info] Loading assets from: '..\mods\contents_2314946092.pak'
[Info] Loading assets from: '..\mods\contents_2070856005.pak'
[Info] Loading assets from: '..\mods\contents_3008930556.pak'
[Info] Loading assets from: '..\mods\contents_3019188957.pak'
[Info] Loading assets from: '..\mods\contents_3024829105.pak'
[Info] Loading assets from: '..\mods\contents_3029670850.pak'
[Info] Loading assets from: '..\mods\contents_2799920138.pak'
[Info] Loading assets from: '..\mods\contents_3032664993.pak'
[Info] Loading assets from: '..\mods\contents_3034913399.pak'
[Info] Loading assets from: '..\mods\contents_3036699000.pak'
[Info] Loading assets from: '..\mods\contents_3037288458.pak'
[Info] Loading assets from: '..\mods\contents_3046915477.pak'
[Info] Loading assets from: '..\mods\contents_3062232953.pak'
[Info] Loading assets from: '..\mods\contents_3071398361.pak'
[Info] Loading assets from: '..\mods\contents_3077933615.pak'
[Info] Loading assets from: '..\mods\contents_3093874669.pak'
[Info] Loading assets from: '..\mods\contents_3095436865.pak'
[Info] Loading assets from: '..\mods\contents_3109616623.pak'
[Info] Loading assets from: '..\mods\contents_3111667255.pak'
[Info] Loading assets from: '..\mods\contents_3118274689.pak'
[Info] Loading assets from: '..\mods\contents_3126098974.pak'
[Info] Loading assets from: '..\mods\contents_3140827067.pak'
[Info] Loading assets from: '..\mods\contents_3142820233.pak'
[Info] Loading assets from: '..\mods\contents_3160406285.pak'
[Info] Loading assets from: '..\mods\contents_3165005488.pak'
[Info] Loading assets from: '..\mods\contents_3166013233.pak'
[Info] Loading assets from: '..\mods\contents_3166567877.pak'
[Info] Loading assets from: '..\mods\contents_3166606156.pak'
[Info] Loading assets from: '..\mods\contents_3166608545.pak'
[Info] Loading assets from: '..\mods\contents_3181091861.pak'
[Info] Loading assets from: '..\mods\contents_3193965118.pak'
[Info] Loading assets from: '..\mods\contents_3200546118.pak'
[Info] Loading assets from: '..\mods\contents_3204590896.pak'
[Info] Loading assets from: '..\mods\contents_3208283582.pak'
[Info] Loading assets from: '..\mods\contents_3219773602.pak'
[Info] Loading assets from: '..\mods\contents_3222936740.pak'
[Info] Loading assets from: '..\mods\contents_3223894534.pak'
[Info] Loading assets from: '..\mods\contents_3255373921.pak'
[Info] Loading assets from: '..\mods\contents_3277624648.pak'
[Info] Loading assets from: '..\mods\contents_3278292921.pak'
[Info] Loading assets from: '..\mods\contents_3287628601.pak'
[Info] Loading assets from: '..\mods\contents_3289772696.pak'
[Info] Loading assets from: '..\mods\contents_3293208013.pak'
[Info] Loading assets from: '..\mods\contents_3299480450.pak'
[Info] Loading assets from: '..\mods\contents_3299480629.pak'
[Info] Loading assets from: '..\mods\contents_3308976351.pak'
[Info] Loading assets from: '..\mods\contents_2608061089.pak'
[Info] Loading assets from: '..\mods\contents_3318166719.pak'
[Info] Loading assets from: '..\mods\contents_3321953346.pak'
[Info] Loading assets from: '..\mods\contents_3354788395.pak'
[Info] Loading assets from: '..\mods\contents_3356730157.pak'
[Info] Loading assets from: '..\mods\contents_3359876550.pak'
[Info] Loading assets from: '..\mods\contents_3373211265.pak'
[Info] Loading assets from: '..\mods\contents_3385818446.pak'
[Info] Loading assets from: '..\mods\contents_3385966710.pak'
[Info] Loading assets from: '..\mods\contents_729429377.pak'
[Info] Loading assets from: '..\mods\contents_729524482.pak'
[Info] Loading assets from: '..\mods\contents_729599895.pak'
[Info] Loading assets from: '..\mods\contents_729626550.pak'
[Info] Loading assets from: '..\mods\contents_729746228.pak'
[Info] Loading assets from: '..\mods\contents_730353842.pak'
[Info] Loading assets from: '..\mods\contents_730360251.pak'
[Info] Loading assets from: '..\mods\contents_730745660.pak'
[Info] Loading assets from: '..\mods\contents_730852387.pak'
[Info] Loading assets from: '..\mods\contents_731035127.pak'
[Info] Loading assets from: '..\mods\contents_731044896.pak'
[Info] Loading assets from: '..\mods\contents_3058028748.pak'
[Info] Loading assets from: '..\mods\contents_2170995740.pak'
[Info] Loading assets from: '..\mods\contents_3195444456.pak'
[Info] Loading assets from: '..\mods\contents_3277732919.pak'
[Info] Loading assets from: '..\mods\contents_3277732237.pak'
[Info] Loading assets from: '..\mods\contents_2656849369.pak'
[Info] Loading assets from: '..\mods\contents_2882305990.pak'
[Info] Loading assets from: '..\mods\contents_2882304309.pak'
[Info] Loading assets from: '..\mods\contents_2212179822.pak'
[Info] Loading assets from: '..\mods\contents_2818770472.pak'
[Info] Loading assets from: '..\mods\contents_1411331676.pak'
[Info] Loading assets from: '..\mods\contents_2173629563.pak'
[Info] Loading assets from: '..\mods\contents_3030902631.pak'
[Info] Loading assets from: '..\mods\contents_3164757879.pak'
[Info] Loading assets from: '..\mods\contents_3030900103.pak'
[Info] Loading assets from: '..\mods\Tougher_Mobs_1.11.5.2_compat.pak'
[Info] Loading assets from: '..\mods\nmm_Vanilla_Tweaks_contents_3175132253.pak'
[Info] Loading assets from: '..\mods\contents_2900609045.pak'
[Info] Loading assets from: '..\mods\contents_1096159903.pak'
[Info] Loading assets from: '..\mods\5_sxb_Throwing Heart 2.2.pak'
[Info] Loading assets from: '..\mods\contents_1628020624.pak'
[Info] Loading assets from: '..\mods\contents_2884298247.pak'
[Info] Loading assets from: '..\mods\contents_751868467.pak'
[Info] Loading assets from: '..\mods\10_sxb_Lox_Maid4U.pak'
[Info] Loading assets from: '..\mods\10_sxb_Sexbound-Globaura-2.1.pak'
[Info] Loading assets from: '..\mods\10_sxb_lox_gofuckyourself.pak'
[Info] Loading assets from: '..\mods\Better_Icons_contents_1642552023.pak'
[Info] Loading assets from: '..\mods\contents_3293271257.pak'
[Info] Loading assets from: '..\mods\contents_3030908648.pak'
[Info] Loading assets from: '..\mods\contents_2735634052.pak'
[Info] Loading assets from: '..\mods\contents_3019677199.pak'
[Info] Loading assets from: '..\mods\contents_2980863873.pak'
[Info] Loading assets from: '..\mods\20_sxb_SexBound_Cuter_Felin.pak'
[Info] Loading assets from: '..\mods\20_sxb_Sexbound-Race-Avali0.3.2.src.pak'
[Info] Loading assets from: '..\mods\20_sxb_Sexbound_Kemono.pak'
[Info] Loading assets from: '..\mods\20_sxb_Sexbound_Kitsune_Moans_Support.pak'
[Info] Loading assets from: '..\mods\20_sxb_Sexbound_Lucario.pak'
[Info] Loading assets from: '..\mods\20_sxb_kawaiistuffsupports.pak'
[Info] Loading assets from: '..\mods\contents_2865310071.pak'
[Info] Loading assets from: '..\mods\20_sxb_sexbound_arcanaraces.pak'
[Info] Loading assets from: '..\mods\contents_956247051.pak'
[Info] Loading assets from: '..\mods\SxB-Races_Viera_v3.0.pak'
[Info] Loading assets from: '..\mods\sxb_Sexbound_GiC.pak'
[Info] Loading assets from: '..\mods\SxB-Lamia.pak'
[Info] Loading assets from: '..\mods\contents_2553602050.pak'
[Info] Loading assets from: '..\mods\20_sxb_Lewdbound_0.7.0_compat.pak'
[Info] Loading assets from: '..\mods\25_sxb_CleanMattresses.pak'
[Info] Loading assets from: '..\mods\contents_2172686376.pak'
[Info] Loading assets from: '..\mods\contents_2018986916.pak'
[Info] Loading assets from: '..\mods\contents_2019615322.pak'
[Info] Loading assets from: '..\mods\contents_2019615016.pak'
[Info] Loading assets from: '..\mods\contents_1969427709.pak'
[Info] Loading assets from: '..\mods\contents_3030903277.pak'
[Info] Loading assets from: '..\mods\SxB-POV_Redux_masterbate_420.pak'
[Info] Loading assets from: '..\mods\contents_3298510103.pak'
[Info] Loading assets from: '..\mods\99_sxb_brothel.pak'
[Info] Loading assets from: '..\mods\vanila_boss_hpdmg_contents_3333222908.pak'
[Info] Loading assets from: '..\mods\contents_892426652.pak'
[Info] Loading assets from: '..\mods\sxb_TTPPv2.pak'
[Info] Loading assets from: '..\mods\Enhanced_Elemental_Effects_contents_3011438445.pak'
[Info] Loading assets from: '..\mods\contents_3037236777.pak'
[Info] Loading assets from: '..\mods\contents_3374297401.pak'
[Info] Loading assets from: '..\mods\100_skip_warp_contents_3354114852.pak'
[Info] Loading assets from: '..\mods\100_sxb_fuchsia_returns.pak'
[Info] Loading assets from: '..\mods\100_sxb_sexbound_sexobject_felinholo.pak'
[Info] Loading assets from: '..\mods\contents_2826222679.pak'
[Info] Loading assets from: '..\mods\fu_copperarmor_price_fix'
[Info] Loading assets from: '..\mods\sxbEBsTerramonsRework1.1.4.pak'
[Info] Loading assets from: '..\mods\101_sxb_sexbound_cb.pak'
[Info] Loading assets from: '..\mods\101_sxb_TTPP_MPI_patch.pak'
[Info] Loading assets from: '..\mods\sxb_TTPP_Cutebound.pak'
[Info] Loading assets from: '..\mods\102_SxB-Lucario_POV_Addon.pak'
[Info] Loading assets from: '..\mods\210_sxb_lustbound_aphroditesbow.pak'
[Info] Loading assets from: '..\mods\211_sxb_lustbound_omnibrowser.pak'
[Info] Loading assets from: '..\mods\211_sxb_lustbound_omnibrowser_unclog.pak'
[Info] Loading assets from: '..\mods\220_sxb_lustbound_lewdboundmattresses.pak'
[Info] Loading assets from: '..\mods\220_sxb_lustbound_friskyfelin.pak'
[Info] Loading assets from: '..\mods\220_sxb_lustbound_globaura.pak'
[Info] Loading assets from: '..\mods\220_sxb_lustbound_gofuckyourself.pak'
[Info] Loading assets from: '..\mods\220_sxb_lustbound_lewdbound.pak'
[Info] Loading assets from: '..\mods\SupremeExvoidimus_2441120266.pak'
[Info] Loading assets from: '..\mods\322_SxB_MimicSupport.pak'
[Info] Loading assets from: '..\mods\SBR Aphrodites Bow patch'
[Info] Loading assets from: '..\mods\contents_2727658868.pak'
[Info] Loading assets from: '..\mods\SxB_-_TemTems_Teratoscenes.pak'
[Info] Loading assets from: '..\mods\mayhem_contents_3374288336.pak'
[Info] Loading assets from: '..\mods\contents_2871779394.pak'
[Info] Loading assets from: '..\mods\997_sxb_Lustlings_1.2.9_clean.pak'
[Info] Loading assets from: '..\mods\998_Enhanced Storage - Lustlings.pak'
[Info] Loading assets from: '..\mods\contents_1982486298.pak'
[Info] Loading assets from: '..\mods\contents_2494853338.pak'
[Info] Loading assets from: '..\mods\contents_2287610979.pak'
[Info] Loading assets from: '..\mods\contents_3145769397.pak'
[Info] Loading assets from: '..\mods\contents_2440033332.pak'
[Info] Loading assets from: '..\mods\contents_2440256472.pak'
[Info] Loading assets from: '..\mods\contents_3145129643.pak'
[Info] Loading assets from: '..\mods\999_FUBYOSModdedRaceSupport-main'
[Info] Loading assets from: '..\mods\contents_2927818361.pak'
[Info] Loading assets from: '..\mods\contents_1929091560.pak'
[Info] Loading assets from: '..\mods\contents_1928972521.pak'
[Info] Loading assets from: '..\mods\contents_2876535509.pak'
[Info] Loading assets from: '..\mods\contents_2912589725.pak'
[Info] Loading assets from: '..\mods\contents_2141947777.pak'
[Info] Loading assets from: '..\mods\contents_2777148528.pak'
[Info] Loading assets from: '..\mods\contents_3065586024.pak'
[Info] Loading assets from: '..\mods\contents_3048977458.pak'
[Info] Loading assets from: '..\mods\contents_1964557400.pak'
[Info] Loading assets from: '..\mods\Player_Healthbar_Clean_contents_3384559894.pak'
[Info] Loading assets from: '..\mods\1000_SxB-Neki_POV_Addon.pak'
[Info] Loading assets from: '..\mods\contents_1608905076.pak'
[Info] Loading assets from: '..\mods\contents_2611377283.pak'
[Info] Loading assets from: '..\mods\mechdata_contents_3386957026.pak'
[Info] Loading assets from: '..\mods\1010_sxb_Lustling Race more colors.pak'
[Info] Loading assets from: '..\mods\1100_sxb_TTPP_Tentacle Enhanced Storage.pak'
[Info] Loading assets from: '..\mods\contents_2983087701.pak'
[Info] Loading assets from: '..\mods\contents_2988576904.pak'
[Info] Loading assets from: '..\mods\contents_2992119945.pak'
[Info] Loading assets from: '..\mods\contents_3225377547.pak'
[Info] Loading assets from: '..\mods\contents_3225378587.pak'
[Info] Loading assets from: '..\mods\contents_3225378671.pak'
[Info] Loading assets from: '..\mods\contents_3225378740.pak'
[Info] Loading assets from: '..\mods\contents_3225378807.pak'
[Info] Loading assets from: '..\mods\mech_load_contents_3371011064.pak'
[Info] Loading assets from: '..\mods\mech_bar_contents_3390657059.pak'
[Info] Loading assets from: '..\mods\contents_3015818996.pak'
[Info] Loading assets from: '..\mods\gic_cyber_contents_3044827572.pak'
[Info] Loading assets from: '..\mods\GIC_Otherworlds_Music_contents_3731147091.pak'
[Info] Loading assets from: '..\mods\contents_2979732554.pak'
[Info] Loading assets from: '..\mods\GIC_Otherworlds_contents_3731148374.pak'
[Info] Loading assets from: '..\mods\FU_Tweaked_Story_contents_3157772971.pak'
[Info] Loading assets from: '..\mods\FU_Extraction_Arcana_contents_3350051925.pak'
[Info] Loading assets from: '..\mods\contents_3133663078.pak'
[Info] Loading assets from: '..\mods\contents_1732808640.pak'
[Info] Loading assets from: '..\mods\contents_2601450656.pak'
[Info] Loading assets from: '..\mods\contents_2643364844.pak'
[Info] Loading assets from: '..\mods\contents_1830330047.pak'
[Info] Loading assets from: '..\mods\contents_3088086087.pak'
[Info] Loading assets from: '..\mods\contents_1830331363.pak'
[Info] Loading assets from: '..\mods\contents_2017600718.pak'
[Info] Loading assets from: '..\mods\contents_2395650902.pak'
[Info] Loading assets from: '..\mods\Black_Armory_Enhanced_Storage_contents_2263440896.pak'
[Info] Loading assets from: '..\mods\contents_2846035010.pak'
[Info] Loading assets from: '..\mods\mon_loader_contents_2442873217.pak'
[Info] Loading assets from: '..\mods\galaxy_in_conflict_coreasset_codexexpander'
[Info] Loading assets from: '..\mods\contents_2433700417.pak'
[Info] Loading assets from: '..\mods\Improved_Damage_Particles_contents_2451489168.pak'
[Info] Loading assets from: '..\mods\contents_3192167067.pak'
[Info] Loading assets from: '..\mods\GIC_BK3K_Sorting_Compat_contents_3778034807.pak'
[Info] Loading assets from: '..\mods\contents_2009993372.pak'
[Info] Loading assets from: '..\mods\FU_RedemptionPatch_contents_2185949973.pak'
[Info] Loading assets from: '..\mods\39827_sxb_LewdFluidDesc.pak'
[Info] Loading assets from: '..\mods\contents_1952112607.pak'
[Info] Loading assets from: '..\mods\contents_2468984308.pak'
[Info] Loading assets from: '..\mods\contents_2843733950.pak'
[Info] Loading assets from: '..\mods\contents_3138628476.pak'
[Info] Loading assets from: '..\mods\contents_2388120601.pak'
[Info] Loading assets from: '..\mods\contents_2471939344.pak'
[Info] Loading assets from: '..\mods\contents_1829295532.pak'
[Info] Loading assets from: '..\mods\contents_2903240740.pak'
[Info] Loading assets from: '..\mods\contents_2916902416.pak'
[Info] Loading assets from: '..\mods\ganransu_turretNdrone_2905283163.pak'
[Info] Loading assets from: '..\mods\gic_reskin_contents_3090704586.pak'
[Info] Loading assets from: '..\mods\contents_1594682555.pak'
[Info] Loading assets from: '..\mods\gic_gl_reskin_contents_3400895443.pak'
[Info] Loading assets from: '..\mods\contents_3277803571.pak'
[Info] Loading assets from: '..\mods\contents_2548423095.pak'
[Info] Loading assets from: '..\mods\contents_2917219987.pak'
[Info] Loading assets from: '..\mods\100000000_No_FU_Party_contents_2564952144.pak'
[Info] Loading assets from: '..\mods\100000001_eyeBlink_contents_1807482741.pak'
[Info] Loading assets from: '..\mods\100000002_Slower_Gas_contents_3387581763.pak'
[Info] Loading assets from: '..\mods\Armok_Fixes_5.4_compat.pak'
[Info] Loading assets from: '..\mods\contents_3383344702.pak'
[Info] Loading assets from: '..\mods\contents_2283501469.pak'
[Info] Loading assets from: '..\mods\999990101_Ruincalboss_contents_2912289180.pak'
[Info] Loading assets from: '..\mods\0_a_OPTION_MOD_999998013_FPS_60_cap_skipfix_remover_contents_2950845790.pak'
[Info] Loading assets from: '..\mods\999998012_stop_flicker_fps_contents_771695952.pak'
[Info] Loading assets from: '..\mods\999998011_Optimized_Weather_FU_contents_3078794530.pak'
[Info] Loading assets from: '..\mods\999998010_Optimized_Weather_Vanilla_contents_3078788080.pak'
[Info] Loading assets from: '..\mods\999998002_futaraEnergyBeamAddOn.pak'
[Info] Loading assets from: '..\mods\999998001_futaraEnergyOrbAddOn.pak'
[Info] Loading assets from: '..\mods\999999200_ffxiv_viera_blueprint_compat.pak'
[Info] Loading assets from: '..\mods\zz_female_overhaul.pak'
[Info] Loading assets from: '..\mods\999999901_sxb_cuter_captin_contents_2961295192.pak'
[Info] Loading assets from: '..\mods\999999900_sxb_cuter2_contents_761242493.pak'
[Info] Loading assets from: '..\mods\999999900_holo_roading_contents_1662954134.pak'
[Info] Loading assets from: '..\mods\contents_1974816168.pak'
[Info] Loading assets from: '..\mods\999999980_fuck_u_trace_back.pak'
[Info] Loading assets from: '..\mods\999999910_whatmenu.pak'
[Info] Loading assets from: '..\mods\female_translation.pak'
[Info] Loading assets from: '..\mods\zz_localeko_highpriority_20260927.pak'
[Info] Loading assets from: '..\mods\zzz_diag_objdump'
[Info] Loading assets from: '..\assets\user'
[Info] Assets digest is 6e3a5232b1b47d71a67ef128f24ef4f56a5c9f94b1b55fd0f8a6df6e94176a1e
[Info] Root: Loaded Assets in 18.5635 seconds
[Info] Root: Writing runtime configuration to '..\storage\starbound_server.config'
[Info] Root: Loaded NameGenerator in 18.5895 seconds
[Error] Exception caught loading asset: /objects/arcana/vendor/8/arcana_vendor_8.object, (AssetException) Could not read JSON asset /objects/arcana/vendor/8/arcana_vendor_8.object
[0] 7ff6f6c2b2a3
[1] 7ff6f6c29fce
[2] 7ff6f6c2a0b8
[3] 7ff6f6c39e20
[4] 7ff6f7359d81
[5] 7ffd4930bb00 _CxxFrameHandler3
[6] 7ffd492f33c7 is_exception_typeof
[7] 7ffd70e841b6 RtlCaptureContext2
[8] 7ff6f6c3c712
[9] 7ff6f6c39b3b
[10] 7ff6f6c454dd
[11] 7ff6f6c44633
[12] 7ff6f6c40bbf
[13] 7ff6f6c426fb
[14] 7ff6f6c442b9
[15] 7ff6f6eac254
[16] 7ff6f6f95105
[17] 7ff6f6f99749
[18] 7ff6f6f8bacf
[19] 7ff6f6f8f536
[20] 7ff6f6f8ce99
[21] 7ff6f6f9baa6
[22] 7ff6f6f9a197
[23] 7ff6f6f91e13
[24] 7ff6f6f8fd59
[25] 7ff6f6fa0f32
[26] 7ff6f6f8bd40
[27] 7ff6f6f8f1a9
[28] 7ff6f6f8caac
[29] 7ff6f6f8bdce
[30] 7ff6f6f8b52e
[31] 7ff6f6f9b512
[32] 7ff6f6c2126b
[33] 7ff6f6c22092
[34] 7ff6f6c2772e
[35] 7ffd6fbdcd87 BaseThreadInitThunk
[36] 7ffd70e0caec RtlUserThreadStart
Caused by: (JsonParsingException) Cannot parse json file: /objects/arcana/vendor/8/arcana_vendor_8.object
[0] 7ff6f6c2b2a3
[1] 7ff6f6c29fce
[2] 7ff6f6c2a0b8
[3] 7ff6f6c3a980
[4] 7ff6f735b16b
[5] 7ffd4930bb00 _CxxFrameHandler3
[6] 7ffd492f33c7 is_exception_typeof
[7] 7ffd70e841b6 RtlCaptureContext2
[8] 7ff6f6c47b17
[9] 7ff6f6c3c712
[10] 7ff6f6c39b3b
[11] 7ff6f6c454dd
[12] 7ff6f6c44633
[13] 7ff6f6c40bbf
[14] 7ff6f6c426fb
[15] 7ff6f6c442b9
[16] 7ff6f6eac254
[17] 7ff6f6f95105
[18] 7ff6f6f99749
[19] 7ff6f6f8bacf
[20] 7ff6f6f8f536
[21] 7ff6f6f8ce99
[22] 7ff6f6f9baa6
[23] 7ff6f6f9a197
[24] 7ff6f6f91e13
[25] 7ff6f6f8fd59
[26] 7ff6f6fa0f32
[27] 7ff6f6f8bd40
[28] 7ff6f6f8f1a9
[29] 7ff6f6f8caac
[30] 7ff6f6f8bdce
[31] 7ff6f6f8b52e
[32] 7ff6f6f9b512
[33] 7ff6f6c2126b
[34] 7ff6f6c22092
[35] 7ff6f6c2772e
[36] 7ffd6fbdcd87 BaseThreadInitThunk
[37] 7ffd70e0caec RtlUserThreadStart
Caused by: (JsonException) Improper conversion to JsonArray from object
[0] 7ff6f6c2b2a3
[1] 7ff6f6c29fce
[2] 7ff6f6bc4f4a
[3] 7ff6f6bd2382
[4] 7ff6f6c47b17
[5] 7ff6f6c3c712
[6] 7ff6f6c39b3b
[7] 7ff6f6c454dd
[8] 7ff6f6c44633
[9] 7ff6f6c40bbf
[10] 7ff6f6c426fb
[11] 7ff6f6c442b9
[12] 7ff6f6eac254
[13] 7ff6f6f95105
[14] 7ff6f6f99749
[15] 7ff6f6f8bacf
[16] 7ff6f6f8f536
[17] 7ff6f6f8ce99
[18] 7ff6f6f9baa6
[19] 7ff6f6f9a197
[20] 7ff6f6f91e13
[21] 7ff6f6f8fd59
[22] 7ff6f6fa0f32
[23] 7ff6f6f8bd40
[24] 7ff6f6f8f1a9
[25] 7ff6f6f8caac
[26] 7ff6f6f8bdce
[27] 7ff6f6f8b52e
[28] 7ff6f6f9b512
[29] 7ff6f6c2126b
[30] 7ff6f6c22092
[31] 7ff6f6c2772e
[32] 7ffd6fbdcd87 BaseThreadInitThunk
[33] 7ffd70e0caec RtlUserThreadStart
[Error] Error loading object file /objects/arcana/vendor/8/arcana_vendor_8.object: (AssetException) Error loading asset /objects/arcana/vendor/8/arcana_vendor_8.object
[0] 7ff6f6c2b2a3
[1] 7ff6f6c29fce
[2] 7ff6f6c366ca
[3] 7ff6f6c427c2
[4] 7ff6f6c442b9
[5] 7ff6f6eac254
[6] 7ff6f6f95105
[7] 7ff6f6f99749
[8] 7ff6f6f8bacf
[9] 7ff6f6f8f536
[10] 7ff6f6f8ce99
[11] 7ff6f6f9baa6
[12] 7ff6f6f9a197
[13] 7ff6f6f91e13
[14] 7ff6f6f8fd59
[15] 7ff6f6fa0f32
[16] 7ff6f6f8bd40
[17] 7ff6f6f8f1a9
[18] 7ff6f6f8caac
[19] 7ff6f6f8bdce
[20] 7ff6f6f8b52e
[21] 7ff6f6f9b512
[22] 7ff6f6c2126b
[23] 7ff6f6c22092
[24] 7ff6f6c2772e
[25] 7ffd6fbdcd87 BaseThreadInitThunk
[26] 7ffd70e0caec RtlUserThreadStart
[Info] Root: Loaded PlantDatabase in 0.23601 seconds
[Error] Exception caught loading asset: /objects/crafting/arcana_upgradeanvil/arcana_upgradeanvil.object, (AssetException) Could not read JSON asset /objects/crafting/arcana_upgradeanvil/arcana_upgradeanvil.object
[0] 7ff6f6c2b2a3
[1] 7ff6f6c29fce
[2] 7ff6f6c2a0b8
[3] 7ff6f6c39e20
[4] 7ff6f7359d81
[5] 7ffd4930bb00 _CxxFrameHandler3
[6] 7ffd492f33c7 is_exception_typeof
[7] 7ffd70e841b6 RtlCaptureContext2
[8] 7ff6f6c3c712
[9] 7ff6f6c39b3b
[10] 7ff6f6c454dd
[11] 7ff6f6c44633
[12] 7ff6f6c40bbf
[13] 7ff6f6c4af6b
[14] 7ff6f6c271f7
[15] 7ff6f6c2772e
[16] 7ffd6fbdcd87 BaseThreadInitThunk
[17] 7ffd70e0caec RtlUserThreadStart
Caused by: (JsonParsingException) Cannot parse json file: /objects/crafting/arcana_upgradeanvil/arcana_upgradeanvil.object
[0] 7ff6f6c2b2a3
[1] 7ff6f6c29fce
[2] 7ff6f6c2a0b8
[3] 7ff6f6c3a980
[4] 7ff6f735b16b
[5] 7ffd4930bb00 _CxxFrameHandler3
[6] 7ffd492f33c7 is_exception_typeof
[7] 7ffd70e841b6 RtlCaptureContext2
[8] 7ff6f6c47b17
[9] 7ff6f6c3c712
[10] 7ff6f6c39b3b
[11] 7ff6f6c454dd
[12] 7ff6f6c44633
[13] 7ff6f6c40bbf
[14] 7ff6f6c4af6b
[15] 7ff6f6c271f7
[16] 7ff6f6c2772e
[17] 7ffd6fbdcd87 BaseThreadInitThunk
[18] 7ffd70e0caec RtlUserThreadStart
Caused by: (JsonException) Improper conversion to JsonArray from object
[0] 7ff6f6c2b2a3
[1] 7ff6f6c29fce
[2] 7ff6f6bc4f4a
[3] 7ff6f6bd2382
[4] 7ff6f6c47b17
[5] 7ff6f6c3c712
[6] 7ff6f6c39b3b
[7] 7ff6f6c454dd
[8] 7ff6f6c44633
[9] 7ff6f6c40bbf
[10] 7ff6f6c4af6b
[11] 7ff6f6c271f7
[12] 7ff6f6c2772e
[13] 7ffd6fbdcd87 BaseThreadInitThunk
[14] 7ffd70e0caec RtlUserThreadStart
[Error] Error loading object file /objects/crafting/arcana_upgradeanvil/arcana_upgradeanvil.object: (AssetException) Error loading asset /objects/crafting/arcana_upgradeanvil/arcana_upgradeanvil.object
[0] 7ff6f6c2b2a3
[1] 7ff6f6c29fce
[2] 7ff6f6c366ca
[3] 7ff6f6c427c2
[4] 7ff6f6c442b9
[5] 7ff6f6eac254
[6] 7ff6f6f95105
[7] 7ff6f6f99749
[8] 7ff6f6f8bacf
[9] 7ff6f6f8f536
[10] 7ff6f6f8ce99
[11] 7ff6f6f9baa6
[12] 7ff6f6f9a197
[13] 7ff6f6f91e13
[14] 7ff6f6f8fd59
[15] 7ff6f6fa0f32
[16] 7ff6f6f8bd40
[17] 7ff6f6f8f1a9
[18] 7ff6f6f8caac
[19] 7ff6f6f8bdce
[20] 7ff6f6f8b52e
[21] 7ff6f6f9b512
[22] 7ff6f6c2126b
[23] 7ff6f6c22092
[24] 7ff6f6c2772e
[25] 7ffd6fbdcd87 BaseThreadInitThunk
[26] 7ffd70e0caec RtlUserThreadStart
[Error] Exception caught loading asset: /objects/farmables/alta/ground/produce/beakseed/pod/ct_beakseed_eco_pod.object, (AssetException) Could not read JSON asset /objects/farmables/alta/ground/produce/beakseed/pod/ct_beakseed_eco_pod.object
[0] 7ff6f6c2b2a3
[1] 7ff6f6c29fce
[2] 7ff6f6c2a0b8
[3] 7ff6f6c39e20
[4] 7ff6f7359d81
[5] 7ffd4930bb00 _CxxFrameHandler3
[6] 7ffd492f33c7 is_exception_typeof
[7] 7ffd70e841b6 RtlCaptureContext2
[8] 7ff6f6c3c712
[9] 7ff6f6c39b3b
[10] 7ff6f6c454dd
[11] 7ff6f6c44633
[12] 7ff6f6c40bbf
[13] 7ff6f6c4af6b
[14] 7ff6f6c271f7
[15] 7ff6f6c2772e
[16] 7ffd6fbdcd87 BaseThreadInitThunk
[17] 7ffd70e0caec RtlUserThreadStart
Caused by: (JsonParsingException) Cannot parse json file: /objects/farmables/alta/ground/produce/beakseed/pod/ct_beakseed_eco_pod.object
[0] 7ff6f6c2b2a3
[1] 7ff6f6c29fce
[2] 7ff6f6c2a0b8
[3] 7ff6f6c3a980
[4] 7ff6f735b16b
[5] 7ffd4930bb00 _CxxFrameHandler3
[6] 7ffd492f33c7 is_exception_typeof
[7] 7ffd70e841b6 RtlCaptureContext2
[8] 7ff6f6c47b17
[9] 7ff6f6c3c712
[10] 7ff6f6c39b3b
[11] 7ff6f6c454dd
[12] 7ff6f6c44633
[13] 7ff6f6c40bbf
[14] 7ff6f6c4af6b
[15] 7ff6f6c271f7
[16] 7ff6f6c2772e
[17] 7ffd6fbdcd87 BaseThreadInitThunk
[18] 7ffd70e0caec RtlUserThreadStart
Caused by: (JsonException) Improper conversion to JsonArray from object
[0] 7ff6f6c2b2a3
[1] 7ff6f6c29fce
[2] 7ff6f6bc4f4a
[3] 7ff6f6bd2382
[4] 7ff6f6c47b17
[5] 7ff6f6c3c712
[6] 7ff6f6c39b3b
[7] 7ff6f6c454dd
[8] 7ff6f6c44633
[9] 7ff6f6c40bbf
[10] 7ff6f6c4af6b
[11] 7ff6f6c271f7
[12] 7ff6f6c2772e
[13] 7ffd6fbdcd87 BaseThreadInitThunk
[14] 7ffd70e0caec RtlUserThreadStart
[Error] Exception caught loading asset: /objects/ship/kitsunetechstation/kitsunetechstation_white.object, (AssetException) Could not read JSON asset /objects/ship/kitsunetechstation/kitsunetechstation_white.object
[0] 7ff6f6c2b2a3
[1] 7ff6f6c29fce
[2] 7ff6f6c2a0b8
[3] 7ff6f6c39e20
[4] 7ff6f7359d81
[5] 7ffd4930bb00 _CxxFrameHandler3
[6] 7ffd492f33c7 is_exception_typeof
[7] 7ffd70e841b6 RtlCaptureContext2
[8] 7ff6f6c3c712
[9] 7ff6f6c39b3b
[10] 7ff6f6c454dd
[11] 7ff6f6c44633
[12] 7ff6f6c40bbf
[13] 7ff6f6c4af6b
[14] 7ff6f6c271f7
[15] 7ff6f6c2772e
[16] 7ffd6fbdcd87 BaseThreadInitThunk
[17] 7ffd70e0caec RtlUserThreadStart
Caused by: (JsonParsingException) Cannot parse json file: /objects/ship/kitsunetechstation/kitsunetechstation_white.object
[0] 7ff6f6c2b2a3
[1] 7ff6f6c29fce
[2] 7ff6f6c2a0b8
[3] 7ff6f6c3a980
[4] 7ff6f735b16b
[5] 7ffd4930bb00 _CxxFrameHandler3
[6] 7ffd492f33c7 is_exception_typeof
[7] 7ffd70e841b6 RtlCaptureContext2
[8] 7ff6f6c47b17
[9] 7ff6f6c3c712
[10] 7ff6f6c39b3b
[11] 7ff6f6c454dd
[12] 7ff6f6c44633
[13] 7ff6f6c40bbf
[14] 7ff6f6c4af6b
[15] 7ff6f6c271f7
[16] 7ff6f6c2772e
[17] 7ffd6fbdcd87 BaseThreadInitThunk
[18] 7ffd70e0caec RtlUserThreadStart
Caused by: (JsonException) Improper conversion to JsonArray from object
[0] 7ff6f6c2b2a3
[1] 7ff6f6c29fce
[2] 7ff6f6bc4f4a
[3] 7ff6f6bd2382
[4] 7ff6f6c47b17
[5] 7ff6f6c3c712
[6] 7ff6f6c39b3b
[7] 7ff6f6c454dd
[8] 7ff6f6c44633
[9] 7ff6f6c40bbf
[10] 7ff6f6c4af6b
[11] 7ff6f6c271f7
[12] 7ff6f6c2772e
[13] 7ffd6fbdcd87 BaseThreadInitThunk
[14] 7ffd70e0caec RtlUserThreadStart
[Error] Error loading object file /objects/ship/kitsunetechstation/kitsunetechstation_white.object: (AssetException) Error loading asset /objects/ship/kitsunetechstation/kitsunetechstation_white.object
[0] 7ff6f6c2b2a3
[1] 7ff6f6c29fce
[2] 7ff6f6c366ca
[3] 7ff6f6c427c2
[4] 7ff6f6c442b9
[5] 7ff6f6eac254
[6] 7ff6f6f95105
[7] 7ff6f6f99749
[8] 7ff6f6f8bacf
[9] 7ff6f6f8f536
[10] 7ff6f6f8ce99
[11] 7ff6f6f9baa6
[12] 7ff6f6f9a197
[13] 7ff6f6f91e13
[14] 7ff6f6f8fd59
[15] 7ff6f6fa0f32
[16] 7ff6f6f8bd40
[17] 7ff6f6f8f1a9
[18] 7ff6f6f8caac
[19] 7ff6f6f8bdce
[20] 7ff6f6f8b52e
[21] 7ff6f6f9b512
[22] 7ff6f6c2126b
[23] 7ff6f6c22092
[24] 7ff6f6c2772e
[25] 7ffd6fbdcd87 BaseThreadInitThunk
[26] 7ffd70e0caec RtlUserThreadStart
[Error] Error loading object file /objects/farmables/alta/ground/produce/beakseed/pod/ct_beakseed_eco_pod.object: (AssetException) Error loading asset /objects/farmables/alta/ground/produce/beakseed/pod/ct_beakseed_eco_pod.object
[0] 7ff6f6c2b2a3
[1] 7ff6f6c29fce
[2] 7ff6f6c366ca
[3] 7ff6f6c427c2
[4] 7ff6f6c442b9
[5] 7ff6f6eac254
[6] 7ff6f6f95105
[7] 7ff6f6f99749
[8] 7ff6f6f8bacf
[9] 7ff6f6f8f536
[10] 7ff6f6f8ce99
[11] 7ff6f6f9baa6
[12] 7ff6f6f9a197
[13] 7ff6f6f91e13
[14] 7ff6f6f8fd59
[15] 7ff6f6fa0f32
[16] 7ff6f6f8bd40
[17] 7ff6f6f8f1a9
[18] 7ff6f6f8caac
[19] 7ff6f6f8bdce
[20] 7ff6f6f8b52e
[21] 7ff6f6f9b512
[22] 7ff6f6c2126b
[23] 7ff6f6c22092
[24] 7ff6f6c2772e
[25] 7ffd6fbdcd87 BaseThreadInitThunk
[26] 7ffd70e0caec RtlUserThreadStart
[Error] Could not apply patch from file /objects/STATIC_VEHICLES/gic_traincarwheels_large/gic_traincarwheels_large.object.patch in source: ..\mods\female_translation.pak.  Caused by: (JsonPatchException) Could not apply patch to base. (JsonPatchException) Could not apply operation to base. (JsonException) Cannot call get with key on Json type array, must be Object type
[Error] Could not apply patch from file /objects/sheilaworkshop/black_furniture/black_titansteelenergizedcrate/black_titansteelenergizedcrate.object.patch in source: ..\mods\female_translation.pak.  Caused by: (JsonPatchException) Could not apply patch to base. (JsonPatchException) Could not apply operation to base. (JsonException) Cannot call get with key on Json type array, must be Object type
[Error] Could not apply patch from file /objects/STATIC_VEHICLES/gic_unitan_izhkratoyo_utilityvehicle/gic_unitan_izhkratoyo_utilityvehicle.object.patch in source: ..\mods\female_translation.pak.  Caused by: (JsonPatchException) Could not apply patch to base. (JsonPatchException) Could not apply operation to base. (JsonException) Cannot call get with key on Json type array, must be Object type
[Error] Could not apply patch from file /objects/SPACE/gic_spacestationsofa2/gic_spacestationsofa2.object.patch in source: ..\mods\female_translation.pak.  Caused by: (JsonPatchException) Could not apply patch to base. (JsonPatchException) Could not apply operation to base. (JsonException) Cannot call get with key on Json type array, must be Object type
[Error] Exception caught loading asset: /objects/avikan/outpost/avikanoutpostteleportersmall/avikanoutpostteleportersmall.object, (AssetException) Could not read JSON asset /objects/avikan/outpost/avikanoutpostteleportersmall/avikanoutpostteleportersmall.object
[0] 7ff6f6c2b2a3
[1] 7ff6f6c29fce
[2] 7ff6f6c2a0b8
[3] 7ff6f6c39e20
[4] 7ff6f7359d81
[5] 7ffd4930bb00 _CxxFrameHandler3
[6] 7ffd492f33c7 is_exception_typeof
[7] 7ffd70e841b6 RtlCaptureContext2
[8] 7ff6f6c3c712
[9] 7ff6f6c39b3b
[10] 7ff6f6c454dd
[11] 7ff6f6c44633
[12] 7ff6f6c40bbf
[13] 7ff6f6c4af6b
[14] 7ff6f6c271f7
[15] 7ff6f6c2772e
[16] 7ffd6fbdcd87 BaseThreadInitThunk
[17] 7ffd70e0caec RtlUserThreadStart
Caused by: (JsonParsingException) Cannot parse json file: /objects/avikan/outpost/avikanoutpostteleportersmall/avikanoutpostteleportersmall.object
[0] 7ff6f6c2b2a3
[1] 7ff6f6c29fce
[2] 7ff6f6c2a0b8
[3] 7ff6f6c3a980
[4] 7ff6f735b16b
[5] 7ffd4930bb00 _CxxFrameHandler3
[6] 7ffd492f33c7 is_exception_typeof
[7] 7ffd70e841b6 RtlCaptureContext2
[8] 7ff6f6c47b17
[9] 7ff6f6c3c712
[10] 7ff6f6c39b3b
[11] 7ff6f6c454dd
[12] 7ff6f6c44633
[13] 7ff6f6c40bbf
[14] 7ff6f6c4af6b
[15] 7ff6f6c271f7
[16] 7ff6f6c2772e
[17] 7ffd6fbdcd87 BaseThreadInitThunk
[18] 7ffd70e0caec RtlUserThreadStart
Caused by: (JsonException) Improper conversion to JsonArray from object
[0] 7ff6f6c2b2a3
[1] 7ff6f6c29fce
[2] 7ff6f6bc4f4a
[3] 7ff6f6bd2382
[4] 7ff6f6c47b17
[5] 7ff6f6c3c712
[6] 7ff6f6c39b3b
[7] 7ff6f6c454dd
[8] 7ff6f6c44633
[9] 7ff6f6c40bbf
[10] 7ff6f6c4af6b
[11] 7ff6f6c271f7
[12] 7ff6f6c2772e
[13] 7ffd6fbdcd87 BaseThreadInitThunk
[14] 7ffd70e0caec RtlUserThreadStart
[Error] Error loading object file /objects/avikan/outpost/avikanoutpostteleportersmall/avikanoutpostteleportersmall.object: (AssetException) Error loading asset /objects/avikan/outpost/avikanoutpostteleportersmall/avikanoutpostteleportersmall.object
[0] 7ff6f6c2b2a3
[1] 7ff6f6c29fce
[2] 7ff6f6c366ca
[3] 7ff6f6c427c2
[4] 7ff6f6c442b9
[5] 7ff6f6eac254
[6] 7ff6f6f95105
[7] 7ff6f6f99749
[8] 7ff6f6f8bacf
[9] 7ff6f6f8f536
[10] 7ff6f6f8ce99
[11] 7ff6f6f9baa6
[12] 7ff6f6f9a197
[13] 7ff6f6f91e13
[14] 7ff6f6f8fd59
[15] 7ff6f6fa0f32
[16] 7ff6f6f8bd40
[17] 7ff6f6f8f1a9
[18] 7ff6f6f8caac
[19] 7ff6f6f8bdce
[20] 7ff6f6f8b52e
[21] 7ff6f6f9b512
[22] 7ff6f6c2126b
[23] 7ff6f6c22092
[24] 7ff6f6c2772e
[25] 7ffd6fbdcd87 BaseThreadInitThunk
[26] 7ffd70e0caec RtlUserThreadStart
[Error] Exception caught loading asset: /objects/ship/fu_byosshipdoor/fu_byosshipdoor.object, (AssetException) Could not read JSON asset /objects/ship/fu_byosshipdoor/fu_byosshipdoor.object
[0] 7ff6f6c2b2a3
[1] 7ff6f6c29fce
[2] 7ff6f6c2a0b8
[3] 7ff6f6c39e20
[4] 7ff6f7359d81
[5] 7ffd4930bb00 _CxxFrameHandler3
[6] 7ffd492f33c7 is_exception_typeof
[7] 7ffd70e841b6 RtlCaptureContext2
[8] 7ff6f6c3c712
[9] 7ff6f6c39b3b
[10] 7ff6f6c454dd
[11] 7ff6f6c44633
[12] 7ff6f6c40bbf
[13] 7ff6f6c4af6b
[14] 7ff6f6c271f7
[15] 7ff6f6c2772e
[16] 7ffd6fbdcd87 BaseThreadInitThunk
[17] 7ffd70e0caec RtlUserThreadStart
Caused by: (JsonParsingException) Cannot parse json file: /objects/ship/fu_byosshipdoor/fu_byosshipdoor.object
[0] 7ff6f6c2b2a3
[1] 7ff6f6c29fce
[2] 7ff6f6c2a0b8
[3] 7ff6f6c3a980
[4] 7ff6f735b16b
[5] 7ffd4930bb00 _CxxFrameHandler3
[6] 7ffd492f33c7 is_exception_typeof
[7] 7ffd70e841b6 RtlCaptureContext2
[8] 7ff6f6c47b17
[9] 7ff6f6c3c712
[10] 7ff6f6c39b3b
[11] 7ff6f6c454dd
[12] 7ff6f6c44633
[13] 7ff6f6c40bbf
[14] 7ff6f6c4af6b
[15] 7ff6f6c271f7
[16] 7ff6f6c2772e
[17] 7ffd6fbdcd87 BaseThreadInitThunk
[18] 7ffd70e0caec RtlUserThreadStart
Caused by: (JsonException) Improper conversion to JsonArray from object
[0] 7ff6f6c2b2a3
[1] 7ff6f6c29fce
[2] 7ff6f6bc4f4a
[3] 7ff6f6bd2382
[4] 7ff6f6c47b17
[5] 7ff6f6c3c712
[6] 7ff6f6c39b3b
[7] 7ff6f6c454dd
[8] 7ff6f6c44633
[9] 7ff6f6c40bbf
[10] 7ff6f6c4af6b
[11] 7ff6f6c271f7
[12] 7ff6f6c2772e
[13] 7ffd6fbdcd87 BaseThreadInitThunk
[14] 7ffd70e0caec RtlUserThreadStart
[Error] Error loading object file /objects/ship/fu_byosshipdoor/fu_byosshipdoor.object: (AssetException) Error loading asset /objects/ship/fu_byosshipdoor/fu_byosshipdoor.object
[0] 7ff6f6c2b2a3
[1] 7ff6f6c29fce
[2] 7ff6f6c366ca
[3] 7ff6f6c427c2
[4] 7ff6f6c442b9
[5] 7ff6f6eac254
[6] 7ff6f6f95105
[7] 7ff6f6f99749
[8] 7ff6f6f8bacf
[9] 7ff6f6f8f536
[10] 7ff6f6f8ce99
[11] 7ff6f6f9baa6
[12] 7ff6f6f9a197
[13] 7ff6f6f91e13
[14] 7ff6f6f8fd59
[15] 7ff6f6fa0f32
[16] 7ff6f6f8bd40
[17] 7ff6f6f8f1a9
[18] 7ff6f6f8caac
[19] 7ff6f6f8bdce
[20] 7ff6f6f8b52e
[21] 7ff6f6f9b512
[22] 7ff6f6c2126b
[23] 7ff6f6c22092
[24] 7ff6f6c2772e
[25] 7ffd6fbdcd87 BaseThreadInitThunk
[26] 7ffd70e0caec RtlUserThreadStart
[Error] Could not apply patch from file /objects/STATIC_VEHICLES/gic_wreckedtaxi/gic_wreckedtaxi.object.patch in source: ..\mods\female_translation.pak.  Caused by: (JsonPatchException) Could not apply patch to base. (JsonPatchException) Could not apply operation to base. (JsonException) Cannot call get with key on Json type array, must be Object type
[Error] Exception caught loading asset: /objects/WOODLAND/gico_wst_corpses/gico_wst_soldier_cut/gico_wst_soldier_cut.object, (AssetException) Could not read JSON asset /objects/WOODLAND/gico_wst_corpses/gico_wst_soldier_cut/gico_wst_soldier_cut.object
[0] 7ff6f6c2b2a3
[1] 7ff6f6c29fce
[2] 7ff6f6c2a0b8
[3] 7ff6f6c39e20
[4] 7ff6f7359d81
[5] 7ffd4930bb00 _CxxFrameHandler3
[6] 7ffd492f33c7 is_exception_typeof
[7] 7ffd70e841b6 RtlCaptureContext2
[8] 7ff6f6c3c712
[9] 7ff6f6c39b3b
[10] 7ff6f6c454dd
[11] 7ff6f6c44633
[12] 7ff6f6c40bbf
[13] 7ff6f6c4af6b
[14] 7ff6f6c271f7
[15] 7ff6f6c2772e
[16] 7ffd6fbdcd87 BaseThreadInitThunk
[17] 7ffd70e0caec RtlUserThreadStart
Caused by: (JsonParsingException) Cannot parse json file: /objects/WOODLAND/gico_wst_corpses/gico_wst_soldier_cut/gico_wst_soldier_cut.object
[0] 7ff6f6c2b2a3
[1] 7ff6f6c29fce
[2] 7ff6f6c2a0b8
[3] 7ff6f6c3a980
[4] 7ff6f735b16b
[5] 7ffd4930bb00 _CxxFrameHandler3
[6] 7ffd492f33c7 is_exception_typeof
[7] 7ffd70e841b6 RtlCaptureContext2
[8] 7ff6f6c47b17
[9] 7ff6f6c3c712
[10] 7ff6f6c39b3b
[11] 7ff6f6c454dd
[12] 7ff6f6c44633
[13] 7ff6f6c40bbf
[14] 7ff6f6c4af6b
[15] 7ff6f6c271f7
[16] 7ff6f6c2772e
[17] 7ffd6fbdcd87 BaseThreadInitThunk
[18] 7ffd70e0caec RtlUserThreadStart
Caused by: (JsonException) Improper conversion to JsonArray from object
[0] 7ff6f6c2b2a3
[1] 7ff6f6c29fce
[2] 7ff6f6bc4f4a
[3] 7ff6f6bd2382
[4] 7ff6f6c47b17
[5] 7ff6f6c3c712
[6] 7ff6f6c39b3b
[7] 7ff6f6c454dd
[8] 7ff6f6c44633
[9] 7ff6f6c40bbf
[10] 7ff6f6c4af6b
[11] 7ff6f6c271f7
[12] 7ff6f6c2772e
[13] 7ffd6fbdcd87 BaseThreadInitThunk
[14] 7ffd70e0caec RtlUserThreadStart
[Error] Error loading object file /objects/WOODLAND/gico_wst_corpses/gico_wst_soldier_cut/gico_wst_soldier_cut.object: (AssetException) Error loading asset /objects/WOODLAND/gico_wst_corpses/gico_wst_soldier_cut/gico_wst_soldier_cut.object
[0] 7ff6f6c2b2a3
[1] 7ff6f6c29fce
[2] 7ff6f6c366ca
[3] 7ff6f6c427c2
[4] 7ff6f6c442b9
[5] 7ff6f6eac254
[6] 7ff6f6f95105
[7] 7ff6f6f99749
[8] 7ff6f6f8bacf
[9] 7ff6f6f8f536
[10] 7ff6f6f8ce99
[11] 7ff6f6f9baa6
[12] 7ff6f6f9a197
[13] 7ff6f6f91e13
[14] 7ff6f6f8fd59
[15] 7ff6f6fa0f32
[16] 7ff6f6f8bd40
[17] 7ff6f6f8f1a9
[18] 7ff6f6f8caac
[19] 7ff6f6f8bdce
[20] 7ff6f6f8b52e
[21] 7ff6f6f9b512
[22] 7ff6f6c2126b
[23] 7ff6f6c22092
[24] 7ff6f6c2772e
[25] 7ffd6fbdcd87 BaseThreadInitThunk
[26] 7ffd70e0caec RtlUserThreadStart
[Error] Could not apply patch from file /objects/EMBLEMS_AND_SIGNS/gic_decayedamericanemblem/gic_decayedamericanemblem.object.patch in source: ..\mods\female_translation.pak.  Caused by: (JsonPatchException) Could not apply patch to base. (JsonPatchException) Could not apply operation to base. (JsonException) Cannot call get with key on Json type array, must be Object type
[Error] Could not apply patch from file /objects/sheilaworkshop/black_furniture/titansteelredshiplight/titansteelredshiplightBroken.object.patch in source: ..\mods\female_translation.pak.  Caused by: (JsonPatchException) Could not apply patch to base. (JsonPatchException) Could not apply operation to base. (JsonException) Cannot call get with key on Json type array, must be Object type
[Error] Exception caught loading asset: /objects/viera/crafting/upgradeablecraftingobjects/salvarium/vierasalvemaking.object, (AssetException) Could not read JSON asset /objects/viera/crafting/upgradeablecraftingobjects/salvarium/vierasalvemaking.object
[0] 7ff6f6c2b2a3
[1] 7ff6f6c29fce
[2] 7ff6f6c2a0b8
[3] 7ff6f6c39e20
[4] 7ff6f7359d81
[5] 7ffd4930bb00 _CxxFrameHandler3
[6] 7ffd492f33c7 is_exception_typeof
[7] 7ffd70e841b6 RtlCaptureContext2
[8] 7ff6f6c3c712
[9] 7ff6f6c39b3b
[10] 7ff6f6c454dd
[11] 7ff6f6c44633
[12] 7ff6f6c40bbf
[13] 7ff6f6c4af6b
[14] 7ff6f6c271f7
[15] 7ff6f6c2772e
[16] 7ffd6fbdcd87 BaseThreadInitThunk
[17] 7ffd70e0caec RtlUserThreadStart
Caused by: (JsonParsingException) Cannot parse json file: /objects/viera/crafting/upgradeablecraftingobjects/salvarium/vierasalvemaking.object
[0] 7ff6f6c2b2a3
[1] 7ff6f6c29fce
[2] 7ff6f6c2a0b8
[3] 7ff6f6c3a980
[4] 7ff6f735b16b
[5] 7ffd4930bb00 _CxxFrameHandler3
[6] 7ffd492f33c7 is_exception_typeof
[7] 7ffd70e841b6 RtlCaptureContext2
[8] 7ff6f6c47b17
[9] 7ff6f6c3c712
[10] 7ff6f6c39b3b
[11] 7ff6f6c454dd
[12] 7ff6f6c44633
[13] 7ff6f6c40bbf
[14] 7ff6f6c4af6b
[15] 7ff6f6c271f7
[16] 7ff6f6c2772e
[17] 7ffd6fbdcd87 BaseThreadInitThunk
[18] 7ffd70e0caec RtlUserThreadStart
Caused by: (JsonException) Improper conversion to JsonArray from object
[0] 7ff6f6c2b2a3
[1] 7ff6f6c29fce
[2] 7ff6f6bc4f4a
[3] 7ff6f6bd2382
[4] 7ff6f6c47b17
[5] 7ff6f6c3c712
[6] 7ff6f6c39b3b
[7] 7ff6f6c454dd
[8] 7ff6f6c44633
[9] 7ff6f6c40bbf
[10] 7ff6f6c4af6b
[11] 7ff6f6c271f7
[12] 7ff6f6c2772e
[13] 7ffd6fbdcd87 BaseThreadInitThunk
[14] 7ffd70e0caec RtlUserThreadStart
[Error] Error loading object file /objects/viera/crafting/upgradeablecraftingobjects/salvarium/vierasalvemaking.object: (AssetException) Error loading asset /objects/viera/crafting/upgradeablecraftingobjects/salvarium/vierasalvemaking.object
[0] 7ff6f6c2b2a3
[1] 7ff6f6c29fce
[2] 7ff6f6c366ca
[3] 7ff6f6c427c2
[4] 7ff6f6c442b9
[5] 7ff6f6eac254
[6] 7ff6f6f95105
[7] 7ff6f6f99749
[8] 7ff6f6f8bacf
[9] 7ff6f6f8f536
[10] 7ff6f6f8ce99
[11] 7ff6f6f9baa6
[12] 7ff6f6f9a197
[13] 7ff6f6f91e13
[14] 7ff6f6f8fd59
[15] 7ff6f6fa0f32
[16] 7ff6f6f8bd40
[17] 7ff6f6f8f1a9
[18] 7ff6f6f8caac
[19] 7ff6f6f8bdce
[20] 7ff6f6f8b52e
[21] 7ff6f6f9b512
[22] 7ff6f6c2126b
[23] 7ff6f6c22092
[24] 7ff6f6c2772e
[25] 7ffd6fbdcd87 BaseThreadInitThunk
[26] 7ffd70e0caec RtlUserThreadStart
[Error] Exception caught loading asset: /objects/WOODLAND/gico_lion_corpses/gico_lion_soldier_stabbed/gico_lion_soldier_stabbed.object, (AssetException) Could not read JSON asset /objects/WOODLAND/gico_lion_corpses/gico_lion_soldier_stabbed/gico_lion_soldier_stabbed.object
[0] 7ff6f6c2b2a3
[1] 7ff6f6c29fce
[2] 7ff6f6c2a0b8
[3] 7ff6f6c39e20
[4] 7ff6f7359d81
[5] 7ffd4930bb00 _CxxFrameHandler3
[6] 7ffd492f33c7 is_exception_typeof
[7] 7ffd70e841b6 RtlCaptureContext2
[8] 7ff6f6c3c712
[9] 7ff6f6c39b3b
[10] 7ff6f6c454dd
[11] 7ff6f6c44633
[12] 7ff6f6c40bbf
[13] 7ff6f6c4af6b
[14] 7ff6f6c271f7
[15] 7ff6f6c2772e
[16] 7ffd6fbdcd87 BaseThreadInitThunk
[17] 7ffd70e0caec RtlUserThreadStart
Caused by: (JsonParsingException) Cannot parse json file: /objects/WOODLAND/gico_lion_corpses/gico_lion_soldier_stabbed/gico_lion_soldier_stabbed.object
[0] 7ff6f6c2b2a3
[1] 7ff6f6c29fce
[2] 7ff6f6c2a0b8
[3] 7ff6f6c3a980
[4] 7ff6f735b16b
[5] 7ffd4930bb00 _CxxFrameHandler3
[6] 7ffd492f33c7 is_exception_typeof
[7] 7ffd70e841b6 RtlCaptureContext2
[8] 7ff6f6c47b17
[9] 7ff6f6c3c712
[10] 7ff6f6c39b3b
[11] 7ff6f6c454dd
[12] 7ff6f6c44633
[13] 7ff6f6c40bbf
[14] 7ff6f6c4af6b
[15] 7ff6f6c271f7
[16] 7ff6f6c2772e
[17] 7ffd6fbdcd87 BaseThreadInitThunk
[18] 7ffd70e0caec RtlUserThreadStart
Caused by: (JsonException) Improper conversion to JsonArray from object
[0] 7ff6f6c2b2a3
[1] 7ff6f6c29fce
[2] 7ff6f6bc4f4a
[3] 7ff6f6bd2382
[4] 7ff6f6c47b17
[5] 7ff6f6c3c712
[6] 7ff6f6c39b3b
[7] 7ff6f6c454dd
[8] 7ff6f6c44633
[9] 7ff6f6c40bbf
[10] 7ff6f6c4af6b
[11] 7ff6f6c271f7
[12] 7ff6f6c2772e
[13] 7ffd6fbdcd87 BaseThreadInitThunk
[14] 7ffd70e0caec RtlUserThreadStart
[Error] Error loading object file /objects/WOODLAND/gico_lion_corpses/gico_lion_soldier_stabbed/gico_lion_soldier_stabbed.object: (AssetException) Error loading asset /objects/WOODLAND/gico_lion_corpses/gico_lion_soldier_stabbed/gico_lion_soldier_stabbed.object
[0] 7ff6f6c2b2a3
[1] 7ff6f6c29fce
[2] 7ff6f6c366ca
[3] 7ff6f6c427c2
[4] 7ff6f6c442b9
[5] 7ff6f6eac254
[6] 7ff6f6f95105
[7] 7ff6f6f99749
[8] 7ff6f6f8bacf
[9] 7ff6f6f8f536
[10] 7ff6f6f8ce99
[11] 7ff6f6f9baa6
[12] 7ff6f6f9a197
[13] 7ff6f6f91e13
[14] 7ff6f6f8fd59
[15] 7ff6f6fa0f32
[16] 7ff6f6f8bd40
[17] 7ff6f6f8f1a9
[18] 7ff6f6f8caac
[19] 7ff6f6f8bdce
[20] 7ff6f6f8b52e
[21] 7ff6f6f9b512
[22] 7ff6f6c2126b
[23] 7ff6f6c22092
[24] 7ff6f6c2772e
[25] 7ffd6fbdcd87 BaseThreadInitThunk
[26] 7ffd70e0caec RtlUserThreadStart
[Error] Exception caught loading asset: /objects/ship/arcanianshiplockerTier0/arcanianshiplockerTier0.object, (AssetException) Could not read JSON asset /objects/ship/arcanianshiplockerTier0/arcanianshiplockerTier0.object
[0] 7ff6f6c2b2a3
[1] 7ff6f6c29fce
[2] 7ff6f6c2a0b8
[3] 7ff6f6c39e20
[4] 7ff6f7359d81
[5] 7ffd4930bb00 _CxxFrameHandler3
[6] 7ffd492f33c7 is_exception_typeof
[7] 7ffd70e841b6 RtlCaptureContext2
[8] 7ff6f6c3c712
[9] 7ff6f6c39b3b
[10] 7ff6f6c454dd
[11] 7ff6f6c44633
[12] 7ff6f6c40bbf
[13] 7ff6f6c4af6b
[14] 7ff6f6c271f7
[15] 7ff6f6c2772e
[16] 7ffd6fbdcd87 BaseThreadInitThunk
[17] 7ffd70e0caec RtlUserThreadStart
Caused by: (JsonParsingException) Cannot parse json file: /objects/ship/arcanianshiplockerTier0/arcanianshiplockerTier0.object
[0] 7ff6f6c2b2a3
[1] 7ff6f6c29fce
[2] 7ff6f6c2a0b8
[3] 7ff6f6c3a980
[4] 7ff6f735b16b
[5] 7ffd4930bb00 _CxxFrameHandler3
[6] 7ffd492f33c7 is_exception_typeof
[7] 7ffd70e841b6 RtlCaptureContext2
[8] 7ff6f6c47b17
[9] 7ff6f6c3c712
[10] 7ff6f6c39b3b
[11] 7ff6f6c454dd
[12] 7ff6f6c44633
[13] 7ff6f6c40bbf
[14] 7ff6f6c4af6b
[15] 7ff6f6c271f7
[16] 7ff6f6c2772e
[17] 7ffd6fbdcd87 BaseThreadInitThunk
[18] 7ffd70e0caec RtlUserThreadStart
Caused by: (JsonException) Improper conversion to JsonArray from object
[0] 7ff6f6c2b2a3
[1] 7ff6f6c29fce
[2] 7ff6f6bc4f4a
[3] 7ff6f6bd2382
[4] 7ff6f6c47b17
[5] 7ff6f6c3c712
[6] 7ff6f6c39b3b
[7] 7ff6f6c454dd
[8] 7ff6f6c44633
[9] 7ff6f6c40bbf
[10] 7ff6f6c4af6b
[11] 7ff6f6c271f7
[12] 7ff6f6c2772e
[13] 7ffd6fbdcd87 BaseThreadInitThunk
[14] 7ffd70e0caec RtlUserThreadStart
[Error] Error loading object file /objects/ship/arcanianshiplockerTier0/arcanianshiplockerTier0.object: (AssetException) Error loading asset /objects/ship/arcanianshiplockerTier0/arcanianshiplockerTier0.object
[0] 7ff6f6c2b2a3
[1] 7ff6f6c29fce
[2] 7ff6f6c366ca
[3] 7ff6f6c427c2
[4] 7ff6f6c442b9
[5] 7ff6f6eac254
[6] 7ff6f6f95105
[7] 7ff6f6f99749
[8] 7ff6f6f8bacf
[9] 7ff6f6f8f536
[10] 7ff6f6f8ce99
[11] 7ff6f6f9baa6
[12] 7ff6f6f9a197
[13] 7ff6f6f91e13
[14] 7ff6f6f8fd59
[15] 7ff6f6fa0f32
[16] 7ff6f6f8bd40
[17] 7ff6f6f8f1a9
[18] 7ff6f6f8caac
[19] 7ff6f6f8bdce
[20] 7ff6f6f8b52e
[21] 7ff6f6f9b512
[22] 7ff6f6c2126b
[23] 7ff6f6c22092
[24] 7ff6f6c2772e
[25] 7ffd6fbdcd87 BaseThreadInitThunk
[26] 7ffd70e0caec RtlUserThreadStart
[Error] Exception caught loading asset: /objects/om_starryplanet/om_starryplush2/om_starryplush2.object, (AssetException) Could not read JSON asset /objects/om_starryplanet/om_starryplush2/om_starryplush2.object
[0] 7ff6f6c2b2a3
[1] 7ff6f6c29fce
[2] 7ff6f6c2a0b8
[3] 7ff6f6c39e20
[4] 7ff6f7359d81
[5] 7ffd4930bb00 _CxxFrameHandler3
[6] 7ffd492f33c7 is_exception_typeof
[7] 7ffd70e841b6 RtlCaptureContext2
[8] 7ff6f6c3c712
[9] 7ff6f6c39b3b
[10] 7ff6f6c454dd
[11] 7ff6f6c44633
[12] 7ff6f6c40bbf
[13] 7ff6f6c4af6b
[14] 7ff6f6c271f7
[15] 7ff6f6c2772e
[16] 7ffd6fbdcd87 BaseThreadInitThunk
[17] 7ffd70e0caec RtlUserThreadStart
Caused by: (JsonParsingException) Cannot parse json file: /objects/om_starryplanet/om_starryplush2/om_starryplush2.object
[0] 7ff6f6c2b2a3
[1] 7ff6f6c29fce
[2] 7ff6f6c2a0b8
[3] 7ff6f6c3a980
[4] 7ff6f735b16b
[5] 7ffd4930bb00 _CxxFrameHandler3
[6] 7ffd492f33c7 is_exception_typeof
[7] 7ffd70e841b6 RtlCaptureContext2
[8] 7ff6f6c47b17
[9] 7ff6f6c3c712
[10] 7ff6f6c39b3b
[11] 7ff6f6c454dd
[12] 7ff6f6c44633
[13] 7ff6f6c40bbf
[14] 7ff6f6c4af6b
[15] 7ff6f6c271f7
[16] 7ff6f6c2772e
[17] 7ffd6fbdcd87 BaseThreadInitThunk
[18] 7ffd70e0caec RtlUserThreadStart
Caused by: (JsonException) Improper conversion to JsonArray from object
[0] 7ff6f6c2b2a3
[1] 7ff6f6c29fce
[2] 7ff6f6bc4f4a
[3] 7ff6f6bd2382
[4] 7ff6f6c47b17
[5] 7ff6f6c3c712
[6] 7ff6f6c39b3b
[7] 7ff6f6c454dd
[8] 7ff6f6c44633
[9] 7ff6f6c40bbf
[10] 7ff6f6c4af6b
[11] 7ff6f6c271f7
[12] 7ff6f6c2772e
[13] 7ffd6fbdcd87 BaseThreadInitThunk
[14] 7ffd70e0caec RtlUserThreadStart
[Error] Error loading object file /objects/om_starryplanet/om_starryplush2/om_starryplush2.object: (AssetException) Error loading asset /objects/om_starryplanet/om_starryplush2/om_starryplush2.object
[0] 7ff6f6c2b2a3
[1] 7ff6f6c29fce
[2] 7ff6f6c366ca
[3] 7ff6f6c427c2
[4] 7ff6f6c442b9
[5] 7ff6f6eac254
[6] 7ff6f6f95105
[7] 7ff6f6f99749
[8] 7ff6f6f8bacf
[9] 7ff6f6f8f536
[10] 7ff6f6f8ce99
[11] 7ff6f6f9baa6
[12] 7ff6f6f9a197
[13] 7ff6f6f91e13
[14] 7ff6f6f8fd59
[15] 7ff6f6fa0f32
[16] 7ff6f6f8bd40
[17] 7ff6f6f8f1a9
[18] 7ff6f6f8caac
[19] 7ff6f6f8bdce
[20] 7ff6f6f8b52e
[21] 7ff6f6f9b512
[22] 7ff6f6c2126b
[23] 7ff6f6c22092
[24] 7ff6f6c2772e
[25] 7ffd6fbdcd87 BaseThreadInitThunk
[26] 7ffd70e0caec RtlUserThreadStart
[Error] Exception caught loading asset: /objects/ship/fu_byosshipdoorbroken/fu_byosshipdoorBroken.object, (AssetException) Could not read JSON asset /objects/ship/fu_byosshipdoorbroken/fu_byosshipdoorBroken.object
[0] 7ff6f6c2b2a3
[1] 7ff6f6c29fce
[2] 7ff6f6c2a0b8
[3] 7ff6f6c39e20
[4] 7ff6f7359d81
[5] 7ffd4930bb00 _CxxFrameHandler3
[6] 7ffd492f33c7 is_exception_typeof
[7] 7ffd70e841b6 RtlCaptureContext2
[8] 7ff6f6c3c712
[9] 7ff6f6c39b3b
[10] 7ff6f6c454dd
[11] 7ff6f6c44633
[12] 7ff6f6c40bbf
[13] 7ff6f6c4af6b
[14] 7ff6f6c271f7
[15] 7ff6f6c2772e
[16] 7ffd6fbdcd87 BaseThreadInitThunk
[17] 7ffd70e0caec RtlUserThreadStart
Caused by: (JsonParsingException) Cannot parse json file: /objects/ship/fu_byosshipdoorbroken/fu_byosshipdoorBroken.object
[0] 7ff6f6c2b2a3
[1] 7ff6f6c29fce
[2] 7ff6f6c2a0b8
[3] 7ff6f6c3a980
[4] 7ff6f735b16b
[5] 7ffd4930bb00 _CxxFrameHandler3
[6] 7ffd492f33c7 is_exception_typeof
[7] 7ffd70e841b6 RtlCaptureContext2
[8] 7ff6f6c47b17
[9] 7ff6f6c3c712
[10] 7ff6f6c39b3b
[11] 7ff6f6c454dd
[12] 7ff6f6c44633
[13] 7ff6f6c40bbf
[14] 7ff6f6c4af6b
[15] 7ff6f6c271f7
[16] 7ff6f6c2772e
[17] 7ffd6fbdcd87 BaseThreadInitThunk
[18] 7ffd70e0caec RtlUserThreadStart
Caused by: (JsonException) Improper conversion to JsonArray from object
[0] 7ff6f6c2b2a3
[1] 7ff6f6c29fce
[2] 7ff6f6bc4f4a
[3] 7ff6f6bd2382
[4] 7ff6f6c47b17
[5] 7ff6f6c3c712
[6] 7ff6f6c39b3b
[7] 7ff6f6c454dd
[8] 7ff6f6c44633
[9] 7ff6f6c40bbf
[10] 7ff6f6c4af6b
[11] 7ff6f6c271f7
[12] 7ff6f6c2772e
[13] 7ffd6fbdcd87 BaseThreadInitThunk
[14] 7ffd70e0caec RtlUserThreadStart
[Error] Error loading object file /objects/ship/fu_byosshipdoorbroken/fu_byosshipdoorBroken.object: (AssetException) Error loading asset /objects/ship/fu_byosshipdoorbroken/fu_byosshipdoorBroken.object
[0] 7ff6f6c2b2a3
[1] 7ff6f6c29fce
[2] 7ff6f6c366ca
[3] 7ff6f6c427c2
[4] 7ff6f6c442b9
[5] 7ff6f6eac254
[6] 7ff6f6f95105
[7] 7ff6f6f99749
[8] 7ff6f6f8bacf
[9] 7ff6f6f8f536
[10] 7ff6f6f8ce99
[11] 7ff6f6f9baa6
[12] 7ff6f6f9a197
[13] 7ff6f6f91e13
[14] 7ff6f6f8fd59
[15] 7ff6f6fa0f32
[16] 7ff6f6f8bd40
[17] 7ff6f6f8f1a9
[18] 7ff6f6f8caac
[19] 7ff6f6f8bdce
[20] 7ff6f6f8b52e
[21] 7ff6f6f9b512
[22] 7ff6f6c2126b
[23] 7ff6f6c22092
[24] 7ff6f6c2772e
[25] 7ffd6fbdcd87 BaseThreadInitThunk
[26] 7ffd70e0caec RtlUserThreadStart
[Error] Could not apply patch from file /objects/STATIC_VEHICLES/gic_traincarwheels/gic_traincarwheels.object.patch in source: ..\mods\female_translation.pak.  Caused by: (JsonPatchException) Could not apply patch to base. (JsonPatchException) Could not apply operation to base. (JsonException) Cannot call get with key on Json type array, must be Object type
[Error] Exception caught loading asset: /objects/ship/lustlingshiplockerTier0/lustlingshiplockerTier0.object, (AssetException) Could not read JSON asset /objects/ship/lustlingshiplockerTier0/lustlingshiplockerTier0.object
[0] 7ff6f6c2b2a3
[1] 7ff6f6c29fce
[2] 7ff6f6c2a0b8
[3] 7ff6f6c39e20
[4] 7ff6f7359d81
[5] 7ffd4930bb00 _CxxFrameHandler3
[6] 7ffd492f33c7 is_exception_typeof
[7] 7ffd70e841b6 RtlCaptureContext2
[8] 7ff6f6c3c712
[9] 7ff6f6c39b3b
[10] 7ff6f6c454dd
[11] 7ff6f6c44633
[12] 7ff6f6c40bbf
[13] 7ff6f6c4af6b
[14] 7ff6f6c271f7
[15] 7ff6f6c2772e
[16] 7ffd6fbdcd87 BaseThreadInitThunk
[17] 7ffd70e0caec RtlUserThreadStart
Caused by: (JsonParsingException) Cannot parse json file: /objects/ship/lustlingshiplockerTier0/lustlingshiplockerTier0.object
[0] 7ff6f6c2b2a3
[1] 7ff6f6c29fce
[2] 7ff6f6c2a0b8
[3] 7ff6f6c3a980
[4] 7ff6f735b16b
[5] 7ffd4930bb00 _CxxFrameHandler3
[6] 7ffd492f33c7 is_exception_typeof
[7] 7ffd70e841b6 RtlCaptureContext2
[8] 7ff6f6c47b17
[9] 7ff6f6c3c712
[10] 7ff6f6c39b3b
[11] 7ff6f6c454dd
[12] 7ff6f6c44633
[13] 7ff6f6c40bbf
[14] 7ff6f6c4af6b
[15] 7ff6f6c271f7
[16] 7ff6f6c2772e
[17] 7ffd6fbdcd87 BaseThreadInitThunk
[18] 7ffd70e0caec RtlUserThreadStart
Caused by: (JsonException) Improper conversion to JsonArray from object
[0] 7ff6f6c2b2a3
[1] 7ff6f6c29fce
[2] 7ff6f6bc4f4a
[3] 7ff6f6bd2382
[4] 7ff6f6c47b17
[5] 7ff6f6c3c712
[6] 7ff6f6c39b3b
[7] 7ff6f6c454dd
[8] 7ff6f6c44633
[9] 7ff6f6c40bbf
[10] 7ff6f6c4af6b
[11] 7ff6f6c271f7
[12] 7ff6f6c2772e
[13] 7ffd6fbdcd87 BaseThreadInitThunk
[14] 7ffd70e0caec RtlUserThreadStart
[Error] Error loading object file /objects/ship/lustlingshiplockerTier0/lustlingshiplockerTier0.object: (AssetException) Error loading asset /objects/ship/lustlingshiplockerTier0/lustlingshiplockerTier0.object
[0] 7ff6f6c2b2a3
[1] 7ff6f6c29fce
[2] 7ff6f6c366ca
[3] 7ff6f6c427c2
[4] 7ff6f6c442b9
[5] 7ff6f6eac254
[6] 7ff6f6f95105
[7] 7ff6f6f99749
[8] 7ff6f6f8bacf
[9] 7ff6f6f8f536
[10] 7ff6f6f8ce99
[11] 7ff6f6f9baa6
[12] 7ff6f6f9a197
[13] 7ff6f6f91e13
[14] 7ff6f6f8fd59
[15] 7ff6f6fa0f32
[16] 7ff6f6f8bd40
[17] 7ff6f6f8f1a9
[18] 7ff6f6f8caac
[19] 7ff6f6f8bdce
[20] 7ff6f6f8b52e
[21] 7ff6f6f9b512
[22] 7ff6f6c2126b
[23] 7ff6f6c22092
[24] 7ff6f6c2772e
[25] 7ffd6fbdcd87 BaseThreadInitThunk
[26] 7ffd70e0caec RtlUserThreadStart
[Error] Could not apply patch from file /objects/sheilaworkshop/black_furniture/black_blackarmorybannerend/black_blackarmorybannerend.object.patch in source: ..\mods\female_translation.pak.  Caused by: (JsonPatchException) Could not apply patch to base. (JsonPatchException) Could not apply operation to base. (JsonException) Cannot call get with key on Json type array, must be Object type
[Error] Could not apply patch from file /objects/STATIC_VEHICLES/gic_militarytransport/gic_militarytransport.object.patch in source: ..\mods\female_translation.pak.  Caused by: (JsonPatchException) Could not apply patch to base. (JsonPatchException) Could not apply operation to base. (JsonException) Cannot call get with key on Json type array, must be Object type
[Error] Exception caught loading asset: /objects/ship/arcaniantechstation/arcaniantechstation.object, (AssetException) Could not read JSON asset /objects/ship/arcaniantechstation/arcaniantechstation.object
[0] 7ff6f6c2b2a3
[1] 7ff6f6c29fce
[2] 7ff6f6c2a0b8
[3] 7ff6f6c39e20
[4] 7ff6f7359d81
[5] 7ffd4930bb00 _CxxFrameHandler3
[6] 7ffd492f33c7 is_exception_typeof
[7] 7ffd70e841b6 RtlCaptureContext2
[8] 7ff6f6c3c712
[9] 7ff6f6c39b3b
[10] 7ff6f6c454dd
[11] 7ff6f6c44633
[12] 7ff6f6c40bbf
[13] 7ff6f6c4af6b
[14] 7ff6f6c271f7
[15] 7ff6f6c2772e
[16] 7ffd6fbdcd87 BaseThreadInitThunk
[17] 7ffd70e0caec RtlUserThreadStart
Caused by: (JsonParsingException) Cannot parse json file: /objects/ship/arcaniantechstation/arcaniantechstation.object
[0] 7ff6f6c2b2a3
[1] 7ff6f6c29fce
[2] 7ff6f6c2a0b8
[3] 7ff6f6c3a980
[4] 7ff6f735b16b
[5] 7ffd4930bb00 _CxxFrameHandler3
[6] 7ffd492f33c7 is_exception_typeof
[7] 7ffd70e841b6 RtlCaptureContext2
[8] 7ff6f6c47b17
[9] 7ff6f6c3c712
[10] 7ff6f6c39b3b
[11] 7ff6f6c454dd
[12] 7ff6f6c44633
[13] 7ff6f6c40bbf
[14] 7ff6f6c4af6b
[15] 7ff6f6c271f7
[16] 7ff6f6c2772e
[17] 7ffd6fbdcd87 BaseThreadInitThunk
[18] 7ffd70e0caec RtlUserThreadStart
Caused by: (JsonException) Improper conversion to JsonArray from object
[0] 7ff6f6c2b2a3
[1] 7ff6f6c29fce
[2] 7ff6f6bc4f4a
[3] 7ff6f6bd2382
[4] 7ff6f6c47b17
[5] 7ff6f6c3c712
[6] 7ff6f6c39b3b
[7] 7ff6f6c454dd
[8] 7ff6f6c44633
[9] 7ff6f6c40bbf
[10] 7ff6f6c4af6b
[11] 7ff6f6c271f7
[12] 7ff6f6c2772e
[13] 7ffd6fbdcd87 BaseThreadInitThunk
[14] 7ffd70e0caec RtlUserThreadStart
[Error] Error loading object file /objects/ship/arcaniantechstation/arcaniantechstation.object: (AssetException) Error loading asset /objects/ship/arcaniantechstation/arcaniantechstation.object
[0] 7ff6f6c2b2a3
[1] 7ff6f6c29fce
[2] 7ff6f6c366ca
[3] 7ff6f6c427c2
[4] 7ff6f6c442b9
[5] 7ff6f6eac254
[6] 7ff6f6f95105
[7] 7ff6f6f99749
[8] 7ff6f6f8bacf
[9] 7ff6f6f8f536
[10] 7ff6f6f8ce99
[11] 7ff6f6f9baa6
[12] 7ff6f6f9a197
[13] 7ff6f6f91e13
[14] 7ff6f6f8fd59
[15] 7ff6f6fa0f32
[16] 7ff6f6f8bd40
[17] 7ff6f6f8f1a9
[18] 7ff6f6f8caac
[19] 7ff6f6f8bdce
[20] 7ff6f6f8b52e
[21] 7ff6f6f9b512
[22] 7ff6f6c2126b
[23] 7ff6f6c22092
[24] 7ff6f6c2772e
[25] 7ffd6fbdcd87 BaseThreadInitThunk
[26] 7ffd70e0caec RtlUserThreadStart
[Error] Could not apply patch from file /objects/sheilaworkshop/black_radios/black_blackvelvet/black_blackvelvet.object.patch in source: ..\mods\female_translation.pak.  Caused by: (JsonPatchException) Could not apply patch to base. (JsonPatchException) Could not apply operation to base. (JsonException) Cannot call get with key on Json type array, must be Object type
[Error] Could not apply patch from file /objects/sheilaworkshop/black_furniture/black_blackarmorybanner2a/black_blackarmorybanner2a.object.patch in source: ..\mods\female_translation.pak.  Caused by: (JsonPatchException) Could not apply patch to base. (JsonPatchException) Could not apply operation to base. (JsonException) Cannot call get with key on Json type array, must be Object type
[Error] Exception caught loading asset: /objects/ship/lucarioshiplocker/lucarioshiplocker.object, (AssetException) Could not read JSON asset /objects/ship/lucarioshiplocker/lucarioshiplocker.object
[0] 7ff6f6c2b2a3
[1] 7ff6f6c29fce
[2] 7ff6f6c2a0b8
[3] 7ff6f6c39e20
[4] 7ff6f7359d81
[5] 7ffd4930bb00 _CxxFrameHandler3
[6] 7ffd492f33c7 is_exception_typeof
[7] 7ffd70e841b6 RtlCaptureContext2
[8] 7ff6f6c3c712
[9] 7ff6f6c39b3b
[10] 7ff6f6c454dd
[11] 7ff6f6c44633
[12] 7ff6f6c40bbf
[13] 7ff6f6c4af6b
[14] 7ff6f6c271f7
[15] 7ff6f6c2772e
[16] 7ffd6fbdcd87 BaseThreadInitThunk
[17] 7ffd70e0caec RtlUserThreadStart
Caused by: (JsonParsingException) Cannot parse json file: /objects/ship/lucarioshiplocker/lucarioshiplocker.object
[0] 7ff6f6c2b2a3
[1] 7ff6f6c29fce
[2] 7ff6f6c2a0b8
[3] 7ff6f6c3a980
[4] 7ff6f735b16b
[5] 7ffd4930bb00 _CxxFrameHandler3
[6] 7ffd492f33c7 is_exception_typeof
[7] 7ffd70e841b6 RtlCaptureContext2
[8] 7ff6f6c47b17
[9] 7ff6f6c3c712
[10] 7ff6f6c39b3b
[11] 7ff6f6c454dd
[12] 7ff6f6c44633
[13] 7ff6f6c40bbf
[14] 7ff6f6c4af6b
[15] 7ff6f6c271f7
[16] 7ff6f6c2772e
[17] 7ffd6fbdcd87 BaseThreadInitThunk
[18] 7ffd70e0caec RtlUserThreadStart
Caused by: (JsonException) Improper conversion to JsonArray from object
[0] 7ff6f6c2b2a3
[1] 7ff6f6c29fce
[2] 7ff6f6bc4f4a
[3] 7ff6f6bd2382
[4] 7ff6f6c47b17
[5] 7ff6f6c3c712
[6] 7ff6f6c39b3b
[7] 7ff6f6c454dd
[8] 7ff6f6c44633
[9] 7ff6f6c40bbf
[10] 7ff6f6c4af6b
[11] 7ff6f6c271f7
[12] 7ff6f6c2772e
[13] 7ffd6fbdcd87 BaseThreadInitThunk
[14] 7ffd70e0caec RtlUserThreadStart
[Error] Error loading object file /objects/ship/lucarioshiplocker/lucarioshiplocker.object: (AssetException) Error loading asset /objects/ship/lucarioshiplocker/lucarioshiplocker.object
[0] 7ff6f6c2b2a3
[1] 7ff6f6c29fce
[2] 7ff6f6c366ca
[3] 7ff6f6c427c2
[4] 7ff6f6c442b9
[5] 7ff6f6eac254
[6] 7ff6f6f95105
[7] 7ff6f6f99749
[8] 7ff6f6f8bacf
[9] 7ff6f6f8f536
[10] 7ff6f6f8ce99
[11] 7ff6f6f9baa6
[12] 7ff6f6f9a197
[13] 7ff6f6f91e13
[14] 7ff6f6f8fd59
[15] 7ff6f6fa0f32
[16] 7ff6f6f8bd40
[17] 7ff6f6f8f1a9
[18] 7ff6f6f8caac
[19] 7ff6f6f8bdce
[20] 7ff6f6f8b52e
[21] 7ff6f6f9b512
[22] 7ff6f6c2126b
[23] 7ff6f6c22092
[24] 7ff6f6c2772e
[25] 7ffd6fbdcd87 BaseThreadInitThunk
[26] 7ffd70e0caec RtlUserThreadStart
[Error] Exception caught loading asset: /objects/utopia/dem_deadsoldier_1/dem_deadsoldier_1.object, (AssetException) Could not read JSON asset /objects/utopia/dem_deadsoldier_1/dem_deadsoldier_1.object
[0] 7ff6f6c2b2a3
[1] 7ff6f6c29fce
[2] 7ff6f6c2a0b8
[3] 7ff6f6c39e20
[4] 7ff6f7359d81
[5] 7ffd4930bb00 _CxxFrameHandler3
[6] 7ffd492f33c7 is_exception_typeof
[7] 7ffd70e841b6 RtlCaptureContext2
[8] 7ff6f6c3c712
[9] 7ff6f6c39b3b
[10] 7ff6f6c454dd
[11] 7ff6f6c44633
[12] 7ff6f6c40bbf
[13] 7ff6f6c426fb
[14] 7ff6f6c442b9
[15] 7ff6f6eac254
[16] 7ff6f6f95105
[17] 7ff6f6f99749
[18] 7ff6f6f8bacf
[19] 7ff6f6f8f536
[20] 7ff6f6f8ce99
[21] 7ff6f6f9baa6
[22] 7ff6f6f9a197
[23] 7ff6f6f91e13
[24] 7ff6f6f8fd59
[25] 7ff6f6fa0f32
[26] 7ff6f6f8bd40
[27] 7ff6f6f8f1a9
[28] 7ff6f6f8caac
[29] 7ff6f6f8bdce
[30] 7ff6f6f8b52e
[31] 7ff6f6f9b512
[32] 7ff6f6c2126b
[33] 7ff6f6c22092
[34] 7ff6f6c2772e
[35] 7ffd6fbdcd87 BaseThreadInitThunk
[36] 7ffd70e0caec RtlUserThreadStart
Caused by: (JsonParsingException) Cannot parse json file: /objects/utopia/dem_deadsoldier_1/dem_deadsoldier_1.object
[0] 7ff6f6c2b2a3
[1] 7ff6f6c29fce
[2] 7ff6f6c2a0b8
[3] 7ff6f6c3a980
[4] 7ff6f735b16b
[5] 7ffd4930bb00 _CxxFrameHandler3
[6] 7ffd492f33c7 is_exception_typeof
[7] 7ffd70e841b6 RtlCaptureContext2
[8] 7ff6f6c47b17
[9] 7ff6f6c3c712
[10] 7ff6f6c39b3b
[11] 7ff6f6c454dd
[12] 7ff6f6c44633
[13] 7ff6f6c40bbf
[14] 7ff6f6c426fb
[15] 7ff6f6c442b9
[16] 7ff6f6eac254
[17] 7ff6f6f95105
[18] 7ff6f6f99749
[19] 7ff6f6f8bacf
[20] 7ff6f6f8f536
[21] 7ff6f6f8ce99
[22] 7ff6f6f9baa6
[23] 7ff6f6f9a197
[24] 7ff6f6f91e13
[25] 7ff6f6f8fd59
[26] 7ff6f6fa0f32
[27] 7ff6f6f8bd40
[28] 7ff6f6f8f1a9
[29] 7ff6f6f8caac
[30] 7ff6f6f8bdce
[31] 7ff6f6f8b52e
[32] 7ff6f6f9b512
[33] 7ff6f6c2126b
[34] 7ff6f6c22092
[35] 7ff6f6c2772e
[36] 7ffd6fbdcd87 BaseThreadInitThunk
[37] 7ffd70e0caec RtlUserThreadStart
Caused by: (JsonException) Improper conversion to JsonArray from object
[0] 7ff6f6c2b2a3
[1] 7ff6f6c29fce
[2] 7ff6f6bc4f4a
[3] 7ff6f6bd2382
[4] 7ff6f6c47b17
[5] 7ff6f6c3c712
[6] 7ff6f6c39b3b
[7] 7ff6f6c454dd
[8] 7ff6f6c44633
[9] 7ff6f6c40bbf
[10] 7ff6f6c426fb
[11] 7ff6f6c442b9
[12] 7ff6f6eac254
[13] 7ff6f6f95105
[14] 7ff6f6f99749
[15] 7ff6f6f8bacf
[16] 7ff6f6f8f536
[17] 7ff6f6f8ce99
[18] 7ff6f6f9baa6
[19] 7ff6f6f9a197
[20] 7ff6f6f91e13
[21] 7ff6f6f8fd59
[22] 7ff6f6fa0f32
[23] 7ff6f6f8bd40
[24] 7ff6f6f8f1a9
[25] 7ff6f6f8caac
[26] 7ff6f6f8bdce
[27] 7ff6f6f8b52e
[28] 7ff6f6f9b512
[29] 7ff6f6c2126b
[30] 7ff6f6c22092
[31] 7ff6f6c2772e
[32] 7ffd6fbdcd87 BaseThreadInitThunk
[33] 7ffd70e0caec RtlUserThreadStart
[Error] Error loading object file /objects/utopia/dem_deadsoldier_1/dem_deadsoldier_1.object: (AssetException) Error loading asset /objects/utopia/dem_deadsoldier_1/dem_deadsoldier_1.object
[0] 7ff6f6c2b2a3
[1] 7ff6f6c29fce
[2] 7ff6f6c366ca
[3] 7ff6f6c427c2
[4] 7ff6f6c442b9
[5] 7ff6f6eac254
[6] 7ff6f6f95105
[7] 7ff6f6f99749
[8] 7ff6f6f8bacf
[9] 7ff6f6f8f536
[10] 7ff6f6f8ce99
[11] 7ff6f6f9baa6
[12] 7ff6f6f9a197
[13] 7ff6f6f91e13
[14] 7ff6f6f8fd59
[15] 7ff6f6fa0f32
[16] 7ff6f6f8bd40
[17] 7ff6f6f8f1a9
[18] 7ff6f6f8caac
[19] 7ff6f6f8bdce
[20] 7ff6f6f8b52e
[21] 7ff6f6f9b512
[22] 7ff6f6c2126b
[23] 7ff6f6c22092
[24] 7ff6f6c2772e
[25] 7ffd6fbdcd87 BaseThreadInitThunk
[26] 7ffd70e0caec RtlUserThreadStart
[Error] Exception caught loading asset: /objects/ship/lucarioshiplockerTier0/lucarioshiplockerTier0.object, (AssetException) Could not read JSON asset /objects/ship/lucarioshiplockerTier0/lucarioshiplockerTier0.object
[0] 7ff6f6c2b2a3
[1] 7ff6f6c29fce
[2] 7ff6f6c2a0b8
[3] 7ff6f6c39e20
[4] 7ff6f7359d81
[5] 7ffd4930bb00 _CxxFrameHandler3
[6] 7ffd492f33c7 is_exception_typeof
[7] 7ffd70e841b6 RtlCaptureContext2
[8] 7ff6f6c3c712
[9] 7ff6f6c39b3b
[10] 7ff6f6c454dd
[11] 7ff6f6c44633
[12] 7ff6f6c40bbf
[13] 7ff6f6c4af6b
[14] 7ff6f6c271f7
[15] 7ff6f6c2772e
[16] 7ffd6fbdcd87 BaseThreadInitThunk
[17] 7ffd70e0caec RtlUserThreadStart
Caused by: (JsonParsingException) Cannot parse json file: /objects/ship/lucarioshiplockerTier0/lucarioshiplockerTier0.object
[0] 7ff6f6c2b2a3
[1] 7ff6f6c29fce
[2] 7ff6f6c2a0b8
[3] 7ff6f6c3a980
[4] 7ff6f735b16b
[5] 7ffd4930bb00 _CxxFrameHandler3
[6] 7ffd492f33c7 is_exception_typeof
[7] 7ffd70e841b6 RtlCaptureContext2
[8] 7ff6f6c47b17
[9] 7ff6f6c3c712
[10] 7ff6f6c39b3b
[11] 7ff6f6c454dd
[12] 7ff6f6c44633
[13] 7ff6f6c40bbf
[14] 7ff6f6c4af6b
[15] 7ff6f6c271f7
[16] 7ff6f6c2772e
[17] 7ffd6fbdcd87 BaseThreadInitThunk
[18] 7ffd70e0caec RtlUserThreadStart
Caused by: (JsonException) Improper conversion to JsonArray from object
[0] 7ff6f6c2b2a3
[1] 7ff6f6c29fce
[2] 7ff6f6bc4f4a
[3] 7ff6f6bd2382
[4] 7ff6f6c47b17
[5] 7ff6f6c3c712
[6] 7ff6f6c39b3b
[7] 7ff6f6c454dd
[8] 7ff6f6c44633
[9] 7ff6f6c40bbf
[10] 7ff6f6c4af6b
[11] 7ff6f6c271f7
[12] 7ff6f6c2772e
[13] 7ffd6fbdcd87 BaseThreadInitThunk
[14] 7ffd70e0caec RtlUserThreadStart
[Error] Error loading object file /objects/ship/lucarioshiplockerTier0/lucarioshiplockerTier0.object: (AssetException) Error loading asset /objects/ship/lucarioshiplockerTier0/lucarioshiplockerTier0.object
[0] 7ff6f6c2b2a3
[1] 7ff6f6c29fce
[2] 7ff6f6c366ca
[3] 7ff6f6c427c2
[4] 7ff6f6c442b9
[5] 7ff6f6eac254
[6] 7ff6f6f95105
[7] 7ff6f6f99749
[8] 7ff6f6f8bacf
[9] 7ff6f6f8f536
[10] 7ff6f6f8ce99
[11] 7ff6f6f9baa6
[12] 7ff6f6f9a197
[13] 7ff6f6f91e13
[14] 7ff6f6f8fd59
[15] 7ff6f6fa0f32
[16] 7ff6f6f8bd40
[17] 7ff6f6f8f1a9
[18] 7ff6f6f8caac
[19] 7ff6f6f8bdce
[20] 7ff6f6f8b52e
[21] 7ff6f6f9b512
[22] 7ff6f6c2126b
[23] 7ff6f6c22092
[24] 7ff6f6c2772e
[25] 7ffd6fbdcd87 BaseThreadInitThunk
[26] 7ffd70e0caec RtlUserThreadStart
[Error] Exception caught loading asset: /objects/ReworkStation/LR_ReworkStation.object, (AssetException) Could not read JSON asset /objects/ReworkStation/LR_ReworkStation.object
[0] 7ff6f6c2b2a3
[1] 7ff6f6c29fce
[2] 7ff6f6c2a0b8
[3] 7ff6f6c39e20
[4] 7ff6f7359d81
[5] 7ffd4930bb00 _CxxFrameHandler3
[6] 7ffd492f33c7 is_exception_typeof
[7] 7ffd70e841b6 RtlCaptureContext2
[8] 7ff6f6c3c712
[9] 7ff6f6c39b3b
[10] 7ff6f6c454dd
[11] 7ff6f6c44633
[12] 7ff6f6c40bbf
[13] 7ff6f6c4af6b
[14] 7ff6f6c271f7
[15] 7ff6f6c2772e
[16] 7ffd6fbdcd87 BaseThreadInitThunk
[17] 7ffd70e0caec RtlUserThreadStart
Caused by: (JsonParsingException) Cannot parse json file: /objects/ReworkStation/LR_ReworkStation.object
[0] 7ff6f6c2b2a3
[1] 7ff6f6c29fce
[2] 7ff6f6c2a0b8
[3] 7ff6f6c3a980
[4] 7ff6f735b16b
[5] 7ffd4930bb00 _CxxFrameHandler3
[6] 7ffd492f33c7 is_exception_typeof
[7] 7ffd70e841b6 RtlCaptureContext2
[8] 7ff6f6c47b17
[9] 7ff6f6c3c712
[10] 7ff6f6c39b3b
[11] 7ff6f6c454dd
[12] 7ff6f6c44633
[13] 7ff6f6c40bbf
[14] 7ff6f6c4af6b
[15] 7ff6f6c271f7
[16] 7ff6f6c2772e
[17] 7ffd6fbdcd87 BaseThreadInitThunk
[18] 7ffd70e0caec RtlUserThreadStart
Caused by: (JsonException) Improper conversion to JsonArray from object
[0] 7ff6f6c2b2a3
[1] 7ff6f6c29fce
[2] 7ff6f6bc4f4a
[3] 7ff6f6bd2382
[4] 7ff6f6c47b17
[5] 7ff6f6c3c712
[6] 7ff6f6c39b3b
[7] 7ff6f6c454dd
[8] 7ff6f6c44633
[9] 7ff6f6c40bbf
[10] 7ff6f6c4af6b
[11] 7ff6f6c271f7
[12] 7ff6f6c2772e
[13] 7ffd6fbdcd87 BaseThreadInitThunk
[14] 7ffd70e0caec RtlUserThreadStart
[Error] Error loading object file /objects/ReworkStation/LR_ReworkStation.object: (AssetException) Error loading asset /objects/ReworkStation/LR_ReworkStation.object
[0] 7ff6f6c2b2a3
[1] 7ff6f6c29fce
[2] 7ff6f6c366ca
[3] 7ff6f6c427c2
[4] 7ff6f6c442b9
[5] 7ff6f6eac254
[6] 7ff6f6f95105
[7] 7ff6f6f99749
[8] 7ff6f6f8bacf
[9] 7ff6f6f8f536
[10] 7ff6f6f8ce99
[11] 7ff6f6f9baa6
[12] 7ff6f6f9a197
[13] 7ff6f6f91e13
[14] 7ff6f6f8fd59
[15] 7ff6f6fa0f32
[16] 7ff6f6f8bd40
[17] 7ff6f6f8f1a9
[18] 7ff6f6f8caac
[19] 7ff6f6f8bdce
[20] 7ff6f6f8b52e
[21] 7ff6f6f9b512
[22] 7ff6f6c2126b
[23] 7ff6f6c22092
[24] 7ff6f6c2772e
[25] 7ffd6fbdcd87 BaseThreadInitThunk
[26] 7ffd70e0caec RtlUserThreadStart
[Error] Could not apply patch from file /objects/sheilaworkshop/black_furniture/black_blackarmorybanner2b/black_blackarmorybanner2b.object.patch in source: ..\mods\female_translation.pak.  Caused by: (JsonPatchException) Could not apply patch to base. (JsonPatchException) Could not apply operation to base. (JsonException) Cannot call get with key on Json type array, must be Object type
[Error] Could not apply patch from file /objects/sheilaworkshop/black_radios/black_solesurvivor/black_solesurvivor.object.patch in source: ..\mods\female_translation.pak.  Caused by: (JsonPatchException) Could not apply patch to base. (JsonPatchException) Could not apply operation to base. (JsonException) Cannot call get with key on Json type array, must be Object type
[Error] Exception caught loading asset: /objects/ship/spectwingshiplocker/spectwingshiplocker.object, (AssetException) Could not read JSON asset /objects/ship/spectwingshiplocker/spectwingshiplocker.object
[0] 7ff6f6c2b2a3
[1] 7ff6f6c29fce
[2] 7ff6f6c2a0b8
[3] 7ff6f6c39e20
[4] 7ff6f7359d81
[5] 7ffd4930bb00 _CxxFrameHandler3
[6] 7ffd492f33c7 is_exception_typeof
[7] 7ffd70e841b6 RtlCaptureContext2
[8] 7ff6f6c3c712
[9] 7ff6f6c39b3b
[10] 7ff6f6c454dd
[11] 7ff6f6c44633
[12] 7ff6f6c40bbf
[13] 7ff6f6c4af6b
[14] 7ff6f6c271f7
[15] 7ff6f6c2772e
[16] 7ffd6fbdcd87 BaseThreadInitThunk
[17] 7ffd70e0caec RtlUserThreadStart
Caused by: (JsonParsingException) Cannot parse json file: /objects/ship/spectwingshiplocker/spectwingshiplocker.object
[0] 7ff6f6c2b2a3
[1] 7ff6f6c29fce
[2] 7ff6f6c2a0b8
[3] 7ff6f6c3a980
[4] 7ff6f735b16b
[5] 7ffd4930bb00 _CxxFrameHandler3
[6] 7ffd492f33c7 is_exception_typeof
[7] 7ffd70e841b6 RtlCaptureContext2
[8] 7ff6f6c47b17
[9] 7ff6f6c3c712
[10] 7ff6f6c39b3b
[11] 7ff6f6c454dd
[12] 7ff6f6c44633
[13] 7ff6f6c40bbf
[14] 7ff6f6c4af6b
[15] 7ff6f6c271f7
[16] 7ff6f6c2772e
[17] 7ffd6fbdcd87 BaseThreadInitThunk
[18] 7ffd70e0caec RtlUserThreadStart
Caused by: (JsonException) Improper conversion to JsonArray from object
[0] 7ff6f6c2b2a3
[1] 7ff6f6c29fce
[2] 7ff6f6bc4f4a
[3] 7ff6f6bd2382
[4] 7ff6f6c47b17
[5] 7ff6f6c3c712
[6] 7ff6f6c39b3b
[7] 7ff6f6c454dd
[8] 7ff6f6c44633
[9] 7ff6f6c40bbf
[10] 7ff6f6c4af6b
[11] 7ff6f6c271f7
[12] 7ff6f6c2772e
[13] 7ffd6fbdcd87 BaseThreadInitThunk
[14] 7ffd70e0caec RtlUserThreadStart
[Error] Exception caught loading asset: /objects/ship/kitsunetechstation/kitsunetechstation_yellow.object, (AssetException) Could not read JSON asset /objects/ship/kitsunetechstation/kitsunetechstation_yellow.object
[0] 7ff6f6c2b2a3
[1] 7ff6f6c29fce
[2] 7ff6f6c2a0b8
[3] 7ff6f6c39e20
[4] 7ff6f7359d81
[5] 7ffd4930bb00 _CxxFrameHandler3
[6] 7ffd492f33c7 is_exception_typeof
[7] 7ffd70e841b6 RtlCaptureContext2
[8] 7ff6f6c3c712
[9] 7ff6f6c39b3b
[10] 7ff6f6c454dd
[11] 7ff6f6c44633
[12] 7ff6f6c40bbf
[13] 7ff6f6c4af6b
[14] 7ff6f6c271f7
[15] 7ff6f6c2772e
[16] 7ffd6fbdcd87 BaseThreadInitThunk
[17] 7ffd70e0caec RtlUserThreadStart
Caused by: (JsonParsingException) Cannot parse json file: /objects/ship/kitsunetechstation/kitsunetechstation_yellow.object
[0] 7ff6f6c2b2a3
[1] 7ff6f6c29fce
[2] 7ff6f6c2a0b8
[3] 7ff6f6c3a980
[4] 7ff6f735b16b
[5] 7ffd4930bb00 _CxxFrameHandler3
[6] 7ffd492f33c7 is_exception_typeof
[7] 7ffd70e841b6 RtlCaptureContext2
[8] 7ff6f6c47b17
[9] 7ff6f6c3c712
[10] 7ff6f6c39b3b
[11] 7ff6f6c454dd
[12] 7ff6f6c44633
[13] 7ff6f6c40bbf
[14] 7ff6f6c4af6b
[15] 7ff6f6c271f7
[16] 7ff6f6c2772e
[17] 7ffd6fbdcd87 BaseThreadInitThunk
[18] 7ffd70e0caec RtlUserThreadStart
Caused by: (JsonException) Improper conversion to JsonArray from object
[0] 7ff6f6c2b2a3
[1] 7ff6f6c29fce
[2] 7ff6f6bc4f4a
[3] 7ff6f6bd2382
[4] 7ff6f6c47b17
[5] 7ff6f6c3c712
[6] 7ff6f6c39b3b
[7] 7ff6f6c454dd
[8] 7ff6f6c44633
[9] 7ff6f6c40bbf
[10] 7ff6f6c4af6b
[11] 7ff6f6c271f7
[12] 7ff6f6c2772e
[13] 7ffd6fbdcd87 BaseThreadInitThunk
[14] 7ffd70e0caec RtlUserThreadStart
[Error] Error loading object file /objects/ship/kitsunetechstation/kitsunetechstation_yellow.object: (AssetException) Error loading asset /objects/ship/kitsunetechstation/kitsunetechstation_yellow.object
[0] 7ff6f6c2b2a3
[1] 7ff6f6c29fce
[2] 7ff6f6c366ca
[3] 7ff6f6c427c2
[4] 7ff6f6c442b9
[5] 7ff6f6eac254
[6] 7ff6f6f95105
[7] 7ff6f6f99749
[8] 7ff6f6f8bacf
[9] 7ff6f6f8f536
[10] 7ff6f6f8ce99
[11] 7ff6f6f9baa6
[12] 7ff6f6f9a197
[13] 7ff6f6f91e13
[14] 7ff6f6f8fd59
[15] 7ff6f6fa0f32
[16] 7ff6f6f8bd40
[17] 7ff6f6f8f1a9
[18] 7ff6f6f8caac
[19] 7ff6f6f8bdce
[20] 7ff6f6f8b52e
[21] 7ff6f6f9b512
[22] 7ff6f6c2126b
[23] 7ff6f6c22092
[24] 7ff6f6c2772e
[25] 7ffd6fbdcd87 BaseThreadInitThunk
[26] 7ffd70e0caec RtlUserThreadStart
[Error] Error loading object file /objects/ship/spectwingshiplocker/spectwingshiplocker.object: (AssetException) Error loading asset /objects/ship/spectwingshiplocker/spectwingshiplocker.object
[0] 7ff6f6c2b2a3
[1] 7ff6f6c29fce
[2] 7ff6f6c366ca
[3] 7ff6f6c427c2
[4] 7ff6f6c442b9
[5] 7ff6f6eac254
[6] 7ff6f6f95105
[7] 7ff6f6f99749
[8] 7ff6f6f8bacf
[9] 7ff6f6f8f536
[10] 7ff6f6f8ce99
[11] 7ff6f6f9baa6
[12] 7ff6f6f9a197
[13] 7ff6f6f91e13
[14] 7ff6f6f8fd59
[15] 7ff6f6fa0f32
[16] 7ff6f6f8bd40
[17] 7ff6f6f8f1a9
[18] 7ff6f6f8caac
[19] 7ff6f6f8bdce
[20] 7ff6f6f8b52e
[21] 7ff6f6f9b512
[22] 7ff6f6c2126b
[23] 7ff6f6c22092
[24] 7ff6f6c2772e
[25] 7ffd6fbdcd87 BaseThreadInitThunk
[26] 7ffd70e0caec RtlUserThreadStart
[Error] Exception caught loading asset: /objects/ship/aegi/aegishiplocker/aegishiplocker.object, (AssetException) Could not read JSON asset /objects/ship/aegi/aegishiplocker/aegishiplocker.object
[0] 7ff6f6c2b2a3
[1] 7ff6f6c29fce
[2] 7ff6f6c2a0b8
[3] 7ff6f6c39e20
[4] 7ff6f7359d81
[5] 7ffd4930bb00 _CxxFrameHandler3
[6] 7ffd492f33c7 is_exception_typeof
[7] 7ffd70e841b6 RtlCaptureContext2
[8] 7ff6f6c3c712
[9] 7ff6f6c39b3b
[10] 7ff6f6c454dd
[11] 7ff6f6c44633
[12] 7ff6f6c40bbf
[13] 7ff6f6c4af6b
[14] 7ff6f6c271f7
[15] 7ff6f6c2772e
[16] 7ffd6fbdcd87 BaseThreadInitThunk
[17] 7ffd70e0caec RtlUserThreadStart
Caused by: (JsonParsingException) Cannot parse json file: /objects/ship/aegi/aegishiplocker/aegishiplocker.object
[0] 7ff6f6c2b2a3
[1] 7ff6f6c29fce
[2] 7ff6f6c2a0b8
[3] 7ff6f6c3a980
[4] 7ff6f735b16b
[5] 7ffd4930bb00 _CxxFrameHandler3
[6] 7ffd492f33c7 is_exception_typeof
[7] 7ffd70e841b6 RtlCaptureContext2
[8] 7ff6f6c47b17
[9] 7ff6f6c3c712
[10] 7ff6f6c39b3b
[11] 7ff6f6c454dd
[12] 7ff6f6c44633
[13] 7ff6f6c40bbf
[14] 7ff6f6c4af6b
[15] 7ff6f6c271f7
[16] 7ff6f6c2772e
[17] 7ffd6fbdcd87 BaseThreadInitThunk
[18] 7ffd70e0caec RtlUserThreadStart
Caused by: (JsonException) Improper conversion to JsonArray from object
[0] 7ff6f6c2b2a3
[1] 7ff6f6c29fce
[2] 7ff6f6bc4f4a
[3] 7ff6f6bd2382
[4] 7ff6f6c47b17
[5] 7ff6f6c3c712
[6] 7ff6f6c39b3b
[7] 7ff6f6c454dd
[8] 7ff6f6c44633
[9] 7ff6f6c40bbf
[10] 7ff6f6c4af6b
[11] 7ff6f6c271f7
[12] 7ff6f6c2772e
[13] 7ffd6fbdcd87 BaseThreadInitThunk
[14] 7ffd70e0caec RtlUserThreadStart
[Error] Error loading object file /objects/ship/aegi/aegishiplocker/aegishiplocker.object: (AssetException) Error loading asset /objects/ship/aegi/aegishiplocker/aegishiplocker.object
[0] 7ff6f6c2b2a3
[1] 7ff6f6c29fce
[2] 7ff6f6c366ca
[3] 7ff6f6c427c2
[4] 7ff6f6c442b9
[5] 7ff6f6eac254
[6] 7ff6f6f95105
[7] 7ff6f6f99749
[8] 7ff6f6f8bacf
[9] 7ff6f6f8f536
[10] 7ff6f6f8ce99
[11] 7ff6f6f9baa6
[12] 7ff6f6f9a197
[13] 7ff6f6f91e13
[14] 7ff6f6f8fd59
[15] 7ff6f6fa0f32
[16] 7ff6f6f8bd40
[17] 7ff6f6f8f1a9
[18] 7ff6f6f8caac
[19] 7ff6f6f8bdce
[20] 7ff6f6f8b52e
[21] 7ff6f6f9b512
[22] 7ff6f6c2126b
[23] 7ff6f6c22092
[24] 7ff6f6c2772e
[25] 7ffd6fbdcd87 BaseThreadInitThunk
[26] 7ffd70e0caec RtlUserThreadStart
[Error] Exception caught loading asset: /objects/avikan/misc/avikanlargedrahl/avikanlargedrahl.object, (AssetException) Could not read JSON asset /objects/avikan/misc/avikanlargedrahl/avikanlargedrahl.object
[0] 7ff6f6c2b2a3
[1] 7ff6f6c29fce
[2] 7ff6f6c2a0b8
[3] 7ff6f6c39e20
[4] 7ff6f7359d81
[5] 7ffd4930bb00 _CxxFrameHandler3
[6] 7ffd492f33c7 is_exception_typeof
[7] 7ffd70e841b6 RtlCaptureContext2
[8] 7ff6f6c3c712
[9] 7ff6f6c39b3b
[10] 7ff6f6c454dd
[11] 7ff6f6c44633
[12] 7ff6f6c40bbf
[13] 7ff6f6c4af6b
[14] 7ff6f6c271f7
[15] 7ff6f6c2772e
[16] 7ffd6fbdcd87 BaseThreadInitThunk
[17] 7ffd70e0caec RtlUserThreadStart
Caused by: (JsonParsingException) Cannot parse json file: /objects/avikan/misc/avikanlargedrahl/avikanlargedrahl.object
[0] 7ff6f6c2b2a3
[1] 7ff6f6c29fce
[2] 7ff6f6c2a0b8
[3] 7ff6f6c3a980
[4] 7ff6f735b16b
[5] 7ffd4930bb00 _CxxFrameHandler3
[6] 7ffd492f33c7 is_exception_typeof
[7] 7ffd70e841b6 RtlCaptureContext2
[8] 7ff6f6c47b17
[9] 7ff6f6c3c712
[10] 7ff6f6c39b3b
[11] 7ff6f6c454dd
[12] 7ff6f6c44633
[13] 7ff6f6c40bbf
[14] 7ff6f6c4af6b
[15] 7ff6f6c271f7
[16] 7ff6f6c2772e
[17] 7ffd6fbdcd87 BaseThreadInitThunk
[18] 7ffd70e0caec RtlUserThreadStart
Caused by: (JsonException) Improper conversion to JsonArray from object
[0] 7ff6f6c2b2a3
[1] 7ff6f6c29fce
[2] 7ff6f6bc4f4a
[3] 7ff6f6bd2382
[4] 7ff6f6c47b17
[5] 7ff6f6c3c712
[6] 7ff6f6c39b3b
[7] 7ff6f6c454dd
[8] 7ff6f6c44633
[9] 7ff6f6c40bbf
[10] 7ff6f6c4af6b
[11] 7ff6f6c271f7
[12] 7ff6f6c2772e
[13] 7ffd6fbdcd87 BaseThreadInitThunk
[14] 7ffd70e0caec RtlUserThreadStart
[Error] Error loading object file /objects/avikan/misc/avikanlargedrahl/avikanlargedrahl.object: (AssetException) Error loading asset /objects/avikan/misc/avikanlargedrahl/avikanlargedrahl.object
[0] 7ff6f6c2b2a3
[1] 7ff6f6c29fce
[2] 7ff6f6c366ca
[3] 7ff6f6c427c2
[4] 7ff6f6c442b9
[5] 7ff6f6eac254
[6] 7ff6f6f95105
[7] 7ff6f6f99749
[8] 7ff6f6f8bacf
[9] 7ff6f6f8f536
[10] 7ff6f6f8ce99
[11] 7ff6f6f9baa6
[12] 7ff6f6f9a197
[13] 7ff6f6f91e13
[14] 7ff6f6f8fd59
[15] 7ff6f6fa0f32
[16] 7ff6f6f8bd40
[17] 7ff6f6f8f1a9
[18] 7ff6f6f8caac
[19] 7ff6f6f8bdce
[20] 7ff6f6f8b52e
[21] 7ff6f6f9b512
[22] 7ff6f6c2126b
[23] 7ff6f6c22092
[24] 7ff6f6c2772e
[25] 7ffd6fbdcd87 BaseThreadInitThunk
[26] 7ffd70e0caec RtlUserThreadStart
[Error] Exception caught loading asset: /objects/koopUscm/generic/uscmflagsilent/uscmflagsilent.object, (AssetException) Could not read JSON asset /objects/koopUscm/generic/uscmflagsilent/uscmflagsilent.object
[0] 7ff6f6c2b2a3
[1] 7ff6f6c29fce
[2] 7ff6f6c2a0b8
[3] 7ff6f6c39e20
[4] 7ff6f7359d81
[5] 7ffd4930bb00 _CxxFrameHandler3
[6] 7ffd492f33c7 is_exception_typeof
[7] 7ffd70e841b6 RtlCaptureContext2
[8] 7ff6f6c3c712
[9] 7ff6f6c39b3b
[10] 7ff6f6c454dd
[11] 7ff6f6c44633
[12] 7ff6f6c40bbf
[13] 7ff6f6c4af6b
[14] 7ff6f6c271f7
[15] 7ff6f6c2772e
[16] 7ffd6fbdcd87 BaseThreadInitThunk
[17] 7ffd70e0caec RtlUserThreadStart
Caused by: (JsonParsingException) Cannot parse json file: /objects/koopUscm/generic/uscmflagsilent/uscmflagsilent.object
[0] 7ff6f6c2b2a3
[1] 7ff6f6c29fce
[2] 7ff6f6c2a0b8
[3] 7ff6f6c3a980
[4] 7ff6f735b16b
[5] 7ffd4930bb00 _CxxFrameHandler3
[6] 7ffd492f33c7 is_exception_typeof
[7] 7ffd70e841b6 RtlCaptureContext2
[8] 7ff6f6c47b17
[9] 7ff6f6c3c712
[10] 7ff6f6c39b3b
[11] 7ff6f6c454dd
[12] 7ff6f6c44633
[13] 7ff6f6c40bbf
[14] 7ff6f6c4af6b
[15] 7ff6f6c271f7
[16] 7ff6f6c2772e
[17] 7ffd6fbdcd87 BaseThreadInitThunk
[18] 7ffd70e0caec RtlUserThreadStart
Caused by: (JsonException) Improper conversion to JsonArray from object
[0] 7ff6f6c2b2a3
[1] 7ff6f6c29fce
[2] 7ff6f6bc4f4a
[3] 7ff6f6bd2382
[4] 7ff6f6c47b17
[5] 7ff6f6c3c712
[6] 7ff6f6c39b3b
[7] 7ff6f6c454dd
[8] 7ff6f6c44633
[9] 7ff6f6c40bbf
[10] 7ff6f6c4af6b
[11] 7ff6f6c271f7
[12] 7ff6f6c2772e
[13] 7ffd6fbdcd87 BaseThreadInitThunk
[14] 7ffd70e0caec RtlUserThreadStart
[Error] Error loading object file /objects/koopUscm/generic/uscmflagsilent/uscmflagsilent.object: (AssetException) Error loading asset /objects/koopUscm/generic/uscmflagsilent/uscmflagsilent.object
[0] 7ff6f6c2b2a3
[1] 7ff6f6c29fce
[2] 7ff6f6c366ca
[3] 7ff6f6c427c2
[4] 7ff6f6c442b9
[5] 7ff6f6eac254
[6] 7ff6f6f95105
[7] 7ff6f6f99749
[8] 7ff6f6f8bacf
[9] 7ff6f6f8f536
[10] 7ff6f6f8ce99
[11] 7ff6f6f9baa6
[12] 7ff6f6f9a197
[13] 7ff6f6f91e13
[14] 7ff6f6f8fd59
[15] 7ff6f6fa0f32
[16] 7ff6f6f8bd40
[17] 7ff6f6f8f1a9
[18] 7ff6f6f8caac
[19] 7ff6f6f8bdce
[20] 7ff6f6f8b52e
[21] 7ff6f6f9b512
[22] 7ff6f6c2126b
[23] 7ff6f6c22092
[24] 7ff6f6c2772e
[25] 7ffd6fbdcd87 BaseThreadInitThunk
[26] 7ffd70e0caec RtlUserThreadStart
[Error] Could not apply patch from file /objects/CORPSES/gic_captaincorpse/gic_captaincorpse.object.patch in source: ..\mods\female_translation.pak.  Caused by: (JsonPatchException) Could not apply patch to base. (JsonPatchException) Could not apply operation to base. (JsonException) Cannot call get with key on Json type array, must be Object type
[Error] Exception caught loading asset: /objects/CORPUSSHIP/esc_corpus_humanshipdoor/esc_corpus_humanshiphatch_alt.object, (AssetException) Could not read JSON asset /objects/CORPUSSHIP/esc_corpus_humanshipdoor/esc_corpus_humanshiphatch_alt.object
[0] 7ff6f6c2b2a3
[1] 7ff6f6c29fce
[2] 7ff6f6c2a0b8
[3] 7ff6f6c39e20
[4] 7ff6f7359d81
[5] 7ffd4930bb00 _CxxFrameHandler3
[6] 7ffd492f33c7 is_exception_typeof
[7] 7ffd70e841b6 RtlCaptureContext2
[8] 7ff6f6c3c712
[9] 7ff6f6c39b3b
[10] 7ff6f6c454dd
[11] 7ff6f6c44633
[12] 7ff6f6c40bbf
[13] 7ff6f6c4af6b
[14] 7ff6f6c271f7
[15] 7ff6f6c2772e
[16] 7ffd6fbdcd87 BaseThreadInitThunk
[17] 7ffd70e0caec RtlUserThreadStart
Caused by: (JsonParsingException) Cannot parse json file: /objects/CORPUSSHIP/esc_corpus_humanshipdoor/esc_corpus_humanshiphatch_alt.object
[0] 7ff6f6c2b2a3
[1] 7ff6f6c29fce
[2] 7ff6f6c2a0b8
[3] 7ff6f6c3a980
[4] 7ff6f735b16b
[5] 7ffd4930bb00 _CxxFrameHandler3
[6] 7ffd492f33c7 is_exception_typeof
[7] 7ffd70e841b6 RtlCaptureContext2
[8] 7ff6f6c47b17
[9] 7ff6f6c3c712
[10] 7ff6f6c39b3b
[11] 7ff6f6c454dd
[12] 7ff6f6c44633
[13] 7ff6f6c40bbf
[14] 7ff6f6c4af6b
[15] 7ff6f6c271f7
[16] 7ff6f6c2772e
[17] 7ffd6fbdcd87 BaseThreadInitThunk
[18] 7ffd70e0caec RtlUserThreadStart
Caused by: (JsonException) Improper conversion to JsonArray from object
[0] 7ff6f6c2b2a3
[1] 7ff6f6c29fce
[2] 7ff6f6bc4f4a
[3] 7ff6f6bd2382
[4] 7ff6f6c47b17
[5] 7ff6f6c3c712
[6] 7ff6f6c39b3b
[7] 7ff6f6c454dd
[8] 7ff6f6c44633
[9] 7ff6f6c40bbf
[10] 7ff6f6c4af6b
[11] 7ff6f6c271f7
[12] 7ff6f6c2772e
[13] 7ffd6fbdcd87 BaseThreadInitThunk
[14] 7ffd70e0caec RtlUserThreadStart
[Error] Error loading object file /objects/CORPUSSHIP/esc_corpus_humanshipdoor/esc_corpus_humanshiphatch_alt.object: (AssetException) Error loading asset /objects/CORPUSSHIP/esc_corpus_humanshipdoor/esc_corpus_humanshiphatch_alt.object
[0] 7ff6f6c2b2a3
[1] 7ff6f6c29fce
[2] 7ff6f6c366ca
[3] 7ff6f6c427c2
[4] 7ff6f6c442b9
[5] 7ff6f6eac254
[6] 7ff6f6f95105
[7] 7ff6f6f99749
[8] 7ff6f6f8bacf
[9] 7ff6f6f8f536
[10] 7ff6f6f8ce99
[11] 7ff6f6f9baa6
[12] 7ff6f6f9a197
[13] 7ff6f6f91e13
[14] 7ff6f6f8fd59
[15] 7ff6f6fa0f32
[16] 7ff6f6f8bd40
[17] 7ff6f6f8f1a9
[18] 7ff6f6f8caac
[19] 7ff6f6f8bdce
[20] 7ff6f6f8b52e
[21] 7ff6f6f9b512
[22] 7ff6f6c2126b
[23] 7ff6f6c22092
[24] 7ff6f6c2772e
[25] 7ffd6fbdcd87 BaseThreadInitThunk
[26] 7ffd70e0caec RtlUserThreadStart
[Error] Exception caught loading asset: /objects/ship/avikan/avikanshiplockertier0/avikanshiplockertier0.object, (AssetException) Could not read JSON asset /objects/ship/avikan/avikanshiplockertier0/avikanshiplockertier0.object
[0] 7ff6f6c2b2a3
[1] 7ff6f6c29fce
[2] 7ff6f6c2a0b8
[3] 7ff6f6c39e20
[4] 7ff6f7359d81
[5] 7ffd4930bb00 _CxxFrameHandler3
[6] 7ffd492f33c7 is_exception_typeof
[7] 7ffd70e841b6 RtlCaptureContext2
[8] 7ff6f6c3c712
[9] 7ff6f6c39b3b
[10] 7ff6f6c454dd
[11] 7ff6f6c44633
[12] 7ff6f6c40bbf
[13] 7ff6f6c4af6b
[14] 7ff6f6c271f7
[15] 7ff6f6c2772e
[16] 7ffd6fbdcd87 BaseThreadInitThunk
[17] 7ffd70e0caec RtlUserThreadStart
Caused by: (JsonParsingException) Cannot parse json file: /objects/ship/avikan/avikanshiplockertier0/avikanshiplockertier0.object
[0] 7ff6f6c2b2a3
[1] 7ff6f6c29fce
[2] 7ff6f6c2a0b8
[3] 7ff6f6c3a980
[4] 7ff6f735b16b
[5] 7ffd4930bb00 _CxxFrameHandler3
[6] 7ffd492f33c7 is_exception_typeof
[7] 7ffd70e841b6 RtlCaptureContext2
[8] 7ff6f6c47b17
[9] 7ff6f6c3c712
[10] 7ff6f6c39b3b
[11] 7ff6f6c454dd
[12] 7ff6f6c44633
[13] 7ff6f6c40bbf
[14] 7ff6f6c4af6b
[15] 7ff6f6c271f7
[16] 7ff6f6c2772e
[17] 7ffd6fbdcd87 BaseThreadInitThunk
[18] 7ffd70e0caec RtlUserThreadStart
Caused by: (JsonException) Improper conversion to JsonArray from object
[0] 7ff6f6c2b2a3
[1] 7ff6f6c29fce
[2] 7ff6f6bc4f4a
[3] 7ff6f6bd2382
[4] 7ff6f6c47b17
[5] 7ff6f6c3c712
[6] 7ff6f6c39b3b
[7] 7ff6f6c454dd
[8] 7ff6f6c44633
[9] 7ff6f6c40bbf
[10] 7ff6f6c4af6b
[11] 7ff6f6c271f7
[12] 7ff6f6c2772e
[13] 7ffd6fbdcd87 BaseThreadInitThunk
[14] 7ffd70e0caec RtlUserThreadStart
[Error] Error loading object file /objects/ship/avikan/avikanshiplockertier0/avikanshiplockertier0.object: (AssetException) Error loading asset /objects/ship/avikan/avikanshiplockertier0/avikanshiplockertier0.object
[0] 7ff6f6c2b2a3
[1] 7ff6f6c29fce
[2] 7ff6f6c366ca
[3] 7ff6f6c427c2
[4] 7ff6f6c442b9
[5] 7ff6f6eac254
[6] 7ff6f6f95105
[7] 7ff6f6f99749
[8] 7ff6f6f8bacf
[9] 7ff6f6f8f536
[10] 7ff6f6f8ce99
[11] 7ff6f6f9baa6
[12] 7ff6f6f9a197
[13] 7ff6f6f91e13
[14] 7ff6f6f8fd59
[15] 7ff6f6fa0f32
[16] 7ff6f6f8bd40
[17] 7ff6f6f8f1a9
[18] 7ff6f6f8caac
[19] 7ff6f6f8bdce
[20] 7ff6f6f8b52e
[21] 7ff6f6f9b512
[22] 7ff6f6c2126b
[23] 7ff6f6c22092
[24] 7ff6f6c2772e
[25] 7ffd6fbdcd87 BaseThreadInitThunk
[26] 7ffd70e0caec RtlUserThreadStart
[Error] Exception caught loading asset: /objects/arcana/gilded/mwhaddon_gilded_mission_1/mwhaddon_gilded_mission_1.object, (AssetException) Could not read JSON asset /objects/arcana/gilded/mwhaddon_gilded_mission_1/mwhaddon_gilded_mission_1.object
[0] 7ff6f6c2b2a3
[1] 7ff6f6c29fce
[2] 7ff6f6c2a0b8
[3] 7ff6f6c39e20
[4] 7ff6f7359d81
[5] 7ffd4930bb00 _CxxFrameHandler3
[6] 7ffd492f33c7 is_exception_typeof
[7] 7ffd70e841b6 RtlCaptureContext2
[8] 7ff6f6c3c712
[9] 7ff6f6c39b3b
[10] 7ff6f6c454dd
[11] 7ff6f6c44633
[12] 7ff6f6c40bbf
[13] 7ff6f6c4af6b
[14] 7ff6f6c271f7
[15] 7ff6f6c2772e
[16] 7ffd6fbdcd87 BaseThreadInitThunk
[17] 7ffd70e0caec RtlUserThreadStart
Caused by: (JsonParsingException) Cannot parse json file: /objects/arcana/gilded/mwhaddon_gilded_mission_1/mwhaddon_gilded_mission_1.object
[0] 7ff6f6c2b2a3
[1] 7ff6f6c29fce
[2] 7ff6f6c2a0b8
[3] 7ff6f6c3a980
[4] 7ff6f735b16b
[5] 7ffd4930bb00 _CxxFrameHandler3
[6] 7ffd492f33c7 is_exception_typeof
[7] 7ffd70e841b6 RtlCaptureContext2
[8] 7ff6f6c47b17
[9] 7ff6f6c3c712
[10] 7ff6f6c39b3b
[11] 7ff6f6c454dd
[12] 7ff6f6c44633
[13] 7ff6f6c40bbf
[14] 7ff6f6c4af6b
[15] 7ff6f6c271f7
[16] 7ff6f6c2772e
[17] 7ffd6fbdcd87 BaseThreadInitThunk
[18] 7ffd70e0caec RtlUserThreadStart
Caused by: (JsonException) Improper conversion to JsonArray from object
[0] 7ff6f6c2b2a3
[1] 7ff6f6c29fce
[2] 7ff6f6bc4f4a
[3] 7ff6f6bd2382
[4] 7ff6f6c47b17
[5] 7ff6f6c3c712
[6] 7ff6f6c39b3b
[7] 7ff6f6c454dd
[8] 7ff6f6c44633
[9] 7ff6f6c40bbf
[10] 7ff6f6c4af6b
[11] 7ff6f6c271f7
[12] 7ff6f6c2772e
[13] 7ffd6fbdcd87 BaseThreadInitThunk
[14] 7ffd70e0caec RtlUserThreadStart
[Error] Error loading object file /objects/arcana/gilded/mwhaddon_gilded_mission_1/mwhaddon_gilded_mission_1.object: (AssetException) Error loading asset /objects/arcana/gilded/mwhaddon_gilded_mission_1/mwhaddon_gilded_mission_1.object
[0] 7ff6f6c2b2a3
[1] 7ff6f6c29fce
[2] 7ff6f6c366ca
[3] 7ff6f6c427c2
[4] 7ff6f6c442b9
[5] 7ff6f6eac254
[6] 7ff6f6f95105
[7] 7ff6f6f99749
[8] 7ff6f6f8bacf
[9] 7ff6f6f8f536
[10] 7ff6f6f8ce99
[11] 7ff6f6f9baa6
[12] 7ff6f6f9a197
[13] 7ff6f6f91e13
[14] 7ff6f6f8fd59
[15] 7ff6f6fa0f32
[16] 7ff6f6f8bd40
[17] 7ff6f6f8f1a9
[18] 7ff6f6f8caac
[19] 7ff6f6f8bdce
[20] 7ff6f6f8b52e
[21] 7ff6f6f9b512
[22] 7ff6f6c2126b
[23] 7ff6f6c22092
[24] 7ff6f6c2772e
[25] 7ffd6fbdcd87 BaseThreadInitThunk
[26] 7ffd70e0caec RtlUserThreadStart
[Error] Exception caught loading asset: /objects/ship/woofietechstation/woofietechstation.object, (AssetException) Could not read JSON asset /objects/ship/woofietechstation/woofietechstation.object
[0] 7ff6f6c2b2a3
[1] 7ff6f6c29fce
[2] 7ff6f6c2a0b8
[3] 7ff6f6c39e20
[4] 7ff6f7359d81
[5] 7ffd4930bb00 _CxxFrameHandler3
[6] 7ffd492f33c7 is_exception_typeof
[7] 7ffd70e841b6 RtlCaptureContext2
[8] 7ff6f6c3c712
[9] 7ff6f6c39b3b
[10] 7ff6f6c454dd
[11] 7ff6f6c44633
[12] 7ff6f6c40bbf
[13] 7ff6f6c4af6b
[14] 7ff6f6c271f7
[15] 7ff6f6c2772e
[16] 7ffd6fbdcd87 BaseThreadInitThunk
[17] 7ffd70e0caec RtlUserThreadStart
Caused by: (JsonParsingException) Cannot parse json file: /objects/ship/woofietechstation/woofietechstation.object
[0] 7ff6f6c2b2a3
[1] 7ff6f6c29fce
[2] 7ff6f6c2a0b8
[3] 7ff6f6c3a980
[4] 7ff6f735b16b
[5] 7ffd4930bb00 _CxxFrameHandler3
[6] 7ffd492f33c7 is_exception_typeof
[7] 7ffd70e841b6 RtlCaptureContext2
[8] 7ff6f6c47b17
[9] 7ff6f6c3c712
[10] 7ff6f6c39b3b
[11] 7ff6f6c454dd
[12] 7ff6f6c44633
[13] 7ff6f6c40bbf
[14] 7ff6f6c4af6b
[15] 7ff6f6c271f7
[16] 7ff6f6c2772e
[17] 7ffd6fbdcd87 BaseThreadInitThunk
[18] 7ffd70e0caec RtlUserThreadStart
Caused by: (JsonException) Improper conversion to JsonArray from object
[0] 7ff6f6c2b2a3
[1] 7ff6f6c29fce
[2] 7ff6f6bc4f4a
[3] 7ff6f6bd2382
[4] 7ff6f6c47b17
[5] 7ff6f6c3c712
[6] 7ff6f6c39b3b
[7] 7ff6f6c454dd
[8] 7ff6f6c44633
[9] 7ff6f6c40bbf
[10] 7ff6f6c4af6b
[11] 7ff6f6c271f7
[12] 7ff6f6c2772e
[13] 7ffd6fbdcd87 BaseThreadInitThunk
[14] 7ffd70e0caec RtlUserThreadStart
[Error] Error loading object file /objects/ship/woofietechstation/woofietechstation.object: (AssetException) Error loading asset /objects/ship/woofietechstation/woofietechstation.object
[0] 7ff6f6c2b2a3
[1] 7ff6f6c29fce
[2] 7ff6f6c366ca
[3] 7ff6f6c427c2
[4] 7ff6f6c442b9
[5] 7ff6f6eac254
[6] 7ff6f6f95105
[7] 7ff6f6f99749
[8] 7ff6f6f8bacf
[9] 7ff6f6f8f536
[10] 7ff6f6f8ce99
[11] 7ff6f6f9baa6
[12] 7ff6f6f9a197
[13] 7ff6f6f91e13
[14] 7ff6f6f8fd59
[15] 7ff6f6fa0f32
[16] 7ff6f6f8bd40
[17] 7ff6f6f8f1a9
[18] 7ff6f6f8caac
[19] 7ff6f6f8bdce
[20] 7ff6f6f8b52e
[21] 7ff6f6f9b512
[22] 7ff6f6c2126b
[23] 7ff6f6c22092
[24] 7ff6f6c2772e
[25] 7ffd6fbdcd87 BaseThreadInitThunk
[26] 7ffd70e0caec RtlUserThreadStart
[Error] Exception caught loading asset: /objects/crafting/enhancedstorageshop/enhancedstorageshop.object, (AssetException) Could not read JSON asset /objects/crafting/enhancedstorageshop/enhancedstorageshop.object
[0] 7ff6f6c2b2a3
[1] 7ff6f6c29fce
[2] 7ff6f6c2a0b8
[3] 7ff6f6c39e20
[4] 7ff6f7359d81
[5] 7ffd4930bb00 _CxxFrameHandler3
[6] 7ffd492f33c7 is_exception_typeof
[7] 7ffd70e841b6 RtlCaptureContext2
[8] 7ff6f6c3c712
[9] 7ff6f6c39b3b
[10] 7ff6f6c454dd
[11] 7ff6f6c44633
[12] 7ff6f6c40bbf
[13] 7ff6f6c4af6b
[14] 7ff6f6c271f7
[15] 7ff6f6c2772e
[16] 7ffd6fbdcd87 BaseThreadInitThunk
[17] 7ffd70e0caec RtlUserThreadStart
Caused by: (JsonParsingException) Cannot parse json file: /objects/crafting/enhancedstorageshop/enhancedstorageshop.object
[0] 7ff6f6c2b2a3
[1] 7ff6f6c29fce
[2] 7ff6f6c2a0b8
[3] 7ff6f6c3a980
[4] 7ff6f735b16b
[5] 7ffd4930bb00 _CxxFrameHandler3
[6] 7ffd492f33c7 is_exception_typeof
[7] 7ffd70e841b6 RtlCaptureContext2
[8] 7ff6f6c47b17
[9] 7ff6f6c3c712
[10] 7ff6f6c39b3b
[11] 7ff6f6c454dd
[12] 7ff6f6c44633
[13] 7ff6f6c40bbf
[14] 7ff6f6c4af6b
[15] 7ff6f6c271f7
[16] 7ff6f6c2772e
[17] 7ffd6fbdcd87 BaseThreadInitThunk
[18] 7ffd70e0caec RtlUserThreadStart
Caused by: (JsonException) Improper conversion to JsonArray from object
[0] 7ff6f6c2b2a3
[1] 7ff6f6c29fce
[2] 7ff6f6bc4f4a
[3] 7ff6f6bd2382
[4] 7ff6f6c47b17
[5] 7ff6f6c3c712
[6] 7ff6f6c39b3b
[7] 7ff6f6c454dd
[8] 7ff6f6c44633
[9] 7ff6f6c40bbf
[10] 7ff6f6c4af6b
[11] 7ff6f6c271f7
[12] 7ff6f6c2772e
[13] 7ffd6fbdcd87 BaseThreadInitThunk
[14] 7ffd70e0caec RtlUserThreadStart
[Error] Error loading object file /objects/crafting/enhancedstorageshop/enhancedstorageshop.object: (AssetException) Error loading asset /objects/crafting/enhancedstorageshop/enhancedstorageshop.object
[0] 7ff6f6c2b2a3
[1] 7ff6f6c29fce
[2] 7ff6f6c366ca
[3] 7ff6f6c427c2
[4] 7ff6f6c442b9
[5] 7ff6f6eac254
[6] 7ff6f6f95105
[7] 7ff6f6f99749
[8] 7ff6f6f8bacf
[9] 7ff6f6f8f536
[10] 7ff6f6f8ce99
[11] 7ff6f6f9baa6
[12] 7ff6f6f9a197
[13] 7ff6f6f91e13
[14] 7ff6f6f8fd59
[15] 7ff6f6fa0f32
[16] 7ff6f6f8bd40
[17] 7ff6f6f8f1a9
[18] 7ff6f6f8caac
[19] 7ff6f6f8bdce
[20] 7ff6f6f8b52e
[21] 7ff6f6f9b512
[22] 7ff6f6c2126b
[23] 7ff6f6c22092
[24] 7ff6f6c2772e
[25] 7ffd6fbdcd87 BaseThreadInitThunk
[26] 7ffd70e0caec RtlUserThreadStart
[Error] Could not apply patch from file /objects/sheilaworkshop/black_furniture/black_fullthrottlekiwidrinkobject/black_fullthrottlekiwidrinkobject.object.patch in source: ..\mods\female_translation.pak.  Caused by: (JsonPatchException) Could not apply patch to base. (JsonPatchException) Could not apply operation to base. (JsonException) Cannot call get with key on Json type array, must be Object type
[Error] Exception caught loading asset: /objects/ship/slimepersonshiplocker/slimepersonshiplocker.object, (AssetException) Could not read JSON asset /objects/ship/slimepersonshiplocker/slimepersonshiplocker.object
[0] 7ff6f6c2b2a3
[1] 7ff6f6c29fce
[2] 7ff6f6c2a0b8
[3] 7ff6f6c39e20
[4] 7ff6f7359d81
[5] 7ffd4930bb00 _CxxFrameHandler3
[6] 7ffd492f33c7 is_exception_typeof
[7] 7ffd70e841b6 RtlCaptureContext2
[8] 7ff6f6c3c712
[9] 7ff6f6c39b3b
[10] 7ff6f6c454dd
[11] 7ff6f6c44633
[12] 7ff6f6c40bbf
[13] 7ff6f6c4af6b
[14] 7ff6f6c271f7
[15] 7ff6f6c2772e
[16] 7ffd6fbdcd87 BaseThreadInitThunk
[17] 7ffd70e0caec RtlUserThreadStart
Caused by: (JsonParsingException) Cannot parse json file: /objects/ship/slimepersonshiplocker/slimepersonshiplocker.object
[0] 7ff6f6c2b2a3
[1] 7ff6f6c29fce
[2] 7ff6f6c2a0b8
[3] 7ff6f6c3a980
[4] 7ff6f735b16b
[5] 7ffd4930bb00 _CxxFrameHandler3
[6] 7ffd492f33c7 is_exception_typeof
[7] 7ffd70e841b6 RtlCaptureContext2
[8] 7ff6f6c47b17
[9] 7ff6f6c3c712
[10] 7ff6f6c39b3b
[11] 7ff6f6c454dd
[12] 7ff6f6c44633
[13] 7ff6f6c40bbf
[14] 7ff6f6c4af6b
[15] 7ff6f6c271f7
[16] 7ff6f6c2772e
[17] 7ffd6fbdcd87 BaseThreadInitThunk
[18] 7ffd70e0caec RtlUserThreadStart
Caused by: (JsonException) Improper conversion to JsonArray from object
[0] 7ff6f6c2b2a3
[1] 7ff6f6c29fce
[2] 7ff6f6bc4f4a
[3] 7ff6f6bd2382
[4] 7ff6f6c47b17
[5] 7ff6f6c3c712
[6] 7ff6f6c39b3b
[7] 7ff6f6c454dd
[8] 7ff6f6c44633
[9] 7ff6f6c40bbf
[10] 7ff6f6c4af6b
[11] 7ff6f6c271f7
[12] 7ff6f6c2772e
[13] 7ffd6fbdcd87 BaseThreadInitThunk
[14] 7ffd70e0caec RtlUserThreadStart
[Error] Error loading object file /objects/ship/slimepersonshiplocker/slimepersonshiplocker.object: (AssetException) Error loading asset /objects/ship/slimepersonshiplocker/slimepersonshiplocker.object
[0] 7ff6f6c2b2a3
[1] 7ff6f6c29fce
[2] 7ff6f6c366ca
[3] 7ff6f6c427c2
[4] 7ff6f6c442b9
[5] 7ff6f6eac254
[6] 7ff6f6f95105
[7] 7ff6f6f99749
[8] 7ff6f6f8bacf
[9] 7ff6f6f8f536
[10] 7ff6f6f8ce99
[11] 7ff6f6f9baa6
[12] 7ff6f6f9a197
[13] 7ff6f6f91e13
[14] 7ff6f6f8fd59
[15] 7ff6f6fa0f32
[16] 7ff6f6f8bd40
[17] 7ff6f6f8f1a9
[18] 7ff6f6f8caac
[19] 7ff6f6f8bdce
[20] 7ff6f6f8b52e
[21] 7ff6f6f9b512
[22] 7ff6f6c2126b
[23] 7ff6f6c22092
[24] 7ff6f6c2772e
[25] 7ffd6fbdcd87 BaseThreadInitThunk
[26] 7ffd70e0caec RtlUserThreadStart
[Error] Exception caught loading asset: /objects/ship/kitsunetechstation/kitsunetechstation_brown.object, (AssetException) Could not read JSON asset /objects/ship/kitsunetechstation/kitsunetechstation_brown.object
[0] 7ff6f6c2b2a3
[1] 7ff6f6c29fce
[2] 7ff6f6c2a0b8
[3] 7ff6f6c39e20
[4] 7ff6f7359d81
[5] 7ffd4930bb00 _CxxFrameHandler3
[6] 7ffd492f33c7 is_exception_typeof
[7] 7ffd70e841b6 RtlCaptureContext2
[8] 7ff6f6c3c712
[9] 7ff6f6c39b3b
[10] 7ff6f6c454dd
[11] 7ff6f6c44633
[12] 7ff6f6c40bbf
[13] 7ff6f6c4af6b
[14] 7ff6f6c271f7
[15] 7ff6f6c2772e
[16] 7ffd6fbdcd87 BaseThreadInitThunk
[17] 7ffd70e0caec RtlUserThreadStart
Caused by: (JsonParsingException) Cannot parse json file: /objects/ship/kitsunetechstation/kitsunetechstation_brown.object
[0] 7ff6f6c2b2a3
[1] 7ff6f6c29fce
[2] 7ff6f6c2a0b8
[3] 7ff6f6c3a980
[4] 7ff6f735b16b
[5] 7ffd4930bb00 _CxxFrameHandler3
[6] 7ffd492f33c7 is_exception_typeof
[7] 7ffd70e841b6 RtlCaptureContext2
[8] 7ff6f6c47b17
[9] 7ff6f6c3c712
[10] 7ff6f6c39b3b
[11] 7ff6f6c454dd
[12] 7ff6f6c44633
[13] 7ff6f6c40bbf
[14] 7ff6f6c4af6b
[15] 7ff6f6c271f7
[16] 7ff6f6c2772e
[17] 7ffd6fbdcd87 BaseThreadInitThunk
[18] 7ffd70e0caec RtlUserThreadStart
Caused by: (JsonException) Improper conversion to JsonArray from object
[0] 7ff6f6c2b2a3
[1] 7ff6f6c29fce
[2] 7ff6f6bc4f4a
[3] 7ff6f6bd2382
[4] 7ff6f6c47b17
[5] 7ff6f6c3c712
[6] 7ff6f6c39b3b
[7] 7ff6f6c454dd
[8] 7ff6f6c44633
[9] 7ff6f6c40bbf
[10] 7ff6f6c4af6b
[11] 7ff6f6c271f7
[12] 7ff6f6c2772e
[13] 7ffd6fbdcd87 BaseThreadInitThunk
[14] 7ffd70e0caec RtlUserThreadStart
[Error] Error loading object file /objects/ship/kitsunetechstation/kitsunetechstation_brown.object: (AssetException) Error loading asset /objects/ship/kitsunetechstation/kitsunetechstation_brown.object
[0] 7ff6f6c2b2a3
[1] 7ff6f6c29fce
[2] 7ff6f6c366ca
[3] 7ff6f6c427c2
[4] 7ff6f6c442b9
[5] 7ff6f6eac254
[6] 7ff6f6f95105
[7] 7ff6f6f99749
[8] 7ff6f6f8bacf
[9] 7ff6f6f8f536
[10] 7ff6f6f8ce99
[11] 7ff6f6f9baa6
[12] 7ff6f6f9a197
[13] 7ff6f6f91e13
[14] 7ff6f6f8fd59
[15] 7ff6f6fa0f32
[16] 7ff6f6f8bd40
[17] 7ff6f6f8f1a9
[18] 7ff6f6f8caac
[19] 7ff6f6f8bdce
[20] 7ff6f6f8b52e
[21] 7ff6f6f9b512
[22] 7ff6f6c2126b
[23] 7ff6f6c22092
[24] 7ff6f6c2772e
[25] 7ffd6fbdcd87 BaseThreadInitThunk
[26] 7ffd70e0caec RtlUserThreadStart
[Error] Exception caught loading asset: /objects/ship/giltenshiplockerTier0/giltenshiplockerTier0.object, (AssetException) Could not read JSON asset /objects/ship/giltenshiplockerTier0/giltenshiplockerTier0.object
[0] 7ff6f6c2b2a3
[1] 7ff6f6c29fce
[2] 7ff6f6c2a0b8
[3] 7ff6f6c39e20
[4] 7ff6f7359d81
[5] 7ffd4930bb00 _CxxFrameHandler3
[6] 7ffd492f33c7 is_exception_typeof
[7] 7ffd70e841b6 RtlCaptureContext2
[8] 7ff6f6c3c712
[9] 7ff6f6c39b3b
[10] 7ff6f6c454dd
[11] 7ff6f6c44633
[12] 7ff6f6c40bbf
[13] 7ff6f6c4af6b
[14] 7ff6f6c271f7
[15] 7ff6f6c2772e
[16] 7ffd6fbdcd87 BaseThreadInitThunk
[17] 7ffd70e0caec RtlUserThreadStart
Caused by: (JsonParsingException) Cannot parse json file: /objects/ship/giltenshiplockerTier0/giltenshiplockerTier0.object
[0] 7ff6f6c2b2a3
[1] 7ff6f6c29fce
[2] 7ff6f6c2a0b8
[3] 7ff6f6c3a980
[4] 7ff6f735b16b
[5] 7ffd4930bb00 _CxxFrameHandler3
[6] 7ffd492f33c7 is_exception_typeof
[7] 7ffd70e841b6 RtlCaptureContext2
[8] 7ff6f6c47b17
[9] 7ff6f6c3c712
[10] 7ff6f6c39b3b
[11] 7ff6f6c454dd
[12] 7ff6f6c44633
[13] 7ff6f6c40bbf
[14] 7ff6f6c4af6b
[15] 7ff6f6c271f7
[16] 7ff6f6c2772e
[17] 7ffd6fbdcd87 BaseThreadInitThunk
[18] 7ffd70e0caec RtlUserThreadStart
Caused by: (JsonException) Improper conversion to JsonArray from object
[0] 7ff6f6c2b2a3
[1] 7ff6f6c29fce
[2] 7ff6f6bc4f4a
[3] 7ff6f6bd2382
[4] 7ff6f6c47b17
[5] 7ff6f6c3c712
[6] 7ff6f6c39b3b
[7] 7ff6f6c454dd
[8] 7ff6f6c44633
[9] 7ff6f6c40bbf
[10] 7ff6f6c4af6b
[11] 7ff6f6c271f7
[12] 7ff6f6c2772e
[13] 7ffd6fbdcd87 BaseThreadInitThunk
[14] 7ffd70e0caec RtlUserThreadStart
[Error] Error loading object file /objects/ship/giltenshiplockerTier0/giltenshiplockerTier0.object: (AssetException) Error loading asset /objects/ship/giltenshiplockerTier0/giltenshiplockerTier0.object
[0] 7ff6f6c2b2a3
[1] 7ff6f6c29fce
[2] 7ff6f6c366ca
[3] 7ff6f6c427c2
[4] 7ff6f6c442b9
[5] 7ff6f6eac254
[6] 7ff6f6f95105
[7] 7ff6f6f99749
[8] 7ff6f6f8bacf
[9] 7ff6f6f8f536
[10] 7ff6f6f8ce99
[11] 7ff6f6f9baa6
[12] 7ff6f6f9a197
[13] 7ff6f6f91e13
[14] 7ff6f6f8fd59
[15] 7ff6f6fa0f32
[16] 7ff6f6f8bd40
[17] 7ff6f6f8f1a9
[18] 7ff6f6f8caac
[19] 7ff6f6f8bdce
[20] 7ff6f6f8b52e
[21] 7ff6f6f9b512
[22] 7ff6f6c2126b
[23] 7ff6f6c22092
[24] 7ff6f6c2772e
[25] 7ffd6fbdcd87 BaseThreadInitThunk
[26] 7ffd70e0caec RtlUserThreadStart
[Error] Could not apply patch from file /objects/sheilaworkshop/black_radios/black_badlove/black_badlove.object.patch in source: ..\mods\female_translation.pak.  Caused by: (JsonPatchException) Could not apply patch to base. (JsonPatchException) Could not apply operation to base. (JsonException) Cannot call get with key on Json type array, must be Object type
[Info] Root: Loaded ProjectileDatabase in 2.6476 seconds
[Error] Could not apply patch from file /objects/sheilaworkshop/black_furniture/titansteelredshiplight/titansteelredshiplight.object.patch in source: ..\mods\female_translation.pak.  Caused by: (JsonPatchException) Could not apply patch to base. (JsonPatchException) Could not apply operation to base. (JsonException) Cannot call get with key on Json type array, must be Object type
[Error] Could not apply patch from file /objects/sheilaworkshop/black_furniture/black_titansteelcanistersmallhazard/black_titansteelcanistersmallhazard.object.patch in source: ..\mods\female_translation.pak.  Caused by: (JsonPatchException) Could not apply patch to base. (JsonPatchException) Could not apply operation to base. (JsonException) Cannot call get with key on Json type array, must be Object type
[Error] Could not apply patch from file /objects/SPACE/gic_smallhumanturret_bottom/gic_smallhumanturret_bottom.object.patch in source: ..\mods\female_translation.pak.  Caused by: (JsonPatchException) Could not apply patch to base. (JsonPatchException) Could not apply operation to base. (JsonException) Cannot call get with key on Json type array, must be Object type
[Error] Exception caught loading asset: /objects/sgstrangershop/sgstrangershop.object, (AssetException) Could not read JSON asset /objects/sgstrangershop/sgstrangershop.object
[0] 7ff6f6c2b2a3
[1] 7ff6f6c29fce
[2] 7ff6f6c2a0b8
[3] 7ff6f6c39e20
[4] 7ff6f7359d81
[5] 7ffd4930bb00 _CxxFrameHandler3
[6] 7ffd492f33c7 is_exception_typeof
[7] 7ffd70e841b6 RtlCaptureContext2
[8] 7ff6f6c3c712
[9] 7ff6f6c39b3b
[10] 7ff6f6c454dd
[11] 7ff6f6c44633
[12] 7ff6f6c40bbf
[13] 7ff6f6c4af6b
[14] 7ff6f6c271f7
[15] 7ff6f6c2772e
[16] 7ffd6fbdcd87 BaseThreadInitThunk
[17] 7ffd70e0caec RtlUserThreadStart
Caused by: (JsonParsingException) Cannot parse json file: /objects/sgstrangershop/sgstrangershop.object
[0] 7ff6f6c2b2a3
[1] 7ff6f6c29fce
[2] 7ff6f6c2a0b8
[3] 7ff6f6c3a980
[4] 7ff6f735b16b
[5] 7ffd4930bb00 _CxxFrameHandler3
[6] 7ffd492f33c7 is_exception_typeof
[7] 7ffd70e841b6 RtlCaptureContext2
[8] 7ff6f6c47b17
[9] 7ff6f6c3c712
[10] 7ff6f6c39b3b
[11] 7ff6f6c454dd
[12] 7ff6f6c44633
[13] 7ff6f6c40bbf
[14] 7ff6f6c4af6b
[15] 7ff6f6c271f7
[16] 7ff6f6c2772e
[17] 7ffd6fbdcd87 BaseThreadInitThunk
[18] 7ffd70e0caec RtlUserThreadStart
Caused by: (JsonException) Improper conversion to JsonArray from object
[0] 7ff6f6c2b2a3
[1] 7ff6f6c29fce
[2] 7ff6f6bc4f4a
[3] 7ff6f6bd2382
[4] 7ff6f6c47b17
[5] 7ff6f6c3c712
[6] 7ff6f6c39b3b
[7] 7ff6f6c454dd
[8] 7ff6f6c44633
[9] 7ff6f6c40bbf
[10] 7ff6f6c4af6b
[11] 7ff6f6c271f7
[12] 7ff6f6c2772e
[13] 7ffd6fbdcd87 BaseThreadInitThunk
[14] 7ffd70e0caec RtlUserThreadStart
[Error] Error loading object file /objects/sgstrangershop/sgstrangershop.object: (AssetException) Error loading asset /objects/sgstrangershop/sgstrangershop.object
[0] 7ff6f6c2b2a3
[1] 7ff6f6c29fce
[2] 7ff6f6c366ca
[3] 7ff6f6c427c2
[4] 7ff6f6c442b9
[5] 7ff6f6eac254
[6] 7ff6f6f95105
[7] 7ff6f6f99749
[8] 7ff6f6f8bacf
[9] 7ff6f6f8f536
[10] 7ff6f6f8ce99
[11] 7ff6f6f9baa6
[12] 7ff6f6f9a197
[13] 7ff6f6f91e13
[14] 7ff6f6f8fd59
[15] 7ff6f6fa0f32
[16] 7ff6f6f8bd40
[17] 7ff6f6f8f1a9
[18] 7ff6f6f8caac
[19] 7ff6f6f8bdce
[20] 7ff6f6f8b52e
[21] 7ff6f6f9b512
[22] 7ff6f6c2126b
[23] 7ff6f6c22092
[24] 7ff6f6c2772e
[25] 7ffd6fbdcd87 BaseThreadInitThunk
[26] 7ffd70e0caec RtlUserThreadStart
[Error] Could not apply patch from file /objects/SPACE/gic_spacestationslidingdoor_checkpoint/gic_spacestationslidingdoor_checkpoint.object.patch in source: ..\mods\female_translation.pak.  Caused by: (JsonPatchException) Could not apply patch to base. (JsonPatchException) Could not apply operation to base. (JsonException) Cannot call get with key on Json type array, must be Object type
[Error] Exception caught loading asset: /objects/decorations/sgbody2/sgbody1.object, (AssetException) Could not read JSON asset /objects/decorations/sgbody2/sgbody1.object
[0] 7ff6f6c2b2a3
[1] 7ff6f6c29fce
[2] 7ff6f6c2a0b8
[3] 7ff6f6c39e20
[4] 7ff6f7359d81
[5] 7ffd4930bb00 _CxxFrameHandler3
[6] 7ffd492f33c7 is_exception_typeof
[7] 7ffd70e841b6 RtlCaptureContext2
[8] 7ff6f6c3c712
[9] 7ff6f6c39b3b
[10] 7ff6f6c454dd
[11] 7ff6f6c44633
[12] 7ff6f6c40bbf
[13] 7ff6f6c4af6b
[14] 7ff6f6c271f7
[15] 7ff6f6c2772e
[16] 7ffd6fbdcd87 BaseThreadInitThunk
[17] 7ffd70e0caec RtlUserThreadStart
Caused by: (JsonParsingException) Cannot parse json file: /objects/decorations/sgbody2/sgbody1.object
[0] 7ff6f6c2b2a3
[1] 7ff6f6c29fce
[2] 7ff6f6c2a0b8
[3] 7ff6f6c3a980
[4] 7ff6f735b16b
[5] 7ffd4930bb00 _CxxFrameHandler3
[6] 7ffd492f33c7 is_exception_typeof
[7] 7ffd70e841b6 RtlCaptureContext2
[8] 7ff6f6c47b17
[9] 7ff6f6c3c712
[10] 7ff6f6c39b3b
[11] 7ff6f6c454dd
[12] 7ff6f6c44633
[13] 7ff6f6c40bbf
[14] 7ff6f6c4af6b
[15] 7ff6f6c271f7
[16] 7ff6f6c2772e
[17] 7ffd6fbdcd87 BaseThreadInitThunk
[18] 7ffd70e0caec RtlUserThreadStart
Caused by: (JsonException) Improper conversion to JsonArray from object
[0] 7ff6f6c2b2a3
[1] 7ff6f6c29fce
[2] 7ff6f6bc4f4a
[3] 7ff6f6bd2382
[4] 7ff6f6c47b17
[5] 7ff6f6c3c712
[6] 7ff6f6c39b3b
[7] 7ff6f6c454dd
[8] 7ff6f6c44633
[9] 7ff6f6c40bbf
[10] 7ff6f6c4af6b
[11] 7ff6f6c271f7
[12] 7ff6f6c2772e
[13] 7ffd6fbdcd87 BaseThreadInitThunk
[14] 7ffd70e0caec RtlUserThreadStart
[Error] Error loading object file /objects/decorations/sgbody2/sgbody1.object: (AssetException) Error loading asset /objects/decorations/sgbody2/sgbody1.object
[0] 7ff6f6c2b2a3
[1] 7ff6f6c29fce
[2] 7ff6f6c366ca
[3] 7ff6f6c427c2
[4] 7ff6f6c442b9
[5] 7ff6f6eac254
[6] 7ff6f6f95105
[7] 7ff6f6f99749
[8] 7ff6f6f8bacf
[9] 7ff6f6f8f536
[10] 7ff6f6f8ce99
[11] 7ff6f6f9baa6
[12] 7ff6f6f9a197
[13] 7ff6f6f91e13
[14] 7ff6f6f8fd59
[15] 7ff6f6fa0f32
[16] 7ff6f6f8bd40
[17] 7ff6f6f8f1a9
[18] 7ff6f6f8caac
[19] 7ff6f6f8bdce
[20] 7ff6f6f8b52e
[21] 7ff6f6f9b512
[22] 7ff6f6c2126b
[23] 7ff6f6c22092
[24] 7ff6f6c2772e
[25] 7ffd6fbdcd87 BaseThreadInitThunk
[26] 7ffd70e0caec RtlUserThreadStart
[Error] Exception caught loading asset: /objects/ship/aegi/aegitechstation/aegitechstation.object, (AssetException) Could not read JSON asset /objects/ship/aegi/aegitechstation/aegitechstation.object
[0] 7ff6f6c2b2a3
[1] 7ff6f6c29fce
[2] 7ff6f6c2a0b8
[3] 7ff6f6c39e20
[4] 7ff6f7359d81
[5] 7ffd4930bb00 _CxxFrameHandler3
[6] 7ffd492f33c7 is_exception_typeof
[7] 7ffd70e841b6 RtlCaptureContext2
[8] 7ff6f6c3c712
[9] 7ff6f6c39b3b
[10] 7ff6f6c454dd
[11] 7ff6f6c44633
[12] 7ff6f6c40bbf
[13] 7ff6f6c4af6b
[14] 7ff6f6c271f7
[15] 7ff6f6c2772e
[16] 7ffd6fbdcd87 BaseThreadInitThunk
[17] 7ffd70e0caec RtlUserThreadStart
Caused by: (JsonParsingException) Cannot parse json file: /objects/ship/aegi/aegitechstation/aegitechstation.object
[0] 7ff6f6c2b2a3
[1] 7ff6f6c29fce
[2] 7ff6f6c2a0b8
[3] 7ff6f6c3a980
[4] 7ff6f735b16b
[5] 7ffd4930bb00 _CxxFrameHandler3
[6] 7ffd492f33c7 is_exception_typeof
[7] 7ffd70e841b6 RtlCaptureContext2
[8] 7ff6f6c47b17
[9] 7ff6f6c3c712
[10] 7ff6f6c39b3b
[11] 7ff6f6c454dd
[12] 7ff6f6c44633
[13] 7ff6f6c40bbf
[14] 7ff6f6c4af6b
[15] 7ff6f6c271f7
[16] 7ff6f6c2772e
[17] 7ffd6fbdcd87 BaseThreadInitThunk
[18] 7ffd70e0caec RtlUserThreadStart
Caused by: (JsonException) Improper conversion to JsonArray from object
[0] 7ff6f6c2b2a3
[1] 7ff6f6c29fce
[2] 7ff6f6bc4f4a
[3] 7ff6f6bd2382
[4] 7ff6f6c47b17
[5] 7ff6f6c3c712
[6] 7ff6f6c39b3b
[7] 7ff6f6c454dd
[8] 7ff6f6c44633
[9] 7ff6f6c40bbf
[10] 7ff6f6c4af6b
[11] 7ff6f6c271f7
[12] 7ff6f6c2772e
[13] 7ffd6fbdcd87 BaseThreadInitThunk
[14] 7ffd70e0caec RtlUserThreadStart
[Error] Error loading object file /objects/ship/aegi/aegitechstation/aegitechstation.object: (AssetException) Error loading asset /objects/ship/aegi/aegitechstation/aegitechstation.object
[0] 7ff6f6c2b2a3
[1] 7ff6f6c29fce
[2] 7ff6f6c366ca
[3] 7ff6f6c427c2
[4] 7ff6f6c442b9
[5] 7ff6f6eac254
[6] 7ff6f6f95105
[7] 7ff6f6f99749
[8] 7ff6f6f8bacf
[9] 7ff6f6f8f536
[10] 7ff6f6f8ce99
[11] 7ff6f6f9baa6
[12] 7ff6f6f9a197
[13] 7ff6f6f91e13
[14] 7ff6f6f8fd59
[15] 7ff6f6fa0f32
[16] 7ff6f6f8bd40
[17] 7ff6f6f8f1a9
[18] 7ff6f6f8caac
[19] 7ff6f6f8bdce
[20] 7ff6f6f8b52e
[21] 7ff6f6f9b512
[22] 7ff6f6c2126b
[23] 7ff6f6c22092
[24] 7ff6f6c2772e
[25] 7ffd6fbdcd87 BaseThreadInitThunk
[26] 7ffd70e0caec RtlUserThreadStart
[Error] Exception caught loading asset: /objects/nmm_starbound/unofficial/art_hylotlfoodsign/hylotlfoodsign.object, (AssetException) Could not read JSON asset /objects/nmm_starbound/unofficial/art_hylotlfoodsign/hylotlfoodsign.object
[0] 7ff6f6c2b2a3
[1] 7ff6f6c29fce
[2] 7ff6f6c2a0b8
[3] 7ff6f6c39e20
[4] 7ff6f7359d81
[5] 7ffd4930bb00 _CxxFrameHandler3
[6] 7ffd492f33c7 is_exception_typeof
[7] 7ffd70e841b6 RtlCaptureContext2
[8] 7ff6f6c3c712
[9] 7ff6f6c39b3b
[10] 7ff6f6c454dd
[11] 7ff6f6c44633
[12] 7ff6f6c40bbf
[13] 7ff6f6c4af6b
[14] 7ff6f6c271f7
[15] 7ff6f6c2772e
[16] 7ffd6fbdcd87 BaseThreadInitThunk
[17] 7ffd70e0caec RtlUserThreadStart
Caused by: (JsonParsingException) Cannot parse json file: /objects/nmm_starbound/unofficial/art_hylotlfoodsign/hylotlfoodsign.object
[0] 7ff6f6c2b2a3
[1] 7ff6f6c29fce
[2] 7ff6f6c2a0b8
[3] 7ff6f6c3a980
[4] 7ff6f735b16b
[5] 7ffd4930bb00 _CxxFrameHandler3
[6] 7ffd492f33c7 is_exception_typeof
[7] 7ffd70e841b6 RtlCaptureContext2
[8] 7ff6f6c47b17
[9] 7ff6f6c3c712
[10] 7ff6f6c39b3b
[11] 7ff6f6c454dd
[12] 7ff6f6c44633
[13] 7ff6f6c40bbf
[14] 7ff6f6c4af6b
[15] 7ff6f6c271f7
[16] 7ff6f6c2772e
[17] 7ffd6fbdcd87 BaseThreadInitThunk
[18] 7ffd70e0caec RtlUserThreadStart
Caused by: (JsonException) Improper conversion to JsonArray from object
[0] 7ff6f6c2b2a3
[1] 7ff6f6c29fce
[2] 7ff6f6bc4f4a
[3] 7ff6f6bd2382
[4] 7ff6f6c47b17
[5] 7ff6f6c3c712
[6] 7ff6f6c39b3b
[7] 7ff6f6c454dd
[8] 7ff6f6c44633
[9] 7ff6f6c40bbf
[10] 7ff6f6c4af6b
[11] 7ff6f6c271f7
[12] 7ff6f6c2772e
[13] 7ffd6fbdcd87 BaseThreadInitThunk
[14] 7ffd70e0caec RtlUserThreadStart
[Error] Error loading object file /objects/nmm_starbound/unofficial/art_hylotlfoodsign/hylotlfoodsign.object: (AssetException) Error loading asset /objects/nmm_starbound/unofficial/art_hylotlfoodsign/hylotlfoodsign.object
[0] 7ff6f6c2b2a3
[1] 7ff6f6c29fce
[2] 7ff6f6c366ca
[3] 7ff6f6c427c2
[4] 7ff6f6c442b9
[5] 7ff6f6eac254
[6] 7ff6f6f95105
[7] 7ff6f6f99749
[8] 7ff6f6f8bacf
[9] 7ff6f6f8f536
[10] 7ff6f6f8ce99
[11] 7ff6f6f9baa6
[12] 7ff6f6f9a197
[13] 7ff6f6f91e13
[14] 7ff6f6f8fd59
[15] 7ff6f6fa0f32
[16] 7ff6f6f8bd40
[17] 7ff6f6f8f1a9
[18] 7ff6f6f8caac
[19] 7ff6f6f8bdce
[20] 7ff6f6f8b52e
[21] 7ff6f6f9b512
[22] 7ff6f6c2126b
[23] 7ff6f6c22092
[24] 7ff6f6c2772e
[25] 7ffd6fbdcd87 BaseThreadInitThunk
[26] 7ffd70e0caec RtlUserThreadStart
[Error] Exception caught loading asset: /objects/ship/shadowtechstation/shadowtechstation.object, (AssetException) Could not read JSON asset /objects/ship/shadowtechstation/shadowtechstation.object
[0] 7ff6f6c2b2a3
[1] 7ff6f6c29fce
[2] 7ff6f6c2a0b8
[3] 7ff6f6c39e20
[4] 7ff6f7359d81
[5] 7ffd4930bb00 _CxxFrameHandler3
[6] 7ffd492f33c7 is_exception_typeof
[7] 7ffd70e841b6 RtlCaptureContext2
[8] 7ff6f6c3c712
[9] 7ff6f6c39b3b
[10] 7ff6f6c454dd
[11] 7ff6f6c44633
[12] 7ff6f6c40bbf
[13] 7ff6f6c4af6b
[14] 7ff6f6c271f7
[15] 7ff6f6c2772e
[16] 7ffd6fbdcd87 BaseThreadInitThunk
[17] 7ffd70e0caec RtlUserThreadStart
Caused by: (JsonParsingException) Cannot parse json file: /objects/ship/shadowtechstation/shadowtechstation.object
[0] 7ff6f6c2b2a3
[1] 7ff6f6c29fce
[2] 7ff6f6c2a0b8
[3] 7ff6f6c3a980
[4] 7ff6f735b16b
[5] 7ffd4930bb00 _CxxFrameHandler3
[6] 7ffd492f33c7 is_exception_typeof
[7] 7ffd70e841b6 RtlCaptureContext2
[8] 7ff6f6c47b17
[9] 7ff6f6c3c712
[10] 7ff6f6c39b3b
[11] 7ff6f6c454dd
[12] 7ff6f6c44633
[13] 7ff6f6c40bbf
[14] 7ff6f6c4af6b
[15] 7ff6f6c271f7
[16] 7ff6f6c2772e
[17] 7ffd6fbdcd87 BaseThreadInitThunk
[18] 7ffd70e0caec RtlUserThreadStart
Caused by: (JsonException) Improper conversion to JsonArray from object
[0] 7ff6f6c2b2a3
[1] 7ff6f6c29fce
[2] 7ff6f6bc4f4a
[3] 7ff6f6bd2382
[4] 7ff6f6c47b17
[5] 7ff6f6c3c712
[6] 7ff6f6c39b3b
[7] 7ff6f6c454dd
[8] 7ff6f6c44633
[9] 7ff6f6c40bbf
[10] 7ff6f6c4af6b
[11] 7ff6f6c271f7
[12] 7ff6f6c2772e
[13] 7ffd6fbdcd87 BaseThreadInitThunk
[14] 7ffd70e0caec RtlUserThreadStart
[Error] Error loading object file /objects/ship/shadowtechstation/shadowtechstation.object: (AssetException) Error loading asset /objects/ship/shadowtechstation/shadowtechstation.object
[0] 7ff6f6c2b2a3
[1] 7ff6f6c29fce
[2] 7ff6f6c366ca
[3] 7ff6f6c427c2
[4] 7ff6f6c442b9
[5] 7ff6f6eac254
[6] 7ff6f6f95105
[7] 7ff6f6f99749
[8] 7ff6f6f8bacf
[9] 7ff6f6f8f536
[10] 7ff6f6f8ce99
[11] 7ff6f6f9baa6
[12] 7ff6f6f9a197
[13] 7ff6f6f91e13
[14] 7ff6f6f8fd59
[15] 7ff6f6fa0f32
[16] 7ff6f6f8bd40
[17] 7ff6f6f8f1a9
[18] 7ff6f6f8caac
[19] 7ff6f6f8bdce
[20] 7ff6f6f8b52e
[21] 7ff6f6f9b512
[22] 7ff6f6c2126b
[23] 7ff6f6c22092
[24] 7ff6f6c2772e
[25] 7ffd6fbdcd87 BaseThreadInitThunk
[26] 7ffd70e0caec RtlUserThreadStart
[Error] Exception caught loading asset: /monsters/biomes/v-voltage/v-balllightning/v-balllightning.monstertype, (AssetException) Could not read JSON asset /monsters/biomes/v-voltage/v-balllightning/v-balllightning.monstertype
[0] 7ff6f6c2b2a3
[1] 7ff6f6c29fce
[2] 7ff6f6c2a0b8
[3] 7ff6f6c39e20
[4] 7ff6f7359d81
[5] 7ffd4930bb00 _CxxFrameHandler3
[6] 7ffd492f33c7 is_exception_typeof
[7] 7ffd70e841b6 RtlCaptureContext2
[8] 7ff6f6c3c712
[9] 7ff6f6c39b3b
[10] 7ff6f6c454dd
[11] 7ff6f6c44633
[12] 7ff6f6c40bbf
[13] 7ff6f6c426fb
[14] 7ff6f6c442b9
[15] 7ff6f6e0e3b9
[16] 7ff6f6f94fc5
[17] 7ff6f6f991d9
[18] 7ff6f6f8b7ff
[19] 7ff6f6f8f356
[20] 7ff6f6f8ce39
[21] 7ff6f6f9b7d6
[22] 7ff6f6f9a197
[23] 7ff6f6f91b73
[24] 7ff6f6f8fcb9
[25] 7ff6f6fa0d22
[26] 7ff6f6f8bd40
[27] 7ff6f6f8f1a9
[28] 7ff6f6f8caac
[29] 7ff6f6f8bdce
[30] 7ff6f6f8b52e
[31] 7ff6f6f9b512
[32] 7ff6f6c2126b
[33] 7ff6f6c22092
[34] 7ff6f6c2772e
[35] 7ffd6fbdcd87 BaseThreadInitThunk
[36] 7ffd70e0caec RtlUserThreadStart
Caused by: (JsonParsingException) Cannot parse json file: /monsters/biomes/v-voltage/v-balllightning/v-balllightning.monstertype
[0] 7ff6f6c2b2a3
[1] 7ff6f6c29fce
[2] 7ff6f6c2a0b8
[3] 7ff6f6c3a980
[4] 7ff6f735b16b
[5] 7ffd4930bb00 _CxxFrameHandler3
[6] 7ffd492f33c7 is_exception_typeof
[7] 7ffd70e841b6 RtlCaptureContext2
[8] 7ff6f6c47b17
[9] 7ff6f6c3c712
[10] 7ff6f6c39b3b
[11] 7ff6f6c454dd
[12] 7ff6f6c44633
[13] 7ff6f6c40bbf
[14] 7ff6f6c426fb
[15] 7ff6f6c442b9
[16] 7ff6f6e0e3b9
[17] 7ff6f6f94fc5
[18] 7ff6f6f991d9
[19] 7ff6f6f8b7ff
[20] 7ff6f6f8f356
[21] 7ff6f6f8ce39
[22] 7ff6f6f9b7d6
[23] 7ff6f6f9a197
[24] 7ff6f6f91b73
[25] 7ff6f6f8fcb9
[26] 7ff6f6fa0d22
[27] 7ff6f6f8bd40
[28] 7ff6f6f8f1a9
[29] 7ff6f6f8caac
[30] 7ff6f6f8bdce
[31] 7ff6f6f8b52e
[32] 7ff6f6f9b512
[33] 7ff6f6c2126b
[34] 7ff6f6c22092
[35] 7ff6f6c2772e
[36] 7ffd6fbdcd87 BaseThreadInitThunk
[37] 7ffd70e0caec RtlUserThreadStart
Caused by: (JsonException) Improper conversion to JsonArray from object
[0] 7ff6f6c2b2a3
[1] 7ff6f6c29fce
[2] 7ff6f6bc4f4a
[3] 7ff6f6bd2382
[4] 7ff6f6c47b17
[5] 7ff6f6c3c712
[6] 7ff6f6c39b3b
[7] 7ff6f6c454dd
[8] 7ff6f6c44633
[9] 7ff6f6c40bbf
[10] 7ff6f6c426fb
[11] 7ff6f6c442b9
[12] 7ff6f6e0e3b9
[13] 7ff6f6f94fc5
[14] 7ff6f6f991d9
[15] 7ff6f6f8b7ff
[16] 7ff6f6f8f356
[17] 7ff6f6f8ce39
[18] 7ff6f6f9b7d6
[19] 7ff6f6f9a197
[20] 7ff6f6f91b73
[21] 7ff6f6f8fcb9
[22] 7ff6f6fa0d22
[23] 7ff6f6f8bd40
[24] 7ff6f6f8f1a9
[25] 7ff6f6f8caac
[26] 7ff6f6f8bdce
[27] 7ff6f6f8b52e
[28] 7ff6f6f9b512
[29] 7ff6f6c2126b
[30] 7ff6f6c22092
[31] 7ff6f6c2772e
[32] 7ffd6fbdcd87 BaseThreadInitThunk
[33] 7ffd70e0caec RtlUserThreadStart
[Error] Exception caught loading asset: /objects/alta/special/terraformers/biome/alterash/yaara/ct_alterash_yaara.object, (AssetException) Could not read JSON asset /objects/alta/special/terraformers/biome/alterash/yaara/ct_alterash_yaara.object
[0] 7ff6f6c2b2a3
[1] 7ff6f6c29fce
[2] 7ff6f6c2a0b8
[3] 7ff6f6c39e20
[4] 7ff6f7359d81
[5] 7ffd4930bb00 _CxxFrameHandler3
[6] 7ffd492f33c7 is_exception_typeof
[7] 7ffd70e841b6 RtlCaptureContext2
[8] 7ff6f6c3c712
[9] 7ff6f6c39b3b
[10] 7ff6f6c454dd
[11] 7ff6f6c44633
[12] 7ff6f6c40bbf
[13] 7ff6f6c4af6b
[14] 7ff6f6c271f7
[15] 7ff6f6c2772e
[16] 7ffd6fbdcd87 BaseThreadInitThunk
[17] 7ffd70e0caec RtlUserThreadStart
Caused by: (JsonParsingException) Cannot parse json file: /objects/alta/special/terraformers/biome/alterash/yaara/ct_alterash_yaara.object
[0] 7ff6f6c2b2a3
[1] 7ff6f6c29fce
[2] 7ff6f6c2a0b8
[3] 7ff6f6c3a980
[4] 7ff6f735b16b
[5] 7ffd4930bb00 _CxxFrameHandler3
[6] 7ffd492f33c7 is_exception_typeof
[7] 7ffd70e841b6 RtlCaptureContext2
[8] 7ff6f6c47b17
[9] 7ff6f6c3c712
[10] 7ff6f6c39b3b
[11] 7ff6f6c454dd
[12] 7ff6f6c44633
[13] 7ff6f6c40bbf
[14] 7ff6f6c4af6b
[15] 7ff6f6c271f7
[16] 7ff6f6c2772e
[17] 7ffd6fbdcd87 BaseThreadInitThunk
[18] 7ffd70e0caec RtlUserThreadStart
Caused by: (JsonException) Improper conversion to JsonArray from object
[0] 7ff6f6c2b2a3
[1] 7ff6f6c29fce
[2] 7ff6f6bc4f4a
[3] 7ff6f6bd2382
[4] 7ff6f6c47b17
[5] 7ff6f6c3c712
[6] 7ff6f6c39b3b
[7] 7ff6f6c454dd
[8] 7ff6f6c44633
[9] 7ff6f6c40bbf
[10] 7ff6f6c4af6b
[11] 7ff6f6c271f7
[12] 7ff6f6c2772e
[13] 7ffd6fbdcd87 BaseThreadInitThunk
[14] 7ffd70e0caec RtlUserThreadStart
[Error] Error loading object file /objects/alta/special/terraformers/biome/alterash/yaara/ct_alterash_yaara.object: (AssetException) Error loading asset /objects/alta/special/terraformers/biome/alterash/yaara/ct_alterash_yaara.object
[0] 7ff6f6c2b2a3
[1] 7ff6f6c29fce
[2] 7ff6f6c366ca
[3] 7ff6f6c427c2
[4] 7ff6f6c442b9
[5] 7ff6f6eac254
[6] 7ff6f6f95105
[7] 7ff6f6f99749
[8] 7ff6f6f8bacf
[9] 7ff6f6f8f536
[10] 7ff6f6f8ce99
[11] 7ff6f6f9baa6
[12] 7ff6f6f9a197
[13] 7ff6f6f91e13
[14] 7ff6f6f8fd59
[15] 7ff6f6fa0f32
[16] 7ff6f6f8bd40
[17] 7ff6f6f8f1a9
[18] 7ff6f6f8caac
[19] 7ff6f6f8bdce
[20] 7ff6f6f8b52e
[21] 7ff6f6f9b512
[22] 7ff6f6c2126b
[23] 7ff6f6c22092
[24] 7ff6f6c2772e
[25] 7ffd6fbdcd87 BaseThreadInitThunk
[26] 7ffd70e0caec RtlUserThreadStart
[Error] Could not apply patch from file /objects/STATIC_VEHICLES/gic_wreckedcar3/gic_wreckedcar3.object.patch in source: ..\mods\female_translation.pak.  Caused by: (JsonPatchException) Could not apply patch to base. (JsonPatchException) Could not apply operation to base. (JsonException) Cannot call get with key on Json type array, must be Object type
[Error] Exception caught loading asset: /objects/ship/lucariotechstation/lucariotechstation.object, (AssetException) Could not read JSON asset /objects/ship/lucariotechstation/lucariotechstation.object
[0] 7ff6f6c2b2a3
[1] 7ff6f6c29fce
[2] 7ff6f6c2a0b8
[3] 7ff6f6c39e20
[4] 7ff6f7359d81
[5] 7ffd4930bb00 _CxxFrameHandler3
[6] 7ffd492f33c7 is_exception_typeof
[7] 7ffd70e841b6 RtlCaptureContext2
[8] 7ff6f6c3c712
[9] 7ff6f6c39b3b
[10] 7ff6f6c454dd
[11] 7ff6f6c44633
[12] 7ff6f6c40bbf
[13] 7ff6f6c4af6b
[14] 7ff6f6c271f7
[15] 7ff6f6c2772e
[16] 7ffd6fbdcd87 BaseThreadInitThunk
[17] 7ffd70e0caec RtlUserThreadStart
Caused by: (JsonParsingException) Cannot parse json file: /objects/ship/lucariotechstation/lucariotechstation.object
[0] 7ff6f6c2b2a3
[1] 7ff6f6c29fce
[2] 7ff6f6c2a0b8
[3] 7ff6f6c3a980
[4] 7ff6f735b16b
[5] 7ffd4930bb00 _CxxFrameHandler3
[6] 7ffd492f33c7 is_exception_typeof
[7] 7ffd70e841b6 RtlCaptureContext2
[8] 7ff6f6c47b17
[9] 7ff6f6c3c712
[10] 7ff6f6c39b3b
[11] 7ff6f6c454dd
[12] 7ff6f6c44633
[13] 7ff6f6c40bbf
[14] 7ff6f6c4af6b
[15] 7ff6f6c271f7
[16] 7ff6f6c2772e
[17] 7ffd6fbdcd87 BaseThreadInitThunk
[18] 7ffd70e0caec RtlUserThreadStart
Caused by: (JsonException) Improper conversion to JsonArray from object
[0] 7ff6f6c2b2a3
[1] 7ff6f6c29fce
[2] 7ff6f6bc4f4a
[3] 7ff6f6bd2382
[4] 7ff6f6c47b17
[5] 7ff6f6c3c712
[6] 7ff6f6c39b3b
[7] 7ff6f6c454dd
[8] 7ff6f6c44633
[9] 7ff6f6c40bbf
[10] 7ff6f6c4af6b
[11] 7ff6f6c271f7
[12] 7ff6f6c2772e
[13] 7ffd6fbdcd87 BaseThreadInitThunk
[14] 7ffd70e0caec RtlUserThreadStart
[Error] Error loading object file /objects/ship/lucariotechstation/lucariotechstation.object: (AssetException) Error loading asset /objects/ship/lucariotechstation/lucariotechstation.object
[0] 7ff6f6c2b2a3
[1] 7ff6f6c29fce
[2] 7ff6f6c366ca
[3] 7ff6f6c427c2
[4] 7ff6f6c442b9
[5] 7ff6f6eac254
[6] 7ff6f6f95105
[7] 7ff6f6f99749
[8] 7ff6f6f8bacf
[9] 7ff6f6f8f536
[10] 7ff6f6f8ce99
[11] 7ff6f6f9baa6
[12] 7ff6f6f9a197
[13] 7ff6f6f91e13
[14] 7ff6f6f8fd59
[15] 7ff6f6fa0f32
[16] 7ff6f6f8bd40
[17] 7ff6f6f8f1a9
[18] 7ff6f6f8caac
[19] 7ff6f6f8bdce
[20] 7ff6f6f8b52e
[21] 7ff6f6f9b512
[22] 7ff6f6c2126b
[23] 7ff6f6c22092
[24] 7ff6f6c2772e
[25] 7ffd6fbdcd87 BaseThreadInitThunk
[26] 7ffd70e0caec RtlUserThreadStart
[Error] Exception caught loading asset: /npcs/friendlycultistblack.npctype, (AssetException) Could not read JSON asset /npcs/friendlycultistblack.npctype
[0] 7ff6f6c2b2a3
[1] 7ff6f6c29fce
[2] 7ff6f6c2a0b8
[3] 7ff6f6c39e20
[4] 7ff6f7359d81
[5] 7ffd4930bb00 _CxxFrameHandler3
[6] 7ffd492f33c7 is_exception_typeof
[7] 7ffd70e841b6 RtlCaptureContext2
[8] 7ff6f6c3c712
[9] 7ff6f6c39b3b
[10] 7ff6f6c454dd
[11] 7ff6f6c44633
[12] 7ff6f6c40bbf
[13] 7ff6f6c426fb
[14] 7ff6f6c442b9
[15] 7ff6f6e84146
[16] 7ff6f6f95065
[17] 7ff6f6f99ca9
[18] 7ff6f6f8bcaf
[19] 7ff6f6f8f676
[20] 7ff6f6f8ce69
[21] 7ff6f6f9bc86
[22] 7ff6f6f9a197
[23] 7ff6f6f91cc3
[24] 7ff6f6f8fd09
[25] 7ff6f6fa0e82
[26] 7ff6f6f8bd40
[27] 7ff6f6f8f1a9
[28] 7ff6f6f8caac
[29] 7ff6f6f8bdce
[30] 7ff6f6f8b52e
[31] 7ff6f6f9b512
[32] 7ff6f6c2126b
[33] 7ff6f6c22092
[34] 7ff6f6c2772e
[35] 7ffd6fbdcd87 BaseThreadInitThunk
[36] 7ffd70e0caec RtlUserThreadStart
Caused by: (JsonParsingException) Cannot parse json file: /npcs/friendlycultistblack.npctype
[0] 7ff6f6c2b2a3
[1] 7ff6f6c29fce
[2] 7ff6f6c2a0b8
[3] 7ff6f6c3a980
[4] 7ff6f735b16b
[5] 7ffd4930bb00 _CxxFrameHandler3
[6] 7ffd492f33c7 is_exception_typeof
[7] 7ffd70e841b6 RtlCaptureContext2
[8] 7ff6f6c47b17
[9] 7ff6f6c3c712
[10] 7ff6f6c39b3b
[11] 7ff6f6c454dd
[12] 7ff6f6c44633
[13] 7ff6f6c40bbf
[14] 7ff6f6c426fb
[15] 7ff6f6c442b9
[16] 7ff6f6e84146
[17] 7ff6f6f95065
[18] 7ff6f6f99ca9
[19] 7ff6f6f8bcaf
[20] 7ff6f6f8f676
[21] 7ff6f6f8ce69
[22] 7ff6f6f9bc86
[23] 7ff6f6f9a197
[24] 7ff6f6f91cc3
[25] 7ff6f6f8fd09
[26] 7ff6f6fa0e82
[27] 7ff6f6f8bd40
[28] 7ff6f6f8f1a9
[29] 7ff6f6f8caac
[30] 7ff6f6f8bdce
[31] 7ff6f6f8b52e
[32] 7ff6f6f9b512
[33] 7ff6f6c2126b
[34] 7ff6f6c22092
[35] 7ff6f6c2772e
[36] 7ffd6fbdcd87 BaseThreadInitThunk
[37] 7ffd70e0caec RtlUserThreadStart
Caused by: (JsonException) Improper conversion to JsonArray from object
[0] 7ff6f6c2b2a3
[1] 7ff6f6c29fce
[2] 7ff6f6bc4f4a
[3] 7ff6f6bd2382
[4] 7ff6f6c47b17
[5] 7ff6f6c3c712
[6] 7ff6f6c39b3b
[7] 7ff6f6c454dd
[8] 7ff6f6c44633
[9] 7ff6f6c40bbf
[10] 7ff6f6c426fb
[11] 7ff6f6c442b9
[12] 7ff6f6e84146
[13] 7ff6f6f95065
[14] 7ff6f6f99ca9
[15] 7ff6f6f8bcaf
[16] 7ff6f6f8f676
[17] 7ff6f6f8ce69
[18] 7ff6f6f9bc86
[19] 7ff6f6f9a197
[20] 7ff6f6f91cc3
[21] 7ff6f6f8fd09
[22] 7ff6f6fa0e82
[23] 7ff6f6f8bd40
[24] 7ff6f6f8f1a9
[25] 7ff6f6f8caac
[26] 7ff6f6f8bdce
[27] 7ff6f6f8b52e
[28] 7ff6f6f9b512
[29] 7ff6f6c2126b
[30] 7ff6f6c22092
[31] 7ff6f6c2772e
[32] 7ffd6fbdcd87 BaseThreadInitThunk
[33] 7ffd70e0caec RtlUserThreadStart
[Error] Could not apply patch from file /objects/sheilaworkshop/black_radios/black_dangerzone/black_dangerzone.object.patch in source: ..\mods\female_translation.pak.  Caused by: (JsonPatchException) Could not apply patch to base. (JsonPatchException) Could not apply operation to base. (JsonException) Cannot call get with key on Json type array, must be Object type
[Error] Exception caught loading asset: /objects/ship/avikan/avikanshiplocker/avikanshiplocker.object, (AssetException) Could not read JSON asset /objects/ship/avikan/avikanshiplocker/avikanshiplocker.object
[0] 7ff6f6c2b2a3
[1] 7ff6f6c29fce
[2] 7ff6f6c2a0b8
[3] 7ff6f6c39e20
[4] 7ff6f7359d81
[5] 7ffd4930bb00 _CxxFrameHandler3
[6] 7ffd492f33c7 is_exception_typeof
[7] 7ffd70e841b6 RtlCaptureContext2
[8] 7ff6f6c3c712
[9] 7ff6f6c39b3b
[10] 7ff6f6c454dd
[11] 7ff6f6c44633
[12] 7ff6f6c40bbf
[13] 7ff6f6c4af6b
[14] 7ff6f6c271f7
[15] 7ff6f6c2772e
[16] 7ffd6fbdcd87 BaseThreadInitThunk
[17] 7ffd70e0caec RtlUserThreadStart
Caused by: (JsonParsingException) Cannot parse json file: /objects/ship/avikan/avikanshiplocker/avikanshiplocker.object
[0] 7ff6f6c2b2a3
[1] 7ff6f6c29fce
[2] 7ff6f6c2a0b8
[3] 7ff6f6c3a980
[4] 7ff6f735b16b
[5] 7ffd4930bb00 _CxxFrameHandler3
[6] 7ffd492f33c7 is_exception_typeof
[7] 7ffd70e841b6 RtlCaptureContext2
[8] 7ff6f6c47b17
[9] 7ff6f6c3c712
[10] 7ff6f6c39b3b
[11] 7ff6f6c454dd
[12] 7ff6f6c44633
[13] 7ff6f6c40bbf
[14] 7ff6f6c4af6b
[15] 7ff6f6c271f7
[16] 7ff6f6c2772e
[17] 7ffd6fbdcd87 BaseThreadInitThunk
[18] 7ffd70e0caec RtlUserThreadStart
Caused by: (JsonException) Improper conversion to JsonArray from object
[0] 7ff6f6c2b2a3
[1] 7ff6f6c29fce
[2] 7ff6f6bc4f4a
[3] 7ff6f6bd2382
[4] 7ff6f6c47b17
[5] 7ff6f6c3c712
[6] 7ff6f6c39b3b
[7] 7ff6f6c454dd
[8] 7ff6f6c44633
[9] 7ff6f6c40bbf
[10] 7ff6f6c4af6b
[11] 7ff6f6c271f7
[12] 7ff6f6c2772e
[13] 7ffd6fbdcd87 BaseThreadInitThunk
[14] 7ffd70e0caec RtlUserThreadStart
[Error] Error loading object file /objects/ship/avikan/avikanshiplocker/avikanshiplocker.object: (AssetException) Error loading asset /objects/ship/avikan/avikanshiplocker/avikanshiplocker.object
[0] 7ff6f6c2b2a3
[1] 7ff6f6c29fce
[2] 7ff6f6c366ca
[3] 7ff6f6c427c2
[4] 7ff6f6c442b9
[5] 7ff6f6eac254
[6] 7ff6f6f95105
[7] 7ff6f6f99749
[8] 7ff6f6f8bacf
[9] 7ff6f6f8f536
[10] 7ff6f6f8ce99
[11] 7ff6f6f9baa6
[12] 7ff6f6f9a197
[13] 7ff6f6f91e13
[14] 7ff6f6f8fd59
[15] 7ff6f6fa0f32
[16] 7ff6f6f8bd40
[17] 7ff6f6f8f1a9
[18] 7ff6f6f8caac
[19] 7ff6f6f8bdce
[20] 7ff6f6f8b52e
[21] 7ff6f6f9b512
[22] 7ff6f6c2126b
[23] 7ff6f6c22092
[24] 7ff6f6c2772e
[25] 7ffd6fbdcd87 BaseThreadInitThunk
[26] 7ffd70e0caec RtlUserThreadStart
[Error] Exception caught loading asset: /objects/ship/akkimari/akkimaritechstation/akkimaritechstation.object, (AssetException) Could not read JSON asset /objects/ship/akkimari/akkimaritechstation/akkimaritechstation.object
[0] 7ff6f6c2b2a3
[1] 7ff6f6c29fce
[2] 7ff6f6c2a0b8
[3] 7ff6f6c39e20
[4] 7ff6f7359d81
[5] 7ffd4930bb00 _CxxFrameHandler3
[6] 7ffd492f33c7 is_exception_typeof
[7] 7ffd70e841b6 RtlCaptureContext2
[8] 7ff6f6c3c712
[9] 7ff6f6c39b3b
[10] 7ff6f6c454dd
[11] 7ff6f6c44633
[12] 7ff6f6c40bbf
[13] 7ff6f6c4af6b
[14] 7ff6f6c271f7
[15] 7ff6f6c2772e
[16] 7ffd6fbdcd87 BaseThreadInitThunk
[17] 7ffd70e0caec RtlUserThreadStart
Caused by: (JsonParsingException) Cannot parse json file: /objects/ship/akkimari/akkimaritechstation/akkimaritechstation.object
[0] 7ff6f6c2b2a3
[1] 7ff6f6c29fce
[2] 7ff6f6c2a0b8
[3] 7ff6f6c3a980
[4] 7ff6f735b16b
[5] 7ffd4930bb00 _CxxFrameHandler3
[6] 7ffd492f33c7 is_exception_typeof
[7] 7ffd70e841b6 RtlCaptureContext2
[8] 7ff6f6c47b17
[9] 7ff6f6c3c712
[10] 7ff6f6c39b3b
[11] 7ff6f6c454dd
[12] 7ff6f6c44633
[13] 7ff6f6c40bbf
[14] 7ff6f6c4af6b
[15] 7ff6f6c271f7
[16] 7ff6f6c2772e
[17] 7ffd6fbdcd87 BaseThreadInitThunk
[18] 7ffd70e0caec RtlUserThreadStart
Caused by: (JsonException) Improper conversion to JsonArray from object
[0] 7ff6f6c2b2a3
[1] 7ff6f6c29fce
[2] 7ff6f6bc4f4a
[3] 7ff6f6bd2382
[4] 7ff6f6c47b17
[5] 7ff6f6c3c712
[6] 7ff6f6c39b3b
[7] 7ff6f6c454dd
[8] 7ff6f6c44633
[9] 7ff6f6c40bbf
[10] 7ff6f6c4af6b
[11] 7ff6f6c271f7
[12] 7ff6f6c2772e
[13] 7ffd6fbdcd87 BaseThreadInitThunk
[14] 7ffd70e0caec RtlUserThreadStart
[Error] Error loading object file /objects/ship/akkimari/akkimaritechstation/akkimaritechstation.object: (AssetException) Error loading asset /objects/ship/akkimari/akkimaritechstation/akkimaritechstation.object
[0] 7ff6f6c2b2a3
[1] 7ff6f6c29fce
[2] 7ff6f6c366ca
[3] 7ff6f6c427c2
[4] 7ff6f6c442b9
[5] 7ff6f6eac254
[6] 7ff6f6f95105
[7] 7ff6f6f99749
[8] 7ff6f6f8bacf
[9] 7ff6f6f8f536
[10] 7ff6f6f8ce99
[11] 7ff6f6f9baa6
[12] 7ff6f6f9a197
[13] 7ff6f6f91e13
[14] 7ff6f6f8fd59
[15] 7ff6f6fa0f32
[16] 7ff6f6f8bd40
[17] 7ff6f6f8f1a9
[18] 7ff6f6f8caac
[19] 7ff6f6f8bdce
[20] 7ff6f6f8b52e
[21] 7ff6f6f9b512
[22] 7ff6f6c2126b
[23] 7ff6f6c22092
[24] 7ff6f6c2772e
[25] 7ffd6fbdcd87 BaseThreadInitThunk
[26] 7ffd70e0caec RtlUserThreadStart
[Error] Could not apply patch from file /objects/CORPSES/gic_civiliancorpse2/gic_civiliancorpse2.object.patch in source: ..\mods\female_translation.pak.  Caused by: (JsonPatchException) Could not apply patch to base. (JsonPatchException) Could not apply operation to base. (JsonException) Cannot call get with key on Json type array, must be Object type
[Error] Exception caught loading asset: /objects/wired/advancedswitch/swtjc_wp_advancedswitch_nolatch.object, (AssetException) Could not read JSON asset /objects/wired/advancedswitch/swtjc_wp_advancedswitch_nolatch.object
[0] 7ff6f6c2b2a3
[1] 7ff6f6c29fce
[2] 7ff6f6c2a0b8
[3] 7ff6f6c39e20
[4] 7ff6f7359d81
[5] 7ffd4930bb00 _CxxFrameHandler3
[6] 7ffd492f33c7 is_exception_typeof
[7] 7ffd70e841b6 RtlCaptureContext2
[8] 7ff6f6c3c712
[9] 7ff6f6c39b3b
[10] 7ff6f6c454dd
[11] 7ff6f6c44633
[12] 7ff6f6c40bbf
[13] 7ff6f6c4af6b
[14] 7ff6f6c271f7
[15] 7ff6f6c2772e
[16] 7ffd6fbdcd87 BaseThreadInitThunk
[17] 7ffd70e0caec RtlUserThreadStart
Caused by: (JsonParsingException) Cannot parse json file: /objects/wired/advancedswitch/swtjc_wp_advancedswitch_nolatch.object
[0] 7ff6f6c2b2a3
[1] 7ff6f6c29fce
[2] 7ff6f6c2a0b8
[3] 7ff6f6c3a980
[4] 7ff6f735b16b
[5] 7ffd4930bb00 _CxxFrameHandler3
[6] 7ffd492f33c7 is_exception_typeof
[7] 7ffd70e841b6 RtlCaptureContext2
[8] 7ff6f6c47b17
[9] 7ff6f6c3c712
[10] 7ff6f6c39b3b
[11] 7ff6f6c454dd
[12] 7ff6f6c44633
[13] 7ff6f6c40bbf
[14] 7ff6f6c4af6b
[15] 7ff6f6c271f7
[16] 7ff6f6c2772e
[17] 7ffd6fbdcd87 BaseThreadInitThunk
[18] 7ffd70e0caec RtlUserThreadStart
Caused by: (JsonException) Improper conversion to JsonArray from object
[0] 7ff6f6c2b2a3
[1] 7ff6f6c29fce
[2] 7ff6f6bc4f4a
[3] 7ff6f6bd2382
[4] 7ff6f6c47b17
[5] 7ff6f6c3c712
[6] 7ff6f6c39b3b
[7] 7ff6f6c454dd
[8] 7ff6f6c44633
[9] 7ff6f6c40bbf
[10] 7ff6f6c4af6b
[11] 7ff6f6c271f7
[12] 7ff6f6c2772e
[13] 7ffd6fbdcd87 BaseThreadInitThunk
[14] 7ffd70e0caec RtlUserThreadStart
[Error] Error loading object file /objects/wired/advancedswitch/swtjc_wp_advancedswitch_nolatch.object: (AssetException) Error loading asset /objects/wired/advancedswitch/swtjc_wp_advancedswitch_nolatch.object
[0] 7ff6f6c2b2a3
[1] 7ff6f6c29fce
[2] 7ff6f6c366ca
[3] 7ff6f6c427c2
[4] 7ff6f6c442b9
[5] 7ff6f6eac254
[6] 7ff6f6f95105
[7] 7ff6f6f99749
[8] 7ff6f6f8bacf
[9] 7ff6f6f8f536
[10] 7ff6f6f8ce99
[11] 7ff6f6f9baa6
[12] 7ff6f6f9a197
[13] 7ff6f6f91e13
[14] 7ff6f6f8fd59
[15] 7ff6f6fa0f32
[16] 7ff6f6f8bd40
[17] 7ff6f6f8f1a9
[18] 7ff6f6f8caac
[19] 7ff6f6f8bdce
[20] 7ff6f6f8b52e
[21] 7ff6f6f9b512
[22] 7ff6f6c2126b
[23] 7ff6f6c22092
[24] 7ff6f6c2772e
[25] 7ffd6fbdcd87 BaseThreadInitThunk
[26] 7ffd70e0caec RtlUserThreadStart
[Info] Root: Loaded StagehandDatabase in 0.469856 seconds
[Error] Exception caught loading asset: /objects/ship/giltentechstation/giltentechstation.object, (AssetException) Could not read JSON asset /objects/ship/giltentechstation/giltentechstation.object
[0] 7ff6f6c2b2a3
[1] 7ff6f6c29fce
[2] 7ff6f6c2a0b8
[3] 7ff6f6c39e20
[4] 7ff6f7359d81
[5] 7ffd4930bb00 _CxxFrameHandler3
[6] 7ffd492f33c7 is_exception_typeof
[7] 7ffd70e841b6 RtlCaptureContext2
[8] 7ff6f6c3c712
[9] 7ff6f6c39b3b
[10] 7ff6f6c454dd
[11] 7ff6f6c44633
[12] 7ff6f6c40bbf
[13] 7ff6f6c4af6b
[14] 7ff6f6c271f7
[15] 7ff6f6c2772e
[16] 7ffd6fbdcd87 BaseThreadInitThunk
[17] 7ffd70e0caec RtlUserThreadStart
Caused by: (JsonParsingException) Cannot parse json file: /objects/ship/giltentechstation/giltentechstation.object
[0] 7ff6f6c2b2a3
[1] 7ff6f6c29fce
[2] 7ff6f6c2a0b8
[3] 7ff6f6c3a980
[4] 7ff6f735b16b
[5] 7ffd4930bb00 _CxxFrameHandler3
[6] 7ffd492f33c7 is_exception_typeof
[7] 7ffd70e841b6 RtlCaptureContext2
[8] 7ff6f6c47b17
[9] 7ff6f6c3c712
[10] 7ff6f6c39b3b
[11] 7ff6f6c454dd
[12] 7ff6f6c44633
[13] 7ff6f6c40bbf
[14] 7ff6f6c4af6b
[15] 7ff6f6c271f7
[16] 7ff6f6c2772e
[17] 7ffd6fbdcd87 BaseThreadInitThunk
[18] 7ffd70e0caec RtlUserThreadStart
Caused by: (JsonException) Improper conversion to JsonArray from object
[0] 7ff6f6c2b2a3
[1] 7ff6f6c29fce
[2] 7ff6f6bc4f4a
[3] 7ff6f6bd2382
[4] 7ff6f6c47b17
[5] 7ff6f6c3c712
[6] 7ff6f6c39b3b
[7] 7ff6f6c454dd
[8] 7ff6f6c44633
[9] 7ff6f6c40bbf
[10] 7ff6f6c4af6b
[11] 7ff6f6c271f7
[12] 7ff6f6c2772e
[13] 7ffd6fbdcd87 BaseThreadInitThunk
[14] 7ffd70e0caec RtlUserThreadStart
[Error] Error loading object file /objects/ship/giltentechstation/giltentechstation.object: (AssetException) Error loading asset /objects/ship/giltentechstation/giltentechstation.object
[0] 7ff6f6c2b2a3
[1] 7ff6f6c29fce
[2] 7ff6f6c366ca
[3] 7ff6f6c427c2
[4] 7ff6f6c442b9
[5] 7ff6f6eac254
[6] 7ff6f6f95105
[7] 7ff6f6f99749
[8] 7ff6f6f8bacf
[9] 7ff6f6f8f536
[10] 7ff6f6f8ce99
[11] 7ff6f6f9baa6
[12] 7ff6f6f9a197
[13] 7ff6f6f91e13
[14] 7ff6f6f8fd59
[15] 7ff6f6fa0f32
[16] 7ff6f6f8bd40
[17] 7ff6f6f8f1a9
[18] 7ff6f6f8caac
[19] 7ff6f6f8bdce
[20] 7ff6f6f8b52e
[21] 7ff6f6f9b512
[22] 7ff6f6c2126b
[23] 7ff6f6c22092
[24] 7ff6f6c2772e
[25] 7ffd6fbdcd87 BaseThreadInitThunk
[26] 7ffd70e0caec RtlUserThreadStart
[Error] Exception caught loading asset: /objects/koopUscm/spawner/crew/koopUscmCrewSpawnerTrooper.object, (AssetException) Could not read JSON asset /objects/koopUscm/spawner/crew/koopUscmCrewSpawnerTrooper.object
[0] 7ff6f6c2b2a3
[1] 7ff6f6c29fce
[2] 7ff6f6c2a0b8
[3] 7ff6f6c39e20
[4] 7ff6f7359d81
[5] 7ffd4930bb00 _CxxFrameHandler3
[6] 7ffd492f33c7 is_exception_typeof
[7] 7ffd70e841b6 RtlCaptureContext2
[8] 7ff6f6c3c712
[9] 7ff6f6c39b3b
[10] 7ff6f6c454dd
[11] 7ff6f6c44633
[12] 7ff6f6c40bbf
[13] 7ff6f6c4af6b
[14] 7ff6f6c271f7
[15] 7ff6f6c2772e
[16] 7ffd6fbdcd87 BaseThreadInitThunk
[17] 7ffd70e0caec RtlUserThreadStart
Caused by: (JsonParsingException) Cannot parse json file: /objects/koopUscm/spawner/crew/koopUscmCrewSpawnerTrooper.object
[0] 7ff6f6c2b2a3
[1] 7ff6f6c29fce
[2] 7ff6f6c2a0b8
[3] 7ff6f6c3a980
[4] 7ff6f735b16b
[5] 7ffd4930bb00 _CxxFrameHandler3
[6] 7ffd492f33c7 is_exception_typeof
[7] 7ffd70e841b6 RtlCaptureContext2
[8] 7ff6f6c47b17
[9] 7ff6f6c3c712
[10] 7ff6f6c39b3b
[11] 7ff6f6c454dd
[12] 7ff6f6c44633
[13] 7ff6f6c40bbf
[14] 7ff6f6c4af6b
[15] 7ff6f6c271f7
[16] 7ff6f6c2772e
[17] 7ffd6fbdcd87 BaseThreadInitThunk
[18] 7ffd70e0caec RtlUserThreadStart
Caused by: (JsonException) Improper conversion to JsonArray from object
[0] 7ff6f6c2b2a3
[1] 7ff6f6c29fce
[2] 7ff6f6bc4f4a
[3] 7ff6f6bd2382
[4] 7ff6f6c47b17
[5] 7ff6f6c3c712
[6] 7ff6f6c39b3b
[7] 7ff6f6c454dd
[8] 7ff6f6c44633
[9] 7ff6f6c40bbf
[10] 7ff6f6c4af6b
[11] 7ff6f6c271f7
[12] 7ff6f6c2772e
[13] 7ffd6fbdcd87 BaseThreadInitThunk
[14] 7ffd70e0caec RtlUserThreadStart
[Error] Error loading object file /objects/koopUscm/spawner/crew/koopUscmCrewSpawnerTrooper.object: (AssetException) Error loading asset /objects/koopUscm/spawner/crew/koopUscmCrewSpawnerTrooper.object
[0] 7ff6f6c2b2a3
[1] 7ff6f6c29fce
[2] 7ff6f6c366ca
[3] 7ff6f6c427c2
[4] 7ff6f6c442b9
[5] 7ff6f6eac254
[6] 7ff6f6f95105
[7] 7ff6f6f99749
[8] 7ff6f6f8bacf
[9] 7ff6f6f8f536
[10] 7ff6f6f8ce99
[11] 7ff6f6f9baa6
[12] 7ff6f6f9a197
[13] 7ff6f6f91e13
[14] 7ff6f6f8fd59
[15] 7ff6f6fa0f32
[16] 7ff6f6f8bd40
[17] 7ff6f6f8f1a9
[18] 7ff6f6f8caac
[19] 7ff6f6f8bdce
[20] 7ff6f6f8b52e
[21] 7ff6f6f9b512
[22] 7ff6f6c2126b
[23] 7ff6f6c22092
[24] 7ff6f6c2772e
[25] 7ffd6fbdcd87 BaseThreadInitThunk
[26] 7ffd70e0caec RtlUserThreadStart
[Error] Exception caught loading asset: /objects/crafting/atprk_weaponupgradeanvilsmall/atprk_weaponupgradeanvilsmall.object, (AssetException) Could not read JSON asset /objects/crafting/atprk_weaponupgradeanvilsmall/atprk_weaponupgradeanvilsmall.object
[0] 7ff6f6c2b2a3
[1] 7ff6f6c29fce
[2] 7ff6f6c2a0b8
[3] 7ff6f6c39e20
[4] 7ff6f7359d81
[5] 7ffd4930bb00 _CxxFrameHandler3
[6] 7ffd492f33c7 is_exception_typeof
[7] 7ffd70e841b6 RtlCaptureContext2
[8] 7ff6f6c3c712
[9] 7ff6f6c39b3b
[10] 7ff6f6c454dd
[11] 7ff6f6c44633
[12] 7ff6f6c40bbf
[13] 7ff6f6c4af6b
[14] 7ff6f6c271f7
[15] 7ff6f6c2772e
[16] 7ffd6fbdcd87 BaseThreadInitThunk
[17] 7ffd70e0caec RtlUserThreadStart
Caused by: (JsonParsingException) Cannot parse json file: /objects/crafting/atprk_weaponupgradeanvilsmall/atprk_weaponupgradeanvilsmall.object
[0] 7ff6f6c2b2a3
[1] 7ff6f6c29fce
[2] 7ff6f6c2a0b8
[3] 7ff6f6c3a980
[4] 7ff6f735b16b
[5] 7ffd4930bb00 _CxxFrameHandler3
[6] 7ffd492f33c7 is_exception_typeof
[7] 7ffd70e841b6 RtlCaptureContext2
[8] 7ff6f6c47b17
[9] 7ff6f6c3c712
[10] 7ff6f6c39b3b
[11] 7ff6f6c454dd
[12] 7ff6f6c44633
[13] 7ff6f6c40bbf
[14] 7ff6f6c4af6b
[15] 7ff6f6c271f7
[16] 7ff6f6c2772e
[17] 7ffd6fbdcd87 BaseThreadInitThunk
[18] 7ffd70e0caec RtlUserThreadStart
Caused by: (JsonException) Improper conversion to JsonArray from object
[0] 7ff6f6c2b2a3
[1] 7ff6f6c29fce
[2] 7ff6f6bc4f4a
[3] 7ff6f6bd2382
[4] 7ff6f6c47b17
[5] 7ff6f6c3c712
[6] 7ff6f6c39b3b
[7] 7ff6f6c454dd
[8] 7ff6f6c44633
[9] 7ff6f6c40bbf
[10] 7ff6f6c4af6b
[11] 7ff6f6c271f7
[12] 7ff6f6c2772e
[13] 7ffd6fbdcd87 BaseThreadInitThunk
[14] 7ffd70e0caec RtlUserThreadStart
[Error] Error loading object file /objects/crafting/atprk_weaponupgradeanvilsmall/atprk_weaponupgradeanvilsmall.object: (AssetException) Error loading asset /objects/crafting/atprk_weaponupgradeanvilsmall/atprk_weaponupgradeanvilsmall.object
[0] 7ff6f6c2b2a3
[1] 7ff6f6c29fce
[2] 7ff6f6c366ca
[3] 7ff6f6c427c2
[4] 7ff6f6c442b9
[5] 7ff6f6eac254
[6] 7ff6f6f95105
[7] 7ff6f6f99749
[8] 7ff6f6f8bacf
[9] 7ff6f6f8f536
[10] 7ff6f6f8ce99
[11] 7ff6f6f9baa6
[12] 7ff6f6f9a197
[13] 7ff6f6f91e13
[14] 7ff6f6f8fd59
[15] 7ff6f6fa0f32
[16] 7ff6f6f8bd40
[17] 7ff6f6f8f1a9
[18] 7ff6f6f8caac
[19] 7ff6f6f8bdce
[20] 7ff6f6f8b52e
[21] 7ff6f6f9b512
[22] 7ff6f6c2126b
[23] 7ff6f6c22092
[24] 7ff6f6c2772e
[25] 7ffd6fbdcd87 BaseThreadInitThunk
[26] 7ffd70e0caec RtlUserThreadStart
[Error] Exception caught loading asset: /objects/ship/fu_byostechstation/fu_byostechstationdeco.object, (AssetException) Could not read JSON asset /objects/ship/fu_byostechstation/fu_byostechstationdeco.object
[0] 7ff6f6c2b2a3
[1] 7ff6f6c29fce
[2] 7ff6f6c2a0b8
[3] 7ff6f6c39e20
[4] 7ff6f7359d81
[5] 7ffd4930bb00 _CxxFrameHandler3
[6] 7ffd492f33c7 is_exception_typeof
[7] 7ffd70e841b6 RtlCaptureContext2
[8] 7ff6f6c3c712
[9] 7ff6f6c39b3b
[10] 7ff6f6c454dd
[11] 7ff6f6c44633
[12] 7ff6f6c40bbf
[13] 7ff6f6c4af6b
[14] 7ff6f6c271f7
[15] 7ff6f6c2772e
[16] 7ffd6fbdcd87 BaseThreadInitThunk
[17] 7ffd70e0caec RtlUserThreadStart
Caused by: (JsonParsingException) Cannot parse json file: /objects/ship/fu_byostechstation/fu_byostechstationdeco.object
[0] 7ff6f6c2b2a3
[1] 7ff6f6c29fce
[2] 7ff6f6c2a0b8
[3] 7ff6f6c3a980
[4] 7ff6f735b16b
[5] 7ffd4930bb00 _CxxFrameHandler3
[6] 7ffd492f33c7 is_exception_typeof
[7] 7ffd70e841b6 RtlCaptureContext2
[8] 7ff6f6c47b17
[9] 7ff6f6c3c712
[10] 7ff6f6c39b3b
[11] 7ff6f6c454dd
[12] 7ff6f6c44633
[13] 7ff6f6c40bbf
[14] 7ff6f6c4af6b
[15] 7ff6f6c271f7
[16] 7ff6f6c2772e
[17] 7ffd6fbdcd87 BaseThreadInitThunk
[18] 7ffd70e0caec RtlUserThreadStart
Caused by: (JsonException) Improper conversion to JsonArray from object
[0] 7ff6f6c2b2a3
[1] 7ff6f6c29fce
[2] 7ff6f6bc4f4a
[3] 7ff6f6bd2382
[4] 7ff6f6c47b17
[5] 7ff6f6c3c712
[6] 7ff6f6c39b3b
[7] 7ff6f6c454dd
[8] 7ff6f6c44633
[9] 7ff6f6c40bbf
[10] 7ff6f6c4af6b
[11] 7ff6f6c271f7
[12] 7ff6f6c2772e
[13] 7ffd6fbdcd87 BaseThreadInitThunk
[14] 7ffd70e0caec RtlUserThreadStart
[Error] Error loading object file /objects/ship/fu_byostechstation/fu_byostechstationdeco.object: (AssetException) Error loading asset /objects/ship/fu_byostechstation/fu_byostechstationdeco.object
[0] 7ff6f6c2b2a3
[1] 7ff6f6c29fce
[2] 7ff6f6c366ca
[3] 7ff6f6c427c2
[4] 7ff6f6c442b9
[5] 7ff6f6eac254
[6] 7ff6f6f95105
[7] 7ff6f6f99749
[8] 7ff6f6f8bacf
[9] 7ff6f6f8f536
[10] 7ff6f6f8ce99
[11] 7ff6f6f9baa6
[12] 7ff6f6f9a197
[13] 7ff6f6f91e13
[14] 7ff6f6f8fd59
[15] 7ff6f6fa0f32
[16] 7ff6f6f8bd40
[17] 7ff6f6f8f1a9
[18] 7ff6f6f8caac
[19] 7ff6f6f8bdce
[20] 7ff6f6f8b52e
[21] 7ff6f6f9b512
[22] 7ff6f6c2126b
[23] 7ff6f6c22092
[24] 7ff6f6c2772e
[25] 7ffd6fbdcd87 BaseThreadInitThunk
[26] 7ffd70e0caec RtlUserThreadStart
[Info] Root: Loaded VehicleDatabase in 0.125471 seconds
[Error] Exception caught loading asset: /player.config, (AssetException) Could not read JSON asset /player.config
[0] 7ff6f6c2b2a3
[1] 7ff6f6c29fce
[2] 7ff6f6c2a0b8
[3] 7ff6f6c39e20
[4] 7ff6f7359d81
[5] 7ffd4930bb00 _CxxFrameHandler3
[6] 7ffd492f33c7 is_exception_typeof
[7] 7ffd70e841b6 RtlCaptureContext2
[8] 7ff6f6c3c712
[9] 7ff6f6c39b3b
[10] 7ff6f6c454dd
[11] 7ff6f6c44633
[12] 7ff6f6c40bbf
[13] 7ff6f6c426fb
[14] 7ff6f6c442b9
[15] 7ff6f6f10a52
[16] 7ff6f6f95385
[17] 7ff6f6f997d9
[18] 7ff6f6f8bb5f
[19] 7ff6f6f8f596
[20] 7ff6f6f8cf59
[21] 7ff6f6f9bb36
[22] 7ff6f6f9a197
[23] 7ff6f6f92353
[24] 7ff6f6f8fe99
[25] 7ff6f6fa1142
[26] 7ff6f6f8bd40
[27] 7ff6f6f8f1a9
[28] 7ff6f6f8caac
[29] 7ff6f6f8bdce
[30] 7ff6f6f8b52e
[31] 7ff6f6f9b512
[32] 7ff6f6c2126b
[33] 7ff6f6c22092
[34] 7ff6f6c2772e
[35] 7ffd6fbdcd87 BaseThreadInitThunk
[36] 7ffd70e0caec RtlUserThreadStart
Caused by: (JsonParsingException) Cannot parse json file: /player.config
[0] 7ff6f6c2b2a3
[1] 7ff6f6c29fce
[2] 7ff6f6c2a0b8
[3] 7ff6f6c3a980
[4] 7ff6f735b16b
[5] 7ffd4930bb00 _CxxFrameHandler3
[6] 7ffd492f33c7 is_exception_typeof
[7] 7ffd70e841b6 RtlCaptureContext2
[8] 7ff6f6c47a07
[9] 7ff6f6c3c712
[10] 7ff6f6c39b3b
[11] 7ff6f6c454dd
[12] 7ff6f6c44633
[13] 7ff6f6c40bbf
[14] 7ff6f6c426fb
[15] 7ff6f6c442b9
[16] 7ff6f6f10a52
[17] 7ff6f6f95385
[18] 7ff6f6f997d9
[19] 7ff6f6f8bb5f
[20] 7ff6f6f8f596
[21] 7ff6f6f8cf59
[22] 7ff6f6f9bb36
[23] 7ff6f6f9a197
[24] 7ff6f6f92353
[25] 7ff6f6f8fe99
[26] 7ff6f6fa1142
[27] 7ff6f6f8bd40
[28] 7ff6f6f8f1a9
[29] 7ff6f6f8caac
[30] 7ff6f6f8bdce
[31] 7ff6f6f8b52e
[32] 7ff6f6f9b512
[33] 7ff6f6c2126b
[34] 7ff6f6c22092
[35] 7ff6f6c2772e
[36] 7ffd6fbdcd87 BaseThreadInitThunk
[37] 7ffd70e0caec RtlUserThreadStart
Caused by: (JsonException) Improper conversion to JsonArray from object
[0] 7ff6f6c2b2a3
[1] 7ff6f6c29fce
[2] 7ff6f6bc4f4a
[3] 7ff6f6bd2382
[4] 7ff6f6c47a07
[5] 7ff6f6c3c712
[6] 7ff6f6c39b3b
[7] 7ff6f6c454dd
[8] 7ff6f6c44633
[9] 7ff6f6c40bbf
[10] 7ff6f6c426fb
[11] 7ff6f6c442b9
[12] 7ff6f6f10a52
[13] 7ff6f6f95385
[14] 7ff6f6f997d9
[15] 7ff6f6f8bb5f
[16] 7ff6f6f8f596
[17] 7ff6f6f8cf59
[18] 7ff6f6f9bb36
[19] 7ff6f6f9a197
[20] 7ff6f6f92353
[21] 7ff6f6f8fe99
[22] 7ff6f6fa1142
[23] 7ff6f6f8bd40
[24] 7ff6f6f8f1a9
[25] 7ff6f6f8caac
[26] 7ff6f6f8bdce
[27] 7ff6f6f8b52e
[28] 7ff6f6f9b512
[29] 7ff6f6c2126b
[30] 7ff6f6c22092
[31] 7ff6f6c2772e
[32] 7ffd6fbdcd87 BaseThreadInitThunk
[33] 7ffd70e0caec RtlUserThreadStart
[Error] Exception caught loading asset: /objects/CORPUSSHIP/esc_corpus_humancaptainschair/esc_corpus_humancaptainschair.object, (AssetException) Could not read JSON asset /objects/CORPUSSHIP/esc_corpus_humancaptainschair/esc_corpus_humancaptainschair.object
[0] 7ff6f6c2b2a3
[1] 7ff6f6c29fce
[2] 7ff6f6c2a0b8
[3] 7ff6f6c39e20
[4] 7ff6f7359d81
[5] 7ffd4930bb00 _CxxFrameHandler3
[6] 7ffd492f33c7 is_exception_typeof
[7] 7ffd70e841b6 RtlCaptureContext2
[8] 7ff6f6c3c712
[9] 7ff6f6c39b3b
[10] 7ff6f6c454dd
[11] 7ff6f6c44633
[12] 7ff6f6c40bbf
[13] 7ff6f6c4af6b
[14] 7ff6f6c271f7
[15] 7ff6f6c2772e
[16] 7ffd6fbdcd87 BaseThreadInitThunk
[17] 7ffd70e0caec RtlUserThreadStart
Caused by: (JsonParsingException) Cannot parse json file: /objects/CORPUSSHIP/esc_corpus_humancaptainschair/esc_corpus_humancaptainschair.object
[0] 7ff6f6c2b2a3
[1] 7ff6f6c29fce
[2] 7ff6f6c2a0b8
[3] 7ff6f6c3a980
[4] 7ff6f735b16b
[5] 7ffd4930bb00 _CxxFrameHandler3
[6] 7ffd492f33c7 is_exception_typeof
[7] 7ffd70e841b6 RtlCaptureContext2
[8] 7ff6f6c47b17
[9] 7ff6f6c3c712
[10] 7ff6f6c39b3b
[11] 7ff6f6c454dd
[12] 7ff6f6c44633
[13] 7ff6f6c40bbf
[14] 7ff6f6c4af6b
[15] 7ff6f6c271f7
[16] 7ff6f6c2772e
[17] 7ffd6fbdcd87 BaseThreadInitThunk
[18] 7ffd70e0caec RtlUserThreadStart
Caused by: (JsonException) Improper conversion to JsonArray from object
[0] 7ff6f6c2b2a3
[1] 7ff6f6c29fce
[2] 7ff6f6bc4f4a
[3] 7ff6f6bd2382
[4] 7ff6f6c47b17
[5] 7ff6f6c3c712
[6] 7ff6f6c39b3b
[7] 7ff6f6c454dd
[8] 7ff6f6c44633
[9] 7ff6f6c40bbf
[10] 7ff6f6c4af6b
[11] 7ff6f6c271f7
[12] 7ff6f6c2772e
[13] 7ffd6fbdcd87 BaseThreadInitThunk
[14] 7ffd70e0caec RtlUserThreadStart
[Error] Error loading object file /objects/CORPUSSHIP/esc_corpus_humancaptainschair/esc_corpus_humancaptainschair.object: (AssetException) Error loading asset /objects/CORPUSSHIP/esc_corpus_humancaptainschair/esc_corpus_humancaptainschair.object
[0] 7ff6f6c2b2a3
[1] 7ff6f6c29fce
[2] 7ff6f6c366ca
[3] 7ff6f6c427c2
[4] 7ff6f6c442b9
[5] 7ff6f6eac254
[6] 7ff6f6f95105
[7] 7ff6f6f99749
[8] 7ff6f6f8bacf
[9] 7ff6f6f8f536
[10] 7ff6f6f8ce99
[11] 7ff6f6f9baa6
[12] 7ff6f6f9a197
[13] 7ff6f6f91e13
[14] 7ff6f6f8fd59
[15] 7ff6f6fa0f32
[16] 7ff6f6f8bd40
[17] 7ff6f6f8f1a9
[18] 7ff6f6f8caac
[19] 7ff6f6f8bdce
[20] 7ff6f6f8b52e
[21] 7ff6f6f9b512
[22] 7ff6f6c2126b
[23] 7ff6f6c22092
[24] 7ff6f6c2772e
[25] 7ffd6fbdcd87 BaseThreadInitThunk
[26] 7ffd70e0caec RtlUserThreadStart
[Error] Exception caught loading asset: /objects/WOODLAND/gico_wst_corpses/gico_wst_soldier_faceup/gico_wst_soldier_faceup.object, (AssetException) Could not read JSON asset /objects/WOODLAND/gico_wst_corpses/gico_wst_soldier_faceup/gico_wst_soldier_faceup.object
[0] 7ff6f6c2b2a3
[1] 7ff6f6c29fce
[2] 7ff6f6c2a0b8
[3] 7ff6f6c39e20
[4] 7ff6f7359d81
[5] 7ffd4930bb00 _CxxFrameHandler3
[6] 7ffd492f33c7 is_exception_typeof
[7] 7ffd70e841b6 RtlCaptureContext2
[8] 7ff6f6c3c712
[9] 7ff6f6c39b3b
[10] 7ff6f6c454dd
[11] 7ff6f6c44633
[12] 7ff6f6c40bbf
[13] 7ff6f6c4af6b
[14] 7ff6f6c271f7
[15] 7ff6f6c2772e
[16] 7ffd6fbdcd87 BaseThreadInitThunk
[17] 7ffd70e0caec RtlUserThreadStart
Caused by: (JsonParsingException) Cannot parse json file: /objects/WOODLAND/gico_wst_corpses/gico_wst_soldier_faceup/gico_wst_soldier_faceup.object
[0] 7ff6f6c2b2a3
[1] 7ff6f6c29fce
[2] 7ff6f6c2a0b8
[3] 7ff6f6c3a980
[4] 7ff6f735b16b
[5] 7ffd4930bb00 _CxxFrameHandler3
[6] 7ffd492f33c7 is_exception_typeof
[7] 7ffd70e841b6 RtlCaptureContext2
[8] 7ff6f6c47b17
[9] 7ff6f6c3c712
[10] 7ff6f6c39b3b
[11] 7ff6f6c454dd
[12] 7ff6f6c44633
[13] 7ff6f6c40bbf
[14] 7ff6f6c4af6b
[15] 7ff6f6c271f7
[16] 7ff6f6c2772e
[17] 7ffd6fbdcd87 BaseThreadInitThunk
[18] 7ffd70e0caec RtlUserThreadStart
Caused by: (JsonException) Improper conversion to JsonArray from object
[0] 7ff6f6c2b2a3
[1] 7ff6f6c29fce
[2] 7ff6f6bc4f4a
[3] 7ff6f6bd2382
[4] 7ff6f6c47b17
[5] 7ff6f6c3c712
[6] 7ff6f6c39b3b
[7] 7ff6f6c454dd
[8] 7ff6f6c44633
[9] 7ff6f6c40bbf
[10] 7ff6f6c4af6b
[11] 7ff6f6c271f7
[12] 7ff6f6c2772e
[13] 7ffd6fbdcd87 BaseThreadInitThunk
[14] 7ffd70e0caec RtlUserThreadStart
[Error] Error loading object file /objects/WOODLAND/gico_wst_corpses/gico_wst_soldier_faceup/gico_wst_soldier_faceup.object: (AssetException) Error loading asset /objects/WOODLAND/gico_wst_corpses/gico_wst_soldier_faceup/gico_wst_soldier_faceup.object
[0] 7ff6f6c2b2a3
[1] 7ff6f6c29fce
[2] 7ff6f6c366ca
[3] 7ff6f6c427c2
[4] 7ff6f6c442b9
[5] 7ff6f6eac254
[6] 7ff6f6f95105
[7] 7ff6f6f99749
[8] 7ff6f6f8bacf
[9] 7ff6f6f8f536
[10] 7ff6f6f8ce99
[11] 7ff6f6f9baa6
[12] 7ff6f6f9a197
[13] 7ff6f6f91e13
[14] 7ff6f6f8fd59
[15] 7ff6f6fa0f32
[16] 7ff6f6f8bd40
[17] 7ff6f6f8f1a9
[18] 7ff6f6f8caac
[19] 7ff6f6f8bdce
[20] 7ff6f6f8b52e
[21] 7ff6f6f9b512
[22] 7ff6f6c2126b
[23] 7ff6f6c22092
[24] 7ff6f6c2772e
[25] 7ffd6fbdcd87 BaseThreadInitThunk
[26] 7ffd70e0caec RtlUserThreadStart
[Error] Exception caught loading asset: /objects/angel/angelstatue4/angelstatue4.object, (AssetException) Could not read JSON asset /objects/angel/angelstatue4/angelstatue4.object
[0] 7ff6f6c2b2a3
[1] 7ff6f6c29fce
[2] 7ff6f6c2a0b8
[3] 7ff6f6c39e20
[4] 7ff6f7359d81
[5] 7ffd4930bb00 _CxxFrameHandler3
[6] 7ffd492f33c7 is_exception_typeof
[7] 7ffd70e841b6 RtlCaptureContext2
[8] 7ff6f6c3c712
[9] 7ff6f6c39b3b
[10] 7ff6f6c454dd
[11] 7ff6f6c44633
[12] 7ff6f6c40bbf
[13] 7ff6f6c4af6b
[14] 7ff6f6c271f7
[15] 7ff6f6c2772e
[16] 7ffd6fbdcd87 BaseThreadInitThunk
[17] 7ffd70e0caec RtlUserThreadStart
Caused by: (JsonParsingException) Cannot parse json file: /objects/angel/angelstatue4/angelstatue4.object
[0] 7ff6f6c2b2a3
[1] 7ff6f6c29fce
[2] 7ff6f6c2a0b8
[3] 7ff6f6c3a980
[4] 7ff6f735b16b
[5] 7ffd4930bb00 _CxxFrameHandler3
[6] 7ffd492f33c7 is_exception_typeof
[7] 7ffd70e841b6 RtlCaptureContext2
[8] 7ff6f6c47b17
[9] 7ff6f6c3c712
[10] 7ff6f6c39b3b
[11] 7ff6f6c454dd
[12] 7ff6f6c44633
[13] 7ff6f6c40bbf
[14] 7ff6f6c4af6b
[15] 7ff6f6c271f7
[16] 7ff6f6c2772e
[17] 7ffd6fbdcd87 BaseThreadInitThunk
[18] 7ffd70e0caec RtlUserThreadStart
Caused by: (JsonException) Improper conversion to JsonArray from object
[0] 7ff6f6c2b2a3
[1] 7ff6f6c29fce
[2] 7ff6f6bc4f4a
[3] 7ff6f6bd2382
[4] 7ff6f6c47b17
[5] 7ff6f6c3c712
[6] 7ff6f6c39b3b
[7] 7ff6f6c454dd
[8] 7ff6f6c44633
[9] 7ff6f6c40bbf
[10] 7ff6f6c4af6b
[11] 7ff6f6c271f7
[12] 7ff6f6c2772e
[13] 7ffd6fbdcd87 BaseThreadInitThunk
[14] 7ffd70e0caec RtlUserThreadStart
[Error] Exception caught loading asset: /objects/ship/kitsunetechstation/kitsunetechstation_red.object, (AssetException) Could not read JSON asset /objects/ship/kitsunetechstation/kitsunetechstation_red.object
[0] 7ff6f6c2b2a3
[1] 7ff6f6c29fce
[2] 7ff6f6c2a0b8
[3] 7ff6f6c39e20
[4] 7ff6f7359d81
[5] 7ffd4930bb00 _CxxFrameHandler3
[6] 7ffd492f33c7 is_exception_typeof
[7] 7ffd70e841b6 RtlCaptureContext2
[8] 7ff6f6c3c712
[9] 7ff6f6c39b3b
[10] 7ff6f6c454dd
[11] 7ff6f6c44633
[12] 7ff6f6c40bbf
[13] 7ff6f6c4af6b
[14] 7ff6f6c271f7
[15] 7ff6f6c2772e
[16] 7ffd6fbdcd87 BaseThreadInitThunk
[17] 7ffd70e0caec RtlUserThreadStart
Caused by: (JsonParsingException) Cannot parse json file: /objects/ship/kitsunetechstation/kitsunetechstation_red.object
[0] 7ff6f6c2b2a3
[1] 7ff6f6c29fce
[2] 7ff6f6c2a0b8
[3] 7ff6f6c3a980
[4] 7ff6f735b16b
[5] 7ffd4930bb00 _CxxFrameHandler3
[6] 7ffd492f33c7 is_exception_typeof
[7] 7ffd70e841b6 RtlCaptureContext2
[8] 7ff6f6c47b17
[9] 7ff6f6c3c712
[10] 7ff6f6c39b3b
[11] 7ff6f6c454dd
[12] 7ff6f6c44633
[13] 7ff6f6c40bbf
[14] 7ff6f6c4af6b
[15] 7ff6f6c271f7
[16] 7ff6f6c2772e
[17] 7ffd6fbdcd87 BaseThreadInitThunk
[18] 7ffd70e0caec RtlUserThreadStart
Caused by: (JsonException) Improper conversion to JsonArray from object
[0] 7ff6f6c2b2a3
[1] 7ff6f6c29fce
[2] 7ff6f6bc4f4a
[3] 7ff6f6bd2382
[4] 7ff6f6c47b17
[5] 7ff6f6c3c712
[6] 7ff6f6c39b3b
[7] 7ff6f6c454dd
[8] 7ff6f6c44633
[9] 7ff6f6c40bbf
[10] 7ff6f6c4af6b
[11] 7ff6f6c271f7
[12] 7ff6f6c2772e
[13] 7ffd6fbdcd87 BaseThreadInitThunk
[14] 7ffd70e0caec RtlUserThreadStart
[Error] Error loading object file /objects/ship/kitsunetechstation/kitsunetechstation_red.object: (AssetException) Error loading asset /objects/ship/kitsunetechstation/kitsunetechstation_red.object
[0] 7ff6f6c2b2a3
[1] 7ff6f6c29fce
[2] 7ff6f6c366ca
[3] 7ff6f6c427c2
[4] 7ff6f6c442b9
[5] 7ff6f6eac254
[6] 7ff6f6f95105
[7] 7ff6f6f99749
[8] 7ff6f6f8bacf
[9] 7ff6f6f8f536
[10] 7ff6f6f8ce99
[11] 7ff6f6f9baa6
[12] 7ff6f6f9a197
[13] 7ff6f6f91e13
[14] 7ff6f6f8fd59
[15] 7ff6f6fa0f32
[16] 7ff6f6f8bd40
[17] 7ff6f6f8f1a9
[18] 7ff6f6f8caac
[19] 7ff6f6f8bdce
[20] 7ff6f6f8b52e
[21] 7ff6f6f9b512
[22] 7ff6f6c2126b
[23] 7ff6f6c22092
[24] 7ff6f6c2772e
[25] 7ffd6fbdcd87 BaseThreadInitThunk
[26] 7ffd70e0caec RtlUserThreadStart
[Error] Error loading object file /objects/angel/angelstatue4/angelstatue4.object: (AssetException) Error loading asset /objects/angel/angelstatue4/angelstatue4.object
[0] 7ff6f6c2b2a3
[1] 7ff6f6c29fce
[2] 7ff6f6c366ca
[3] 7ff6f6c427c2
[4] 7ff6f6c442b9
[5] 7ff6f6eac254
[6] 7ff6f6f95105
[7] 7ff6f6f99749
[8] 7ff6f6f8bacf
[9] 7ff6f6f8f536
[10] 7ff6f6f8ce99
[11] 7ff6f6f9baa6
[12] 7ff6f6f9a197
[13] 7ff6f6f91e13
[14] 7ff6f6f8fd59
[15] 7ff6f6fa0f32
[16] 7ff6f6f8bd40
[17] 7ff6f6f8f1a9
[18] 7ff6f6f8caac
[19] 7ff6f6f8bdce
[20] 7ff6f6f8b52e
[21] 7ff6f6f9b512
[22] 7ff6f6c2126b
[23] 7ff6f6c22092
[24] 7ff6f6c2772e
[25] 7ffd6fbdcd87 BaseThreadInitThunk
[26] 7ffd70e0caec RtlUserThreadStart
[Error] Exception caught loading asset: /objects/decorations/sgbody2snow/sgbody1.object, (AssetException) Could not read JSON asset /objects/decorations/sgbody2snow/sgbody1.object
[0] 7ff6f6c2b2a3
[1] 7ff6f6c29fce
[2] 7ff6f6c2a0b8
[3] 7ff6f6c39e20
[4] 7ff6f7359d81
[5] 7ffd4930bb00 _CxxFrameHandler3
[6] 7ffd492f33c7 is_exception_typeof
[7] 7ffd70e841b6 RtlCaptureContext2
[8] 7ff6f6c3c712
[9] 7ff6f6c39b3b
[10] 7ff6f6c454dd
[11] 7ff6f6c44633
[12] 7ff6f6c40bbf
[13] 7ff6f6c4af6b
[14] 7ff6f6c271f7
[15] 7ff6f6c2772e
[16] 7ffd6fbdcd87 BaseThreadInitThunk
[17] 7ffd70e0caec RtlUserThreadStart
Caused by: (JsonParsingException) Cannot parse json file: /objects/decorations/sgbody2snow/sgbody1.object
[0] 7ff6f6c2b2a3
[1] 7ff6f6c29fce
[2] 7ff6f6c2a0b8
[3] 7ff6f6c3a980
[4] 7ff6f735b16b
[5] 7ffd4930bb00 _CxxFrameHandler3
[6] 7ffd492f33c7 is_exception_typeof
[7] 7ffd70e841b6 RtlCaptureContext2
[8] 7ff6f6c47b17
[9] 7ff6f6c3c712
[10] 7ff6f6c39b3b
[11] 7ff6f6c454dd
[12] 7ff6f6c44633
[13] 7ff6f6c40bbf
[14] 7ff6f6c4af6b
[15] 7ff6f6c271f7
[16] 7ff6f6c2772e
[17] 7ffd6fbdcd87 BaseThreadInitThunk
[18] 7ffd70e0caec RtlUserThreadStart
Caused by: (JsonException) Improper conversion to JsonArray from object
[0] 7ff6f6c2b2a3
[1] 7ff6f6c29fce
[2] 7ff6f6bc4f4a
[3] 7ff6f6bd2382
[4] 7ff6f6c47b17
[5] 7ff6f6c3c712
[6] 7ff6f6c39b3b
[7] 7ff6f6c454dd
[8] 7ff6f6c44633
[9] 7ff6f6c40bbf
[10] 7ff6f6c4af6b
[11] 7ff6f6c271f7
[12] 7ff6f6c2772e
[13] 7ffd6fbdcd87 BaseThreadInitThunk
[14] 7ffd70e0caec RtlUserThreadStart
[Error] Error loading object file /objects/decorations/sgbody2snow/sgbody1.object: (AssetException) Error loading asset /objects/decorations/sgbody2snow/sgbody1.object
[0] 7ff6f6c2b2a3
[1] 7ff6f6c29fce
[2] 7ff6f6c366ca
[3] 7ff6f6c427c2
[4] 7ff6f6c442b9
[5] 7ff6f6eac254
[6] 7ff6f6f95105
[7] 7ff6f6f99749
[8] 7ff6f6f8bacf
[9] 7ff6f6f8f536
[10] 7ff6f6f8ce99
[11] 7ff6f6f9baa6
[12] 7ff6f6f9a197
[13] 7ff6f6f91e13
[14] 7ff6f6f8fd59
[15] 7ff6f6fa0f32
[16] 7ff6f6f8bd40
[17] 7ff6f6f8f1a9
[18] 7ff6f6f8caac
[19] 7ff6f6f8bdce
[20] 7ff6f6f8b52e
[21] 7ff6f6f9b512
[22] 7ff6f6c2126b
[23] 7ff6f6c22092
[24] 7ff6f6c2772e
[25] 7ffd6fbdcd87 BaseThreadInitThunk
[26] 7ffd70e0caec RtlUserThreadStart
[Error] Exception caught loading asset: /items/AMMUNITION/STANAG_USM/esc_stanag_usm_30x29drummag_airburst.item, (AssetException) Could not read JSON asset /items/AMMUNITION/STANAG_USM/esc_stanag_usm_30x29drummag_airburst.item
[0] 7ff6f6c2b2a3
[1] 7ff6f6c29fce
[2] 7ff6f6c2a0b8
[3] 7ff6f6c39e20
[4] 7ff6f7359d81
[5] 7ffd4930bb00 _CxxFrameHandler3
[6] 7ffd492f33c7 is_exception_typeof
[7] 7ffd70e841b6 RtlCaptureContext2
[8] 7ff6f6c3c712
[9] 7ff6f6c39b3b
[10] 7ff6f6c454dd
[11] 7ff6f6c44633
[12] 7ff6f6c40bbf
[13] 7ff6f6c426fb
[14] 7ff6f6c442b9
[15] 7ff6f6da0204
[16] 7ff6f6da70ee
[17] 7ff6f6d9bbd5
[18] 7ff6f6f94de5
[19] 7ff6f6f99be9
[20] 7ff6f6f8bbef
[21] 7ff6f6f8f5f6
[22] 7ff6f6f8cda9
[23] 7ff6f6f9bbc6
[24] 7ff6f6f9a197
[25] 7ff6f6f91783
[26] 7ff6f6f8fbc9
[27] 7ff6f6fa0b12
[28] 7ff6f6f8bd40
[29] 7ff6f6f8f1a9
[30] 7ff6f6f8caac
[31] 7ff6f6f8bdce
[32] 7ff6f6f8b52e
[33] 7ff6f6f9b512
[34] 7ff6f6c2126b
[35] 7ff6f6c22092
[36] 7ff6f6c2772e
[37] 7ffd6fbdcd87 BaseThreadInitThunk
[38] 7ffd70e0caec RtlUserThreadStart
Caused by: (JsonParsingException) Cannot parse json file: /items/AMMUNITION/STANAG_USM/esc_stanag_usm_30x29drummag_airburst.item
[0] 7ff6f6c2b2a3
[1] 7ff6f6c29fce
[2] 7ff6f6c2a0b8
[3] 7ff6f6c3a980
[4] 7ff6f735b16b
[5] 7ffd4930bb00 _CxxFrameHandler3
[6] 7ffd492f33c7 is_exception_typeof
[7] 7ffd70e841b6 RtlCaptureContext2
[8] 7ff6f6c47b17
[9] 7ff6f6c3c712
[10] 7ff6f6c39b3b
[11] 7ff6f6c454dd
[12] 7ff6f6c44633
[13] 7ff6f6c40bbf
[14] 7ff6f6c426fb
[15] 7ff6f6c442b9
[16] 7ff6f6da0204
[17] 7ff6f6da70ee
[18] 7ff6f6d9bbd5
[19] 7ff6f6f94de5
[20] 7ff6f6f99be9
[21] 7ff6f6f8bbef
[22] 7ff6f6f8f5f6
[23] 7ff6f6f8cda9
[24] 7ff6f6f9bbc6
[25] 7ff6f6f9a197
[26] 7ff6f6f91783
[27] 7ff6f6f8fbc9
[28] 7ff6f6fa0b12
[29] 7ff6f6f8bd40
[30] 7ff6f6f8f1a9
[31] 7ff6f6f8caac
[32] 7ff6f6f8bdce
[33] 7ff6f6f8b52e
[34] 7ff6f6f9b512
[35] 7ff6f6c2126b
[36] 7ff6f6c22092
[37] 7ff6f6c2772e
[38] 7ffd6fbdcd87 BaseThreadInitThunk
[39] 7ffd70e0caec RtlUserThreadStart
Caused by: (JsonException) Improper conversion to JsonArray from object
[0] 7ff6f6c2b2a3
[1] 7ff6f6c29fce
[2] 7ff6f6bc4f4a
[3] 7ff6f6bd2382
[4] 7ff6f6c47b17
[5] 7ff6f6c3c712
[6] 7ff6f6c39b3b
[7] 7ff6f6c454dd
[8] 7ff6f6c44633
[9] 7ff6f6c40bbf
[10] 7ff6f6c426fb
[11] 7ff6f6c442b9
[12] 7ff6f6da0204
[13] 7ff6f6da70ee
[14] 7ff6f6d9bbd5
[15] 7ff6f6f94de5
[16] 7ff6f6f99be9
[17] 7ff6f6f8bbef
[18] 7ff6f6f8f5f6
[19] 7ff6f6f8cda9
[20] 7ff6f6f9bbc6
[21] 7ff6f6f9a197
[22] 7ff6f6f91783
[23] 7ff6f6f8fbc9
[24] 7ff6f6fa0b12
[25] 7ff6f6f8bd40
[26] 7ff6f6f8f1a9
[27] 7ff6f6f8caac
[28] 7ff6f6f8bdce
[29] 7ff6f6f8b52e
[30] 7ff6f6f9b512
[31] 7ff6f6c2126b
[32] 7ff6f6c22092
[33] 7ff6f6c2772e
[34] 7ffd6fbdcd87 BaseThreadInitThunk
[35] 7ffd70e0caec RtlUserThreadStart
[Error] Could not apply patch from file /objects/sheilaworkshop/black_furniture/black_fullthrottlepussplumdrinkobject/black_fullthrottlepussplumdrinkobject.object.patch in source: ..\mods\female_translation.pak.  Caused by: (JsonPatchException) Could not apply patch to base. (JsonPatchException) Could not apply operation to base. (JsonException) Cannot call get with key on Json type array, must be Object type
[Error] Exception caught loading asset: /objects/atprk_relicseeker/atprk_relicexchange/atprk_relicexchange_penguin/atprk_relicexchange_penguin.object, (AssetException) Could not read JSON asset /objects/atprk_relicseeker/atprk_relicexchange/atprk_relicexchange_penguin/atprk_relicexchange_penguin.object
[0] 7ff6f6c2b2a3
[1] 7ff6f6c29fce
[2] 7ff6f6c2a0b8
[3] 7ff6f6c39e20
[4] 7ff6f7359d81
[5] 7ffd4930bb00 _CxxFrameHandler3
[6] 7ffd492f33c7 is_exception_typeof
[7] 7ffd70e841b6 RtlCaptureContext2
[8] 7ff6f6c3c712
[9] 7ff6f6c39b3b
[10] 7ff6f6c454dd
[11] 7ff6f6c44633
[12] 7ff6f6c40bbf
[13] 7ff6f6c4af6b
[14] 7ff6f6c271f7
[15] 7ff6f6c2772e
[16] 7ffd6fbdcd87 BaseThreadInitThunk
[17] 7ffd70e0caec RtlUserThreadStart
Caused by: (JsonParsingException) Cannot parse json file: /objects/atprk_relicseeker/atprk_relicexchange/atprk_relicexchange_penguin/atprk_relicexchange_penguin.object
[0] 7ff6f6c2b2a3
[1] 7ff6f6c29fce
[2] 7ff6f6c2a0b8
[3] 7ff6f6c3a980
[4] 7ff6f735b16b
[5] 7ffd4930bb00 _CxxFrameHandler3
[6] 7ffd492f33c7 is_exception_typeof
[7] 7ffd70e841b6 RtlCaptureContext2
[8] 7ff6f6c47b17
[9] 7ff6f6c3c712
[10] 7ff6f6c39b3b
[11] 7ff6f6c454dd
[12] 7ff6f6c44633
[13] 7ff6f6c40bbf
[14] 7ff6f6c4af6b
[15] 7ff6f6c271f7
[16] 7ff6f6c2772e
[17] 7ffd6fbdcd87 BaseThreadInitThunk
[18] 7ffd70e0caec RtlUserThreadStart
Caused by: (JsonException) Improper conversion to JsonArray from object
[0] 7ff6f6c2b2a3
[1] 7ff6f6c29fce
[2] 7ff6f6bc4f4a
[3] 7ff6f6bd2382
[4] 7ff6f6c47b17
[5] 7ff6f6c3c712
[6] 7ff6f6c39b3b
[7] 7ff6f6c454dd
[8] 7ff6f6c44633
[9] 7ff6f6c40bbf
[10] 7ff6f6c4af6b
[11] 7ff6f6c271f7
[12] 7ff6f6c2772e
[13] 7ffd6fbdcd87 BaseThreadInitThunk
[14] 7ffd70e0caec RtlUserThreadStart
[Error] Error loading object file /objects/atprk_relicseeker/atprk_relicexchange/atprk_relicexchange_penguin/atprk_relicexchange_penguin.object: (AssetException) Error loading asset /objects/atprk_relicseeker/atprk_relicexchange/atprk_relicexchange_penguin/atprk_relicexchange_penguin.object
[0] 7ff6f6c2b2a3
[1] 7ff6f6c29fce
[2] 7ff6f6c366ca
[3] 7ff6f6c427c2
[4] 7ff6f6c442b9
[5] 7ff6f6eac254
[6] 7ff6f6f95105
[7] 7ff6f6f99749
[8] 7ff6f6f8bacf
[9] 7ff6f6f8f536
[10] 7ff6f6f8ce99
[11] 7ff6f6f9baa6
[12] 7ff6f6f9a197
[13] 7ff6f6f91e13
[14] 7ff6f6f8fd59
[15] 7ff6f6fa0f32
[16] 7ff6f6f8bd40
[17] 7ff6f6f8f1a9
[18] 7ff6f6f8caac
[19] 7ff6f6f8bdce
[20] 7ff6f6f8b52e
[21] 7ff6f6f9b512
[22] 7ff6f6c2126b
[23] 7ff6f6c22092
[24] 7ff6f6c2772e
[25] 7ffd6fbdcd87 BaseThreadInitThunk
[26] 7ffd70e0caec RtlUserThreadStart
[Error] Exception caught loading asset: /objects/arcana/farmables/fluxrootSeed/arcana_farmable_fluxrootSeed_wild.object, (AssetException) Could not read JSON asset /objects/arcana/farmables/fluxrootSeed/arcana_farmable_fluxrootSeed_wild.object
[0] 7ff6f6c2b2a3
[1] 7ff6f6c29fce
[2] 7ff6f6c2a0b8
[3] 7ff6f6c39e20
[4] 7ff6f7359d81
[5] 7ffd4930bb00 _CxxFrameHandler3
[6] 7ffd492f33c7 is_exception_typeof
[7] 7ffd70e841b6 RtlCaptureContext2
[8] 7ff6f6c3c712
[9] 7ff6f6c39b3b
[10] 7ff6f6c454dd
[11] 7ff6f6c44633
[12] 7ff6f6c40bbf
[13] 7ff6f6c4af6b
[14] 7ff6f6c271f7
[15] 7ff6f6c2772e
[16] 7ffd6fbdcd87 BaseThreadInitThunk
[17] 7ffd70e0caec RtlUserThreadStart
Caused by: (JsonParsingException) Cannot parse json file: /objects/arcana/farmables/fluxrootSeed/arcana_farmable_fluxrootSeed_wild.object
[0] 7ff6f6c2b2a3
[1] 7ff6f6c29fce
[2] 7ff6f6c2a0b8
[3] 7ff6f6c3a980
[4] 7ff6f735b16b
[5] 7ffd4930bb00 _CxxFrameHandler3
[6] 7ffd492f33c7 is_exception_typeof
[7] 7ffd70e841b6 RtlCaptureContext2
[8] 7ff6f6c47b17
[9] 7ff6f6c3c712
[10] 7ff6f6c39b3b
[11] 7ff6f6c454dd
[12] 7ff6f6c44633
[13] 7ff6f6c40bbf
[14] 7ff6f6c4af6b
[15] 7ff6f6c271f7
[16] 7ff6f6c2772e
[17] 7ffd6fbdcd87 BaseThreadInitThunk
[18] 7ffd70e0caec RtlUserThreadStart
Caused by: (JsonException) Improper conversion to JsonArray from object
[0] 7ff6f6c2b2a3
[1] 7ff6f6c29fce
[2] 7ff6f6bc4f4a
[3] 7ff6f6bd2382
[4] 7ff6f6c47b17
[5] 7ff6f6c3c712
[6] 7ff6f6c39b3b
[7] 7ff6f6c454dd
[8] 7ff6f6c44633
[9] 7ff6f6c40bbf
[10] 7ff6f6c4af6b
[11] 7ff6f6c271f7
[12] 7ff6f6c2772e
[13] 7ffd6fbdcd87 BaseThreadInitThunk
[14] 7ffd70e0caec RtlUserThreadStart
[Error] Error loading object file /objects/arcana/farmables/fluxrootSeed/arcana_farmable_fluxrootSeed_wild.object: (AssetException) Error loading asset /objects/arcana/farmables/fluxrootSeed/arcana_farmable_fluxrootSeed_wild.object
[0] 7ff6f6c2b2a3
[1] 7ff6f6c29fce
[2] 7ff6f6c366ca
[3] 7ff6f6c427c2
[4] 7ff6f6c442b9
[5] 7ff6f6eac254
[6] 7ff6f6f95105
[7] 7ff6f6f99749
[8] 7ff6f6f8bacf
[9] 7ff6f6f8f536
[10] 7ff6f6f8ce99
[11] 7ff6f6f9baa6
[12] 7ff6f6f9a197
[13] 7ff6f6f91e13
[14] 7ff6f6f8fd59
[15] 7ff6f6fa0f32
[16] 7ff6f6f8bd40
[17] 7ff6f6f8f1a9
[18] 7ff6f6f8caac
[19] 7ff6f6f8bdce
[20] 7ff6f6f8b52e
[21] 7ff6f6f9b512
[22] 7ff6f6c2126b
[23] 7ff6f6c22092
[24] 7ff6f6c2772e
[25] 7ffd6fbdcd87 BaseThreadInitThunk
[26] 7ffd70e0caec RtlUserThreadStart
[Error] Exception caught loading asset: /objects/crafting/mkioworkshopcrafting/mkioworkshopcraftingmini.object, (AssetException) Could not read JSON asset /objects/crafting/mkioworkshopcrafting/mkioworkshopcraftingmini.object
[0] 7ff6f6c2b2a3
[1] 7ff6f6c29fce
[2] 7ff6f6c2a0b8
[3] 7ff6f6c39e20
[4] 7ff6f7359d81
[5] 7ffd4930bb00 _CxxFrameHandler3
[6] 7ffd492f33c7 is_exception_typeof
[7] 7ffd70e841b6 RtlCaptureContext2
[8] 7ff6f6c3c712
[9] 7ff6f6c39b3b
[10] 7ff6f6c454dd
[11] 7ff6f6c44633
[12] 7ff6f6c40bbf
[13] 7ff6f6c4af6b
[14] 7ff6f6c271f7
[15] 7ff6f6c2772e
[16] 7ffd6fbdcd87 BaseThreadInitThunk
[17] 7ffd70e0caec RtlUserThreadStart
Caused by: (JsonParsingException) Cannot parse json file: /objects/crafting/mkioworkshopcrafting/mkioworkshopcraftingmini.object
[0] 7ff6f6c2b2a3
[1] 7ff6f6c29fce
[2] 7ff6f6c2a0b8
[3] 7ff6f6c3a980
[4] 7ff6f735b16b
[5] 7ffd4930bb00 _CxxFrameHandler3
[6] 7ffd492f33c7 is_exception_typeof
[7] 7ffd70e841b6 RtlCaptureContext2
[8] 7ff6f6c47b17
[9] 7ff6f6c3c712
[10] 7ff6f6c39b3b
[11] 7ff6f6c454dd
[12] 7ff6f6c44633
[13] 7ff6f6c40bbf
[14] 7ff6f6c4af6b
[15] 7ff6f6c271f7
[16] 7ff6f6c2772e
[17] 7ffd6fbdcd87 BaseThreadInitThunk
[18] 7ffd70e0caec RtlUserThreadStart
Caused by: (JsonException) Improper conversion to JsonArray from object
[0] 7ff6f6c2b2a3
[1] 7ff6f6c29fce
[2] 7ff6f6bc4f4a
[3] 7ff6f6bd2382
[4] 7ff6f6c47b17
[5] 7ff6f6c3c712
[6] 7ff6f6c39b3b
[7] 7ff6f6c454dd
[8] 7ff6f6c44633
[9] 7ff6f6c40bbf
[10] 7ff6f6c4af6b
[11] 7ff6f6c271f7
[12] 7ff6f6c2772e
[13] 7ffd6fbdcd87 BaseThreadInitThunk
[14] 7ffd70e0caec RtlUserThreadStart
[Error] Error loading object file /objects/crafting/mkioworkshopcrafting/mkioworkshopcraftingmini.object: (AssetException) Error loading asset /objects/crafting/mkioworkshopcrafting/mkioworkshopcraftingmini.object
[0] 7ff6f6c2b2a3
[1] 7ff6f6c29fce
[2] 7ff6f6c366ca
[3] 7ff6f6c427c2
[4] 7ff6f6c442b9
[5] 7ff6f6eac254
[6] 7ff6f6f95105
[7] 7ff6f6f99749
[8] 7ff6f6f8bacf
[9] 7ff6f6f8f536
[10] 7ff6f6f8ce99
[11] 7ff6f6f9baa6
[12] 7ff6f6f9a197
[13] 7ff6f6f91e13
[14] 7ff6f6f8fd59
[15] 7ff6f6fa0f32
[16] 7ff6f6f8bd40
[17] 7ff6f6f8f1a9
[18] 7ff6f6f8caac
[19] 7ff6f6f8bdce
[20] 7ff6f6f8b52e
[21] 7ff6f6f9b512
[22] 7ff6f6c2126b
[23] 7ff6f6c22092
[24] 7ff6f6c2772e
[25] 7ffd6fbdcd87 BaseThreadInitThunk
[26] 7ffd70e0caec RtlUserThreadStart
[Error] Could not apply patch from file /objects/sheilaworkshop/black_radios/black_photograph/black_photograph.object.patch in source: ..\mods\female_translation.pak.  Caused by: (JsonPatchException) Could not apply patch to base. (JsonPatchException) Could not apply operation to base. (JsonException) Cannot call get with key on Json type array, must be Object type
[Error] Exception caught loading asset: /objects/om_starryplanet/om_starrybookcase1/om_starrybookcase1.object, (AssetException) Could not read JSON asset /objects/om_starryplanet/om_starrybookcase1/om_starrybookcase1.object
[0] 7ff6f6c2b2a3
[1] 7ff6f6c29fce
[2] 7ff6f6c2a0b8
[3] 7ff6f6c39e20
[4] 7ff6f7359d81
[5] 7ffd4930bb00 _CxxFrameHandler3
[6] 7ffd492f33c7 is_exception_typeof
[7] 7ffd70e841b6 RtlCaptureContext2
[8] 7ff6f6c3c712
[9] 7ff6f6c39b3b
[10] 7ff6f6c454dd
[11] 7ff6f6c44633
[12] 7ff6f6c40bbf
[13] 7ff6f6c4af6b
[14] 7ff6f6c271f7
[15] 7ff6f6c2772e
[16] 7ffd6fbdcd87 BaseThreadInitThunk
[17] 7ffd70e0caec RtlUserThreadStart
Caused by: (JsonParsingException) Cannot parse json file: /objects/om_starryplanet/om_starrybookcase1/om_starrybookcase1.object
[0] 7ff6f6c2b2a3
[1] 7ff6f6c29fce
[2] 7ff6f6c2a0b8
[3] 7ff6f6c3a980
[4] 7ff6f735b16b
[5] 7ffd4930bb00 _CxxFrameHandler3
[6] 7ffd492f33c7 is_exception_typeof
[7] 7ffd70e841b6 RtlCaptureContext2
[8] 7ff6f6c47b17
[9] 7ff6f6c3c712
[10] 7ff6f6c39b3b
[11] 7ff6f6c454dd
[12] 7ff6f6c44633
[13] 7ff6f6c40bbf
[14] 7ff6f6c4af6b
[15] 7ff6f6c271f7
[16] 7ff6f6c2772e
[17] 7ffd6fbdcd87 BaseThreadInitThunk
[18] 7ffd70e0caec RtlUserThreadStart
Caused by: (JsonException) Improper conversion to JsonArray from object
[0] 7ff6f6c2b2a3
[1] 7ff6f6c29fce
[2] 7ff6f6bc4f4a
[3] 7ff6f6bd2382
[4] 7ff6f6c47b17
[5] 7ff6f6c3c712
[6] 7ff6f6c39b3b
[7] 7ff6f6c454dd
[8] 7ff6f6c44633
[9] 7ff6f6c40bbf
[10] 7ff6f6c4af6b
[11] 7ff6f6c271f7
[12] 7ff6f6c2772e
[13] 7ffd6fbdcd87 BaseThreadInitThunk
[14] 7ffd70e0caec RtlUserThreadStart
[Error] Error loading object file /objects/om_starryplanet/om_starrybookcase1/om_starrybookcase1.object: (AssetException) Error loading asset /objects/om_starryplanet/om_starrybookcase1/om_starrybookcase1.object
[0] 7ff6f6c2b2a3
[1] 7ff6f6c29fce
[2] 7ff6f6c366ca
[3] 7ff6f6c427c2
[4] 7ff6f6c442b9
[5] 7ff6f6eac254
[6] 7ff6f6f95105
[7] 7ff6f6f99749
[8] 7ff6f6f8bacf
[9] 7ff6f6f8f536
[10] 7ff6f6f8ce99
[11] 7ff6f6f9baa6
[12] 7ff6f6f9a197
[13] 7ff6f6f91e13
[14] 7ff6f6f8fd59
[15] 7ff6f6fa0f32
[16] 7ff6f6f8bd40
[17] 7ff6f6f8f1a9
[18] 7ff6f6f8caac
[19] 7ff6f6f8bdce
[20] 7ff6f6f8b52e
[21] 7ff6f6f9b512
[22] 7ff6f6c2126b
[23] 7ff6f6c22092
[24] 7ff6f6c2772e
[25] 7ffd6fbdcd87 BaseThreadInitThunk
[26] 7ffd70e0caec RtlUserThreadStart
[Error] Exception caught loading asset: /objects/nmm_starbound/forums/chucklefishneonsign/oldchucklefishinferno.object, (AssetException) Could not read JSON asset /objects/nmm_starbound/forums/chucklefishneonsign/oldchucklefishinferno.object
[0] 7ff6f6c2b2a3
[1] 7ff6f6c29fce
[2] 7ff6f6c2a0b8
[3] 7ff6f6c39e20
[4] 7ff6f7359d81
[5] 7ffd4930bb00 _CxxFrameHandler3
[6] 7ffd492f33c7 is_exception_typeof
[7] 7ffd70e841b6 RtlCaptureContext2
[8] 7ff6f6c3c712
[9] 7ff6f6c39b3b
[10] 7ff6f6c454dd
[11] 7ff6f6c44633
[12] 7ff6f6c40bbf
[13] 7ff6f6c4af6b
[14] 7ff6f6c271f7
[15] 7ff6f6c2772e
[16] 7ffd6fbdcd87 BaseThreadInitThunk
[17] 7ffd70e0caec RtlUserThreadStart
Caused by: (JsonParsingException) Cannot parse json file: /objects/nmm_starbound/forums/chucklefishneonsign/oldchucklefishinferno.object
[0] 7ff6f6c2b2a3
[1] 7ff6f6c29fce
[2] 7ff6f6c2a0b8
[3] 7ff6f6c3a980
[4] 7ff6f735b16b
[5] 7ffd4930bb00 _CxxFrameHandler3
[6] 7ffd492f33c7 is_exception_typeof
[7] 7ffd70e841b6 RtlCaptureContext2
[8] 7ff6f6c47b17
[9] 7ff6f6c3c712
[10] 7ff6f6c39b3b
[11] 7ff6f6c454dd
[12] 7ff6f6c44633
[13] 7ff6f6c40bbf
[14] 7ff6f6c4af6b
[15] 7ff6f6c271f7
[16] 7ff6f6c2772e
[17] 7ffd6fbdcd87 BaseThreadInitThunk
[18] 7ffd70e0caec RtlUserThreadStart
Caused by: (JsonException) Improper conversion to JsonArray from object
[0] 7ff6f6c2b2a3
[1] 7ff6f6c29fce
[2] 7ff6f6bc4f4a
[3] 7ff6f6bd2382
[4] 7ff6f6c47b17
[5] 7ff6f6c3c712
[6] 7ff6f6c39b3b
[7] 7ff6f6c454dd
[8] 7ff6f6c44633
[9] 7ff6f6c40bbf
[10] 7ff6f6c4af6b
[11] 7ff6f6c271f7
[12] 7ff6f6c2772e
[13] 7ffd6fbdcd87 BaseThreadInitThunk
[14] 7ffd70e0caec RtlUserThreadStart
[Error] Error loading object file /objects/nmm_starbound/forums/chucklefishneonsign/oldchucklefishinferno.object: (AssetException) Error loading asset /objects/nmm_starbound/forums/chucklefishneonsign/oldchucklefishinferno.object
[0] 7ff6f6c2b2a3
[1] 7ff6f6c29fce
[2] 7ff6f6c366ca
[3] 7ff6f6c427c2
[4] 7ff6f6c442b9
[5] 7ff6f6eac254
[6] 7ff6f6f95105
[7] 7ff6f6f99749
[8] 7ff6f6f8bacf
[9] 7ff6f6f8f536
[10] 7ff6f6f8ce99
[11] 7ff6f6f9baa6
[12] 7ff6f6f9a197
[13] 7ff6f6f91e13
[14] 7ff6f6f8fd59
[15] 7ff6f6fa0f32
[16] 7ff6f6f8bd40
[17] 7ff6f6f8f1a9
[18] 7ff6f6f8caac
[19] 7ff6f6f8bdce
[20] 7ff6f6f8b52e
[21] 7ff6f6f9b512
[22] 7ff6f6c2126b
[23] 7ff6f6c22092
[24] 7ff6f6c2772e
[25] 7ffd6fbdcd87 BaseThreadInitThunk
[26] 7ffd70e0caec RtlUserThreadStart
[Info] Root: Loaded ParticleDatabase in 0.333359 seconds
[Info] Root: Loaded ImageMetadataDatabase in 1.59998e-06 seconds
[Error] Exception caught loading asset: /objects/arcana/npcs/mwhaddon_dungeon_misc/mwhaddon_dungeon_misc_npc_deel/nightmare/mwhaddon_dungeon_misc_npc_deelNM_moltenKnight.object, (AssetException) Could not read JSON asset /objects/arcana/npcs/mwhaddon_dungeon_misc/mwhaddon_dungeon_misc_npc_deel/nightmare/mwhaddon_dungeon_misc_npc_deelNM_moltenKnight.object
[0] 7ff6f6c2b2a3
[1] 7ff6f6c29fce
[2] 7ff6f6c2a0b8
[3] 7ff6f6c39e20
[4] 7ff6f7359d81
[5] 7ffd4930bb00 _CxxFrameHandler3
[6] 7ffd492f33c7 is_exception_typeof
[7] 7ffd70e841b6 RtlCaptureContext2
[8] 7ff6f6c3c712
[9] 7ff6f6c39b3b
[10] 7ff6f6c454dd
[11] 7ff6f6c44633
[12] 7ff6f6c40bbf
[13] 7ff6f6c4af6b
[14] 7ff6f6c271f7
[15] 7ff6f6c2772e
[16] 7ffd6fbdcd87 BaseThreadInitThunk
[17] 7ffd70e0caec RtlUserThreadStart
Caused by: (JsonParsingException) Cannot parse json file: /objects/arcana/npcs/mwhaddon_dungeon_misc/mwhaddon_dungeon_misc_npc_deel/nightmare/mwhaddon_dungeon_misc_npc_deelNM_moltenKnight.object
[0] 7ff6f6c2b2a3
[1] 7ff6f6c29fce
[2] 7ff6f6c2a0b8
[3] 7ff6f6c3a980
[4] 7ff6f735b16b
[5] 7ffd4930bb00 _CxxFrameHandler3
[6] 7ffd492f33c7 is_exception_typeof
[7] 7ffd70e841b6 RtlCaptureContext2
[8] 7ff6f6c47b17
[9] 7ff6f6c3c712
[10] 7ff6f6c39b3b
[11] 7ff6f6c454dd
[12] 7ff6f6c44633
[13] 7ff6f6c40bbf
[14] 7ff6f6c4af6b
[15] 7ff6f6c271f7
[16] 7ff6f6c2772e
[17] 7ffd6fbdcd87 BaseThreadInitThunk
[18] 7ffd70e0caec RtlUserThreadStart
Caused by: (JsonException) Improper conversion to JsonArray from object
[0] 7ff6f6c2b2a3
[1] 7ff6f6c29fce
[2] 7ff6f6bc4f4a
[3] 7ff6f6bd2382
[4] 7ff6f6c47b17
[5] 7ff6f6c3c712
[6] 7ff6f6c39b3b
[7] 7ff6f6c454dd
[8] 7ff6f6c44633
[9] 7ff6f6c40bbf
[10] 7ff6f6c4af6b
[11] 7ff6f6c271f7
[12] 7ff6f6c2772e
[13] 7ffd6fbdcd87 BaseThreadInitThunk
[14] 7ffd70e0caec RtlUserThreadStart
[Error] Error loading object file /objects/arcana/npcs/mwhaddon_dungeon_misc/mwhaddon_dungeon_misc_npc_deel/nightmare/mwhaddon_dungeon_misc_npc_deelNM_moltenKnight.object: (AssetException) Error loading asset /objects/arcana/npcs/mwhaddon_dungeon_misc/mwhaddon_dungeon_misc_npc_deel/nightmare/mwhaddon_dungeon_misc_npc_deelNM_moltenKnight.object
[0] 7ff6f6c2b2a3
[1] 7ff6f6c29fce
[2] 7ff6f6c366ca
[3] 7ff6f6c427c2
[4] 7ff6f6c442b9
[5] 7ff6f6eac254
[6] 7ff6f6f95105
[7] 7ff6f6f99749
[8] 7ff6f6f8bacf
[9] 7ff6f6f8f536
[10] 7ff6f6f8ce99
[11] 7ff6f6f9baa6
[12] 7ff6f6f9a197
[13] 7ff6f6f91e13
[14] 7ff6f6f8fd59
[15] 7ff6f6fa0f32
[16] 7ff6f6f8bd40
[17] 7ff6f6f8f1a9
[18] 7ff6f6f8caac
[19] 7ff6f6f8bdce
[20] 7ff6f6f8b52e
[21] 7ff6f6f9b512
[22] 7ff6f6c2126b
[23] 7ff6f6c22092
[24] 7ff6f6c2772e
[25] 7ffd6fbdcd87 BaseThreadInitThunk
[26] 7ffd70e0caec RtlUserThreadStart
[Error] Exception caught loading asset: /objects/CRAFTING/WORKBENCH/LEGACY/gic_ammunition_workbench/gic_ammunition_workbench.object, (AssetException) Could not read JSON asset /objects/CRAFTING/WORKBENCH/LEGACY/gic_ammunition_workbench/gic_ammunition_workbench.object
[0] 7ff6f6c2b2a3
[1] 7ff6f6c29fce
[2] 7ff6f6c2a0b8
[3] 7ff6f6c39e20
[4] 7ff6f7359d81
[5] 7ffd4930bb00 _CxxFrameHandler3
[6] 7ffd492f33c7 is_exception_typeof
[7] 7ffd70e841b6 RtlCaptureContext2
[8] 7ff6f6c3c712
[9] 7ff6f6c39b3b
[10] 7ff6f6c454dd
[11] 7ff6f6c44633
[12] 7ff6f6c40bbf
[13] 7ff6f6c4af6b
[14] 7ff6f6c271f7
[15] 7ff6f6c2772e
[16] 7ffd6fbdcd87 BaseThreadInitThunk
[17] 7ffd70e0caec RtlUserThreadStart
Caused by: (JsonParsingException) Cannot parse json file: /objects/CRAFTING/WORKBENCH/LEGACY/gic_ammunition_workbench/gic_ammunition_workbench.object
[0] 7ff6f6c2b2a3
[1] 7ff6f6c29fce
[2] 7ff6f6c2a0b8
[3] 7ff6f6c3a980
[4] 7ff6f735b16b
[5] 7ffd4930bb00 _CxxFrameHandler3
[6] 7ffd492f33c7 is_exception_typeof
[7] 7ffd70e841b6 RtlCaptureContext2
[8] 7ff6f6c47b17
[9] 7ff6f6c3c712
[10] 7ff6f6c39b3b
[11] 7ff6f6c454dd
[12] 7ff6f6c44633
[13] 7ff6f6c40bbf
[14] 7ff6f6c4af6b
[15] 7ff6f6c271f7
[16] 7ff6f6c2772e
[17] 7ffd6fbdcd87 BaseThreadInitThunk
[18] 7ffd70e0caec RtlUserThreadStart
Caused by: (JsonException) Improper conversion to JsonArray from object
[0] 7ff6f6c2b2a3
[1] 7ff6f6c29fce
[2] 7ff6f6bc4f4a
[3] 7ff6f6bd2382
[4] 7ff6f6c47b17
[5] 7ff6f6c3c712
[6] 7ff6f6c39b3b
[7] 7ff6f6c454dd
[8] 7ff6f6c44633
[9] 7ff6f6c40bbf
[10] 7ff6f6c4af6b
[11] 7ff6f6c271f7
[12] 7ff6f6c2772e
[13] 7ffd6fbdcd87 BaseThreadInitThunk
[14] 7ffd70e0caec RtlUserThreadStart
[Error] Error loading object file /objects/CRAFTING/WORKBENCH/LEGACY/gic_ammunition_workbench/gic_ammunition_workbench.object: (AssetException) Error loading asset /objects/CRAFTING/WORKBENCH/LEGACY/gic_ammunition_workbench/gic_ammunition_workbench.object
[0] 7ff6f6c2b2a3
[1] 7ff6f6c29fce
[2] 7ff6f6c366ca
[3] 7ff6f6c427c2
[4] 7ff6f6c442b9
[5] 7ff6f6eac254
[6] 7ff6f6f95105
[7] 7ff6f6f99749
[8] 7ff6f6f8bacf
[9] 7ff6f6f8f536
[10] 7ff6f6f8ce99
[11] 7ff6f6f9baa6
[12] 7ff6f6f9a197
[13] 7ff6f6f91e13
[14] 7ff6f6f8fd59
[15] 7ff6f6fa0f32
[16] 7ff6f6f8bd40
[17] 7ff6f6f8f1a9
[18] 7ff6f6f8caac
[19] 7ff6f6f8bdce
[20] 7ff6f6f8b52e
[21] 7ff6f6f9b512
[22] 7ff6f6c2126b
[23] 7ff6f6c22092
[24] 7ff6f6c2772e
[25] 7ffd6fbdcd87 BaseThreadInitThunk
[26] 7ffd70e0caec RtlUserThreadStart
[Error] Exception caught loading asset: /objects/ship/kitsunetechstation/kitsunetechstation.object, (AssetException) Could not read JSON asset /objects/ship/kitsunetechstation/kitsunetechstation.object
[0] 7ff6f6c2b2a3
[1] 7ff6f6c29fce
[2] 7ff6f6c2a0b8
[3] 7ff6f6c39e20
[4] 7ff6f7359d81
[5] 7ffd4930bb00 _CxxFrameHandler3
[6] 7ffd492f33c7 is_exception_typeof
[7] 7ffd70e841b6 RtlCaptureContext2
[8] 7ff6f6c3c712
[9] 7ff6f6c39b3b
[10] 7ff6f6c454dd
[11] 7ff6f6c44633
[12] 7ff6f6c40bbf
[13] 7ff6f6c4af6b
[14] 7ff6f6c271f7
[15] 7ff6f6c2772e
[16] 7ffd6fbdcd87 BaseThreadInitThunk
[17] 7ffd70e0caec RtlUserThreadStart
Caused by: (JsonParsingException) Cannot parse json file: /objects/ship/kitsunetechstation/kitsunetechstation.object
[0] 7ff6f6c2b2a3
[1] 7ff6f6c29fce
[2] 7ff6f6c2a0b8
[3] 7ff6f6c3a980
[4] 7ff6f735b16b
[5] 7ffd4930bb00 _CxxFrameHandler3
[6] 7ffd492f33c7 is_exception_typeof
[7] 7ffd70e841b6 RtlCaptureContext2
[8] 7ff6f6c47b17
[9] 7ff6f6c3c712
[10] 7ff6f6c39b3b
[11] 7ff6f6c454dd
[12] 7ff6f6c44633
[13] 7ff6f6c40bbf
[14] 7ff6f6c4af6b
[15] 7ff6f6c271f7
[16] 7ff6f6c2772e
[17] 7ffd6fbdcd87 BaseThreadInitThunk
[18] 7ffd70e0caec RtlUserThreadStart
Caused by: (JsonException) Improper conversion to JsonArray from object
[0] 7ff6f6c2b2a3
[1] 7ff6f6c29fce
[2] 7ff6f6bc4f4a
[3] 7ff6f6bd2382
[4] 7ff6f6c47b17
[5] 7ff6f6c3c712
[6] 7ff6f6c39b3b
[7] 7ff6f6c454dd
[8] 7ff6f6c44633
[9] 7ff6f6c40bbf
[10] 7ff6f6c4af6b
[11] 7ff6f6c271f7
[12] 7ff6f6c2772e
[13] 7ffd6fbdcd87 BaseThreadInitThunk
[14] 7ffd70e0caec RtlUserThreadStart
[Error] Error loading object file /objects/ship/kitsunetechstation/kitsunetechstation.object: (AssetException) Error loading asset /objects/ship/kitsunetechstation/kitsunetechstation.object
[0] 7ff6f6c2b2a3
[1] 7ff6f6c29fce
[2] 7ff6f6c366ca
[3] 7ff6f6c427c2
[4] 7ff6f6c442b9
[5] 7ff6f6eac254
[6] 7ff6f6f95105
[7] 7ff6f6f99749
[8] 7ff6f6f8bacf
[9] 7ff6f6f8f536
[10] 7ff6f6f8ce99
[11] 7ff6f6f9baa6
[12] 7ff6f6f9a197
[13] 7ff6f6f91e13
[14] 7ff6f6f8fd59
[15] 7ff6f6fa0f32
[16] 7ff6f6f8bd40
[17] 7ff6f6f8f1a9
[18] 7ff6f6f8caac
[19] 7ff6f6f8bdce
[20] 7ff6f6f8b52e
[21] 7ff6f6f9b512
[22] 7ff6f6c2126b
[23] 7ff6f6c22092
[24] 7ff6f6c2772e
[25] 7ffd6fbdcd87 BaseThreadInitThunk
[26] 7ffd70e0caec RtlUserThreadStart
[Error] Exception caught loading asset: /objects/ship/lamiashiplockerTier0/lamiashiplockerTier0.object, (AssetException) Could not read JSON asset /objects/ship/lamiashiplockerTier0/lamiashiplockerTier0.object
[0] 7ff6f6c2b2a3
[1] 7ff6f6c29fce
[2] 7ff6f6c2a0b8
[3] 7ff6f6c39e20
[4] 7ff6f7359d81
[5] 7ffd4930bb00 _CxxFrameHandler3
[6] 7ffd492f33c7 is_exception_typeof
[7] 7ffd70e841b6 RtlCaptureContext2
[8] 7ff6f6c3c712
[9] 7ff6f6c39b3b
[10] 7ff6f6c454dd
[11] 7ff6f6c44633
[12] 7ff6f6c40bbf
[13] 7ff6f6c4af6b
[14] 7ff6f6c271f7
[15] 7ff6f6c2772e
[16] 7ffd6fbdcd87 BaseThreadInitThunk
[17] 7ffd70e0caec RtlUserThreadStart
Caused by: (JsonParsingException) Cannot parse json file: /objects/ship/lamiashiplockerTier0/lamiashiplockerTier0.object
[0] 7ff6f6c2b2a3
[1] 7ff6f6c29fce
[2] 7ff6f6c2a0b8
[3] 7ff6f6c3a980
[4] 7ff6f735b16b
[5] 7ffd4930bb00 _CxxFrameHandler3
[6] 7ffd492f33c7 is_exception_typeof
[7] 7ffd70e841b6 RtlCaptureContext2
[8] 7ff6f6c47b17
[9] 7ff6f6c3c712
[10] 7ff6f6c39b3b
[11] 7ff6f6c454dd
[12] 7ff6f6c44633
[13] 7ff6f6c40bbf
[14] 7ff6f6c4af6b
[15] 7ff6f6c271f7
[16] 7ff6f6c2772e
[17] 7ffd6fbdcd87 BaseThreadInitThunk
[18] 7ffd70e0caec RtlUserThreadStart
Caused by: (JsonException) Improper conversion to JsonArray from object
[0] 7ff6f6c2b2a3
[1] 7ff6f6c29fce
[2] 7ff6f6bc4f4a
[3] 7ff6f6bd2382
[4] 7ff6f6c47b17
[5] 7ff6f6c3c712
[6] 7ff6f6c39b3b
[7] 7ff6f6c454dd
[8] 7ff6f6c44633
[9] 7ff6f6c40bbf
[10] 7ff6f6c4af6b
[11] 7ff6f6c271f7
[12] 7ff6f6c2772e
[13] 7ffd6fbdcd87 BaseThreadInitThunk
[14] 7ffd70e0caec RtlUserThreadStart
[Error] Exception caught loading asset: /objects/ship/kitsunetechstation/kitsunetechstation_gray.object, (AssetException) Could not read JSON asset /objects/ship/kitsunetechstation/kitsunetechstation_gray.object
[0] 7ff6f6c2b2a3
[1] 7ff6f6c29fce
[2] 7ff6f6c2a0b8
[3] 7ff6f6c39e20
[4] 7ff6f7359d81
[5] 7ffd4930bb00 _CxxFrameHandler3
[6] 7ffd492f33c7 is_exception_typeof
[7] 7ffd70e841b6 RtlCaptureContext2
[8] 7ff6f6c3c712
[9] 7ff6f6c39b3b
[10] 7ff6f6c454dd
[11] 7ff6f6c44633
[12] 7ff6f6c40bbf
[13] 7ff6f6c4af6b
[14] 7ff6f6c271f7
[15] 7ff6f6c2772e
[16] 7ffd6fbdcd87 BaseThreadInitThunk
[17] 7ffd70e0caec RtlUserThreadStart
Caused by: (JsonParsingException) Cannot parse json file: /objects/ship/kitsunetechstation/kitsunetechstation_gray.object
[0] 7ff6f6c2b2a3
[1] 7ff6f6c29fce
[2] 7ff6f6c2a0b8
[3] 7ff6f6c3a980
[4] 7ff6f735b16b
[5] 7ffd4930bb00 _CxxFrameHandler3
[6] 7ffd492f33c7 is_exception_typeof
[7] 7ffd70e841b6 RtlCaptureContext2
[8] 7ff6f6c47b17
[9] 7ff6f6c3c712
[10] 7ff6f6c39b3b
[11] 7ff6f6c454dd
[12] 7ff6f6c44633
[13] 7ff6f6c40bbf
[14] 7ff6f6c4af6b
[15] 7ff6f6c271f7
[16] 7ff6f6c2772e
[17] 7ffd6fbdcd87 BaseThreadInitThunk
[18] 7ffd70e0caec RtlUserThreadStart
Caused by: (JsonException) Improper conversion to JsonArray from object
[0] 7ff6f6c2b2a3
[1] 7ff6f6c29fce
[2] 7ff6f6bc4f4a
[3] 7ff6f6bd2382
[4] 7ff6f6c47b17
[5] 7ff6f6c3c712
[6] 7ff6f6c39b3b
[7] 7ff6f6c454dd
[8] 7ff6f6c44633
[9] 7ff6f6c40bbf
[10] 7ff6f6c4af6b
[11] 7ff6f6c271f7
[12] 7ff6f6c2772e
[13] 7ffd6fbdcd87 BaseThreadInitThunk
[14] 7ffd70e0caec RtlUserThreadStart
[Error] Error loading object file /objects/ship/kitsunetechstation/kitsunetechstation_gray.object: (AssetException) Error loading asset /objects/ship/kitsunetechstation/kitsunetechstation_gray.object
[0] 7ff6f6c2b2a3
[1] 7ff6f6c29fce
[2] 7ff6f6c366ca
[3] 7ff6f6c427c2
[4] 7ff6f6c442b9
[5] 7ff6f6eac254
[6] 7ff6f6f95105
[7] 7ff6f6f99749
[8] 7ff6f6f8bacf
[9] 7ff6f6f8f536
[10] 7ff6f6f8ce99
[11] 7ff6f6f9baa6
[12] 7ff6f6f9a197
[13] 7ff6f6f91e13
[14] 7ff6f6f8fd59
[15] 7ff6f6fa0f32
[16] 7ff6f6f8bd40
[17] 7ff6f6f8f1a9
[18] 7ff6f6f8caac
[19] 7ff6f6f8bdce
[20] 7ff6f6f8b52e
[21] 7ff6f6f9b512
[22] 7ff6f6c2126b
[23] 7ff6f6c22092
[24] 7ff6f6c2772e
[25] 7ffd6fbdcd87 BaseThreadInitThunk
[26] 7ffd70e0caec RtlUserThreadStart
[Error] Error loading object file /objects/ship/lamiashiplockerTier0/lamiashiplockerTier0.object: (AssetException) Error loading asset /objects/ship/lamiashiplockerTier0/lamiashiplockerTier0.object
[0] 7ff6f6c2b2a3
[1] 7ff6f6c29fce
[2] 7ff6f6c366ca
[3] 7ff6f6c427c2
[4] 7ff6f6c442b9
[5] 7ff6f6eac254
[6] 7ff6f6f95105
[7] 7ff6f6f99749
[8] 7ff6f6f8bacf
[9] 7ff6f6f8f536
[10] 7ff6f6f8ce99
[11] 7ff6f6f9baa6
[12] 7ff6f6f9a197
[13] 7ff6f6f91e13
[14] 7ff6f6f8fd59
[15] 7ff6f6fa0f32
[16] 7ff6f6f8bd40
[17] 7ff6f6f8f1a9
[18] 7ff6f6f8caac
[19] 7ff6f6f8bdce
[20] 7ff6f6f8b52e
[21] 7ff6f6f9b512
[22] 7ff6f6c2126b
[23] 7ff6f6c22092
[24] 7ff6f6c2772e
[25] 7ffd6fbdcd87 BaseThreadInitThunk
[26] 7ffd70e0caec RtlUserThreadStart
[Error] Exception caught loading asset: /objects/arcana/luye/vendor_2/arcana_luye_vendor_2.object, (AssetException) Could not read JSON asset /objects/arcana/luye/vendor_2/arcana_luye_vendor_2.object
[0] 7ff6f6c2b2a3
[1] 7ff6f6c29fce
[2] 7ff6f6c2a0b8
[3] 7ff6f6c39e20
[4] 7ff6f7359d81
[5] 7ffd4930bb00 _CxxFrameHandler3
[6] 7ffd492f33c7 is_exception_typeof
[7] 7ffd70e841b6 RtlCaptureContext2
[8] 7ff6f6c3c712
[9] 7ff6f6c39b3b
[10] 7ff6f6c454dd
[11] 7ff6f6c44633
[12] 7ff6f6c40bbf
[13] 7ff6f6c4af6b
[14] 7ff6f6c271f7
[15] 7ff6f6c2772e
[16] 7ffd6fbdcd87 BaseThreadInitThunk
[17] 7ffd70e0caec RtlUserThreadStart
Caused by: (JsonParsingException) Cannot parse json file: /objects/arcana/luye/vendor_2/arcana_luye_vendor_2.object
[0] 7ff6f6c2b2a3
[1] 7ff6f6c29fce
[2] 7ff6f6c2a0b8
[3] 7ff6f6c3a980
[4] 7ff6f735b16b
[5] 7ffd4930bb00 _CxxFrameHandler3
[6] 7ffd492f33c7 is_exception_typeof
[7] 7ffd70e841b6 RtlCaptureContext2
[8] 7ff6f6c47b17
[9] 7ff6f6c3c712
[10] 7ff6f6c39b3b
[11] 7ff6f6c454dd
[12] 7ff6f6c44633
[13] 7ff6f6c40bbf
[14] 7ff6f6c4af6b
[15] 7ff6f6c271f7
[16] 7ff6f6c2772e
[17] 7ffd6fbdcd87 BaseThreadInitThunk
[18] 7ffd70e0caec RtlUserThreadStart
Caused by: (JsonException) Improper conversion to JsonArray from object
[0] 7ff6f6c2b2a3
[1] 7ff6f6c29fce
[2] 7ff6f6bc4f4a
[3] 7ff6f6bd2382
[4] 7ff6f6c47b17
[5] 7ff6f6c3c712
[6] 7ff6f6c39b3b
[7] 7ff6f6c454dd
[8] 7ff6f6c44633
[9] 7ff6f6c40bbf
[10] 7ff6f6c4af6b
[11] 7ff6f6c271f7
[12] 7ff6f6c2772e
[13] 7ffd6fbdcd87 BaseThreadInitThunk
[14] 7ffd70e0caec RtlUserThreadStart
[Error] Error loading object file /objects/arcana/luye/vendor_2/arcana_luye_vendor_2.object: (AssetException) Error loading asset /objects/arcana/luye/vendor_2/arcana_luye_vendor_2.object
[0] 7ff6f6c2b2a3
[1] 7ff6f6c29fce
[2] 7ff6f6c366ca
[3] 7ff6f6c427c2
[4] 7ff6f6c442b9
[5] 7ff6f6eac254
[6] 7ff6f6f95105
[7] 7ff6f6f99749
[8] 7ff6f6f8bacf
[9] 7ff6f6f8f536
[10] 7ff6f6f8ce99
[11] 7ff6f6f9baa6
[12] 7ff6f6f9a197
[13] 7ff6f6f91e13
[14] 7ff6f6f8fd59
[15] 7ff6f6fa0f32
[16] 7ff6f6f8bd40
[17] 7ff6f6f8f1a9
[18] 7ff6f6f8caac
[19] 7ff6f6f8bdce
[20] 7ff6f6f8b52e
[21] 7ff6f6f9b512
[22] 7ff6f6c2126b
[23] 7ff6f6c22092
[24] 7ff6f6c2772e
[25] 7ffd6fbdcd87 BaseThreadInitThunk
[26] 7ffd70e0caec RtlUserThreadStart
[Error] Exception caught loading asset: /objects/avikan/outpost/avikanoutpostbar/avikanoutpostbar.object, (AssetException) Could not read JSON asset /objects/avikan/outpost/avikanoutpostbar/avikanoutpostbar.object
[0] 7ff6f6c2b2a3
[1] 7ff6f6c29fce
[2] 7ff6f6c2a0b8
[3] 7ff6f6c39e20
[4] 7ff6f7359d81
[5] 7ffd4930bb00 _CxxFrameHandler3
[6] 7ffd492f33c7 is_exception_typeof
[7] 7ffd70e841b6 RtlCaptureContext2
[8] 7ff6f6c3c712
[9] 7ff6f6c39b3b
[10] 7ff6f6c454dd
[11] 7ff6f6c44633
[12] 7ff6f6c40bbf
[13] 7ff6f6c4af6b
[14] 7ff6f6c271f7
[15] 7ff6f6c2772e
[16] 7ffd6fbdcd87 BaseThreadInitThunk
[17] 7ffd70e0caec RtlUserThreadStart
Caused by: (JsonParsingException) Cannot parse json file: /objects/avikan/outpost/avikanoutpostbar/avikanoutpostbar.object
[0] 7ff6f6c2b2a3
[1] 7ff6f6c29fce
[2] 7ff6f6c2a0b8
[3] 7ff6f6c3a980
[4] 7ff6f735b16b
[5] 7ffd4930bb00 _CxxFrameHandler3
[6] 7ffd492f33c7 is_exception_typeof
[7] 7ffd70e841b6 RtlCaptureContext2
[8] 7ff6f6c47b17
[9] 7ff6f6c3c712
[10] 7ff6f6c39b3b
[11] 7ff6f6c454dd
[12] 7ff6f6c44633
[13] 7ff6f6c40bbf
[14] 7ff6f6c4af6b
[15] 7ff6f6c271f7
[16] 7ff6f6c2772e
[17] 7ffd6fbdcd87 BaseThreadInitThunk
[18] 7ffd70e0caec RtlUserThreadStart
Caused by: (JsonException) Improper conversion to JsonArray from object
[0] 7ff6f6c2b2a3
[1] 7ff6f6c29fce
[2] 7ff6f6bc4f4a
[3] 7ff6f6bd2382
[4] 7ff6f6c47b17
[5] 7ff6f6c3c712
[6] 7ff6f6c39b3b
[7] 7ff6f6c454dd
[8] 7ff6f6c44633
[9] 7ff6f6c40bbf
[10] 7ff6f6c4af6b
[11] 7ff6f6c271f7
[12] 7ff6f6c2772e
[13] 7ffd6fbdcd87 BaseThreadInitThunk
[14] 7ffd70e0caec RtlUserThreadStart
[Error] Error loading object file /objects/avikan/outpost/avikanoutpostbar/avikanoutpostbar.object: (AssetException) Error loading asset /objects/avikan/outpost/avikanoutpostbar/avikanoutpostbar.object
[0] 7ff6f6c2b2a3
[1] 7ff6f6c29fce
[2] 7ff6f6c366ca
[3] 7ff6f6c427c2
[4] 7ff6f6c442b9
[5] 7ff6f6eac254
[6] 7ff6f6f95105
[7] 7ff6f6f99749
[8] 7ff6f6f8bacf
[9] 7ff6f6f8f536
[10] 7ff6f6f8ce99
[11] 7ff6f6f9baa6
[12] 7ff6f6f9a197
[13] 7ff6f6f91e13
[14] 7ff6f6f8fd59
[15] 7ff6f6fa0f32
[16] 7ff6f6f8bd40
[17] 7ff6f6f8f1a9
[18] 7ff6f6f8caac
[19] 7ff6f6f8bdce
[20] 7ff6f6f8b52e
[21] 7ff6f6f9b512
[22] 7ff6f6c2126b
[23] 7ff6f6c22092
[24] 7ff6f6c2772e
[25] 7ffd6fbdcd87 BaseThreadInitThunk
[26] 7ffd70e0caec RtlUserThreadStart
[Error] Exception caught loading asset: /objects/crafting/sb_variants/scifianvil/scifianvil.object, (AssetException) Could not read JSON asset /objects/crafting/sb_variants/scifianvil/scifianvil.object
[0] 7ff6f6c2b2a3
[1] 7ff6f6c29fce
[2] 7ff6f6c2a0b8
[3] 7ff6f6c39e20
[4] 7ff6f7359d81
[5] 7ffd4930bb00 _CxxFrameHandler3
[6] 7ffd492f33c7 is_exception_typeof
[7] 7ffd70e841b6 RtlCaptureContext2
[8] 7ff6f6c3c712
[9] 7ff6f6c39b3b
[10] 7ff6f6c454dd
[11] 7ff6f6c44633
[12] 7ff6f6c40bbf
[13] 7ff6f6c4af6b
[14] 7ff6f6c271f7
[15] 7ff6f6c2772e
[16] 7ffd6fbdcd87 BaseThreadInitThunk
[17] 7ffd70e0caec RtlUserThreadStart
Caused by: (JsonParsingException) Cannot parse json file: /objects/crafting/sb_variants/scifianvil/scifianvil.object
[0] 7ff6f6c2b2a3
[1] 7ff6f6c29fce
[2] 7ff6f6c2a0b8
[3] 7ff6f6c3a980
[4] 7ff6f735b16b
[5] 7ffd4930bb00 _CxxFrameHandler3
[6] 7ffd492f33c7 is_exception_typeof
[7] 7ffd70e841b6 RtlCaptureContext2
[8] 7ff6f6c47b17
[9] 7ff6f6c3c712
[10] 7ff6f6c39b3b
[11] 7ff6f6c454dd
[12] 7ff6f6c44633
[13] 7ff6f6c40bbf
[14] 7ff6f6c4af6b
[15] 7ff6f6c271f7
[16] 7ff6f6c2772e
[17] 7ffd6fbdcd87 BaseThreadInitThunk
[18] 7ffd70e0caec RtlUserThreadStart
Caused by: (JsonException) Improper conversion to JsonArray from object
[0] 7ff6f6c2b2a3
[1] 7ff6f6c29fce
[2] 7ff6f6bc4f4a
[3] 7ff6f6bd2382
[4] 7ff6f6c47b17
[5] 7ff6f6c3c712
[6] 7ff6f6c39b3b
[7] 7ff6f6c454dd
[8] 7ff6f6c44633
[9] 7ff6f6c40bbf
[10] 7ff6f6c4af6b
[11] 7ff6f6c271f7
[12] 7ff6f6c2772e
[13] 7ffd6fbdcd87 BaseThreadInitThunk
[14] 7ffd70e0caec RtlUserThreadStart
[Error] Error loading object file /objects/crafting/sb_variants/scifianvil/scifianvil.object: (AssetException) Error loading asset /objects/crafting/sb_variants/scifianvil/scifianvil.object
[0] 7ff6f6c2b2a3
[1] 7ff6f6c29fce
[2] 7ff6f6c366ca
[3] 7ff6f6c427c2
[4] 7ff6f6c442b9
[5] 7ff6f6eac254
[6] 7ff6f6f95105
[7] 7ff6f6f99749
[8] 7ff6f6f8bacf
[9] 7ff6f6f8f536
[10] 7ff6f6f8ce99
[11] 7ff6f6f9baa6
[12] 7ff6f6f9a197
[13] 7ff6f6f91e13
[14] 7ff6f6f8fd59
[15] 7ff6f6fa0f32
[16] 7ff6f6f8bd40
[17] 7ff6f6f8f1a9
[18] 7ff6f6f8caac
[19] 7ff6f6f8bdce
[20] 7ff6f6f8b52e
[21] 7ff6f6f9b512
[22] 7ff6f6c2126b
[23] 7ff6f6c22092
[24] 7ff6f6c2772e
[25] 7ffd6fbdcd87 BaseThreadInitThunk
[26] 7ffd70e0caec RtlUserThreadStart
[Error] Could not apply patch from file /objects/sheilaworkshop/black_furniture/black_rocketdronespawner/black_rocketdronespawner.object.patch in source: ..\mods\female_translation.pak.  Caused by: (JsonPatchException) Could not apply patch to base. (JsonPatchException) Could not apply operation to base. (JsonException) Cannot call get with key on Json type array, must be Object type
[Error] Exception caught loading asset: /objects/biome/alterash/yaara/decorative/table/ct_yaara_table.object, (AssetException) Could not read JSON asset /objects/biome/alterash/yaara/decorative/table/ct_yaara_table.object
[0] 7ff6f6c2b2a3
[1] 7ff6f6c29fce
[2] 7ff6f6c2a0b8
[3] 7ff6f6c39e20
[4] 7ff6f7359d81
[5] 7ffd4930bb00 _CxxFrameHandler3
[6] 7ffd492f33c7 is_exception_typeof
[7] 7ffd70e841b6 RtlCaptureContext2
[8] 7ff6f6c3c712
[9] 7ff6f6c39b3b
[10] 7ff6f6c454dd
[11] 7ff6f6c44633
[12] 7ff6f6c40bbf
[13] 7ff6f6c4af6b
[14] 7ff6f6c271f7
[15] 7ff6f6c2772e
[16] 7ffd6fbdcd87 BaseThreadInitThunk
[17] 7ffd70e0caec RtlUserThreadStart
Caused by: (JsonParsingException) Cannot parse json file: /objects/biome/alterash/yaara/decorative/table/ct_yaara_table.object
[0] 7ff6f6c2b2a3
[1] 7ff6f6c29fce
[2] 7ff6f6c2a0b8
[3] 7ff6f6c3a980
[4] 7ff6f735b16b
[5] 7ffd4930bb00 _CxxFrameHandler3
[6] 7ffd492f33c7 is_exception_typeof
[7] 7ffd70e841b6 RtlCaptureContext2
[8] 7ff6f6c47b17
[9] 7ff6f6c3c712
[10] 7ff6f6c39b3b
[11] 7ff6f6c454dd
[12] 7ff6f6c44633
[13] 7ff6f6c40bbf
[14] 7ff6f6c4af6b
[15] 7ff6f6c271f7
[16] 7ff6f6c2772e
[17] 7ffd6fbdcd87 BaseThreadInitThunk
[18] 7ffd70e0caec RtlUserThreadStart
Caused by: (JsonException) Improper conversion to JsonArray from object
[0] 7ff6f6c2b2a3
[1] 7ff6f6c29fce
[2] 7ff6f6bc4f4a
[3] 7ff6f6bd2382
[4] 7ff6f6c47b17
[5] 7ff6f6c3c712
[6] 7ff6f6c39b3b
[7] 7ff6f6c454dd
[8] 7ff6f6c44633
[9] 7ff6f6c40bbf
[10] 7ff6f6c4af6b
[11] 7ff6f6c271f7
[12] 7ff6f6c2772e
[13] 7ffd6fbdcd87 BaseThreadInitThunk
[14] 7ffd70e0caec RtlUserThreadStart
[Error] Error loading object file /objects/biome/alterash/yaara/decorative/table/ct_yaara_table.object: (AssetException) Error loading asset /objects/biome/alterash/yaara/decorative/table/ct_yaara_table.object
[0] 7ff6f6c2b2a3
[1] 7ff6f6c29fce
[2] 7ff6f6c366ca
[3] 7ff6f6c427c2
[4] 7ff6f6c442b9
[5] 7ff6f6eac254
[6] 7ff6f6f95105
[7] 7ff6f6f99749
[8] 7ff6f6f8bacf
[9] 7ff6f6f8f536
[10] 7ff6f6f8ce99
[11] 7ff6f6f9baa6
[12] 7ff6f6f9a197
[13] 7ff6f6f91e13
[14] 7ff6f6f8fd59
[15] 7ff6f6fa0f32
[16] 7ff6f6f8bd40
[17] 7ff6f6f8f1a9
[18] 7ff6f6f8caac
[19] 7ff6f6f8bdce
[20] 7ff6f6f8b52e
[21] 7ff6f6f9b512
[22] 7ff6f6c2126b
[23] 7ff6f6c22092
[24] 7ff6f6c2772e
[25] 7ffd6fbdcd87 BaseThreadInitThunk
[26] 7ffd70e0caec RtlUserThreadStart
[Error] Could not apply patch from file /objects/UNITED_SYSTEMS/gic_unitanbanner/gic_unitanbanner.object.patch in source: ..\mods\female_translation.pak.  Caused by: (JsonPatchException) Could not apply patch to base. (JsonPatchException) Could not apply operation to base. (JsonException) Cannot call get with key on Json type array, must be Object type
[Error] Exception caught loading asset: /objects/crafting/mkioworkshopcrafting/mkioworkshopcrafting.object, (AssetException) Could not read JSON asset /objects/crafting/mkioworkshopcrafting/mkioworkshopcrafting.object
[0] 7ff6f6c2b2a3
[1] 7ff6f6c29fce
[2] 7ff6f6c2a0b8
[3] 7ff6f6c39e20
[4] 7ff6f7359d81
[5] 7ffd4930bb00 _CxxFrameHandler3
[6] 7ffd492f33c7 is_exception_typeof
[7] 7ffd70e841b6 RtlCaptureContext2
[8] 7ff6f6c3c712
[9] 7ff6f6c39b3b
[10] 7ff6f6c454dd
[11] 7ff6f6c44633
[12] 7ff6f6c40bbf
[13] 7ff6f6c4af6b
[14] 7ff6f6c271f7
[15] 7ff6f6c2772e
[16] 7ffd6fbdcd87 BaseThreadInitThunk
[17] 7ffd70e0caec RtlUserThreadStart
Caused by: (JsonParsingException) Cannot parse json file: /objects/crafting/mkioworkshopcrafting/mkioworkshopcrafting.object
[0] 7ff6f6c2b2a3
[1] 7ff6f6c29fce
[2] 7ff6f6c2a0b8
[3] 7ff6f6c3a980
[4] 7ff6f735b16b
[5] 7ffd4930bb00 _CxxFrameHandler3
[6] 7ffd492f33c7 is_exception_typeof
[7] 7ffd70e841b6 RtlCaptureContext2
[8] 7ff6f6c47b17
[9] 7ff6f6c3c712
[10] 7ff6f6c39b3b
[11] 7ff6f6c454dd
[12] 7ff6f6c44633
[13] 7ff6f6c40bbf
[14] 7ff6f6c4af6b
[15] 7ff6f6c271f7
[16] 7ff6f6c2772e
[17] 7ffd6fbdcd87 BaseThreadInitThunk
[18] 7ffd70e0caec RtlUserThreadStart
Caused by: (JsonException) Improper conversion to JsonArray from object
[0] 7ff6f6c2b2a3
[1] 7ff6f6c29fce
[2] 7ff6f6bc4f4a
[3] 7ff6f6bd2382
[4] 7ff6f6c47b17
[5] 7ff6f6c3c712
[6] 7ff6f6c39b3b
[7] 7ff6f6c454dd
[8] 7ff6f6c44633
[9] 7ff6f6c40bbf
[10] 7ff6f6c4af6b
[11] 7ff6f6c271f7
[12] 7ff6f6c2772e
[13] 7ffd6fbdcd87 BaseThreadInitThunk
[14] 7ffd70e0caec RtlUserThreadStart
[Error] Error loading object file /objects/crafting/mkioworkshopcrafting/mkioworkshopcrafting.object: (AssetException) Error loading asset /objects/crafting/mkioworkshopcrafting/mkioworkshopcrafting.object
[0] 7ff6f6c2b2a3
[1] 7ff6f6c29fce
[2] 7ff6f6c366ca
[3] 7ff6f6c427c2
[4] 7ff6f6c442b9
[5] 7ff6f6eac254
[6] 7ff6f6f95105
[7] 7ff6f6f99749
[8] 7ff6f6f8bacf
[9] 7ff6f6f8f536
[10] 7ff6f6f8ce99
[11] 7ff6f6f9baa6
[12] 7ff6f6f9a197
[13] 7ff6f6f91e13
[14] 7ff6f6f8fd59
[15] 7ff6f6fa0f32
[16] 7ff6f6f8bd40
[17] 7ff6f6f8f1a9
[18] 7ff6f6f8caac
[19] 7ff6f6f8bdce
[20] 7ff6f6f8b52e
[21] 7ff6f6f9b512
[22] 7ff6f6c2126b
[23] 7ff6f6c22092
[24] 7ff6f6c2772e
[25] 7ffd6fbdcd87 BaseThreadInitThunk
[26] 7ffd70e0caec RtlUserThreadStart
[Error] Exception caught loading asset: /objects/ship/kitsunetechstation/kitsunetechstation_green.object, (AssetException) Could not read JSON asset /objects/ship/kitsunetechstation/kitsunetechstation_green.object
[0] 7ff6f6c2b2a3
[1] 7ff6f6c29fce
[2] 7ff6f6c2a0b8
[3] 7ff6f6c39e20
[4] 7ff6f7359d81
[5] 7ffd4930bb00 _CxxFrameHandler3
[6] 7ffd492f33c7 is_exception_typeof
[7] 7ffd70e841b6 RtlCaptureContext2
[8] 7ff6f6c3c712
[9] 7ff6f6c39b3b
[10] 7ff6f6c454dd
[11] 7ff6f6c44633
[12] 7ff6f6c40bbf
[13] 7ff6f6c4af6b
[14] 7ff6f6c271f7
[15] 7ff6f6c2772e
[16] 7ffd6fbdcd87 BaseThreadInitThunk
[17] 7ffd70e0caec RtlUserThreadStart
Caused by: (JsonParsingException) Cannot parse json file: /objects/ship/kitsunetechstation/kitsunetechstation_green.object
[0] 7ff6f6c2b2a3
[1] 7ff6f6c29fce
[2] 7ff6f6c2a0b8
[3] 7ff6f6c3a980
[4] 7ff6f735b16b
[5] 7ffd4930bb00 _CxxFrameHandler3
[6] 7ffd492f33c7 is_exception_typeof
[7] 7ffd70e841b6 RtlCaptureContext2
[8] 7ff6f6c47b17
[9] 7ff6f6c3c712
[10] 7ff6f6c39b3b
[11] 7ff6f6c454dd
[12] 7ff6f6c44633
[13] 7ff6f6c40bbf
[14] 7ff6f6c4af6b
[15] 7ff6f6c271f7
[16] 7ff6f6c2772e
[17] 7ffd6fbdcd87 BaseThreadInitThunk
[18] 7ffd70e0caec RtlUserThreadStart
Caused by: (JsonException) Improper conversion to JsonArray from object
[0] 7ff6f6c2b2a3
[1] 7ff6f6c29fce
[2] 7ff6f6bc4f4a
[3] 7ff6f6bd2382
[4] 7ff6f6c47b17
[5] 7ff6f6c3c712
[6] 7ff6f6c39b3b
[7] 7ff6f6c454dd
[8] 7ff6f6c44633
[9] 7ff6f6c40bbf
[10] 7ff6f6c4af6b
[11] 7ff6f6c271f7
[12] 7ff6f6c2772e
[13] 7ffd6fbdcd87 BaseThreadInitThunk
[14] 7ffd70e0caec RtlUserThreadStart
[Error] Error loading object file /objects/ship/kitsunetechstation/kitsunetechstation_green.object: (AssetException) Error loading asset /objects/ship/kitsunetechstation/kitsunetechstation_green.object
[0] 7ff6f6c2b2a3
[1] 7ff6f6c29fce
[2] 7ff6f6c366ca
[3] 7ff6f6c427c2
[4] 7ff6f6c442b9
[5] 7ff6f6eac254
[6] 7ff6f6f95105
[7] 7ff6f6f99749
[8] 7ff6f6f8bacf
[9] 7ff6f6f8f536
[10] 7ff6f6f8ce99
[11] 7ff6f6f9baa6
[12] 7ff6f6f9a197
[13] 7ff6f6f91e13
[14] 7ff6f6f8fd59
[15] 7ff6f6fa0f32
[16] 7ff6f6f8bd40
[17] 7ff6f6f8f1a9
[18] 7ff6f6f8caac
[19] 7ff6f6f8bdce
[20] 7ff6f6f8b52e
[21] 7ff6f6f9b512
[22] 7ff6f6c2126b
[23] 7ff6f6c22092
[24] 7ff6f6c2772e
[25] 7ffd6fbdcd87 BaseThreadInitThunk
[26] 7ffd70e0caec RtlUserThreadStart
[Error] Exception caught loading asset: /objects/ship/kitsunetechstation/kitsunetechstation_pink.object, (AssetException) Could not read JSON asset /objects/ship/kitsunetechstation/kitsunetechstation_pink.object
[0] 7ff6f6c2b2a3
[1] 7ff6f6c29fce
[2] 7ff6f6c2a0b8
[3] 7ff6f6c39e20
[4] 7ff6f7359d81
[5] 7ffd4930bb00 _CxxFrameHandler3
[6] 7ffd492f33c7 is_exception_typeof
[7] 7ffd70e841b6 RtlCaptureContext2
[8] 7ff6f6c3c712
[9] 7ff6f6c39b3b
[10] 7ff6f6c454dd
[11] 7ff6f6c44633
[12] 7ff6f6c40bbf
[13] 7ff6f6c4af6b
[14] 7ff6f6c271f7
[15] 7ff6f6c2772e
[16] 7ffd6fbdcd87 BaseThreadInitThunk
[17] 7ffd70e0caec RtlUserThreadStart
Caused by: (JsonParsingException) Cannot parse json file: /objects/ship/kitsunetechstation/kitsunetechstation_pink.object
[0] 7ff6f6c2b2a3
[1] 7ff6f6c29fce
[2] 7ff6f6c2a0b8
[3] 7ff6f6c3a980
[4] 7ff6f735b16b
[5] 7ffd4930bb00 _CxxFrameHandler3
[6] 7ffd492f33c7 is_exception_typeof
[7] 7ffd70e841b6 RtlCaptureContext2
[8] 7ff6f6c47b17
[9] 7ff6f6c3c712
[10] 7ff6f6c39b3b
[11] 7ff6f6c454dd
[12] 7ff6f6c44633
[13] 7ff6f6c40bbf
[14] 7ff6f6c4af6b
[15] 7ff6f6c271f7
[16] 7ff6f6c2772e
[17] 7ffd6fbdcd87 BaseThreadInitThunk
[18] 7ffd70e0caec RtlUserThreadStart
Caused by: (JsonException) Improper conversion to JsonArray from object
[0] 7ff6f6c2b2a3
[1] 7ff6f6c29fce
[2] 7ff6f6bc4f4a
[3] 7ff6f6bd2382
[4] 7ff6f6c47b17
[5] 7ff6f6c3c712
[6] 7ff6f6c39b3b
[7] 7ff6f6c454dd
[8] 7ff6f6c44633
[9] 7ff6f6c40bbf
[10] 7ff6f6c4af6b
[11] 7ff6f6c271f7
[12] 7ff6f6c2772e
[13] 7ffd6fbdcd87 BaseThreadInitThunk
[14] 7ffd70e0caec RtlUserThreadStart
[Error] Error loading object file /objects/ship/kitsunetechstation/kitsunetechstation_pink.object: (AssetException) Error loading asset /objects/ship/kitsunetechstation/kitsunetechstation_pink.object
[0] 7ff6f6c2b2a3
[1] 7ff6f6c29fce
[2] 7ff6f6c366ca
[3] 7ff6f6c427c2
[4] 7ff6f6c442b9
[5] 7ff6f6eac254
[6] 7ff6f6f95105
[7] 7ff6f6f99749
[8] 7ff6f6f8bacf
[9] 7ff6f6f8f536
[10] 7ff6f6f8ce99
[11] 7ff6f6f9baa6
[12] 7ff6f6f9a197
[13] 7ff6f6f91e13
[14] 7ff6f6f8fd59
[15] 7ff6f6fa0f32
[16] 7ff6f6f8bd40
[17] 7ff6f6f8f1a9
[18] 7ff6f6f8caac
[19] 7ff6f6f8bdce
[20] 7ff6f6f8b52e
[21] 7ff6f6f9b512
[22] 7ff6f6c2126b
[23] 7ff6f6c22092
[24] 7ff6f6c2772e
[25] 7ffd6fbdcd87 BaseThreadInitThunk
[26] 7ffd70e0caec RtlUserThreadStart
[Error] Exception caught loading asset: /objects/CORPUSSHIP/esc_corpus_humanstoragelocker/esc_corpus_humanstoragelocker.object, (AssetException) Could not read JSON asset /objects/CORPUSSHIP/esc_corpus_humanstoragelocker/esc_corpus_humanstoragelocker.object
[0] 7ff6f6c2b2a3
[1] 7ff6f6c29fce
[2] 7ff6f6c2a0b8
[3] 7ff6f6c39e20
[4] 7ff6f7359d81
[5] 7ffd4930bb00 _CxxFrameHandler3
[6] 7ffd492f33c7 is_exception_typeof
[7] 7ffd70e841b6 RtlCaptureContext2
[8] 7ff6f6c3c712
[9] 7ff6f6c39b3b
[10] 7ff6f6c454dd
[11] 7ff6f6c44633
[12] 7ff6f6c40bbf
[13] 7ff6f6c4af6b
[14] 7ff6f6c271f7
[15] 7ff6f6c2772e
[16] 7ffd6fbdcd87 BaseThreadInitThunk
[17] 7ffd70e0caec RtlUserThreadStart
Caused by: (JsonParsingException) Cannot parse json file: /objects/CORPUSSHIP/esc_corpus_humanstoragelocker/esc_corpus_humanstoragelocker.object
[0] 7ff6f6c2b2a3
[1] 7ff6f6c29fce
[2] 7ff6f6c2a0b8
[3] 7ff6f6c3a980
[4] 7ff6f735b16b
[5] 7ffd4930bb00 _CxxFrameHandler3
[6] 7ffd492f33c7 is_exception_typeof
[7] 7ffd70e841b6 RtlCaptureContext2
[8] 7ff6f6c47b17
[9] 7ff6f6c3c712
[10] 7ff6f6c39b3b
[11] 7ff6f6c454dd
[12] 7ff6f6c44633
[13] 7ff6f6c40bbf
[14] 7ff6f6c4af6b
[15] 7ff6f6c271f7
[16] 7ff6f6c2772e
[17] 7ffd6fbdcd87 BaseThreadInitThunk
[18] 7ffd70e0caec RtlUserThreadStart
Caused by: (JsonException) Improper conversion to JsonArray from object
[0] 7ff6f6c2b2a3
[1] 7ff6f6c29fce
[2] 7ff6f6bc4f4a
[3] 7ff6f6bd2382
[4] 7ff6f6c47b17
[5] 7ff6f6c3c712
[6] 7ff6f6c39b3b
[7] 7ff6f6c454dd
[8] 7ff6f6c44633
[9] 7ff6f6c40bbf
[10] 7ff6f6c4af6b
[11] 7ff6f6c271f7
[12] 7ff6f6c2772e
[13] 7ffd6fbdcd87 BaseThreadInitThunk
[14] 7ffd70e0caec RtlUserThreadStart
[Error] Error loading object file /objects/CORPUSSHIP/esc_corpus_humanstoragelocker/esc_corpus_humanstoragelocker.object: (AssetException) Error loading asset /objects/CORPUSSHIP/esc_corpus_humanstoragelocker/esc_corpus_humanstoragelocker.object
[0] 7ff6f6c2b2a3
[1] 7ff6f6c29fce
[2] 7ff6f6c366ca
[3] 7ff6f6c427c2
[4] 7ff6f6c442b9
[5] 7ff6f6eac254
[6] 7ff6f6f95105
[7] 7ff6f6f99749
[8] 7ff6f6f8bacf
[9] 7ff6f6f8f536
[10] 7ff6f6f8ce99
[11] 7ff6f6f9baa6
[12] 7ff6f6f9a197
[13] 7ff6f6f91e13
[14] 7ff6f6f8fd59
[15] 7ff6f6fa0f32
[16] 7ff6f6f8bd40
[17] 7ff6f6f8f1a9
[18] 7ff6f6f8caac
[19] 7ff6f6f8bdce
[20] 7ff6f6f8b52e
[21] 7ff6f6f9b512
[22] 7ff6f6c2126b
[23] 7ff6f6c22092
[24] 7ff6f6c2772e
[25] 7ffd6fbdcd87 BaseThreadInitThunk
[26] 7ffd70e0caec RtlUserThreadStart
[Error] Exception caught loading asset: /objects/outpost/anomsoutpostoverhaul/anom_outpostelliotassistant/anom_outpostelliotassistant.object, (AssetException) Could not read JSON asset /objects/outpost/anomsoutpostoverhaul/anom_outpostelliotassistant/anom_outpostelliotassistant.object
[0] 7ff6f6c2b2a3
[1] 7ff6f6c29fce
[2] 7ff6f6c2a0b8
[3] 7ff6f6c39e20
[4] 7ff6f7359d81
[5] 7ffd4930bb00 _CxxFrameHandler3
[6] 7ffd492f33c7 is_exception_typeof
[7] 7ffd70e841b6 RtlCaptureContext2
[8] 7ff6f6c3c712
[9] 7ff6f6c39b3b
[10] 7ff6f6c454dd
[11] 7ff6f6c44633
[12] 7ff6f6c40bbf
[13] 7ff6f6c4af6b
[14] 7ff6f6c271f7
[15] 7ff6f6c2772e
[16] 7ffd6fbdcd87 BaseThreadInitThunk
[17] 7ffd70e0caec RtlUserThreadStart
Caused by: (JsonParsingException) Cannot parse json file: /objects/outpost/anomsoutpostoverhaul/anom_outpostelliotassistant/anom_outpostelliotassistant.object
[0] 7ff6f6c2b2a3
[1] 7ff6f6c29fce
[2] 7ff6f6c2a0b8
[3] 7ff6f6c3a980
[4] 7ff6f735b16b
[5] 7ffd4930bb00 _CxxFrameHandler3
[6] 7ffd492f33c7 is_exception_typeof
[7] 7ffd70e841b6 RtlCaptureContext2
[8] 7ff6f6c47b17
[9] 7ff6f6c3c712
[10] 7ff6f6c39b3b
[11] 7ff6f6c454dd
[12] 7ff6f6c44633
[13] 7ff6f6c40bbf
[14] 7ff6f6c4af6b
[15] 7ff6f6c271f7
[16] 7ff6f6c2772e
[17] 7ffd6fbdcd87 BaseThreadInitThunk
[18] 7ffd70e0caec RtlUserThreadStart
Caused by: (JsonException) Improper conversion to JsonArray from object
[0] 7ff6f6c2b2a3
[1] 7ff6f6c29fce
[2] 7ff6f6bc4f4a
[3] 7ff6f6bd2382
[4] 7ff6f6c47b17
[5] 7ff6f6c3c712
[6] 7ff6f6c39b3b
[7] 7ff6f6c454dd
[8] 7ff6f6c44633
[9] 7ff6f6c40bbf
[10] 7ff6f6c4af6b
[11] 7ff6f6c271f7
[12] 7ff6f6c2772e
[13] 7ffd6fbdcd87 BaseThreadInitThunk
[14] 7ffd70e0caec RtlUserThreadStart
[Error] Error loading object file /objects/outpost/anomsoutpostoverhaul/anom_outpostelliotassistant/anom_outpostelliotassistant.object: (AssetException) Error loading asset /objects/outpost/anomsoutpostoverhaul/anom_outpostelliotassistant/anom_outpostelliotassistant.object
[0] 7ff6f6c2b2a3
[1] 7ff6f6c29fce
[2] 7ff6f6c366ca
[3] 7ff6f6c427c2
[4] 7ff6f6c442b9
[5] 7ff6f6eac254
[6] 7ff6f6f95105
[7] 7ff6f6f99749
[8] 7ff6f6f8bacf
[9] 7ff6f6f8f536
[10] 7ff6f6f8ce99
[11] 7ff6f6f9baa6
[12] 7ff6f6f9a197
[13] 7ff6f6f91e13
[14] 7ff6f6f8fd59
[15] 7ff6f6fa0f32
[16] 7ff6f6f8bd40
[17] 7ff6f6f8f1a9
[18] 7ff6f6f8caac
[19] 7ff6f6f8bdce
[20] 7ff6f6f8b52e
[21] 7ff6f6f9b512
[22] 7ff6f6c2126b
[23] 7ff6f6c22092
[24] 7ff6f6c2772e
[25] 7ffd6fbdcd87 BaseThreadInitThunk
[26] 7ffd70e0caec RtlUserThreadStart
[Error] Exception caught loading asset: /objects/angel/angelstonemural4/angelstonemural4.object, (AssetException) Could not read JSON asset /objects/angel/angelstonemural4/angelstonemural4.object
[0] 7ff6f6c2b2a3
[1] 7ff6f6c29fce
[2] 7ff6f6c2a0b8
[3] 7ff6f6c39e20
[4] 7ff6f7359d81
[5] 7ffd4930bb00 _CxxFrameHandler3
[6] 7ffd492f33c7 is_exception_typeof
[7] 7ffd70e841b6 RtlCaptureContext2
[8] 7ff6f6c3c712
[9] 7ff6f6c39b3b
[10] 7ff6f6c454dd
[11] 7ff6f6c44633
[12] 7ff6f6c40bbf
[13] 7ff6f6c4af6b
[14] 7ff6f6c271f7
[15] 7ff6f6c2772e
[16] 7ffd6fbdcd87 BaseThreadInitThunk
[17] 7ffd70e0caec RtlUserThreadStart
Caused by: (JsonParsingException) Cannot parse json file: /objects/angel/angelstonemural4/angelstonemural4.object
[0] 7ff6f6c2b2a3
[1] 7ff6f6c29fce
[2] 7ff6f6c2a0b8
[3] 7ff6f6c3a980
[4] 7ff6f735b16b
[5] 7ffd4930bb00 _CxxFrameHandler3
[6] 7ffd492f33c7 is_exception_typeof
[7] 7ffd70e841b6 RtlCaptureContext2
[8] 7ff6f6c47b17
[9] 7ff6f6c3c712
[10] 7ff6f6c39b3b
[11] 7ff6f6c454dd
[12] 7ff6f6c44633
[13] 7ff6f6c40bbf
[14] 7ff6f6c4af6b
[15] 7ff6f6c271f7
[16] 7ff6f6c2772e
[17] 7ffd6fbdcd87 BaseThreadInitThunk
[18] 7ffd70e0caec RtlUserThreadStart
Caused by: (JsonException) Improper conversion to JsonArray from object
[0] 7ff6f6c2b2a3
[1] 7ff6f6c29fce
[2] 7ff6f6bc4f4a
[3] 7ff6f6bd2382
[4] 7ff6f6c47b17
[5] 7ff6f6c3c712
[6] 7ff6f6c39b3b
[7] 7ff6f6c454dd
[8] 7ff6f6c44633
[9] 7ff6f6c40bbf
[10] 7ff6f6c4af6b
[11] 7ff6f6c271f7
[12] 7ff6f6c2772e
[13] 7ffd6fbdcd87 BaseThreadInitThunk
[14] 7ffd70e0caec RtlUserThreadStart
[Error] Error loading object file /objects/angel/angelstonemural4/angelstonemural4.object: (AssetException) Error loading asset /objects/angel/angelstonemural4/angelstonemural4.object
[0] 7ff6f6c2b2a3
[1] 7ff6f6c29fce
[2] 7ff6f6c366ca
[3] 7ff6f6c427c2
[4] 7ff6f6c442b9
[5] 7ff6f6eac254
[6] 7ff6f6f95105
[7] 7ff6f6f99749
[8] 7ff6f6f8bacf
[9] 7ff6f6f8f536
[10] 7ff6f6f8ce99
[11] 7ff6f6f9baa6
[12] 7ff6f6f9a197
[13] 7ff6f6f91e13
[14] 7ff6f6f8fd59
[15] 7ff6f6fa0f32
[16] 7ff6f6f8bd40
[17] 7ff6f6f8f1a9
[18] 7ff6f6f8caac
[19] 7ff6f6f8bdce
[20] 7ff6f6f8b52e
[21] 7ff6f6f9b512
[22] 7ff6f6c2126b
[23] 7ff6f6c22092
[24] 7ff6f6c2772e
[25] 7ffd6fbdcd87 BaseThreadInitThunk
[26] 7ffd70e0caec RtlUserThreadStart
[Error] Exception caught loading asset: /objects/peglaci/containers/box1/peglacibox1.object, (AssetException) Could not read JSON asset /objects/peglaci/containers/box1/peglacibox1.object
[0] 7ff6f6c2b2a3
[1] 7ff6f6c29fce
[2] 7ff6f6c2a0b8
[3] 7ff6f6c39e20
[4] 7ff6f7359d81
[5] 7ffd4930bb00 _CxxFrameHandler3
[6] 7ffd492f33c7 is_exception_typeof
[7] 7ffd70e841b6 RtlCaptureContext2
[8] 7ff6f6c3c712
[9] 7ff6f6c39b3b
[10] 7ff6f6c454dd
[11] 7ff6f6c44633
[12] 7ff6f6c40bbf
[13] 7ff6f6c4af6b
[14] 7ff6f6c271f7
[15] 7ff6f6c2772e
[16] 7ffd6fbdcd87 BaseThreadInitThunk
[17] 7ffd70e0caec RtlUserThreadStart
Caused by: (JsonParsingException) Cannot parse json file: /objects/peglaci/containers/box1/peglacibox1.object
[0] 7ff6f6c2b2a3
[1] 7ff6f6c29fce
[2] 7ff6f6c2a0b8
[3] 7ff6f6c3a980
[4] 7ff6f735b16b
[5] 7ffd4930bb00 _CxxFrameHandler3
[6] 7ffd492f33c7 is_exception_typeof
[7] 7ffd70e841b6 RtlCaptureContext2
[8] 7ff6f6c47b17
[9] 7ff6f6c3c712
[10] 7ff6f6c39b3b
[11] 7ff6f6c454dd
[12] 7ff6f6c44633
[13] 7ff6f6c40bbf
[14] 7ff6f6c4af6b
[15] 7ff6f6c271f7
[16] 7ff6f6c2772e
[17] 7ffd6fbdcd87 BaseThreadInitThunk
[18] 7ffd70e0caec RtlUserThreadStart
Caused by: (JsonException) Improper conversion to JsonArray from object
[0] 7ff6f6c2b2a3
[1] 7ff6f6c29fce
[2] 7ff6f6bc4f4a
[3] 7ff6f6bd2382
[4] 7ff6f6c47b17
[5] 7ff6f6c3c712
[6] 7ff6f6c39b3b
[7] 7ff6f6c454dd
[8] 7ff6f6c44633
[9] 7ff6f6c40bbf
[10] 7ff6f6c4af6b
[11] 7ff6f6c271f7
[12] 7ff6f6c2772e
[13] 7ffd6fbdcd87 BaseThreadInitThunk
[14] 7ffd70e0caec RtlUserThreadStart
[Error] Error loading object file /objects/peglaci/containers/box1/peglacibox1.object: (AssetException) Error loading asset /objects/peglaci/containers/box1/peglacibox1.object
[0] 7ff6f6c2b2a3
[1] 7ff6f6c29fce
[2] 7ff6f6c366ca
[3] 7ff6f6c427c2
[4] 7ff6f6c442b9
[5] 7ff6f6eac254
[6] 7ff6f6f95105
[7] 7ff6f6f99749
[8] 7ff6f6f8bacf
[9] 7ff6f6f8f536
[10] 7ff6f6f8ce99
[11] 7ff6f6f9baa6
[12] 7ff6f6f9a197
[13] 7ff6f6f91e13
[14] 7ff6f6f8fd59
[15] 7ff6f6fa0f32
[16] 7ff6f6f8bd40
[17] 7ff6f6f8f1a9
[18] 7ff6f6f8caac
[19] 7ff6f6f8bdce
[20] 7ff6f6f8b52e
[21] 7ff6f6f9b512
[22] 7ff6f6c2126b
[23] 7ff6f6c22092
[24] 7ff6f6c2772e
[25] 7ffd6fbdcd87 BaseThreadInitThunk
[26] 7ffd70e0caec RtlUserThreadStart
[Error] Could not apply patch from file /objects/CORPSES/gic_frostwanderercorpse1/gic_frostwanderercorpse1.object.patch in source: ..\mods\female_translation.pak.  Caused by: (JsonPatchException) Could not apply patch to base. (JsonPatchException) Could not apply operation to base. (JsonException) Cannot call get with key on Json type array, must be Object type
[Error] Exception caught loading asset: /client.config:defaultFootstepSound, (AssetException) Could not read JSON asset /client.config
[0] 7ff6f6c2b2a3
[1] 7ff6f6c29fce
[2] 7ff6f6c2a0b8
[3] 7ff6f6c39e20
[4] 7ff6f7359d81
[5] 7ffd4930bb00 _CxxFrameHandler3
[6] 7ffd492f33c7 is_exception_typeof
[7] 7ffd70e841b6 RtlCaptureContext2
[8] 7ff6f6c3c712
[9] 7ff6f6c39b3b
[10] 7ff6f6c454dd
[11] 7ff6f6c44633
[12] 7ff6f6c4534e
[13] 7ff6f6c44633
[14] 7ff6f6c40bbf
[15] 7ff6f6c426fb
[16] 7ff6f6c442b9
[17] 7ff6f6db9545
[18] 7ff6f6f94f25
[19] 7ff6f6f99c49
[20] 7ff6f6f8bc4f
[21] 7ff6f6f8f636
[22] 7ff6f6f8ce09
[23] 7ff6f6f9bc26
[24] 7ff6f6f9a197
[25] 7ff6f6f91a23
[26] 7ff6f6f8fc69
[27] 7ff6f6fa0c72
[28] 7ff6f6f8bd40
[29] 7ff6f6f8f1a9
[30] 7ff6f6f8caac
[31] 7ff6f6f8bdce
[32] 7ff6f6f8b52e
[33] 7ff6f6f9b512
[34] 7ff6f6c2126b
[35] 7ff6f6c22092
[36] 7ff6f6c2772e
[37] 7ffd6fbdcd87 BaseThreadInitThunk
[38] 7ffd70e0caec RtlUserThreadStart
Caused by: (JsonParsingException) Cannot parse json file: /client.config
[0] 7ff6f6c2b2a3
[1] 7ff6f6c29fce
[2] 7ff6f6c2a0b8
[3] 7ff6f6c3a980
[4] 7ff6f735b16b
[5] 7ffd4930bb00 _CxxFrameHandler3
[6] 7ffd492f33c7 is_exception_typeof
[7] 7ffd70e841b6 RtlCaptureContext2
[8] 7ff6f6c47a07
[9] 7ff6f6c3c712
[10] 7ff6f6c39b3b
[11] 7ff6f6c454dd
[12] 7ff6f6c44633
[13] 7ff6f6c4534e
[14] 7ff6f6c44633
[15] 7ff6f6c40bbf
[16] 7ff6f6c426fb
[17] 7ff6f6c442b9
[18] 7ff6f6db9545
[19] 7ff6f6f94f25
[20] 7ff6f6f99c49
[21] 7ff6f6f8bc4f
[22] 7ff6f6f8f636
[23] 7ff6f6f8ce09
[24] 7ff6f6f9bc26
[25] 7ff6f6f9a197
[26] 7ff6f6f91a23
[27] 7ff6f6f8fc69
[28] 7ff6f6fa0c72
[29] 7ff6f6f8bd40
[30] 7ff6f6f8f1a9
[31] 7ff6f6f8caac
[32] 7ff6f6f8bdce
[33] 7ff6f6f8b52e
[34] 7ff6f6f9b512
[35] 7ff6f6c2126b
[36] 7ff6f6c22092
[37] 7ff6f6c2772e
[38] 7ffd6fbdcd87 BaseThreadInitThunk
[39] 7ffd70e0caec RtlUserThreadStart
Caused by: (JsonException) Improper conversion to JsonArray from object
[0] 7ff6f6c2b2a3
[1] 7ff6f6c29fce
[2] 7ff6f6bc4f4a
[3] 7ff6f6bd2382
[4] 7ff6f6c47a07
[5] 7ff6f6c3c712
[6] 7ff6f6c39b3b
[7] 7ff6f6c454dd
[8] 7ff6f6c44633
[9] 7ff6f6c4534e
[10] 7ff6f6c44633
[11] 7ff6f6c40bbf
[12] 7ff6f6c426fb
[13] 7ff6f6c442b9
[14] 7ff6f6db9545
[15] 7ff6f6f94f25
[16] 7ff6f6f99c49
[17] 7ff6f6f8bc4f
[18] 7ff6f6f8f636
[19] 7ff6f6f8ce09
[20] 7ff6f6f9bc26
[21] 7ff6f6f9a197
[22] 7ff6f6f91a23
[23] 7ff6f6f8fc69
[24] 7ff6f6fa0c72
[25] 7ff6f6f8bd40
[26] 7ff6f6f8f1a9
[27] 7ff6f6f8caac
[28] 7ff6f6f8bdce
[29] 7ff6f6f8b52e
[30] 7ff6f6f9b512
[31] 7ff6f6c2126b
[32] 7ff6f6c22092
[33] 7ff6f6c2772e
[34] 7ffd6fbdcd87 BaseThreadInitThunk
[35] 7ffd70e0caec RtlUserThreadStart
[Error] Exception caught loading asset: /objects/avikan/vehicles/avikanaircraft/avikanaircraft.object, (AssetException) Could not read JSON asset /objects/avikan/vehicles/avikanaircraft/avikanaircraft.object
[0] 7ff6f6c2b2a3
[1] 7ff6f6c29fce
[2] 7ff6f6c2a0b8
[3] 7ff6f6c39e20
[4] 7ff6f7359d81
[5] 7ffd4930bb00 _CxxFrameHandler3
[6] 7ffd492f33c7 is_exception_typeof
[7] 7ffd70e841b6 RtlCaptureContext2
[8] 7ff6f6c3c712
[9] 7ff6f6c39b3b
[10] 7ff6f6c454dd
[11] 7ff6f6c44633
[12] 7ff6f6c40bbf
[13] 7ff6f6c4af6b
[14] 7ff6f6c271f7
[15] 7ff6f6c2772e
[16] 7ffd6fbdcd87 BaseThreadInitThunk
[17] 7ffd70e0caec RtlUserThreadStart
Caused by: (JsonParsingException) Cannot parse json file: /objects/avikan/vehicles/avikanaircraft/avikanaircraft.object
[0] 7ff6f6c2b2a3
[1] 7ff6f6c29fce
[2] 7ff6f6c2a0b8
[3] 7ff6f6c3a980
[4] 7ff6f735b16b
[5] 7ffd4930bb00 _CxxFrameHandler3
[6] 7ffd492f33c7 is_exception_typeof
[7] 7ffd70e841b6 RtlCaptureContext2
[8] 7ff6f6c47b17
[9] 7ff6f6c3c712
[10] 7ff6f6c39b3b
[11] 7ff6f6c454dd
[12] 7ff6f6c44633
[13] 7ff6f6c40bbf
[14] 7ff6f6c4af6b
[15] 7ff6f6c271f7
[16] 7ff6f6c2772e
[17] 7ffd6fbdcd87 BaseThreadInitThunk
[18] 7ffd70e0caec RtlUserThreadStart
Caused by: (JsonException) Improper conversion to JsonArray from object
[0] 7ff6f6c2b2a3
[1] 7ff6f6c29fce
[2] 7ff6f6bc4f4a
[3] 7ff6f6bd2382
[4] 7ff6f6c47b17
[5] 7ff6f6c3c712
[6] 7ff6f6c39b3b
[7] 7ff6f6c454dd
[8] 7ff6f6c44633
[9] 7ff6f6c40bbf
[10] 7ff6f6c4af6b
[11] 7ff6f6c271f7
[12] 7ff6f6c2772e
[13] 7ffd6fbdcd87 BaseThreadInitThunk
[14] 7ffd70e0caec RtlUserThreadStart
[Error] Error loading object file /objects/avikan/vehicles/avikanaircraft/avikanaircraft.object: (AssetException) Error loading asset /objects/avikan/vehicles/avikanaircraft/avikanaircraft.object
[0] 7ff6f6c2b2a3
[1] 7ff6f6c29fce
[2] 7ff6f6c366ca
[3] 7ff6f6c427c2
[4] 7ff6f6c442b9
[5] 7ff6f6eac254
[6] 7ff6f6f95105
[7] 7ff6f6f99749
[8] 7ff6f6f8bacf
[9] 7ff6f6f8f536
[10] 7ff6f6f8ce99
[11] 7ff6f6f9baa6
[12] 7ff6f6f9a197
[13] 7ff6f6f91e13
[14] 7ff6f6f8fd59
[15] 7ff6f6fa0f32
[16] 7ff6f6f8bd40
[17] 7ff6f6f8f1a9
[18] 7ff6f6f8caac
[19] 7ff6f6f8bdce
[20] 7ff6f6f8b52e
[21] 7ff6f6f9b512
[22] 7ff6f6c2126b
[23] 7ff6f6c22092
[24] 7ff6f6c2772e
[25] 7ffd6fbdcd87 BaseThreadInitThunk
[26] 7ffd70e0caec RtlUserThreadStart
[Error] Could not apply patch from file /objects/sheilaworkshop/black_radios/black_circleinthesand/black_circleinthesand.object.patch in source: ..\mods\female_translation.pak.  Caused by: (JsonPatchException) Could not apply patch to base. (JsonPatchException) Could not apply operation to base. (JsonException) Cannot call get with key on Json type array, must be Object type
[Error] Exception caught loading asset: /objects/alta/scout/drone_spawner/ct_alta_drone_spawner.object, (AssetException) Could not read JSON asset /objects/alta/scout/drone_spawner/ct_alta_drone_spawner.object
[0] 7ff6f6c2b2a3
[1] 7ff6f6c29fce
[2] 7ff6f6c2a0b8
[3] 7ff6f6c39e20
[4] 7ff6f7359d81
[5] 7ffd4930bb00 _CxxFrameHandler3
[6] 7ffd492f33c7 is_exception_typeof
[7] 7ffd70e841b6 RtlCaptureContext2
[8] 7ff6f6c3c712
[9] 7ff6f6c39b3b
[10] 7ff6f6c454dd
[11] 7ff6f6c44633
[12] 7ff6f6c40bbf
[13] 7ff6f6c4af6b
[14] 7ff6f6c271f7
[15] 7ff6f6c2772e
[16] 7ffd6fbdcd87 BaseThreadInitThunk
[17] 7ffd70e0caec RtlUserThreadStart
Caused by: (JsonParsingException) Cannot parse json file: /objects/alta/scout/drone_spawner/ct_alta_drone_spawner.object
[0] 7ff6f6c2b2a3
[1] 7ff6f6c29fce
[2] 7ff6f6c2a0b8
[3] 7ff6f6c3a980
[4] 7ff6f735b16b
[5] 7ffd4930bb00 _CxxFrameHandler3
[6] 7ffd492f33c7 is_exception_typeof
[7] 7ffd70e841b6 RtlCaptureContext2
[8] 7ff6f6c47b17
[9] 7ff6f6c3c712
[10] 7ff6f6c39b3b
[11] 7ff6f6c454dd
[12] 7ff6f6c44633
[13] 7ff6f6c40bbf
[14] 7ff6f6c4af6b
[15] 7ff6f6c271f7
[16] 7ff6f6c2772e
[17] 7ffd6fbdcd87 BaseThreadInitThunk
[18] 7ffd70e0caec RtlUserThreadStart
Caused by: (JsonException) Improper conversion to JsonArray from object
[0] 7ff6f6c2b2a3
[1] 7ff6f6c29fce
[2] 7ff6f6bc4f4a
[3] 7ff6f6bd2382
[4] 7ff6f6c47b17
[5] 7ff6f6c3c712
[6] 7ff6f6c39b3b
[7] 7ff6f6c454dd
[8] 7ff6f6c44633
[9] 7ff6f6c40bbf
[10] 7ff6f6c4af6b
[11] 7ff6f6c271f7
[12] 7ff6f6c2772e
[13] 7ffd6fbdcd87 BaseThreadInitThunk
[14] 7ffd70e0caec RtlUserThreadStart
[Error] Error loading object file /objects/alta/scout/drone_spawner/ct_alta_drone_spawner.object: (AssetException) Error loading asset /objects/alta/scout/drone_spawner/ct_alta_drone_spawner.object
[0] 7ff6f6c2b2a3
[1] 7ff6f6c29fce
[2] 7ff6f6c366ca
[3] 7ff6f6c427c2
[4] 7ff6f6c442b9
[5] 7ff6f6eac254
[6] 7ff6f6f95105
[7] 7ff6f6f99749
[8] 7ff6f6f8bacf
[9] 7ff6f6f8f536
[10] 7ff6f6f8ce99
[11] 7ff6f6f9baa6
[12] 7ff6f6f9a197
[13] 7ff6f6f91e13
[14] 7ff6f6f8fd59
[15] 7ff6f6fa0f32
[16] 7ff6f6f8bd40
[17] 7ff6f6f8f1a9
[18] 7ff6f6f8caac
[19] 7ff6f6f8bdce
[20] 7ff6f6f8b52e
[21] 7ff6f6f9b512
[22] 7ff6f6c2126b
[23] 7ff6f6c22092
[24] 7ff6f6c2772e
[25] 7ffd6fbdcd87 BaseThreadInitThunk
[26] 7ffd70e0caec RtlUserThreadStart
[Info] Root: Loaded TerrainDatabase in 0.0170558 seconds
[Error] Exception caught loading asset: /objects/crafting/containerrecycler/containerrecycler.object, (AssetException) Could not read JSON asset /objects/crafting/containerrecycler/containerrecycler.object
[0] 7ff6f6c2b2a3
[1] 7ff6f6c29fce
[2] 7ff6f6c2a0b8
[3] 7ff6f6c39e20
[4] 7ff6f7359d81
[5] 7ffd4930bb00 _CxxFrameHandler3
[6] 7ffd492f33c7 is_exception_typeof
[7] 7ffd70e841b6 RtlCaptureContext2
[8] 7ff6f6c3c712
[9] 7ff6f6c39b3b
[10] 7ff6f6c454dd
[11] 7ff6f6c44633
[12] 7ff6f6c40bbf
[13] 7ff6f6c4af6b
[14] 7ff6f6c271f7
[15] 7ff6f6c2772e
[16] 7ffd6fbdcd87 BaseThreadInitThunk
[17] 7ffd70e0caec RtlUserThreadStart
Caused by: (JsonParsingException) Cannot parse json file: /objects/crafting/containerrecycler/containerrecycler.object
[0] 7ff6f6c2b2a3
[1] 7ff6f6c29fce
[2] 7ff6f6c2a0b8
[3] 7ff6f6c3a980
[4] 7ff6f735b16b
[5] 7ffd4930bb00 _CxxFrameHandler3
[6] 7ffd492f33c7 is_exception_typeof
[7] 7ffd70e841b6 RtlCaptureContext2
[8] 7ff6f6c47b17
[9] 7ff6f6c3c712
[10] 7ff6f6c39b3b
[11] 7ff6f6c454dd
[12] 7ff6f6c44633
[13] 7ff6f6c40bbf
[14] 7ff6f6c4af6b
[15] 7ff6f6c271f7
[16] 7ff6f6c2772e
[17] 7ffd6fbdcd87 BaseThreadInitThunk
[18] 7ffd70e0caec RtlUserThreadStart
Caused by: (JsonException) Improper conversion to JsonArray from object
[0] 7ff6f6c2b2a3
[1] 7ff6f6c29fce
[2] 7ff6f6bc4f4a
[3] 7ff6f6bd2382
[4] 7ff6f6c47b17
[5] 7ff6f6c3c712
[6] 7ff6f6c39b3b
[7] 7ff6f6c454dd
[8] 7ff6f6c44633
[9] 7ff6f6c40bbf
[10] 7ff6f6c4af6b
[11] 7ff6f6c271f7
[12] 7ff6f6c2772e
[13] 7ffd6fbdcd87 BaseThreadInitThunk
[14] 7ffd70e0caec RtlUserThreadStart
[Error] Error loading object file /objects/crafting/containerrecycler/containerrecycler.object: (AssetException) Error loading asset /objects/crafting/containerrecycler/containerrecycler.object
[0] 7ff6f6c2b2a3
[1] 7ff6f6c29fce
[2] 7ff6f6c366ca
[3] 7ff6f6c427c2
[4] 7ff6f6c442b9
[5] 7ff6f6eac254
[6] 7ff6f6f95105
[7] 7ff6f6f99749
[8] 7ff6f6f8bacf
[9] 7ff6f6f8f536
[10] 7ff6f6f8ce99
[11] 7ff6f6f9baa6
[12] 7ff6f6f9a197
[13] 7ff6f6f91e13
[14] 7ff6f6f8fd59
[15] 7ff6f6fa0f32
[16] 7ff6f6f8bd40
[17] 7ff6f6f8f1a9
[18] 7ff6f6f8caac
[19] 7ff6f6f8bdce
[20] 7ff6f6f8b52e
[21] 7ff6f6f9b512
[22] 7ff6f6c2126b
[23] 7ff6f6c22092
[24] 7ff6f6c2772e
[25] 7ffd6fbdcd87 BaseThreadInitThunk
[26] 7ffd70e0caec RtlUserThreadStart
[Error] Exception caught loading asset: /objects/crafting/mk_furnituredyestation/mk_furnituredyestation.object, (AssetException) Could not read JSON asset /objects/crafting/mk_furnituredyestation/mk_furnituredyestation.object
[0] 7ff6f6c2b2a3
[1] 7ff6f6c29fce
[2] 7ff6f6c2a0b8
[3] 7ff6f6c39e20
[4] 7ff6f7359d81
[5] 7ffd4930bb00 _CxxFrameHandler3
[6] 7ffd492f33c7 is_exception_typeof
[7] 7ffd70e841b6 RtlCaptureContext2
[8] 7ff6f6c3c712
[9] 7ff6f6c39b3b
[10] 7ff6f6c454dd
[11] 7ff6f6c44633
[12] 7ff6f6c40bbf
[13] 7ff6f6c4af6b
[14] 7ff6f6c271f7
[15] 7ff6f6c2772e
[16] 7ffd6fbdcd87 BaseThreadInitThunk
[17] 7ffd70e0caec RtlUserThreadStart
Caused by: (JsonParsingException) Cannot parse json file: /objects/crafting/mk_furnituredyestation/mk_furnituredyestation.object
[0] 7ff6f6c2b2a3
[1] 7ff6f6c29fce
[2] 7ff6f6c2a0b8
[3] 7ff6f6c3a980
[4] 7ff6f735b16b
[5] 7ffd4930bb00 _CxxFrameHandler3
[6] 7ffd492f33c7 is_exception_typeof
[7] 7ffd70e841b6 RtlCaptureContext2
[8] 7ff6f6c47b17
[9] 7ff6f6c3c712
[10] 7ff6f6c39b3b
[11] 7ff6f6c454dd
[12] 7ff6f6c44633
[13] 7ff6f6c40bbf
[14] 7ff6f6c4af6b
[15] 7ff6f6c271f7
[16] 7ff6f6c2772e
[17] 7ffd6fbdcd87 BaseThreadInitThunk
[18] 7ffd70e0caec RtlUserThreadStart
Caused by: (JsonException) Improper conversion to JsonArray from object
[0] 7ff6f6c2b2a3
[1] 7ff6f6c29fce
[2] 7ff6f6bc4f4a
[3] 7ff6f6bd2382
[4] 7ff6f6c47b17
[5] 7ff6f6c3c712
[6] 7ff6f6c39b3b
[7] 7ff6f6c454dd
[8] 7ff6f6c44633
[9] 7ff6f6c40bbf
[10] 7ff6f6c4af6b
[11] 7ff6f6c271f7
[12] 7ff6f6c2772e
[13] 7ffd6fbdcd87 BaseThreadInitThunk
[14] 7ffd70e0caec RtlUserThreadStart
[Error] Error loading object file /objects/crafting/mk_furnituredyestation/mk_furnituredyestation.object: (AssetException) Error loading asset /objects/crafting/mk_furnituredyestation/mk_furnituredyestation.object
[0] 7ff6f6c2b2a3
[1] 7ff6f6c29fce
[2] 7ff6f6c366ca
[3] 7ff6f6c427c2
[4] 7ff6f6c442b9
[5] 7ff6f6eac254
[6] 7ff6f6f95105
[7] 7ff6f6f99749
[8] 7ff6f6f8bacf
[9] 7ff6f6f8f536
[10] 7ff6f6f8ce99
[11] 7ff6f6f9baa6
[12] 7ff6f6f9a197
[13] 7ff6f6f91e13
[14] 7ff6f6f8fd59
[15] 7ff6f6fa0f32
[16] 7ff6f6f8bd40
[17] 7ff6f6f8f1a9
[18] 7ff6f6f8caac
[19] 7ff6f6f8bdce
[20] 7ff6f6f8b52e
[21] 7ff6f6f9b512
[22] 7ff6f6c2126b
[23] 7ff6f6c22092
[24] 7ff6f6c2772e
[25] 7ffd6fbdcd87 BaseThreadInitThunk
[26] 7ffd70e0caec RtlUserThreadStart
[Error] Exception caught loading asset: /objects/ship/fupeglacishiplocker/shiplockeroff.object, (AssetException) Could not read JSON asset /objects/ship/fupeglacishiplocker/shiplockeroff.object
[0] 7ff6f6c2b2a3
[1] 7ff6f6c29fce
[2] 7ff6f6c2a0b8
[3] 7ff6f6c39e20
[4] 7ff6f7359d81
[5] 7ffd4930bb00 _CxxFrameHandler3
[6] 7ffd492f33c7 is_exception_typeof
[7] 7ffd70e841b6 RtlCaptureContext2
[8] 7ff6f6c3c712
[9] 7ff6f6c39b3b
[10] 7ff6f6c454dd
[11] 7ff6f6c44633
[12] 7ff6f6c40bbf
[13] 7ff6f6c4af6b
[14] 7ff6f6c271f7
[15] 7ff6f6c2772e
[16] 7ffd6fbdcd87 BaseThreadInitThunk
[17] 7ffd70e0caec RtlUserThreadStart
Caused by: (JsonParsingException) Cannot parse json file: /objects/ship/fupeglacishiplocker/shiplockeroff.object
[0] 7ff6f6c2b2a3
[1] 7ff6f6c29fce
[2] 7ff6f6c2a0b8
[3] 7ff6f6c3a980
[4] 7ff6f735b16b
[5] 7ffd4930bb00 _CxxFrameHandler3
[6] 7ffd492f33c7 is_exception_typeof
[7] 7ffd70e841b6 RtlCaptureContext2
[8] 7ff6f6c47b17
[9] 7ff6f6c3c712
[10] 7ff6f6c39b3b
[11] 7ff6f6c454dd
[12] 7ff6f6c44633
[13] 7ff6f6c40bbf
[14] 7ff6f6c4af6b
[15] 7ff6f6c271f7
[16] 7ff6f6c2772e
[17] 7ffd6fbdcd87 BaseThreadInitThunk
[18] 7ffd70e0caec RtlUserThreadStart
Caused by: (JsonException) Improper conversion to JsonArray from object
[0] 7ff6f6c2b2a3
[1] 7ff6f6c29fce
[2] 7ff6f6bc4f4a
[3] 7ff6f6bd2382
[4] 7ff6f6c47b17
[5] 7ff6f6c3c712
[6] 7ff6f6c39b3b
[7] 7ff6f6c454dd
[8] 7ff6f6c44633
[9] 7ff6f6c40bbf
[10] 7ff6f6c4af6b
[11] 7ff6f6c271f7
[12] 7ff6f6c2772e
[13] 7ffd6fbdcd87 BaseThreadInitThunk
[14] 7ffd70e0caec RtlUserThreadStart
[Error] Error loading object file /objects/ship/fupeglacishiplocker/shiplockeroff.object: (AssetException) Error loading asset /objects/ship/fupeglacishiplocker/shiplockeroff.object
[0] 7ff6f6c2b2a3
[1] 7ff6f6c29fce
[2] 7ff6f6c366ca
[3] 7ff6f6c427c2
[4] 7ff6f6c442b9
[5] 7ff6f6eac254
[6] 7ff6f6f95105
[7] 7ff6f6f99749
[8] 7ff6f6f8bacf
[9] 7ff6f6f8f536
[10] 7ff6f6f8ce99
[11] 7ff6f6f9baa6
[12] 7ff6f6f9a197
[13] 7ff6f6f91e13
[14] 7ff6f6f8fd59
[15] 7ff6f6fa0f32
[16] 7ff6f6f8bd40
[17] 7ff6f6f8f1a9
[18] 7ff6f6f8caac
[19] 7ff6f6f8bdce
[20] 7ff6f6f8b52e
[21] 7ff6f6f9b512
[22] 7ff6f6c2126b
[23] 7ff6f6c22092
[24] 7ff6f6c2772e
[25] 7ffd6fbdcd87 BaseThreadInitThunk
[26] 7ffd70e0caec RtlUserThreadStart
[Error] Exception caught loading asset: /objects/alta/special/figurines/poptop/ct_crystal_poptop.object, (AssetException) Could not read JSON asset /objects/alta/special/figurines/poptop/ct_crystal_poptop.object
[0] 7ff6f6c2b2a3
[1] 7ff6f6c29fce
[2] 7ff6f6c2a0b8
[3] 7ff6f6c39e20
[4] 7ff6f7359d81
[5] 7ffd4930bb00 _CxxFrameHandler3
[6] 7ffd492f33c7 is_exception_typeof
[7] 7ffd70e841b6 RtlCaptureContext2
[8] 7ff6f6c3c712
[9] 7ff6f6c39b3b
[10] 7ff6f6c454dd
[11] 7ff6f6c44633
[12] 7ff6f6c40bbf
[13] 7ff6f6c4af6b
[14] 7ff6f6c271f7
[15] 7ff6f6c2772e
[16] 7ffd6fbdcd87 BaseThreadInitThunk
[17] 7ffd70e0caec RtlUserThreadStart
Caused by: (JsonParsingException) Cannot parse json file: /objects/alta/special/figurines/poptop/ct_crystal_poptop.object
[0] 7ff6f6c2b2a3
[1] 7ff6f6c29fce
[2] 7ff6f6c2a0b8
[3] 7ff6f6c3a980
[4] 7ff6f735b16b
[5] 7ffd4930bb00 _CxxFrameHandler3
[6] 7ffd492f33c7 is_exception_typeof
[7] 7ffd70e841b6 RtlCaptureContext2
[8] 7ff6f6c47b17
[9] 7ff6f6c3c712
[10] 7ff6f6c39b3b
[11] 7ff6f6c454dd
[12] 7ff6f6c44633
[13] 7ff6f6c40bbf
[14] 7ff6f6c4af6b
[15] 7ff6f6c271f7
[16] 7ff6f6c2772e
[17] 7ffd6fbdcd87 BaseThreadInitThunk
[18] 7ffd70e0caec RtlUserThreadStart
Caused by: (JsonException) Improper conversion to JsonArray from object
[0] 7ff6f6c2b2a3
[1] 7ff6f6c29fce
[2] 7ff6f6bc4f4a
[3] 7ff6f6bd2382
[4] 7ff6f6c47b17
[5] 7ff6f6c3c712
[6] 7ff6f6c39b3b
[7] 7ff6f6c454dd
[8] 7ff6f6c44633
[9] 7ff6f6c40bbf
[10] 7ff6f6c4af6b
[11] 7ff6f6c271f7
[12] 7ff6f6c2772e
[13] 7ffd6fbdcd87 BaseThreadInitThunk
[14] 7ffd70e0caec RtlUserThreadStart
[Error] Error loading object file /objects/alta/special/figurines/poptop/ct_crystal_poptop.object: (AssetException) Error loading asset /objects/alta/special/figurines/poptop/ct_crystal_poptop.object
[0] 7ff6f6c2b2a3
[1] 7ff6f6c29fce
[2] 7ff6f6c366ca
[3] 7ff6f6c427c2
[4] 7ff6f6c442b9
[5] 7ff6f6eac254
[6] 7ff6f6f95105
[7] 7ff6f6f99749
[8] 7ff6f6f8bacf
[9] 7ff6f6f8f536
[10] 7ff6f6f8ce99
[11] 7ff6f6f9baa6
[12] 7ff6f6f9a197
[13] 7ff6f6f91e13
[14] 7ff6f6f8fd59
[15] 7ff6f6fa0f32
[16] 7ff6f6f8bd40
[17] 7ff6f6f8f1a9
[18] 7ff6f6f8caac
[19] 7ff6f6f8bdce
[20] 7ff6f6f8b52e
[21] 7ff6f6f9b512
[22] 7ff6f6c2126b
[23] 7ff6f6c22092
[24] 7ff6f6c2772e
[25] 7ffd6fbdcd87 BaseThreadInitThunk
[26] 7ffd70e0caec RtlUserThreadStart
[Error] Could not apply patch from file /objects/crafting/sheilaworkshop/sheilaworkshop.object.patch in source: ..\mods\female_translation.pak.  Caused by: (JsonPatchException) Could not apply patch to base. (JsonPatchException) Could not apply operation to base. (JsonException) Cannot call get with key on Json type array, must be Object type
[Error] Exception caught loading asset: /objects/arcana/farmables/fluxrootSeed/arcana_farmable_fluxrootSeed.object, (AssetException) Could not read JSON asset /objects/arcana/farmables/fluxrootSeed/arcana_farmable_fluxrootSeed.object
[0] 7ff6f6c2b2a3
[1] 7ff6f6c29fce
[2] 7ff6f6c2a0b8
[3] 7ff6f6c39e20
[4] 7ff6f7359d81
[5] 7ffd4930bb00 _CxxFrameHandler3
[6] 7ffd492f33c7 is_exception_typeof
[7] 7ffd70e841b6 RtlCaptureContext2
[8] 7ff6f6c3c712
[9] 7ff6f6c39b3b
[10] 7ff6f6c454dd
[11] 7ff6f6c44633
[12] 7ff6f6c40bbf
[13] 7ff6f6c4af6b
[14] 7ff6f6c271f7
[15] 7ff6f6c2772e
[16] 7ffd6fbdcd87 BaseThreadInitThunk
[17] 7ffd70e0caec RtlUserThreadStart
Caused by: (JsonParsingException) Cannot parse json file: /objects/arcana/farmables/fluxrootSeed/arcana_farmable_fluxrootSeed.object
[0] 7ff6f6c2b2a3
[1] 7ff6f6c29fce
[2] 7ff6f6c2a0b8
[3] 7ff6f6c3a980
[4] 7ff6f735b16b
[5] 7ffd4930bb00 _CxxFrameHandler3
[6] 7ffd492f33c7 is_exception_typeof
[7] 7ffd70e841b6 RtlCaptureContext2
[8] 7ff6f6c47b17
[9] 7ff6f6c3c712
[10] 7ff6f6c39b3b
[11] 7ff6f6c454dd
[12] 7ff6f6c44633
[13] 7ff6f6c40bbf
[14] 7ff6f6c4af6b
[15] 7ff6f6c271f7
[16] 7ff6f6c2772e
[17] 7ffd6fbdcd87 BaseThreadInitThunk
[18] 7ffd70e0caec RtlUserThreadStart
Caused by: (JsonException) Improper conversion to JsonArray from object
[0] 7ff6f6c2b2a3
[1] 7ff6f6c29fce
[2] 7ff6f6bc4f4a
[3] 7ff6f6bd2382
[4] 7ff6f6c47b17
[5] 7ff6f6c3c712
[6] 7ff6f6c39b3b
[7] 7ff6f6c454dd
[8] 7ff6f6c44633
[9] 7ff6f6c40bbf
[10] 7ff6f6c4af6b
[11] 7ff6f6c271f7
[12] 7ff6f6c2772e
[13] 7ffd6fbdcd87 BaseThreadInitThunk
[14] 7ffd70e0caec RtlUserThreadStart
[Error] Error loading object file /objects/arcana/farmables/fluxrootSeed/arcana_farmable_fluxrootSeed.object: (AssetException) Error loading asset /objects/arcana/farmables/fluxrootSeed/arcana_farmable_fluxrootSeed.object
[0] 7ff6f6c2b2a3
[1] 7ff6f6c29fce
[2] 7ff6f6c366ca
[3] 7ff6f6c427c2
[4] 7ff6f6c442b9
[5] 7ff6f6eac254
[6] 7ff6f6f95105
[7] 7ff6f6f99749
[8] 7ff6f6f8bacf
[9] 7ff6f6f8f536
[10] 7ff6f6f8ce99
[11] 7ff6f6f9baa6
[12] 7ff6f6f9a197
[13] 7ff6f6f91e13
[14] 7ff6f6f8fd59
[15] 7ff6f6fa0f32
[16] 7ff6f6f8bd40
[17] 7ff6f6f8f1a9
[18] 7ff6f6f8caac
[19] 7ff6f6f8bdce
[20] 7ff6f6f8b52e
[21] 7ff6f6f9b512
[22] 7ff6f6c2126b
[23] 7ff6f6c22092
[24] 7ff6f6c2772e
[25] 7ffd6fbdcd87 BaseThreadInitThunk
[26] 7ffd70e0caec RtlUserThreadStart
[Error] Could not apply patch from file /objects/SPACE/gic_spacestationslidingdoor_hazard/gic_spacestationslidingdoor_hazard.object.patch in source: ..\mods\female_translation.pak.  Caused by: (JsonPatchException) Could not apply patch to base. (JsonPatchException) Could not apply operation to base. (JsonException) Cannot call get with key on Json type array, must be Object type
[Error] Exception caught loading asset: /objects/thelean/theleanscoutship/theleanscoutship.object, (AssetException) Could not read JSON asset /objects/thelean/theleanscoutship/theleanscoutship.object
[0] 7ff6f6c2b2a3
[1] 7ff6f6c29fce
[2] 7ff6f6c2a0b8
[3] 7ff6f6c39e20
[4] 7ff6f7359d81
[5] 7ffd4930bb00 _CxxFrameHandler3
[6] 7ffd492f33c7 is_exception_typeof
[7] 7ffd70e841b6 RtlCaptureContext2
[8] 7ff6f6c3c712
[9] 7ff6f6c39b3b
[10] 7ff6f6c454dd
[11] 7ff6f6c44633
[12] 7ff6f6c40bbf
[13] 7ff6f6c4af6b
[14] 7ff6f6c271f7
[15] 7ff6f6c2772e
[16] 7ffd6fbdcd87 BaseThreadInitThunk
[17] 7ffd70e0caec RtlUserThreadStart
Caused by: (JsonParsingException) Cannot parse json file: /objects/thelean/theleanscoutship/theleanscoutship.object
[0] 7ff6f6c2b2a3
[1] 7ff6f6c29fce
[2] 7ff6f6c2a0b8
[3] 7ff6f6c3a980
[4] 7ff6f735b16b
[5] 7ffd4930bb00 _CxxFrameHandler3
[6] 7ffd492f33c7 is_exception_typeof
[7] 7ffd70e841b6 RtlCaptureContext2
[8] 7ff6f6c47b17
[9] 7ff6f6c3c712
[10] 7ff6f6c39b3b
[11] 7ff6f6c454dd
[12] 7ff6f6c44633
[13] 7ff6f6c40bbf
[14] 7ff6f6c4af6b
[15] 7ff6f6c271f7
[16] 7ff6f6c2772e
[17] 7ffd6fbdcd87 BaseThreadInitThunk
[18] 7ffd70e0caec RtlUserThreadStart
Caused by: (JsonException) Improper conversion to JsonArray from object
[0] 7ff6f6c2b2a3
[1] 7ff6f6c29fce
[2] 7ff6f6bc4f4a
[3] 7ff6f6bd2382
[4] 7ff6f6c47b17
[5] 7ff6f6c3c712
[6] 7ff6f6c39b3b
[7] 7ff6f6c454dd
[8] 7ff6f6c44633
[9] 7ff6f6c40bbf
[10] 7ff6f6c4af6b
[11] 7ff6f6c271f7
[12] 7ff6f6c2772e
[13] 7ffd6fbdcd87 BaseThreadInitThunk
[14] 7ffd70e0caec RtlUserThreadStart
[Error] Error loading object file /objects/thelean/theleanscoutship/theleanscoutship.object: (AssetException) Error loading asset /objects/thelean/theleanscoutship/theleanscoutship.object
[0] 7ff6f6c2b2a3
[1] 7ff6f6c29fce
[2] 7ff6f6c366ca
[3] 7ff6f6c427c2
[4] 7ff6f6c442b9
[5] 7ff6f6eac254
[6] 7ff6f6f95105
[7] 7ff6f6f99749
[8] 7ff6f6f8bacf
[9] 7ff6f6f8f536
[10] 7ff6f6f8ce99
[11] 7ff6f6f9baa6
[12] 7ff6f6f9a197
[13] 7ff6f6f91e13
[14] 7ff6f6f8fd59
[15] 7ff6f6fa0f32
[16] 7ff6f6f8bd40
[17] 7ff6f6f8f1a9
[18] 7ff6f6f8caac
[19] 7ff6f6f8bdce
[20] 7ff6f6f8b52e
[21] 7ff6f6f9b512
[22] 7ff6f6c2126b
[23] 7ff6f6c22092
[24] 7ff6f6c2772e
[25] 7ffd6fbdcd87 BaseThreadInitThunk
[26] 7ffd70e0caec RtlUserThreadStart
[Error] Could not apply patch from file /objects/sheilaworkshop/black_radios/black_intheairtonight/black_intheairtonight.object.patch in source: ..\mods\female_translation.pak.  Caused by: (JsonPatchException) Could not apply patch to base. (JsonPatchException) Could not apply operation to base. (JsonException) Cannot call get with key on Json type array, must be Object type
[Error] Exception caught loading asset: /objects/teleporter/avikanrefugeteleporter/avikanrefugeteleporter.object, (AssetException) Could not read JSON asset /objects/teleporter/avikanrefugeteleporter/avikanrefugeteleporter.object
[0] 7ff6f6c2b2a3
[1] 7ff6f6c29fce
[2] 7ff6f6c2a0b8
[3] 7ff6f6c39e20
[4] 7ff6f7359d81
[5] 7ffd4930bb00 _CxxFrameHandler3
[6] 7ffd492f33c7 is_exception_typeof
[7] 7ffd70e841b6 RtlCaptureContext2
[8] 7ff6f6c3c712
[9] 7ff6f6c39b3b
[10] 7ff6f6c454dd
[11] 7ff6f6c44633
[12] 7ff6f6c40bbf
[13] 7ff6f6c4af6b
[14] 7ff6f6c271f7
[15] 7ff6f6c2772e
[16] 7ffd6fbdcd87 BaseThreadInitThunk
[17] 7ffd70e0caec RtlUserThreadStart
Caused by: (JsonParsingException) Cannot parse json file: /objects/teleporter/avikanrefugeteleporter/avikanrefugeteleporter.object
[0] 7ff6f6c2b2a3
[1] 7ff6f6c29fce
[2] 7ff6f6c2a0b8
[3] 7ff6f6c3a980
[4] 7ff6f735b16b
[5] 7ffd4930bb00 _CxxFrameHandler3
[6] 7ffd492f33c7 is_exception_typeof
[7] 7ffd70e841b6 RtlCaptureContext2
[8] 7ff6f6c47b17
[9] 7ff6f6c3c712
[10] 7ff6f6c39b3b
[11] 7ff6f6c454dd
[12] 7ff6f6c44633
[13] 7ff6f6c40bbf
[14] 7ff6f6c4af6b
[15] 7ff6f6c271f7
[16] 7ff6f6c2772e
[17] 7ffd6fbdcd87 BaseThreadInitThunk
[18] 7ffd70e0caec RtlUserThreadStart
Caused by: (JsonException) Improper conversion to JsonArray from object
[0] 7ff6f6c2b2a3
[1] 7ff6f6c29fce
[2] 7ff6f6bc4f4a
[3] 7ff6f6bd2382
[4] 7ff6f6c47b17
[5] 7ff6f6c3c712
[6] 7ff6f6c39b3b
[7] 7ff6f6c454dd
[8] 7ff6f6c44633
[9] 7ff6f6c40bbf
[10] 7ff6f6c4af6b
[11] 7ff6f6c271f7
[12] 7ff6f6c2772e
[13] 7ffd6fbdcd87 BaseThreadInitThunk
[14] 7ffd70e0caec RtlUserThreadStart
[Error] Error loading object file /objects/teleporter/avikanrefugeteleporter/avikanrefugeteleporter.object: (AssetException) Error loading asset /objects/teleporter/avikanrefugeteleporter/avikanrefugeteleporter.object
[0] 7ff6f6c2b2a3
[1] 7ff6f6c29fce
[2] 7ff6f6c366ca
[3] 7ff6f6c427c2
[4] 7ff6f6c442b9
[5] 7ff6f6eac254
[6] 7ff6f6f95105
[7] 7ff6f6f99749
[8] 7ff6f6f8bacf
[9] 7ff6f6f8f536
[10] 7ff6f6f8ce99
[11] 7ff6f6f9baa6
[12] 7ff6f6f9a197
[13] 7ff6f6f91e13
[14] 7ff6f6f8fd59
[15] 7ff6f6fa0f32
[16] 7ff6f6f8bd40
[17] 7ff6f6f8f1a9
[18] 7ff6f6f8caac
[19] 7ff6f6f8bdce
[20] 7ff6f6f8b52e
[21] 7ff6f6f9b512
[22] 7ff6f6c2126b
[23] 7ff6f6c22092
[24] 7ff6f6c2772e
[25] 7ffd6fbdcd87 BaseThreadInitThunk
[26] 7ffd70e0caec RtlUserThreadStart
[Error] Exception caught loading asset: /objects/stickers/bosses/erchiushorrorsticker/PBerchiushorrorsticker.object, (AssetException) Could not read JSON asset /objects/stickers/bosses/erchiushorrorsticker/PBerchiushorrorsticker.object
[0] 7ff6f6c2b2a3
[1] 7ff6f6c29fce
[2] 7ff6f6c2a0b8
[3] 7ff6f6c39e20
[4] 7ff6f7359d81
[5] 7ffd4930bb00 _CxxFrameHandler3
[6] 7ffd492f33c7 is_exception_typeof
[7] 7ffd70e841b6 RtlCaptureContext2
[8] 7ff6f6c3c712
[9] 7ff6f6c39b3b
[10] 7ff6f6c454dd
[11] 7ff6f6c44633
[12] 7ff6f6c40bbf
[13] 7ff6f6c4af6b
[14] 7ff6f6c271f7
[15] 7ff6f6c2772e
[16] 7ffd6fbdcd87 BaseThreadInitThunk
[17] 7ffd70e0caec RtlUserThreadStart
Caused by: (JsonParsingException) Cannot parse json file: /objects/stickers/bosses/erchiushorrorsticker/PBerchiushorrorsticker.object
[0] 7ff6f6c2b2a3
[1] 7ff6f6c29fce
[2] 7ff6f6c2a0b8
[3] 7ff6f6c3a980
[4] 7ff6f735b16b
[5] 7ffd4930bb00 _CxxFrameHandler3
[6] 7ffd492f33c7 is_exception_typeof
[7] 7ffd70e841b6 RtlCaptureContext2
[8] 7ff6f6c47b17
[9] 7ff6f6c3c712
[10] 7ff6f6c39b3b
[11] 7ff6f6c454dd
[12] 7ff6f6c44633
[13] 7ff6f6c40bbf
[14] 7ff6f6c4af6b
[15] 7ff6f6c271f7
[16] 7ff6f6c2772e
[17] 7ffd6fbdcd87 BaseThreadInitThunk
[18] 7ffd70e0caec RtlUserThreadStart
Caused by: (JsonException) Improper conversion to JsonArray from object
[0] 7ff6f6c2b2a3
[1] 7ff6f6c29fce
[2] 7ff6f6bc4f4a
[3] 7ff6f6bd2382
[4] 7ff6f6c47b17
[5] 7ff6f6c3c712
[6] 7ff6f6c39b3b
[7] 7ff6f6c454dd
[8] 7ff6f6c44633
[9] 7ff6f6c40bbf
[10] 7ff6f6c4af6b
[11] 7ff6f6c271f7
[12] 7ff6f6c2772e
[13] 7ffd6fbdcd87 BaseThreadInitThunk
[14] 7ffd70e0caec RtlUserThreadStart
[Error] Error loading object file /objects/stickers/bosses/erchiushorrorsticker/PBerchiushorrorsticker.object: (AssetException) Error loading asset /objects/stickers/bosses/erchiushorrorsticker/PBerchiushorrorsticker.object
[0] 7ff6f6c2b2a3
[1] 7ff6f6c29fce
[2] 7ff6f6c366ca
[3] 7ff6f6c427c2
[4] 7ff6f6c442b9
[5] 7ff6f6eac254
[6] 7ff6f6f95105
[7] 7ff6f6f99749
[8] 7ff6f6f8bacf
[9] 7ff6f6f8f536
[10] 7ff6f6f8ce99
[11] 7ff6f6f9baa6
[12] 7ff6f6f9a197
[13] 7ff6f6f91e13
[14] 7ff6f6f8fd59
[15] 7ff6f6fa0f32
[16] 7ff6f6f8bd40
[17] 7ff6f6f8f1a9
[18] 7ff6f6f8caac
[19] 7ff6f6f8bdce
[20] 7ff6f6f8b52e
[21] 7ff6f6f9b512
[22] 7ff6f6c2126b
[23] 7ff6f6c22092
[24] 7ff6f6c2772e
[25] 7ffd6fbdcd87 BaseThreadInitThunk
[26] 7ffd70e0caec RtlUserThreadStart
[Error] Could not apply patch from file /objects/STATIC_VEHICLES/gic_crashedheli_back/gic_crashedheli_back.object.patch in source: ..\mods\female_translation.pak.  Caused by: (JsonPatchException) Could not apply patch to base. (JsonPatchException) Could not apply operation to base. (JsonException) Cannot call get with key on Json type array, must be Object type
[Error] Exception caught loading asset: /objects/ship/feneroxtechstation/feneroxtechstation.object, (AssetException) Could not read JSON asset /objects/ship/feneroxtechstation/feneroxtechstation.object
[0] 7ff6f6c2b2a3
[1] 7ff6f6c29fce
[2] 7ff6f6c2a0b8
[3] 7ff6f6c39e20
[4] 7ff6f7359d81
[5] 7ffd4930bb00 _CxxFrameHandler3
[6] 7ffd492f33c7 is_exception_typeof
[7] 7ffd70e841b6 RtlCaptureContext2
[8] 7ff6f6c3c712
[9] 7ff6f6c39b3b
[10] 7ff6f6c454dd
[11] 7ff6f6c44633
[12] 7ff6f6c40bbf
[13] 7ff6f6c4af6b
[14] 7ff6f6c271f7
[15] 7ff6f6c2772e
[16] 7ffd6fbdcd87 BaseThreadInitThunk
[17] 7ffd70e0caec RtlUserThreadStart
Caused by: (JsonParsingException) Cannot parse json file: /objects/ship/feneroxtechstation/feneroxtechstation.object
[0] 7ff6f6c2b2a3
[1] 7ff6f6c29fce
[2] 7ff6f6c2a0b8
[3] 7ff6f6c3a980
[4] 7ff6f735b16b
[5] 7ffd4930bb00 _CxxFrameHandler3
[6] 7ffd492f33c7 is_exception_typeof
[7] 7ffd70e841b6 RtlCaptureContext2
[8] 7ff6f6c47b17
[9] 7ff6f6c3c712
[10] 7ff6f6c39b3b
[11] 7ff6f6c454dd
[12] 7ff6f6c44633
[13] 7ff6f6c40bbf
[14] 7ff6f6c4af6b
[15] 7ff6f6c271f7
[16] 7ff6f6c2772e
[17] 7ffd6fbdcd87 BaseThreadInitThunk
[18] 7ffd70e0caec RtlUserThreadStart
Caused by: (JsonException) Improper conversion to JsonArray from object
[0] 7ff6f6c2b2a3
[1] 7ff6f6c29fce
[2] 7ff6f6bc4f4a
[3] 7ff6f6bd2382
[4] 7ff6f6c47b17
[5] 7ff6f6c3c712
[6] 7ff6f6c39b3b
[7] 7ff6f6c454dd
[8] 7ff6f6c44633
[9] 7ff6f6c40bbf
[10] 7ff6f6c4af6b
[11] 7ff6f6c271f7
[12] 7ff6f6c2772e
[13] 7ffd6fbdcd87 BaseThreadInitThunk
[14] 7ffd70e0caec RtlUserThreadStart
[Error] Error loading object file /objects/ship/feneroxtechstation/feneroxtechstation.object: (AssetException) Error loading asset /objects/ship/feneroxtechstation/feneroxtechstation.object
[0] 7ff6f6c2b2a3
[1] 7ff6f6c29fce
[2] 7ff6f6c366ca
[3] 7ff6f6c427c2
[4] 7ff6f6c442b9
[5] 7ff6f6eac254
[6] 7ff6f6f95105
[7] 7ff6f6f99749
[8] 7ff6f6f8bacf
[9] 7ff6f6f8f536
[10] 7ff6f6f8ce99
[11] 7ff6f6f9baa6
[12] 7ff6f6f9a197
[13] 7ff6f6f91e13
[14] 7ff6f6f8fd59
[15] 7ff6f6fa0f32
[16] 7ff6f6f8bd40
[17] 7ff6f6f8f1a9
[18] 7ff6f6f8caac
[19] 7ff6f6f8bdce
[20] 7ff6f6f8b52e
[21] 7ff6f6f9b512
[22] 7ff6f6c2126b
[23] 7ff6f6c22092
[24] 7ff6f6c2772e
[25] 7ffd6fbdcd87 BaseThreadInitThunk
[26] 7ffd70e0caec RtlUserThreadStart
[Error] Exception caught loading asset: /objects/ship/om_harpytechstation/om_harpytechstation.object, (AssetException) Could not read JSON asset /objects/ship/om_harpytechstation/om_harpytechstation.object
[0] 7ff6f6c2b2a3
[1] 7ff6f6c29fce
[2] 7ff6f6c2a0b8
[3] 7ff6f6c39e20
[4] 7ff6f7359d81
[5] 7ffd4930bb00 _CxxFrameHandler3
[6] 7ffd492f33c7 is_exception_typeof
[7] 7ffd70e841b6 RtlCaptureContext2
[8] 7ff6f6c3c712
[9] 7ff6f6c39b3b
[10] 7ff6f6c454dd
[11] 7ff6f6c44633
[12] 7ff6f6c40bbf
[13] 7ff6f6c4af6b
[14] 7ff6f6c271f7
[15] 7ff6f6c2772e
[16] 7ffd6fbdcd87 BaseThreadInitThunk
[17] 7ffd70e0caec RtlUserThreadStart
Caused by: (JsonParsingException) Cannot parse json file: /objects/ship/om_harpytechstation/om_harpytechstation.object
[0] 7ff6f6c2b2a3
[1] 7ff6f6c29fce
[2] 7ff6f6c2a0b8
[3] 7ff6f6c3a980
[4] 7ff6f735b16b
[5] 7ffd4930bb00 _CxxFrameHandler3
[6] 7ffd492f33c7 is_exception_typeof
[7] 7ffd70e841b6 RtlCaptureContext2
[8] 7ff6f6c47b17
[9] 7ff6f6c3c712
[10] 7ff6f6c39b3b
[11] 7ff6f6c454dd
[12] 7ff6f6c44633
[13] 7ff6f6c40bbf
[14] 7ff6f6c4af6b
[15] 7ff6f6c271f7
[16] 7ff6f6c2772e
[17] 7ffd6fbdcd87 BaseThreadInitThunk
[18] 7ffd70e0caec RtlUserThreadStart
Caused by: (JsonException) Improper conversion to JsonArray from object
[0] 7ff6f6c2b2a3
[1] 7ff6f6c29fce
[2] 7ff6f6bc4f4a
[3] 7ff6f6bd2382
[4] 7ff6f6c47b17
[5] 7ff6f6c3c712
[6] 7ff6f6c39b3b
[7] 7ff6f6c454dd
[8] 7ff6f6c44633
[9] 7ff6f6c40bbf
[10] 7ff6f6c4af6b
[11] 7ff6f6c271f7
[12] 7ff6f6c2772e
[13] 7ffd6fbdcd87 BaseThreadInitThunk
[14] 7ffd70e0caec RtlUserThreadStart
[Error] Error loading object file /objects/ship/om_harpytechstation/om_harpytechstation.object: (AssetException) Error loading asset /objects/ship/om_harpytechstation/om_harpytechstation.object
[0] 7ff6f6c2b2a3
[1] 7ff6f6c29fce
[2] 7ff6f6c366ca
[3] 7ff6f6c427c2
[4] 7ff6f6c442b9
[5] 7ff6f6eac254
[6] 7ff6f6f95105
[7] 7ff6f6f99749
[8] 7ff6f6f8bacf
[9] 7ff6f6f8f536
[10] 7ff6f6f8ce99
[11] 7ff6f6f9baa6
[12] 7ff6f6f9a197
[13] 7ff6f6f91e13
[14] 7ff6f6f8fd59
[15] 7ff6f6fa0f32
[16] 7ff6f6f8bd40
[17] 7ff6f6f8f1a9
[18] 7ff6f6f8caac
[19] 7ff6f6f8bdce
[20] 7ff6f6f8b52e
[21] 7ff6f6f9b512
[22] 7ff6f6c2126b
[23] 7ff6f6c22092
[24] 7ff6f6c2772e
[25] 7ffd6fbdcd87 BaseThreadInitThunk
[26] 7ffd70e0caec RtlUserThreadStart
[Error] Exception caught loading asset: /objects/stickers/community3/edition2/updfsoldiersticker/PBupdfsoldiersticker.object, (AssetException) Could not read JSON asset /objects/stickers/community3/edition2/updfsoldiersticker/PBupdfsoldiersticker.object
[0] 7ff6f6c2b2a3
[1] 7ff6f6c29fce
[2] 7ff6f6c2a0b8
[3] 7ff6f6c39e20
[4] 7ff6f7359d81
[5] 7ffd4930bb00 _CxxFrameHandler3
[6] 7ffd492f33c7 is_exception_typeof
[7] 7ffd70e841b6 RtlCaptureContext2
[8] 7ff6f6c3c712
[9] 7ff6f6c39b3b
[10] 7ff6f6c454dd
[11] 7ff6f6c44633
[12] 7ff6f6c40bbf
[13] 7ff6f6c4af6b
[14] 7ff6f6c271f7
[15] 7ff6f6c2772e
[16] 7ffd6fbdcd87 BaseThreadInitThunk
[17] 7ffd70e0caec RtlUserThreadStart
Caused by: (JsonParsingException) Cannot parse json file: /objects/stickers/community3/edition2/updfsoldiersticker/PBupdfsoldiersticker.object
[0] 7ff6f6c2b2a3
[1] 7ff6f6c29fce
[2] 7ff6f6c2a0b8
[3] 7ff6f6c3a980
[4] 7ff6f735b16b
[5] 7ffd4930bb00 _CxxFrameHandler3
[6] 7ffd492f33c7 is_exception_typeof
[7] 7ffd70e841b6 RtlCaptureContext2
[8] 7ff6f6c47b17
[9] 7ff6f6c3c712
[10] 7ff6f6c39b3b
[11] 7ff6f6c454dd
[12] 7ff6f6c44633
[13] 7ff6f6c40bbf
[14] 7ff6f6c4af6b
[15] 7ff6f6c271f7
[16] 7ff6f6c2772e
[17] 7ffd6fbdcd87 BaseThreadInitThunk
[18] 7ffd70e0caec RtlUserThreadStart
Caused by: (JsonException) Improper conversion to JsonArray from object
[0] 7ff6f6c2b2a3
[1] 7ff6f6c29fce
[2] 7ff6f6bc4f4a
[3] 7ff6f6bd2382
[4] 7ff6f6c47b17
[5] 7ff6f6c3c712
[6] 7ff6f6c39b3b
[7] 7ff6f6c454dd
[8] 7ff6f6c44633
[9] 7ff6f6c40bbf
[10] 7ff6f6c4af6b
[11] 7ff6f6c271f7
[12] 7ff6f6c2772e
[13] 7ffd6fbdcd87 BaseThreadInitThunk
[14] 7ffd70e0caec RtlUserThreadStart
[Error] Error loading object file /objects/stickers/community3/edition2/updfsoldiersticker/PBupdfsoldiersticker.object: (AssetException) Error loading asset /objects/stickers/community3/edition2/updfsoldiersticker/PBupdfsoldiersticker.object
[0] 7ff6f6c2b2a3
[1] 7ff6f6c29fce
[2] 7ff6f6c366ca
[3] 7ff6f6c427c2
[4] 7ff6f6c442b9
[5] 7ff6f6eac254
[6] 7ff6f6f95105
[7] 7ff6f6f99749
[8] 7ff6f6f8bacf
[9] 7ff6f6f8f536
[10] 7ff6f6f8ce99
[11] 7ff6f6f9baa6
[12] 7ff6f6f9a197
[13] 7ff6f6f91e13
[14] 7ff6f6f8fd59
[15] 7ff6f6fa0f32
[16] 7ff6f6f8bd40
[17] 7ff6f6f8f1a9
[18] 7ff6f6f8caac
[19] 7ff6f6f8bdce
[20] 7ff6f6f8b52e
[21] 7ff6f6f9b512
[22] 7ff6f6c2126b
[23] 7ff6f6c22092
[24] 7ff6f6c2772e
[25] 7ffd6fbdcd87 BaseThreadInitThunk
[26] 7ffd70e0caec RtlUserThreadStart
[Error] Exception caught loading asset: /objects/workshop/auto_battery_1/arcana_auto_battery_1.object, (AssetException) Could not read JSON asset /objects/workshop/auto_battery_1/arcana_auto_battery_1.object
[0] 7ff6f6c2b2a3
[1] 7ff6f6c29fce
[2] 7ff6f6c2a0b8
[3] 7ff6f6c39e20
[4] 7ff6f7359d81
[5] 7ffd4930bb00 _CxxFrameHandler3
[6] 7ffd492f33c7 is_exception_typeof
[7] 7ffd70e841b6 RtlCaptureContext2
[8] 7ff6f6c3c712
[9] 7ff6f6c39b3b
[10] 7ff6f6c454dd
[11] 7ff6f6c44633
[12] 7ff6f6c40bbf
[13] 7ff6f6c4af6b
[14] 7ff6f6c271f7
[15] 7ff6f6c2772e
[16] 7ffd6fbdcd87 BaseThreadInitThunk
[17] 7ffd70e0caec RtlUserThreadStart
Caused by: (JsonParsingException) Cannot parse json file: /objects/workshop/auto_battery_1/arcana_auto_battery_1.object
[0] 7ff6f6c2b2a3
[1] 7ff6f6c29fce
[2] 7ff6f6c2a0b8
[3] 7ff6f6c3a980
[4] 7ff6f735b16b
[5] 7ffd4930bb00 _CxxFrameHandler3
[6] 7ffd492f33c7 is_exception_typeof
[7] 7ffd70e841b6 RtlCaptureContext2
[8] 7ff6f6c47b17
[9] 7ff6f6c3c712
[10] 7ff6f6c39b3b
[11] 7ff6f6c454dd
[12] 7ff6f6c44633
[13] 7ff6f6c40bbf
[14] 7ff6f6c4af6b
[15] 7ff6f6c271f7
[16] 7ff6f6c2772e
[17] 7ffd6fbdcd87 BaseThreadInitThunk
[18] 7ffd70e0caec RtlUserThreadStart
Caused by: (JsonException) Improper conversion to JsonArray from object
[0] 7ff6f6c2b2a3
[1] 7ff6f6c29fce
[2] 7ff6f6bc4f4a
[3] 7ff6f6bd2382
[4] 7ff6f6c47b17
[5] 7ff6f6c3c712
[6] 7ff6f6c39b3b
[7] 7ff6f6c454dd
[8] 7ff6f6c44633
[9] 7ff6f6c40bbf
[10] 7ff6f6c4af6b
[11] 7ff6f6c271f7
[12] 7ff6f6c2772e
[13] 7ffd6fbdcd87 BaseThreadInitThunk
[14] 7ffd70e0caec RtlUserThreadStart
[Error] Error loading object file /objects/workshop/auto_battery_1/arcana_auto_battery_1.object: (AssetException) Error loading asset /objects/workshop/auto_battery_1/arcana_auto_battery_1.object
[0] 7ff6f6c2b2a3
[1] 7ff6f6c29fce
[2] 7ff6f6c366ca
[3] 7ff6f6c427c2
[4] 7ff6f6c442b9
[5] 7ff6f6eac254
[6] 7ff6f6f95105
[7] 7ff6f6f99749
[8] 7ff6f6f8bacf
[9] 7ff6f6f8f536
[10] 7ff6f6f8ce99
[11] 7ff6f6f9baa6
[12] 7ff6f6f9a197
[13] 7ff6f6f91e13
[14] 7ff6f6f8fd59
[15] 7ff6f6fa0f32
[16] 7ff6f6f8bd40
[17] 7ff6f6f8f1a9
[18] 7ff6f6f8caac
[19] 7ff6f6f8bdce
[20] 7ff6f6f8b52e
[21] 7ff6f6f9b512
[22] 7ff6f6c2126b
[23] 7ff6f6c22092
[24] 7ff6f6c2772e
[25] 7ffd6fbdcd87 BaseThreadInitThunk
[26] 7ffd70e0caec RtlUserThreadStart
[Info] Root: Loaded BiomeDatabase in 1.15731 seconds
[Error] Exception caught loading asset: /objects/teleporter/v-facilityteleporter/v-facilityteleporter.object, (AssetException) Could not read JSON asset /objects/teleporter/v-facilityteleporter/v-facilityteleporter.object
[0] 7ff6f6c2b2a3
[1] 7ff6f6c29fce
[2] 7ff6f6c2a0b8
[3] 7ff6f6c39e20
[4] 7ff6f7359d81
[5] 7ffd4930bb00 _CxxFrameHandler3
[6] 7ffd492f33c7 is_exception_typeof
[7] 7ffd70e841b6 RtlCaptureContext2
[8] 7ff6f6c3c712
[9] 7ff6f6c39b3b
[10] 7ff6f6c454dd
[11] 7ff6f6c44633
[12] 7ff6f6c40bbf
[13] 7ff6f6c4af6b
[14] 7ff6f6c271f7
[15] 7ff6f6c2772e
[16] 7ffd6fbdcd87 BaseThreadInitThunk
[17] 7ffd70e0caec RtlUserThreadStart
Caused by: (JsonParsingException) Cannot parse json file: /objects/teleporter/v-facilityteleporter/v-facilityteleporter.object
[0] 7ff6f6c2b2a3
[1] 7ff6f6c29fce
[2] 7ff6f6c2a0b8
[3] 7ff6f6c3a980
[4] 7ff6f735b16b
[5] 7ffd4930bb00 _CxxFrameHandler3
[6] 7ffd492f33c7 is_exception_typeof
[7] 7ffd70e841b6 RtlCaptureContext2
[8] 7ff6f6c47b17
[9] 7ff6f6c3c712
[10] 7ff6f6c39b3b
[11] 7ff6f6c454dd
[12] 7ff6f6c44633
[13] 7ff6f6c40bbf
[14] 7ff6f6c4af6b
[15] 7ff6f6c271f7
[16] 7ff6f6c2772e
[17] 7ffd6fbdcd87 BaseThreadInitThunk
[18] 7ffd70e0caec RtlUserThreadStart
Caused by: (JsonException) Improper conversion to JsonArray from object
[0] 7ff6f6c2b2a3
[1] 7ff6f6c29fce
[2] 7ff6f6bc4f4a
[3] 7ff6f6bd2382
[4] 7ff6f6c47b17
[5] 7ff6f6c3c712
[6] 7ff6f6c39b3b
[7] 7ff6f6c454dd
[8] 7ff6f6c44633
[9] 7ff6f6c40bbf
[10] 7ff6f6c4af6b
[11] 7ff6f6c271f7
[12] 7ff6f6c2772e
[13] 7ffd6fbdcd87 BaseThreadInitThunk
[14] 7ffd70e0caec RtlUserThreadStart
[Error] Error loading object file /objects/teleporter/v-facilityteleporter/v-facilityteleporter.object: (AssetException) Error loading asset /objects/teleporter/v-facilityteleporter/v-facilityteleporter.object
[0] 7ff6f6c2b2a3
[1] 7ff6f6c29fce
[2] 7ff6f6c366ca
[3] 7ff6f6c427c2
[4] 7ff6f6c442b9
[5] 7ff6f6eac254
[6] 7ff6f6f95105
[7] 7ff6f6f99749
[8] 7ff6f6f8bacf
[9] 7ff6f6f8f536
[10] 7ff6f6f8ce99
[11] 7ff6f6f9baa6
[12] 7ff6f6f9a197
[13] 7ff6f6f91e13
[14] 7ff6f6f8fd59
[15] 7ff6f6fa0f32
[16] 7ff6f6f8bd40
[17] 7ff6f6f8f1a9
[18] 7ff6f6f8caac
[19] 7ff6f6f8bdce
[20] 7ff6f6f8b52e
[21] 7ff6f6f9b512
[22] 7ff6f6c2126b
[23] 7ff6f6c22092
[24] 7ff6f6c2772e
[25] 7ffd6fbdcd87 BaseThreadInitThunk
[26] 7ffd70e0caec RtlUserThreadStart
[Error] Could not apply patch from file /objects/SPACE/gic_spacestationtable/gic_spacestationtable.object.patch in source: ..\mods\female_translation.pak.  Caused by: (JsonPatchException) Could not apply patch to base. (JsonPatchException) Could not apply operation to base. (JsonException) Cannot call get with key on Json type array, must be Object type
[Error] Exception caught loading asset: /objects/alta/ship/special/ai/ct_alta_ship_ai.object, (AssetException) Could not read JSON asset /objects/alta/ship/special/ai/ct_alta_ship_ai.object
[0] 7ff6f6c2b2a3
[1] 7ff6f6c29fce
[2] 7ff6f6c2a0b8
[3] 7ff6f6c39e20
[4] 7ff6f7359d81
[5] 7ffd4930bb00 _CxxFrameHandler3
[6] 7ffd492f33c7 is_exception_typeof
[7] 7ffd70e841b6 RtlCaptureContext2
[8] 7ff6f6c3c712
[9] 7ff6f6c39b3b
[10] 7ff6f6c454dd
[11] 7ff6f6c44633
[12] 7ff6f6c40bbf
[13] 7ff6f6c4af6b
[14] 7ff6f6c271f7
[15] 7ff6f6c2772e
[16] 7ffd6fbdcd87 BaseThreadInitThunk
[17] 7ffd70e0caec RtlUserThreadStart
Caused by: (JsonParsingException) Cannot parse json file: /objects/alta/ship/special/ai/ct_alta_ship_ai.object
[0] 7ff6f6c2b2a3
[1] 7ff6f6c29fce
[2] 7ff6f6c2a0b8
[3] 7ff6f6c3a980
[4] 7ff6f735b16b
[5] 7ffd4930bb00 _CxxFrameHandler3
[6] 7ffd492f33c7 is_exception_typeof
[7] 7ffd70e841b6 RtlCaptureContext2
[8] 7ff6f6c47b17
[9] 7ff6f6c3c712
[10] 7ff6f6c39b3b
[11] 7ff6f6c454dd
[12] 7ff6f6c44633
[13] 7ff6f6c40bbf
[14] 7ff6f6c4af6b
[15] 7ff6f6c271f7
[16] 7ff6f6c2772e
[17] 7ffd6fbdcd87 BaseThreadInitThunk
[18] 7ffd70e0caec RtlUserThreadStart
Caused by: (JsonException) Improper conversion to JsonArray from object
[0] 7ff6f6c2b2a3
[1] 7ff6f6c29fce
[2] 7ff6f6bc4f4a
[3] 7ff6f6bd2382
[4] 7ff6f6c47b17
[5] 7ff6f6c3c712
[6] 7ff6f6c39b3b
[7] 7ff6f6c454dd
[8] 7ff6f6c44633
[9] 7ff6f6c40bbf
[10] 7ff6f6c4af6b
[11] 7ff6f6c271f7
[12] 7ff6f6c2772e
[13] 7ffd6fbdcd87 BaseThreadInitThunk
[14] 7ffd70e0caec RtlUserThreadStart
[Error] Error loading object file /objects/alta/ship/special/ai/ct_alta_ship_ai.object: (AssetException) Error loading asset /objects/alta/ship/special/ai/ct_alta_ship_ai.object
[0] 7ff6f6c2b2a3
[1] 7ff6f6c29fce
[2] 7ff6f6c366ca
[3] 7ff6f6c427c2
[4] 7ff6f6c442b9
[5] 7ff6f6eac254
[6] 7ff6f6f95105
[7] 7ff6f6f99749
[8] 7ff6f6f8bacf
[9] 7ff6f6f8f536
[10] 7ff6f6f8ce99
[11] 7ff6f6f9baa6
[12] 7ff6f6f9a197
[13] 7ff6f6f91e13
[14] 7ff6f6f8fd59
[15] 7ff6f6fa0f32
[16] 7ff6f6f8bd40
[17] 7ff6f6f8f1a9
[18] 7ff6f6f8caac
[19] 7ff6f6f8bdce
[20] 7ff6f6f8b52e
[21] 7ff6f6f9b512
[22] 7ff6f6c2126b
[23] 7ff6f6c22092
[24] 7ff6f6c2772e
[25] 7ffd6fbdcd87 BaseThreadInitThunk
[26] 7ffd70e0caec RtlUserThreadStart
[Error] Exception caught loading asset: /objects/wired/advancedswitch/swtjc_wp_advancedswitch.object, (AssetException) Could not read JSON asset /objects/wired/advancedswitch/swtjc_wp_advancedswitch.object
[0] 7ff6f6c2b2a3
[1] 7ff6f6c29fce
[2] 7ff6f6c2a0b8
[3] 7ff6f6c39e20
[4] 7ff6f7359d81
[5] 7ffd4930bb00 _CxxFrameHandler3
[6] 7ffd492f33c7 is_exception_typeof
[7] 7ffd70e841b6 RtlCaptureContext2
[8] 7ff6f6c3c712
[9] 7ff6f6c39b3b
[10] 7ff6f6c454dd
[11] 7ff6f6c44633
[12] 7ff6f6c40bbf
[13] 7ff6f6c4af6b
[14] 7ff6f6c271f7
[15] 7ff6f6c2772e
[16] 7ffd6fbdcd87 BaseThreadInitThunk
[17] 7ffd70e0caec RtlUserThreadStart
Caused by: (JsonParsingException) Cannot parse json file: /objects/wired/advancedswitch/swtjc_wp_advancedswitch.object
[0] 7ff6f6c2b2a3
[1] 7ff6f6c29fce
[2] 7ff6f6c2a0b8
[3] 7ff6f6c3a980
[4] 7ff6f735b16b
[5] 7ffd4930bb00 _CxxFrameHandler3
[6] 7ffd492f33c7 is_exception_typeof
[7] 7ffd70e841b6 RtlCaptureContext2
[8] 7ff6f6c47b17
[9] 7ff6f6c3c712
[10] 7ff6f6c39b3b
[11] 7ff6f6c454dd
[12] 7ff6f6c44633
[13] 7ff6f6c40bbf
[14] 7ff6f6c4af6b
[15] 7ff6f6c271f7
[16] 7ff6f6c2772e
[17] 7ffd6fbdcd87 BaseThreadInitThunk
[18] 7ffd70e0caec RtlUserThreadStart
Caused by: (JsonException) Improper conversion to JsonArray from object
[0] 7ff6f6c2b2a3
[1] 7ff6f6c29fce
[2] 7ff6f6bc4f4a
[3] 7ff6f6bd2382
[4] 7ff6f6c47b17
[5] 7ff6f6c3c712
[6] 7ff6f6c39b3b
[7] 7ff6f6c454dd
[8] 7ff6f6c44633
[9] 7ff6f6c40bbf
[10] 7ff6f6c4af6b
[11] 7ff6f6c271f7
[12] 7ff6f6c2772e
[13] 7ffd6fbdcd87 BaseThreadInitThunk
[14] 7ffd70e0caec RtlUserThreadStart
[Error] Error loading object file /objects/wired/advancedswitch/swtjc_wp_advancedswitch.object: (AssetException) Error loading asset /objects/wired/advancedswitch/swtjc_wp_advancedswitch.object
[0] 7ff6f6c2b2a3
[1] 7ff6f6c29fce
[2] 7ff6f6c366ca
[3] 7ff6f6c427c2
[4] 7ff6f6c442b9
[5] 7ff6f6eac254
[6] 7ff6f6f95105
[7] 7ff6f6f99749
[8] 7ff6f6f8bacf
[9] 7ff6f6f8f536
[10] 7ff6f6f8ce99
[11] 7ff6f6f9baa6
[12] 7ff6f6f9a197
[13] 7ff6f6f91e13
[14] 7ff6f6f8fd59
[15] 7ff6f6fa0f32
[16] 7ff6f6f8bd40
[17] 7ff6f6f8f1a9
[18] 7ff6f6f8caac
[19] 7ff6f6f8bdce
[20] 7ff6f6f8b52e
[21] 7ff6f6f9b512
[22] 7ff6f6c2126b
[23] 7ff6f6c22092
[24] 7ff6f6c2772e
[25] 7ffd6fbdcd87 BaseThreadInitThunk
[26] 7ffd70e0caec RtlUserThreadStart
[Error] Exception caught loading asset: /objects/farmables/alta/liquid/hive/pod/ct_hive_eco_pod.object, (AssetException) Could not read JSON asset /objects/farmables/alta/liquid/hive/pod/ct_hive_eco_pod.object
[0] 7ff6f6c2b2a3
[1] 7ff6f6c29fce
[2] 7ff6f6c2a0b8
[3] 7ff6f6c39e20
[4] 7ff6f7359d81
[5] 7ffd4930bb00 _CxxFrameHandler3
[6] 7ffd492f33c7 is_exception_typeof
[7] 7ffd70e841b6 RtlCaptureContext2
[8] 7ff6f6c3c712
[9] 7ff6f6c39b3b
[10] 7ff6f6c454dd
[11] 7ff6f6c44633
[12] 7ff6f6c40bbf
[13] 7ff6f6c4af6b
[14] 7ff6f6c271f7
[15] 7ff6f6c2772e
[16] 7ffd6fbdcd87 BaseThreadInitThunk
[17] 7ffd70e0caec RtlUserThreadStart
Caused by: (JsonParsingException) Cannot parse json file: /objects/farmables/alta/liquid/hive/pod/ct_hive_eco_pod.object
[0] 7ff6f6c2b2a3
[1] 7ff6f6c29fce
[2] 7ff6f6c2a0b8
[3] 7ff6f6c3a980
[4] 7ff6f735b16b
[5] 7ffd4930bb00 _CxxFrameHandler3
[6] 7ffd492f33c7 is_exception_typeof
[7] 7ffd70e841b6 RtlCaptureContext2
[8] 7ff6f6c47b17
[9] 7ff6f6c3c712
[10] 7ff6f6c39b3b
[11] 7ff6f6c454dd
[12] 7ff6f6c44633
[13] 7ff6f6c40bbf
[14] 7ff6f6c4af6b
[15] 7ff6f6c271f7
[16] 7ff6f6c2772e
[17] 7ffd6fbdcd87 BaseThreadInitThunk
[18] 7ffd70e0caec RtlUserThreadStart
Caused by: (JsonException) Improper conversion to JsonArray from object
[0] 7ff6f6c2b2a3
[1] 7ff6f6c29fce
[2] 7ff6f6bc4f4a
[3] 7ff6f6bd2382
[4] 7ff6f6c47b17
[5] 7ff6f6c3c712
[6] 7ff6f6c39b3b
[7] 7ff6f6c454dd
[8] 7ff6f6c44633
[9] 7ff6f6c40bbf
[10] 7ff6f6c4af6b
[11] 7ff6f6c271f7
[12] 7ff6f6c2772e
[13] 7ffd6fbdcd87 BaseThreadInitThunk
[14] 7ffd70e0caec RtlUserThreadStart
[Error] Error loading object file /objects/farmables/alta/liquid/hive/pod/ct_hive_eco_pod.object: (AssetException) Error loading asset /objects/farmables/alta/liquid/hive/pod/ct_hive_eco_pod.object
[0] 7ff6f6c2b2a3
[1] 7ff6f6c29fce
[2] 7ff6f6c366ca
[3] 7ff6f6c427c2
[4] 7ff6f6c442b9
[5] 7ff6f6eac254
[6] 7ff6f6f95105
[7] 7ff6f6f99749
[8] 7ff6f6f8bacf
[9] 7ff6f6f8f536
[10] 7ff6f6f8ce99
[11] 7ff6f6f9baa6
[12] 7ff6f6f9a197
[13] 7ff6f6f91e13
[14] 7ff6f6f8fd59
[15] 7ff6f6fa0f32
[16] 7ff6f6f8bd40
[17] 7ff6f6f8f1a9
[18] 7ff6f6f8caac
[19] 7ff6f6f8bdce
[20] 7ff6f6f8b52e
[21] 7ff6f6f9b512
[22] 7ff6f6c2126b
[23] 7ff6f6c22092
[24] 7ff6f6c2772e
[25] 7ffd6fbdcd87 BaseThreadInitThunk
[26] 7ffd70e0caec RtlUserThreadStart
[Error] Could not apply patch from file /objects/sheilaworkshop/black_radios/black_rainbowinthedark/black_rainbowinthedark.object.patch in source: ..\mods\female_translation.pak.  Caused by: (JsonPatchException) Could not apply patch to base. (JsonPatchException) Could not apply operation to base. (JsonException) Cannot call get with key on Json type array, must be Object type
[Error] Exception caught loading asset: /objects/ship/tw_hylotltechstation/tw_hylotltechstation.object, (AssetException) Could not read JSON asset /objects/ship/tw_hylotltechstation/tw_hylotltechstation.object
[0] 7ff6f6c2b2a3
[1] 7ff6f6c29fce
[2] 7ff6f6c2a0b8
[3] 7ff6f6c39e20
[4] 7ff6f7359d81
[5] 7ffd4930bb00 _CxxFrameHandler3
[6] 7ffd492f33c7 is_exception_typeof
[7] 7ffd70e841b6 RtlCaptureContext2
[8] 7ff6f6c3c712
[9] 7ff6f6c39b3b
[10] 7ff6f6c454dd
[11] 7ff6f6c44633
[12] 7ff6f6c40bbf
[13] 7ff6f6c4af6b
[14] 7ff6f6c271f7
[15] 7ff6f6c2772e
[16] 7ffd6fbdcd87 BaseThreadInitThunk
[17] 7ffd70e0caec RtlUserThreadStart
Caused by: (JsonParsingException) Cannot parse json file: /objects/ship/tw_hylotltechstation/tw_hylotltechstation.object
[0] 7ff6f6c2b2a3
[1] 7ff6f6c29fce
[2] 7ff6f6c2a0b8
[3] 7ff6f6c3a980
[4] 7ff6f735b16b
[5] 7ffd4930bb00 _CxxFrameHandler3
[6] 7ffd492f33c7 is_exception_typeof
[7] 7ffd70e841b6 RtlCaptureContext2
[8] 7ff6f6c47b17
[9] 7ff6f6c3c712
[10] 7ff6f6c39b3b
[11] 7ff6f6c454dd
[12] 7ff6f6c44633
[13] 7ff6f6c40bbf
[14] 7ff6f6c4af6b
[15] 7ff6f6c271f7
[16] 7ff6f6c2772e
[17] 7ffd6fbdcd87 BaseThreadInitThunk
[18] 7ffd70e0caec RtlUserThreadStart
Caused by: (JsonException) Improper conversion to JsonArray from object
[0] 7ff6f6c2b2a3
[1] 7ff6f6c29fce
[2] 7ff6f6bc4f4a
[3] 7ff6f6bd2382
[4] 7ff6f6c47b17
[5] 7ff6f6c3c712
[6] 7ff6f6c39b3b
[7] 7ff6f6c454dd
[8] 7ff6f6c44633
[9] 7ff6f6c40bbf
[10] 7ff6f6c4af6b
[11] 7ff6f6c271f7
[12] 7ff6f6c2772e
[13] 7ffd6fbdcd87 BaseThreadInitThunk
[14] 7ffd70e0caec RtlUserThreadStart
[Error] Error loading object file /objects/ship/tw_hylotltechstation/tw_hylotltechstation.object: (AssetException) Error loading asset /objects/ship/tw_hylotltechstation/tw_hylotltechstation.object
[0] 7ff6f6c2b2a3
[1] 7ff6f6c29fce
[2] 7ff6f6c366ca
[3] 7ff6f6c427c2
[4] 7ff6f6c442b9
[5] 7ff6f6eac254
[6] 7ff6f6f95105
[7] 7ff6f6f99749
[8] 7ff6f6f8bacf
[9] 7ff6f6f8f536
[10] 7ff6f6f8ce99
[11] 7ff6f6f9baa6
[12] 7ff6f6f9a197
[13] 7ff6f6f91e13
[14] 7ff6f6f8fd59
[15] 7ff6f6fa0f32
[16] 7ff6f6f8bd40
[17] 7ff6f6f8f1a9
[18] 7ff6f6f8caac
[19] 7ff6f6f8bdce
[20] 7ff6f6f8b52e
[21] 7ff6f6f9b512
[22] 7ff6f6c2126b
[23] 7ff6f6c22092
[24] 7ff6f6c2772e
[25] 7ffd6fbdcd87 BaseThreadInitThunk
[26] 7ffd70e0caec RtlUserThreadStart
[Error] Could not apply patch from file /objects/SPACE/gic_smallhumanturret/gic_smallhumanturret.object.patch in source: ..\mods\female_translation.pak.  Caused by: (JsonPatchException) Could not apply patch to base. (JsonPatchException) Could not apply operation to base. (JsonException) Cannot call get with key on Json type array, must be Object type
[Error] Exception caught loading asset: /objects/generic/aaa_winecabinet.object, (AssetException) Could not read JSON asset /objects/generic/aaa_winecabinet.object
[0] 7ff6f6c2b2a3
[1] 7ff6f6c29fce
[2] 7ff6f6c2a0b8
[3] 7ff6f6c39e20
[4] 7ff6f7359d81
[5] 7ffd4930bb00 _CxxFrameHandler3
[6] 7ffd492f33c7 is_exception_typeof
[7] 7ffd70e841b6 RtlCaptureContext2
[8] 7ff6f6c3c712
[9] 7ff6f6c39b3b
[10] 7ff6f6c454dd
[11] 7ff6f6c44633
[12] 7ff6f6c40bbf
[13] 7ff6f6c4af6b
[14] 7ff6f6c271f7
[15] 7ff6f6c2772e
[16] 7ffd6fbdcd87 BaseThreadInitThunk
[17] 7ffd70e0caec RtlUserThreadStart
Caused by: (JsonParsingException) Cannot parse json file: /objects/generic/aaa_winecabinet.object
[0] 7ff6f6c2b2a3
[1] 7ff6f6c29fce
[2] 7ff6f6c2a0b8
[3] 7ff6f6c3a980
[4] 7ff6f735b16b
[5] 7ffd4930bb00 _CxxFrameHandler3
[6] 7ffd492f33c7 is_exception_typeof
[7] 7ffd70e841b6 RtlCaptureContext2
[8] 7ff6f6c47b17
[9] 7ff6f6c3c712
[10] 7ff6f6c39b3b
[11] 7ff6f6c454dd
[12] 7ff6f6c44633
[13] 7ff6f6c40bbf
[14] 7ff6f6c4af6b
[15] 7ff6f6c271f7
[16] 7ff6f6c2772e
[17] 7ffd6fbdcd87 BaseThreadInitThunk
[18] 7ffd70e0caec RtlUserThreadStart
Caused by: (JsonException) Improper conversion to JsonArray from object
[0] 7ff6f6c2b2a3
[1] 7ff6f6c29fce
[2] 7ff6f6bc4f4a
[3] 7ff6f6bd2382
[4] 7ff6f6c47b17
[5] 7ff6f6c3c712
[6] 7ff6f6c39b3b
[7] 7ff6f6c454dd
[8] 7ff6f6c44633
[9] 7ff6f6c40bbf
[10] 7ff6f6c4af6b
[11] 7ff6f6c271f7
[12] 7ff6f6c2772e
[13] 7ffd6fbdcd87 BaseThreadInitThunk
[14] 7ffd70e0caec RtlUserThreadStart
[Error] Error loading object file /objects/generic/aaa_winecabinet.object: (AssetException) Error loading asset /objects/generic/aaa_winecabinet.object
[0] 7ff6f6c2b2a3
[1] 7ff6f6c29fce
[2] 7ff6f6c366ca
[3] 7ff6f6c427c2
[4] 7ff6f6c442b9
[5] 7ff6f6eac254
[6] 7ff6f6f95105
[7] 7ff6f6f99749
[8] 7ff6f6f8bacf
[9] 7ff6f6f8f536
[10] 7ff6f6f8ce99
[11] 7ff6f6f9baa6
[12] 7ff6f6f9a197
[13] 7ff6f6f91e13
[14] 7ff6f6f8fd59
[15] 7ff6f6fa0f32
[16] 7ff6f6f8bd40
[17] 7ff6f6f8f1a9
[18] 7ff6f6f8caac
[19] 7ff6f6f8bdce
[20] 7ff6f6f8b52e
[21] 7ff6f6f9b512
[22] 7ff6f6c2126b
[23] 7ff6f6c22092
[24] 7ff6f6c2772e
[25] 7ffd6fbdcd87 BaseThreadInitThunk
[26] 7ffd70e0caec RtlUserThreadStart
[Error] Could not apply patch from file /objects/STATIC_VEHICLES/gic_unitan_izhkratoyo_technical/gic_unitan_izhkratoyo_technical.object.patch in source: ..\mods\female_translation.pak.  Caused by: (JsonPatchException) Could not apply patch to base. (JsonPatchException) Could not apply operation to base. (JsonException) Cannot call get with key on Json type array, must be Object type
[Error] Could not apply patch from file /objects/SPACE/gic_spacestationslidingdoor/gic_spacestationslidingdoor_lockdown.object.patch in source: ..\mods\female_translation.pak.  Caused by: (JsonPatchException) Could not apply patch to base. (JsonPatchException) Could not apply operation to base. (JsonException) Cannot call get with key on Json type array, must be Object type
[Error] Could not apply patch from file /objects/sheilaworkshop/black_furniture/black_fullthrottleneonmelondrinkobject/black_fullthrottleneonmelondrinkobject.object.patch in source: ..\mods\female_translation.pak.  Caused by: (JsonPatchException) Could not apply patch to base. (JsonPatchException) Could not apply operation to base. (JsonException) Cannot call get with key on Json type array, must be Object type
[Error] Exception caught loading asset: /objects/ship/aegi/aegishiplockertier0/aegishiplockertier0.object, (AssetException) Could not read JSON asset /objects/ship/aegi/aegishiplockertier0/aegishiplockertier0.object
[0] 7ff6f6c2b2a3
[1] 7ff6f6c29fce
[2] 7ff6f6c2a0b8
[3] 7ff6f6c39e20
[4] 7ff6f7359d81
[5] 7ffd4930bb00 _CxxFrameHandler3
[6] 7ffd492f33c7 is_exception_typeof
[7] 7ffd70e841b6 RtlCaptureContext2
[8] 7ff6f6c3c712
[9] 7ff6f6c39b3b
[10] 7ff6f6c454dd
[11] 7ff6f6c44633
[12] 7ff6f6c40bbf
[13] 7ff6f6c4af6b
[14] 7ff6f6c271f7
[15] 7ff6f6c2772e
[16] 7ffd6fbdcd87 BaseThreadInitThunk
[17] 7ffd70e0caec RtlUserThreadStart
Caused by: (JsonParsingException) Cannot parse json file: /objects/ship/aegi/aegishiplockertier0/aegishiplockertier0.object
[0] 7ff6f6c2b2a3
[1] 7ff6f6c29fce
[2] 7ff6f6c2a0b8
[3] 7ff6f6c3a980
[4] 7ff6f735b16b
[5] 7ffd4930bb00 _CxxFrameHandler3
[6] 7ffd492f33c7 is_exception_typeof
[7] 7ffd70e841b6 RtlCaptureContext2
[8] 7ff6f6c47b17
[9] 7ff6f6c3c712
[10] 7ff6f6c39b3b
[11] 7ff6f6c454dd
[12] 7ff6f6c44633
[13] 7ff6f6c40bbf
[14] 7ff6f6c4af6b
[15] 7ff6f6c271f7
[16] 7ff6f6c2772e
[17] 7ffd6fbdcd87 BaseThreadInitThunk
[18] 7ffd70e0caec RtlUserThreadStart
Caused by: (JsonException) Improper conversion to JsonArray from object
[0] 7ff6f6c2b2a3
[1] 7ff6f6c29fce
[2] 7ff6f6bc4f4a
[3] 7ff6f6bd2382
[4] 7ff6f6c47b17
[5] 7ff6f6c3c712
[6] 7ff6f6c39b3b
[7] 7ff6f6c454dd
[8] 7ff6f6c44633
[9] 7ff6f6c40bbf
[10] 7ff6f6c4af6b
[11] 7ff6f6c271f7
[12] 7ff6f6c2772e
[13] 7ffd6fbdcd87 BaseThreadInitThunk
[14] 7ffd70e0caec RtlUserThreadStart
[Error] Error loading object file /objects/ship/aegi/aegishiplockertier0/aegishiplockertier0.object: (AssetException) Error loading asset /objects/ship/aegi/aegishiplockertier0/aegishiplockertier0.object
[0] 7ff6f6c2b2a3
[1] 7ff6f6c29fce
[2] 7ff6f6c366ca
[3] 7ff6f6c427c2
[4] 7ff6f6c442b9
[5] 7ff6f6eac254
[6] 7ff6f6f95105
[7] 7ff6f6f99749
[8] 7ff6f6f8bacf
[9] 7ff6f6f8f536
[10] 7ff6f6f8ce99
[11] 7ff6f6f9baa6
[12] 7ff6f6f9a197
[13] 7ff6f6f91e13
[14] 7ff6f6f8fd59
[15] 7ff6f6fa0f32
[16] 7ff6f6f8bd40
[17] 7ff6f6f8f1a9
[18] 7ff6f6f8caac
[19] 7ff6f6f8bdce
[20] 7ff6f6f8b52e
[21] 7ff6f6f9b512
[22] 7ff6f6c2126b
[23] 7ff6f6c22092
[24] 7ff6f6c2772e
[25] 7ffd6fbdcd87 BaseThreadInitThunk
[26] 7ffd70e0caec RtlUserThreadStart
[Error] Exception caught loading asset: /objects/WOODLAND/gico_wst_corpses/gico_wst_soldier_facedown/gico_wst_soldier_facedown.object, (AssetException) Could not read JSON asset /objects/WOODLAND/gico_wst_corpses/gico_wst_soldier_facedown/gico_wst_soldier_facedown.object
[0] 7ff6f6c2b2a3
[1] 7ff6f6c29fce
[2] 7ff6f6c2a0b8
[3] 7ff6f6c39e20
[4] 7ff6f7359d81
[5] 7ffd4930bb00 _CxxFrameHandler3
[6] 7ffd492f33c7 is_exception_typeof
[7] 7ffd70e841b6 RtlCaptureContext2
[8] 7ff6f6c3c712
[9] 7ff6f6c39b3b
[10] 7ff6f6c454dd
[11] 7ff6f6c44633
[12] 7ff6f6c40bbf
[13] 7ff6f6c4af6b
[14] 7ff6f6c271f7
[15] 7ff6f6c2772e
[16] 7ffd6fbdcd87 BaseThreadInitThunk
[17] 7ffd70e0caec RtlUserThreadStart
Caused by: (JsonParsingException) Cannot parse json file: /objects/WOODLAND/gico_wst_corpses/gico_wst_soldier_facedown/gico_wst_soldier_facedown.object
[0] 7ff6f6c2b2a3
[1] 7ff6f6c29fce
[2] 7ff6f6c2a0b8
[3] 7ff6f6c3a980
[4] 7ff6f735b16b
[5] 7ffd4930bb00 _CxxFrameHandler3
[6] 7ffd492f33c7 is_exception_typeof
[7] 7ffd70e841b6 RtlCaptureContext2
[8] 7ff6f6c47b17
[9] 7ff6f6c3c712
[10] 7ff6f6c39b3b
[11] 7ff6f6c454dd
[12] 7ff6f6c44633
[13] 7ff6f6c40bbf
[14] 7ff6f6c4af6b
[15] 7ff6f6c271f7
[16] 7ff6f6c2772e
[17] 7ffd6fbdcd87 BaseThreadInitThunk
[18] 7ffd70e0caec RtlUserThreadStart
Caused by: (JsonException) Improper conversion to JsonArray from object
[0] 7ff6f6c2b2a3
[1] 7ff6f6c29fce
[2] 7ff6f6bc4f4a
[3] 7ff6f6bd2382
[4] 7ff6f6c47b17
[5] 7ff6f6c3c712
[6] 7ff6f6c39b3b
[7] 7ff6f6c454dd
[8] 7ff6f6c44633
[9] 7ff6f6c40bbf
[10] 7ff6f6c4af6b
[11] 7ff6f6c271f7
[12] 7ff6f6c2772e
[13] 7ffd6fbdcd87 BaseThreadInitThunk
[14] 7ffd70e0caec RtlUserThreadStart
[Error] Error loading object file /objects/WOODLAND/gico_wst_corpses/gico_wst_soldier_facedown/gico_wst_soldier_facedown.object: (AssetException) Error loading asset /objects/WOODLAND/gico_wst_corpses/gico_wst_soldier_facedown/gico_wst_soldier_facedown.object
[0] 7ff6f6c2b2a3
[1] 7ff6f6c29fce
[2] 7ff6f6c366ca
[3] 7ff6f6c427c2
[4] 7ff6f6c442b9
[5] 7ff6f6eac254
[6] 7ff6f6f95105
[7] 7ff6f6f99749
[8] 7ff6f6f8bacf
[9] 7ff6f6f8f536
[10] 7ff6f6f8ce99
[11] 7ff6f6f9baa6
[12] 7ff6f6f9a197
[13] 7ff6f6f91e13
[14] 7ff6f6f8fd59
[15] 7ff6f6fa0f32
[16] 7ff6f6f8bd40
[17] 7ff6f6f8f1a9
[18] 7ff6f6f8caac
[19] 7ff6f6f8bdce
[20] 7ff6f6f8b52e
[21] 7ff6f6f9b512
[22] 7ff6f6c2126b
[23] 7ff6f6c22092
[24] 7ff6f6c2772e
[25] 7ffd6fbdcd87 BaseThreadInitThunk
[26] 7ffd70e0caec RtlUserThreadStart
[Error] Exception caught loading asset: /stats/effects/ct_omniblue_light/ct_omniblue_light.statuseffect, (AssetException) Could not read JSON asset /stats/effects/ct_omniblue_light/ct_omniblue_light.statuseffect
[0] 7ff6f6c2b2a3
[1] 7ff6f6c29fce
[2] 7ff6f6c2a0b8
[3] 7ff6f6c39e20
[4] 7ff6f7359d81
[5] 7ffd4930bb00 _CxxFrameHandler3
[6] 7ffd492f33c7 is_exception_typeof
[7] 7ffd70e841b6 RtlCaptureContext2
[8] 7ff6f6c3c712
[9] 7ff6f6c39b3b
[10] 7ff6f6c454dd
[11] 7ff6f6c44633
[12] 7ff6f6c40bbf
[13] 7ff6f6c426fb
[14] 7ff6f6c442b9
[15] 7ff6f70076c4
[16] 7ff6f6f95885
[17] 7ff6f6f99149
[18] 7ff6f6f8b76f
[19] 7ff6f6f8f2f6
[20] 7ff6f6f8d0d9
[21] 7ff6f6f9b746
[22] 7ff6f6f9a197
[23] 7ff6f6f92dd3
[24] 7ff6f6f90119
[25] 7ff6f6fa3632
[26] 7ff6f6f8bd40
[27] 7ff6f6f8f1a9
[28] 7ff6f6f8caac
[29] 7ff6f6f8bdce
[30] 7ff6f6f8b52e
[31] 7ff6f6f9b512
[32] 7ff6f6c2126b
[33] 7ff6f6c22092
[34] 7ff6f6c2772e
[35] 7ffd6fbdcd87 BaseThreadInitThunk
[36] 7ffd70e0caec RtlUserThreadStart
Caused by: (JsonParsingException) Cannot parse json file: /stats/effects/ct_omniblue_light/ct_omniblue_light.statuseffect
[0] 7ff6f6c2b2a3
[1] 7ff6f6c29fce
[2] 7ff6f6c2a0b8
[3] 7ff6f6c3a980
[4] 7ff6f735b16b
[5] 7ffd4930bb00 _CxxFrameHandler3
[6] 7ffd492f33c7 is_exception_typeof
[7] 7ffd70e841b6 RtlCaptureContext2
[8] 7ff6f6c47b17
[9] 7ff6f6c3c712
[10] 7ff6f6c39b3b
[11] 7ff6f6c454dd
[12] 7ff6f6c44633
[13] 7ff6f6c40bbf
[14] 7ff6f6c426fb
[15] 7ff6f6c442b9
[16] 7ff6f70076c4
[17] 7ff6f6f95885
[18] 7ff6f6f99149
[19] 7ff6f6f8b76f
[20] 7ff6f6f8f2f6
[21] 7ff6f6f8d0d9
[22] 7ff6f6f9b746
[23] 7ff6f6f9a197
[24] 7ff6f6f92dd3
[25] 7ff6f6f90119
[26] 7ff6f6fa3632
[27] 7ff6f6f8bd40
[28] 7ff6f6f8f1a9
[29] 7ff6f6f8caac
[30] 7ff6f6f8bdce
[31] 7ff6f6f8b52e
[32] 7ff6f6f9b512
[33] 7ff6f6c2126b
[34] 7ff6f6c22092
[35] 7ff6f6c2772e
[36] 7ffd6fbdcd87 BaseThreadInitThunk
[37] 7ffd70e0caec RtlUserThreadStart
Caused by: (JsonException) Improper conversion to JsonArray from object
[0] 7ff6f6c2b2a3
[1] 7ff6f6c29fce
[2] 7ff6f6bc4f4a
[3] 7ff6f6bd2382
[4] 7ff6f6c47b17
[5] 7ff6f6c3c712
[6] 7ff6f6c39b3b
[7] 7ff6f6c454dd
[8] 7ff6f6c44633
[9] 7ff6f6c40bbf
[10] 7ff6f6c426fb
[11] 7ff6f6c442b9
[12] 7ff6f70076c4
[13] 7ff6f6f95885
[14] 7ff6f6f99149
[15] 7ff6f6f8b76f
[16] 7ff6f6f8f2f6
[17] 7ff6f6f8d0d9
[18] 7ff6f6f9b746
[19] 7ff6f6f9a197
[20] 7ff6f6f92dd3
[21] 7ff6f6f90119
[22] 7ff6f6fa3632
[23] 7ff6f6f8bd40
[24] 7ff6f6f8f1a9
[25] 7ff6f6f8caac
[26] 7ff6f6f8bdce
[27] 7ff6f6f8b52e
[28] 7ff6f6f9b512
[29] 7ff6f6c2126b
[30] 7ff6f6c22092
[31] 7ff6f6c2772e
[32] 7ffd6fbdcd87 BaseThreadInitThunk
[33] 7ffd70e0caec RtlUserThreadStart
[Error] Exception caught loading asset: /objects/ship/akkimari/akkimarishiplocker/akkimarishiplocker.object, (AssetException) Could not read JSON asset /objects/ship/akkimari/akkimarishiplocker/akkimarishiplocker.object
[0] 7ff6f6c2b2a3
[1] 7ff6f6c29fce
[2] 7ff6f6c2a0b8
[3] 7ff6f6c39e20
[4] 7ff6f7359d81
[5] 7ffd4930bb00 _CxxFrameHandler3
[6] 7ffd492f33c7 is_exception_typeof
[7] 7ffd70e841b6 RtlCaptureContext2
[8] 7ff6f6c3c712
[9] 7ff6f6c39b3b
[10] 7ff6f6c454dd
[11] 7ff6f6c44633
[12] 7ff6f6c40bbf
[13] 7ff6f6c4af6b
[14] 7ff6f6c271f7
[15] 7ff6f6c2772e
[16] 7ffd6fbdcd87 BaseThreadInitThunk
[17] 7ffd70e0caec RtlUserThreadStart
Caused by: (JsonParsingException) Cannot parse json file: /objects/ship/akkimari/akkimarishiplocker/akkimarishiplocker.object
[0] 7ff6f6c2b2a3
[1] 7ff6f6c29fce
[2] 7ff6f6c2a0b8
[3] 7ff6f6c3a980
[4] 7ff6f735b16b
[5] 7ffd4930bb00 _CxxFrameHandler3
[6] 7ffd492f33c7 is_exception_typeof
[7] 7ffd70e841b6 RtlCaptureContext2
[8] 7ff6f6c47b17
[9] 7ff6f6c3c712
[10] 7ff6f6c39b3b
[11] 7ff6f6c454dd
[12] 7ff6f6c44633
[13] 7ff6f6c40bbf
[14] 7ff6f6c4af6b
[15] 7ff6f6c271f7
[16] 7ff6f6c2772e
[17] 7ffd6fbdcd87 BaseThreadInitThunk
[18] 7ffd70e0caec RtlUserThreadStart
Caused by: (JsonException) Improper conversion to JsonArray from object
[0] 7ff6f6c2b2a3
[1] 7ff6f6c29fce
[2] 7ff6f6bc4f4a
[3] 7ff6f6bd2382
[4] 7ff6f6c47b17
[5] 7ff6f6c3c712
[6] 7ff6f6c39b3b
[7] 7ff6f6c454dd
[8] 7ff6f6c44633
[9] 7ff6f6c40bbf
[10] 7ff6f6c4af6b
[11] 7ff6f6c271f7
[12] 7ff6f6c2772e
[13] 7ffd6fbdcd87 BaseThreadInitThunk
[14] 7ffd70e0caec RtlUserThreadStart
[Error] Error loading object file /objects/ship/akkimari/akkimarishiplocker/akkimarishiplocker.object: (AssetException) Error loading asset /objects/ship/akkimari/akkimarishiplocker/akkimarishiplocker.object
[0] 7ff6f6c2b2a3
[1] 7ff6f6c29fce
[2] 7ff6f6c366ca
[3] 7ff6f6c427c2
[4] 7ff6f6c442b9
[5] 7ff6f6eac254
[6] 7ff6f6f95105
[7] 7ff6f6f99749
[8] 7ff6f6f8bacf
[9] 7ff6f6f8f536
[10] 7ff6f6f8ce99
[11] 7ff6f6f9baa6
[12] 7ff6f6f9a197
[13] 7ff6f6f91e13
[14] 7ff6f6f8fd59
[15] 7ff6f6fa0f32
[16] 7ff6f6f8bd40
[17] 7ff6f6f8f1a9
[18] 7ff6f6f8caac
[19] 7ff6f6f8bdce
[20] 7ff6f6f8b52e
[21] 7ff6f6f9b512
[22] 7ff6f6c2126b
[23] 7ff6f6c22092
[24] 7ff6f6c2772e
[25] 7ffd6fbdcd87 BaseThreadInitThunk
[26] 7ffd70e0caec RtlUserThreadStart
[Error] Could not apply patch from file /objects/STATIC_VEHICLES/gic_vehicletender/gic_vehicletender.object.patch in source: ..\mods\female_translation.pak.  Caused by: (JsonPatchException) Could not apply patch to base. (JsonPatchException) Could not apply operation to base. (JsonException) Cannot call get with key on Json type array, must be Object type
[Error] Could not apply patch from file /objects/sheilaworkshop/black_furniture/black_fullthrottleboneboodrinkobject/black_fullthrottleboneboodrinkobject.object.patch in source: ..\mods\female_translation.pak.  Caused by: (JsonPatchException) Could not apply patch to base. (JsonPatchException) Could not apply operation to base. (JsonException) Cannot call get with key on Json type array, must be Object type
[Error] Exception caught loading asset: /objects/ship/akkimari/akkimarishiplockertier0/akkimarishiplockertier0.object, (AssetException) Could not read JSON asset /objects/ship/akkimari/akkimarishiplockertier0/akkimarishiplockertier0.object
[0] 7ff6f6c2b2a3
[1] 7ff6f6c29fce
[2] 7ff6f6c2a0b8
[3] 7ff6f6c39e20
[4] 7ff6f7359d81
[5] 7ffd4930bb00 _CxxFrameHandler3
[6] 7ffd492f33c7 is_exception_typeof
[7] 7ffd70e841b6 RtlCaptureContext2
[8] 7ff6f6c3c712
[9] 7ff6f6c39b3b
[10] 7ff6f6c454dd
[11] 7ff6f6c44633
[12] 7ff6f6c40bbf
[13] 7ff6f6c4af6b
[14] 7ff6f6c271f7
[15] 7ff6f6c2772e
[16] 7ffd6fbdcd87 BaseThreadInitThunk
[17] 7ffd70e0caec RtlUserThreadStart
Caused by: (JsonParsingException) Cannot parse json file: /objects/ship/akkimari/akkimarishiplockertier0/akkimarishiplockertier0.object
[0] 7ff6f6c2b2a3
[1] 7ff6f6c29fce
[2] 7ff6f6c2a0b8
[3] 7ff6f6c3a980
[4] 7ff6f735b16b
[5] 7ffd4930bb00 _CxxFrameHandler3
[6] 7ffd492f33c7 is_exception_typeof
[7] 7ffd70e841b6 RtlCaptureContext2
[8] 7ff6f6c47b17
[9] 7ff6f6c3c712
[10] 7ff6f6c39b3b
[11] 7ff6f6c454dd
[12] 7ff6f6c44633
[13] 7ff6f6c40bbf
[14] 7ff6f6c4af6b
[15] 7ff6f6c271f7
[16] 7ff6f6c2772e
[17] 7ffd6fbdcd87 BaseThreadInitThunk
[18] 7ffd70e0caec RtlUserThreadStart
Caused by: (JsonException) Improper conversion to JsonArray from object
[0] 7ff6f6c2b2a3
[1] 7ff6f6c29fce
[2] 7ff6f6bc4f4a
[3] 7ff6f6bd2382
[4] 7ff6f6c47b17
[5] 7ff6f6c3c712
[6] 7ff6f6c39b3b
[7] 7ff6f6c454dd
[8] 7ff6f6c44633
[9] 7ff6f6c40bbf
[10] 7ff6f6c4af6b
[11] 7ff6f6c271f7
[12] 7ff6f6c2772e
[13] 7ffd6fbdcd87 BaseThreadInitThunk
[14] 7ffd70e0caec RtlUserThreadStart
[Error] Error loading object file /objects/ship/akkimari/akkimarishiplockertier0/akkimarishiplockertier0.object: (AssetException) Error loading asset /objects/ship/akkimari/akkimarishiplockertier0/akkimarishiplockertier0.object
[0] 7ff6f6c2b2a3
[1] 7ff6f6c29fce
[2] 7ff6f6c366ca
[3] 7ff6f6c427c2
[4] 7ff6f6c442b9
[5] 7ff6f6eac254
[6] 7ff6f6f95105
[7] 7ff6f6f99749
[8] 7ff6f6f8bacf
[9] 7ff6f6f8f536
[10] 7ff6f6f8ce99
[11] 7ff6f6f9baa6
[12] 7ff6f6f9a197
[13] 7ff6f6f91e13
[14] 7ff6f6f8fd59
[15] 7ff6f6fa0f32
[16] 7ff6f6f8bd40
[17] 7ff6f6f8f1a9
[18] 7ff6f6f8caac
[19] 7ff6f6f8bdce
[20] 7ff6f6f8b52e
[21] 7ff6f6f9b512
[22] 7ff6f6c2126b
[23] 7ff6f6c22092
[24] 7ff6f6c2772e
[25] 7ffd6fbdcd87 BaseThreadInitThunk
[26] 7ffd70e0caec RtlUserThreadStart
[Error] Exception caught loading asset: /objects/arcana/archaic/table_3/arcana_archaic_table_3.object, (AssetException) Could not read JSON asset /objects/arcana/archaic/table_3/arcana_archaic_table_3.object
[0] 7ff6f6c2b2a3
[1] 7ff6f6c29fce
[2] 7ff6f6c2a0b8
[3] 7ff6f6c39e20
[4] 7ff6f7359d81
[5] 7ffd4930bb00 _CxxFrameHandler3
[6] 7ffd492f33c7 is_exception_typeof
[7] 7ffd70e841b6 RtlCaptureContext2
[8] 7ff6f6c3c712
[9] 7ff6f6c39b3b
[10] 7ff6f6c454dd
[11] 7ff6f6c44633
[12] 7ff6f6c40bbf
[13] 7ff6f6c4af6b
[14] 7ff6f6c271f7
[15] 7ff6f6c2772e
[16] 7ffd6fbdcd87 BaseThreadInitThunk
[17] 7ffd70e0caec RtlUserThreadStart
Caused by: (JsonParsingException) Cannot parse json file: /objects/arcana/archaic/table_3/arcana_archaic_table_3.object
[0] 7ff6f6c2b2a3
[1] 7ff6f6c29fce
[2] 7ff6f6c2a0b8
[3] 7ff6f6c3a980
[4] 7ff6f735b16b
[5] 7ffd4930bb00 _CxxFrameHandler3
[6] 7ffd492f33c7 is_exception_typeof
[7] 7ffd70e841b6 RtlCaptureContext2
[8] 7ff6f6c47b17
[9] 7ff6f6c3c712
[10] 7ff6f6c39b3b
[11] 7ff6f6c454dd
[12] 7ff6f6c44633
[13] 7ff6f6c40bbf
[14] 7ff6f6c4af6b
[15] 7ff6f6c271f7
[16] 7ff6f6c2772e
[17] 7ffd6fbdcd87 BaseThreadInitThunk
[18] 7ffd70e0caec RtlUserThreadStart
Caused by: (JsonException) Improper conversion to JsonArray from object
[0] 7ff6f6c2b2a3
[1] 7ff6f6c29fce
[2] 7ff6f6bc4f4a
[3] 7ff6f6bd2382
[4] 7ff6f6c47b17
[5] 7ff6f6c3c712
[6] 7ff6f6c39b3b
[7] 7ff6f6c454dd
[8] 7ff6f6c44633
[9] 7ff6f6c40bbf
[10] 7ff6f6c4af6b
[11] 7ff6f6c271f7
[12] 7ff6f6c2772e
[13] 7ffd6fbdcd87 BaseThreadInitThunk
[14] 7ffd70e0caec RtlUserThreadStart
[Error] Error loading object file /objects/arcana/archaic/table_3/arcana_archaic_table_3.object: (AssetException) Error loading asset /objects/arcana/archaic/table_3/arcana_archaic_table_3.object
[0] 7ff6f6c2b2a3
[1] 7ff6f6c29fce
[2] 7ff6f6c366ca
[3] 7ff6f6c427c2
[4] 7ff6f6c442b9
[5] 7ff6f6eac254
[6] 7ff6f6f95105
[7] 7ff6f6f99749
[8] 7ff6f6f8bacf
[9] 7ff6f6f8f536
[10] 7ff6f6f8ce99
[11] 7ff6f6f9baa6
[12] 7ff6f6f9a197
[13] 7ff6f6f91e13
[14] 7ff6f6f8fd59
[15] 7ff6f6fa0f32
[16] 7ff6f6f8bd40
[17] 7ff6f6f8f1a9
[18] 7ff6f6f8caac
[19] 7ff6f6f8bdce
[20] 7ff6f6f8b52e
[21] 7ff6f6f9b512
[22] 7ff6f6c2126b
[23] 7ff6f6c22092
[24] 7ff6f6c2772e
[25] 7ffd6fbdcd87 BaseThreadInitThunk
[26] 7ffd70e0caec RtlUserThreadStart
[Error] Exception caught loading asset: /objects/outpost/white_persianbox/white_persianbox.object, (AssetException) Could not read JSON asset /objects/outpost/white_persianbox/white_persianbox.object
[0] 7ff6f6c2b2a3
[1] 7ff6f6c29fce
[2] 7ff6f6c2a0b8
[3] 7ff6f6c39e20
[4] 7ff6f7359d81
[5] 7ffd4930bb00 _CxxFrameHandler3
[6] 7ffd492f33c7 is_exception_typeof
[7] 7ffd70e841b6 RtlCaptureContext2
[8] 7ff6f6c3c712
[9] 7ff6f6c39b3b
[10] 7ff6f6c454dd
[11] 7ff6f6c44633
[12] 7ff6f6c40bbf
[13] 7ff6f6c4af6b
[14] 7ff6f6c271f7
[15] 7ff6f6c2772e
[16] 7ffd6fbdcd87 BaseThreadInitThunk
[17] 7ffd70e0caec RtlUserThreadStart
Caused by: (JsonParsingException) Cannot parse json file: /objects/outpost/white_persianbox/white_persianbox.object
[0] 7ff6f6c2b2a3
[1] 7ff6f6c29fce
[2] 7ff6f6c2a0b8
[3] 7ff6f6c3a980
[4] 7ff6f735b16b
[5] 7ffd4930bb00 _CxxFrameHandler3
[6] 7ffd492f33c7 is_exception_typeof
[7] 7ffd70e841b6 RtlCaptureContext2
[8] 7ff6f6c47b17
[9] 7ff6f6c3c712
[10] 7ff6f6c39b3b
[11] 7ff6f6c454dd
[12] 7ff6f6c44633
[13] 7ff6f6c40bbf
[14] 7ff6f6c4af6b
[15] 7ff6f6c271f7
[16] 7ff6f6c2772e
[17] 7ffd6fbdcd87 BaseThreadInitThunk
[18] 7ffd70e0caec RtlUserThreadStart
Caused by: (JsonException) Improper conversion to JsonArray from object
[0] 7ff6f6c2b2a3
[1] 7ff6f6c29fce
[2] 7ff6f6bc4f4a
[3] 7ff6f6bd2382
[4] 7ff6f6c47b17
[5] 7ff6f6c3c712
[6] 7ff6f6c39b3b
[7] 7ff6f6c454dd
[8] 7ff6f6c44633
[9] 7ff6f6c40bbf
[10] 7ff6f6c4af6b
[11] 7ff6f6c271f7
[12] 7ff6f6c2772e
[13] 7ffd6fbdcd87 BaseThreadInitThunk
[14] 7ffd70e0caec RtlUserThreadStart
[Error] Error loading object file /objects/outpost/white_persianbox/white_persianbox.object: (AssetException) Error loading asset /objects/outpost/white_persianbox/white_persianbox.object
[0] 7ff6f6c2b2a3
[1] 7ff6f6c29fce
[2] 7ff6f6c366ca
[3] 7ff6f6c427c2
[4] 7ff6f6c442b9
[5] 7ff6f6eac254
[6] 7ff6f6f95105
[7] 7ff6f6f99749
[8] 7ff6f6f8bacf
[9] 7ff6f6f8f536
[10] 7ff6f6f8ce99
[11] 7ff6f6f9baa6
[12] 7ff6f6f9a197
[13] 7ff6f6f91e13
[14] 7ff6f6f8fd59
[15] 7ff6f6fa0f32
[16] 7ff6f6f8bd40
[17] 7ff6f6f8f1a9
[18] 7ff6f6f8caac
[19] 7ff6f6f8bdce
[20] 7ff6f6f8b52e
[21] 7ff6f6f9b512
[22] 7ff6f6c2126b
[23] 7ff6f6c22092
[24] 7ff6f6c2772e
[25] 7ffd6fbdcd87 BaseThreadInitThunk
[26] 7ffd70e0caec RtlUserThreadStart
[Error] Could not apply patch from file /objects/sheilaworkshop/black_furniture/black_titansteelkineticscrate/black_titansteelkineticscrate.object.patch in source: ..\mods\female_translation.pak.  Caused by: (JsonPatchException) Could not apply patch to base. (JsonPatchException) Could not apply operation to base. (JsonException) Cannot call get with key on Json type array, must be Object type
[Error] Exception caught loading asset: /objects/ship/fu_byostechstationTier0/fu_byostechstationTier0.object, (AssetException) Could not read JSON asset /objects/ship/fu_byostechstationTier0/fu_byostechstationTier0.object
[0] 7ff6f6c2b2a3
[1] 7ff6f6c29fce
[2] 7ff6f6c2a0b8
[3] 7ff6f6c39e20
[4] 7ff6f7359d81
[5] 7ffd4930bb00 _CxxFrameHandler3
[6] 7ffd492f33c7 is_exception_typeof
[7] 7ffd70e841b6 RtlCaptureContext2
[8] 7ff6f6c3c712
[9] 7ff6f6c39b3b
[10] 7ff6f6c454dd
[11] 7ff6f6c44633
[12] 7ff6f6c40bbf
[13] 7ff6f6c4af6b
[14] 7ff6f6c271f7
[15] 7ff6f6c2772e
[16] 7ffd6fbdcd87 BaseThreadInitThunk
[17] 7ffd70e0caec RtlUserThreadStart
Caused by: (JsonParsingException) Cannot parse json file: /objects/ship/fu_byostechstationTier0/fu_byostechstationTier0.object
[0] 7ff6f6c2b2a3
[1] 7ff6f6c29fce
[2] 7ff6f6c2a0b8
[3] 7ff6f6c3a980
[4] 7ff6f735b16b
[5] 7ffd4930bb00 _CxxFrameHandler3
[6] 7ffd492f33c7 is_exception_typeof
[7] 7ffd70e841b6 RtlCaptureContext2
[8] 7ff6f6c47b17
[9] 7ff6f6c3c712
[10] 7ff6f6c39b3b
[11] 7ff6f6c454dd
[12] 7ff6f6c44633
[13] 7ff6f6c40bbf
[14] 7ff6f6c4af6b
[15] 7ff6f6c271f7
[16] 7ff6f6c2772e
[17] 7ffd6fbdcd87 BaseThreadInitThunk
[18] 7ffd70e0caec RtlUserThreadStart
Caused by: (JsonException) Improper conversion to JsonArray from object
[0] 7ff6f6c2b2a3
[1] 7ff6f6c29fce
[2] 7ff6f6bc4f4a
[3] 7ff6f6bd2382
[4] 7ff6f6c47b17
[5] 7ff6f6c3c712
[6] 7ff6f6c39b3b
[7] 7ff6f6c454dd
[8] 7ff6f6c44633
[9] 7ff6f6c40bbf
[10] 7ff6f6c4af6b
[11] 7ff6f6c271f7
[12] 7ff6f6c2772e
[13] 7ffd6fbdcd87 BaseThreadInitThunk
[14] 7ffd70e0caec RtlUserThreadStart
[Error] Error loading object file /objects/ship/fu_byostechstationTier0/fu_byostechstationTier0.object: (AssetException) Error loading asset /objects/ship/fu_byostechstationTier0/fu_byostechstationTier0.object
[0] 7ff6f6c2b2a3
[1] 7ff6f6c29fce
[2] 7ff6f6c366ca
[3] 7ff6f6c427c2
[4] 7ff6f6c442b9
[5] 7ff6f6eac254
[6] 7ff6f6f95105
[7] 7ff6f6f99749
[8] 7ff6f6f8bacf
[9] 7ff6f6f8f536
[10] 7ff6f6f8ce99
[11] 7ff6f6f9baa6
[12] 7ff6f6f9a197
[13] 7ff6f6f91e13
[14] 7ff6f6f8fd59
[15] 7ff6f6fa0f32
[16] 7ff6f6f8bd40
[17] 7ff6f6f8f1a9
[18] 7ff6f6f8caac
[19] 7ff6f6f8bdce
[20] 7ff6f6f8b52e
[21] 7ff6f6f9b512
[22] 7ff6f6c2126b
[23] 7ff6f6c22092
[24] 7ff6f6c2772e
[25] 7ffd6fbdcd87 BaseThreadInitThunk
[26] 7ffd70e0caec RtlUserThreadStart
[Error] Could not apply patch from file /objects/STATIC_VEHICLES/gic_wreckedcar2/gic_wreckedcar2.object.patch in source: ..\mods\female_translation.pak.  Caused by: (JsonPatchException) Could not apply patch to base. (JsonPatchException) Could not apply operation to base. (JsonException) Cannot call get with key on Json type array, must be Object type
[Error] Could not apply patch from file /objects/STATIC_VEHICLES/gic_wreckedcar/gic_wreckedcar.object.patch in source: ..\mods\female_translation.pak.  Caused by: (JsonPatchException) Could not apply patch to base. (JsonPatchException) Could not apply operation to base. (JsonException) Cannot call get with key on Json type array, must be Object type
[Error] Exception caught loading asset: /objects/microformer/atprk_forgottenmountains/atprk_microformerforgottenmountains.object, (AssetException) Could not read JSON asset /objects/microformer/atprk_forgottenmountains/atprk_microformerforgottenmountains.object
[0] 7ff6f6c2b2a3
[1] 7ff6f6c29fce
[2] 7ff6f6c2a0b8
[3] 7ff6f6c39e20
[4] 7ff6f7359d81
[5] 7ffd4930bb00 _CxxFrameHandler3
[6] 7ffd492f33c7 is_exception_typeof
[7] 7ffd70e841b6 RtlCaptureContext2
[8] 7ff6f6c3c712
[9] 7ff6f6c39b3b
[10] 7ff6f6c454dd
[11] 7ff6f6c44633
[12] 7ff6f6c40bbf
[13] 7ff6f6c4af6b
[14] 7ff6f6c271f7
[15] 7ff6f6c2772e
[16] 7ffd6fbdcd87 BaseThreadInitThunk
[17] 7ffd70e0caec RtlUserThreadStart
Caused by: (JsonParsingException) Cannot parse json file: /objects/microformer/atprk_forgottenmountains/atprk_microformerforgottenmountains.object
[0] 7ff6f6c2b2a3
[1] 7ff6f6c29fce
[2] 7ff6f6c2a0b8
[3] 7ff6f6c3a980
[4] 7ff6f735b16b
[5] 7ffd4930bb00 _CxxFrameHandler3
[6] 7ffd492f33c7 is_exception_typeof
[7] 7ffd70e841b6 RtlCaptureContext2
[8] 7ff6f6c47b17
[9] 7ff6f6c3c712
[10] 7ff6f6c39b3b
[11] 7ff6f6c454dd
[12] 7ff6f6c44633
[13] 7ff6f6c40bbf
[14] 7ff6f6c4af6b
[15] 7ff6f6c271f7
[16] 7ff6f6c2772e
[17] 7ffd6fbdcd87 BaseThreadInitThunk
[18] 7ffd70e0caec RtlUserThreadStart
Caused by: (JsonException) Improper conversion to JsonArray from object
[0] 7ff6f6c2b2a3
[1] 7ff6f6c29fce
[2] 7ff6f6bc4f4a
[3] 7ff6f6bd2382
[4] 7ff6f6c47b17
[5] 7ff6f6c3c712
[6] 7ff6f6c39b3b
[7] 7ff6f6c454dd
[8] 7ff6f6c44633
[9] 7ff6f6c40bbf
[10] 7ff6f6c4af6b
[11] 7ff6f6c271f7
[12] 7ff6f6c2772e
[13] 7ffd6fbdcd87 BaseThreadInitThunk
[14] 7ffd70e0caec RtlUserThreadStart
[Error] Error loading object file /objects/microformer/atprk_forgottenmountains/atprk_microformerforgottenmountains.object: (AssetException) Error loading asset /objects/microformer/atprk_forgottenmountains/atprk_microformerforgottenmountains.object
[0] 7ff6f6c2b2a3
[1] 7ff6f6c29fce
[2] 7ff6f6c366ca
[3] 7ff6f6c427c2
[4] 7ff6f6c442b9
[5] 7ff6f6eac254
[6] 7ff6f6f95105
[7] 7ff6f6f99749
[8] 7ff6f6f8bacf
[9] 7ff6f6f8f536
[10] 7ff6f6f8ce99
[11] 7ff6f6f9baa6
[12] 7ff6f6f9a197
[13] 7ff6f6f91e13
[14] 7ff6f6f8fd59
[15] 7ff6f6fa0f32
[16] 7ff6f6f8bd40
[17] 7ff6f6f8f1a9
[18] 7ff6f6f8caac
[19] 7ff6f6f8bdce
[20] 7ff6f6f8b52e
[21] 7ff6f6f9b512
[22] 7ff6f6c2126b
[23] 7ff6f6c22092
[24] 7ff6f6c2772e
[25] 7ffd6fbdcd87 BaseThreadInitThunk
[26] 7ffd70e0caec RtlUserThreadStart
[Error] Exception caught loading asset: /objects/koopUscm/generic/uscmflag/uscmflag.object, (AssetException) Could not read JSON asset /objects/koopUscm/generic/uscmflag/uscmflag.object
[0] 7ff6f6c2b2a3
[1] 7ff6f6c29fce
[2] 7ff6f6c2a0b8
[3] 7ff6f6c39e20
[4] 7ff6f7359d81
[5] 7ffd4930bb00 _CxxFrameHandler3
[6] 7ffd492f33c7 is_exception_typeof
[7] 7ffd70e841b6 RtlCaptureContext2
[8] 7ff6f6c3c712
[9] 7ff6f6c39b3b
[10] 7ff6f6c454dd
[11] 7ff6f6c44633
[12] 7ff6f6c40bbf
[13] 7ff6f6c4af6b
[14] 7ff6f6c271f7
[15] 7ff6f6c2772e
[16] 7ffd6fbdcd87 BaseThreadInitThunk
[17] 7ffd70e0caec RtlUserThreadStart
Caused by: (JsonParsingException) Cannot parse json file: /objects/koopUscm/generic/uscmflag/uscmflag.object
[0] 7ff6f6c2b2a3
[1] 7ff6f6c29fce
[2] 7ff6f6c2a0b8
[3] 7ff6f6c3a980
[4] 7ff6f735b16b
[5] 7ffd4930bb00 _CxxFrameHandler3
[6] 7ffd492f33c7 is_exception_typeof
[7] 7ffd70e841b6 RtlCaptureContext2
[8] 7ff6f6c47b17
[9] 7ff6f6c3c712
[10] 7ff6f6c39b3b
[11] 7ff6f6c454dd
[12] 7ff6f6c44633
[13] 7ff6f6c40bbf
[14] 7ff6f6c4af6b
[15] 7ff6f6c271f7
[16] 7ff6f6c2772e
[17] 7ffd6fbdcd87 BaseThreadInitThunk
[18] 7ffd70e0caec RtlUserThreadStart
Caused by: (JsonException) Improper conversion to JsonArray from object
[0] 7ff6f6c2b2a3
[1] 7ff6f6c29fce
[2] 7ff6f6bc4f4a
[3] 7ff6f6bd2382
[4] 7ff6f6c47b17
[5] 7ff6f6c3c712
[6] 7ff6f6c39b3b
[7] 7ff6f6c454dd
[8] 7ff6f6c44633
[9] 7ff6f6c40bbf
[10] 7ff6f6c4af6b
[11] 7ff6f6c271f7
[12] 7ff6f6c2772e
[13] 7ffd6fbdcd87 BaseThreadInitThunk
[14] 7ffd70e0caec RtlUserThreadStart
[Error] Error loading object file /objects/koopUscm/generic/uscmflag/uscmflag.object: (AssetException) Error loading asset /objects/koopUscm/generic/uscmflag/uscmflag.object
[0] 7ff6f6c2b2a3
[1] 7ff6f6c29fce
[2] 7ff6f6c366ca
[3] 7ff6f6c427c2
[4] 7ff6f6c442b9
[5] 7ff6f6eac254
[6] 7ff6f6f95105
[7] 7ff6f6f99749
[8] 7ff6f6f8bacf
[9] 7ff6f6f8f536
[10] 7ff6f6f8ce99
[11] 7ff6f6f9baa6
[12] 7ff6f6f9a197
[13] 7ff6f6f91e13
[14] 7ff6f6f8fd59
[15] 7ff6f6fa0f32
[16] 7ff6f6f8bd40
[17] 7ff6f6f8f1a9
[18] 7ff6f6f8caac
[19] 7ff6f6f8bdce
[20] 7ff6f6f8b52e
[21] 7ff6f6f9b512
[22] 7ff6f6c2126b
[23] 7ff6f6c22092
[24] 7ff6f6c2772e
[25] 7ffd6fbdcd87 BaseThreadInitThunk
[26] 7ffd70e0caec RtlUserThreadStart
[Error] Exception caught loading asset: /objects/crafting/upgradeablecraftingobjects/auraciteAnvil/auraciteAnvil.object, (AssetException) Could not read JSON asset /objects/crafting/upgradeablecraftingobjects/auraciteAnvil/auraciteAnvil.object
[0] 7ff6f6c2b2a3
[1] 7ff6f6c29fce
[2] 7ff6f6c2a0b8
[3] 7ff6f6c39e20
[4] 7ff6f7359d81
[5] 7ffd4930bb00 _CxxFrameHandler3
[6] 7ffd492f33c7 is_exception_typeof
[7] 7ffd70e841b6 RtlCaptureContext2
[8] 7ff6f6c3c712
[9] 7ff6f6c39b3b
[10] 7ff6f6c454dd
[11] 7ff6f6c44633
[12] 7ff6f6c40bbf
[13] 7ff6f6c4af6b
[14] 7ff6f6c271f7
[15] 7ff6f6c2772e
[16] 7ffd6fbdcd87 BaseThreadInitThunk
[17] 7ffd70e0caec RtlUserThreadStart
Caused by: (JsonParsingException) Cannot parse json file: /objects/crafting/upgradeablecraftingobjects/auraciteAnvil/auraciteAnvil.object
[0] 7ff6f6c2b2a3
[1] 7ff6f6c29fce
[2] 7ff6f6c2a0b8
[3] 7ff6f6c3a980
[4] 7ff6f735b16b
[5] 7ffd4930bb00 _CxxFrameHandler3
[6] 7ffd492f33c7 is_exception_typeof
[7] 7ffd70e841b6 RtlCaptureContext2
[8] 7ff6f6c47b17
[9] 7ff6f6c3c712
[10] 7ff6f6c39b3b
[11] 7ff6f6c454dd
[12] 7ff6f6c44633
[13] 7ff6f6c40bbf
[14] 7ff6f6c4af6b
[15] 7ff6f6c271f7
[16] 7ff6f6c2772e
[17] 7ffd6fbdcd87 BaseThreadInitThunk
[18] 7ffd70e0caec RtlUserThreadStart
Caused by: (JsonException) Improper conversion to JsonArray from object
[0] 7ff6f6c2b2a3
[1] 7ff6f6c29fce
[2] 7ff6f6bc4f4a
[3] 7ff6f6bd2382
[4] 7ff6f6c47b17
[5] 7ff6f6c3c712
[6] 7ff6f6c39b3b
[7] 7ff6f6c454dd
[8] 7ff6f6c44633
[9] 7ff6f6c40bbf
[10] 7ff6f6c4af6b
[11] 7ff6f6c271f7
[12] 7ff6f6c2772e
[13] 7ffd6fbdcd87 BaseThreadInitThunk
[14] 7ffd70e0caec RtlUserThreadStart
[Error] Error loading object file /objects/crafting/upgradeablecraftingobjects/auraciteAnvil/auraciteAnvil.object: (AssetException) Error loading asset /objects/crafting/upgradeablecraftingobjects/auraciteAnvil/auraciteAnvil.object
[0] 7ff6f6c2b2a3
[1] 7ff6f6c29fce
[2] 7ff6f6c366ca
[3] 7ff6f6c427c2
[4] 7ff6f6c442b9
[5] 7ff6f6eac254
[6] 7ff6f6f95105
[7] 7ff6f6f99749
[8] 7ff6f6f8bacf
[9] 7ff6f6f8f536
[10] 7ff6f6f8ce99
[11] 7ff6f6f9baa6
[12] 7ff6f6f9a197
[13] 7ff6f6f91e13
[14] 7ff6f6f8fd59
[15] 7ff6f6fa0f32
[16] 7ff6f6f8bd40
[17] 7ff6f6f8f1a9
[18] 7ff6f6f8caac
[19] 7ff6f6f8bdce
[20] 7ff6f6f8b52e
[21] 7ff6f6f9b512
[22] 7ff6f6c2126b
[23] 7ff6f6c22092
[24] 7ff6f6c2772e
[25] 7ffd6fbdcd87 BaseThreadInitThunk
[26] 7ffd70e0caec RtlUserThreadStart
[Error] Exception caught loading asset: /objects/avikan/outpost/avikanvehicleshop/avikanvehicleshop.object, (AssetException) Could not read JSON asset /objects/avikan/outpost/avikanvehicleshop/avikanvehicleshop.object
[0] 7ff6f6c2b2a3
[1] 7ff6f6c29fce
[2] 7ff6f6c2a0b8
[3] 7ff6f6c39e20
[4] 7ff6f7359d81
[5] 7ffd4930bb00 _CxxFrameHandler3
[6] 7ffd492f33c7 is_exception_typeof
[7] 7ffd70e841b6 RtlCaptureContext2
[8] 7ff6f6c3c712
[9] 7ff6f6c39b3b
[10] 7ff6f6c454dd
[11] 7ff6f6c44633
[12] 7ff6f6c40bbf
[13] 7ff6f6c4af6b
[14] 7ff6f6c271f7
[15] 7ff6f6c2772e
[16] 7ffd6fbdcd87 BaseThreadInitThunk
[17] 7ffd70e0caec RtlUserThreadStart
Caused by: (JsonParsingException) Cannot parse json file: /objects/avikan/outpost/avikanvehicleshop/avikanvehicleshop.object
[0] 7ff6f6c2b2a3
[1] 7ff6f6c29fce
[2] 7ff6f6c2a0b8
[3] 7ff6f6c3a980
[4] 7ff6f735b16b
[5] 7ffd4930bb00 _CxxFrameHandler3
[6] 7ffd492f33c7 is_exception_typeof
[7] 7ffd70e841b6 RtlCaptureContext2
[8] 7ff6f6c47b17
[9] 7ff6f6c3c712
[10] 7ff6f6c39b3b
[11] 7ff6f6c454dd
[12] 7ff6f6c44633
[13] 7ff6f6c40bbf
[14] 7ff6f6c4af6b
[15] 7ff6f6c271f7
[16] 7ff6f6c2772e
[17] 7ffd6fbdcd87 BaseThreadInitThunk
[18] 7ffd70e0caec RtlUserThreadStart
Caused by: (JsonException) Improper conversion to JsonArray from object
[0] 7ff6f6c2b2a3
[1] 7ff6f6c29fce
[2] 7ff6f6bc4f4a
[3] 7ff6f6bd2382
[4] 7ff6f6c47b17
[5] 7ff6f6c3c712
[6] 7ff6f6c39b3b
[7] 7ff6f6c454dd
[8] 7ff6f6c44633
[9] 7ff6f6c40bbf
[10] 7ff6f6c4af6b
[11] 7ff6f6c271f7
[12] 7ff6f6c2772e
[13] 7ffd6fbdcd87 BaseThreadInitThunk
[14] 7ffd70e0caec RtlUserThreadStart
[Error] Error loading object file /objects/avikan/outpost/avikanvehicleshop/avikanvehicleshop.object: (AssetException) Error loading asset /objects/avikan/outpost/avikanvehicleshop/avikanvehicleshop.object
[0] 7ff6f6c2b2a3
[1] 7ff6f6c29fce
[2] 7ff6f6c366ca
[3] 7ff6f6c427c2
[4] 7ff6f6c442b9
[5] 7ff6f6eac254
[6] 7ff6f6f95105
[7] 7ff6f6f99749
[8] 7ff6f6f8bacf
[9] 7ff6f6f8f536
[10] 7ff6f6f8ce99
[11] 7ff6f6f9baa6
[12] 7ff6f6f9a197
[13] 7ff6f6f91e13
[14] 7ff6f6f8fd59
[15] 7ff6f6fa0f32
[16] 7ff6f6f8bd40
[17] 7ff6f6f8f1a9
[18] 7ff6f6f8caac
[19] 7ff6f6f8bdce
[20] 7ff6f6f8b52e
[21] 7ff6f6f9b512
[22] 7ff6f6c2126b
[23] 7ff6f6c22092
[24] 7ff6f6c2772e
[25] 7ffd6fbdcd87 BaseThreadInitThunk
[26] 7ffd70e0caec RtlUserThreadStart
[Error] Exception caught loading asset: /objects/TRADITIONAL/gico_traditional_pot/gico_traditional_pot.object, (AssetException) Could not read JSON asset /objects/TRADITIONAL/gico_traditional_pot/gico_traditional_pot.object
[0] 7ff6f6c2b2a3
[1] 7ff6f6c29fce
[2] 7ff6f6c2a0b8
[3] 7ff6f6c39e20
[4] 7ff6f7359d81
[5] 7ffd4930bb00 _CxxFrameHandler3
[6] 7ffd492f33c7 is_exception_typeof
[7] 7ffd70e841b6 RtlCaptureContext2
[8] 7ff6f6c3c712
[9] 7ff6f6c39b3b
[10] 7ff6f6c454dd
[11] 7ff6f6c44633
[12] 7ff6f6c40bbf
[13] 7ff6f6c4af6b
[14] 7ff6f6c271f7
[15] 7ff6f6c2772e
[16] 7ffd6fbdcd87 BaseThreadInitThunk
[17] 7ffd70e0caec RtlUserThreadStart
Caused by: (JsonParsingException) Cannot parse json file: /objects/TRADITIONAL/gico_traditional_pot/gico_traditional_pot.object
[0] 7ff6f6c2b2a3
[1] 7ff6f6c29fce
[2] 7ff6f6c2a0b8
[3] 7ff6f6c3a980
[4] 7ff6f735b16b
[5] 7ffd4930bb00 _CxxFrameHandler3
[6] 7ffd492f33c7 is_exception_typeof
[7] 7ffd70e841b6 RtlCaptureContext2
[8] 7ff6f6c47b17
[9] 7ff6f6c3c712
[10] 7ff6f6c39b3b
[11] 7ff6f6c454dd
[12] 7ff6f6c44633
[13] 7ff6f6c40bbf
[14] 7ff6f6c4af6b
[15] 7ff6f6c271f7
[16] 7ff6f6c2772e
[17] 7ffd6fbdcd87 BaseThreadInitThunk
[18] 7ffd70e0caec RtlUserThreadStart
Caused by: (JsonException) Improper conversion to JsonArray from object
[0] 7ff6f6c2b2a3
[1] 7ff6f6c29fce
[2] 7ff6f6bc4f4a
[3] 7ff6f6bd2382
[4] 7ff6f6c47b17
[5] 7ff6f6c3c712
[6] 7ff6f6c39b3b
[7] 7ff6f6c454dd
[8] 7ff6f6c44633
[9] 7ff6f6c40bbf
[10] 7ff6f6c4af6b
[11] 7ff6f6c271f7
[12] 7ff6f6c2772e
[13] 7ffd6fbdcd87 BaseThreadInitThunk
[14] 7ffd70e0caec RtlUserThreadStart
[Error] Error loading object file /objects/TRADITIONAL/gico_traditional_pot/gico_traditional_pot.object: (AssetException) Error loading asset /objects/TRADITIONAL/gico_traditional_pot/gico_traditional_pot.object
[0] 7ff6f6c2b2a3
[1] 7ff6f6c29fce
[2] 7ff6f6c366ca
[3] 7ff6f6c427c2
[4] 7ff6f6c442b9
[5] 7ff6f6eac254
[6] 7ff6f6f95105
[7] 7ff6f6f99749
[8] 7ff6f6f8bacf
[9] 7ff6f6f8f536
[10] 7ff6f6f8ce99
[11] 7ff6f6f9baa6
[12] 7ff6f6f9a197
[13] 7ff6f6f91e13
[14] 7ff6f6f8fd59
[15] 7ff6f6fa0f32
[16] 7ff6f6f8bd40
[17] 7ff6f6f8f1a9
[18] 7ff6f6f8caac
[19] 7ff6f6f8bdce
[20] 7ff6f6f8b52e
[21] 7ff6f6f9b512
[22] 7ff6f6c2126b
[23] 7ff6f6c22092
[24] 7ff6f6c2772e
[25] 7ffd6fbdcd87 BaseThreadInitThunk
[26] 7ffd70e0caec RtlUserThreadStart
[Error] Exception caught loading asset: /objects/hylotl/hylotlprizecounter/hylotlprizecounter.object, (AssetException) Could not read JSON asset /objects/hylotl/hylotlprizecounter/hylotlprizecounter.object
[0] 7ff6f6c2b2a3
[1] 7ff6f6c29fce
[2] 7ff6f6c2a0b8
[3] 7ff6f6c39e20
[4] 7ff6f7359d81
[5] 7ffd4930bb00 _CxxFrameHandler3
[6] 7ffd492f33c7 is_exception_typeof
[7] 7ffd70e841b6 RtlCaptureContext2
[8] 7ff6f6c3c712
[9] 7ff6f6c39b3b
[10] 7ff6f6c454dd
[11] 7ff6f6c44633
[12] 7ff6f6c40bbf
[13] 7ff6f6c4af6b
[14] 7ff6f6c271f7
[15] 7ff6f6c2772e
[16] 7ffd6fbdcd87 BaseThreadInitThunk
[17] 7ffd70e0caec RtlUserThreadStart
Caused by: (JsonParsingException) Cannot parse json file: /objects/hylotl/hylotlprizecounter/hylotlprizecounter.object
[0] 7ff6f6c2b2a3
[1] 7ff6f6c29fce
[2] 7ff6f6c2a0b8
[3] 7ff6f6c3a980
[4] 7ff6f735b16b
[5] 7ffd4930bb00 _CxxFrameHandler3
[6] 7ffd492f33c7 is_exception_typeof
[7] 7ffd70e841b6 RtlCaptureContext2
[8] 7ff6f6c47b17
[9] 7ff6f6c3c712
[10] 7ff6f6c39b3b
[11] 7ff6f6c454dd
[12] 7ff6f6c44633
[13] 7ff6f6c40bbf
[14] 7ff6f6c4af6b
[15] 7ff6f6c271f7
[16] 7ff6f6c2772e
[17] 7ffd6fbdcd87 BaseThreadInitThunk
[18] 7ffd70e0caec RtlUserThreadStart
Caused by: (JsonException) Improper conversion to JsonArray from object
[0] 7ff6f6c2b2a3
[1] 7ff6f6c29fce
[2] 7ff6f6bc4f4a
[3] 7ff6f6bd2382
[4] 7ff6f6c47b17
[5] 7ff6f6c3c712
[6] 7ff6f6c39b3b
[7] 7ff6f6c454dd
[8] 7ff6f6c44633
[9] 7ff6f6c40bbf
[10] 7ff6f6c4af6b
[11] 7ff6f6c271f7
[12] 7ff6f6c2772e
[13] 7ffd6fbdcd87 BaseThreadInitThunk
[14] 7ffd70e0caec RtlUserThreadStart
[Error] Error loading object file /objects/hylotl/hylotlprizecounter/hylotlprizecounter.object: (AssetException) Error loading asset /objects/hylotl/hylotlprizecounter/hylotlprizecounter.object
[0] 7ff6f6c2b2a3
[1] 7ff6f6c29fce
[2] 7ff6f6c366ca
[3] 7ff6f6c427c2
[4] 7ff6f6c442b9
[5] 7ff6f6eac254
[6] 7ff6f6f95105
[7] 7ff6f6f99749
[8] 7ff6f6f8bacf
[9] 7ff6f6f8f536
[10] 7ff6f6f8ce99
[11] 7ff6f6f9baa6
[12] 7ff6f6f9a197
[13] 7ff6f6f91e13
[14] 7ff6f6f8fd59
[15] 7ff6f6fa0f32
[16] 7ff6f6f8bd40
[17] 7ff6f6f8f1a9
[18] 7ff6f6f8caac
[19] 7ff6f6f8bdce
[20] 7ff6f6f8b52e
[21] 7ff6f6f9b512
[22] 7ff6f6c2126b
[23] 7ff6f6c22092
[24] 7ff6f6c2772e
[25] 7ffd6fbdcd87 BaseThreadInitThunk
[26] 7ffd70e0caec RtlUserThreadStart
[Error] Exception caught loading asset: /objects/workshop/auto_battery_2/arcana_auto_battery_2.object, (AssetException) Could not read JSON asset /objects/workshop/auto_battery_2/arcana_auto_battery_2.object
[0] 7ff6f6c2b2a3
[1] 7ff6f6c29fce
[2] 7ff6f6c2a0b8
[3] 7ff6f6c39e20
[4] 7ff6f7359d81
[5] 7ffd4930bb00 _CxxFrameHandler3
[6] 7ffd492f33c7 is_exception_typeof
[7] 7ffd70e841b6 RtlCaptureContext2
[8] 7ff6f6c3c712
[9] 7ff6f6c39b3b
[10] 7ff6f6c454dd
[11] 7ff6f6c44633
[12] 7ff6f6c40bbf
[13] 7ff6f6c4af6b
[14] 7ff6f6c271f7
[15] 7ff6f6c2772e
[16] 7ffd6fbdcd87 BaseThreadInitThunk
[17] 7ffd70e0caec RtlUserThreadStart
Caused by: (JsonParsingException) Cannot parse json file: /objects/workshop/auto_battery_2/arcana_auto_battery_2.object
[0] 7ff6f6c2b2a3
[1] 7ff6f6c29fce
[2] 7ff6f6c2a0b8
[3] 7ff6f6c3a980
[4] 7ff6f735b16b
[5] 7ffd4930bb00 _CxxFrameHandler3
[6] 7ffd492f33c7 is_exception_typeof
[7] 7ffd70e841b6 RtlCaptureContext2
[8] 7ff6f6c47b17
[9] 7ff6f6c3c712
[10] 7ff6f6c39b3b
[11] 7ff6f6c454dd
[12] 7ff6f6c44633
[13] 7ff6f6c40bbf
[14] 7ff6f6c4af6b
[15] 7ff6f6c271f7
[16] 7ff6f6c2772e
[17] 7ffd6fbdcd87 BaseThreadInitThunk
[18] 7ffd70e0caec RtlUserThreadStart
Caused by: (JsonException) Improper conversion to JsonArray from object
[0] 7ff6f6c2b2a3
[1] 7ff6f6c29fce
[2] 7ff6f6bc4f4a
[3] 7ff6f6bd2382
[4] 7ff6f6c47b17
[5] 7ff6f6c3c712
[6] 7ff6f6c39b3b
[7] 7ff6f6c454dd
[8] 7ff6f6c44633
[9] 7ff6f6c40bbf
[10] 7ff6f6c4af6b
[11] 7ff6f6c271f7
[12] 7ff6f6c2772e
[13] 7ffd6fbdcd87 BaseThreadInitThunk
[14] 7ffd70e0caec RtlUserThreadStart
[Error] Error loading object file /objects/workshop/auto_battery_2/arcana_auto_battery_2.object: (AssetException) Error loading asset /objects/workshop/auto_battery_2/arcana_auto_battery_2.object
[0] 7ff6f6c2b2a3
[1] 7ff6f6c29fce
[2] 7ff6f6c366ca
[3] 7ff6f6c427c2
[4] 7ff6f6c442b9
[5] 7ff6f6eac254
[6] 7ff6f6f95105
[7] 7ff6f6f99749
[8] 7ff6f6f8bacf
[9] 7ff6f6f8f536
[10] 7ff6f6f8ce99
[11] 7ff6f6f9baa6
[12] 7ff6f6f9a197
[13] 7ff6f6f91e13
[14] 7ff6f6f8fd59
[15] 7ff6f6fa0f32
[16] 7ff6f6f8bd40
[17] 7ff6f6f8f1a9
[18] 7ff6f6f8caac
[19] 7ff6f6f8bdce
[20] 7ff6f6f8b52e
[21] 7ff6f6f9b512
[22] 7ff6f6c2126b
[23] 7ff6f6c22092
[24] 7ff6f6c2772e
[25] 7ffd6fbdcd87 BaseThreadInitThunk
[26] 7ffd70e0caec RtlUserThreadStart
[Error] Exception caught loading asset: /objects/arcana/vendor/3/arcana_vendor_3.object, (AssetException) Could not read JSON asset /objects/arcana/vendor/3/arcana_vendor_3.object
[0] 7ff6f6c2b2a3
[1] 7ff6f6c29fce
[2] 7ff6f6c2a0b8
[3] 7ff6f6c39e20
[4] 7ff6f7359d81
[5] 7ffd4930bb00 _CxxFrameHandler3
[6] 7ffd492f33c7 is_exception_typeof
[7] 7ffd70e841b6 RtlCaptureContext2
[8] 7ff6f6c3c712
[9] 7ff6f6c39b3b
[10] 7ff6f6c454dd
[11] 7ff6f6c44633
[12] 7ff6f6c40bbf
[13] 7ff6f6c4af6b
[14] 7ff6f6c271f7
[15] 7ff6f6c2772e
[16] 7ffd6fbdcd87 BaseThreadInitThunk
[17] 7ffd70e0caec RtlUserThreadStart
Caused by: (JsonParsingException) Cannot parse json file: /objects/arcana/vendor/3/arcana_vendor_3.object
[0] 7ff6f6c2b2a3
[1] 7ff6f6c29fce
[2] 7ff6f6c2a0b8
[3] 7ff6f6c3a980
[4] 7ff6f735b16b
[5] 7ffd4930bb00 _CxxFrameHandler3
[6] 7ffd492f33c7 is_exception_typeof
[7] 7ffd70e841b6 RtlCaptureContext2
[8] 7ff6f6c47b17
[9] 7ff6f6c3c712
[10] 7ff6f6c39b3b
[11] 7ff6f6c454dd
[12] 7ff6f6c44633
[13] 7ff6f6c40bbf
[14] 7ff6f6c4af6b
[15] 7ff6f6c271f7
[16] 7ff6f6c2772e
[17] 7ffd6fbdcd87 BaseThreadInitThunk
[18] 7ffd70e0caec RtlUserThreadStart
Caused by: (JsonException) Improper conversion to JsonArray from object
[0] 7ff6f6c2b2a3
[1] 7ff6f6c29fce
[2] 7ff6f6bc4f4a
[3] 7ff6f6bd2382
[4] 7ff6f6c47b17
[5] 7ff6f6c3c712
[6] 7ff6f6c39b3b
[7] 7ff6f6c454dd
[8] 7ff6f6c44633
[9] 7ff6f6c40bbf
[10] 7ff6f6c4af6b
[11] 7ff6f6c271f7
[12] 7ff6f6c2772e
[13] 7ffd6fbdcd87 BaseThreadInitThunk
[14] 7ffd70e0caec RtlUserThreadStart
[Error] Error loading object file /objects/arcana/vendor/3/arcana_vendor_3.object: (AssetException) Error loading asset /objects/arcana/vendor/3/arcana_vendor_3.object
[0] 7ff6f6c2b2a3
[1] 7ff6f6c29fce
[2] 7ff6f6c366ca
[3] 7ff6f6c427c2
[4] 7ff6f6c442b9
[5] 7ff6f6eac254
[6] 7ff6f6f95105
[7] 7ff6f6f99749
[8] 7ff6f6f8bacf
[9] 7ff6f6f8f536
[10] 7ff6f6f8ce99
[11] 7ff6f6f9baa6
[12] 7ff6f6f9a197
[13] 7ff6f6f91e13
[14] 7ff6f6f8fd59
[15] 7ff6f6fa0f32
[16] 7ff6f6f8bd40
[17] 7ff6f6f8f1a9
[18] 7ff6f6f8caac
[19] 7ff6f6f8bdce
[20] 7ff6f6f8b52e
[21] 7ff6f6f9b512
[22] 7ff6f6c2126b
[23] 7ff6f6c22092
[24] 7ff6f6c2772e
[25] 7ffd6fbdcd87 BaseThreadInitThunk
[26] 7ffd70e0caec RtlUserThreadStart
[Error] Exception caught loading asset: /objects/decorations/sgbody1/sgbody1.object, (AssetException) Could not read JSON asset /objects/decorations/sgbody1/sgbody1.object
[0] 7ff6f6c2b2a3
[1] 7ff6f6c29fce
[2] 7ff6f6c2a0b8
[3] 7ff6f6c39e20
[4] 7ff6f7359d81
[5] 7ffd4930bb00 _CxxFrameHandler3
[6] 7ffd492f33c7 is_exception_typeof
[7] 7ffd70e841b6 RtlCaptureContext2
[8] 7ff6f6c3c712
[9] 7ff6f6c39b3b
[10] 7ff6f6c454dd
[11] 7ff6f6c44633
[12] 7ff6f6c40bbf
[13] 7ff6f6c4af6b
[14] 7ff6f6c271f7
[15] 7ff6f6c2772e
[16] 7ffd6fbdcd87 BaseThreadInitThunk
[17] 7ffd70e0caec RtlUserThreadStart
Caused by: (JsonParsingException) Cannot parse json file: /objects/decorations/sgbody1/sgbody1.object
[0] 7ff6f6c2b2a3
[1] 7ff6f6c29fce
[2] 7ff6f6c2a0b8
[3] 7ff6f6c3a980
[4] 7ff6f735b16b
[5] 7ffd4930bb00 _CxxFrameHandler3
[6] 7ffd492f33c7 is_exception_typeof
[7] 7ffd70e841b6 RtlCaptureContext2
[8] 7ff6f6c47b17
[9] 7ff6f6c3c712
[10] 7ff6f6c39b3b
[11] 7ff6f6c454dd
[12] 7ff6f6c44633
[13] 7ff6f6c40bbf
[14] 7ff6f6c4af6b
[15] 7ff6f6c271f7
[16] 7ff6f6c2772e
[17] 7ffd6fbdcd87 BaseThreadInitThunk
[18] 7ffd70e0caec RtlUserThreadStart
Caused by: (JsonException) Improper conversion to JsonArray from object
[0] 7ff6f6c2b2a3
[1] 7ff6f6c29fce
[2] 7ff6f6bc4f4a
[3] 7ff6f6bd2382
[4] 7ff6f6c47b17
[5] 7ff6f6c3c712
[6] 7ff6f6c39b3b
[7] 7ff6f6c454dd
[8] 7ff6f6c44633
[9] 7ff6f6c40bbf
[10] 7ff6f6c4af6b
[11] 7ff6f6c271f7
[12] 7ff6f6c2772e
[13] 7ffd6fbdcd87 BaseThreadInitThunk
[14] 7ffd70e0caec RtlUserThreadStart
[Error] Error loading object file /objects/decorations/sgbody1/sgbody1.object: (AssetException) Error loading asset /objects/decorations/sgbody1/sgbody1.object
[0] 7ff6f6c2b2a3
[1] 7ff6f6c29fce
[2] 7ff6f6c366ca
[3] 7ff6f6c427c2
[4] 7ff6f6c442b9
[5] 7ff6f6eac254
[6] 7ff6f6f95105
[7] 7ff6f6f99749
[8] 7ff6f6f8bacf
[9] 7ff6f6f8f536
[10] 7ff6f6f8ce99
[11] 7ff6f6f9baa6
[12] 7ff6f6f9a197
[13] 7ff6f6f91e13
[14] 7ff6f6f8fd59
[15] 7ff6f6fa0f32
[16] 7ff6f6f8bd40
[17] 7ff6f6f8f1a9
[18] 7ff6f6f8caac
[19] 7ff6f6f8bdce
[20] 7ff6f6f8b52e
[21] 7ff6f6f9b512
[22] 7ff6f6c2126b
[23] 7ff6f6c22092
[24] 7ff6f6c2772e
[25] 7ffd6fbdcd87 BaseThreadInitThunk
[26] 7ffd70e0caec RtlUserThreadStart
[Error] Exception caught loading asset: /objects/ship/kirhostechstation/kirhostechstation.object, (AssetException) Could not read JSON asset /objects/ship/kirhostechstation/kirhostechstation.object
[0] 7ff6f6c2b2a3
[1] 7ff6f6c29fce
[2] 7ff6f6c2a0b8
[3] 7ff6f6c39e20
[4] 7ff6f7359d81
[5] 7ffd4930bb00 _CxxFrameHandler3
[6] 7ffd492f33c7 is_exception_typeof
[7] 7ffd70e841b6 RtlCaptureContext2
[8] 7ff6f6c3c712
[9] 7ff6f6c39b3b
[10] 7ff6f6c454dd
[11] 7ff6f6c44633
[12] 7ff6f6c40bbf
[13] 7ff6f6c4af6b
[14] 7ff6f6c271f7
[15] 7ff6f6c2772e
[16] 7ffd6fbdcd87 BaseThreadInitThunk
[17] 7ffd70e0caec RtlUserThreadStart
Caused by: (JsonParsingException) Cannot parse json file: /objects/ship/kirhostechstation/kirhostechstation.object
[0] 7ff6f6c2b2a3
[1] 7ff6f6c29fce
[2] 7ff6f6c2a0b8
[3] 7ff6f6c3a980
[4] 7ff6f735b16b
[5] 7ffd4930bb00 _CxxFrameHandler3
[6] 7ffd492f33c7 is_exception_typeof
[7] 7ffd70e841b6 RtlCaptureContext2
[8] 7ff6f6c47b17
[9] 7ff6f6c3c712
[10] 7ff6f6c39b3b
[11] 7ff6f6c454dd
[12] 7ff6f6c44633
[13] 7ff6f6c40bbf
[14] 7ff6f6c4af6b
[15] 7ff6f6c271f7
[16] 7ff6f6c2772e
[17] 7ffd6fbdcd87 BaseThreadInitThunk
[18] 7ffd70e0caec RtlUserThreadStart
Caused by: (JsonException) Improper conversion to JsonArray from object
[0] 7ff6f6c2b2a3
[1] 7ff6f6c29fce
[2] 7ff6f6bc4f4a
[3] 7ff6f6bd2382
[4] 7ff6f6c47b17
[5] 7ff6f6c3c712
[6] 7ff6f6c39b3b
[7] 7ff6f6c454dd
[8] 7ff6f6c44633
[9] 7ff6f6c40bbf
[10] 7ff6f6c4af6b
[11] 7ff6f6c271f7
[12] 7ff6f6c2772e
[13] 7ffd6fbdcd87 BaseThreadInitThunk
[14] 7ffd70e0caec RtlUserThreadStart
[Error] Could not apply patch from file /objects/CIVILIAN/gic_arcadestarburner/gic_arcadestarburner.object.patch in source: ..\mods\female_translation.pak.  Caused by: (JsonPatchException) Could not apply patch to base. (JsonPatchException) Could not apply operation to base. (JsonException) Cannot call get with key on Json type array, must be Object type
[Error] Exception caught loading asset: /objects/angelcrafting/angelspelltable/angelspelltable.object, (AssetException) Could not read JSON asset /objects/angelcrafting/angelspelltable/angelspelltable.object
[0] 7ff6f6c2b2a3
[1] 7ff6f6c29fce
[2] 7ff6f6c2a0b8
[3] 7ff6f6c39e20
[4] 7ff6f7359d81
[5] 7ffd4930bb00 _CxxFrameHandler3
[6] 7ffd492f33c7 is_exception_typeof
[7] 7ffd70e841b6 RtlCaptureContext2
[8] 7ff6f6c3c712
[9] 7ff6f6c39b3b
[10] 7ff6f6c454dd
[11] 7ff6f6c44633
[12] 7ff6f6c40bbf
[13] 7ff6f6c4af6b
[14] 7ff6f6c271f7
[15] 7ff6f6c2772e
[16] 7ffd6fbdcd87 BaseThreadInitThunk
[17] 7ffd70e0caec RtlUserThreadStart
Caused by: (JsonParsingException) Cannot parse json file: /objects/angelcrafting/angelspelltable/angelspelltable.object
[0] 7ff6f6c2b2a3
[1] 7ff6f6c29fce
[2] 7ff6f6c2a0b8
[3] 7ff6f6c3a980
[4] 7ff6f735b16b
[5] 7ffd4930bb00 _CxxFrameHandler3
[6] 7ffd492f33c7 is_exception_typeof
[7] 7ffd70e841b6 RtlCaptureContext2
[8] 7ff6f6c47b17
[9] 7ff6f6c3c712
[10] 7ff6f6c39b3b
[11] 7ff6f6c454dd
[12] 7ff6f6c44633
[13] 7ff6f6c40bbf
[14] 7ff6f6c4af6b
[15] 7ff6f6c271f7
[16] 7ff6f6c2772e
[17] 7ffd6fbdcd87 BaseThreadInitThunk
[18] 7ffd70e0caec RtlUserThreadStart
Caused by: (JsonException) Improper conversion to JsonArray from object
[0] 7ff6f6c2b2a3
[1] 7ff6f6c29fce
[2] 7ff6f6bc4f4a
[3] 7ff6f6bd2382
[4] 7ff6f6c47b17
[5] 7ff6f6c3c712
[6] 7ff6f6c39b3b
[7] 7ff6f6c454dd
[8] 7ff6f6c44633
[9] 7ff6f6c40bbf
[10] 7ff6f6c4af6b
[11] 7ff6f6c271f7
[12] 7ff6f6c2772e
[13] 7ffd6fbdcd87 BaseThreadInitThunk
[14] 7ffd70e0caec RtlUserThreadStart
[Error] Exception caught loading asset: /objects/ship/kitsunetechstation/kitsunetechstation_purple.object, (AssetException) Could not read JSON asset /objects/ship/kitsunetechstation/kitsunetechstation_purple.object
[0] 7ff6f6c2b2a3
[1] 7ff6f6c29fce
[2] 7ff6f6c2a0b8
[3] 7ff6f6c39e20
[4] 7ff6f7359d81
[5] 7ffd4930bb00 _CxxFrameHandler3
[6] 7ffd492f33c7 is_exception_typeof
[7] 7ffd70e841b6 RtlCaptureContext2
[8] 7ff6f6c3c712
[9] 7ff6f6c39b3b
[10] 7ff6f6c454dd
[11] 7ff6f6c44633
[12] 7ff6f6c40bbf
[13] 7ff6f6c4af6b
[14] 7ff6f6c271f7
[15] 7ff6f6c2772e
[16] 7ffd6fbdcd87 BaseThreadInitThunk
[17] 7ffd70e0caec RtlUserThreadStart
Caused by: (JsonParsingException) Cannot parse json file: /objects/ship/kitsunetechstation/kitsunetechstation_purple.object
[0] 7ff6f6c2b2a3
[1] 7ff6f6c29fce
[2] 7ff6f6c2a0b8
[3] 7ff6f6c3a980
[4] 7ff6f735b16b
[5] 7ffd4930bb00 _CxxFrameHandler3
[6] 7ffd492f33c7 is_exception_typeof
[7] 7ffd70e841b6 RtlCaptureContext2
[8] 7ff6f6c47b17
[9] 7ff6f6c3c712
[10] 7ff6f6c39b3b
[11] 7ff6f6c454dd
[12] 7ff6f6c44633
[13] 7ff6f6c40bbf
[14] 7ff6f6c4af6b
[15] 7ff6f6c271f7
[16] 7ff6f6c2772e
[17] 7ffd6fbdcd87 BaseThreadInitThunk
[18] 7ffd70e0caec RtlUserThreadStart
Caused by: (JsonException) Improper conversion to JsonArray from object
[0] 7ff6f6c2b2a3
[1] 7ff6f6c29fce
[2] 7ff6f6bc4f4a
[3] 7ff6f6bd2382
[4] 7ff6f6c47b17
[5] 7ff6f6c3c712
[6] 7ff6f6c39b3b
[7] 7ff6f6c454dd
[8] 7ff6f6c44633
[9] 7ff6f6c40bbf
[10] 7ff6f6c4af6b
[11] 7ff6f6c271f7
[12] 7ff6f6c2772e
[13] 7ffd6fbdcd87 BaseThreadInitThunk
[14] 7ffd70e0caec RtlUserThreadStart
[Error] Error loading object file /objects/ship/kitsunetechstation/kitsunetechstation_purple.object: (AssetException) Error loading asset /objects/ship/kitsunetechstation/kitsunetechstation_purple.object
[0] 7ff6f6c2b2a3
[1] 7ff6f6c29fce
[2] 7ff6f6c366ca
[3] 7ff6f6c427c2
[4] 7ff6f6c442b9
[5] 7ff6f6eac254
[6] 7ff6f6f95105
[7] 7ff6f6f99749
[8] 7ff6f6f8bacf
[9] 7ff6f6f8f536
[10] 7ff6f6f8ce99
[11] 7ff6f6f9baa6
[12] 7ff6f6f9a197
[13] 7ff6f6f91e13
[14] 7ff6f6f8fd59
[15] 7ff6f6fa0f32
[16] 7ff6f6f8bd40
[17] 7ff6f6f8f1a9
[18] 7ff6f6f8caac
[19] 7ff6f6f8bdce
[20] 7ff6f6f8b52e
[21] 7ff6f6f9b512
[22] 7ff6f6c2126b
[23] 7ff6f6c22092
[24] 7ff6f6c2772e
[25] 7ffd6fbdcd87 BaseThreadInitThunk
[26] 7ffd70e0caec RtlUserThreadStart
[Error] Error loading object file /objects/ship/kirhostechstation/kirhostechstation.object: (AssetException) Error loading asset /objects/ship/kirhostechstation/kirhostechstation.object
[0] 7ff6f6c2b2a3
[1] 7ff6f6c29fce
[2] 7ff6f6c366ca
[3] 7ff6f6c427c2
[4] 7ff6f6c442b9
[5] 7ff6f6eac254
[6] 7ff6f6f95105
[7] 7ff6f6f99749
[8] 7ff6f6f8bacf
[9] 7ff6f6f8f536
[10] 7ff6f6f8ce99
[11] 7ff6f6f9baa6
[12] 7ff6f6f9a197
[13] 7ff6f6f91e13
[14] 7ff6f6f8fd59
[15] 7ff6f6fa0f32
[16] 7ff6f6f8bd40
[17] 7ff6f6f8f1a9
[18] 7ff6f6f8caac
[19] 7ff6f6f8bdce
[20] 7ff6f6f8b52e
[21] 7ff6f6f9b512
[22] 7ff6f6c2126b
[23] 7ff6f6c22092
[24] 7ff6f6c2772e
[25] 7ffd6fbdcd87 BaseThreadInitThunk
[26] 7ffd70e0caec RtlUserThreadStart
[Error] Error loading object file /objects/angelcrafting/angelspelltable/angelspelltable.object: (AssetException) Error loading asset /objects/angelcrafting/angelspelltable/angelspelltable.object
[0] 7ff6f6c2b2a3
[1] 7ff6f6c29fce
[2] 7ff6f6c366ca
[3] 7ff6f6c427c2
[4] 7ff6f6c442b9
[5] 7ff6f6eac254
[6] 7ff6f6f95105
[7] 7ff6f6f99749
[8] 7ff6f6f8bacf
[9] 7ff6f6f8f536
[10] 7ff6f6f8ce99
[11] 7ff6f6f9baa6
[12] 7ff6f6f9a197
[13] 7ff6f6f91e13
[14] 7ff6f6f8fd59
[15] 7ff6f6fa0f32
[16] 7ff6f6f8bd40
[17] 7ff6f6f8f1a9
[18] 7ff6f6f8caac
[19] 7ff6f6f8bdce
[20] 7ff6f6f8b52e
[21] 7ff6f6f9b512
[22] 7ff6f6c2126b
[23] 7ff6f6c22092
[24] 7ff6f6c2772e
[25] 7ffd6fbdcd87 BaseThreadInitThunk
[26] 7ffd70e0caec RtlUserThreadStart
[Info] Root: Loaded DamageDatabase in 1.59458 seconds
[Info] Root: Loaded EffectSourceDatabase in 0.0267637 seconds
[Error] Could not apply patch from file /objects/sheilaworkshop/black_furniture/titansteelredbarlight/titansteelredbarlightbroken.object.patch in source: ..\mods\female_translation.pak.  Caused by: (JsonPatchException) Could not apply patch to base. (JsonPatchException) Could not apply operation to base. (JsonException) Cannot call get with key on Json type array, must be Object type
[Error] Could not apply patch from file /biomes/oredistributions.configfunctions.patch in source: ..\mods\contents_2497254778.pak.  Caused by: (JsonPatchException) Could not apply patch to base. (JsonPatchException) Could not apply operation to base. (JsonException) Cannot call get with key on Json type array, must be Object type
[Error] Exception caught loading asset: /objects/ship/angeltechstation/angeltechstation.object, (AssetException) Could not read JSON asset /objects/ship/angeltechstation/angeltechstation.object
[0] 7ff6f6c2b2a3
[1] 7ff6f6c29fce
[2] 7ff6f6c2a0b8
[3] 7ff6f6c39e20
[4] 7ff6f7359d81
[5] 7ffd4930bb00 _CxxFrameHandler3
[6] 7ffd492f33c7 is_exception_typeof
[7] 7ffd70e841b6 RtlCaptureContext2
[8] 7ff6f6c3c712
[9] 7ff6f6c39b3b
[10] 7ff6f6c454dd
[11] 7ff6f6c44633
[12] 7ff6f6c40bbf
[13] 7ff6f6c4af6b
[14] 7ff6f6c271f7
[15] 7ff6f6c2772e
[16] 7ffd6fbdcd87 BaseThreadInitThunk
[17] 7ffd70e0caec RtlUserThreadStart
Caused by: (JsonParsingException) Cannot parse json file: /objects/ship/angeltechstation/angeltechstation.object
[0] 7ff6f6c2b2a3
[1] 7ff6f6c29fce
[2] 7ff6f6c2a0b8
[3] 7ff6f6c3a980
[4] 7ff6f735b16b
[5] 7ffd4930bb00 _CxxFrameHandler3
[6] 7ffd492f33c7 is_exception_typeof
[7] 7ffd70e841b6 RtlCaptureContext2
[8] 7ff6f6c47b17
[9] 7ff6f6c3c712
[10] 7ff6f6c39b3b
[11] 7ff6f6c454dd
[12] 7ff6f6c44633
[13] 7ff6f6c40bbf
[14] 7ff6f6c4af6b
[15] 7ff6f6c271f7
[16] 7ff6f6c2772e
[17] 7ffd6fbdcd87 BaseThreadInitThunk
[18] 7ffd70e0caec RtlUserThreadStart
Caused by: (JsonException) Improper conversion to JsonArray from object
[0] 7ff6f6c2b2a3
[1] 7ff6f6c29fce
[2] 7ff6f6bc4f4a
[3] 7ff6f6bd2382
[4] 7ff6f6c47b17
[5] 7ff6f6c3c712
[6] 7ff6f6c39b3b
[7] 7ff6f6c454dd
[8] 7ff6f6c44633
[9] 7ff6f6c40bbf
[10] 7ff6f6c4af6b
[11] 7ff6f6c271f7
[12] 7ff6f6c2772e
[13] 7ffd6fbdcd87 BaseThreadInitThunk
[14] 7ffd70e0caec RtlUserThreadStart
[Error] Error loading object file /objects/ship/angeltechstation/angeltechstation.object: (AssetException) Error loading asset /objects/ship/angeltechstation/angeltechstation.object
[0] 7ff6f6c2b2a3
[1] 7ff6f6c29fce
[2] 7ff6f6c366ca
[3] 7ff6f6c427c2
[4] 7ff6f6c442b9
[5] 7ff6f6eac254
[6] 7ff6f6f95105
[7] 7ff6f6f99749
[8] 7ff6f6f8bacf
[9] 7ff6f6f8f536
[10] 7ff6f6f8ce99
[11] 7ff6f6f9baa6
[12] 7ff6f6f9a197
[13] 7ff6f6f91e13
[14] 7ff6f6f8fd59
[15] 7ff6f6fa0f32
[16] 7ff6f6f8bd40
[17] 7ff6f6f8f1a9
[18] 7ff6f6f8caac
[19] 7ff6f6f8bdce
[20] 7ff6f6f8b52e
[21] 7ff6f6f9b512
[22] 7ff6f6c2126b
[23] 7ff6f6c22092
[24] 7ff6f6c2772e
[25] 7ffd6fbdcd87 BaseThreadInitThunk
[26] 7ffd70e0caec RtlUserThreadStart
[Info] Root: Loaded FunctionDatabase in 0.132505 seconds
[Error] Could not apply patch from file /objects/SPACE/gic_spacestationcoffetable/gic_spacestationcoffeetable.object.patch in source: ..\mods\female_translation.pak.  Caused by: (JsonPatchException) Could not apply patch to base. (JsonPatchException) Could not apply operation to base. (JsonException) Cannot call get with key on Json type array, must be Object type
[Error] Exception caught loading asset: /objects/CORPUSSHIP/esc_corpus_humantechstation/esc_corpus_humantechstation.object, (AssetException) Could not read JSON asset /objects/CORPUSSHIP/esc_corpus_humantechstation/esc_corpus_humantechstation.object
[0] 7ff6f6c2b2a3
[1] 7ff6f6c29fce
[2] 7ff6f6c2a0b8
[3] 7ff6f6c39e20
[4] 7ff6f7359d81
[5] 7ffd4930bb00 _CxxFrameHandler3
[6] 7ffd492f33c7 is_exception_typeof
[7] 7ffd70e841b6 RtlCaptureContext2
[8] 7ff6f6c3c712
[9] 7ff6f6c39b3b
[10] 7ff6f6c454dd
[11] 7ff6f6c44633
[12] 7ff6f6c40bbf
[13] 7ff6f6c4af6b
[14] 7ff6f6c271f7
[15] 7ff6f6c2772e
[16] 7ffd6fbdcd87 BaseThreadInitThunk
[17] 7ffd70e0caec RtlUserThreadStart
Caused by: (JsonParsingException) Cannot parse json file: /objects/CORPUSSHIP/esc_corpus_humantechstation/esc_corpus_humantechstation.object
[0] 7ff6f6c2b2a3
[1] 7ff6f6c29fce
[2] 7ff6f6c2a0b8
[3] 7ff6f6c3a980
[4] 7ff6f735b16b
[5] 7ffd4930bb00 _CxxFrameHandler3
[6] 7ffd492f33c7 is_exception_typeof
[7] 7ffd70e841b6 RtlCaptureContext2
[8] 7ff6f6c47b17
[9] 7ff6f6c3c712
[10] 7ff6f6c39b3b
[11] 7ff6f6c454dd
[12] 7ff6f6c44633
[13] 7ff6f6c40bbf
[14] 7ff6f6c4af6b
[15] 7ff6f6c271f7
[16] 7ff6f6c2772e
[17] 7ffd6fbdcd87 BaseThreadInitThunk
[18] 7ffd70e0caec RtlUserThreadStart
Caused by: (JsonException) Improper conversion to JsonArray from object
[0] 7ff6f6c2b2a3
[1] 7ff6f6c29fce
[2] 7ff6f6bc4f4a
[3] 7ff6f6bd2382
[4] 7ff6f6c47b17
[5] 7ff6f6c3c712
[6] 7ff6f6c39b3b
[7] 7ff6f6c454dd
[8] 7ff6f6c44633
[9] 7ff6f6c40bbf
[10] 7ff6f6c4af6b
[11] 7ff6f6c271f7
[12] 7ff6f6c2772e
[13] 7ffd6fbdcd87 BaseThreadInitThunk
[14] 7ffd70e0caec RtlUserThreadStart
[Error] Error loading object file /objects/CORPUSSHIP/esc_corpus_humantechstation/esc_corpus_humantechstation.object: (AssetException) Error loading asset /objects/CORPUSSHIP/esc_corpus_humantechstation/esc_corpus_humantechstation.object
[0] 7ff6f6c2b2a3
[1] 7ff6f6c29fce
[2] 7ff6f6c366ca
[3] 7ff6f6c427c2
[4] 7ff6f6c442b9
[5] 7ff6f6eac254
[6] 7ff6f6f95105
[7] 7ff6f6f99749
[8] 7ff6f6f8bacf
[9] 7ff6f6f8f536
[10] 7ff6f6f8ce99
[11] 7ff6f6f9baa6
[12] 7ff6f6f9a197
[13] 7ff6f6f91e13
[14] 7ff6f6f8fd59
[15] 7ff6f6fa0f32
[16] 7ff6f6f8bd40
[17] 7ff6f6f8f1a9
[18] 7ff6f6f8caac
[19] 7ff6f6f8bdce
[20] 7ff6f6f8b52e
[21] 7ff6f6f9b512
[22] 7ff6f6c2126b
[23] 7ff6f6c22092
[24] 7ff6f6c2772e
[25] 7ffd6fbdcd87 BaseThreadInitThunk
[26] 7ffd70e0caec RtlUserThreadStart
[Error] Exception caught loading asset: /objects/ship/trink/trinkshiplocker/trinkshiplocker.object, (AssetException) Could not read JSON asset /objects/ship/trink/trinkshiplocker/trinkshiplocker.object
[0] 7ff6f6c2b2a3
[1] 7ff6f6c29fce
[2] 7ff6f6c2a0b8
[3] 7ff6f6c39e20
[4] 7ff6f7359d81
[5] 7ffd4930bb00 _CxxFrameHandler3
[6] 7ffd492f33c7 is_exception_typeof
[7] 7ffd70e841b6 RtlCaptureContext2
[8] 7ff6f6c3c712
[9] 7ff6f6c39b3b
[10] 7ff6f6c454dd
[11] 7ff6f6c44633
[12] 7ff6f6c40bbf
[13] 7ff6f6c4af6b
[14] 7ff6f6c271f7
[15] 7ff6f6c2772e
[16] 7ffd6fbdcd87 BaseThreadInitThunk
[17] 7ffd70e0caec RtlUserThreadStart
Caused by: (JsonParsingException) Cannot parse json file: /objects/ship/trink/trinkshiplocker/trinkshiplocker.object
[0] 7ff6f6c2b2a3
[1] 7ff6f6c29fce
[2] 7ff6f6c2a0b8
[3] 7ff6f6c3a980
[4] 7ff6f735b16b
[5] 7ffd4930bb00 _CxxFrameHandler3
[6] 7ffd492f33c7 is_exception_typeof
[7] 7ffd70e841b6 RtlCaptureContext2
[8] 7ff6f6c47b17
[9] 7ff6f6c3c712
[10] 7ff6f6c39b3b
[11] 7ff6f6c454dd
[12] 7ff6f6c44633
[13] 7ff6f6c40bbf
[14] 7ff6f6c4af6b
[15] 7ff6f6c271f7
[16] 7ff6f6c2772e
[17] 7ffd6fbdcd87 BaseThreadInitThunk
[18] 7ffd70e0caec RtlUserThreadStart
Caused by: (JsonException) Improper conversion to JsonArray from object
[0] 7ff6f6c2b2a3
[1] 7ff6f6c29fce
[2] 7ff6f6bc4f4a
[3] 7ff6f6bd2382
[4] 7ff6f6c47b17
[5] 7ff6f6c3c712
[6] 7ff6f6c39b3b
[7] 7ff6f6c454dd
[8] 7ff6f6c44633
[9] 7ff6f6c40bbf
[10] 7ff6f6c4af6b
[11] 7ff6f6c271f7
[12] 7ff6f6c2772e
[13] 7ffd6fbdcd87 BaseThreadInitThunk
[14] 7ffd70e0caec RtlUserThreadStart
[Error] Error loading object file /objects/ship/trink/trinkshiplocker/trinkshiplocker.object: (AssetException) Error loading asset /objects/ship/trink/trinkshiplocker/trinkshiplocker.object
[0] 7ff6f6c2b2a3
[1] 7ff6f6c29fce
[2] 7ff6f6c366ca
[3] 7ff6f6c427c2
[4] 7ff6f6c442b9
[5] 7ff6f6eac254
[6] 7ff6f6f95105
[7] 7ff6f6f99749
[8] 7ff6f6f8bacf
[9] 7ff6f6f8f536
[10] 7ff6f6f8ce99
[11] 7ff6f6f9baa6
[12] 7ff6f6f9a197
[13] 7ff6f6f91e13
[14] 7ff6f6f8fd59
[15] 7ff6f6fa0f32
[16] 7ff6f6f8bd40
[17] 7ff6f6f8f1a9
[18] 7ff6f6f8caac
[19] 7ff6f6f8bdce
[20] 7ff6f6f8b52e
[21] 7ff6f6f9b512
[22] 7ff6f6c2126b
[23] 7ff6f6c22092
[24] 7ff6f6c2772e
[25] 7ffd6fbdcd87 BaseThreadInitThunk
[26] 7ffd70e0caec RtlUserThreadStart
[Error] Could not apply patch from file /objects/CIVILIAN/gic_officefile2/gic_officefile2.object.patch in source: ..\mods\female_translation.pak.  Caused by: (JsonPatchException) Could not apply patch to base. (JsonPatchException) Could not apply operation to base. (JsonException) Cannot call get with key on Json type array, must be Object type
[Error] Exception caught loading asset: /objects/ship/woofieshiplockerTier0/woofieshiplockerTier0.object, (AssetException) Could not read JSON asset /objects/ship/woofieshiplockerTier0/woofieshiplockerTier0.object
[0] 7ff6f6c2b2a3
[1] 7ff6f6c29fce
[2] 7ff6f6c2a0b8
[3] 7ff6f6c39e20
[4] 7ff6f7359d81
[5] 7ffd4930bb00 _CxxFrameHandler3
[6] 7ffd492f33c7 is_exception_typeof
[7] 7ffd70e841b6 RtlCaptureContext2
[8] 7ff6f6c3c712
[9] 7ff6f6c39b3b
[10] 7ff6f6c454dd
[11] 7ff6f6c44633
[12] 7ff6f6c40bbf
[13] 7ff6f6c4af6b
[14] 7ff6f6c271f7
[15] 7ff6f6c2772e
[16] 7ffd6fbdcd87 BaseThreadInitThunk
[17] 7ffd70e0caec RtlUserThreadStart
Caused by: (JsonParsingException) Cannot parse json file: /objects/ship/woofieshiplockerTier0/woofieshiplockerTier0.object
[0] 7ff6f6c2b2a3
[1] 7ff6f6c29fce
[2] 7ff6f6c2a0b8
[3] 7ff6f6c3a980
[4] 7ff6f735b16b
[5] 7ffd4930bb00 _CxxFrameHandler3
[6] 7ffd492f33c7 is_exception_typeof
[7] 7ffd70e841b6 RtlCaptureContext2
[8] 7ff6f6c47b17
[9] 7ff6f6c3c712
[10] 7ff6f6c39b3b
[11] 7ff6f6c454dd
[12] 7ff6f6c44633
[13] 7ff6f6c40bbf
[14] 7ff6f6c4af6b
[15] 7ff6f6c271f7
[16] 7ff6f6c2772e
[17] 7ffd6fbdcd87 BaseThreadInitThunk
[18] 7ffd70e0caec RtlUserThreadStart
Caused by: (JsonException) Improper conversion to JsonArray from object
[0] 7ff6f6c2b2a3
[1] 7ff6f6c29fce
[2] 7ff6f6bc4f4a
[3] 7ff6f6bd2382
[4] 7ff6f6c47b17
[5] 7ff6f6c3c712
[6] 7ff6f6c39b3b
[7] 7ff6f6c454dd
[8] 7ff6f6c44633
[9] 7ff6f6c40bbf
[10] 7ff6f6c4af6b
[11] 7ff6f6c271f7
[12] 7ff6f6c2772e
[13] 7ffd6fbdcd87 BaseThreadInitThunk
[14] 7ffd70e0caec RtlUserThreadStart
[Error] Error loading object file /objects/ship/woofieshiplockerTier0/woofieshiplockerTier0.object: (AssetException) Error loading asset /objects/ship/woofieshiplockerTier0/woofieshiplockerTier0.object
[0] 7ff6f6c2b2a3
[1] 7ff6f6c29fce
[2] 7ff6f6c366ca
[3] 7ff6f6c427c2
[4] 7ff6f6c442b9
[5] 7ff6f6eac254
[6] 7ff6f6f95105
[7] 7ff6f6f99749
[8] 7ff6f6f8bacf
[9] 7ff6f6f8f536
[10] 7ff6f6f8ce99
[11] 7ff6f6f9baa6
[12] 7ff6f6f9a197
[13] 7ff6f6f91e13
[14] 7ff6f6f8fd59
[15] 7ff6f6fa0f32
[16] 7ff6f6f8bd40
[17] 7ff6f6f8f1a9
[18] 7ff6f6f8caac
[19] 7ff6f6f8bdce
[20] 7ff6f6f8b52e
[21] 7ff6f6f9b512
[22] 7ff6f6c2126b
[23] 7ff6f6c22092
[24] 7ff6f6c2772e
[25] 7ffd6fbdcd87 BaseThreadInitThunk
[26] 7ffd70e0caec RtlUserThreadStart
[Error] Exception caught loading asset: /objects/peglaci/containers/box2/peglacibox2.object, (AssetException) Could not read JSON asset /objects/peglaci/containers/box2/peglacibox2.object
[0] 7ff6f6c2b2a3
[1] 7ff6f6c29fce
[2] 7ff6f6c2a0b8
[3] 7ff6f6c39e20
[4] 7ff6f7359d81
[5] 7ffd4930bb00 _CxxFrameHandler3
[6] 7ffd492f33c7 is_exception_typeof
[7] 7ffd70e841b6 RtlCaptureContext2
[8] 7ff6f6c3c712
[9] 7ff6f6c39b3b
[10] 7ff6f6c454dd
[11] 7ff6f6c44633
[12] 7ff6f6c40bbf
[13] 7ff6f6c4af6b
[14] 7ff6f6c271f7
[15] 7ff6f6c2772e
[16] 7ffd6fbdcd87 BaseThreadInitThunk
[17] 7ffd70e0caec RtlUserThreadStart
Caused by: (JsonParsingException) Cannot parse json file: /objects/peglaci/containers/box2/peglacibox2.object
[0] 7ff6f6c2b2a3
[1] 7ff6f6c29fce
[2] 7ff6f6c2a0b8
[3] 7ff6f6c3a980
[4] 7ff6f735b16b
[5] 7ffd4930bb00 _CxxFrameHandler3
[6] 7ffd492f33c7 is_exception_typeof
[7] 7ffd70e841b6 RtlCaptureContext2
[8] 7ff6f6c47b17
[9] 7ff6f6c3c712
[10] 7ff6f6c39b3b
[11] 7ff6f6c454dd
[12] 7ff6f6c44633
[13] 7ff6f6c40bbf
[14] 7ff6f6c4af6b
[15] 7ff6f6c271f7
[16] 7ff6f6c2772e
[17] 7ffd6fbdcd87 BaseThreadInitThunk
[18] 7ffd70e0caec RtlUserThreadStart
Caused by: (JsonException) Improper conversion to JsonArray from object
[0] 7ff6f6c2b2a3
[1] 7ff6f6c29fce
[2] 7ff6f6bc4f4a
[3] 7ff6f6bd2382
[4] 7ff6f6c47b17
[5] 7ff6f6c3c712
[6] 7ff6f6c39b3b
[7] 7ff6f6c454dd
[8] 7ff6f6c44633
[9] 7ff6f6c40bbf
[10] 7ff6f6c4af6b
[11] 7ff6f6c271f7
[12] 7ff6f6c2772e
[13] 7ffd6fbdcd87 BaseThreadInitThunk
[14] 7ffd70e0caec RtlUserThreadStart
[Error] Error loading object file /objects/peglaci/containers/box2/peglacibox2.object: (AssetException) Error loading asset /objects/peglaci/containers/box2/peglacibox2.object
[0] 7ff6f6c2b2a3
[1] 7ff6f6c29fce
[2] 7ff6f6c366ca
[3] 7ff6f6c427c2
[4] 7ff6f6c442b9
[5] 7ff6f6eac254
[6] 7ff6f6f95105
[7] 7ff6f6f99749
[8] 7ff6f6f8bacf
[9] 7ff6f6f8f536
[10] 7ff6f6f8ce99
[11] 7ff6f6f9baa6
[12] 7ff6f6f9a197
[13] 7ff6f6f91e13
[14] 7ff6f6f8fd59
[15] 7ff6f6fa0f32
[16] 7ff6f6f8bd40
[17] 7ff6f6f8f1a9
[18] 7ff6f6f8caac
[19] 7ff6f6f8bdce
[20] 7ff6f6f8b52e
[21] 7ff6f6f9b512
[22] 7ff6f6c2126b
[23] 7ff6f6c22092
[24] 7ff6f6c2772e
[25] 7ffd6fbdcd87 BaseThreadInitThunk
[26] 7ffd70e0caec RtlUserThreadStart
[Error] Exception caught loading asset: /objects/STATIC_VEHICLES/esc_yffs_mbt/esc_yffs_ifv_wreck.object, (AssetException) Could not read JSON asset /objects/STATIC_VEHICLES/esc_yffs_mbt/esc_yffs_ifv_wreck.object
[0] 7ff6f6c2b2a3
[1] 7ff6f6c29fce
[2] 7ff6f6c2a0b8
[3] 7ff6f6c39e20
[4] 7ff6f7359d81
[5] 7ffd4930bb00 _CxxFrameHandler3
[6] 7ffd492f33c7 is_exception_typeof
[7] 7ffd70e841b6 RtlCaptureContext2
[8] 7ff6f6c3c712
[9] 7ff6f6c39b3b
[10] 7ff6f6c454dd
[11] 7ff6f6c44633
[12] 7ff6f6c40bbf
[13] 7ff6f6c4af6b
[14] 7ff6f6c271f7
[15] 7ff6f6c2772e
[16] 7ffd6fbdcd87 BaseThreadInitThunk
[17] 7ffd70e0caec RtlUserThreadStart
Caused by: (JsonParsingException) Cannot parse json file: /objects/STATIC_VEHICLES/esc_yffs_mbt/esc_yffs_ifv_wreck.object
[0] 7ff6f6c2b2a3
[1] 7ff6f6c29fce
[2] 7ff6f6c2a0b8
[3] 7ff6f6c3a980
[4] 7ff6f735b16b
[5] 7ffd4930bb00 _CxxFrameHandler3
[6] 7ffd492f33c7 is_exception_typeof
[7] 7ffd70e841b6 RtlCaptureContext2
[8] 7ff6f6c47b17
[9] 7ff6f6c3c712
[10] 7ff6f6c39b3b
[11] 7ff6f6c454dd
[12] 7ff6f6c44633
[13] 7ff6f6c40bbf
[14] 7ff6f6c4af6b
[15] 7ff6f6c271f7
[16] 7ff6f6c2772e
[17] 7ffd6fbdcd87 BaseThreadInitThunk
[18] 7ffd70e0caec RtlUserThreadStart
Caused by: (JsonException) Improper conversion to JsonArray from object
[0] 7ff6f6c2b2a3
[1] 7ff6f6c29fce
[2] 7ff6f6bc4f4a
[3] 7ff6f6bd2382
[4] 7ff6f6c47b17
[5] 7ff6f6c3c712
[6] 7ff6f6c39b3b
[7] 7ff6f6c454dd
[8] 7ff6f6c44633
[9] 7ff6f6c40bbf
[10] 7ff6f6c4af6b
[11] 7ff6f6c271f7
[12] 7ff6f6c2772e
[13] 7ffd6fbdcd87 BaseThreadInitThunk
[14] 7ffd70e0caec RtlUserThreadStart
[Error] Error loading object file /objects/STATIC_VEHICLES/esc_yffs_mbt/esc_yffs_ifv_wreck.object: (AssetException) Error loading asset /objects/STATIC_VEHICLES/esc_yffs_mbt/esc_yffs_ifv_wreck.object
[0] 7ff6f6c2b2a3
[1] 7ff6f6c29fce
[2] 7ff6f6c366ca
[3] 7ff6f6c427c2
[4] 7ff6f6c442b9
[5] 7ff6f6eac254
[6] 7ff6f6f95105
[7] 7ff6f6f99749
[8] 7ff6f6f8bacf
[9] 7ff6f6f8f536
[10] 7ff6f6f8ce99
[11] 7ff6f6f9baa6
[12] 7ff6f6f9a197
[13] 7ff6f6f91e13
[14] 7ff6f6f8fd59
[15] 7ff6f6fa0f32
[16] 7ff6f6f8bd40
[17] 7ff6f6f8f1a9
[18] 7ff6f6f8caac
[19] 7ff6f6f8bdce
[20] 7ff6f6f8b52e
[21] 7ff6f6f9b512
[22] 7ff6f6c2126b
[23] 7ff6f6c22092
[24] 7ff6f6c2772e
[25] 7ffd6fbdcd87 BaseThreadInitThunk
[26] 7ffd70e0caec RtlUserThreadStart
[Error] Exception caught loading asset: /objects/ship/fu_byostechstation/fu_byostechstation.object, (AssetException) Could not read JSON asset /objects/ship/fu_byostechstation/fu_byostechstation.object
[0] 7ff6f6c2b2a3
[1] 7ff6f6c29fce
[2] 7ff6f6c2a0b8
[3] 7ff6f6c39e20
[4] 7ff6f7359d81
[5] 7ffd4930bb00 _CxxFrameHandler3
[6] 7ffd492f33c7 is_exception_typeof
[7] 7ffd70e841b6 RtlCaptureContext2
[8] 7ff6f6c3c712
[9] 7ff6f6c39b3b
[10] 7ff6f6c454dd
[11] 7ff6f6c44633
[12] 7ff6f6c40bbf
[13] 7ff6f6c4af6b
[14] 7ff6f6c271f7
[15] 7ff6f6c2772e
[16] 7ffd6fbdcd87 BaseThreadInitThunk
[17] 7ffd70e0caec RtlUserThreadStart
Caused by: (JsonParsingException) Cannot parse json file: /objects/ship/fu_byostechstation/fu_byostechstation.object
[0] 7ff6f6c2b2a3
[1] 7ff6f6c29fce
[2] 7ff6f6c2a0b8
[3] 7ff6f6c3a980
[4] 7ff6f735b16b
[5] 7ffd4930bb00 _CxxFrameHandler3
[6] 7ffd492f33c7 is_exception_typeof
[7] 7ffd70e841b6 RtlCaptureContext2
[8] 7ff6f6c47b17
[9] 7ff6f6c3c712
[10] 7ff6f6c39b3b
[11] 7ff6f6c454dd
[12] 7ff6f6c44633
[13] 7ff6f6c40bbf
[14] 7ff6f6c4af6b
[15] 7ff6f6c271f7
[16] 7ff6f6c2772e
[17] 7ffd6fbdcd87 BaseThreadInitThunk
[18] 7ffd70e0caec RtlUserThreadStart
Caused by: (JsonException) Improper conversion to JsonArray from object
[0] 7ff6f6c2b2a3
[1] 7ff6f6c29fce
[2] 7ff6f6bc4f4a
[3] 7ff6f6bd2382
[4] 7ff6f6c47b17
[5] 7ff6f6c3c712
[6] 7ff6f6c39b3b
[7] 7ff6f6c454dd
[8] 7ff6f6c44633
[9] 7ff6f6c40bbf
[10] 7ff6f6c4af6b
[11] 7ff6f6c271f7
[12] 7ff6f6c2772e
[13] 7ffd6fbdcd87 BaseThreadInitThunk
[14] 7ffd70e0caec RtlUserThreadStart
[Error] Error loading object file /objects/ship/fu_byostechstation/fu_byostechstation.object: (AssetException) Error loading asset /objects/ship/fu_byostechstation/fu_byostechstation.object
[0] 7ff6f6c2b2a3
[1] 7ff6f6c29fce
[2] 7ff6f6c366ca
[3] 7ff6f6c427c2
[4] 7ff6f6c442b9
[5] 7ff6f6eac254
[6] 7ff6f6f95105
[7] 7ff6f6f99749
[8] 7ff6f6f8bacf
[9] 7ff6f6f8f536
[10] 7ff6f6f8ce99
[11] 7ff6f6f9baa6
[12] 7ff6f6f9a197
[13] 7ff6f6f91e13
[14] 7ff6f6f8fd59
[15] 7ff6f6fa0f32
[16] 7ff6f6f8bd40
[17] 7ff6f6f8f1a9
[18] 7ff6f6f8caac
[19] 7ff6f6f8bdce
[20] 7ff6f6f8b52e
[21] 7ff6f6f9b512
[22] 7ff6f6c2126b
[23] 7ff6f6c22092
[24] 7ff6f6c2772e
[25] 7ffd6fbdcd87 BaseThreadInitThunk
[26] 7ffd70e0caec RtlUserThreadStart
[Error] Could not apply patch from file /objects/SPACE/gic_spacestationarmchair/gic_spacestationarmchair.object.patch in source: ..\mods\female_translation.pak.  Caused by: (JsonPatchException) Could not apply patch to base. (JsonPatchException) Could not apply operation to base. (JsonException) Cannot call get with key on Json type array, must be Object type
[Error] Exception caught loading asset: /objects/ship/kitsunetechstation/kitsunetechstation_orange.object, (AssetException) Could not read JSON asset /objects/ship/kitsunetechstation/kitsunetechstation_orange.object
[0] 7ff6f6c2b2a3
[1] 7ff6f6c29fce
[2] 7ff6f6c2a0b8
[3] 7ff6f6c39e20
[4] 7ff6f7359d81
[5] 7ffd4930bb00 _CxxFrameHandler3
[6] 7ffd492f33c7 is_exception_typeof
[7] 7ffd70e841b6 RtlCaptureContext2
[8] 7ff6f6c3c712
[9] 7ff6f6c39b3b
[10] 7ff6f6c454dd
[11] 7ff6f6c44633
[12] 7ff6f6c40bbf
[13] 7ff6f6c4af6b
[14] 7ff6f6c271f7
[15] 7ff6f6c2772e
[16] 7ffd6fbdcd87 BaseThreadInitThunk
[17] 7ffd70e0caec RtlUserThreadStart
Caused by: (JsonParsingException) Cannot parse json file: /objects/ship/kitsunetechstation/kitsunetechstation_orange.object
[0] 7ff6f6c2b2a3
[1] 7ff6f6c29fce
[2] 7ff6f6c2a0b8
[3] 7ff6f6c3a980
[4] 7ff6f735b16b
[5] 7ffd4930bb00 _CxxFrameHandler3
[6] 7ffd492f33c7 is_exception_typeof
[7] 7ffd70e841b6 RtlCaptureContext2
[8] 7ff6f6c47b17
[9] 7ff6f6c3c712
[10] 7ff6f6c39b3b
[11] 7ff6f6c454dd
[12] 7ff6f6c44633
[13] 7ff6f6c40bbf
[14] 7ff6f6c4af6b
[15] 7ff6f6c271f7
[16] 7ff6f6c2772e
[17] 7ffd6fbdcd87 BaseThreadInitThunk
[18] 7ffd70e0caec RtlUserThreadStart
Caused by: (JsonException) Improper conversion to JsonArray from object
[0] 7ff6f6c2b2a3
[1] 7ff6f6c29fce
[2] 7ff6f6bc4f4a
[3] 7ff6f6bd2382
[4] 7ff6f6c47b17
[5] 7ff6f6c3c712
[6] 7ff6f6c39b3b
[7] 7ff6f6c454dd
[8] 7ff6f6c44633
[9] 7ff6f6c40bbf
[10] 7ff6f6c4af6b
[11] 7ff6f6c271f7
[12] 7ff6f6c2772e
[13] 7ffd6fbdcd87 BaseThreadInitThunk
[14] 7ffd70e0caec RtlUserThreadStart
[Error] Error loading object file /objects/ship/kitsunetechstation/kitsunetechstation_orange.object: (AssetException) Error loading asset /objects/ship/kitsunetechstation/kitsunetechstation_orange.object
[0] 7ff6f6c2b2a3
[1] 7ff6f6c29fce
[2] 7ff6f6c366ca
[3] 7ff6f6c427c2
[4] 7ff6f6c442b9
[5] 7ff6f6eac254
[6] 7ff6f6f95105
[7] 7ff6f6f99749
[8] 7ff6f6f8bacf
[9] 7ff6f6f8f536
[10] 7ff6f6f8ce99
[11] 7ff6f6f9baa6
[12] 7ff6f6f9a197
[13] 7ff6f6f91e13
[14] 7ff6f6f8fd59
[15] 7ff6f6fa0f32
[16] 7ff6f6f8bd40
[17] 7ff6f6f8f1a9
[18] 7ff6f6f8caac
[19] 7ff6f6f8bdce
[20] 7ff6f6f8b52e
[21] 7ff6f6f9b512
[22] 7ff6f6c2126b
[23] 7ff6f6c22092
[24] 7ff6f6c2772e
[25] 7ffd6fbdcd87 BaseThreadInitThunk
[26] 7ffd70e0caec RtlUserThreadStart
[Error] Exception caught loading asset: /objects/arcana/runic/npc_1/arcana_runic_npc_1alt.object, (AssetException) Could not read JSON asset /objects/arcana/runic/npc_1/arcana_runic_npc_1alt.object
[0] 7ff6f6c2b2a3
[1] 7ff6f6c29fce
[2] 7ff6f6c2a0b8
[3] 7ff6f6c39e20
[4] 7ff6f7359d81
[5] 7ffd4930bb00 _CxxFrameHandler3
[6] 7ffd492f33c7 is_exception_typeof
[7] 7ffd70e841b6 RtlCaptureContext2
[8] 7ff6f6c3c712
[9] 7ff6f6c39b3b
[10] 7ff6f6c454dd
[11] 7ff6f6c44633
[12] 7ff6f6c40bbf
[13] 7ff6f6c4af6b
[14] 7ff6f6c271f7
[15] 7ff6f6c2772e
[16] 7ffd6fbdcd87 BaseThreadInitThunk
[17] 7ffd70e0caec RtlUserThreadStart
Caused by: (JsonParsingException) Cannot parse json file: /objects/arcana/runic/npc_1/arcana_runic_npc_1alt.object
[0] 7ff6f6c2b2a3
[1] 7ff6f6c29fce
[2] 7ff6f6c2a0b8
[3] 7ff6f6c3a980
[4] 7ff6f735b16b
[5] 7ffd4930bb00 _CxxFrameHandler3
[6] 7ffd492f33c7 is_exception_typeof
[7] 7ffd70e841b6 RtlCaptureContext2
[8] 7ff6f6c47b17
[9] 7ff6f6c3c712
[10] 7ff6f6c39b3b
[11] 7ff6f6c454dd
[12] 7ff6f6c44633
[13] 7ff6f6c40bbf
[14] 7ff6f6c4af6b
[15] 7ff6f6c271f7
[16] 7ff6f6c2772e
[17] 7ffd6fbdcd87 BaseThreadInitThunk
[18] 7ffd70e0caec RtlUserThreadStart
Caused by: (JsonException) Improper conversion to JsonArray from object
[0] 7ff6f6c2b2a3
[1] 7ff6f6c29fce
[2] 7ff6f6bc4f4a
[3] 7ff6f6bd2382
[4] 7ff6f6c47b17
[5] 7ff6f6c3c712
[6] 7ff6f6c39b3b
[7] 7ff6f6c454dd
[8] 7ff6f6c44633
[9] 7ff6f6c40bbf
[10] 7ff6f6c4af6b
[11] 7ff6f6c271f7
[12] 7ff6f6c2772e
[13] 7ffd6fbdcd87 BaseThreadInitThunk
[14] 7ffd70e0caec RtlUserThreadStart
[Error] Error loading object file /objects/arcana/runic/npc_1/arcana_runic_npc_1alt.object: (AssetException) Error loading asset /objects/arcana/runic/npc_1/arcana_runic_npc_1alt.object
[0] 7ff6f6c2b2a3
[1] 7ff6f6c29fce
[2] 7ff6f6c366ca
[3] 7ff6f6c427c2
[4] 7ff6f6c442b9
[5] 7ff6f6eac254
[6] 7ff6f6f95105
[7] 7ff6f6f99749
[8] 7ff6f6f8bacf
[9] 7ff6f6f8f536
[10] 7ff6f6f8ce99
[11] 7ff6f6f9baa6
[12] 7ff6f6f9a197
[13] 7ff6f6f91e13
[14] 7ff6f6f8fd59
[15] 7ff6f6fa0f32
[16] 7ff6f6f8bd40
[17] 7ff6f6f8f1a9
[18] 7ff6f6f8caac
[19] 7ff6f6f8bdce
[20] 7ff6f6f8b52e
[21] 7ff6f6f9b512
[22] 7ff6f6c2126b
[23] 7ff6f6c22092
[24] 7ff6f6c2772e
[25] 7ffd6fbdcd87 BaseThreadInitThunk
[26] 7ffd70e0caec RtlUserThreadStart
[Error] Exception caught loading asset: /objects/farmables/atprk_tinybuildings/atprk_tiny4dsyphon/atprk_tiny4dsyphon.object, (AssetException) Could not read JSON asset /objects/farmables/atprk_tinybuildings/atprk_tiny4dsyphon/atprk_tiny4dsyphon.object
[0] 7ff6f6c2b2a3
[1] 7ff6f6c29fce
[2] 7ff6f6c2a0b8
[3] 7ff6f6c39e20
[4] 7ff6f7359d81
[5] 7ffd4930bb00 _CxxFrameHandler3
[6] 7ffd492f33c7 is_exception_typeof
[7] 7ffd70e841b6 RtlCaptureContext2
[8] 7ff6f6c3c712
[9] 7ff6f6c39b3b
[10] 7ff6f6c454dd
[11] 7ff6f6c44633
[12] 7ff6f6c40bbf
[13] 7ff6f6c4af6b
[14] 7ff6f6c271f7
[15] 7ff6f6c2772e
[16] 7ffd6fbdcd87 BaseThreadInitThunk
[17] 7ffd70e0caec RtlUserThreadStart
Caused by: (JsonParsingException) Cannot parse json file: /objects/farmables/atprk_tinybuildings/atprk_tiny4dsyphon/atprk_tiny4dsyphon.object
[0] 7ff6f6c2b2a3
[1] 7ff6f6c29fce
[2] 7ff6f6c2a0b8
[3] 7ff6f6c3a980
[4] 7ff6f735b16b
[5] 7ffd4930bb00 _CxxFrameHandler3
[6] 7ffd492f33c7 is_exception_typeof
[7] 7ffd70e841b6 RtlCaptureContext2
[8] 7ff6f6c47b17
[9] 7ff6f6c3c712
[10] 7ff6f6c39b3b
[11] 7ff6f6c454dd
[12] 7ff6f6c44633
[13] 7ff6f6c40bbf
[14] 7ff6f6c4af6b
[15] 7ff6f6c271f7
[16] 7ff6f6c2772e
[17] 7ffd6fbdcd87 BaseThreadInitThunk
[18] 7ffd70e0caec RtlUserThreadStart
Caused by: (JsonException) Improper conversion to JsonArray from object
[0] 7ff6f6c2b2a3
[1] 7ff6f6c29fce
[2] 7ff6f6bc4f4a
[3] 7ff6f6bd2382
[4] 7ff6f6c47b17
[5] 7ff6f6c3c712
[6] 7ff6f6c39b3b
[7] 7ff6f6c454dd
[8] 7ff6f6c44633
[9] 7ff6f6c40bbf
[10] 7ff6f6c4af6b
[11] 7ff6f6c271f7
[12] 7ff6f6c2772e
[13] 7ffd6fbdcd87 BaseThreadInitThunk
[14] 7ffd70e0caec RtlUserThreadStart
[Error] Error loading object file /objects/farmables/atprk_tinybuildings/atprk_tiny4dsyphon/atprk_tiny4dsyphon.object: (AssetException) Error loading asset /objects/farmables/atprk_tinybuildings/atprk_tiny4dsyphon/atprk_tiny4dsyphon.object
[0] 7ff6f6c2b2a3
[1] 7ff6f6c29fce
[2] 7ff6f6c366ca
[3] 7ff6f6c427c2
[4] 7ff6f6c442b9
[5] 7ff6f6eac254
[6] 7ff6f6f95105
[7] 7ff6f6f99749
[8] 7ff6f6f8bacf
[9] 7ff6f6f8f536
[10] 7ff6f6f8ce99
[11] 7ff6f6f9baa6
[12] 7ff6f6f9a197
[13] 7ff6f6f91e13
[14] 7ff6f6f8fd59
[15] 7ff6f6fa0f32
[16] 7ff6f6f8bd40
[17] 7ff6f6f8f1a9
[18] 7ff6f6f8caac
[19] 7ff6f6f8bdce
[20] 7ff6f6f8b52e
[21] 7ff6f6f9b512
[22] 7ff6f6c2126b
[23] 7ff6f6c22092
[24] 7ff6f6c2772e
[25] 7ffd6fbdcd87 BaseThreadInitThunk
[26] 7ffd70e0caec RtlUserThreadStart
[Error] Could not apply patch from file /objects/STATIC_VEHICLES/gic_traincarwheels_large_norail/gic_traincarwheels_large_norail.object.patch in source: ..\mods\female_translation.pak.  Caused by: (JsonPatchException) Could not apply patch to base. (JsonPatchException) Could not apply operation to base. (JsonException) Cannot call get with key on Json type array, must be Object type
[Error] Could not apply patch from file /objects/sheilaworkshop/black_furniture/black_fullthrottleavesmingodrinkobject/black_fullthrottleavesmingodrinkobject.object.patch in source: ..\mods\female_translation.pak.  Caused by: (JsonPatchException) Could not apply patch to base. (JsonPatchException) Could not apply operation to base. (JsonException) Cannot call get with key on Json type array, must be Object type
[Error] Exception caught loading asset: /objects/arcana/vendor/3/mwhaddon_arcana_vendor_3_alt.object, (AssetException) Could not read JSON asset /objects/arcana/vendor/3/mwhaddon_arcana_vendor_3_alt.object
[0] 7ff6f6c2b2a3
[1] 7ff6f6c29fce
[2] 7ff6f6c2a0b8
[3] 7ff6f6c39e20
[4] 7ff6f7359d81
[5] 7ffd4930bb00 _CxxFrameHandler3
[6] 7ffd492f33c7 is_exception_typeof
[7] 7ffd70e841b6 RtlCaptureContext2
[8] 7ff6f6c3c712
[9] 7ff6f6c39b3b
[10] 7ff6f6c454dd
[11] 7ff6f6c44633
[12] 7ff6f6c40bbf
[13] 7ff6f6c4af6b
[14] 7ff6f6c271f7
[15] 7ff6f6c2772e
[16] 7ffd6fbdcd87 BaseThreadInitThunk
[17] 7ffd70e0caec RtlUserThreadStart
Caused by: (JsonParsingException) Cannot parse json file: /objects/arcana/vendor/3/mwhaddon_arcana_vendor_3_alt.object
[0] 7ff6f6c2b2a3
[1] 7ff6f6c29fce
[2] 7ff6f6c2a0b8
[3] 7ff6f6c3a980
[4] 7ff6f735b16b
[5] 7ffd4930bb00 _CxxFrameHandler3
[6] 7ffd492f33c7 is_exception_typeof
[7] 7ffd70e841b6 RtlCaptureContext2
[8] 7ff6f6c47b17
[9] 7ff6f6c3c712
[10] 7ff6f6c39b3b
[11] 7ff6f6c454dd
[12] 7ff6f6c44633
[13] 7ff6f6c40bbf
[14] 7ff6f6c4af6b
[15] 7ff6f6c271f7
[16] 7ff6f6c2772e
[17] 7ffd6fbdcd87 BaseThreadInitThunk
[18] 7ffd70e0caec RtlUserThreadStart
Caused by: (JsonException) Improper conversion to JsonArray from object
[0] 7ff6f6c2b2a3
[1] 7ff6f6c29fce
[2] 7ff6f6bc4f4a
[3] 7ff6f6bd2382
[4] 7ff6f6c47b17
[5] 7ff6f6c3c712
[6] 7ff6f6c39b3b
[7] 7ff6f6c454dd
[8] 7ff6f6c44633
[9] 7ff6f6c40bbf
[10] 7ff6f6c4af6b
[11] 7ff6f6c271f7
[12] 7ff6f6c2772e
[13] 7ffd6fbdcd87 BaseThreadInitThunk
[14] 7ffd70e0caec RtlUserThreadStart
[Error] Error loading object file /objects/arcana/vendor/3/mwhaddon_arcana_vendor_3_alt.object: (AssetException) Error loading asset /objects/arcana/vendor/3/mwhaddon_arcana_vendor_3_alt.object
[0] 7ff6f6c2b2a3
[1] 7ff6f6c29fce
[2] 7ff6f6c366ca
[3] 7ff6f6c427c2
[4] 7ff6f6c442b9
[5] 7ff6f6eac254
[6] 7ff6f6f95105
[7] 7ff6f6f99749
[8] 7ff6f6f8bacf
[9] 7ff6f6f8f536
[10] 7ff6f6f8ce99
[11] 7ff6f6f9baa6
[12] 7ff6f6f9a197
[13] 7ff6f6f91e13
[14] 7ff6f6f8fd59
[15] 7ff6f6fa0f32
[16] 7ff6f6f8bd40
[17] 7ff6f6f8f1a9
[18] 7ff6f6f8caac
[19] 7ff6f6f8bdce
[20] 7ff6f6f8b52e
[21] 7ff6f6f9b512
[22] 7ff6f6c2126b
[23] 7ff6f6c22092
[24] 7ff6f6c2772e
[25] 7ffd6fbdcd87 BaseThreadInitThunk
[26] 7ffd70e0caec RtlUserThreadStart
[Error] Could not apply patch from file /objects/sheilaworkshop/black_radios/black_catsinthecradle/black_catsinthecradle.object.patch in source: ..\mods\female_translation.pak.  Caused by: (JsonPatchException) Could not apply patch to base. (JsonPatchException) Could not apply operation to base. (JsonException) Cannot call get with key on Json type array, must be Object type
[Error] Could not apply patch from file /objects/sheilaworkshop/black_furniture/black_fullthrottleoculemondrinkobject/black_fullthrottleoculemondrinkobject.object.patch in source: ..\mods\female_translation.pak.  Caused by: (JsonPatchException) Could not apply patch to base. (JsonPatchException) Could not apply operation to base. (JsonException) Cannot call get with key on Json type array, must be Object type
[Error] Exception caught loading asset: /objects/questgivers/Andros.object, (AssetException) Could not read JSON asset /objects/questgivers/Andros.object
[0] 7ff6f6c2b2a3
[1] 7ff6f6c29fce
[2] 7ff6f6c2a0b8
[3] 7ff6f6c39e20
[4] 7ff6f7359d81
[5] 7ffd4930bb00 _CxxFrameHandler3
[6] 7ffd492f33c7 is_exception_typeof
[7] 7ffd70e841b6 RtlCaptureContext2
[8] 7ff6f6c3c712
[9] 7ff6f6c39b3b
[10] 7ff6f6c454dd
[11] 7ff6f6c44633
[12] 7ff6f6c40bbf
[13] 7ff6f6c4af6b
[14] 7ff6f6c271f7
[15] 7ff6f6c2772e
[16] 7ffd6fbdcd87 BaseThreadInitThunk
[17] 7ffd70e0caec RtlUserThreadStart
Caused by: (JsonParsingException) Cannot parse json file: /objects/questgivers/Andros.object
[0] 7ff6f6c2b2a3
[1] 7ff6f6c29fce
[2] 7ff6f6c2a0b8
[3] 7ff6f6c3a980
[4] 7ff6f735b16b
[5] 7ffd4930bb00 _CxxFrameHandler3
[6] 7ffd492f33c7 is_exception_typeof
[7] 7ffd70e841b6 RtlCaptureContext2
[8] 7ff6f6c47b17
[9] 7ff6f6c3c712
[10] 7ff6f6c39b3b
[11] 7ff6f6c454dd
[12] 7ff6f6c44633
[13] 7ff6f6c40bbf
[14] 7ff6f6c4af6b
[15] 7ff6f6c271f7
[16] 7ff6f6c2772e
[17] 7ffd6fbdcd87 BaseThreadInitThunk
[18] 7ffd70e0caec RtlUserThreadStart
Caused by: (JsonException) Improper conversion to JsonArray from object
[0] 7ff6f6c2b2a3
[1] 7ff6f6c29fce
[2] 7ff6f6bc4f4a
[3] 7ff6f6bd2382
[4] 7ff6f6c47b17
[5] 7ff6f6c3c712
[6] 7ff6f6c39b3b
[7] 7ff6f6c454dd
[8] 7ff6f6c44633
[9] 7ff6f6c40bbf
[10] 7ff6f6c4af6b
[11] 7ff6f6c271f7
[12] 7ff6f6c2772e
[13] 7ffd6fbdcd87 BaseThreadInitThunk
[14] 7ffd70e0caec RtlUserThreadStart
[Error] Error loading object file /objects/questgivers/Andros.object: (AssetException) Error loading asset /objects/questgivers/Andros.object
[0] 7ff6f6c2b2a3
[1] 7ff6f6c29fce
[2] 7ff6f6c366ca
[3] 7ff6f6c427c2
[4] 7ff6f6c442b9
[5] 7ff6f6eac254
[6] 7ff6f6f95105
[7] 7ff6f6f99749
[8] 7ff6f6f8bacf
[9] 7ff6f6f8f536
[10] 7ff6f6f8ce99
[11] 7ff6f6f9baa6
[12] 7ff6f6f9a197
[13] 7ff6f6f91e13
[14] 7ff6f6f8fd59
[15] 7ff6f6fa0f32
[16] 7ff6f6f8bd40
[17] 7ff6f6f8f1a9
[18] 7ff6f6f8caac
[19] 7ff6f6f8bdce
[20] 7ff6f6f8b52e
[21] 7ff6f6f9b512
[22] 7ff6f6c2126b
[23] 7ff6f6c22092
[24] 7ff6f6c2772e
[25] 7ffd6fbdcd87 BaseThreadInitThunk
[26] 7ffd70e0caec RtlUserThreadStart
[Error] Could not apply patch from file /objects/sheilaworkshop/black_radios/black_thebreakupsong/black_thebreakupsong.object.patch in source: ..\mods\female_translation.pak.  Caused by: (JsonPatchException) Could not apply patch to base. (JsonPatchException) Could not apply operation to base. (JsonException) Cannot call get with key on Json type array, must be Object type
[Error] Could not apply patch from file /objects/sheilaworkshop/black_furniture/black_titansteelcanistererchius/black_titansteelcanistererchius.object.patch in source: ..\mods\female_translation.pak.  Caused by: (JsonPatchException) Could not apply patch to base. (JsonPatchException) Could not apply operation to base. (JsonException) Cannot call get with key on Json type array, must be Object type
[Error] Could not apply patch from file /objects/UNITED_SYSTEMS/gic_unitanbanner_torn/gic_unitanbanner_torn.object.patch in source: ..\mods\female_translation.pak.  Caused by: (JsonPatchException) Could not apply patch to base. (JsonPatchException) Could not apply operation to base. (JsonException) Cannot call get with key on Json type array, must be Object type
[Error] Exception caught loading asset: /objects/ship/fupeglacicaptainschair/captainschairoff.object, (AssetException) Could not read JSON asset /objects/ship/fupeglacicaptainschair/captainschairoff.object
[0] 7ff6f6c2b2a3
[1] 7ff6f6c29fce
[2] 7ff6f6c2a0b8
[3] 7ff6f6c39e20
[4] 7ff6f7359d81
[5] 7ffd4930bb00 _CxxFrameHandler3
[6] 7ffd492f33c7 is_exception_typeof
[7] 7ffd70e841b6 RtlCaptureContext2
[8] 7ff6f6c3c712
[9] 7ff6f6c39b3b
[10] 7ff6f6c454dd
[11] 7ff6f6c44633
[12] 7ff6f6c40bbf
[13] 7ff6f6c4af6b
[14] 7ff6f6c271f7
[15] 7ff6f6c2772e
[16] 7ffd6fbdcd87 BaseThreadInitThunk
[17] 7ffd70e0caec RtlUserThreadStart
Caused by: (JsonParsingException) Cannot parse json file: /objects/ship/fupeglacicaptainschair/captainschairoff.object
[0] 7ff6f6c2b2a3
[1] 7ff6f6c29fce
[2] 7ff6f6c2a0b8
[3] 7ff6f6c3a980
[4] 7ff6f735b16b
[5] 7ffd4930bb00 _CxxFrameHandler3
[6] 7ffd492f33c7 is_exception_typeof
[7] 7ffd70e841b6 RtlCaptureContext2
[8] 7ff6f6c47b17
[9] 7ff6f6c3c712
[10] 7ff6f6c39b3b
[11] 7ff6f6c454dd
[12] 7ff6f6c44633
[13] 7ff6f6c40bbf
[14] 7ff6f6c4af6b
[15] 7ff6f6c271f7
[16] 7ff6f6c2772e
[17] 7ffd6fbdcd87 BaseThreadInitThunk
[18] 7ffd70e0caec RtlUserThreadStart
Caused by: (JsonException) Improper conversion to JsonArray from object
[0] 7ff6f6c2b2a3
[1] 7ff6f6c29fce
[2] 7ff6f6bc4f4a
[3] 7ff6f6bd2382
[4] 7ff6f6c47b17
[5] 7ff6f6c3c712
[6] 7ff6f6c39b3b
[7] 7ff6f6c454dd
[8] 7ff6f6c44633
[9] 7ff6f6c40bbf
[10] 7ff6f6c4af6b
[11] 7ff6f6c271f7
[12] 7ff6f6c2772e
[13] 7ffd6fbdcd87 BaseThreadInitThunk
[14] 7ffd70e0caec RtlUserThreadStart
[Error] Error loading object file /objects/ship/fupeglacicaptainschair/captainschairoff.object: (AssetException) Error loading asset /objects/ship/fupeglacicaptainschair/captainschairoff.object
[0] 7ff6f6c2b2a3
[1] 7ff6f6c29fce
[2] 7ff6f6c366ca
[3] 7ff6f6c427c2
[4] 7ff6f6c442b9
[5] 7ff6f6eac254
[6] 7ff6f6f95105
[7] 7ff6f6f99749
[8] 7ff6f6f8bacf
[9] 7ff6f6f8f536
[10] 7ff6f6f8ce99
[11] 7ff6f6f9baa6
[12] 7ff6f6f9a197
[13] 7ff6f6f91e13
[14] 7ff6f6f8fd59
[15] 7ff6f6fa0f32
[16] 7ff6f6f8bd40
[17] 7ff6f6f8f1a9
[18] 7ff6f6f8caac
[19] 7ff6f6f8bdce
[20] 7ff6f6f8b52e
[21] 7ff6f6f9b512
[22] 7ff6f6c2126b
[23] 7ff6f6c22092
[24] 7ff6f6c2772e
[25] 7ffd6fbdcd87 BaseThreadInitThunk
[26] 7ffd70e0caec RtlUserThreadStart
[Error] Could not apply patch from file /objects/sheilaworkshop/black_radios/black_africatoto/black_africatoto.object.patch in source: ..\mods\female_translation.pak.  Caused by: (JsonPatchException) Could not apply patch to base. (JsonPatchException) Could not apply operation to base. (JsonException) Cannot call get with key on Json type array, must be Object type
[Error] Exception caught loading asset: /objects/EXPLORATION/esc_exp_yffs_flag/esc_exp_yffs_flag.object, (AssetException) Could not read JSON asset /objects/EXPLORATION/esc_exp_yffs_flag/esc_exp_yffs_flag.object
[0] 7ff6f6c2b2a3
[1] 7ff6f6c29fce
[2] 7ff6f6c2a0b8
[3] 7ff6f6c39e20
[4] 7ff6f7359d81
[5] 7ffd4930bb00 _CxxFrameHandler3
[6] 7ffd492f33c7 is_exception_typeof
[7] 7ffd70e841b6 RtlCaptureContext2
[8] 7ff6f6c3c712
[9] 7ff6f6c39b3b
[10] 7ff6f6c454dd
[11] 7ff6f6c44633
[12] 7ff6f6c40bbf
[13] 7ff6f6c4af6b
[14] 7ff6f6c271f7
[15] 7ff6f6c2772e
[16] 7ffd6fbdcd87 BaseThreadInitThunk
[17] 7ffd70e0caec RtlUserThreadStart
Caused by: (JsonParsingException) Cannot parse json file: /objects/EXPLORATION/esc_exp_yffs_flag/esc_exp_yffs_flag.object
[0] 7ff6f6c2b2a3
[1] 7ff6f6c29fce
[2] 7ff6f6c2a0b8
[3] 7ff6f6c3a980
[4] 7ff6f735b16b
[5] 7ffd4930bb00 _CxxFrameHandler3
[6] 7ffd492f33c7 is_exception_typeof
[7] 7ffd70e841b6 RtlCaptureContext2
[8] 7ff6f6c47b17
[9] 7ff6f6c3c712
[10] 7ff6f6c39b3b
[11] 7ff6f6c454dd
[12] 7ff6f6c44633
[13] 7ff6f6c40bbf
[14] 7ff6f6c4af6b
[15] 7ff6f6c271f7
[16] 7ff6f6c2772e
[17] 7ffd6fbdcd87 BaseThreadInitThunk
[18] 7ffd70e0caec RtlUserThreadStart
Caused by: (JsonException) Improper conversion to JsonArray from object
[0] 7ff6f6c2b2a3
[1] 7ff6f6c29fce
[2] 7ff6f6bc4f4a
[3] 7ff6f6bd2382
[4] 7ff6f6c47b17
[5] 7ff6f6c3c712
[6] 7ff6f6c39b3b
[7] 7ff6f6c454dd
[8] 7ff6f6c44633
[9] 7ff6f6c40bbf
[10] 7ff6f6c4af6b
[11] 7ff6f6c271f7
[12] 7ff6f6c2772e
[13] 7ffd6fbdcd87 BaseThreadInitThunk
[14] 7ffd70e0caec RtlUserThreadStart
[Error] Error loading object file /objects/EXPLORATION/esc_exp_yffs_flag/esc_exp_yffs_flag.object: (AssetException) Error loading asset /objects/EXPLORATION/esc_exp_yffs_flag/esc_exp_yffs_flag.object
[0] 7ff6f6c2b2a3
[1] 7ff6f6c29fce
[2] 7ff6f6c366ca
[3] 7ff6f6c427c2
[4] 7ff6f6c442b9
[5] 7ff6f6eac254
[6] 7ff6f6f95105
[7] 7ff6f6f99749
[8] 7ff6f6f8bacf
[9] 7ff6f6f8f536
[10] 7ff6f6f8ce99
[11] 7ff6f6f9baa6
[12] 7ff6f6f9a197
[13] 7ff6f6f91e13
[14] 7ff6f6f8fd59
[15] 7ff6f6fa0f32
[16] 7ff6f6f8bd40
[17] 7ff6f6f8f1a9
[18] 7ff6f6f8caac
[19] 7ff6f6f8bdce
[20] 7ff6f6f8b52e
[21] 7ff6f6f9b512
[22] 7ff6f6c2126b
[23] 7ff6f6c22092
[24] 7ff6f6c2772e
[25] 7ffd6fbdcd87 BaseThreadInitThunk
[26] 7ffd70e0caec RtlUserThreadStart
[Error] Exception caught loading asset: /objects/ship/lamiashiplocker/lamiashiplocker.object, (AssetException) Could not read JSON asset /objects/ship/lamiashiplocker/lamiashiplocker.object
[0] 7ff6f6c2b2a3
[1] 7ff6f6c29fce
[2] 7ff6f6c2a0b8
[3] 7ff6f6c39e20
[4] 7ff6f7359d81
[5] 7ffd4930bb00 _CxxFrameHandler3
[6] 7ffd492f33c7 is_exception_typeof
[7] 7ffd70e841b6 RtlCaptureContext2
[8] 7ff6f6c3c712
[9] 7ff6f6c39b3b
[10] 7ff6f6c454dd
[11] 7ff6f6c44633
[12] 7ff6f6c40bbf
[13] 7ff6f6c4af6b
[14] 7ff6f6c271f7
[15] 7ff6f6c2772e
[16] 7ffd6fbdcd87 BaseThreadInitThunk
[17] 7ffd70e0caec RtlUserThreadStart
Caused by: (JsonParsingException) Cannot parse json file: /objects/ship/lamiashiplocker/lamiashiplocker.object
[0] 7ff6f6c2b2a3
[1] 7ff6f6c29fce
[2] 7ff6f6c2a0b8
[3] 7ff6f6c3a980
[4] 7ff6f735b16b
[5] 7ffd4930bb00 _CxxFrameHandler3
[6] 7ffd492f33c7 is_exception_typeof
[7] 7ffd70e841b6 RtlCaptureContext2
[8] 7ff6f6c47b17
[9] 7ff6f6c3c712
[10] 7ff6f6c39b3b
[11] 7ff6f6c454dd
[12] 7ff6f6c44633
[13] 7ff6f6c40bbf
[14] 7ff6f6c4af6b
[15] 7ff6f6c271f7
[16] 7ff6f6c2772e
[17] 7ffd6fbdcd87 BaseThreadInitThunk
[18] 7ffd70e0caec RtlUserThreadStart
Caused by: (JsonException) Improper conversion to JsonArray from object
[0] 7ff6f6c2b2a3
[1] 7ff6f6c29fce
[2] 7ff6f6bc4f4a
[3] 7ff6f6bd2382
[4] 7ff6f6c47b17
[5] 7ff6f6c3c712
[6] 7ff6f6c39b3b
[7] 7ff6f6c454dd
[8] 7ff6f6c44633
[9] 7ff6f6c40bbf
[10] 7ff6f6c4af6b
[11] 7ff6f6c271f7
[12] 7ff6f6c2772e
[13] 7ffd6fbdcd87 BaseThreadInitThunk
[14] 7ffd70e0caec RtlUserThreadStart
[Error] Error loading object file /objects/ship/lamiashiplocker/lamiashiplocker.object: (AssetException) Error loading asset /objects/ship/lamiashiplocker/lamiashiplocker.object
[0] 7ff6f6c2b2a3
[1] 7ff6f6c29fce
[2] 7ff6f6c366ca
[3] 7ff6f6c427c2
[4] 7ff6f6c442b9
[5] 7ff6f6eac254
[6] 7ff6f6f95105
[7] 7ff6f6f99749
[8] 7ff6f6f8bacf
[9] 7ff6f6f8f536
[10] 7ff6f6f8ce99
[11] 7ff6f6f9baa6
[12] 7ff6f6f9a197
[13] 7ff6f6f91e13
[14] 7ff6f6f8fd59
[15] 7ff6f6fa0f32
[16] 7ff6f6f8bd40
[17] 7ff6f6f8f1a9
[18] 7ff6f6f8caac
[19] 7ff6f6f8bdce
[20] 7ff6f6f8b52e
[21] 7ff6f6f9b512
[22] 7ff6f6c2126b
[23] 7ff6f6c22092
[24] 7ff6f6c2772e
[25] 7ffd6fbdcd87 BaseThreadInitThunk
[26] 7ffd70e0caec RtlUserThreadStart
[Error] Exception caught loading asset: /objects/generic/perfectlygenericitem/perfectlygenericitem.object, (AssetException) Could not read JSON asset /objects/generic/perfectlygenericitem/perfectlygenericitem.object
[0] 7ff6f6c2b2a3
[1] 7ff6f6c29fce
[2] 7ff6f6c2a0b8
[3] 7ff6f6c39e20
[4] 7ff6f7359d81
[5] 7ffd4930bb00 _CxxFrameHandler3
[6] 7ffd492f33c7 is_exception_typeof
[7] 7ffd70e841b6 RtlCaptureContext2
[8] 7ff6f6c3c712
[9] 7ff6f6c39b3b
[10] 7ff6f6c454dd
[11] 7ff6f6c44633
[12] 7ff6f6c40bbf
[13] 7ff6f6c4af6b
[14] 7ff6f6c271f7
[15] 7ff6f6c2772e
[16] 7ffd6fbdcd87 BaseThreadInitThunk
[17] 7ffd70e0caec RtlUserThreadStart
Caused by: (JsonParsingException) Cannot parse json file: /objects/generic/perfectlygenericitem/perfectlygenericitem.object
[0] 7ff6f6c2b2a3
[1] 7ff6f6c29fce
[2] 7ff6f6c2a0b8
[3] 7ff6f6c3a980
[4] 7ff6f735b16b
[5] 7ffd4930bb00 _CxxFrameHandler3
[6] 7ffd492f33c7 is_exception_typeof
[7] 7ffd70e841b6 RtlCaptureContext2
[8] 7ff6f6c47a07
[9] 7ff6f6c3c712
[10] 7ff6f6c39b3b
[11] 7ff6f6c454dd
[12] 7ff6f6c44633
[13] 7ff6f6c40bbf
[14] 7ff6f6c4af6b
[15] 7ff6f6c271f7
[16] 7ff6f6c2772e
[17] 7ffd6fbdcd87 BaseThreadInitThunk
[18] 7ffd70e0caec RtlUserThreadStart
Caused by: (JsonException) Improper conversion to JsonArray from object
[0] 7ff6f6c2b2a3
[1] 7ff6f6c29fce
[2] 7ff6f6bc4f4a
[3] 7ff6f6bd2382
[4] 7ff6f6c47a07
[5] 7ff6f6c3c712
[6] 7ff6f6c39b3b
[7] 7ff6f6c454dd
[8] 7ff6f6c44633
[9] 7ff6f6c40bbf
[10] 7ff6f6c4af6b
[11] 7ff6f6c271f7
[12] 7ff6f6c2772e
[13] 7ffd6fbdcd87 BaseThreadInitThunk
[14] 7ffd70e0caec RtlUserThreadStart
[Error] Error loading object file /objects/generic/perfectlygenericitem/perfectlygenericitem.object: (AssetException) Error loading asset /objects/generic/perfectlygenericitem/perfectlygenericitem.object
[0] 7ff6f6c2b2a3
[1] 7ff6f6c29fce
[2] 7ff6f6c366ca
[3] 7ff6f6c427c2
[4] 7ff6f6c442b9
[5] 7ff6f6eac254
[6] 7ff6f6f95105
[7] 7ff6f6f99749
[8] 7ff6f6f8bacf
[9] 7ff6f6f8f536
[10] 7ff6f6f8ce99
[11] 7ff6f6f9baa6
[12] 7ff6f6f9a197
[13] 7ff6f6f91e13
[14] 7ff6f6f8fd59
[15] 7ff6f6fa0f32
[16] 7ff6f6f8bd40
[17] 7ff6f6f8f1a9
[18] 7ff6f6f8caac
[19] 7ff6f6f8bdce
[20] 7ff6f6f8b52e
[21] 7ff6f6f9b512
[22] 7ff6f6c2126b
[23] 7ff6f6c22092
[24] 7ff6f6c2772e
[25] 7ffd6fbdcd87 BaseThreadInitThunk
[26] 7ffd70e0caec RtlUserThreadStart
[Error] Could not apply patch from file /objects/STATIC_VEHICLES/gic_generic_izhkratoyo_technical/gic_generic_izhkratoyo_technical.object.patch in source: ..\mods\female_translation.pak.  Caused by: (JsonPatchException) Could not apply patch to base. (JsonPatchException) Could not apply operation to base. (JsonException) Cannot call get with key on Json type array, must be Object type
[Error] Exception caught loading asset: /objects/ship/kitsunetechstation/kitsunetechstation_blue.object, (AssetException) Could not read JSON asset /objects/ship/kitsunetechstation/kitsunetechstation_blue.object
[0] 7ff6f6c2b2a3
[1] 7ff6f6c29fce
[2] 7ff6f6c2a0b8
[3] 7ff6f6c39e20
[4] 7ff6f7359d81
[5] 7ffd4930bb00 _CxxFrameHandler3
[6] 7ffd492f33c7 is_exception_typeof
[7] 7ffd70e841b6 RtlCaptureContext2
[8] 7ff6f6c3c712
[9] 7ff6f6c39b3b
[10] 7ff6f6c454dd
[11] 7ff6f6c44633
[12] 7ff6f6c40bbf
[13] 7ff6f6c4af6b
[14] 7ff6f6c271f7
[15] 7ff6f6c2772e
[16] 7ffd6fbdcd87 BaseThreadInitThunk
[17] 7ffd70e0caec RtlUserThreadStart
Caused by: (JsonParsingException) Cannot parse json file: /objects/ship/kitsunetechstation/kitsunetechstation_blue.object
[0] 7ff6f6c2b2a3
[1] 7ff6f6c29fce
[2] 7ff6f6c2a0b8
[3] 7ff6f6c3a980
[4] 7ff6f735b16b
[5] 7ffd4930bb00 _CxxFrameHandler3
[6] 7ffd492f33c7 is_exception_typeof
[7] 7ffd70e841b6 RtlCaptureContext2
[8] 7ff6f6c47b17
[9] 7ff6f6c3c712
[10] 7ff6f6c39b3b
[11] 7ff6f6c454dd
[12] 7ff6f6c44633
[13] 7ff6f6c40bbf
[14] 7ff6f6c4af6b
[15] 7ff6f6c271f7
[16] 7ff6f6c2772e
[17] 7ffd6fbdcd87 BaseThreadInitThunk
[18] 7ffd70e0caec RtlUserThreadStart
Caused by: (JsonException) Improper conversion to JsonArray from object
[0] 7ff6f6c2b2a3
[1] 7ff6f6c29fce
[2] 7ff6f6bc4f4a
[3] 7ff6f6bd2382
[4] 7ff6f6c47b17
[5] 7ff6f6c3c712
[6] 7ff6f6c39b3b
[7] 7ff6f6c454dd
[8] 7ff6f6c44633
[9] 7ff6f6c40bbf
[10] 7ff6f6c4af6b
[11] 7ff6f6c271f7
[12] 7ff6f6c2772e
[13] 7ffd6fbdcd87 BaseThreadInitThunk
[14] 7ffd70e0caec RtlUserThreadStart
[Error] Error loading object file /objects/ship/kitsunetechstation/kitsunetechstation_blue.object: (AssetException) Error loading asset /objects/ship/kitsunetechstation/kitsunetechstation_blue.object
[0] 7ff6f6c2b2a3
[1] 7ff6f6c29fce
[2] 7ff6f6c366ca
[3] 7ff6f6c427c2
[4] 7ff6f6c442b9
[5] 7ff6f6eac254
[6] 7ff6f6f95105
[7] 7ff6f6f99749
[8] 7ff6f6f8bacf
[9] 7ff6f6f8f536
[10] 7ff6f6f8ce99
[11] 7ff6f6f9baa6
[12] 7ff6f6f9a197
[13] 7ff6f6f91e13
[14] 7ff6f6f8fd59
[15] 7ff6f6fa0f32
[16] 7ff6f6f8bd40
[17] 7ff6f6f8f1a9
[18] 7ff6f6f8caac
[19] 7ff6f6f8bdce
[20] 7ff6f6f8b52e
[21] 7ff6f6f9b512
[22] 7ff6f6c2126b
[23] 7ff6f6c22092
[24] 7ff6f6c2772e
[25] 7ffd6fbdcd87 BaseThreadInitThunk
[26] 7ffd70e0caec RtlUserThreadStart
[Error] Could not apply patch from file /objects/sheilaworkshop/black_furniture/black_titansteelcanistersmall/black_titansteelcanistersmall.object.patch in source: ..\mods\female_translation.pak.  Caused by: (JsonPatchException) Could not apply patch to base. (JsonPatchException) Could not apply operation to base. (JsonException) Cannot call get with key on Json type array, must be Object type
[Error] Could not apply patch from file /objects/SPACE/gic_spacestationchair/gic_spacestationchair.object.patch in source: ..\mods\female_translation.pak.  Caused by: (JsonPatchException) Could not apply patch to base. (JsonPatchException) Could not apply operation to base. (JsonException) Cannot call get with key on Json type array, must be Object type
[Error] Exception caught loading asset: /objects/ship/arcanianshiplocker/arcanianshiplocker.object, (AssetException) Could not read JSON asset /objects/ship/arcanianshiplocker/arcanianshiplocker.object
[0] 7ff6f6c2b2a3
[1] 7ff6f6c29fce
[2] 7ff6f6c2a0b8
[3] 7ff6f6c39e20
[4] 7ff6f7359d81
[5] 7ffd4930bb00 _CxxFrameHandler3
[6] 7ffd492f33c7 is_exception_typeof
[7] 7ffd70e841b6 RtlCaptureContext2
[8] 7ff6f6c3c712
[9] 7ff6f6c39b3b
[10] 7ff6f6c454dd
[11] 7ff6f6c44633
[12] 7ff6f6c40bbf
[13] 7ff6f6c4af6b
[14] 7ff6f6c271f7
[15] 7ff6f6c2772e
[16] 7ffd6fbdcd87 BaseThreadInitThunk
[17] 7ffd70e0caec RtlUserThreadStart
Caused by: (JsonParsingException) Cannot parse json file: /objects/ship/arcanianshiplocker/arcanianshiplocker.object
[0] 7ff6f6c2b2a3
[1] 7ff6f6c29fce
[2] 7ff6f6c2a0b8
[3] 7ff6f6c3a980
[4] 7ff6f735b16b
[5] 7ffd4930bb00 _CxxFrameHandler3
[6] 7ffd492f33c7 is_exception_typeof
[7] 7ffd70e841b6 RtlCaptureContext2
[8] 7ff6f6c47b17
[9] 7ff6f6c3c712
[10] 7ff6f6c39b3b
[11] 7ff6f6c454dd
[12] 7ff6f6c44633
[13] 7ff6f6c40bbf
[14] 7ff6f6c4af6b
[15] 7ff6f6c271f7
[16] 7ff6f6c2772e
[17] 7ffd6fbdcd87 BaseThreadInitThunk
[18] 7ffd70e0caec RtlUserThreadStart
Caused by: (JsonException) Improper conversion to JsonArray from object
[0] 7ff6f6c2b2a3
[1] 7ff6f6c29fce
[2] 7ff6f6bc4f4a
[3] 7ff6f6bd2382
[4] 7ff6f6c47b17
[5] 7ff6f6c3c712
[6] 7ff6f6c39b3b
[7] 7ff6f6c454dd
[8] 7ff6f6c44633
[9] 7ff6f6c40bbf
[10] 7ff6f6c4af6b
[11] 7ff6f6c271f7
[12] 7ff6f6c2772e
[13] 7ffd6fbdcd87 BaseThreadInitThunk
[14] 7ffd70e0caec RtlUserThreadStart
[Error] Error loading object file /objects/ship/arcanianshiplocker/arcanianshiplocker.object: (AssetException) Error loading asset /objects/ship/arcanianshiplocker/arcanianshiplocker.object
[0] 7ff6f6c2b2a3
[1] 7ff6f6c29fce
[2] 7ff6f6c366ca
[3] 7ff6f6c427c2
[4] 7ff6f6c442b9
[5] 7ff6f6eac254
[6] 7ff6f6f95105
[7] 7ff6f6f99749
[8] 7ff6f6f8bacf
[9] 7ff6f6f8f536
[10] 7ff6f6f8ce99
[11] 7ff6f6f9baa6
[12] 7ff6f6f9a197
[13] 7ff6f6f91e13
[14] 7ff6f6f8fd59
[15] 7ff6f6fa0f32
[16] 7ff6f6f8bd40
[17] 7ff6f6f8f1a9
[18] 7ff6f6f8caac
[19] 7ff6f6f8bdce
[20] 7ff6f6f8b52e
[21] 7ff6f6f9b512
[22] 7ff6f6c2126b
[23] 7ff6f6c22092
[24] 7ff6f6c2772e
[25] 7ffd6fbdcd87 BaseThreadInitThunk
[26] 7ffd70e0caec RtlUserThreadStart
[Error] Exception caught loading asset: /objects/nmm_mvg/gubverse/gubverse_posters/postersccbs.object, (AssetException) Could not read JSON asset /objects/nmm_mvg/gubverse/gubverse_posters/postersccbs.object
[0] 7ff6f6c2b2a3
[1] 7ff6f6c29fce
[2] 7ff6f6c2a0b8
[3] 7ff6f6c39e20
[4] 7ff6f7359d81
[5] 7ffd4930bb00 _CxxFrameHandler3
[6] 7ffd492f33c7 is_exception_typeof
[7] 7ffd70e841b6 RtlCaptureContext2
[8] 7ff6f6c3c712
[9] 7ff6f6c39b3b
[10] 7ff6f6c454dd
[11] 7ff6f6c44633
[12] 7ff6f6c40bbf
[13] 7ff6f6c4af6b
[14] 7ff6f6c271f7
[15] 7ff6f6c2772e
[16] 7ffd6fbdcd87 BaseThreadInitThunk
[17] 7ffd70e0caec RtlUserThreadStart
Caused by: (JsonParsingException) Cannot parse json file: /objects/nmm_mvg/gubverse/gubverse_posters/postersccbs.object
[0] 7ff6f6c2b2a3
[1] 7ff6f6c29fce
[2] 7ff6f6c2a0b8
[3] 7ff6f6c3a980
[4] 7ff6f735b16b
[5] 7ffd4930bb00 _CxxFrameHandler3
[6] 7ffd492f33c7 is_exception_typeof
[7] 7ffd70e841b6 RtlCaptureContext2
[8] 7ff6f6c47b17
[9] 7ff6f6c3c712
[10] 7ff6f6c39b3b
[11] 7ff6f6c454dd
[12] 7ff6f6c44633
[13] 7ff6f6c40bbf
[14] 7ff6f6c4af6b
[15] 7ff6f6c271f7
[16] 7ff6f6c2772e
[17] 7ffd6fbdcd87 BaseThreadInitThunk
[18] 7ffd70e0caec RtlUserThreadStart
Caused by: (JsonException) Improper conversion to JsonArray from object
[0] 7ff6f6c2b2a3
[1] 7ff6f6c29fce
[2] 7ff6f6bc4f4a
[3] 7ff6f6bd2382
[4] 7ff6f6c47b17
[5] 7ff6f6c3c712
[6] 7ff6f6c39b3b
[7] 7ff6f6c454dd
[8] 7ff6f6c44633
[9] 7ff6f6c40bbf
[10] 7ff6f6c4af6b
[11] 7ff6f6c271f7
[12] 7ff6f6c2772e
[13] 7ffd6fbdcd87 BaseThreadInitThunk
[14] 7ffd70e0caec RtlUserThreadStart
[Error] Error loading object file /objects/nmm_mvg/gubverse/gubverse_posters/postersccbs.object: (AssetException) Error loading asset /objects/nmm_mvg/gubverse/gubverse_posters/postersccbs.object
[0] 7ff6f6c2b2a3
[1] 7ff6f6c29fce
[2] 7ff6f6c366ca
[3] 7ff6f6c427c2
[4] 7ff6f6c442b9
[5] 7ff6f6eac254
[6] 7ff6f6f95105
[7] 7ff6f6f99749
[8] 7ff6f6f8bacf
[9] 7ff6f6f8f536
[10] 7ff6f6f8ce99
[11] 7ff6f6f9baa6
[12] 7ff6f6f9a197
[13] 7ff6f6f91e13
[14] 7ff6f6f8fd59
[15] 7ff6f6fa0f32
[16] 7ff6f6f8bd40
[17] 7ff6f6f8f1a9
[18] 7ff6f6f8caac
[19] 7ff6f6f8bdce
[20] 7ff6f6f8b52e
[21] 7ff6f6f9b512
[22] 7ff6f6c2126b
[23] 7ff6f6c22092
[24] 7ff6f6c2772e
[25] 7ffd6fbdcd87 BaseThreadInitThunk
[26] 7ffd70e0caec RtlUserThreadStart
[Error] Could not apply patch from file /objects/SPACE/gic_spacestationslidingverticaldoor/gic_spacestationslidingverticaldoor.object.patch in source: ..\mods\female_translation.pak.  Caused by: (JsonPatchException) Could not apply patch to base. (JsonPatchException) Could not apply operation to base. (JsonException) Cannot call get with key on Json type array, must be Object type
[Error] Exception caught loading asset: /objects/ship/avikan/avikantechstation/avikantechstation.object, (AssetException) Could not read JSON asset /objects/ship/avikan/avikantechstation/avikantechstation.object
[0] 7ff6f6c2b2a3
[1] 7ff6f6c29fce
[2] 7ff6f6c2a0b8
[3] 7ff6f6c39e20
[4] 7ff6f7359d81
[5] 7ffd4930bb00 _CxxFrameHandler3
[6] 7ffd492f33c7 is_exception_typeof
[7] 7ffd70e841b6 RtlCaptureContext2
[8] 7ff6f6c3c712
[9] 7ff6f6c39b3b
[10] 7ff6f6c454dd
[11] 7ff6f6c44633
[12] 7ff6f6c40bbf
[13] 7ff6f6c4af6b
[14] 7ff6f6c271f7
[15] 7ff6f6c2772e
[16] 7ffd6fbdcd87 BaseThreadInitThunk
[17] 7ffd70e0caec RtlUserThreadStart
Caused by: (JsonParsingException) Cannot parse json file: /objects/ship/avikan/avikantechstation/avikantechstation.object
[0] 7ff6f6c2b2a3
[1] 7ff6f6c29fce
[2] 7ff6f6c2a0b8
[3] 7ff6f6c3a980
[4] 7ff6f735b16b
[5] 7ffd4930bb00 _CxxFrameHandler3
[6] 7ffd492f33c7 is_exception_typeof
[7] 7ffd70e841b6 RtlCaptureContext2
[8] 7ff6f6c47b17
[9] 7ff6f6c3c712
[10] 7ff6f6c39b3b
[11] 7ff6f6c454dd
[12] 7ff6f6c44633
[13] 7ff6f6c40bbf
[14] 7ff6f6c4af6b
[15] 7ff6f6c271f7
[16] 7ff6f6c2772e
[17] 7ffd6fbdcd87 BaseThreadInitThunk
[18] 7ffd70e0caec RtlUserThreadStart
Caused by: (JsonException) Improper conversion to JsonArray from object
[0] 7ff6f6c2b2a3
[1] 7ff6f6c29fce
[2] 7ff6f6bc4f4a
[3] 7ff6f6bd2382
[4] 7ff6f6c47b17
[5] 7ff6f6c3c712
[6] 7ff6f6c39b3b
[7] 7ff6f6c454dd
[8] 7ff6f6c44633
[9] 7ff6f6c40bbf
[10] 7ff6f6c4af6b
[11] 7ff6f6c271f7
[12] 7ff6f6c2772e
[13] 7ffd6fbdcd87 BaseThreadInitThunk
[14] 7ffd70e0caec RtlUserThreadStart
[Error] Error loading object file /objects/ship/avikan/avikantechstation/avikantechstation.object: (AssetException) Error loading asset /objects/ship/avikan/avikantechstation/avikantechstation.object
[0] 7ff6f6c2b2a3
[1] 7ff6f6c29fce
[2] 7ff6f6c366ca
[3] 7ff6f6c427c2
[4] 7ff6f6c442b9
[5] 7ff6f6eac254
[6] 7ff6f6f95105
[7] 7ff6f6f99749
[8] 7ff6f6f8bacf
[9] 7ff6f6f8f536
[10] 7ff6f6f8ce99
[11] 7ff6f6f9baa6
[12] 7ff6f6f9a197
[13] 7ff6f6f91e13
[14] 7ff6f6f8fd59
[15] 7ff6f6fa0f32
[16] 7ff6f6f8bd40
[17] 7ff6f6f8f1a9
[18] 7ff6f6f8caac
[19] 7ff6f6f8bdce
[20] 7ff6f6f8b52e
[21] 7ff6f6f9b512
[22] 7ff6f6c2126b
[23] 7ff6f6c22092
[24] 7ff6f6c2772e
[25] 7ffd6fbdcd87 BaseThreadInitThunk
[26] 7ffd70e0caec RtlUserThreadStart
[Error] Exception caught loading asset: /objects/dungeon/v-voltagecity/v-inactivewardrone/v-inactivewardrone.object, (AssetException) Could not read JSON asset /objects/dungeon/v-voltagecity/v-inactivewardrone/v-inactivewardrone.object
[0] 7ff6f6c2b2a3
[1] 7ff6f6c29fce
[2] 7ff6f6c2a0b8
[3] 7ff6f6c39e20
[4] 7ff6f7359d81
[5] 7ffd4930bb00 _CxxFrameHandler3
[6] 7ffd492f33c7 is_exception_typeof
[7] 7ffd70e841b6 RtlCaptureContext2
[8] 7ff6f6c3c712
[9] 7ff6f6c39b3b
[10] 7ff6f6c454dd
[11] 7ff6f6c44633
[12] 7ff6f6c40bbf
[13] 7ff6f6c4af6b
[14] 7ff6f6c271f7
[15] 7ff6f6c2772e
[16] 7ffd6fbdcd87 BaseThreadInitThunk
[17] 7ffd70e0caec RtlUserThreadStart
Caused by: (JsonParsingException) Cannot parse json file: /objects/dungeon/v-voltagecity/v-inactivewardrone/v-inactivewardrone.object
[0] 7ff6f6c2b2a3
[1] 7ff6f6c29fce
[2] 7ff6f6c2a0b8
[3] 7ff6f6c3a980
[4] 7ff6f735b16b
[5] 7ffd4930bb00 _CxxFrameHandler3
[6] 7ffd492f33c7 is_exception_typeof
[7] 7ffd70e841b6 RtlCaptureContext2
[8] 7ff6f6c47b17
[9] 7ff6f6c3c712
[10] 7ff6f6c39b3b
[11] 7ff6f6c454dd
[12] 7ff6f6c44633
[13] 7ff6f6c40bbf
[14] 7ff6f6c4af6b
[15] 7ff6f6c271f7
[16] 7ff6f6c2772e
[17] 7ffd6fbdcd87 BaseThreadInitThunk
[18] 7ffd70e0caec RtlUserThreadStart
Caused by: (JsonException) Improper conversion to JsonArray from object
[0] 7ff6f6c2b2a3
[1] 7ff6f6c29fce
[2] 7ff6f6bc4f4a
[3] 7ff6f6bd2382
[4] 7ff6f6c47b17
[5] 7ff6f6c3c712
[6] 7ff6f6c39b3b
[7] 7ff6f6c454dd
[8] 7ff6f6c44633
[9] 7ff6f6c40bbf
[10] 7ff6f6c4af6b
[11] 7ff6f6c271f7
[12] 7ff6f6c2772e
[13] 7ffd6fbdcd87 BaseThreadInitThunk
[14] 7ffd70e0caec RtlUserThreadStart
[Error] Error loading object file /objects/dungeon/v-voltagecity/v-inactivewardrone/v-inactivewardrone.object: (AssetException) Error loading asset /objects/dungeon/v-voltagecity/v-inactivewardrone/v-inactivewardrone.object
[0] 7ff6f6c2b2a3
[1] 7ff6f6c29fce
[2] 7ff6f6c366ca
[3] 7ff6f6c427c2
[4] 7ff6f6c442b9
[5] 7ff6f6eac254
[6] 7ff6f6f95105
[7] 7ff6f6f99749
[8] 7ff6f6f8bacf
[9] 7ff6f6f8f536
[10] 7ff6f6f8ce99
[11] 7ff6f6f9baa6
[12] 7ff6f6f9a197
[13] 7ff6f6f91e13
[14] 7ff6f6f8fd59
[15] 7ff6f6fa0f32
[16] 7ff6f6f8bd40
[17] 7ff6f6f8f1a9
[18] 7ff6f6f8caac
[19] 7ff6f6f8bdce
[20] 7ff6f6f8b52e
[21] 7ff6f6f9b512
[22] 7ff6f6c2126b
[23] 7ff6f6c22092
[24] 7ff6f6c2772e
[25] 7ffd6fbdcd87 BaseThreadInitThunk
[26] 7ffd70e0caec RtlUserThreadStart
[Error] Exception caught loading asset: /objects/koopUscm/spawner/crew/koopUscmCrewSpawnerEngineer.object, (AssetException) Could not read JSON asset /objects/koopUscm/spawner/crew/koopUscmCrewSpawnerEngineer.object
[0] 7ff6f6c2b2a3
[1] 7ff6f6c29fce
[2] 7ff6f6c2a0b8
[3] 7ff6f6c39e20
[4] 7ff6f7359d81
[5] 7ffd4930bb00 _CxxFrameHandler3
[6] 7ffd492f33c7 is_exception_typeof
[7] 7ffd70e841b6 RtlCaptureContext2
[8] 7ff6f6c3c712
[9] 7ff6f6c39b3b
[10] 7ff6f6c454dd
[11] 7ff6f6c44633
[12] 7ff6f6c40bbf
[13] 7ff6f6c4af6b
[14] 7ff6f6c271f7
[15] 7ff6f6c2772e
[16] 7ffd6fbdcd87 BaseThreadInitThunk
[17] 7ffd70e0caec RtlUserThreadStart
Caused by: (JsonParsingException) Cannot parse json file: /objects/koopUscm/spawner/crew/koopUscmCrewSpawnerEngineer.object
[0] 7ff6f6c2b2a3
[1] 7ff6f6c29fce
[2] 7ff6f6c2a0b8
[3] 7ff6f6c3a980
[4] 7ff6f735b16b
[5] 7ffd4930bb00 _CxxFrameHandler3
[6] 7ffd492f33c7 is_exception_typeof
[7] 7ffd70e841b6 RtlCaptureContext2
[8] 7ff6f6c47b17
[9] 7ff6f6c3c712
[10] 7ff6f6c39b3b
[11] 7ff6f6c454dd
[12] 7ff6f6c44633
[13] 7ff6f6c40bbf
[14] 7ff6f6c4af6b
[15] 7ff6f6c271f7
[16] 7ff6f6c2772e
[17] 7ffd6fbdcd87 BaseThreadInitThunk
[18] 7ffd70e0caec RtlUserThreadStart
Caused by: (JsonException) Improper conversion to JsonArray from object
[0] 7ff6f6c2b2a3
[1] 7ff6f6c29fce
[2] 7ff6f6bc4f4a
[3] 7ff6f6bd2382
[4] 7ff6f6c47b17
[5] 7ff6f6c3c712
[6] 7ff6f6c39b3b
[7] 7ff6f6c454dd
[8] 7ff6f6c44633
[9] 7ff6f6c40bbf
[10] 7ff6f6c4af6b
[11] 7ff6f6c271f7
[12] 7ff6f6c2772e
[13] 7ffd6fbdcd87 BaseThreadInitThunk
[14] 7ffd70e0caec RtlUserThreadStart
[Error] Error loading object file /objects/koopUscm/spawner/crew/koopUscmCrewSpawnerEngineer.object: (AssetException) Error loading asset /objects/koopUscm/spawner/crew/koopUscmCrewSpawnerEngineer.object
[0] 7ff6f6c2b2a3
[1] 7ff6f6c29fce
[2] 7ff6f6c366ca
[3] 7ff6f6c427c2
[4] 7ff6f6c442b9
[5] 7ff6f6eac254
[6] 7ff6f6f95105
[7] 7ff6f6f99749
[8] 7ff6f6f8bacf
[9] 7ff6f6f8f536
[10] 7ff6f6f8ce99
[11] 7ff6f6f9baa6
[12] 7ff6f6f9a197
[13] 7ff6f6f91e13
[14] 7ff6f6f8fd59
[15] 7ff6f6fa0f32
[16] 7ff6f6f8bd40
[17] 7ff6f6f8f1a9
[18] 7ff6f6f8caac
[19] 7ff6f6f8bdce
[20] 7ff6f6f8b52e
[21] 7ff6f6f9b512
[22] 7ff6f6c2126b
[23] 7ff6f6c22092
[24] 7ff6f6c2772e
[25] 7ffd6fbdcd87 BaseThreadInitThunk
[26] 7ffd70e0caec RtlUserThreadStart
[Error] Could not apply patch from file /objects/SPACE/gic_spacestationslidingdoor/gic_spacestationslidingdoor.object.patch in source: ..\mods\female_translation.pak.  Caused by: (JsonPatchException) Could not apply patch to base. (JsonPatchException) Could not apply operation to base. (JsonException) Cannot call get with key on Json type array, must be Object type
[Error] Could not apply patch from file /objects/sheilaworkshop/black_radios/black_separateways/black_separateways.object.patch in source: ..\mods\female_translation.pak.  Caused by: (JsonPatchException) Could not apply patch to base. (JsonPatchException) Could not apply operation to base. (JsonException) Cannot call get with key on Json type array, must be Object type
[Error] Exception caught loading asset: /objects/biome/alterash/ayaka/ct_ayaka_tree.object, (AssetException) Could not read JSON asset /objects/biome/alterash/ayaka/ct_ayaka_tree.object
[0] 7ff6f6c2b2a3
[1] 7ff6f6c29fce
[2] 7ff6f6c2a0b8
[3] 7ff6f6c39e20
[4] 7ff6f7359d81
[5] 7ffd4930bb00 _CxxFrameHandler3
[6] 7ffd492f33c7 is_exception_typeof
[7] 7ffd70e841b6 RtlCaptureContext2
[8] 7ff6f6c3c712
[9] 7ff6f6c39b3b
[10] 7ff6f6c454dd
[11] 7ff6f6c44633
[12] 7ff6f6c40bbf
[13] 7ff6f6c4af6b
[14] 7ff6f6c271f7
[15] 7ff6f6c2772e
[16] 7ffd6fbdcd87 BaseThreadInitThunk
[17] 7ffd70e0caec RtlUserThreadStart
Caused by: (JsonParsingException) Cannot parse json file: /objects/biome/alterash/ayaka/ct_ayaka_tree.object
[0] 7ff6f6c2b2a3
[1] 7ff6f6c29fce
[2] 7ff6f6c2a0b8
[3] 7ff6f6c3a980
[4] 7ff6f735b16b
[5] 7ffd4930bb00 _CxxFrameHandler3
[6] 7ffd492f33c7 is_exception_typeof
[7] 7ffd70e841b6 RtlCaptureContext2
[8] 7ff6f6c47b17
[9] 7ff6f6c3c712
[10] 7ff6f6c39b3b
[11] 7ff6f6c454dd
[12] 7ff6f6c44633
[13] 7ff6f6c40bbf
[14] 7ff6f6c4af6b
[15] 7ff6f6c271f7
[16] 7ff6f6c2772e
[17] 7ffd6fbdcd87 BaseThreadInitThunk
[18] 7ffd70e0caec RtlUserThreadStart
Caused by: (JsonException) Improper conversion to JsonArray from object
[0] 7ff6f6c2b2a3
[1] 7ff6f6c29fce
[2] 7ff6f6bc4f4a
[3] 7ff6f6bd2382
[4] 7ff6f6c47b17
[5] 7ff6f6c3c712
[6] 7ff6f6c39b3b
[7] 7ff6f6c454dd
[8] 7ff6f6c44633
[9] 7ff6f6c40bbf
[10] 7ff6f6c4af6b
[11] 7ff6f6c271f7
[12] 7ff6f6c2772e
[13] 7ffd6fbdcd87 BaseThreadInitThunk
[14] 7ffd70e0caec RtlUserThreadStart
[Error] Error loading object file /objects/biome/alterash/ayaka/ct_ayaka_tree.object: (AssetException) Error loading asset /objects/biome/alterash/ayaka/ct_ayaka_tree.object
[0] 7ff6f6c2b2a3
[1] 7ff6f6c29fce
[2] 7ff6f6c366ca
[3] 7ff6f6c427c2
[4] 7ff6f6c442b9
[5] 7ff6f6eac254
[6] 7ff6f6f95105
[7] 7ff6f6f99749
[8] 7ff6f6f8bacf
[9] 7ff6f6f8f536
[10] 7ff6f6f8ce99
[11] 7ff6f6f9baa6
[12] 7ff6f6f9a197
[13] 7ff6f6f91e13
[14] 7ff6f6f8fd59
[15] 7ff6f6fa0f32
[16] 7ff6f6f8bd40
[17] 7ff6f6f8f1a9
[18] 7ff6f6f8caac
[19] 7ff6f6f8bdce
[20] 7ff6f6f8b52e
[21] 7ff6f6f9b512
[22] 7ff6f6c2126b
[23] 7ff6f6c22092
[24] 7ff6f6c2772e
[25] 7ffd6fbdcd87 BaseThreadInitThunk
[26] 7ffd70e0caec RtlUserThreadStart
[Error] Exception caught loading asset: /objects/avikan/outpost/avikanoutpostteleporter/avikanoutpostteleporter.object, (AssetException) Could not read JSON asset /objects/avikan/outpost/avikanoutpostteleporter/avikanoutpostteleporter.object
[0] 7ff6f6c2b2a3
[1] 7ff6f6c29fce
[2] 7ff6f6c2a0b8
[3] 7ff6f6c39e20
[4] 7ff6f7359d81
[5] 7ffd4930bb00 _CxxFrameHandler3
[6] 7ffd492f33c7 is_exception_typeof
[7] 7ffd70e841b6 RtlCaptureContext2
[8] 7ff6f6c3c712
[9] 7ff6f6c39b3b
[10] 7ff6f6c454dd
[11] 7ff6f6c44633
[12] 7ff6f6c40bbf
[13] 7ff6f6c4af6b
[14] 7ff6f6c271f7
[15] 7ff6f6c2772e
[16] 7ffd6fbdcd87 BaseThreadInitThunk
[17] 7ffd70e0caec RtlUserThreadStart
Caused by: (JsonParsingException) Cannot parse json file: /objects/avikan/outpost/avikanoutpostteleporter/avikanoutpostteleporter.object
[0] 7ff6f6c2b2a3
[1] 7ff6f6c29fce
[2] 7ff6f6c2a0b8
[3] 7ff6f6c3a980
[4] 7ff6f735b16b
[5] 7ffd4930bb00 _CxxFrameHandler3
[6] 7ffd492f33c7 is_exception_typeof
[7] 7ffd70e841b6 RtlCaptureContext2
[8] 7ff6f6c47b17
[9] 7ff6f6c3c712
[10] 7ff6f6c39b3b
[11] 7ff6f6c454dd
[12] 7ff6f6c44633
[13] 7ff6f6c40bbf
[14] 7ff6f6c4af6b
[15] 7ff6f6c271f7
[16] 7ff6f6c2772e
[17] 7ffd6fbdcd87 BaseThreadInitThunk
[18] 7ffd70e0caec RtlUserThreadStart
Caused by: (JsonException) Improper conversion to JsonArray from object
[0] 7ff6f6c2b2a3
[1] 7ff6f6c29fce
[2] 7ff6f6bc4f4a
[3] 7ff6f6bd2382
[4] 7ff6f6c47b17
[5] 7ff6f6c3c712
[6] 7ff6f6c39b3b
[7] 7ff6f6c454dd
[8] 7ff6f6c44633
[9] 7ff6f6c40bbf
[10] 7ff6f6c4af6b
[11] 7ff6f6c271f7
[12] 7ff6f6c2772e
[13] 7ffd6fbdcd87 BaseThreadInitThunk
[14] 7ffd70e0caec RtlUserThreadStart
[Error] Error loading object file /objects/avikan/outpost/avikanoutpostteleporter/avikanoutpostteleporter.object: (AssetException) Error loading asset /objects/avikan/outpost/avikanoutpostteleporter/avikanoutpostteleporter.object
[0] 7ff6f6c2b2a3
[1] 7ff6f6c29fce
[2] 7ff6f6c366ca
[3] 7ff6f6c427c2
[4] 7ff6f6c442b9
[5] 7ff6f6eac254
[6] 7ff6f6f95105
[7] 7ff6f6f99749
[8] 7ff6f6f8bacf
[9] 7ff6f6f8f536
[10] 7ff6f6f8ce99
[11] 7ff6f6f9baa6
[12] 7ff6f6f9a197
[13] 7ff6f6f91e13
[14] 7ff6f6f8fd59
[15] 7ff6f6fa0f32
[16] 7ff6f6f8bd40
[17] 7ff6f6f8f1a9
[18] 7ff6f6f8caac
[19] 7ff6f6f8bdce
[20] 7ff6f6f8b52e
[21] 7ff6f6f9b512
[22] 7ff6f6c2126b
[23] 7ff6f6c22092
[24] 7ff6f6c2772e
[25] 7ffd6fbdcd87 BaseThreadInitThunk
[26] 7ffd70e0caec RtlUserThreadStart
[Error] Could not apply patch from file /objects/STATIC_VEHICLES/gic_crashedheli_front/gic_crashedheli_front.object.patch in source: ..\mods\female_translation.pak.  Caused by: (JsonPatchException) Could not apply patch to base. (JsonPatchException) Could not apply operation to base. (JsonException) Cannot call get with key on Json type array, must be Object type
[Error] Could not apply patch from file /objects/STATIC_VEHICLES/gic_generic_izhkratoyo_utilityvehicle/gic_generic_izhkratoyo_utilityvehicle.object.patch in source: ..\mods\female_translation.pak.  Caused by: (JsonPatchException) Could not apply patch to base. (JsonPatchException) Could not apply operation to base. (JsonException) Cannot call get with key on Json type array, must be Object type
[Error] Exception caught loading asset: /objects/crafting/nmm_mvgvendingmachine/mvgvendingmachine.object, (AssetException) Could not read JSON asset /objects/crafting/nmm_mvgvendingmachine/mvgvendingmachine.object
[0] 7ff6f6c2b2a3
[1] 7ff6f6c29fce
[2] 7ff6f6c2a0b8
[3] 7ff6f6c39e20
[4] 7ff6f7359d81
[5] 7ffd4930bb00 _CxxFrameHandler3
[6] 7ffd492f33c7 is_exception_typeof
[7] 7ffd70e841b6 RtlCaptureContext2
[8] 7ff6f6c3c712
[9] 7ff6f6c39b3b
[10] 7ff6f6c454dd
[11] 7ff6f6c44633
[12] 7ff6f6c40bbf
[13] 7ff6f6c4af6b
[14] 7ff6f6c271f7
[15] 7ff6f6c2772e
[16] 7ffd6fbdcd87 BaseThreadInitThunk
[17] 7ffd70e0caec RtlUserThreadStart
Caused by: (JsonParsingException) Cannot parse json file: /objects/crafting/nmm_mvgvendingmachine/mvgvendingmachine.object
[0] 7ff6f6c2b2a3
[1] 7ff6f6c29fce
[2] 7ff6f6c2a0b8
[3] 7ff6f6c3a980
[4] 7ff6f735b16b
[5] 7ffd4930bb00 _CxxFrameHandler3
[6] 7ffd492f33c7 is_exception_typeof
[7] 7ffd70e841b6 RtlCaptureContext2
[8] 7ff6f6c47b17
[9] 7ff6f6c3c712
[10] 7ff6f6c39b3b
[11] 7ff6f6c454dd
[12] 7ff6f6c44633
[13] 7ff6f6c40bbf
[14] 7ff6f6c4af6b
[15] 7ff6f6c271f7
[16] 7ff6f6c2772e
[17] 7ffd6fbdcd87 BaseThreadInitThunk
[18] 7ffd70e0caec RtlUserThreadStart
Caused by: (JsonException) Improper conversion to JsonArray from object
[0] 7ff6f6c2b2a3
[1] 7ff6f6c29fce
[2] 7ff6f6bc4f4a
[3] 7ff6f6bd2382
[4] 7ff6f6c47b17
[5] 7ff6f6c3c712
[6] 7ff6f6c39b3b
[7] 7ff6f6c454dd
[8] 7ff6f6c44633
[9] 7ff6f6c40bbf
[10] 7ff6f6c4af6b
[11] 7ff6f6c271f7
[12] 7ff6f6c2772e
[13] 7ffd6fbdcd87 BaseThreadInitThunk
[14] 7ffd70e0caec RtlUserThreadStart
[Error] Error loading object file /objects/crafting/nmm_mvgvendingmachine/mvgvendingmachine.object: (AssetException) Error loading asset /objects/crafting/nmm_mvgvendingmachine/mvgvendingmachine.object
[0] 7ff6f6c2b2a3
[1] 7ff6f6c29fce
[2] 7ff6f6c366ca
[3] 7ff6f6c427c2
[4] 7ff6f6c442b9
[5] 7ff6f6eac254
[6] 7ff6f6f95105
[7] 7ff6f6f99749
[8] 7ff6f6f8bacf
[9] 7ff6f6f8f536
[10] 7ff6f6f8ce99
[11] 7ff6f6f9baa6
[12] 7ff6f6f9a197
[13] 7ff6f6f91e13
[14] 7ff6f6f8fd59
[15] 7ff6f6fa0f32
[16] 7ff6f6f8bd40
[17] 7ff6f6f8f1a9
[18] 7ff6f6f8caac
[19] 7ff6f6f8bdce
[20] 7ff6f6f8b52e
[21] 7ff6f6f9b512
[22] 7ff6f6c2126b
[23] 7ff6f6c22092
[24] 7ff6f6c2772e
[25] 7ffd6fbdcd87 BaseThreadInitThunk
[26] 7ffd70e0caec RtlUserThreadStart
[Error] Exception caught loading asset: /objects/atprk_relicseeker/atprk_relicexchange/atprk_relicexchange.object, (AssetException) Could not read JSON asset /objects/atprk_relicseeker/atprk_relicexchange/atprk_relicexchange.object
[0] 7ff6f6c2b2a3
[1] 7ff6f6c29fce
[2] 7ff6f6c2a0b8
[3] 7ff6f6c39e20
[4] 7ff6f7359d81
[5] 7ffd4930bb00 _CxxFrameHandler3
[6] 7ffd492f33c7 is_exception_typeof
[7] 7ffd70e841b6 RtlCaptureContext2
[8] 7ff6f6c3c712
[9] 7ff6f6c39b3b
[10] 7ff6f6c454dd
[11] 7ff6f6c44633
[12] 7ff6f6c40bbf
[13] 7ff6f6c4af6b
[14] 7ff6f6c271f7
[15] 7ff6f6c2772e
[16] 7ffd6fbdcd87 BaseThreadInitThunk
[17] 7ffd70e0caec RtlUserThreadStart
Caused by: (JsonParsingException) Cannot parse json file: /objects/atprk_relicseeker/atprk_relicexchange/atprk_relicexchange.object
[0] 7ff6f6c2b2a3
[1] 7ff6f6c29fce
[2] 7ff6f6c2a0b8
[3] 7ff6f6c3a980
[4] 7ff6f735b16b
[5] 7ffd4930bb00 _CxxFrameHandler3
[6] 7ffd492f33c7 is_exception_typeof
[7] 7ffd70e841b6 RtlCaptureContext2
[8] 7ff6f6c47b17
[9] 7ff6f6c3c712
[10] 7ff6f6c39b3b
[11] 7ff6f6c454dd
[12] 7ff6f6c44633
[13] 7ff6f6c40bbf
[14] 7ff6f6c4af6b
[15] 7ff6f6c271f7
[16] 7ff6f6c2772e
[17] 7ffd6fbdcd87 BaseThreadInitThunk
[18] 7ffd70e0caec RtlUserThreadStart
Caused by: (JsonException) Improper conversion to JsonArray from object
[0] 7ff6f6c2b2a3
[1] 7ff6f6c29fce
[2] 7ff6f6bc4f4a
[3] 7ff6f6bd2382
[4] 7ff6f6c47b17
[5] 7ff6f6c3c712
[6] 7ff6f6c39b3b
[7] 7ff6f6c454dd
[8] 7ff6f6c44633
[9] 7ff6f6c40bbf
[10] 7ff6f6c4af6b
[11] 7ff6f6c271f7
[12] 7ff6f6c2772e
[13] 7ffd6fbdcd87 BaseThreadInitThunk
[14] 7ffd70e0caec RtlUserThreadStart
[Error] Error loading object file /objects/atprk_relicseeker/atprk_relicexchange/atprk_relicexchange.object: (AssetException) Error loading asset /objects/atprk_relicseeker/atprk_relicexchange/atprk_relicexchange.object
[0] 7ff6f6c2b2a3
[1] 7ff6f6c29fce
[2] 7ff6f6c366ca
[3] 7ff6f6c427c2
[4] 7ff6f6c442b9
[5] 7ff6f6eac254
[6] 7ff6f6f95105
[7] 7ff6f6f99749
[8] 7ff6f6f8bacf
[9] 7ff6f6f8f536
[10] 7ff6f6f8ce99
[11] 7ff6f6f9baa6
[12] 7ff6f6f9a197
[13] 7ff6f6f91e13
[14] 7ff6f6f8fd59
[15] 7ff6f6fa0f32
[16] 7ff6f6f8bd40
[17] 7ff6f6f8f1a9
[18] 7ff6f6f8caac
[19] 7ff6f6f8bdce
[20] 7ff6f6f8b52e
[21] 7ff6f6f9b512
[22] 7ff6f6c2126b
[23] 7ff6f6c22092
[24] 7ff6f6c2772e
[25] 7ffd6fbdcd87 BaseThreadInitThunk
[26] 7ffd70e0caec RtlUserThreadStart
[Error] Could not apply patch from file /objects/CRAFTING/LEGACY_CRAFTING/gic_munitionsworkbench/gic_munitionsworkbench.object.patch in source: ..\mods\female_translation.pak.  Caused by: (JsonPatchException) Could not apply patch to base. (JsonPatchException) Could not apply operation to base. (JsonException) Cannot call get with key on Json type array, must be Object type
[Error] Exception caught loading asset: /objects/outpost/pixelweapons/reclaimerblueprints/pw_reclaimerblueprints.object, (AssetException) Could not read JSON asset /objects/outpost/pixelweapons/reclaimerblueprints/pw_reclaimerblueprints.object
[0] 7ff6f6c2b2a3
[1] 7ff6f6c29fce
[2] 7ff6f6c2a0b8
[3] 7ff6f6c39e20
[4] 7ff6f7359d81
[5] 7ffd4930bb00 _CxxFrameHandler3
[6] 7ffd492f33c7 is_exception_typeof
[7] 7ffd70e841b6 RtlCaptureContext2
[8] 7ff6f6c3c712
[9] 7ff6f6c39b3b
[10] 7ff6f6c454dd
[11] 7ff6f6c44633
[12] 7ff6f6c40bbf
[13] 7ff6f6c4af6b
[14] 7ff6f6c271f7
[15] 7ff6f6c2772e
[16] 7ffd6fbdcd87 BaseThreadInitThunk
[17] 7ffd70e0caec RtlUserThreadStart
Caused by: (JsonParsingException) Cannot parse json file: /objects/outpost/pixelweapons/reclaimerblueprints/pw_reclaimerblueprints.object
[0] 7ff6f6c2b2a3
[1] 7ff6f6c29fce
[2] 7ff6f6c2a0b8
[3] 7ff6f6c3a980
[4] 7ff6f735b16b
[5] 7ffd4930bb00 _CxxFrameHandler3
[6] 7ffd492f33c7 is_exception_typeof
[7] 7ffd70e841b6 RtlCaptureContext2
[8] 7ff6f6c47b17
[9] 7ff6f6c3c712
[10] 7ff6f6c39b3b
[11] 7ff6f6c454dd
[12] 7ff6f6c44633
[13] 7ff6f6c40bbf
[14] 7ff6f6c4af6b
[15] 7ff6f6c271f7
[16] 7ff6f6c2772e
[17] 7ffd6fbdcd87 BaseThreadInitThunk
[18] 7ffd70e0caec RtlUserThreadStart
Caused by: (JsonException) Improper conversion to JsonArray from object
[0] 7ff6f6c2b2a3
[1] 7ff6f6c29fce
[2] 7ff6f6bc4f4a
[3] 7ff6f6bd2382
[4] 7ff6f6c47b17
[5] 7ff6f6c3c712
[6] 7ff6f6c39b3b
[7] 7ff6f6c454dd
[8] 7ff6f6c44633
[9] 7ff6f6c40bbf
[10] 7ff6f6c4af6b
[11] 7ff6f6c271f7
[12] 7ff6f6c2772e
[13] 7ffd6fbdcd87 BaseThreadInitThunk
[14] 7ffd70e0caec RtlUserThreadStart
[Error] Error loading object file /objects/outpost/pixelweapons/reclaimerblueprints/pw_reclaimerblueprints.object: (AssetException) Error loading asset /objects/outpost/pixelweapons/reclaimerblueprints/pw_reclaimerblueprints.object
[0] 7ff6f6c2b2a3
[1] 7ff6f6c29fce
[2] 7ff6f6c366ca
[3] 7ff6f6c427c2
[4] 7ff6f6c442b9
[5] 7ff6f6eac254
[6] 7ff6f6f95105
[7] 7ff6f6f99749
[8] 7ff6f6f8bacf
[9] 7ff6f6f8f536
[10] 7ff6f6f8ce99
[11] 7ff6f6f9baa6
[12] 7ff6f6f9a197
[13] 7ff6f6f91e13
[14] 7ff6f6f8fd59
[15] 7ff6f6fa0f32
[16] 7ff6f6f8bd40
[17] 7ff6f6f8f1a9
[18] 7ff6f6f8caac
[19] 7ff6f6f8bdce
[20] 7ff6f6f8b52e
[21] 7ff6f6f9b512
[22] 7ff6f6c2126b
[23] 7ff6f6c22092
[24] 7ff6f6c2772e
[25] 7ffd6fbdcd87 BaseThreadInitThunk
[26] 7ffd70e0caec RtlUserThreadStart
[Error] Exception caught loading asset: /objects/ship/lamiatechstation/lamiatechstation.object, (AssetException) Could not read JSON asset /objects/ship/lamiatechstation/lamiatechstation.object
[0] 7ff6f6c2b2a3
[1] 7ff6f6c29fce
[2] 7ff6f6c2a0b8
[3] 7ff6f6c39e20
[4] 7ff6f7359d81
[5] 7ffd4930bb00 _CxxFrameHandler3
[6] 7ffd492f33c7 is_exception_typeof
[7] 7ffd70e841b6 RtlCaptureContext2
[8] 7ff6f6c3c712
[9] 7ff6f6c39b3b
[10] 7ff6f6c454dd
[11] 7ff6f6c44633
[12] 7ff6f6c40bbf
[13] 7ff6f6c4af6b
[14] 7ff6f6c271f7
[15] 7ff6f6c2772e
[16] 7ffd6fbdcd87 BaseThreadInitThunk
[17] 7ffd70e0caec RtlUserThreadStart
Caused by: (JsonParsingException) Cannot parse json file: /objects/ship/lamiatechstation/lamiatechstation.object
[0] 7ff6f6c2b2a3
[1] 7ff6f6c29fce
[2] 7ff6f6c2a0b8
[3] 7ff6f6c3a980
[4] 7ff6f735b16b
[5] 7ffd4930bb00 _CxxFrameHandler3
[6] 7ffd492f33c7 is_exception_typeof
[7] 7ffd70e841b6 RtlCaptureContext2
[8] 7ff6f6c47b17
[9] 7ff6f6c3c712
[10] 7ff6f6c39b3b
[11] 7ff6f6c454dd
[12] 7ff6f6c44633
[13] 7ff6f6c40bbf
[14] 7ff6f6c4af6b
[15] 7ff6f6c271f7
[16] 7ff6f6c2772e
[17] 7ffd6fbdcd87 BaseThreadInitThunk
[18] 7ffd70e0caec RtlUserThreadStart
Caused by: (JsonException) Improper conversion to JsonArray from object
[0] 7ff6f6c2b2a3
[1] 7ff6f6c29fce
[2] 7ff6f6bc4f4a
[3] 7ff6f6bd2382
[4] 7ff6f6c47b17
[5] 7ff6f6c3c712
[6] 7ff6f6c39b3b
[7] 7ff6f6c454dd
[8] 7ff6f6c44633
[9] 7ff6f6c40bbf
[10] 7ff6f6c4af6b
[11] 7ff6f6c271f7
[12] 7ff6f6c2772e
[13] 7ffd6fbdcd87 BaseThreadInitThunk
[14] 7ffd70e0caec RtlUserThreadStart
[Error] Error loading object file /objects/ship/lamiatechstation/lamiatechstation.object: (AssetException) Error loading asset /objects/ship/lamiatechstation/lamiatechstation.object
[0] 7ff6f6c2b2a3
[1] 7ff6f6c29fce
[2] 7ff6f6c366ca
[3] 7ff6f6c427c2
[4] 7ff6f6c442b9
[5] 7ff6f6eac254
[6] 7ff6f6f95105
[7] 7ff6f6f99749
[8] 7ff6f6f8bacf
[9] 7ff6f6f8f536
[10] 7ff6f6f8ce99
[11] 7ff6f6f9baa6
[12] 7ff6f6f9a197
[13] 7ff6f6f91e13
[14] 7ff6f6f8fd59
[15] 7ff6f6fa0f32
[16] 7ff6f6f8bd40
[17] 7ff6f6f8f1a9
[18] 7ff6f6f8caac
[19] 7ff6f6f8bdce
[20] 7ff6f6f8b52e
[21] 7ff6f6f9b512
[22] 7ff6f6c2126b
[23] 7ff6f6c22092
[24] 7ff6f6c2772e
[25] 7ffd6fbdcd87 BaseThreadInitThunk
[26] 7ffd70e0caec RtlUserThreadStart
[Error] Exception caught loading asset: /objects/CORPUSSHIP/esc_corpus_humanshipdoor/esc_corpus_humanshipdoor.object, (AssetException) Could not read JSON asset /objects/CORPUSSHIP/esc_corpus_humanshipdoor/esc_corpus_humanshipdoor.object
[0] 7ff6f6c2b2a3
[1] 7ff6f6c29fce
[2] 7ff6f6c2a0b8
[3] 7ff6f6c39e20
[4] 7ff6f7359d81
[5] 7ffd4930bb00 _CxxFrameHandler3
[6] 7ffd492f33c7 is_exception_typeof
[7] 7ffd70e841b6 RtlCaptureContext2
[8] 7ff6f6c3c712
[9] 7ff6f6c39b3b
[10] 7ff6f6c454dd
[11] 7ff6f6c44633
[12] 7ff6f6c40bbf
[13] 7ff6f6c4af6b
[14] 7ff6f6c271f7
[15] 7ff6f6c2772e
[16] 7ffd6fbdcd87 BaseThreadInitThunk
[17] 7ffd70e0caec RtlUserThreadStart
Caused by: (JsonParsingException) Cannot parse json file: /objects/CORPUSSHIP/esc_corpus_humanshipdoor/esc_corpus_humanshipdoor.object
[0] 7ff6f6c2b2a3
[1] 7ff6f6c29fce
[2] 7ff6f6c2a0b8
[3] 7ff6f6c3a980
[4] 7ff6f735b16b
[5] 7ffd4930bb00 _CxxFrameHandler3
[6] 7ffd492f33c7 is_exception_typeof
[7] 7ffd70e841b6 RtlCaptureContext2
[8] 7ff6f6c47b17
[9] 7ff6f6c3c712
[10] 7ff6f6c39b3b
[11] 7ff6f6c454dd
[12] 7ff6f6c44633
[13] 7ff6f6c40bbf
[14] 7ff6f6c4af6b
[15] 7ff6f6c271f7
[16] 7ff6f6c2772e
[17] 7ffd6fbdcd87 BaseThreadInitThunk
[18] 7ffd70e0caec RtlUserThreadStart
Caused by: (JsonException) Improper conversion to JsonArray from object
[0] 7ff6f6c2b2a3
[1] 7ff6f6c29fce
[2] 7ff6f6bc4f4a
[3] 7ff6f6bd2382
[4] 7ff6f6c47b17
[5] 7ff6f6c3c712
[6] 7ff6f6c39b3b
[7] 7ff6f6c454dd
[8] 7ff6f6c44633
[9] 7ff6f6c40bbf
[10] 7ff6f6c4af6b
[11] 7ff6f6c271f7
[12] 7ff6f6c2772e
[13] 7ffd6fbdcd87 BaseThreadInitThunk
[14] 7ffd70e0caec RtlUserThreadStart
[Error] Error loading object file /objects/CORPUSSHIP/esc_corpus_humanshipdoor/esc_corpus_humanshipdoor.object: (AssetException) Error loading asset /objects/CORPUSSHIP/esc_corpus_humanshipdoor/esc_corpus_humanshipdoor.object
[0] 7ff6f6c2b2a3
[1] 7ff6f6c29fce
[2] 7ff6f6c366ca
[3] 7ff6f6c427c2
[4] 7ff6f6c442b9
[5] 7ff6f6eac254
[6] 7ff6f6f95105
[7] 7ff6f6f99749
[8] 7ff6f6f8bacf
[9] 7ff6f6f8f536
[10] 7ff6f6f8ce99
[11] 7ff6f6f9baa6
[12] 7ff6f6f9a197
[13] 7ff6f6f91e13
[14] 7ff6f6f8fd59
[15] 7ff6f6fa0f32
[16] 7ff6f6f8bd40
[17] 7ff6f6f8f1a9
[18] 7ff6f6f8caac
[19] 7ff6f6f8bdce
[20] 7ff6f6f8b52e
[21] 7ff6f6f9b512
[22] 7ff6f6c2126b
[23] 7ff6f6c22092
[24] 7ff6f6c2772e
[25] 7ffd6fbdcd87 BaseThreadInitThunk
[26] 7ffd70e0caec RtlUserThreadStart
[Error] Exception caught loading asset: /objects/nmm_starbound/forums/chucklefishneonsign/oldchucklefishneon2.object, (AssetException) Could not read JSON asset /objects/nmm_starbound/forums/chucklefishneonsign/oldchucklefishneon2.object
[0] 7ff6f6c2b2a3
[1] 7ff6f6c29fce
[2] 7ff6f6c2a0b8
[3] 7ff6f6c39e20
[4] 7ff6f7359d81
[5] 7ffd4930bb00 _CxxFrameHandler3
[6] 7ffd492f33c7 is_exception_typeof
[7] 7ffd70e841b6 RtlCaptureContext2
[8] 7ff6f6c3c712
[9] 7ff6f6c39b3b
[10] 7ff6f6c454dd
[11] 7ff6f6c44633
[12] 7ff6f6c40bbf
[13] 7ff6f6c4af6b
[14] 7ff6f6c271f7
[15] 7ff6f6c2772e
[16] 7ffd6fbdcd87 BaseThreadInitThunk
[17] 7ffd70e0caec RtlUserThreadStart
Caused by: (JsonParsingException) Cannot parse json file: /objects/nmm_starbound/forums/chucklefishneonsign/oldchucklefishneon2.object
[0] 7ff6f6c2b2a3
[1] 7ff6f6c29fce
[2] 7ff6f6c2a0b8
[3] 7ff6f6c3a980
[4] 7ff6f735b16b
[5] 7ffd4930bb00 _CxxFrameHandler3
[6] 7ffd492f33c7 is_exception_typeof
[7] 7ffd70e841b6 RtlCaptureContext2
[8] 7ff6f6c47b17
[9] 7ff6f6c3c712
[10] 7ff6f6c39b3b
[11] 7ff6f6c454dd
[12] 7ff6f6c44633
[13] 7ff6f6c40bbf
[14] 7ff6f6c4af6b
[15] 7ff6f6c271f7
[16] 7ff6f6c2772e
[17] 7ffd6fbdcd87 BaseThreadInitThunk
[18] 7ffd70e0caec RtlUserThreadStart
Caused by: (JsonException) Improper conversion to JsonArray from object
[0] 7ff6f6c2b2a3
[1] 7ff6f6c29fce
[2] 7ff6f6bc4f4a
[3] 7ff6f6bd2382
[4] 7ff6f6c47b17
[5] 7ff6f6c3c712
[6] 7ff6f6c39b3b
[7] 7ff6f6c454dd
[8] 7ff6f6c44633
[9] 7ff6f6c40bbf
[10] 7ff6f6c4af6b
[11] 7ff6f6c271f7
[12] 7ff6f6c2772e
[13] 7ffd6fbdcd87 BaseThreadInitThunk
[14] 7ffd70e0caec RtlUserThreadStart
[Error] Error loading object file /objects/nmm_starbound/forums/chucklefishneonsign/oldchucklefishneon2.object: (AssetException) Error loading asset /objects/nmm_starbound/forums/chucklefishneonsign/oldchucklefishneon2.object
[0] 7ff6f6c2b2a3
[1] 7ff6f6c29fce
[2] 7ff6f6c366ca
[3] 7ff6f6c427c2
[4] 7ff6f6c442b9
[5] 7ff6f6eac254
[6] 7ff6f6f95105
[7] 7ff6f6f99749
[8] 7ff6f6f8bacf
[9] 7ff6f6f8f536
[10] 7ff6f6f8ce99
[11] 7ff6f6f9baa6
[12] 7ff6f6f9a197
[13] 7ff6f6f91e13
[14] 7ff6f6f8fd59
[15] 7ff6f6fa0f32
[16] 7ff6f6f8bd40
[17] 7ff6f6f8f1a9
[18] 7ff6f6f8caac
[19] 7ff6f6f8bdce
[20] 7ff6f6f8b52e
[21] 7ff6f6f9b512
[22] 7ff6f6c2126b
[23] 7ff6f6c22092
[24] 7ff6f6c2772e
[25] 7ffd6fbdcd87 BaseThreadInitThunk
[26] 7ffd70e0caec RtlUserThreadStart
[Error] Exception caught loading asset: /objects/ship/spectwingshiplockerTier0/spectwingshiplockerTier0.object, (AssetException) Could not read JSON asset /objects/ship/spectwingshiplockerTier0/spectwingshiplockerTier0.object
[0] 7ff6f6c2b2a3
[1] 7ff6f6c29fce
[2] 7ff6f6c2a0b8
[3] 7ff6f6c39e20
[4] 7ff6f7359d81
[5] 7ffd4930bb00 _CxxFrameHandler3
[6] 7ffd492f33c7 is_exception_typeof
[7] 7ffd70e841b6 RtlCaptureContext2
[8] 7ff6f6c3c712
[9] 7ff6f6c39b3b
[10] 7ff6f6c454dd
[11] 7ff6f6c44633
[12] 7ff6f6c40bbf
[13] 7ff6f6c4af6b
[14] 7ff6f6c271f7
[15] 7ff6f6c2772e
[16] 7ffd6fbdcd87 BaseThreadInitThunk
[17] 7ffd70e0caec RtlUserThreadStart
Caused by: (JsonParsingException) Cannot parse json file: /objects/ship/spectwingshiplockerTier0/spectwingshiplockerTier0.object
[0] 7ff6f6c2b2a3
[1] 7ff6f6c29fce
[2] 7ff6f6c2a0b8
[3] 7ff6f6c3a980
[4] 7ff6f735b16b
[5] 7ffd4930bb00 _CxxFrameHandler3
[6] 7ffd492f33c7 is_exception_typeof
[7] 7ffd70e841b6 RtlCaptureContext2
[8] 7ff6f6c47b17
[9] 7ff6f6c3c712
[10] 7ff6f6c39b3b
[11] 7ff6f6c454dd
[12] 7ff6f6c44633
[13] 7ff6f6c40bbf
[14] 7ff6f6c4af6b
[15] 7ff6f6c271f7
[16] 7ff6f6c2772e
[17] 7ffd6fbdcd87 BaseThreadInitThunk
[18] 7ffd70e0caec RtlUserThreadStart
Caused by: (JsonException) Improper conversion to JsonArray from object
[0] 7ff6f6c2b2a3
[1] 7ff6f6c29fce
[2] 7ff6f6bc4f4a
[3] 7ff6f6bd2382
[4] 7ff6f6c47b17
[5] 7ff6f6c3c712
[6] 7ff6f6c39b3b
[7] 7ff6f6c454dd
[8] 7ff6f6c44633
[9] 7ff6f6c40bbf
[10] 7ff6f6c4af6b
[11] 7ff6f6c271f7
[12] 7ff6f6c2772e
[13] 7ffd6fbdcd87 BaseThreadInitThunk
[14] 7ffd70e0caec RtlUserThreadStart
[Error] Error loading object file /objects/ship/spectwingshiplockerTier0/spectwingshiplockerTier0.object: (AssetException) Error loading asset /objects/ship/spectwingshiplockerTier0/spectwingshiplockerTier0.object
[0] 7ff6f6c2b2a3
[1] 7ff6f6c29fce
[2] 7ff6f6c366ca
[3] 7ff6f6c427c2
[4] 7ff6f6c442b9
[5] 7ff6f6eac254
[6] 7ff6f6f95105
[7] 7ff6f6f99749
[8] 7ff6f6f8bacf
[9] 7ff6f6f8f536
[10] 7ff6f6f8ce99
[11] 7ff6f6f9baa6
[12] 7ff6f6f9a197
[13] 7ff6f6f91e13
[14] 7ff6f6f8fd59
[15] 7ff6f6fa0f32
[16] 7ff6f6f8bd40
[17] 7ff6f6f8f1a9
[18] 7ff6f6f8caac
[19] 7ff6f6f8bdce
[20] 7ff6f6f8b52e
[21] 7ff6f6f9b512
[22] 7ff6f6c2126b
[23] 7ff6f6c22092
[24] 7ff6f6c2772e
[25] 7ffd6fbdcd87 BaseThreadInitThunk
[26] 7ffd70e0caec RtlUserThreadStart
[Error] Exception caught loading asset: /objects/neki/nekitechstation/nekitechstation.object, (AssetException) Could not read JSON asset /objects/neki/nekitechstation/nekitechstation.object
[0] 7ff6f6c2b2a3
[1] 7ff6f6c29fce
[2] 7ff6f6c2a0b8
[3] 7ff6f6c39e20
[4] 7ff6f7359d81
[5] 7ffd4930bb00 _CxxFrameHandler3
[6] 7ffd492f33c7 is_exception_typeof
[7] 7ffd70e841b6 RtlCaptureContext2
[8] 7ff6f6c3c712
[9] 7ff6f6c39b3b
[10] 7ff6f6c454dd
[11] 7ff6f6c44633
[12] 7ff6f6c40bbf
[13] 7ff6f6c4af6b
[14] 7ff6f6c271f7
[15] 7ff6f6c2772e
[16] 7ffd6fbdcd87 BaseThreadInitThunk
[17] 7ffd70e0caec RtlUserThreadStart
Caused by: (JsonParsingException) Cannot parse json file: /objects/neki/nekitechstation/nekitechstation.object
[0] 7ff6f6c2b2a3
[1] 7ff6f6c29fce
[2] 7ff6f6c2a0b8
[3] 7ff6f6c3a980
[4] 7ff6f735b16b
[5] 7ffd4930bb00 _CxxFrameHandler3
[6] 7ffd492f33c7 is_exception_typeof
[7] 7ffd70e841b6 RtlCaptureContext2
[8] 7ff6f6c47b17
[9] 7ff6f6c3c712
[10] 7ff6f6c39b3b
[11] 7ff6f6c454dd
[12] 7ff6f6c44633
[13] 7ff6f6c40bbf
[14] 7ff6f6c4af6b
[15] 7ff6f6c271f7
[16] 7ff6f6c2772e
[17] 7ffd6fbdcd87 BaseThreadInitThunk
[18] 7ffd70e0caec RtlUserThreadStart
Caused by: (JsonException) Improper conversion to JsonArray from object
[0] 7ff6f6c2b2a3
[1] 7ff6f6c29fce
[2] 7ff6f6bc4f4a
[3] 7ff6f6bd2382
[4] 7ff6f6c47b17
[5] 7ff6f6c3c712
[6] 7ff6f6c39b3b
[7] 7ff6f6c454dd
[8] 7ff6f6c44633
[9] 7ff6f6c40bbf
[10] 7ff6f6c4af6b
[11] 7ff6f6c271f7
[12] 7ff6f6c2772e
[13] 7ffd6fbdcd87 BaseThreadInitThunk
[14] 7ffd70e0caec RtlUserThreadStart
[Error] Error loading object file /objects/neki/nekitechstation/nekitechstation.object: (AssetException) Error loading asset /objects/neki/nekitechstation/nekitechstation.object
[0] 7ff6f6c2b2a3
[1] 7ff6f6c29fce
[2] 7ff6f6c366ca
[3] 7ff6f6c427c2
[4] 7ff6f6c442b9
[5] 7ff6f6eac254
[6] 7ff6f6f95105
[7] 7ff6f6f99749
[8] 7ff6f6f8bacf
[9] 7ff6f6f8f536
[10] 7ff6f6f8ce99
[11] 7ff6f6f9baa6
[12] 7ff6f6f9a197
[13] 7ff6f6f91e13
[14] 7ff6f6f8fd59
[15] 7ff6f6fa0f32
[16] 7ff6f6f8bd40
[17] 7ff6f6f8f1a9
[18] 7ff6f6f8caac
[19] 7ff6f6f8bdce
[20] 7ff6f6f8b52e
[21] 7ff6f6f9b512
[22] 7ff6f6c2126b
[23] 7ff6f6c22092
[24] 7ff6f6c2772e
[25] 7ffd6fbdcd87 BaseThreadInitThunk
[26] 7ffd70e0caec RtlUserThreadStart
[Info] Root: Loaded TreasureDatabase in 6.12062 seconds
[Error] Exception caught loading asset: /objects/ship/trink/trinkshiplockertier0/trinkshiplockertier0.object, (AssetException) Could not read JSON asset /objects/ship/trink/trinkshiplockertier0/trinkshiplockertier0.object
[0] 7ff6f6c2b2a3
[1] 7ff6f6c29fce
[2] 7ff6f6c2a0b8
[3] 7ff6f6c39e20
[4] 7ff6f7359d81
[5] 7ffd4930bb00 _CxxFrameHandler3
[6] 7ffd492f33c7 is_exception_typeof
[7] 7ffd70e841b6 RtlCaptureContext2
[8] 7ff6f6c3c712
[9] 7ff6f6c39b3b
[10] 7ff6f6c454dd
[11] 7ff6f6c44633
[12] 7ff6f6c40bbf
[13] 7ff6f6c4af6b
[14] 7ff6f6c271f7
[15] 7ff6f6c2772e
[16] 7ffd6fbdcd87 BaseThreadInitThunk
[17] 7ffd70e0caec RtlUserThreadStart
Caused by: (JsonParsingException) Cannot parse json file: /objects/ship/trink/trinkshiplockertier0/trinkshiplockertier0.object
[0] 7ff6f6c2b2a3
[1] 7ff6f6c29fce
[2] 7ff6f6c2a0b8
[3] 7ff6f6c3a980
[4] 7ff6f735b16b
[5] 7ffd4930bb00 _CxxFrameHandler3
[6] 7ffd492f33c7 is_exception_typeof
[7] 7ffd70e841b6 RtlCaptureContext2
[8] 7ff6f6c47b17
[9] 7ff6f6c3c712
[10] 7ff6f6c39b3b
[11] 7ff6f6c454dd
[12] 7ff6f6c44633
[13] 7ff6f6c40bbf
[14] 7ff6f6c4af6b
[15] 7ff6f6c271f7
[16] 7ff6f6c2772e
[17] 7ffd6fbdcd87 BaseThreadInitThunk
[18] 7ffd70e0caec RtlUserThreadStart
Caused by: (JsonException) Improper conversion to JsonArray from object
[0] 7ff6f6c2b2a3
[1] 7ff6f6c29fce
[2] 7ff6f6bc4f4a
[3] 7ff6f6bd2382
[4] 7ff6f6c47b17
[5] 7ff6f6c3c712
[6] 7ff6f6c39b3b
[7] 7ff6f6c454dd
[8] 7ff6f6c44633
[9] 7ff6f6c40bbf
[10] 7ff6f6c4af6b
[11] 7ff6f6c271f7
[12] 7ff6f6c2772e
[13] 7ffd6fbdcd87 BaseThreadInitThunk
[14] 7ffd70e0caec RtlUserThreadStart
[Error] Error loading object file /objects/ship/trink/trinkshiplockertier0/trinkshiplockertier0.object: (AssetException) Error loading asset /objects/ship/trink/trinkshiplockertier0/trinkshiplockertier0.object
[0] 7ff6f6c2b2a3
[1] 7ff6f6c29fce
[2] 7ff6f6c366ca
[3] 7ff6f6c427c2
[4] 7ff6f6c442b9
[5] 7ff6f6eac254
[6] 7ff6f6f95105
[7] 7ff6f6f99749
[8] 7ff6f6f8bacf
[9] 7ff6f6f8f536
[10] 7ff6f6f8ce99
[11] 7ff6f6f9baa6
[12] 7ff6f6f9a197
[13] 7ff6f6f91e13
[14] 7ff6f6f8fd59
[15] 7ff6f6fa0f32
[16] 7ff6f6f8bd40
[17] 7ff6f6f8f1a9
[18] 7ff6f6f8caac
[19] 7ff6f6f8bdce
[20] 7ff6f6f8b52e
[21] 7ff6f6f9b512
[22] 7ff6f6c2126b
[23] 7ff6f6c22092
[24] 7ff6f6c2772e
[25] 7ffd6fbdcd87 BaseThreadInitThunk
[26] 7ffd70e0caec RtlUserThreadStart
[Error] Could not apply patch from file /objects/sheilaworkshop/black_furniture/black_titansteelcanister/black_titansteelcanister.object.patch in source: ..\mods\female_translation.pak.  Caused by: (JsonPatchException) Could not apply patch to base. (JsonPatchException) Could not apply operation to base. (JsonException) Cannot call get with key on Json type array, must be Object type
[Error] Exception caught loading asset: /objects/ship/fupeglacishiplocker/shiplocker.object, (AssetException) Could not read JSON asset /objects/ship/fupeglacishiplocker/shiplocker.object
[0] 7ff6f6c2b2a3
[1] 7ff6f6c29fce
[2] 7ff6f6c2a0b8
[3] 7ff6f6c39e20
[4] 7ff6f7359d81
[5] 7ffd4930bb00 _CxxFrameHandler3
[6] 7ffd492f33c7 is_exception_typeof
[7] 7ffd70e841b6 RtlCaptureContext2
[8] 7ff6f6c3c712
[9] 7ff6f6c39b3b
[10] 7ff6f6c454dd
[11] 7ff6f6c44633
[12] 7ff6f6c40bbf
[13] 7ff6f6c4af6b
[14] 7ff6f6c271f7
[15] 7ff6f6c2772e
[16] 7ffd6fbdcd87 BaseThreadInitThunk
[17] 7ffd70e0caec RtlUserThreadStart
Caused by: (JsonParsingException) Cannot parse json file: /objects/ship/fupeglacishiplocker/shiplocker.object
[0] 7ff6f6c2b2a3
[1] 7ff6f6c29fce
[2] 7ff6f6c2a0b8
[3] 7ff6f6c3a980
[4] 7ff6f735b16b
[5] 7ffd4930bb00 _CxxFrameHandler3
[6] 7ffd492f33c7 is_exception_typeof
[7] 7ffd70e841b6 RtlCaptureContext2
[8] 7ff6f6c47b17
[9] 7ff6f6c3c712
[10] 7ff6f6c39b3b
[11] 7ff6f6c454dd
[12] 7ff6f6c44633
[13] 7ff6f6c40bbf
[14] 7ff6f6c4af6b
[15] 7ff6f6c271f7
[16] 7ff6f6c2772e
[17] 7ffd6fbdcd87 BaseThreadInitThunk
[18] 7ffd70e0caec RtlUserThreadStart
Caused by: (JsonException) Improper conversion to JsonArray from object
[0] 7ff6f6c2b2a3
[1] 7ff6f6c29fce
[2] 7ff6f6bc4f4a
[3] 7ff6f6bd2382
[4] 7ff6f6c47b17
[5] 7ff6f6c3c712
[6] 7ff6f6c39b3b
[7] 7ff6f6c454dd
[8] 7ff6f6c44633
[9] 7ff6f6c40bbf
[10] 7ff6f6c4af6b
[11] 7ff6f6c271f7
[12] 7ff6f6c2772e
[13] 7ffd6fbdcd87 BaseThreadInitThunk
[14] 7ffd70e0caec RtlUserThreadStart
[Error] Error loading object file /objects/ship/fupeglacishiplocker/shiplocker.object: (AssetException) Error loading asset /objects/ship/fupeglacishiplocker/shiplocker.object
[0] 7ff6f6c2b2a3
[1] 7ff6f6c29fce
[2] 7ff6f6c366ca
[3] 7ff6f6c427c2
[4] 7ff6f6c442b9
[5] 7ff6f6eac254
[6] 7ff6f6f95105
[7] 7ff6f6f99749
[8] 7ff6f6f8bacf
[9] 7ff6f6f8f536
[10] 7ff6f6f8ce99
[11] 7ff6f6f9baa6
[12] 7ff6f6f9a197
[13] 7ff6f6f91e13
[14] 7ff6f6f8fd59
[15] 7ff6f6fa0f32
[16] 7ff6f6f8bd40
[17] 7ff6f6f8f1a9
[18] 7ff6f6f8caac
[19] 7ff6f6f8bdce
[20] 7ff6f6f8b52e
[21] 7ff6f6f9b512
[22] 7ff6f6c2126b
[23] 7ff6f6c22092
[24] 7ff6f6c2772e
[25] 7ffd6fbdcd87 BaseThreadInitThunk
[26] 7ffd70e0caec RtlUserThreadStart
[Error] Exception caught loading asset: /objects/ship/giltenshiplocker/giltenshiplocker.object, (AssetException) Could not read JSON asset /objects/ship/giltenshiplocker/giltenshiplocker.object
[0] 7ff6f6c2b2a3
[1] 7ff6f6c29fce
[2] 7ff6f6c2a0b8
[3] 7ff6f6c39e20
[4] 7ff6f7359d81
[5] 7ffd4930bb00 _CxxFrameHandler3
[6] 7ffd492f33c7 is_exception_typeof
[7] 7ffd70e841b6 RtlCaptureContext2
[8] 7ff6f6c3c712
[9] 7ff6f6c39b3b
[10] 7ff6f6c454dd
[11] 7ff6f6c44633
[12] 7ff6f6c40bbf
[13] 7ff6f6c4af6b
[14] 7ff6f6c271f7
[15] 7ff6f6c2772e
[16] 7ffd6fbdcd87 BaseThreadInitThunk
[17] 7ffd70e0caec RtlUserThreadStart
Caused by: (JsonParsingException) Cannot parse json file: /objects/ship/giltenshiplocker/giltenshiplocker.object
[0] 7ff6f6c2b2a3
[1] 7ff6f6c29fce
[2] 7ff6f6c2a0b8
[3] 7ff6f6c3a980
[4] 7ff6f735b16b
[5] 7ffd4930bb00 _CxxFrameHandler3
[6] 7ffd492f33c7 is_exception_typeof
[7] 7ffd70e841b6 RtlCaptureContext2
[8] 7ff6f6c47b17
[9] 7ff6f6c3c712
[10] 7ff6f6c39b3b
[11] 7ff6f6c454dd
[12] 7ff6f6c44633
[13] 7ff6f6c40bbf
[14] 7ff6f6c4af6b
[15] 7ff6f6c271f7
[16] 7ff6f6c2772e
[17] 7ffd6fbdcd87 BaseThreadInitThunk
[18] 7ffd70e0caec RtlUserThreadStart
Caused by: (JsonException) Improper conversion to JsonArray from object
[0] 7ff6f6c2b2a3
[1] 7ff6f6c29fce
[2] 7ff6f6bc4f4a
[3] 7ff6f6bd2382
[4] 7ff6f6c47b17
[5] 7ff6f6c3c712
[6] 7ff6f6c39b3b
[7] 7ff6f6c454dd
[8] 7ff6f6c44633
[9] 7ff6f6c40bbf
[10] 7ff6f6c4af6b
[11] 7ff6f6c271f7
[12] 7ff6f6c2772e
[13] 7ffd6fbdcd87 BaseThreadInitThunk
[14] 7ffd70e0caec RtlUserThreadStart
[Error] Error loading object file /objects/ship/giltenshiplocker/giltenshiplocker.object: (AssetException) Error loading asset /objects/ship/giltenshiplocker/giltenshiplocker.object
[0] 7ff6f6c2b2a3
[1] 7ff6f6c29fce
[2] 7ff6f6c366ca
[3] 7ff6f6c427c2
[4] 7ff6f6c442b9
[5] 7ff6f6eac254
[6] 7ff6f6f95105
[7] 7ff6f6f99749
[8] 7ff6f6f8bacf
[9] 7ff6f6f8f536
[10] 7ff6f6f8ce99
[11] 7ff6f6f9baa6
[12] 7ff6f6f9a197
[13] 7ff6f6f91e13
[14] 7ff6f6f8fd59
[15] 7ff6f6fa0f32
[16] 7ff6f6f8bd40
[17] 7ff6f6f8f1a9
[18] 7ff6f6f8caac
[19] 7ff6f6f8bdce
[20] 7ff6f6f8b52e
[21] 7ff6f6f9b512
[22] 7ff6f6c2126b
[23] 7ff6f6c22092
[24] 7ff6f6c2772e
[25] 7ffd6fbdcd87 BaseThreadInitThunk
[26] 7ffd70e0caec RtlUserThreadStart
[Error] Exception caught loading asset: /objects/nmm_starbound/custom/plushies/plushpetricub.object, (AssetException) Could not read JSON asset /objects/nmm_starbound/custom/plushies/plushpetricub.object
[0] 7ff6f6c2b2a3
[1] 7ff6f6c29fce
[2] 7ff6f6c2a0b8
[3] 7ff6f6c39e20
[4] 7ff6f7359d81
[5] 7ffd4930bb00 _CxxFrameHandler3
[6] 7ffd492f33c7 is_exception_typeof
[7] 7ffd70e841b6 RtlCaptureContext2
[8] 7ff6f6c3c712
[9] 7ff6f6c39b3b
[10] 7ff6f6c454dd
[11] 7ff6f6c44633
[12] 7ff6f6c40bbf
[13] 7ff6f6c4af6b
[14] 7ff6f6c271f7
[15] 7ff6f6c2772e
[16] 7ffd6fbdcd87 BaseThreadInitThunk
[17] 7ffd70e0caec RtlUserThreadStart
Caused by: (JsonParsingException) Cannot parse json file: /objects/nmm_starbound/custom/plushies/plushpetricub.object
[0] 7ff6f6c2b2a3
[1] 7ff6f6c29fce
[2] 7ff6f6c2a0b8
[3] 7ff6f6c3a980
[4] 7ff6f735b16b
[5] 7ffd4930bb00 _CxxFrameHandler3
[6] 7ffd492f33c7 is_exception_typeof
[7] 7ffd70e841b6 RtlCaptureContext2
[8] 7ff6f6c47b17
[9] 7ff6f6c3c712
[10] 7ff6f6c39b3b
[11] 7ff6f6c454dd
[12] 7ff6f6c44633
[13] 7ff6f6c40bbf
[14] 7ff6f6c4af6b
[15] 7ff6f6c271f7
[16] 7ff6f6c2772e
[17] 7ffd6fbdcd87 BaseThreadInitThunk
[18] 7ffd70e0caec RtlUserThreadStart
Caused by: (JsonException) Improper conversion to JsonArray from object
[0] 7ff6f6c2b2a3
[1] 7ff6f6c29fce
[2] 7ff6f6bc4f4a
[3] 7ff6f6bd2382
[4] 7ff6f6c47b17
[5] 7ff6f6c3c712
[6] 7ff6f6c39b3b
[7] 7ff6f6c454dd
[8] 7ff6f6c44633
[9] 7ff6f6c40bbf
[10] 7ff6f6c4af6b
[11] 7ff6f6c271f7
[12] 7ff6f6c2772e
[13] 7ffd6fbdcd87 BaseThreadInitThunk
[14] 7ffd70e0caec RtlUserThreadStart
[Error] Error loading object file /objects/nmm_starbound/custom/plushies/plushpetricub.object: (AssetException) Error loading asset /objects/nmm_starbound/custom/plushies/plushpetricub.object
[0] 7ff6f6c2b2a3
[1] 7ff6f6c29fce
[2] 7ff6f6c366ca
[3] 7ff6f6c427c2
[4] 7ff6f6c442b9
[5] 7ff6f6eac254
[6] 7ff6f6f95105
[7] 7ff6f6f99749
[8] 7ff6f6f8bacf
[9] 7ff6f6f8f536
[10] 7ff6f6f8ce99
[11] 7ff6f6f9baa6
[12] 7ff6f6f9a197
[13] 7ff6f6f91e13
[14] 7ff6f6f8fd59
[15] 7ff6f6fa0f32
[16] 7ff6f6f8bd40
[17] 7ff6f6f8f1a9
[18] 7ff6f6f8caac
[19] 7ff6f6f8bdce
[20] 7ff6f6f8b52e
[21] 7ff6f6f9b512
[22] 7ff6f6c2126b
[23] 7ff6f6c22092
[24] 7ff6f6c2772e
[25] 7ffd6fbdcd87 BaseThreadInitThunk
[26] 7ffd70e0caec RtlUserThreadStart
[Error] Could not apply patch from file /objects/sheilaworkshop/black_furniture/black_fullthrottlegrapedrinkobject/black_fullthrottlegrapedrinkobject.object.patch in source: ..\mods\female_translation.pak.  Caused by: (JsonPatchException) Could not apply patch to base. (JsonPatchException) Could not apply operation to base. (JsonException) Cannot call get with key on Json type array, must be Object type
[Error] Exception caught loading asset: /objects/TRADITIONAL/gico_traditional_pot/gico_traditional_pot2.object, (AssetException) Could not read JSON asset /objects/TRADITIONAL/gico_traditional_pot/gico_traditional_pot2.object
[0] 7ff6f6c2b2a3
[1] 7ff6f6c29fce
[2] 7ff6f6c2a0b8
[3] 7ff6f6c39e20
[4] 7ff6f7359d81
[5] 7ffd4930bb00 _CxxFrameHandler3
[6] 7ffd492f33c7 is_exception_typeof
[7] 7ffd70e841b6 RtlCaptureContext2
[8] 7ff6f6c3c712
[9] 7ff6f6c39b3b
[10] 7ff6f6c454dd
[11] 7ff6f6c44633
[12] 7ff6f6c40bbf
[13] 7ff6f6c4af6b
[14] 7ff6f6c271f7
[15] 7ff6f6c2772e
[16] 7ffd6fbdcd87 BaseThreadInitThunk
[17] 7ffd70e0caec RtlUserThreadStart
Caused by: (JsonParsingException) Cannot parse json file: /objects/TRADITIONAL/gico_traditional_pot/gico_traditional_pot2.object
[0] 7ff6f6c2b2a3
[1] 7ff6f6c29fce
[2] 7ff6f6c2a0b8
[3] 7ff6f6c3a980
[4] 7ff6f735b16b
[5] 7ffd4930bb00 _CxxFrameHandler3
[6] 7ffd492f33c7 is_exception_typeof
[7] 7ffd70e841b6 RtlCaptureContext2
[8] 7ff6f6c47b17
[9] 7ff6f6c3c712
[10] 7ff6f6c39b3b
[11] 7ff6f6c454dd
[12] 7ff6f6c44633
[13] 7ff6f6c40bbf
[14] 7ff6f6c4af6b
[15] 7ff6f6c271f7
[16] 7ff6f6c2772e
[17] 7ffd6fbdcd87 BaseThreadInitThunk
[18] 7ffd70e0caec RtlUserThreadStart
Caused by: (JsonException) Improper conversion to JsonArray from object
[0] 7ff6f6c2b2a3
[1] 7ff6f6c29fce
[2] 7ff6f6bc4f4a
[3] 7ff6f6bd2382
[4] 7ff6f6c47b17
[5] 7ff6f6c3c712
[6] 7ff6f6c39b3b
[7] 7ff6f6c454dd
[8] 7ff6f6c44633
[9] 7ff6f6c40bbf
[10] 7ff6f6c4af6b
[11] 7ff6f6c271f7
[12] 7ff6f6c2772e
[13] 7ffd6fbdcd87 BaseThreadInitThunk
[14] 7ffd70e0caec RtlUserThreadStart
[Error] Error loading object file /objects/TRADITIONAL/gico_traditional_pot/gico_traditional_pot2.object: (AssetException) Error loading asset /objects/TRADITIONAL/gico_traditional_pot/gico_traditional_pot2.object
[0] 7ff6f6c2b2a3
[1] 7ff6f6c29fce
[2] 7ff6f6c366ca
[3] 7ff6f6c427c2
[4] 7ff6f6c442b9
[5] 7ff6f6eac254
[6] 7ff6f6f95105
[7] 7ff6f6f99749
[8] 7ff6f6f8bacf
[9] 7ff6f6f8f536
[10] 7ff6f6f8ce99
[11] 7ff6f6f9baa6
[12] 7ff6f6f9a197
[13] 7ff6f6f91e13
[14] 7ff6f6f8fd59
[15] 7ff6f6fa0f32
[16] 7ff6f6f8bd40
[17] 7ff6f6f8f1a9
[18] 7ff6f6f8caac
[19] 7ff6f6f8bdce
[20] 7ff6f6f8b52e
[21] 7ff6f6f9b512
[22] 7ff6f6c2126b
[23] 7ff6f6c22092
[24] 7ff6f6c2772e
[25] 7ffd6fbdcd87 BaseThreadInitThunk
[26] 7ffd70e0caec RtlUserThreadStart
[Error] Exception caught loading asset: /objects/ship/lustlingshiplocker/lustlingshiplocker.object, (AssetException) Could not read JSON asset /objects/ship/lustlingshiplocker/lustlingshiplocker.object
[0] 7ff6f6c2b2a3
[1] 7ff6f6c29fce
[2] 7ff6f6c2a0b8
[3] 7ff6f6c39e20
[4] 7ff6f7359d81
[5] 7ffd4930bb00 _CxxFrameHandler3
[6] 7ffd492f33c7 is_exception_typeof
[7] 7ffd70e841b6 RtlCaptureContext2
[8] 7ff6f6c3c712
[9] 7ff6f6c39b3b
[10] 7ff6f6c454dd
[11] 7ff6f6c44633
[12] 7ff6f6c40bbf
[13] 7ff6f6c4af6b
[14] 7ff6f6c271f7
[15] 7ff6f6c2772e
[16] 7ffd6fbdcd87 BaseThreadInitThunk
[17] 7ffd70e0caec RtlUserThreadStart
Caused by: (JsonParsingException) Cannot parse json file: /objects/ship/lustlingshiplocker/lustlingshiplocker.object
[0] 7ff6f6c2b2a3
[1] 7ff6f6c29fce
[2] 7ff6f6c2a0b8
[3] 7ff6f6c3a980
[4] 7ff6f735b16b
[5] 7ffd4930bb00 _CxxFrameHandler3
[6] 7ffd492f33c7 is_exception_typeof
[7] 7ffd70e841b6 RtlCaptureContext2
[8] 7ff6f6c47b17
[9] 7ff6f6c3c712
[10] 7ff6f6c39b3b
[11] 7ff6f6c454dd
[12] 7ff6f6c44633
[13] 7ff6f6c40bbf
[14] 7ff6f6c4af6b
[15] 7ff6f6c271f7
[16] 7ff6f6c2772e
[17] 7ffd6fbdcd87 BaseThreadInitThunk
[18] 7ffd70e0caec RtlUserThreadStart
Caused by: (JsonException) Improper conversion to JsonArray from object
[0] 7ff6f6c2b2a3
[1] 7ff6f6c29fce
[2] 7ff6f6bc4f4a
[3] 7ff6f6bd2382
[4] 7ff6f6c47b17
[5] 7ff6f6c3c712
[6] 7ff6f6c39b3b
[7] 7ff6f6c454dd
[8] 7ff6f6c44633
[9] 7ff6f6c40bbf
[10] 7ff6f6c4af6b
[11] 7ff6f6c271f7
[12] 7ff6f6c2772e
[13] 7ffd6fbdcd87 BaseThreadInitThunk
[14] 7ffd70e0caec RtlUserThreadStart
[Error] Error loading object file /objects/ship/lustlingshiplocker/lustlingshiplocker.object: (AssetException) Error loading asset /objects/ship/lustlingshiplocker/lustlingshiplocker.object
[0] 7ff6f6c2b2a3
[1] 7ff6f6c29fce
[2] 7ff6f6c366ca
[3] 7ff6f6c427c2
[4] 7ff6f6c442b9
[5] 7ff6f6eac254
[6] 7ff6f6f95105
[7] 7ff6f6f99749
[8] 7ff6f6f8bacf
[9] 7ff6f6f8f536
[10] 7ff6f6f8ce99
[11] 7ff6f6f9baa6
[12] 7ff6f6f9a197
[13] 7ff6f6f91e13
[14] 7ff6f6f8fd59
[15] 7ff6f6fa0f32
[16] 7ff6f6f8bd40
[17] 7ff6f6f8f1a9
[18] 7ff6f6f8caac
[19] 7ff6f6f8bdce
[20] 7ff6f6f8b52e
[21] 7ff6f6f9b512
[22] 7ff6f6c2126b
[23] 7ff6f6c22092
[24] 7ff6f6c2772e
[25] 7ffd6fbdcd87 BaseThreadInitThunk
[26] 7ffd70e0caec RtlUserThreadStart
[Error] Exception caught loading asset: /objects/ship/hayatetechstation/hayatetechstation.object, (AssetException) Could not read JSON asset /objects/ship/hayatetechstation/hayatetechstation.object
[0] 7ff6f6c2b2a3
[1] 7ff6f6c29fce
[2] 7ff6f6c2a0b8
[3] 7ff6f6c39e20
[4] 7ff6f7359d81
[5] 7ffd4930bb00 _CxxFrameHandler3
[6] 7ffd492f33c7 is_exception_typeof
[7] 7ffd70e841b6 RtlCaptureContext2
[8] 7ff6f6c3c712
[9] 7ff6f6c39b3b
[10] 7ff6f6c454dd
[11] 7ff6f6c44633
[12] 7ff6f6c40bbf
[13] 7ff6f6c4af6b
[14] 7ff6f6c271f7
[15] 7ff6f6c2772e
[16] 7ffd6fbdcd87 BaseThreadInitThunk
[17] 7ffd70e0caec RtlUserThreadStart
Caused by: (JsonParsingException) Cannot parse json file: /objects/ship/hayatetechstation/hayatetechstation.object
[0] 7ff6f6c2b2a3
[1] 7ff6f6c29fce
[2] 7ff6f6c2a0b8
[3] 7ff6f6c3a980
[4] 7ff6f735b16b
[5] 7ffd4930bb00 _CxxFrameHandler3
[6] 7ffd492f33c7 is_exception_typeof
[7] 7ffd70e841b6 RtlCaptureContext2
[8] 7ff6f6c47b17
[9] 7ff6f6c3c712
[10] 7ff6f6c39b3b
[11] 7ff6f6c454dd
[12] 7ff6f6c44633
[13] 7ff6f6c40bbf
[14] 7ff6f6c4af6b
[15] 7ff6f6c271f7
[16] 7ff6f6c2772e
[17] 7ffd6fbdcd87 BaseThreadInitThunk
[18] 7ffd70e0caec RtlUserThreadStart
Caused by: (JsonException) Improper conversion to JsonArray from object
[0] 7ff6f6c2b2a3
[1] 7ff6f6c29fce
[2] 7ff6f6bc4f4a
[3] 7ff6f6bd2382
[4] 7ff6f6c47b17
[5] 7ff6f6c3c712
[6] 7ff6f6c39b3b
[7] 7ff6f6c454dd
[8] 7ff6f6c44633
[9] 7ff6f6c40bbf
[10] 7ff6f6c4af6b
[11] 7ff6f6c271f7
[12] 7ff6f6c2772e
[13] 7ffd6fbdcd87 BaseThreadInitThunk
[14] 7ffd70e0caec RtlUserThreadStart
[Error] Error loading object file /objects/ship/hayatetechstation/hayatetechstation.object: (AssetException) Error loading asset /objects/ship/hayatetechstation/hayatetechstation.object
[0] 7ff6f6c2b2a3
[1] 7ff6f6c29fce
[2] 7ff6f6c366ca
[3] 7ff6f6c427c2
[4] 7ff6f6c442b9
[5] 7ff6f6eac254
[6] 7ff6f6f95105
[7] 7ff6f6f99749
[8] 7ff6f6f8bacf
[9] 7ff6f6f8f536
[10] 7ff6f6f8ce99
[11] 7ff6f6f9baa6
[12] 7ff6f6f9a197
[13] 7ff6f6f91e13
[14] 7ff6f6f8fd59
[15] 7ff6f6fa0f32
[16] 7ff6f6f8bd40
[17] 7ff6f6f8f1a9
[18] 7ff6f6f8caac
[19] 7ff6f6f8bdce
[20] 7ff6f6f8b52e
[21] 7ff6f6f9b512
[22] 7ff6f6c2126b
[23] 7ff6f6c22092
[24] 7ff6f6c2772e
[25] 7ffd6fbdcd87 BaseThreadInitThunk
[26] 7ffd70e0caec RtlUserThreadStart
[Error] Exception caught loading asset: /objects/EXPLORATION/esc_exp_yf_ammobox/esc_exp_yf_ammobox_active.object, (AssetException) Could not read JSON asset /objects/EXPLORATION/esc_exp_yf_ammobox/esc_exp_yf_ammobox_active.object
[0] 7ff6f6c2b2a3
[1] 7ff6f6c29fce
[2] 7ff6f6c2a0b8
[3] 7ff6f6c39e20
[4] 7ff6f7359d81
[5] 7ffd4930bb00 _CxxFrameHandler3
[6] 7ffd492f33c7 is_exception_typeof
[7] 7ffd70e841b6 RtlCaptureContext2
[8] 7ff6f6c3c712
[9] 7ff6f6c39b3b
[10] 7ff6f6c454dd
[11] 7ff6f6c44633
[12] 7ff6f6c40bbf
[13] 7ff6f6c4af6b
[14] 7ff6f6c271f7
[15] 7ff6f6c2772e
[16] 7ffd6fbdcd87 BaseThreadInitThunk
[17] 7ffd70e0caec RtlUserThreadStart
Caused by: (JsonParsingException) Cannot parse json file: /objects/EXPLORATION/esc_exp_yf_ammobox/esc_exp_yf_ammobox_active.object
[0] 7ff6f6c2b2a3
[1] 7ff6f6c29fce
[2] 7ff6f6c2a0b8
[3] 7ff6f6c3a980
[4] 7ff6f735b16b
[5] 7ffd4930bb00 _CxxFrameHandler3
[6] 7ffd492f33c7 is_exception_typeof
[7] 7ffd70e841b6 RtlCaptureContext2
[8] 7ff6f6c47b17
[9] 7ff6f6c3c712
[10] 7ff6f6c39b3b
[11] 7ff6f6c454dd
[12] 7ff6f6c44633
[13] 7ff6f6c40bbf
[14] 7ff6f6c4af6b
[15] 7ff6f6c271f7
[16] 7ff6f6c2772e
[17] 7ffd6fbdcd87 BaseThreadInitThunk
[18] 7ffd70e0caec RtlUserThreadStart
Caused by: (JsonException) Improper conversion to JsonArray from object
[0] 7ff6f6c2b2a3
[1] 7ff6f6c29fce
[2] 7ff6f6bc4f4a
[3] 7ff6f6bd2382
[4] 7ff6f6c47b17
[5] 7ff6f6c3c712
[6] 7ff6f6c39b3b
[7] 7ff6f6c454dd
[8] 7ff6f6c44633
[9] 7ff6f6c40bbf
[10] 7ff6f6c4af6b
[11] 7ff6f6c271f7
[12] 7ff6f6c2772e
[13] 7ffd6fbdcd87 BaseThreadInitThunk
[14] 7ffd70e0caec RtlUserThreadStart
[Error] Error loading object file /objects/EXPLORATION/esc_exp_yf_ammobox/esc_exp_yf_ammobox_active.object: (AssetException) Error loading asset /objects/EXPLORATION/esc_exp_yf_ammobox/esc_exp_yf_ammobox_active.object
[0] 7ff6f6c2b2a3
[1] 7ff6f6c29fce
[2] 7ff6f6c366ca
[3] 7ff6f6c427c2
[4] 7ff6f6c442b9
[5] 7ff6f6eac254
[6] 7ff6f6f95105
[7] 7ff6f6f99749
[8] 7ff6f6f8bacf
[9] 7ff6f6f8f536
[10] 7ff6f6f8ce99
[11] 7ff6f6f9baa6
[12] 7ff6f6f9a197
[13] 7ff6f6f91e13
[14] 7ff6f6f8fd59
[15] 7ff6f6fa0f32
[16] 7ff6f6f8bd40
[17] 7ff6f6f8f1a9
[18] 7ff6f6f8caac
[19] 7ff6f6f8bdce
[20] 7ff6f6f8b52e
[21] 7ff6f6f9b512
[22] 7ff6f6c2126b
[23] 7ff6f6c22092
[24] 7ff6f6c2772e
[25] 7ffd6fbdcd87 BaseThreadInitThunk
[26] 7ffd70e0caec RtlUserThreadStart
[Error] Exception caught loading asset: /objects/ship/fupeglacicaptainschair/captainschair.object, (AssetException) Could not read JSON asset /objects/ship/fupeglacicaptainschair/captainschair.object
[0] 7ff6f6c2b2a3
[1] 7ff6f6c29fce
[2] 7ff6f6c2a0b8
[3] 7ff6f6c39e20
[4] 7ff6f7359d81
[5] 7ffd4930bb00 _CxxFrameHandler3
[6] 7ffd492f33c7 is_exception_typeof
[7] 7ffd70e841b6 RtlCaptureContext2
[8] 7ff6f6c3c712
[9] 7ff6f6c39b3b
[10] 7ff6f6c454dd
[11] 7ff6f6c44633
[12] 7ff6f6c40bbf
[13] 7ff6f6c4af6b
[14] 7ff6f6c271f7
[15] 7ff6f6c2772e
[16] 7ffd6fbdcd87 BaseThreadInitThunk
[17] 7ffd70e0caec RtlUserThreadStart
Caused by: (JsonParsingException) Cannot parse json file: /objects/ship/fupeglacicaptainschair/captainschair.object
[0] 7ff6f6c2b2a3
[1] 7ff6f6c29fce
[2] 7ff6f6c2a0b8
[3] 7ff6f6c3a980
[4] 7ff6f735b16b
[5] 7ffd4930bb00 _CxxFrameHandler3
[6] 7ffd492f33c7 is_exception_typeof
[7] 7ffd70e841b6 RtlCaptureContext2
[8] 7ff6f6c47b17
[9] 7ff6f6c3c712
[10] 7ff6f6c39b3b
[11] 7ff6f6c454dd
[12] 7ff6f6c44633
[13] 7ff6f6c40bbf
[14] 7ff6f6c4af6b
[15] 7ff6f6c271f7
[16] 7ff6f6c2772e
[17] 7ffd6fbdcd87 BaseThreadInitThunk
[18] 7ffd70e0caec RtlUserThreadStart
Caused by: (JsonException) Improper conversion to JsonArray from object
[0] 7ff6f6c2b2a3
[1] 7ff6f6c29fce
[2] 7ff6f6bc4f4a
[3] 7ff6f6bd2382
[4] 7ff6f6c47b17
[5] 7ff6f6c3c712
[6] 7ff6f6c39b3b
[7] 7ff6f6c454dd
[8] 7ff6f6c44633
[9] 7ff6f6c40bbf
[10] 7ff6f6c4af6b
[11] 7ff6f6c271f7
[12] 7ff6f6c2772e
[13] 7ffd6fbdcd87 BaseThreadInitThunk
[14] 7ffd70e0caec RtlUserThreadStart
[Error] Error loading object file /objects/ship/fupeglacicaptainschair/captainschair.object: (AssetException) Error loading asset /objects/ship/fupeglacicaptainschair/captainschair.object
[0] 7ff6f6c2b2a3
[1] 7ff6f6c29fce
[2] 7ff6f6c366ca
[3] 7ff6f6c427c2
[4] 7ff6f6c442b9
[5] 7ff6f6eac254
[6] 7ff6f6f95105
[7] 7ff6f6f99749
[8] 7ff6f6f8bacf
[9] 7ff6f6f8f536
[10] 7ff6f6f8ce99
[11] 7ff6f6f9baa6
[12] 7ff6f6f9a197
[13] 7ff6f6f91e13
[14] 7ff6f6f8fd59
[15] 7ff6f6fa0f32
[16] 7ff6f6f8bd40
[17] 7ff6f6f8f1a9
[18] 7ff6f6f8caac
[19] 7ff6f6f8bdce
[20] 7ff6f6f8b52e
[21] 7ff6f6f9b512
[22] 7ff6f6c2126b
[23] 7ff6f6c22092
[24] 7ff6f6c2772e
[25] 7ffd6fbdcd87 BaseThreadInitThunk
[26] 7ffd70e0caec RtlUserThreadStart
[Error] Could not apply patch from file /objects/SPACE/gic_exhaust/gic_exhaust.object.patch in source: ..\mods\female_translation.pak.  Caused by: (JsonPatchException) Could not apply patch to base. (JsonPatchException) Could not apply operation to base. (JsonException) Cannot call get with key on Json type array, must be Object type
[Error] Exception caught loading asset: /objects/ship/fu_sciencetechstationhuman/fu_sciencetechstation.object, (AssetException) Could not read JSON asset /objects/ship/fu_sciencetechstationhuman/fu_sciencetechstation.object
[0] 7ff6f6c2b2a3
[1] 7ff6f6c29fce
[2] 7ff6f6c2a0b8
[3] 7ff6f6c39e20
[4] 7ff6f7359d81
[5] 7ffd4930bb00 _CxxFrameHandler3
[6] 7ffd492f33c7 is_exception_typeof
[7] 7ffd70e841b6 RtlCaptureContext2
[8] 7ff6f6c3c712
[9] 7ff6f6c39b3b
[10] 7ff6f6c454dd
[11] 7ff6f6c44633
[12] 7ff6f6c40bbf
[13] 7ff6f6c4af6b
[14] 7ff6f6c271f7
[15] 7ff6f6c2772e
[16] 7ffd6fbdcd87 BaseThreadInitThunk
[17] 7ffd70e0caec RtlUserThreadStart
Caused by: (JsonParsingException) Cannot parse json file: /objects/ship/fu_sciencetechstationhuman/fu_sciencetechstation.object
[0] 7ff6f6c2b2a3
[1] 7ff6f6c29fce
[2] 7ff6f6c2a0b8
[3] 7ff6f6c3a980
[4] 7ff6f735b16b
[5] 7ffd4930bb00 _CxxFrameHandler3
[6] 7ffd492f33c7 is_exception_typeof
[7] 7ffd70e841b6 RtlCaptureContext2
[8] 7ff6f6c47b17
[9] 7ff6f6c3c712
[10] 7ff6f6c39b3b
[11] 7ff6f6c454dd
[12] 7ff6f6c44633
[13] 7ff6f6c40bbf
[14] 7ff6f6c4af6b
[15] 7ff6f6c271f7
[16] 7ff6f6c2772e
[17] 7ffd6fbdcd87 BaseThreadInitThunk
[18] 7ffd70e0caec RtlUserThreadStart
Caused by: (JsonException) Improper conversion to JsonArray from object
[0] 7ff6f6c2b2a3
[1] 7ff6f6c29fce
[2] 7ff6f6bc4f4a
[3] 7ff6f6bd2382
[4] 7ff6f6c47b17
[5] 7ff6f6c3c712
[6] 7ff6f6c39b3b
[7] 7ff6f6c454dd
[8] 7ff6f6c44633
[9] 7ff6f6c40bbf
[10] 7ff6f6c4af6b
[11] 7ff6f6c271f7
[12] 7ff6f6c2772e
[13] 7ffd6fbdcd87 BaseThreadInitThunk
[14] 7ffd70e0caec RtlUserThreadStart
[Error] Error loading object file /objects/ship/fu_sciencetechstationhuman/fu_sciencetechstation.object: (AssetException) Error loading asset /objects/ship/fu_sciencetechstationhuman/fu_sciencetechstation.object
[0] 7ff6f6c2b2a3
[1] 7ff6f6c29fce
[2] 7ff6f6c366ca
[3] 7ff6f6c427c2
[4] 7ff6f6c442b9
[5] 7ff6f6eac254
[6] 7ff6f6f95105
[7] 7ff6f6f99749
[8] 7ff6f6f8bacf
[9] 7ff6f6f8f536
[10] 7ff6f6f8ce99
[11] 7ff6f6f9baa6
[12] 7ff6f6f9a197
[13] 7ff6f6f91e13
[14] 7ff6f6f8fd59
[15] 7ff6f6fa0f32
[16] 7ff6f6f8bd40
[17] 7ff6f6f8f1a9
[18] 7ff6f6f8caac
[19] 7ff6f6f8bdce
[20] 7ff6f6f8b52e
[21] 7ff6f6f9b512
[22] 7ff6f6c2126b
[23] 7ff6f6c22092
[24] 7ff6f6c2772e
[25] 7ffd6fbdcd87 BaseThreadInitThunk
[26] 7ffd70e0caec RtlUserThreadStart
[Error] Could not apply patch from file /objects/STATIC_VEHICLES/gic_wreckedcar1/gic_wreckedcar1.object.patch in source: ..\mods\female_translation.pak.  Caused by: (JsonPatchException) Could not apply patch to base. (JsonPatchException) Could not apply operation to base. (JsonException) Cannot call get with key on Json type array, must be Object type
[Error] Could not apply patch from file /objects/STATIC_VEHICLES/gic_minecartwheels/gic_minecartwheels.object.patch in source: ..\mods\female_translation.pak.  Caused by: (JsonPatchException) Could not apply patch to base. (JsonPatchException) Could not apply operation to base. (JsonException) Cannot call get with key on Json type array, must be Object type
[Error] Could not apply patch from file /objects/sheilaworkshop/black_furniture/black_blackarmorybannertop/black_blackarmorybannertop.object.patch in source: ..\mods\female_translation.pak.  Caused by: (JsonPatchException) Could not apply patch to base. (JsonPatchException) Could not apply operation to base. (JsonException) Cannot call get with key on Json type array, must be Object type
[Error] Exception caught loading asset: /objects/ship/spectwingtechstation/spectwingtechstation.object, (AssetException) Could not read JSON asset /objects/ship/spectwingtechstation/spectwingtechstation.object
[0] 7ff6f6c2b2a3
[1] 7ff6f6c29fce
[2] 7ff6f6c2a0b8
[3] 7ff6f6c39e20
[4] 7ff6f7359d81
[5] 7ffd4930bb00 _CxxFrameHandler3
[6] 7ffd492f33c7 is_exception_typeof
[7] 7ffd70e841b6 RtlCaptureContext2
[8] 7ff6f6c3c712
[9] 7ff6f6c39b3b
[10] 7ff6f6c454dd
[11] 7ff6f6c44633
[12] 7ff6f6c40bbf
[13] 7ff6f6c4af6b
[14] 7ff6f6c271f7
[15] 7ff6f6c2772e
[16] 7ffd6fbdcd87 BaseThreadInitThunk
[17] 7ffd70e0caec RtlUserThreadStart
Caused by: (JsonParsingException) Cannot parse json file: /objects/ship/spectwingtechstation/spectwingtechstation.object
[0] 7ff6f6c2b2a3
[1] 7ff6f6c29fce
[2] 7ff6f6c2a0b8
[3] 7ff6f6c3a980
[4] 7ff6f735b16b
[5] 7ffd4930bb00 _CxxFrameHandler3
[6] 7ffd492f33c7 is_exception_typeof
[7] 7ffd70e841b6 RtlCaptureContext2
[8] 7ff6f6c47b17
[9] 7ff6f6c3c712
[10] 7ff6f6c39b3b
[11] 7ff6f6c454dd
[12] 7ff6f6c44633
[13] 7ff6f6c40bbf
[14] 7ff6f6c4af6b
[15] 7ff6f6c271f7
[16] 7ff6f6c2772e
[17] 7ffd6fbdcd87 BaseThreadInitThunk
[18] 7ffd70e0caec RtlUserThreadStart
Caused by: (JsonException) Improper conversion to JsonArray from object
[0] 7ff6f6c2b2a3
[1] 7ff6f6c29fce
[2] 7ff6f6bc4f4a
[3] 7ff6f6bd2382
[4] 7ff6f6c47b17
[5] 7ff6f6c3c712
[6] 7ff6f6c39b3b
[7] 7ff6f6c454dd
[8] 7ff6f6c44633
[9] 7ff6f6c40bbf
[10] 7ff6f6c4af6b
[11] 7ff6f6c271f7
[12] 7ff6f6c2772e
[13] 7ffd6fbdcd87 BaseThreadInitThunk
[14] 7ffd70e0caec RtlUserThreadStart
[Error] Error loading object file /objects/ship/spectwingtechstation/spectwingtechstation.object: (AssetException) Error loading asset /objects/ship/spectwingtechstation/spectwingtechstation.object
[0] 7ff6f6c2b2a3
[1] 7ff6f6c29fce
[2] 7ff6f6c366ca
[3] 7ff6f6c427c2
[4] 7ff6f6c442b9
[5] 7ff6f6eac254
[6] 7ff6f6f95105
[7] 7ff6f6f99749
[8] 7ff6f6f8bacf
[9] 7ff6f6f8f536
[10] 7ff6f6f8ce99
[11] 7ff6f6f9baa6
[12] 7ff6f6f9a197
[13] 7ff6f6f91e13
[14] 7ff6f6f8fd59
[15] 7ff6f6fa0f32
[16] 7ff6f6f8bd40
[17] 7ff6f6f8f1a9
[18] 7ff6f6f8caac
[19] 7ff6f6f8bdce
[20] 7ff6f6f8b52e
[21] 7ff6f6f9b512
[22] 7ff6f6c2126b
[23] 7ff6f6c22092
[24] 7ff6f6c2772e
[25] 7ffd6fbdcd87 BaseThreadInitThunk
[26] 7ffd70e0caec RtlUserThreadStart
[Error] Could not apply patch from file /objects/MILITARY/gic_navybunk/gic_navybunk.object.patch in source: ..\mods\female_translation.pak.  Caused by: (JsonPatchException) Could not apply patch to base. (JsonPatchException) Could not apply operation to base. (JsonException) Cannot call get with key on Json type array, must be Object type
[Error] Exception caught loading asset: /objects/decor/ccccc_potter/Glass/B/GlassLampB.object, (AssetException) Could not read JSON asset /objects/decor/ccccc_potter/Glass/B/GlassLampB.object
[0] 7ff6f6c2b2a3
[1] 7ff6f6c29fce
[2] 7ff6f6c2a0b8
[3] 7ff6f6c39e20
[4] 7ff6f7359d81
[5] 7ffd4930bb00 _CxxFrameHandler3
[6] 7ffd492f33c7 is_exception_typeof
[7] 7ffd70e841b6 RtlCaptureContext2
[8] 7ff6f6c3c712
[9] 7ff6f6c39b3b
[10] 7ff6f6c454dd
[11] 7ff6f6c44633
[12] 7ff6f6c40bbf
[13] 7ff6f6c4af6b
[14] 7ff6f6c271f7
[15] 7ff6f6c2772e
[16] 7ffd6fbdcd87 BaseThreadInitThunk
[17] 7ffd70e0caec RtlUserThreadStart
Caused by: (JsonParsingException) Cannot parse json file: /objects/decor/ccccc_potter/Glass/B/GlassLampB.object
[0] 7ff6f6c2b2a3
[1] 7ff6f6c29fce
[2] 7ff6f6c2a0b8
[3] 7ff6f6c3a980
[4] 7ff6f735b16b
[5] 7ffd4930bb00 _CxxFrameHandler3
[6] 7ffd492f33c7 is_exception_typeof
[7] 7ffd70e841b6 RtlCaptureContext2
[8] 7ff6f6c47b17
[9] 7ff6f6c3c712
[10] 7ff6f6c39b3b
[11] 7ff6f6c454dd
[12] 7ff6f6c44633
[13] 7ff6f6c40bbf
[14] 7ff6f6c4af6b
[15] 7ff6f6c271f7
[16] 7ff6f6c2772e
[17] 7ffd6fbdcd87 BaseThreadInitThunk
[18] 7ffd70e0caec RtlUserThreadStart
Caused by: (JsonException) Improper conversion to JsonArray from object
[0] 7ff6f6c2b2a3
[1] 7ff6f6c29fce
[2] 7ff6f6bc4f4a
[3] 7ff6f6bd2382
[4] 7ff6f6c47b17
[5] 7ff6f6c3c712
[6] 7ff6f6c39b3b
[7] 7ff6f6c454dd
[8] 7ff6f6c44633
[9] 7ff6f6c40bbf
[10] 7ff6f6c4af6b
[11] 7ff6f6c271f7
[12] 7ff6f6c2772e
[13] 7ffd6fbdcd87 BaseThreadInitThunk
[14] 7ffd70e0caec RtlUserThreadStart
[Error] Error loading object file /objects/decor/ccccc_potter/Glass/B/GlassLampB.object: (AssetException) Error loading asset /objects/decor/ccccc_potter/Glass/B/GlassLampB.object
[0] 7ff6f6c2b2a3
[1] 7ff6f6c29fce
[2] 7ff6f6c366ca
[3] 7ff6f6c427c2
[4] 7ff6f6c442b9
[5] 7ff6f6eac254
[6] 7ff6f6f95105
[7] 7ff6f6f99749
[8] 7ff6f6f8bacf
[9] 7ff6f6f8f536
[10] 7ff6f6f8ce99
[11] 7ff6f6f9baa6
[12] 7ff6f6f9a197
[13] 7ff6f6f91e13
[14] 7ff6f6f8fd59
[15] 7ff6f6fa0f32
[16] 7ff6f6f8bd40
[17] 7ff6f6f8f1a9
[18] 7ff6f6f8caac
[19] 7ff6f6f8bdce
[20] 7ff6f6f8b52e
[21] 7ff6f6f9b512
[22] 7ff6f6c2126b
[23] 7ff6f6c22092
[24] 7ff6f6c2772e
[25] 7ffd6fbdcd87 BaseThreadInitThunk
[26] 7ffd70e0caec RtlUserThreadStart
[Info] Root: Loaded DungeonDefinitions in 1.25629 seconds
[Info] Root: Loaded TilesetDatabase in 3.05e-05 seconds
[Info] Root: Loaded StatisticsDatabase in 0.0030515 seconds
[Info] Root: Loaded EmoteProcessor in 6.25e-05 seconds
[Error] Could not apply patch from file /objects/SPACE/gic_spacestationwallcabinet2/gic_spacestationwallcabinet2.object.patch in source: ..\mods\female_translation.pak.  Caused by: (JsonPatchException) Could not apply patch to base. (JsonPatchException) Could not apply operation to base. (JsonException) Cannot call get with key on Json type array, must be Object type
[Error] Exception caught loading asset: /humanoid.config, (AssetException) Could not read JSON asset /humanoid.config
[0] 7ff6f6c2b2a3
[1] 7ff6f6c29fce
[2] 7ff6f6c2a0b8
[3] 7ff6f6c39e20
[4] 7ff6f7359d81
[5] 7ffd4930bb00 _CxxFrameHandler3
[6] 7ffd492f33c7 is_exception_typeof
[7] 7ffd70e841b6 RtlCaptureContext2
[8] 7ff6f6c3c712
[9] 7ff6f6c39b3b
[10] 7ff6f6c454dd
[11] 7ff6f6c44633
[12] 7ff6f6c40bbf
[13] 7ff6f6c426fb
[14] 7ff6f6c442b9
[15] 7ff6f6fd84a1
[16] 7ff6f6fd5777
[17] 7ff6f6fd4ac0
[18] 7ff6f6fd4bec
[19] 7ff6f6f956a5
[20] 7ff6f6f99689
[21] 7ff6f6f8ba0f
[22] 7ff6f6f8f4b6
[23] 7ff6f6f8d049
[24] 7ff6f6f9b9e6
[25] 7ff6f6f9a197
[26] 7ff6f6f929e3
[27] 7ff6f6f90029
[28] 7ff6f6fa3422
[29] 7ff6f6f8bd40
[30] 7ff6f6f8f1a9
[31] 7ff6f6f8caac
[32] 7ff6f6f8bdce
[33] 7ff6f6f8b52e
[34] 7ff6f6f9b512
[35] 7ff6f6c2126b
[36] 7ff6f6c22092
[37] 7ff6f6c2772e
[38] 7ffd6fbdcd87 BaseThreadInitThunk
[39] 7ffd70e0caec RtlUserThreadStart
Caused by: (JsonParsingException) Cannot parse json file: /humanoid.config
[0] 7ff6f6c2b2a3
[1] 7ff6f6c29fce
[2] 7ff6f6c2a0b8
[3] 7ff6f6c3a980
[4] 7ff6f735b16b
[5] 7ffd4930bb00 _CxxFrameHandler3
[6] 7ffd492f33c7 is_exception_typeof
[7] 7ffd70e841b6 RtlCaptureContext2
[8] 7ff6f6c47a07
[9] 7ff6f6c3c712
[10] 7ff6f6c39b3b
[11] 7ff6f6c454dd
[12] 7ff6f6c44633
[13] 7ff6f6c40bbf
[14] 7ff6f6c426fb
[15] 7ff6f6c442b9
[16] 7ff6f6fd84a1
[17] 7ff6f6fd5777
[18] 7ff6f6fd4ac0
[19] 7ff6f6fd4bec
[20] 7ff6f6f956a5
[21] 7ff6f6f99689
[22] 7ff6f6f8ba0f
[23] 7ff6f6f8f4b6
[24] 7ff6f6f8d049
[25] 7ff6f6f9b9e6
[26] 7ff6f6f9a197
[27] 7ff6f6f929e3
[28] 7ff6f6f90029
[29] 7ff6f6fa3422
[30] 7ff6f6f8bd40
[31] 7ff6f6f8f1a9
[32] 7ff6f6f8caac
[33] 7ff6f6f8bdce
[34] 7ff6f6f8b52e
[35] 7ff6f6f9b512
[36] 7ff6f6c2126b
[37] 7ff6f6c22092
[38] 7ff6f6c2772e
[39] 7ffd6fbdcd87 BaseThreadInitThunk
[40] 7ffd70e0caec RtlUserThreadStart
Caused by: (JsonException) Improper conversion to JsonArray from object
[0] 7ff6f6c2b2a3
[1] 7ff6f6c29fce
[2] 7ff6f6bc4f4a
[3] 7ff6f6bd2382
[4] 7ff6f6c47a07
[5] 7ff6f6c3c712
[6] 7ff6f6c39b3b
[7] 7ff6f6c454dd
[8] 7ff6f6c44633
[9] 7ff6f6c40bbf
[10] 7ff6f6c426fb
[11] 7ff6f6c442b9
[12] 7ff6f6fd84a1
[13] 7ff6f6fd5777
[14] 7ff6f6fd4ac0
[15] 7ff6f6fd4bec
[16] 7ff6f6f956a5
[17] 7ff6f6f99689
[18] 7ff6f6f8ba0f
[19] 7ff6f6f8f4b6
[20] 7ff6f6f8d049
[21] 7ff6f6f9b9e6
[22] 7ff6f6f9a197
[23] 7ff6f6f929e3
[24] 7ff6f6f90029
[25] 7ff6f6fa3422
[26] 7ff6f6f8bd40
[27] 7ff6f6f8f1a9
[28] 7ff6f6f8caac
[29] 7ff6f6f8bdce
[30] 7ff6f6f8b52e
[31] 7ff6f6f9b512
[32] 7ff6f6c2126b
[33] 7ff6f6c22092
[34] 7ff6f6c2772e
[35] 7ffd6fbdcd87 BaseThreadInitThunk
[36] 7ffd70e0caec RtlUserThreadStart
[Info] Root: Loaded VersioningDatabase in 0.005748 seconds
[Error] Exception caught loading asset: /quests/omech/omech_quest4.questtemplate, (AssetException) Could not read JSON asset /quests/omech/omech_quest4.questtemplate
[0] 7ff6f6c2b2a3
[1] 7ff6f6c29fce
[2] 7ff6f6c2a0b8
[3] 7ff6f6c39e20
[4] 7ff6f7359d81
[5] 7ffd4930bb00 _CxxFrameHandler3
[6] 7ffd492f33c7 is_exception_typeof
[7] 7ffd70e841b6 RtlCaptureContext2
[8] 7ff6f6c3c712
[9] 7ff6f6c39b3b
[10] 7ff6f6c454dd
[11] 7ff6f6c44633
[12] 7ff6f6c40bbf
[13] 7ff6f6c426fb
[14] 7ff6f6c442b9
[15] 7ff6f6f866ef
[16] 7ff6f6f954c5
[17] 7ff6f6f99509
[18] 7ff6f6f8b88f
[19] 7ff6f6f8f3b6
[20] 7ff6f6f8cfb9
[21] 7ff6f6f9b866
[22] 7ff6f6f9a197
[23] 7ff6f6f925f3
[24] 7ff6f6f8ff39
[25] 7ff6f6fa13c2
[26] 7ff6f6f8bd40
[27] 7ff6f6f8f1a9
[28] 7ff6f6f8caac
[29] 7ff6f6f8bdce
[30] 7ff6f6f8b52e
[31] 7ff6f6f9b512
[32] 7ff6f6c2126b
[33] 7ff6f6c22092
[34] 7ff6f6c2772e
[35] 7ffd6fbdcd87 BaseThreadInitThunk
[36] 7ffd70e0caec RtlUserThreadStart
Caused by: (JsonParsingException) Cannot parse json file: /quests/omech/omech_quest4.questtemplate
[0] 7ff6f6c2b2a3
[1] 7ff6f6c29fce
[2] 7ff6f6c2a0b8
[3] 7ff6f6c3a980
[4] 7ff6f735b16b
[5] 7ffd4930bb00 _CxxFrameHandler3
[6] 7ffd492f33c7 is_exception_typeof
[7] 7ffd70e841b6 RtlCaptureContext2
[8] 7ff6f6c47b17
[9] 7ff6f6c3c712
[10] 7ff6f6c39b3b
[11] 7ff6f6c454dd
[12] 7ff6f6c44633
[13] 7ff6f6c40bbf
[14] 7ff6f6c426fb
[15] 7ff6f6c442b9
[16] 7ff6f6f866ef
[17] 7ff6f6f954c5
[18] 7ff6f6f99509
[19] 7ff6f6f8b88f
[20] 7ff6f6f8f3b6
[21] 7ff6f6f8cfb9
[22] 7ff6f6f9b866
[23] 7ff6f6f9a197
[24] 7ff6f6f925f3
[25] 7ff6f6f8ff39
[26] 7ff6f6fa13c2
[27] 7ff6f6f8bd40
[28] 7ff6f6f8f1a9
[29] 7ff6f6f8caac
[30] 7ff6f6f8bdce
[31] 7ff6f6f8b52e
[32] 7ff6f6f9b512
[33] 7ff6f6c2126b
[34] 7ff6f6c22092
[35] 7ff6f6c2772e
[36] 7ffd6fbdcd87 BaseThreadInitThunk
[37] 7ffd70e0caec RtlUserThreadStart
Caused by: (JsonException) Improper conversion to JsonArray from object
[0] 7ff6f6c2b2a3
[1] 7ff6f6c29fce
[2] 7ff6f6bc4f4a
[3] 7ff6f6bd2382
[4] 7ff6f6c47b17
[5] 7ff6f6c3c712
[6] 7ff6f6c39b3b
[7] 7ff6f6c454dd
[8] 7ff6f6c44633
[9] 7ff6f6c40bbf
[10] 7ff6f6c426fb
[11] 7ff6f6c442b9
[12] 7ff6f6f866ef
[13] 7ff6f6f954c5
[14] 7ff6f6f99509
[15] 7ff6f6f8b88f
[16] 7ff6f6f8f3b6
[17] 7ff6f6f8cfb9
[18] 7ff6f6f9b866
[19] 7ff6f6f9a197
[20] 7ff6f6f925f3
[21] 7ff6f6f8ff39
[22] 7ff6f6fa13c2
[23] 7ff6f6f8bd40
[24] 7ff6f6f8f1a9
[25] 7ff6f6f8caac
[26] 7ff6f6f8bdce
[27] 7ff6f6f8b52e
[28] 7ff6f6f9b512
[29] 7ff6f6c2126b
[30] 7ff6f6c22092
[31] 7ff6f6c2772e
[32] 7ffd6fbdcd87 BaseThreadInitThunk
[33] 7ffd70e0caec RtlUserThreadStart
[Error] Exception caught loading asset: /ai/atprk_missioncryotomb.aimission, (AssetException) Could not read JSON asset /ai/atprk_missioncryotomb.aimission
[0] 7ff6f6c2b2a3
[1] 7ff6f6c29fce
[2] 7ff6f6c2a0b8
[3] 7ff6f6c39e20
[4] 7ff6f7359d81
[5] 7ffd4930bb00 _CxxFrameHandler3
[6] 7ffd492f33c7 is_exception_typeof
[7] 7ffd70e841b6 RtlCaptureContext2
[8] 7ff6f6c3c712
[9] 7ff6f6c39b3b
[10] 7ff6f6c454dd
[11] 7ff6f6c44633
[12] 7ff6f6c40bbf
[13] 7ff6f6c426fb
[14] 7ff6f6c442b9
[15] 7ff6f6c6cfc1
[16] 7ff6f6f94335
[17] 7ff6f6f99539
[18] 7ff6f6f8b8bf
[19] 7ff6f6f8f3d6
[20] 7ff6f6f8cad9
[21] 7ff6f6f9b896
[22] 7ff6f6f9a197
[23] 7ff6f6f903d3
[24] 7ff6f6f8f7b9
[25] 7ff6f6f9d5a2
[26] 7ff6f6f8bd40
[27] 7ff6f6f8f1a9
[28] 7ff6f6f8caac
[29] 7ff6f6f8bdce
[30] 7ff6f6f8b52e
[31] 7ff6f6f9b512
[32] 7ff6f6c2126b
[33] 7ff6f6c22092
[34] 7ff6f6c2772e
[35] 7ffd6fbdcd87 BaseThreadInitThunk
[36] 7ffd70e0caec RtlUserThreadStart
Caused by: (JsonParsingException) Cannot parse json file: /ai/atprk_missioncryotomb.aimission
[0] 7ff6f6c2b2a3
[1] 7ff6f6c29fce
[2] 7ff6f6c2a0b8
[3] 7ff6f6c3a980
[4] 7ff6f735b16b
[5] 7ffd4930bb00 _CxxFrameHandler3
[6] 7ffd492f33c7 is_exception_typeof
[7] 7ffd70e841b6 RtlCaptureContext2
[8] 7ff6f6c47b17
[9] 7ff6f6c3c712
[10] 7ff6f6c39b3b
[11] 7ff6f6c454dd
[12] 7ff6f6c44633
[13] 7ff6f6c40bbf
[14] 7ff6f6c426fb
[15] 7ff6f6c442b9
[16] 7ff6f6c6cfc1
[17] 7ff6f6f94335
[18] 7ff6f6f99539
[19] 7ff6f6f8b8bf
[20] 7ff6f6f8f3d6
[21] 7ff6f6f8cad9
[22] 7ff6f6f9b896
[23] 7ff6f6f9a197
[24] 7ff6f6f903d3
[25] 7ff6f6f8f7b9
[26] 7ff6f6f9d5a2
[27] 7ff6f6f8bd40
[28] 7ff6f6f8f1a9
[29] 7ff6f6f8caac
[30] 7ff6f6f8bdce
[31] 7ff6f6f8b52e
[32] 7ff6f6f9b512
[33] 7ff6f6c2126b
[34] 7ff6f6c22092
[35] 7ff6f6c2772e
[36] 7ffd6fbdcd87 BaseThreadInitThunk
[37] 7ffd70e0caec RtlUserThreadStart
Caused by: (JsonException) Improper conversion to JsonArray from object
[0] 7ff6f6c2b2a3
[1] 7ff6f6c29fce
[2] 7ff6f6bc4f4a
[3] 7ff6f6bd2382
[4] 7ff6f6c47b17
[5] 7ff6f6c3c712
[6] 7ff6f6c39b3b
[7] 7ff6f6c454dd
[8] 7ff6f6c44633
[9] 7ff6f6c40bbf
[10] 7ff6f6c426fb
[11] 7ff6f6c442b9
[12] 7ff6f6c6cfc1
[13] 7ff6f6f94335
[14] 7ff6f6f99539
[15] 7ff6f6f8b8bf
[16] 7ff6f6f8f3d6
[17] 7ff6f6f8cad9
[18] 7ff6f6f9b896
[19] 7ff6f6f9a197
[20] 7ff6f6f903d3
[21] 7ff6f6f8f7b9
[22] 7ff6f6f9d5a2
[23] 7ff6f6f8bd40
[24] 7ff6f6f8f1a9
[25] 7ff6f6f8caac
[26] 7ff6f6f8bdce
[27] 7ff6f6f8b52e
[28] 7ff6f6f9b512
[29] 7ff6f6c2126b
[30] 7ff6f6c22092
[31] 7ff6f6c2772e
[32] 7ffd6fbdcd87 BaseThreadInitThunk
[33] 7ffd70e0caec RtlUserThreadStart
[Error] Exception caught loading asset: /objects/stickers/community2/edition2/corgisodasticker/PBcorgisodasticker.object, (AssetException) Could not read JSON asset /objects/stickers/community2/edition2/corgisodasticker/PBcorgisodasticker.object
[0] 7ff6f6c2b2a3
[1] 7ff6f6c29fce
[2] 7ff6f6c2a0b8
[3] 7ff6f6c39e20
[4] 7ff6f7359d81
[5] 7ffd4930bb00 _CxxFrameHandler3
[6] 7ffd492f33c7 is_exception_typeof
[7] 7ffd70e841b6 RtlCaptureContext2
[8] 7ff6f6c3c712
[9] 7ff6f6c39b3b
[10] 7ff6f6c454dd
[11] 7ff6f6c44633
[12] 7ff6f6c40bbf
[13] 7ff6f6c4af6b
[14] 7ff6f6c271f7
[15] 7ff6f6c2772e
[16] 7ffd6fbdcd87 BaseThreadInitThunk
[17] 7ffd70e0caec RtlUserThreadStart
Caused by: (JsonParsingException) Cannot parse json file: /objects/stickers/community2/edition2/corgisodasticker/PBcorgisodasticker.object
[0] 7ff6f6c2b2a3
[1] 7ff6f6c29fce
[2] 7ff6f6c2a0b8
[3] 7ff6f6c3a980
[4] 7ff6f735b16b
[5] 7ffd4930bb00 _CxxFrameHandler3
[6] 7ffd492f33c7 is_exception_typeof
[7] 7ffd70e841b6 RtlCaptureContext2
[8] 7ff6f6c47b17
[9] 7ff6f6c3c712
[10] 7ff6f6c39b3b
[11] 7ff6f6c454dd
[12] 7ff6f6c44633
[13] 7ff6f6c40bbf
[14] 7ff6f6c4af6b
[15] 7ff6f6c271f7
[16] 7ff6f6c2772e
[17] 7ffd6fbdcd87 BaseThreadInitThunk
[18] 7ffd70e0caec RtlUserThreadStart
Caused by: (JsonException) Improper conversion to JsonArray from object
[0] 7ff6f6c2b2a3
[1] 7ff6f6c29fce
[2] 7ff6f6bc4f4a
[3] 7ff6f6bd2382
[4] 7ff6f6c47b17
[5] 7ff6f6c3c712
[6] 7ff6f6c39b3b
[7] 7ff6f6c454dd
[8] 7ff6f6c44633
[9] 7ff6f6c40bbf
[10] 7ff6f6c4af6b
[11] 7ff6f6c271f7
[12] 7ff6f6c2772e
[13] 7ffd6fbdcd87 BaseThreadInitThunk
[14] 7ffd70e0caec RtlUserThreadStart
[Error] Error loading object file /objects/stickers/community2/edition2/corgisodasticker/PBcorgisodasticker.object: (AssetException) Error loading asset /objects/stickers/community2/edition2/corgisodasticker/PBcorgisodasticker.object
[0] 7ff6f6c2b2a3
[1] 7ff6f6c29fce
[2] 7ff6f6c366ca
[3] 7ff6f6c427c2
[4] 7ff6f6c442b9
[5] 7ff6f6eac254
[6] 7ff6f6f95105
[7] 7ff6f6f99749
[8] 7ff6f6f8bacf
[9] 7ff6f6f8f536
[10] 7ff6f6f8ce99
[11] 7ff6f6f9baa6
[12] 7ff6f6f9a197
[13] 7ff6f6f91e13
[14] 7ff6f6f8fd59
[15] 7ff6f6fa0f32
[16] 7ff6f6f8bd40
[17] 7ff6f6f8f1a9
[18] 7ff6f6f8caac
[19] 7ff6f6f8bdce
[20] 7ff6f6f8b52e
[21] 7ff6f6f9b512
[22] 7ff6f6c2126b
[23] 7ff6f6c22092
[24] 7ff6f6c2772e
[25] 7ffd6fbdcd87 BaseThreadInitThunk
[26] 7ffd70e0caec RtlUserThreadStart
[Error] Exception caught loading asset: /ivrpg_specs/techs/elementress/attune.tech, (AssetException) Could not read JSON asset /ivrpg_specs/techs/elementress/attune.tech
[0] 7ff6f6c2b2a3
[1] 7ff6f6c29fce
[2] 7ff6f6c2a0b8
[3] 7ff6f6c39e20
[4] 7ff6f7359d81
[5] 7ffd4930bb00 _CxxFrameHandler3
[6] 7ffd492f33c7 is_exception_typeof
[7] 7ffd70e841b6 RtlCaptureContext2
[8] 7ff6f6c3c712
[9] 7ff6f6c39b3b
[10] 7ff6f6c454dd
[11] 7ff6f6c44633
[12] 7ff6f6c40bbf
[13] 7ff6f6c426fb
[14] 7ff6f6c442b9
[15] 7ff6f704ea6e
[16] 7ff6f6f95925
[17] 7ff6f6f99629
[18] 7ff6f6f8b9af
[19] 7ff6f6f8f476
[20] 7ff6f6f8d109
[21] 7ff6f6f9b986
[22] 7ff6f6f9a197
[23] 7ff6f6f92f23
[24] 7ff6f6f90169
[25] 7ff6f6fa36e2
[26] 7ff6f6f8bd40
[27] 7ff6f6f8f1a9
[28] 7ff6f6f8caac
[29] 7ff6f6f8bdce
[30] 7ff6f6f8b52e
[31] 7ff6f6f9b512
[32] 7ff6f6c2126b
[33] 7ff6f6c22092
[34] 7ff6f6c2772e
[35] 7ffd6fbdcd87 BaseThreadInitThunk
[36] 7ffd70e0caec RtlUserThreadStart
Caused by: (JsonParsingException) Cannot parse json file: /ivrpg_specs/techs/elementress/attune.tech
[0] 7ff6f6c2b2a3
[1] 7ff6f6c29fce
[2] 7ff6f6c2a0b8
[3] 7ff6f6c3a980
[4] 7ff6f735b16b
[5] 7ffd4930bb00 _CxxFrameHandler3
[6] 7ffd492f33c7 is_exception_typeof
[7] 7ffd70e841b6 RtlCaptureContext2
[8] 7ff6f6c47b17
[9] 7ff6f6c3c712
[10] 7ff6f6c39b3b
[11] 7ff6f6c454dd
[12] 7ff6f6c44633
[13] 7ff6f6c40bbf
[14] 7ff6f6c426fb
[15] 7ff6f6c442b9
[16] 7ff6f704ea6e
[17] 7ff6f6f95925
[18] 7ff6f6f99629
[19] 7ff6f6f8b9af
[20] 7ff6f6f8f476
[21] 7ff6f6f8d109
[22] 7ff6f6f9b986
[23] 7ff6f6f9a197
[24] 7ff6f6f92f23
[25] 7ff6f6f90169
[26] 7ff6f6fa36e2
[27] 7ff6f6f8bd40
[28] 7ff6f6f8f1a9
[29] 7ff6f6f8caac
[30] 7ff6f6f8bdce
[31] 7ff6f6f8b52e
[32] 7ff6f6f9b512
[33] 7ff6f6c2126b
[34] 7ff6f6c22092
[35] 7ff6f6c2772e
[36] 7ffd6fbdcd87 BaseThreadInitThunk
[37] 7ffd70e0caec RtlUserThreadStart
Caused by: (JsonException) Improper conversion to JsonArray from object
[0] 7ff6f6c2b2a3
[1] 7ff6f6c29fce
[2] 7ff6f6bc4f4a
[3] 7ff6f6bd2382
[4] 7ff6f6c47b17
[5] 7ff6f6c3c712
[6] 7ff6f6c39b3b
[7] 7ff6f6c454dd
[8] 7ff6f6c44633
[9] 7ff6f6c40bbf
[10] 7ff6f6c426fb
[11] 7ff6f6c442b9
[12] 7ff6f704ea6e
[13] 7ff6f6f95925
[14] 7ff6f6f99629
[15] 7ff6f6f8b9af
[16] 7ff6f6f8f476
[17] 7ff6f6f8d109
[18] 7ff6f6f9b986
[19] 7ff6f6f9a197
[20] 7ff6f6f92f23
[21] 7ff6f6f90169
[22] 7ff6f6fa36e2
[23] 7ff6f6f8bd40
[24] 7ff6f6f8f1a9
[25] 7ff6f6f8caac
[26] 7ff6f6f8bdce
[27] 7ff6f6f8b52e
[28] 7ff6f6f9b512
[29] 7ff6f6c2126b
[30] 7ff6f6c22092
[31] 7ff6f6c2772e
[32] 7ffd6fbdcd87 BaseThreadInitThunk
[33] 7ffd70e0caec RtlUserThreadStart
[Error] Exception caught loading asset: /objects/ship/techstation/customtechstation.object, (AssetException) Could not read JSON asset /objects/ship/techstation/customtechstation.object
[0] 7ff6f6c2b2a3
[1] 7ff6f6c29fce
[2] 7ff6f6c2a0b8
[3] 7ff6f6c39e20
[4] 7ff6f7359d81
[5] 7ffd4930bb00 _CxxFrameHandler3
[6] 7ffd492f33c7 is_exception_typeof
[7] 7ffd70e841b6 RtlCaptureContext2
[8] 7ff6f6c3c712
[9] 7ff6f6c39b3b
[10] 7ff6f6c454dd
[11] 7ff6f6c44633
[12] 7ff6f6c40bbf
[13] 7ff6f6c4af6b
[14] 7ff6f6c271f7
[15] 7ff6f6c2772e
[16] 7ffd6fbdcd87 BaseThreadInitThunk
[17] 7ffd70e0caec RtlUserThreadStart
Caused by: (JsonParsingException) Cannot parse json file: /objects/ship/techstation/customtechstation.object
[0] 7ff6f6c2b2a3
[1] 7ff6f6c29fce
[2] 7ff6f6c2a0b8
[3] 7ff6f6c3a980
[4] 7ff6f735b16b
[5] 7ffd4930bb00 _CxxFrameHandler3
[6] 7ffd492f33c7 is_exception_typeof
[7] 7ffd70e841b6 RtlCaptureContext2
[8] 7ff6f6c47b17
[9] 7ff6f6c3c712
[10] 7ff6f6c39b3b
[11] 7ff6f6c454dd
[12] 7ff6f6c44633
[13] 7ff6f6c40bbf
[14] 7ff6f6c4af6b
[15] 7ff6f6c271f7
[16] 7ff6f6c2772e
[17] 7ffd6fbdcd87 BaseThreadInitThunk
[18] 7ffd70e0caec RtlUserThreadStart
Caused by: (JsonException) Improper conversion to JsonArray from object
[0] 7ff6f6c2b2a3
[1] 7ff6f6c29fce
[2] 7ff6f6bc4f4a
[3] 7ff6f6bd2382
[4] 7ff6f6c47b17
[5] 7ff6f6c3c712
[6] 7ff6f6c39b3b
[7] 7ff6f6c454dd
[8] 7ff6f6c44633
[9] 7ff6f6c40bbf
[10] 7ff6f6c4af6b
[11] 7ff6f6c271f7
[12] 7ff6f6c2772e
[13] 7ffd6fbdcd87 BaseThreadInitThunk
[14] 7ffd70e0caec RtlUserThreadStart
[Error] Error loading object file /objects/ship/techstation/customtechstation.object: (AssetException) Error loading asset /objects/ship/techstation/customtechstation.object
[0] 7ff6f6c2b2a3
[1] 7ff6f6c29fce
[2] 7ff6f6c366ca
[3] 7ff6f6c427c2
[4] 7ff6f6c442b9
[5] 7ff6f6eac254
[6] 7ff6f6f95105
[7] 7ff6f6f99749
[8] 7ff6f6f8bacf
[9] 7ff6f6f8f536
[10] 7ff6f6f8ce99
[11] 7ff6f6f9baa6
[12] 7ff6f6f9a197
[13] 7ff6f6f91e13
[14] 7ff6f6f8fd59
[15] 7ff6f6fa0f32
[16] 7ff6f6f8bd40
[17] 7ff6f6f8f1a9
[18] 7ff6f6f8caac
[19] 7ff6f6f8bdce
[20] 7ff6f6f8b52e
[21] 7ff6f6f9b512
[22] 7ff6f6c2126b
[23] 7ff6f6c22092
[24] 7ff6f6c2772e
[25] 7ffd6fbdcd87 BaseThreadInitThunk
[26] 7ffd70e0caec RtlUserThreadStart
[Error] Exception caught loading asset: /codex/other/aphroditesretreat.codex, (AssetException) Could not read JSON asset /codex/other/aphroditesretreat.codex
[0] 7ff6f6c2b2a3
[1] 7ff6f6c29fce
[2] 7ff6f6c2a0b8
[3] 7ff6f6c39e20
[4] 7ff6f7359d81
[5] 7ffd4930bb00 _CxxFrameHandler3
[6] 7ffd492f33c7 is_exception_typeof
[7] 7ffd70e841b6 RtlCaptureContext2
[8] 7ff6f6c3c712
[9] 7ff6f6c39b3b
[10] 7ff6f6c454dd
[11] 7ff6f6c44633
[12] 7ff6f6c40bbf
[13] 7ff6f6c426fb
[14] 7ff6f6c442b9
[15] 7ff6f6cecac4
[16] 7ff6f6f94605
[17] 7ff6f6f98ff9
[18] 7ff6f6f8b61f
[19] 7ff6f6f8f216
[20] 7ff6f6f8cb99
[21] 7ff6f6f9b5f6
[22] 7ff6f6f9a197
[23] 7ff6f6f90913
[24] 7ff6f6f8f8a9
[25] 7ff6f6f9e3a2
[26] 7ff6f6f8bd40
[27] 7ff6f6f8f1a9
[28] 7ff6f6f8caac
[29] 7ff6f6f8bdce
[30] 7ff6f6f8b52e
[31] 7ff6f6f9b512
[32] 7ff6f6c2126b
[33] 7ff6f6c22092
[34] 7ff6f6c2772e
[35] 7ffd6fbdcd87 BaseThreadInitThunk
[36] 7ffd70e0caec RtlUserThreadStart
Caused by: (JsonParsingException) Cannot parse json file: /codex/other/aphroditesretreat.codex
[0] 7ff6f6c2b2a3
[1] 7ff6f6c29fce
[2] 7ff6f6c2a0b8
[3] 7ff6f6c3a980
[4] 7ff6f735b16b
[5] 7ffd4930bb00 _CxxFrameHandler3
[6] 7ffd492f33c7 is_exception_typeof
[7] 7ffd70e841b6 RtlCaptureContext2
[8] 7ff6f6c47b17
[9] 7ff6f6c3c712
[10] 7ff6f6c39b3b
[11] 7ff6f6c454dd
[12] 7ff6f6c44633
[13] 7ff6f6c40bbf
[14] 7ff6f6c426fb
[15] 7ff6f6c442b9
[16] 7ff6f6cecac4
[17] 7ff6f6f94605
[18] 7ff6f6f98ff9
[19] 7ff6f6f8b61f
[20] 7ff6f6f8f216
[21] 7ff6f6f8cb99
[22] 7ff6f6f9b5f6
[23] 7ff6f6f9a197
[24] 7ff6f6f90913
[25] 7ff6f6f8f8a9
[26] 7ff6f6f9e3a2
[27] 7ff6f6f8bd40
[28] 7ff6f6f8f1a9
[29] 7ff6f6f8caac
[30] 7ff6f6f8bdce
[31] 7ff6f6f8b52e
[32] 7ff6f6f9b512
[33] 7ff6f6c2126b
[34] 7ff6f6c22092
[35] 7ff6f6c2772e
[36] 7ffd6fbdcd87 BaseThreadInitThunk
[37] 7ffd70e0caec RtlUserThreadStart
Caused by: (JsonException) Improper conversion to JsonArray from object
[0] 7ff6f6c2b2a3
[1] 7ff6f6c29fce
[2] 7ff6f6bc4f4a
[3] 7ff6f6bd2382
[4] 7ff6f6c47b17
[5] 7ff6f6c3c712
[6] 7ff6f6c39b3b
[7] 7ff6f6c454dd
[8] 7ff6f6c44633
[9] 7ff6f6c40bbf
[10] 7ff6f6c426fb
[11] 7ff6f6c442b9
[12] 7ff6f6cecac4
[13] 7ff6f6f94605
[14] 7ff6f6f98ff9
[15] 7ff6f6f8b61f
[16] 7ff6f6f8f216
[17] 7ff6f6f8cb99
[18] 7ff6f6f9b5f6
[19] 7ff6f6f9a197
[20] 7ff6f6f90913
[21] 7ff6f6f8f8a9
[22] 7ff6f6f9e3a2
[23] 7ff6f6f8bd40
[24] 7ff6f6f8f1a9
[25] 7ff6f6f8caac
[26] 7ff6f6f8bdce
[27] 7ff6f6f8b52e
[28] 7ff6f6f9b512
[29] 7ff6f6c2126b
[30] 7ff6f6c22092
[31] 7ff6f6c2772e
[32] 7ffd6fbdcd87 BaseThreadInitThunk
[33] 7ffd70e0caec RtlUserThreadStart
[Error] Exception caught loading asset: /objects/ship/trink/trinktechstation/trinktechstation.object, (AssetException) Could not read JSON asset /objects/ship/trink/trinktechstation/trinktechstation.object
[0] 7ff6f6c2b2a3
[1] 7ff6f6c29fce
[2] 7ff6f6c2a0b8
[3] 7ff6f6c39e20
[4] 7ff6f7359d81
[5] 7ffd4930bb00 _CxxFrameHandler3
[6] 7ffd492f33c7 is_exception_typeof
[7] 7ffd70e841b6 RtlCaptureContext2
[8] 7ff6f6c3c712
[9] 7ff6f6c39b3b
[10] 7ff6f6c454dd
[11] 7ff6f6c44633
[12] 7ff6f6c40bbf
[13] 7ff6f6c4af6b
[14] 7ff6f6c271f7
[15] 7ff6f6c2772e
[16] 7ffd6fbdcd87 BaseThreadInitThunk
[17] 7ffd70e0caec RtlUserThreadStart
Caused by: (JsonParsingException) Cannot parse json file: /objects/ship/trink/trinktechstation/trinktechstation.object
[0] 7ff6f6c2b2a3
[1] 7ff6f6c29fce
[2] 7ff6f6c2a0b8
[3] 7ff6f6c3a980
[4] 7ff6f735b16b
[5] 7ffd4930bb00 _CxxFrameHandler3
[6] 7ffd492f33c7 is_exception_typeof
[7] 7ffd70e841b6 RtlCaptureContext2
[8] 7ff6f6c47b17
[9] 7ff6f6c3c712
[10] 7ff6f6c39b3b
[11] 7ff6f6c454dd
[12] 7ff6f6c44633
[13] 7ff6f6c40bbf
[14] 7ff6f6c4af6b
[15] 7ff6f6c271f7
[16] 7ff6f6c2772e
[17] 7ffd6fbdcd87 BaseThreadInitThunk
[18] 7ffd70e0caec RtlUserThreadStart
Caused by: (JsonException) Improper conversion to JsonArray from object
[0] 7ff6f6c2b2a3
[1] 7ff6f6c29fce
[2] 7ff6f6bc4f4a
[3] 7ff6f6bd2382
[4] 7ff6f6c47b17
[5] 7ff6f6c3c712
[6] 7ff6f6c39b3b
[7] 7ff6f6c454dd
[8] 7ff6f6c44633
[9] 7ff6f6c40bbf
[10] 7ff6f6c4af6b
[11] 7ff6f6c271f7
[12] 7ff6f6c2772e
[13] 7ffd6fbdcd87 BaseThreadInitThunk
[14] 7ffd70e0caec RtlUserThreadStart
[Error] Error loading object file /objects/ship/trink/trinktechstation/trinktechstation.object: (AssetException) Error loading asset /objects/ship/trink/trinktechstation/trinktechstation.object
[0] 7ff6f6c2b2a3
[1] 7ff6f6c29fce
[2] 7ff6f6c366ca
[3] 7ff6f6c427c2
[4] 7ff6f6c442b9
[5] 7ff6f6eac254
[6] 7ff6f6f95105
[7] 7ff6f6f99749
[8] 7ff6f6f8bacf
[9] 7ff6f6f8f536
[10] 7ff6f6f8ce99
[11] 7ff6f6f9baa6
[12] 7ff6f6f9a197
[13] 7ff6f6f91e13
[14] 7ff6f6f8fd59
[15] 7ff6f6fa0f32
[16] 7ff6f6f8bd40
[17] 7ff6f6f8f1a9
[18] 7ff6f6f8caac
[19] 7ff6f6f8bdce
[20] 7ff6f6f8b52e
[21] 7ff6f6f9b512
[22] 7ff6f6c2126b
[23] 7ff6f6c22092
[24] 7ff6f6c2772e
[25] 7ffd6fbdcd87 BaseThreadInitThunk
[26] 7ffd70e0caec RtlUserThreadStart
[Error] Exception caught loading asset: /objects/nmm_starbound/forums/chucklefishneonsign/oldchucklefishneon1.object, (AssetException) Could not read JSON asset /objects/nmm_starbound/forums/chucklefishneonsign/oldchucklefishneon1.object
[0] 7ff6f6c2b2a3
[1] 7ff6f6c29fce
[2] 7ff6f6c2a0b8
[3] 7ff6f6c39e20
[4] 7ff6f7359d81
[5] 7ffd4930bb00 _CxxFrameHandler3
[6] 7ffd492f33c7 is_exception_typeof
[7] 7ffd70e841b6 RtlCaptureContext2
[8] 7ff6f6c3c712
[9] 7ff6f6c39b3b
[10] 7ff6f6c454dd
[11] 7ff6f6c44633
[12] 7ff6f6c40bbf
[13] 7ff6f6c4af6b
[14] 7ff6f6c271f7
[15] 7ff6f6c2772e
[16] 7ffd6fbdcd87 BaseThreadInitThunk
[17] 7ffd70e0caec RtlUserThreadStart
Caused by: (JsonParsingException) Cannot parse json file: /objects/nmm_starbound/forums/chucklefishneonsign/oldchucklefishneon1.object
[0] 7ff6f6c2b2a3
[1] 7ff6f6c29fce
[2] 7ff6f6c2a0b8
[3] 7ff6f6c3a980
[4] 7ff6f735b16b
[5] 7ffd4930bb00 _CxxFrameHandler3
[6] 7ffd492f33c7 is_exception_typeof
[7] 7ffd70e841b6 RtlCaptureContext2
[8] 7ff6f6c47b17
[9] 7ff6f6c3c712
[10] 7ff6f6c39b3b
[11] 7ff6f6c454dd
[12] 7ff6f6c44633
[13] 7ff6f6c40bbf
[14] 7ff6f6c4af6b
[15] 7ff6f6c271f7
[16] 7ff6f6c2772e
[17] 7ffd6fbdcd87 BaseThreadInitThunk
[18] 7ffd70e0caec RtlUserThreadStart
Caused by: (JsonException) Improper conversion to JsonArray from object
[0] 7ff6f6c2b2a3
[1] 7ff6f6c29fce
[2] 7ff6f6bc4f4a
[3] 7ff6f6bd2382
[4] 7ff6f6c47b17
[5] 7ff6f6c3c712
[6] 7ff6f6c39b3b
[7] 7ff6f6c454dd
[8] 7ff6f6c44633
[9] 7ff6f6c40bbf
[10] 7ff6f6c4af6b
[11] 7ff6f6c271f7
[12] 7ff6f6c2772e
[13] 7ffd6fbdcd87 BaseThreadInitThunk
[14] 7ffd70e0caec RtlUserThreadStart
[Error] Error loading object file /objects/nmm_starbound/forums/chucklefishneonsign/oldchucklefishneon1.object: (AssetException) Error loading asset /objects/nmm_starbound/forums/chucklefishneonsign/oldchucklefishneon1.object
[0] 7ff6f6c2b2a3
[1] 7ff6f6c29fce
[2] 7ff6f6c366ca
[3] 7ff6f6c427c2
[4] 7ff6f6c442b9
[5] 7ff6f6eac254
[6] 7ff6f6f95105
[7] 7ff6f6f99749
[8] 7ff6f6f8bacf
[9] 7ff6f6f8f536
[10] 7ff6f6f8ce99
[11] 7ff6f6f9baa6
[12] 7ff6f6f9a197
[13] 7ff6f6f91e13
[14] 7ff6f6f8fd59
[15] 7ff6f6fa0f32
[16] 7ff6f6f8bd40
[17] 7ff6f6f8f1a9
[18] 7ff6f6f8caac
[19] 7ff6f6f8bdce
[20] 7ff6f6f8b52e
[21] 7ff6f6f9b512
[22] 7ff6f6c2126b
[23] 7ff6f6c22092
[24] 7ff6f6c2772e
[25] 7ffd6fbdcd87 BaseThreadInitThunk
[26] 7ffd70e0caec RtlUserThreadStart
[Error] Could not apply patch from file /objects/CORPSES/gic_civiliancorpse1/gic_civiliancorpse1.object.patch in source: ..\mods\female_translation.pak.  Caused by: (JsonPatchException) Could not apply patch to base. (JsonPatchException) Could not apply operation to base. (JsonException) Cannot call get with key on Json type array, must be Object type
[Error] Exception caught loading asset: /objects/CORPUSSHIP/esc_corpus_humanshipdoor/esc_corpus_humanshiphatch.object, (AssetException) Could not read JSON asset /objects/CORPUSSHIP/esc_corpus_humanshipdoor/esc_corpus_humanshiphatch.object
[0] 7ff6f6c2b2a3
[1] 7ff6f6c29fce
[2] 7ff6f6c2a0b8
[3] 7ff6f6c39e20
[4] 7ff6f7359d81
[5] 7ffd4930bb00 _CxxFrameHandler3
[6] 7ffd492f33c7 is_exception_typeof
[7] 7ffd70e841b6 RtlCaptureContext2
[8] 7ff6f6c3c712
[9] 7ff6f6c39b3b
[10] 7ff6f6c454dd
[11] 7ff6f6c44633
[12] 7ff6f6c40bbf
[13] 7ff6f6c4af6b
[14] 7ff6f6c271f7
[15] 7ff6f6c2772e
[16] 7ffd6fbdcd87 BaseThreadInitThunk
[17] 7ffd70e0caec RtlUserThreadStart
Caused by: (JsonParsingException) Cannot parse json file: /objects/CORPUSSHIP/esc_corpus_humanshipdoor/esc_corpus_humanshiphatch.object
[0] 7ff6f6c2b2a3
[1] 7ff6f6c29fce
[2] 7ff6f6c2a0b8
[3] 7ff6f6c3a980
[4] 7ff6f735b16b
[5] 7ffd4930bb00 _CxxFrameHandler3
[6] 7ffd492f33c7 is_exception_typeof
[7] 7ffd70e841b6 RtlCaptureContext2
[8] 7ff6f6c47b17
[9] 7ff6f6c3c712
[10] 7ff6f6c39b3b
[11] 7ff6f6c454dd
[12] 7ff6f6c44633
[13] 7ff6f6c40bbf
[14] 7ff6f6c4af6b
[15] 7ff6f6c271f7
[16] 7ff6f6c2772e
[17] 7ffd6fbdcd87 BaseThreadInitThunk
[18] 7ffd70e0caec RtlUserThreadStart
Caused by: (JsonException) Improper conversion to JsonArray from object
[0] 7ff6f6c2b2a3
[1] 7ff6f6c29fce
[2] 7ff6f6bc4f4a
[3] 7ff6f6bd2382
[4] 7ff6f6c47b17
[5] 7ff6f6c3c712
[6] 7ff6f6c39b3b
[7] 7ff6f6c454dd
[8] 7ff6f6c44633
[9] 7ff6f6c40bbf
[10] 7ff6f6c4af6b
[11] 7ff6f6c271f7
[12] 7ff6f6c2772e
[13] 7ffd6fbdcd87 BaseThreadInitThunk
[14] 7ffd70e0caec RtlUserThreadStart
[Error] Error loading object file /objects/CORPUSSHIP/esc_corpus_humanshipdoor/esc_corpus_humanshiphatch.object: (AssetException) Error loading asset /objects/CORPUSSHIP/esc_corpus_humanshipdoor/esc_corpus_humanshiphatch.object
[0] 7ff6f6c2b2a3
[1] 7ff6f6c29fce
[2] 7ff6f6c366ca
[3] 7ff6f6c427c2
[4] 7ff6f6c442b9
[5] 7ff6f6eac254
[6] 7ff6f6f95105
[7] 7ff6f6f99749
[8] 7ff6f6f8bacf
[9] 7ff6f6f8f536
[10] 7ff6f6f8ce99
[11] 7ff6f6f9baa6
[12] 7ff6f6f9a197
[13] 7ff6f6f91e13
[14] 7ff6f6f8fd59
[15] 7ff6f6fa0f32
[16] 7ff6f6f8bd40
[17] 7ff6f6f8f1a9
[18] 7ff6f6f8caac
[19] 7ff6f6f8bdce
[20] 7ff6f6f8b52e
[21] 7ff6f6f9b512
[22] 7ff6f6c2126b
[23] 7ff6f6c22092
[24] 7ff6f6c2772e
[25] 7ffd6fbdcd87 BaseThreadInitThunk
[26] 7ffd70e0caec RtlUserThreadStart
[Error] Could not apply patch from file /objects/CIVILIAN/gic_officefile1/gic_officefile1.object.patch in source: ..\mods\female_translation.pak.  Caused by: (JsonPatchException) Could not apply patch to base. (JsonPatchException) Could not apply operation to base. (JsonException) Cannot call get with key on Json type array, must be Object type
[Error] Exception caught loading asset: /objects/ship/avalitechstation/avalitechstation.object, (AssetException) Could not read JSON asset /objects/ship/avalitechstation/avalitechstation.object
[0] 7ff6f6c2b2a3
[1] 7ff6f6c29fce
[2] 7ff6f6c2a0b8
[3] 7ff6f6c39e20
[4] 7ff6f7359d81
[5] 7ffd4930bb00 _CxxFrameHandler3
[6] 7ffd492f33c7 is_exception_typeof
[7] 7ffd70e841b6 RtlCaptureContext2
[8] 7ff6f6c3c712
[9] 7ff6f6c39b3b
[10] 7ff6f6c454dd
[11] 7ff6f6c44633
[12] 7ff6f6c40bbf
[13] 7ff6f6c4af6b
[14] 7ff6f6c271f7
[15] 7ff6f6c2772e
[16] 7ffd6fbdcd87 BaseThreadInitThunk
[17] 7ffd70e0caec RtlUserThreadStart
Caused by: (JsonParsingException) Cannot parse json file: /objects/ship/avalitechstation/avalitechstation.object
[0] 7ff6f6c2b2a3
[1] 7ff6f6c29fce
[2] 7ff6f6c2a0b8
[3] 7ff6f6c3a980
[4] 7ff6f735b16b
[5] 7ffd4930bb00 _CxxFrameHandler3
[6] 7ffd492f33c7 is_exception_typeof
[7] 7ffd70e841b6 RtlCaptureContext2
[8] 7ff6f6c47b17
[9] 7ff6f6c3c712
[10] 7ff6f6c39b3b
[11] 7ff6f6c454dd
[12] 7ff6f6c44633
[13] 7ff6f6c40bbf
[14] 7ff6f6c4af6b
[15] 7ff6f6c271f7
[16] 7ff6f6c2772e
[17] 7ffd6fbdcd87 BaseThreadInitThunk
[18] 7ffd70e0caec RtlUserThreadStart
Caused by: (JsonException) Improper conversion to JsonArray from object
[0] 7ff6f6c2b2a3
[1] 7ff6f6c29fce
[2] 7ff6f6bc4f4a
[3] 7ff6f6bd2382
[4] 7ff6f6c47b17
[5] 7ff6f6c3c712
[6] 7ff6f6c39b3b
[7] 7ff6f6c454dd
[8] 7ff6f6c44633
[9] 7ff6f6c40bbf
[10] 7ff6f6c4af6b
[11] 7ff6f6c271f7
[12] 7ff6f6c2772e
[13] 7ffd6fbdcd87 BaseThreadInitThunk
[14] 7ffd70e0caec RtlUserThreadStart
[Error] Error loading object file /objects/ship/avalitechstation/avalitechstation.object: (AssetException) Error loading asset /objects/ship/avalitechstation/avalitechstation.object
[0] 7ff6f6c2b2a3
[1] 7ff6f6c29fce
[2] 7ff6f6c366ca
[3] 7ff6f6c427c2
[4] 7ff6f6c442b9
[5] 7ff6f6eac254
[6] 7ff6f6f95105
[7] 7ff6f6f99749
[8] 7ff6f6f8bacf
[9] 7ff6f6f8f536
[10] 7ff6f6f8ce99
[11] 7ff6f6f9baa6
[12] 7ff6f6f9a197
[13] 7ff6f6f91e13
[14] 7ff6f6f8fd59
[15] 7ff6f6fa0f32
[16] 7ff6f6f8bd40
[17] 7ff6f6f8f1a9
[18] 7ff6f6f8caac
[19] 7ff6f6f8bdce
[20] 7ff6f6f8b52e
[21] 7ff6f6f9b512
[22] 7ff6f6c2126b
[23] 7ff6f6c22092
[24] 7ff6f6c2772e
[25] 7ffd6fbdcd87 BaseThreadInitThunk
[26] 7ffd70e0caec RtlUserThreadStart
[Error] Exception caught loading asset: /objects/ship/mantizitechstation/mantizitechstation.object, (AssetException) Could not read JSON asset /objects/ship/mantizitechstation/mantizitechstation.object
[0] 7ff6f6c2b2a3
[1] 7ff6f6c29fce
[2] 7ff6f6c2a0b8
[3] 7ff6f6c39e20
[4] 7ff6f7359d81
[5] 7ffd4930bb00 _CxxFrameHandler3
[6] 7ffd492f33c7 is_exception_typeof
[7] 7ffd70e841b6 RtlCaptureContext2
[8] 7ff6f6c3c712
[9] 7ff6f6c39b3b
[10] 7ff6f6c454dd
[11] 7ff6f6c44633
[12] 7ff6f6c40bbf
[13] 7ff6f6c4af6b
[14] 7ff6f6c271f7
[15] 7ff6f6c2772e
[16] 7ffd6fbdcd87 BaseThreadInitThunk
[17] 7ffd70e0caec RtlUserThreadStart
Caused by: (JsonParsingException) Cannot parse json file: /objects/ship/mantizitechstation/mantizitechstation.object
[0] 7ff6f6c2b2a3
[1] 7ff6f6c29fce
[2] 7ff6f6c2a0b8
[3] 7ff6f6c3a980
[4] 7ff6f735b16b
[5] 7ffd4930bb00 _CxxFrameHandler3
[6] 7ffd492f33c7 is_exception_typeof
[7] 7ffd70e841b6 RtlCaptureContext2
[8] 7ff6f6c47b17
[9] 7ff6f6c3c712
[10] 7ff6f6c39b3b
[11] 7ff6f6c454dd
[12] 7ff6f6c44633
[13] 7ff6f6c40bbf
[14] 7ff6f6c4af6b
[15] 7ff6f6c271f7
[16] 7ff6f6c2772e
[17] 7ffd6fbdcd87 BaseThreadInitThunk
[18] 7ffd70e0caec RtlUserThreadStart
Caused by: (JsonException) Improper conversion to JsonArray from object
[0] 7ff6f6c2b2a3
[1] 7ff6f6c29fce
[2] 7ff6f6bc4f4a
[3] 7ff6f6bd2382
[4] 7ff6f6c47b17
[5] 7ff6f6c3c712
[6] 7ff6f6c39b3b
[7] 7ff6f6c454dd
[8] 7ff6f6c44633
[9] 7ff6f6c40bbf
[10] 7ff6f6c4af6b
[11] 7ff6f6c271f7
[12] 7ff6f6c2772e
[13] 7ffd6fbdcd87 BaseThreadInitThunk
[14] 7ffd70e0caec RtlUserThreadStart
[Error] Error loading object file /objects/ship/mantizitechstation/mantizitechstation.object: (AssetException) Error loading asset /objects/ship/mantizitechstation/mantizitechstation.object
[0] 7ff6f6c2b2a3
[1] 7ff6f6c29fce
[2] 7ff6f6c366ca
[3] 7ff6f6c427c2
[4] 7ff6f6c442b9
[5] 7ff6f6eac254
[6] 7ff6f6f95105
[7] 7ff6f6f99749
[8] 7ff6f6f8bacf
[9] 7ff6f6f8f536
[10] 7ff6f6f8ce99
[11] 7ff6f6f9baa6
[12] 7ff6f6f9a197
[13] 7ff6f6f91e13
[14] 7ff6f6f8fd59
[15] 7ff6f6fa0f32
[16] 7ff6f6f8bd40
[17] 7ff6f6f8f1a9
[18] 7ff6f6f8caac
[19] 7ff6f6f8bdce
[20] 7ff6f6f8b52e
[21] 7ff6f6f9b512
[22] 7ff6f6c2126b
[23] 7ff6f6c22092
[24] 7ff6f6c2772e
[25] 7ffd6fbdcd87 BaseThreadInitThunk
[26] 7ffd70e0caec RtlUserThreadStart
[Error] Exception caught loading asset: /objects/ship/kitsunetechstation/kitsunetechstation_black.object, (AssetException) Could not read JSON asset /objects/ship/kitsunetechstation/kitsunetechstation_black.object
[0] 7ff6f6c2b2a3
[1] 7ff6f6c29fce
[2] 7ff6f6c2a0b8
[3] 7ff6f6c39e20
[4] 7ff6f7359d81
[5] 7ffd4930bb00 _CxxFrameHandler3
[6] 7ffd492f33c7 is_exception_typeof
[7] 7ffd70e841b6 RtlCaptureContext2
[8] 7ff6f6c3c712
[9] 7ff6f6c39b3b
[10] 7ff6f6c454dd
[11] 7ff6f6c44633
[12] 7ff6f6c40bbf
[13] 7ff6f6c4af6b
[14] 7ff6f6c271f7
[15] 7ff6f6c2772e
[16] 7ffd6fbdcd87 BaseThreadInitThunk
[17] 7ffd70e0caec RtlUserThreadStart
Caused by: (JsonParsingException) Cannot parse json file: /objects/ship/kitsunetechstation/kitsunetechstation_black.object
[0] 7ff6f6c2b2a3
[1] 7ff6f6c29fce
[2] 7ff6f6c2a0b8
[3] 7ff6f6c3a980
[4] 7ff6f735b16b
[5] 7ffd4930bb00 _CxxFrameHandler3
[6] 7ffd492f33c7 is_exception_typeof
[7] 7ffd70e841b6 RtlCaptureContext2
[8] 7ff6f6c47b17
[9] 7ff6f6c3c712
[10] 7ff6f6c39b3b
[11] 7ff6f6c454dd
[12] 7ff6f6c44633
[13] 7ff6f6c40bbf
[14] 7ff6f6c4af6b
[15] 7ff6f6c271f7
[16] 7ff6f6c2772e
[17] 7ffd6fbdcd87 BaseThreadInitThunk
[18] 7ffd70e0caec RtlUserThreadStart
Caused by: (JsonException) Improper conversion to JsonArray from object
[0] 7ff6f6c2b2a3
[1] 7ff6f6c29fce
[2] 7ff6f6bc4f4a
[3] 7ff6f6bd2382
[4] 7ff6f6c47b17
[5] 7ff6f6c3c712
[6] 7ff6f6c39b3b
[7] 7ff6f6c454dd
[8] 7ff6f6c44633
[9] 7ff6f6c40bbf
[10] 7ff6f6c4af6b
[11] 7ff6f6c271f7
[12] 7ff6f6c2772e
[13] 7ffd6fbdcd87 BaseThreadInitThunk
[14] 7ffd70e0caec RtlUserThreadStart
[Error] Could not apply patch from file /objects/BACKGROUND_PROP/gic_bgspacestationslidingdoor/gic_bgspacestationslidingdoor.object.patch in source: ..\mods\female_translation.pak.  Caused by: (JsonPatchException) Could not apply patch to base. (JsonPatchException) Could not apply operation to base. (JsonException) Cannot call get with key on Json type array, must be Object type
[Error] Error loading object file /objects/ship/kitsunetechstation/kitsunetechstation_black.object: (AssetException) Error loading asset /objects/ship/kitsunetechstation/kitsunetechstation_black.object
[0] 7ff6f6c2b2a3
[1] 7ff6f6c29fce
[2] 7ff6f6c366ca
[3] 7ff6f6c427c2
[4] 7ff6f6c442b9
[5] 7ff6f6eac254
[6] 7ff6f6f95105
[7] 7ff6f6f99749
[8] 7ff6f6f8bacf
[9] 7ff6f6f8f536
[10] 7ff6f6f8ce99
[11] 7ff6f6f9baa6
[12] 7ff6f6f9a197
[13] 7ff6f6f91e13
[14] 7ff6f6f8fd59
[15] 7ff6f6fa0f32
[16] 7ff6f6f8bd40
[17] 7ff6f6f8f1a9
[18] 7ff6f6f8caac
[19] 7ff6f6f8bdce
[20] 7ff6f6f8b52e
[21] 7ff6f6f9b512
[22] 7ff6f6c2126b
[23] 7ff6f6c22092
[24] 7ff6f6c2772e
[25] 7ffd6fbdcd87 BaseThreadInitThunk
[26] 7ffd70e0caec RtlUserThreadStart
[Error] Exception caught loading asset: /objects/ship/nagitechstation/nagitechstation.object, (AssetException) Could not read JSON asset /objects/ship/nagitechstation/nagitechstation.object
[0] 7ff6f6c2b2a3
[1] 7ff6f6c29fce
[2] 7ff6f6c2a0b8
[3] 7ff6f6c39e20
[4] 7ff6f7359d81
[5] 7ffd4930bb00 _CxxFrameHandler3
[6] 7ffd492f33c7 is_exception_typeof
[7] 7ffd70e841b6 RtlCaptureContext2
[8] 7ff6f6c3c712
[9] 7ff6f6c39b3b
[10] 7ff6f6c454dd
[11] 7ff6f6c44633
[12] 7ff6f6c40bbf
[13] 7ff6f6c4af6b
[14] 7ff6f6c271f7
[15] 7ff6f6c2772e
[16] 7ffd6fbdcd87 BaseThreadInitThunk
[17] 7ffd70e0caec RtlUserThreadStart
Caused by: (JsonParsingException) Cannot parse json file: /objects/ship/nagitechstation/nagitechstation.object
[0] 7ff6f6c2b2a3
[1] 7ff6f6c29fce
[2] 7ff6f6c2a0b8
[3] 7ff6f6c3a980
[4] 7ff6f735b16b
[5] 7ffd4930bb00 _CxxFrameHandler3
[6] 7ffd492f33c7 is_exception_typeof
[7] 7ffd70e841b6 RtlCaptureContext2
[8] 7ff6f6c47b17
[9] 7ff6f6c3c712
[10] 7ff6f6c39b3b
[11] 7ff6f6c454dd
[12] 7ff6f6c44633
[13] 7ff6f6c40bbf
[14] 7ff6f6c4af6b
[15] 7ff6f6c271f7
[16] 7ff6f6c2772e
[17] 7ffd6fbdcd87 BaseThreadInitThunk
[18] 7ffd70e0caec RtlUserThreadStart
Caused by: (JsonException) Improper conversion to JsonArray from object
[0] 7ff6f6c2b2a3
[1] 7ff6f6c29fce
[2] 7ff6f6bc4f4a
[3] 7ff6f6bd2382
[4] 7ff6f6c47b17
[5] 7ff6f6c3c712
[6] 7ff6f6c39b3b
[7] 7ff6f6c454dd
[8] 7ff6f6c44633
[9] 7ff6f6c40bbf
[10] 7ff6f6c4af6b
[11] 7ff6f6c271f7
[12] 7ff6f6c2772e
[13] 7ffd6fbdcd87 BaseThreadInitThunk
[14] 7ffd70e0caec RtlUserThreadStart
[Error] Error loading object file /objects/ship/nagitechstation/nagitechstation.object: (AssetException) Error loading asset /objects/ship/nagitechstation/nagitechstation.object
[0] 7ff6f6c2b2a3
[1] 7ff6f6c29fce
[2] 7ff6f6c366ca
[3] 7ff6f6c427c2
[4] 7ff6f6c442b9
[5] 7ff6f6eac254
[6] 7ff6f6f95105
[7] 7ff6f6f99749
[8] 7ff6f6f8bacf
[9] 7ff6f6f8f536
[10] 7ff6f6f8ce99
[11] 7ff6f6f9baa6
[12] 7ff6f6f9a197
[13] 7ff6f6f91e13
[14] 7ff6f6f8fd59
[15] 7ff6f6fa0f32
[16] 7ff6f6f8bd40
[17] 7ff6f6f8f1a9
[18] 7ff6f6f8caac
[19] 7ff6f6f8bdce
[20] 7ff6f6f8b52e
[21] 7ff6f6f9b512
[22] 7ff6f6c2126b
[23] 7ff6f6c22092
[24] 7ff6f6c2772e
[25] 7ffd6fbdcd87 BaseThreadInitThunk
[26] 7ffd70e0caec RtlUserThreadStart
[Error] Exception caught loading asset: /objects/ship/techstation/techstation.object, (AssetException) Could not read JSON asset /objects/ship/techstation/techstation.object
[0] 7ff6f6c2b2a3
[1] 7ff6f6c29fce
[2] 7ff6f6c2a0b8
[3] 7ff6f6c39e20
[4] 7ff6f7359d81
[5] 7ffd4930bb00 _CxxFrameHandler3
[6] 7ffd492f33c7 is_exception_typeof
[7] 7ffd70e841b6 RtlCaptureContext2
[8] 7ff6f6c3c712
[9] 7ff6f6c39b3b
[10] 7ff6f6c454dd
[11] 7ff6f6c44633
[12] 7ff6f6c40bbf
[13] 7ff6f6c4af6b
[14] 7ff6f6c271f7
[15] 7ff6f6c2772e
[16] 7ffd6fbdcd87 BaseThreadInitThunk
[17] 7ffd70e0caec RtlUserThreadStart
Caused by: (JsonParsingException) Cannot parse json file: /objects/ship/techstation/techstation.object
[0] 7ff6f6c2b2a3
[1] 7ff6f6c29fce
[2] 7ff6f6c2a0b8
[3] 7ff6f6c3a980
[4] 7ff6f735b16b
[5] 7ffd4930bb00 _CxxFrameHandler3
[6] 7ffd492f33c7 is_exception_typeof
[7] 7ffd70e841b6 RtlCaptureContext2
[8] 7ff6f6c47b17
[9] 7ff6f6c3c712
[10] 7ff6f6c39b3b
[11] 7ff6f6c454dd
[12] 7ff6f6c44633
[13] 7ff6f6c40bbf
[14] 7ff6f6c4af6b
[15] 7ff6f6c271f7
[16] 7ff6f6c2772e
[17] 7ffd6fbdcd87 BaseThreadInitThunk
[18] 7ffd70e0caec RtlUserThreadStart
Caused by: (JsonException) Improper conversion to JsonArray from object
[0] 7ff6f6c2b2a3
[1] 7ff6f6c29fce
[2] 7ff6f6bc4f4a
[3] 7ff6f6bd2382
[4] 7ff6f6c47b17
[5] 7ff6f6c3c712
[6] 7ff6f6c39b3b
[7] 7ff6f6c454dd
[8] 7ff6f6c44633
[9] 7ff6f6c40bbf
[10] 7ff6f6c4af6b
[11] 7ff6f6c271f7
[12] 7ff6f6c2772e
[13] 7ffd6fbdcd87 BaseThreadInitThunk
[14] 7ffd70e0caec RtlUserThreadStart
[Error] Error loading object file /objects/ship/techstation/techstation.object: (AssetException) Error loading asset /objects/ship/techstation/techstation.object
[0] 7ff6f6c2b2a3
[1] 7ff6f6c29fce
[2] 7ff6f6c366ca
[3] 7ff6f6c427c2
[4] 7ff6f6c442b9
[5] 7ff6f6eac254
[6] 7ff6f6f95105
[7] 7ff6f6f99749
[8] 7ff6f6f8bacf
[9] 7ff6f6f8f536
[10] 7ff6f6f8ce99
[11] 7ff6f6f9baa6
[12] 7ff6f6f9a197
[13] 7ff6f6f91e13
[14] 7ff6f6f8fd59
[15] 7ff6f6fa0f32
[16] 7ff6f6f8bd40
[17] 7ff6f6f8f1a9
[18] 7ff6f6f8caac
[19] 7ff6f6f8bdce
[20] 7ff6f6f8b52e
[21] 7ff6f6f9b512
[22] 7ff6f6c2126b
[23] 7ff6f6c22092
[24] 7ff6f6c2772e
[25] 7ffd6fbdcd87 BaseThreadInitThunk
[26] 7ffd70e0caec RtlUserThreadStart
[Error] Exception caught loading asset: /objects/ffs_merchant/ffs_merchant_papachino/ffs_merchant_papachino_dae.object, (AssetException) Could not read JSON asset /objects/ffs_merchant/ffs_merchant_papachino/ffs_merchant_papachino_dae.object
[0] 7ff6f6c2b2a3
[1] 7ff6f6c29fce
[2] 7ff6f6c2a0b8
[3] 7ff6f6c39e20
[4] 7ff6f7359d81
[5] 7ffd4930bb00 _CxxFrameHandler3
[6] 7ffd492f33c7 is_exception_typeof
[7] 7ffd70e841b6 RtlCaptureContext2
[8] 7ff6f6c3c712
[9] 7ff6f6c39b3b
[10] 7ff6f6c454dd
[11] 7ff6f6c44633
[12] 7ff6f6c40bbf
[13] 7ff6f6c4af6b
[14] 7ff6f6c271f7
[15] 7ff6f6c2772e
[16] 7ffd6fbdcd87 BaseThreadInitThunk
[17] 7ffd70e0caec RtlUserThreadStart
Caused by: (JsonParsingException) Cannot parse json file: /objects/ffs_merchant/ffs_merchant_papachino/ffs_merchant_papachino_dae.object
[0] 7ff6f6c2b2a3
[1] 7ff6f6c29fce
[2] 7ff6f6c2a0b8
[3] 7ff6f6c3a980
[4] 7ff6f735b16b
[5] 7ffd4930bb00 _CxxFrameHandler3
[6] 7ffd492f33c7 is_exception_typeof
[7] 7ffd70e841b6 RtlCaptureContext2
[8] 7ff6f6c47b17
[9] 7ff6f6c3c712
[10] 7ff6f6c39b3b
[11] 7ff6f6c454dd
[12] 7ff6f6c44633
[13] 7ff6f6c40bbf
[14] 7ff6f6c4af6b
[15] 7ff6f6c271f7
[16] 7ff6f6c2772e
[17] 7ffd6fbdcd87 BaseThreadInitThunk
[18] 7ffd70e0caec RtlUserThreadStart
Caused by: (JsonException) Improper conversion to JsonArray from object
[0] 7ff6f6c2b2a3
[1] 7ff6f6c29fce
[2] 7ff6f6bc4f4a
[3] 7ff6f6bd2382
[4] 7ff6f6c47b17
[5] 7ff6f6c3c712
[6] 7ff6f6c39b3b
[7] 7ff6f6c454dd
[8] 7ff6f6c44633
[9] 7ff6f6c40bbf
[10] 7ff6f6c4af6b
[11] 7ff6f6c271f7
[12] 7ff6f6c2772e
[13] 7ffd6fbdcd87 BaseThreadInitThunk
[14] 7ffd70e0caec RtlUserThreadStart
[Error] Error loading object file /objects/ffs_merchant/ffs_merchant_papachino/ffs_merchant_papachino_dae.object: (AssetException) Error loading asset /objects/ffs_merchant/ffs_merchant_papachino/ffs_merchant_papachino_dae.object
[0] 7ff6f6c2b2a3
[1] 7ff6f6c29fce
[2] 7ff6f6c366ca
[3] 7ff6f6c427c2
[4] 7ff6f6c442b9
[5] 7ff6f6eac254
[6] 7ff6f6f95105
[7] 7ff6f6f99749
[8] 7ff6f6f8bacf
[9] 7ff6f6f8f536
[10] 7ff6f6f8ce99
[11] 7ff6f6f9baa6
[12] 7ff6f6f9a197
[13] 7ff6f6f91e13
[14] 7ff6f6f8fd59
[15] 7ff6f6fa0f32
[16] 7ff6f6f8bd40
[17] 7ff6f6f8f1a9
[18] 7ff6f6f8caac
[19] 7ff6f6f8bdce
[20] 7ff6f6f8b52e
[21] 7ff6f6f9b512
[22] 7ff6f6c2126b
[23] 7ff6f6c22092
[24] 7ff6f6c2772e
[25] 7ffd6fbdcd87 BaseThreadInitThunk
[26] 7ffd70e0caec RtlUserThreadStart
[Error] Could not apply patch from file /objects/sheilaworkshop/black_radios/black_itsasin/black_itsasin.object.patch in source: ..\mods\female_translation.pak.  Caused by: (JsonPatchException) Could not apply patch to base. (JsonPatchException) Could not apply operation to base. (JsonException) Cannot call get with key on Json type array, must be Object type
[Error] Exception caught loading asset: /objects/ship/techstationTier0/techstationTier0.object, (AssetException) Could not read JSON asset /objects/ship/techstationTier0/techstationTier0.object
[0] 7ff6f6c2b2a3
[1] 7ff6f6c29fce
[2] 7ff6f6c2a0b8
[3] 7ff6f6c39e20
[4] 7ff6f7359d81
[5] 7ffd4930bb00 _CxxFrameHandler3
[6] 7ffd492f33c7 is_exception_typeof
[7] 7ffd70e841b6 RtlCaptureContext2
[8] 7ff6f6c3c712
[9] 7ff6f6c39b3b
[10] 7ff6f6c454dd
[11] 7ff6f6c44633
[12] 7ff6f6c40bbf
[13] 7ff6f6c4af6b
[14] 7ff6f6c271f7
[15] 7ff6f6c2772e
[16] 7ffd6fbdcd87 BaseThreadInitThunk
[17] 7ffd70e0caec RtlUserThreadStart
Caused by: (JsonParsingException) Cannot parse json file: /objects/ship/techstationTier0/techstationTier0.object
[0] 7ff6f6c2b2a3
[1] 7ff6f6c29fce
[2] 7ff6f6c2a0b8
[3] 7ff6f6c3a980
[4] 7ff6f735b16b
[5] 7ffd4930bb00 _CxxFrameHandler3
[6] 7ffd492f33c7 is_exception_typeof
[7] 7ffd70e841b6 RtlCaptureContext2
[8] 7ff6f6c47b17
[9] 7ff6f6c3c712
[10] 7ff6f6c39b3b
[11] 7ff6f6c454dd
[12] 7ff6f6c44633
[13] 7ff6f6c40bbf
[14] 7ff6f6c4af6b
[15] 7ff6f6c271f7
[16] 7ff6f6c2772e
[17] 7ffd6fbdcd87 BaseThreadInitThunk
[18] 7ffd70e0caec RtlUserThreadStart
Caused by: (JsonException) Improper conversion to JsonArray from object
[0] 7ff6f6c2b2a3
[1] 7ff6f6c29fce
[2] 7ff6f6bc4f4a
[3] 7ff6f6bd2382
[4] 7ff6f6c47b17
[5] 7ff6f6c3c712
[6] 7ff6f6c39b3b
[7] 7ff6f6c454dd
[8] 7ff6f6c44633
[9] 7ff6f6c40bbf
[10] 7ff6f6c4af6b
[11] 7ff6f6c271f7
[12] 7ff6f6c2772e
[13] 7ffd6fbdcd87 BaseThreadInitThunk
[14] 7ffd70e0caec RtlUserThreadStart
[Error] Error loading object file /objects/ship/techstationTier0/techstationTier0.object: (AssetException) Error loading asset /objects/ship/techstationTier0/techstationTier0.object
[0] 7ff6f6c2b2a3
[1] 7ff6f6c29fce
[2] 7ff6f6c366ca
[3] 7ff6f6c427c2
[4] 7ff6f6c442b9
[5] 7ff6f6eac254
[6] 7ff6f6f95105
[7] 7ff6f6f99749
[8] 7ff6f6f8bacf
[9] 7ff6f6f8f536
[10] 7ff6f6f8ce99
[11] 7ff6f6f9baa6
[12] 7ff6f6f9a197
[13] 7ff6f6f91e13
[14] 7ff6f6f8fd59
[15] 7ff6f6fa0f32
[16] 7ff6f6f8bd40
[17] 7ff6f6f8f1a9
[18] 7ff6f6f8caac
[19] 7ff6f6f8bdce
[20] 7ff6f6f8b52e
[21] 7ff6f6f9b512
[22] 7ff6f6c2126b
[23] 7ff6f6c22092
[24] 7ff6f6c2772e
[25] 7ffd6fbdcd87 BaseThreadInitThunk
[26] 7ffd70e0caec RtlUserThreadStart
[Error] Could not apply patch from file /objects/STATIC_VEHICLES/gic_wreckedcar4/gic_wreckedcar4.object.patch in source: ..\mods\female_translation.pak.  Caused by: (JsonPatchException) Could not apply patch to base. (JsonPatchException) Could not apply operation to base. (JsonException) Cannot call get with key on Json type array, must be Object type
[Error] Could not apply patch from file /objects/sheilaworkshop/black_furniture/black_prismadronespawner/black_prismadronespawner.object.patch in source: ..\mods\female_translation.pak.  Caused by: (JsonPatchException) Could not apply patch to base. (JsonPatchException) Could not apply operation to base. (JsonException) Cannot call get with key on Json type array, must be Object type
[Error] Could not apply patch from file /objects/SPACE/gic_spacestationwallcabinet1/gic_spacestationwallcabinet1.object.patch in source: ..\mods\female_translation.pak.  Caused by: (JsonPatchException) Could not apply patch to base. (JsonPatchException) Could not apply operation to base. (JsonException) Cannot call get with key on Json type array, must be Object type
[Error] Could not apply patch from file /objects/CIVILIAN/gic_arcadestarburner2/gic_arcadestarburner2.object.patch in source: ..\mods\female_translation.pak.  Caused by: (JsonPatchException) Could not apply patch to base. (JsonPatchException) Could not apply operation to base. (JsonException) Cannot call get with key on Json type array, must be Object type
[Error] Could not apply patch from file /objects/sheilaworkshop/black_furniture/black_blackarmorybanner/black_blackarmorybanner.object.patch in source: ..\mods\female_translation.pak.  Caused by: (JsonPatchException) Could not apply patch to base. (JsonPatchException) Could not apply operation to base. (JsonException) Cannot call get with key on Json type array, must be Object type
[Error] Exception caught loading asset: /objects/crafting/upgradeablecraftingobject/slimecentrifuge/slimecentrifuge.object, (AssetException) Could not read JSON asset /objects/crafting/upgradeablecraftingobject/slimecentrifuge/slimecentrifuge.object
[0] 7ff6f6c2b2a3
[1] 7ff6f6c29fce
[2] 7ff6f6c2a0b8
[3] 7ff6f6c39e20
[4] 7ff6f7359d81
[5] 7ffd4930bb00 _CxxFrameHandler3
[6] 7ffd492f33c7 is_exception_typeof
[7] 7ffd70e841b6 RtlCaptureContext2
[8] 7ff6f6c3c712
[9] 7ff6f6c39b3b
[10] 7ff6f6c454dd
[11] 7ff6f6c44633
[12] 7ff6f6c40bbf
[13] 7ff6f6c4af6b
[14] 7ff6f6c271f7
[15] 7ff6f6c2772e
[16] 7ffd6fbdcd87 BaseThreadInitThunk
[17] 7ffd70e0caec RtlUserThreadStart
Caused by: (JsonParsingException) Cannot parse json file: /objects/crafting/upgradeablecraftingobject/slimecentrifuge/slimecentrifuge.object
[0] 7ff6f6c2b2a3
[1] 7ff6f6c29fce
[2] 7ff6f6c2a0b8
[3] 7ff6f6c3a980
[4] 7ff6f735b16b
[5] 7ffd4930bb00 _CxxFrameHandler3
[6] 7ffd492f33c7 is_exception_typeof
[7] 7ffd70e841b6 RtlCaptureContext2
[8] 7ff6f6c47b17
[9] 7ff6f6c3c712
[10] 7ff6f6c39b3b
[11] 7ff6f6c454dd
[12] 7ff6f6c44633
[13] 7ff6f6c40bbf
[14] 7ff6f6c4af6b
[15] 7ff6f6c271f7
[16] 7ff6f6c2772e
[17] 7ffd6fbdcd87 BaseThreadInitThunk
[18] 7ffd70e0caec RtlUserThreadStart
Caused by: (JsonException) Improper conversion to JsonArray from object
[0] 7ff6f6c2b2a3
[1] 7ff6f6c29fce
[2] 7ff6f6bc4f4a
[3] 7ff6f6bd2382
[4] 7ff6f6c47b17
[5] 7ff6f6c3c712
[6] 7ff6f6c39b3b
[7] 7ff6f6c454dd
[8] 7ff6f6c44633
[9] 7ff6f6c40bbf
[10] 7ff6f6c4af6b
[11] 7ff6f6c271f7
[12] 7ff6f6c2772e
[13] 7ffd6fbdcd87 BaseThreadInitThunk
[14] 7ffd70e0caec RtlUserThreadStart
[Error] Error loading object file /objects/crafting/upgradeablecraftingobject/slimecentrifuge/slimecentrifuge.object: (AssetException) Error loading asset /objects/crafting/upgradeablecraftingobject/slimecentrifuge/slimecentrifuge.object
[0] 7ff6f6c2b2a3
[1] 7ff6f6c29fce
[2] 7ff6f6c366ca
[3] 7ff6f6c427c2
[4] 7ff6f6c442b9
[5] 7ff6f6eac254
[6] 7ff6f6f95105
[7] 7ff6f6f99749
[8] 7ff6f6f8bacf
[9] 7ff6f6f8f536
[10] 7ff6f6f8ce99
[11] 7ff6f6f9baa6
[12] 7ff6f6f9a197
[13] 7ff6f6f91e13
[14] 7ff6f6f8fd59
[15] 7ff6f6fa0f32
[16] 7ff6f6f8bd40
[17] 7ff6f6f8f1a9
[18] 7ff6f6f8caac
[19] 7ff6f6f8bdce
[20] 7ff6f6f8b52e
[21] 7ff6f6f9b512
[22] 7ff6f6c2126b
[23] 7ff6f6c22092
[24] 7ff6f6c2772e
[25] 7ffd6fbdcd87 BaseThreadInitThunk
[26] 7ffd70e0caec RtlUserThreadStart
[Error] Could not apply patch from file /objects/sheilaworkshop/black_furniture/black_fullthrottletoxictopdrinkobject/black_fullthrottletoxictopdrinkobject.object.patch in source: ..\mods\female_translation.pak.  Caused by: (JsonPatchException) Could not apply patch to base. (JsonPatchException) Could not apply operation to base. (JsonException) Cannot call get with key on Json type array, must be Object type
[Error] Could not apply patch from file /objects/STATIC_VEHICLES/gic_loyalistf16/gic_loyalistf16.object.patch in source: ..\mods\female_translation.pak.  Caused by: (JsonPatchException) Could not apply patch to base. (JsonPatchException) Could not apply operation to base. (JsonException) Cannot call get with key on Json type array, must be Object type
[Error] Exception caught loading asset: /objects/WOODLAND/gico_kappa_misc/gico_kappa_table.object, (AssetException) Could not read JSON asset /objects/WOODLAND/gico_kappa_misc/gico_kappa_table.object
[0] 7ff6f6c2b2a3
[1] 7ff6f6c29fce
[2] 7ff6f6c2a0b8
[3] 7ff6f6c39e20
[4] 7ff6f7359d81
[5] 7ffd4930bb00 _CxxFrameHandler3
[6] 7ffd492f33c7 is_exception_typeof
[7] 7ffd70e841b6 RtlCaptureContext2
[8] 7ff6f6c3c712
[9] 7ff6f6c39b3b
[10] 7ff6f6c454dd
[11] 7ff6f6c44633
[12] 7ff6f6c40bbf
[13] 7ff6f6c4af6b
[14] 7ff6f6c271f7
[15] 7ff6f6c2772e
[16] 7ffd6fbdcd87 BaseThreadInitThunk
[17] 7ffd70e0caec RtlUserThreadStart
Caused by: (JsonParsingException) Cannot parse json file: /objects/WOODLAND/gico_kappa_misc/gico_kappa_table.object
[0] 7ff6f6c2b2a3
[1] 7ff6f6c29fce
[2] 7ff6f6c2a0b8
[3] 7ff6f6c3a980
[4] 7ff6f735b16b
[5] 7ffd4930bb00 _CxxFrameHandler3
[6] 7ffd492f33c7 is_exception_typeof
[7] 7ffd70e841b6 RtlCaptureContext2
[8] 7ff6f6c47b17
[9] 7ff6f6c3c712
[10] 7ff6f6c39b3b
[11] 7ff6f6c454dd
[12] 7ff6f6c44633
[13] 7ff6f6c40bbf
[14] 7ff6f6c4af6b
[15] 7ff6f6c271f7
[16] 7ff6f6c2772e
[17] 7ffd6fbdcd87 BaseThreadInitThunk
[18] 7ffd70e0caec RtlUserThreadStart
Caused by: (JsonException) Improper conversion to JsonArray from object
[0] 7ff6f6c2b2a3
[1] 7ff6f6c29fce
[2] 7ff6f6bc4f4a
[3] 7ff6f6bd2382
[4] 7ff6f6c47b17
[5] 7ff6f6c3c712
[6] 7ff6f6c39b3b
[7] 7ff6f6c454dd
[8] 7ff6f6c44633
[9] 7ff6f6c40bbf
[10] 7ff6f6c4af6b
[11] 7ff6f6c271f7
[12] 7ff6f6c2772e
[13] 7ffd6fbdcd87 BaseThreadInitThunk
[14] 7ffd70e0caec RtlUserThreadStart
[Error] Error loading object file /objects/WOODLAND/gico_kappa_misc/gico_kappa_table.object: (AssetException) Error loading asset /objects/WOODLAND/gico_kappa_misc/gico_kappa_table.object
[0] 7ff6f6c2b2a3
[1] 7ff6f6c29fce
[2] 7ff6f6c366ca
[3] 7ff6f6c427c2
[4] 7ff6f6c442b9
[5] 7ff6f6eac254
[6] 7ff6f6f95105
[7] 7ff6f6f99749
[8] 7ff6f6f8bacf
[9] 7ff6f6f8f536
[10] 7ff6f6f8ce99
[11] 7ff6f6f9baa6
[12] 7ff6f6f9a197
[13] 7ff6f6f91e13
[14] 7ff6f6f8fd59
[15] 7ff6f6fa0f32
[16] 7ff6f6f8bd40
[17] 7ff6f6f8f1a9
[18] 7ff6f6f8caac
[19] 7ff6f6f8bdce
[20] 7ff6f6f8b52e
[21] 7ff6f6f9b512
[22] 7ff6f6c2126b
[23] 7ff6f6c22092
[24] 7ff6f6c2772e
[25] 7ffd6fbdcd87 BaseThreadInitThunk
[26] 7ffd70e0caec RtlUserThreadStart
[Error] Exception caught loading asset: /objects/decorations/sgbody1snow/sgbody1.object, (AssetException) Could not read JSON asset /objects/decorations/sgbody1snow/sgbody1.object
[0] 7ff6f6c2b2a3
[1] 7ff6f6c29fce
[2] 7ff6f6c2a0b8
[3] 7ff6f6c39e20
[4] 7ff6f7359d81
[5] 7ffd4930bb00 _CxxFrameHandler3
[6] 7ffd492f33c7 is_exception_typeof
[7] 7ffd70e841b6 RtlCaptureContext2
[8] 7ff6f6c3c712
[9] 7ff6f6c39b3b
[10] 7ff6f6c454dd
[11] 7ff6f6c44633
[12] 7ff6f6c40bbf
[13] 7ff6f6c4af6b
[14] 7ff6f6c271f7
[15] 7ff6f6c2772e
[16] 7ffd6fbdcd87 BaseThreadInitThunk
[17] 7ffd70e0caec RtlUserThreadStart
Caused by: (JsonParsingException) Cannot parse json file: /objects/decorations/sgbody1snow/sgbody1.object
[0] 7ff6f6c2b2a3
[1] 7ff6f6c29fce
[2] 7ff6f6c2a0b8
[3] 7ff6f6c3a980
[4] 7ff6f735b16b
[5] 7ffd4930bb00 _CxxFrameHandler3
[6] 7ffd492f33c7 is_exception_typeof
[7] 7ffd70e841b6 RtlCaptureContext2
[8] 7ff6f6c47b17
[9] 7ff6f6c3c712
[10] 7ff6f6c39b3b
[11] 7ff6f6c454dd
[12] 7ff6f6c44633
[13] 7ff6f6c40bbf
[14] 7ff6f6c4af6b
[15] 7ff6f6c271f7
[16] 7ff6f6c2772e
[17] 7ffd6fbdcd87 BaseThreadInitThunk
[18] 7ffd70e0caec RtlUserThreadStart
Caused by: (JsonException) Improper conversion to JsonArray from object
[0] 7ff6f6c2b2a3
[1] 7ff6f6c29fce
[2] 7ff6f6bc4f4a
[3] 7ff6f6bd2382
[4] 7ff6f6c47b17
[5] 7ff6f6c3c712
[6] 7ff6f6c39b3b
[7] 7ff6f6c454dd
[8] 7ff6f6c44633
[9] 7ff6f6c40bbf
[10] 7ff6f6c4af6b
[11] 7ff6f6c271f7
[12] 7ff6f6c2772e
[13] 7ffd6fbdcd87 BaseThreadInitThunk
[14] 7ffd70e0caec RtlUserThreadStart
[Error] Error loading object file /objects/decorations/sgbody1snow/sgbody1.object: (AssetException) Error loading asset /objects/decorations/sgbody1snow/sgbody1.object
[0] 7ff6f6c2b2a3
[1] 7ff6f6c29fce
[2] 7ff6f6c366ca
[3] 7ff6f6c427c2
[4] 7ff6f6c442b9
[5] 7ff6f6eac254
[6] 7ff6f6f95105
[7] 7ff6f6f99749
[8] 7ff6f6f8bacf
[9] 7ff6f6f8f536
[10] 7ff6f6f8ce99
[11] 7ff6f6f9baa6
[12] 7ff6f6f9a197
[13] 7ff6f6f91e13
[14] 7ff6f6f8fd59
[15] 7ff6f6fa0f32
[16] 7ff6f6f8bd40
[17] 7ff6f6f8f1a9
[18] 7ff6f6f8caac
[19] 7ff6f6f8bdce
[20] 7ff6f6f8b52e
[21] 7ff6f6f9b512
[22] 7ff6f6c2126b
[23] 7ff6f6c22092
[24] 7ff6f6c2772e
[25] 7ffd6fbdcd87 BaseThreadInitThunk
[26] 7ffd70e0caec RtlUserThreadStart
[Error] Could not apply patch from file /objects/sheilaworkshop/black_furniture/black_titansteelcanisterhazard/black_titansteelcanisterhazard.object.patch in source: ..\mods\female_translation.pak.  Caused by: (JsonPatchException) Could not apply patch to base. (JsonPatchException) Could not apply operation to base. (JsonException) Cannot call get with key on Json type array, must be Object type
[Error] Could not apply patch from file /objects/EMBLEMS_AND_SIGNS/gic_decayedrussianemblem/gic_decayedrussianemblem.object.patch in source: ..\mods\female_translation.pak.  Caused by: (JsonPatchException) Could not apply patch to base. (JsonPatchException) Could not apply operation to base. (JsonException) Cannot call get with key on Json type array, must be Object type
[Error] Exception caught loading asset: /objects/workshop/workshop_auto_coalgenerator/workshop_auto_coalgenerator_1.object, (AssetException) Could not read JSON asset /objects/workshop/workshop_auto_coalgenerator/workshop_auto_coalgenerator_1.object
[0] 7ff6f6c2b2a3
[1] 7ff6f6c29fce
[2] 7ff6f6c2a0b8
[3] 7ff6f6c39e20
[4] 7ff6f7359d81
[5] 7ffd4930bb00 _CxxFrameHandler3
[6] 7ffd492f33c7 is_exception_typeof
[7] 7ffd70e841b6 RtlCaptureContext2
[8] 7ff6f6c3c712
[9] 7ff6f6c39b3b
[10] 7ff6f6c454dd
[11] 7ff6f6c44633
[12] 7ff6f6c40bbf
[13] 7ff6f6c4af6b
[14] 7ff6f6c271f7
[15] 7ff6f6c2772e
[16] 7ffd6fbdcd87 BaseThreadInitThunk
[17] 7ffd70e0caec RtlUserThreadStart
Caused by: (JsonParsingException) Cannot parse json file: /objects/workshop/workshop_auto_coalgenerator/workshop_auto_coalgenerator_1.object
[0] 7ff6f6c2b2a3
[1] 7ff6f6c29fce
[2] 7ff6f6c2a0b8
[3] 7ff6f6c3a980
[4] 7ff6f735b16b
[5] 7ffd4930bb00 _CxxFrameHandler3
[6] 7ffd492f33c7 is_exception_typeof
[7] 7ffd70e841b6 RtlCaptureContext2
[8] 7ff6f6c47b17
[9] 7ff6f6c3c712
[10] 7ff6f6c39b3b
[11] 7ff6f6c454dd
[12] 7ff6f6c44633
[13] 7ff6f6c40bbf
[14] 7ff6f6c4af6b
[15] 7ff6f6c271f7
[16] 7ff6f6c2772e
[17] 7ffd6fbdcd87 BaseThreadInitThunk
[18] 7ffd70e0caec RtlUserThreadStart
Caused by: (JsonException) Improper conversion to JsonArray from object
[0] 7ff6f6c2b2a3
[1] 7ff6f6c29fce
[2] 7ff6f6bc4f4a
[3] 7ff6f6bd2382
[4] 7ff6f6c47b17
[5] 7ff6f6c3c712
[6] 7ff6f6c39b3b
[7] 7ff6f6c454dd
[8] 7ff6f6c44633
[9] 7ff6f6c40bbf
[10] 7ff6f6c4af6b
[11] 7ff6f6c271f7
[12] 7ff6f6c2772e
[13] 7ffd6fbdcd87 BaseThreadInitThunk
[14] 7ffd70e0caec RtlUserThreadStart
[Error] Error loading object file /objects/workshop/workshop_auto_coalgenerator/workshop_auto_coalgenerator_1.object: (AssetException) Error loading asset /objects/workshop/workshop_auto_coalgenerator/workshop_auto_coalgenerator_1.object
[0] 7ff6f6c2b2a3
[1] 7ff6f6c29fce
[2] 7ff6f6c366ca
[3] 7ff6f6c427c2
[4] 7ff6f6c442b9
[5] 7ff6f6eac254
[6] 7ff6f6f95105
[7] 7ff6f6f99749
[8] 7ff6f6f8bacf
[9] 7ff6f6f8f536
[10] 7ff6f6f8ce99
[11] 7ff6f6f9baa6
[12] 7ff6f6f9a197
[13] 7ff6f6f91e13
[14] 7ff6f6f8fd59
[15] 7ff6f6fa0f32
[16] 7ff6f6f8bd40
[17] 7ff6f6f8f1a9
[18] 7ff6f6f8caac
[19] 7ff6f6f8bdce
[20] 7ff6f6f8b52e
[21] 7ff6f6f9b512
[22] 7ff6f6c2126b
[23] 7ff6f6c22092
[24] 7ff6f6c2772e
[25] 7ffd6fbdcd87 BaseThreadInitThunk
[26] 7ffd70e0caec RtlUserThreadStart
[Error] Exception caught loading asset: /objects/avikan/outpost/avikanoutposthologram/avikanoutposthologram.object, (AssetException) Could not read JSON asset /objects/avikan/outpost/avikanoutposthologram/avikanoutposthologram.object
[0] 7ff6f6c2b2a3
[1] 7ff6f6c29fce
[2] 7ff6f6c2a0b8
[3] 7ff6f6c39e20
[4] 7ff6f7359d81
[5] 7ffd4930bb00 _CxxFrameHandler3
[6] 7ffd492f33c7 is_exception_typeof
[7] 7ffd70e841b6 RtlCaptureContext2
[8] 7ff6f6c3c712
[9] 7ff6f6c39b3b
[10] 7ff6f6c454dd
[11] 7ff6f6c44633
[12] 7ff6f6c40bbf
[13] 7ff6f6c4af6b
[14] 7ff6f6c271f7
[15] 7ff6f6c2772e
[16] 7ffd6fbdcd87 BaseThreadInitThunk
[17] 7ffd70e0caec RtlUserThreadStart
Caused by: (JsonParsingException) Cannot parse json file: /objects/avikan/outpost/avikanoutposthologram/avikanoutposthologram.object
[0] 7ff6f6c2b2a3
[1] 7ff6f6c29fce
[2] 7ff6f6c2a0b8
[3] 7ff6f6c3a980
[4] 7ff6f735b16b
[5] 7ffd4930bb00 _CxxFrameHandler3
[6] 7ffd492f33c7 is_exception_typeof
[7] 7ffd70e841b6 RtlCaptureContext2
[8] 7ff6f6c47b17
[9] 7ff6f6c3c712
[10] 7ff6f6c39b3b
[11] 7ff6f6c454dd
[12] 7ff6f6c44633
[13] 7ff6f6c40bbf
[14] 7ff6f6c4af6b
[15] 7ff6f6c271f7
[16] 7ff6f6c2772e
[17] 7ffd6fbdcd87 BaseThreadInitThunk
[18] 7ffd70e0caec RtlUserThreadStart
Caused by: (JsonException) Improper conversion to JsonArray from object
[0] 7ff6f6c2b2a3
[1] 7ff6f6c29fce
[2] 7ff6f6bc4f4a
[3] 7ff6f6bd2382
[4] 7ff6f6c47b17
[5] 7ff6f6c3c712
[6] 7ff6f6c39b3b
[7] 7ff6f6c454dd
[8] 7ff6f6c44633
[9] 7ff6f6c40bbf
[10] 7ff6f6c4af6b
[11] 7ff6f6c271f7
[12] 7ff6f6c2772e
[13] 7ffd6fbdcd87 BaseThreadInitThunk
[14] 7ffd70e0caec RtlUserThreadStart
[Error] Error loading object file /objects/avikan/outpost/avikanoutposthologram/avikanoutposthologram.object: (AssetException) Error loading asset /objects/avikan/outpost/avikanoutposthologram/avikanoutposthologram.object
[0] 7ff6f6c2b2a3
[1] 7ff6f6c29fce
[2] 7ff6f6c366ca
[3] 7ff6f6c427c2
[4] 7ff6f6c442b9
[5] 7ff6f6eac254
[6] 7ff6f6f95105
[7] 7ff6f6f99749
[8] 7ff6f6f8bacf
[9] 7ff6f6f8f536
[10] 7ff6f6f8ce99
[11] 7ff6f6f9baa6
[12] 7ff6f6f9a197
[13] 7ff6f6f91e13
[14] 7ff6f6f8fd59
[15] 7ff6f6fa0f32
[16] 7ff6f6f8bd40
[17] 7ff6f6f8f1a9
[18] 7ff6f6f8caac
[19] 7ff6f6f8bdce
[20] 7ff6f6f8b52e
[21] 7ff6f6f9b512
[22] 7ff6f6c2126b
[23] 7ff6f6c22092
[24] 7ff6f6c2772e
[25] 7ffd6fbdcd87 BaseThreadInitThunk
[26] 7ffd70e0caec RtlUserThreadStart
[Error] Exception caught loading asset: /objects/WOODLAND/gico_wst_corpses/gico_wst_reserve_facedown/gico_wst_reserve_facedown.object, (AssetException) Could not read JSON asset /objects/WOODLAND/gico_wst_corpses/gico_wst_reserve_facedown/gico_wst_reserve_facedown.object
[0] 7ff6f6c2b2a3
[1] 7ff6f6c29fce
[2] 7ff6f6c2a0b8
[3] 7ff6f6c39e20
[4] 7ff6f7359d81
[5] 7ffd4930bb00 _CxxFrameHandler3
[6] 7ffd492f33c7 is_exception_typeof
[7] 7ffd70e841b6 RtlCaptureContext2
[8] 7ff6f6c3c712
[9] 7ff6f6c39b3b
[10] 7ff6f6c454dd
[11] 7ff6f6c44633
[12] 7ff6f6c40bbf
[13] 7ff6f6c4af6b
[14] 7ff6f6c271f7
[15] 7ff6f6c2772e
[16] 7ffd6fbdcd87 BaseThreadInitThunk
[17] 7ffd70e0caec RtlUserThreadStart
Caused by: (JsonParsingException) Cannot parse json file: /objects/WOODLAND/gico_wst_corpses/gico_wst_reserve_facedown/gico_wst_reserve_facedown.object
[0] 7ff6f6c2b2a3
[1] 7ff6f6c29fce
[2] 7ff6f6c2a0b8
[3] 7ff6f6c3a980
[4] 7ff6f735b16b
[5] 7ffd4930bb00 _CxxFrameHandler3
[6] 7ffd492f33c7 is_exception_typeof
[7] 7ffd70e841b6 RtlCaptureContext2
[8] 7ff6f6c47b17
[9] 7ff6f6c3c712
[10] 7ff6f6c39b3b
[11] 7ff6f6c454dd
[12] 7ff6f6c44633
[13] 7ff6f6c40bbf
[14] 7ff6f6c4af6b
[15] 7ff6f6c271f7
[16] 7ff6f6c2772e
[17] 7ffd6fbdcd87 BaseThreadInitThunk
[18] 7ffd70e0caec RtlUserThreadStart
Caused by: (JsonException) Improper conversion to JsonArray from object
[0] 7ff6f6c2b2a3
[1] 7ff6f6c29fce
[2] 7ff6f6bc4f4a
[3] 7ff6f6bd2382
[4] 7ff6f6c47b17
[5] 7ff6f6c3c712
[6] 7ff6f6c39b3b
[7] 7ff6f6c454dd
[8] 7ff6f6c44633
[9] 7ff6f6c40bbf
[10] 7ff6f6c4af6b
[11] 7ff6f6c271f7
[12] 7ff6f6c2772e
[13] 7ffd6fbdcd87 BaseThreadInitThunk
[14] 7ffd70e0caec RtlUserThreadStart
[Error] Error loading object file /objects/WOODLAND/gico_wst_corpses/gico_wst_reserve_facedown/gico_wst_reserve_facedown.object: (AssetException) Error loading asset /objects/WOODLAND/gico_wst_corpses/gico_wst_reserve_facedown/gico_wst_reserve_facedown.object
[0] 7ff6f6c2b2a3
[1] 7ff6f6c29fce
[2] 7ff6f6c366ca
[3] 7ff6f6c427c2
[4] 7ff6f6c442b9
[5] 7ff6f6eac254
[6] 7ff6f6f95105
[7] 7ff6f6f99749
[8] 7ff6f6f8bacf
[9] 7ff6f6f8f536
[10] 7ff6f6f8ce99
[11] 7ff6f6f9baa6
[12] 7ff6f6f9a197
[13] 7ff6f6f91e13
[14] 7ff6f6f8fd59
[15] 7ff6f6fa0f32
[16] 7ff6f6f8bd40
[17] 7ff6f6f8f1a9
[18] 7ff6f6f8caac
[19] 7ff6f6f8bdce
[20] 7ff6f6f8b52e
[21] 7ff6f6f9b512
[22] 7ff6f6c2126b
[23] 7ff6f6c22092
[24] 7ff6f6c2772e
[25] 7ffd6fbdcd87 BaseThreadInitThunk
[26] 7ffd70e0caec RtlUserThreadStart
[Error] Could not apply patch from file /objects/SPACE/gic_spacestationslidingverticaldoor_dark/gic_spacestationslidingverticaldoor_dark.object.patch in source: ..\mods\female_translation.pak.  Caused by: (JsonPatchException) Could not apply patch to base. (JsonPatchException) Could not apply operation to base. (JsonException) Cannot call get with key on Json type array, must be Object type
[Error] Exception caught loading asset: /objects/ship/woofieshiplocker/woofieshiplocker.object, (AssetException) Could not read JSON asset /objects/ship/woofieshiplocker/woofieshiplocker.object
[0] 7ff6f6c2b2a3
[1] 7ff6f6c29fce
[2] 7ff6f6c2a0b8
[3] 7ff6f6c39e20
[4] 7ff6f7359d81
[5] 7ffd4930bb00 _CxxFrameHandler3
[6] 7ffd492f33c7 is_exception_typeof
[7] 7ffd70e841b6 RtlCaptureContext2
[8] 7ff6f6c3c712
[9] 7ff6f6c39b3b
[10] 7ff6f6c454dd
[11] 7ff6f6c44633
[12] 7ff6f6c40bbf
[13] 7ff6f6c4af6b
[14] 7ff6f6c271f7
[15] 7ff6f6c2772e
[16] 7ffd6fbdcd87 BaseThreadInitThunk
[17] 7ffd70e0caec RtlUserThreadStart
Caused by: (JsonParsingException) Cannot parse json file: /objects/ship/woofieshiplocker/woofieshiplocker.object
[0] 7ff6f6c2b2a3
[1] 7ff6f6c29fce
[2] 7ff6f6c2a0b8
[3] 7ff6f6c3a980
[4] 7ff6f735b16b
[5] 7ffd4930bb00 _CxxFrameHandler3
[6] 7ffd492f33c7 is_exception_typeof
[7] 7ffd70e841b6 RtlCaptureContext2
[8] 7ff6f6c47b17
[9] 7ff6f6c3c712
[10] 7ff6f6c39b3b
[11] 7ff6f6c454dd
[12] 7ff6f6c44633
[13] 7ff6f6c40bbf
[14] 7ff6f6c4af6b
[15] 7ff6f6c271f7
[16] 7ff6f6c2772e
[17] 7ffd6fbdcd87 BaseThreadInitThunk
[18] 7ffd70e0caec RtlUserThreadStart
Caused by: (JsonException) Improper conversion to JsonArray from object
[0] 7ff6f6c2b2a3
[1] 7ff6f6c29fce
[2] 7ff6f6bc4f4a
[3] 7ff6f6bd2382
[4] 7ff6f6c47b17
[5] 7ff6f6c3c712
[6] 7ff6f6c39b3b
[7] 7ff6f6c454dd
[8] 7ff6f6c44633
[9] 7ff6f6c40bbf
[10] 7ff6f6c4af6b
[11] 7ff6f6c271f7
[12] 7ff6f6c2772e
[13] 7ffd6fbdcd87 BaseThreadInitThunk
[14] 7ffd70e0caec RtlUserThreadStart
[Error] Error loading object file /objects/ship/woofieshiplocker/woofieshiplocker.object: (AssetException) Error loading asset /objects/ship/woofieshiplocker/woofieshiplocker.object
[0] 7ff6f6c2b2a3
[1] 7ff6f6c29fce
[2] 7ff6f6c366ca
[3] 7ff6f6c427c2
[4] 7ff6f6c442b9
[5] 7ff6f6eac254
[6] 7ff6f6f95105
[7] 7ff6f6f99749
[8] 7ff6f6f8bacf
[9] 7ff6f6f8f536
[10] 7ff6f6f8ce99
[11] 7ff6f6f9baa6
[12] 7ff6f6f9a197
[13] 7ff6f6f91e13
[14] 7ff6f6f8fd59
[15] 7ff6f6fa0f32
[16] 7ff6f6f8bd40
[17] 7ff6f6f8f1a9
[18] 7ff6f6f8caac
[19] 7ff6f6f8bdce
[20] 7ff6f6f8b52e
[21] 7ff6f6f9b512
[22] 7ff6f6c2126b
[23] 7ff6f6c22092
[24] 7ff6f6c2772e
[25] 7ffd6fbdcd87 BaseThreadInitThunk
[26] 7ffd70e0caec RtlUserThreadStart
[Error] Could not apply patch from file /objects/MILITARY/gic_wallbunk/gic_wallbunk.object.patch in source: ..\mods\female_translation.pak.  Caused by: (JsonPatchException) Could not apply patch to base. (JsonPatchException) Could not apply operation to base. (JsonException) Cannot call get with key on Json type array, must be Object type
[Error] Could not apply patch from file /objects/STATIC_VEHICLES/gic_swatvan/gic_swatvan.object.patch in source: ..\mods\female_translation.pak.  Caused by: (JsonPatchException) Could not apply patch to base. (JsonPatchException) Could not apply operation to base. (JsonException) Cannot call get with key on Json type array, must be Object type
[Error] Could not apply patch from file /objects/sheilaworkshop/black_radios/black_somethinggoingon/black_somethinggoingon.object.patch in source: ..\mods\female_translation.pak.  Caused by: (JsonPatchException) Could not apply patch to base. (JsonPatchException) Could not apply operation to base. (JsonException) Cannot call get with key on Json type array, must be Object type
[Error] Exception caught loading asset: /objects/farmables/alta/main/yaavi/sort/ct_yaavi_sort.object, (AssetException) Could not read JSON asset /objects/farmables/alta/main/yaavi/sort/ct_yaavi_sort.object
[0] 7ff6f6c2b2a3
[1] 7ff6f6c29fce
[2] 7ff6f6c2a0b8
[3] 7ff6f6c39e20
[4] 7ff6f7359d81
[5] 7ffd4930bb00 _CxxFrameHandler3
[6] 7ffd492f33c7 is_exception_typeof
[7] 7ffd70e841b6 RtlCaptureContext2
[8] 7ff6f6c3c712
[9] 7ff6f6c39b3b
[10] 7ff6f6c454dd
[11] 7ff6f6c44633
[12] 7ff6f6c40bbf
[13] 7ff6f6c4af6b
[14] 7ff6f6c271f7
[15] 7ff6f6c2772e
[16] 7ffd6fbdcd87 BaseThreadInitThunk
[17] 7ffd70e0caec RtlUserThreadStart
Caused by: (JsonParsingException) Cannot parse json file: /objects/farmables/alta/main/yaavi/sort/ct_yaavi_sort.object
[0] 7ff6f6c2b2a3
[1] 7ff6f6c29fce
[2] 7ff6f6c2a0b8
[3] 7ff6f6c3a980
[4] 7ff6f735b16b
[5] 7ffd4930bb00 _CxxFrameHandler3
[6] 7ffd492f33c7 is_exception_typeof
[7] 7ffd70e841b6 RtlCaptureContext2
[8] 7ff6f6c47b17
[9] 7ff6f6c3c712
[10] 7ff6f6c39b3b
[11] 7ff6f6c454dd
[12] 7ff6f6c44633
[13] 7ff6f6c40bbf
[14] 7ff6f6c4af6b
[15] 7ff6f6c271f7
[16] 7ff6f6c2772e
[17] 7ffd6fbdcd87 BaseThreadInitThunk
[18] 7ffd70e0caec RtlUserThreadStart
Caused by: (JsonException) Improper conversion to JsonArray from object
[0] 7ff6f6c2b2a3
[1] 7ff6f6c29fce
[2] 7ff6f6bc4f4a
[3] 7ff6f6bd2382
[4] 7ff6f6c47b17
[5] 7ff6f6c3c712
[6] 7ff6f6c39b3b
[7] 7ff6f6c454dd
[8] 7ff6f6c44633
[9] 7ff6f6c40bbf
[10] 7ff6f6c4af6b
[11] 7ff6f6c271f7
[12] 7ff6f6c2772e
[13] 7ffd6fbdcd87 BaseThreadInitThunk
[14] 7ffd70e0caec RtlUserThreadStart
[Error] Error loading object file /objects/farmables/alta/main/yaavi/sort/ct_yaavi_sort.object: (AssetException) Error loading asset /objects/farmables/alta/main/yaavi/sort/ct_yaavi_sort.object
[0] 7ff6f6c2b2a3
[1] 7ff6f6c29fce
[2] 7ff6f6c366ca
[3] 7ff6f6c427c2
[4] 7ff6f6c442b9
[5] 7ff6f6eac254
[6] 7ff6f6f95105
[7] 7ff6f6f99749
[8] 7ff6f6f8bacf
[9] 7ff6f6f8f536
[10] 7ff6f6f8ce99
[11] 7ff6f6f9baa6
[12] 7ff6f6f9a197
[13] 7ff6f6f91e13
[14] 7ff6f6f8fd59
[15] 7ff6f6fa0f32
[16] 7ff6f6f8bd40
[17] 7ff6f6f8f1a9
[18] 7ff6f6f8caac
[19] 7ff6f6f8bdce
[20] 7ff6f6f8b52e
[21] 7ff6f6f9b512
[22] 7ff6f6c2126b
[23] 7ff6f6c22092
[24] 7ff6f6c2772e
[25] 7ffd6fbdcd87 BaseThreadInitThunk
[26] 7ffd70e0caec RtlUserThreadStart
[Error] Exception caught loading asset: /objects/crafting/enhancedstoragesign/enhancedstoragesign.object, (AssetException) Could not read JSON asset /objects/crafting/enhancedstoragesign/enhancedstoragesign.object
[0] 7ff6f6c2b2a3
[1] 7ff6f6c29fce
[2] 7ff6f6c2a0b8
[3] 7ff6f6c39e20
[4] 7ff6f7359d81
[5] 7ffd4930bb00 _CxxFrameHandler3
[6] 7ffd492f33c7 is_exception_typeof
[7] 7ffd70e841b6 RtlCaptureContext2
[8] 7ff6f6c3c712
[9] 7ff6f6c39b3b
[10] 7ff6f6c454dd
[11] 7ff6f6c44633
[12] 7ff6f6c40bbf
[13] 7ff6f6c4af6b
[14] 7ff6f6c271f7
[15] 7ff6f6c2772e
[16] 7ffd6fbdcd87 BaseThreadInitThunk
[17] 7ffd70e0caec RtlUserThreadStart
Caused by: (JsonParsingException) Cannot parse json file: /objects/crafting/enhancedstoragesign/enhancedstoragesign.object
[0] 7ff6f6c2b2a3
[1] 7ff6f6c29fce
[2] 7ff6f6c2a0b8
[3] 7ff6f6c3a980
[4] 7ff6f735b16b
[5] 7ffd4930bb00 _CxxFrameHandler3
[6] 7ffd492f33c7 is_exception_typeof
[7] 7ffd70e841b6 RtlCaptureContext2
[8] 7ff6f6c47b17
[9] 7ff6f6c3c712
[10] 7ff6f6c39b3b
[11] 7ff6f6c454dd
[12] 7ff6f6c44633
[13] 7ff6f6c40bbf
[14] 7ff6f6c4af6b
[15] 7ff6f6c271f7
[16] 7ff6f6c2772e
[17] 7ffd6fbdcd87 BaseThreadInitThunk
[18] 7ffd70e0caec RtlUserThreadStart
Caused by: (JsonException) Improper conversion to JsonArray from object
[0] 7ff6f6c2b2a3
[1] 7ff6f6c29fce
[2] 7ff6f6bc4f4a
[3] 7ff6f6bd2382
[4] 7ff6f6c47b17
[5] 7ff6f6c3c712
[6] 7ff6f6c39b3b
[7] 7ff6f6c454dd
[8] 7ff6f6c44633
[9] 7ff6f6c40bbf
[10] 7ff6f6c4af6b
[11] 7ff6f6c271f7
[12] 7ff6f6c2772e
[13] 7ffd6fbdcd87 BaseThreadInitThunk
[14] 7ffd70e0caec RtlUserThreadStart
[Error] Error loading object file /objects/crafting/enhancedstoragesign/enhancedstoragesign.object: (AssetException) Error loading asset /objects/crafting/enhancedstoragesign/enhancedstoragesign.object
[0] 7ff6f6c2b2a3
[1] 7ff6f6c29fce
[2] 7ff6f6c366ca
[3] 7ff6f6c427c2
[4] 7ff6f6c442b9
[5] 7ff6f6eac254
[6] 7ff6f6f95105
[7] 7ff6f6f99749
[8] 7ff6f6f8bacf
[9] 7ff6f6f8f536
[10] 7ff6f6f8ce99
[11] 7ff6f6f9baa6
[12] 7ff6f6f9a197
[13] 7ff6f6f91e13
[14] 7ff6f6f8fd59
[15] 7ff6f6fa0f32
[16] 7ff6f6f8bd40
[17] 7ff6f6f8f1a9
[18] 7ff6f6f8caac
[19] 7ff6f6f8bdce
[20] 7ff6f6f8b52e
[21] 7ff6f6f9b512
[22] 7ff6f6c2126b
[23] 7ff6f6c22092
[24] 7ff6f6c2772e
[25] 7ffd6fbdcd87 BaseThreadInitThunk
[26] 7ffd70e0caec RtlUserThreadStart
[Error] Exception caught loading asset: /objects/CORPUSSHIP/esc_corpus_humanshiplockerTier0/esc_corpus_humanshiplockerTier0.object, (AssetException) Could not read JSON asset /objects/CORPUSSHIP/esc_corpus_humanshiplockerTier0/esc_corpus_humanshiplockerTier0.object
[0] 7ff6f6c2b2a3
[1] 7ff6f6c29fce
[2] 7ff6f6c2a0b8
[3] 7ff6f6c39e20
[4] 7ff6f7359d81
[5] 7ffd4930bb00 _CxxFrameHandler3
[6] 7ffd492f33c7 is_exception_typeof
[7] 7ffd70e841b6 RtlCaptureContext2
[8] 7ff6f6c3c712
[9] 7ff6f6c39b3b
[10] 7ff6f6c454dd
[11] 7ff6f6c44633
[12] 7ff6f6c40bbf
[13] 7ff6f6c4af6b
[14] 7ff6f6c271f7
[15] 7ff6f6c2772e
[16] 7ffd6fbdcd87 BaseThreadInitThunk
[17] 7ffd70e0caec RtlUserThreadStart
Caused by: (JsonParsingException) Cannot parse json file: /objects/CORPUSSHIP/esc_corpus_humanshiplockerTier0/esc_corpus_humanshiplockerTier0.object
[0] 7ff6f6c2b2a3
[1] 7ff6f6c29fce
[2] 7ff6f6c2a0b8
[3] 7ff6f6c3a980
[4] 7ff6f735b16b
[5] 7ffd4930bb00 _CxxFrameHandler3
[6] 7ffd492f33c7 is_exception_typeof
[7] 7ffd70e841b6 RtlCaptureContext2
[8] 7ff6f6c47b17
[9] 7ff6f6c3c712
[10] 7ff6f6c39b3b
[11] 7ff6f6c454dd
[12] 7ff6f6c44633
[13] 7ff6f6c40bbf
[14] 7ff6f6c4af6b
[15] 7ff6f6c271f7
[16] 7ff6f6c2772e
[17] 7ffd6fbdcd87 BaseThreadInitThunk
[18] 7ffd70e0caec RtlUserThreadStart
Caused by: (JsonException) Improper conversion to JsonArray from object
[0] 7ff6f6c2b2a3
[1] 7ff6f6c29fce
[2] 7ff6f6bc4f4a
[3] 7ff6f6bd2382
[4] 7ff6f6c47b17
[5] 7ff6f6c3c712
[6] 7ff6f6c39b3b
[7] 7ff6f6c454dd
[8] 7ff6f6c44633
[9] 7ff6f6c40bbf
[10] 7ff6f6c4af6b
[11] 7ff6f6c271f7
[12] 7ff6f6c2772e
[13] 7ffd6fbdcd87 BaseThreadInitThunk
[14] 7ffd70e0caec RtlUserThreadStart
[Error] Error loading object file /objects/CORPUSSHIP/esc_corpus_humanshiplockerTier0/esc_corpus_humanshiplockerTier0.object: (AssetException) Error loading asset /objects/CORPUSSHIP/esc_corpus_humanshiplockerTier0/esc_corpus_humanshiplockerTier0.object
[0] 7ff6f6c2b2a3
[1] 7ff6f6c29fce
[2] 7ff6f6c366ca
[3] 7ff6f6c427c2
[4] 7ff6f6c442b9
[5] 7ff6f6eac254
[6] 7ff6f6f95105
[7] 7ff6f6f99749
[8] 7ff6f6f8bacf
[9] 7ff6f6f8f536
[10] 7ff6f6f8ce99
[11] 7ff6f6f9baa6
[12] 7ff6f6f9a197
[13] 7ff6f6f91e13
[14] 7ff6f6f8fd59
[15] 7ff6f6fa0f32
[16] 7ff6f6f8bd40
[17] 7ff6f6f8f1a9
[18] 7ff6f6f8caac
[19] 7ff6f6f8bdce
[20] 7ff6f6f8b52e
[21] 7ff6f6f9b512
[22] 7ff6f6c2126b
[23] 7ff6f6c22092
[24] 7ff6f6c2772e
[25] 7ffd6fbdcd87 BaseThreadInitThunk
[26] 7ffd70e0caec RtlUserThreadStart
[Error] Exception caught loading asset: /objects/decor/ccccc_potter/Glass/GlassLamp0.object, (AssetException) Could not read JSON asset /objects/decor/ccccc_potter/Glass/GlassLamp0.object
[0] 7ff6f6c2b2a3
[1] 7ff6f6c29fce
[2] 7ff6f6c2a0b8
[3] 7ff6f6c39e20
[4] 7ff6f7359d81
[5] 7ffd4930bb00 _CxxFrameHandler3
[6] 7ffd492f33c7 is_exception_typeof
[7] 7ffd70e841b6 RtlCaptureContext2
[8] 7ff6f6c3c712
[9] 7ff6f6c39b3b
[10] 7ff6f6c454dd
[11] 7ff6f6c44633
[12] 7ff6f6c40bbf
[13] 7ff6f6c4af6b
[14] 7ff6f6c271f7
[15] 7ff6f6c2772e
[16] 7ffd6fbdcd87 BaseThreadInitThunk
[17] 7ffd70e0caec RtlUserThreadStart
Caused by: (JsonParsingException) Cannot parse json file: /objects/decor/ccccc_potter/Glass/GlassLamp0.object
[0] 7ff6f6c2b2a3
[1] 7ff6f6c29fce
[2] 7ff6f6c2a0b8
[3] 7ff6f6c3a980
[4] 7ff6f735b16b
[5] 7ffd4930bb00 _CxxFrameHandler3
[6] 7ffd492f33c7 is_exception_typeof
[7] 7ffd70e841b6 RtlCaptureContext2
[8] 7ff6f6c47b17
[9] 7ff6f6c3c712
[10] 7ff6f6c39b3b
[11] 7ff6f6c454dd
[12] 7ff6f6c44633
[13] 7ff6f6c40bbf
[14] 7ff6f6c4af6b
[15] 7ff6f6c271f7
[16] 7ff6f6c2772e
[17] 7ffd6fbdcd87 BaseThreadInitThunk
[18] 7ffd70e0caec RtlUserThreadStart
Caused by: (JsonException) Improper conversion to JsonArray from object
[0] 7ff6f6c2b2a3
[1] 7ff6f6c29fce
[2] 7ff6f6bc4f4a
[3] 7ff6f6bd2382
[4] 7ff6f6c47b17
[5] 7ff6f6c3c712
[6] 7ff6f6c39b3b
[7] 7ff6f6c454dd
[8] 7ff6f6c44633
[9] 7ff6f6c40bbf
[10] 7ff6f6c4af6b
[11] 7ff6f6c271f7
[12] 7ff6f6c2772e
[13] 7ffd6fbdcd87 BaseThreadInitThunk
[14] 7ffd70e0caec RtlUserThreadStart
[Error] Error loading object file /objects/decor/ccccc_potter/Glass/GlassLamp0.object: (AssetException) Error loading asset /objects/decor/ccccc_potter/Glass/GlassLamp0.object
[0] 7ff6f6c2b2a3
[1] 7ff6f6c29fce
[2] 7ff6f6c366ca
[3] 7ff6f6c427c2
[4] 7ff6f6c442b9
[5] 7ff6f6eac254
[6] 7ff6f6f95105
[7] 7ff6f6f99749
[8] 7ff6f6f8bacf
[9] 7ff6f6f8f536
[10] 7ff6f6f8ce99
[11] 7ff6f6f9baa6
[12] 7ff6f6f9a197
[13] 7ff6f6f91e13
[14] 7ff6f6f8fd59
[15] 7ff6f6fa0f32
[16] 7ff6f6f8bd40
[17] 7ff6f6f8f1a9
[18] 7ff6f6f8caac
[19] 7ff6f6f8bdce
[20] 7ff6f6f8b52e
[21] 7ff6f6f9b512
[22] 7ff6f6c2126b
[23] 7ff6f6c22092
[24] 7ff6f6c2772e
[25] 7ffd6fbdcd87 BaseThreadInitThunk
[26] 7ffd70e0caec RtlUserThreadStart
[Error] Could not apply patch from file /objects/crafting/sheilaworkshop/sheilaworkshopnomusic.object.patch in source: ..\mods\female_translation.pak.  Caused by: (JsonPatchException) Could not apply patch to base. (JsonPatchException) Could not apply operation to base. (JsonException) Cannot call get with key on Json type array, must be Object type
[Error] Could not apply patch from file /objects/SPACE/gic_exhaust_bottom/gic_exhaust_bottom.object.patch in source: ..\mods\female_translation.pak.  Caused by: (JsonPatchException) Could not apply patch to base. (JsonPatchException) Could not apply operation to base. (JsonException) Cannot call get with key on Json type array, must be Object type
[Error] Could not apply patch from file /objects/sheilaworkshop/black_furniture/black_titansteelcanistersmallerchius/black_titansteelcanistersmallerchius.object.patch in source: ..\mods\female_translation.pak.  Caused by: (JsonPatchException) Could not apply patch to base. (JsonPatchException) Could not apply operation to base. (JsonException) Cannot call get with key on Json type array, must be Object type
[Error] Could not apply patch from file /objects/sheilaworkshop/black_radios/black_landofconfusion/black_landofconfusion.object.patch in source: ..\mods\female_translation.pak.  Caused by: (JsonPatchException) Could not apply patch to base. (JsonPatchException) Could not apply operation to base. (JsonException) Cannot call get with key on Json type array, must be Object type
[Error] Could not apply patch from file /objects/SPACE/gic_spacestationslidingdoor_dark/gic_spacestationslidingdoor_dark.object.patch in source: ..\mods\female_translation.pak.  Caused by: (JsonPatchException) Could not apply patch to base. (JsonPatchException) Could not apply operation to base. (JsonException) Cannot call get with key on Json type array, must be Object type
[Error] Could not apply patch from file /objects/sheilaworkshop/black_radios/black_bakerstreet/black_bakerstreet.object.patch in source: ..\mods\female_translation.pak.  Caused by: (JsonPatchException) Could not apply patch to base. (JsonPatchException) Could not apply operation to base. (JsonException) Cannot call get with key on Json type array, must be Object type
[Error] Exception caught loading asset: /objects/wwoutpost/ww_outpostbartop.object, (AssetException) Could not read JSON asset /objects/wwoutpost/ww_outpostbartop.object
[0] 7ff6f6c2b2a3
[1] 7ff6f6c29fce
[2] 7ff6f6c2a0b8
[3] 7ff6f6c39e20
[4] 7ff6f7359d81
[5] 7ffd4930bb00 _CxxFrameHandler3
[6] 7ffd492f33c7 is_exception_typeof
[7] 7ffd70e841b6 RtlCaptureContext2
[8] 7ff6f6c3c712
[9] 7ff6f6c39b3b
[10] 7ff6f6c454dd
[11] 7ff6f6c44633
[12] 7ff6f6c40bbf
[13] 7ff6f6c4af6b
[14] 7ff6f6c271f7
[15] 7ff6f6c2772e
[16] 7ffd6fbdcd87 BaseThreadInitThunk
[17] 7ffd70e0caec RtlUserThreadStart
Caused by: (JsonParsingException) Cannot parse json file: /objects/wwoutpost/ww_outpostbartop.object
[0] 7ff6f6c2b2a3
[1] 7ff6f6c29fce
[2] 7ff6f6c2a0b8
[3] 7ff6f6c3a980
[4] 7ff6f735b16b
[5] 7ffd4930bb00 _CxxFrameHandler3
[6] 7ffd492f33c7 is_exception_typeof
[7] 7ffd70e841b6 RtlCaptureContext2
[8] 7ff6f6c47b17
[9] 7ff6f6c3c712
[10] 7ff6f6c39b3b
[11] 7ff6f6c454dd
[12] 7ff6f6c44633
[13] 7ff6f6c40bbf
[14] 7ff6f6c4af6b
[15] 7ff6f6c271f7
[16] 7ff6f6c2772e
[17] 7ffd6fbdcd87 BaseThreadInitThunk
[18] 7ffd70e0caec RtlUserThreadStart
Caused by: (JsonException) Improper conversion to JsonArray from object
[0] 7ff6f6c2b2a3
[1] 7ff6f6c29fce
[2] 7ff6f6bc4f4a
[3] 7ff6f6bd2382
[4] 7ff6f6c47b17
[5] 7ff6f6c3c712
[6] 7ff6f6c39b3b
[7] 7ff6f6c454dd
[8] 7ff6f6c44633
[9] 7ff6f6c40bbf
[10] 7ff6f6c4af6b
[11] 7ff6f6c271f7
[12] 7ff6f6c2772e
[13] 7ffd6fbdcd87 BaseThreadInitThunk
[14] 7ffd70e0caec RtlUserThreadStart
[Error] Error loading object file /objects/wwoutpost/ww_outpostbartop.object: (AssetException) Error loading asset /objects/wwoutpost/ww_outpostbartop.object
[0] 7ff6f6c2b2a3
[1] 7ff6f6c29fce
[2] 7ff6f6c366ca
[3] 7ff6f6c427c2
[4] 7ff6f6c442b9
[5] 7ff6f6eac254
[6] 7ff6f6f95105
[7] 7ff6f6f99749
[8] 7ff6f6f8bacf
[9] 7ff6f6f8f536
[10] 7ff6f6f8ce99
[11] 7ff6f6f9baa6
[12] 7ff6f6f9a197
[13] 7ff6f6f91e13
[14] 7ff6f6f8fd59
[15] 7ff6f6fa0f32
[16] 7ff6f6f8bd40
[17] 7ff6f6f8f1a9
[18] 7ff6f6f8caac
[19] 7ff6f6f8bdce
[20] 7ff6f6f8b52e
[21] 7ff6f6f9b512
[22] 7ff6f6c2126b
[23] 7ff6f6c22092
[24] 7ff6f6c2772e
[25] 7ffd6fbdcd87 BaseThreadInitThunk
[26] 7ffd70e0caec RtlUserThreadStart
[Error] Exception caught loading asset: /objects/viera/nanzies/nanzies.object, (AssetException) Could not read JSON asset /objects/viera/nanzies/nanzies.object
[0] 7ff6f6c2b2a3
[1] 7ff6f6c29fce
[2] 7ff6f6c2a0b8
[3] 7ff6f6c39e20
[4] 7ff6f7359d81
[5] 7ffd4930bb00 _CxxFrameHandler3
[6] 7ffd492f33c7 is_exception_typeof
[7] 7ffd70e841b6 RtlCaptureContext2
[8] 7ff6f6c3c712
[9] 7ff6f6c39b3b
[10] 7ff6f6c454dd
[11] 7ff6f6c44633
[12] 7ff6f6c40bbf
[13] 7ff6f6c4af6b
[14] 7ff6f6c271f7
[15] 7ff6f6c2772e
[16] 7ffd6fbdcd87 BaseThreadInitThunk
[17] 7ffd70e0caec RtlUserThreadStart
Caused by: (JsonParsingException) Cannot parse json file: /objects/viera/nanzies/nanzies.object
[0] 7ff6f6c2b2a3
[1] 7ff6f6c29fce
[2] 7ff6f6c2a0b8
[3] 7ff6f6c3a980
[4] 7ff6f735b16b
[5] 7ffd4930bb00 _CxxFrameHandler3
[6] 7ffd492f33c7 is_exception_typeof
[7] 7ffd70e841b6 RtlCaptureContext2
[8] 7ff6f6c47b17
[9] 7ff6f6c3c712
[10] 7ff6f6c39b3b
[11] 7ff6f6c454dd
[12] 7ff6f6c44633
[13] 7ff6f6c40bbf
[14] 7ff6f6c4af6b
[15] 7ff6f6c271f7
[16] 7ff6f6c2772e
[17] 7ffd6fbdcd87 BaseThreadInitThunk
[18] 7ffd70e0caec RtlUserThreadStart
Caused by: (JsonException) Improper conversion to JsonArray from object
[0] 7ff6f6c2b2a3
[1] 7ff6f6c29fce
[2] 7ff6f6bc4f4a
[3] 7ff6f6bd2382
[4] 7ff6f6c47b17
[5] 7ff6f6c3c712
[6] 7ff6f6c39b3b
[7] 7ff6f6c454dd
[8] 7ff6f6c44633
[9] 7ff6f6c40bbf
[10] 7ff6f6c4af6b
[11] 7ff6f6c271f7
[12] 7ff6f6c2772e
[13] 7ffd6fbdcd87 BaseThreadInitThunk
[14] 7ffd70e0caec RtlUserThreadStart
[Error] Error loading object file /objects/viera/nanzies/nanzies.object: (AssetException) Error loading asset /objects/viera/nanzies/nanzies.object
[0] 7ff6f6c2b2a3
[1] 7ff6f6c29fce
[2] 7ff6f6c366ca
[3] 7ff6f6c427c2
[4] 7ff6f6c442b9
[5] 7ff6f6eac254
[6] 7ff6f6f95105
[7] 7ff6f6f99749
[8] 7ff6f6f8bacf
[9] 7ff6f6f8f536
[10] 7ff6f6f8ce99
[11] 7ff6f6f9baa6
[12] 7ff6f6f9a197
[13] 7ff6f6f91e13
[14] 7ff6f6f8fd59
[15] 7ff6f6fa0f32
[16] 7ff6f6f8bd40
[17] 7ff6f6f8f1a9
[18] 7ff6f6f8caac
[19] 7ff6f6f8bdce
[20] 7ff6f6f8b52e
[21] 7ff6f6f9b512
[22] 7ff6f6c2126b
[23] 7ff6f6c22092
[24] 7ff6f6c2772e
[25] 7ffd6fbdcd87 BaseThreadInitThunk
[26] 7ffd70e0caec RtlUserThreadStart
[Error] Exception caught loading asset: /objects/ship/lustlingtechstation/lustlingtechstation.object, (AssetException) Could not read JSON asset /objects/ship/lustlingtechstation/lustlingtechstation.object
[0] 7ff6f6c2b2a3
[1] 7ff6f6c29fce
[2] 7ff6f6c2a0b8
[3] 7ff6f6c39e20
[4] 7ff6f7359d81
[5] 7ffd4930bb00 _CxxFrameHandler3
[6] 7ffd492f33c7 is_exception_typeof
[7] 7ffd70e841b6 RtlCaptureContext2
[8] 7ff6f6c3c712
[9] 7ff6f6c39b3b
[10] 7ff6f6c454dd
[11] 7ff6f6c44633
[12] 7ff6f6c40bbf
[13] 7ff6f6c4af6b
[14] 7ff6f6c271f7
[15] 7ff6f6c2772e
[16] 7ffd6fbdcd87 BaseThreadInitThunk
[17] 7ffd70e0caec RtlUserThreadStart
Caused by: (JsonParsingException) Cannot parse json file: /objects/ship/lustlingtechstation/lustlingtechstation.object
[0] 7ff6f6c2b2a3
[1] 7ff6f6c29fce
[2] 7ff6f6c2a0b8
[3] 7ff6f6c3a980
[4] 7ff6f735b16b
[5] 7ffd4930bb00 _CxxFrameHandler3
[6] 7ffd492f33c7 is_exception_typeof
[7] 7ffd70e841b6 RtlCaptureContext2
[8] 7ff6f6c47b17
[9] 7ff6f6c3c712
[10] 7ff6f6c39b3b
[11] 7ff6f6c454dd
[12] 7ff6f6c44633
[13] 7ff6f6c40bbf
[14] 7ff6f6c4af6b
[15] 7ff6f6c271f7
[16] 7ff6f6c2772e
[17] 7ffd6fbdcd87 BaseThreadInitThunk
[18] 7ffd70e0caec RtlUserThreadStart
Caused by: (JsonException) Improper conversion to JsonArray from object
[0] 7ff6f6c2b2a3
[1] 7ff6f6c29fce
[2] 7ff6f6bc4f4a
[3] 7ff6f6bd2382
[4] 7ff6f6c47b17
[5] 7ff6f6c3c712
[6] 7ff6f6c39b3b
[7] 7ff6f6c454dd
[8] 7ff6f6c44633
[9] 7ff6f6c40bbf
[10] 7ff6f6c4af6b
[11] 7ff6f6c271f7
[12] 7ff6f6c2772e
[13] 7ffd6fbdcd87 BaseThreadInitThunk
[14] 7ffd70e0caec RtlUserThreadStart
[Error] Error loading object file /objects/ship/lustlingtechstation/lustlingtechstation.object: (AssetException) Error loading asset /objects/ship/lustlingtechstation/lustlingtechstation.object
[0] 7ff6f6c2b2a3
[1] 7ff6f6c29fce
[2] 7ff6f6c366ca
[3] 7ff6f6c427c2
[4] 7ff6f6c442b9
[5] 7ff6f6eac254
[6] 7ff6f6f95105
[7] 7ff6f6f99749
[8] 7ff6f6f8bacf
[9] 7ff6f6f8f536
[10] 7ff6f6f8ce99
[11] 7ff6f6f9baa6
[12] 7ff6f6f9a197
[13] 7ff6f6f91e13
[14] 7ff6f6f8fd59
[15] 7ff6f6fa0f32
[16] 7ff6f6f8bd40
[17] 7ff6f6f8f1a9
[18] 7ff6f6f8caac
[19] 7ff6f6f8bdce
[20] 7ff6f6f8b52e
[21] 7ff6f6f9b512
[22] 7ff6f6c2126b
[23] 7ff6f6c22092
[24] 7ff6f6c2772e
[25] 7ffd6fbdcd87 BaseThreadInitThunk
[26] 7ffd70e0caec RtlUserThreadStart
[Info] Root: Loaded ObjectDatabase in 20.8942 seconds
[Info] Root: Loaded DanceDatabase in 0.0291043 seconds
[Error] Exception caught loading asset: /monsters/GICEXP/GLYPHID/gicexp_glyphidgrunt/gicexp_glyphidgrunt.monstertype, (AssetException) Could not read JSON asset /monsters/GICEXP/GLYPHID/gicexp_glyphidgrunt/gicexp_glyphidgrunt.monstertype
[0] 7ff6f6c2b2a3
[1] 7ff6f6c29fce
[2] 7ff6f6c2a0b8
[3] 7ff6f6c39e20
[4] 7ff6f7359d81
[5] 7ffd4930bb00 _CxxFrameHandler3
[6] 7ffd492f33c7 is_exception_typeof
[7] 7ffd70e841b6 RtlCaptureContext2
[8] 7ff6f6c3c712
[9] 7ff6f6c39b3b
[10] 7ff6f6c454dd
[11] 7ff6f6c44633
[12] 7ff6f6c40bbf
[13] 7ff6f6c4af6b
[14] 7ff6f6c271f7
[15] 7ff6f6c2772e
[16] 7ffd6fbdcd87 BaseThreadInitThunk
[17] 7ffd70e0caec RtlUserThreadStart
Caused by: (JsonParsingException) Cannot parse json file: /monsters/GICEXP/GLYPHID/gicexp_glyphidgrunt/gicexp_glyphidgrunt.monstertype
[0] 7ff6f6c2b2a3
[1] 7ff6f6c29fce
[2] 7ff6f6c2a0b8
[3] 7ff6f6c3a980
[4] 7ff6f735b16b
[5] 7ffd4930bb00 _CxxFrameHandler3
[6] 7ffd492f33c7 is_exception_typeof
[7] 7ffd70e841b6 RtlCaptureContext2
[8] 7ff6f6c47b17
[9] 7ff6f6c3c712
[10] 7ff6f6c39b3b
[11] 7ff6f6c454dd
[12] 7ff6f6c44633
[13] 7ff6f6c40bbf
[14] 7ff6f6c4af6b
[15] 7ff6f6c271f7
[16] 7ff6f6c2772e
[17] 7ffd6fbdcd87 BaseThreadInitThunk
[18] 7ffd70e0caec RtlUserThreadStart
Caused by: (JsonException) Improper conversion to JsonArray from object
[0] 7ff6f6c2b2a3
[1] 7ff6f6c29fce
[2] 7ff6f6bc4f4a
[3] 7ff6f6bd2382
[4] 7ff6f6c47b17
[5] 7ff6f6c3c712
[6] 7ff6f6c39b3b
[7] 7ff6f6c454dd
[8] 7ff6f6c44633
[9] 7ff6f6c40bbf
[10] 7ff6f6c4af6b
[11] 7ff6f6c271f7
[12] 7ff6f6c2772e
[13] 7ffd6fbdcd87 BaseThreadInitThunk
[14] 7ffd70e0caec RtlUserThreadStart
[Error] Exception caught loading asset: /monsters/dungeons/v-gammaraysentry/v-gammaraysentry.monstertype, (AssetException) Could not read JSON asset /monsters/dungeons/v-gammaraysentry/v-gammaraysentry.monstertype
[0] 7ff6f6c2b2a3
[1] 7ff6f6c29fce
[2] 7ff6f6c2a0b8
[3] 7ff6f6c39e20
[4] 7ff6f7359d81
[5] 7ffd4930bb00 _CxxFrameHandler3
[6] 7ffd492f33c7 is_exception_typeof
[7] 7ffd70e841b6 RtlCaptureContext2
[8] 7ff6f6c3c712
[9] 7ff6f6c39b3b
[10] 7ff6f6c454dd
[11] 7ff6f6c44633
[12] 7ff6f6c40bbf
[13] 7ff6f6c4af6b
[14] 7ff6f6c271f7
[15] 7ff6f6c2772e
[16] 7ffd6fbdcd87 BaseThreadInitThunk
[17] 7ffd70e0caec RtlUserThreadStart
Caused by: (JsonParsingException) Cannot parse json file: /monsters/dungeons/v-gammaraysentry/v-gammaraysentry.monstertype
[0] 7ff6f6c2b2a3
[1] 7ff6f6c29fce
[2] 7ff6f6c2a0b8
[3] 7ff6f6c3a980
[4] 7ff6f735b16b
[5] 7ffd4930bb00 _CxxFrameHandler3
[6] 7ffd492f33c7 is_exception_typeof
[7] 7ffd70e841b6 RtlCaptureContext2
[8] 7ff6f6c47b17
[9] 7ff6f6c3c712
[10] 7ff6f6c39b3b
[11] 7ff6f6c454dd
[12] 7ff6f6c44633
[13] 7ff6f6c40bbf
[14] 7ff6f6c4af6b
[15] 7ff6f6c271f7
[16] 7ff6f6c2772e
[17] 7ffd6fbdcd87 BaseThreadInitThunk
[18] 7ffd70e0caec RtlUserThreadStart
Caused by: (JsonException) Improper conversion to JsonArray from object
[0] 7ff6f6c2b2a3
[1] 7ff6f6c29fce
[2] 7ff6f6bc4f4a
[3] 7ff6f6bd2382
[4] 7ff6f6c47b17
[5] 7ff6f6c3c712
[6] 7ff6f6c39b3b
[7] 7ff6f6c454dd
[8] 7ff6f6c44633
[9] 7ff6f6c40bbf
[10] 7ff6f6c4af6b
[11] 7ff6f6c271f7
[12] 7ff6f6c2772e
[13] 7ffd6fbdcd87 BaseThreadInitThunk
[14] 7ffd70e0caec RtlUserThreadStart
[Error] Could not apply patch from file /monsters/arcana_monsters/arcana_monster_holySword/arcana_monster_holySword.monstertype.patch in source: ..\mods\RPG_contents_1115920474.pak.  Caused by: (JsonPatchException) Could not apply patch to base. (JsonPatchException) Could not apply operation to base. (JsonException) Cannot call get with key on Json type array, must be Object type
[Error] Exception caught loading asset: /monsters/flyers/gasbag/gasbagstat.monstertype, (AssetException) Could not read JSON asset /monsters/flyers/gasbag/gasbagstat.monstertype
[0] 7ff6f6c2b2a3
[1] 7ff6f6c29fce
[2] 7ff6f6c2a0b8
[3] 7ff6f6c39e20
[4] 7ff6f7359d81
[5] 7ffd4930bb00 _CxxFrameHandler3
[6] 7ffd492f33c7 is_exception_typeof
[7] 7ffd70e841b6 RtlCaptureContext2
[8] 7ff6f6c3c712
[9] 7ff6f6c39b3b
[10] 7ff6f6c454dd
[11] 7ff6f6c44633
[12] 7ff6f6c40bbf
[13] 7ff6f6c4af6b
[14] 7ff6f6c271f7
[15] 7ff6f6c2772e
[16] 7ffd6fbdcd87 BaseThreadInitThunk
[17] 7ffd70e0caec RtlUserThreadStart
Caused by: (JsonParsingException) Cannot parse json file: /monsters/flyers/gasbag/gasbagstat.monstertype
[0] 7ff6f6c2b2a3
[1] 7ff6f6c29fce
[2] 7ff6f6c2a0b8
[3] 7ff6f6c3a980
[4] 7ff6f735b16b
[5] 7ffd4930bb00 _CxxFrameHandler3
[6] 7ffd492f33c7 is_exception_typeof
[7] 7ffd70e841b6 RtlCaptureContext2
[8] 7ff6f6c47b17
[9] 7ff6f6c3c712
[10] 7ff6f6c39b3b
[11] 7ff6f6c454dd
[12] 7ff6f6c44633
[13] 7ff6f6c40bbf
[14] 7ff6f6c4af6b
[15] 7ff6f6c271f7
[16] 7ff6f6c2772e
[17] 7ffd6fbdcd87 BaseThreadInitThunk
[18] 7ffd70e0caec RtlUserThreadStart
Caused by: (JsonException) Improper conversion to JsonArray from object
[0] 7ff6f6c2b2a3
[1] 7ff6f6c29fce
[2] 7ff6f6bc4f4a
[3] 7ff6f6bd2382
[4] 7ff6f6c47b17
[5] 7ff6f6c3c712
[6] 7ff6f6c39b3b
[7] 7ff6f6c454dd
[8] 7ff6f6c44633
[9] 7ff6f6c40bbf
[10] 7ff6f6c4af6b
[11] 7ff6f6c271f7
[12] 7ff6f6c2772e
[13] 7ffd6fbdcd87 BaseThreadInitThunk
[14] 7ffd70e0caec RtlUserThreadStart
[Error] Exception caught loading asset: /monsters/walkers/alpataurhuntress/alpataurhuntress.monstertype, (AssetException) Could not read JSON asset /monsters/walkers/alpataurhuntress/alpataurhuntress.monstertype
[0] 7ff6f6c2b2a3
[1] 7ff6f6c29fce
[2] 7ff6f6c2a0b8
[3] 7ff6f6c39e20
[4] 7ff6f7359d81
[5] 7ffd4930bb00 _CxxFrameHandler3
[6] 7ffd492f33c7 is_exception_typeof
[7] 7ffd70e841b6 RtlCaptureContext2
[8] 7ff6f6c3c712
[9] 7ff6f6c39b3b
[10] 7ff6f6c454dd
[11] 7ff6f6c44633
[12] 7ff6f6c40bbf
[13] 7ff6f6c4af6b
[14] 7ff6f6c271f7
[15] 7ff6f6c2772e
[16] 7ffd6fbdcd87 BaseThreadInitThunk
[17] 7ffd70e0caec RtlUserThreadStart
Caused by: (JsonParsingException) Cannot parse json file: /monsters/walkers/alpataurhuntress/alpataurhuntress.monstertype
[0] 7ff6f6c2b2a3
[1] 7ff6f6c29fce
[2] 7ff6f6c2a0b8
[3] 7ff6f6c3a980
[4] 7ff6f735b16b
[5] 7ffd4930bb00 _CxxFrameHandler3
[6] 7ffd492f33c7 is_exception_typeof
[7] 7ffd70e841b6 RtlCaptureContext2
[8] 7ff6f6c47b17
[9] 7ff6f6c3c712
[10] 7ff6f6c39b3b
[11] 7ff6f6c454dd
[12] 7ff6f6c44633
[13] 7ff6f6c40bbf
[14] 7ff6f6c4af6b
[15] 7ff6f6c271f7
[16] 7ff6f6c2772e
[17] 7ffd6fbdcd87 BaseThreadInitThunk
[18] 7ffd70e0caec RtlUserThreadStart
Caused by: (JsonException) Improper conversion to JsonArray from object
[0] 7ff6f6c2b2a3
[1] 7ff6f6c29fce
[2] 7ff6f6bc4f4a
[3] 7ff6f6bd2382
[4] 7ff6f6c47b17
[5] 7ff6f6c3c712
[6] 7ff6f6c39b3b
[7] 7ff6f6c454dd
[8] 7ff6f6c44633
[9] 7ff6f6c40bbf
[10] 7ff6f6c4af6b
[11] 7ff6f6c271f7
[12] 7ff6f6c2772e
[13] 7ffd6fbdcd87 BaseThreadInitThunk
[14] 7ffd70e0caec RtlUserThreadStart
[Error] Exception caught loading asset: /monsters/boss/v-strongholdboss/v-strongholdboss.monstertype, (AssetException) Could not read JSON asset /monsters/boss/v-strongholdboss/v-strongholdboss.monstertype
[0] 7ff6f6c2b2a3
[1] 7ff6f6c29fce
[2] 7ff6f6c2a0b8
[3] 7ff6f6c39e20
[4] 7ff6f7359d81
[5] 7ffd4930bb00 _CxxFrameHandler3
[6] 7ffd492f33c7 is_exception_typeof
[7] 7ffd70e841b6 RtlCaptureContext2
[8] 7ff6f6c3c712
[9] 7ff6f6c39b3b
[10] 7ff6f6c454dd
[11] 7ff6f6c44633
[12] 7ff6f6c40bbf
[13] 7ff6f6c4af6b
[14] 7ff6f6c271f7
[15] 7ff6f6c2772e
[16] 7ffd6fbdcd87 BaseThreadInitThunk
[17] 7ffd70e0caec RtlUserThreadStart
Caused by: (JsonParsingException) Cannot parse json file: /monsters/boss/v-strongholdboss/v-strongholdboss.monstertype
[0] 7ff6f6c2b2a3
[1] 7ff6f6c29fce
[2] 7ff6f6c2a0b8
[3] 7ff6f6c3a980
[4] 7ff6f735b16b
[5] 7ffd4930bb00 _CxxFrameHandler3
[6] 7ffd492f33c7 is_exception_typeof
[7] 7ffd70e841b6 RtlCaptureContext2
[8] 7ff6f6c47b17
[9] 7ff6f6c3c712
[10] 7ff6f6c39b3b
[11] 7ff6f6c454dd
[12] 7ff6f6c44633
[13] 7ff6f6c40bbf
[14] 7ff6f6c4af6b
[15] 7ff6f6c271f7
[16] 7ff6f6c2772e
[17] 7ffd6fbdcd87 BaseThreadInitThunk
[18] 7ffd70e0caec RtlUserThreadStart
Caused by: (JsonException) Improper conversion to JsonArray from object
[0] 7ff6f6c2b2a3
[1] 7ff6f6c29fce
[2] 7ff6f6bc4f4a
[3] 7ff6f6bd2382
[4] 7ff6f6c47b17
[5] 7ff6f6c3c712
[6] 7ff6f6c39b3b
[7] 7ff6f6c454dd
[8] 7ff6f6c44633
[9] 7ff6f6c40bbf
[10] 7ff6f6c4af6b
[11] 7ff6f6c271f7
[12] 7ff6f6c2772e
[13] 7ffd6fbdcd87 BaseThreadInitThunk
[14] 7ffd70e0caec RtlUserThreadStart
[Error] Could not apply patch from file /monsters/arcana_monsters/arcana_monster_abyssTentablob/arcana_monster_abyssTentablob.monstertype.patch in source: ..\mods\RPG_contents_1115920474.pak.  Caused by: (JsonPatchException) Could not apply patch to base. (JsonPatchException) Could not apply operation to base. (JsonException) Cannot call get with key on Json type array, must be Object type
[Error] Exception caught loading asset: /npcs/space/avalispaceguardcaptain.npctype, (AssetException) Could not read JSON asset /npcs/space/avalispaceguardcaptain.npctype
[0] 7ff6f6c2b2a3
[1] 7ff6f6c29fce
[2] 7ff6f6c2a0b8
[3] 7ff6f6c39e20
[4] 7ff6f7359d81
[5] 7ffd4930bb00 _CxxFrameHandler3
[6] 7ffd492f33c7 is_exception_typeof
[7] 7ffd70e841b6 RtlCaptureContext2
[8] 7ff6f6c3c712
[9] 7ff6f6c39b3b
[10] 7ff6f6c454dd
[11] 7ff6f6c44633
[12] 7ff6f6c40bbf
[13] 7ff6f6c4af6b
[14] 7ff6f6c271f7
[15] 7ff6f6c2772e
[16] 7ffd6fbdcd87 BaseThreadInitThunk
[17] 7ffd70e0caec RtlUserThreadStart
Caused by: (JsonParsingException) Cannot parse json file: /npcs/space/avalispaceguardcaptain.npctype
[0] 7ff6f6c2b2a3
[1] 7ff6f6c29fce
[2] 7ff6f6c2a0b8
[3] 7ff6f6c3a980
[4] 7ff6f735b16b
[5] 7ffd4930bb00 _CxxFrameHandler3
[6] 7ffd492f33c7 is_exception_typeof
[7] 7ffd70e841b6 RtlCaptureContext2
[8] 7ff6f6c47b17
[9] 7ff6f6c3c712
[10] 7ff6f6c39b3b
[11] 7ff6f6c454dd
[12] 7ff6f6c44633
[13] 7ff6f6c40bbf
[14] 7ff6f6c4af6b
[15] 7ff6f6c271f7
[16] 7ff6f6c2772e
[17] 7ffd6fbdcd87 BaseThreadInitThunk
[18] 7ffd70e0caec RtlUserThreadStart
Caused by: (JsonException) Improper conversion to JsonArray from object
[0] 7ff6f6c2b2a3
[1] 7ff6f6c29fce
[2] 7ff6f6bc4f4a
[3] 7ff6f6bd2382
[4] 7ff6f6c47b17
[5] 7ff6f6c3c712
[6] 7ff6f6c39b3b
[7] 7ff6f6c454dd
[8] 7ff6f6c44633
[9] 7ff6f6c40bbf
[10] 7ff6f6c4af6b
[11] 7ff6f6c271f7
[12] 7ff6f6c2772e
[13] 7ffd6fbdcd87 BaseThreadInitThunk
[14] 7ffd70e0caec RtlUserThreadStart
[Error] Exception caught loading asset: /npcs/factions/exousia/mwhaddon_mission/mwhaddon_mission_npc_exousia_soldat.npctype, (AssetException) Could not read JSON asset /npcs/factions/exousia/mwhaddon_mission/mwhaddon_mission_npc_exousia_soldat.npctype
[0] 7ff6f6c2b2a3
[1] 7ff6f6c29fce
[2] 7ff6f6c2a0b8
[3] 7ff6f6c39e20
[4] 7ff6f7359d81
[5] 7ffd4930bb00 _CxxFrameHandler3
[6] 7ffd492f33c7 is_exception_typeof
[7] 7ffd70e841b6 RtlCaptureContext2
[8] 7ff6f6c3c712
[9] 7ff6f6c39b3b
[10] 7ff6f6c454dd
[11] 7ff6f6c44633
[12] 7ff6f6c40bbf
[13] 7ff6f6c4af6b
[14] 7ff6f6c271f7
[15] 7ff6f6c2772e
[16] 7ffd6fbdcd87 BaseThreadInitThunk
[17] 7ffd70e0caec RtlUserThreadStart
Caused by: (JsonParsingException) Cannot parse json file: /npcs/factions/exousia/mwhaddon_mission/mwhaddon_mission_npc_exousia_soldat.npctype
[0] 7ff6f6c2b2a3
[1] 7ff6f6c29fce
[2] 7ff6f6c2a0b8
[3] 7ff6f6c3a980
[4] 7ff6f735b16b
[5] 7ffd4930bb00 _CxxFrameHandler3
[6] 7ffd492f33c7 is_exception_typeof
[7] 7ffd70e841b6 RtlCaptureContext2
[8] 7ff6f6c47b17
[9] 7ff6f6c3c712
[10] 7ff6f6c39b3b
[11] 7ff6f6c454dd
[12] 7ff6f6c44633
[13] 7ff6f6c40bbf
[14] 7ff6f6c4af6b
[15] 7ff6f6c271f7
[16] 7ff6f6c2772e
[17] 7ffd6fbdcd87 BaseThreadInitThunk
[18] 7ffd70e0caec RtlUserThreadStart
Caused by: (JsonException) Improper conversion to JsonArray from object
[0] 7ff6f6c2b2a3
[1] 7ff6f6c29fce
[2] 7ff6f6bc4f4a
[3] 7ff6f6bd2382
[4] 7ff6f6c47b17
[5] 7ff6f6c3c712
[6] 7ff6f6c39b3b
[7] 7ff6f6c454dd
[8] 7ff6f6c44633
[9] 7ff6f6c40bbf
[10] 7ff6f6c4af6b
[11] 7ff6f6c271f7
[12] 7ff6f6c2772e
[13] 7ffd6fbdcd87 BaseThreadInitThunk
[14] 7ffd70e0caec RtlUserThreadStart
[Error] Exception caught loading asset: /npcs/biome/starrycafe/om_starrycultistcafe.npctype, (AssetException) Could not read JSON asset /npcs/biome/starrycafe/om_starrycultistcafe.npctype
[0] 7ff6f6c2b2a3
[1] 7ff6f6c29fce
[2] 7ff6f6c2a0b8
[3] 7ff6f6c39e20
[4] 7ff6f7359d81
[5] 7ffd4930bb00 _CxxFrameHandler3
[6] 7ffd492f33c7 is_exception_typeof
[7] 7ffd70e841b6 RtlCaptureContext2
[8] 7ff6f6c3c712
[9] 7ff6f6c39b3b
[10] 7ff6f6c454dd
[11] 7ff6f6c44633
[12] 7ff6f6c40bbf
[13] 7ff6f6c4af6b
[14] 7ff6f6c271f7
[15] 7ff6f6c2772e
[16] 7ffd6fbdcd87 BaseThreadInitThunk
[17] 7ffd70e0caec RtlUserThreadStart
Caused by: (JsonParsingException) Cannot parse json file: /npcs/biome/starrycafe/om_starrycultistcafe.npctype
[0] 7ff6f6c2b2a3
[1] 7ff6f6c29fce
[2] 7ff6f6c2a0b8
[3] 7ff6f6c3a980
[4] 7ff6f735b16b
[5] 7ffd4930bb00 _CxxFrameHandler3
[6] 7ffd492f33c7 is_exception_typeof
[7] 7ffd70e841b6 RtlCaptureContext2
[8] 7ff6f6c47b17
[9] 7ff6f6c3c712
[10] 7ff6f6c39b3b
[11] 7ff6f6c454dd
[12] 7ff6f6c44633
[13] 7ff6f6c40bbf
[14] 7ff6f6c4af6b
[15] 7ff6f6c271f7
[16] 7ff6f6c2772e
[17] 7ffd6fbdcd87 BaseThreadInitThunk
[18] 7ffd70e0caec RtlUserThreadStart
Caused by: (JsonException) Improper conversion to JsonArray from object
[0] 7ff6f6c2b2a3
[1] 7ff6f6c29fce
[2] 7ff6f6bc4f4a
[3] 7ff6f6bd2382
[4] 7ff6f6c47b17
[5] 7ff6f6c3c712
[6] 7ff6f6c39b3b
[7] 7ff6f6c454dd
[8] 7ff6f6c44633
[9] 7ff6f6c40bbf
[10] 7ff6f6c4af6b
[11] 7ff6f6c271f7
[12] 7ff6f6c2772e
[13] 7ffd6fbdcd87 BaseThreadInitThunk
[14] 7ffd70e0caec RtlUserThreadStart
[Error] Exception caught loading asset: /npcs/scienceoutpost/fuoutpostcivilian2.npctype, (AssetException) Could not read JSON asset /npcs/scienceoutpost/fuoutpostcivilian2.npctype
[0] 7ff6f6c2b2a3
[1] 7ff6f6c29fce
[2] 7ff6f6c2a0b8
[3] 7ff6f6c39e20
[4] 7ff6f7359d81
[5] 7ffd4930bb00 _CxxFrameHandler3
[6] 7ffd492f33c7 is_exception_typeof
[7] 7ffd70e841b6 RtlCaptureContext2
[8] 7ff6f6c3c712
[9] 7ff6f6c39b3b
[10] 7ff6f6c454dd
[11] 7ff6f6c44633
[12] 7ff6f6c40bbf
[13] 7ff6f6c4af6b
[14] 7ff6f6c271f7
[15] 7ff6f6c2772e
[16] 7ffd6fbdcd87 BaseThreadInitThunk
[17] 7ffd70e0caec RtlUserThreadStart
Caused by: (JsonParsingException) Cannot parse json file: /npcs/scienceoutpost/fuoutpostcivilian2.npctype
[0] 7ff6f6c2b2a3
[1] 7ff6f6c29fce
[2] 7ff6f6c2a0b8
[3] 7ff6f6c3a980
[4] 7ff6f735b16b
[5] 7ffd4930bb00 _CxxFrameHandler3
[6] 7ffd492f33c7 is_exception_typeof
[7] 7ffd70e841b6 RtlCaptureContext2
[8] 7ff6f6c47b17
[9] 7ff6f6c3c712
[10] 7ff6f6c39b3b
[11] 7ff6f6c454dd
[12] 7ff6f6c44633
[13] 7ff6f6c40bbf
[14] 7ff6f6c4af6b
[15] 7ff6f6c271f7
[16] 7ff6f6c2772e
[17] 7ffd6fbdcd87 BaseThreadInitThunk
[18] 7ffd70e0caec RtlUserThreadStart
Caused by: (JsonException) Improper conversion to JsonArray from object
[0] 7ff6f6c2b2a3
[1] 7ff6f6c29fce
[2] 7ff6f6bc4f4a
[3] 7ff6f6bd2382
[4] 7ff6f6c47b17
[5] 7ff6f6c3c712
[6] 7ff6f6c39b3b
[7] 7ff6f6c454dd
[8] 7ff6f6c44633
[9] 7ff6f6c40bbf
[10] 7ff6f6c4af6b
[11] 7ff6f6c271f7
[12] 7ff6f6c2772e
[13] 7ffd6fbdcd87 BaseThreadInitThunk
[14] 7ffd70e0caec RtlUserThreadStart
[Error] Exception caught loading asset: /npcs/biome/threats/om_starrycultistnovakid.npctype, (AssetException) Could not read JSON asset /npcs/biome/threats/om_starrycultistnovakid.npctype
[0] 7ff6f6c2b2a3
[1] 7ff6f6c29fce
[2] 7ff6f6c2a0b8
[3] 7ff6f6c39e20
[4] 7ff6f7359d81
[5] 7ffd4930bb00 _CxxFrameHandler3
[6] 7ffd492f33c7 is_exception_typeof
[7] 7ffd70e841b6 RtlCaptureContext2
[8] 7ff6f6c3c712
[9] 7ff6f6c39b3b
[10] 7ff6f6c454dd
[11] 7ff6f6c44633
[12] 7ff6f6c40bbf
[13] 7ff6f6c4af6b
[14] 7ff6f6c271f7
[15] 7ff6f6c2772e
[16] 7ffd6fbdcd87 BaseThreadInitThunk
[17] 7ffd70e0caec RtlUserThreadStart
Caused by: (JsonParsingException) Cannot parse json file: /npcs/biome/threats/om_starrycultistnovakid.npctype
[0] 7ff6f6c2b2a3
[1] 7ff6f6c29fce
[2] 7ff6f6c2a0b8
[3] 7ff6f6c3a980
[4] 7ff6f735b16b
[5] 7ffd4930bb00 _CxxFrameHandler3
[6] 7ffd492f33c7 is_exception_typeof
[7] 7ffd70e841b6 RtlCaptureContext2
[8] 7ff6f6c47b17
[9] 7ff6f6c3c712
[10] 7ff6f6c39b3b
[11] 7ff6f6c454dd
[12] 7ff6f6c44633
[13] 7ff6f6c40bbf
[14] 7ff6f6c4af6b
[15] 7ff6f6c271f7
[16] 7ff6f6c2772e
[17] 7ffd6fbdcd87 BaseThreadInitThunk
[18] 7ffd70e0caec RtlUserThreadStart
Caused by: (JsonException) Improper conversion to JsonArray from object
[0] 7ff6f6c2b2a3
[1] 7ff6f6c29fce
[2] 7ff6f6bc4f4a
[3] 7ff6f6bd2382
[4] 7ff6f6c47b17
[5] 7ff6f6c3c712
[6] 7ff6f6c39b3b
[7] 7ff6f6c454dd
[8] 7ff6f6c44633
[9] 7ff6f6c40bbf
[10] 7ff6f6c4af6b
[11] 7ff6f6c271f7
[12] 7ff6f6c2772e
[13] 7ffd6fbdcd87 BaseThreadInitThunk
[14] 7ffd70e0caec RtlUserThreadStart
[Error] Exception caught loading asset: /npcs/outpost/azu.npctype, (AssetException) Could not read JSON asset /npcs/outpost/azu.npctype
[0] 7ff6f6c2b2a3
[1] 7ff6f6c29fce
[2] 7ff6f6c2a0b8
[3] 7ff6f6c39e20
[4] 7ff6f7359d81
[5] 7ffd4930bb00 _CxxFrameHandler3
[6] 7ffd492f33c7 is_exception_typeof
[7] 7ffd70e841b6 RtlCaptureContext2
[8] 7ff6f6c3c712
[9] 7ff6f6c39b3b
[10] 7ff6f6c454dd
[11] 7ff6f6c44633
[12] 7ff6f6c40bbf
[13] 7ff6f6c4af6b
[14] 7ff6f6c271f7
[15] 7ff6f6c2772e
[16] 7ffd6fbdcd87 BaseThreadInitThunk
[17] 7ffd70e0caec RtlUserThreadStart
Caused by: (JsonParsingException) Cannot parse json file: /npcs/outpost/azu.npctype
[0] 7ff6f6c2b2a3
[1] 7ff6f6c29fce
[2] 7ff6f6c2a0b8
[3] 7ff6f6c3a980
[4] 7ff6f735b16b
[5] 7ffd4930bb00 _CxxFrameHandler3
[6] 7ffd492f33c7 is_exception_typeof
[7] 7ffd70e841b6 RtlCaptureContext2
[8] 7ff6f6c47b17
[9] 7ff6f6c3c712
[10] 7ff6f6c39b3b
[11] 7ff6f6c454dd
[12] 7ff6f6c44633
[13] 7ff6f6c40bbf
[14] 7ff6f6c4af6b
[15] 7ff6f6c271f7
[16] 7ff6f6c2772e
[17] 7ffd6fbdcd87 BaseThreadInitThunk
[18] 7ffd70e0caec RtlUserThreadStart
Caused by: (JsonException) Improper conversion to JsonArray from object
[0] 7ff6f6c2b2a3
[1] 7ff6f6c29fce
[2] 7ff6f6bc4f4a
[3] 7ff6f6bd2382
[4] 7ff6f6c47b17
[5] 7ff6f6c3c712
[6] 7ff6f6c39b3b
[7] 7ff6f6c454dd
[8] 7ff6f6c44633
[9] 7ff6f6c40bbf
[10] 7ff6f6c4af6b
[11] 7ff6f6c271f7
[12] 7ff6f6c2772e
[13] 7ffd6fbdcd87 BaseThreadInitThunk
[14] 7ffd70e0caec RtlUserThreadStart
[Error] Exception caught loading asset: /npcs/crew/crewmemberengineer.npctype, (AssetException) Could not read JSON asset /npcs/crew/crewmemberengineer.npctype
[0] 7ff6f6c2b2a3
[1] 7ff6f6c29fce
[2] 7ff6f6c2a0b8
[3] 7ff6f6c39e20
[4] 7ff6f7359d81
[5] 7ffd4930bb00 _CxxFrameHandler3
[6] 7ffd492f33c7 is_exception_typeof
[7] 7ffd70e841b6 RtlCaptureContext2
[8] 7ff6f6c3c712
[9] 7ff6f6c39b3b
[10] 7ff6f6c454dd
[11] 7ff6f6c44633
[12] 7ff6f6c40bbf
[13] 7ff6f6c4af6b
[14] 7ff6f6c271f7
[15] 7ff6f6c2772e
[16] 7ffd6fbdcd87 BaseThreadInitThunk
[17] 7ffd70e0caec RtlUserThreadStart
Caused by: (JsonParsingException) Cannot parse json file: /npcs/crew/crewmemberengineer.npctype
[0] 7ff6f6c2b2a3
[1] 7ff6f6c29fce
[2] 7ff6f6c2a0b8
[3] 7ff6f6c3a980
[4] 7ff6f735b16b
[5] 7ffd4930bb00 _CxxFrameHandler3
[6] 7ffd492f33c7 is_exception_typeof
[7] 7ffd70e841b6 RtlCaptureContext2
[8] 7ff6f6c47b17
[9] 7ff6f6c3c712
[10] 7ff6f6c39b3b
[11] 7ff6f6c454dd
[12] 7ff6f6c44633
[13] 7ff6f6c40bbf
[14] 7ff6f6c4af6b
[15] 7ff6f6c271f7
[16] 7ff6f6c2772e
[17] 7ffd6fbdcd87 BaseThreadInitThunk
[18] 7ffd70e0caec RtlUserThreadStart
Caused by: (JsonException) Improper conversion to JsonArray from object
[0] 7ff6f6c2b2a3
[1] 7ff6f6c29fce
[2] 7ff6f6bc4f4a
[3] 7ff6f6bd2382
[4] 7ff6f6c47b17
[5] 7ff6f6c3c712
[6] 7ff6f6c39b3b
[7] 7ff6f6c454dd
[8] 7ff6f6c44633
[9] 7ff6f6c40bbf
[10] 7ff6f6c4af6b
[11] 7ff6f6c271f7
[12] 7ff6f6c2772e
[13] 7ffd6fbdcd87 BaseThreadInitThunk
[14] 7ffd70e0caec RtlUserThreadStart
[Error] Exception caught loading asset: /npcs/scienceoutpost/fuoutpostcivilian3.npctype, (AssetException) Could not read JSON asset /npcs/scienceoutpost/fuoutpostcivilian3.npctype
[0] 7ff6f6c2b2a3
[1] 7ff6f6c29fce
[2] 7ff6f6c2a0b8
[3] 7ff6f6c39e20
[4] 7ff6f7359d81
[5] 7ffd4930bb00 _CxxFrameHandler3
[6] 7ffd492f33c7 is_exception_typeof
[7] 7ffd70e841b6 RtlCaptureContext2
[8] 7ff6f6c3c712
[9] 7ff6f6c39b3b
[10] 7ff6f6c454dd
[11] 7ff6f6c44633
[12] 7ff6f6c40bbf
[13] 7ff6f6c4af6b
[14] 7ff6f6c271f7
[15] 7ff6f6c2772e
[16] 7ffd6fbdcd87 BaseThreadInitThunk
[17] 7ffd70e0caec RtlUserThreadStart
Caused by: (JsonParsingException) Cannot parse json file: /npcs/scienceoutpost/fuoutpostcivilian3.npctype
[0] 7ff6f6c2b2a3
[1] 7ff6f6c29fce
[2] 7ff6f6c2a0b8
[3] 7ff6f6c3a980
[4] 7ff6f735b16b
[5] 7ffd4930bb00 _CxxFrameHandler3
[6] 7ffd492f33c7 is_exception_typeof
[7] 7ffd70e841b6 RtlCaptureContext2
[8] 7ff6f6c47b17
[9] 7ff6f6c3c712
[10] 7ff6f6c39b3b
[11] 7ff6f6c454dd
[12] 7ff6f6c44633
[13] 7ff6f6c40bbf
[14] 7ff6f6c4af6b
[15] 7ff6f6c271f7
[16] 7ff6f6c2772e
[17] 7ffd6fbdcd87 BaseThreadInitThunk
[18] 7ffd70e0caec RtlUserThreadStart
Caused by: (JsonException) Improper conversion to JsonArray from object
[0] 7ff6f6c2b2a3
[1] 7ff6f6c29fce
[2] 7ff6f6bc4f4a
[3] 7ff6f6bd2382
[4] 7ff6f6c47b17
[5] 7ff6f6c3c712
[6] 7ff6f6c39b3b
[7] 7ff6f6c454dd
[8] 7ff6f6c44633
[9] 7ff6f6c40bbf
[10] 7ff6f6c4af6b
[11] 7ff6f6c271f7
[12] 7ff6f6c2772e
[13] 7ffd6fbdcd87 BaseThreadInitThunk
[14] 7ffd70e0caec RtlUserThreadStart
[Error] Exception caught loading asset: /npcs/crew/avikan/crewmembervanguard.npctype, (AssetException) Could not read JSON asset /npcs/crew/avikan/crewmembervanguard.npctype
[0] 7ff6f6c2b2a3
[1] 7ff6f6c29fce
[2] 7ff6f6c2a0b8
[3] 7ff6f6c39e20
[4] 7ff6f7359d81
[5] 7ffd4930bb00 _CxxFrameHandler3
[6] 7ffd492f33c7 is_exception_typeof
[7] 7ffd70e841b6 RtlCaptureContext2
[8] 7ff6f6c3c712
[9] 7ff6f6c39b3b
[10] 7ff6f6c454dd
[11] 7ff6f6c44633
[12] 7ff6f6c40bbf
[13] 7ff6f6c4af6b
[14] 7ff6f6c271f7
[15] 7ff6f6c2772e
[16] 7ffd6fbdcd87 BaseThreadInitThunk
[17] 7ffd70e0caec RtlUserThreadStart
Caused by: (JsonParsingException) Cannot parse json file: /npcs/crew/avikan/crewmembervanguard.npctype
[0] 7ff6f6c2b2a3
[1] 7ff6f6c29fce
[2] 7ff6f6c2a0b8
[3] 7ff6f6c3a980
[4] 7ff6f735b16b
[5] 7ffd4930bb00 _CxxFrameHandler3
[6] 7ffd492f33c7 is_exception_typeof
[7] 7ffd70e841b6 RtlCaptureContext2
[8] 7ff6f6c47b17
[9] 7ff6f6c3c712
[10] 7ff6f6c39b3b
[11] 7ff6f6c454dd
[12] 7ff6f6c44633
[13] 7ff6f6c40bbf
[14] 7ff6f6c4af6b
[15] 7ff6f6c271f7
[16] 7ff6f6c2772e
[17] 7ffd6fbdcd87 BaseThreadInitThunk
[18] 7ffd70e0caec RtlUserThreadStart
Caused by: (JsonException) Improper conversion to JsonArray from object
[0] 7ff6f6c2b2a3
[1] 7ff6f6c29fce
[2] 7ff6f6bc4f4a
[3] 7ff6f6bd2382
[4] 7ff6f6c47b17
[5] 7ff6f6c3c712
[6] 7ff6f6c39b3b
[7] 7ff6f6c454dd
[8] 7ff6f6c44633
[9] 7ff6f6c40bbf
[10] 7ff6f6c4af6b
[11] 7ff6f6c271f7
[12] 7ff6f6c2772e
[13] 7ffd6fbdcd87 BaseThreadInitThunk
[14] 7ffd70e0caec RtlUserThreadStart
[Error] Exception caught loading asset: /npcs/crew/aegi/crewmemberaegimedic.npctype, (AssetException) Could not read JSON asset /npcs/crew/aegi/crewmemberaegimedic.npctype
[0] 7ff6f6c2b2a3
[1] 7ff6f6c29fce
[2] 7ff6f6c2a0b8
[3] 7ff6f6c39e20
[4] 7ff6f7359d81
[5] 7ffd4930bb00 _CxxFrameHandler3
[6] 7ffd492f33c7 is_exception_typeof
[7] 7ffd70e841b6 RtlCaptureContext2
[8] 7ff6f6c3c712
[9] 7ff6f6c39b3b
[10] 7ff6f6c454dd
[11] 7ff6f6c44633
[12] 7ff6f6c40bbf
[13] 7ff6f6c4af6b
[14] 7ff6f6c271f7
[15] 7ff6f6c2772e
[16] 7ffd6fbdcd87 BaseThreadInitThunk
[17] 7ffd70e0caec RtlUserThreadStart
Caused by: (JsonParsingException) Cannot parse json file: /npcs/crew/aegi/crewmemberaegimedic.npctype
[0] 7ff6f6c2b2a3
[1] 7ff6f6c29fce
[2] 7ff6f6c2a0b8
[3] 7ff6f6c3a980
[4] 7ff6f735b16b
[5] 7ffd4930bb00 _CxxFrameHandler3
[6] 7ffd492f33c7 is_exception_typeof
[7] 7ffd70e841b6 RtlCaptureContext2
[8] 7ff6f6c47b17
[9] 7ff6f6c3c712
[10] 7ff6f6c39b3b
[11] 7ff6f6c454dd
[12] 7ff6f6c44633
[13] 7ff6f6c40bbf
[14] 7ff6f6c4af6b
[15] 7ff6f6c271f7
[16] 7ff6f6c2772e
[17] 7ffd6fbdcd87 BaseThreadInitThunk
[18] 7ffd70e0caec RtlUserThreadStart
Caused by: (JsonException) Improper conversion to JsonArray from object
[0] 7ff6f6c2b2a3
[1] 7ff6f6c29fce
[2] 7ff6f6bc4f4a
[3] 7ff6f6bd2382
[4] 7ff6f6c47b17
[5] 7ff6f6c3c712
[6] 7ff6f6c39b3b
[7] 7ff6f6c454dd
[8] 7ff6f6c44633
[9] 7ff6f6c40bbf
[10] 7ff6f6c4af6b
[11] 7ff6f6c271f7
[12] 7ff6f6c2772e
[13] 7ffd6fbdcd87 BaseThreadInitThunk
[14] 7ffd70e0caec RtlUserThreadStart
[Error] Exception caught loading asset: /npcs/mission/atprk_devoutattackminiboss.npctype, (AssetException) Could not read JSON asset /npcs/mission/atprk_devoutattackminiboss.npctype
[0] 7ff6f6c2b2a3
[1] 7ff6f6c29fce
[2] 7ff6f6c2a0b8
[3] 7ff6f6c39e20
[4] 7ff6f7359d81
[5] 7ffd4930bb00 _CxxFrameHandler3
[6] 7ffd492f33c7 is_exception_typeof
[7] 7ffd70e841b6 RtlCaptureContext2
[8] 7ff6f6c3c712
[9] 7ff6f6c39b3b
[10] 7ff6f6c454dd
[11] 7ff6f6c44633
[12] 7ff6f6c40bbf
[13] 7ff6f6c4af6b
[14] 7ff6f6c271f7
[15] 7ff6f6c2772e
[16] 7ffd6fbdcd87 BaseThreadInitThunk
[17] 7ffd70e0caec RtlUserThreadStart
Caused by: (JsonParsingException) Cannot parse json file: /npcs/mission/atprk_devoutattackminiboss.npctype
[0] 7ff6f6c2b2a3
[1] 7ff6f6c29fce
[2] 7ff6f6c2a0b8
[3] 7ff6f6c3a980
[4] 7ff6f735b16b
[5] 7ffd4930bb00 _CxxFrameHandler3
[6] 7ffd492f33c7 is_exception_typeof
[7] 7ffd70e841b6 RtlCaptureContext2
[8] 7ff6f6c47b17
[9] 7ff6f6c3c712
[10] 7ff6f6c39b3b
[11] 7ff6f6c454dd
[12] 7ff6f6c44633
[13] 7ff6f6c40bbf
[14] 7ff6f6c4af6b
[15] 7ff6f6c271f7
[16] 7ff6f6c2772e
[17] 7ffd6fbdcd87 BaseThreadInitThunk
[18] 7ffd70e0caec RtlUserThreadStart
Caused by: (JsonException) Improper conversion to JsonArray from object
[0] 7ff6f6c2b2a3
[1] 7ff6f6c29fce
[2] 7ff6f6bc4f4a
[3] 7ff6f6bd2382
[4] 7ff6f6c47b17
[5] 7ff6f6c3c712
[6] 7ff6f6c39b3b
[7] 7ff6f6c454dd
[8] 7ff6f6c44633
[9] 7ff6f6c40bbf
[10] 7ff6f6c4af6b
[11] 7ff6f6c271f7
[12] 7ff6f6c2772e
[13] 7ffd6fbdcd87 BaseThreadInitThunk
[14] 7ffd70e0caec RtlUserThreadStart
[Error] Exception caught loading asset: /npcs/crew/aegi/crewmemberaegisoldier.npctype, (AssetException) Could not read JSON asset /npcs/crew/aegi/crewmemberaegisoldier.npctype
[0] 7ff6f6c2b2a3
[1] 7ff6f6c29fce
[2] 7ff6f6c2a0b8
[3] 7ff6f6c39e20
[4] 7ff6f7359d81
[5] 7ffd4930bb00 _CxxFrameHandler3
[6] 7ffd492f33c7 is_exception_typeof
[7] 7ffd70e841b6 RtlCaptureContext2
[8] 7ff6f6c3c712
[9] 7ff6f6c39b3b
[10] 7ff6f6c454dd
[11] 7ff6f6c44633
[12] 7ff6f6c40bbf
[13] 7ff6f6c4af6b
[14] 7ff6f6c271f7
[15] 7ff6f6c2772e
[16] 7ffd6fbdcd87 BaseThreadInitThunk
[17] 7ffd70e0caec RtlUserThreadStart
Caused by: (JsonParsingException) Cannot parse json file: /npcs/crew/aegi/crewmemberaegisoldier.npctype
[0] 7ff6f6c2b2a3
[1] 7ff6f6c29fce
[2] 7ff6f6c2a0b8
[3] 7ff6f6c3a980
[4] 7ff6f735b16b
[5] 7ffd4930bb00 _CxxFrameHandler3
[6] 7ffd492f33c7 is_exception_typeof
[7] 7ffd70e841b6 RtlCaptureContext2
[8] 7ff6f6c47b17
[9] 7ff6f6c3c712
[10] 7ff6f6c39b3b
[11] 7ff6f6c454dd
[12] 7ff6f6c44633
[13] 7ff6f6c40bbf
[14] 7ff6f6c4af6b
[15] 7ff6f6c271f7
[16] 7ff6f6c2772e
[17] 7ffd6fbdcd87 BaseThreadInitThunk
[18] 7ffd70e0caec RtlUserThreadStart
Caused by: (JsonException) Improper conversion to JsonArray from object
[0] 7ff6f6c2b2a3
[1] 7ff6f6c29fce
[2] 7ff6f6bc4f4a
[3] 7ff6f6bd2382
[4] 7ff6f6c47b17
[5] 7ff6f6c3c712
[6] 7ff6f6c39b3b
[7] 7ff6f6c454dd
[8] 7ff6f6c44633
[9] 7ff6f6c40bbf
[10] 7ff6f6c4af6b
[11] 7ff6f6c271f7
[12] 7ff6f6c2772e
[13] 7ffd6fbdcd87 BaseThreadInitThunk
[14] 7ffd70e0caec RtlUserThreadStart
[Error] Exception caught loading asset: /npcs/chocoboknightwallace.npctype, (AssetException) Could not read JSON asset /npcs/chocoboknightwallace.npctype
[0] 7ff6f6c2b2a3
[1] 7ff6f6c29fce
[2] 7ff6f6c2a0b8
[3] 7ff6f6c39e20
[4] 7ff6f7359d81
[5] 7ffd4930bb00 _CxxFrameHandler3
[6] 7ffd492f33c7 is_exception_typeof
[7] 7ffd70e841b6 RtlCaptureContext2
[8] 7ff6f6c3c712
[9] 7ff6f6c39b3b
[10] 7ff6f6c454dd
[11] 7ff6f6c44633
[12] 7ff6f6c40bbf
[13] 7ff6f6c4af6b
[14] 7ff6f6c271f7
[15] 7ff6f6c2772e
[16] 7ffd6fbdcd87 BaseThreadInitThunk
[17] 7ffd70e0caec RtlUserThreadStart
Caused by: (JsonParsingException) Cannot parse json file: /npcs/chocoboknightwallace.npctype
[0] 7ff6f6c2b2a3
[1] 7ff6f6c29fce
[2] 7ff6f6c2a0b8
[3] 7ff6f6c3a980
[4] 7ff6f735b16b
[5] 7ffd4930bb00 _CxxFrameHandler3
[6] 7ffd492f33c7 is_exception_typeof
[7] 7ffd70e841b6 RtlCaptureContext2
[8] 7ff6f6c47b17
[9] 7ff6f6c3c712
[10] 7ff6f6c39b3b
[11] 7ff6f6c454dd
[12] 7ff6f6c44633
[13] 7ff6f6c40bbf
[14] 7ff6f6c4af6b
[15] 7ff6f6c271f7
[16] 7ff6f6c2772e
[17] 7ffd6fbdcd87 BaseThreadInitThunk
[18] 7ffd70e0caec RtlUserThreadStart
Caused by: (JsonException) Improper conversion to JsonArray from object
[0] 7ff6f6c2b2a3
[1] 7ff6f6c29fce
[2] 7ff6f6bc4f4a
[3] 7ff6f6bd2382
[4] 7ff6f6c47b17
[5] 7ff6f6c3c712
[6] 7ff6f6c39b3b
[7] 7ff6f6c454dd
[8] 7ff6f6c44633
[9] 7ff6f6c40bbf
[10] 7ff6f6c4af6b
[11] 7ff6f6c271f7
[12] 7ff6f6c2772e
[13] 7ffd6fbdcd87 BaseThreadInitThunk
[14] 7ffd70e0caec RtlUserThreadStart
[Error] Exception caught loading asset: /npcs/ancient angels/ancientvillager.npctype, (AssetException) Could not read JSON asset /npcs/ancient angels/ancientvillager.npctype
[0] 7ff6f6c2b2a3
[1] 7ff6f6c29fce
[2] 7ff6f6c2a0b8
[3] 7ff6f6c39e20
[4] 7ff6f7359d81
[5] 7ffd4930bb00 _CxxFrameHandler3
[6] 7ffd492f33c7 is_exception_typeof
[7] 7ffd70e841b6 RtlCaptureContext2
[8] 7ff6f6c3c712
[9] 7ff6f6c39b3b
[10] 7ff6f6c454dd
[11] 7ff6f6c44633
[12] 7ff6f6c40bbf
[13] 7ff6f6c4af6b
[14] 7ff6f6c271f7
[15] 7ff6f6c2772e
[16] 7ffd6fbdcd87 BaseThreadInitThunk
[17] 7ffd70e0caec RtlUserThreadStart
Caused by: (JsonParsingException) Cannot parse json file: /npcs/ancient angels/ancientvillager.npctype
[0] 7ff6f6c2b2a3
[1] 7ff6f6c29fce
[2] 7ff6f6c2a0b8
[3] 7ff6f6c3a980
[4] 7ff6f735b16b
[5] 7ffd4930bb00 _CxxFrameHandler3
[6] 7ffd492f33c7 is_exception_typeof
[7] 7ffd70e841b6 RtlCaptureContext2
[8] 7ff6f6c47b17
[9] 7ff6f6c3c712
[10] 7ff6f6c39b3b
[11] 7ff6f6c454dd
[12] 7ff6f6c44633
[13] 7ff6f6c40bbf
[14] 7ff6f6c4af6b
[15] 7ff6f6c271f7
[16] 7ff6f6c2772e
[17] 7ffd6fbdcd87 BaseThreadInitThunk
[18] 7ffd70e0caec RtlUserThreadStart
Caused by: (JsonException) Improper conversion to JsonArray from object
[0] 7ff6f6c2b2a3
[1] 7ff6f6c29fce
[2] 7ff6f6bc4f4a
[3] 7ff6f6bd2382
[4] 7ff6f6c47b17
[5] 7ff6f6c3c712
[6] 7ff6f6c39b3b
[7] 7ff6f6c454dd
[8] 7ff6f6c44633
[9] 7ff6f6c40bbf
[10] 7ff6f6c4af6b
[11] 7ff6f6c271f7
[12] 7ff6f6c2772e
[13] 7ffd6fbdcd87 BaseThreadInitThunk
[14] 7ffd70e0caec RtlUserThreadStart
[Error] Exception caught loading asset: /npcs/crew/avikan/crewmemberavikanrogue.npctype, (AssetException) Could not read JSON asset /npcs/crew/avikan/crewmemberavikanrogue.npctype
[0] 7ff6f6c2b2a3
[1] 7ff6f6c29fce
[2] 7ff6f6c2a0b8
[3] 7ff6f6c39e20
[4] 7ff6f7359d81
[5] 7ffd4930bb00 _CxxFrameHandler3
[6] 7ffd492f33c7 is_exception_typeof
[7] 7ffd70e841b6 RtlCaptureContext2
[8] 7ff6f6c3c712
[9] 7ff6f6c39b3b
[10] 7ff6f6c454dd
[11] 7ff6f6c44633
[12] 7ff6f6c40bbf
[13] 7ff6f6c4af6b
[14] 7ff6f6c271f7
[15] 7ff6f6c2772e
[16] 7ffd6fbdcd87 BaseThreadInitThunk
[17] 7ffd70e0caec RtlUserThreadStart
Caused by: (JsonParsingException) Cannot parse json file: /npcs/crew/avikan/crewmemberavikanrogue.npctype
[0] 7ff6f6c2b2a3
[1] 7ff6f6c29fce
[2] 7ff6f6c2a0b8
[3] 7ff6f6c3a980
[4] 7ff6f735b16b
[5] 7ffd4930bb00 _CxxFrameHandler3
[6] 7ffd492f33c7 is_exception_typeof
[7] 7ffd70e841b6 RtlCaptureContext2
[8] 7ff6f6c47b17
[9] 7ff6f6c3c712
[10] 7ff6f6c39b3b
[11] 7ff6f6c454dd
[12] 7ff6f6c44633
[13] 7ff6f6c40bbf
[14] 7ff6f6c4af6b
[15] 7ff6f6c271f7
[16] 7ff6f6c2772e
[17] 7ffd6fbdcd87 BaseThreadInitThunk
[18] 7ffd70e0caec RtlUserThreadStart
Caused by: (JsonException) Improper conversion to JsonArray from object
[0] 7ff6f6c2b2a3
[1] 7ff6f6c29fce
[2] 7ff6f6bc4f4a
[3] 7ff6f6bd2382
[4] 7ff6f6c47b17
[5] 7ff6f6c3c712
[6] 7ff6f6c39b3b
[7] 7ff6f6c454dd
[8] 7ff6f6c44633
[9] 7ff6f6c40bbf
[10] 7ff6f6c4af6b
[11] 7ff6f6c271f7
[12] 7ff6f6c2772e
[13] 7ffd6fbdcd87 BaseThreadInitThunk
[14] 7ffd70e0caec RtlUserThreadStart
[Error] Exception caught loading asset: /npcs/factions/exousia/mwhaddon_mission/mwhaddon_mission_npc_exousia_soldatFollow.npctype, (AssetException) Could not read JSON asset /npcs/factions/exousia/mwhaddon_mission/mwhaddon_mission_npc_exousia_soldatFollow.npctype
[0] 7ff6f6c2b2a3
[1] 7ff6f6c29fce
[2] 7ff6f6c2a0b8
[3] 7ff6f6c39e20
[4] 7ff6f7359d81
[5] 7ffd4930bb00 _CxxFrameHandler3
[6] 7ffd492f33c7 is_exception_typeof
[7] 7ffd70e841b6 RtlCaptureContext2
[8] 7ff6f6c3c712
[9] 7ff6f6c39b3b
[10] 7ff6f6c454dd
[11] 7ff6f6c44633
[12] 7ff6f6c40bbf
[13] 7ff6f6c4af6b
[14] 7ff6f6c271f7
[15] 7ff6f6c2772e
[16] 7ffd6fbdcd87 BaseThreadInitThunk
[17] 7ffd70e0caec RtlUserThreadStart
Caused by: (JsonParsingException) Cannot parse json file: /npcs/factions/exousia/mwhaddon_mission/mwhaddon_mission_npc_exousia_soldatFollow.npctype
[0] 7ff6f6c2b2a3
[1] 7ff6f6c29fce
[2] 7ff6f6c2a0b8
[3] 7ff6f6c3a980
[4] 7ff6f735b16b
[5] 7ffd4930bb00 _CxxFrameHandler3
[6] 7ffd492f33c7 is_exception_typeof
[7] 7ffd70e841b6 RtlCaptureContext2
[8] 7ff6f6c47b17
[9] 7ff6f6c3c712
[10] 7ff6f6c39b3b
[11] 7ff6f6c454dd
[12] 7ff6f6c44633
[13] 7ff6f6c40bbf
[14] 7ff6f6c4af6b
[15] 7ff6f6c271f7
[16] 7ff6f6c2772e
[17] 7ffd6fbdcd87 BaseThreadInitThunk
[18] 7ffd70e0caec RtlUserThreadStart
Caused by: (JsonException) Improper conversion to JsonArray from object
[0] 7ff6f6c2b2a3
[1] 7ff6f6c29fce
[2] 7ff6f6bc4f4a
[3] 7ff6f6bd2382
[4] 7ff6f6c47b17
[5] 7ff6f6c3c712
[6] 7ff6f6c39b3b
[7] 7ff6f6c454dd
[8] 7ff6f6c44633
[9] 7ff6f6c40bbf
[10] 7ff6f6c4af6b
[11] 7ff6f6c271f7
[12] 7ff6f6c2772e
[13] 7ffd6fbdcd87 BaseThreadInitThunk
[14] 7ffd70e0caec RtlUserThreadStart
[Error] Exception caught loading asset: /npcs/factions/exousia/mwhaddon_mission/mwhaddon_mission_npc_exousia_soldatMelee.npctype, (AssetException) Could not read JSON asset /npcs/factions/exousia/mwhaddon_mission/mwhaddon_mission_npc_exousia_soldatMelee.npctype
[0] 7ff6f6c2b2a3
[1] 7ff6f6c29fce
[2] 7ff6f6c2a0b8
[3] 7ff6f6c39e20
[4] 7ff6f7359d81
[5] 7ffd4930bb00 _CxxFrameHandler3
[6] 7ffd492f33c7 is_exception_typeof
[7] 7ffd70e841b6 RtlCaptureContext2
[8] 7ff6f6c3c712
[9] 7ff6f6c39b3b
[10] 7ff6f6c454dd
[11] 7ff6f6c44633
[12] 7ff6f6c40bbf
[13] 7ff6f6c4af6b
[14] 7ff6f6c271f7
[15] 7ff6f6c2772e
[16] 7ffd6fbdcd87 BaseThreadInitThunk
[17] 7ffd70e0caec RtlUserThreadStart
Caused by: (JsonParsingException) Cannot parse json file: /npcs/factions/exousia/mwhaddon_mission/mwhaddon_mission_npc_exousia_soldatMelee.npctype
[0] 7ff6f6c2b2a3
[1] 7ff6f6c29fce
[2] 7ff6f6c2a0b8
[3] 7ff6f6c3a980
[4] 7ff6f735b16b
[5] 7ffd4930bb00 _CxxFrameHandler3
[6] 7ffd492f33c7 is_exception_typeof
[7] 7ffd70e841b6 RtlCaptureContext2
[8] 7ff6f6c47b17
[9] 7ff6f6c3c712
[10] 7ff6f6c39b3b
[11] 7ff6f6c454dd
[12] 7ff6f6c44633
[13] 7ff6f6c40bbf
[14] 7ff6f6c4af6b
[15] 7ff6f6c271f7
[16] 7ff6f6c2772e
[17] 7ffd6fbdcd87 BaseThreadInitThunk
[18] 7ffd70e0caec RtlUserThreadStart
Caused by: (JsonException) Improper conversion to JsonArray from object
[0] 7ff6f6c2b2a3
[1] 7ff6f6c29fce
[2] 7ff6f6bc4f4a
[3] 7ff6f6bd2382
[4] 7ff6f6c47b17
[5] 7ff6f6c3c712
[6] 7ff6f6c39b3b
[7] 7ff6f6c454dd
[8] 7ff6f6c44633
[9] 7ff6f6c40bbf
[10] 7ff6f6c4af6b
[11] 7ff6f6c271f7
[12] 7ff6f6c2772e
[13] 7ffd6fbdcd87 BaseThreadInitThunk
[14] 7ffd70e0caec RtlUserThreadStart
[Error] Exception caught loading asset: /npcs/atprk_partygoer5.npctype, (AssetException) Could not read JSON asset /npcs/atprk_partygoer5.npctype
[0] 7ff6f6c2b2a3
[1] 7ff6f6c29fce
[2] 7ff6f6c2a0b8
[3] 7ff6f6c39e20
[4] 7ff6f7359d81
[5] 7ffd4930bb00 _CxxFrameHandler3
[6] 7ffd492f33c7 is_exception_typeof
[7] 7ffd70e841b6 RtlCaptureContext2
[8] 7ff6f6c3c712
[9] 7ff6f6c39b3b
[10] 7ff6f6c454dd
[11] 7ff6f6c44633
[12] 7ff6f6c40bbf
[13] 7ff6f6c4af6b
[14] 7ff6f6c271f7
[15] 7ff6f6c2772e
[16] 7ffd6fbdcd87 BaseThreadInitThunk
[17] 7ffd70e0caec RtlUserThreadStart
Caused by: (JsonParsingException) Cannot parse json file: /npcs/atprk_partygoer5.npctype
[0] 7ff6f6c2b2a3
[1] 7ff6f6c29fce
[2] 7ff6f6c2a0b8
[3] 7ff6f6c3a980
[4] 7ff6f735b16b
[5] 7ffd4930bb00 _CxxFrameHandler3
[6] 7ffd492f33c7 is_exception_typeof
[7] 7ffd70e841b6 RtlCaptureContext2
[8] 7ff6f6c47b17
[9] 7ff6f6c3c712
[10] 7ff6f6c39b3b
[11] 7ff6f6c454dd
[12] 7ff6f6c44633
[13] 7ff6f6c40bbf
[14] 7ff6f6c4af6b
[15] 7ff6f6c271f7
[16] 7ff6f6c2772e
[17] 7ffd6fbdcd87 BaseThreadInitThunk
[18] 7ffd70e0caec RtlUserThreadStart
Caused by: (JsonException) Improper conversion to JsonArray from object
[0] 7ff6f6c2b2a3
[1] 7ff6f6c29fce
[2] 7ff6f6bc4f4a
[3] 7ff6f6bd2382
[4] 7ff6f6c47b17
[5] 7ff6f6c3c712
[6] 7ff6f6c39b3b
[7] 7ff6f6c454dd
[8] 7ff6f6c44633
[9] 7ff6f6c40bbf
[10] 7ff6f6c4af6b
[11] 7ff6f6c271f7
[12] 7ff6f6c2772e
[13] 7ffd6fbdcd87 BaseThreadInitThunk
[14] 7ffd70e0caec RtlUserThreadStart
[Error] Exception caught loading asset: /npcs/biome/threats/om_starrycultisthostile.npctype, (AssetException) Could not read JSON asset /npcs/biome/threats/om_starrycultisthostile.npctype
[0] 7ff6f6c2b2a3
[1] 7ff6f6c29fce
[2] 7ff6f6c2a0b8
[3] 7ff6f6c39e20
[4] 7ff6f7359d81
[5] 7ffd4930bb00 _CxxFrameHandler3
[6] 7ffd492f33c7 is_exception_typeof
[7] 7ffd70e841b6 RtlCaptureContext2
[8] 7ff6f6c3c712
[9] 7ff6f6c39b3b
[10] 7ff6f6c454dd
[11] 7ff6f6c44633
[12] 7ff6f6c40bbf
[13] 7ff6f6c4af6b
[14] 7ff6f6c271f7
[15] 7ff6f6c2772e
[16] 7ffd6fbdcd87 BaseThreadInitThunk
[17] 7ffd70e0caec RtlUserThreadStart
Caused by: (JsonParsingException) Cannot parse json file: /npcs/biome/threats/om_starrycultisthostile.npctype
[0] 7ff6f6c2b2a3
[1] 7ff6f6c29fce
[2] 7ff6f6c2a0b8
[3] 7ff6f6c3a980
[4] 7ff6f735b16b
[5] 7ffd4930bb00 _CxxFrameHandler3
[6] 7ffd492f33c7 is_exception_typeof
[7] 7ffd70e841b6 RtlCaptureContext2
[8] 7ff6f6c47b17
[9] 7ff6f6c3c712
[10] 7ff6f6c39b3b
[11] 7ff6f6c454dd
[12] 7ff6f6c44633
[13] 7ff6f6c40bbf
[14] 7ff6f6c4af6b
[15] 7ff6f6c271f7
[16] 7ff6f6c2772e
[17] 7ffd6fbdcd87 BaseThreadInitThunk
[18] 7ffd70e0caec RtlUserThreadStart
Caused by: (JsonException) Improper conversion to JsonArray from object
[0] 7ff6f6c2b2a3
[1] 7ff6f6c29fce
[2] 7ff6f6bc4f4a
[3] 7ff6f6bd2382
[4] 7ff6f6c47b17
[5] 7ff6f6c3c712
[6] 7ff6f6c39b3b
[7] 7ff6f6c454dd
[8] 7ff6f6c44633
[9] 7ff6f6c40bbf
[10] 7ff6f6c4af6b
[11] 7ff6f6c271f7
[12] 7ff6f6c2772e
[13] 7ffd6fbdcd87 BaseThreadInitThunk
[14] 7ffd70e0caec RtlUserThreadStart
[Error] Exception caught loading asset: /npcs/biome/threats/om_starrycultisthostile2.npctype, (AssetException) Could not read JSON asset /npcs/biome/threats/om_starrycultisthostile2.npctype
[0] 7ff6f6c2b2a3
[1] 7ff6f6c29fce
[2] 7ff6f6c2a0b8
[3] 7ff6f6c39e20
[4] 7ff6f7359d81
[5] 7ffd4930bb00 _CxxFrameHandler3
[6] 7ffd492f33c7 is_exception_typeof
[7] 7ffd70e841b6 RtlCaptureContext2
[8] 7ff6f6c3c712
[9] 7ff6f6c39b3b
[10] 7ff6f6c454dd
[11] 7ff6f6c44633
[12] 7ff6f6c40bbf
[13] 7ff6f6c4af6b
[14] 7ff6f6c271f7
[15] 7ff6f6c2772e
[16] 7ffd6fbdcd87 BaseThreadInitThunk
[17] 7ffd70e0caec RtlUserThreadStart
Caused by: (JsonParsingException) Cannot parse json file: /npcs/biome/threats/om_starrycultisthostile2.npctype
[0] 7ff6f6c2b2a3
[1] 7ff6f6c29fce
[2] 7ff6f6c2a0b8
[3] 7ff6f6c3a980
[4] 7ff6f735b16b
[5] 7ffd4930bb00 _CxxFrameHandler3
[6] 7ffd492f33c7 is_exception_typeof
[7] 7ffd70e841b6 RtlCaptureContext2
[8] 7ff6f6c47b17
[9] 7ff6f6c3c712
[10] 7ff6f6c39b3b
[11] 7ff6f6c454dd
[12] 7ff6f6c44633
[13] 7ff6f6c40bbf
[14] 7ff6f6c4af6b
[15] 7ff6f6c271f7
[16] 7ff6f6c2772e
[17] 7ffd6fbdcd87 BaseThreadInitThunk
[18] 7ffd70e0caec RtlUserThreadStart
Caused by: (JsonException) Improper conversion to JsonArray from object
[0] 7ff6f6c2b2a3
[1] 7ff6f6c29fce
[2] 7ff6f6bc4f4a
[3] 7ff6f6bd2382
[4] 7ff6f6c47b17
[5] 7ff6f6c3c712
[6] 7ff6f6c39b3b
[7] 7ff6f6c454dd
[8] 7ff6f6c44633
[9] 7ff6f6c40bbf
[10] 7ff6f6c4af6b
[11] 7ff6f6c271f7
[12] 7ff6f6c2772e
[13] 7ffd6fbdcd87 BaseThreadInitThunk
[14] 7ffd70e0caec RtlUserThreadStart
[Error] Exception caught loading asset: /items/generic/mechparts/arm/mecharmxsm_roninbeam.item, (AssetException) Could not read JSON asset /items/generic/mechparts/arm/mecharmxsm_roninbeam.item
[0] 7ff6f6c2b2a3
[1] 7ff6f6c29fce
[2] 7ff6f6c2a0b8
[3] 7ff6f6c39e20
[4] 7ff6f7359d81
[5] 7ffd4930bb00 _CxxFrameHandler3
[6] 7ffd492f33c7 is_exception_typeof
[7] 7ffd70e841b6 RtlCaptureContext2
[8] 7ff6f6c3c712
[9] 7ff6f6c39b3b
[10] 7ff6f6c454dd
[11] 7ff6f6c44633
[12] 7ff6f6c40bbf
[13] 7ff6f6c4af6b
[14] 7ff6f6c271f7
[15] 7ff6f6c2772e
[16] 7ffd6fbdcd87 BaseThreadInitThunk
[17] 7ffd70e0caec RtlUserThreadStart
Caused by: (JsonParsingException) Cannot parse json file: /items/generic/mechparts/arm/mecharmxsm_roninbeam.item
[0] 7ff6f6c2b2a3
[1] 7ff6f6c29fce
[2] 7ff6f6c2a0b8
[3] 7ff6f6c3a980
[4] 7ff6f735b16b
[5] 7ffd4930bb00 _CxxFrameHandler3
[6] 7ffd492f33c7 is_exception_typeof
[7] 7ffd70e841b6 RtlCaptureContext2
[8] 7ff6f6c47b17
[9] 7ff6f6c3c712
[10] 7ff6f6c39b3b
[11] 7ff6f6c454dd
[12] 7ff6f6c44633
[13] 7ff6f6c40bbf
[14] 7ff6f6c4af6b
[15] 7ff6f6c271f7
[16] 7ff6f6c2772e
[17] 7ffd6fbdcd87 BaseThreadInitThunk
[18] 7ffd70e0caec RtlUserThreadStart
Caused by: (JsonException) Improper conversion to JsonArray from object
[0] 7ff6f6c2b2a3
[1] 7ff6f6c29fce
[2] 7ff6f6bc4f4a
[3] 7ff6f6bd2382
[4] 7ff6f6c47b17
[5] 7ff6f6c3c712
[6] 7ff6f6c39b3b
[7] 7ff6f6c454dd
[8] 7ff6f6c44633
[9] 7ff6f6c40bbf
[10] 7ff6f6c4af6b
[11] 7ff6f6c271f7
[12] 7ff6f6c2772e
[13] 7ffd6fbdcd87 BaseThreadInitThunk
[14] 7ffd70e0caec RtlUserThreadStart
[Error] Exception caught loading asset: /items/AMMUNITION/SUPPORT/gico_lionhowler/gico_lionhowler_bombing_flare.item, (AssetException) Could not read JSON asset /items/AMMUNITION/SUPPORT/gico_lionhowler/gico_lionhowler_bombing_flare.item
[0] 7ff6f6c2b2a3
[1] 7ff6f6c29fce
[2] 7ff6f6c2a0b8
[3] 7ff6f6c39e20
[4] 7ff6f7359d81
[5] 7ffd4930bb00 _CxxFrameHandler3
[6] 7ffd492f33c7 is_exception_typeof
[7] 7ffd70e841b6 RtlCaptureContext2
[8] 7ff6f6c3c712
[9] 7ff6f6c39b3b
[10] 7ff6f6c454dd
[11] 7ff6f6c44633
[12] 7ff6f6c40bbf
[13] 7ff6f6c4af6b
[14] 7ff6f6c271f7
[15] 7ff6f6c2772e
[16] 7ffd6fbdcd87 BaseThreadInitThunk
[17] 7ffd70e0caec RtlUserThreadStart
Caused by: (JsonParsingException) Cannot parse json file: /items/AMMUNITION/SUPPORT/gico_lionhowler/gico_lionhowler_bombing_flare.item
[0] 7ff6f6c2b2a3
[1] 7ff6f6c29fce
[2] 7ff6f6c2a0b8
[3] 7ff6f6c3a980
[4] 7ff6f735b16b
[5] 7ffd4930bb00 _CxxFrameHandler3
[6] 7ffd492f33c7 is_exception_typeof
[7] 7ffd70e841b6 RtlCaptureContext2
[8] 7ff6f6c47b17
[9] 7ff6f6c3c712
[10] 7ff6f6c39b3b
[11] 7ff6f6c454dd
[12] 7ff6f6c44633
[13] 7ff6f6c40bbf
[14] 7ff6f6c4af6b
[15] 7ff6f6c271f7
[16] 7ff6f6c2772e
[17] 7ffd6fbdcd87 BaseThreadInitThunk
[18] 7ffd70e0caec RtlUserThreadStart
Caused by: (JsonException) Improper conversion to JsonArray from object
[0] 7ff6f6c2b2a3
[1] 7ff6f6c29fce
[2] 7ff6f6bc4f4a
[3] 7ff6f6bd2382
[4] 7ff6f6c47b17
[5] 7ff6f6c3c712
[6] 7ff6f6c39b3b
[7] 7ff6f6c454dd
[8] 7ff6f6c44633
[9] 7ff6f6c40bbf
[10] 7ff6f6c4af6b
[11] 7ff6f6c271f7
[12] 7ff6f6c2772e
[13] 7ffd6fbdcd87 BaseThreadInitThunk
[14] 7ffd70e0caec RtlUserThreadStart
[Error] Exception caught loading asset: /ITEMS/AMMUNITION/giclfw_barrettm82_1270x108mm_mag/giclfw_barrettm82_1270x108mm_mag.item, (AssetException) Could not read JSON asset /ITEMS/AMMUNITION/giclfw_barrettm82_1270x108mm_mag/giclfw_barrettm82_1270x108mm_mag.item
[0] 7ff6f6c2b2a3
[1] 7ff6f6c29fce
[2] 7ff6f6c2a0b8
[3] 7ff6f6c39e20
[4] 7ff6f7359d81
[5] 7ffd4930bb00 _CxxFrameHandler3
[6] 7ffd492f33c7 is_exception_typeof
[7] 7ffd70e841b6 RtlCaptureContext2
[8] 7ff6f6c3c712
[9] 7ff6f6c39b3b
[10] 7ff6f6c454dd
[11] 7ff6f6c44633
[12] 7ff6f6c40bbf
[13] 7ff6f6c4af6b
[14] 7ff6f6c271f7
[15] 7ff6f6c2772e
[16] 7ffd6fbdcd87 BaseThreadInitThunk
[17] 7ffd70e0caec RtlUserThreadStart
Caused by: (JsonParsingException) Cannot parse json file: /ITEMS/AMMUNITION/giclfw_barrettm82_1270x108mm_mag/giclfw_barrettm82_1270x108mm_mag.item
[0] 7ff6f6c2b2a3
[1] 7ff6f6c29fce
[2] 7ff6f6c2a0b8
[3] 7ff6f6c3a980
[4] 7ff6f735b16b
[5] 7ffd4930bb00 _CxxFrameHandler3
[6] 7ffd492f33c7 is_exception_typeof
[7] 7ffd70e841b6 RtlCaptureContext2
[8] 7ff6f6c47b17
[9] 7ff6f6c3c712
[10] 7ff6f6c39b3b
[11] 7ff6f6c454dd
[12] 7ff6f6c44633
[13] 7ff6f6c40bbf
[14] 7ff6f6c4af6b
[15] 7ff6f6c271f7
[16] 7ff6f6c2772e
[17] 7ffd6fbdcd87 BaseThreadInitThunk
[18] 7ffd70e0caec RtlUserThreadStart
Caused by: (JsonException) Improper conversion to JsonArray from object
[0] 7ff6f6c2b2a3
[1] 7ff6f6c29fce
[2] 7ff6f6bc4f4a
[3] 7ff6f6bd2382
[4] 7ff6f6c47b17
[5] 7ff6f6c3c712
[6] 7ff6f6c39b3b
[7] 7ff6f6c454dd
[8] 7ff6f6c44633
[9] 7ff6f6c40bbf
[10] 7ff6f6c4af6b
[11] 7ff6f6c271f7
[12] 7ff6f6c2772e
[13] 7ffd6fbdcd87 BaseThreadInitThunk
[14] 7ffd70e0caec RtlUserThreadStart
[Error] Exception caught loading asset: /items/quest/trinkdatadrive-primecircuit.item, (AssetException) Could not read JSON asset /items/quest/trinkdatadrive-primecircuit.item
[0] 7ff6f6c2b2a3
[1] 7ff6f6c29fce
[2] 7ff6f6c2a0b8
[3] 7ff6f6c39e20
[4] 7ff6f7359d81
[5] 7ffd4930bb00 _CxxFrameHandler3
[6] 7ffd492f33c7 is_exception_typeof
[7] 7ffd70e841b6 RtlCaptureContext2
[8] 7ff6f6c3c712
[9] 7ff6f6c39b3b
[10] 7ff6f6c454dd
[11] 7ff6f6c44633
[12] 7ff6f6c40bbf
[13] 7ff6f6c4af6b
[14] 7ff6f6c271f7
[15] 7ff6f6c2772e
[16] 7ffd6fbdcd87 BaseThreadInitThunk
[17] 7ffd70e0caec RtlUserThreadStart
Caused by: (JsonParsingException) Cannot parse json file: /items/quest/trinkdatadrive-primecircuit.item
[0] 7ff6f6c2b2a3
[1] 7ff6f6c29fce
[2] 7ff6f6c2a0b8
[3] 7ff6f6c3a980
[4] 7ff6f735b16b
[5] 7ffd4930bb00 _CxxFrameHandler3
[6] 7ffd492f33c7 is_exception_typeof
[7] 7ffd70e841b6 RtlCaptureContext2
[8] 7ff6f6c47b17
[9] 7ff6f6c3c712
[10] 7ff6f6c39b3b
[11] 7ff6f6c454dd
[12] 7ff6f6c44633
[13] 7ff6f6c40bbf
[14] 7ff6f6c4af6b
[15] 7ff6f6c271f7
[16] 7ff6f6c2772e
[17] 7ffd6fbdcd87 BaseThreadInitThunk
[18] 7ffd70e0caec RtlUserThreadStart
Caused by: (JsonException) Improper conversion to JsonArray from object
[0] 7ff6f6c2b2a3
[1] 7ff6f6c29fce
[2] 7ff6f6bc4f4a
[3] 7ff6f6bd2382
[4] 7ff6f6c47b17
[5] 7ff6f6c3c712
[6] 7ff6f6c39b3b
[7] 7ff6f6c454dd
[8] 7ff6f6c44633
[9] 7ff6f6c40bbf
[10] 7ff6f6c4af6b
[11] 7ff6f6c271f7
[12] 7ff6f6c2772e
[13] 7ffd6fbdcd87 BaseThreadInitThunk
[14] 7ffd70e0caec RtlUserThreadStart
[Error] Exception caught loading asset: /items/AMMUNITION/STANAG_USM/esc_stanag_usm_30x29drummag.item, (AssetException) Could not read JSON asset /items/AMMUNITION/STANAG_USM/esc_stanag_usm_30x29drummag.item
[0] 7ff6f6c2b2a3
[1] 7ff6f6c29fce
[2] 7ff6f6c2a0b8
[3] 7ff6f6c39e20
[4] 7ff6f7359d81
[5] 7ffd4930bb00 _CxxFrameHandler3
[6] 7ffd492f33c7 is_exception_typeof
[7] 7ffd70e841b6 RtlCaptureContext2
[8] 7ff6f6c3c712
[9] 7ff6f6c39b3b
[10] 7ff6f6c454dd
[11] 7ff6f6c44633
[12] 7ff6f6c40bbf
[13] 7ff6f6c4af6b
[14] 7ff6f6c271f7
[15] 7ff6f6c2772e
[16] 7ffd6fbdcd87 BaseThreadInitThunk
[17] 7ffd70e0caec RtlUserThreadStart
Caused by: (JsonParsingException) Cannot parse json file: /items/AMMUNITION/STANAG_USM/esc_stanag_usm_30x29drummag.item
[0] 7ff6f6c2b2a3
[1] 7ff6f6c29fce
[2] 7ff6f6c2a0b8
[3] 7ff6f6c3a980
[4] 7ff6f735b16b
[5] 7ffd4930bb00 _CxxFrameHandler3
[6] 7ffd492f33c7 is_exception_typeof
[7] 7ffd70e841b6 RtlCaptureContext2
[8] 7ff6f6c47b17
[9] 7ff6f6c3c712
[10] 7ff6f6c39b3b
[11] 7ff6f6c454dd
[12] 7ff6f6c44633
[13] 7ff6f6c40bbf
[14] 7ff6f6c4af6b
[15] 7ff6f6c271f7
[16] 7ff6f6c2772e
[17] 7ffd6fbdcd87 BaseThreadInitThunk
[18] 7ffd70e0caec RtlUserThreadStart
Caused by: (JsonException) Improper conversion to JsonArray from object
[0] 7ff6f6c2b2a3
[1] 7ff6f6c29fce
[2] 7ff6f6bc4f4a
[3] 7ff6f6bd2382
[4] 7ff6f6c47b17
[5] 7ff6f6c3c712
[6] 7ff6f6c39b3b
[7] 7ff6f6c454dd
[8] 7ff6f6c44633
[9] 7ff6f6c40bbf
[10] 7ff6f6c4af6b
[11] 7ff6f6c271f7
[12] 7ff6f6c2772e
[13] 7ffd6fbdcd87 BaseThreadInitThunk
[14] 7ffd70e0caec RtlUserThreadStart
[Error] Exception caught loading asset: /items/quest/violatedioncore.item, (AssetException) Could not read JSON asset /items/quest/violatedioncore.item
[0] 7ff6f6c2b2a3
[1] 7ff6f6c29fce
[2] 7ff6f6c2a0b8
[3] 7ff6f6c39e20
[4] 7ff6f7359d81
[5] 7ffd4930bb00 _CxxFrameHandler3
[6] 7ffd492f33c7 is_exception_typeof
[7] 7ffd70e841b6 RtlCaptureContext2
[8] 7ff6f6c3c712
[9] 7ff6f6c39b3b
[10] 7ff6f6c454dd
[11] 7ff6f6c44633
[12] 7ff6f6c40bbf
[13] 7ff6f6c4af6b
[14] 7ff6f6c271f7
[15] 7ff6f6c2772e
[16] 7ffd6fbdcd87 BaseThreadInitThunk
[17] 7ffd70e0caec RtlUserThreadStart
Caused by: (JsonParsingException) Cannot parse json file: /items/quest/violatedioncore.item
[0] 7ff6f6c2b2a3
[1] 7ff6f6c29fce
[2] 7ff6f6c2a0b8
[3] 7ff6f6c3a980
[4] 7ff6f735b16b
[5] 7ffd4930bb00 _CxxFrameHandler3
[6] 7ffd492f33c7 is_exception_typeof
[7] 7ffd70e841b6 RtlCaptureContext2
[8] 7ff6f6c47b17
[9] 7ff6f6c3c712
[10] 7ff6f6c39b3b
[11] 7ff6f6c454dd
[12] 7ff6f6c44633
[13] 7ff6f6c40bbf
[14] 7ff6f6c4af6b
[15] 7ff6f6c271f7
[16] 7ff6f6c2772e
[17] 7ffd6fbdcd87 BaseThreadInitThunk
[18] 7ffd70e0caec RtlUserThreadStart
Caused by: (JsonException) Improper conversion to JsonArray from object
[0] 7ff6f6c2b2a3
[1] 7ff6f6c29fce
[2] 7ff6f6bc4f4a
[3] 7ff6f6bd2382
[4] 7ff6f6c47b17
[5] 7ff6f6c3c712
[6] 7ff6f6c39b3b
[7] 7ff6f6c454dd
[8] 7ff6f6c44633
[9] 7ff6f6c40bbf
[10] 7ff6f6c4af6b
[11] 7ff6f6c271f7
[12] 7ff6f6c2772e
[13] 7ffd6fbdcd87 BaseThreadInitThunk
[14] 7ffd70e0caec RtlUserThreadStart
[Error] Exception caught loading asset: /ITEMS/MECH_PARTS/giclfw_dcagl40_mech.item, (AssetException) Could not read JSON asset /ITEMS/MECH_PARTS/giclfw_dcagl40_mech.item
[0] 7ff6f6c2b2a3
[1] 7ff6f6c29fce
[2] 7ff6f6c2a0b8
[3] 7ff6f6c39e20
[4] 7ff6f7359d81
[5] 7ffd4930bb00 _CxxFrameHandler3
[6] 7ffd492f33c7 is_exception_typeof
[7] 7ffd70e841b6 RtlCaptureContext2
[8] 7ff6f6c3c712
[9] 7ff6f6c39b3b
[10] 7ff6f6c454dd
[11] 7ff6f6c44633
[12] 7ff6f6c40bbf
[13] 7ff6f6c4af6b
[14] 7ff6f6c271f7
[15] 7ff6f6c2772e
[16] 7ffd6fbdcd87 BaseThreadInitThunk
[17] 7ffd70e0caec RtlUserThreadStart
Caused by: (JsonParsingException) Cannot parse json file: /ITEMS/MECH_PARTS/giclfw_dcagl40_mech.item
[0] 7ff6f6c2b2a3
[1] 7ff6f6c29fce
[2] 7ff6f6c2a0b8
[3] 7ff6f6c3a980
[4] 7ff6f735b16b
[5] 7ffd4930bb00 _CxxFrameHandler3
[6] 7ffd492f33c7 is_exception_typeof
[7] 7ffd70e841b6 RtlCaptureContext2
[8] 7ff6f6c47b17
[9] 7ff6f6c3c712
[10] 7ff6f6c39b3b
[11] 7ff6f6c454dd
[12] 7ff6f6c44633
[13] 7ff6f6c40bbf
[14] 7ff6f6c4af6b
[15] 7ff6f6c271f7
[16] 7ff6f6c2772e
[17] 7ffd6fbdcd87 BaseThreadInitThunk
[18] 7ffd70e0caec RtlUserThreadStart
Caused by: (JsonException) Improper conversion to JsonArray from object
[0] 7ff6f6c2b2a3
[1] 7ff6f6c29fce
[2] 7ff6f6bc4f4a
[3] 7ff6f6bd2382
[4] 7ff6f6c47b17
[5] 7ff6f6c3c712
[6] 7ff6f6c39b3b
[7] 7ff6f6c454dd
[8] 7ff6f6c44633
[9] 7ff6f6c40bbf
[10] 7ff6f6c4af6b
[11] 7ff6f6c271f7
[12] 7ff6f6c2772e
[13] 7ffd6fbdcd87 BaseThreadInitThunk
[14] 7ffd70e0caec RtlUserThreadStart
[Error] Exception caught loading asset: /items/generic/arcana_bossdrops/mwhaddon_misc_bleakAssembler.item, (AssetException) Could not read JSON asset /items/generic/arcana_bossdrops/mwhaddon_misc_bleakAssembler.item
[0] 7ff6f6c2b2a3
[1] 7ff6f6c29fce
[2] 7ff6f6c2a0b8
[3] 7ff6f6c39e20
[4] 7ff6f7359d81
[5] 7ffd4930bb00 _CxxFrameHandler3
[6] 7ffd492f33c7 is_exception_typeof
[7] 7ffd70e841b6 RtlCaptureContext2
[8] 7ff6f6c3c712
[9] 7ff6f6c39b3b
[10] 7ff6f6c454dd
[11] 7ff6f6c44633
[12] 7ff6f6c40bbf
[13] 7ff6f6c4af6b
[14] 7ff6f6c271f7
[15] 7ff6f6c2772e
[16] 7ffd6fbdcd87 BaseThreadInitThunk
[17] 7ffd70e0caec RtlUserThreadStart
Caused by: (JsonParsingException) Cannot parse json file: /items/generic/arcana_bossdrops/mwhaddon_misc_bleakAssembler.item
[0] 7ff6f6c2b2a3
[1] 7ff6f6c29fce
[2] 7ff6f6c2a0b8
[3] 7ff6f6c3a980
[4] 7ff6f735b16b
[5] 7ffd4930bb00 _CxxFrameHandler3
[6] 7ffd492f33c7 is_exception_typeof
[7] 7ffd70e841b6 RtlCaptureContext2
[8] 7ff6f6c47b17
[9] 7ff6f6c3c712
[10] 7ff6f6c39b3b
[11] 7ff6f6c454dd
[12] 7ff6f6c44633
[13] 7ff6f6c40bbf
[14] 7ff6f6c4af6b
[15] 7ff6f6c271f7
[16] 7ff6f6c2772e
[17] 7ffd6fbdcd87 BaseThreadInitThunk
[18] 7ffd70e0caec RtlUserThreadStart
Caused by: (JsonException) Improper conversion to JsonArray from object
[0] 7ff6f6c2b2a3
[1] 7ff6f6c29fce
[2] 7ff6f6bc4f4a
[3] 7ff6f6bd2382
[4] 7ff6f6c47b17
[5] 7ff6f6c3c712
[6] 7ff6f6c39b3b
[7] 7ff6f6c454dd
[8] 7ff6f6c44633
[9] 7ff6f6c40bbf
[10] 7ff6f6c4af6b
[11] 7ff6f6c271f7
[12] 7ff6f6c2772e
[13] 7ffd6fbdcd87 BaseThreadInitThunk
[14] 7ffd70e0caec RtlUserThreadStart
[Error] Exception caught loading asset: /items/generic/other/PBpenguinclawlicense.item, (AssetException) Could not read JSON asset /items/generic/other/PBpenguinclawlicense.item
[0] 7ff6f6c2b2a3
[1] 7ff6f6c29fce
[2] 7ff6f6c2a0b8
[3] 7ff6f6c39e20
[4] 7ff6f7359d81
[5] 7ffd4930bb00 _CxxFrameHandler3
[6] 7ffd492f33c7 is_exception_typeof
[7] 7ffd70e841b6 RtlCaptureContext2
[8] 7ff6f6c3c712
[9] 7ff6f6c39b3b
[10] 7ff6f6c454dd
[11] 7ff6f6c44633
[12] 7ff6f6c40bbf
[13] 7ff6f6c4af6b
[14] 7ff6f6c271f7
[15] 7ff6f6c2772e
[16] 7ffd6fbdcd87 BaseThreadInitThunk
[17] 7ffd70e0caec RtlUserThreadStart
Caused by: (JsonParsingException) Cannot parse json file: /items/generic/other/PBpenguinclawlicense.item
[0] 7ff6f6c2b2a3
[1] 7ff6f6c29fce
[2] 7ff6f6c2a0b8
[3] 7ff6f6c3a980
[4] 7ff6f735b16b
[5] 7ffd4930bb00 _CxxFrameHandler3
[6] 7ffd492f33c7 is_exception_typeof
[7] 7ffd70e841b6 RtlCaptureContext2
[8] 7ff6f6c47b17
[9] 7ff6f6c3c712
[10] 7ff6f6c39b3b
[11] 7ff6f6c454dd
[12] 7ff6f6c44633
[13] 7ff6f6c40bbf
[14] 7ff6f6c4af6b
[15] 7ff6f6c271f7
[16] 7ff6f6c2772e
[17] 7ffd6fbdcd87 BaseThreadInitThunk
[18] 7ffd70e0caec RtlUserThreadStart
Caused by: (JsonException) Improper conversion to JsonArray from object
[0] 7ff6f6c2b2a3
[1] 7ff6f6c29fce
[2] 7ff6f6bc4f4a
[3] 7ff6f6bd2382
[4] 7ff6f6c47b17
[5] 7ff6f6c3c712
[6] 7ff6f6c39b3b
[7] 7ff6f6c454dd
[8] 7ff6f6c44633
[9] 7ff6f6c40bbf
[10] 7ff6f6c4af6b
[11] 7ff6f6c271f7
[12] 7ff6f6c2772e
[13] 7ffd6fbdcd87 BaseThreadInitThunk
[14] 7ffd70e0caec RtlUserThreadStart
[Error] Exception caught loading asset: /items/generic/crafting/v-dronegunpiece.item, (AssetException) Could not read JSON asset /items/generic/crafting/v-dronegunpiece.item
[0] 7ff6f6c2b2a3
[1] 7ff6f6c29fce
[2] 7ff6f6c2a0b8
[3] 7ff6f6c39e20
[4] 7ff6f7359d81
[5] 7ffd4930bb00 _CxxFrameHandler3
[6] 7ffd492f33c7 is_exception_typeof
[7] 7ffd70e841b6 RtlCaptureContext2
[8] 7ff6f6c3c712
[9] 7ff6f6c39b3b
[10] 7ff6f6c454dd
[11] 7ff6f6c44633
[12] 7ff6f6c40bbf
[13] 7ff6f6c4af6b
[14] 7ff6f6c271f7
[15] 7ff6f6c2772e
[16] 7ffd6fbdcd87 BaseThreadInitThunk
[17] 7ffd70e0caec RtlUserThreadStart
Caused by: (JsonParsingException) Cannot parse json file: /items/generic/crafting/v-dronegunpiece.item
[0] 7ff6f6c2b2a3
[1] 7ff6f6c29fce
[2] 7ff6f6c2a0b8
[3] 7ff6f6c3a980
[4] 7ff6f735b16b
[5] 7ffd4930bb00 _CxxFrameHandler3
[6] 7ffd492f33c7 is_exception_typeof
[7] 7ffd70e841b6 RtlCaptureContext2
[8] 7ff6f6c47b17
[9] 7ff6f6c3c712
[10] 7ff6f6c39b3b
[11] 7ff6f6c454dd
[12] 7ff6f6c44633
[13] 7ff6f6c40bbf
[14] 7ff6f6c4af6b
[15] 7ff6f6c271f7
[16] 7ff6f6c2772e
[17] 7ffd6fbdcd87 BaseThreadInitThunk
[18] 7ffd70e0caec RtlUserThreadStart
Caused by: (JsonException) Improper conversion to JsonArray from object
[0] 7ff6f6c2b2a3
[1] 7ff6f6c29fce
[2] 7ff6f6bc4f4a
[3] 7ff6f6bd2382
[4] 7ff6f6c47b17
[5] 7ff6f6c3c712
[6] 7ff6f6c39b3b
[7] 7ff6f6c454dd
[8] 7ff6f6c44633
[9] 7ff6f6c40bbf
[10] 7ff6f6c4af6b
[11] 7ff6f6c271f7
[12] 7ff6f6c2772e
[13] 7ffd6fbdcd87 BaseThreadInitThunk
[14] 7ffd70e0caec RtlUserThreadStart
[Error] Exception caught loading asset: /items/AMMUNITION/smart ammo/cp_smart_hg_bullet/cp_smart_hg_bullet.item, (AssetException) Could not read JSON asset /items/AMMUNITION/smart ammo/cp_smart_hg_bullet/cp_smart_hg_bullet.item
[0] 7ff6f6c2b2a3
[1] 7ff6f6c29fce
[2] 7ff6f6c2a0b8
[3] 7ff6f6c39e20
[4] 7ff6f7359d81
[5] 7ffd4930bb00 _CxxFrameHandler3
[6] 7ffd492f33c7 is_exception_typeof
[7] 7ffd70e841b6 RtlCaptureContext2
[8] 7ff6f6c3c712
[9] 7ff6f6c39b3b
[10] 7ff6f6c454dd
[11] 7ff6f6c44633
[12] 7ff6f6c40bbf
[13] 7ff6f6c4af6b
[14] 7ff6f6c271f7
[15] 7ff6f6c2772e
[16] 7ffd6fbdcd87 BaseThreadInitThunk
[17] 7ffd70e0caec RtlUserThreadStart
Caused by: (JsonParsingException) Cannot parse json file: /items/AMMUNITION/smart ammo/cp_smart_hg_bullet/cp_smart_hg_bullet.item
[0] 7ff6f6c2b2a3
[1] 7ff6f6c29fce
[2] 7ff6f6c2a0b8
[3] 7ff6f6c3a980
[4] 7ff6f735b16b
[5] 7ffd4930bb00 _CxxFrameHandler3
[6] 7ffd492f33c7 is_exception_typeof
[7] 7ffd70e841b6 RtlCaptureContext2
[8] 7ff6f6c47b17
[9] 7ff6f6c3c712
[10] 7ff6f6c39b3b
[11] 7ff6f6c454dd
[12] 7ff6f6c44633
[13] 7ff6f6c40bbf
[14] 7ff6f6c4af6b
[15] 7ff6f6c271f7
[16] 7ff6f6c2772e
[17] 7ffd6fbdcd87 BaseThreadInitThunk
[18] 7ffd70e0caec RtlUserThreadStart
Caused by: (JsonException) Improper conversion to JsonArray from object
[0] 7ff6f6c2b2a3
[1] 7ff6f6c29fce
[2] 7ff6f6bc4f4a
[3] 7ff6f6bd2382
[4] 7ff6f6c47b17
[5] 7ff6f6c3c712
[6] 7ff6f6c39b3b
[7] 7ff6f6c454dd
[8] 7ff6f6c44633
[9] 7ff6f6c40bbf
[10] 7ff6f6c4af6b
[11] 7ff6f6c271f7
[12] 7ff6f6c2772e
[13] 7ffd6fbdcd87 BaseThreadInitThunk
[14] 7ffd70e0caec RtlUserThreadStart
[Error] Exception caught loading asset: /items/MECH_PARTS/esc_shermech_a3_mech.item, (AssetException) Could not read JSON asset /items/MECH_PARTS/esc_shermech_a3_mech.item
[0] 7ff6f6c2b2a3
[1] 7ff6f6c29fce
[2] 7ff6f6c2a0b8
[3] 7ff6f6c39e20
[4] 7ff6f7359d81
[5] 7ffd4930bb00 _CxxFrameHandler3
[6] 7ffd492f33c7 is_exception_typeof
[7] 7ffd70e841b6 RtlCaptureContext2
[8] 7ff6f6c3c712
[9] 7ff6f6c39b3b
[10] 7ff6f6c454dd
[11] 7ff6f6c44633
[12] 7ff6f6c40bbf
[13] 7ff6f6c4af6b
[14] 7ff6f6c271f7
[15] 7ff6f6c2772e
[16] 7ffd6fbdcd87 BaseThreadInitThunk
[17] 7ffd70e0caec RtlUserThreadStart
Caused by: (JsonParsingException) Cannot parse json file: /items/MECH_PARTS/esc_shermech_a3_mech.item
[0] 7ff6f6c2b2a3
[1] 7ff6f6c29fce
[2] 7ff6f6c2a0b8
[3] 7ff6f6c3a980
[4] 7ff6f735b16b
[5] 7ffd4930bb00 _CxxFrameHandler3
[6] 7ffd492f33c7 is_exception_typeof
[7] 7ffd70e841b6 RtlCaptureContext2
[8] 7ff6f6c47b17
[9] 7ff6f6c3c712
[10] 7ff6f6c39b3b
[11] 7ff6f6c454dd
[12] 7ff6f6c44633
[13] 7ff6f6c40bbf
[14] 7ff6f6c4af6b
[15] 7ff6f6c271f7
[16] 7ff6f6c2772e
[17] 7ffd6fbdcd87 BaseThreadInitThunk
[18] 7ffd70e0caec RtlUserThreadStart
Caused by: (JsonException) Improper conversion to JsonArray from object
[0] 7ff6f6c2b2a3
[1] 7ff6f6c29fce
[2] 7ff6f6bc4f4a
[3] 7ff6f6bd2382
[4] 7ff6f6c47b17
[5] 7ff6f6c3c712
[6] 7ff6f6c39b3b
[7] 7ff6f6c454dd
[8] 7ff6f6c44633
[9] 7ff6f6c40bbf
[10] 7ff6f6c4af6b
[11] 7ff6f6c271f7
[12] 7ff6f6c2772e
[13] 7ffd6fbdcd87 BaseThreadInitThunk
[14] 7ffd70e0caec RtlUserThreadStart
[Error] Exception caught loading asset: /items/generic/crafting/ct_stardust.item, (AssetException) Could not read JSON asset /items/generic/crafting/ct_stardust.item
[0] 7ff6f6c2b2a3
[1] 7ff6f6c29fce
[2] 7ff6f6c2a0b8
[3] 7ff6f6c39e20
[4] 7ff6f7359d81
[5] 7ffd4930bb00 _CxxFrameHandler3
[6] 7ffd492f33c7 is_exception_typeof
[7] 7ffd70e841b6 RtlCaptureContext2
[8] 7ff6f6c3c712
[9] 7ff6f6c39b3b
[10] 7ff6f6c454dd
[11] 7ff6f6c44633
[12] 7ff6f6c40bbf
[13] 7ff6f6c4af6b
[14] 7ff6f6c271f7
[15] 7ff6f6c2772e
[16] 7ffd6fbdcd87 BaseThreadInitThunk
[17] 7ffd70e0caec RtlUserThreadStart
Caused by: (JsonParsingException) Cannot parse json file: /items/generic/crafting/ct_stardust.item
[0] 7ff6f6c2b2a3
[1] 7ff6f6c29fce
[2] 7ff6f6c2a0b8
[3] 7ff6f6c3a980
[4] 7ff6f735b16b
[5] 7ffd4930bb00 _CxxFrameHandler3
[6] 7ffd492f33c7 is_exception_typeof
[7] 7ffd70e841b6 RtlCaptureContext2
[8] 7ff6f6c47b17
[9] 7ff6f6c3c712
[10] 7ff6f6c39b3b
[11] 7ff6f6c454dd
[12] 7ff6f6c44633
[13] 7ff6f6c40bbf
[14] 7ff6f6c4af6b
[15] 7ff6f6c271f7
[16] 7ff6f6c2772e
[17] 7ffd6fbdcd87 BaseThreadInitThunk
[18] 7ffd70e0caec RtlUserThreadStart
Caused by: (JsonException) Improper conversion to JsonArray from object
[0] 7ff6f6c2b2a3
[1] 7ff6f6c29fce
[2] 7ff6f6bc4f4a
[3] 7ff6f6bd2382
[4] 7ff6f6c47b17
[5] 7ff6f6c3c712
[6] 7ff6f6c39b3b
[7] 7ff6f6c454dd
[8] 7ff6f6c44633
[9] 7ff6f6c40bbf
[10] 7ff6f6c4af6b
[11] 7ff6f6c271f7
[12] 7ff6f6c2772e
[13] 7ffd6fbdcd87 BaseThreadInitThunk
[14] 7ffd70e0caec RtlUserThreadStart
[Error] Exception caught loading asset: /items/generic/shpd_seeds/blandseed.item, (AssetException) Could not read JSON asset /items/generic/shpd_seeds/blandseed.item
[0] 7ff6f6c2b2a3
[1] 7ff6f6c29fce
[2] 7ff6f6c2a0b8
[3] 7ff6f6c39e20
[4] 7ff6f7359d81
[5] 7ffd4930bb00 _CxxFrameHandler3
[6] 7ffd492f33c7 is_exception_typeof
[7] 7ffd70e841b6 RtlCaptureContext2
[8] 7ff6f6c3c712
[9] 7ff6f6c39b3b
[10] 7ff6f6c454dd
[11] 7ff6f6c44633
[12] 7ff6f6c40bbf
[13] 7ff6f6c4af6b
[14] 7ff6f6c271f7
[15] 7ff6f6c2772e
[16] 7ffd6fbdcd87 BaseThreadInitThunk
[17] 7ffd70e0caec RtlUserThreadStart
Caused by: (JsonParsingException) Cannot parse json file: /items/generic/shpd_seeds/blandseed.item
[0] 7ff6f6c2b2a3
[1] 7ff6f6c29fce
[2] 7ff6f6c2a0b8
[3] 7ff6f6c3a980
[4] 7ff6f735b16b
[5] 7ffd4930bb00 _CxxFrameHandler3
[6] 7ffd492f33c7 is_exception_typeof
[7] 7ffd70e841b6 RtlCaptureContext2
[8] 7ff6f6c47b17
[9] 7ff6f6c3c712
[10] 7ff6f6c39b3b
[11] 7ff6f6c454dd
[12] 7ff6f6c44633
[13] 7ff6f6c40bbf
[14] 7ff6f6c4af6b
[15] 7ff6f6c271f7
[16] 7ff6f6c2772e
[17] 7ffd6fbdcd87 BaseThreadInitThunk
[18] 7ffd70e0caec RtlUserThreadStart
Caused by: (JsonException) Improper conversion to JsonArray from object
[0] 7ff6f6c2b2a3
[1] 7ff6f6c29fce
[2] 7ff6f6bc4f4a
[3] 7ff6f6bd2382
[4] 7ff6f6c47b17
[5] 7ff6f6c3c712
[6] 7ff6f6c39b3b
[7] 7ff6f6c454dd
[8] 7ff6f6c44633
[9] 7ff6f6c40bbf
[10] 7ff6f6c4af6b
[11] 7ff6f6c271f7
[12] 7ff6f6c2772e
[13] 7ffd6fbdcd87 BaseThreadInitThunk
[14] 7ffd70e0caec RtlUserThreadStart
[Error] Exception caught loading asset: /items/COMMODITIES/GUN_MATERIALS/gicexp_458arkit/gicexp_458arkit.item, (AssetException) Could not read JSON asset /items/COMMODITIES/GUN_MATERIALS/gicexp_458arkit/gicexp_458arkit.item
[0] 7ff6f6c2b2a3
[1] 7ff6f6c29fce
[2] 7ff6f6c2a0b8
[3] 7ff6f6c39e20
[4] 7ff6f7359d81
[5] 7ffd4930bb00 _CxxFrameHandler3
[6] 7ffd492f33c7 is_exception_typeof
[7] 7ffd70e841b6 RtlCaptureContext2
[8] 7ff6f6c3c712
[9] 7ff6f6c39b3b
[10] 7ff6f6c454dd
[11] 7ff6f6c44633
[12] 7ff6f6c40bbf
[13] 7ff6f6c4af6b
[14] 7ff6f6c271f7
[15] 7ff6f6c2772e
[16] 7ffd6fbdcd87 BaseThreadInitThunk
[17] 7ffd70e0caec RtlUserThreadStart
Caused by: (JsonParsingException) Cannot parse json file: /items/COMMODITIES/GUN_MATERIALS/gicexp_458arkit/gicexp_458arkit.item
[0] 7ff6f6c2b2a3
[1] 7ff6f6c29fce
[2] 7ff6f6c2a0b8
[3] 7ff6f6c3a980
[4] 7ff6f735b16b
[5] 7ffd4930bb00 _CxxFrameHandler3
[6] 7ffd492f33c7 is_exception_typeof
[7] 7ffd70e841b6 RtlCaptureContext2
[8] 7ff6f6c47b17
[9] 7ff6f6c3c712
[10] 7ff6f6c39b3b
[11] 7ff6f6c454dd
[12] 7ff6f6c44633
[13] 7ff6f6c40bbf
[14] 7ff6f6c4af6b
[15] 7ff6f6c271f7
[16] 7ff6f6c2772e
[17] 7ffd6fbdcd87 BaseThreadInitThunk
[18] 7ffd70e0caec RtlUserThreadStart
Caused by: (JsonException) Improper conversion to JsonArray from object
[0] 7ff6f6c2b2a3
[1] 7ff6f6c29fce
[2] 7ff6f6bc4f4a
[3] 7ff6f6bd2382
[4] 7ff6f6c47b17
[5] 7ff6f6c3c712
[6] 7ff6f6c39b3b
[7] 7ff6f6c454dd
[8] 7ff6f6c44633
[9] 7ff6f6c40bbf
[10] 7ff6f6c4af6b
[11] 7ff6f6c271f7
[12] 7ff6f6c2772e
[13] 7ffd6fbdcd87 BaseThreadInitThunk
[14] 7ffd70e0caec RtlUserThreadStart
[Error] Exception caught loading asset: /items/COMMODITIES/GUN_MATERIALS/gicexp_ar57kit/gicexp_ar57kit.item, (AssetException) Could not read JSON asset /items/COMMODITIES/GUN_MATERIALS/gicexp_ar57kit/gicexp_ar57kit.item
[0] 7ff6f6c2b2a3
[1] 7ff6f6c29fce
[2] 7ff6f6c2a0b8
[3] 7ff6f6c39e20
[4] 7ff6f7359d81
[5] 7ffd4930bb00 _CxxFrameHandler3
[6] 7ffd492f33c7 is_exception_typeof
[7] 7ffd70e841b6 RtlCaptureContext2
[8] 7ff6f6c3c712
[9] 7ff6f6c39b3b
[10] 7ff6f6c454dd
[11] 7ff6f6c44633
[12] 7ff6f6c40bbf
[13] 7ff6f6c4af6b
[14] 7ff6f6c271f7
[15] 7ff6f6c2772e
[16] 7ffd6fbdcd87 BaseThreadInitThunk
[17] 7ffd70e0caec RtlUserThreadStart
Caused by: (JsonParsingException) Cannot parse json file: /items/COMMODITIES/GUN_MATERIALS/gicexp_ar57kit/gicexp_ar57kit.item
[0] 7ff6f6c2b2a3
[1] 7ff6f6c29fce
[2] 7ff6f6c2a0b8
[3] 7ff6f6c3a980
[4] 7ff6f735b16b
[5] 7ffd4930bb00 _CxxFrameHandler3
[6] 7ffd492f33c7 is_exception_typeof
[7] 7ffd70e841b6 RtlCaptureContext2
[8] 7ff6f6c47b17
[9] 7ff6f6c3c712
[10] 7ff6f6c39b3b
[11] 7ff6f6c454dd
[12] 7ff6f6c44633
[13] 7ff6f6c40bbf
[14] 7ff6f6c4af6b
[15] 7ff6f6c271f7
[16] 7ff6f6c2772e
[17] 7ffd6fbdcd87 BaseThreadInitThunk
[18] 7ffd70e0caec RtlUserThreadStart
Caused by: (JsonException) Improper conversion to JsonArray from object
[0] 7ff6f6c2b2a3
[1] 7ff6f6c29fce
[2] 7ff6f6bc4f4a
[3] 7ff6f6bd2382
[4] 7ff6f6c47b17
[5] 7ff6f6c3c712
[6] 7ff6f6c39b3b
[7] 7ff6f6c454dd
[8] 7ff6f6c44633
[9] 7ff6f6c40bbf
[10] 7ff6f6c4af6b
[11] 7ff6f6c271f7
[12] 7ff6f6c2772e
[13] 7ffd6fbdcd87 BaseThreadInitThunk
[14] 7ffd70e0caec RtlUserThreadStart
[Error] Exception caught loading asset: /items/generic/neki/nekicastclaw5.item, (AssetException) Could not read JSON asset /items/generic/neki/nekicastclaw5.item
[0] 7ff6f6c2b2a3
[1] 7ff6f6c29fce
[2] 7ff6f6c2a0b8
[3] 7ff6f6c39e20
[4] 7ff6f7359d81
[5] 7ffd4930bb00 _CxxFrameHandler3
[6] 7ffd492f33c7 is_exception_typeof
[7] 7ffd70e841b6 RtlCaptureContext2
[8] 7ff6f6c3c712
[9] 7ff6f6c39b3b
[10] 7ff6f6c454dd
[11] 7ff6f6c44633
[12] 7ff6f6c40bbf
[13] 7ff6f6c4af6b
[14] 7ff6f6c271f7
[15] 7ff6f6c2772e
[16] 7ffd6fbdcd87 BaseThreadInitThunk
[17] 7ffd70e0caec RtlUserThreadStart
Caused by: (JsonParsingException) Cannot parse json file: /items/generic/neki/nekicastclaw5.item
[0] 7ff6f6c2b2a3
[1] 7ff6f6c29fce
[2] 7ff6f6c2a0b8
[3] 7ff6f6c3a980
[4] 7ff6f735b16b
[5] 7ffd4930bb00 _CxxFrameHandler3
[6] 7ffd492f33c7 is_exception_typeof
[7] 7ffd70e841b6 RtlCaptureContext2
[8] 7ff6f6c47b17
[9] 7ff6f6c3c712
[10] 7ff6f6c39b3b
[11] 7ff6f6c454dd
[12] 7ff6f6c44633
[13] 7ff6f6c40bbf
[14] 7ff6f6c4af6b
[15] 7ff6f6c271f7
[16] 7ff6f6c2772e
[17] 7ffd6fbdcd87 BaseThreadInitThunk
[18] 7ffd70e0caec RtlUserThreadStart
Caused by: (JsonException) Improper conversion to JsonArray from object
[0] 7ff6f6c2b2a3
[1] 7ff6f6c29fce
[2] 7ff6f6bc4f4a
[3] 7ff6f6bd2382
[4] 7ff6f6c47b17
[5] 7ff6f6c3c712
[6] 7ff6f6c39b3b
[7] 7ff6f6c454dd
[8] 7ff6f6c44633
[9] 7ff6f6c40bbf
[10] 7ff6f6c4af6b
[11] 7ff6f6c271f7
[12] 7ff6f6c2772e
[13] 7ffd6fbdcd87 BaseThreadInitThunk
[14] 7ffd70e0caec RtlUserThreadStart
[Error] Exception caught loading asset: /items/AMMUNITION/power ammo/cp_14mm_custom_bullet/cp_14mm_custom_bullet.item, (AssetException) Could not read JSON asset /items/AMMUNITION/power ammo/cp_14mm_custom_bullet/cp_14mm_custom_bullet.item
[0] 7ff6f6c2b2a3
[1] 7ff6f6c29fce
[2] 7ff6f6c2a0b8
[3] 7ff6f6c39e20
[4] 7ff6f7359d81
[5] 7ffd4930bb00 _CxxFrameHandler3
[6] 7ffd492f33c7 is_exception_typeof
[7] 7ffd70e841b6 RtlCaptureContext2
[8] 7ff6f6c3c712
[9] 7ff6f6c39b3b
[10] 7ff6f6c454dd
[11] 7ff6f6c44633
[12] 7ff6f6c40bbf
[13] 7ff6f6c4af6b
[14] 7ff6f6c271f7
[15] 7ff6f6c2772e
[16] 7ffd6fbdcd87 BaseThreadInitThunk
[17] 7ffd70e0caec RtlUserThreadStart
Caused by: (JsonParsingException) Cannot parse json file: /items/AMMUNITION/power ammo/cp_14mm_custom_bullet/cp_14mm_custom_bullet.item
[0] 7ff6f6c2b2a3
[1] 7ff6f6c29fce
[2] 7ff6f6c2a0b8
[3] 7ff6f6c3a980
[4] 7ff6f735b16b
[5] 7ffd4930bb00 _CxxFrameHandler3
[6] 7ffd492f33c7 is_exception_typeof
[7] 7ffd70e841b6 RtlCaptureContext2
[8] 7ff6f6c47b17
[9] 7ff6f6c3c712
[10] 7ff6f6c39b3b
[11] 7ff6f6c454dd
[12] 7ff6f6c44633
[13] 7ff6f6c40bbf
[14] 7ff6f6c4af6b
[15] 7ff6f6c271f7
[16] 7ff6f6c2772e
[17] 7ffd6fbdcd87 BaseThreadInitThunk
[18] 7ffd70e0caec RtlUserThreadStart
Caused by: (JsonException) Improper conversion to JsonArray from object
[0] 7ff6f6c2b2a3
[1] 7ff6f6c29fce
[2] 7ff6f6bc4f4a
[3] 7ff6f6bd2382
[4] 7ff6f6c47b17
[5] 7ff6f6c3c712
[6] 7ff6f6c39b3b
[7] 7ff6f6c454dd
[8] 7ff6f6c44633
[9] 7ff6f6c40bbf
[10] 7ff6f6c4af6b
[11] 7ff6f6c271f7
[12] 7ff6f6c2772e
[13] 7ffd6fbdcd87 BaseThreadInitThunk
[14] 7ffd70e0caec RtlUserThreadStart
[Error] Exception caught loading asset: /shpd_old/blandseed.item, (AssetException) Could not read JSON asset /shpd_old/blandseed.item
[0] 7ff6f6c2b2a3
[1] 7ff6f6c29fce
[2] 7ff6f6c2a0b8
[3] 7ff6f6c39e20
[4] 7ff6f7359d81
[5] 7ffd4930bb00 _CxxFrameHandler3
[6] 7ffd492f33c7 is_exception_typeof
[7] 7ffd70e841b6 RtlCaptureContext2
[8] 7ff6f6c3c712
[9] 7ff6f6c39b3b
[10] 7ff6f6c454dd
[11] 7ff6f6c44633
[12] 7ff6f6c40bbf
[13] 7ff6f6c4af6b
[14] 7ff6f6c271f7
[15] 7ff6f6c2772e
[16] 7ffd6fbdcd87 BaseThreadInitThunk
[17] 7ffd70e0caec RtlUserThreadStart
Caused by: (JsonParsingException) Cannot parse json file: /shpd_old/blandseed.item
[0] 7ff6f6c2b2a3
[1] 7ff6f6c29fce
[2] 7ff6f6c2a0b8
[3] 7ff6f6c3a980
[4] 7ff6f735b16b
[5] 7ffd4930bb00 _CxxFrameHandler3
[6] 7ffd492f33c7 is_exception_typeof
[7] 7ffd70e841b6 RtlCaptureContext2
[8] 7ff6f6c47b17
[9] 7ff6f6c3c712
[10] 7ff6f6c39b3b
[11] 7ff6f6c454dd
[12] 7ff6f6c44633
[13] 7ff6f6c40bbf
[14] 7ff6f6c4af6b
[15] 7ff6f6c271f7
[16] 7ff6f6c2772e
[17] 7ffd6fbdcd87 BaseThreadInitThunk
[18] 7ffd70e0caec RtlUserThreadStart
Caused by: (JsonException) Improper conversion to JsonArray from object
[0] 7ff6f6c2b2a3
[1] 7ff6f6c29fce
[2] 7ff6f6bc4f4a
[3] 7ff6f6bd2382
[4] 7ff6f6c47b17
[5] 7ff6f6c3c712
[6] 7ff6f6c39b3b
[7] 7ff6f6c454dd
[8] 7ff6f6c44633
[9] 7ff6f6c40bbf
[10] 7ff6f6c4af6b
[11] 7ff6f6c271f7
[12] 7ff6f6c2772e
[13] 7ffd6fbdcd87 BaseThreadInitThunk
[14] 7ffd70e0caec RtlUserThreadStart
[Error] Exception caught loading asset: /items/aichips/avianaichip.item, (AssetException) Could not read JSON asset /items/aichips/avianaichip.item
[0] 7ff6f6c2b2a3
[1] 7ff6f6c29fce
[2] 7ff6f6c2a0b8
[3] 7ff6f6c39e20
[4] 7ff6f7359d81
[5] 7ffd4930bb00 _CxxFrameHandler3
[6] 7ffd492f33c7 is_exception_typeof
[7] 7ffd70e841b6 RtlCaptureContext2
[8] 7ff6f6c3c712
[9] 7ff6f6c39b3b
[10] 7ff6f6c454dd
[11] 7ff6f6c44633
[12] 7ff6f6c40bbf
[13] 7ff6f6c4af6b
[14] 7ff6f6c271f7
[15] 7ff6f6c2772e
[16] 7ffd6fbdcd87 BaseThreadInitThunk
[17] 7ffd70e0caec RtlUserThreadStart
Caused by: (JsonParsingException) Cannot parse json file: /items/aichips/avianaichip.item
[0] 7ff6f6c2b2a3
[1] 7ff6f6c29fce
[2] 7ff6f6c2a0b8
[3] 7ff6f6c3a980
[4] 7ff6f735b16b
[5] 7ffd4930bb00 _CxxFrameHandler3
[6] 7ffd492f33c7 is_exception_typeof
[7] 7ffd70e841b6 RtlCaptureContext2
[8] 7ff6f6c47b17
[9] 7ff6f6c3c712
[10] 7ff6f6c39b3b
[11] 7ff6f6c454dd
[12] 7ff6f6c44633
[13] 7ff6f6c40bbf
[14] 7ff6f6c4af6b
[15] 7ff6f6c271f7
[16] 7ff6f6c2772e
[17] 7ffd6fbdcd87 BaseThreadInitThunk
[18] 7ffd70e0caec RtlUserThreadStart
Caused by: (JsonException) Improper conversion to JsonArray from object
[0] 7ff6f6c2b2a3
[1] 7ff6f6c29fce
[2] 7ff6f6bc4f4a
[3] 7ff6f6bd2382
[4] 7ff6f6c47b17
[5] 7ff6f6c3c712
[6] 7ff6f6c39b3b
[7] 7ff6f6c454dd
[8] 7ff6f6c44633
[9] 7ff6f6c40bbf
[10] 7ff6f6c4af6b
[11] 7ff6f6c271f7
[12] 7ff6f6c2772e
[13] 7ffd6fbdcd87 BaseThreadInitThunk
[14] 7ffd70e0caec RtlUserThreadStart
[Error] Exception caught loading asset: /ITEMS/AMMUNITION/CARL_GUSTAF_84MM_SHELLS/giclfw_84mm_shell_pfab/giclfw_84mm_shell_pfab.item, (AssetException) Could not read JSON asset /ITEMS/AMMUNITION/CARL_GUSTAF_84MM_SHELLS/giclfw_84mm_shell_pfab/giclfw_84mm_shell_pfab.item
[0] 7ff6f6c2b2a3
[1] 7ff6f6c29fce
[2] 7ff6f6c2a0b8
[3] 7ff6f6c39e20
[4] 7ff6f7359d81
[5] 7ffd4930bb00 _CxxFrameHandler3
[6] 7ffd492f33c7 is_exception_typeof
[7] 7ffd70e841b6 RtlCaptureContext2
[8] 7ff6f6c3c712
[9] 7ff6f6c39b3b
[10] 7ff6f6c454dd
[11] 7ff6f6c44633
[12] 7ff6f6c40bbf
[13] 7ff6f6c4af6b
[14] 7ff6f6c271f7
[15] 7ff6f6c2772e
[16] 7ffd6fbdcd87 BaseThreadInitThunk
[17] 7ffd70e0caec RtlUserThreadStart
Caused by: (JsonParsingException) Cannot parse json file: /ITEMS/AMMUNITION/CARL_GUSTAF_84MM_SHELLS/giclfw_84mm_shell_pfab/giclfw_84mm_shell_pfab.item
[0] 7ff6f6c2b2a3
[1] 7ff6f6c29fce
[2] 7ff6f6c2a0b8
[3] 7ff6f6c3a980
[4] 7ff6f735b16b
[5] 7ffd4930bb00 _CxxFrameHandler3
[6] 7ffd492f33c7 is_exception_typeof
[7] 7ffd70e841b6 RtlCaptureContext2
[8] 7ff6f6c47b17
[9] 7ff6f6c3c712
[10] 7ff6f6c39b3b
[11] 7ff6f6c454dd
[12] 7ff6f6c44633
[13] 7ff6f6c40bbf
[14] 7ff6f6c4af6b
[15] 7ff6f6c271f7
[16] 7ff6f6c2772e
[17] 7ffd6fbdcd87 BaseThreadInitThunk
[18] 7ffd70e0caec RtlUserThreadStart
Caused by: (JsonException) Improper conversion to JsonArray from object
[0] 7ff6f6c2b2a3
[1] 7ff6f6c29fce
[2] 7ff6f6bc4f4a
[3] 7ff6f6bd2382
[4] 7ff6f6c47b17
[5] 7ff6f6c3c712
[6] 7ff6f6c39b3b
[7] 7ff6f6c454dd
[8] 7ff6f6c44633
[9] 7ff6f6c40bbf
[10] 7ff6f6c4af6b
[11] 7ff6f6c271f7
[12] 7ff6f6c2772e
[13] 7ffd6fbdcd87 BaseThreadInitThunk
[14] 7ffd70e0caec RtlUserThreadStart
[Error] Exception caught loading asset: /items/generic/arcana_bossdrops/arcana_misc_aeonCore.item, (AssetException) Could not read JSON asset /items/generic/arcana_bossdrops/arcana_misc_aeonCore.item
[0] 7ff6f6c2b2a3
[1] 7ff6f6c29fce
[2] 7ff6f6c2a0b8
[3] 7ff6f6c39e20
[4] 7ff6f7359d81
[5] 7ffd4930bb00 _CxxFrameHandler3
[6] 7ffd492f33c7 is_exception_typeof
[7] 7ffd70e841b6 RtlCaptureContext2
[8] 7ff6f6c3c712
[9] 7ff6f6c39b3b
[10] 7ff6f6c454dd
[11] 7ff6f6c44633
[12] 7ff6f6c40bbf
[13] 7ff6f6c4af6b
[14] 7ff6f6c271f7
[15] 7ff6f6c2772e
[16] 7ffd6fbdcd87 BaseThreadInitThunk
[17] 7ffd70e0caec RtlUserThreadStart
Caused by: (JsonParsingException) Cannot parse json file: /items/generic/arcana_bossdrops/arcana_misc_aeonCore.item
[0] 7ff6f6c2b2a3
[1] 7ff6f6c29fce
[2] 7ff6f6c2a0b8
[3] 7ff6f6c3a980
[4] 7ff6f735b16b
[5] 7ffd4930bb00 _CxxFrameHandler3
[6] 7ffd492f33c7 is_exception_typeof
[7] 7ffd70e841b6 RtlCaptureContext2
[8] 7ff6f6c47b17
[9] 7ff6f6c3c712
[10] 7ff6f6c39b3b
[11] 7ff6f6c454dd
[12] 7ff6f6c44633
[13] 7ff6f6c40bbf
[14] 7ff6f6c4af6b
[15] 7ff6f6c271f7
[16] 7ff6f6c2772e
[17] 7ffd6fbdcd87 BaseThreadInitThunk
[18] 7ffd70e0caec RtlUserThreadStart
Caused by: (JsonException) Improper conversion to JsonArray from object
[0] 7ff6f6c2b2a3
[1] 7ff6f6c29fce
[2] 7ff6f6bc4f4a
[3] 7ff6f6bd2382
[4] 7ff6f6c47b17
[5] 7ff6f6c3c712
[6] 7ff6f6c39b3b
[7] 7ff6f6c454dd
[8] 7ff6f6c44633
[9] 7ff6f6c40bbf
[10] 7ff6f6c4af6b
[11] 7ff6f6c271f7
[12] 7ff6f6c2772e
[13] 7ffd6fbdcd87 BaseThreadInitThunk
[14] 7ffd70e0caec RtlUserThreadStart
[Error] Exception caught loading asset: /items/generic/arcana_flowers/arcana_flowers_orangeFluxroot.item, (AssetException) Could not read JSON asset /items/generic/arcana_flowers/arcana_flowers_orangeFluxroot.item
[0] 7ff6f6c2b2a3
[1] 7ff6f6c29fce
[2] 7ff6f6c2a0b8
[3] 7ff6f6c39e20
[4] 7ff6f7359d81
[5] 7ffd4930bb00 _CxxFrameHandler3
[6] 7ffd492f33c7 is_exception_typeof
[7] 7ffd70e841b6 RtlCaptureContext2
[8] 7ff6f6c3c712
[9] 7ff6f6c39b3b
[10] 7ff6f6c454dd
[11] 7ff6f6c44633
[12] 7ff6f6c40bbf
[13] 7ff6f6c4af6b
[14] 7ff6f6c271f7
[15] 7ff6f6c2772e
[16] 7ffd6fbdcd87 BaseThreadInitThunk
[17] 7ffd70e0caec RtlUserThreadStart
Caused by: (JsonParsingException) Cannot parse json file: /items/generic/arcana_flowers/arcana_flowers_orangeFluxroot.item
[0] 7ff6f6c2b2a3
[1] 7ff6f6c29fce
[2] 7ff6f6c2a0b8
[3] 7ff6f6c3a980
[4] 7ff6f735b16b
[5] 7ffd4930bb00 _CxxFrameHandler3
[6] 7ffd492f33c7 is_exception_typeof
[7] 7ffd70e841b6 RtlCaptureContext2
[8] 7ff6f6c47b17
[9] 7ff6f6c3c712
[10] 7ff6f6c39b3b
[11] 7ff6f6c454dd
[12] 7ff6f6c44633
[13] 7ff6f6c40bbf
[14] 7ff6f6c4af6b
[15] 7ff6f6c271f7
[16] 7ff6f6c2772e
[17] 7ffd6fbdcd87 BaseThreadInitThunk
[18] 7ffd70e0caec RtlUserThreadStart
Caused by: (JsonException) Improper conversion to JsonArray from object
[0] 7ff6f6c2b2a3
[1] 7ff6f6c29fce
[2] 7ff6f6bc4f4a
[3] 7ff6f6bd2382
[4] 7ff6f6c47b17
[5] 7ff6f6c3c712
[6] 7ff6f6c39b3b
[7] 7ff6f6c454dd
[8] 7ff6f6c44633
[9] 7ff6f6c40bbf
[10] 7ff6f6c4af6b
[11] 7ff6f6c271f7
[12] 7ff6f6c2772e
[13] 7ffd6fbdcd87 BaseThreadInitThunk
[14] 7ffd70e0caec RtlUserThreadStart
[Error] Exception caught loading asset: /items/AMMUNITION/SUPPORT/gico_lionhowler/gico_lionhowler_strafing_flare.item, (AssetException) Could not read JSON asset /items/AMMUNITION/SUPPORT/gico_lionhowler/gico_lionhowler_strafing_flare.item
[0] 7ff6f6c2b2a3
[1] 7ff6f6c29fce
[2] 7ff6f6c2a0b8
[3] 7ff6f6c39e20
[4] 7ff6f7359d81
[5] 7ffd4930bb00 _CxxFrameHandler3
[6] 7ffd492f33c7 is_exception_typeof
[7] 7ffd70e841b6 RtlCaptureContext2
[8] 7ff6f6c3c712
[9] 7ff6f6c39b3b
[10] 7ff6f6c454dd
[11] 7ff6f6c44633
[12] 7ff6f6c40bbf
[13] 7ff6f6c4af6b
[14] 7ff6f6c271f7
[15] 7ff6f6c2772e
[16] 7ffd6fbdcd87 BaseThreadInitThunk
[17] 7ffd70e0caec RtlUserThreadStart
Caused by: (JsonParsingException) Cannot parse json file: /items/AMMUNITION/SUPPORT/gico_lionhowler/gico_lionhowler_strafing_flare.item
[0] 7ff6f6c2b2a3
[1] 7ff6f6c29fce
[2] 7ff6f6c2a0b8
[3] 7ff6f6c3a980
[4] 7ff6f735b16b
[5] 7ffd4930bb00 _CxxFrameHandler3
[6] 7ffd492f33c7 is_exception_typeof
[7] 7ffd70e841b6 RtlCaptureContext2
[8] 7ff6f6c47b17
[9] 7ff6f6c3c712
[10] 7ff6f6c39b3b
[11] 7ff6f6c454dd
[12] 7ff6f6c44633
[13] 7ff6f6c40bbf
[14] 7ff6f6c4af6b
[15] 7ff6f6c271f7
[16] 7ff6f6c2772e
[17] 7ffd6fbdcd87 BaseThreadInitThunk
[18] 7ffd70e0caec RtlUserThreadStart
Caused by: (JsonException) Improper conversion to JsonArray from object
[0] 7ff6f6c2b2a3
[1] 7ff6f6c29fce
[2] 7ff6f6bc4f4a
[3] 7ff6f6bd2382
[4] 7ff6f6c47b17
[5] 7ff6f6c3c712
[6] 7ff6f6c39b3b
[7] 7ff6f6c454dd
[8] 7ff6f6c44633
[9] 7ff6f6c40bbf
[10] 7ff6f6c4af6b
[11] 7ff6f6c271f7
[12] 7ff6f6c2772e
[13] 7ffd6fbdcd87 BaseThreadInitThunk
[14] 7ffd70e0caec RtlUserThreadStart
[Error] Exception caught loading asset: /items/generic/crafting/v-ancientfabricatorcore.item, (AssetException) Could not read JSON asset /items/generic/crafting/v-ancientfabricatorcore.item
[0] 7ff6f6c2b2a3
[1] 7ff6f6c29fce
[2] 7ff6f6c2a0b8
[3] 7ff6f6c39e20
[4] 7ff6f7359d81
[5] 7ffd4930bb00 _CxxFrameHandler3
[6] 7ffd492f33c7 is_exception_typeof
[7] 7ffd70e841b6 RtlCaptureContext2
[8] 7ff6f6c3c712
[9] 7ff6f6c39b3b
[10] 7ff6f6c454dd
[11] 7ff6f6c44633
[12] 7ff6f6c40bbf
[13] 7ff6f6c4af6b
[14] 7ff6f6c271f7
[15] 7ff6f6c2772e
[16] 7ffd6fbdcd87 BaseThreadInitThunk
[17] 7ffd70e0caec RtlUserThreadStart
Caused by: (JsonParsingException) Cannot parse json file: /items/generic/crafting/v-ancientfabricatorcore.item
[0] 7ff6f6c2b2a3
[1] 7ff6f6c29fce
[2] 7ff6f6c2a0b8
[3] 7ff6f6c3a980
[4] 7ff6f735b16b
[5] 7ffd4930bb00 _CxxFrameHandler3
[6] 7ffd492f33c7 is_exception_typeof
[7] 7ffd70e841b6 RtlCaptureContext2
[8] 7ff6f6c47b17
[9] 7ff6f6c3c712
[10] 7ff6f6c39b3b
[11] 7ff6f6c454dd
[12] 7ff6f6c44633
[13] 7ff6f6c40bbf
[14] 7ff6f6c4af6b
[15] 7ff6f6c271f7
[16] 7ff6f6c2772e
[17] 7ffd6fbdcd87 BaseThreadInitThunk
[18] 7ffd70e0caec RtlUserThreadStart
Caused by: (JsonException) Improper conversion to JsonArray from object
[0] 7ff6f6c2b2a3
[1] 7ff6f6c29fce
[2] 7ff6f6bc4f4a
[3] 7ff6f6bd2382
[4] 7ff6f6c47b17
[5] 7ff6f6c3c712
[6] 7ff6f6c39b3b
[7] 7ff6f6c454dd
[8] 7ff6f6c44633
[9] 7ff6f6c40bbf
[10] 7ff6f6c4af6b
[11] 7ff6f6c271f7
[12] 7ff6f6c2772e
[13] 7ffd6fbdcd87 BaseThreadInitThunk
[14] 7ffd70e0caec RtlUserThreadStart
[Error] Exception caught loading asset: /items/generic/arcana_keys/arcana_key_verdantKey.item, (AssetException) Could not read JSON asset /items/generic/arcana_keys/arcana_key_verdantKey.item
[0] 7ff6f6c2b2a3
[1] 7ff6f6c29fce
[2] 7ff6f6c2a0b8
[3] 7ff6f6c39e20
[4] 7ff6f7359d81
[5] 7ffd4930bb00 _CxxFrameHandler3
[6] 7ffd492f33c7 is_exception_typeof
[7] 7ffd70e841b6 RtlCaptureContext2
[8] 7ff6f6c3c712
[9] 7ff6f6c39b3b
[10] 7ff6f6c454dd
[11] 7ff6f6c44633
[12] 7ff6f6c40bbf
[13] 7ff6f6c4af6b
[14] 7ff6f6c271f7
[15] 7ff6f6c2772e
[16] 7ffd6fbdcd87 BaseThreadInitThunk
[17] 7ffd70e0caec RtlUserThreadStart
Caused by: (JsonParsingException) Cannot parse json file: /items/generic/arcana_keys/arcana_key_verdantKey.item
[0] 7ff6f6c2b2a3
[1] 7ff6f6c29fce
[2] 7ff6f6c2a0b8
[3] 7ff6f6c3a980
[4] 7ff6f735b16b
[5] 7ffd4930bb00 _CxxFrameHandler3
[6] 7ffd492f33c7 is_exception_typeof
[7] 7ffd70e841b6 RtlCaptureContext2
[8] 7ff6f6c47b17
[9] 7ff6f6c3c712
[10] 7ff6f6c39b3b
[11] 7ff6f6c454dd
[12] 7ff6f6c44633
[13] 7ff6f6c40bbf
[14] 7ff6f6c4af6b
[15] 7ff6f6c271f7
[16] 7ff6f6c2772e
[17] 7ffd6fbdcd87 BaseThreadInitThunk
[18] 7ffd70e0caec RtlUserThreadStart
Caused by: (JsonException) Improper conversion to JsonArray from object
[0] 7ff6f6c2b2a3
[1] 7ff6f6c29fce
[2] 7ff6f6bc4f4a
[3] 7ff6f6bd2382
[4] 7ff6f6c47b17
[5] 7ff6f6c3c712
[6] 7ff6f6c39b3b
[7] 7ff6f6c454dd
[8] 7ff6f6c44633
[9] 7ff6f6c40bbf
[10] 7ff6f6c4af6b
[11] 7ff6f6c271f7
[12] 7ff6f6c2772e
[13] 7ffd6fbdcd87 BaseThreadInitThunk
[14] 7ffd70e0caec RtlUserThreadStart
[Error] Exception caught loading asset: /items/MECH_PARTS/esc_90mm_pershing.item, (AssetException) Could not read JSON asset /items/MECH_PARTS/esc_90mm_pershing.item
[0] 7ff6f6c2b2a3
[1] 7ff6f6c29fce
[2] 7ff6f6c2a0b8
[3] 7ff6f6c39e20
[4] 7ff6f7359d81
[5] 7ffd4930bb00 _CxxFrameHandler3
[6] 7ffd492f33c7 is_exception_typeof
[7] 7ffd70e841b6 RtlCaptureContext2
[8] 7ff6f6c3c712
[9] 7ff6f6c39b3b
[10] 7ff6f6c454dd
[11] 7ff6f6c44633
[12] 7ff6f6c40bbf
[13] 7ff6f6c4af6b
[14] 7ff6f6c271f7
[15] 7ff6f6c2772e
[16] 7ffd6fbdcd87 BaseThreadInitThunk
[17] 7ffd70e0caec RtlUserThreadStart
Caused by: (JsonParsingException) Cannot parse json file: /items/MECH_PARTS/esc_90mm_pershing.item
[0] 7ff6f6c2b2a3
[1] 7ff6f6c29fce
[2] 7ff6f6c2a0b8
[3] 7ff6f6c3a980
[4] 7ff6f735b16b
[5] 7ffd4930bb00 _CxxFrameHandler3
[6] 7ffd492f33c7 is_exception_typeof
[7] 7ffd70e841b6 RtlCaptureContext2
[8] 7ff6f6c47b17
[9] 7ff6f6c3c712
[10] 7ff6f6c39b3b
[11] 7ff6f6c454dd
[12] 7ff6f6c44633
[13] 7ff6f6c40bbf
[14] 7ff6f6c4af6b
[15] 7ff6f6c271f7
[16] 7ff6f6c2772e
[17] 7ffd6fbdcd87 BaseThreadInitThunk
[18] 7ffd70e0caec RtlUserThreadStart
Caused by: (JsonException) Improper conversion to JsonArray from object
[0] 7ff6f6c2b2a3
[1] 7ff6f6c29fce
[2] 7ff6f6bc4f4a
[3] 7ff6f6bd2382
[4] 7ff6f6c47b17
[5] 7ff6f6c3c712
[6] 7ff6f6c39b3b
[7] 7ff6f6c454dd
[8] 7ff6f6c44633
[9] 7ff6f6c40bbf
[10] 7ff6f6c4af6b
[11] 7ff6f6c271f7
[12] 7ff6f6c2772e
[13] 7ffd6fbdcd87 BaseThreadInitThunk
[14] 7ffd70e0caec RtlUserThreadStart
[Error] Exception caught loading asset: /items/AMMUNITION/LION/gico_lbvilla_mag/gico_lbvilla_mag.item, (AssetException) Could not read JSON asset /items/AMMUNITION/LION/gico_lbvilla_mag/gico_lbvilla_mag.item
[0] 7ff6f6c2b2a3
[1] 7ff6f6c29fce
[2] 7ff6f6c2a0b8
[3] 7ff6f6c39e20
[4] 7ff6f7359d81
[5] 7ffd4930bb00 _CxxFrameHandler3
[6] 7ffd492f33c7 is_exception_typeof
[7] 7ffd70e841b6 RtlCaptureContext2
[8] 7ff6f6c3c712
[9] 7ff6f6c39b3b
[10] 7ff6f6c454dd
[11] 7ff6f6c44633
[12] 7ff6f6c40bbf
[13] 7ff6f6c4af6b
[14] 7ff6f6c271f7
[15] 7ff6f6c2772e
[16] 7ffd6fbdcd87 BaseThreadInitThunk
[17] 7ffd70e0caec RtlUserThreadStart
Caused by: (JsonParsingException) Cannot parse json file: /items/AMMUNITION/LION/gico_lbvilla_mag/gico_lbvilla_mag.item
[0] 7ff6f6c2b2a3
[1] 7ff6f6c29fce
[2] 7ff6f6c2a0b8
[3] 7ff6f6c3a980
[4] 7ff6f735b16b
[5] 7ffd4930bb00 _CxxFrameHandler3
[6] 7ffd492f33c7 is_exception_typeof
[7] 7ffd70e841b6 RtlCaptureContext2
[8] 7ff6f6c47b17
[9] 7ff6f6c3c712
[10] 7ff6f6c39b3b
[11] 7ff6f6c454dd
[12] 7ff6f6c44633
[13] 7ff6f6c40bbf
[14] 7ff6f6c4af6b
[15] 7ff6f6c271f7
[16] 7ff6f6c2772e
[17] 7ffd6fbdcd87 BaseThreadInitThunk
[18] 7ffd70e0caec RtlUserThreadStart
Caused by: (JsonException) Improper conversion to JsonArray from object
[0] 7ff6f6c2b2a3
[1] 7ff6f6c29fce
[2] 7ff6f6bc4f4a
[3] 7ff6f6bd2382
[4] 7ff6f6c47b17
[5] 7ff6f6c3c712
[6] 7ff6f6c39b3b
[7] 7ff6f6c454dd
[8] 7ff6f6c44633
[9] 7ff6f6c40bbf
[10] 7ff6f6c4af6b
[11] 7ff6f6c271f7
[12] 7ff6f6c2772e
[13] 7ffd6fbdcd87 BaseThreadInitThunk
[14] 7ffd70e0caec RtlUserThreadStart
[Error] Exception caught loading asset: /items/generic/other/PBletheiaclawlicense.item, (AssetException) Could not read JSON asset /items/generic/other/PBletheiaclawlicense.item
[0] 7ff6f6c2b2a3
[1] 7ff6f6c29fce
[2] 7ff6f6c2a0b8
[3] 7ff6f6c39e20
[4] 7ff6f7359d81
[5] 7ffd4930bb00 _CxxFrameHandler3
[6] 7ffd492f33c7 is_exception_typeof
[7] 7ffd70e841b6 RtlCaptureContext2
[8] 7ff6f6c3c712
[9] 7ff6f6c39b3b
[10] 7ff6f6c454dd
[11] 7ff6f6c44633
[12] 7ff6f6c40bbf
[13] 7ff6f6c4af6b
[14] 7ff6f6c271f7
[15] 7ff6f6c2772e
[16] 7ffd6fbdcd87 BaseThreadInitThunk
[17] 7ffd70e0caec RtlUserThreadStart
Caused by: (JsonParsingException) Cannot parse json file: /items/generic/other/PBletheiaclawlicense.item
[0] 7ff6f6c2b2a3
[1] 7ff6f6c29fce
[2] 7ff6f6c2a0b8
[3] 7ff6f6c3a980
[4] 7ff6f735b16b
[5] 7ffd4930bb00 _CxxFrameHandler3
[6] 7ffd492f33c7 is_exception_typeof
[7] 7ffd70e841b6 RtlCaptureContext2
[8] 7ff6f6c47b17
[9] 7ff6f6c3c712
[10] 7ff6f6c39b3b
[11] 7ff6f6c454dd
[12] 7ff6f6c44633
[13] 7ff6f6c40bbf
[14] 7ff6f6c4af6b
[15] 7ff6f6c271f7
[16] 7ff6f6c2772e
[17] 7ffd6fbdcd87 BaseThreadInitThunk
[18] 7ffd70e0caec RtlUserThreadStart
Caused by: (JsonException) Improper conversion to JsonArray from object
[0] 7ff6f6c2b2a3
[1] 7ff6f6c29fce
[2] 7ff6f6bc4f4a
[3] 7ff6f6bd2382
[4] 7ff6f6c47b17
[5] 7ff6f6c3c712
[6] 7ff6f6c39b3b
[7] 7ff6f6c454dd
[8] 7ff6f6c44633
[9] 7ff6f6c40bbf
[10] 7ff6f6c4af6b
[11] 7ff6f6c271f7
[12] 7ff6f6c2772e
[13] 7ffd6fbdcd87 BaseThreadInitThunk
[14] 7ffd70e0caec RtlUserThreadStart
[Error] Exception caught loading asset: /items/AMMUNITION/40x46mm_LV/esc_40x46mm_mag_smoke.item, (AssetException) Could not read JSON asset /items/AMMUNITION/40x46mm_LV/esc_40x46mm_mag_smoke.item
[0] 7ff6f6c2b2a3
[1] 7ff6f6c29fce
[2] 7ff6f6c2a0b8
[3] 7ff6f6c39e20
[4] 7ff6f7359d81
[5] 7ffd4930bb00 _CxxFrameHandler3
[6] 7ffd492f33c7 is_exception_typeof
[7] 7ffd70e841b6 RtlCaptureContext2
[8] 7ff6f6c3c712
[9] 7ff6f6c39b3b
[10] 7ff6f6c454dd
[11] 7ff6f6c44633
[12] 7ff6f6c40bbf
[13] 7ff6f6c4af6b
[14] 7ff6f6c271f7
[15] 7ff6f6c2772e
[16] 7ffd6fbdcd87 BaseThreadInitThunk
[17] 7ffd70e0caec RtlUserThreadStart
Caused by: (JsonParsingException) Cannot parse json file: /items/AMMUNITION/40x46mm_LV/esc_40x46mm_mag_smoke.item
[0] 7ff6f6c2b2a3
[1] 7ff6f6c29fce
[2] 7ff6f6c2a0b8
[3] 7ff6f6c3a980
[4] 7ff6f735b16b
[5] 7ffd4930bb00 _CxxFrameHandler3
[6] 7ffd492f33c7 is_exception_typeof
[7] 7ffd70e841b6 RtlCaptureContext2
[8] 7ff6f6c47b17
[9] 7ff6f6c3c712
[10] 7ff6f6c39b3b
[11] 7ff6f6c454dd
[12] 7ff6f6c44633
[13] 7ff6f6c40bbf
[14] 7ff6f6c4af6b
[15] 7ff6f6c271f7
[16] 7ff6f6c2772e
[17] 7ffd6fbdcd87 BaseThreadInitThunk
[18] 7ffd70e0caec RtlUserThreadStart
Caused by: (JsonException) Improper conversion to JsonArray from object
[0] 7ff6f6c2b2a3
[1] 7ff6f6c29fce
[2] 7ff6f6bc4f4a
[3] 7ff6f6bd2382
[4] 7ff6f6c47b17
[5] 7ff6f6c3c712
[6] 7ff6f6c39b3b
[7] 7ff6f6c454dd
[8] 7ff6f6c44633
[9] 7ff6f6c40bbf
[10] 7ff6f6c4af6b
[11] 7ff6f6c271f7
[12] 7ff6f6c2772e
[13] 7ffd6fbdcd87 BaseThreadInitThunk
[14] 7ffd70e0caec RtlUserThreadStart
[Error] Exception caught loading asset: /items/AMMUNITION/LION/gico_lb_retribution_mag/gico_lb_retribution_mag.item, (AssetException) Could not read JSON asset /items/AMMUNITION/LION/gico_lb_retribution_mag/gico_lb_retribution_mag.item
[0] 7ff6f6c2b2a3
[1] 7ff6f6c29fce
[2] 7ff6f6c2a0b8
[3] 7ff6f6c39e20
[4] 7ff6f7359d81
[5] 7ffd4930bb00 _CxxFrameHandler3
[6] 7ffd492f33c7 is_exception_typeof
[7] 7ffd70e841b6 RtlCaptureContext2
[8] 7ff6f6c3c712
[9] 7ff6f6c39b3b
[10] 7ff6f6c454dd
[11] 7ff6f6c44633
[12] 7ff6f6c40bbf
[13] 7ff6f6c4af6b
[14] 7ff6f6c271f7
[15] 7ff6f6c2772e
[16] 7ffd6fbdcd87 BaseThreadInitThunk
[17] 7ffd70e0caec RtlUserThreadStart
Caused by: (JsonParsingException) Cannot parse json file: /items/AMMUNITION/LION/gico_lb_retribution_mag/gico_lb_retribution_mag.item
[0] 7ff6f6c2b2a3
[1] 7ff6f6c29fce
[2] 7ff6f6c2a0b8
[3] 7ff6f6c3a980
[4] 7ff6f735b16b
[5] 7ffd4930bb00 _CxxFrameHandler3
[6] 7ffd492f33c7 is_exception_typeof
[7] 7ffd70e841b6 RtlCaptureContext2
[8] 7ff6f6c47b17
[9] 7ff6f6c3c712
[10] 7ff6f6c39b3b
[11] 7ff6f6c454dd
[12] 7ff6f6c44633
[13] 7ff6f6c40bbf
[14] 7ff6f6c4af6b
[15] 7ff6f6c271f7
[16] 7ff6f6c2772e
[17] 7ffd6fbdcd87 BaseThreadInitThunk
[18] 7ffd70e0caec RtlUserThreadStart
Caused by: (JsonException) Improper conversion to JsonArray from object
[0] 7ff6f6c2b2a3
[1] 7ff6f6c29fce
[2] 7ff6f6bc4f4a
[3] 7ff6f6bd2382
[4] 7ff6f6c47b17
[5] 7ff6f6c3c712
[6] 7ff6f6c39b3b
[7] 7ff6f6c454dd
[8] 7ff6f6c44633
[9] 7ff6f6c40bbf
[10] 7ff6f6c4af6b
[11] 7ff6f6c271f7
[12] 7ff6f6c2772e
[13] 7ffd6fbdcd87 BaseThreadInitThunk
[14] 7ffd70e0caec RtlUserThreadStart
[Error] Exception caught loading asset: /items/liquids/novalewdfluid.liqitem, (AssetException) Could not read JSON asset /items/liquids/novalewdfluid.liqitem
[0] 7ff6f6c2b2a3
[1] 7ff6f6c29fce
[2] 7ff6f6c2a0b8
[3] 7ff6f6c39e20
[4] 7ff6f7359d81
[5] 7ffd4930bb00 _CxxFrameHandler3
[6] 7ffd492f33c7 is_exception_typeof
[7] 7ffd70e841b6 RtlCaptureContext2
[8] 7ff6f6c3c712
[9] 7ff6f6c39b3b
[10] 7ff6f6c454dd
[11] 7ff6f6c44633
[12] 7ff6f6c40bbf
[13] 7ff6f6c4af6b
[14] 7ff6f6c271f7
[15] 7ff6f6c2772e
[16] 7ffd6fbdcd87 BaseThreadInitThunk
[17] 7ffd70e0caec RtlUserThreadStart
Caused by: (JsonParsingException) Cannot parse json file: /items/liquids/novalewdfluid.liqitem
[0] 7ff6f6c2b2a3
[1] 7ff6f6c29fce
[2] 7ff6f6c2a0b8
[3] 7ff6f6c3a980
[4] 7ff6f735b16b
[5] 7ffd4930bb00 _CxxFrameHandler3
[6] 7ffd492f33c7 is_exception_typeof
[7] 7ffd70e841b6 RtlCaptureContext2
[8] 7ff6f6c47b17
[9] 7ff6f6c3c712
[10] 7ff6f6c39b3b
[11] 7ff6f6c454dd
[12] 7ff6f6c44633
[13] 7ff6f6c40bbf
[14] 7ff6f6c4af6b
[15] 7ff6f6c271f7
[16] 7ff6f6c2772e
[17] 7ffd6fbdcd87 BaseThreadInitThunk
[18] 7ffd70e0caec RtlUserThreadStart
Caused by: (JsonException) Improper conversion to JsonArray from object
[0] 7ff6f6c2b2a3
[1] 7ff6f6c29fce
[2] 7ff6f6bc4f4a
[3] 7ff6f6bd2382
[4] 7ff6f6c47b17
[5] 7ff6f6c3c712
[6] 7ff6f6c39b3b
[7] 7ff6f6c454dd
[8] 7ff6f6c44633
[9] 7ff6f6c40bbf
[10] 7ff6f6c4af6b
[11] 7ff6f6c271f7
[12] 7ff6f6c2772e
[13] 7ffd6fbdcd87 BaseThreadInitThunk
[14] 7ffd70e0caec RtlUserThreadStart
[Error] Exception caught loading asset: /items/MATERIALS/gico_gold_side_dull.matitem, (AssetException) Could not read JSON asset /items/MATERIALS/gico_gold_side_dull.matitem
[0] 7ff6f6c2b2a3
[1] 7ff6f6c29fce
[2] 7ff6f6c2a0b8
[3] 7ff6f6c39e20
[4] 7ff6f7359d81
[5] 7ffd4930bb00 _CxxFrameHandler3
[6] 7ffd492f33c7 is_exception_typeof
[7] 7ffd70e841b6 RtlCaptureContext2
[8] 7ff6f6c3c712
[9] 7ff6f6c39b3b
[10] 7ff6f6c454dd
[11] 7ff6f6c44633
[12] 7ff6f6c40bbf
[13] 7ff6f6c4af6b
[14] 7ff6f6c271f7
[15] 7ff6f6c2772e
[16] 7ffd6fbdcd87 BaseThreadInitThunk
[17] 7ffd70e0caec RtlUserThreadStart
Caused by: (JsonParsingException) Cannot parse json file: /items/MATERIALS/gico_gold_side_dull.matitem
[0] 7ff6f6c2b2a3
[1] 7ff6f6c29fce
[2] 7ff6f6c2a0b8
[3] 7ff6f6c3a980
[4] 7ff6f735b16b
[5] 7ffd4930bb00 _CxxFrameHandler3
[6] 7ffd492f33c7 is_exception_typeof
[7] 7ffd70e841b6 RtlCaptureContext2
[8] 7ff6f6c47b17
[9] 7ff6f6c3c712
[10] 7ff6f6c39b3b
[11] 7ff6f6c454dd
[12] 7ff6f6c44633
[13] 7ff6f6c40bbf
[14] 7ff6f6c4af6b
[15] 7ff6f6c271f7
[16] 7ff6f6c2772e
[17] 7ffd6fbdcd87 BaseThreadInitThunk
[18] 7ffd70e0caec RtlUserThreadStart
Caused by: (JsonException) Improper conversion to JsonArray from object
[0] 7ff6f6c2b2a3
[1] 7ff6f6c29fce
[2] 7ff6f6bc4f4a
[3] 7ff6f6bd2382
[4] 7ff6f6c47b17
[5] 7ff6f6c3c712
[6] 7ff6f6c39b3b
[7] 7ff6f6c454dd
[8] 7ff6f6c44633
[9] 7ff6f6c40bbf
[10] 7ff6f6c4af6b
[11] 7ff6f6c271f7
[12] 7ff6f6c2772e
[13] 7ffd6fbdcd87 BaseThreadInitThunk
[14] 7ffd70e0caec RtlUserThreadStart
[Error] Exception caught loading asset: /items/materials/arcana_platform_robustaPlatform.matitem, (AssetException) Could not read JSON asset /items/materials/arcana_platform_robustaPlatform.matitem
[0] 7ff6f6c2b2a3
[1] 7ff6f6c29fce
[2] 7ff6f6c2a0b8
[3] 7ff6f6c39e20
[4] 7ff6f7359d81
[5] 7ffd4930bb00 _CxxFrameHandler3
[6] 7ffd492f33c7 is_exception_typeof
[7] 7ffd70e841b6 RtlCaptureContext2
[8] 7ff6f6c3c712
[9] 7ff6f6c39b3b
[10] 7ff6f6c454dd
[11] 7ff6f6c44633
[12] 7ff6f6c40bbf
[13] 7ff6f6c4af6b
[14] 7ff6f6c271f7
[15] 7ff6f6c2772e
[16] 7ffd6fbdcd87 BaseThreadInitThunk
[17] 7ffd70e0caec RtlUserThreadStart
Caused by: (JsonParsingException) Cannot parse json file: /items/materials/arcana_platform_robustaPlatform.matitem
[0] 7ff6f6c2b2a3
[1] 7ff6f6c29fce
[2] 7ff6f6c2a0b8
[3] 7ff6f6c3a980
[4] 7ff6f735b16b
[5] 7ffd4930bb00 _CxxFrameHandler3
[6] 7ffd492f33c7 is_exception_typeof
[7] 7ffd70e841b6 RtlCaptureContext2
[8] 7ff6f6c47b17
[9] 7ff6f6c3c712
[10] 7ff6f6c39b3b
[11] 7ff6f6c454dd
[12] 7ff6f6c44633
[13] 7ff6f6c40bbf
[14] 7ff6f6c4af6b
[15] 7ff6f6c271f7
[16] 7ff6f6c2772e
[17] 7ffd6fbdcd87 BaseThreadInitThunk
[18] 7ffd70e0caec RtlUserThreadStart
Caused by: (JsonException) Improper conversion to JsonArray from object
[0] 7ff6f6c2b2a3
[1] 7ff6f6c29fce
[2] 7ff6f6bc4f4a
[3] 7ff6f6bd2382
[4] 7ff6f6c47b17
[5] 7ff6f6c3c712
[6] 7ff6f6c39b3b
[7] 7ff6f6c454dd
[8] 7ff6f6c44633
[9] 7ff6f6c40bbf
[10] 7ff6f6c4af6b
[11] 7ff6f6c271f7
[12] 7ff6f6c2772e
[13] 7ffd6fbdcd87 BaseThreadInitThunk
[14] 7ffd70e0caec RtlUserThreadStart
[Error] Exception caught loading asset: /items/materials/darkwood.matitem, (AssetException) Could not read JSON asset /items/materials/darkwood.matitem
[0] 7ff6f6c2b2a3
[1] 7ff6f6c29fce
[2] 7ff6f6c2a0b8
[3] 7ff6f6c39e20
[4] 7ff6f7359d81
[5] 7ffd4930bb00 _CxxFrameHandler3
[6] 7ffd492f33c7 is_exception_typeof
[7] 7ffd70e841b6 RtlCaptureContext2
[8] 7ff6f6c3c712
[9] 7ff6f6c39b3b
[10] 7ff6f6c454dd
[11] 7ff6f6c44633
[12] 7ff6f6c40bbf
[13] 7ff6f6c4af6b
[14] 7ff6f6c271f7
[15] 7ff6f6c2772e
[16] 7ffd6fbdcd87 BaseThreadInitThunk
[17] 7ffd70e0caec RtlUserThreadStart
Caused by: (JsonParsingException) Cannot parse json file: /items/materials/darkwood.matitem
[0] 7ff6f6c2b2a3
[1] 7ff6f6c29fce
[2] 7ff6f6c2a0b8
[3] 7ff6f6c3a980
[4] 7ff6f735b16b
[5] 7ffd4930bb00 _CxxFrameHandler3
[6] 7ffd492f33c7 is_exception_typeof
[7] 7ffd70e841b6 RtlCaptureContext2
[8] 7ff6f6c47b17
[9] 7ff6f6c3c712
[10] 7ff6f6c39b3b
[11] 7ff6f6c454dd
[12] 7ff6f6c44633
[13] 7ff6f6c40bbf
[14] 7ff6f6c4af6b
[15] 7ff6f6c271f7
[16] 7ff6f6c2772e
[17] 7ffd6fbdcd87 BaseThreadInitThunk
[18] 7ffd70e0caec RtlUserThreadStart
Caused by: (JsonException) Improper conversion to JsonArray from object
[0] 7ff6f6c2b2a3
[1] 7ff6f6c29fce
[2] 7ff6f6bc4f4a
[3] 7ff6f6bd2382
[4] 7ff6f6c47b17
[5] 7ff6f6c3c712
[6] 7ff6f6c39b3b
[7] 7ff6f6c454dd
[8] 7ff6f6c44633
[9] 7ff6f6c40bbf
[10] 7ff6f6c4af6b
[11] 7ff6f6c271f7
[12] 7ff6f6c2772e
[13] 7ffd6fbdcd87 BaseThreadInitThunk
[14] 7ffd70e0caec RtlUserThreadStart
[Error] Exception caught loading asset: /items/MATERIALS/gico_red_ornate_roofing.matitem, (AssetException) Could not read JSON asset /items/MATERIALS/gico_red_ornate_roofing.matitem
[0] 7ff6f6c2b2a3
[1] 7ff6f6c29fce
[2] 7ff6f6c2a0b8
[3] 7ff6f6c39e20
[4] 7ff6f7359d81
[5] 7ffd4930bb00 _CxxFrameHandler3
[6] 7ffd492f33c7 is_exception_typeof
[7] 7ffd70e841b6 RtlCaptureContext2
[8] 7ff6f6c3c712
[9] 7ff6f6c39b3b
[10] 7ff6f6c454dd
[11] 7ff6f6c44633
[12] 7ff6f6c40bbf
[13] 7ff6f6c4af6b
[14] 7ff6f6c271f7
[15] 7ff6f6c2772e
[16] 7ffd6fbdcd87 BaseThreadInitThunk
[17] 7ffd70e0caec RtlUserThreadStart
Caused by: (JsonParsingException) Cannot parse json file: /items/MATERIALS/gico_red_ornate_roofing.matitem
[0] 7ff6f6c2b2a3
[1] 7ff6f6c29fce
[2] 7ff6f6c2a0b8
[3] 7ff6f6c3a980
[4] 7ff6f735b16b
[5] 7ffd4930bb00 _CxxFrameHandler3
[6] 7ffd492f33c7 is_exception_typeof
[7] 7ffd70e841b6 RtlCaptureContext2
[8] 7ff6f6c47b17
[9] 7ff6f6c3c712
[10] 7ff6f6c39b3b
[11] 7ff6f6c454dd
[12] 7ff6f6c44633
[13] 7ff6f6c40bbf
[14] 7ff6f6c4af6b
[15] 7ff6f6c271f7
[16] 7ff6f6c2772e
[17] 7ffd6fbdcd87 BaseThreadInitThunk
[18] 7ffd70e0caec RtlUserThreadStart
Caused by: (JsonException) Improper conversion to JsonArray from object
[0] 7ff6f6c2b2a3
[1] 7ff6f6c29fce
[2] 7ff6f6bc4f4a
[3] 7ff6f6bd2382
[4] 7ff6f6c47b17
[5] 7ff6f6c3c712
[6] 7ff6f6c39b3b
[7] 7ff6f6c454dd
[8] 7ff6f6c44633
[9] 7ff6f6c40bbf
[10] 7ff6f6c4af6b
[11] 7ff6f6c271f7
[12] 7ff6f6c2772e
[13] 7ffd6fbdcd87 BaseThreadInitThunk
[14] 7ffd70e0caec RtlUserThreadStart
[Error] Exception caught loading asset: /items/materials/sb_hive.matitem, (AssetException) Could not read JSON asset /items/materials/sb_hive.matitem
[0] 7ff6f6c2b2a3
[1] 7ff6f6c29fce
[2] 7ff6f6c2a0b8
[3] 7ff6f6c39e20
[4] 7ff6f7359d81
[5] 7ffd4930bb00 _CxxFrameHandler3
[6] 7ffd492f33c7 is_exception_typeof
[7] 7ffd70e841b6 RtlCaptureContext2
[8] 7ff6f6c3c712
[9] 7ff6f6c39b3b
[10] 7ff6f6c454dd
[11] 7ff6f6c44633
[12] 7ff6f6c40bbf
[13] 7ff6f6c4af6b
[14] 7ff6f6c271f7
[15] 7ff6f6c2772e
[16] 7ffd6fbdcd87 BaseThreadInitThunk
[17] 7ffd70e0caec RtlUserThreadStart
Caused by: (JsonParsingException) Cannot parse json file: /items/materials/sb_hive.matitem
[0] 7ff6f6c2b2a3
[1] 7ff6f6c29fce
[2] 7ff6f6c2a0b8
[3] 7ff6f6c3a980
[4] 7ff6f735b16b
[5] 7ffd4930bb00 _CxxFrameHandler3
[6] 7ffd492f33c7 is_exception_typeof
[7] 7ffd70e841b6 RtlCaptureContext2
[8] 7ff6f6c47b17
[9] 7ff6f6c3c712
[10] 7ff6f6c39b3b
[11] 7ff6f6c454dd
[12] 7ff6f6c44633
[13] 7ff6f6c40bbf
[14] 7ff6f6c4af6b
[15] 7ff6f6c271f7
[16] 7ff6f6c2772e
[17] 7ffd6fbdcd87 BaseThreadInitThunk
[18] 7ffd70e0caec RtlUserThreadStart
Caused by: (JsonException) Improper conversion to JsonArray from object
[0] 7ff6f6c2b2a3
[1] 7ff6f6c29fce
[2] 7ff6f6bc4f4a
[3] 7ff6f6bd2382
[4] 7ff6f6c47b17
[5] 7ff6f6c3c712
[6] 7ff6f6c39b3b
[7] 7ff6f6c454dd
[8] 7ff6f6c44633
[9] 7ff6f6c40bbf
[10] 7ff6f6c4af6b
[11] 7ff6f6c271f7
[12] 7ff6f6c2772e
[13] 7ffd6fbdcd87 BaseThreadInitThunk
[14] 7ffd70e0caec RtlUserThreadStart
[Info] Root: Loaded BehaviorDatabase in 8.61228 seconds
[Info] Root: Shutting down Root
[Error] Could not apply patch from file /items/armors/lustling/modifyed/Redemption/r-prismatic/r-prismatic.chest.patch in source: ..\mods\zz_female_overhaul.pak.  Caused by: (JsonPatchException) Could not apply patch to base. (JsonPatchException) Could not apply operation to base. (JsonException) Cannot call get with key on Json type array, must be Object type
[Error] Could not apply patch from file /items/armors/lustling/modifyed/Redemption/r_impervious/r_impervious.chest.patch in source: ..\mods\zz_female_overhaul.pak.  Caused by: (JsonPatchException) Could not apply patch to base. (JsonPatchException) Could not apply operation to base. (JsonException) Cannot call get with key on Json type array, must be Object type
[Error] Could not apply patch from file /items/armors/lustling/modifyed/Redemption/r-prismatic/r-prismatic.legs.patch in source: ..\mods\zz_female_overhaul.pak.  Caused by: (JsonPatchException) Could not apply patch to base. (JsonPatchException) Could not apply operation to base. (JsonException) Cannot call get with key on Json type array, must be Object type
[Error] Could not apply patch from file /items/armors/lustling/modifyed/Redemption/r_impervious/r_impervious.legs.patch in source: ..\mods\zz_female_overhaul.pak.  Caused by: (JsonPatchException) Could not apply patch to base. (JsonPatchException) Could not apply operation to base. (JsonException) Cannot call get with key on Json type array, must be Object type
[Error] Fatal Exception caught: (MonsterException) Error loading monster type '/monsters/biomes/v-voltage/v-balllightning/v-balllightning.monstertype'
[0] 7ff6f6c2b2a3
[1] 7ff6f6c29fce
[2] 7ff6f6c2a0b8
[3] 7ff6f6e0fb80
[4] 7ff6f738c22f
[5] 7ffd4930bb00 _CxxFrameHandler3
[6] 7ffd492f33c7 is_exception_typeof
[7] 7ffd70e841b6 RtlCaptureContext2
[8] 7ff6f6e0e3b9
[9] 7ff6f6f94fc5
[10] 7ff6f6f991d9
[11] 7ff6f6f8b7ff
[12] 7ff6f6f8f356
[13] 7ff6f6f8ce39
[14] 7ff6f6f9b7d6
[15] 7ff6f6f9a197
[16] 7ff6f6f91b73
[17] 7ff6f6f8fcb9
[18] 7ff6f6fa0d22
[19] 7ff6f6f8bd40
[20] 7ff6f6f8f1a9
[21] 7ff6f6f8caac
[22] 7ff6f6f8bdce
[23] 7ff6f6f8b52e
[24] 7ff6f6f9b512
[25] 7ff6f6c2126b
[26] 7ff6f6c22092
[27] 7ff6f6c2772e
[28] 7ffd6fbdcd87 BaseThreadInitThunk
[29] 7ffd70e0caec RtlUserThreadStart
Caused by: (AssetException) Error loading asset /monsters/biomes/v-voltage/v-balllightning/v-balllightning.monstertype
[0] 7ff6f6c2b2a3
[1] 7ff6f6c29fce
[2] 7ff6f6c366ca
[3] 7ff6f6c427c2
[4] 7ff6f6c442b9
[5] 7ff6f6e0e3b9
[6] 7ff6f6f94fc5
[7] 7ff6f6f991d9
[8] 7ff6f6f8b7ff
[9] 7ff6f6f8f356
[10] 7ff6f6f8ce39
[11] 7ff6f6f9b7d6
[12] 7ff6f6f9a197
[13] 7ff6f6f91b73
[14] 7ff6f6f8fcb9
[15] 7ff6f6fa0d22
[16] 7ff6f6f8bd40
[17] 7ff6f6f8f1a9
[18] 7ff6f6f8caac
[19] 7ff6f6f8bdce
[20] 7ff6f6f8b52e
[21] 7ff6f6f9b512
[22] 7ff6f6c2126b
[23] 7ff6f6c22092
[24] 7ff6f6c2772e
[25] 7ffd6fbdcd87 BaseThreadInitThunk
[26] 7ffd70e0caec RtlUserThreadStart
Caught at:
[0] 7ff6f6c2b2a3
[1] 7ff6f6c2b864
[2] 7ff6f734c333
[3] 7ffd4930bb00 _CxxFrameHandler3
[4] 7ffd492f33c7 is_exception_typeof
[5] 7ffd70e841b6 RtlCaptureContext2
[6] 7ff6f6b78a82
[7] 7ff6f73496d5
[8] 7ffd6fbdcd87 BaseThreadInitThunk
[9] 7ffd70e0caec RtlUserThreadStart
