[Info] Root: Preparing...
[Info] Root: Done preparing Root.
[Info] Root: Scanning for asset sources in directory '../assets/'
[Info] Root: Loaded Configuration in 0.0003236000193282962 seconds (WS 69MB Private 93MB, delta +12MB)
[Info] Root: Scanning for asset sources in directory '../mods/'
[Warn] Root: Unrecognized file in asset directory 'contents_2066322624.pak.disabled', skipping
[Warn] Root: Unrecognized file in asset directory 'contents_3263195939.pak.disabled', skipping
[Warn] Root: Unrecognized file in asset directory 'cuteshoggoths_2485434735.pak.disabled', skipping
[Warn] Root: Unrecognized file in asset directory 'female_translation.pak.bak-20260928-prebatch1718', skipping
[Warn] Root: Unrecognized file in asset directory 'female_translation.pak.bak-20260928-prebatch19', skipping
[Warn] Root: Unrecognized file in asset directory 'female_translation.pak.bak-20260928-preglossarybatch14', skipping
[Warn] Root: Unrecognized file in asset directory 'female_translation.pak.bak-20260928-preglossarybatch15', skipping
[Warn] Root: Unrecognized file in asset directory 'female_translation.pak.bak-20260928-preglossarybatch16', skipping
[Warn] Root: Unrecognized file in asset directory 'female_translation.pak.bak-20260929-preaegifix', skipping
[Warn] Root: Unrecognized file in asset directory 'female_translation.pak.bak-20260929-prebatch20', skipping
[Warn] Root: Unrecognized file in asset directory 'female_translation.pak.bak-20260929-prebatch21', skipping
[Warn] Root: Unrecognized file in asset directory 'female_translation.pak.bak-20260929-prebatch21b', skipping
[Warn] Root: Unrecognized file in asset directory 'female_translation.pak.bak-20260929-prebatch34', skipping
[Warn] Root: Unrecognized file in asset directory 'female_translation.pak.bak-20260929-precustomglossaryfix', skipping
[Warn] Root: Unrecognized file in asset directory 'female_translation.pak.bak-20260929-prenormalize', skipping
[Warn] Root: Unrecognized file in asset directory 'female_translation.pak.bak-20260929-preterrene-normalize', skipping
[Warn] Root: Unrecognized file in asset directory 'female_translation.pak.deployed-bak', skipping
[Warn] Root: Unrecognized file in asset directory 'mods_go_here', skipping
[Info] Root: Detected asset source named 'base' at '..\assets\packed.pak'
[Info] Root: Detected unnamed asset source at '..\mods\Patch_Project_contents_1543219534.pak'
[Info] Root: Detected asset source named 'opensb_base' version '0.1.15.1' at '..\assets\opensb.pak'
[Info] Root: Detected asset source named 'Futara's Dragon Engine' version '1.54' at '..\mods\999998000_futara_engine_contents_2297133082.pak'
[Info] Root: Detected asset source named 'sbkor' version '0.98' at '..\mods\-9998_trans_sbkor_0.98_structfix.pak'
[Info] Root: Detected asset source named 'Parallax Compression' version '1.1' at '..\mods\-9992_Parallax_fps_contents_885877773.pak'
[Info] Root: Detected asset source named 'No Sandstorm Particles' version '1' at '..\mods\-9991_No_Sandstorm_contents1257128625.pak'
[Info] Root: Detected asset source named 'no_more_blockfalling' version '0.1' at '..\mods\-9991_weater_no_black_fall_contents_2755456682.pak'
[Info] Root: Detected asset source named 'nomidnightparticles' version '1' at '..\mods\-9991_no_duststorm_midnight_contents_1247812383.pak'
[Info] Root: Detected asset source named 'StardustLib' version 'Beta v0.1.5g-e4c516b' at '..\mods\Stardust_Core_contents_764887546.pak'
[Info] Root: Detected asset source named 'Elithian_Races_Mod' version '2.3.12' at '..\mods\-9700_Elithian_contents_850109963.pak'
[Info] Root: Detected asset source named 'XS Mechs : Modular Edition (BETA)' version '1.0.6.2' at '..\mods\contents_945707062.pak'
[Info] Root: Detected asset source named 'xsmm_weapons' version '0.9' at '..\mods\contents_958539829.pak'
[Info] Root: Detected asset source named 'rentek_armorAdapt' version '1.4.4.2.7' at '..\mods\contents_2601606862.pak'
[Info] Root: Detected asset source named 'saturnians' version '1.3.9' at '..\mods\Saturnians_contents_1103027918.pak'
[Info] Root: Detected asset source named 'mkiotntworkshop' version '1.71' at '..\mods\contents_1371648124.pak'
[Info] Root: Detected asset source named 'kitsunerace' version '1.7.3.4' at '..\mods\contents_1396610566.pak'
[Info] Root: Detected asset source named 'lucario' version '1.4.4.4.3' at '..\mods\contents_1356955138.pak'
[Info] Root: Detected asset source named 'scriptedail' version '1.stableforwhatitsworth' at '..\mods\contents_947429656.pak'
[Info] Root: Detected asset source named 'Extended Story' version '^green;1.5.4.8' at '..\mods\Extended_Story_contents_899795176.pak'
[Info] Root: Detected asset source named 'PlayableCatsRedux' version '5.4.64' at '..\mods\contents_1300828186.pak'
[Info] Root: Detected asset source named 'WIP: The Viera of Ivalice' version '1.3.22' at '..\mods\ffxiv_viera_contents_732276079.pak'
[Info] Root: Detected asset source named 'Felins' version '3.9.1' at '..\mods\Felin_contents_729429063.pak'
[Info] Root: Detected asset source named 'lamia' version 'Starbound 1.0.5 - Stable (Mod Version 0.9.1)' at '..\mods\contents_779096734.pak'
[Info] Root: Detected asset source named 'Make the Lamia a cuter race' version '3.0' at '..\mods\contents_851781339.pak'
[Info] Root: Detected asset source named 'bk3k_inventory' version '1.26' at '..\mods\contents_882900100.pak'
[Info] Root: Detected asset source named 'FrackinUniverse' version '6.5.8' at '..\mods\FrackinUniverse_contents_729480149.pak'
[Info] Root: Detected asset source named 'Avali' version '1.11.1' at '..\mods\trans+Avali_contents_729558042.pak'
[Info] Root: Detected asset source named 'MorePlanetInfo' version '1.56' at '..\mods\More_Planet_Info_contents_1117007107.pak'
[Info] Root: Detected asset source named 'The Ironsides' version '1.0.3' at '..\mods\contents_2177711780.pak'
[Info] Root: Detected asset source named 'bookstore' version '1.4.2' at '..\mods\Bookstore_contents_1108897518.pak'
[Info] Root: Detected asset source named 'BookOfSpirits' version '2.0' at '..\mods\Book_of_Spirits_2.0_compat.pak'
[Info] Root: Detected asset source named 'Garden Planet fix' version '1.1' at '..\mods\contents_1761193918.pak'
[Info] Root: Detected asset source named 'fl_planetsearch' version '1.5.3' at '..\mods\contents_3269792617.pak'
[Info] Root: Detected asset source named 'Shuttlecraft' version '1.3' at '..\mods\contents_1102394541.pak'
[Info] Root: Detected asset source named 'Project Redemption' version '12.3' at '..\mods\Project_Redemption_12.3_FU_SBKor_compat.pak'
[Info] Root: Detected asset source named 'ProjectRedemptionPeacekeeperBlocker' version '1.4.4' at '..\mods\UnderstaffedPeacekeepers_contents_3133450581.pak'
[Info] Root: Detected asset source named 'pat_crazyring' version '1.0' at '..\mods\contents_3270016569.pak'
[Info] Root: Detected asset source named 'radio_Meteion_holo' version '0.1' at '..\mods\-9800_radio_Meteion_holo'
[Info] Root: Detected asset source named 'nmm_vttp' version 'Beta Iteration 0.17' at '..\mods\contents_3242163103.pak'
[Info] Root: Detected asset source named 'QuestManagerOptimizerFU' version '1.1.0' at '..\mods\-9000_Quest Manager Optimizer (FU)_contents_2914217512.pak'
[Info] Root: Detected asset source named 'mechcompatcore' version '1.2' at '..\mods\mechcore_contents_3371002682.pak'
[Info] Root: Detected asset source named 'monstercompatcore' version '1.0' at '..\mods\Monster_Core_contents_2442860690.pak'
[Info] Root: Detected asset source named 'FrackinUniverseRadioPopupRestoration' version 'v1.0' at '..\mods\-8900_fu_blackradio_contents_2780671377.pak'
[Info] Root: Detected asset source named 'EES' version '3.1.5' at '..\mods\-7000_EEs_contents_1790667104.pak'
[Info] Root: Detected asset source named 'Futara's Dragon Pixel Full Bright Shader' version '1.0' at '..\mods\Futara_Shader_contents_2422986190.pak'
[Info] Root: Detected asset source named 'FFS' version '2.0 Hotfix6' at '..\mods\-2500_trans+FFS_Feast_of_Fire_and_Smoke_heal_fix.pak'
[Info] Root: Detected asset source named 'zcrab_ermcodextabremover' version '1.0' at '..\mods\contents_2870027331.pak'
[Info] Root: Detected asset source named 'Galaxy_in_Conflict' version 'v4.3.2a' at '..\mods\Galaxy_in_Conflict_contents_2754886445.pak'
[Info] Root: Detected asset source named 'Starbound Optimizer' version '2.41' at '..\mods\-8999_Optimizer_contents_2777369762.pak'
[Info] Root: Detected asset source named 'gic_4_3_local_compat_fixes' version '1.0.0' at '..\mods\gic_4_3_compat_fixes'
[Info] Root: Detected asset source named 'More Teleportz' version '1.40' at '..\mods\More_Teleportz_contents_1543782525.pak'
[Info] Root: Detected asset source named 'More Outpost Objects' version '1.24' at '..\mods\More_Outpost_contents_1635522739.pak'
[Info] Root: Detected asset source named 'AnomsOutpostOverhual' version 'v1.5.6' at '..\mods\contents_2468903056.pak'
[Info] Root: Detected asset source named 'sexbound_relayer' version '0.1.0' at '..\mods\SxB-Relayer09.pak'
[Info] Root: Detected asset source named 'lox_sexbound' version '1.2_r3h2' at '..\mods\sexbound-reborn-1.2_r3h2.pak'
[Info] Root: Detected asset source named 'sexbound_config' version '1.2_r3h2' at '..\mods\sexbound-reborn-config'
[Info] Root: Detected asset source named 'Extended GUI' version '2.13' at '..\mods\contents_729426797.pak'
[Info] Root: Detected asset source named 'Interactable Apex Pod' version '1.6' at '..\mods\useapexpod_v1.6_860578021.pak'
[Info] Root: Detected asset source named 'ikn_furnishing' version '2.7.2' at '..\mods\contents_1417364378.pak'
[Info] Root: Detected asset source named 'Arcana' version '1.4.2.10' at '..\mods\contents_2359135864.pak'
[Info] Root: Detected asset source named 'OmDivinePlanet' version '1.0' at '..\mods\om_Divine_Planet_contents_2548371664.pak'
[Info] Root: Detected asset source named 'Enhanced Storage' version '6.0.4' at '..\mods\Enhanced_Storage_contents_731220462.pak'
[Info] Root: Detected asset source named 'precursorracekrakoth' version '1.5.3' at '..\mods\contents_2604255131.pak'
[Info] Root: Detected asset source named 'OmGrasslandPlanet' version '1.3' at '..\mods\contents_2582440502.pak'
[Info] Root: Detected asset source named 'HellishPlanet' version '1.4.5' at '..\mods\contents_2022935092.pak'
[Info] Root: Detected asset source named 'StarryPlanet' version '1.4' at '..\mods\Starry_Planets_contents_2157200368.pak'
[Info] Root: Detected asset source named 'The Angels of Starbound' version '3.2.3' at '..\mods\-1000_angel_contents_1686520464.pak'
[Info] Root: Detected asset source named 'OmFalseHarpyRace' version '1.0' at '..\mods\contents_2659254416.pak'
[Info] Root: Detected asset source named 'OmRaceTraits' version '4.0.3' at '..\mods\racetrait_contents_2622273194.pak'
[Info] Root: Detected asset source named 'Usable Bathtubs' version '1.3' at '..\mods\usebathtubs_v1.3_862287085.pak'
[Info] Root: Detected asset source named 'Neki' version '0.99.16' at '..\mods\contents_2611501999.pak'
[Info] Root: Detected asset source named 'NekiSxB' version '3.0' at '..\mods\sxb_NekiSxB.pak'
[Info] Root: Detected asset source named 'NekiFloofSxB' version '3.0a' at '..\mods\sxb_NekiFloofSxB.pak'
[Info] Root: Detected asset source named 'Lox_AphroditesBow' version '6.2.0' at '..\mods\-60_sxb_Lox_AphroditesBow.pak'
[Info] Root: Detected asset source named 'galaxy_in_conflict_coreasset_reverter_crafting' version 'v1.0' at '..\mods\galaxy_in_conflict_coreasset_reverter_crafting'
[Info] Root: Detected asset source named 'galaxy_in_conflict_coreasset_reverter_space' version 'v1.0' at '..\mods\galaxy_in_conflict_coreasset_reverter_space'
[Info] Root: Detected asset source named 'many_tabs1' version '1.2' at '..\mods\contents_1119086325.pak'
[Info] Root: Detected asset source named 'more_ouch_noises' version '1.0' at '..\mods\contents_2966549181.pak'
[Info] Root: Detected asset source named 'FFS_dungeons' version '10.23' at '..\mods\FFS_Dungeons_contents_2124858525.pak'
[Info] Root: Detected asset source named 'FFSE---Expanded weapons for FFS' version '3.033' at '..\mods\FFS--Rylasasin Edition_contents_2312074020.pak'
[Info] Root: Detected asset source named 'ElithianRacesGoodGamesFixes' version '1.5' at '..\mods\El_Race_fix_contents_3053738400.pak'
[Info] Root: Detected asset source named 'New Farmables: Hemp for Plant Fibre' version '1.1.3' at '..\mods\contents_733968776.pak'
[Info] Root: Detected asset source named 'DarkSouls Killsound SFX' version '1.0.0' at '..\mods\contents_2123652964.pak'
[Info] Root: Detected asset source named 'Lox_OmniBrowser' version '1.6.0' at '..\mods\-1_sxb_Lox_OmniBrowser.pak'
[Info] Root: Detected asset source named 'Project Knightfall' version '1.7.0.5' at '..\mods\contents_2010883172.pak'
[Info] Root: Detected asset source named 'QuickStackGun' version '0.2.8' at '..\mods\contents_3149193954.pak'
[Info] Root: Detected asset source named 'Sign Machine' version '1.0' at '..\mods\contents_1385230137.pak'
[Info] Root: Detected asset source named 'Stargate Invasion' version 'v0.8.8a' at '..\mods\trans+Stargate_Invasion_contents_1195446899.pak'
[Info] Root: Detected asset source named 'WMITF' version '1.0' at '..\mods\contents_2977650123.pak'
[Info] Root: Detected asset source named 'ehbnm' version '420.69' at '..\mods\contents_2139248963.pak'
[Info] Root: Detected asset source named 'gic_bk3k_inventory_compatible' version '1.0.0' at '..\mods\GIC_BK3K_Base_Compat_contents_3700097203.pak'
[Info] Root: Detected asset source named 'lovelywhipsname' version '1' at '..\mods\-1_sxb_lovelywhipsname.pak'
[Info] Root: Detected asset source named 'xbawks' version '3.8.1' at '..\mods\contents_729426722.pak'
[Info] Root: Detected asset source named 'lowHealthAlarm' version 'v1.3_release' at '..\mods\contents_1086805718.pak'
[Info] Root: Detected asset source named '(Objectively) Less Annoying Low Health Alarm' version '1.0' at '..\mods\contents_3354788395.pak'
[Info] Root: Detected unnamed asset source at '..\mods\Font.pak'
[Info] Root: Detected unnamed asset source at '..\mods\No_Protectorate_Spinner_2497566233.pak'
[Info] Root: Detected unnamed asset source at '..\mods\contents_2375908302.pak'
[Info] Root: Detected unnamed asset source at '..\mods\sxb_Sexbound POV Avians.pak'
[Info] Root: Detected unnamed asset source at '..\mods\zz_modfix_refs.pak'
[Info] Root: Detected asset source named 'Aging Alien Alcohols' version '1.5.2' at '..\mods\contents_1199608652.pak'
[Info] Root: Detected asset source named 'AAAreuseBottles' version '1.4.4' at '..\mods\contents_3299480450.pak'
[Info] Root: Detected asset source named 'ANTRMPIQPatch1_4' version '1.1.0' at '..\mods\contents_1772643711.pak'
[Info] Root: Detected asset source named 'Action Spawners' version '1.0' at '..\mods\contents_750140864.pak'
[Info] Root: Detected asset source named 'Aether Book Creator' version '1.2' at '..\mods\contents_1335123569.pak'
[Info] Root: Detected asset source named 'Aging Alien Alcohol Addon' version '4.0' at '..\mods\contents_1636723841.pak'
[Info] Root: Detected asset source named 'Aimable Abilities: Spears' version '0.0.1' at '..\mods\contents_1218367214.pak'
[Info] Root: Detected asset source named 'Aimable Traveling Slash' version '1.0b' at '..\mods\contents_2825779796.pak'
[Info] Root: Detected asset source named 'Alcoholic Poptops' version '1.1' at '..\mods\contents_2645627882.pak'
[Info] Root: Detected asset source named 'AlphaBattle' version '1.2.1' at '..\mods\contents_2797892339.pak'
[Info] Root: Detected asset source named 'Alternate UI Sounds' version '1.0' at '..\mods\contents_1598973984.pak'
[Info] Root: Detected asset source named 'AnTiMonster' version '2.1' at '..\mods\contents_730745660.pak'
[Info] Root: Detected asset source named 'Ancient Infuser' version '1.1' at '..\mods\contents_1741562203.pak'
[Info] Root: Detected asset source named 'AnomsOutpostGunsmithAddon' version 'v1.2.1' at '..\mods\contents_2478119400.pak'
[Info] Root: Detected asset source named 'AnomsOutpostOverhaul_EnhancedStorage' version 'v1.1.2' at '..\mods\contents_2468895859.pak'
[Info] Root: Detected asset source named 'OutpostShuttlecraft' version '1.0' at '..\mods\contents_1114277962.pak'
[Info] Root: Detected asset source named 'AnomsOutpostOverhaul_OutpostShuttlecraft' version 'v1.0.1' at '..\mods\contents_2468896108.pak'
[Info] Root: Detected asset source named 'Pixel Equipment 2' version '2.0.3' at '..\mods\contents_3111667255.pak'
[Info] Root: Detected asset source named 'AnomsOutpostOverhaul_PixelEquipment' version 'v1.0.1' at '..\mods\contents_3385966710.pak'
[Info] Root: Detected asset source named 'lofty_irisil' version '1.6.0.4' at '..\mods\contents_2983639797.pak'
[Info] Root: Detected asset source named 'AnomsOutpostOverhaul_ProjectIrisil' version 'v1.1' at '..\mods\contents_3385818446.pak'
[Info] Root: Detected asset source named 'AnomsOutpostOverhaul_ProjectRedemption' version 'v1.0.1' at '..\mods\contents_2672213160.pak'
[Info] Root: Detected asset source named 'AnomsOutpostOverhaul_TheBookstore' version 'v1.1.1' at '..\mods\contents_2468896248.pak'
[Info] Root: Detected asset source named 'The Lottery!' version '0.6' at '..\mods\Lottery_contents_1131927758.pak'
[Info] Root: Detected asset source named 'AnomsOutpostOverhaul_TheLottery' version 'v1.2' at '..\mods\contents_2468896437.pak'
[Info] Root: Detected asset source named 'AnomsOutpostScrapVendorAddon' version 'v1.1' at '..\mods\contents_2478120319.pak'
[Info] Root: Detected asset source named 'The Essential Galactic Cruise' version '1.0' at '..\mods\Cruise_contents_1660547150.pak'
[Info] Root: Detected asset source named 'AnomsOutpost_GalacticCruise' version 'v1.2.2' at '..\mods\contents_2469215698.pak'
[Info] Root: Detected asset source named 'Anter583_Library_antrUtilityLib' version '1.5.1' at '..\mods\Anter583_contents_2144215143.pak'
[Info] Root: Detected asset source named 'Arcana FU Desc fix' version '1.1' at '..\mods\contents_2370607854.pak'
[Info] Root: Detected asset source named 'ArcanaTerraforgePatch' version '1.0' at '..\mods\contents_3029670850.pak'
[Info] Root: Detected asset source named 'Arcane Magus - A Starbound Magic Mod' version '1.2.2' at '..\mods\contents_2746439524.pak'
[Info] Root: Detected asset source named 'Atmospheric Entry' version '1.0' at '..\mods\contents_953251013.pak'
[Info] Root: Detected asset source named 'Automatic Capsules' version '1.3' at '..\mods\contents_1115253139.pak'
[Info] Root: Detected asset source named 'Avali Maid Outfit' version '1' at '..\mods\contents_1920352046.pak'
[Info] Root: Detected asset source named 'Avali Objects+' version '1.2' at '..\mods\contents_898712767.pak'
[Info] Root: Detected asset source named 'Avali Plus' version '1.88.1' at '..\mods\Avali Plus_contents_1636662922.pak'
[Info] Root: Detected asset source named 'Avali Solar Panels' version '1.2.2' at '..\mods\contents_2002853135.pak'
[Info] Root: Detected asset source named 'PerennialCrops' version '1.7 for Starbound 1.0+' at '..\mods\contents_730378641.pak'
[Info] Root: Detected asset source named 'AvaliPerennialCrops' version '1.0.1' at '..\mods\contents_869900472.pak'
[Info] Root: Detected asset source named 'AvaliPlus-GibberishPatch' version '1.0.9b' at '..\mods\aval_plus_patch_contents_3049118061.pak'
[Info] Root: Detected asset source named 'BK3KCompat' version '1.0.0' at '..\mods\contents_2799920138.pak'
[Info] Root: Detected asset source named 'BK3KCompatAddon' version '1.0' at '..\mods\contents_3032664993.pak'
[Info] Root: Detected asset source named 'BPCC100' version '0.2' at '..\mods\contents_2582464455.pak'
[Info] Root: Detected asset source named 'BQQM' version '1.0' at '..\mods\contents_1185445462.pak'
[Info] Root: Detected asset source named 'Balloon' version '1.12' at '..\mods\contents_1886984497.pak'
[Info] Root: Detected asset source named 'Barrel Collision: Platforms and Stacking' version '1.0' at '..\mods\contents_1006623185.pak'
[Info] Root: Detected asset source named 'Beta Star Generation / 0.01 Star Multplier' version '1.8 - The combat update.' at '..\mods\contents_1911595500.pak'
[Info] Root: Detected asset source named 'Better Staff Zones' version '1.3' at '..\mods\contents_1109048662.pak'
[Info] Root: Detected asset source named 'BetterPlatformFalling' version '1.1' at '..\mods\contents_2836659083.pak'
[Info] Root: Detected asset source named 'BetterSitIdle' version 'v1.2' at '..\mods\contents_2768791657.pak'
[Info] Root: Detected asset source named 'BetterSitIdleNekiNoSitAddon' version 'v1.0' at '..\mods\contents_2768796598.pak'
[Info] Root: Detected asset source named 'BetterSleep' version '1.2.2' at '..\mods\contents_752112050.pak'
[Info] Root: Detected asset source named 'Betterchains' version '1.3?' at '..\mods\contents_1133358548.pak'
[Info] Root: Detected asset source named 'Bigger Action Bar(20 slots)' version '1.0' at '..\mods\contents_853665529.pak'
[Info] Root: Detected asset source named 'Blue Archive Bunny chaser' version '1.0' at '..\mods\contents_3142820233.pak'
[Info] Root: Detected asset source named 'Blue archive cosmetic[Halo mod]' version '1.2.1' at '..\mods\contents_2918996204.pak'
[Info] Root: Detected asset source named 'Bluedrop's Feline Friends' version '0.2' at '..\mods\contents_1277619409.pak'
[Info] Root: Detected asset source named 'BookOfSpirits-ElithianRaces' version '1' at '..\mods\contents_3062232953.pak'
[Info] Root: Detected asset source named 'Brighter Moons' at '..\mods\contents_2580293884.pak'
[Info] Root: Detected asset source named 'Bruce's Compact Arsenal' version 'v1.0' at '..\mods\contents_2977384255.pak'
[Info] Root: Detected asset source named 'BuyMechBlueprints' version '1.1' at '..\mods\mech_blueprint_Anomoutpost_contents_3381267540.pak'
[Info] Root: Detected asset source named 'CCR' version '0.1' at '..\mods\contents_1627427082.pak'
[Info] Root: Detected asset source named 'Calamity Fracking Music Addon' version '1.0' at '..\mods\contents_3160406285.pak'
[Info] Root: Detected asset source named 'Citybound' version '1.3.4' at '..\mods\contents_742434873.pak'
[Info] Root: Detected asset source named 'City.modularpatch+dungeons2CITY' version '1.0' at '..\mods\contents_2862701014.pak'
[Info] Root: Detected asset source named 'City.modularpatch.AegiOnPopulated' at '..\mods\contents_2876233021.pak'
[Info] Root: Detected asset source named 'City.modularpatch.LiliacDayColors2CITY' version '1.0' at '..\mods\contents_2871784021.pak'
[Info] Root: Detected asset source named 'City.modularpatch.WWsfx2Citybound' version '1.0' at '..\mods\contents_2862700248.pak'
[Info] Root: Detected asset source named 'City.modularpatch.neonNightColors2CITY' version '1.0' at '..\mods\contents_2871440361.pak'
[Info] Root: Detected asset source named 'City.modularpatchDefaultColors2CITY' version '1.0' at '..\mods\contents_2871781673.pak'
[Info] Root: Detected asset source named 'City.modularpatch.neoncolors2CITY' version '1.1' at '..\mods\contents_2862695403.pak'
[Info] Root: Detected asset source named 'City.modularpatch.terraformerrecipes.citybound' version '1.0' at '..\mods\contents_2862699576.pak'
[Info] Root: Detected asset source named 'CityboundGuardPatch' version '1.0' at '..\mods\contents_3308976351.pak'
[Info] Root: Detected asset source named 'CommunityClothingGathering' version '1.0.0' at '..\mods\contents_3255373921.pak'
[Info] Root: Detected asset source named 'Compact Crops for New Farmables: Hemp' version '1.0.1' at '..\mods\contents_745519873.pak'
[Info] Root: Detected asset source named 'CompactCrops' version '1.40' at '..\mods\contents_731044896.pak'
[Info] Root: Detected asset source named 'CompactCrops_FU' version '1.1' at '..\mods\contents_2265144528.pak'
[Info] Root: Detected asset source named 'ContainerUITweak' version '1.1' at '..\mods\contents_729524482.pak'
[Info] Root: Detected asset source named 'Cosmic Husbandry FU Patches' version '12/6/2022.003' at '..\mods\contents_2898350335.pak'
[Info] Root: Detected asset source named 'Starcity' version '1.1' at '..\mods\contents_2582274902.pak'
[Info] Root: Detected asset source named 'TBWorkaround' version '1.0' at '..\mods\contents_3534582033.pak'
[Info] Root: Detected asset source named 'StardustLibPost' version 'Beta v0.1.5g-e4c516b' at '..\mods\StardustLibPost.pak'
[Info] Root: Detected asset source named 'shattered_alchemy' version '8.6.3b' at '..\mods\contents_1945946369.pak'
[Info] Root: Detected asset source named 'Shellguard Expansion ' version '3.5' at '..\mods\trans+Shellguard_contents_1563376005.pak'
[Info] Root: Detected asset source named 'Eat While Well Fed' version '0.3' at '..\mods\contents_2820349130.pak'
[Info] Root: Detected asset source named 'Improved Food Descriptions' version '2.0' at '..\mods\contents_731354142.pak'
[Info] Root: Detected asset source named 'The Starforge v1.0' version 'V.1.1.51' at '..\mods\trans+dmgfix_starforge_contents_2431875552.pak'
[Info] Root: Detected asset source named 'joboffers' version '1.1.2' at '..\mods\contents_735253889.pak'
[Info] Root: Detected asset source named 'XRC_OMNICRAFTER' version '5.1.2' at '..\mods\contents_2844996935.pak'
[Info] Root: Detected asset source named 'pat_collectionnumberer' version '1.3.1' at '..\mods\contents_3130082417.pak'
[Info] Root: Detected asset source named 'pat_techremover' version '1.3' at '..\mods\contents_2507851821.pak'
[Info] Root: Detected asset source named 'StarburstRework' version '1.7.1' at '..\mods\starburst_contents_3025139283.pak'
[Info] Root: Detected asset source named 'FUExGUIPatch' version '1.2+compat20260928' at '..\mods\contents_1681880007.pak'
[Info] Root: Detected asset source named 'XRC_BETA_STARBOUND' version '18.0.7' at '..\mods\contents_2010607826.pak'
[Info] Root: Detected asset source named 'CosmicHusbandry' version '1.0.3' at '..\mods\contents_2765094668.pak'
[Info] Root: Detected asset source named 'Craftable Green Apple and Orange saplings in Seed Maker' version '1.1' at '..\mods\contents_1469379049.pak'
[Info] Root: Detected asset source named 'Craftable Mech Blueprints - Anvil Edition' version '1.11' at '..\mods\contents_1312619566.pak'
[Info] Root: Detected asset source named 'CraftableConcoctions' version '1.4.7' at '..\mods\contents_931757634.pak'
[Info] Root: Detected asset source named 'CraftableConcoctionsFUAddon' version '1.0.2' at '..\mods\contents_935934101.pak'
[Info] Root: Detected asset source named 'Crafted 'Stable' Challenge Portal' version '1.1' at '..\mods\contents_973424307.pak'
[Info] Root: Detected asset source named 'Cute Japanese Girl as Your AI! 2.0' version 'Version 2.0' at '..\mods\contents_1386367471.pak'
[Info] Root: Detected asset source named 'CuterNightars' version '1.0.2' at '..\mods\contents_1772846135.pak'
[Info] Root: Detected asset source named 'Dark Souls Sound Mod Quieter Version' version '2' at '..\mods\contents_810113582.pak'
[Info] Root: Detected asset source named 'Dark Souls Teleport SFX' version '1.0' at '..\mods\contents_1447060281.pak'
[Info] Root: Detected asset source named 'Dark Souls-like broadsword idle' version '1.2 Release' at '..\mods\contents_872296411.pak'
[Info] Root: Detected asset source named 'Darker Nights' version 'V1.0' at '..\mods\contents_2409538486.pak'
[Info] Root: Detected asset source named 'Darker_Celestial_Shadows' version '0.0.1' at '..\mods\contents_3293208013.pak'
[Info] Root: Detected asset source named 'Deremas SAIL chip' version '1.0' at '..\mods\contents_3219773602.pak'
[Info] Root: Detected asset source named 'Desert Music Restored' version '1.0' at '..\mods\contents_730353842.pak'
[Info] Root: Detected asset source named 'HLib' version '1.0' at '..\mods\HLib_contents_1189065705.pak'
[Info] Root: Detected asset source named 'HLibPlus' version '1.0' at '..\mods\HLibPlus_contents_2919826588.pak'
[Info] Root: Detected asset source named 'DigitalStorage' version '0.9' at '..\mods\contents_946227505.pak'
[Info] Root: Detected asset source named 'DigitalCrafting' version '1.0' at '..\mods\contents_2919830263.pak'
[Info] Root: Detected asset source named 'DigitalCraftingArcana' version '1.0' at '..\mods\contents_2920038488.pak'
[Info] Root: Detected asset source named 'DigitalCraftingBetabound' version '1.0' at '..\mods\contents_2920040002.pak'
[Info] Root: Detected asset source named 'DigitalCraftingBlackArmory' version '1.0' at '..\mods\contents_2920043112.pak'
[Info] Root: Detected asset source named 'DigitalCraftingFU' version '1.0' at '..\mods\contents_2919848208.pak'
[Info] Root: Detected asset source named 'DigitalCraftingFUTreeCrops' version '1.0' at '..\mods\contents_2920554397.pak'
[Info] Root: Detected asset source named 'DigitalCraftingFUXSMech' version '1.0' at '..\mods\contents_2920282729.pak'
[Info] Root: Detected asset source named 'DigitalCraftingKnightfall' version '1.0' at '..\mods\contents_2920283346.pak'
[Info] Root: Detected asset source named 'DigitalCraftingMoreOutpostObjects' version '1.0' at '..\mods\contents_2920301629.pak'
[Info] Root: Detected asset source named 'DigitalCraftingRPG' version '1.0' at '..\mods\contents_2920301924.pak'
[Info] Root: Detected asset source named 'DigitalCraftingRedemption' version '1.0' at '..\mods\contents_2920302042.pak'
[Info] Root: Detected asset source named 'DigitalCraftingShellguard' version '1.0' at '..\mods\contents_2920302226.pak'
[Info] Root: Detected asset source named 'DigitalCraftingVoidedEM' version '1.0' at '..\mods\contents_2920302544.pak'
[Info] Root: Detected asset source named 'DigitalCraftingXSMech' version '1.0' at '..\mods\contents_2920302972.pak'
[Info] Root: Detected asset source named 'DigitalCraftingXSWeapons' version '1.0' at '..\mods\contents_2920303062.pak'
[Info] Root: Detected asset source named 'Disabled drop for Survival Mode' version '1.0' at '..\mods\contents_729746228.pak'
[Info] Root: Detected asset source named 'Disintegration Death Animation' version '1.1' at '..\mods\contents_2694383533.pak'
[Info] Root: Detected asset source named 'Divine Planets - Seraphim Music Replacer' version '1' at '..\mods\contents_2585848460.pak'
[Info] Root: Detected asset source named 'Double Jump Effect Retexture' version '1.1' at '..\mods\contents_3200546118.pak'
[Info] Root: Detected asset source named 'Dresses n Skirts Pack' version '0.1' at '..\mods\contents_1722987773.pak'
[Info] Root: Detected asset source named 'EE-Arcana' version '1' at '..\mods\contents_2439342862.pak'
[Info] Root: Detected asset source named 'EE-Starry' version '1.0' at '..\mods\contents_2311446973.pak'
[Info] Root: Detected asset source named 'ERM FU Meat Chunk patch' version '1.0' at '..\mods\contents_3009306245.pak'
[Info] Root: Detected asset source named 'ESAngels' version '1.0.0' at '..\mods\contents_2882305339.pak'
[Info] Root: Detected asset source named 'sg_es_patch' version '1.0' at '..\mods\contents_2314946092.pak'
[Info] Root: Detected asset source named 'Law Enforcement' version 'v0.7.3' at '..\mods\contents_2070856005.pak'
[Info] Root: Detected asset source named 'Letheia Expanded' version '1.0.2' at '..\mods\contents_1987992979.pak'
[Info] Root: Detected asset source named 'U.S.C.M. Alt. Progression Mod' version '1.2.3.5' at '..\mods\contents_2992799707.pak'
[Info] Root: Detected asset source named 'EnhancedStorageCumulative_PATCH' version '1.41' at '..\mods\contents_3008930556.pak'
[Info] Root: Detected asset source named 'ES-MatterExtractor_REBALANCED' version '1.01' at '..\mods\contents_3019188957.pak'
[Info] Root: Detected asset source named 'Easier Bows' version '1.1' at '..\mods\contents_776078387.pak'
[Info] Root: Detected asset source named 'Elevator' version '1' at '..\mods\contents_1103569914.pak'
[Info] Root: Detected asset source named 'Elithian Craftable Flashlights' version '1.0' at '..\mods\contents_3014317291.pak'
[Info] Root: Detected asset source named 'Elithian Energy Weapon FU Patch' version '1.2' at '..\mods\contents_3010955719.pak'
[Info] Root: Detected asset source named 'Elithian Fullbright' version '1.0' at '..\mods\contents_3166608545.pak'
[Info] Root: Detected asset source named 'Elithian_Races_Mod_FU' version '2.0' at '..\mods\contents_1429652829.pak'
[Info] Root: Detected asset source named 'Emergency Teleporter' version '1.1.0' at '..\mods\contents_1841301309.pak'
[Info] Root: Detected asset source named 'Enhanced Matter Manipulator' version '3.2' at '..\mods\contents_731465268.pak'
[Info] Root: Detected asset source named 'EnhancedStorageStarforge' version '1.0.0' at '..\mods\contents_2965496406.pak'
[Info] Root: Detected asset source named 'Erchius Dark Reskin' version '1.1' at '..\mods\contents_1645857629.pak'
[Info] Root: Detected asset source named 'Erchius Girl' version '1.0.2' at '..\mods\contents_3356730157.pak'
[Info] Root: Detected asset source named 'Erchius Horrors Texture Change' version '1.0' at '..\mods\contents_1643826709.pak'
[Info] Root: Detected asset source named 'Erchius Mission Music Replacement with HL2 Music' version '1.0' at '..\mods\contents_1643716707.pak'
[Info] Root: Detected asset source named 'Ette Set' version '0.7.1' at '..\mods\contents_1523349276.pak'
[Info] Root: Detected asset source named 'Evanaug's Coal Resprite' version '1.0' at '..\mods\contents_2428588507.pak'
[Info] Root: Detected asset source named 'EverFrogg' version '1.4' at '..\mods\contents_730852387.pak'
[Info] Root: Detected asset source named 'EverLana' version '1.0' at '..\mods\contents_749386227.pak'
[Info] Root: Detected asset source named 'EverPenguin' version '1.1' at '..\mods\contents_749382770.pak'
[Info] Root: Detected asset source named 'az-expandedmagnorbs' version '2.1.1' at '..\mods\contents_746884345.pak'
[Info] Root: Detected asset source named 'ExpandedMagnorbsGoodGamesFixes' version '1.0' at '..\mods\contents_3109616623.pak'
[Info] Root: Detected asset source named 'FFS_VanillaDungeonNonReplacer' version '1.3' at '..\mods\contents_2834085966.pak'
[Info] Root: Detected asset source named 'enemymechnpc' version '1.2' at '..\mods\enemy_mech_contents_3390666416.pak'
[Info] Root: Detected asset source named 'FFS_contributions' version '4.15' at '..\mods\FFS_Dungeon_Tweaks_contents_2834081743.pak'
[Info] Root: Detected asset source named 'FU Mech Antimatter Cannon Annihilation Sound by AnthonyZaBoss' version '1.0.0' at '..\mods\contents_1236040332.pak'
[Info] Root: Detected asset source named 'FU Total Immunity Augment' version '1.2.3' at '..\mods\contents_2875152120.pak'
[Info] Root: Detected asset source named 'FUAvaliTriagePatch' version '1.2.11' at '..\mods\contents_2052758462.pak'
[Info] Root: Detected asset source named 'FUHellishPlanetsCompatibilityPatch' version '1.1' at '..\mods\contents_2295152742.pak'
[Info] Root: Detected asset source named 'FUStarryPlanetsCompatibilityPatch' version '1.4.0' at '..\mods\contents_2287046122.pak'
[Info] Root: Detected asset source named 'FUVaultsPlus' version '1.0.2' at '..\mods\contents_1999869786.pak'
[Info] Root: Detected asset source named 'FU_ShellguardMech' version '2.1' at '..\mods\contents_1686763043.pak'
[Info] Root: Detected asset source named 'FUlocaleko' version '0.8.0' at '..\mods\FU_KO_contents_3166424163.pak'
[Info] Root: Detected asset source named 'False Harpies Big Eyes' version '1.0' at '..\mods\contents_2661151311.pak'
[Info] Root: Detected asset source named 'FalseHarpiesExtraColours' version '1.0' at '..\mods\contents_2797442567.pak'
[Info] Root: Detected asset source named 'FalseHarpyFUPatch' version '1.0' at '..\mods\contents_2677134074.pak'
[Info] Root: Detected asset source named 'FasterFollowers' version '1' at '..\mods\contents_2881835252.pak'
[Info] Root: Detected asset source named 'Fetish Stuff' version '0.1' at '..\mods\Fetish Stuff 2.0.0'
[Info] Root: Detected asset source named 'Fish Tweaks' version '1' at '..\mods\contents_1726500697.pak'
[Info] Root: Detected asset source named 'More Starbound Critters, Updated!' version '1.1' at '..\mods\contents_731549837.pak'
[Info] Root: Detected asset source named 'Fixed Critters' version '2.0' at '..\mods\contents_1119973779.pak'
[Info] Root: Detected asset source named 'Food Processor' version '1.4' at '..\mods\contents_907927613.pak'
[Info] Root: Detected asset source named 'Fox Hime Moli 2' version '2.4.1' at '..\mods\contents_2900206734.pak'
[Info] Root: Detected asset source named 'Frackin Patch For U.S.C.M. Alt. Progression mod' version '1.1' at '..\mods\contents_3071398361.pak'
[Info] Root: Detected asset source named 'Frackin Universe Legacy Planets' version '1.0' at '..\mods\contents_2845911688.pak'
[Info] Root: Detected asset source named 'FrackinConfigureMMQuickbarIcon' version '1.0' at '..\mods\contents_2983327908.pak'
[Info] Root: Detected asset source named 'FrackinGiCRacePatch' version '1.0' at '..\mods\contents_2875590555.pak'
[Info] Root: Detected asset source named 'FrackinUniverseManyTabsPatch' version 'v1.1' at '..\mods\contents_1799854324.pak'
[Info] Root: Detected asset source named 'FreeYourHands' version '1.0' at '..\mods\contents_1165677332.pak'
[Info] Root: Detected asset source named 'Fullbright Crops' version '1.0' at '..\mods\contents_2628213443.pak'
[Info] Root: Detected asset source named 'Fullbright Flora' at '..\mods\contents_2628218117.pak'
[Info] Root: Detected asset source named 'Fullbright Monsters' at '..\mods\contents_2628222548.pak'
[Info] Root: Detected asset source named 'Funny Weapons' version '1.1.1' at '..\mods\contents_2740611866.pak'
[Info] Root: Detected asset source named 'Furniture Song Replacement mod' version '1.0' at '..\mods\contents_952424668.pak'
[Info] Root: Detected asset source named 'FuzzierNekiFloof' version '0.99.12' at '..\mods\contents_3037288458.pak'
[Info] Root: Detected asset source named 'Galaxy In Conflict - Red Sun Rising Expansion Pack' version '2.4' at '..\mods\contents_2980583814.pak'
[Info] Root: Detected asset source named 'Galaxy_in_Conflict_Music' version 'v4.3.1' at '..\mods\contents_2754895866.pak'
[Info] Root: Detected asset source named 'Geek's Woosh V2' version '1.0' at '..\mods\contents_753833699.pak'
[Info] Root: Detected asset source named 'GiC_Weapons_Pack' version '3.3.2' at '..\mods\contents_2983581962.pak'
[Info] Root: Detected asset source named 'GirderT_VS' version '1.0.0' at '..\mods\contents_1889721468.pak'
[Info] Root: Detected asset source named 'Give the avian oculemonade' version '1' at '..\mods\contents_1612579544.pak'
[Info] Root: Detected asset source named 'Give the avian oculemonade - a small adjustment' version '20240320' at '..\mods\contents_3193965118.pak'
[Info] Root: Detected asset source named 'Green's Dye Suite' version '1.7' at '..\mods\contents_1666272764.pak'
[Info] Root: Detected asset source named 'Hard impact' version '1.0' at '..\mods\contents_965461640.pak'
[Info] Root: Detected asset source named 'Heartbeat 3.0' version 'v3.0' at '..\mods\contents_1296666565.pak'
[Info] Root: Detected asset source named 'HelmetsFixed' version '1.1' at '..\mods\contents_1482174649.pak'
[Info] Root: Detected asset source named 'Hissy Hurt Nova Sounds' version '1' at '..\mods\contents_1114865340.pak'
[Info] Root: Detected asset source named 'HoloRuler' version '1.0' at '..\mods\contents_3036699000.pak'
[Info] Root: Detected asset source named 'Holyday Lucario Outfit' version '1.0' at '..\mods\contents_2408540180.pak'
[Info] Root: Detected asset source named 'Hop On Shops' version '1.0' at '..\mods\contents_960708990.pak'
[Info] Root: Detected asset source named 'Hover Wheelchair' version '1.3.0' at '..\mods\contents_742893572.pak'
[Info] Root: Detected asset source named 'Hylotl Voice Fix' version '1.01' at '..\mods\contents_731489261.pak'
[Info] Root: Detected asset source named 'I'd Like To Sit Here' at '..\mods\contents_1501869759.pak'
[Info] Root: Detected asset source named 'IWantThoseClothesToo' version '1.07' at '..\mods\contents_2773001691.pak'
[Info] Root: Detected asset source named 'Improved Food Descriptions FU Patch' version '1.0' at '..\mods\contents_2830836086.pak'
[Info] Root: Detected asset source named 'Improved Merchants' version '1.0' at '..\mods\contents_771819285.pak'
[Info] Root: Detected asset source named 'Improved Upright Torture Bed' version '1.0' at '..\mods\useuprighttorturebed_v1.0_1334165490.pak'
[Info] Root: Detected asset source named 'JSSFilterByRarityExtended' version '2.1.1' at '..\mods\item_filter_yellow_contents_1814789921.pak'
[Info] Root: Detected asset source named 'JSSSewerMonsters' version '1.0.1' at '..\mods\contents_1774272492.pak'
[Info] Root: Detected asset source named 'JTE_Hunger' version '1.1.4' at '..\mods\contents_735568821.pak'
[Info] Root: Detected asset source named 'KawaiiStuff+' version '1.2.1' at '..\mods\contents_1683606374.pak'
[Info] Root: Detected asset source named 'Kelp Sapling Fix - Updated' version '1.0' at '..\mods\contents_2182583592.pak'
[Info] Root: Detected asset source named 'Lamia Colorpack - Pastel' version '1.0' at '..\mods\contents_1468297293.pak'
[Info] Root: Detected asset source named 'Less Floaty Movement FU Dirty Patch' version '1.0.0' at '..\mods\contents_2554353548.pak'
[Info] Root: Detected asset source named 'Less Sky (RAM's version)' version '1.0' at '..\mods\contents_731035127.pak'
[Info] Root: Detected asset source named 'LessAnnoyingPyreapers' version '2' at '..\mods\contents_2882514643.pak'
[Info] Root: Detected asset source named 'LessDeadMoons' version 'v1.3.1' at '..\mods\contents_2380700372.pak'
[Info] Root: Detected asset source named 'Lit Tents' version '1.2' at '..\mods\contents_2960006717.pak'
[Info] Root: Detected asset source named 'Lord of the Rings Music Addition' version '1.1' at '..\mods\contents_832872255.pak'
[Info] Root: Detected asset source named 'Lucario_Chest_Spike_Remover' version '1.4.4.1.0' at '..\mods\contents_2232650711.pak'
[Info] Root: Detected asset source named 'Lucario_Paw_Spike_Remover' version '1.4.3.2.0' at '..\mods\contents_2232652761.pak'
[Info] Root: Detected asset source named 'Lunar Base Music Replacer' version '1.0' at '..\mods\contents_2823524841.pak'
[Info] Root: Detected asset source named 'M32reuseBottles' version '1.4.4' at '..\mods\contents_3299480629.pak'
[Info] Root: Detected asset source named 'MPI Neki' version '1.0' at '..\mods\contents_3165005488.pak'
[Info] Root: Detected asset source named 'MPI Woof' version '1.0' at '..\mods\contents_3204590896.pak'
[Info] Root: Detected asset source named 'MPI+M32_COMPAT' version '1.4.4' at '..\mods\contents_2678547138.pak'
[Info] Root: Detected asset source named 'MPI_Frackin_Patch' version '1.4d' at '..\mods\contents_3024829105.pak'
[Info] Root: Detected asset source named 'MWHArcanaAddon' version '3.4.2.2' at '..\mods\contents_2957477338.pak'
[Info] Root: Detected asset source named 'Maid n Butler Outfits' version '0.4' at '..\mods\contents_1327702382.pak'
[Info] Root: Detected asset source named 'Make the Saturnians a Cuter Race' version '1.5' at '..\mods\contents_1116097274.pak'
[Info] Root: Detected asset source named 'ManyTabsMapleFurnace' version '3.0' at '..\mods\contents_2816710537.pak'
[Info] Root: Detected asset source named 'MeatMaker' version '0.1' at '..\mods\contents_736061228.pak'
[Info] Root: Detected asset source named 'Mechanical Rhythm Music Replacement' version '1' at '..\mods\contents_2067524656.pak'
[Info] Root: Detected asset source named 'Mechineki' version '1.93' at '..\mods\contents_2740063170.pak'
[Info] Root: Detected asset source named 'MicroMachines - Enhanced Storage Edition' version '0.1' at '..\mods\contents_2771117582.pak'
[Info] Root: Detected asset source named 'MicroMachines - Equivalent Exchange Edition' version '1.0' at '..\mods\contents_2778441214.pak'
[Info] Root: Detected asset source named 'MicroMachines - Vanilla Edition' version '0.3' at '..\mods\contents_2753663754.pak'
[Info] Root: Detected asset source named 'Mini Village' version '1.2a' at '..\mods\contents_735909966.pak'
[Info] Root: Detected asset source named 'Minidresses' version '1.5.1' at '..\mods\contents_1428547342.pak'
[Info] Root: Detected asset source named 'Missing Music Addition [Soundtrack]' version '3.1' at '..\mods\contents_737195784.pak'
[Info] Root: Detected asset source named 'Monster Part Mod Pack' version '2.2' at '..\mods\contents_736752766.pak'
[Info] Root: Detected asset source named 'More Canned Food' version '1.0' at '..\mods\contents_2835491179.pak'
[Info] Root: Detected asset source named 'More Canned Food FU' version '1.0' at '..\mods\contents_2835549767.pak'
[Info] Root: Detected asset source named 'More Canned Food IFD Patch' version '1.0' at '..\mods\contents_2835498895.pak'
[Info] Root: Detected asset source named 'MoreCannedFood_PATCH' version '0.816' at '..\mods\contents_2965482743.pak'
[Info] Root: Detected asset source named 'MorePlanetInfo-FU' version '1.3?' at '..\mods\contents_1639501560.pak'
[Info] Root: Detected asset source named 'MorePlanetInfoCSKPatch' version '1.0' at '..\mods\contents_1733755757.pak'
[Info] Root: Detected asset source named 'MorePlanetInfoLEPatch' version '1.0' at '..\mods\contents_2071883876.pak'
[Info] Root: Detected asset source named 'craftableseeds' version '1.2' at '..\mods\contents_1938886559.pak'
[Info] Root: Detected asset source named 'rb_base' version '3.4' at '..\mods\contents_2018183533.pak'
[Info] Root: Detected asset source named 'My Enternia' version '2.4.0e' at '..\mods\Enternia_contents_2006558650.pak'
[Info] Root: Detected asset source named 'My Lil Mermaid Pack' version '0.1' at '..\mods\contents_1700512569.pak'
[Info] Root: Detected asset source named 'MyEnterniaEnhancedStorage' version '1.0.0a' at '..\mods\contents_3278292921.pak'
[Info] Root: Detected asset source named 'NonEKI' version '9' at '..\mods\NonEKI_9_FU_compat.pak'
[Info] Root: Detected asset source named 'NonEKI-AI-Chip-Addon' version '3' at '..\mods\contents_3310130960.pak'
[Info] Root: Detected asset source named 'NEKIStation' version '9.2' at '..\mods\nenEKI_Station_contents_3344198231.pak'
[Info] Root: Detected asset source named 'NEONPUNK Title screen [oSB] ' version '1.0' at '..\mods\contents_3359876550.pak'
[Info] Root: Detected asset source named 'NFOF' version '0.99b' at '..\mods\contents_3277624648.pak'
[Info] Root: Detected asset source named 'NPCs Keep Quest' version '1.0' at '..\mods\contents_3287628601.pak'
[Info] Root: Detected asset source named 'Neb_Narthex' version '1.1' at '..\mods\contents_2942998673.pak'
[Info] Root: Detected asset source named 'Nebulox_CityScaper' version '2.0' at '..\mods\contents_2958989874.pak'
[Info] Root: Detected asset source named 'Neki Racial Descriptions for Mechineki' version '1.0.4' at '..\mods\contents_3181091861.pak'
[Info] Root: Detected asset source named 'NekiChips' version '1.1' at '..\mods\contents_2716757438.pak'
[Info] Root: Detected asset source named 'NekiCity' version '0.0.3' at '..\mods\contents_2976098002.pak'
[Info] Root: Detected asset source named 'NekiFU' version '0.58' at '..\mods\contents_2632319634.pak'
[Info] Root: Detected asset source named 'NekiShades' version '1.31' at '..\mods\contents_2720293579.pak'
[Info] Root: Detected asset source named 'NekiStorage' version '0.99.12a' at '..\mods\contents_3095436865.pak'
[Info] Root: Detected asset source named 'NewRecipeStar' version '1.0' at '..\mods\contents_1500761263.pak'
[Info] Root: Detected asset source named 'WingedFlight' version '1.03' at '..\mods\contents_2433914920.pak'
[Info] Root: Detected asset source named 'NihilSaturniansUniversalFlightIntegration' version '1.1.8' at '..\mods\contents_2510413988.pak'
[Info] Root: Detected asset source named 'No Annoying Weather' version 'rev1' at '..\mods\Less_Annoying_Weather_rev1_compat.pak'
[Info] Root: Detected asset source named 'No Weather Particles' version '1.3' at '..\mods\contents_1240540230.pak'
[Info] Root: Detected asset source named 'NoWeaponNPCTypesFU' version '1.0' at '..\mods\contents_2045136368.pak'
[Info] Root: Detected asset source named 'NpcSpawnerPlus' version '1.2.1' at '..\mods\contents_895140470.pak'
[Info] Root: Detected asset source named 'Obe Monster Parts' version '104' at '..\mods\contents_729626550.pak'
[Info] Root: Detected asset source named 'Ocean Music Restored' version '1.0' at '..\mods\contents_730360251.pak'
[Info] Root: Detected asset source named 'OceanCropsMod' version '1.0' at '..\mods\contents_1174122487.pak'
[Info] Root: Detected asset source named 'OmRaceTraits-DefaultTooltip' version '1.2' at '..\mods\contents_3208283582.pak'
[Info] Root: Detected asset source named 'OmRaceTraits-NPCAddon' version '1.2' at '..\mods\contents_2622367894.pak'
[Info] Root: Detected asset source named 'Outpost Nebula' version '1.1' at '..\mods\contents_784179199.pak'
[Info] Root: Detected asset source named 'OutpostMusicTranquilityBase' version 'v1.0.1' at '..\mods\contents_1826459917.pak'
[Info] Root: Detected asset source named 'Peacekeeper's Arsenal (Abandoned)' version '1.1' at '..\mods\contents_2593744603.pak'
[Info] Root: Detected asset source named 'Peacekeeper's Arsenal FU Patch' version '1.0' at '..\mods\contents_2612885673.pak'
[Info] Root: Detected asset source named 'PeacekeepersArsenalGoodGamesFixes' version '1.1' at '..\mods\contents_3126098974.pak'
[Info] Root: Detected asset source named 'Pet Collars Plus' version '1.0.0' at '..\mods\contents_2811708018.pak'
[Info] Root: Detected asset source named 'Pets Are Useful' version '1.0.0.3' at '..\mods\contents_1239952506.pak'
[Info] Root: Detected asset source named 'Pikachu_CityScaper_AlcoholicPoptops_Addon' version '1.0' at '..\mods\contents_3093874669.pak'
[Info] Root: Detected asset source named 'PlanetParallaxRemovalOmeruin' version '1.5' at '..\mods\contents_2061053988.pak'
[Info] Root: Detected asset source named 'Play as NPCs' version '2.2.1' at '..\mods\contents_1145193933.pak'
[Info] Root: Detected asset source named 'antr_playerVoice' version '2.0.1' at '..\mods\contents_2608061089.pak'
[Info] Root: Detected asset source named 'PlayerVoicePatch' version '1.0' at '..\mods\contents_3318166719.pak'
[Info] Root: Detected asset source named 'Pokemon Outfits Gen 1' version '0.1' at '..\mods\contents_2593214277.pak'
[Info] Root: Detected asset source named 'Powers of Ruin' version '1.3.3' at '..\mods\contents_1508762885.pak'
[Info] Root: Detected asset source named 'PvZ Quest SFX' version '1' at '..\mods\contents_2001156040.pak'
[Info] Root: Detected asset source named 'RPG_Growth' version '2.01HF' at '..\mods\RPG_contents_1115920474.pak'
[Info] Root: Detected asset source named 'RPG_Growth_MultiProf' version '1.0.0' at '..\mods\contents_2931114055.pak'
[Info] Root: Detected asset source named 'Re-sprited' version '0.9' at '..\mods\contents_2893719979.pak'
[Info] Root: Detected asset source named 'Remixed Star Names' version '1.7' at '..\mods\RemixedStarNames_2986660950.pak'
[Info] Root: Detected asset source named 'Remove_Mosquito_Sound' version '1.00' at '..\mods\contents_1792129883.pak'
[Info] Root: Detected asset source named 'RingAltAnomalies' version '1.0' at '..\mods\contents_2725667743.pak'
[Info] Root: Detected asset source named 'Ringable Large Bell' version '1.0' at '..\mods\contents_2913433210.pak'
[Info] Root: Detected asset source named 'RoundtablesAndAMonitor' version 'v2.0' at '..\mods\contents_2172987468.pak'
[Info] Root: Detected asset source named 'RustTreeFix' version '1.1' at '..\mods\contents_2571698194.pak'
[Info] Root: Detected asset source named 'SDP' version '1.1.2' at '..\mods\contents_2979678524.pak'
[Info] Root: Detected asset source named 'Saturnian Player Voice' version '1.0.0' at '..\mods\contents_2785206166.pak'
[Info] Root: Detected asset source named 'ShellguardEngineerFix' version '1.0' at '..\mods\contents_3166567877.pak'
[Info] Root: Detected asset source named 'ShellguardFullbright' version '1.0' at '..\mods\contents_3166606156.pak'
[Info] Root: Detected asset source named 'Solara, The Novakid Energy Sword' at '..\mods\contents_1394106904.pak'
[Info] Root: Detected asset source named 'Space Glitters Removal' version 'v1.0' at '..\mods\contents_2902710950.pak'
[Info] Root: Detected asset source named 'Starbound But Pixels Sound Like Studs' version '1.0' at '..\mods\contents_2463780108.pak'
[Info] Root: Detected asset source named 'Starvisuals' version '1.2' at '..\mods\starvisuals_contents_3322797618.pak'
[Info] Root: Detected asset source named 'Stellaris OST Replacer & Addon for Main Menu Music' version '1.1' at '..\mods\contents_2195702875.pak'
[Info] Root: Detected asset source named 'Subtler Hyperspace' version '1.3' at '..\mods\contents_1367444689.pak'
[Info] Root: Detected asset source named 'Suits n Stuff Pack' version '0.2' at '..\mods\contents_1857537129.pak'
[Info] Root: Detected asset source named 'Swoosh Sprite Overhauls' version '0.0.0.0' at '..\mods\contents_1479985478.pak'
[Info] Root: Detected asset source named 'SyncsSpectacularShipsTrashedGreenhouse' version '1.1' at '..\mods\contents_2921688761.pak'
[Info] Root: Detected asset source named 'TTPPv27 Mimic Rework' version '0.1' at '..\mods\sxb_TTPPv27MR.pak'
[Info] Root: Detected asset source named 'Tanz Tweaks - Textures' version '1.1.0' at '..\mods\contents_736040778.pak'
[Info] Root: Detected asset source named 'Test' version '1.0' at '..\mods\PRxCW_compat.pak'
[Info] Root: Detected asset source named 'The Black Armory' version '4.2.5' at '..\mods\Black_Armory_4.2.5_FU_NEKI_compat.pak'
[Info] Root: Detected asset source named 'TileTweaks' version '0.2' at '..\mods\Tile_Tweaks_contents_1483622891.pak'
[Info] Root: Detected asset source named 'TileTweaksTanz' version '0.1' at '..\mods\contents_1487455404.pak'
[Info] Root: Detected asset source named 'TimelessAnimals' version '1.2' at '..\mods\contents_1178310549.pak'
[Info] Root: Detected asset source named 'Toxicity Infraction: returning the ES toxic waste barrel to its vanilla self' version '1.1' at '..\mods\barrel_boom_Enhanced_Storage_contents_2510776866.pak'
[Info] Root: Detected asset source named 'UnLimitedFoodStacking' version '4.20' at '..\mods\osb_food_stack_contents_3301942276.pak'
[Info] Root: Detected asset source named 'Uncommon Avali' version '1.0.1' at '..\mods\contents_2221185460.pak'
[Info] Root: Detected asset source named 'Underground Spider Nest' version '1.4' at '..\mods\contents_2973603646.pak'
[Info] Root: Detected asset source named 'Usable Hylotl Bookcases' version 'V1.0' at '..\mods\contents_733212338.pak'
[Info] Root: Detected asset source named 'Void's Set' version '1.15' at '..\mods\contents_2520304930.pak'
[Info] Root: Detected asset source named 'Voided' version '0.7.2' at '..\mods\voided_contents_2822921122.pak'
[Info] Root: Detected asset source named 'Weather Lag Fix' version '1.0' at '..\mods\contents_3077933615.pak'
[Info] Root: Detected asset source named 'Weep Not My Child - Title Music Addition' version '1.5' at '..\mods\contents_2785129570.pak'
[Info] Root: Detected asset source named 'WhyIsThisNotPrintable' version '1.1.0' at '..\mods\contents_924665383.pak'
[Info] Root: Detected asset source named 'Wild West Music Pack.' version '1.0' at '..\mods\contents_1137228707.pak'
[Info] Root: Detected asset source named 'WingedFlightConfigTemplate' version '1.0' at '..\mods\contents_2894145647.pak'
[Info] Root: Detected asset source named 'Wooden Furniture Reskin' version '1.0 ' at '..\mods\contents_2141182021.pak'
[Info] Root: Detected asset source named 'Wooloo Fluffalo Varient' version 'alpha' at '..\mods\contents_1764356080.pak'
[Info] Root: Detected asset source named 'Working Showers' version '1.1' at '..\mods\workingshower_v1.1_894901052.pak'
[Info] Root: Detected asset source named 'XRC_AUTOLOOTER' version '2' at '..\mods\contents_2855692046.pak'
[Info] Root: Detected asset source named 'XRC_LOADTIME' version '1.0.1' at '..\mods\loadtime_2302257069.pak'
[Info] Root: Detected asset source named 'XRC_PIXELPRINTER' version '1.1.5' at '..\mods\lagless_printer_contents_3003880924.pak'
[Info] Root: Detected asset source named 'XRC_SWAPAUGMENTS' version '1' at '..\mods\contents_2967291460.pak'
[Info] Root: Detected asset source named 'XRC_UPGRADEMODULESFORSPACESTATIONS' version '1' at '..\mods\contents_3034913399.pak'
[Info] Root: Detected asset source named 'XRC_dietaryaid' version '3' at '..\mods\contents_2601315924.pak'
[Info] Root: Detected asset source named 'XRC_maxStackOSB' version '1.1' at '..\mods\All_Items_Stack_contents_3370469697.pak'
[Info] Root: Detected asset source named 'XRC_quickCommands' version '1.0.2' at '..\mods\Quick_Commands_contents_3145473452.pak'
[Info] Root: Detected asset source named 'Zarra_FUElithianShips' version '1.5' at '..\mods\contents_2375270402.pak'
[Info] Root: Detected asset source named '[Dragon Maid] Tohru's Outfit' version '2' at '..\mods\contents_1538589010.pak'
[Info] Root: Detected asset source named 'adh_ocd_tooltip_fixes' version '1.0.0' at '..\mods\Tooltip_Fix_contents_3355387636.pak'
[Info] Root: Detected asset source named 'af_ees_saturnian' version '1.0' at '..\mods\contents_2387099956.pak'
[Info] Root: Detected asset source named 'tagsstation' version '1.0.0' at '..\mods\contents_1802500596.pak'
[Info] Root: Detected asset source named 'af_tagsstation_quickbar' version '1.0' at '..\mods\contents_2396110695.pak'
[Info] Root: Detected asset source named 'aichip_avian' version '1.1' at '..\mods\contents_943636021.pak'
[Info] Root: Detected asset source named 'aichip_dragon' version '1.0' at '..\mods\contents_943651005.pak'
[Info] Root: Detected asset source named 'aichip_ene' version '1.0' at '..\mods\contents_943659349.pak'
[Info] Root: Detected asset source named 'aichip_felin' version '1.0' at '..\mods\contents_943655618.pak'
[Info] Root: Detected asset source named 'aichip_giffany' version '1.0' at '..\mods\contents_943794573.pak'
[Info] Root: Detected asset source named 'aichip_ordis' version '1.0' at '..\mods\contents_943793477.pak'
[Info] Root: Detected asset source named 'aichip_redrabbit' version '1.0' at '..\mods\contents_943657010.pak'
[Info] Root: Detected asset source named 'aichip_rem' version '1.0' at '..\mods\contents_943658087.pak'
[Info] Root: Detected asset source named 'aichip_servalchan' version '1.0' at '..\mods\contents_943792285.pak'
[Info] Root: Detected asset source named 'aikiro42-project45' version 'v1.8.7b' at '..\mods\Project_45_contents_3117517322.pak'
[Info] Root: Detected asset source named 'alternativefluffalocolours' version 'v1.0' at '..\mods\contents_2428616454.pak'
[Info] Root: Detected asset source named 'am_glitch_no_breath' version '1.0' at '..\mods\contents_2924963711.pak'
[Info] Root: Detected asset source named 'antr_cosmeticEffects_utilityEffects' version '1.0.0' at '..\mods\contents_3166013233.pak'
[Info] Root: Detected asset source named 'antr_freeThePrismMan' version '1.0.0' at '..\mods\contents_2601511795.pak'
[Info] Root: Detected asset source named 'applestorage' version '2.3.1' at '..\mods\contents_1258008544.pak'
[Info] Root: Detected asset source named 'astraskitsunedialog' version '1.11.1' at '..\mods\contents_2982938140.pak'
[Info] Root: Detected asset source named 'augiteArcadeSounds' version '1' at '..\mods\contents_1923768422.pak'
[Info] Root: Detected asset source named 'automaticDoors' version '3.9' at '..\mods\contents_729599895.pak'
[Info] Root: Detected asset source named 'avali_settlements_on_arcana_planets' version '0.1' at '..\mods\contents_2938914405.pak'
[Info] Root: Detected asset source named 'avalifit' version '69.420.666' at '..\mods\contents_1394999146.pak'
[Info] Root: Detected asset source named 'bedsForTwo' version '0.1.0' at '..\mods\contents_1807455828.pak'
[Info] Root: Detected asset source named 'bk3k_inventory_180slots' version '1.01' at '..\mods\inventory180_contents_1410562400.pak'
[Info] Root: Detected asset source named 'bl3healthbars' version '4.53' at '..\mods\bd_hpbar_fix_contents_2225813517.pak'
[Info] Root: Detected asset source named 'player_bl3healthbars' version '1.4' at '..\mods\bd_player_bar_contents_2437888263.pak'
[Info] Root: Detected asset source named 'bl3healthbarshdclean' version '1.3' at '..\mods\BL3_Clean_Texture_contents_2229880801.pak'
[Info] Root: Detected asset source named 'bl3healthbarssgaddon' version '1.2' at '..\mods\BL3_Shellguard_Addon_contents_2225814372.pak'
[Info] Root: Detected asset source named 'bl3playerbarspecies' version '1.0' at '..\mods\player_bar_type_contents_3394719204.pak'
[Info] Root: Detected asset source named 'blueprintcrafting' version '1.4' at '..\mods\contents_773691656.pak'
[Info] Root: Detected asset source named 'bossesgateshop' version '1.2' at '..\mods\contents_2167914507.pak'
[Info] Root: Detected asset source named 'carpettool' version '1.1.1' at '..\mods\contents_1142579300.pak'
[Info] Root: Detected asset source named 'carpettoolflat' version '1.0.0' at '..\mods\contents_1932122417.pak'
[Info] Root: Detected asset source named 'chaosweapons' version '1.27.0' at '..\mods\contents_2497254778.pak'
[Info] Root: Detected asset source named 'cmdr_eevee' version '2.0.1' at '..\mods\contents_2781791650.pak'
[Info] Root: Detected asset source named 'cottonatterramart' version '1.0' at '..\mods\contents_2611495531.pak'
[Info] Root: Detected asset source named 'craftableseedsavali' version '1.0' at '..\mods\Craftable_Seeds_Avali_1.0_compat.pak'
[Info] Root: Detected asset source named 'craftableseedser' version '1.2' at '..\mods\contents_1434229372.pak'
[Info] Root: Detected asset source named 'craftableseedsfu' version '1.1+ko20260927' at '..\mods\Craftable_Seeds_FU_1.1_compat.pak'
[Info] Root: Detected asset source named 'crewDontCloseDoors' version '0.10' at '..\mods\contents_961347741.pak'
[Info] Root: Detected asset source named 'meido' version '1.5' at '..\mods\contents_3301329391.pak'
[Info] Root: Detected asset source named 'crewpatchesdialogmoderandom' version '2021.03.10' at '..\mods\contents_2420830786.pak'
[Info] Root: Detected asset source named 'curiousspecies' version '1.1' at '..\mods\contents_2760708749.pak'
[Info] Root: Detected asset source named 'cutearcana' version '1.2' at '..\mods\contents_2421829571.pak'
[Info] Root: Detected asset source named 'cutebound_felins_kemonomimi' version '0.5.1' at '..\mods\contents_2187004982.pak'
[Info] Root: Detected asset source named 'cutebound_felins_kemonomimi_big_eyes' version '0.4' at '..\mods\contents_2194900256.pak'
[Info] Root: Detected asset source named 'darksoulsidlepatch' version '1.1' at '..\mods\contents_879789773.pak'
[Info] Root: Detected asset source named 'destiny_ost_repl' version '1.3' at '..\mods\contents_3009820691.pak'
[Info] Root: Detected asset source named 'dspFUCrewCompat' version '0.2.4' at '..\mods\contents_954995970.pak'
[Info] Root: Detected asset source named 'dyeablemkioweaponsbetabound' version '1.0' at '..\mods\contents_2760361822.pak'
[Info] Root: Detected asset source named 'eStyleMonsters' version '1.1.5' at '..\mods\contents_1733089348.pak'
[Info] Root: Detected asset source named 'eggmech' version '1.1' at '..\mods\contents_3118274689.pak'
[Info] Root: Detected asset source named 'elithianperennialcrops' version '1.2' at '..\mods\contents_1433991809.pak'
[Info] Root: Detected asset source named 'emptyhand' version '1.0' at '..\mods\contents_2143587500.pak'
[Info] Root: Detected asset source named 'felin_settlements_on_arcana_planets' version '0.1.1' at '..\mods\contents_2938898485.pak'
[Info] Root: Detected asset source named 'felinsfurplus' version '1.0.1' at '..\mods\contents_729429377.pak'
[Info] Root: Detected asset source named 'felinsobjectplus' version '1.9' at '..\mods\contents_732985336.pak'
[Info] Root: Detected asset source named 'ffstags' version '1.1' at '..\mods\contents_2373148549.pak'
[Info] Root: Detected asset source named 'ffxivfurniture' version '0.30' at '..\mods\ffXIV_Furniture_contents_2294792156.pak'
[Info] Root: Detected asset source named 'fixNPCProtectQuest' version '1.0.1' at '..\mods\drx_fix_npc_protect_quest_2440281893.pak'
[Info] Root: Detected asset source named 'food_spoil_bars' version '1.1' at '..\mods\food_bar_contents_1099450875.pak'
[Info] Root: Detected asset source named 'frackinColander' at '..\mods\contents_3321953346.pak'
[Info] Root: Detected asset source named 'frackin_xsmechs' version '1.1' at '..\mods\contents_2348968660.pak'
[Info] Root: Detected asset source named 'froggfix' version '1.2' at '..\mods\contents_2402909895.pak'
[Info] Root: Detected asset source named 'furesearcht' version '2.0.0' at '..\mods\contents_2576946364.pak'
[Info] Root: Detected asset source named 'futreecrops' version '1.6' at '..\mods\contents_1566201532.pak'
[Info] Root: Detected asset source named 'fuvillavali' version '1.0.2' at '..\mods\contents_1432794738.pak'
[Info] Root: Detected asset source named 'fuvillfelin' version '1.0.3' at '..\mods\contents_1432556830.pak'
[Info] Root: Detected asset source named 'galaxy' version '1.0' at '..\mods\contents_874199496.pak'
[Info] Root: Detected asset source named 'galaxyFUver' version '1.0' at '..\mods\contents_889490070.pak'
[Info] Root: Detected asset source named 'galaxy_in_conflict_fu_progression_patch' version 'v1.0' at '..\mods\galaxy_in_conflict_fu_progression_patch'
[Info] Root: Detected asset source named '[GIC]The Escalate Expansion' version '2.03' at '..\mods\contents_3117942107.pak'
[Info] Root: Detected asset source named 'gic_automation' version '1.3.5' at '..\mods\contents_2916463190.pak'
[Info] Root: Detected asset source named 'ikavatarmechlegsadapter' version '1.2' at '..\mods\contents_2478011034.pak'
[Info] Root: Detected asset source named 'interactivecrew' version '1.2.1' at '..\mods\contents_2774848292.pak'
[Info] Root: Detected asset source named 'joboffers-addon-meido' version '1.0' at '..\mods\contents_2646673935.pak'
[Info] Root: Detected asset source named 'kitsunefr' version '1.4' at '..\mods\contents_1519251821.pak'
[Info] Root: Detected asset source named 'kitsuneplanetinfo' version '1.0' at '..\mods\contents_2329520812.pak'
[Info] Root: Detected asset source named 'kitsunesenkosail' version '1.2' at '..\mods\contents_2032882095.pak'
[Info] Root: Detected asset source named 'kyt_betterspookit' version 'Bengal 2.0.1_SB1.4.4' at '..\mods\spookit_knockback_contents_3371072235.pak'
[Info] Root: Detected asset source named 'kyt_rpghunger' version 'Persian v2.0.1_SB1.4.4' at '..\mods\contents_3373211265.pak'
[Info] Root: Detected asset source named 'lofty_savethewhales' version '1.2' at '..\mods\contents_2981084223.pak'
[Info] Root: Detected asset source named 'lox_statueofdibella' version '1.1.0' at '..\mods\0_sxb_lox_statueofdibella.pak'
[Info] Root: Detected asset source named 'lr_dynamicequipment' version '1.10.1' at '..\mods\LR_dynamic_contents_3400223391.pak'
[Info] Root: Detected asset source named 'manytabsfelinclay' version '1.0' at '..\mods\contents_2755769172.pak'
[Info] Root: Detected asset source named 'manytabsforarcana' version '1.1.0' at '..\mods\contents_2980872125.pak'
[Info] Root: Detected asset source named 'manytabsmaple32clay' version '1.0' at '..\mods\contents_2755769572.pak'
[Info] Root: Detected asset source named 'manytabssaturnclay' version '1.0' at '..\mods\contents_2755770105.pak'
[Info] Root: Detected asset source named 'mecharmormitigation' version '1.2' at '..\mods\mecharmor_contents_3385421174.pak'
[Info] Root: Detected asset source named 'mechhitboxfix' version '1.31' at '..\mods\mech_hitbox_contents_3385308492.pak'
[Info] Root: Detected asset source named 'mechinekialtears1.5' version '1' at '..\mods\contents_2751503410.pak'
[Info] Root: Detected asset source named 'meleeaim' version '1.1' at '..\mods\contents_817468961.pak'
[Info] Root: Detected asset source named 'meleeaimfu' version '1.3.0' at '..\mods\contents_1593802400.pak'
[Info] Root: Detected asset source named 'missingphysical' version '1' at '..\mods\missing_physic_contents_3014571970.pak'
[Info] Root: Detected asset source named 'monsterDex' version '1.0.7' at '..\mods\contents_2885561253.pak'
[Info] Root: Detected asset source named 'morenpcships' at '..\mods\contents_1390490083.pak'
[Info] Root: Detected asset source named 'neo+' version 'V1.0.1' at '..\mods\contents_2704778060.pak'
[Info] Root: Detected asset source named 'ng_flametrapnerf' version '1.0' at '..\mods\contents_2647014626.pak'
[Info] Root: Detected asset source named 'nitrogendeep' version '1.2.0.0' at '..\mods\contents_2003959183.pak'
[Info] Root: Detected asset source named 'nnmm_starsuits' version '2.7.1' at '..\mods\contents_3289772696.pak'
[Info] Root: Detected asset source named 'novakidquest' version '0.0.1' at '..\mods\contents_2661670128.pak'
[Info] Root: Detected asset source named 'novakidquest_anomoutpostcompatibility' version '0.0.1' at '..\mods\contents_2672162514.pak'
[Info] Root: Detected asset source named 'nuudescriptions' version '1.4.4' at '..\mods\contents_2768649963.pak'
[Info] Root: Detected asset source named 'outbackkit' version '1.0.6' at '..\mods\contents_2698975190.pak'
[Info] Root: Detected asset source named 'paperwindowpatch' version '1.4.4' at '..\mods\contents_3222936740.pak'
[Info] Root: Detected asset source named 'pat_DropMoneyOnDeath' version '1.0.1' at '..\mods\999999100_pixels_death_contents_3350355857.pak'
[Info] Root: Detected asset source named 'pat_QuickbarClassic' version '1.3.1' at '..\mods\contents_2957136802.pak'
[Info] Root: Detected asset source named 'pat_actionbarbinds' version 'v1.2' at '..\mods\contents_2962464896.pak'
[Info] Root: Detected asset source named 'pat_fixstarterclothes' version 'yes' at '..\mods\contents_2776815088.pak'
[Info] Root: Detected asset source named 'pat_saveInventoryPosition' version '1.1.1' at '..\mods\SaveInventoryPosition_contents_3331093074.pak'
[Info] Root: Detected asset source named 'pat_techloadouts' version '1.6' at '..\mods\contents_2848049388.pak'
[Info] Root: Detected asset source named 'pat_techloadoutbinds' version '1.7' at '..\mods\contents_2920684844.pak'
[Info] Root: Detected asset source named 'perennialcropsFUnew' version '1.6' at '..\mods\contents_1558104990.pak'
[Info] Root: Detected asset source named 'pfstarburst_betasuitpatch' version '1.0' at '..\mods\contents_3046915477.pak'
[Info] Root: Detected asset source named 'playerdancing' version 'v.1.2.2' at '..\mods\contents_1253782150.pak'
[Info] Root: Detected asset source named 'plushbound' version '1.92' at '..\mods\contents_2959854988.pak'
[Info] Root: Detected asset source named 'precursorracekrakoth_arcanapatch' at '..\mods\contents_2607069863.pak'
[Info] Root: Detected asset source named 'precursorracekrakoth_extendedstorypatch' at '..\mods\contents_2828324239.pak'
[Info] Root: Detected asset source named 'precursorracekrakoth_fupatch' at '..\mods\contents_2605267672.pak'
[Info] Root: Detected asset source named 'precursorracekrakoth_redemptionpatch' at '..\mods\contents_2821879793.pak'
[Info] Root: Detected asset source named 'precursorracekrakoth_manytabspatch' at '..\mods\contents_2864852527.pak'
[Info] Root: Detected asset source named 'programmer socks' version '1' at '..\mods\contents_1926211048.pak'
[Info] Root: Detected asset source named 'project42' version '1.0.2' at '..\mods\contents_2858362793.pak'
[Info] Root: Detected asset source named 'quietpartyhorn' version '1.3?' at '..\mods\contents_1627057511.pak'
[Info] Root: Detected asset source named 'reuseBottles' version '1.4.4' at '..\mods\contents_3223894534.pak'
[Info] Root: Detected asset source named 'sakuraitemsanobjects' version '3.0' at '..\mods\contents_2193593073.pak'
[Info] Root: Detected asset source named 'saturnian_C3' version '1.0' at '..\mods\contents_1698045793.pak'
[Info] Root: Detected asset source named 'saturniansArcanaaddon' version '1.0' at '..\mods\contents_2375350009.pak'
[Info] Root: Detected asset source named 'saturniansStarryPlanetaddon' version '1.0' at '..\mods\contents_2237446179.pak'
[Info] Root: Detected asset source named 'saturniansfubiomeaddon' version '1.1' at '..\mods\contents_1987370505.pak'
[Info] Root: Detected asset source named 'sexbound_kitsunerace' version '1.0' at '..\mods\0_sxb_sexbound_kitsunerace.pak'
[Info] Root: Detected asset source named 'sexbound_terato' version '0.4.8' at '..\mods\SxB - Teratophilia 0.4.8.pak'
[Info] Root: Detected asset source named 'shadowedatmospheres' version '1.0' at '..\mods\contents_732371478.pak'
[Info] Root: Detected asset source named 'sizeoflife' version '1.95' at '..\mods\size_work_contents_3218820111.pak'
[Info] Root: Detected asset source named 'sizeofspeciesvanilla' version '1.0' at '..\mods\size_vanilla_contents_3218826863.pak'
[Info] Root: Detected asset source named 'sizeofstats' version '1.0' at '..\mods\size_stat_contents_3218827753.pak'
[Info] Root: Detected asset source named 'snipingcrew120' version '1.0' at '..\mods\contents_3140827067.pak'
[Info] Root: Detected asset source named 'speciesreplace' version '1.0' at '..\mods\contents_962379099.pak'
[Info] Root: Detected asset source named 'stardustmonstercore_patch' version '1.1' at '..\mods\Stardust_Monster_Core_contents_2690363974.pak'
[Info] Root: Detected asset source named 'starry.angrystar1noclip.remover' at '..\mods\contents_2876250988.pak'
[Info] Root: Detected asset source named 'stutterReducer' version '1.5' at '..\mods\contents_2936613366.pak'
[Info] Root: Detected asset source named 'sup_monsterparts' at '..\mods\contents_1142523872.pak'
[Info] Root: Detected asset source named 'suphaxnonfatalfalls' version '1.0' at '..\mods\contents_1723934741.pak'
[Info] Root: Detected asset source named 'tenantPack' version '2024-12-31' at '..\mods\contents_838356389.pak'
[Info] Root: Detected asset source named 'terraliblite' version '1.12' at '..\mods\terraliblite_contents_2230165463.pak'
[Info] Root: Detected asset source named 'terralib' version '1.12' at '..\mods\terralib_contents_2230165463.pak'
[Info] Root: Detected asset source named 'the_angels_of_starbound_CutePatch' version '1.5' at '..\mods\contents_1697042019.pak'
[Info] Root: Detected asset source named 'treefix' version '1.00' at '..\mods\contents_1968871907.pak'
[Info] Root: Detected asset source named 'utopia' version '1.0.54' at '..\mods\contents_2210878914.pak'
[Info] Root: Detected asset source named 'vanguardblade' version '1.3' at '..\mods\contents_1529649528.pak'
[Info] Root: Detected asset source named 'vanillatreecrops' version '1.1' at '..\mods\contents_1568971442.pak'
[Info] Root: Detected asset source named 'vibrant_novakids' version '2.0' at '..\mods\contents_1422582678.pak'
[Info] Root: Detected asset source named 'visiblemeteorweather' version '1.0' at '..\mods\contents_1321934117.pak'
[Info] Root: Detected asset source named 'winterbraid's Planetary Clocks: Rewound!' version '0.1' at '..\mods\contents_2149802085.pak'
[Info] Root: Detected asset source named 'woof race_FU_support' version '1.3.6' at '..\mods\contents_2925061852.pak'
[Info] Root: Detected asset source named 'wormlib' at '..\mods\wormlib_contents_2230165463.pak'
[Info] Root: Detected asset source named 'wvr_crew_lava' version '2' at '..\mods\contents_744621236.pak'
[Info] Root: Detected asset source named 'xrc_blocksinair' version '0.1' at '..\mods\Place_Blocks_Anywhere_contents_2123363543.pak'
[Info] Root: Detected asset source named 'xs_crumex' version '1.04' at '..\mods\contents_1788644520.pak'
[Info] Root: Detected asset source named 'z4galacticdungeons' version '1.0.2' at '..\mods\Galactic_Dungeons_contents_2009744270.pak'
[Info] Root: Detected asset source named 'z4galacticdungeonsmpi' version '1.0.0' at '..\mods\contents_2010914574.pak'
[Info] Root: Detected asset source named 'zcrab_bombresprite' version '1.2.2' at '..\mods\contents_2974524803.pak'
[Info] Root: Detected asset source named 'zcrab_broomresprite' version '1.0.1' at '..\mods\contents_2798757981.pak'
[Info] Root: Detected asset source named 'zz_CharacterCreationExtender100' version '1.1' at '..\mods\content_823008631.pak'
[Info] Root: Detected asset source named 'ESShattered' version '1.0.0' at '..\mods\contents_2882304309.pak'
[Info] Root: Detected asset source named 'ESStarry' version '1.0.0' at '..\mods\contents_2882305990.pak'
[Info] Root: Detected asset source named 'Neb_Tormentor' version '1.0' at '..\mods\contents_2170995740.pak'
[Info] Root: Detected asset source named 'StarboundGoodGamesFixes' version '1.1' at '..\mods\contents_3058028748.pak'
[Info] Root: Detected asset source named 'cuteaegi' version '1.1.1' at '..\mods\contents_2656849369.pak'
[Info] Root: Detected asset source named 'nmm_unifiedgold' version '1.0' at '..\mods\contents_3195444456.pak'
[Info] Root: Detected asset source named 'nmm_vttp_modpatch' version '0.7' at '..\mods\contents_3277732237.pak'
[Info] Root: Detected asset source named 'nmm_vttp_omnicrafter' version '1.0' at '..\mods\contents_3277732919.pak'
[Info] Root: Detected asset source named 'utopiaeng' version '1.0.54' at '..\mods\contents_2212179822.pak'
[Info] Root: Detected asset source named 'Adventurer's Addons' version '1.0' at '..\mods\contents_2173629563.pak'
[Info] Root: Detected asset source named 'FUSAILModdedRaceSupport' version '1.0' at '..\mods\contents_1411331676.pak'
[Info] Root: Detected asset source named 'ManyTabsKnightfallInventors' version '1.0' at '..\mods\contents_2818770472.pak'
[Info] Root: Detected asset source named 'ManyTabsTerraforge1' version '1.1a' at '..\mods\contents_3030902631.pak'
[Info] Root: Detected asset source named 'AvaliSFX' version '0.2' at '..\mods\contents_3164757879.pak'
[Info] Root: Detected asset source named 'ExtendedGUITerraforge' version '1.0' at '..\mods\contents_3030900103.pak'
[Info] Root: Detected asset source named 'Tougher Mobs with Better Loot!' version '1.11.5.2' at '..\mods\Tougher_Mobs_1.11.5.2_compat.pak'
[Info] Root: Detected asset source named 'nmm_vanillatweaks' version 'Iteration 5' at '..\mods\nmm_Vanilla_Tweaks_contents_3175132253.pak'
[Info] Root: Detected asset source named 'Skittle's Mega Crafter' version '1.2' at '..\mods\contents_1628020624.pak'
[Info] Root: Detected asset source named 'aethertexreplace' version '1.1t' at '..\mods\contents_1096159903.pak'
[Info] Root: Detected asset source named 'eikoThrowingHeart' version '2.2' at '..\mods\5_sxb_Throwing Heart 2.2.pak'
[Info] Root: Detected asset source named 'juuxfullbright' at '..\mods\contents_2900609045.pak'
[Info] Root: Detected asset source named 'Lox_Maid4U' version '1.0.0' at '..\mods\10_sxb_Lox_Maid4U.pak'
[Info] Root: Detected asset source named 'Magic Labels' version '1.1' at '..\mods\contents_751868467.pak'
[Info] Root: Detected asset source named 'bc_icons_blocks' version '2' at '..\mods\Better_Icons_contents_1642552023.pak'
[Info] Root: Detected asset source named 'lox_gofuckyourself' version '4.2.1' at '..\mods\10_sxb_lox_gofuckyourself.pak'
[Info] Root: Detected asset source named 'reussfixstarbound' version 'v0.7.4' at '..\mods\contents_2884298247.pak'
[Info] Root: Detected asset source named 'sexy_globaura' version '2.1' at '..\mods\10_sxb_Sexbound-Globaura-2.1.pak'
[Info] Root: Detected asset source named 'techRework' version '1.0.1' at '..\mods\contents_3293271257.pak'
[Info] Root: Detected asset source named 'SuperCityPack' version '1.1.2' at '..\mods\contents_3030908648.pak'
[Info] Root: Detected asset source named 'nuggubsmegamod' version 'Iteration 1-Amalgam1' at '..\mods\contents_2735634052.pak'
[Info] Root: Detected asset source named 'SDP_MPI_Patch' version '1.1' at '..\mods\contents_2980863873.pak'
[Info] Root: Detected asset source named 'nmm_enstorpatch' version '4' at '..\mods\contents_3019677199.pak'
[Info] Root: Detected asset source named 'DRG Underground  Music Replace' version '1.0' at '..\mods\contents_2865310071.pak'
[Info] Root: Detected asset source named 'Lewdbound' version '0.7.0' at '..\mods\20_sxb_Lewdbound_0.7.0_compat.pak'
[Info] Root: Detected asset source named 'SexboundAPI_Felin' version '1.1.0' at '..\mods\20_sxb_SexBound_Cuter_Felin.pak'
[Info] Root: Detected asset source named 'SexboundAPI_GiCcute' version '1.0.0' at '..\mods\sxb_Sexbound_GiC.pak'
[Info] Root: Detected asset source named 'Sexbound_Avali' version '0.3.2' at '..\mods\20_sxb_Sexbound-Race-Avali0.3.2.src.pak'
[Info] Root: Detected asset source named 'Sexbound_Kemono' version '2.0.0' at '..\mods\20_sxb_Sexbound_Kemono.pak'
[Info] Root: Detected asset source named 'Sexbound_Lucario' version '4.2.0' at '..\mods\20_sxb_Sexbound_Lucario.pak'
[Info] Root: Detected asset source named 'Shellguard Tweaks' version '1.7' at '..\mods\contents_2553602050.pak'
[Info] Root: Detected asset source named 'SxB-Races_Viera' version '2.0.0' at '..\mods\SxB-Races_Viera_v3.0.pak'
[Info] Root: Detected asset source named 'kawaiistuffsupports' version '1.3.0' at '..\mods\20_sxb_kawaiistuffsupports.pak'
[Info] Root: Detected asset source named 'many_tabs2' version '1.2' at '..\mods\contents_956247051.pak'
[Info] Root: Detected asset source named 'sexbound kitsune moans' version '1.0.0' at '..\mods\20_sxb_Sexbound_Kitsune_Moans_Support.pak'
[Info] Root: Detected asset source named 'sexbound_Lamia' version '1.0' at '..\mods\SxB-Lamia.pak'
[Info] Root: Detected asset source named 'sexbound_arcanaraces' version '1.2.0' at '..\mods\20_sxb_sexbound_arcanaraces.pak'
[Info] Root: Detected asset source named 'CleanMattresses' version 'v1.2.0' at '..\mods\25_sxb_CleanMattresses.pak'
[Info] Root: Detected asset source named 'Recipe Browser RPG Growth - Patch' at '..\mods\contents_2172686376.pak'
[Info] Root: Detected asset source named 'rb_patch_avalibase' version '2.0' at '..\mods\contents_2019615016.pak'
[Info] Root: Detected asset source named 'rb_patch_elithianraces' version '2.0' at '..\mods\contents_2019615322.pak'
[Info] Root: Detected asset source named 'rb_patch_fu' version '2.0' at '..\mods\contents_2018986916.pak'
[Info] Root: Detected unnamed asset source at '..\mods\contents_1969427709.pak'
[Info] Root: Detected asset source named 'ManyTabsTerraforge2' version '1.0.1a' at '..\mods\contents_3030903277.pak'
[Info] Root: Detected asset source named 'pov_redux' version '4.2.0' at '..\mods\SxB-POV_Redux_masterbate_420.pak'
[Info] Root: Detected asset source named 'nmm-priceadjustments' version 'Beta Iteration 0.4' at '..\mods\contents_3298510103.pak'
[Info] Root: Detected asset source named 'Mega Bosses - Health + Damage' version '1.8' at '..\mods\vanila_boss_hpdmg_contents_3333222908.pak'
[Info] Root: Detected asset source named 'Player UI Redone' version '1.32' at '..\mods\contents_892426652.pak'
[Info] Root: Detected asset source named 'sx_brothel' version '1.2' at '..\mods\99_sxb_brothel.pak'
[Info] Root: Detected asset source named 'Angels - FU Armor Patch' version '1a' at '..\mods\contents_2826222679.pak'
[Info] Root: Detected asset source named 'I don't have time for that' version '1.0.0' at '..\mods\100_skip_warp_contents_3354114852.pak'
[Info] Root: Detected asset source named 'Titillating Tentacle Porn Pack' version '2.8' at '..\mods\sxb_TTPPv2.pak'
[Info] Root: Detected asset source named 'enhancedelementalstatuseffects' version '1.3' at '..\mods\Enhanced_Elemental_Effects_contents_3011438445.pak'
[Info] Root: Detected asset source named 'fu_copperarmor_price_fix' version '1.0.0' at '..\mods\fu_copperarmor_price_fix'
[Info] Root: Detected asset source named 'fuchsia_returns' version '0.2.1' at '..\mods\100_sxb_fuchsia_returns.pak'
[Info] Root: Detected asset source named 'macrochip' version '1.0' at '..\mods\contents_3037236777.pak'
[Info] Root: Detected asset source named 'meido-FU' version '1.1b' at '..\mods\contents_3374297401.pak'
[Info] Root: Detected asset source named 'sexbound_ebterramons' version '0.1' at '..\mods\sxbEBsTerramonsRework1.1.4.pak'
[Info] Root: Detected asset source named 'sexbound_sexobject_felinholo' version '0' at '..\mods\100_sxb_sexbound_sexobject_felinholo.pak'
[Info] Root: Detected asset source named 'TTPP cutebound furnitures' version '1.0' at '..\mods\sxb_TTPP_Cutebound.pak'
[Info] Root: Detected asset source named 'TTPP_MPI_patch' version '1.0' at '..\mods\101_sxb_TTPP_MPI_patch.pak'
[Info] Root: Detected asset source named 'sexbound_cb' version '1.5.0' at '..\mods\101_sxb_sexbound_cb.pak'
[Info] Root: Detected asset source named 'Lucario POV addon' version '1' at '..\mods\102_SxB-Lucario_POV_Addon.pak'
[Info] Root: Detected asset source named 'lustbound_aphroditesbow' version '1.3.0' at '..\mods\210_sxb_lustbound_aphroditesbow.pak'
[Info] Root: Detected asset source named 'lustbound_omnibrowser' version '1.4.0' at '..\mods\211_sxb_lustbound_omnibrowser.pak'
[Info] Root: Detected asset source named 'lustbound_omnibrowser_unclog' version '1.3.0' at '..\mods\211_sxb_lustbound_omnibrowser_unclog.pak'
[Info] Root: Detected asset source named 'lustbound_friskyfelin' version '1' at '..\mods\220_sxb_lustbound_friskyfelin.pak'
[Info] Root: Detected asset source named 'lustbound_globaura' version '1' at '..\mods\220_sxb_lustbound_globaura.pak'
[Info] Root: Detected asset source named 'lustbound_gofuckyourself' version '1' at '..\mods\220_sxb_lustbound_gofuckyourself.pak'
[Info] Root: Detected asset source named 'lustbound_lewdbound' version '1' at '..\mods\220_sxb_lustbound_lewdbound.pak'
[Info] Root: Detected asset source named 'lustbound_lewdboundmattresses' version '1' at '..\mods\220_sxb_lustbound_lewdboundmattresses.pak'
[Info] Root: Detected asset source named 'SupremeExvoidimus' version '1.0' at '..\mods\SupremeExvoidimus_2441120266.pak'
[Info] Root: Detected asset source named 'SxB_MimicSupport' version '1.0.0' at '..\mods\322_SxB_MimicSupport.pak'
[Info] Root: Detected asset source named 'aphrodites_sbr_patch' version '6.2.0 x 1.2' at '..\mods\SBR Aphrodites Bow patch'
[Info] Root: Detected asset source named 'AllTeleportersPlatformized' version '1.00' at '..\mods\contents_2727658868.pak'
[Info] Root: Detected asset source named 'sexbound_TeratophiliaScenesPack' version '0.2.1' at '..\mods\SxB_-_TemTems_Teratoscenes.pak'
[Info] Root: Detected asset source named 'bl3mayhemmode' version '1.4' at '..\mods\mayhem_contents_3374288336.pak'
[Info] Root: Detected asset source named 'City.modularpatch.AddOther4Colors2City' at '..\mods\contents_2871779394.pak'
[Info] Root: Detected asset source named 'Lustling Race Traits Update' version '1.2.9' at '..\mods\997_sxb_Lustlings_1.2.9_clean.pak'
[Info] Root: Detected asset source named 'Custom races inventory fix' version '1.02' at '..\mods\contents_1982486298.pak'
[Info] Root: Detected asset source named 'Lustling Enhanced Storage' version '1.0.1' at '..\mods\998_Enhanced Storage - Lustlings.pak'
[Info] Root: Detected asset source named 'Adventurer's Addons Patch' version '1.4' at '..\mods\contents_2912589725.pak'
[Info] Root: Detected asset source named 'Alta FU Patch+' version '1.2' at '..\mods\contents_3048977458.pak'
[Info] Root: Detected asset source named 'Armor Lights Full Bright' version '0.2' at '..\mods\contents_2440256472.pak'
[Info] Root: Detected asset source named 'BookOfSpirits-NamesForAllNPC' version '1.2' at '..\mods\contents_3065586024.pak'
[Info] Root: Detected asset source named 'FU RACES PATCH' version '2.8' at '..\mods\contents_3145769397.pak'
[Info] Root: Detected asset source named 'FUBYOSGiCRacePatch' version '1.2' at '..\mods\contents_2876535509.pak'
[Info] Root: Detected asset source named 'FUBYOSModdedRaceSupport' version '1.0' at '..\mods\999_FUBYOSModdedRaceSupport-main'
[Info] Root: Detected asset source named 'FUBYOSRACESPATCH' version '1.8' at '..\mods\contents_3145129643.pak'
[Info] Root: Detected asset source named 'Glitch Lights Full Bright' version '1.0' at '..\mods\contents_2440033332.pak'
[Info] Root: Detected asset source named 'Lamia FR-FU Patch' version '1.1' at '..\mods\contents_1929091560.pak'
[Info] Root: Detected asset source named 'Maple32 Glutt FU/FR Patch' version '1.0' at '..\mods\contents_2777148528.pak'
[Info] Root: Detected asset source named 'Nightar & FU Nightar shiplocker FU fix' version '1.0a' at '..\mods\contents_1964557400.pak'
[Info] Root: Detected asset source named 'Nightar FU Desc fix' version '1.1' at '..\mods\contents_2141947777.pak'
[Info] Root: Detected asset source named 'The Angels of Starbound - FR/FU Patch' version '2.4b' at '..\mods\contents_1928972521.pak'
[Info] Root: Detected asset source named 'angelsailreplacer' version '1.1' at '..\mods\contents_2287610979.pak'
[Info] Root: Detected asset source named 'antr_biggerTeleportGUI_4x' version '1.0.0' at '..\mods\contents_2494853338.pak'
[Info] Root: Detected asset source named 'woof race_byos_support' version '1' at '..\mods\contents_2927818361.pak'
[Info] Root: Detected asset source named 'FREX' version 'JAN.27.25 (Birthday Update)' at '..\mods\contents_1608905076.pak'
[Info] Root: Detected asset source named 'blshieldcleanbars' version '1.0' at '..\mods\Player_Healthbar_Clean_contents_3384559894.pak'
[Info] Root: Detected asset source named 'sexbound_Neki_Pov' version 'v1' at '..\mods\1000_SxB-Neki_POV_Addon.pak'
[Info] Root: Detected asset source named 'antr_playerVoice_allEmotes' version '2.0.0' at '..\mods\contents_2611377283.pak'
[Info] Root: Detected asset source named 'mechdetailedstats' version '1.2' at '..\mods\mechdata_contents_3386957026.pak'
[Info] Root: Detected asset source named 'Lustling Race more colors' version '1.0.0' at '..\mods\1010_sxb_Lustling Race more colors.pak'
[Info] Root: Detected asset source named 'Tentacle Enhanced Storage' version '1.0.1-proto' at '..\mods\1100_sxb_TTPP_Tentacle Enhanced Storage.pak'
[Info] Root: Detected asset source named 'Titanbound FU Patch ' version '31.05.2023' at '..\mods\contents_2983087701.pak'
[Info] Root: Detected asset source named 'The Cutieverse - Space Navigation Reskin' version '1.1.2' at '..\mods\contents_2988576904.pak'
[Info] Root: Detected asset source named 'Fullbright Avali Holograms' version '1' at '..\mods\contents_2992119945.pak'
[Info] Root: Detected asset source named 'spicedMenuMusic' version '1.0.0' at '..\mods\contents_3225377547.pak'
[Info] Root: Detected asset source named 'spicedMenuMusic_Arcana' version '1.0.0' at '..\mods\contents_3225378587.pak'
[Info] Root: Detected asset source named 'spicedMenuMusic_Betabound' version '1.0.0' at '..\mods\contents_3225378671.pak'
[Info] Root: Detected asset source named 'spicedMenuMusic_Frackin' version '1.0.0' at '..\mods\contents_3225378740.pak'
[Info] Root: Detected asset source named 'spicedMenuMusic_WeepNot' version '1.0.0' at '..\mods\contents_3225378807.pak'
[Info] Root: Detected asset source named 'mechcompatload' version '1.65' at '..\mods\mech_load_contents_3371011064.pak'
[Info] Root: Detected asset source named 'npcmechhealthbars' version '1.1' at '..\mods\mech_bar_contents_3390657059.pak'
[Info] Root: Detected asset source named '[GIC] FU armor with GIC augment' version '1.1' at '..\mods\contents_3015818996.pak'
[Info] Root: Detected asset source named 'GiC_Otherworlds_Music' version '1.0' at '..\mods\GIC_Otherworlds_Music_contents_3731147091.pak'
[Info] Root: Detected asset source named '[GIC]Cyberpunk 2077 Weapon pack' version '1.1.6' at '..\mods\gic_cyber_contents_3044827572.pak'
[Info] Root: Detected asset source named 'FU Extraction Patch for Arcana (Fixed)' version '1.1.1' at '..\mods\FU_Extraction_Arcana_contents_3350051925.pak'
[Info] Root: Detected asset source named 'FUTweakedStory' version '1.0.5.1' at '..\mods\FU_Tweaked_Story_contents_3157772971.pak'
[Info] Root: Detected asset source named 'GiC_Otherworlds' version '1.0.2' at '..\mods\GIC_Otherworlds_contents_3731148374.pak'
[Info] Root: Detected asset source named '[GIC] Black Ops' version '1.5.1' at '..\mods\contents_2979732554.pak'
[Info] Root: Detected asset source named 'Damage Particles' version '2.1' at '..\mods\Improved_Damage_Particles_contents_2451489168.pak'
[Info] Root: Detected asset source named 'FREXfix' version 'APR.25.21 (Mander)' at '..\mods\contents_2601450656.pak'
[Info] Root: Detected asset source named 'MWH's Gelsemis [FU PATCH]' version '0.4.6' at '..\mods\contents_3133663078.pak'
[Info] Root: Detected asset source named 'NPC Controller' version '1.5.6' at '..\mods\contents_2643364844.pak'
[Info] Root: Detected asset source named 'Neo Re-sprite' version 'V1.3' at '..\mods\contents_2395650902.pak'
[Info] Root: Detected asset source named 'RPG Growth Tabs & Profession Retexture ' version '1.1' at '..\mods\contents_2433700417.pak'
[Info] Root: Detected asset source named 'RPG_Growth_Fix' version '1.a' at '..\mods\contents_2017600718.pak'
[Info] Root: Detected asset source named 'RPG_Growth_no_particles' version '1.1' at '..\mods\contents_2846035010.pak'
[Info] Root: Detected asset source named 'RandomNPCDialogue' version '1.1.4' at '..\mods\contents_3088086087.pak'
[Info] Root: Detected asset source named 'SmartCrew' version '1.3.5' at '..\mods\contents_1732808640.pak'
[Info] Root: Detected asset source named 'avalifoodpatch' version '2.0' at '..\mods\contents_1830331363.pak'
[Info] Root: Detected asset source named 'galaxy_in_conflict_coreasset_codexexpander' version 'v4.0' at '..\mods\galaxy_in_conflict_coreasset_codexexpander'
[Info] Root: Detected asset source named 'monstercompatloader' version '1.1' at '..\mods\mon_loader_contents_2442873217.pak'
[Info] Root: Detected asset source named 'tba_es_patch' version '1.0' at '..\mods\Black_Armory_Enhanced_Storage_contents_2263440896.pak'
[Info] Root: Detected asset source named 'vanillafoodpatch' version '2.0' at '..\mods\contents_1830330047.pak'
[Info] Root: Detected asset source named 'tdg-gic-enhanced-storage' version '1.1.0' at '..\mods\contents_3192167067.pak'
[Info] Root: Detected asset source named 'BK3K-GIC_Compatibility' version '1.1.2' at '..\mods\GIC_BK3K_Sorting_Compat_contents_3778034807.pak'
[Info] Root: Detected asset source named 'FU-Redemption integration patch' version '6.0' at '..\mods\FU_RedemptionPatch_contents_2185949973.pak'
[Info] Root: Detected asset source named 'z4galacticdungeonsfrackin' version '1.0.2' at '..\mods\contents_2009993372.pak'
[Info] Root: Detected asset source named 'LewdFluidDesc' version '1.0' at '..\mods\39827_sxb_LewdFluidDesc.pak'
[Info] Root: Detected asset source named 'Drone and Turret Reskin' version '1.0' at '..\mods\ganransu_turretNdrone_2905283163.pak'
[Info] Root: Detected asset source named 'FU - Fixed Helmets' version '25.05.2022' at '..\mods\contents_2843733950.pak'
[Info] Root: Detected asset source named 'GiC Logo Remover' version '0.8.8' at '..\mods\contents_3138628476.pak'
[Info] Root: Detected asset source named 'Even Less Dead Moons' version '3.1' at '..\mods\contents_2388120601.pak'
[Info] Root: Detected asset source named 'Less Dead Moons - Reduced Spawn Rate' version '1.0d' at '..\mods\contents_2471939344.pak'
[Info] Root: Detected asset source named 'MusicalMoons' version 'v1.2.1' at '..\mods\contents_1829295532.pak'
[Info] Root: Detected asset source named 'Nebulox_Echo_Relics_Of_Revengeance' version '1.02' at '..\mods\contents_2916902416.pak'
[Info] Root: Detected asset source named 'RPG Growth FU Recipe Balance Patch' version '1.0' at '..\mods\contents_1952112607.pak'
[Info] Root: Detected asset source named 'raiizysforge' version '1.8.1' at '..\mods\contents_2468984308.pak'
[Info] Root: Detected asset source named 'raiizysforgeCE' version '1.0' at '..\mods\contents_2903240740.pak'
[Info] Root: Detected asset source named 'CuterKirhos' version '1.2' at '..\mods\contents_1594682555.pak'
[Info] Root: Detected asset source named '[GIC] Galaxy in Conflict Reskin patch' version '2.0.4' at '..\mods\gic_reskin_contents_3090704586.pak'
[Info] Root: Detected asset source named '[GIC]Glitch Reskin patch' version '1.0.2' at '..\mods\gic_gl_reskin_contents_3400895443.pak'
[Info] Root: Detected asset source named 'cmdr_mechinekiplayervoicepatch' version '1.0.1' at '..\mods\contents_3277803571.pak'
[Info] Root: Detected asset source named 'Armok's Assorted Mod Fixes and Tweaks' version '5.4' at '..\mods\Armok_Fixes_5.4_compat.pak'
[Info] Root: Detected asset source named 'BlinkyEyes' version '1.1.76' at '..\mods\100000001_eyeBlink_contents_1807482741.pak'
[Info] Root: Detected asset source named 'Detailed Ship Encounters' version '3.3' at '..\mods\contents_2548423095.pak'
[Info] Root: Detected asset source named 'NPC Mechs Declutter' version '1.1' at '..\mods\contents_2917219987.pak'
[Info] Root: Detected asset source named 'No More Party Music for Frackin' Universe' version '1.0' at '..\mods\100000000_No_FU_Party_contents_2564952144.pak'
[Info] Root: Detected asset source named 'Relics of Revengence - Solus Song' version '2.4' at '..\mods\contents_3383344702.pak'
[Info] Root: Detected asset source named 'SlowerSpaceGasRotation' version 'v1.0.1' at '..\mods\100000002_Slower_Gas_contents_3387581763.pak'
[Info] Root: Detected asset source named 'XRC_ITEMNAMES' version '45' at '..\mods\contents_2283501469.pak'
[Info] Root: Detected asset source named 'Ruincalboss' version '1.0.2' at '..\mods\999990101_Ruincalboss_contents_2912289180.pak'
[Info] Root: Detected asset source named 'Futara's Dragon Race Addon Energy Beam' version '1.0' at '..\mods\999998002_futaraEnergyBeamAddOn.pak'
[Info] Root: Detected asset source named 'Futara's Dragon Race Addon Energy Orb' version '1.0' at '..\mods\999998001_futaraEnergyOrbAddOn.pak'
[Info] Root: Detected asset source named 'NO FPS CAP' version '1.0' at '..\mods\0_a_OPTION_MOD_999998013_FPS_60_cap_skipfix_remover_contents_2950845790.pak'
[Info] Root: Detected asset source named 'Optimized Weather - Frackin Universe' version '1.0' at '..\mods\999998011_Optimized_Weather_FU_contents_3078794530.pak'
[Info] Root: Detected asset source named 'Optimized Weather - Vanilla' version '1.0' at '..\mods\999998010_Optimized_Weather_Vanilla_contents_3078788080.pak'
[Info] Root: Detected asset source named 'Stop That Damn Flicker!' version 'Beta' at '..\mods\999998012_stop_flicker_fps_contents_771695952.pak'
[Info] Root: Detected asset source named 'ffxiv_viera_fucking_racist' at '..\mods\999999200_ffxiv_viera_blueprint_compat.pak'
[Info] Root: Detected asset source named 'female_overhaul' version '2026-09-29.1' at '..\mods\zz_female_overhaul.pak'
[Info] Root: Detected asset source named 'Cutebound2' version '0.99s' at '..\mods\999999900_sxb_cuter2_contents_761242493.pak'
[Info] Root: Detected asset source named 'Cuter Chucklefish' version '1.0' at '..\mods\999999900_holo_roading_contents_1662954134.pak'
[Info] Root: Detected asset source named 'captain_noble_cuter_place' version '1.0' at '..\mods\999999901_sxb_cuter_captin_contents_2961295192.pak'
[Info] Root: Detected asset source named 'RedoneEncounters' version 'v2.0.3' at '..\mods\contents_1974816168.pak'
[Info] Root: Detected asset source named 'fuck_u_trace_back' version '0.2' at '..\mods\999999980_fuck_u_trace_back.pak'
[Info] Root: Detected asset source named 'whatmenu' version '1.0' at '..\mods\999999910_whatmenu.pak'
[Info] Root: Detected asset source named 'female_translation' version '2026-09-27.2' at '..\mods\female_translation.pak'
[Info] Root: Detected asset source named 'zz_localeko_highpriority_20260927' version '2026-09-27.1' at '..\mods\zz_localeko_highpriority_20260927.pak'
[Info] Root: Detected asset source named 'zzz_diag_objdump' version '1' at '..\mods\zzz_diag_objdump'
[Info] Root: Detected unnamed asset source at '..\assets\user'
[Info] Loading assets from: '..\assets\packed.pak'
[Info] Loading assets from: '..\mods\Patch_Project_contents_1543219534.pak'
[Info] Loading assets from: '..\assets\opensb.pak'
[Info] Loading assets from: '..\mods\999998000_futara_engine_contents_2297133082.pak'
[Info] Loading assets from: '..\mods\-9998_trans_sbkor_0.98_structfix.pak'
[Info] Loading assets from: '..\mods\-9992_Parallax_fps_contents_885877773.pak'
[Info] Loading assets from: '..\mods\-9991_No_Sandstorm_contents1257128625.pak'
[Info] Loading assets from: '..\mods\-9991_weater_no_black_fall_contents_2755456682.pak'
[Info] Loading assets from: '..\mods\-9991_no_duststorm_midnight_contents_1247812383.pak'
[Info] Loading assets from: '..\mods\Stardust_Core_contents_764887546.pak'
[Info] Loading assets from: '..\mods\-9700_Elithian_contents_850109963.pak'
[Info] Loading assets from: '..\mods\contents_945707062.pak'
[Info] Loading assets from: '..\mods\contents_958539829.pak'
[Info] Loading assets from: '..\mods\contents_2601606862.pak'
[Info] Loading assets from: '..\mods\Saturnians_contents_1103027918.pak'
[Info] Loading assets from: '..\mods\contents_1371648124.pak'
[Info] Loading assets from: '..\mods\contents_1396610566.pak'
[Info] Loading assets from: '..\mods\contents_1356955138.pak'
[Info] Loading assets from: '..\mods\contents_947429656.pak'
[Info] Loading assets from: '..\mods\Extended_Story_contents_899795176.pak'
[Info] Loading assets from: '..\mods\contents_1300828186.pak'
[Info] Loading assets from: '..\mods\ffxiv_viera_contents_732276079.pak'
[Info] Loading assets from: '..\mods\Felin_contents_729429063.pak'
[Info] Loading assets from: '..\mods\contents_779096734.pak'
[Info] Loading assets from: '..\mods\contents_851781339.pak'
[Info] Loading assets from: '..\mods\contents_882900100.pak'
[Info] Loading assets from: '..\mods\FrackinUniverse_contents_729480149.pak'
[Info] Loading assets from: '..\mods\trans+Avali_contents_729558042.pak'
[Info] Loading assets from: '..\mods\More_Planet_Info_contents_1117007107.pak'
[Info] Loading assets from: '..\mods\contents_2177711780.pak'
[Info] Loading assets from: '..\mods\Bookstore_contents_1108897518.pak'
[Info] Loading assets from: '..\mods\Book_of_Spirits_2.0_compat.pak'
[Info] Loading assets from: '..\mods\contents_1761193918.pak'
[Info] Loading assets from: '..\mods\contents_3269792617.pak'
[Info] Loading assets from: '..\mods\contents_1102394541.pak'
[Info] Loading assets from: '..\mods\Project_Redemption_12.3_FU_SBKor_compat.pak'
[Info] Loading assets from: '..\mods\UnderstaffedPeacekeepers_contents_3133450581.pak'
[Info] Loading assets from: '..\mods\contents_3270016569.pak'
[Info] Loading assets from: '..\mods\-9800_radio_Meteion_holo'
[Info] Loading assets from: '..\mods\contents_3242163103.pak'
[Info] Loading assets from: '..\mods\-9000_Quest Manager Optimizer (FU)_contents_2914217512.pak'
[Info] Loading assets from: '..\mods\mechcore_contents_3371002682.pak'
[Info] Loading assets from: '..\mods\Monster_Core_contents_2442860690.pak'
[Info] Loading assets from: '..\mods\-8900_fu_blackradio_contents_2780671377.pak'
[Info] Loading assets from: '..\mods\-7000_EEs_contents_1790667104.pak'
[Info] Loading assets from: '..\mods\Futara_Shader_contents_2422986190.pak'
[Info] Loading assets from: '..\mods\-2500_trans+FFS_Feast_of_Fire_and_Smoke_heal_fix.pak'
[Info] Loading assets from: '..\mods\contents_2870027331.pak'
[Info] Loading assets from: '..\mods\Galaxy_in_Conflict_contents_2754886445.pak'
[Info] Loading assets from: '..\mods\-8999_Optimizer_contents_2777369762.pak'
[Info] Loading assets from: '..\mods\gic_4_3_compat_fixes'
[Info] Loading assets from: '..\mods\More_Teleportz_contents_1543782525.pak'
[Info] Loading assets from: '..\mods\More_Outpost_contents_1635522739.pak'
[Info] Loading assets from: '..\mods\contents_2468903056.pak'
[Info] Loading assets from: '..\mods\SxB-Relayer09.pak'
[Info] Loading assets from: '..\mods\sexbound-reborn-1.2_r3h2.pak'
[Info] Loading assets from: '..\mods\sexbound-reborn-config'
[Info] Loading assets from: '..\mods\contents_729426797.pak'
[Info] Loading assets from: '..\mods\useapexpod_v1.6_860578021.pak'
[Info] Loading assets from: '..\mods\contents_1417364378.pak'
[Info] Loading assets from: '..\mods\contents_2359135864.pak'
[Info] Loading assets from: '..\mods\om_Divine_Planet_contents_2548371664.pak'
[Info] Loading assets from: '..\mods\Enhanced_Storage_contents_731220462.pak'
[Info] Loading assets from: '..\mods\contents_2604255131.pak'
[Info] Loading assets from: '..\mods\contents_2582440502.pak'
[Info] Loading assets from: '..\mods\contents_2022935092.pak'
[Info] Loading assets from: '..\mods\Starry_Planets_contents_2157200368.pak'
[Info] Loading assets from: '..\mods\-1000_angel_contents_1686520464.pak'
[Info] Loading assets from: '..\mods\contents_2659254416.pak'
[Info] Loading assets from: '..\mods\racetrait_contents_2622273194.pak'
[Info] Loading assets from: '..\mods\usebathtubs_v1.3_862287085.pak'
[Info] Loading assets from: '..\mods\contents_2611501999.pak'
[Info] Loading assets from: '..\mods\sxb_NekiSxB.pak'
[Info] Loading assets from: '..\mods\sxb_NekiFloofSxB.pak'
[Info] Loading assets from: '..\mods\-60_sxb_Lox_AphroditesBow.pak'
[Info] Loading assets from: '..\mods\galaxy_in_conflict_coreasset_reverter_crafting'
[Info] Loading assets from: '..\mods\galaxy_in_conflict_coreasset_reverter_space'
[Info] Loading assets from: '..\mods\contents_1119086325.pak'
[Info] Loading assets from: '..\mods\contents_2966549181.pak'
[Info] Loading assets from: '..\mods\FFS_Dungeons_contents_2124858525.pak'
[Info] Loading assets from: '..\mods\FFS--Rylasasin Edition_contents_2312074020.pak'
[Info] Loading assets from: '..\mods\El_Race_fix_contents_3053738400.pak'
[Info] Loading assets from: '..\mods\contents_733968776.pak'
[Info] Loading assets from: '..\mods\contents_2123652964.pak'
[Info] Loading assets from: '..\mods\-1_sxb_Lox_OmniBrowser.pak'
[Info] Loading assets from: '..\mods\contents_2010883172.pak'
[Info] Loading assets from: '..\mods\contents_3149193954.pak'
[Info] Loading assets from: '..\mods\contents_1385230137.pak'
[Info] Loading assets from: '..\mods\trans+Stargate_Invasion_contents_1195446899.pak'
[Info] Loading assets from: '..\mods\contents_2977650123.pak'
[Info] Loading assets from: '..\mods\contents_2139248963.pak'
[Info] Loading assets from: '..\mods\GIC_BK3K_Base_Compat_contents_3700097203.pak'
[Info] Loading assets from: '..\mods\-1_sxb_lovelywhipsname.pak'
[Info] Loading assets from: '..\mods\contents_729426722.pak'
[Info] Loading assets from: '..\mods\contents_1086805718.pak'
[Info] Loading assets from: '..\mods\contents_3354788395.pak'
[Info] Loading assets from: '..\mods\Font.pak'
[Info] Loading assets from: '..\mods\No_Protectorate_Spinner_2497566233.pak'
[Info] Loading assets from: '..\mods\contents_2375908302.pak'
[Info] Loading assets from: '..\mods\sxb_Sexbound POV Avians.pak'
[Info] Loading assets from: '..\mods\zz_modfix_refs.pak'
[Info] Loading assets from: '..\mods\contents_1199608652.pak'
[Info] Loading assets from: '..\mods\contents_3299480450.pak'
[Info] Loading assets from: '..\mods\contents_1772643711.pak'
[Info] Loading assets from: '..\mods\contents_750140864.pak'
[Info] Loading assets from: '..\mods\contents_1335123569.pak'
[Info] Loading assets from: '..\mods\contents_1636723841.pak'
[Info] Loading assets from: '..\mods\contents_1218367214.pak'
[Info] Loading assets from: '..\mods\contents_2825779796.pak'
[Info] Loading assets from: '..\mods\contents_2645627882.pak'
[Info] Loading assets from: '..\mods\contents_2797892339.pak'
[Info] Loading assets from: '..\mods\contents_1598973984.pak'
[Info] Loading assets from: '..\mods\contents_730745660.pak'
[Info] Loading assets from: '..\mods\contents_1741562203.pak'
[Info] Loading assets from: '..\mods\contents_2478119400.pak'
[Info] Loading assets from: '..\mods\contents_2468895859.pak'
[Info] Loading assets from: '..\mods\contents_1114277962.pak'
[Info] Loading assets from: '..\mods\contents_2468896108.pak'
[Info] Loading assets from: '..\mods\contents_3111667255.pak'
[Info] Loading assets from: '..\mods\contents_3385966710.pak'
[Info] Loading assets from: '..\mods\contents_2983639797.pak'
[Info] Loading assets from: '..\mods\contents_3385818446.pak'
[Info] Loading assets from: '..\mods\contents_2672213160.pak'
[Info] Loading assets from: '..\mods\contents_2468896248.pak'
[Info] Loading assets from: '..\mods\Lottery_contents_1131927758.pak'
[Info] Loading assets from: '..\mods\contents_2468896437.pak'
[Info] Loading assets from: '..\mods\contents_2478120319.pak'
[Info] Loading assets from: '..\mods\Cruise_contents_1660547150.pak'
[Info] Loading assets from: '..\mods\contents_2469215698.pak'
[Info] Loading assets from: '..\mods\Anter583_contents_2144215143.pak'
[Info] Loading assets from: '..\mods\contents_2370607854.pak'
[Info] Loading assets from: '..\mods\contents_3029670850.pak'
[Info] Loading assets from: '..\mods\contents_2746439524.pak'
[Info] Loading assets from: '..\mods\contents_953251013.pak'
[Info] Loading assets from: '..\mods\contents_1115253139.pak'
[Info] Loading assets from: '..\mods\contents_1920352046.pak'
[Info] Loading assets from: '..\mods\contents_898712767.pak'
[Info] Loading assets from: '..\mods\Avali Plus_contents_1636662922.pak'
[Info] Loading assets from: '..\mods\contents_2002853135.pak'
[Info] Loading assets from: '..\mods\contents_730378641.pak'
[Info] Loading assets from: '..\mods\contents_869900472.pak'
[Info] Loading assets from: '..\mods\aval_plus_patch_contents_3049118061.pak'
[Info] Loading assets from: '..\mods\contents_2799920138.pak'
[Info] Loading assets from: '..\mods\contents_3032664993.pak'
[Info] Loading assets from: '..\mods\contents_2582464455.pak'
[Info] Loading assets from: '..\mods\contents_1185445462.pak'
[Info] Loading assets from: '..\mods\contents_1886984497.pak'
[Info] Loading assets from: '..\mods\contents_1006623185.pak'
[Info] Loading assets from: '..\mods\contents_1911595500.pak'
[Info] Loading assets from: '..\mods\contents_1109048662.pak'
[Info] Loading assets from: '..\mods\contents_2836659083.pak'
[Info] Loading assets from: '..\mods\contents_2768791657.pak'
[Info] Loading assets from: '..\mods\contents_2768796598.pak'
[Info] Loading assets from: '..\mods\contents_752112050.pak'
[Info] Loading assets from: '..\mods\contents_1133358548.pak'
[Info] Loading assets from: '..\mods\contents_853665529.pak'
[Info] Loading assets from: '..\mods\contents_3142820233.pak'
[Info] Loading assets from: '..\mods\contents_2918996204.pak'
[Info] Loading assets from: '..\mods\contents_1277619409.pak'
[Info] Loading assets from: '..\mods\contents_3062232953.pak'
[Info] Loading assets from: '..\mods\contents_2580293884.pak'
[Info] Loading assets from: '..\mods\contents_2977384255.pak'
[Info] Loading assets from: '..\mods\mech_blueprint_Anomoutpost_contents_3381267540.pak'
[Info] Loading assets from: '..\mods\contents_1627427082.pak'
[Info] Loading assets from: '..\mods\contents_3160406285.pak'
[Info] Loading assets from: '..\mods\contents_742434873.pak'
[Info] Loading assets from: '..\mods\contents_2862701014.pak'
[Info] Loading assets from: '..\mods\contents_2876233021.pak'
[Info] Loading assets from: '..\mods\contents_2871784021.pak'
[Info] Loading assets from: '..\mods\contents_2862700248.pak'
[Info] Loading assets from: '..\mods\contents_2871440361.pak'
[Info] Loading assets from: '..\mods\contents_2871781673.pak'
[Info] Loading assets from: '..\mods\contents_2862695403.pak'
[Info] Loading assets from: '..\mods\contents_2862699576.pak'
[Info] Loading assets from: '..\mods\contents_3308976351.pak'
[Info] Loading assets from: '..\mods\contents_3255373921.pak'
[Info] Loading assets from: '..\mods\contents_745519873.pak'
[Info] Loading assets from: '..\mods\contents_731044896.pak'
[Info] Loading assets from: '..\mods\contents_2265144528.pak'
[Info] Loading assets from: '..\mods\contents_729524482.pak'
[Info] Loading assets from: '..\mods\contents_2898350335.pak'
[Info] Loading assets from: '..\mods\contents_2582274902.pak'
[Info] Loading assets from: '..\mods\contents_3534582033.pak'
[Info] Loading assets from: '..\mods\StardustLibPost.pak'
[Info] Loading assets from: '..\mods\contents_1945946369.pak'
[Info] Loading assets from: '..\mods\trans+Shellguard_contents_1563376005.pak'
[Info] Loading assets from: '..\mods\contents_2820349130.pak'
[Info] Loading assets from: '..\mods\contents_731354142.pak'
[Info] Loading assets from: '..\mods\trans+dmgfix_starforge_contents_2431875552.pak'
[Info] Loading assets from: '..\mods\contents_735253889.pak'
[Info] Loading assets from: '..\mods\contents_2844996935.pak'
[Info] Loading assets from: '..\mods\contents_3130082417.pak'
[Info] Loading assets from: '..\mods\contents_2507851821.pak'
[Info] Loading assets from: '..\mods\starburst_contents_3025139283.pak'
[Info] Loading assets from: '..\mods\contents_1681880007.pak'
[Info] Loading assets from: '..\mods\contents_2010607826.pak'
[Info] Loading assets from: '..\mods\contents_2765094668.pak'
[Info] Loading assets from: '..\mods\contents_1469379049.pak'
[Info] Loading assets from: '..\mods\contents_1312619566.pak'
[Info] Loading assets from: '..\mods\contents_931757634.pak'
[Info] Loading assets from: '..\mods\contents_935934101.pak'
[Info] Loading assets from: '..\mods\contents_973424307.pak'
[Info] Loading assets from: '..\mods\contents_1386367471.pak'
[Info] Loading assets from: '..\mods\contents_1772846135.pak'
[Info] Loading assets from: '..\mods\contents_810113582.pak'
[Info] Loading assets from: '..\mods\contents_1447060281.pak'
[Info] Loading assets from: '..\mods\contents_872296411.pak'
[Info] Loading assets from: '..\mods\contents_2409538486.pak'
[Info] Loading assets from: '..\mods\contents_3293208013.pak'
[Info] Loading assets from: '..\mods\contents_3219773602.pak'
[Info] Loading assets from: '..\mods\contents_730353842.pak'
[Info] Loading assets from: '..\mods\HLib_contents_1189065705.pak'
[Info] Loading assets from: '..\mods\HLibPlus_contents_2919826588.pak'
[Info] Loading assets from: '..\mods\contents_946227505.pak'
[Info] Loading assets from: '..\mods\contents_2919830263.pak'
[Info] Loading assets from: '..\mods\contents_2920038488.pak'
[Info] Loading assets from: '..\mods\contents_2920040002.pak'
[Info] Loading assets from: '..\mods\contents_2920043112.pak'
[Info] Loading assets from: '..\mods\contents_2919848208.pak'
[Info] Loading assets from: '..\mods\contents_2920554397.pak'
[Info] Loading assets from: '..\mods\contents_2920282729.pak'
[Info] Loading assets from: '..\mods\contents_2920283346.pak'
[Info] Loading assets from: '..\mods\contents_2920301629.pak'
[Info] Loading assets from: '..\mods\contents_2920301924.pak'
[Info] Loading assets from: '..\mods\contents_2920302042.pak'
[Info] Loading assets from: '..\mods\contents_2920302226.pak'
[Info] Loading assets from: '..\mods\contents_2920302544.pak'
[Info] Loading assets from: '..\mods\contents_2920302972.pak'
[Info] Loading assets from: '..\mods\contents_2920303062.pak'
[Info] Loading assets from: '..\mods\contents_729746228.pak'
[Info] Loading assets from: '..\mods\contents_2694383533.pak'
[Info] Loading assets from: '..\mods\contents_2585848460.pak'
[Info] Loading assets from: '..\mods\contents_3200546118.pak'
[Info] Loading assets from: '..\mods\contents_1722987773.pak'
[Info] Loading assets from: '..\mods\contents_2439342862.pak'
[Info] Loading assets from: '..\mods\contents_2311446973.pak'
[Info] Loading assets from: '..\mods\contents_3009306245.pak'
[Info] Loading assets from: '..\mods\contents_2882305339.pak'
[Info] Loading assets from: '..\mods\contents_2314946092.pak'
[Info] Loading assets from: '..\mods\contents_2070856005.pak'
[Info] Loading assets from: '..\mods\contents_1987992979.pak'
[Info] Loading assets from: '..\mods\contents_2992799707.pak'
[Info] Loading assets from: '..\mods\contents_3008930556.pak'
[Info] Loading assets from: '..\mods\contents_3019188957.pak'
[Info] Loading assets from: '..\mods\contents_776078387.pak'
[Info] Loading assets from: '..\mods\contents_1103569914.pak'
[Info] Loading assets from: '..\mods\contents_3014317291.pak'
[Info] Loading assets from: '..\mods\contents_3010955719.pak'
[Info] Loading assets from: '..\mods\contents_3166608545.pak'
[Info] Loading assets from: '..\mods\contents_1429652829.pak'
[Info] Loading assets from: '..\mods\contents_1841301309.pak'
[Info] Loading assets from: '..\mods\contents_731465268.pak'
[Info] Loading assets from: '..\mods\contents_2965496406.pak'
[Info] Loading assets from: '..\mods\contents_1645857629.pak'
[Info] Loading assets from: '..\mods\contents_3356730157.pak'
[Info] Loading assets from: '..\mods\contents_1643826709.pak'
[Info] Loading assets from: '..\mods\contents_1643716707.pak'
[Info] Loading assets from: '..\mods\contents_1523349276.pak'
[Info] Loading assets from: '..\mods\contents_2428588507.pak'
[Info] Loading assets from: '..\mods\contents_730852387.pak'
[Info] Loading assets from: '..\mods\contents_749386227.pak'
[Info] Loading assets from: '..\mods\contents_749382770.pak'
[Info] Loading assets from: '..\mods\contents_746884345.pak'
[Info] Loading assets from: '..\mods\contents_3109616623.pak'
[Info] Loading assets from: '..\mods\contents_2834085966.pak'
[Info] Loading assets from: '..\mods\enemy_mech_contents_3390666416.pak'
[Info] Loading assets from: '..\mods\FFS_Dungeon_Tweaks_contents_2834081743.pak'
[Info] Loading assets from: '..\mods\contents_1236040332.pak'
[Info] Loading assets from: '..\mods\contents_2875152120.pak'
[Info] Loading assets from: '..\mods\contents_2052758462.pak'
[Info] Loading assets from: '..\mods\contents_2295152742.pak'
[Info] Loading assets from: '..\mods\contents_2287046122.pak'
[Info] Loading assets from: '..\mods\contents_1999869786.pak'
[Info] Loading assets from: '..\mods\contents_1686763043.pak'
[Info] Loading assets from: '..\mods\FU_KO_contents_3166424163.pak'
[Info] Loading assets from: '..\mods\contents_2661151311.pak'
[Info] Loading assets from: '..\mods\contents_2797442567.pak'
[Info] Loading assets from: '..\mods\contents_2677134074.pak'
[Info] Loading assets from: '..\mods\contents_2881835252.pak'
[Info] Loading assets from: '..\mods\Fetish Stuff 2.0.0'
[Info] Loading assets from: '..\mods\contents_1726500697.pak'
[Info] Loading assets from: '..\mods\contents_731549837.pak'
[Info] Loading assets from: '..\mods\contents_1119973779.pak'
[Info] Loading assets from: '..\mods\contents_907927613.pak'
[Info] Loading assets from: '..\mods\contents_2900206734.pak'
[Info] Loading assets from: '..\mods\contents_3071398361.pak'
[Info] Loading assets from: '..\mods\contents_2845911688.pak'
[Info] Loading assets from: '..\mods\contents_2983327908.pak'
[Info] Loading assets from: '..\mods\contents_2875590555.pak'
[Info] Loading assets from: '..\mods\contents_1799854324.pak'
[Info] Loading assets from: '..\mods\contents_1165677332.pak'
[Info] Loading assets from: '..\mods\contents_2628213443.pak'
[Info] Loading assets from: '..\mods\contents_2628218117.pak'
[Info] Loading assets from: '..\mods\contents_2628222548.pak'
[Info] Loading assets from: '..\mods\contents_2740611866.pak'
[Info] Loading assets from: '..\mods\contents_952424668.pak'
[Info] Loading assets from: '..\mods\contents_3037288458.pak'
[Info] Loading assets from: '..\mods\contents_2980583814.pak'
[Info] Loading assets from: '..\mods\contents_2754895866.pak'
[Info] Loading assets from: '..\mods\contents_753833699.pak'
[Info] Loading assets from: '..\mods\contents_2983581962.pak'
[Info] Loading assets from: '..\mods\contents_1889721468.pak'
[Info] Loading assets from: '..\mods\contents_1612579544.pak'
[Info] Loading assets from: '..\mods\contents_3193965118.pak'
[Info] Loading assets from: '..\mods\contents_1666272764.pak'
[Info] Loading assets from: '..\mods\contents_965461640.pak'
[Info] Loading assets from: '..\mods\contents_1296666565.pak'
[Info] Loading assets from: '..\mods\contents_1482174649.pak'
[Info] Loading assets from: '..\mods\contents_1114865340.pak'
[Info] Loading assets from: '..\mods\contents_3036699000.pak'
[Info] Loading assets from: '..\mods\contents_2408540180.pak'
[Info] Loading assets from: '..\mods\contents_960708990.pak'
[Info] Loading assets from: '..\mods\contents_742893572.pak'
[Info] Loading assets from: '..\mods\contents_731489261.pak'
[Info] Loading assets from: '..\mods\contents_1501869759.pak'
[Info] Loading assets from: '..\mods\contents_2773001691.pak'
[Info] Loading assets from: '..\mods\contents_2830836086.pak'
[Info] Loading assets from: '..\mods\contents_771819285.pak'
[Info] Loading assets from: '..\mods\useuprighttorturebed_v1.0_1334165490.pak'
[Info] Loading assets from: '..\mods\item_filter_yellow_contents_1814789921.pak'
[Info] Loading assets from: '..\mods\contents_1774272492.pak'
[Info] Loading assets from: '..\mods\contents_735568821.pak'
[Info] Loading assets from: '..\mods\contents_1683606374.pak'
[Info] Loading assets from: '..\mods\contents_2182583592.pak'
[Info] Loading assets from: '..\mods\contents_1468297293.pak'
[Info] Loading assets from: '..\mods\contents_2554353548.pak'
[Info] Loading assets from: '..\mods\contents_731035127.pak'
[Info] Loading assets from: '..\mods\contents_2882514643.pak'
[Info] Loading assets from: '..\mods\contents_2380700372.pak'
[Info] Loading assets from: '..\mods\contents_2960006717.pak'
[Info] Loading assets from: '..\mods\contents_832872255.pak'
[Info] Loading assets from: '..\mods\contents_2232650711.pak'
[Info] Loading assets from: '..\mods\contents_2232652761.pak'
[Info] Loading assets from: '..\mods\contents_2823524841.pak'
[Info] Loading assets from: '..\mods\contents_3299480629.pak'
[Info] Loading assets from: '..\mods\contents_3165005488.pak'
[Info] Loading assets from: '..\mods\contents_3204590896.pak'
[Info] Loading assets from: '..\mods\contents_2678547138.pak'
[Info] Loading assets from: '..\mods\contents_3024829105.pak'
[Info] Loading assets from: '..\mods\contents_2957477338.pak'
[Info] Loading assets from: '..\mods\contents_1327702382.pak'
[Info] Loading assets from: '..\mods\contents_1116097274.pak'
[Info] Loading assets from: '..\mods\contents_2816710537.pak'
[Info] Loading assets from: '..\mods\contents_736061228.pak'
[Info] Loading assets from: '..\mods\contents_2067524656.pak'
[Info] Loading assets from: '..\mods\contents_2740063170.pak'
[Info] Loading assets from: '..\mods\contents_2771117582.pak'
[Info] Loading assets from: '..\mods\contents_2778441214.pak'
[Info] Loading assets from: '..\mods\contents_2753663754.pak'
[Info] Loading assets from: '..\mods\contents_735909966.pak'
[Info] Loading assets from: '..\mods\contents_1428547342.pak'
[Info] Loading assets from: '..\mods\contents_737195784.pak'
[Info] Loading assets from: '..\mods\contents_736752766.pak'
[Info] Loading assets from: '..\mods\contents_2835491179.pak'
[Info] Loading assets from: '..\mods\contents_2835549767.pak'
[Info] Loading assets from: '..\mods\contents_2835498895.pak'
[Info] Loading assets from: '..\mods\contents_2965482743.pak'
[Info] Loading assets from: '..\mods\contents_1639501560.pak'
[Info] Loading assets from: '..\mods\contents_1733755757.pak'
[Info] Loading assets from: '..\mods\contents_2071883876.pak'
[Info] Loading assets from: '..\mods\contents_1938886559.pak'
[Info] Loading assets from: '..\mods\contents_2018183533.pak'
[Info] Loading assets from: '..\mods\Enternia_contents_2006558650.pak'
[Info] Loading assets from: '..\mods\contents_1700512569.pak'
[Info] Loading assets from: '..\mods\contents_3278292921.pak'
[Info] Loading assets from: '..\mods\NonEKI_9_FU_compat.pak'
[Info] Loading assets from: '..\mods\contents_3310130960.pak'
[Info] Loading assets from: '..\mods\nenEKI_Station_contents_3344198231.pak'
[Info] Loading assets from: '..\mods\contents_3359876550.pak'
[Info] Loading assets from: '..\mods\contents_3277624648.pak'
[Info] Loading assets from: '..\mods\contents_3287628601.pak'
[Info] Loading assets from: '..\mods\contents_2942998673.pak'
[Info] Loading assets from: '..\mods\contents_2958989874.pak'
[Info] Loading assets from: '..\mods\contents_3181091861.pak'
[Info] Loading assets from: '..\mods\contents_2716757438.pak'
[Info] Loading assets from: '..\mods\contents_2976098002.pak'
[Info] Loading assets from: '..\mods\contents_2632319634.pak'
[Info] Loading assets from: '..\mods\contents_2720293579.pak'
[Info] Loading assets from: '..\mods\contents_3095436865.pak'
[Info] Loading assets from: '..\mods\contents_1500761263.pak'
[Info] Loading assets from: '..\mods\contents_2433914920.pak'
[Info] Loading assets from: '..\mods\contents_2510413988.pak'
[Info] Loading assets from: '..\mods\Less_Annoying_Weather_rev1_compat.pak'
[Info] Loading assets from: '..\mods\contents_1240540230.pak'
[Info] Loading assets from: '..\mods\contents_2045136368.pak'
[Info] Loading assets from: '..\mods\contents_895140470.pak'
[Info] Loading assets from: '..\mods\contents_729626550.pak'
[Info] Loading assets from: '..\mods\contents_730360251.pak'
[Info] Loading assets from: '..\mods\contents_1174122487.pak'
[Info] Loading assets from: '..\mods\contents_3208283582.pak'
[Info] Loading assets from: '..\mods\contents_2622367894.pak'
[Info] Loading assets from: '..\mods\contents_784179199.pak'
[Info] Loading assets from: '..\mods\contents_1826459917.pak'
[Info] Loading assets from: '..\mods\contents_2593744603.pak'
[Info] Loading assets from: '..\mods\contents_2612885673.pak'
[Info] Loading assets from: '..\mods\contents_3126098974.pak'
[Info] Loading assets from: '..\mods\contents_2811708018.pak'
[Info] Loading assets from: '..\mods\contents_1239952506.pak'
[Info] Loading assets from: '..\mods\contents_3093874669.pak'
[Info] Loading assets from: '..\mods\contents_2061053988.pak'
[Info] Loading assets from: '..\mods\contents_1145193933.pak'
[Info] Loading assets from: '..\mods\contents_2608061089.pak'
[Info] Loading assets from: '..\mods\contents_3318166719.pak'
[Info] Loading assets from: '..\mods\contents_2593214277.pak'
[Info] Loading assets from: '..\mods\contents_1508762885.pak'
[Info] Loading assets from: '..\mods\contents_2001156040.pak'
[Info] Loading assets from: '..\mods\RPG_contents_1115920474.pak'
[Info] Loading assets from: '..\mods\contents_2931114055.pak'
[Info] Loading assets from: '..\mods\contents_2893719979.pak'
[Info] Loading assets from: '..\mods\RemixedStarNames_2986660950.pak'
[Info] Loading assets from: '..\mods\contents_1792129883.pak'
[Info] Loading assets from: '..\mods\contents_2725667743.pak'
[Info] Loading assets from: '..\mods\contents_2913433210.pak'
[Info] Loading assets from: '..\mods\contents_2172987468.pak'
[Info] Loading assets from: '..\mods\contents_2571698194.pak'
[Info] Loading assets from: '..\mods\contents_2979678524.pak'
[Info] Loading assets from: '..\mods\contents_2785206166.pak'
[Info] Loading assets from: '..\mods\contents_3166567877.pak'
[Info] Loading assets from: '..\mods\contents_3166606156.pak'
[Info] Loading assets from: '..\mods\contents_1394106904.pak'
[Info] Loading assets from: '..\mods\contents_2902710950.pak'
[Info] Loading assets from: '..\mods\contents_2463780108.pak'
[Info] Loading assets from: '..\mods\starvisuals_contents_3322797618.pak'
[Info] Loading assets from: '..\mods\contents_2195702875.pak'
[Info] Loading assets from: '..\mods\contents_1367444689.pak'
[Info] Loading assets from: '..\mods\contents_1857537129.pak'
[Info] Loading assets from: '..\mods\contents_1479985478.pak'
[Info] Loading assets from: '..\mods\contents_2921688761.pak'
[Info] Loading assets from: '..\mods\sxb_TTPPv27MR.pak'
[Info] Loading assets from: '..\mods\contents_736040778.pak'
[Info] Loading assets from: '..\mods\PRxCW_compat.pak'
[Info] Loading assets from: '..\mods\Black_Armory_4.2.5_FU_NEKI_compat.pak'
[Info] Loading assets from: '..\mods\Tile_Tweaks_contents_1483622891.pak'
[Info] Loading assets from: '..\mods\contents_1487455404.pak'
[Info] Loading assets from: '..\mods\contents_1178310549.pak'
[Info] Loading assets from: '..\mods\barrel_boom_Enhanced_Storage_contents_2510776866.pak'
[Info] Loading assets from: '..\mods\osb_food_stack_contents_3301942276.pak'
[Info] Loading assets from: '..\mods\contents_2221185460.pak'
[Info] Loading assets from: '..\mods\contents_2973603646.pak'
[Info] Loading assets from: '..\mods\contents_733212338.pak'
[Info] Loading assets from: '..\mods\contents_2520304930.pak'
[Info] Loading assets from: '..\mods\voided_contents_2822921122.pak'
[Info] Loading assets from: '..\mods\contents_3077933615.pak'
[Info] Loading assets from: '..\mods\contents_2785129570.pak'
[Info] Loading assets from: '..\mods\contents_924665383.pak'
[Info] Loading assets from: '..\mods\contents_1137228707.pak'
[Info] Loading assets from: '..\mods\contents_2894145647.pak'
[Info] Loading assets from: '..\mods\contents_2141182021.pak'
[Info] Loading assets from: '..\mods\contents_1764356080.pak'
[Info] Loading assets from: '..\mods\workingshower_v1.1_894901052.pak'
[Info] Loading assets from: '..\mods\contents_2855692046.pak'
[Info] Loading assets from: '..\mods\loadtime_2302257069.pak'
[Info] Loading assets from: '..\mods\lagless_printer_contents_3003880924.pak'
[Info] Loading assets from: '..\mods\contents_2967291460.pak'
[Info] Loading assets from: '..\mods\contents_3034913399.pak'
[Info] Loading assets from: '..\mods\contents_2601315924.pak'
[Info] Loading assets from: '..\mods\All_Items_Stack_contents_3370469697.pak'
[Info] Loading assets from: '..\mods\Quick_Commands_contents_3145473452.pak'
[Info] Loading assets from: '..\mods\contents_2375270402.pak'
[Info] Loading assets from: '..\mods\contents_1538589010.pak'
[Info] Loading assets from: '..\mods\Tooltip_Fix_contents_3355387636.pak'
[Info] Loading assets from: '..\mods\contents_2387099956.pak'
[Info] Loading assets from: '..\mods\contents_1802500596.pak'
[Info] Loading assets from: '..\mods\contents_2396110695.pak'
[Info] Loading assets from: '..\mods\contents_943636021.pak'
[Info] Loading assets from: '..\mods\contents_943651005.pak'
[Info] Loading assets from: '..\mods\contents_943659349.pak'
[Info] Loading assets from: '..\mods\contents_943655618.pak'
[Info] Loading assets from: '..\mods\contents_943794573.pak'
[Info] Loading assets from: '..\mods\contents_943793477.pak'
[Info] Loading assets from: '..\mods\contents_943657010.pak'
[Info] Loading assets from: '..\mods\contents_943658087.pak'
[Info] Loading assets from: '..\mods\contents_943792285.pak'
[Info] Loading assets from: '..\mods\Project_45_contents_3117517322.pak'
[Info] Loading assets from: '..\mods\contents_2428616454.pak'
[Info] Loading assets from: '..\mods\contents_2924963711.pak'
[Info] Loading assets from: '..\mods\contents_3166013233.pak'
[Info] Loading assets from: '..\mods\contents_2601511795.pak'
[Info] Loading assets from: '..\mods\contents_1258008544.pak'
[Info] Loading assets from: '..\mods\contents_2982938140.pak'
[Info] Loading assets from: '..\mods\contents_1923768422.pak'
[Info] Loading assets from: '..\mods\contents_729599895.pak'
[Info] Loading assets from: '..\mods\contents_2938914405.pak'
[Info] Loading assets from: '..\mods\contents_1394999146.pak'
[Info] Loading assets from: '..\mods\contents_1807455828.pak'
[Info] Loading assets from: '..\mods\inventory180_contents_1410562400.pak'
[Info] Loading assets from: '..\mods\bd_hpbar_fix_contents_2225813517.pak'
[Info] Loading assets from: '..\mods\bd_player_bar_contents_2437888263.pak'
[Info] Loading assets from: '..\mods\BL3_Clean_Texture_contents_2229880801.pak'
[Info] Loading assets from: '..\mods\BL3_Shellguard_Addon_contents_2225814372.pak'
[Info] Loading assets from: '..\mods\player_bar_type_contents_3394719204.pak'
[Info] Loading assets from: '..\mods\contents_773691656.pak'
[Info] Loading assets from: '..\mods\contents_2167914507.pak'
[Info] Loading assets from: '..\mods\contents_1142579300.pak'
[Info] Loading assets from: '..\mods\contents_1932122417.pak'
[Info] Loading assets from: '..\mods\contents_2497254778.pak'
[Info] Loading assets from: '..\mods\contents_2781791650.pak'
[Info] Loading assets from: '..\mods\contents_2611495531.pak'
[Info] Loading assets from: '..\mods\Craftable_Seeds_Avali_1.0_compat.pak'
[Info] Loading assets from: '..\mods\contents_1434229372.pak'
[Info] Loading assets from: '..\mods\Craftable_Seeds_FU_1.1_compat.pak'
[Info] Loading assets from: '..\mods\contents_961347741.pak'
[Info] Loading assets from: '..\mods\contents_3301329391.pak'
[Info] Loading assets from: '..\mods\contents_2420830786.pak'
[Info] Loading assets from: '..\mods\contents_2760708749.pak'
[Info] Loading assets from: '..\mods\contents_2421829571.pak'
[Info] Loading assets from: '..\mods\contents_2187004982.pak'
[Info] Loading assets from: '..\mods\contents_2194900256.pak'
[Info] Loading assets from: '..\mods\contents_879789773.pak'
[Info] Loading assets from: '..\mods\contents_3009820691.pak'
[Info] Loading assets from: '..\mods\contents_954995970.pak'
[Info] Loading assets from: '..\mods\contents_2760361822.pak'
[Info] Loading assets from: '..\mods\contents_1733089348.pak'
[Info] Loading assets from: '..\mods\contents_3118274689.pak'
[Info] Loading assets from: '..\mods\contents_1433991809.pak'
[Info] Loading assets from: '..\mods\contents_2143587500.pak'
[Info] Loading assets from: '..\mods\contents_2938898485.pak'
[Info] Loading assets from: '..\mods\contents_729429377.pak'
[Info] Loading assets from: '..\mods\contents_732985336.pak'
[Info] Loading assets from: '..\mods\contents_2373148549.pak'
[Info] Loading assets from: '..\mods\ffXIV_Furniture_contents_2294792156.pak'
[Info] Loading assets from: '..\mods\drx_fix_npc_protect_quest_2440281893.pak'
[Info] Loading assets from: '..\mods\food_bar_contents_1099450875.pak'
[Info] Loading assets from: '..\mods\contents_3321953346.pak'
[Info] Loading assets from: '..\mods\contents_2348968660.pak'
[Info] Loading assets from: '..\mods\contents_2402909895.pak'
[Info] Loading assets from: '..\mods\contents_2576946364.pak'
[Info] Loading assets from: '..\mods\contents_1566201532.pak'
[Info] Loading assets from: '..\mods\contents_1432794738.pak'
[Info] Loading assets from: '..\mods\contents_1432556830.pak'
[Info] Loading assets from: '..\mods\contents_874199496.pak'
[Info] Loading assets from: '..\mods\contents_889490070.pak'
[Info] Loading assets from: '..\mods\galaxy_in_conflict_fu_progression_patch'
[Info] Loading assets from: '..\mods\contents_3117942107.pak'
[Info] Loading assets from: '..\mods\contents_2916463190.pak'
[Info] Loading assets from: '..\mods\contents_2478011034.pak'
[Info] Loading assets from: '..\mods\contents_2774848292.pak'
[Info] Loading assets from: '..\mods\contents_2646673935.pak'
[Info] Loading assets from: '..\mods\contents_1519251821.pak'
[Info] Loading assets from: '..\mods\contents_2329520812.pak'
[Info] Loading assets from: '..\mods\contents_2032882095.pak'
[Info] Loading assets from: '..\mods\spookit_knockback_contents_3371072235.pak'
[Info] Loading assets from: '..\mods\contents_3373211265.pak'
[Info] Loading assets from: '..\mods\contents_2981084223.pak'
[Info] Loading assets from: '..\mods\0_sxb_lox_statueofdibella.pak'
[Info] Loading assets from: '..\mods\LR_dynamic_contents_3400223391.pak'
[Info] Loading assets from: '..\mods\contents_2755769172.pak'
[Info] Loading assets from: '..\mods\contents_2980872125.pak'
[Info] Loading assets from: '..\mods\contents_2755769572.pak'
[Info] Loading assets from: '..\mods\contents_2755770105.pak'
[Info] Loading assets from: '..\mods\mecharmor_contents_3385421174.pak'
[Info] Loading assets from: '..\mods\mech_hitbox_contents_3385308492.pak'
[Info] Loading assets from: '..\mods\contents_2751503410.pak'
[Info] Loading assets from: '..\mods\contents_817468961.pak'
[Info] Loading assets from: '..\mods\contents_1593802400.pak'
[Info] Loading assets from: '..\mods\missing_physic_contents_3014571970.pak'
[Info] Loading assets from: '..\mods\contents_2885561253.pak'
[Info] Loading assets from: '..\mods\contents_1390490083.pak'
[Info] Loading assets from: '..\mods\contents_2704778060.pak'
[Info] Loading assets from: '..\mods\contents_2647014626.pak'
[Info] Loading assets from: '..\mods\contents_2003959183.pak'
[Info] Loading assets from: '..\mods\contents_3289772696.pak'
[Info] Loading assets from: '..\mods\contents_2661670128.pak'
[Info] Loading assets from: '..\mods\contents_2672162514.pak'
[Info] Loading assets from: '..\mods\contents_2768649963.pak'
[Info] Loading assets from: '..\mods\contents_2698975190.pak'
[Info] Loading assets from: '..\mods\contents_3222936740.pak'
[Info] Loading assets from: '..\mods\999999100_pixels_death_contents_3350355857.pak'
[Info] Loading assets from: '..\mods\contents_2957136802.pak'
[Info] Loading assets from: '..\mods\contents_2962464896.pak'
[Info] Loading assets from: '..\mods\contents_2776815088.pak'
[Info] Loading assets from: '..\mods\SaveInventoryPosition_contents_3331093074.pak'
[Info] Loading assets from: '..\mods\contents_2848049388.pak'
[Info] Loading assets from: '..\mods\contents_2920684844.pak'
[Info] Loading assets from: '..\mods\contents_1558104990.pak'
[Info] Loading assets from: '..\mods\contents_3046915477.pak'
[Info] Loading assets from: '..\mods\contents_1253782150.pak'
[Info] Loading assets from: '..\mods\contents_2959854988.pak'
[Info] Loading assets from: '..\mods\contents_2607069863.pak'
[Info] Loading assets from: '..\mods\contents_2828324239.pak'
[Info] Loading assets from: '..\mods\contents_2605267672.pak'
[Info] Loading assets from: '..\mods\contents_2821879793.pak'
[Info] Loading assets from: '..\mods\contents_2864852527.pak'
[Info] Loading assets from: '..\mods\contents_1926211048.pak'
[Info] Loading assets from: '..\mods\contents_2858362793.pak'
[Info] Loading assets from: '..\mods\contents_1627057511.pak'
[Info] Loading assets from: '..\mods\contents_3223894534.pak'
[Info] Loading assets from: '..\mods\contents_2193593073.pak'
[Info] Loading assets from: '..\mods\contents_1698045793.pak'
[Info] Loading assets from: '..\mods\contents_2375350009.pak'
[Info] Loading assets from: '..\mods\contents_2237446179.pak'
[Info] Loading assets from: '..\mods\contents_1987370505.pak'
[Info] Loading assets from: '..\mods\0_sxb_sexbound_kitsunerace.pak'
[Info] Loading assets from: '..\mods\SxB - Teratophilia 0.4.8.pak'
[Info] Loading assets from: '..\mods\contents_732371478.pak'
[Info] Loading assets from: '..\mods\size_work_contents_3218820111.pak'
[Info] Loading assets from: '..\mods\size_vanilla_contents_3218826863.pak'
[Info] Loading assets from: '..\mods\size_stat_contents_3218827753.pak'
[Info] Loading assets from: '..\mods\contents_3140827067.pak'
[Info] Loading assets from: '..\mods\contents_962379099.pak'
[Info] Loading assets from: '..\mods\Stardust_Monster_Core_contents_2690363974.pak'
[Info] Loading assets from: '..\mods\contents_2876250988.pak'
[Info] Loading assets from: '..\mods\contents_2936613366.pak'
[Info] Loading assets from: '..\mods\contents_1142523872.pak'
[Info] Loading assets from: '..\mods\contents_1723934741.pak'
[Info] Loading assets from: '..\mods\contents_838356389.pak'
[Info] Loading assets from: '..\mods\terraliblite_contents_2230165463.pak'
[Info] Loading assets from: '..\mods\terralib_contents_2230165463.pak'
[Info] Loading assets from: '..\mods\contents_1697042019.pak'
[Info] Loading assets from: '..\mods\contents_1968871907.pak'
[Info] Loading assets from: '..\mods\contents_2210878914.pak'
[Info] Loading assets from: '..\mods\contents_1529649528.pak'
[Info] Loading assets from: '..\mods\contents_1568971442.pak'
[Info] Loading assets from: '..\mods\contents_1422582678.pak'
[Info] Loading assets from: '..\mods\contents_1321934117.pak'
[Info] Loading assets from: '..\mods\contents_2149802085.pak'
[Info] Loading assets from: '..\mods\contents_2925061852.pak'
[Info] Loading assets from: '..\mods\wormlib_contents_2230165463.pak'
[Info] Loading assets from: '..\mods\contents_744621236.pak'
[Info] Loading assets from: '..\mods\Place_Blocks_Anywhere_contents_2123363543.pak'
[Info] Loading assets from: '..\mods\contents_1788644520.pak'
[Info] Loading assets from: '..\mods\Galactic_Dungeons_contents_2009744270.pak'
[Info] Loading assets from: '..\mods\contents_2010914574.pak'
[Info] Loading assets from: '..\mods\contents_2974524803.pak'
[Info] Loading assets from: '..\mods\contents_2798757981.pak'
[Info] Loading assets from: '..\mods\content_823008631.pak'
[Info] Loading assets from: '..\mods\contents_2882304309.pak'
[Info] Loading assets from: '..\mods\contents_2882305990.pak'
[Info] Loading assets from: '..\mods\contents_2170995740.pak'
[Info] Loading assets from: '..\mods\contents_3058028748.pak'
[Info] Loading assets from: '..\mods\contents_2656849369.pak'
[Info] Loading assets from: '..\mods\contents_3195444456.pak'
[Info] Loading assets from: '..\mods\contents_3277732237.pak'
[Info] Loading assets from: '..\mods\contents_3277732919.pak'
[Info] Loading assets from: '..\mods\contents_2212179822.pak'
[Info] Loading assets from: '..\mods\contents_2173629563.pak'
[Info] Loading assets from: '..\mods\contents_1411331676.pak'
[Info] Loading assets from: '..\mods\contents_2818770472.pak'
[Info] Loading assets from: '..\mods\contents_3030902631.pak'
[Info] Loading assets from: '..\mods\contents_3164757879.pak'
[Info] Loading assets from: '..\mods\contents_3030900103.pak'
[Info] Loading assets from: '..\mods\Tougher_Mobs_1.11.5.2_compat.pak'
[Info] Loading assets from: '..\mods\nmm_Vanilla_Tweaks_contents_3175132253.pak'
[Info] Loading assets from: '..\mods\contents_1628020624.pak'
[Info] Loading assets from: '..\mods\contents_1096159903.pak'
[Info] Loading assets from: '..\mods\5_sxb_Throwing Heart 2.2.pak'
[Info] Loading assets from: '..\mods\contents_2900609045.pak'
[Info] Loading assets from: '..\mods\10_sxb_Lox_Maid4U.pak'
[Info] Loading assets from: '..\mods\contents_751868467.pak'
[Info] Loading assets from: '..\mods\Better_Icons_contents_1642552023.pak'
[Info] Loading assets from: '..\mods\10_sxb_lox_gofuckyourself.pak'
[Info] Loading assets from: '..\mods\contents_2884298247.pak'
[Info] Loading assets from: '..\mods\10_sxb_Sexbound-Globaura-2.1.pak'
[Info] Loading assets from: '..\mods\contents_3293271257.pak'
[Info] Loading assets from: '..\mods\contents_3030908648.pak'
[Info] Loading assets from: '..\mods\contents_2735634052.pak'
[Info] Loading assets from: '..\mods\contents_2980863873.pak'
[Info] Loading assets from: '..\mods\contents_3019677199.pak'
[Info] Loading assets from: '..\mods\contents_2865310071.pak'
[Info] Loading assets from: '..\mods\20_sxb_Lewdbound_0.7.0_compat.pak'
[Info] Loading assets from: '..\mods\20_sxb_SexBound_Cuter_Felin.pak'
[Info] Loading assets from: '..\mods\sxb_Sexbound_GiC.pak'
[Info] Loading assets from: '..\mods\20_sxb_Sexbound-Race-Avali0.3.2.src.pak'
[Info] Loading assets from: '..\mods\20_sxb_Sexbound_Kemono.pak'
[Info] Loading assets from: '..\mods\20_sxb_Sexbound_Lucario.pak'
[Info] Loading assets from: '..\mods\contents_2553602050.pak'
[Info] Loading assets from: '..\mods\SxB-Races_Viera_v3.0.pak'
[Info] Loading assets from: '..\mods\20_sxb_kawaiistuffsupports.pak'
[Info] Loading assets from: '..\mods\contents_956247051.pak'
[Info] Loading assets from: '..\mods\20_sxb_Sexbound_Kitsune_Moans_Support.pak'
[Info] Loading assets from: '..\mods\SxB-Lamia.pak'
[Info] Loading assets from: '..\mods\20_sxb_sexbound_arcanaraces.pak'
[Info] Loading assets from: '..\mods\25_sxb_CleanMattresses.pak'
[Info] Loading assets from: '..\mods\contents_2172686376.pak'
[Info] Loading assets from: '..\mods\contents_2019615016.pak'
[Info] Loading assets from: '..\mods\contents_2019615322.pak'
[Info] Loading assets from: '..\mods\contents_2018986916.pak'
[Info] Loading assets from: '..\mods\contents_1969427709.pak'
[Info] Loading assets from: '..\mods\contents_3030903277.pak'
[Info] Loading assets from: '..\mods\SxB-POV_Redux_masterbate_420.pak'
[Info] Loading assets from: '..\mods\contents_3298510103.pak'
[Info] Loading assets from: '..\mods\vanila_boss_hpdmg_contents_3333222908.pak'
[Info] Loading assets from: '..\mods\contents_892426652.pak'
[Info] Loading assets from: '..\mods\99_sxb_brothel.pak'
[Info] Loading assets from: '..\mods\contents_2826222679.pak'
[Info] Loading assets from: '..\mods\100_skip_warp_contents_3354114852.pak'
[Info] Loading assets from: '..\mods\sxb_TTPPv2.pak'
[Info] Loading assets from: '..\mods\Enhanced_Elemental_Effects_contents_3011438445.pak'
[Info] Loading assets from: '..\mods\fu_copperarmor_price_fix'
[Info] Loading assets from: '..\mods\100_sxb_fuchsia_returns.pak'
[Info] Loading assets from: '..\mods\contents_3037236777.pak'
[Info] Loading assets from: '..\mods\contents_3374297401.pak'
[Info] Loading assets from: '..\mods\sxbEBsTerramonsRework1.1.4.pak'
[Info] Loading assets from: '..\mods\100_sxb_sexbound_sexobject_felinholo.pak'
[Info] Loading assets from: '..\mods\sxb_TTPP_Cutebound.pak'
[Info] Loading assets from: '..\mods\101_sxb_TTPP_MPI_patch.pak'
[Info] Loading assets from: '..\mods\101_sxb_sexbound_cb.pak'
[Info] Loading assets from: '..\mods\102_SxB-Lucario_POV_Addon.pak'
[Info] Loading assets from: '..\mods\210_sxb_lustbound_aphroditesbow.pak'
[Info] Loading assets from: '..\mods\211_sxb_lustbound_omnibrowser.pak'
[Info] Loading assets from: '..\mods\211_sxb_lustbound_omnibrowser_unclog.pak'
[Info] Loading assets from: '..\mods\220_sxb_lustbound_friskyfelin.pak'
[Info] Loading assets from: '..\mods\220_sxb_lustbound_globaura.pak'
[Info] Loading assets from: '..\mods\220_sxb_lustbound_gofuckyourself.pak'
[Info] Loading assets from: '..\mods\220_sxb_lustbound_lewdbound.pak'
[Info] Loading assets from: '..\mods\220_sxb_lustbound_lewdboundmattresses.pak'
[Info] Loading assets from: '..\mods\SupremeExvoidimus_2441120266.pak'
[Info] Loading assets from: '..\mods\322_SxB_MimicSupport.pak'
[Info] Loading assets from: '..\mods\SBR Aphrodites Bow patch'
[Info] Loading assets from: '..\mods\contents_2727658868.pak'
[Info] Loading assets from: '..\mods\SxB_-_TemTems_Teratoscenes.pak'
[Info] Loading assets from: '..\mods\mayhem_contents_3374288336.pak'
[Info] Loading assets from: '..\mods\contents_2871779394.pak'
[Info] Loading assets from: '..\mods\997_sxb_Lustlings_1.2.9_clean.pak'
[Info] Loading assets from: '..\mods\contents_1982486298.pak'
[Info] Loading assets from: '..\mods\998_Enhanced Storage - Lustlings.pak'
[Info] Loading assets from: '..\mods\contents_2912589725.pak'
[Info] Loading assets from: '..\mods\contents_3048977458.pak'
[Info] Loading assets from: '..\mods\contents_2440256472.pak'
[Info] Loading assets from: '..\mods\contents_3065586024.pak'
[Info] Loading assets from: '..\mods\contents_3145769397.pak'
[Info] Loading assets from: '..\mods\contents_2876535509.pak'
[Info] Loading assets from: '..\mods\999_FUBYOSModdedRaceSupport-main'
[Info] Loading assets from: '..\mods\contents_3145129643.pak'
[Info] Loading assets from: '..\mods\contents_2440033332.pak'
[Info] Loading assets from: '..\mods\contents_1929091560.pak'
[Info] Loading assets from: '..\mods\contents_2777148528.pak'
[Info] Loading assets from: '..\mods\contents_1964557400.pak'
[Info] Loading assets from: '..\mods\contents_2141947777.pak'
[Info] Loading assets from: '..\mods\contents_1928972521.pak'
[Info] Loading assets from: '..\mods\contents_2287610979.pak'
[Info] Loading assets from: '..\mods\contents_2494853338.pak'
[Info] Loading assets from: '..\mods\contents_2927818361.pak'
[Info] Loading assets from: '..\mods\contents_1608905076.pak'
[Info] Loading assets from: '..\mods\Player_Healthbar_Clean_contents_3384559894.pak'
[Info] Loading assets from: '..\mods\1000_SxB-Neki_POV_Addon.pak'
[Info] Loading assets from: '..\mods\contents_2611377283.pak'
[Info] Loading assets from: '..\mods\mechdata_contents_3386957026.pak'
[Info] Loading assets from: '..\mods\1010_sxb_Lustling Race more colors.pak'
[Info] Loading assets from: '..\mods\1100_sxb_TTPP_Tentacle Enhanced Storage.pak'
[Info] Loading assets from: '..\mods\contents_2983087701.pak'
[Info] Loading assets from: '..\mods\contents_2988576904.pak'
[Info] Loading assets from: '..\mods\contents_2992119945.pak'
[Info] Loading assets from: '..\mods\contents_3225377547.pak'
[Info] Loading assets from: '..\mods\contents_3225378587.pak'
[Info] Loading assets from: '..\mods\contents_3225378671.pak'
[Info] Loading assets from: '..\mods\contents_3225378740.pak'
[Info] Loading assets from: '..\mods\contents_3225378807.pak'
[Info] Loading assets from: '..\mods\mech_load_contents_3371011064.pak'
[Info] Loading assets from: '..\mods\mech_bar_contents_3390657059.pak'
[Info] Loading assets from: '..\mods\contents_3015818996.pak'
[Info] Loading assets from: '..\mods\GIC_Otherworlds_Music_contents_3731147091.pak'
[Info] Loading assets from: '..\mods\gic_cyber_contents_3044827572.pak'
[Info] Loading assets from: '..\mods\FU_Extraction_Arcana_contents_3350051925.pak'
[Info] Loading assets from: '..\mods\FU_Tweaked_Story_contents_3157772971.pak'
[Info] Loading assets from: '..\mods\GIC_Otherworlds_contents_3731148374.pak'
[Info] Loading assets from: '..\mods\contents_2979732554.pak'
[Info] Loading assets from: '..\mods\Improved_Damage_Particles_contents_2451489168.pak'
[Info] Loading assets from: '..\mods\contents_2601450656.pak'
[Info] Loading assets from: '..\mods\contents_3133663078.pak'
[Info] Loading assets from: '..\mods\contents_2643364844.pak'
[Info] Loading assets from: '..\mods\contents_2395650902.pak'
[Info] Loading assets from: '..\mods\contents_2433700417.pak'
[Info] Loading assets from: '..\mods\contents_2017600718.pak'
[Info] Loading assets from: '..\mods\contents_2846035010.pak'
[Info] Loading assets from: '..\mods\contents_3088086087.pak'
[Info] Loading assets from: '..\mods\contents_1732808640.pak'
[Info] Loading assets from: '..\mods\contents_1830331363.pak'
[Info] Loading assets from: '..\mods\galaxy_in_conflict_coreasset_codexexpander'
[Info] Loading assets from: '..\mods\mon_loader_contents_2442873217.pak'
[Info] Loading assets from: '..\mods\Black_Armory_Enhanced_Storage_contents_2263440896.pak'
[Info] Loading assets from: '..\mods\contents_1830330047.pak'
[Info] Loading assets from: '..\mods\contents_3192167067.pak'
[Info] Loading assets from: '..\mods\GIC_BK3K_Sorting_Compat_contents_3778034807.pak'
[Info] Loading assets from: '..\mods\FU_RedemptionPatch_contents_2185949973.pak'
[Info] Loading assets from: '..\mods\contents_2009993372.pak'
[Info] Loading assets from: '..\mods\39827_sxb_LewdFluidDesc.pak'
[Info] Loading assets from: '..\mods\ganransu_turretNdrone_2905283163.pak'
[Info] Loading assets from: '..\mods\contents_2843733950.pak'
[Info] Loading assets from: '..\mods\contents_3138628476.pak'
[Info] Loading assets from: '..\mods\contents_2388120601.pak'
[Info] Loading assets from: '..\mods\contents_2471939344.pak'
[Info] Loading assets from: '..\mods\contents_1829295532.pak'
[Info] Loading assets from: '..\mods\contents_2916902416.pak'
[Info] Loading assets from: '..\mods\contents_1952112607.pak'
[Info] Loading assets from: '..\mods\contents_2468984308.pak'
[Info] Loading assets from: '..\mods\contents_2903240740.pak'
[Info] Loading assets from: '..\mods\contents_1594682555.pak'
[Info] Loading assets from: '..\mods\gic_reskin_contents_3090704586.pak'
[Info] Loading assets from: '..\mods\gic_gl_reskin_contents_3400895443.pak'
[Info] Loading assets from: '..\mods\contents_3277803571.pak'
[Info] Loading assets from: '..\mods\Armok_Fixes_5.4_compat.pak'
[Info] Loading assets from: '..\mods\100000001_eyeBlink_contents_1807482741.pak'
[Info] Loading assets from: '..\mods\contents_2548423095.pak'
[Info] Loading assets from: '..\mods\contents_2917219987.pak'
[Info] Loading assets from: '..\mods\100000000_No_FU_Party_contents_2564952144.pak'
[Info] Loading assets from: '..\mods\contents_3383344702.pak'
[Info] Loading assets from: '..\mods\100000002_Slower_Gas_contents_3387581763.pak'
[Info] Loading assets from: '..\mods\contents_2283501469.pak'
[Info] Loading assets from: '..\mods\999990101_Ruincalboss_contents_2912289180.pak'
[Info] Loading assets from: '..\mods\999998002_futaraEnergyBeamAddOn.pak'
[Info] Loading assets from: '..\mods\999998001_futaraEnergyOrbAddOn.pak'
[Info] Loading assets from: '..\mods\0_a_OPTION_MOD_999998013_FPS_60_cap_skipfix_remover_contents_2950845790.pak'
[Info] Loading assets from: '..\mods\999998011_Optimized_Weather_FU_contents_3078794530.pak'
[Info] Loading assets from: '..\mods\999998010_Optimized_Weather_Vanilla_contents_3078788080.pak'
[Info] Loading assets from: '..\mods\999998012_stop_flicker_fps_contents_771695952.pak'
[Info] Loading assets from: '..\mods\999999200_ffxiv_viera_blueprint_compat.pak'
[Info] Loading assets from: '..\mods\zz_female_overhaul.pak'
[Info] Loading assets from: '..\mods\999999900_sxb_cuter2_contents_761242493.pak'
[Info] Loading assets from: '..\mods\999999900_holo_roading_contents_1662954134.pak'
[Info] Loading assets from: '..\mods\999999901_sxb_cuter_captin_contents_2961295192.pak'
[Info] Loading assets from: '..\mods\contents_1974816168.pak'
[Info] Loading assets from: '..\mods\999999980_fuck_u_trace_back.pak'
[Info] Loading assets from: '..\mods\999999910_whatmenu.pak'
[Info] Loading assets from: '..\mods\female_translation.pak'
[Info] Loading assets from: '..\mods\zz_localeko_highpriority_20260927.pak'
[Info] Loading assets from: '..\mods\zzz_diag_objdump'
[Info] Loading assets from: '..\assets\user'
[Info] Running postLoad scripts ["/scripts/opensb/assets/postload.lua"]
[Info] Moved 4 misplaced songs to /songs/
[Info] Took 0.24662209997768514 seconds to run postLoad scripts ["/scripts/opensb/assets/postload.lua"]
[Info] Running postLoad scripts ["/interface/cockpit/planetSearch/postload.lua"]
[Info] Took 3.0052163999935146 seconds to run postLoad scripts ["/interface/cockpit/planetSearch/postload.lua"]
[Info] Running postLoad scripts ["/cinematics/pat_crazyring/postload.lua"]
[Info] Generated /cinematics/pat_crazyring/sustained/gic_realisticglitch.png
[Info] Generated /cinematics/pat_crazyring/sustained/moogle.png
[Info] Generated /cinematics/pat_crazyring/sustained/esc_realisticapex.png
[Info] Generated /cinematics/pat_crazyring/sustained/gic_realistichuman.png
[Info] Generated /cinematics/pat_crazyring/sustained/gic_realistichuman_wolftengu_veteran.png
[Info] Generated /cinematics/pat_crazyring/sustained/neki.png
[Info] Generated /cinematics/pat_crazyring/sustained/spectwing.png
[Info] Generated /cinematics/pat_crazyring/sustained/lucario.png
[Info] Generated /cinematics/pat_crazyring/sustained/alta.png
[Info] Generated /cinematics/pat_crazyring/sustained/ffs_human.png
[Info] Generated /cinematics/pat_crazyring/sustained/noolith.png
[Info] Generated /cinematics/pat_crazyring/sustained/black_felin.png
[Info] Generated /cinematics/pat_crazyring/sustained/mechineki.png
[Info] Generated /cinematics/pat_crazyring/sustained/gic_realistichuman_wolftengu.png
[Info] Generated /cinematics/pat_crazyring/sustained/gic_realistichuman_wolftengu_duellist.png
[Info] Generated /cinematics/pat_crazyring/sustained/gic_humanoidcombatrobot.png
[Info] Generated /cinematics/pat_crazyring/sustained/lustling.png
[Info] Generated /cinematics/pat_crazyring/sustained/gic_undeadskeleton.png
[Info] Generated /cinematics/pat_crazyring/sustained/woofie.png
[Info] Generated /cinematics/pat_crazyring/sustained/gic_android.png
[Info] Generated /cinematics/pat_crazyring/sustained/bangaa.png
[Info] Generated /cinematics/pat_crazyring/sustained/esc_realistichuman_wolftengu_npc.png
[Info] Generated /cinematics/pat_crazyring/sustained/esc_corporatekappa.png
[Info] Generated /cinematics/pat_crazyring/sustained/esc_realistichuman_moonrabbit.png
[Info] Generated /cinematics/pat_crazyring/sustained/esc_ghoul.png
[Info] Generated /cinematics/pat_crazyring/sustained/gic_realisticnovakid.png
[Info] Generated /cinematics/pat_crazyring/sustained/gic_realistichuman_original.png
[Info] Generated /cinematics/pat_crazyring/sustained/unas.png
[Info] Generated /cinematics/pat_crazyring/sustained/gic_realisticfloran.png
[Info] Generated /cinematics/pat_crazyring/sustained/ayylien.png
[Info] Generated /cinematics/pat_crazyring/sustained/gic_otherworldhuman.png
[Info] Generated /cinematics/pat_crazyring/sustained/gic_realistichuman_duellist.png
[Info] Generated /cinematics/pat_crazyring/sustained/gic_realistichuman_occultist.png
[Info] Generated /cinematics/pat_crazyring/sustained/om_harpy.png
[Info] Generated /cinematics/pat_crazyring/sustained/gic_realistichuman_veteran.png
[Info] Generated /cinematics/pat_crazyring/sustained/nekistripes.png
[Info] Took 13.648596300015924 seconds to run postLoad scripts ["/cinematics/pat_crazyring/postload.lua"]
[Info] Running postLoad scripts ["/scripts/assets/sb_postload.lua"]
[Info] Took 0.717991899990011 seconds to run postLoad scripts ["/scripts/assets/sb_postload.lua"]
[Info] Running postLoad scripts ["/osb_postload/rb_Autopatch_postload.lua"]
[Info] Took 16.972652700002072 seconds to run postLoad scripts ["/osb_postload/rb_Autopatch_postload.lua"]
[Info] Running postLoad scripts ["/scripts/unlimitedfoodstacking.lua"]
[Info] Took 0.0059117999917361885 seconds to run postLoad scripts ["/scripts/unlimitedfoodstacking.lua"]
[Info] Running postLoad scripts ["/xrc_pp/postload.lua"]
[Info] Took 16.426333999988856 seconds to run postLoad scripts ["/xrc_pp/postload.lua"]
[Info] Running postLoad scripts ["/xrc_maxstack.lua"]
[Info] Took 0.16895439999643713 seconds to run postLoad scripts ["/xrc_maxstack.lua"]
[Info] Running postLoad scripts ["/ocd_tooltip_patch.lua"]
[Info] Took 3.28624720001244 seconds to run postLoad scripts ["/ocd_tooltip_patch.lua"]
[Info] Running postLoad scripts ["/scripts/assets/terra_postload.lua"]
[Info] Took 0.19799779998720624 seconds to run postLoad scripts ["/scripts/assets/terra_postload.lua"]
[Info] Running postLoad scripts ["/scripts/xrc_sin-assets/postload.lua"]
[Info] Took 0.0022416000138036907 seconds to run postLoad scripts ["/scripts/xrc_sin-assets/postload.lua"]
[Info] Running postLoad scripts ["/osb_postload/diag.lua"]
[Info] [DIAG] /objects/ship/angeltechstation/angeltechstation.object
[Info] [DIAG]   interactAction=ScriptPane interactData=/zb/newSail/newSail.config
[Info] [DIAG]   scripts=["/objects/spawner/techstation.lua","/objects/scripts/customtechstation.lua"]
[Info] [DIAG]   fallbackInteractAction=nil fallbackInteractData=nil
[Info] [DIAG] /objects/ship/angeltechstationTier0/angeltechstationTier0.object
[Info] [DIAG]   interactAction=ScriptPane interactData=/zb/newSail/newSail.config
[Info] [DIAG]   scripts=["/objects/scripts/customtechstation.lua"]
[Info] [DIAG]   fallbackInteractAction=nil fallbackInteractData=nil
[Info] [DIAG] /objects/ship/angelteleporter/angelteleporter.object
[Info] [DIAG]   interactAction=OpenTeleportDialog interactData=/interface/warping/shipteleporter.config
[Info] [DIAG]   scripts={}
[Info] [DIAG]   fallbackInteractAction=nil fallbackInteractData=nil
[Info] [DIAG] /objects/ship/angelteleporterTier0/angelteleporterTier0.object
[Info] [DIAG]   interactAction=nil interactData=nil
[Info] [DIAG]   scripts=["/objects/noisy/noisy.lua"]
[Info] [DIAG]   fallbackInteractAction=nil fallbackInteractData=nil
[Info] [DIAG] customtechstation.lua first100=require "/scripts/util.lua"
require "/scripts/kheAA/excavatorCommon.lua"

local CSAILoldInit = in
[Info] Took 0.012812000000849366 seconds to run postLoad scripts ["/osb_postload/diag.lua"]
[Info] Preloading assets
[Info] Assets digest is 27153bd02bbb636ed5638a47035e2f17c6f5fd383377155db8196cf318fc73a2
[Info] Root: Loaded Assets in 79.7444242000056 seconds (WS 901MB Private 931MB, delta +854MB)
[Info] Root: Writing runtime configuration to '../storage\starbound_server.config'
[Info] Root: Loaded AiDatabase in 0.0231484999821987 seconds (WS 903MB Private 935MB, delta +4MB)
[Info] Root: Loaded TechDatabase in 79.79296510000131 seconds (WS 903MB Private 935MB, delta +841MB)
[Info] Root: Loaded EmoteProcessor in 0.00021779999951831996 seconds (WS 903MB Private 935MB, delta +0MB)
[Info] Root: Loaded TerrainDatabase in 0.00883180001983419 seconds (WS 903MB Private 935MB, delta +0MB)
[Info] Root: Loaded ParticleDatabase in 0.20867510000243783 seconds (WS 905MB Private 935MB, delta +0MB)
[Info] Root: Loaded VersioningDatabase in 0.0038210999919101596 seconds (WS 905MB Private 935MB, delta +0MB)
[Info] Root: Loaded FunctionDatabase in 0.07152950001182035 seconds (WS 945MB Private 975MB, delta +40MB)
[Info] Root: Loaded ImageMetadataDatabase in 0.0006949999951757491 seconds (WS 945MB Private 975MB, delta +0MB)
[Info] Root: Loaded TenantDatabase in 0.04062159999739379 seconds (WS 946MB Private 975MB, delta +0MB)
[Info] Root: Loaded NameGenerator in 0.02516930000274442 seconds (WS 946MB Private 975MB, delta +0MB)
[Info] Root: Loaded DanceDatabase in 0.0026408999983686954 seconds (WS 946MB Private 975MB, delta +0MB)
[Info] Root: Loaded SpawnTypeDatabase in 0.03728609997779131 seconds (WS 933MB Private 979MB, delta +4MB)
[Info] Root: Loaded QuestTemplateDatabase in 0.44549640000332147 seconds (WS 928MB Private 959MB, delta +24MB)
[Info] Root: Loaded BehaviorDatabase in 80.31311020001885 seconds (WS 930MB Private 959MB, delta +870MB)
[Info] Root: Loaded StatisticsDatabase in 0.002099900011671707 seconds (WS 930MB Private 959MB, delta +0MB)
[Info] Root: Loaded CodexDatabase in 80.32307450001827 seconds (WS 930MB Private 959MB, delta +874MB)
[Info] Root: Loaded RadioMessageDatabase in 0.3048096999991685 seconds (WS 938MB Private 963MB, delta -16MB)
[Info] Root: Loaded StagehandDatabase in 0.15217899999697693 seconds (WS 939MB Private 967MB, delta +4MB)
[Info] Root: Loaded SpeciesDatabase in 0.34618520000367425 seconds (WS 940MB Private 967MB, delta +8MB)
[Info] Root: Loaded EffectSourceDatabase in 0.020737299986649305 seconds (WS 940MB Private 967MB, delta +0MB)
[Info] Root: Loaded StatusEffectDatabase in 0.6263391000102274 seconds (WS 1054MB Private 1078MB, delta +111MB)
[Info] Root: Loaded DamageDatabase in 0.8712749000114854 seconds (WS 1076MB Private 1102MB, delta +135MB)
[Info] Root: Loaded ProjectileDatabase in 1.8027194000023883 seconds (WS 1201MB Private 1224MB, delta +264MB)
[Info] Root: Loaded MaterialDatabase in 0.8206426000106148 seconds (WS 1243MB Private 1268MB, delta +165MB)
[Info] Root: Loaded TreasureDatabase in 2.0672666000027675 seconds (WS 1315MB Private 1340MB, delta +261MB)
[Info] Root: Loaded PlantDatabase in 0.13223210000433028 seconds (WS 1324MB Private 1356MB, delta +16MB)
[Info] Root: Loaded NpcDatabase in 1.3548656000057235 seconds (WS 1331MB Private 1360MB, delta +91MB)
[Info] Root: Loaded MonsterDatabase in 2.390578699996695 seconds (WS 1471MB Private 1497MB, delta +137MB)
[Info] Root: Loaded VehicleDatabase in 0.07338620000518858 seconds (WS 1478MB Private 1509MB, delta +12MB)
[Info] Root: Loaded PlayerFactory in 0.006185999984154478 seconds (WS 1478MB Private 1509MB, delta +0MB)
[Info] Root: Loaded ObjectDatabase in 22.3500681000005 seconds (WS 1931MB Private 1963MB, delta +738MB)
[Info] Root: Loaded EntityFactory in 18.309365699999034 seconds (WS 1931MB Private 1963MB, delta +453MB)
[Info] Root: Loaded LiquidsDatabase in 0.048466900014318526 seconds (WS 1938MB Private 1975MB, delta +12MB)
[Info] Root: Loaded BiomeDatabase in 0.6933299000083935 seconds (WS 2061MB Private 2103MB, delta +140MB)
[Info] Root: Loaded TilesetDatabase in 6.749999010935426e-05 seconds (WS 2061MB Private 2103MB, delta +0MB)
[Info] Root: Loaded DungeonDefinitions in 0.8320751000137534 seconds (WS 2075MB Private 2115MB, delta +140MB)
[Info] Root: Loaded ItemDatabase in 56.34793190000346 seconds (WS 6015MB Private 6899MB, delta +5939MB)
[Info] Root: Loaded CollectionDatabase in 59.66959049997968 seconds (WS 6131MB Private 7043MB, delta +6084MB)
[Info] Root: Loaded everything in 139.88355420000153 seconds
[Info] Root: memory after load WS 6071MB Private 6982MB
[Info] Root: assets stats {"files":540573,"internedArrays":74618,"internedObjects":147910,"cacheEntries":4379,"internedStrings":209646}
[Info] Root: memory after cache clear WS 6049MB Private 6960MB
[Info] OpenStarbound Server v0.1.15.1 for v1.4.4 (windows x86_64) Source ID: 1f75b9e97de71b5388a20fc0888bcbc37ee1674a
[Info] UniverseServer: Acquiring universe lock file
[Info] UniverseServer: Loading settings
[Info] Available OpenStarbound server commands:
openhelp
[Info] UniverseConnectionServer: Starting 4 network worker threads
[Info] UniverseServer: Starting UniverseServer with UUID: a184243d894d58e69da334cf397e8c3d
[Info] UniverseServer: listening for incoming TCP connections on 0.0.0.0:21025
