mod	asset	pointer	english	chosen	candidates
Black Armory	/objects/sheilaworkshop/black_furniture/titansteelcomfychair/titansteelcomfychair.object	/apexDescription	A standard chair.	평범한 의자.	평범한 의자. || 표준적인 의자다.
Black Armory	/objects/sheilaworkshop/black_furniture/titansteelcomfychair/titansteelcomfychair.object	/avianDescription	A simple chair.	단순한 의자.	단순한 의자. || 단순한 의자다.
Black Armory	/objects/sheilaworkshop/black_furniture/titansteelcomfychair/titansteelcomfychair.object	/floranDescription	Sssit!	앉아!	앉아! || 앉으세요! || 앉자!
Black Armory	/objects/sheilaworkshop/black_furniture/titansteelcomfychair/titansteelcomfychair.object	/glitchDescription	Appreciative. A chair. The Glitch occasionally like to sit.	감사. 의자. 글리치는 가끔 앉는 걸 좋아하거든요.	감사. 의자. 글리치는 가끔 앉는 걸 좋아하거든요. || 감사. 의자다. 글리치는 가끔 앉는 것을 좋아한다. || 고마워요. 의자야. 글리치는 가끔 앉는 걸 좋아하거든.
Black Armory	/objects/sheilaworkshop/black_furniture/titansteelcomfychair/titansteelcomfychair.object	/humanDescription	A decent chair.	괜찮은 의자.	괜찮은 의자. || 괜찮은 의자다. || 괜찮은 의자야.
Black Armory	/objects/sheilaworkshop/black_furniture/titansteelcomfychair/titansteelcomfychair.object	/hylotlDescription	A basic chair, it serves its purpose.	기본적인 의자지만, 쓸만하다.	기본적인 의자로 제 역할을 다합니다. || 기본적인 의자지만, 쓸만하다.
Black Armory	/objects/sheilaworkshop/black_furniture/titansteelcomfychair/titansteelcomfychair.object	/novakidDescription	A functionin' chair.	기능적인 의자.	기능적인 의자. || 작동하는 의자다. || 제 기능을 하는 의자.
Black Armory	/objects/sheilaworkshop/black_furniture/titansteeldesk/titansteeldesk.object	/apexDescription	A desk. It seems functional.	책상이다. 쓸만하겠다.	책상이다. 쓸만하겠다. || 책상입니다. 기능적인 것 같아.
Black Armory	/objects/sheilaworkshop/black_furniture/titansteeldesk/titansteeldesk.object	/avianDescription	A nice enough looking desk.	충분히 멋져 보이는 책상.	충분히 멋져 보이는 책상. || 충분히 멋지게 생긴 책상이다.
Black Armory	/objects/sheilaworkshop/black_furniture/titansteeldesk/titansteeldesk.object	/floranDescription	A dessk!	책상!	책상! || 책상이다!
Black Armory	/objects/sheilaworkshop/black_furniture/titansteeldesk/titansteeldesk.object	/glitchDescription	Impassive. It is a desk.	수동적. 책상이다.	냉정하네. 책상이다. || 수동적. 책상이다.
Black Armory	/objects/sheilaworkshop/black_furniture/titansteeldesk/titansteeldesk.object	/humanDescription	A desk. It seems okay.	책상이야 괜찮아 보인다.	책상이다. 괜찮은 것 같다. || 책상이야 괜찮아 보인다.
Black Armory	/objects/sheilaworkshop/black_furniture/titansteeldesk/titansteeldesk.object	/hylotlDescription	A basic desk. It is not to my tastes.	평범한 책상. 내 취향이 아니다.	기본적인 책상이다. 내 취향은 아니야. || 평범한 책상. 내 취향이 아니다.
Black Armory	/objects/sheilaworkshop/black_furniture/titansteeldesk/titansteeldesk.object	/novakidDescription	A desk. For those who like to sit down and write stuff.	책상입니다. 앉아서 글 쓰는 것을 좋아하는 사람들을 위해.	책상이다. 앉아서 뭔가 쓰는 걸 좋아하는 녀석들을 위한 물건이지. || 책상입니다. 앉아서 글 쓰는 것을 좋아하는 사람들을 위해.
Black Armory	/objects/sheilaworkshop/black_furniture/titansteelshipdoorBroken/titansteelshipdoorBroken.object	/apexDescription	These doors are used on all our ships. This one is not playing nice.	모든 함선에 쓰이는 문이다. 이건 제대로 작동하질 않지만.	모든 우주선에 사용되는 문입니다. 이건 상태가 좋지 않아요. || 모든 함선에 사용되는 문입니다. 이건 좀 이상하네요. || 모든 함선에 쓰이는 문이다. 이건 제대로 작동하질 않지만. || 이 문은 모든 배에 사용됩니다. 이건 상태가 안 좋네요. || 이 문은 모든 배에 사용됩니다. 이건 잘 안 열리네요. || 이 문은 모든 우주선에 사용됩니다. 이 문이 안 열려요. || 이 문은 모든 함선에 사용됩니다. 이 문은 상태가 좋지 않아요. || 이 문은 모든 함선에 사용됩니다. 이건 상태가 안 좋네요. || 이 문은 모든 함선에 사용됩니다. 이건 잘 안 열리네요. || 이 문은 모든 함선에 사용됩니다. 이건 좀 이상하네요.
Black Armory	/objects/sheilaworkshop/black_furniture/titansteelshipdoorBroken/titansteelshipdoorBroken.object	/avianDescription	A door. It won't open.	문이 열리지 않아요.	문. 열리지 않습니다. || 문이 안 열리네. || 문이 열리지 않아요. || 문이.. 열리지 않아요. || 문이네 안 열리네 || 문이다. 열리지 않는다. || 문이라고요. 열리지 않아요. || 문이야 안 열리네. || 문이야. 열리지 않아요.
Black Armory	/objects/sheilaworkshop/black_furniture/titansteelshipdoorBroken/titansteelshipdoorBroken.object	/floranDescription	Door won't open!	문이 안 열려!	문이 안 열려! || 문이 안 열려요! || 문이 안 열린다! || 문이 열리지 않습니다!
Black Armory	/objects/sheilaworkshop/black_furniture/titansteelshipdoorBroken/titansteelshipdoorBroken.object	/glitchDescription	Disappointed. A door. It appears to be disabled currently.	실망. 문이다. 현재는 비활성화된 것 같다.	실망. 문이다. 현재는 비활성화된 것 같다. || 실망이다. 문. 현재 비활성화되어 있는 것 같습니다.
Black Armory	/objects/sheilaworkshop/black_furniture/titansteelshipdoorBroken/titansteelshipdoorBroken.object	/humanDescription	Cool door. Too bad it isn't opening right now.	멋진 문이다. 지금은 열리지 않는 것이 안타까울 따름이다.	멋진 문이네. 지금은 열리지 않아서 아쉽군. || 멋진 문이네. 지금은 열리지 않아서 아쉽네요. || 멋진 문이네요. 지금은 열리지 않아서 아쉽네요. || 멋진 문이다. 지금은 열리지 않는 것이 안타까울 따름이다.
Black Armory	/objects/sheilaworkshop/black_furniture/titansteelshipdoorBroken/titansteelshipdoorBroken.object	/hylotlDescription	A basic ship door. It won't open at the moment.	기본적인 함선 문이다. 지금은 열리지 않는다.	기본적인 배의 문입니다. 지금은 열리지 않습니다. || 기본적인 함선 문이다. 지금은 열리지 않는다.
Black Armory	/objects/sheilaworkshop/black_furniture/titansteelshipdoorBroken/titansteelshipdoorBroken.object	/novakidDescription	The door is broken, it ain't opening any time soon.	문이 고장나서 곧 열리지 않을 것입니다.	문이 고장나서 곧 열리지 않을 것입니다. || 문이 고장나서 금방 열리지 않습니다. || 문이 고장나서 금방 열리지 않아요. || 문이 고장나서 금방 열리지 않을 거예요. || 문이 고장나서 금방 열리지 않을 겁니다. || 부서진 문이라 당분간은 열리지 않을 것 같군.
Black Armory	/objects/sheilaworkshop/black_furniture/black_blackarmorybannerend/black_blackarmorybannerend.object	/apexDescription	Rich, heavy curtains.	무겁고 비싼 커튼이다.	고급지고, 무거운 커튼이다. || 무겁고 비싼 커튼이다. || 풍성하고 무거운 커튼. || 풍성하고 무거운 커튼입니다.
Black Armory	/objects/sheilaworkshop/black_furniture/black_blackarmorybannerend/black_blackarmorybannerend.object	/avianDescription	Soft to the touch.	촉감이 부드러워	만지면 부드럽다. || 촉감이 부드러워 || 촉감이 부드러워요. || 촉감이 부드럽네
Black Armory	/objects/sheilaworkshop/black_furniture/black_blackarmorybannerend/black_blackarmorybannerend.object	/humanDescription	These curtains belong in a mansion.	저택에 어울리는 커튼이다.	이 커튼은 대저택에 어울려요. || 이 커튼은 대저택에 어울리는 커튼입니다. || 이 커튼은 대저택에나 있을 법한 커튼이에요. || 이 커튼은 저택에나 있을 법한데. || 저택에 어울리는 커튼이다.
Black Armory	/objects/sheilaworkshop/black_furniture/black_blackarmorybannerend/black_blackarmorybannerend.object	/hylotlDescription	These curtains almost stick to Hylotl skin.	하이로틀 피부에 거의 달라붙는 커튼이다.	이 커튼은 거의 하이로틀 피부에 달라붙을 정도다. || 이 커튼은 하이로틀 스킨에 거의 붙어 있어요. || 이 커튼은 하이로틀 피부에 거의 붙어 있어요. || 하이로틀 피부에 거의 달라붙는 커튼이다.
Black Armory	/objects/sheilaworkshop/black_furniture/titansteelbunk/titansteelbunk.object	/apexDescription	A basic bunk bed.	기본 이층 침대.	기본 이층 침대. || 기본 이층 침대입니다. || 기본적인 침대다.
Black Armory	/objects/sheilaworkshop/black_furniture/titansteelbunk/titansteelbunk.object	/avianDescription	This bunk bed looks rather basic.	꽤나 기본적인 것 같은 침대다.	꽤나 기본적인 것 같은 침대다. || 이 이층 침대는 다소 기본적입니다. || 이 이층 침대는 다소 평범해 보입니다.
Black Armory	/objects/sheilaworkshop/black_furniture/titansteelbunk/titansteelbunk.object	/floranDescription	Floran would like to sssleep in bunk bed.	플로란은 침대에셔 자고 싶다.	플로란은 이층 침대에서 자고 싶어합니다. || 플로란은 침대에셔 자고 싶다. || 플로란이 이층 침대에서 자고 싶대요. || 플로란이 이층 침대에서 자고 싶어합니다.
Black Armory	/objects/sheilaworkshop/black_furniture/titansteelbunk/titansteelbunk.object	/glitchDescription	Sentimental. A bunk bed, not dissimilar from those at the Protectorate academy.	감성적. 침대다. 행성 보호국 아카데미에 있던 침대와 비슷하게 생겼다.	감상적이군. 수호자 아카데미의 침대와 별반 다르지 않은 이층 침대. || 감상적이군요. 보호국 학교의 이층 침대와 다르지 않은 이층 침대. || 감성적. 침대다. 행성 보호국 아카데미에 있던 침대와 비슷하게 생겼다. || 감성적이군. 보호국 학교의 이층 침대와 다를 바 없는 이층 침대입니다. || 감성적입니다. 보호국 사관학교의 이층 침대와 별반 다르지 않은 이층 침대입니다. || 감성적입니다. 보호국 학교의 이층 침대와 다르지 않은 이층 침대. || 감성적입니다. 보호국 학교의 이층 침대와 다를 바 없는 이층 침대입니다. || 감성적입니다. 보호국 학교의 이층 침대와 별반 다르지 않은 이층 침대. || 감성적입니다. 보호국 학교의 이층 침대와 별반 다르지 않은 이층 침대입니다.
Black Armory	/objects/sheilaworkshop/black_furniture/titansteelbunk/titansteelbunk.object	/humanDescription	A bunk bed. Not terribly spacious, but surprisingly comfortable.	이층 침대. 엄청나게 넓지는 않지만 놀랍도록 편안합니다.	이층 침대. 엄청나게 넓지는 않지만 놀랍도록 편안합니다. || 침대다. 공간이 넓지는 않지만, 놀랍도록 편안하다.
Black Armory	/objects/sheilaworkshop/black_furniture/titansteelbunk/titansteelbunk.object	/hylotlDescription	I have fond memories of sleeping in such a bed at the Protectorate academy.	나는 보호국 아카데미에서 그런 침대에서 자던 좋은 추억이 있습니다.	나는 보호국 아카데미에서 그런 침대에서 자던 좋은 추억이 있습니다. || 행성 보호국 아카데미에서 이렇게 생긴 침대에 자곤 했었지.
Black Armory	/objects/sheilaworkshop/black_furniture/titansteelbunk/titansteelbunk.object	/novakidDescription	A regular bunk bed.	일반 이층 침대.	일반 이층 침대. || 일반 이층 침대입니다. || 평범한 침대야.
Black Armory	/objects/sheilaworkshop/black_furniture/titansteelshiplocker/titansteelshiplocker.object	/apexDescription	I wonder if there are any secrets inside this locker?	이 사물함 안에 어떤 비밀이 있을까?	이 락커 안에 비밀이 있을까요? || 이 사물함 안에 비밀이 있을까요? || 이 사물함 안에 어떤 비밀이 있을까?
Black Armory	/objects/sheilaworkshop/black_furniture/titansteelshiplocker/titansteelshiplocker.object	/avianDescription	Could there be anything of value within this locker?	이 사물함 안에 뭔가 귀한 것이 있을까?	이 사물함 안에 가치 있는 물건이 있을까요? || 이 사물함 안에 귀중한 물건이 있을까요? || 이 사물함 안에 뭔가 귀한 것이 있을까?
Black Armory	/objects/sheilaworkshop/black_furniture/titansteelshiplocker/titansteelshiplocker.object	/floranDescription	Floran ssearch locker for valuabless.	플로란은 샤물함을 뒤져 보물을 찾는다.	플로란은 샤물함을 뒤져 보물을 찾는다. || 플로란이 사물함에서 귀중품을 찾아요. || 플로란이 사물함에서 귀중품을 찾았어요.
Black Armory	/objects/sheilaworkshop/black_furniture/titansteelshiplocker/titansteelshiplocker.object	/glitchDescription	Excited. Any items of interest inside I wonder?	기대되네요. 그 안에 뭐가 있을까?	기대되네요. 그 안에 뭐가 있을까? || 기대되네요. 그 안에 뭔가 귀중한 물건이 있을까? || 신남. 이 안에 뭔가 흥미로운 것이 있을까?
Black Armory	/objects/sheilaworkshop/black_furniture/titansteelshiplocker/titansteelshiplocker.object	/humanDescription	A ship's locker.	배의 사물함.	배의 사물함. || 배의 사물함입니다. || 함선의 사물함이다.
Black Armory	/objects/sheilaworkshop/black_furniture/titansteelshiplocker/titansteelshiplocker.object	/hylotlDescription	Perhaps something useful is inside this locker.	이 사물함 안에 뭔가 유용한 물건이 있을지도 몰라.	어쩌면 이 사물함 안에 뭔가 유용한 것이 있을 수도. || 이 사물함 안에 뭔가 유용한 물건이 있을지도 몰라. || 이 사물함 안에 뭔가 유용한 물건이 있을지도 몰라요.
Black Armory	/objects/sheilaworkshop/black_furniture/titansteelshiplocker/titansteelshiplocker.object	/novakidDescription	A locker, for puttin' things in.	물건을 넣을 수 있는 사물함.	물건을 넣을 수 있는 사물함. || 물건을 넣을 수 있는 사물함이다. || 물건을 넣을 수 있는 사물함입니다.
Black Armory	/objects/sheilaworkshop/black_furniture/titansteelshiplockerTier0/titansteelshiplockerTier0.object	/apexDescription	The ship's storage system. It's not currently functional.	함선의 보관 장치다. 지금은 작동하지 않는다.	배의 보관 시스템입니다. 현재는 작동하지 않습니다. || 배의 저장 시스템. 현재는 작동하지 않습니다. || 우주선의 보관 시스템입니다. 현재는 작동하지 않습니다. || 우주선의 연료 저장 시스템입니다. 현재 작동하지 않습니다. || 우주선의 저장 시스템입니다. 현재 작동하지 않습니다. || 우주선의 저장 시스템입니다. 현재는 작동하지 않습니다. || 함선의 보관 시스템입니다. 현재 작동하지 않습니다. || 함선의 보관 장치다. 지금은 작동하지 않는다. || 함선의 저장 시스템입니다. 현재는 작동하지 않습니다.
Black Armory	/objects/sheilaworkshop/black_furniture/titansteelshiplockerTier0/titansteelshiplockerTier0.object	/avianDescription	A device that holds many items for safe keeping. It's broken at the moment.	많은 물건들을 안전하게 지켜주는 장치다. 지금은 부서졌다.	많은 물건들을 안전하게 지켜주는 장치다. 지금은 부서졌다. || 많은 물건을 안전하게 보관할 수 있는 장치. 현재 고장났습니다. || 많은 물건을 안전하게 보관할 수 있는 장치입니다. 현재 고장났습니다. || 많은 물품을 안전하게 보관할 수 있는 장치입니다. 현재 고장났습니다.
Black Armory	/objects/sheilaworkshop/black_furniture/titansteelshiplockerTier0/titansteelshiplockerTier0.object	/floranDescription	Sssstorage. It'sss not working.	저장. 작동하지 않습니다.	보관함이다. 작동하지 않는다. || 스토리지. 작동하지 않습니다. || 저장. 작동하지 않습니다. || 저장소 작동하지 않습니다. || 저장소. 작동하지 않습니다.
Black Armory	/objects/sheilaworkshop/black_furniture/titansteelshiplockerTier0/titansteelshiplockerTier0.object	/glitchDescription	Distressed. This ship's storage system is malfunctioning.	고민. 이 함선의 보관 장치는 오작동하고 있다.	고민. 이 함선의 보관 장치는 오작동하고 있다. || 고장났어 이 우주선의 저장 시스템이 고장났습니다. || 조난. 이 우주선의 저장 시스템이 고장났습니다. || 조난. 이 함선의 저장 시스템이 오작동하고 있습니다.
Black Armory	/objects/sheilaworkshop/black_furniture/titansteelshiplockerTier0/titansteelshiplockerTier0.object	/humanDescription	A storage locker. It doesn't seem to be working.	보관함 작동이 안 되는 것 같은데.	보관함 작동이 안 되는 것 같습니다. || 보관함 작동이 안 되는 것 같은데. || 보관함입니다 작동하지 않는 것 같습니다. || 보관함입니다. 작동하지 않는 것 같습니다. || 사물함이다. 작동하지 않는 것 같다.
Black Armory	/objects/sheilaworkshop/black_furniture/titansteelshiplockerTier0/titansteelshiplockerTier0.object	/hylotlDescription	An elegant storage solution. It's not currently powered.	우아한 보관 솔루션이다. 지금은 동력이 없다.	우아한 보관 솔루션이군 현재 전원이 공급되지 않습니다. || 우아한 보관 솔루션이다. 지금은 동력이 없다. || 우아한 보관 솔루션입니다. 현재 전원이 공급되지 않습니다. || 우아한 스토리지 솔루션. 현재 전원이 공급되지 않습니다. || 우아한 스토리지 솔루션입니다. 현재 전원이 공급되지 않습니다.
Black Armory	/objects/sheilaworkshop/black_furniture/titansteelshiplockerTier0/titansteelshiplockerTier0.object	/novakidDescription	A locker. Ain't much use 'til it's fixed.	사물함 고쳐지기 전까진 쓸모가 없겠지.	사물함 고쳐지기 전까진 쓸모가 없겠지. || 사물함이다. 고쳐질 때까지는 소용이 없겠는데. || 사물함이라 고쳐지기 전까진 쓸모가 없겠군. || 사물함이라 고쳐지기 전까진 쓸모가 없겠지. || 사물함입니다. 고쳐지기 전까진 쓸모가 없겠군.
Black Armory	/objects/sheilaworkshop/black_furniture/titansteeltable/titansteeltable.object	/humanDescription	An industrial looking table.	산업용 탁자인 것 같다.	산업용 탁자인 것 같다. || 산업적인 모습의 탁자다.
Black Armory	/objects/sheilaworkshop/black_furniture/titansteelshiplight/titansteelshiplight.object	/apexDescription	Such spotlights are used by the Miniknog to force people to talk. Spotlights, and worse...	이런 스포트라이트는 지식부가 사람들을 강제로 말하게 할 때 쓰지. 더 심한 방법을 쓰기도 하고...	사람들이 말을 하도록 강제하기 위해 지식부가 이런 스포트라이트를 쓰곤 하지. 더 심한 것도 쓰고... || 이런 스포트라이트는 지식부가 사람들을 강제로 말하게 할 때 쓰지. 더 심한 방법을 쓰기도 하고... || 이런 스포트라이트는 지식부가 사람들이 말을 하게 하려고 강제로 쓰기도 하지. 스포트라이트보다 더 심한 수단도 쓰고...
Black Armory	/objects/sheilaworkshop/black_furniture/titansteelshiplight/titansteelshiplight.object	/avianDescription	A soft light.	부드러운 빛.	부드러운 빛. || 부드러운 빛이네요. || 부드러운 빛이다. || 부드러운 조명.
Black Armory	/objects/sheilaworkshop/black_furniture/titansteelshiplight/titansteelshiplight.object	/floranDescription	Floran feelss like centre of attention.	플로란에게 주의가 집중된 느낌이다.	플로란에게 이목이 집중된 것 같은 기분이다. || 플로란에게 주의가 집중된 느낌이다. || 플로란은 모두에게 주목받고 있다는 느낌이 든다.
Black Armory	/objects/sheilaworkshop/black_furniture/titansteelshiplight/titansteelshiplight.object	/glitchDescription	Stealthy. By analysing this floodlight's patterns, it would be easy to sneak around it.	은밀. 이 빛의 패턴을 분석한 결과, 숨어 들어가기는 쉬울 것 같다.	은밀. 이 빛의 패턴을 분석한 결과, 숨어 들어가기는 쉬울 것 같다. || 은밀. 이 조명의 패턴을 분석한 결과, 이걸 피해 숨어다니기는 쉬울 것 같다. || 은밀. 투광등이 움직이는 패턴을 분석하면, 몰래 지나가기 쉬울 것 같다.
Black Armory	/objects/sheilaworkshop/black_furniture/titansteelshiplight/titansteelshiplight.object	/humanDescription	I've always wanted to be in the spotlight.	난 항상 스포트라이트를 받아보고 싶었지.	난 항상 스포트라이트를 받아보고 싶었지. || 난 항상 스포트라이트의 빛을 받아보고 싶었지. || 항상 스포트라이트의 불빛을 받아보고 싶었지.
Black Armory	/objects/sheilaworkshop/black_furniture/titansteelshiplight/titansteelshiplight.object	/novakidDescription	This light is nearly as bright as me!	이 빛은 거의 나만큼이나 밝구만!	이 빛은 거의 나만큼이나 밝구만! || 이 빛은 나만큼이나 밝군 그래!
Black Armory	/items/sheilaworkshop/black_weapons/black_fulgurtempestas/black_fulgurtempestas.activeitem	/altAbility/name	Chaos Arrow	카오스 화살	카오스 화살 || 혼돈 화살
Black Armory	/objects/sheilaworkshop/black_furniture/titansteelsmalllight/titansteelsmalllight.object	/avianDescription	It's a wall light.	등불이다.	등불이다. || 벽 전등이다. || 벽 조명이야 || 벽 조명이에요 || 벽 조명입니다.
Black Armory	/objects/sheilaworkshop/black_furniture/titansteelsmalllight/titansteelsmalllight.object	/floranDescription	Shiny light!	반짝이는 빛!	반짝반짝 빛나는 빛! || 반짝이는 빛! || 빛나는 등불이다!
Black Armory	/objects/sheilaworkshop/black_furniture/titansteelsmalllight/titansteelsmalllight.object	/humanDescription	A pretty standard wall light.	꽤나 표준적인 등불이다.	꽤 표준적인 벽 조명입니다. || 꽤나 표준적인 등불이다. || 아주 평범한 벽 조명입니다.
Black Armory	/objects/sheilaworkshop/black_furniture/titansteelsmalllight/titansteelsmalllight.object	/hylotlDescription	A wall light. It is functional but unpleasant.	벽 조명입니다. 기능적이지만 불쾌합니다.	등불이다. 작동은 하지만 불쾌하다. || 벽 조명. 기능적이지만 불쾌하지 않습니다. || 벽 조명입니다. 기능적이지만 불쾌합니다.
Black Armory	/objects/sheilaworkshop/black_furniture/titansteelsmalllight/titansteelsmalllight.object	/novakidDescription	This light's okay, but it ain't as bright as me!	이 조명은 괜찮지만 나만큼 밝지는 않아!	이 등불은 괜찮지만, 나처럼 밝게 빛나지는 않네! || 이 조명도 괜찮지만 저만큼 밝지는 않아요! || 이 조명은 괜찮지만 나만큼 밝지는 않아! || 이 조명은 괜찮지만 나만큼 밝지는 않아요!
Black Armory	/objects/sheilaworkshop/black_furniture/titansteelshipteleporter/titansteelshipteleporter.object	/apexDescription	The ship's teleporter. Teleporting feels like riding a rollercoaster at the speed of light.	함선의 텔레포터다. 텔레포트는 마치 광속으로 롤러코스터를 타는 기분이다.	배의 텔레포터. 순간이동은 빛의 속도로 롤러코스터를 타는 것과 같은 느낌입니다. || 우주선의 텔레포터 때문이에요. 순간이동은 빛의 속도로 롤러코스터를 타는 것 같아요. || 우주선의 텔레포터. 순간이동은 빛의 속도로 롤러코스터를 타는 것 같아요. || 우주선의 텔레포터. 순간이동은 빛의 속도로 롤러코스터를 타는 것과 같은 느낌이에요. || 우주선의 텔레포터. 순간이동은 빛의 속도로 롤러코스터를 타는 것과 같은 느낌입니다. || 우주선의 텔레포터. 순간이동은 빛의 속도로 롤러코스터를 타는 기분이에요. || 이 우주선의 텔레포터. 순간이동은 빛의 속도로 롤러코스터를 타는 기분이에요. || 함선의 텔레포터다. 텔레포트는 마치 광속으로 롤러코스터를 타는 기분이다. || 함선의 텔레포터입니다. 순간이동은 빛의 속도로 롤러코스터를 타는 것과 같은 느낌입니다.
Black Armory	/objects/sheilaworkshop/black_furniture/titansteelshipteleporter/titansteelshipteleporter.object	/avianDescription	The teleporter! Teleporting feels like flying.	텔레포터! 순간이동은 하늘을 나는 느낌입니다.	텔레포터! 순간이동은 날아가는 느낌이야. || 텔레포터! 순간이동은 하늘을 나는 기분이야. || 텔레포터! 순간이동은 하늘을 나는 기분이에요. || 텔레포터! 순간이동은 하늘을 나는 느낌입니다. || 텔레포터다! 텔레포트는 마치 하늘을 나는 기분이야.
Black Armory	/objects/sheilaworkshop/black_furniture/titansteelshipteleporter/titansteelshipteleporter.object	/floranDescription	Ship teleporter. Floran feel confusssed during teleport.	배 텔레포터. 플로란은 순간이동 중에 혼란스러워합니다.	배 텔레포터. 플로란은 순간이동 중에 혼란스러워합니다. || 배 텔레포터. 플로란은 순간이동 중에 혼란스러워해요. || 함선 텔레포터. 플로란이 순간이동 중 혼란스러워합니다. || 함선 텔레포터. 플로란이 순간이동 중에 혼란스러워합니다. || 함선의 텔레포터다. 플로란은 텔레포트하는 도중에 기분이 이상하다.
Black Armory	/objects/sheilaworkshop/black_furniture/titansteelshipteleporter/titansteelshipteleporter.object	/glitchDescription	Smug. A teleporter. I am able to enter a sleep mode during the teleport process.	스머그. 텔레포터. 순간이동 중에 절전 모드로 들어갈 수 있어요.	스머그. 텔레포터. 순간이동 중에 절전 모드로 들어갈 수 있어요. || 자랑. 텔레포터다. 나는 텔레포트 과정 도중에 수면 모드로 들어갈 수 있다. || 잘난 척. 텔레포터. 순간이동 중에 수면 모드로 들어갈 수 있어. || 잘난 척. 텔레포터. 순간이동 중에 수면 모드로 들어갈 수 있어요. || 잘난 척. 텔레포터라니. 순간이동 중에 수면 모드로 들어갈 수 있어요.
Black Armory	/objects/sheilaworkshop/black_furniture/titansteelshipteleporter/titansteelshipteleporter.object	/humanDescription	The teleporter! Teleporting is such a rush.	텔레포터! 순간이동은 정말 급하네요.	텔레포터! 순간이동은 정말 급하네요. || 텔레포터! 순간이동은 정말 짜릿하네요. || 텔레포터다! 텔레포트를 하면 기분이 참 좋지.
Black Armory	/objects/sheilaworkshop/black_furniture/titansteelshipteleporter/titansteelshipteleporter.object	/hylotlDescription	A teleporter. Teleporting feels like diving into the ocean from a mountain top.	텔레포터. 순간이동은 산 정상에서 바다로 뛰어드는 느낌이에요.	텔레포터. 순간이동은 산 정상에서 바다로 뛰어드는 느낌이에요. || 텔레포터. 텔레포트는 산 정상에서 바다로 뛰어드는 느낌이에요. || 텔레포터다. 텔레포트를 하면 마치 산 정상에서 바다로 다이빙을 하는 느낌이야.
Black Armory	/objects/sheilaworkshop/black_furniture/titansteelshipteleporter/titansteelshipteleporter.object	/novakidDescription	Ship's teleporter. Let's take her for a spin!	배의 텔레포터. 한 번 타보자!	배의 텔레포터. 한 번 사용해 봅시다! || 배의 텔레포터. 한 번 타보자! || 배의 텔레포터. 한번 시승해 봅시다! || 우주선의 텔레포터. 한 번 시승해 보세요! || 우주선의 텔레포터. 한 번 타보세요! || 함선의 텔레포터다. 어디 한 번 돌려볼까!
Black Armory	/objects/sheilaworkshop/black_furniture/titansteelredbarlight/titansteelredbarlightbroken.object	/apexDescription	This light isn't getting enough power.	이 전등에는 동력이 부족한 것 같다.	이 전등에는 동력이 부족한 것 같다. || 이 조명은 동력을 제대로 받지 못하고 있다. || 이 조명은 전력이 충분하지 않습니다. || 이 조명의 전력이 충분하지 않아요. || 전등에 동력이 제대로 공급되지 않고 있다.
Black Armory	/objects/sheilaworkshop/black_furniture/titansteelredbarlight/titansteelredbarlightbroken.object	/avianDescription	A flickering light.	깜박이는 표시등.	깜박이는 표시등. || 깜빡이는 불빛이다. || 깜빡이는 전등이다. || 깜빡이는 조명입니다.
Black Armory	/objects/sheilaworkshop/black_furniture/titansteelredbarlight/titansteelredbarlightbroken.object	/floranDescription	Broken light makesss Floran dizzy.	부셔진 불빛은 플로란을 어지럽게 한다.	고장난 불빛 때문에 플로란이 어지러워요. || 부셔진 불빛은 플로란을 어지럽게 한다.
Black Armory	/objects/sheilaworkshop/black_furniture/titansteelredbarlight/titansteelredbarlightbroken.object	/glitchDescription	Concerned. This light is malfunctioning.	걱정. 전등이 오작동하고 있다.	걱정. 이 조명은 오작동하고 있다. || 걱정. 전등이 오작동하고 있다. || 걱정돼. 이 조명이 고장났습니다. || 걱정된다. 이 불빛이 고장났습니다. || 걱정됩니다. 이 조명이 고장났습니다.
Black Armory	/objects/sheilaworkshop/black_furniture/titansteelredbarlight/titansteelredbarlightbroken.object	/humanDescription	This light's on the blink.	불빛이 깜빡이고 있다.	깜빡이고 있는 전등이다. || 불빛이 깜빡이고 있다. || 이 불빛이 깜빡입니다. || 전등이 깜빡이고 있다.
Black Armory	/objects/sheilaworkshop/black_furniture/titansteelredbarlight/titansteelredbarlightbroken.object	/hylotlDescription	An underpowered light.	전원이 부족합니다.	동력이 부족한 전등이다. || 동력이 부족한 조명이다. || 동력이 적게 공급되고 있는 전등이다. || 전원이 부족합니다.
Black Armory	/objects/sheilaworkshop/black_furniture/titansteelredbarlight/titansteelredbarlightbroken.object	/novakidDescription	This light ain't gettin' enough power.	이 조명은 동력이 부족한 듯 한데.	이 조명은 동력이 부족한 듯 한데. || 전력이 충분하지 않아요.
Black Armory	/objects/sheilaworkshop/black_furniture/black_blackarmorybanner2b/black_blackarmorybanner2b.object	/apexDescription	Rich, heavy curtains.	무겁고 비싼 커튼이다.	고급지고, 무거운 커튼이다. || 무겁고 비싼 커튼이다. || 풍성하고 무거운 커튼. || 풍성하고 무거운 커튼입니다.
Black Armory	/objects/sheilaworkshop/black_furniture/black_blackarmorybanner2b/black_blackarmorybanner2b.object	/avianDescription	Soft to the touch.	촉감이 부드러워	만지면 부드럽다. || 촉감이 부드러워 || 촉감이 부드러워요. || 촉감이 부드럽네
Black Armory	/objects/sheilaworkshop/black_furniture/black_blackarmorybanner2b/black_blackarmorybanner2b.object	/humanDescription	These curtains belong in a mansion.	저택에 어울리는 커튼이다.	이 커튼은 대저택에 어울려요. || 이 커튼은 대저택에 어울리는 커튼입니다. || 이 커튼은 대저택에나 있을 법한 커튼이에요. || 이 커튼은 저택에나 있을 법한데. || 저택에 어울리는 커튼이다.
Black Armory	/objects/sheilaworkshop/black_furniture/black_blackarmorybanner2b/black_blackarmorybanner2b.object	/hylotlDescription	These curtains almost stick to Hylotl skin.	하이로틀 피부에 거의 달라붙는 커튼이다.	이 커튼은 거의 하이로틀 피부에 달라붙을 정도다. || 이 커튼은 하이로틀 스킨에 거의 붙어 있어요. || 이 커튼은 하이로틀 피부에 거의 붙어 있어요. || 하이로틀 피부에 거의 달라붙는 커튼이다.
Black Armory	/objects/sheilaworkshop/black_furniture/titansteeldoor/titansteeldoor.object	/humanDescription	It looks like a reliable door to keep things out. Or in.	밖을 막아줄 믿을 만한 문 같네요. 아니면 들어올 수도 있고.	밖을 막아줄 믿을 만한 문 같네요. 아니면 들어올 수도 있고. || 여러 것들이 들어오거나, 또는 나가지 못하게 하는 믿음직한 문이다.
Black Armory	/objects/sheilaworkshop/black_furniture/titansteelshipdoor/titansteelshipdoor.object	/apexDescription	Doors like this are common on ships.	함선에서 흔히 보이는 문이다.	우주선에는 이런 문이 흔합니다. || 이런 문은 우주선에서 흔히 볼 수 있습니다. || 이런 문은 우주선에서는 흔히 볼 수 있어요. || 함선에서 흔히 보이는 문이다.
Black Armory	/objects/sheilaworkshop/black_furniture/titansteelshipdoor/titansteelshipdoor.object	/avianDescription	A spaceship door.	우주선 문이다.	우주선 문이다. || 우주선 문이죠. || 우주선 문입니다.
Black Armory	/objects/sheilaworkshop/black_furniture/titansteelshipdoor/titansteelshipdoor.object	/floranDescription	Ssspaceship door.	우주선 문.	우주선 문. || 우주선 문이다. || 우주선 문입니다.
Black Armory	/objects/sheilaworkshop/black_furniture/titansteelshipdoor/titansteelshipdoor.object	/glitchDescription	Informed. A standard ship door.	정보. 표준 선박 문입니다.	정보. 표준 선박 문입니다. || 정보. 표준 우주선 문입니다. || 정보. 표준적인 함선 문이다.
Black Armory	/objects/sheilaworkshop/black_furniture/titansteelshipdoor/titansteelshipdoor.object	/humanDescription	A spaceship door.	우주선 문이다.	우주선 문이다. || 우주선 문이죠. || 우주선 문입니다.
Black Armory	/objects/sheilaworkshop/black_furniture/titansteelshipdoor/titansteelshipdoor.object	/hylotlDescription	A basic ship door.	기본적인 함선 문이다.	기본적인 우주선 문입니다. || 기본적인 함선 문이다.
Black Armory	/objects/sheilaworkshop/black_furniture/titansteelshipdoor/titansteelshipdoor.object	/novakidDescription	A door, the type you'd find on a ship.	배에서나 볼 수 있는 문입니다.	배에서나 볼 수 있는 문입니다. || 우주선에서 볼 수 있는 문입니다. || 우주선에서 볼 수 있는 유형의 문입니다. || 함선에서 볼 수 있는 종류의 문이다.
Black Armory	/objects/sheilaworkshop/black_furniture/titansteelcaptainschair/titansteelcaptainschair.object	/apexDescription	Ahh... Sweet freedom. I can use the ship's navigator from this chair.	아... 달콤한 자유. 이 의자에서 함선의 내비게이터를 쓸 수 있어.	아... 달콤한 자유. 이 의자에서 배의 내비게이터를 사용할 수 있어. || 아... 달콤한 자유. 이 의자에서 배의 내비게이터를 사용할 수 있어요. || 아... 달콤한 자유. 이 의자에서 우주선의 내비게이터를 사용할 수 있어요. || 아... 달콤한 자유. 이 의자에서 함선의 내비게이터를 사용할 수 있겠어. || 아... 달콤한 자유. 이 의자에서 함선의 내비게이터를 사용할 수 있어요. || 아... 달콤한 자유. 이 의자에서 함선의 내비게이터를 쓸 수 있어. || 아... 달콤한 자유네요. 이 의자에서 배의 내비게이터를 사용할 수 있어. || 아... 달콤한 자유네요. 이 의자에서 배의 내비게이터를 사용할 수 있어요. || 아... 달콤한 자유네요. 이 의자에서 우주선 내비게이터를 사용할 수 있어요. || 아... 달콤한 자유네요. 이 의자에서 우주선의 내비게이터를 사용할 수 있어요. || 아아... 자유는 달콤하다. 이 의자에서 함선의 내비게이터를 사용할 수 있다.
Black Armory	/objects/sheilaworkshop/black_furniture/titansteelcaptainschair/titansteelcaptainschair.object	/avianDescription	The Captain's chair. That's me! I can use the ship's navigator from this chair.	선장의 의자요 바로 나야! 이 의자에서 내비게이터를 사용할 수 있어.	선장 의자 바로 나야! 이 의자에서 배의 내비게이터를 사용할 수 있어. || 선장 의자 바로 나야! 이 의자에서 우주선의 내비게이터를 사용할 수 있어. || 선장 의자 바로 나야! 이 의자에서 함선의 내비게이터를 사용할 수 있어. || 선장 의자. 바로 나야! 이 의자에서 함선의 내비게이터를 사용할 수 있어요. || 선장의 의자다. 바로 내가 선장이고! 이 의자에서 함선의 내비게이터를 사용할 수 있다. || 선장의 의자요 바로 나야! 이 의자에서 내비게이터를 사용할 수 있어. || 함장님 의자 바로 나야! 이 의자에서 함선의 내비게이터를 사용할 수 있어요. || 함장님 의자! 바로 나야! 이 의자에서 배의 내비게이터를 사용할 수 있어. || 함장님 의자! 바로 나야! 이 의자에서 함선의 내비게이터를 사용할 수 있어. || 함장님 의자. 바로 나야! 이 의자에서 함선의 내비게이터를 사용할 수 있어.
Black Armory	/objects/sheilaworkshop/black_furniture/titansteelcaptainschair/titansteelcaptainschair.object	/floranDescription	Best chair on ship. Floran can sit here to ussse navigator and fly ship!	함선 최고의 의자다. 플로란은 이 의자에서 내비게이터로 함선을 날릴 슈 있다!	배에서 제일 좋은 의자야 플로란은 여기에 앉아서 내비게이터를 사용하고 배를 조종할 수 있어요! || 배에서 제일 좋은 의자예요. 플로란이 여기 앉아서 내비게이터를 사용하고 배를 조종할 수 있어요! || 배에서 제일 좋은 의자예요. 플로란이 여기 앉아서 내비게이터를 사용해서 배를 조종할 수 있어요! || 함선 최고의 의자. 플로란은 여기에 앉아서 내비게이터와 비행기를 사용할 수 있습니다! || 함선 최고의 의자다. 플로란은 이 의자에서 내비게이터로 함선을 날릴 슈 있다!
Black Armory	/objects/sheilaworkshop/black_furniture/titansteelcaptainschair/titansteelcaptainschair.object	/glitchDescription	Excited. Sitting on the Captain's chair allows me to fly this ship. Where to next?	신남. 선장의 의자에 앉으면 이 함선을 조종할 수 있다. 다음은 어디로 갈까?	신나네요. 선장 의자에 앉으면 이 배를 조종할 수 있어요. 다음은 어디로 갈까요? || 신난다! 선장 의자에 앉으면 이 배를 조종할 수 있어요. 다음은 어디로 갈까요? || 신난다. 선장님 의자에 앉으면 이 배를 조종할 수 있어요. 다음은 어디로 갈까요? || 신남. 선장의 의자에 앉으면 이 함선을 조종할 수 있다. 다음은 어디로 갈까? || 흥분됩니다. 선장 의자에 앉으니 이 배를 조종할 수 있겠네요. 다음은 어디로 갈까요?
Black Armory	/objects/sheilaworkshop/black_furniture/titansteelcaptainschair/titansteelcaptainschair.object	/humanDescription	The Captain's chair. The person sitting here decides where the ship goes!	선장의 의자예요. 여기 앉은 사람이 배의 방향을 결정해요!	선장의 의자다. 여기 앉은 사람이 함선이 갈 곳을 결정하는 거야! || 선장의 의자예요. 여기 앉은 사람이 배의 방향을 결정해요!
Black Armory	/objects/sheilaworkshop/black_furniture/titansteelcaptainschair/titansteelcaptainschair.object	/hylotlDescription	Sitting on the Captain's chair allows me to fly this ship.	선장의 의자에 앉으면 이 함선을 조종할 수 있다.	선장 의자에 앉으면 이 배를 조종할 수 있어요. || 선장의 의자에 앉으면 이 함선을 조종할 수 있다.
Black Armory	/objects/sheilaworkshop/black_furniture/titansteelcaptainschair/titansteelcaptainschair.object	/novakidDescription	The Captain's chair. The guy who sits here decides where the ship goes! That's me!	선장의 의자군. 여기 앉은 녀석이 함선이 갈 곳을 정하는 법이네! 그리고 그게 바로 나다!	선장의 의자군. 여기 앉은 녀석이 함선이 갈 곳을 정하는 법이네! 그리고 그게 바로 나다! || 선장의 의자야 여기 앉는 사람이 배의 방향을 결정해! 바로 나야! || 선장의 의자야. 여기 앉는 사람이 배의 방향을 결정해! 바로 나야! || 선장의 의자예요. 여기 앉은 사람이 배의 방향을 결정해요! 바로 나야! || 선장의 의자예요. 여기 앉은 사람이 배의 방향을 결정해요! 바로 저예요! || 함장의 의자. 여기 앉은 사람이 배의 방향을 결정해요! 바로 저예요!
Black Armory	/objects/sheilaworkshop/black_furniture/titansteelstoreshelf/titansteelstoreshelf.object	/avianDescription	There are some healing items on this shelf.	이 선반에는 구급품이 있다.	선반 위에 치료 물품들이 약간 있다. || 이 선반에 구급품이 약간 있다. || 이 선반에는 구급품이 있다.
Black Armory	/interface/tooltips/black_base.tooltip	/speedTitleLabel/value	Rate of Fire:	공격 속도:	공격 속도: || 발사 속도: || 속도: || 피해량:
Black Armory	/interface/tooltips/black_base.tooltip	/damagePerShotTitleLabel/value	Damage Per Shot:	피해량:	대미지: || 사격당 피해량: || 피해량:
Black Armory	/interface/tooltips/black_base.tooltip	/energyPerShotTitleLabel/value	Energy Per Shot:	에너지 소모량:	^green;장전 당 발사^reset;: || 사격당 에너지: || 에너지 소모량:
Black Armory	/objects/sheilaworkshop/black_furniture/uvshiplight/uvshiplight.object	/floranDescription	Ship light is harsh on Floran eyesss.	함선 조명은 플로란 눈에 좋지 않다.	배의 빛은 플로란의 눈에는 가혹합니다. || 우주선의 빛은 플로란의 눈에는 가혹합니다. || 플로란의 눈에는 배의 불빛이 거슬리네요. || 플로란의 눈에는 배의 불빛이 너무 강렬해요. || 플로란의 눈에는 배의 빛이 거칠게 느껴집니다. || 함선 조명은 플로란 눈에 좋지 않다.
Black Armory	/objects/sheilaworkshop/black_furniture/uvshiplight/uvshiplight.object	/novakidDescription	That's one bright lightbulb.	참으로 밝은 전구인데.	밝은 전구 하나네요. || 밝은 전구 하나면 충분하죠. || 참으로 밝은 전구인데.
Black Armory	/objects/sheilaworkshop/black_furniture/titansteelfridge/titansteelfridge.object	/apexDescription	A fridge. Let's hope there's food inside.	냉장고 안에 음식이 있길 바라자.	냉장고 안에 음식이 있길 바라자. || 냉장고네 안에 음식이 있길 바라자. || 냉장고네. 안에 음식이 있길 바라자. || 냉장고네요. 안에 음식이 있길 바라자고요. || 냉장고다. 안에 음식이 있길 바랄 뿐이다.
Black Armory	/objects/sheilaworkshop/black_furniture/titansteelfridge/titansteelfridge.object	/avianDescription	What's in the fridge, I wonder?	냉장고에는 뭐가 있을까?	냉장고 안에 뭐가 있을까? || 냉장고 안에는 뭐가 있을까요? || 냉장고에는 뭐가 있을까?
Black Armory	/objects/sheilaworkshop/black_furniture/titansteelfridge/titansteelfridge.object	/glitchDescription	Wary. This fridge smells unsanitary.	주의. 이 냉장고는 위생적이지 못한 냄새가 난다.	조심. 이 냉장고에서 비위생적인 냄새가 난다. || 조심해. 이 냉장고는 비위생적인 냄새가 나요. || 주의. 이 냉장고는 위생적이지 못한 냄새가 난다.
Black Armory	/objects/sheilaworkshop/black_furniture/titansteelfridge/titansteelfridge.object	/humanDescription	A fridge. I wonder if there are eggs in here?	냉장고 여기 계란이 있을까?	냉장고 여기 계란이 있을까? || 냉장고. 여기 계란이 있을까? || 냉장고다. 이 안에 달걀도 있을까?
Black Armory	/objects/sheilaworkshop/black_furniture/titansteelfridge/titansteelfridge.object	/hylotlDescription	A food-chilling device.	음식 냉각 장치	음식 냉각 장치 || 음식 냉각 장치. || 음식 냉장 보관용 기계다. || 음식을 차갑게 하는 장치야.
Black Armory	/objects/sheilaworkshop/black_furniture/titansteelfridge/titansteelfridge.object	/novakidDescription	A fridge! I wonder if anyone left any treats?	냉장고! 간식 남긴 사람 있나?	냉장고! 간식 남긴 사람 있나? || 냉장고다! 간식 남긴 사람 있나? || 냉장고다! 누가 간식을 남겼을까? || 냉장고다! 안에 간식이 남아있을까?
Black Armory	/objects/sheilaworkshop/black_furniture/uvshiplight/uvshiplightbroken.object	/apexDescription	This light isn't getting enough power.	이 전등에는 동력이 부족한 것 같다.	이 전등에는 동력이 부족한 것 같다. || 이 조명은 동력을 제대로 받지 못하고 있다. || 이 조명은 전력이 충분하지 않습니다. || 이 조명의 전력이 충분하지 않아요. || 전등에 동력이 제대로 공급되지 않고 있다.
Black Armory	/objects/sheilaworkshop/black_furniture/uvshiplight/uvshiplightbroken.object	/avianDescription	A flickering light.	깜박이는 표시등.	깜박이는 표시등. || 깜빡이는 불빛이다. || 깜빡이는 전등이다. || 깜빡이는 조명입니다.
Black Armory	/objects/sheilaworkshop/black_furniture/uvshiplight/uvshiplightbroken.object	/floranDescription	Broken light makesss Floran dizzy.	부셔진 불빛은 플로란을 어지럽게 한다.	고장난 불빛 때문에 플로란이 어지러워요. || 부셔진 불빛은 플로란을 어지럽게 한다.
Black Armory	/objects/sheilaworkshop/black_furniture/uvshiplight/uvshiplightbroken.object	/glitchDescription	Concerned. This light is malfunctioning.	걱정. 전등이 오작동하고 있다.	걱정. 이 조명은 오작동하고 있다. || 걱정. 전등이 오작동하고 있다. || 걱정돼. 이 조명이 고장났습니다. || 걱정된다. 이 불빛이 고장났습니다. || 걱정됩니다. 이 조명이 고장났습니다.
Black Armory	/objects/sheilaworkshop/black_furniture/uvshiplight/uvshiplightbroken.object	/humanDescription	This light's on the blink.	불빛이 깜빡이고 있다.	깜빡이고 있는 전등이다. || 불빛이 깜빡이고 있다. || 이 불빛이 깜빡입니다. || 전등이 깜빡이고 있다.
Black Armory	/objects/sheilaworkshop/black_furniture/uvshiplight/uvshiplightbroken.object	/hylotlDescription	An underpowered light.	전원이 부족합니다.	동력이 부족한 전등이다. || 동력이 부족한 조명이다. || 동력이 적게 공급되고 있는 전등이다. || 전원이 부족합니다.
Black Armory	/objects/sheilaworkshop/black_furniture/uvshiplight/uvshiplightbroken.object	/novakidDescription	This light ain't gettin' enough power.	이 조명은 동력이 부족한 듯 한데.	이 조명은 동력이 부족한 듯 한데. || 전력이 충분하지 않아요.
Black Armory	/objects/sheilaworkshop/black_furniture/titansteelshieldgenerator/titansteelshieldgenerator.object	/apexDescription	A shield generator.	보호막 생성기다.	보호막 생성기다. || 보호막 생성기입니다.
Black Armory	/objects/sheilaworkshop/black_furniture/titansteelshieldgenerator/titansteelshieldgenerator.object	/avianDescription	This generates a shield.	보호막을 생성합니다.	보호막을 생성합니다. || 이게 보호막을 생성하고 있다.
Black Armory	/objects/sheilaworkshop/black_furniture/titansteelshieldgenerator/titansteelshieldgenerator.object	/floranDescription	Shieldsss!	보호막!	보호막! || 보호막이다!
Black Armory	/objects/sheilaworkshop/black_furniture/titansteelshieldgenerator/titansteelshieldgenerator.object	/glitchDescription	Comforted. A shield generator.	편안. 보호막 생성기다.	위로. 보호막 생성기야. || 편안. 보호막 생성기다.
Black Armory	/objects/sheilaworkshop/black_furniture/titansteelshieldgenerator/titansteelshieldgenerator.object	/humanDescription	This'll keep me safe!	이게 날 지켜줄 거야!	이게 날 안전하게 지켜주겠지! || 이게 날 지켜줄 거야!
Black Armory	/objects/sheilaworkshop/black_furniture/titansteelshieldgenerator/titansteelshieldgenerator.object	/hylotlDescription	A crude protection device.	조잡한 보호 장치다.	조잡한 보호 장치다. || 조잡한 보호 장치야.
Black Armory	/objects/sheilaworkshop/black_furniture/titansteelshieldgenerator/titansteelshieldgenerator.object	/novakidDescription	Who needs a shield anyhow?	어차피 방패는 누가 필요하겠어?	보호막이 왜 필요하다는 거지? || 어차피 방패는 누가 필요하겠어?
Black Armory	/objects/sheilaworkshop/black_furniture/uvlamp/uvlamp.object	/hylotlDescription	A wall light. It is functional but unpleasant.	벽 조명입니다. 기능적이지만 불쾌합니다.	등불이다. 작동은 하지만 불쾌하다. || 벽 조명. 기능적이지만 불쾌하지 않습니다. || 벽 조명입니다. 기능적이지만 불쾌합니다.
Black Armory	/objects/sheilaworkshop/black_furniture/uvlamp/uvlamp.object	/novakidDescription	This light's okay, but it ain't as bright as me!	이 조명은 괜찮지만 나만큼 밝지는 않아!	이 등불은 괜찮지만, 나처럼 밝게 빛나지는 않네! || 이 조명도 괜찮지만 저만큼 밝지는 않아요! || 이 조명은 괜찮지만 나만큼 밝지는 않아! || 이 조명은 괜찮지만 나만큼 밝지는 않아요!
Black Armory	/objects/sheilaworkshop/black_furniture/titansteelshipdoor/titansteelshiphatch.object	/apexDescription	Hatch designs like this are common on ships.	함선에서 흔히 보이는 해치다.	이런 해치 디자인은 배에서 흔히 볼 수 있습니다. || 이런 해치 디자인은 우주선에서 흔히 볼 수 있습니다. || 이런 해치 디자인은 우주선에서 흔히 볼 수 있어요. || 이와 같은 해치 디자인은 선박에서 흔히 볼 수 있습니다. || 이와 같은 해치 디자인은 우주선에서 흔히 볼 수 있습니다. || 이와 같은 해치 디자인은 함선에서 흔히 볼 수 있습니다. || 함선에서 흔히 보이는 해치다.
Black Armory	/objects/sheilaworkshop/black_furniture/titansteelshipdoor/titansteelshiphatch.object	/avianDescription	A spaceship hatch.	우주선 해치.	우주선 해치. || 우주선 해치다. || 우주선 해치예요. || 우주선 해치입니다.
Black Armory	/objects/sheilaworkshop/black_furniture/titansteelshipdoor/titansteelshiphatch.object	/floranDescription	Ssspaceship hatch.	우주선 해치.	우주선 해치. || 우주선 해치다. || 우주선 해치입니다.
Black Armory	/objects/sheilaworkshop/black_furniture/titansteelshipdoor/titansteelshiphatch.object	/glitchDescription	Informed. A standard ship hatch.	정보. 표준 선박 해치.	정보 제공. 일반적인 배의 해치입니다. || 정보. 표준 선박 해치. || 정보. 표준 선박 해치입니다. || 정보. 표준적인 함선 해치다.
Black Armory	/objects/sheilaworkshop/black_furniture/titansteelshipdoor/titansteelshiphatch.object	/humanDescription	A spaceship hatch.	우주선 해치.	우주선 해치. || 우주선 해치다. || 우주선 해치예요. || 우주선 해치입니다.
Black Armory	/objects/sheilaworkshop/black_furniture/titansteelshipdoor/titansteelshiphatch.object	/hylotlDescription	A basic ship hatch.	기본적인 배 해치.	기본 우주선 해치입니다. || 기본적인 배 해치. || 기본적인 배의 해치. || 기본적인 배의 해치입니다. || 기본적인 우주선 해치. || 기본적인 함선 해치다.
Black Armory	/objects/sheilaworkshop/black_furniture/titansteelshipdoor/titansteelshiphatch.object	/novakidDescription	A hatch, the type you'd find on a ship.	배에서 볼 수 있는 해치입니다.	배에서 볼 수 있는 해치입니다. || 우주선에서 볼 수 있는 해치입니다. || 함선에서 볼 수 있는 종류의 해치다.
Black Armory	/objects/sheilaworkshop/black_furniture/black_blackarmorybannertop/black_blackarmorybannertop.object	/apexDescription	Rich, heavy curtains.	무겁고 비싼 커튼이다.	고급지고, 무거운 커튼이다. || 무겁고 비싼 커튼이다. || 풍성하고 무거운 커튼. || 풍성하고 무거운 커튼입니다.
Black Armory	/objects/sheilaworkshop/black_furniture/black_blackarmorybannertop/black_blackarmorybannertop.object	/avianDescription	Soft to the touch.	촉감이 부드러워	만지면 부드럽다. || 촉감이 부드러워 || 촉감이 부드러워요. || 촉감이 부드럽네
Black Armory	/objects/sheilaworkshop/black_furniture/black_blackarmorybannertop/black_blackarmorybannertop.object	/humanDescription	These curtains belong in a mansion.	저택에 어울리는 커튼이다.	이 커튼은 대저택에 어울려요. || 이 커튼은 대저택에 어울리는 커튼입니다. || 이 커튼은 대저택에나 있을 법한 커튼이에요. || 이 커튼은 저택에나 있을 법한데. || 저택에 어울리는 커튼이다.
Black Armory	/objects/sheilaworkshop/black_furniture/black_blackarmorybannertop/black_blackarmorybannertop.object	/hylotlDescription	These curtains almost stick to Hylotl skin.	하이로틀 피부에 거의 달라붙는 커튼이다.	이 커튼은 거의 하이로틀 피부에 달라붙을 정도다. || 이 커튼은 하이로틀 스킨에 거의 붙어 있어요. || 이 커튼은 하이로틀 피부에 거의 붙어 있어요. || 하이로틀 피부에 거의 달라붙는 커튼이다.
Black Armory	/objects/sheilaworkshop/black_furniture/titansteelflatscreen/titansteelflatscreen.object	/floranDescription	It'sss a large tv.	커다란 TV다.	대형 TV입니다. || 커다란 TV다.
Black Armory	/objects/sheilaworkshop/black_furniture/titansteeltechstationTier0/titansteeltechstationTier0.object	/apexDescription	When it's working, I can talk to SAIL through this console.	작동을 할 때면, 이 콘솔을 통해 SAIL과 대화할 수 있겠다.	작동 중일 때 이 콘솔을 통해 SAIL과 대화할 수 있습니다. || 작동을 할 때면, 이 콘솔을 통해 SAIL과 대화할 수 있겠다.
Black Armory	/objects/sheilaworkshop/black_furniture/titansteeltechstationTier0/titansteeltechstationTier0.object	/avianDescription	Rebooting this station should enable me to talk to SAIL.	이 스테이션을 재부팅 하면 SAIL과 대화할 수 있을 것이다.	이 스테이션을 재부팅 하면 SAIL과 대화할 수 있을 것이다. || 이 스테이션을 재부팅하면 SAIL과 대화할 수 있습니다. || 이 정거장을 재부팅하면 SAIL과 대화할 수 있을 거예요. || 이 정거장을 재부팅하면 세일과 대화할 수 있을 거예요.
Black Armory	/objects/sheilaworkshop/black_furniture/titansteeltechstationTier0/titansteeltechstationTier0.object	/floranDescription	Floran fix thisss panel to wake ship up!	플로란이 이 패널을 고쳐서 배를 깨워!	플로란은 이 패널을 고쳐셔 함선을 깨운다! || 플로란이 이 패널을 고쳐서 배를 깨워! || 플로란이 이 패널을 고쳐서 배를 깨워요! || 플로란이 이 패널을 고쳐서 배를 깨웠어요! || 플로란이 이 패널을 고쳐서 우주선을 깨웠어요!
Black Armory	/objects/sheilaworkshop/black_furniture/titansteeltechstationTier0/titansteeltechstationTier0.object	/glitchDescription	Distressed. I first need to reboot this station to communicate with SAIL.	고민. 이 스테이션으로 SAIL과 상호작용하려면 먼저 재부팅을 해야 한다.	고민. 이 스테이션으로 SAIL과 상호작용하려면 먼저 재부팅을 해야 한다. || 조난. SAIL과 통신하려면 먼저 이 스테이션을 재부팅해야 해요. || 조난. 먼저 이 스테이션을 재부팅해야 SAIL과 통신할 수 있어요.
Black Armory	/objects/sheilaworkshop/black_furniture/titansteeltechstationTier0/titansteeltechstationTier0.object	/humanDescription	If I can reboot this station SAIL should come back online!	이 스테이션을 재부팅하면 SAIL이 정상적으로 작동할 것이다!	이 스테이션을 재부팅하면 SAIL이 다시 온라인 상태가 될 거예요! || 이 스테이션을 재부팅하면 SAIL이 정상적으로 작동할 것이다!
Black Armory	/objects/sheilaworkshop/black_furniture/titansteeltechstationTier0/titansteeltechstationTier0.object	/hylotlDescription	This console will allow me to communicate with SAIL. I need to reboot it first.	이 콘솔로 SAIL과 상호작용할 수 있다. 먼저 재부팅을 해야 하겠지만.	이 콘솔로 SAIL과 상호작용할 수 있다. 먼저 재부팅을 해야 하겠지만. || 이 콘솔을 통해 SAIL과 통신할 수 있습니다. 먼저 재부팅해야 합니다. || 이 콘솔을 통해 SAIL과 통신할 수 있습니다. 먼저 재부팅해야 해요. || 이 콘솔을 통해 SAIL과 통신할 수 있어요. 먼저 재부팅해야 해요.
Black Armory	/objects/sheilaworkshop/black_furniture/titansteeltechstationTier0/titansteeltechstationTier0.object	/novakidDescription	Time to reboot this station so I can talk to SAIL.	SAIL과 대화할 수 있도록 이 스테이션을 재부팅할 시간입니다.	SAIL과 대화할 수 있도록 이 스테이션을 재부팅할 시간입니다. || 이 스테이션을 재부팅하고 SAIL과 대화할 때로군. || 이 스테이션을 재부팅해야 SAIL과 대화할 수 있습니다. || 이 스테이션을 재부팅해야 SAIL과 대화할 수 있어요. || 이 스테이션을 재부팅해야 SAIL과 통신할 수 있습니다.
Black Armory	/objects/sheilaworkshop/black_furniture/titansteelcabinet/titansteelcabinet.object	/apexDescription	A cabinet.	캐비닛.	캐비닛. || 캐비닛이다.
Black Armory	/objects/sheilaworkshop/black_furniture/titansteelcabinet/titansteelcabinet.object	/avianDescription	An interesting looking cabinet.	재미있는 책장입니다.	재미있는 책장입니다. || 흥미롭게 생긴 캐비닛이다.
Black Armory	/objects/sheilaworkshop/black_furniture/titansteelcabinet/titansteelcabinet.object	/floranDescription	A cabinet for keeping thingss in.	물건을 보관하는 캐비닛이야.	물건을 담아두는 캐비닛이다. || 물건을 보관하는 캐비닛이야.
Black Armory	/objects/sheilaworkshop/black_furniture/titansteelcabinet/titansteelcabinet.object	/glitchDescription	Interested. I wonder what's inside this cabinet?	흥미. 이 캐비닛 안에는 뭐가 있을까?	흥미. 이 캐비닛 안에는 뭐가 있을까? || 흥미롭군. 이 캐비닛 안에는 뭐가 있을까?
Black Armory	/objects/sheilaworkshop/black_furniture/titansteelcabinet/titansteelcabinet.object	/humanDescription	A cabinet.	캐비닛.	캐비닛. || 캐비닛이다.
Black Armory	/objects/sheilaworkshop/black_furniture/titansteelcabinet/titansteelcabinet.object	/hylotlDescription	A crude cabinet.	조잡한 캐비닛.	조잡한 캐비닛. || 조잡한 캐비닛이다.
Black Armory	/objects/sheilaworkshop/black_furniture/titansteelcabinet/titansteelcabinet.object	/novakidDescription	A basic cabinet. Anythin' inside?	평범한 수납장 안에 뭐가 있나?	기본적인 캐비닛이다. 안에 뭐가 있을까? || 평범한 수납장 안에 뭐가 있나?
Black Armory	/objects/sheilaworkshop/black_furniture/titansteeltechstation/titansteeltechstation.object	/apexDescription	I can talk to SAIL through this console.	이 콘솔을 통해 SAIL과 대화할 수 있다.	이 콘솔을 통해 SAIL과 대화할 수 있다. || 이 콘솔을 통해 SAIL과 대화할 수 있습니다. || 이 콘솔을 통해 SAIL과 대화할 수 있어요. || 이 콘솔을 통해 세일과 대화할 수 있어요.
Black Armory	/objects/sheilaworkshop/black_furniture/titansteeltechstation/titansteeltechstation.object	/avianDescription	I can use this station to talk to SAIL.	이 스테이션을 통해 SAIL과 대화할 수 있다.	이 스테이션을 이용해 SAIL과 대화할 수 있어요. || 이 스테이션을 통해 SAIL과 대화할 수 있다. || 이 스테이션을 통해 SAIL과 대화할 수 있습니다. || 이 스테이션을 통해 SAIL과 대화할 수 있어요. || 이 스테이션을 통해 세일과 대화할 수 있어요.
Black Armory	/objects/sheilaworkshop/black_furniture/titansteeltechstation/titansteeltechstation.object	/floranDescription	Floran use thisss magic panel to talk to SAIL!	플로란은 이 마법 패널로 SAIL과 대화한다!	플로란은 이 마법 패널로 SAIL과 대화한다! || 플로란은 이 매직 패널을 사용하여 SAIL과 대화합니다! || 플로란이 이 마법 패널을 사용해 세일과 대화했어요!
Black Armory	/objects/sheilaworkshop/black_furniture/titansteeltechstation/titansteeltechstation.object	/glitchDescription	Happy. This station allows me to talk to SAIL.	행복. 이 스테이션으로 SAIL과 대화할 수 있다.	해피. 이 스테이션을 통해 SAIL과 대화할 수 있어요. || 행복. 이 스테이션에서 SAIL과 대화할 수 있어요. || 행복. 이 스테이션으로 SAIL과 대화할 수 있다. || 행복. 이 스테이션을 통해 SAIL과 대화할 수 있어요.
Black Armory	/objects/sheilaworkshop/black_furniture/titansteeltechstation/titansteeltechstation.object	/humanDescription	This station allows me to communicate with SAIL.	이 스테이션으로 SAIL과 상호작용할 수 있다.	이 스테이션으로 SAIL과 상호작용할 수 있다. || 이 스테이션을 통해 SAIL과 대화할 수 있어요. || 이 스테이션을 통해 SAIL과 통신할 수 있어요.
Black Armory	/objects/sheilaworkshop/black_furniture/titansteeltechstation/titansteeltechstation.object	/hylotlDescription	This console allows me to communicate with SAIL.	이 콘솔로 SAIL과 상호작용할 수 있다.	이 콘솔로 SAIL과 상호작용할 수 있다. || 이 콘솔을 사용하면 SAIL과 통신할 수 있어요. || 이 콘솔을 통해 SAIL과 통신할 수 있어요.
Black Armory	/objects/sheilaworkshop/black_furniture/titansteeltechstation/titansteeltechstation.object	/novakidDescription	This here station lets me talk with SAIL.	이 스테이션을 통해 SAIL과 대화할 수 있습니다.	이 스테이션으로 SAIL과 대화할 수 있겠군. || 이 스테이션을 사용하면 SAIL과 대화할 수 있어요. || 이 스테이션을 통해 SAIL과 대화할 수 있습니다.
Black Armory	/objects/sheilaworkshop/black_furniture/black_blackarmorybanner2a/black_blackarmorybanner2a.object	/apexDescription	Rich, heavy curtains.	무겁고 비싼 커튼이다.	고급지고, 무거운 커튼이다. || 무겁고 비싼 커튼이다. || 풍성하고 무거운 커튼. || 풍성하고 무거운 커튼입니다.
Black Armory	/objects/sheilaworkshop/black_furniture/black_blackarmorybanner2a/black_blackarmorybanner2a.object	/avianDescription	Soft to the touch.	촉감이 부드러워	만지면 부드럽다. || 촉감이 부드러워 || 촉감이 부드러워요. || 촉감이 부드럽네
Black Armory	/objects/sheilaworkshop/black_furniture/black_blackarmorybanner2a/black_blackarmorybanner2a.object	/humanDescription	These curtains belong in a mansion.	저택에 어울리는 커튼이다.	이 커튼은 대저택에 어울려요. || 이 커튼은 대저택에 어울리는 커튼입니다. || 이 커튼은 대저택에나 있을 법한 커튼이에요. || 이 커튼은 저택에나 있을 법한데. || 저택에 어울리는 커튼이다.
Black Armory	/objects/sheilaworkshop/black_furniture/black_blackarmorybanner2a/black_blackarmorybanner2a.object	/hylotlDescription	These curtains almost stick to Hylotl skin.	하이로틀 피부에 거의 달라붙는 커튼이다.	이 커튼은 거의 하이로틀 피부에 달라붙을 정도다. || 이 커튼은 하이로틀 스킨에 거의 붙어 있어요. || 이 커튼은 하이로틀 피부에 거의 붙어 있어요. || 하이로틀 피부에 거의 달라붙는 커튼이다.
Black Armory	/objects/sheilaworkshop/black_furniture/titansteelredspotlight/titansteelredspotlight.object	/apexDescription	Such spotlights are used by the Miniknog to force people to talk. Spotlights, and worse...	이런 스포트라이트는 지식부가 사람들을 강제로 말하게 할 때 쓰지. 더 심한 방법을 쓰기도 하고...	사람들이 말을 하도록 강제하기 위해 지식부가 이런 스포트라이트를 쓰곤 하지. 더 심한 것도 쓰고... || 이런 스포트라이트는 지식부가 사람들을 강제로 말하게 할 때 쓰지. 더 심한 방법을 쓰기도 하고... || 이런 스포트라이트는 지식부가 사람들이 말을 하게 하려고 강제로 쓰기도 하지. 스포트라이트보다 더 심한 수단도 쓰고...
Black Armory	/objects/sheilaworkshop/black_furniture/titansteelredspotlight/titansteelredspotlight.object	/avianDescription	An annoying, blinding light.	눈이 멀 정도로 짜증나는 빛이다.	눈이 멀 정도로 밝고 짜증나는 전등이다. || 눈이 멀 정도로 짜증나는 빛이다.
Black Armory	/objects/sheilaworkshop/black_furniture/titansteelredspotlight/titansteelredspotlight.object	/floranDescription	Floran feelss like centre of attention.	플로란에게 주의가 집중된 느낌이다.	플로란에게 이목이 집중된 것 같은 기분이다. || 플로란에게 주의가 집중된 느낌이다. || 플로란은 모두에게 주목받고 있다는 느낌이 든다.
Black Armory	/objects/sheilaworkshop/black_furniture/titansteelredspotlight/titansteelredspotlight.object	/glitchDescription	Stealthy. By analysing this floodlight's patterns, it would be easy to sneak around it.	은밀. 이 빛의 패턴을 분석한 결과, 숨어 들어가기는 쉬울 것 같다.	은밀. 이 빛의 패턴을 분석한 결과, 숨어 들어가기는 쉬울 것 같다. || 은밀. 이 조명의 패턴을 분석한 결과, 이걸 피해 숨어다니기는 쉬울 것 같다. || 은밀. 투광등이 움직이는 패턴을 분석하면, 몰래 지나가기 쉬울 것 같다.
Black Armory	/objects/sheilaworkshop/black_furniture/titansteelredspotlight/titansteelredspotlight.object	/humanDescription	I've always wanted to be in the spotlight.	난 항상 스포트라이트를 받아보고 싶었지.	난 항상 스포트라이트를 받아보고 싶었지. || 난 항상 스포트라이트의 빛을 받아보고 싶었지. || 항상 스포트라이트의 불빛을 받아보고 싶었지.
Black Armory	/objects/sheilaworkshop/black_furniture/titansteelredspotlight/titansteelredspotlight.object	/hylotlDescription	A bright, piercing floodlight.	밝으면서 꿰뚫는 듯한 빛이다.	관통하는 듯이 밝은 투광등이다. || 밝으면서 꿰뚫는 듯한 빛이다.
Black Armory	/objects/sheilaworkshop/black_furniture/titansteelbarlight/titansteelbarlight.object	/floranDescription	Ship light is harsh on Floran eyesss.	함선 조명은 플로란 눈에 좋지 않다.	배의 빛은 플로란의 눈에는 가혹합니다. || 우주선의 빛은 플로란의 눈에는 가혹합니다. || 플로란의 눈에는 배의 불빛이 거슬리네요. || 플로란의 눈에는 배의 불빛이 너무 강렬해요. || 플로란의 눈에는 배의 빛이 거칠게 느껴집니다. || 함선 조명은 플로란 눈에 좋지 않다.
Black Armory	/objects/sheilaworkshop/black_furniture/titansteelbarlight/titansteelbarlight.object	/novakidDescription	That's one bright lightbulb.	참으로 밝은 전구인데.	밝은 전구 하나네요. || 밝은 전구 하나면 충분하죠. || 참으로 밝은 전구인데.
Black Armory	/objects/sheilaworkshop/black_furniture/titansteelbarlight/titansteelbarlightbroken.object	/apexDescription	This light isn't getting enough power.	이 전등에는 동력이 부족한 것 같다.	이 전등에는 동력이 부족한 것 같다. || 이 조명은 동력을 제대로 받지 못하고 있다. || 이 조명은 전력이 충분하지 않습니다. || 이 조명의 전력이 충분하지 않아요. || 전등에 동력이 제대로 공급되지 않고 있다.
Black Armory	/objects/sheilaworkshop/black_furniture/titansteelbarlight/titansteelbarlightbroken.object	/avianDescription	A flickering light.	깜박이는 표시등.	깜박이는 표시등. || 깜빡이는 불빛이다. || 깜빡이는 전등이다. || 깜빡이는 조명입니다.
Black Armory	/objects/sheilaworkshop/black_furniture/titansteelbarlight/titansteelbarlightbroken.object	/floranDescription	Broken light makesss Floran dizzy.	부셔진 불빛은 플로란을 어지럽게 한다.	고장난 불빛 때문에 플로란이 어지러워요. || 부셔진 불빛은 플로란을 어지럽게 한다.
Black Armory	/objects/sheilaworkshop/black_furniture/titansteelbarlight/titansteelbarlightbroken.object	/glitchDescription	Concerned. This light is malfunctioning.	걱정. 전등이 오작동하고 있다.	걱정. 이 조명은 오작동하고 있다. || 걱정. 전등이 오작동하고 있다. || 걱정돼. 이 조명이 고장났습니다. || 걱정된다. 이 불빛이 고장났습니다. || 걱정됩니다. 이 조명이 고장났습니다.
Black Armory	/objects/sheilaworkshop/black_furniture/titansteelbarlight/titansteelbarlightbroken.object	/humanDescription	This light's on the blink.	불빛이 깜빡이고 있다.	깜빡이고 있는 전등이다. || 불빛이 깜빡이고 있다. || 이 불빛이 깜빡입니다. || 전등이 깜빡이고 있다.
Black Armory	/objects/sheilaworkshop/black_furniture/titansteelbarlight/titansteelbarlightbroken.object	/hylotlDescription	An underpowered light.	전원이 부족합니다.	동력이 부족한 전등이다. || 동력이 부족한 조명이다. || 동력이 적게 공급되고 있는 전등이다. || 전원이 부족합니다.
Black Armory	/objects/sheilaworkshop/black_furniture/titansteelbarlight/titansteelbarlightbroken.object	/novakidDescription	This light ain't gettin' enough power.	이 조명은 동력이 부족한 듯 한데.	이 조명은 동력이 부족한 듯 한데. || 전력이 충분하지 않아요.
Black Armory	/objects/sheilaworkshop/black_furniture/black_titansteelceilingmonitor/black_titansteelceilingmonitor.object	/novakidDescription	This screen is just hangin' there.	이 화면은 그냥 멈춰 있습니다.	이 화면은 그냥 멈춰 있습니다. || 화면이 천장에 달려있군 그래.
Black Armory	/objects/sheilaworkshop/black_furniture/titansteelshiplight/titansteelshiplightBroken.object	/apexDescription	This light isn't getting enough power.	이 전등에는 동력이 부족한 것 같다.	이 전등에는 동력이 부족한 것 같다. || 이 조명은 동력을 제대로 받지 못하고 있다. || 이 조명은 전력이 충분하지 않습니다. || 이 조명의 전력이 충분하지 않아요. || 전등에 동력이 제대로 공급되지 않고 있다.
Black Armory	/objects/sheilaworkshop/black_furniture/titansteelshiplight/titansteelshiplightBroken.object	/avianDescription	A flickering light.	깜박이는 표시등.	깜박이는 표시등. || 깜빡이는 불빛이다. || 깜빡이는 전등이다. || 깜빡이는 조명입니다.
Black Armory	/objects/sheilaworkshop/black_furniture/titansteelshiplight/titansteelshiplightBroken.object	/floranDescription	Broken light makesss Floran dizzy.	부셔진 불빛은 플로란을 어지럽게 한다.	고장난 불빛 때문에 플로란이 어지러워요. || 부셔진 불빛은 플로란을 어지럽게 한다.
Black Armory	/objects/sheilaworkshop/black_furniture/titansteelshiplight/titansteelshiplightBroken.object	/glitchDescription	Concerned. This light is malfunctioning.	걱정. 전등이 오작동하고 있다.	걱정. 이 조명은 오작동하고 있다. || 걱정. 전등이 오작동하고 있다. || 걱정돼. 이 조명이 고장났습니다. || 걱정된다. 이 불빛이 고장났습니다. || 걱정됩니다. 이 조명이 고장났습니다.
Black Armory	/objects/sheilaworkshop/black_furniture/titansteelshiplight/titansteelshiplightBroken.object	/humanDescription	This light's on the blink.	불빛이 깜빡이고 있다.	깜빡이고 있는 전등이다. || 불빛이 깜빡이고 있다. || 이 불빛이 깜빡입니다. || 전등이 깜빡이고 있다.
Black Armory	/objects/sheilaworkshop/black_furniture/titansteelshiplight/titansteelshiplightBroken.object	/hylotlDescription	An underpowered light.	전원이 부족합니다.	동력이 부족한 전등이다. || 동력이 부족한 조명이다. || 동력이 적게 공급되고 있는 전등이다. || 전원이 부족합니다.
Black Armory	/objects/sheilaworkshop/black_furniture/titansteelshiplight/titansteelshiplightBroken.object	/novakidDescription	This light ain't gettin' enough power.	이 조명은 동력이 부족한 듯 한데.	이 조명은 동력이 부족한 듯 한데. || 전력이 충분하지 않아요.
Black Armory	/objects/sheilaworkshop/black_furniture/titansteelredbarlight/titansteelredbarlight.object	/floranDescription	Ship light is harsh on Floran eyesss.	함선 조명은 플로란 눈에 좋지 않다.	배의 빛은 플로란의 눈에는 가혹합니다. || 우주선의 빛은 플로란의 눈에는 가혹합니다. || 플로란의 눈에는 배의 불빛이 거슬리네요. || 플로란의 눈에는 배의 불빛이 너무 강렬해요. || 플로란의 눈에는 배의 빛이 거칠게 느껴집니다. || 함선 조명은 플로란 눈에 좋지 않다.
Black Armory	/objects/sheilaworkshop/black_furniture/titansteelredbarlight/titansteelredbarlight.object	/novakidDescription	That's one bright lightbulb.	참으로 밝은 전구인데.	밝은 전구 하나네요. || 밝은 전구 하나면 충분하죠. || 참으로 밝은 전구인데.
Black Armory	/objects/sheilaworkshop/black_furniture/uvspotlight/uvspotlight.object	/apexDescription	Such spotlights are used by the Miniknog to force people to talk. Spotlights, and worse...	이런 스포트라이트는 지식부가 사람들을 강제로 말하게 할 때 쓰지. 더 심한 방법을 쓰기도 하고...	사람들이 말을 하도록 강제하기 위해 지식부가 이런 스포트라이트를 쓰곤 하지. 더 심한 것도 쓰고... || 이런 스포트라이트는 지식부가 사람들을 강제로 말하게 할 때 쓰지. 더 심한 방법을 쓰기도 하고... || 이런 스포트라이트는 지식부가 사람들이 말을 하게 하려고 강제로 쓰기도 하지. 스포트라이트보다 더 심한 수단도 쓰고...
Black Armory	/objects/sheilaworkshop/black_furniture/uvspotlight/uvspotlight.object	/avianDescription	An annoying, blinding light.	눈이 멀 정도로 짜증나는 빛이다.	눈이 멀 정도로 밝고 짜증나는 전등이다. || 눈이 멀 정도로 짜증나는 빛이다.
Black Armory	/objects/sheilaworkshop/black_furniture/uvspotlight/uvspotlight.object	/floranDescription	Floran feelss like centre of attention.	플로란에게 주의가 집중된 느낌이다.	플로란에게 이목이 집중된 것 같은 기분이다. || 플로란에게 주의가 집중된 느낌이다. || 플로란은 모두에게 주목받고 있다는 느낌이 든다.
Black Armory	/objects/sheilaworkshop/black_furniture/uvspotlight/uvspotlight.object	/glitchDescription	Stealthy. By analysing this floodlight's patterns, it would be easy to sneak around it.	은밀. 이 빛의 패턴을 분석한 결과, 숨어 들어가기는 쉬울 것 같다.	은밀. 이 빛의 패턴을 분석한 결과, 숨어 들어가기는 쉬울 것 같다. || 은밀. 이 조명의 패턴을 분석한 결과, 이걸 피해 숨어다니기는 쉬울 것 같다. || 은밀. 투광등이 움직이는 패턴을 분석하면, 몰래 지나가기 쉬울 것 같다.
Black Armory	/objects/sheilaworkshop/black_furniture/uvspotlight/uvspotlight.object	/humanDescription	I've always wanted to be in the spotlight.	난 항상 스포트라이트를 받아보고 싶었지.	난 항상 스포트라이트를 받아보고 싶었지. || 난 항상 스포트라이트의 빛을 받아보고 싶었지. || 항상 스포트라이트의 불빛을 받아보고 싶었지.
Black Armory	/objects/sheilaworkshop/black_furniture/uvspotlight/uvspotlight.object	/hylotlDescription	A bright, piercing floodlight.	밝으면서 꿰뚫는 듯한 빛이다.	관통하는 듯이 밝은 투광등이다. || 밝으면서 꿰뚫는 듯한 빛이다.
Black Armory	/objects/sheilaworkshop/black_furniture/titansteellantern/titansteellantern.object	/glitchDescription	Appreciative. These lights are splendid.	감사. 이 조명은 훌륭하다.	감사. 빛이 참으로 놀랍구나. || 감사. 이 조명은 훌륭하다.
Black Armory	/objects/sheilaworkshop/black_furniture/titansteellantern/titansteellantern.object	/humanDescription	A bright light source. I probably shouldn't stare into it.	밝은 광원이다. 뚫어져라 쳐다보면 안 될 것 같아.	밝은 광원이다. 뚫어져라 쳐다보면 안 될 것 같아. || 밝은 조명이다. 뚫어져라 보고 있으면 안 되겠지.
Black Armory	/objects/sheilaworkshop/black_furniture/titansteellantern/titansteellantern.object	/hylotlDescription	An encouraging shimmer that reminds me of bright days.	밝은 날을 떠올리게 하는 격려의 불빛이다.	밝은 날을 떠올리게 하는 격려의 불빛이다. || 좋았던 나날을 떠오르게 하는 고무적인 빛이다.
Black Armory	/objects/sheilaworkshop/black_furniture/black_blackarmorybanner/black_blackarmorybanner.object	/apexDescription	Rich, heavy curtains.	무겁고 비싼 커튼이다.	고급지고, 무거운 커튼이다. || 무겁고 비싼 커튼이다. || 풍성하고 무거운 커튼. || 풍성하고 무거운 커튼입니다.
Black Armory	/objects/sheilaworkshop/black_furniture/black_blackarmorybanner/black_blackarmorybanner.object	/avianDescription	Soft to the touch.	촉감이 부드러워	만지면 부드럽다. || 촉감이 부드러워 || 촉감이 부드러워요. || 촉감이 부드럽네
Black Armory	/objects/sheilaworkshop/black_furniture/black_blackarmorybanner/black_blackarmorybanner.object	/humanDescription	These curtains belong in a mansion.	저택에 어울리는 커튼이다.	이 커튼은 대저택에 어울려요. || 이 커튼은 대저택에 어울리는 커튼입니다. || 이 커튼은 대저택에나 있을 법한 커튼이에요. || 이 커튼은 저택에나 있을 법한데. || 저택에 어울리는 커튼이다.
Black Armory	/objects/sheilaworkshop/black_furniture/black_blackarmorybanner/black_blackarmorybanner.object	/hylotlDescription	These curtains almost stick to Hylotl skin.	하이로틀 피부에 거의 달라붙는 커튼이다.	이 커튼은 거의 하이로틀 피부에 달라붙을 정도다. || 이 커튼은 하이로틀 스킨에 거의 붙어 있어요. || 이 커튼은 하이로틀 피부에 거의 붙어 있어요. || 하이로틀 피부에 거의 달라붙는 커튼이다.
Black Armory	/interface/windowconfig/workshop.config	/paneLayout/lblSchematics/value	^#b9b5b2;BLUEPRINTS	^#b9b5b2;설계도	^#b9b5b2;설계도 || ^#b9b5b2;청사진
Black Armory	/interface/windowconfig/workshop.config	/paneLayout/lblProducttitle/value	^#b9b5b2;PRODUCT	^#b9b5b2;물품	^#b9b5b2;물품 || ^#b9b5b2;제작품 || ^#b9b5b2;제품
Black Armory	/interface/windowconfig/workshop.config	/paneLayout/lblProduct/value	MATERIALS AVAILABLE	사용 가능한 재료	검색 || 사용 가능한 자원 || 사용 가능한 재료 || 재료가 있는 것만 보기
Black Armory	/objects/sheilaworkshop/black_furniture/titansteelredshiplight/titansteelredshiplight.object	/apexDescription	Such spotlights are used by the Miniknog to force people to talk. Spotlights, and worse...	이런 스포트라이트는 지식부가 사람들을 강제로 말하게 할 때 쓰지. 더 심한 방법을 쓰기도 하고...	사람들이 말을 하도록 강제하기 위해 지식부가 이런 스포트라이트를 쓰곤 하지. 더 심한 것도 쓰고... || 이런 스포트라이트는 지식부가 사람들을 강제로 말하게 할 때 쓰지. 더 심한 방법을 쓰기도 하고... || 이런 스포트라이트는 지식부가 사람들이 말을 하게 하려고 강제로 쓰기도 하지. 스포트라이트보다 더 심한 수단도 쓰고...
Black Armory	/objects/sheilaworkshop/black_furniture/titansteelredshiplight/titansteelredshiplight.object	/avianDescription	A soft light.	부드러운 빛.	부드러운 빛. || 부드러운 빛이네요. || 부드러운 빛이다. || 부드러운 조명.
Black Armory	/objects/sheilaworkshop/black_furniture/titansteelredshiplight/titansteelredshiplight.object	/floranDescription	Floran feelss like centre of attention.	플로란에게 주의가 집중된 느낌이다.	플로란에게 이목이 집중된 것 같은 기분이다. || 플로란에게 주의가 집중된 느낌이다. || 플로란은 모두에게 주목받고 있다는 느낌이 든다.
Black Armory	/objects/sheilaworkshop/black_furniture/titansteelredshiplight/titansteelredshiplight.object	/glitchDescription	Stealthy. By analysing this floodlight's patterns, it would be easy to sneak around it.	은밀. 이 빛의 패턴을 분석한 결과, 숨어 들어가기는 쉬울 것 같다.	은밀. 이 빛의 패턴을 분석한 결과, 숨어 들어가기는 쉬울 것 같다. || 은밀. 이 조명의 패턴을 분석한 결과, 이걸 피해 숨어다니기는 쉬울 것 같다. || 은밀. 투광등이 움직이는 패턴을 분석하면, 몰래 지나가기 쉬울 것 같다.
Black Armory	/objects/sheilaworkshop/black_furniture/titansteelredshiplight/titansteelredshiplight.object	/humanDescription	I've always wanted to be in the spotlight.	난 항상 스포트라이트를 받아보고 싶었지.	난 항상 스포트라이트를 받아보고 싶었지. || 난 항상 스포트라이트의 빛을 받아보고 싶었지. || 항상 스포트라이트의 불빛을 받아보고 싶었지.
Black Armory	/objects/sheilaworkshop/black_furniture/titansteelredshiplight/titansteelredshiplight.object	/novakidDescription	This light is nearly as bright as me!	이 빛은 거의 나만큼이나 밝구만!	이 빛은 거의 나만큼이나 밝구만! || 이 빛은 나만큼이나 밝군 그래!
Black Armory	/items/sheilaworkshop/black_other/titansteelsupport/titansteelsupport.matitem	/glitchdescription	Informed. Supports like this are often used in ship construction.	정보. 함선 건설에 자주 쓰이는 지지대다.	정보. 이와 같은 지지대는 선박 건조에 자주 사용됩니다. || 정보. 함선 건설에 자주 쓰이는 지지대다.
Black Armory	/items/sheilaworkshop/black_other/titansteelsupport/titansteelsupport.matitem	/florandescription	Ssship sstructural ssupport.	선박 구조용 지지대.	선박 구조용 지지대. || 함선의 구조를 지지하는 물건이다.
Black Armory	/items/sheilaworkshop/black_other/titansteelsupport/titansteelsupport.matitem	/novakiddescription	Made for holdin' spaceships together.	우주선을 서로 고정하기 위해 만들어졌죠.	우주선을 서로 고정하기 위해 만들어졌죠. || 우주선을 함께 고정하기 위해 만들어졌습니다. || 우주선을 함께 고정하기 위해 제작되었습니다. || 우주선을 함께 보관하기 위해 만들어졌습니다. || 함선을 잘 잡아주는 물건이군.
Black Armory	/objects/sheilaworkshop/black_furniture/black_blackarmorycache/black_blackarmorycache.object	/floranDescription	Chessst! Floran musst sssearch!	상자! 플로란이 찾는다!	상자! 플로란이 수색한다! || 상자! 플로란이 찾는다! || 상자다! 플로란은 안을 보고 싶다! || 상자다! 플로란은 열어야만 한다! || 상자다! 플로란을 찾아볼 것이다!
Black Armory	/objects/sheilaworkshop/black_furniture/titansteelfuelhatch/titansteelfuelhatch.object	/apexDescription	The FTL drive fuel hatch. Converts fuel into freedom.	FTL 구동 연료 해치. 연료를 자유로 전환합니다.	FTL 구동 연료 해치. 연료를 자유로 전환합니다. || FTL 구동 연료 해치입니다. 연료를 자유로 전환합니다. || FTL 드라이브 연료 해치입니다. 연료를 자유로 전환합니다. || FTL 추진 연료 해치입니다. 연료를 자유로 전환합니다. || FTL 항해 연료 해치다. 연료를 자유로 변환하는 셈이지.
Black Armory	/objects/sheilaworkshop/black_furniture/titansteelfuelhatch/titansteelfuelhatch.object	/avianDescription	The FTL fuel hatch. Let's load it up and take to the stars!	FTL 연료 해치다. 가득 채우고 별들로 향하자!	FTL 연료 해치. 연료를 싣고 별을 향해 날아가자! || FTL 연료 해치. 연료를 싣고 별을 향해 떠나세요! || FTL 연료 해치다. 가득 채우고 별들로 향하자! || FTL 연료 해치입니다. 연료를 싣고 별을 향해 떠나세요!
Black Armory	/objects/sheilaworkshop/black_furniture/titansteelfuelhatch/titansteelfuelhatch.object	/floranDescription	Fuel hatch for FTL drive. Let'ss fill it up!	FTL 추진용 연료 해치. 채우자!	FTL 추진용 연료 해치. 채우자! || FTL 추진용 연료 해치입니다. 채우자! || FTL 항해를 위한 연료 해치다. 가득 채워버리자!
Black Armory	/objects/sheilaworkshop/black_furniture/titansteelfuelhatch/titansteelfuelhatch.object	/glitchDescription	Excited. This hatch fuels the FTL drive so that I may visit planets outside of this system.	신남. 이 연료 해치를 채우면 FTL 항해를 하여 이 성계 밖의 행성들을 방문할 수 있다.	신남. 이 연료 해치를 채우면 FTL 항해를 하여 이 성계 밖의 행성들을 방문할 수 있다. || 흥분됩니다. 이 해치는 FTL 드라이브에 연료를 공급해 이 시스템 밖의 행성을 방문할 수 있게 해줘요. || 흥분됩니다. 이 해치는 이 행성계 밖의 행성을 방문할 수 있도록 FTL 드라이브에 연료를 공급합니다.
Black Armory	/objects/sheilaworkshop/black_furniture/titansteelfuelhatch/titansteelfuelhatch.object	/humanDescription	The ship's fuel hatch. With fuel for the FTL drive I can explore outside this system.	함선의 연료 해치다. FTL 항해에 필요한 연료를 채우면 이 성계 밖을 탐험할 수 있다.	우주선의 연료 해치입니다. FTL 드라이브의 연료가 있으면 이 시스템 밖을 탐험할 수 있어요. || 함선의 연료 해치다. FTL 항해에 필요한 연료를 채우면 이 성계 밖을 탐험할 수 있다.
Black Armory	/objects/sheilaworkshop/black_furniture/titansteelfuelhatch/titansteelfuelhatch.object	/hylotlDescription	The humble FTL fuel hatch. Fuel is the lifeblood of exploration.	소박한 FTL 연료 해치. 연료는 탐험의 생명선입니다.	FTL 연료 해치다. 연료는 탐험의 생명줄과도 같지. || 소박한 FTL 연료 해치. 연료는 탐험의 생명선입니다.
Black Armory	/objects/sheilaworkshop/black_furniture/titansteelfuelhatch/titansteelfuelhatch.object	/novakidDescription	FTL fuel goes in here!	FTL 연료는 여기로 들어갑니다!	FTL 연료는 여기로 들어갑니다! || FTL 연료는 여기에 넣으면 되네!
Black Armory	/objects/sheilaworkshop/black_furniture/titansteelredshiplight/titansteelredshiplightBroken.object	/apexDescription	This light isn't getting enough power.	이 전등에는 동력이 부족한 것 같다.	이 전등에는 동력이 부족한 것 같다. || 이 조명은 동력을 제대로 받지 못하고 있다. || 이 조명은 전력이 충분하지 않습니다. || 이 조명의 전력이 충분하지 않아요. || 전등에 동력이 제대로 공급되지 않고 있다.
Black Armory	/objects/sheilaworkshop/black_furniture/titansteelredshiplight/titansteelredshiplightBroken.object	/avianDescription	A flickering light.	깜박이는 표시등.	깜박이는 표시등. || 깜빡이는 불빛이다. || 깜빡이는 전등이다. || 깜빡이는 조명입니다.
Black Armory	/objects/sheilaworkshop/black_furniture/titansteelredshiplight/titansteelredshiplightBroken.object	/floranDescription	Broken light makesss Floran dizzy.	부셔진 불빛은 플로란을 어지럽게 한다.	고장난 불빛 때문에 플로란이 어지러워요. || 부셔진 불빛은 플로란을 어지럽게 한다.
Black Armory	/objects/sheilaworkshop/black_furniture/titansteelredshiplight/titansteelredshiplightBroken.object	/glitchDescription	Concerned. This light is malfunctioning.	걱정. 전등이 오작동하고 있다.	걱정. 이 조명은 오작동하고 있다. || 걱정. 전등이 오작동하고 있다. || 걱정돼. 이 조명이 고장났습니다. || 걱정된다. 이 불빛이 고장났습니다. || 걱정됩니다. 이 조명이 고장났습니다.
Black Armory	/objects/sheilaworkshop/black_furniture/titansteelredshiplight/titansteelredshiplightBroken.object	/humanDescription	This light's on the blink.	불빛이 깜빡이고 있다.	깜빡이고 있는 전등이다. || 불빛이 깜빡이고 있다. || 이 불빛이 깜빡입니다. || 전등이 깜빡이고 있다.
Black Armory	/objects/sheilaworkshop/black_furniture/titansteelredshiplight/titansteelredshiplightBroken.object	/hylotlDescription	An underpowered light.	전원이 부족합니다.	동력이 부족한 전등이다. || 동력이 부족한 조명이다. || 동력이 적게 공급되고 있는 전등이다. || 전원이 부족합니다.
Black Armory	/objects/sheilaworkshop/black_furniture/titansteelredshiplight/titansteelredshiplightBroken.object	/novakidDescription	This light ain't gettin' enough power.	이 조명은 동력이 부족한 듯 한데.	이 조명은 동력이 부족한 듯 한데. || 전력이 충분하지 않아요.
Black Armory	/objects/sheilaworkshop/black_furniture/titansteelradardish/titansteelradardish.object	/apexDescription	A standard radar dish.	표준적인 위성 접시다.	평범한 레이더 접시입니다. || 표준적인 위성 접시다.
Black Armory	/objects/sheilaworkshop/black_furniture/titansteelradardish/titansteelradardish.object	/avianDescription	Nice dish.	멋진 접시다.	멋진 접시네. || 멋진 접시다.
Black Armory	/objects/sheilaworkshop/black_furniture/titansteelradardish/titansteelradardish.object	/floranDescription	Floran not meant to touch any radar after last time.	플로란은 지난번 이후로 레이더를 건드리지 않기로 했어.	플로란은 지난 일 이후로 위성 접시를 만지면 안 된다고 한다. || 플로란은 지난번 이후로 레이더를 건드리면 안 돼요. || 플로란은 지난번 이후로 레이더를 건드리지 않기로 했어.
Black Armory	/objects/sheilaworkshop/black_furniture/titansteelradardish/titansteelradardish.object	/glitchDescription	Interested. A radar dish.	흥미. 위성 접시다.	흥미. 위성 접시다. || 흥미롭군 레이더 요리라니
Black Armory	/objects/sheilaworkshop/black_furniture/titansteelradardish/titansteelradardish.object	/humanDescription	A radar dish for... Radar things.	레이더 접시는... 레이더 같은 거	레이더 접시는... 레이더 같은 거 || 위성 접시다... 이걸로 전파를 모으겠지.
Black Armory	/objects/sheilaworkshop/black_furniture/titansteelradardish/titansteelradardish.object	/hylotlDescription	A dish for receiving radio waves.	전파를 받는 접시다.	전파를 받는 접시다. || 전파를 수신하기 위한 접시.
Black Armory	/objects/sheilaworkshop/black_furniture/titansteelradardish/titansteelradardish.object	/novakidDescription	Some kinda science dish.	일종의 과학 접시야.	일종의 과학 접시야. || 일종의 과학 접시인 것 같군.
Black Armory	/items/abilities/black_grenadelauncher.weaponability	/ability/name	Grenade Launcher	유탄 발사기	유탄 발사기 || 휴대용 또는 다중 유탄 발사기
Black Armory	/objects/sheilaworkshop/black_furniture/brokentitansteelfuelhatch/brokentitansteelfuelhatch.object	/apexDescription	Converts fuel into freedom.	연료를 자유로 바꿔줍니다.	연료를 자유로 바꿔줍니다. || 연료를 자유로 변환하는 셈이지. || 연료를 자유로 전환합니다.
Black Armory	/objects/sheilaworkshop/black_furniture/brokentitansteelfuelhatch/brokentitansteelfuelhatch.object	/avianDescription	Let's load it up and take to the stars!	가득 채우고 별들로 향하자!	가득 채우고 별들로 향하자! || 연료를 싣고 별을 향해 가자! || 연료를 싣고 별을 향해 날아가자! || 연료를 싣고 별을 향해 떠나세요! || 연료를 싣고 별을 향해 떠나자! || 우주선을 싣고 별을 향해 떠나세요!
Black Armory	/objects/sheilaworkshop/black_furniture/brokentitansteelfuelhatch/brokentitansteelfuelhatch.object	/floranDescription	Let'ss get going!	가자!	가자! || 빨리 가자! || 어서 가자!
Black Armory	/objects/sheilaworkshop/black_furniture/brokentitansteelfuelhatch/brokentitansteelfuelhatch.object	/glitchDescription	Excited. Once filled, we may visit another planet.	신남. 채우면 다른 행성으로 갈 수 있겠다.	신나네요. 연료를 가득 채우면 다른 행성을 방문할 수 있어요. || 신난다 연료를 채우면 다른 행성을 방문할 수 있어 || 신남. 채우면 다른 행성으로 갈 수 있겠다. || 흥분되네요. 연료를 채우면 다른 행성을 방문할 수 있어요. || 흥분되네요. 연료를 채우면 다른 행성을 방문할 수도 있어요. || 흥분됩니다. 연료를 채우면 다른 행성을 방문할 수 있습니다.
Black Armory	/objects/sheilaworkshop/black_furniture/brokentitansteelfuelhatch/brokentitansteelfuelhatch.object	/humanDescription	A fuel hatch. I can fill this up and explore.	연료 해치다. 이걸 채우면 탐험할 수 있다.	연료 해치. 연료를 채우고 탐험할 수 있어요. || 연료 해치다. 이걸 채우면 탐험할 수 있다. || 연료 해치야 이걸 채우고 탐험할 수 있어요.
Black Armory	/objects/sheilaworkshop/black_furniture/brokentitansteelfuelhatch/brokentitansteelfuelhatch.object	/hylotlDescription	Fuel is the lifeblood of exploration.	연료는 탐험의 생명선입니다.	연료는 탐험의 생명선입니다. || 연료는 탐험의 생명줄과도 같지.
Black Armory	/objects/sheilaworkshop/black_furniture/brokentitansteelfuelhatch/brokentitansteelfuelhatch.object	/novakidDescription	FTL fuel goes in here! When it's fixed...	FTL 연료가 여기로 들어갑니다! 고쳐지면...	FTL 연료가 여기로 들어갑니다! 고쳐지면... || FTL 연료는 여기로 들어갑니다! 고쳐지면... || FTL 연료는 여기에 넣으면 되네! 고쳐졌을 때 말이지...
Black Armory	/objects/sheilaworkshop/black_furniture/titansteelslidingdoor/titansteelslidingdoor.object	/apexDescription	A sliding door. Exciting.	미닫이 문이다. 신난다.	미닫이 문이다. 신난다. || 슬라이딩 도어. 신기하네요. || 슬라이딩 도어. 신나는.
Black Armory	/objects/sheilaworkshop/black_furniture/titansteelslidingdoor/titansteelslidingdoor.object	/glitchDescription	Hypnotised. There is something fascinating about the movement of these doors.	최면. 이 문의 움직임에는 뭔가 매혹적인 면이 있다.	최면. 이 문의 움직임에는 뭔가 매혹적인 면이 있다. || 최면에 걸린 거죠. 이 문들의 움직임에는 뭔가 매혹적인 것이 있어요. || 최면에 걸린. 이 문들의 움직임에는 매혹적인 무언가가 있습니다.
Black Armory	/objects/sheilaworkshop/black_furniture/titansteelslidingdoor/titansteelslidingdoor.object	/hylotlDescription	A sleek sliding door.	매끄러운 미닫이문.	매끄러운 미닫이 문이다. || 매끄러운 미닫이문. || 매끄러운 슬라이딩 도어.
Black Armory	/objects/sheilaworkshop/black_furniture/titansteelslidingdoor/titansteelslidingdoor.object	/novakidDescription	I always liked these types of sliding doors.	이 매끄러운 미닫이 문이 마음에 드는데.	이 매끄러운 미닫이 문이 마음에 드는데. || 저는 항상 이런 종류의 미닫이문을 좋아했어요.
Black Armory	/objects/sheilaworkshop/black_furniture/uvfluorescentlight/flickeringuvfluorescentlight.object	/apexDescription	This light has only the faintest flicker of power. Perhaps it can be repaired.	이 형광등은 희미하게 깜빡이고 있다. 아마 고칠 수 있을지도 모르겠다.	이 형광등은 아주 희미하게 빛나고 있다. 어쩌면 고칠 수 있을지도 몰라. || 이 형광등은 희미하게 깜빡이고 있다. 아마 고칠 수 있을지도 모르겠다.
Black Armory	/objects/sheilaworkshop/black_furniture/uvfluorescentlight/flickeringuvfluorescentlight.object	/avianDescription	This light is almost completely broken.	이 형광등은 망가지기 직전이다.	이 형광등은 거의 완전히 부서진 것 같다. || 이 형광등은 망가지기 직전이다.
Black Armory	/objects/sheilaworkshop/black_furniture/uvfluorescentlight/flickeringuvfluorescentlight.object	/floranDescription	Buzzy flickery light.	깜빡이는 불빛이다.	깜빡이는 불빛이다. || 윙윙거리며 깜빡이는 빛이다. || 윙윙대면셔 깜빡이는 전등이다.
Black Armory	/objects/sheilaworkshop/black_furniture/uvfluorescentlight/flickeringuvfluorescentlight.object	/glitchDescription	Displeased. This fluorescent light is almost non-functional.	불편. 이 형광등은 거의 작동하지 않는다.	불편. 이 형광등은 거의 작동하지 않는다. || 불편. 이 형광등은 기능을 거의 상실했다.
Black Armory	/objects/sheilaworkshop/black_furniture/uvfluorescentlight/flickeringuvfluorescentlight.object	/hylotlDescription	This light appears to not be functioning correctly.	이 형광등은 제대로 작동하지 않는 것 같다.	이 형광등은 제대로 작동하는 것으로 보이지 않는다. || 이 형광등은 제대로 작동하지 않는 것 같다.
Black Armory	/objects/sheilaworkshop/black_furniture/uvfluorescentlight/flickeringuvfluorescentlight.object	/novakidDescription	This busted light ain't flickerin' more'n a candle.	이 고장난 전등은 촛불보다도 빛이 약하구만.	이 고장난 전등은 촛불보다도 빛이 약하구만. || 이 부서진 형광등은 양초보다도 더 깜빡이는데.
Black Armory	/objects/sheilaworkshop/black_furniture/titansteelshipteleporterTier0/titansteelshipteleporterTier0.object	/apexDescription	The ship's teleporter. I need to power it up.	우주선 텔레포터 전원을 켜야겠어.	배의 텔레포터야. 전원을 켜야겠어. || 우주선 텔레포터 전원을 켜야겠어. || 우주선 텔레포터. 전원을 켜야겠어. || 우주선의 텔레포터 때문이야. 전원을 켜야겠어. || 우주선의 텔레포터. 전원을 켜야겠어. || 우주선의 텔레포터야. 전원을 켜야겠어 || 우주선의 텔레포터야. 전원을 켜야겠어. || 우주선의 텔레포터예요. 전원을 켜야 해 || 우주선의 텔레포터입니다. 전원을 켜야 해요. || 함선의 텔레포터다. 동력을 공급해야 한다.
Black Armory	/objects/sheilaworkshop/black_furniture/titansteelshipteleporterTier0/titansteelshipteleporterTier0.object	/avianDescription	The teleporter! If only this one was powered up.	텔레포터! 이것만 작동하면 좋겠는데	텔레포터! 이것만 작동하면 좋겠는데 || 텔레포터! 이것만 작동하면 좋겠는데. || 텔레포터! 이것만 작동하면 좋겠어. || 텔레포터! 이것만 전원이 켜져 있으면 좋겠어. || 텔레포터다! 동력이 있기만 했었더라면.
Black Armory	/objects/sheilaworkshop/black_furniture/titansteelshipteleporterTier0/titansteelshipteleporterTier0.object	/floranDescription	Ship teleporter. This one dead.	우주선 텔레포터 이건 죽었어.	우주선 텔레포터 이건 죽었어. || 텔레포터 발사. 이놈은 죽었어. || 함선의 텔레포터다. 이건 죽었다.
Black Armory	/objects/sheilaworkshop/black_furniture/titansteelshipteleporterTier0/titansteelshipteleporterTier0.object	/glitchDescription	Disappointed. A teleporter without power. I need to power it up.	실망. 동력이 없는 텔레포터다. 동력을 공급해야 한다.	실망. 동력이 없는 텔레포터다. 동력을 공급해야 한다. || 실망스럽군. 전원이 없는 텔레포터라니. 전원을 켜야겠어. || 실망이군. 동력이 없는 텔레포터라니. 전원을 켜야 해 || 실망이군. 동력이 없는 텔레포터라니. 전원을 켜야겠어
Black Armory	/objects/sheilaworkshop/black_furniture/titansteelshipteleporterTier0/titansteelshipteleporterTier0.object	/humanDescription	The teleporter! Too bad it isn't powered up.	텔레포터다! 안타깝게도 동력이 없다.	텔레포터! 전원이 안 들어와서 아쉽군. || 텔레포터! 전원이 안 들어와서 아쉽네. || 텔레포터다! 안타깝게도 동력이 없다.
Black Armory	/objects/sheilaworkshop/black_furniture/titansteelshipteleporterTier0/titansteelshipteleporterTier0.object	/hylotlDescription	This teleporter is off.	텔레포터가 꺼졌어.	이 텔레포터는 꺼졌다. || 텔레포터가 꺼졌어.
Black Armory	/objects/sheilaworkshop/black_furniture/titansteelshipteleporterTier0/titansteelshipteleporterTier0.object	/novakidDescription	Ship's teleporter. I need to power her up!	우주선의 텔레포터. 전원을 켜야겠어요!	배의 텔레포터다! 전원을 켜야 해! || 배의 텔레포터입니다. 전원을 켜야 해요! || 우주선의 텔레포터. 전원을 켜야겠어요! || 함선의 텔레포터다. 동력을 공급해야 하네!
Extended Story	/objects/forgotten/forgotten-breakable4_es/forgotten-breakable4_es.object	/apexDescription	A putrid mound of slime. How am I meant to store this?	썩은 슬라임 덩어리. 이걸 어떻게 보관해야 하나요?	불쾌한 슬라임 덩어리다. 이걸 어떻게 보관해야 하지? || 썩은 슬라임 덩어리. 이걸 어떻게 보관해야 하나요?
Extended Story	/objects/forgotten/forgotten-breakable4_es/forgotten-breakable4_es.object	/avianDescription	A large blob of slime. Why does this exist?	커다란 슬라임 덩어리. 이게 왜 존재할까요?	커다란 슬라임 덩어리. 이게 왜 존재할까요? || 커다란 슬라임 덩어리입니다. 이게 왜 존재하죠? || 커다란 슬라임 방울이다. 이런 게 왜 있지?
Extended Story	/objects/forgotten/forgotten-breakable4_es/forgotten-breakable4_es.object	/floranDescription	Like sssap.	씁쓸해	슈액같다. || 씁쓸해
Extended Story	/objects/forgotten/forgotten-breakable4_es/forgotten-breakable4_es.object	/glitchDescription	Disgusted. A vile mound of slime!	역겨워. 더러운 슬라임 덩어리!	역겨움. 불쾌한 슬라임 덩어리다! || 역겨워. 더러운 슬라임 덩어리!
Extended Story	/objects/forgotten/forgotten-breakable4_es/forgotten-breakable4_es.object	/humanDescription	A huge glob of jelly. I kind of want to poke it.	커다란 젤리 방울이다. 찔러보고 싶다.	거대한 젤리 덩어리. 찔러보고 싶어요. || 커다란 젤리 방울이다. 찔러보고 싶다.
Extended Story	/objects/forgotten/forgotten-breakable4_es/forgotten-breakable4_es.object	/hylotlDescription	Slime blobs are not unpleasant to handle when you have amphibian skin.	양서류 피부가 있다면 슬라임 방울은 별로 불쾌하지 않다.	양서류 피부가 있다면 슬라임 방울은 별로 불쾌하지 않다. || 양서류 피부가 있으면 슬라임 덩어리는 다루기 불쾌하지 않아요.
Extended Story	/objects/forgotten/forgotten-breakable4_es/forgotten-breakable4_es.object	/novakidDescription	I reckon this'll come in handy for something.	뭔가 유용하게 쓰일 것 같아요.	뭔가 유용하게 쓰일 것 같아요. || 아마 언젠가는 도움이 되겠지.
Extended Story	/items/active/relic/health/healthrelicancient_es.activeitem	/altAbility/name	Healing Zone	치유 구역	치유 구역 || 회복 공간
Extended Story	/objects/eternalfire/burningpressureplatform/burningpressureplatform.object	/avianDescription	What happens if I stand on this?	여기 위에 서면 어떻게 될까?	여기 위에 서면 어떻게 될까? || 이 위로 올라서면 어떻게 될까? || 이 위에 올라서면 어떻게 될까?
Extended Story	/objects/eternalfire/burningpressureplatform/burningpressureplatform.object	/hylotlDescription	What does this activate?	이게 뭘 작동시킬까?	이게 무엇을 작동시킬까? || 이게 뭘 작동시킬까?
Extended Story	/objects/eternalfire/burningpressureplatform/burningpressureplatform.object	/novakidDescription	I wouldn't want to step on that without knowin' what it does first.	이게 뭘 하는지 알기 전에는 올라가고 싶지 않아.	이게 뭘 하는지 알기 전까지는 올라가고 싶지 않은데. || 이게 뭘 하는지 알기 전에는 올라가고 싶지 않아.
Extended Story	/interface/windowconfig/ancientfurnace.config	/paneLayout/lblProduct/value	MATERIALS AVAILABLE	사용 가능한 재료	검색 || 사용 가능한 자원 || 사용 가능한 재료 || 재료가 있는 것만 보기
Extended Story	/objects/forgotten/forgotten-breakable3_es/forgotten-breakable3_es.object	/apexDescription	A putrid mound of slime. How am I meant to store this?	썩은 슬라임 덩어리. 이걸 어떻게 보관해야 하나요?	불쾌한 슬라임 덩어리다. 이걸 어떻게 보관해야 하지? || 썩은 슬라임 덩어리. 이걸 어떻게 보관해야 하나요?
Extended Story	/objects/forgotten/forgotten-breakable3_es/forgotten-breakable3_es.object	/avianDescription	A large blob of slime. Why does this exist?	커다란 슬라임 덩어리. 이게 왜 존재할까요?	커다란 슬라임 덩어리. 이게 왜 존재할까요? || 커다란 슬라임 덩어리입니다. 이게 왜 존재하죠? || 커다란 슬라임 방울이다. 이런 게 왜 있지?
Extended Story	/objects/forgotten/forgotten-breakable3_es/forgotten-breakable3_es.object	/floranDescription	Like sssap.	씁쓸해	슈액같다. || 씁쓸해
Extended Story	/objects/forgotten/forgotten-breakable3_es/forgotten-breakable3_es.object	/glitchDescription	Disgusted. A vile mound of slime!	역겨워. 더러운 슬라임 덩어리!	역겨움. 불쾌한 슬라임 덩어리다! || 역겨워. 더러운 슬라임 덩어리!
Extended Story	/objects/forgotten/forgotten-breakable3_es/forgotten-breakable3_es.object	/humanDescription	A huge glob of jelly. I kind of want to poke it.	커다란 젤리 방울이다. 찔러보고 싶다.	거대한 젤리 덩어리. 찔러보고 싶어요. || 커다란 젤리 방울이다. 찔러보고 싶다.
Extended Story	/objects/forgotten/forgotten-breakable3_es/forgotten-breakable3_es.object	/hylotlDescription	Slime blobs are not unpleasant to handle when you have amphibian skin.	양서류 피부가 있다면 슬라임 방울은 별로 불쾌하지 않다.	양서류 피부가 있다면 슬라임 방울은 별로 불쾌하지 않다. || 양서류 피부가 있으면 슬라임 덩어리는 다루기 불쾌하지 않아요.
Extended Story	/objects/forgotten/forgotten-breakable3_es/forgotten-breakable3_es.object	/novakidDescription	I reckon this'll come in handy for something.	뭔가 유용하게 쓰일 것 같아요.	뭔가 유용하게 쓰일 것 같아요. || 아마 언젠가는 도움이 되겠지.
Extended Story	/interface/windowconfig/upgradestation.config	/paneLayout/lblSchematics/value	^#b9b5b2;BLUEPRINTS	^#b9b5b2;설계도	^#b9b5b2;설계도 || ^#b9b5b2;청사진
Extended Story	/interface/windowconfig/upgradestation.config	/paneLayout/lblProducttitle/value	^#b9b5b2;PRODUCT	^#b9b5b2;물품	^#b9b5b2;물품 || ^#b9b5b2;제작품 || ^#b9b5b2;제품
Extended Story	/interface/windowconfig/upgradestation.config	/paneLayout/lblProduct/value	MATERIALS AVAILABLE	사용 가능한 재료	검색 || 사용 가능한 자원 || 사용 가능한 재료 || 재료가 있는 것만 보기
Extended Story	/interface/windowconfig/ancientforge.config	/paneLayout/lblProduct/value	MATERIALS AVAILABLE	사용 가능한 재료	검색 || 사용 가능한 자원 || 사용 가능한 재료 || 재료가 있는 것만 보기
Extended Story	/items/active/weapons/ranged/abilities/rocketlauncher_es/rocketlauncher_es.weaponability	/ability/name	Rocket Launcher	로켓 발사기	로켓 발사기 || 표준 또는 미니 로켓 발사기
Extended Story	/items/active/relic/health/healthrelic4_es.activeitem	/altAbility/name	Healing Zone	치유 구역	치유 구역 || 회복 공간
Extended Story	/objects/traps/miningrelicbluetrap/miningrelicbluetrap.object	/novakidDescription	Simple yet deadly. My favourite kind.	단순하지만 치명적이죠. 제가 가장 좋아하는 종류입니다.	단순하면서도 치명적인 물건이지. 내가 좋아하는 부류야. || 단순하지만 치명적이죠. 제가 가장 좋아하는 종류입니다.
Extended Story	/interface/tooltips/miningrelic2.tooltip	/speedTitleLabel/value	Rate of Fire:	공격 속도:	공격 속도: || 발사 속도: || 속도: || 피해량:
Extended Story	/items/active/weapons/ranged/abilities/grenadelaunchernosprite/grenadelaunchernosprite.weaponability	/ability/name	Grenade Launcher	유탄 발사기	유탄 발사기 || 휴대용 또는 다중 유탄 발사기
Extended Story	/items/active/weapons/upgraded/upgradedspaceplasmarifle_es/upgradedspaceplasmarifle_es.activeitem	/altAbility/name	Sticky Plasma Mines	끈적끈적한 플라즈마 지뢰	끈적끈적한 플라즈마 지뢰 || 점착 플라즈마 지뢰
Extended Story	/objects/eternalfrost/permafrostpressureplatform/permafrostpressureplatform.object	/avianDescription	What happens if I stand on this?	여기 위에 서면 어떻게 될까?	여기 위에 서면 어떻게 될까? || 이 위로 올라서면 어떻게 될까? || 이 위에 올라서면 어떻게 될까?
Extended Story	/objects/eternalfrost/permafrostpressureplatform/permafrostpressureplatform.object	/hylotlDescription	What does this activate?	이게 뭘 작동시킬까?	이게 무엇을 작동시킬까? || 이게 뭘 작동시킬까?
Extended Story	/objects/eternalfrost/permafrostpressureplatform/permafrostpressureplatform.object	/novakidDescription	I wouldn't want to step on that without knowin' what it does first.	이게 뭘 하는지 알기 전에는 올라가고 싶지 않아.	이게 뭘 하는지 알기 전까지는 올라가고 싶지 않은데. || 이게 뭘 하는지 알기 전에는 올라가고 싶지 않아.
Extended Story	/objects/nuclearwasteland/irradiatedwallswitch/irradiatedwallswitch.object	/apexDescription	A switch. It activates something.	스위치야 무언가를 활성화시켜요. 입력 노드가 /'on'/일 때 토글할 수도 있습니다.	스위치. 무언가를 활성화합니다. 입력 노드가 /'on'/일 때도 토글할 수 있습니다. || 스위치다. 뭔가 작동시킨다. || 스위치야 무언가를 활성화시켜요. 입력 노드가 /'on'/일 때 토글할 수도 있습니다. || 스위치야. 뭔가를 작동시키는 스위치야.
Extended Story	/objects/nuclearwasteland/irradiatedwallswitch/irradiatedwallswitch.object	/avianDescription	This switch must activate something.	이 스위치는 뭔가 작동하는 게 분명합니다. 입력 노드가 /'on'/일 때 토글할 수 있다는 것도 알 수 있습니다.	이 스위치는 무언가를 활성화해야 합니다. 또한 입력 노드가 /'on'/일 때 토글할 수 있다는 것을 알 수 있습니다. || 이 스위치는 뭔가 작동하는 게 분명합니다. 입력 노드가 /'on'/일 때 토글할 수 있다는 것도 알 수 있습니다. || 이 스위치는 분명 뭔가를 작동시킬 거야.
Extended Story	/objects/nuclearwasteland/irradiatedwallswitch/irradiatedwallswitch.object	/floranDescription	Ssswitch!	스위치!	스위치! || 스위치! 입력 노드가 /'on'/을 발행할 때 토글할 수도 있습니다. || 스위치! 입력 노드가 /'on'/을 발행할 때도 토글할 수 있습니다. || 스위치다!
Extended Story	/objects/nuclearwasteland/irradiatedwallswitch/irradiatedwallswitch.object	/glitchDescription	Surprised. This small switch doesn't look that powerful.	놀람. 이 작은 스위치는 그렇게 강한 것처럼 보이지 않는데.	놀람. 이 작은 스위치는 그렇게 강한 것처럼 보이지 않는데. || 놀람. 이 작은 스위치는 그리 강력한 것처럼 보이지 않는다. || 놀랍네요. 이 작은 스위치는 그렇게 강력해 보이지 않습니다. || 놀랐습니다. 이 작은 스위치는 그다지 강력해 보이지는 않지만 손으로 토글하거나 입력 노드가 /'on'/일 때 토글할 수 있습니다.
Extended Story	/objects/nuclearwasteland/irradiatedwallswitch/irradiatedwallswitch.object	/humanDescription	How many times can I flip this switch on and off I wonder.	이 스위치를 몇 번이나 켜고 끌 수 있을지 궁금합니다.	이 스위치를 몇 번이나 켜고 끌 수 있을지 궁금합니다. || 이 스위치를 손으로 몇 번이나 켜고 끌 수 있는지 또는 입력 노드가 /'on'/일 때 궁금합니다. || 이 스위치를 손으로 몇 번이나 켜고 끌 수 있을까? 입력 노드가 /'on'/일 때? || 이 스위치를 얼마나 많이 껐다 켤 수 있는지 궁금한데.
Extended Story	/objects/nuclearwasteland/irradiatedwallswitch/irradiatedwallswitch.object	/hylotlDescription	A basic switch. It can be used to activate something.	기본적인 스위치다. 뭔가 작동시키는 데에 쓸 수 있다.	기본적인 스위치다. 뭔가 작동시키는 데에 쓸 수 있다. || 기본적인 스위치입니다. 무언가를 활성화하는 데 사용할 수 있습니다. || 무언가를 작동시키는 데 사용할 수 있는 기본 스위치. 입력 노드가 /'on'/일 때도 전환할 수 있습니다.
Extended Story	/objects/nuclearwasteland/irradiatedwallswitch/irradiatedwallswitch.object	/novakidDescription	I can flip this here switch!	이 스위치를 만져봐야 되겠구만!	여기 스위치를 돌릴 수 있어요! || 이 스위치를 만져봐야 되겠구만! || 이 스위치를 손으로 돌리거나 입력 노드가 /'on'/일 때 이 스위치를 돌릴 수 있습니다! || 이 스위치를 손으로 돌리거나 입력 노드가 /'켜짐'일 때 돌릴 수 있어요!
Extended Story	/items/active/relic/health/healthrelic3_es.activeitem	/altAbility/name	Healing Zone	치유 구역	치유 구역 || 회복 공간
Extended Story	/items/active/weapons/ancient/ancientbow_es/ancientbow.activeitem	/altAbility/name	Chaos Arrow	카오스 화살	카오스 화살 || 혼돈 화살
Extended Story	/objects/forgotten/forgotten-breakable5_es/forgotten-breakable5_es.object	/apexDescription	A putrid mound of slime. How am I meant to store this?	썩은 슬라임 덩어리. 이걸 어떻게 보관해야 하나요?	불쾌한 슬라임 덩어리다. 이걸 어떻게 보관해야 하지? || 썩은 슬라임 덩어리. 이걸 어떻게 보관해야 하나요?
Extended Story	/objects/forgotten/forgotten-breakable5_es/forgotten-breakable5_es.object	/avianDescription	A large blob of slime. Why does this exist?	커다란 슬라임 덩어리. 이게 왜 존재할까요?	커다란 슬라임 덩어리. 이게 왜 존재할까요? || 커다란 슬라임 덩어리입니다. 이게 왜 존재하죠? || 커다란 슬라임 방울이다. 이런 게 왜 있지?
Extended Story	/objects/forgotten/forgotten-breakable5_es/forgotten-breakable5_es.object	/floranDescription	Like sssap.	씁쓸해	슈액같다. || 씁쓸해
Extended Story	/objects/forgotten/forgotten-breakable5_es/forgotten-breakable5_es.object	/glitchDescription	Disgusted. A vile mound of slime!	역겨워. 더러운 슬라임 덩어리!	역겨움. 불쾌한 슬라임 덩어리다! || 역겨워. 더러운 슬라임 덩어리!
Extended Story	/objects/forgotten/forgotten-breakable5_es/forgotten-breakable5_es.object	/humanDescription	A huge glob of jelly. I kind of want to poke it.	커다란 젤리 방울이다. 찔러보고 싶다.	거대한 젤리 덩어리. 찔러보고 싶어요. || 커다란 젤리 방울이다. 찔러보고 싶다.
Extended Story	/objects/forgotten/forgotten-breakable5_es/forgotten-breakable5_es.object	/hylotlDescription	Slime blobs are not unpleasant to handle when you have amphibian skin.	양서류 피부가 있다면 슬라임 방울은 별로 불쾌하지 않다.	양서류 피부가 있다면 슬라임 방울은 별로 불쾌하지 않다. || 양서류 피부가 있으면 슬라임 덩어리는 다루기 불쾌하지 않아요.
Extended Story	/objects/forgotten/forgotten-breakable5_es/forgotten-breakable5_es.object	/novakidDescription	I reckon this'll come in handy for something.	뭔가 유용하게 쓰일 것 같아요.	뭔가 유용하게 쓰일 것 같아요. || 아마 언젠가는 도움이 되겠지.
GiC	/objects/MILITARY/gic_medievalcandle_front/gic_medievalcandle_front.object	/apexDescription	A small candle.	작은 양초.	작은 양초. || 작은 양초다.
GiC	/objects/MILITARY/gic_medievalcandle_front/gic_medievalcandle_front.object	/avianDescription	Avian priests often work by candlelight.	아비안 사제들은 종종 양초를 들고 일합니다.	아비안 사제들은 종종 양초를 들고 일합니다. || 아비안 사제들은 종종 촛불을 켜고 일합니다. || 아비안 사제들은 촛불을 켜고 일을 하는 때가 잦지.
GiC	/objects/MILITARY/gic_medievalcandle_front/gic_medievalcandle_front.object	/humanDescription	A pretty little candle.	작고 예쁜 양초다.	예쁜 양초네요. || 예쁜 촛불이네요. || 작고 예쁜 양초다.
GiC	/objects/MILITARY/gic_medievalcandle_front/gic_medievalcandle_front.object	/hylotlDescription	Little is as beautiful as the flickering of a candle flame.	작으면서도 아름답게 깜빡이는 촛불이다.	양초 불꽃의 깜빡임만큼 아름다운 것은 거의 없습니다. || 양초 불꽃이 깜빡이는 것만큼 아름다운 것은 거의 없습니다. || 양초 불꽃이 깜빡이는 것만큼 아름다운 것은 없죠. || 작으면서도 아름답게 깜빡이는 촛불이다. || 촛불 불꽃이 깜빡이는 것만큼 아름다운 것은 거의 없습니다. || 촛불 불꽃이 깜빡이는 것만큼 아름다운 것은 없죠. || 촛불의 불꽃이 깜빡이는 것만큼 아름다운 것은 거의 없습니다. || 촛불의 불꽃이 깜빡이는 것만큼 아름다운 것은 없습니다. || 촛불의 불꽃이 깜빡이는 것만큼 아름다운 것은 없죠.
GiC	/objects/MILITARY/gic_medievalcandle_front/gic_medievalcandle_front.object	/novakidDescription	A neat lil candle.	멋진 양초인데.	깔끔한 작은 양초. || 깔끔한 작은 촛불. || 멋진 양초인데.
GiC	/items/MATERIALS/darksmoothstone.matitem	/description	A dark, smooth stone block.	어둡고 매끈한 돌 블록.	어둡고 매끈한 돌 블록. || 어둡고 매끈한 돌 블록입니다.
GiC	/objects/wired/gic_irondoor_windowless/gic_irondoor_windowless.object	/apexDescription	This door is relatively secure.	이 문은 비교적 안전하다.	이 문은 비교적 안전하다. || 이 문은 비교적 안전합니다.
GiC	/objects/wired/gic_irondoor_windowless/gic_irondoor_windowless.object	/avianDescription	Fairly sturdy for a basic door.	기본 문치고는 꽤 튼튼합니다.	기본 문치고는 꽤 튼튼합니다. || 기본적인 문 치고는 꽤나 튼튼하다.
GiC	/objects/wired/gic_irondoor_windowless/gic_irondoor_windowless.object	/floranDescription	Floran hide behind door. Jump out. Ssstab!	플로란은 문 뒤에 숨는다. 뛰어나온다. 찌른다!	플로란은 문 뒤에 숨는다. 갑자기 튀어나오고는, 찌른다! || 플로란은 문 뒤에 숨는다. 뛰어나온다. 찌른다! || 플로란은 문 뒤에 숨는다. 튀어나온다. 찌른다! || 플로란이 문 뒤에 숨어 있습니다. 뛰어내려. 찔러! || 플로란이 문 뒤에 숨어 있습니다. 뛰어내려요. 찔러!
GiC	/objects/wired/gic_irondoor_windowless/gic_irondoor_windowless.object	/glitchDescription	Approving. A useful, basic door.	승인. 유용하고 기본적인 문이다.	승인. 유용하고 기본적인 문이다. || 승인. 유용하고 기본적인 문이야.
GiC	/objects/wired/gic_irondoor_windowless/gic_irondoor_windowless.object	/humanDescription	A sturdy iron door.	튼튼한 철문.	튼튼한 철문. || 튼튼한 철제 문이다.
GiC	/objects/wired/gic_irondoor_windowless/gic_irondoor_windowless.object	/hylotlDescription	A simple iron door.	단순한 철문.	단순한 철문. || 단순한 철제 문이다.
GiC	/objects/wired/gic_irondoor_windowless/gic_irondoor_windowless.object	/novakidDescription	Just a simple door, does the job I guess.	단순한 텅스텐 문이다.	그냥 단순한 문이 제 역할을 하네요. || 그냥 단순한 문인데, 제 역할은 하겠지. || 단순한 문이지만, 자기 일은 하는 것 같군. || 단순한 텅스텐 문이다.
GiC	/objects/generic/woodendoor/woodendoor.object	/description	A crude wooden door. Not very secure.	투박한 나무 문입니다. 별로 안전하지 않습니다.	조잡한 나무 문입니다. 그다지 안전하지 않습니다. || 투박한 나무 문입니다. 별로 안전하지 않습니다.
GiC	/objects/generic/woodendoor/woodendoor.object	/apexDescription	A basic wooden door.	기본적인 나무 문이다.	기본적인 나무 문이다. || 기본적인 나무 문입니다.
GiC	/objects/generic/woodendoor/woodendoor.object	/avianDescription	A handmade wooden door.	수제 나무 문입니다.	손으로 직접 만든 나무 문이다. || 수제 나무 문입니다.
GiC	/objects/generic/woodendoor/woodendoor.object	/floranDescription	Floran alsso make similar wooden door.	플로란도 비슷한 나무 문을 만든다.	플로란도 비슷한 나무 문을 만든다. || 플로란도 비슷한 나무 문을 만듭니다.
GiC	/objects/generic/woodendoor/woodendoor.object	/glitchDescription	Cheerful. It appears to be a handmade door.	쾌활합니다. 수제 문으로 보입니다.	쾌활함. 손으로 직접 만든 문인 것 같다. || 쾌활합니다. 수제 문으로 보입니다.
GiC	/objects/generic/woodendoor/woodendoor.object	/humanDescription	The kind of door you'd expect to see on a cottage.	시골집에서나 볼 법한 문이다.	시골집에서나 볼 법한 문이다. || 오두막집에서 볼 수 있는 종류의 문입니다.
GiC	/objects/generic/woodendoor/woodendoor.object	/hylotlDescription	A humble wooden door.	나무 문이다.	나무 문이다. || 소박한 나무 문입니다.
GiC	/objects/generic/woodendoor/woodendoor.object	/novakidDescription	Kinda rustic lookin' but it'll do.	약간 소박해 보이지만 괜찮을 것입니다.	생긴 건 거칠지만 쓸만하겠군. || 약간 소박해 보이지만 괜찮을 것입니다.
GiC	/interface/warping/GARDEN/gic_garden_castleassault_3_leavereplay.config	/destinations/0/name	Beam to Ship	함선으로 빔	선박으로 복귀 || 함선으로 워프 || 함선으로 이동
GiC	/interface/warping/PROTECTED/gic_protectedcolony_coldcoastline_bonfire.config	/destinations/0/name	Beam to Ship	함선으로 빔	선박으로 복귀 || 함선으로 워프 || 함선으로 이동
GiC	/interface/windowconfig/COOKING/gic_cooking_glitchstove.config	/paneLayout/lblProduct/value	MATERIALS AVAILABLE	사용 가능한 재료	검색 || 사용 가능한 자원 || 사용 가능한 재료 || 재료가 있는 것만 보기
GiC	/interface/warping/WILDLANDS/gic_kogasatatara_personalhouse_hubworld.config	/destinations/0/name	Beam to Ship	함선으로 빔	선박으로 복귀 || 함선으로 워프 || 함선으로 이동
GiC	/interface/warping/gic_tylian_bazaar_bossrush.config	/destinations/32/name	Beam to Ship	함선으로 빔	선박으로 복귀 || 함선으로 워프 || 함선으로 이동
GiC	/interface/warping/GENSOKYO/gic_gensokyo_youkaimountain_traitorsmemory_sanctuary_bonfire.config	/destinations/1/name	Beam to Ship	함선으로 빔	선박으로 복귀 || 함선으로 워프 || 함선으로 이동
GiC	/interface/windowconfig/gic_nazrin_storymerchant.config	/paneLayout/lblSchematics/value	^#b9b5b2;BLUEPRINTS	^#b9b5b2;설계도	^#b9b5b2;설계도 || ^#b9b5b2;청사진
GiC	/interface/windowconfig/gic_nazrin_storymerchant.config	/paneLayout/lblProducttitle/value	^#b9b5b2;PRODUCT	^#b9b5b2;물품	^#b9b5b2;물품 || ^#b9b5b2;제작품 || ^#b9b5b2;제품
GiC	/interface/windowconfig/gic_nazrin_storymerchant.config	/paneLayout/lblProduct/value	MATERIALS AVAILABLE	사용 가능한 재료	검색 || 사용 가능한 자원 || 사용 가능한 재료 || 재료가 있는 것만 보기
GiC	/interface/tooltips/gic_largebase_ammogun_highres_base.tooltip	/damagePerShotTitleLabel/value	Damage Per Shot:	피해량:	대미지: || 사격당 피해량: || 피해량:
GiC	/interface/tooltips/gic_largebase_ammogun_highres_base.tooltip	/speedTitleLabel/value	Rate of Fire:	공격 속도:	공격 속도: || 발사 속도: || 속도: || 피해량:
GiC	/items/MATERIALS/platform.matitem	/description	A nondescript wood platform.	평범한 나무 플랫폼이다.	평범한 나무 플랫폼이다. || 평범한 나무 플랫폼입니다.
GiC	/items/MATERIALS/platform.matitem	/glitchdescription	Familiar. This is a basic wood platform.	친숙함. 기본적인 나무 플랫폼이다.	친숙한. 이것은 기본적인 목재 플랫폼입니다. || 친숙함. 기본적인 나무 플랫폼이다.
GiC	/items/MATERIALS/platform.matitem	/florandescription	Ssimple wood platformsss.	간단한 목재 플랫폼.	간단한 목재 플랫폼. || 단순한 나무 플랫폼이다.
GiC	/items/MATERIALS/platform.matitem	/novakiddescription	Just a platform made outta wood.	나무로 만든 플랫폼일 뿐이죠.	그냥 나무로 만들어진 플랫폼이군. || 나무로 만든 플랫폼일 뿐이죠.
GiC	/interface/windowconfig/gic_wildlands_porttrader.config	/paneLayout/lblProducttitle/value	^#b9b5b2;PRODUCT	^#b9b5b2;물품	^#b9b5b2;물품 || ^#b9b5b2;제작품 || ^#b9b5b2;제품
GiC	/interface/windowconfig/gic_wildlands_porttrader.config	/paneLayout/lblProduct/value	MATERIALS AVAILABLE	사용 가능한 재료	검색 || 사용 가능한 자원 || 사용 가능한 재료 || 재료가 있는 것만 보기
GiC	/interface/warping/GENSOKYO/gic_gensokyo_youkaimountain_traitorsmemory_sanctuarysiege.config	/destinations/2/name	Beam to Ship	함선으로 빔	선박으로 복귀 || 함선으로 워프 || 함선으로 이동
GiC	/interface/warping/KHURTOVYNA/gic_khurtovyna_tombofthesatori_alt_bonfire.config	/destinations/0/name	Beam to Ship	함선으로 빔	선박으로 복귀 || 함선으로 워프 || 함선으로 이동
GiC	/interface/warping/RAZED/gic_razed_floranfortifiedtown_shellhunter.config	/destinations/0/name	Beam to Ship	함선으로 빔	선박으로 복귀 || 함선으로 워프 || 함선으로 이동
GiC	/interface/warping/AFFLICTED/gic_afflictedcolony_expedition_bonfire.config	/destinations/0/name	Beam to Ship	함선으로 빔	선박으로 복귀 || 함선으로 워프 || 함선으로 이동
GiC	/objects/ship/gic_blackjack_lowerboosterflame/gic_blackjack_lowerboosterflame.object	/apexDescription	A booster. These have been known to malfunction and explode.	부스터야 이건 오작동해서 폭발하는 것으로 알려져 있어.	부스터. 오작동하거나 폭발하는 것으로 알려져 있습니다. || 부스터. 오작동하여 폭발하는 것으로 알려져 있습니다. || 부스터다. 이건 오작동을 일으키고 폭발하는 것으로 알려져 있다. || 부스터야 이건 오작동해서 폭발하는 것으로 알려져 있어. || 부스터입니다. 오작동하거나 폭발하는 것으로 알려져 있습니다. || 부스터입니다. 오작동하여 폭발하는 것으로 알려져 있습니다.
GiC	/objects/ship/gic_blackjack_lowerboosterflame/gic_blackjack_lowerboosterflame.object	/avianDescription	A booster, the wings of a ship.	배의 날개, 부스터.	배의 날개, 부스터. || 부스터, 배의 날개. || 부스터, 우주선의 날개. || 부스터, 우주선의 날개라니! || 부스터, 우주선의 날개야. || 부스터는 우주선의 날개야. || 우주선의 날개, 부스터. || 우주선의 날개와 같은 부스터입니다. || 함선의 날개, 부스터. || 함선의 날개라고도 할 수 있는 부스터다.
GiC	/objects/ship/gic_blackjack_lowerboosterflame/gic_blackjack_lowerboosterflame.object	/floranDescription	Ssscary fire.	무서운 불이야	무서운 불. || 무서운 불이야 || 무서운 불이야. || 무셔운 불이다.
GiC	/objects/ship/gic_blackjack_lowerboosterflame/gic_blackjack_lowerboosterflame.object	/glitchDescription	Analyse. Temperature too high to measure.	분석. 측정을 하기에는 온도가 너무 높다.	분석 중 온도가 너무 높아서 측정할 수 없습니다. || 분석 중. 온도가 너무 높아서 측정할 수 없습니다. || 분석. 온도가 너무 높아서 측정할 수 없습니다. || 분석. 측정을 하기에는 온도가 너무 높다. || 분석해 온도가 너무 높아서 측정할 수 없습니다 || 분석해 온도가 너무 높아서 측정할 수 없습니다.
GiC	/objects/ship/gic_blackjack_lowerboosterflame/gic_blackjack_lowerboosterflame.object	/humanDescription	This thing eats through fuel.	연료를 먹어치우고 있어.	연료를 먹어치우고 있습니다. || 연료를 먹어치우고 있어. || 연료를 먹어치우는군 || 연료를 먹어치우는군. || 이 물건은 연료를 먹어치웁니다. || 이건 연료를 엄청 잡아먹는다.
GiC	/interface/windowconfig/gic_blackmarket_crusade.config	/paneLayout/lblSchematics/value	^#b9b5b2;BLUEPRINTS	^#b9b5b2;설계도	^#b9b5b2;설계도 || ^#b9b5b2;청사진
GiC	/interface/windowconfig/gic_blackmarket_crusade.config	/paneLayout/lblProducttitle/value	^#b9b5b2;PRODUCT	^#b9b5b2;물품	^#b9b5b2;물품 || ^#b9b5b2;제작품 || ^#b9b5b2;제품
GiC	/interface/windowconfig/gic_blackmarket_crusade.config	/paneLayout/lblProduct/value	MATERIALS AVAILABLE	사용 가능한 재료	검색 || 사용 가능한 자원 || 사용 가능한 재료 || 재료가 있는 것만 보기
GiC	/interface/windowconfig/COOKING/gic_cooking_sovietstove.config	/paneLayout/lblProduct/value	MATERIALS AVAILABLE	사용 가능한 재료	검색 || 사용 가능한 자원 || 사용 가능한 재료 || 재료가 있는 것만 보기
GiC	/objects/ANACONDA/gic_anaconda_brokenhumanfuelhatch/gic_anaconda_brokenhumanfuelhatch.object	/shortdescription	Broken FTL Fuel Hatch	고장난 FTL 연료 해치	고장난 FTL 연료 해치 || 부서진 FTL 연료 해치
GiC	/interface/warping/KHURTOVYNA/gic_khurtovyna_tombofthesatori_bonfire.config	/destinations/0/name	Beam to Ship	함선으로 빔	선박으로 복귀 || 함선으로 워프 || 함선으로 이동
GiC	/interface/warping/CRUSADE/gic_crusade_mountainoutskirts_bonfire.config	/destinations/0/name	Beam to Ship	함선으로 빔	선박으로 복귀 || 함선으로 워프 || 함선으로 이동
GiC	/quests/SHIP_UPGRADES/gic_player_shipgradeT7.questtemplate	/scriptConfig/conditions/0/description	Find ^orange;<itemName>^reset;: ^green;<current> / <required>^reset;	^orange;<itemName>^reset; 찾기: ^green;<current>/<required>^reset;	^orange;<itemName>^reset; 찾기: ^green;<current>/<required>^reset; || 찾기^orange;<아이템 이름>^reset;:^green;<현재> / <필요>^reset;
GiC	/quests/SHIP_UPGRADES/gic_player_shipgradeT7.questtemplate	/scriptConfig/conditions/1/description	Find ^orange;<itemName>^reset;: ^green;<current> / <required>^reset;	^orange;<itemName>^reset; 찾기: ^green;<current>/<required>^reset;	^orange;<itemName>^reset; 찾기: ^green;<current>/<required>^reset; || 찾기^orange;<아이템 이름>^reset;:^green;<현재> / <필요>^reset;
GiC	/interface/warping/GENSOKYO/gic_gensokyo_youkaimountain_traitorsmemory_sanctuarysiege_midbonfire.config	/destinations/1/name	Beam to Ship	함선으로 빔	선박으로 복귀 || 함선으로 워프 || 함선으로 이동
GiC	/interface/windowconfig/gic_colonial_bioengineer.config	/paneLayout/lblSchematics/value	^#b9b5b2;BLUEPRINTS	^#b9b5b2;설계도	^#b9b5b2;설계도 || ^#b9b5b2;청사진
GiC	/interface/windowconfig/gic_colonial_bioengineer.config	/paneLayout/lblProducttitle/value	^#b9b5b2;PRODUCT	^#b9b5b2;물품	^#b9b5b2;물품 || ^#b9b5b2;제작품 || ^#b9b5b2;제품
GiC	/interface/windowconfig/gic_colonial_bioengineer.config	/paneLayout/lblProduct/value	MATERIALS AVAILABLE	사용 가능한 재료	검색 || 사용 가능한 자원 || 사용 가능한 재료 || 재료가 있는 것만 보기
GiC	/interface/windowconfig/WORKSTATION/gic_sewing_workstation.config	/paneLayout/lblProduct/value	MATERIALS AVAILABLE	사용 가능한 재료	검색 || 사용 가능한 자원 || 사용 가능한 재료 || 재료가 있는 것만 보기
GiC	/interface/windowconfig/gic_humanfoodshop_tradeterminal.config	/paneLayout/lblProducttitle/value	^#b9b5b2;PRODUCT	^#b9b5b2;물품	^#b9b5b2;물품 || ^#b9b5b2;제작품 || ^#b9b5b2;제품
GiC	/interface/windowconfig/WORKSTATION/gic_production_workbench.config	/paneLayout/lblProduct/value	MATERIALS AVAILABLE	사용 가능한 재료	검색 || 사용 가능한 자원 || 사용 가능한 재료 || 재료가 있는 것만 보기
GiC	/objects/gic_limitedtimemissionconsole/gic_limitedtimemissionconsole.object	/apexDescription	An extremely old piece of technology.	아주 오래된 기술이다.	아주 오래된 기술이다. || 아주 오래된 기술입니다.
GiC	/objects/gic_limitedtimemissionconsole/gic_limitedtimemissionconsole.object	/avianDescription	This console must be as old at the gate itself. That's old!	이 콘솔도 게이트만큼이나 오래됐을 거예요. 오래됐네요!	이 콘솔도 게이트만큼이나 오래됐을 거예요. 오래됐네요! || 이 콘솔도 여기 차원문처럼 오랜 세월을 버텼겠지.
GiC	/objects/gic_limitedtimemissionconsole/gic_limitedtimemissionconsole.object	/floranDescription	Ancient controlsss for the ancient gate.	고대 차원문을 여는 고대 콘솔이다.	고대 게이트의 고대 제어장치군요. || 고대 차원문을 여는 고대 콘솔이다.
GiC	/objects/gic_limitedtimemissionconsole/gic_limitedtimemissionconsole.object	/glitchDescription	Impressed. The control panel for the gate, it looks very old indeed.	인상적. 차원문을 여는 컨트롤 패널같은데, 아주 오래된 것 같다.	인상적. 차원문을 여는 컨트롤 패널같은데, 아주 오래된 것 같다. || 인상적이네요. 게이트의 제어판, 정말 아주 오래 된 것 같습니다.
GiC	/objects/gic_limitedtimemissionconsole/gic_limitedtimemissionconsole.object	/humanDescription	The gate control panel. It must be as old as the gate.	게이트 제어판. 성문만큼이나 오래됐을 겁니다.	게이트 제어판. 성문만큼이나 오래됐을 겁니다. || 차원문 컨트롤 패널이다. 차원문처럼 오래됐겠지.
GiC	/objects/gic_limitedtimemissionconsole/gic_limitedtimemissionconsole.object	/hylotlDescription	The gate console. Like the gate, it is a mystery.	게이트 콘솔. 게이트와 마찬가지로 미스터리입니다.	게이트 콘솔. 게이트와 마찬가지로 미스터리입니다. || 차원문 콘솔이다. 차원문처럼, 신비함이 가득하다.
GiC	/objects/gic_limitedtimemissionconsole/gic_limitedtimemissionconsole.object	/novakidDescription	Let's see if I can't get this old thing workin'.	내가 이 오래된 것을 작동시킬 수 있는지 한 번 볼까.	내가 이 오래된 것을 작동시킬 수 있는지 한 번 볼까. || 이 오래된 것을 작동시킬 수 있는지 보자고요.
GiC	/interface/windowconfig/gic_humanrestaurant_craftingfood.config	/paneLayout/lblProducttitle/value	^#b9b5b2;DISH	^#b9b5b2;음식	^#b9b5b2;음식 || ^#b9b5b2;접시
GiC	/objects/glitch/largewoodencrate/largewoodencrate.object	/description	A wooden crate.	나무 상자.	나무 상자. || 나무 상자다. || 나무 상자입니다.
GiC	/objects/glitch/largewoodencrate/largewoodencrate.object	/shortdescription	Large Wooden Crate	큰 나무 상자	대형 나무 상자 || 큰 나무 상자
GiC	/objects/glitch/largewoodencrate/largewoodencrate.object	/apexDescription	A wooden crate.	나무 상자.	나무 상자. || 나무 상자다. || 나무 상자입니다.
GiC	/objects/glitch/largewoodencrate/largewoodencrate.object	/avianDescription	A wooden storage box.	나무 보관함.	나무 보관함. || 나무 보관함이다.
GiC	/objects/glitch/largewoodencrate/largewoodencrate.object	/floranDescription	Fine wooden box.	고급 나무 상자.	고급 나무 상자. || 좋은 나무 상자다.
GiC	/objects/glitch/largewoodencrate/largewoodencrate.object	/humanDescription	It's just a crate.	그냥 상자다.	그냥 상자다. || 그냥 상자입니다.
GiC	/objects/glitch/largewoodencrate/largewoodencrate.object	/hylotlDescription	A crate made of wood.	나무로 만든 상자.	나무로 만든 상자. || 나무로 만든 상자다.
GiC	/interface/warping/WILDLANDS/gic_wildlands_island_citytravel.config	/destinations/4/name	Beam to Ship	함선으로 빔	선박으로 복귀 || 함선으로 워프 || 함선으로 이동
GiC	/objects/generic/woodenchair/woodenchair.object	/humanDescription	I couldn't sit here long.	여기엔 오래 앉아 있지 못하겠다.	여기엔 오래 앉아 있지 못하겠다. || 오래 앉아있지 못했습니다.
GiC	/interface/warping/GARDEN/gic_garden_crypt_shellhuntersear.config	/destinations/0/name	Beam to Ship	함선으로 빔	선박으로 복귀 || 함선으로 워프 || 함선으로 이동
GiC	/interface/warping/GENSOKYO/gic_gensokyo_youkaimountain_traitorsmemory_outercity_bonfire.config	/destinations/1/name	Beam to Ship	함선으로 빔	선박으로 복귀 || 함선으로 워프 || 함선으로 이동
GiC	/interface/windowconfig/gic_springfieldbar.config	/paneLayout/lblProducttitle/value	^#b9b5b2;PRODUCT	^#b9b5b2;물품	^#b9b5b2;물품 || ^#b9b5b2;제작품 || ^#b9b5b2;제품
GiC	/interface/windowconfig/gic_springfieldbar.config	/paneLayout/lblProduct/value	MATERIALS AVAILABLE	사용 가능한 재료	검색 || 사용 가능한 자원 || 사용 가능한 재료 || 재료가 있는 것만 보기
GiC	/interface/warping/PROTECTED/gic_protectedcolony_hellsmantle_bonfire.config	/destinations/0/name	Beam to Ship	함선으로 빔	선박으로 복귀 || 함선으로 워프 || 함선으로 이동
GiC	/interface/warping/WILDLANDS/gic_aya_safehouse_hubworld.config	/destinations/6/name	Beam to Ship	함선으로 빔	선박으로 복귀 || 함선으로 워프 || 함선으로 이동
GiC	/objects/generic/woodencabinet3/woodencabinet3.object	/apexDescription	A medium amount of storage space.	중간 정도의 저장 공간.	보관 공간이 중간 정도다. || 중간 정도의 저장 공간.
GiC	/objects/generic/woodencabinet3/woodencabinet3.object	/avianDescription	A little more storage space would be nice.	수납공간이 좀 더 있으면 좋겠어	보관할 공간이 좀 더 많았으면 좋았겠는데. || 수납공간이 좀 더 있으면 좋겠어
GiC	/objects/generic/woodencabinet3/woodencabinet3.object	/floranDescription	Medium ssize ssstorage.	중간 크기 보관함.	보관 공간이 중간 정도다. || 중간 크기 보관함.
GiC	/objects/generic/woodencabinet3/woodencabinet3.object	/glitchDescription	Neutral. A medium amount of storage.	중립. 중간 정도의 저장 공간.	중립. 보관 공간이 중간 정도다. || 중립. 중간 정도의 저장 공간.
GiC	/objects/generic/woodencabinet3/woodencabinet3.object	/humanDescription	A cabinet with a couple of drawers.	서랍이 두 개 있는 캐비닛.	서랍이 두 개 있는 캐비닛. || 서랍이 몇 개 달린 캐비닛이다.
GiC	/objects/generic/woodencabinet3/woodencabinet3.object	/novakidDescription	Only two drawers? I could do with more.	서랍이 두 개 뿐인가? 더 있으면 좋겠는데.	서랍이 두 개 뿐인가? 더 있으면 좋겠는데. || 서랍이 두 개뿐인가요? 더 추가할 수 있어요.
GiC	/interface/windowconfig/gic_automatedtransfermachine.config	/paneLayout/lblProducttitle/value	^#b9b5b2;PRODUCT	^#b9b5b2;물품	^#b9b5b2;물품 || ^#b9b5b2;제작품 || ^#b9b5b2;제품
GiC	/interface/warping/CRUSADE/gic_crusade_mountaincastle_bonfire.config	/destinations/0/name	Beam to Ship	함선으로 빔	선박으로 복귀 || 함선으로 워프 || 함선으로 이동
GiC	/interface/warping/GENSOKYO/gic_gensokyo_youkaimountain_traitorsmemory_sanctuary.config	/destinations/1/name	Beam to Ship	함선으로 빔	선박으로 복귀 || 함선으로 워프 || 함선으로 이동
GiC	/quests/TYLIAN/DRAFT/gic_tylian_bossrush_protected.questtemplate	/scriptConfig/conditions/0/description	Find ^orange;<itemName>^reset;: ^green;<current> / <required>^reset;	^orange;<itemName>^reset; 찾기: ^green;<current>/<required>^reset;	^orange;<itemName>^reset; 찾기: ^green;<current>/<required>^reset; || 찾기^orange;<아이템 이름>^reset;:^green;<현재> / <필요>^reset;
GiC	/quests/TYLIAN/DRAFT/gic_tylian_bossrush_protected.questtemplate	/scriptConfig/conditions/1/description	Find ^orange;<itemName>^reset;: ^green;<current> / <required>^reset;	^orange;<itemName>^reset; 찾기: ^green;<current>/<required>^reset;	^orange;<itemName>^reset; 찾기: ^green;<current>/<required>^reset; || 찾기^orange;<아이템 이름>^reset;:^green;<현재> / <필요>^reset;
GiC	/quests/TYLIAN/DRAFT/gic_tylian_bossrush_protected.questtemplate	/scriptConfig/conditions/2/description	Find ^orange;<itemName>^reset;: ^green;<current> / <required>^reset;	^orange;<itemName>^reset; 찾기: ^green;<current>/<required>^reset;	^orange;<itemName>^reset; 찾기: ^green;<current>/<required>^reset; || 찾기^orange;<아이템 이름>^reset;:^green;<현재> / <필요>^reset;
GiC	/interface/warping/KHURTOVYNA/gic_khurtovyna_bunkercomplex_bonfire.config	/destinations/0/name	Beam to Ship	함선으로 빔	선박으로 복귀 || 함선으로 워프 || 함선으로 이동
GiC	/interface/windowconfig/COOKING/gic_cooking_civilwar_cookstove.config	/paneLayout/lblProduct/value	MATERIALS AVAILABLE	사용 가능한 재료	검색 || 사용 가능한 자원 || 사용 가능한 재료 || 재료가 있는 것만 보기
GiC	/quests/GARDEN/gic_garden_newrijika_trade_smithy.questtemplate	/scriptConfig/conditions/0/description	Find ^orange;<itemName>^reset;: ^green;<current> / <required>^reset;	^orange;<itemName>^reset; 찾기: ^green;<current>/<required>^reset;	^orange;<itemName>^reset; 찾기: ^green;<current>/<required>^reset; || 찾기^orange;<아이템 이름>^reset;:^green;<현재> / <필요>^reset;
GiC	/interface/chests/chest4.config	/gui/clear/caption	Take all	모두 가져가	모두 가져가 || 모두 가져가다 || 모두 가져오기 || 모두 가지기 || 모두 채우기
GiC	/items/MATERIALS/cobblestonebrick.matitem	/description	Small bricks made from cobblestone.	조약돌로 만든 작은 벽돌.	조약돌로 만든 작은 벽돌. || 조약돌로 만든 작은 벽돌입니다.
GiC	/quests/TYLIAN/DRAFT/gic_tylian_bossrush_satori.questtemplate	/scriptConfig/conditions/0/description	Find ^orange;<itemName>^reset;: ^green;<current> / <required>^reset;	^orange;<itemName>^reset; 찾기: ^green;<current>/<required>^reset;	^orange;<itemName>^reset; 찾기: ^green;<current>/<required>^reset; || 찾기^orange;<아이템 이름>^reset;:^green;<현재> / <필요>^reset;
GiC	/interface/windowconfig/gic_lionheart.config	/paneLayout/lblProducttitle/value	^#b9b5b2;PRODUCT	^#b9b5b2;물품	^#b9b5b2;물품 || ^#b9b5b2;제작품 || ^#b9b5b2;제품
GiC	/interface/windowconfig/gic_lionheart.config	/paneLayout/lblProduct/value	MATERIALS AVAILABLE	사용 가능한 재료	검색 || 사용 가능한 자원 || 사용 가능한 재료 || 재료가 있는 것만 보기
GiC	/interface/warping/KHURTOVYNA/gic_khurtovyna_chamberofthesatori_bonfire.config	/destinations/0/name	Beam to Ship	함선으로 빔	선박으로 복귀 || 함선으로 워프 || 함선으로 이동
GiC	/interface/warping/gic_to_bazaarbetwixtrealms_dreamofconstantinexi.config	/destinations/0/name	Beam to Ship	함선으로 빔	선박으로 복귀 || 함선으로 워프 || 함선으로 이동
GiC	/interface/windowconfig/gic_colonial_advancedweaponsdealer.config	/paneLayout/lblSchematics/value	^#b9b5b2;BLUEPRINTS	^#b9b5b2;설계도	^#b9b5b2;설계도 || ^#b9b5b2;청사진
GiC	/interface/windowconfig/gic_colonial_advancedweaponsdealer.config	/paneLayout/lblProducttitle/value	^#b9b5b2;PRODUCT	^#b9b5b2;물품	^#b9b5b2;물품 || ^#b9b5b2;제작품 || ^#b9b5b2;제품
GiC	/interface/windowconfig/gic_colonial_advancedweaponsdealer.config	/paneLayout/lblProduct/value	MATERIALS AVAILABLE	사용 가능한 재료	검색 || 사용 가능한 자원 || 사용 가능한 재료 || 재료가 있는 것만 보기
GiC	/interface/warping/GARDEN/gic_garden_brigandnest_bonfire.config	/destinations/0/name	Beam to Ship	함선으로 빔	선박으로 복귀 || 함선으로 워프 || 함선으로 이동
GiC	/interface/windowconfig/gic_requisitioncommand_store.config	/paneLayout/lblSchematics/value	^#b9b5b2;BLUEPRINTS	^#b9b5b2;설계도	^#b9b5b2;설계도 || ^#b9b5b2;청사진
GiC	/interface/windowconfig/gic_requisitioncommand_store.config	/paneLayout/lblProducttitle/value	^#b9b5b2;PRODUCT	^#b9b5b2;물품	^#b9b5b2;물품 || ^#b9b5b2;제작품 || ^#b9b5b2;제품
GiC	/interface/windowconfig/gic_requisitioncommand_store.config	/paneLayout/lblProduct/value	MATERIALS AVAILABLE	사용 가능한 재료	검색 || 사용 가능한 자원 || 사용 가능한 재료 || 재료가 있는 것만 보기
GiC	/interface/warping/PROTECTED/gic_protectedcolony_laboratory_bonfire.config	/destinations/0/name	Beam to Ship	함선으로 빔	선박으로 복귀 || 함선으로 워프 || 함선으로 이동
GiC	/objects/MILITARY/gic_fluorescentlight/gic_fluorescent_light_flickering.object	/description	This fluorescent light has seen better days.	크게 손상된 형광등입니다.	이 형광등은 거의 망가졌습니다. || 크게 손상된 형광등입니다.
GiC	/interface/warping/GARDEN/gic_garden_marshlandpath.config	/destinations/2/name	Beam to Ship	함선으로 빔	선박으로 복귀 || 함선으로 워프 || 함선으로 이동
GiC	/interface/warping/GARDEN/gic_garden_castleassault_1.config	/destinations/0/name	Beam to Ship	함선으로 빔	선박으로 복귀 || 함선으로 워프 || 함선으로 이동
GiC	/objects/CARGO_CONTAINER/gic_alliance_cargocontainer/gic_alliance_cargocontainer.object	/description	A very large shipping container.	매우 큰 화물 컨테이너.	매우 커다란 운송 컨테이너입니다. || 매우 큰 화물 컨테이너.
GiC	/objects/ship/gic_blackjack_boosterflame/gic_blackjack_boosterflame.object	/apexDescription	A booster. These have been known to malfunction and explode.	부스터야 이건 오작동해서 폭발하는 것으로 알려져 있어.	부스터. 오작동하거나 폭발하는 것으로 알려져 있습니다. || 부스터. 오작동하여 폭발하는 것으로 알려져 있습니다. || 부스터다. 이건 오작동을 일으키고 폭발하는 것으로 알려져 있다. || 부스터야 이건 오작동해서 폭발하는 것으로 알려져 있어. || 부스터입니다. 오작동하거나 폭발하는 것으로 알려져 있습니다. || 부스터입니다. 오작동하여 폭발하는 것으로 알려져 있습니다.
GiC	/objects/ship/gic_blackjack_boosterflame/gic_blackjack_boosterflame.object	/avianDescription	A booster, the wings of a ship.	배의 날개, 부스터.	배의 날개, 부스터. || 부스터, 배의 날개. || 부스터, 우주선의 날개. || 부스터, 우주선의 날개라니! || 부스터, 우주선의 날개야. || 부스터는 우주선의 날개야. || 우주선의 날개, 부스터. || 우주선의 날개와 같은 부스터입니다. || 함선의 날개, 부스터. || 함선의 날개라고도 할 수 있는 부스터다.
GiC	/objects/ship/gic_blackjack_boosterflame/gic_blackjack_boosterflame.object	/floranDescription	Ssscary fire.	무서운 불이야	무서운 불. || 무서운 불이야 || 무서운 불이야. || 무셔운 불이다.
GiC	/objects/ship/gic_blackjack_boosterflame/gic_blackjack_boosterflame.object	/glitchDescription	Analyse. Temperature too high to measure.	분석. 측정을 하기에는 온도가 너무 높다.	분석 중 온도가 너무 높아서 측정할 수 없습니다. || 분석 중. 온도가 너무 높아서 측정할 수 없습니다. || 분석. 온도가 너무 높아서 측정할 수 없습니다. || 분석. 측정을 하기에는 온도가 너무 높다. || 분석해 온도가 너무 높아서 측정할 수 없습니다 || 분석해 온도가 너무 높아서 측정할 수 없습니다.
GiC	/objects/ship/gic_blackjack_boosterflame/gic_blackjack_boosterflame.object	/humanDescription	This thing eats through fuel.	연료를 먹어치우고 있어.	연료를 먹어치우고 있습니다. || 연료를 먹어치우고 있어. || 연료를 먹어치우는군 || 연료를 먹어치우는군. || 이 물건은 연료를 먹어치웁니다. || 이건 연료를 엄청 잡아먹는다.
GiC	/interface/windowconfig/gic_generic_crafting_notab.config	/paneLayout/lblSchematics/value	^#b9b5b2;BLUEPRINTS	^#b9b5b2;설계도	^#b9b5b2;설계도 || ^#b9b5b2;청사진
GiC	/interface/windowconfig/gic_generic_crafting_notab.config	/paneLayout/lblProducttitle/value	^#b9b5b2;PRODUCT	^#b9b5b2;물품	^#b9b5b2;물품 || ^#b9b5b2;제작품 || ^#b9b5b2;제품
GiC	/interface/windowconfig/gic_generic_crafting_notab.config	/paneLayout/lblProduct/value	MATERIALS AVAILABLE	사용 가능한 재료	검색 || 사용 가능한 자원 || 사용 가능한 재료 || 재료가 있는 것만 보기
GiC	/interface/chests/chest10_old.config	/gui/clear/caption	Take all	모두 가져가	모두 가져가 || 모두 가져가다 || 모두 가져오기 || 모두 가지기 || 모두 채우기
GiC	/objects/wired/IED_UXO/gic_rusted_landmine/gic_rusted_landmine.object	/floranDescription	Watch your ssstep!	발밑 조심!	발 밑 조심해라! || 발 조심해라! || 발밑 조심!
GiC	/objects/wired/IED_UXO/gic_rusted_landmine/gic_rusted_landmine.object	/novakidDescription	This thing could still blow!	아직 폭발할 것 같은데!	아직 폭발할 것 같은데! || 아직도 터질 수 있어요! || 이건 아직도 터질 수 있군 그래!
GiC	/objects/gic_limitedtimemissionconsole/gic_limitedtimemissionreturn.object	/apexDescription	An extremely old piece of technology.	아주 오래된 기술이다.	아주 오래된 기술이다. || 아주 오래된 기술입니다.
GiC	/objects/gic_limitedtimemissionconsole/gic_limitedtimemissionreturn.object	/avianDescription	This console must be as old at the gate itself. That's old!	이 콘솔도 게이트만큼이나 오래됐을 거예요. 오래됐네요!	이 콘솔도 게이트만큼이나 오래됐을 거예요. 오래됐네요! || 이 콘솔도 여기 차원문처럼 오랜 세월을 버텼겠지.
GiC	/objects/gic_limitedtimemissionconsole/gic_limitedtimemissionreturn.object	/floranDescription	Ancient controlsss for the ancient gate.	고대 차원문을 여는 고대 콘솔이다.	고대 게이트의 고대 제어장치군요. || 고대 차원문을 여는 고대 콘솔이다.
GiC	/objects/gic_limitedtimemissionconsole/gic_limitedtimemissionreturn.object	/glitchDescription	Impressed. The control panel for the gate, it looks very old indeed.	인상적. 차원문을 여는 컨트롤 패널같은데, 아주 오래된 것 같다.	인상적. 차원문을 여는 컨트롤 패널같은데, 아주 오래된 것 같다. || 인상적이네요. 게이트의 제어판, 정말 아주 오래 된 것 같습니다.
GiC	/objects/gic_limitedtimemissionconsole/gic_limitedtimemissionreturn.object	/humanDescription	The gate control panel. It must be as old as the gate.	게이트 제어판. 성문만큼이나 오래됐을 겁니다.	게이트 제어판. 성문만큼이나 오래됐을 겁니다. || 차원문 컨트롤 패널이다. 차원문처럼 오래됐겠지.
GiC	/objects/gic_limitedtimemissionconsole/gic_limitedtimemissionreturn.object	/hylotlDescription	The gate console. Like the gate, it is a mystery.	게이트 콘솔. 게이트와 마찬가지로 미스터리입니다.	게이트 콘솔. 게이트와 마찬가지로 미스터리입니다. || 차원문 콘솔이다. 차원문처럼, 신비함이 가득하다.
GiC	/objects/gic_limitedtimemissionconsole/gic_limitedtimemissionreturn.object	/novakidDescription	Let's see if I can't get this old thing workin'.	내가 이 오래된 것을 작동시킬 수 있는지 한 번 볼까.	내가 이 오래된 것을 작동시킬 수 있는지 한 번 볼까. || 이 오래된 것을 작동시킬 수 있는지 보자고요.
GiC	/items/MATERIALS/log.matitem	/description	A wooden log. Good for building simple structures.	나무 통나무. 간단한 구조물을 짓기에 좋다.	"나무 통나무. 간단한 구조물을 짓기에 좋다. || 통나무. 간단한 구조물을 지을 때 좋겠다. || 통나무입니다. 간단한 구조물을 지을 때 좋습니다. || 통나무입니다. 간단한 구조물을 지을 때 좋습니다.
^green;추출 가능^reset;."
GiC	/items/MATERIALS/log.matitem	/glitchdescription	Impressed. These logs fit together closely and are effective for building.	인상적. 이 통나무는 서로 잘 붙어서 건물로 만들기에 효과적일 것 같다.	깊은 인상. 이러한 통나무는 서로 밀접하게 결합되어 건물을 짓는 데 효과적입니다. || 인상적. 이 통나무는 서로 잘 붙어서 건물로 만들기에 효과적일 것 같다.
GiC	/items/MATERIALS/log.matitem	/florandescription	Floran likess wooden log wallss.	플로란은 통나무 벽이 좋다.	플로란은 나무 통나무 벽을 좋아해요. || 플로란은 통나무 벽이 좋다.
GiC	/items/MATERIALS/log.matitem	/novakiddescription	Ain't uncommon to see logs laid like this in cabins.	오두막에 이렇게 놓여 있는 통나무를 보는 것은 드문 일이 아닙니다.	오두막에 이러한 통나무들이 놓여있는 건 흔히 보이는 광경이지. || 오두막에 이렇게 놓여 있는 통나무를 보는 것은 드문 일이 아닙니다.
GiC	/interface/cockpit/cockpit.config	/gui/windowtitle/subtitle	^#b9b5b2; Select your destination	^#b9b5b2; 목적지를 선택하세요	^#b9b5b2; 목적지를 선택하세요 || ^#b9b5b2; 목적지를 선택하세요.
GiC	/interface/cockpit/cockpit.config	/gui/disabledLabel/value	NAVIGATION OFFLINE	내비게이션 오프라인	내비게이션 오프라인 || 오프라인 내비게이션
GiC	/interface/windowconfig/gic_wildlands_bountystatue.config	/paneLayout/lblProducttitle/value	^#b9b5b2;PRODUCT	^#b9b5b2;물품	^#b9b5b2;물품 || ^#b9b5b2;제작품 || ^#b9b5b2;제품
GiC	/interface/windowconfig/gic_wildlands_bountystatue.config	/paneLayout/lblProduct/value	MATERIALS AVAILABLE	사용 가능한 재료	검색 || 사용 가능한 자원 || 사용 가능한 재료 || 재료가 있는 것만 보기
GiC	/objects/ANACONDA/gic_anaconda_humanshiplockerTier0/gic_anaconda_humanshiplockerTier0.object	/description	A locker. Store some stuff, why don't you?	사물함 물건 좀 보관해두지 그래?	보관함. 물건을 좀 보관해보세요. || 사물함 물건 좀 보관해두지 그래? || 사물함. 물건 좀 보관해 보세요. || 사물함. 물건 좀 보관해두지 그래? || 사물함. 물건 좀 보관해두지 그래요? || 사물함이요. 물건 좀 넣어두지 그래? || 사물함이요. 물건을 보관해 보세요. || 사물함이죠. 물건을 좀 보관해 두지 그래요? || 사물함이죠. 물건을 좀 보관해 보세요. || 사물함입니다. 물건을 보관하세요. || 사물함입니다. 물건을 좀 보관하는 것이 어떤가요?
GiC	/objects/ANACONDA/gic_anaconda_humanshiplockerTier0/gic_anaconda_humanshiplockerTier0.object	/shortdescription	Ship Locker	배 사물함	배 사물함 || 선박 보관함 || 선박 사물함 || 우주선 보관함 || 우주선 사물함 || 함선 사물함
GiC	/objects/ANACONDA/gic_anaconda_humanshiplockerTier0/gic_anaconda_humanshiplockerTier0.object	/apexDescription	The ship's storage system. It's not currently functional.	함선의 보관 장치다. 지금은 작동하지 않는다.	배의 보관 시스템입니다. 현재는 작동하지 않습니다. || 배의 저장 시스템. 현재는 작동하지 않습니다. || 우주선의 보관 시스템입니다. 현재는 작동하지 않습니다. || 우주선의 연료 저장 시스템입니다. 현재 작동하지 않습니다. || 우주선의 저장 시스템입니다. 현재 작동하지 않습니다. || 우주선의 저장 시스템입니다. 현재는 작동하지 않습니다. || 함선의 보관 시스템입니다. 현재 작동하지 않습니다. || 함선의 보관 장치다. 지금은 작동하지 않는다. || 함선의 저장 시스템입니다. 현재는 작동하지 않습니다.
GiC	/objects/ANACONDA/gic_anaconda_humanshiplockerTier0/gic_anaconda_humanshiplockerTier0.object	/avianDescription	A device that holds many items for safe keeping. It's broken at the moment.	많은 물건들을 안전하게 지켜주는 장치다. 지금은 부서졌다.	많은 물건들을 안전하게 지켜주는 장치다. 지금은 부서졌다. || 많은 물건을 안전하게 보관할 수 있는 장치. 현재 고장났습니다. || 많은 물건을 안전하게 보관할 수 있는 장치입니다. 현재 고장났습니다. || 많은 물품을 안전하게 보관할 수 있는 장치입니다. 현재 고장났습니다.
GiC	/objects/ANACONDA/gic_anaconda_humanshiplockerTier0/gic_anaconda_humanshiplockerTier0.object	/floranDescription	Sssstorage. It'sss not working.	저장. 작동하지 않습니다.	보관함이다. 작동하지 않는다. || 스토리지. 작동하지 않습니다. || 저장. 작동하지 않습니다. || 저장소 작동하지 않습니다. || 저장소. 작동하지 않습니다.
GiC	/objects/ANACONDA/gic_anaconda_humanshiplockerTier0/gic_anaconda_humanshiplockerTier0.object	/glitchDescription	Distressed. This ship's storage system is malfunctioning.	고민. 이 함선의 보관 장치는 오작동하고 있다.	고민. 이 함선의 보관 장치는 오작동하고 있다. || 고장났어 이 우주선의 저장 시스템이 고장났습니다. || 조난. 이 우주선의 저장 시스템이 고장났습니다. || 조난. 이 함선의 저장 시스템이 오작동하고 있습니다.
GiC	/objects/ANACONDA/gic_anaconda_humanshiplockerTier0/gic_anaconda_humanshiplockerTier0.object	/humanDescription	A storage locker. It doesn't seem to be working.	보관함 작동이 안 되는 것 같은데.	보관함 작동이 안 되는 것 같습니다. || 보관함 작동이 안 되는 것 같은데. || 보관함입니다 작동하지 않는 것 같습니다. || 보관함입니다. 작동하지 않는 것 같습니다. || 사물함이다. 작동하지 않는 것 같다.
GiC	/objects/ANACONDA/gic_anaconda_humanshiplockerTier0/gic_anaconda_humanshiplockerTier0.object	/hylotlDescription	An elegant storage solution. It's not currently powered.	우아한 보관 솔루션이다. 지금은 동력이 없다.	우아한 보관 솔루션이군 현재 전원이 공급되지 않습니다. || 우아한 보관 솔루션이다. 지금은 동력이 없다. || 우아한 보관 솔루션입니다. 현재 전원이 공급되지 않습니다. || 우아한 스토리지 솔루션. 현재 전원이 공급되지 않습니다. || 우아한 스토리지 솔루션입니다. 현재 전원이 공급되지 않습니다.
GiC	/objects/ANACONDA/gic_anaconda_humanshiplockerTier0/gic_anaconda_humanshiplockerTier0.object	/novakidDescription	A locker. Ain't much use 'til it's fixed.	사물함 고쳐지기 전까진 쓸모가 없겠지.	사물함 고쳐지기 전까진 쓸모가 없겠지. || 사물함이다. 고쳐질 때까지는 소용이 없겠는데. || 사물함이라 고쳐지기 전까진 쓸모가 없겠군. || 사물함이라 고쳐지기 전까진 쓸모가 없겠지. || 사물함입니다. 고쳐지기 전까진 쓸모가 없겠군.
GiC	/objects/MILITARY/gic_shojidoor/gic_shojidoor.object	/description	A shoji screen door.	쇼지 스크린 도어입니다.	쇼지 스크린 도어입니다. || 종이로 만들어진 창문이 있는 문입니다.
GiC	/interface/warping/KHURTOVYNA/gic_khurtovyna_shiftingwasteland_bonfire.config	/destinations/0/name	Beam to Ship	함선으로 빔	선박으로 복귀 || 함선으로 워프 || 함선으로 이동
GiC	/interface/windowconfig/gic_generic_shop_notab_keine.config	/paneLayout/lblProducttitle/value	^#b9b5b2;PRODUCT	^#b9b5b2;물품	^#b9b5b2;물품 || ^#b9b5b2;제작품 || ^#b9b5b2;제품
GiC	/objects/ship/gic_blackjack_upperboosterflame/gic_blackjack_upperboosterflame.object	/apexDescription	A booster. These have been known to malfunction and explode.	부스터야 이건 오작동해서 폭발하는 것으로 알려져 있어.	부스터. 오작동하거나 폭발하는 것으로 알려져 있습니다. || 부스터. 오작동하여 폭발하는 것으로 알려져 있습니다. || 부스터다. 이건 오작동을 일으키고 폭발하는 것으로 알려져 있다. || 부스터야 이건 오작동해서 폭발하는 것으로 알려져 있어. || 부스터입니다. 오작동하거나 폭발하는 것으로 알려져 있습니다. || 부스터입니다. 오작동하여 폭발하는 것으로 알려져 있습니다.
GiC	/objects/ship/gic_blackjack_upperboosterflame/gic_blackjack_upperboosterflame.object	/avianDescription	A booster, the wings of a ship.	배의 날개, 부스터.	배의 날개, 부스터. || 부스터, 배의 날개. || 부스터, 우주선의 날개. || 부스터, 우주선의 날개라니! || 부스터, 우주선의 날개야. || 부스터는 우주선의 날개야. || 우주선의 날개, 부스터. || 우주선의 날개와 같은 부스터입니다. || 함선의 날개, 부스터. || 함선의 날개라고도 할 수 있는 부스터다.
GiC	/objects/ship/gic_blackjack_upperboosterflame/gic_blackjack_upperboosterflame.object	/floranDescription	Ssscary fire.	무서운 불이야	무서운 불. || 무서운 불이야 || 무서운 불이야. || 무셔운 불이다.
GiC	/objects/ship/gic_blackjack_upperboosterflame/gic_blackjack_upperboosterflame.object	/glitchDescription	Analyse. Temperature too high to measure.	분석. 측정을 하기에는 온도가 너무 높다.	분석 중 온도가 너무 높아서 측정할 수 없습니다. || 분석 중. 온도가 너무 높아서 측정할 수 없습니다. || 분석. 온도가 너무 높아서 측정할 수 없습니다. || 분석. 측정을 하기에는 온도가 너무 높다. || 분석해 온도가 너무 높아서 측정할 수 없습니다 || 분석해 온도가 너무 높아서 측정할 수 없습니다.
GiC	/objects/ship/gic_blackjack_upperboosterflame/gic_blackjack_upperboosterflame.object	/humanDescription	This thing eats through fuel.	연료를 먹어치우고 있어.	연료를 먹어치우고 있습니다. || 연료를 먹어치우고 있어. || 연료를 먹어치우는군 || 연료를 먹어치우는군. || 이 물건은 연료를 먹어치웁니다. || 이건 연료를 엄청 잡아먹는다.
GiC	/interface/warping/gic_bazaarbetweentime.config	/destinations/0/name	Beam to Ship	함선으로 빔	선박으로 복귀 || 함선으로 워프 || 함선으로 이동
GiC	/items/MATERIALS/castlewalls2.matitem	/description	Small stone slabs, perfect for the finer details.	작은 벽돌 더미. 세부적인 건축을 할 때 완벽한 자재다.	작은 벽돌 더미. 세부적인 건축을 할 때 완벽한 자재다. || 작은 벽돌 더미로, 세부적인 건축을 할 때 완벽한 자재입니다.
GiC	/quests/TYLIAN/DRAFT/gic_tylian_bossrush_tyrantjudge.questtemplate	/scriptConfig/conditions/0/description	Find ^orange;<itemName>^reset;: ^green;<current> / <required>^reset;	^orange;<itemName>^reset; 찾기: ^green;<current>/<required>^reset;	^orange;<itemName>^reset; 찾기: ^green;<current>/<required>^reset; || 찾기^orange;<아이템 이름>^reset;:^green;<현재> / <필요>^reset;
GiC	/interface/warping/WILDLANDS/gic_wildlands_ayashameimaru_mission_6_2_asylumringleaderfight_bonfire.config	/destinations/0/name	Beam to Ship	함선으로 빔	선박으로 복귀 || 함선으로 워프 || 함선으로 이동
GiC	/interface/windowconfig/gic_undercolonyworkshopmerchant_merchantterminal.config	/paneLayout/lblSchematics/value	^#b9b5b2;BLUEPRINTS	^#b9b5b2;설계도	^#b9b5b2;설계도 || ^#b9b5b2;청사진
GiC	/interface/windowconfig/gic_undercolonyworkshopmerchant_merchantterminal.config	/paneLayout/lblProducttitle/value	^#b9b5b2;PRODUCT	^#b9b5b2;물품	^#b9b5b2;물품 || ^#b9b5b2;제작품 || ^#b9b5b2;제품
GiC	/interface/windowconfig/gic_undercolonyworkshopmerchant_merchantterminal.config	/paneLayout/lblProduct/value	MATERIALS AVAILABLE	사용 가능한 재료	검색 || 사용 가능한 자원 || 사용 가능한 재료 || 재료가 있는 것만 보기
GiC	/quests/SHIP_UPGRADES/gic_player_shipgradeT6.questtemplate	/scriptConfig/conditions/0/description	Find ^orange;<itemName>^reset;: ^green;<current> / <required>^reset;	^orange;<itemName>^reset; 찾기: ^green;<current>/<required>^reset;	^orange;<itemName>^reset; 찾기: ^green;<current>/<required>^reset; || 찾기^orange;<아이템 이름>^reset;:^green;<현재> / <필요>^reset;
GiC	/quests/SHIP_UPGRADES/gic_player_shipgradeT6.questtemplate	/scriptConfig/conditions/1/description	Find ^orange;<itemName>^reset;: ^green;<current> / <required>^reset;	^orange;<itemName>^reset; 찾기: ^green;<current>/<required>^reset;	^orange;<itemName>^reset; 찾기: ^green;<current>/<required>^reset; || 찾기^orange;<아이템 이름>^reset;:^green;<현재> / <필요>^reset;
GiC	/interface/windowconfig/WORKSTATION/gic_optics_workstation.config	/paneLayout/lblProduct/value	MATERIALS AVAILABLE	사용 가능한 재료	검색 || 사용 가능한 자원 || 사용 가능한 재료 || 재료가 있는 것만 보기
GiC	/quests/BAZAAR/gic_bazaarbetwixtrealms_exposedventquest.questtemplate	/scriptConfig/conditions/0/description	Find ^orange;<itemName>^reset;: ^green;<current> / <required>^reset;	^orange;<itemName>^reset; 찾기: ^green;<current>/<required>^reset;	^orange;<itemName>^reset; 찾기: ^green;<current>/<required>^reset; || 찾기^orange;<아이템 이름>^reset;:^green;<현재> / <필요>^reset;
GiC	/quests/BAZAAR/gic_bazaarbetwixtrealms_exposedventquest.questtemplate	/scriptConfig/conditions/1/description	Find ^orange;<itemName>^reset;: ^green;<current> / <required>^reset;	^orange;<itemName>^reset; 찾기: ^green;<current>/<required>^reset;	^orange;<itemName>^reset; 찾기: ^green;<current>/<required>^reset; || 찾기^orange;<아이템 이름>^reset;:^green;<현재> / <필요>^reset;
GiC	/interface/windowconfig/gic_dullahansorceress_merchant.config	/paneLayout/lblSchematics/value	^#b9b5b2;BLUEPRINTS	^#b9b5b2;설계도	^#b9b5b2;설계도 || ^#b9b5b2;청사진
GiC	/interface/windowconfig/gic_dullahansorceress_merchant.config	/paneLayout/lblProducttitle/value	^#b9b5b2;PRODUCT	^#b9b5b2;물품	^#b9b5b2;물품 || ^#b9b5b2;제작품 || ^#b9b5b2;제품
GiC	/interface/windowconfig/gic_dullahansorceress_merchant.config	/paneLayout/lblProduct/value	MATERIALS AVAILABLE	사용 가능한 재료	검색 || 사용 가능한 자원 || 사용 가능한 재료 || 재료가 있는 것만 보기
GiC	/interface/windowconfig/crafting.config	/paneLayout/lblProduct/value	MATERIALS AVAILABLE	사용 가능한 재료	검색 || 사용 가능한 자원 || 사용 가능한 재료 || 재료가 있는 것만 보기
GiC	/items/MATERIALS/darkwood.matitem	/description	Wood that has been prepared for building and crafting.	건축 및 제작을 위해 준비된 목재입니다.	"건설 및 제작 용도로 사용할 수 있는 나무다. || 건설 및 제작 용도로 사용할 수 있는 나무입니다. || 건축 및 제작을 위해 준비된 목재입니다. || 건축 및 제작을 위해 준비된 목재입니다.
^green;추출 가능^reset;."
GiC	/items/MATERIALS/darkwood.matitem	/apexdescription	Some crafted planks of wood.	제작한 나무 판자다.	나무 판자로 만든 공예품입니다. || 나무로 만든 나무 판자입니다. || 나무로 만든 판자입니다. || 일부 제작된 나무 판자. || 일부는 나무 판자로 만들었습니다. || 제작한 나무 판자다.
GiC	/items/MATERIALS/darkwood.matitem	/aviandescription	Wood that's been crafted into planks.	판자로 가공한 나무입니다.	판자로 가공한 나무입니다. || 판자로 만든 나무네.
GiC	/items/MATERIALS/darkwood.matitem	/glitchdescription	Satisfied. These are well crafted wood planks.	만족. 잘 만들어진 나무 판자.	만족. 잘 만든 나무 판자들이다. || 만족. 잘 만들어진 나무 판자. || 만족. 잘 만들어진 나무 판자입니다. || 만족스럽습니다. 잘 만들어진 나무 판자입니다. || 만족하는. 잘 만들어진 나무 판자입니다. || 만족합니다. 이들은 잘 만들어진 나무 판자입니다. || 만족합니다. 잘 만들어진 나무 판자입니다.
GiC	/items/MATERIALS/darkwood.matitem	/florandescription	Sssplintery wood plankss.	나무 널빤지.	나무 널빤지. || 나무 판자. || 반짝이는 나무 판자. || 스스플린터리 나무 판자. || 스플린터리 나무 판자. || 조각난 나무 판자. || 쪼개진 나무 판자다.
GiC	/items/MATERIALS/darkwood.matitem	/hylotldescription	Basic wood planks.	기본 나무 판자.	기본 나무 판자. || 기본적인 나무 판자. || 기본적인 나무 판자다.
GiC	/items/MATERIALS/darkwood.matitem	/novakiddescription	Just some basic lookin' wood planks.	그냥 기본적인 나무 판자.	그냥 기본적으로 보이는 나무 판자예요. || 그냥 기본적인 나무 판자. || 그냥 기본적인 나무 판자입니다. || 그냥 기본적인 모양의 나무 판자입니다. || 기본적이게 생긴 나무 판자로군.
GiC	/interface/windowconfig/gic_blackmarket_razed.config	/paneLayout/lblSchematics/value	^#b9b5b2;BLUEPRINTS	^#b9b5b2;설계도	^#b9b5b2;설계도 || ^#b9b5b2;청사진
GiC	/interface/windowconfig/gic_blackmarket_razed.config	/paneLayout/lblProducttitle/value	^#b9b5b2;PRODUCT	^#b9b5b2;물품	^#b9b5b2;물품 || ^#b9b5b2;제작품 || ^#b9b5b2;제품
GiC	/interface/windowconfig/gic_blackmarket_razed.config	/paneLayout/lblProduct/value	MATERIALS AVAILABLE	사용 가능한 재료	검색 || 사용 가능한 자원 || 사용 가능한 재료 || 재료가 있는 것만 보기
GiC	/quests/KHURTOVYNA/gic_khurtovyna_ringofthestormwraith_cleanse.questtemplate	/scriptConfig/conditions/0/description	Find ^orange;<itemName>^reset;: ^green;<current> / <required>^reset;	^orange;<itemName>^reset; 찾기: ^green;<current>/<required>^reset;	^orange;<itemName>^reset; 찾기: ^green;<current>/<required>^reset; || 찾기^orange;<아이템 이름>^reset;:^green;<현재> / <필요>^reset;
GiC	/interface/warping/KHURTOVYNA/gic_khurtovyna_trenchknightbreach_bonfire.config	/destinations/0/name	Beam to Ship	함선으로 빔	선박으로 복귀 || 함선으로 워프 || 함선으로 이동
GiC	/interface/warping/ESTHER/gic_esther_chapter_0_2_esthersresearchvessel.config	/destinations/1/name	Beam to Ship	함선으로 빔	선박으로 복귀 || 함선으로 워프 || 함선으로 이동
GiC	/objects/ANACONDA/gic_anaconda_humanshiplocker/gic_anaconda_humanshiplocker.object	/shortdescription	Ship Locker	배 사물함	배 사물함 || 선박 보관함 || 선박 사물함 || 우주선 보관함 || 우주선 사물함 || 함선 사물함
GiC	/interface/windowconfig/gic_clothingstore_citymall.config	/paneLayout/lblProducttitle/value	^#b9b5b2;PRODUCT	^#b9b5b2;물품	^#b9b5b2;물품 || ^#b9b5b2;제작품 || ^#b9b5b2;제품
GiC	/interface/windowconfig/gic_clothingstore_citymall.config	/paneLayout/lblProduct/value	MATERIALS AVAILABLE	사용 가능한 재료	검색 || 사용 가능한 자원 || 사용 가능한 재료 || 재료가 있는 것만 보기
GiC	/interface/windowconfig/gic_blackmarket_wartorn.config	/paneLayout/lblProducttitle/value	^#b9b5b2;PRODUCT	^#b9b5b2;물품	^#b9b5b2;물품 || ^#b9b5b2;제작품 || ^#b9b5b2;제품
GiC	/interface/windowconfig/gic_blackmarket_wartorn.config	/paneLayout/lblProduct/value	MATERIALS AVAILABLE	사용 가능한 재료	검색 || 사용 가능한 자원 || 사용 가능한 재료 || 재료가 있는 것만 보기
GiC	/interface/windowconfig/gic_blackmarket_gazrianvillage_merchant.config	/paneLayout/lblSchematics/value	^#b9b5b2;BLUEPRINTS	^#b9b5b2;설계도	^#b9b5b2;설계도 || ^#b9b5b2;청사진
GiC	/interface/windowconfig/gic_blackmarket_gazrianvillage_merchant.config	/paneLayout/lblProducttitle/value	^#b9b5b2;PRODUCT	^#b9b5b2;물품	^#b9b5b2;물품 || ^#b9b5b2;제작품 || ^#b9b5b2;제품
GiC	/interface/windowconfig/gic_blackmarket_gazrianvillage_merchant.config	/paneLayout/lblProduct/value	MATERIALS AVAILABLE	사용 가능한 재료	검색 || 사용 가능한 자원 || 사용 가능한 재료 || 재료가 있는 것만 보기
GiC	/interface/windowconfig/COOKING/gic_cooking_boilingpot.config	/paneLayout/lblProduct/value	MATERIALS AVAILABLE	사용 가능한 재료	검색 || 사용 가능한 자원 || 사용 가능한 재료 || 재료가 있는 것만 보기
GiC	/objects/BACKGROUND_PROP/gic_bgwoodendoor/gic_bgwoodendoor_teleporter.object	/description	A cheap wooden door.	저렴한 나무문.	값싼 나무 문입니다. || 싸구려 나무 문이군. || 저렴한 나무문.
GiC	/interface/windowconfig/gic_wildlands_bountyhunt_deputy.config	/paneLayout/lblProducttitle/value	^#b9b5b2;PRODUCT	^#b9b5b2;물품	^#b9b5b2;물품 || ^#b9b5b2;제작품 || ^#b9b5b2;제품
GiC	/interface/windowconfig/gic_wildlands_bountyhunt_deputy.config	/paneLayout/lblProduct/value	MATERIALS AVAILABLE	사용 가능한 재료	검색 || 사용 가능한 자원 || 사용 가능한 재료 || 재료가 있는 것만 보기
GiC	/interface/windowconfig/WORKSTATION/gic_emplacements_workstation.config	/paneLayout/lblProduct/value	MATERIALS AVAILABLE	사용 가능한 재료	검색 || 사용 가능한 자원 || 사용 가능한 재료 || 재료가 있는 것만 보기
GiC	/objects/glitch/smallwoodencrate/smallwoodencrate.object	/description	A wooden crate.	나무 상자.	나무 상자. || 나무 상자다. || 나무 상자입니다.
GiC	/objects/glitch/smallwoodencrate/smallwoodencrate.object	/apexDescription	A wooden crate.	나무 상자.	나무 상자. || 나무 상자다. || 나무 상자입니다.
GiC	/objects/glitch/smallwoodencrate/smallwoodencrate.object	/avianDescription	A wooden storage box.	나무 보관함.	나무 보관함. || 나무 보관함이다.
GiC	/objects/glitch/smallwoodencrate/smallwoodencrate.object	/humanDescription	It's just a crate.	그냥 상자다.	그냥 상자다. || 그냥 상자입니다.
GiC	/objects/glitch/smallwoodencrate/smallwoodencrate.object	/hylotlDescription	A crate made of wood.	나무로 만든 상자.	나무로 만든 상자. || 나무로 만든 상자다.
GiC	/interface/windowconfig/WORKSTATION/gic_ballistics_workshop.config	/paneLayout/lblProduct/value	MATERIALS AVAILABLE	사용 가능한 재료	검색 || 사용 가능한 자원 || 사용 가능한 재료 || 재료가 있는 것만 보기
GiC	/interface/warping/GARDEN/gic_garden_tradingpost.config	/destinations/1/name	Beam to Ship	함선으로 빔	선박으로 복귀 || 함선으로 워프 || 함선으로 이동
GiC	/interface/warping/ESTHER/gic_esther_chapter_2_hubworld_portallab_bossrush.config	/destinations/28/name	Beam to Ship	함선으로 빔	선박으로 복귀 || 함선으로 워프 || 함선으로 이동
GiC	/materials/gic_thatch.matitem	/description	Traditional thatched roofing.	전통적인 볏짚 지붕이다.	전통적인 볏짚 지붕이다. || 전통적인 볏짚 지붕입니다.
GiC	/objects/CIVILIAN/gic_modernbookcase/gic_modernbookcase.object	/novakidDescription	A book case. There's a lot of self-help books here...	책장입니다. 여기 자기계발서가 많네요...	책장이다. 자기계발서들이 많이 있군 그래... || 책장입니다. 여기 자기계발서가 많네요... || 책장입니다. 여기 자기계발서가 많이 있네요... || 책장입니다. 여기에는 자기계발서가 많이 있네요...
GiC	/interface/warping/GARDEN/gic_garden_marshlandvillage.config	/destinations/3/name	Beam to Ship	함선으로 빔	선박으로 복귀 || 함선으로 워프 || 함선으로 이동
GiC	/quests/TYLIAN/DRAFT/gic_tylian_bossrush_ancientvault_kiln.questtemplate	/scriptConfig/conditions/0/description	Find ^orange;<itemName>^reset;: ^green;<current> / <required>^reset;	^orange;<itemName>^reset; 찾기: ^green;<current>/<required>^reset;	^orange;<itemName>^reset; 찾기: ^green;<current>/<required>^reset; || 찾기^orange;<아이템 이름>^reset;:^green;<현재> / <필요>^reset;
GiC	/interface/warping/GARDEN/gic_garden_outcastexpedition_camp_bonfire.config	/destinations/0/name	Beam to Ship	함선으로 빔	선박으로 복귀 || 함선으로 워프 || 함선으로 이동
GiC	/items/MATERIALS/cobblestone.matitem	/description	Hard cobblestones, smooth to the touch.	단단한 조약돌. 만져보면 부드럽다.	"단단한 조약돌, 촉감이 매끄러움.
^green;추출 가능^reset;, ^orange;분쇄 가능^reset;, ^red;제련 가능^reset;. || 단단한 조약돌. 만져보면 부드럽다. || 단단한 조약돌. 만져보면 부드럽습니다."
GiC	/interface/warping/gic_to_bazaarbetwixtrealms_any.config	/destinations/0/name	Beam to Ship	함선으로 빔	선박으로 복귀 || 함선으로 워프 || 함선으로 이동
GiC	/quests/TYLIAN/DRAFT/gic_tylian_bossrush_undercolony.questtemplate	/scriptConfig/conditions/0/description	Find ^orange;<itemName>^reset;: ^green;<current> / <required>^reset;	^orange;<itemName>^reset; 찾기: ^green;<current>/<required>^reset;	^orange;<itemName>^reset; 찾기: ^green;<current>/<required>^reset; || 찾기^orange;<아이템 이름>^reset;:^green;<현재> / <필요>^reset;
GiC	/quests/TYLIAN/DRAFT/gic_tylian_bossrush_undercolony.questtemplate	/scriptConfig/conditions/1/description	Find ^orange;<itemName>^reset;: ^green;<current> / <required>^reset;	^orange;<itemName>^reset; 찾기: ^green;<current>/<required>^reset;	^orange;<itemName>^reset; 찾기: ^green;<current>/<required>^reset; || 찾기^orange;<아이템 이름>^reset;:^green;<현재> / <필요>^reset;
GiC	/interface/warping/CRUSADE/gic_crusade_deadvillage_bonfire.config	/destinations/0/name	Beam to Ship	함선으로 빔	선박으로 복귀 || 함선으로 워프 || 함선으로 이동
GiC	/interface/windowconfig/gic_kitchen_romanstove.config	/paneLayout/lblProducttitle/value	^#b9b5b2;PRODUCT	^#b9b5b2;물품	^#b9b5b2;물품 || ^#b9b5b2;제작품 || ^#b9b5b2;제품
GiC	/interface/windowconfig/gic_generic_12tab_template.config	/paneLayout/lblProduct/value	MATERIALS AVAILABLE	사용 가능한 재료	검색 || 사용 가능한 자원 || 사용 가능한 재료 || 재료가 있는 것만 보기
GiC	/quests/TYLIAN/DRAFT/gic_tylian_bossrush_whitewolf.questtemplate	/scriptConfig/conditions/0/description	Find ^orange;<itemName>^reset;: ^green;<current> / <required>^reset;	^orange;<itemName>^reset; 찾기: ^green;<current>/<required>^reset;	^orange;<itemName>^reset; 찾기: ^green;<current>/<required>^reset; || 찾기^orange;<아이템 이름>^reset;:^green;<현재> / <필요>^reset;
GiC	/interface/chests/chest5.config	/gui/clear/caption	Take all	모두 가져가	모두 가져가 || 모두 가져가다 || 모두 가져오기 || 모두 가지기 || 모두 채우기
GiC	/interface/windowconfig/gic_nightbird_izakaya.config	/paneLayout/lblProducttitle/value	^#b9b5b2;PRODUCT	^#b9b5b2;물품	^#b9b5b2;물품 || ^#b9b5b2;제작품 || ^#b9b5b2;제품
GiC	/interface/windowconfig/gic_nightbird_izakaya.config	/paneLayout/lblProduct/value	MATERIALS AVAILABLE	사용 가능한 재료	검색 || 사용 가능한 자원 || 사용 가능한 재료 || 재료가 있는 것만 보기
GiC	/interface/windowconfig/WORKSTATION/gic_centralplanning_workstation.config	/paneLayout/lblProduct/value	MATERIALS AVAILABLE	사용 가능한 재료	검색 || 사용 가능한 자원 || 사용 가능한 재료 || 재료가 있는 것만 보기
GiC	/interface/windowconfig/gic_occultist_workbench.config	/paneLayout/lblProducttitle/value	^#b9b5b2;PRODUCT	^#b9b5b2;물품	^#b9b5b2;물품 || ^#b9b5b2;제작품 || ^#b9b5b2;제품
GiC	/interface/windowconfig/gic_occultist_workbench.config	/paneLayout/lblProduct/value	MATERIALS AVAILABLE	사용 가능한 재료	검색 || 사용 가능한 자원 || 사용 가능한 재료 || 재료가 있는 것만 보기
GiC	/interface/windowconfig/gic_bazaarbetweentime_celestialmerchant.config	/paneLayout/lblSchematics/value	^#b9b5b2;BLUEPRINTS	^#b9b5b2;설계도	^#b9b5b2;설계도 || ^#b9b5b2;청사진
GiC	/interface/windowconfig/gic_bazaarbetweentime_celestialmerchant.config	/paneLayout/lblProducttitle/value	^#b9b5b2;PRODUCT	^#b9b5b2;물품	^#b9b5b2;물품 || ^#b9b5b2;제작품 || ^#b9b5b2;제품
GiC	/interface/windowconfig/gic_bazaarbetweentime_celestialmerchant.config	/paneLayout/lblProduct/value	MATERIALS AVAILABLE	사용 가능한 재료	검색 || 사용 가능한 자원 || 사용 가능한 재료 || 재료가 있는 것만 보기
GiC	/interface/windowconfig/gic_spaceport_tradeterminal.config	/paneLayout/lblProducttitle/value	^#b9b5b2;PRODUCT	^#b9b5b2;물품	^#b9b5b2;물품 || ^#b9b5b2;제작품 || ^#b9b5b2;제품
GiC	/interface/windowconfig/gic_spaceport_tradeterminal.config	/paneLayout/lblProduct/value	MATERIALS AVAILABLE	사용 가능한 재료	검색 || 사용 가능한 자원 || 사용 가능한 재료 || 재료가 있는 것만 보기
GiC	/interface/windowconfig/gic_nitori_storymerchant.config	/paneLayout/lblSchematics/value	^#b9b5b2;BLUEPRINTS	^#b9b5b2;설계도	^#b9b5b2;설계도 || ^#b9b5b2;청사진
GiC	/interface/windowconfig/gic_nitori_storymerchant.config	/paneLayout/lblProducttitle/value	^#b9b5b2;PRODUCT	^#b9b5b2;물품	^#b9b5b2;물품 || ^#b9b5b2;제작품 || ^#b9b5b2;제품
GiC	/interface/windowconfig/gic_nitori_storymerchant.config	/paneLayout/lblProduct/value	MATERIALS AVAILABLE	사용 가능한 재료	검색 || 사용 가능한 자원 || 사용 가능한 재료 || 재료가 있는 것만 보기
GiC	/objects/SPACE/gic_colonyvent/gic_colonyvent.object	/avianDescription	A vent.	환풍구다.	환풍구다. || 환풍구야 || 환풍구입니다. || 환풍기다.
GiC	/objects/generic/woodtable/woodtable.object	/avianDescription	The simplest of tables.	가장 단순한 테이블.	가장 단순한 테이블. || 가장 단순한 테이블입니다. || 아주 단순한 탁자다.
GiC	/objects/generic/woodtable/woodtable.object	/glitchDescription	Bored. A very simple table.	지루한. 아주 단순한 테이블.	지루한. 아주 단순한 테이블. || 지루함. 매우 단순한 탁자다.
GiC	/objects/generic/woodtable/woodtable.object	/humanDescription	Not much to say about this table.	딱히 할 말이 없는 탁자다.	딱히 할 말이 없는 탁자다. || 이 테이블에 대해 할 말이 많지 않습니다.
GiC	/objects/generic/woodtable/woodtable.object	/hylotlDescription	A table, very simple in every way.	모든 면에서 아주 단순한 탁자다.	모든 면에서 아주 단순한 탁자다. || 모든 면에서 아주 단순한 테이블입니다.
GiC	/objects/generic/woodtable/woodtable.object	/novakidDescription	Just a table.	그냥 탁자다.	그냥 탁자다. || 그냥 테이블. || 그냥 테이블입니다. || 테이블 하나.
GiC	/interface/warping/GARDEN/gic_garden_castleassault_2.config	/destinations/0/name	Beam to Ship	함선으로 빔	선박으로 복귀 || 함선으로 워프 || 함선으로 이동
GiC	/interface/windowconfig/gic_wymond_storymerchant.config	/paneLayout/lblSchematics/value	^#b9b5b2;BLUEPRINTS	^#b9b5b2;설계도	^#b9b5b2;설계도 || ^#b9b5b2;청사진
GiC	/interface/windowconfig/gic_wymond_storymerchant.config	/paneLayout/lblProducttitle/value	^#b9b5b2;PRODUCT	^#b9b5b2;물품	^#b9b5b2;물품 || ^#b9b5b2;제작품 || ^#b9b5b2;제품
GiC	/interface/windowconfig/gic_wymond_storymerchant.config	/paneLayout/lblProduct/value	MATERIALS AVAILABLE	사용 가능한 재료	검색 || 사용 가능한 자원 || 사용 가능한 재료 || 재료가 있는 것만 보기
GiC	/interface/windowconfig/WORKSTATION/gic_gunner_workstation.config	/paneLayout/lblProduct/value	MATERIALS AVAILABLE	사용 가능한 재료	검색 || 사용 가능한 자원 || 사용 가능한 재료 || 재료가 있는 것만 보기
GiC	/interface/warping/WILDLANDS/gic_aya_personalhouse_hubworld.config	/destinations/0/name	Beam to Ship	함선으로 빔	선박으로 복귀 || 함선으로 워프 || 함선으로 이동
GiC	/interface/windowconfig/gic_nitori_storymerchant_closed.config	/paneLayout/lblSchematics/value	^#b9b5b2;BLUEPRINTS	^#b9b5b2;설계도	^#b9b5b2;설계도 || ^#b9b5b2;청사진
GiC	/interface/windowconfig/gic_nitori_storymerchant_closed.config	/paneLayout/lblProducttitle/value	^#b9b5b2;PRODUCT	^#b9b5b2;물품	^#b9b5b2;물품 || ^#b9b5b2;제작품 || ^#b9b5b2;제품
GiC	/interface/windowconfig/gic_nitori_storymerchant_closed.config	/paneLayout/lblProduct/value	MATERIALS AVAILABLE	사용 가능한 재료	검색 || 사용 가능한 자원 || 사용 가능한 재료 || 재료가 있는 것만 보기
GiC	/interface/warping/GARDEN/gic_garden_caravan_mission_1_3_MountainTrail.config	/destinations/0/name	Beam to Ship	함선으로 빔	선박으로 복귀 || 함선으로 워프 || 함선으로 이동
GiC	/interface/windowconfig/gic_protectorate_terraforge.config	/paneLayout/lblSchematics/value	^#b9b5b2;BLUEPRINTS	^#b9b5b2;설계도	^#b9b5b2;설계도 || ^#b9b5b2;청사진
GiC	/interface/windowconfig/gic_protectorate_terraforge.config	/paneLayout/lblProducttitle/value	^#b9b5b2;PRODUCT	^#b9b5b2;물품	^#b9b5b2;물품 || ^#b9b5b2;제작품 || ^#b9b5b2;제품
GiC	/interface/windowconfig/gic_protectorate_terraforge.config	/paneLayout/lblProduct/value	MATERIALS AVAILABLE	사용 가능한 재료	검색 || 사용 가능한 자원 || 사용 가능한 재료 || 재료가 있는 것만 보기
GiC	/quests/SHIP_UPGRADES/gic_player_shipgradeT5.questtemplate	/scriptConfig/conditions/0/description	Find ^orange;<itemName>^reset;: ^green;<current> / <required>^reset;	^orange;<itemName>^reset; 찾기: ^green;<current>/<required>^reset;	^orange;<itemName>^reset; 찾기: ^green;<current>/<required>^reset; || 찾기^orange;<아이템 이름>^reset;:^green;<현재> / <필요>^reset;
GiC	/quests/SHIP_UPGRADES/gic_player_shipgradeT5.questtemplate	/scriptConfig/conditions/1/description	Find ^orange;<itemName>^reset;: ^green;<current> / <required>^reset;	^orange;<itemName>^reset; 찾기: ^green;<current>/<required>^reset;	^orange;<itemName>^reset; 찾기: ^green;<current>/<required>^reset; || 찾기^orange;<아이템 이름>^reset;:^green;<현재> / <필요>^reset;
GiC	/interface/tooltips/gic_ammoitem.tooltip	/instructionLabel/value	Load into ammo-using weapon with right click	오른쪽 클릭으로 탄약 사용 무기에 장전	오른쪽 클릭으로 탄약 사용 무기에 장전 || 탄약 사용 무기에 우클릭으로 장전
GiC	/quests/TYLIAN/DRAFT/gic_tylian_bossrush_razed.questtemplate	/scriptConfig/conditions/0/description	Find ^orange;<itemName>^reset;: ^green;<current> / <required>^reset;	^orange;<itemName>^reset; 찾기: ^green;<current>/<required>^reset;	^orange;<itemName>^reset; 찾기: ^green;<current>/<required>^reset; || 찾기^orange;<아이템 이름>^reset;:^green;<현재> / <필요>^reset;
GiC	/quests/TYLIAN/DRAFT/gic_tylian_bossrush_razed.questtemplate	/scriptConfig/conditions/1/description	Find ^orange;<itemName>^reset;: ^green;<current> / <required>^reset;	^orange;<itemName>^reset; 찾기: ^green;<current>/<required>^reset;	^orange;<itemName>^reset; 찾기: ^green;<current>/<required>^reset; || 찾기^orange;<아이템 이름>^reset;:^green;<현재> / <필요>^reset;
GiC	/interface/warping/GENSOKYO/gic_gensokyo_youkaimountain_traitorsmemory_sanctuarysiege_bonfire.config	/destinations/1/name	Beam to Ship	함선으로 빔	선박으로 복귀 || 함선으로 워프 || 함선으로 이동
GiC	/interface/warping/WILDLANDS/gic_aya_office_hubworld.config	/destinations/6/name	Beam to Ship	함선으로 빔	선박으로 복귀 || 함선으로 워프 || 함선으로 이동
GiC	/interface/warping/KHURTOVYNA/gic_khurtovyna_bunkercomplex_tyrantjudge_bonfire.config	/destinations/0/name	Beam to Ship	함선으로 빔	선박으로 복귀 || 함선으로 워프 || 함선으로 이동
GiC	/objects/wired/gic_house_lightswitch/gic_house_lightswitch.object	/description	A compact switch that can be flipped on or off.	껐다 켤 수 있는 소형 스위치입니다.	껐다 켤 수 있는 소형 스위치입니다. || 켜거나 끌 수 있는 작은 스위치입니다.
GiC	/objects/wired/gic_house_lightswitch/gic_house_lightswitch.object	/apexDescription	A switch. It activates something.	스위치야 무언가를 활성화시켜요. 입력 노드가 /'on'/일 때 토글할 수도 있습니다.	스위치. 무언가를 활성화합니다. 입력 노드가 /'on'/일 때도 토글할 수 있습니다. || 스위치다. 뭔가 작동시킨다. || 스위치야 무언가를 활성화시켜요. 입력 노드가 /'on'/일 때 토글할 수도 있습니다. || 스위치야. 뭔가를 작동시키는 스위치야.
GiC	/objects/wired/gic_house_lightswitch/gic_house_lightswitch.object	/avianDescription	This tiny switch must activate something.	이 작은 스위치는 무언가를 작동시켜야 해요.	이 스위치는 분명 뭔가를 작동시킬 거야. || 이 작은 스위치는 무언가를 작동시켜야 해요.
GiC	/objects/wired/gic_house_lightswitch/gic_house_lightswitch.object	/floranDescription	Ssswitch!	스위치!	스위치! || 스위치! 입력 노드가 /'on'/을 발행할 때 토글할 수도 있습니다. || 스위치! 입력 노드가 /'on'/을 발행할 때도 토글할 수 있습니다. || 스위치다!
GiC	/objects/wired/gic_house_lightswitch/gic_house_lightswitch.object	/glitchDescription	Surprised. This small switch doesn't look that powerful.	놀람. 이 작은 스위치는 그렇게 강한 것처럼 보이지 않는데.	놀람. 이 작은 스위치는 그렇게 강한 것처럼 보이지 않는데. || 놀람. 이 작은 스위치는 그리 강력한 것처럼 보이지 않는다. || 놀랍네요. 이 작은 스위치는 그렇게 강력해 보이지 않습니다. || 놀랐습니다. 이 작은 스위치는 그다지 강력해 보이지는 않지만 손으로 토글하거나 입력 노드가 /'on'/일 때 토글할 수 있습니다.
GiC	/objects/wired/gic_house_lightswitch/gic_house_lightswitch.object	/humanDescription	How many times can I flip this switch on and off I wonder.	이 스위치를 몇 번이나 켜고 끌 수 있을지 궁금합니다.	이 스위치를 몇 번이나 켜고 끌 수 있을지 궁금합니다. || 이 스위치를 손으로 몇 번이나 켜고 끌 수 있는지 또는 입력 노드가 /'on'/일 때 궁금합니다. || 이 스위치를 손으로 몇 번이나 켜고 끌 수 있을까? 입력 노드가 /'on'/일 때? || 이 스위치를 얼마나 많이 껐다 켤 수 있는지 궁금한데.
GiC	/objects/wired/gic_house_lightswitch/gic_house_lightswitch.object	/hylotlDescription	A basic switch. It can be used to activate something.	기본적인 스위치다. 뭔가 작동시키는 데에 쓸 수 있다.	기본적인 스위치다. 뭔가 작동시키는 데에 쓸 수 있다. || 기본적인 스위치입니다. 무언가를 활성화하는 데 사용할 수 있습니다. || 무언가를 작동시키는 데 사용할 수 있는 기본 스위치. 입력 노드가 /'on'/일 때도 전환할 수 있습니다.
GiC	/objects/wired/gic_house_lightswitch/gic_house_lightswitch.object	/novakidDescription	I can flip this here switch!	이 스위치를 만져봐야 되겠구만!	여기 스위치를 돌릴 수 있어요! || 이 스위치를 만져봐야 되겠구만! || 이 스위치를 손으로 돌리거나 입력 노드가 /'on'/일 때 이 스위치를 돌릴 수 있습니다! || 이 스위치를 손으로 돌리거나 입력 노드가 /'켜짐'일 때 돌릴 수 있어요!
GiC	/interface/warping/CRUSADE/gic_crusade_piratecaptainsaferoom_bonfire.config	/destinations/0/name	Beam to Ship	함선으로 빔	선박으로 복귀 || 함선으로 워프 || 함선으로 이동
GiC	/objects/ship/gic_blackjack_secondaryboosterflame/gic_blackjack_secondaryboosterflame.object	/apexDescription	A booster. These have been known to malfunction and explode.	부스터야 이건 오작동해서 폭발하는 것으로 알려져 있어.	부스터. 오작동하거나 폭발하는 것으로 알려져 있습니다. || 부스터. 오작동하여 폭발하는 것으로 알려져 있습니다. || 부스터다. 이건 오작동을 일으키고 폭발하는 것으로 알려져 있다. || 부스터야 이건 오작동해서 폭발하는 것으로 알려져 있어. || 부스터입니다. 오작동하거나 폭발하는 것으로 알려져 있습니다. || 부스터입니다. 오작동하여 폭발하는 것으로 알려져 있습니다.
GiC	/objects/ship/gic_blackjack_secondaryboosterflame/gic_blackjack_secondaryboosterflame.object	/avianDescription	A booster, the wings of a ship.	배의 날개, 부스터.	배의 날개, 부스터. || 부스터, 배의 날개. || 부스터, 우주선의 날개. || 부스터, 우주선의 날개라니! || 부스터, 우주선의 날개야. || 부스터는 우주선의 날개야. || 우주선의 날개, 부스터. || 우주선의 날개와 같은 부스터입니다. || 함선의 날개, 부스터. || 함선의 날개라고도 할 수 있는 부스터다.
GiC	/objects/ship/gic_blackjack_secondaryboosterflame/gic_blackjack_secondaryboosterflame.object	/floranDescription	Ssscary fire.	무서운 불이야	무서운 불. || 무서운 불이야 || 무서운 불이야. || 무셔운 불이다.
GiC	/objects/ship/gic_blackjack_secondaryboosterflame/gic_blackjack_secondaryboosterflame.object	/glitchDescription	Analyse. Temperature too high to measure.	분석. 측정을 하기에는 온도가 너무 높다.	분석 중 온도가 너무 높아서 측정할 수 없습니다. || 분석 중. 온도가 너무 높아서 측정할 수 없습니다. || 분석. 온도가 너무 높아서 측정할 수 없습니다. || 분석. 측정을 하기에는 온도가 너무 높다. || 분석해 온도가 너무 높아서 측정할 수 없습니다 || 분석해 온도가 너무 높아서 측정할 수 없습니다.
GiC	/objects/ship/gic_blackjack_secondaryboosterflame/gic_blackjack_secondaryboosterflame.object	/humanDescription	This thing eats through fuel.	연료를 먹어치우고 있어.	연료를 먹어치우고 있습니다. || 연료를 먹어치우고 있어. || 연료를 먹어치우는군 || 연료를 먹어치우는군. || 이 물건은 연료를 먹어치웁니다. || 이건 연료를 엄청 잡아먹는다.
GiC	/interface/windowconfig/gic_civilianfirearms_tradeterminal.config	/paneLayout/lblProducttitle/value	^#b9b5b2;PRODUCT	^#b9b5b2;물품	^#b9b5b2;물품 || ^#b9b5b2;제작품 || ^#b9b5b2;제품
GiC	/interface/windowconfig/gic_civilianfirearms_tradeterminal.config	/paneLayout/lblProduct/value	MATERIALS AVAILABLE	사용 가능한 재료	검색 || 사용 가능한 자원 || 사용 가능한 재료 || 재료가 있는 것만 보기
GiC	/interface/windowconfig/WORKSTATION/gic_ammunition_workstation.config	/paneLayout/lblProduct/value	MATERIALS AVAILABLE	사용 가능한 재료	검색 || 사용 가능한 자원 || 사용 가능한 재료 || 재료가 있는 것만 보기
GiC	/interface/windowconfig/gic_guardsmansupplies_citymall.config	/paneLayout/lblSchematics/value	^#b9b5b2;BLUEPRINTS	^#b9b5b2;설계도	^#b9b5b2;설계도 || ^#b9b5b2;청사진
GiC	/interface/windowconfig/gic_guardsmansupplies_citymall.config	/paneLayout/lblProducttitle/value	^#b9b5b2;PRODUCT	^#b9b5b2;물품	^#b9b5b2;물품 || ^#b9b5b2;제작품 || ^#b9b5b2;제품
GiC	/interface/windowconfig/gic_guardsmansupplies_citymall.config	/paneLayout/lblProduct/value	MATERIALS AVAILABLE	사용 가능한 재료	검색 || 사용 가능한 자원 || 사용 가능한 재료 || 재료가 있는 것만 보기
GiC	/objects/SPACE/gic_spacestationfridge/gic_spacestationfridge.object	/novakidDescription	It's chilly on the inside to keep food fresh for longer.	음식을 오랫동안 신선하게 유지할 수 있도록 안쪽이 차갑구만.	안쪽이 차가워서 음식을 더 오래 신선하게 보관할 수 있거든요. || 음식을 오랫동안 신선하게 유지할 수 있도록 안쪽이 차갑구만.
GiC	/interface/warping/GARDEN/gic_garden_crypt_antechamber.config	/destinations/3/name	Beam to Ship	함선으로 빔	선박으로 복귀 || 함선으로 워프 || 함선으로 이동
GiC	/quests/MYSTIA_LORELEI/gic_mystialorelei_restaurantimprovementquest.questtemplate	/scriptConfig/conditions/0/description	Find ^orange;<itemName>^reset;: ^green;<current> / <required>^reset;	^orange;<itemName>^reset; 찾기: ^green;<current>/<required>^reset;	^orange;<itemName>^reset; 찾기: ^green;<current>/<required>^reset; || 찾기^orange;<아이템 이름>^reset;:^green;<현재> / <필요>^reset;
GiC	/quests/MYSTIA_LORELEI/gic_mystialorelei_restaurantimprovementquest.questtemplate	/scriptConfig/conditions/1/description	Find ^orange;<itemName>^reset;: ^green;<current> / <required>^reset;	^orange;<itemName>^reset; 찾기: ^green;<current>/<required>^reset;	^orange;<itemName>^reset; 찾기: ^green;<current>/<required>^reset; || 찾기^orange;<아이템 이름>^reset;:^green;<현재> / <필요>^reset;
GiC	/quests/MYSTIA_LORELEI/gic_mystialorelei_restaurantimprovementquest.questtemplate	/scriptConfig/conditions/2/description	Find ^orange;<itemName>^reset;: ^green;<current> / <required>^reset;	^orange;<itemName>^reset; 찾기: ^green;<current>/<required>^reset;	^orange;<itemName>^reset; 찾기: ^green;<current>/<required>^reset; || 찾기^orange;<아이템 이름>^reset;:^green;<현재> / <필요>^reset;
GiC	/quests/MYSTIA_LORELEI/gic_mystialorelei_restaurantimprovementquest.questtemplate	/scriptConfig/conditions/3/description	Find ^orange;<itemName>^reset;: ^green;<current> / <required>^reset;	^orange;<itemName>^reset; 찾기: ^green;<current>/<required>^reset;	^orange;<itemName>^reset; 찾기: ^green;<current>/<required>^reset; || 찾기^orange;<아이템 이름>^reset;:^green;<현재> / <필요>^reset;
GiC	/objects/glitch/woodenstool/woodenstool.object	/glitchDescription	Unimpressed. A stool.	무관심. 의자다.	무관심. 의자다. || 인상적이지 않네요 의자
GiC	/objects/glitch/woodenstool/woodenstool.object	/humanDescription	Good for putting your feet up.	발을 올리고 있기에 좋은 곳이다.	발을 올리고 있기에 좋은 곳이다. || 발을 올리기에 좋습니다.
GiC	/objects/glitch/woodenstool/woodenstool.object	/hylotlDescription	Much Hylotl furniture is around this height.	대부분의 하이로틀 가구들은 이 정도 높이다.	대부분의 하이로틀 가구들은 이 정도 높이다. || 하이로틀 가구 대부분이 이 정도 높이입니다.
GiC	/objects/glitch/woodenstool/woodenstool.object	/novakidDescription	Just a simple lookin' stool.	단순하게 생긴 의자다.	그냥 단순해 보이는 스툴입니다. || 단순하게 생긴 의자다.
GiC	/interface/warping/gic_beamtoship.config	/destinations/0/name	Beam to Ship	함선으로 빔	선박으로 복귀 || 함선으로 워프 || 함선으로 이동
GiC	/interface/warping/GARDEN/gic_garden_caravan_mission_1_0_NewRijikaWayStation_badagone.config	/destinations/5/name	Beam to Ship	함선으로 빔	선박으로 복귀 || 함선으로 워프 || 함선으로 이동
GiC	/interface/warping/GARDEN/gic_garden_caravan_mission_1_0_NewRijikaWayStation.config	/destinations/5/name	Beam to Ship	함선으로 빔	선박으로 복귀 || 함선으로 워프 || 함선으로 이동
GiC	/interface/warping/UNDERCOLONY/gic_undercolony_abandonedsector_second_bonfire.config	/destinations/0/name	Beam to Ship	함선으로 빔	선박으로 복귀 || 함선으로 워프 || 함선으로 이동
GiC	/interface/windowconfig/gic_blackmarket_strandedsorcerer_merchant.config	/paneLayout/lblSchematics/value	^#b9b5b2;BLUEPRINTS	^#b9b5b2;설계도	^#b9b5b2;설계도 || ^#b9b5b2;청사진
GiC	/interface/windowconfig/gic_blackmarket_strandedsorcerer_merchant.config	/paneLayout/lblProducttitle/value	^#b9b5b2;PRODUCT	^#b9b5b2;물품	^#b9b5b2;물품 || ^#b9b5b2;제작품 || ^#b9b5b2;제품
GiC	/interface/windowconfig/gic_blackmarket_strandedsorcerer_merchant.config	/paneLayout/lblProduct/value	MATERIALS AVAILABLE	사용 가능한 재료	검색 || 사용 가능한 자원 || 사용 가능한 재료 || 재료가 있는 것만 보기
GiC	/interface/warping/GARDEN/gic_garden_caravan_mission_1_4_TheSteppes.config	/destinations/0/name	Beam to Ship	함선으로 빔	선박으로 복귀 || 함선으로 워프 || 함선으로 이동
GiC	/interface/windowconfig/gic_eskhatos_smugglersfort_merchant.config	/paneLayout/lblProducttitle/value	^#b9b5b2;PRODUCT	^#b9b5b2;물품	^#b9b5b2;물품 || ^#b9b5b2;제작품 || ^#b9b5b2;제품
GiC	/interface/windowconfig/gic_eskhatos_smugglersfort_merchant.config	/paneLayout/lblProduct/value	MATERIALS AVAILABLE	사용 가능한 재료	검색 || 사용 가능한 자원 || 사용 가능한 재료 || 재료가 있는 것만 보기
GiC	/objects/BLACKJACK/gic_blackjack_humanshiplockerTier0/gic_blackjack_humanshiplockerTier0.object	/apexDescription	The ship's storage system. It's not currently functional.	함선의 보관 장치다. 지금은 작동하지 않는다.	배의 보관 시스템입니다. 현재는 작동하지 않습니다. || 배의 저장 시스템. 현재는 작동하지 않습니다. || 우주선의 보관 시스템입니다. 현재는 작동하지 않습니다. || 우주선의 연료 저장 시스템입니다. 현재 작동하지 않습니다. || 우주선의 저장 시스템입니다. 현재 작동하지 않습니다. || 우주선의 저장 시스템입니다. 현재는 작동하지 않습니다. || 함선의 보관 시스템입니다. 현재 작동하지 않습니다. || 함선의 보관 장치다. 지금은 작동하지 않는다. || 함선의 저장 시스템입니다. 현재는 작동하지 않습니다.
GiC	/objects/BLACKJACK/gic_blackjack_humanshiplockerTier0/gic_blackjack_humanshiplockerTier0.object	/avianDescription	A device that holds many items for safe keeping. It's broken at the moment.	많은 물건들을 안전하게 지켜주는 장치다. 지금은 부서졌다.	많은 물건들을 안전하게 지켜주는 장치다. 지금은 부서졌다. || 많은 물건을 안전하게 보관할 수 있는 장치. 현재 고장났습니다. || 많은 물건을 안전하게 보관할 수 있는 장치입니다. 현재 고장났습니다. || 많은 물품을 안전하게 보관할 수 있는 장치입니다. 현재 고장났습니다.
GiC	/objects/BLACKJACK/gic_blackjack_humanshiplockerTier0/gic_blackjack_humanshiplockerTier0.object	/floranDescription	Sssstorage. It'sss not working.	저장. 작동하지 않습니다.	보관함이다. 작동하지 않는다. || 스토리지. 작동하지 않습니다. || 저장. 작동하지 않습니다. || 저장소 작동하지 않습니다. || 저장소. 작동하지 않습니다.
GiC	/objects/BLACKJACK/gic_blackjack_humanshiplockerTier0/gic_blackjack_humanshiplockerTier0.object	/glitchDescription	Distressed. This ship's storage system is malfunctioning.	고민. 이 함선의 보관 장치는 오작동하고 있다.	고민. 이 함선의 보관 장치는 오작동하고 있다. || 고장났어 이 우주선의 저장 시스템이 고장났습니다. || 조난. 이 우주선의 저장 시스템이 고장났습니다. || 조난. 이 함선의 저장 시스템이 오작동하고 있습니다.
GiC	/objects/BLACKJACK/gic_blackjack_humanshiplockerTier0/gic_blackjack_humanshiplockerTier0.object	/humanDescription	A storage locker. It doesn't seem to be working.	보관함 작동이 안 되는 것 같은데.	보관함 작동이 안 되는 것 같습니다. || 보관함 작동이 안 되는 것 같은데. || 보관함입니다 작동하지 않는 것 같습니다. || 보관함입니다. 작동하지 않는 것 같습니다. || 사물함이다. 작동하지 않는 것 같다.
GiC	/objects/BLACKJACK/gic_blackjack_humanshiplockerTier0/gic_blackjack_humanshiplockerTier0.object	/hylotlDescription	An elegant storage solution. It's not currently powered.	우아한 보관 솔루션이다. 지금은 동력이 없다.	우아한 보관 솔루션이군 현재 전원이 공급되지 않습니다. || 우아한 보관 솔루션이다. 지금은 동력이 없다. || 우아한 보관 솔루션입니다. 현재 전원이 공급되지 않습니다. || 우아한 스토리지 솔루션. 현재 전원이 공급되지 않습니다. || 우아한 스토리지 솔루션입니다. 현재 전원이 공급되지 않습니다.
GiC	/objects/BLACKJACK/gic_blackjack_humanshiplockerTier0/gic_blackjack_humanshiplockerTier0.object	/novakidDescription	A locker. Ain't much use 'til it's fixed.	사물함 고쳐지기 전까진 쓸모가 없겠지.	사물함 고쳐지기 전까진 쓸모가 없겠지. || 사물함이다. 고쳐질 때까지는 소용이 없겠는데. || 사물함이라 고쳐지기 전까진 쓸모가 없겠군. || 사물함이라 고쳐지기 전까진 쓸모가 없겠지. || 사물함입니다. 고쳐지기 전까진 쓸모가 없겠군.
GiC	/objects/STAGE/gic_invisiblescanner_npc/gic_invisiblescanner_npc.object	/apexDescription	It's a proximity device. It'll sense when I get close to it.	근접 장치야 내가 가까이 가면 감지할 거야	근접 센서 장치다. 내가 가까이 가면 날 인식할거야. || 근접 장치야 내가 가까이 가면 감지할 거야 || 근접 장치야 내가 가까이 가면 감지할 거야. || 근접기기입니다. 가까이 다가가면 알 것 같아요.
GiC	/objects/STAGE/gic_invisiblescanner_npc/gic_invisiblescanner_npc.object	/avianDescription	A proximity device. It could trigger something if I'm near.	근접 장치. 내가 가까이 가면 뭔가를 작동시킬 수 있어.	근접 센서 장치다. 내가 가까이 가면 뭔가 작동할 수 있어. || 근접 장치. 내가 가까이 가면 뭔가를 작동시킬 수 있어. || 근접 장치. 내가 근처에 있으면 뭔가를 유발할 수 있습니다. || 근접 장치야 내가 가까이 가면 뭔가를 작동시킬 수 있어.
GiC	/objects/STAGE/gic_invisiblescanner_npc/gic_invisiblescanner_npc.object	/floranDescription	Ssscanning eye on the wall. It's looking at me!	벽에 눈이 있어 날 보고 있어!	벽에 눈이 있어 날 보고 있어! || 벽에 눈이 있어요. 날 보고 있어! || 벽에 붙은 스캔하는 눈이다. 날 보고 있다! || 벽에 있는 눈을 스캔하고 있습니다. 나를 보고 있어요!
GiC	/objects/STAGE/gic_invisiblescanner_npc/gic_invisiblescanner_npc.object	/glitchDescription	Suspicious. This proximity scanner might be aware of me.	의심. 이 근접 스캐너는 나의 존재를 알고 있을지도.	수상한데 이 근접 스캐너가 나를 인식하는 것 같아. || 수상한데 이 근접 스캐너가 날 인식하는 것 같아. || 수상한데요. 이 근접 스캐너가 저를 인식할지도 몰라요. || 의심. 이 근접 스캐너는 나의 존재를 알고 있을지도. || 의심스러운. 이 근접 스캐너가 나를 인식할 수도 있습니다.
GiC	/objects/STAGE/gic_invisiblescanner_npc/gic_invisiblescanner_npc.object	/humanDescription	A proximity sensor. It can tell when I'm near.	근접 센서 장치다. 내가 가까이 가면 작동한다.	근접 센서 장치다. 내가 가까이 가면 작동한다. || 근접 센서. 내가 근처에 있을 때 알 수 있어요. || 근접 센서야 내가 가까이 다가오면 알 수 있어. || 근접 센서야 내가 가까이 있으면 알 수 있습니다. || 근접 센서입니다. 내가 가까이 있으면 알 수 있습니다.
GiC	/objects/STAGE/gic_invisiblescanner_npc/gic_invisiblescanner_npc.object	/hylotlDescription	This scanning device can tell when I'm present.	이 스캔 장치는 내 위치를 파악할 수 있어.	이 스캐닝 장치는 내가 어디에 있는지 알 수 있습니다. || 이 스캐닝 장치는 내가 언제 있는지 알 수 있습니다. || 이 스캔 장치는 내 위치를 파악할 수 있어. || 이 스캔 장치는 내가 언제 있는지 알 수 있습니다.
GiC	/objects/STAGE/gic_invisiblescanner_npc/gic_invisiblescanner_npc.object	/novakidDescription	A proximity scanner. Is it watching me right now?	근접 스캐너. 지금 나를 지켜보고 있는 걸까?	근접 센서 장치로군. 지금 날 보고 있는 건가? || 근접 스캐너. 지금 나를 지켜보고 있는 걸까? || 근접 스캐너야 지금 나를 보고 있나요? || 근접 스캐너야 지금 날 보고 있는 거야? || 근접 스캐너입니다. 지금 나를 보고 있나요?
GiC	/interface/windowconfig/WORKSTATION/gic_beamtuning_workshop.config	/paneLayout/lblProduct/value	MATERIALS AVAILABLE	사용 가능한 재료	검색 || 사용 가능한 자원 || 사용 가능한 재료 || 재료가 있는 것만 보기
GiC	/interface/warping/UNDERCOLONY/gic_undercolony_abandonedsector_first_bonfire.config	/destinations/0/name	Beam to Ship	함선으로 빔	선박으로 복귀 || 함선으로 워프 || 함선으로 이동
GiC	/interface/windowconfig/gic_tylian_blacksmith.config	/paneLayout/lblSchematics/value	^#b9b5b2;BLUEPRINTS	^#b9b5b2;설계도	^#b9b5b2;설계도 || ^#b9b5b2;청사진
GiC	/interface/windowconfig/gic_tylian_blacksmith.config	/paneLayout/lblProducttitle/value	^#b9b5b2;PRODUCT	^#b9b5b2;물품	^#b9b5b2;물품 || ^#b9b5b2;제작품 || ^#b9b5b2;제품
GiC	/interface/windowconfig/gic_tylian_blacksmith.config	/paneLayout/lblProduct/value	MATERIALS AVAILABLE	사용 가능한 재료	검색 || 사용 가능한 자원 || 사용 가능한 재료 || 재료가 있는 것만 보기
GiC	/quests/TYLIAN/DRAFT/gic_tylian_bossrush_crusade.questtemplate	/scriptConfig/conditions/0/description	Find ^orange;<itemName>^reset;: ^green;<current> / <required>^reset;	^orange;<itemName>^reset; 찾기: ^green;<current>/<required>^reset;	^orange;<itemName>^reset; 찾기: ^green;<current>/<required>^reset; || 찾기^orange;<아이템 이름>^reset;:^green;<현재> / <필요>^reset;
GiC	/quests/TYLIAN/DRAFT/gic_tylian_bossrush_crusade.questtemplate	/scriptConfig/conditions/1/description	Find ^orange;<itemName>^reset;: ^green;<current> / <required>^reset;	^orange;<itemName>^reset; 찾기: ^green;<current>/<required>^reset;	^orange;<itemName>^reset; 찾기: ^green;<current>/<required>^reset; || 찾기^orange;<아이템 이름>^reset;:^green;<현재> / <필요>^reset;
GiC	/interface/windowconfig/COOKING/gic_cooking_romanstove.config	/paneLayout/lblProduct/value	MATERIALS AVAILABLE	사용 가능한 재료	검색 || 사용 가능한 자원 || 사용 가능한 재료 || 재료가 있는 것만 보기
GiC	/interface/warping/GARDEN/gic_garden_caravan_mission_1_1_ForestPath.config	/destinations/0/name	Beam to Ship	함선으로 빔	선박으로 복귀 || 함선으로 워프 || 함선으로 이동
GiC	/interface/warping/GARDEN/gic_garden_marshlandvillage_whisperfog_left_bonfire.config	/destinations/0/name	Beam to Ship	함선으로 빔	선박으로 복귀 || 함선으로 워프 || 함선으로 이동
GiC	/interface/windowconfig/gic_mainland_privateinvestigations.config	/paneLayout/lblProducttitle/value	^#b9b5b2;PRODUCT	^#b9b5b2;물품	^#b9b5b2;물품 || ^#b9b5b2;제작품 || ^#b9b5b2;제품
GiC	/interface/windowconfig/gic_mainland_privateinvestigations.config	/paneLayout/lblProduct/value	MATERIALS AVAILABLE	사용 가능한 재료	검색 || 사용 가능한 자원 || 사용 가능한 재료 || 재료가 있는 것만 보기
GiC	/interface/warping/GARDEN/gic_garden_wymond_mission_1_2_farmhouse_bonfire.config	/destinations/0/name	Beam to Ship	함선으로 빔	선박으로 복귀 || 함선으로 워프 || 함선으로 이동
GiC	/objects/generic/woodendesk/woodendesk.object	/apexDescription	A solid wooden desk.	단단한 나무 책상.	단단한 나무 책상. || 튼튼한 나무 책상이다.
GiC	/objects/generic/woodendesk/woodendesk.object	/avianDescription	A table to work at.	일할 수 있는 테이블.	일할 때 쓰는 책상이다. || 일할 수 있는 테이블.
GiC	/objects/generic/woodendesk/woodendesk.object	/floranDescription	Floran not sssit at desskss!	플로란은 책상에 앉지 마!	플로란은 식탁에 앉지 않아요! || 플로란은 책상에 앉지 마! || 플로란은 책상에 앉지 않는다!
GiC	/objects/generic/woodendesk/woodendesk.object	/glitchDescription	Calm. A place to process data.	차분. 데이터를 처리하는 장소다.	Calm. 데이터를 처리하는 장소. || 차분. 데이터를 처리하는 장소다. || 차분해 데이터를 처리하는 장소. || 침착해 데이터를 처리할 장소.
GiC	/objects/generic/woodendesk/woodendesk.object	/humanDescription	A nice wooden desk. I don't have much in the way of paperwork to complete.	멋진 나무 책상이다. 난 앉아서 서류 작업하는 타입은 아니지만.	멋진 나무 책상. 완료해야 할 서류 작업이 많지 않습니다. || 멋진 나무 책상이다. 난 앉아서 서류 작업하는 타입은 아니지만.
GiC	/objects/generic/woodendesk/woodendesk.object	/hylotlDescription	A desk at which you can undergo written tasks.	서면 작업을 할 수 있는 책상.	서류 작업을 할 수 있는 책상이다. || 서면 작업을 할 수 있는 책상.
GiC	/objects/generic/woodendesk/woodendesk.object	/novakidDescription	I ain't got time to sit around at a desk.	책상에 앉아있을 시간이 없어요.	난 책상에 앉아있을 시간 따위 없네. || 책상에 앉아 있을 시간이 없어요. || 책상에 앉아있을 시간이 없거든요. || 책상에 앉아있을 시간이 없어요.
GiC	/interface/windowconfig/gic_generic_embassy_4tab.config	/paneLayout/lblProducttitle/value	^#b9b5b2;PRODUCT	^#b9b5b2;물품	^#b9b5b2;물품 || ^#b9b5b2;제작품 || ^#b9b5b2;제품
GiC	/interface/windowconfig/gic_generic_embassy_4tab.config	/paneLayout/lblProduct/value	MATERIALS AVAILABLE	사용 가능한 재료	검색 || 사용 가능한 자원 || 사용 가능한 재료 || 재료가 있는 것만 보기
GiC	/objects/MILITARY/gic_medievalchest_teleporter/gic_medievalchest_teleporter.object	/shortdescription	Medieval Chest	중세 가슴	중세 가슴 || 중세 상자
GiC	/interface/windowconfig/gic_generic_economy_3tab.config	/paneLayout/lblProducttitle/value	^#b9b5b2;PRODUCT	^#b9b5b2;물품	^#b9b5b2;물품 || ^#b9b5b2;제작품 || ^#b9b5b2;제품
GiC	/interface/windowconfig/gic_generic_economy_3tab.config	/paneLayout/lblProduct/value	MATERIALS AVAILABLE	사용 가능한 재료	검색 || 사용 가능한 자원 || 사용 가능한 재료 || 재료가 있는 것만 보기
GiC	/interface/warping/KHURTOVYNA/gic_khurtovyna_bunkercomplex_containmentunit_bonfire.config	/destinations/0/name	Beam to Ship	함선으로 빔	선박으로 복귀 || 함선으로 워프 || 함선으로 이동
GiC	/interface/warping/GARDEN/gic_garden_castleassault_3.config	/destinations/0/name	Beam to Ship	함선으로 빔	선박으로 복귀 || 함선으로 워프 || 함선으로 이동
GiC	/interface/warping/GARDEN/gic_garden_marshlandvillage_abandonedbelltower.config	/destinations/0/name	Beam to Ship	함선으로 빔	선박으로 복귀 || 함선으로 워프 || 함선으로 이동
GiC	/quests/SHIP_UPGRADES/gic_player_shipgradeT4.questtemplate	/scriptConfig/conditions/0/description	Find ^orange;<itemName>^reset;: ^green;<current> / <required>^reset;	^orange;<itemName>^reset; 찾기: ^green;<current>/<required>^reset;	^orange;<itemName>^reset; 찾기: ^green;<current>/<required>^reset; || 찾기^orange;<아이템 이름>^reset;:^green;<현재> / <필요>^reset;
GiC	/quests/SHIP_UPGRADES/gic_player_shipgradeT4.questtemplate	/scriptConfig/conditions/1/description	Find ^orange;<itemName>^reset;: ^green;<current> / <required>^reset;	^orange;<itemName>^reset; 찾기: ^green;<current>/<required>^reset;	^orange;<itemName>^reset; 찾기: ^green;<current>/<required>^reset; || 찾기^orange;<아이템 이름>^reset;:^green;<현재> / <필요>^reset;
GiC	/objects/BACKGROUND_PROP/gic_bgtungstendoor/gic_bgtungstendoor.object	/apexDescription	This wooden door was not made by hand.	이 나무 문은 손으로 만들지 않았다.	이 나무 문은 손으로 만든 것이 아닙니다. || 이 나무 문은 손으로 만들지 않았다.
GiC	/objects/BACKGROUND_PROP/gic_bgtungstendoor/gic_bgtungstendoor.object	/avianDescription	This door was produced by a machine.	이 문은 기계로 만들어졌다.	이 문은 기계로 만들어졌다. || 이 문은 기계로 제작되었습니다.
GiC	/objects/BACKGROUND_PROP/gic_bgtungstendoor/gic_bgtungstendoor.object	/floranDescription	Floran not like door made in factory.	플로란은 공장에서 만든 문과는 다릅니다.	플로란은 공장에서 만든 문과는 다릅니다. || 플로란은 공장에셔 만든 문을 좋아하지 않는다.
GiC	/objects/BACKGROUND_PROP/gic_bgtungstendoor/gic_bgtungstendoor.object	/glitchDescription	Observant. This door appears to have been manufactured on a production line.	관찰. 이 문은 가구 생산 공장에서 제작한 것 같다.	관찰. 이 문은 가구 생산 공장에서 제작한 것 같다. || 관찰력. 이 문은 생산 라인에서 제조된 것으로 보입니다.
GiC	/objects/BACKGROUND_PROP/gic_bgtungstendoor/gic_bgtungstendoor.object	/humanDescription	A cheaply manufactured door.	값싸게 제작한 문이다.	값싸게 제작한 문이다. || 값싸게 제조된 문입니다.
GiC	/objects/BACKGROUND_PROP/gic_bgtungstendoor/gic_bgtungstendoor.object	/hylotlDescription	This door lacks a personal touch.	이 문은 정성스런 손질이 부족하다.	이 문은 개인적인 손길이 부족합니다. || 이 문은 정성스런 손질이 부족하다.
GiC	/objects/BACKGROUND_PROP/gic_bgtungstendoor/gic_bgtungstendoor.object	/novakidDescription	A cheap wooden door.	저렴한 나무문.	값싼 나무 문입니다. || 싸구려 나무 문이군. || 저렴한 나무문.
GiC	/interface/windowconfig/COOKING/gic_cooking_brickoven.config	/paneLayout/lblProduct/value	MATERIALS AVAILABLE	사용 가능한 재료	검색 || 사용 가능한 자원 || 사용 가능한 재료 || 재료가 있는 것만 보기
GiC	/interface/windowconfig/WORKSTATION/gic_explosives_workstation.config	/paneLayout/lblProduct/value	MATERIALS AVAILABLE	사용 가능한 재료	검색 || 사용 가능한 자원 || 사용 가능한 재료 || 재료가 있는 것만 보기
GiC	/items/MATERIALS/rockbrick.matitem	/description	A crudely produced set of rock bricks.	조잡하게 만들어진 벽돌이다.	"조잡하게 만들어진 벽돌이다. || 조잡하게 만들어진 벽돌입니다. || 조잡하게 생산된 암석 벽돌 세트.
^green;추출 가능^reset;, ^orange;분쇄 가능^reset;."
GiC	/interface/warping/CRUSADE/gic_crusade_mountaincastle_mountaindaimyo_bonfire.config	/destinations/0/name	Beam to Ship	함선으로 빔	선박으로 복귀 || 함선으로 워프 || 함선으로 이동
GiC	/interface/tooltips/gic_largebase_thrown.tooltip	/damagePerShotTitleLabel/value	Damage Per Shot:	피해량:	대미지: || 사격당 피해량: || 피해량:
GiC	/interface/tooltips/gic_largebase_thrown.tooltip	/speedTitleLabel/value	Rate of Fire:	공격 속도:	공격 속도: || 발사 속도: || 속도: || 피해량:
GiC	/objects/generic/woodencabinet1/woodencabinet1.object	/apexDescription	A small wooden storage unit.	작은 나무 보관함.	작은 나무 보관함. || 작은 나무 보관함이다.
GiC	/objects/generic/woodencabinet1/woodencabinet1.object	/avianDescription	A small amount of storage.	작은 수납장.	소량의 저장 공간. || 작은 보관함이다. || 작은 수납공간. || 작은 수납장.
GiC	/objects/generic/woodencabinet1/woodencabinet1.object	/floranDescription	Sstorage. Not much.	Sstorage. 별로.	Sstorage. 별로. || 보관함이다. 별로 크지 않다. || 창고. 별로.
GiC	/objects/generic/woodencabinet1/woodencabinet1.object	/glitchDescription	Unimpressed. Not much storage here.	무관심. 보관 공간이 별로 없다.	무관심. 보관 공간이 별로 없다. || 인상적이지 않네요. 수납공간이 별로 없네요. || 인상적이지 않습니다. 여긴 수납공간이 별로 없어요.
GiC	/objects/generic/woodencabinet1/woodencabinet1.object	/humanDescription	A cute couple of cabinets.	귀여운 캐비닛이다.	귀여운 캐비닛 커플. || 귀여운 캐비닛이다.
GiC	/objects/generic/woodencabinet1/woodencabinet1.object	/hylotlDescription	Small but useful storage.	작지만 유용한 보관함이다.	작지만 유용한 보관함이다. || 작지만 유용한 보관함입니다. || 작지만 유용한 저장 공간.
GiC	/objects/generic/woodencabinet1/woodencabinet1.object	/novakidDescription	Seems safe enough as far as unlocked storage goes.	잠기지 않은 창고라면 충분히 안전해 보입니다.	잠금 해제 된 스토리지에 관한 한 충분히 안전 해 보입니다. || 잠기지 않은 보관함치고는 안전한 것 같군 그래. || 잠기지 않은 창고라면 충분히 안전해 보입니다.
GiC	/interface/warping/GENSOKYO/gic_gensokyo_youkaimountain_traitorsmemory_innercity_bonfire.config	/destinations/1/name	Beam to Ship	함선으로 빔	선박으로 복귀 || 함선으로 워프 || 함선으로 이동
GiC	/interface/warping/GARDEN/gic_garden_caravan_mission_1_2_NewFosseWayStation.config	/destinations/5/name	Beam to Ship	함선으로 빔	선박으로 복귀 || 함선으로 워프 || 함선으로 이동
GiC	/objects/CIVILIAN/gic_largevent/gic_largevent.object	/apexDescription	A vent.	환풍구다.	환풍구다. || 환풍구야 || 환풍구입니다. || 환풍기다.
GiC	/interface/warping/GARDEN/gic_garden_crypt_halloftheratking.config	/destinations/1/name	Beam to Ship	함선으로 빔	선박으로 복귀 || 함선으로 워프 || 함선으로 이동
GiC	/quests/TYLIAN/DRAFT/gic_tylian_bossrush_afflicted.questtemplate	/scriptConfig/conditions/0/description	Find ^orange;<itemName>^reset;: ^green;<current> / <required>^reset;	^orange;<itemName>^reset; 찾기: ^green;<current>/<required>^reset;	^orange;<itemName>^reset; 찾기: ^green;<current>/<required>^reset; || 찾기^orange;<아이템 이름>^reset;:^green;<현재> / <필요>^reset;
GiC	/quests/TYLIAN/DRAFT/gic_tylian_bossrush_afflicted.questtemplate	/scriptConfig/conditions/1/description	Find ^orange;<itemName>^reset;: ^green;<current> / <required>^reset;	^orange;<itemName>^reset; 찾기: ^green;<current>/<required>^reset;	^orange;<itemName>^reset; 찾기: ^green;<current>/<required>^reset; || 찾기^orange;<아이템 이름>^reset;:^green;<현재> / <필요>^reset;
GiC	/interface/warping/GENSOKYO/gic_gensokyo_youkaimountain_traitorsmemory_outercity_midbonfire.config	/destinations/1/name	Beam to Ship	함선으로 빔	선박으로 복귀 || 함선으로 워프 || 함선으로 이동
GiC	/interface/windowconfig/gic_myourenbrewery_bar.config	/paneLayout/lblProducttitle/value	^#b9b5b2;PRODUCT	^#b9b5b2;물품	^#b9b5b2;물품 || ^#b9b5b2;제작품 || ^#b9b5b2;제품
GiC	/interface/windowconfig/gic_myourenbrewery_bar.config	/paneLayout/lblProduct/value	MATERIALS AVAILABLE	사용 가능한 재료	검색 || 사용 가능한 자원 || 사용 가능한 재료 || 재료가 있는 것만 보기
GiC	/interface/windowconfig/COOKING/gic_cooking_fryingpan.config	/paneLayout/lblProduct/value	MATERIALS AVAILABLE	사용 가능한 재료	검색 || 사용 가능한 자원 || 사용 가능한 재료 || 재료가 있는 것만 보기
GiC	/interface/windowconfig/gic_humanclothesshop_merchantterminal.config	/paneLayout/lblSchematics/value	^#b9b5b2;BLUEPRINTS	^#b9b5b2;설계도	^#b9b5b2;설계도 || ^#b9b5b2;청사진
GiC	/interface/windowconfig/gic_humanclothesshop_merchantterminal.config	/paneLayout/lblProducttitle/value	^#b9b5b2;PRODUCT	^#b9b5b2;물품	^#b9b5b2;물품 || ^#b9b5b2;제작품 || ^#b9b5b2;제품
GiC	/interface/windowconfig/gic_humanclothesshop_merchantterminal.config	/paneLayout/lblProduct/value	MATERIALS AVAILABLE	사용 가능한 재료	검색 || 사용 가능한 자원 || 사용 가능한 재료 || 재료가 있는 것만 보기
GiC	/interface/warping/gic_returntopreviousinstance.config	/destinations/1/name	Beam to Ship	함선으로 빔	선박으로 복귀 || 함선으로 워프 || 함선으로 이동
GiC	/interface/windowconfig/gic_munitionsworkbench_6tab.config	/paneLayout/lblSchematics/value	^#b9b5b2;BLUEPRINTS	^#b9b5b2;설계도	^#b9b5b2;설계도 || ^#b9b5b2;청사진
GiC	/interface/windowconfig/gic_munitionsworkbench_6tab.config	/paneLayout/lblProducttitle/value	^#b9b5b2;PRODUCT	^#b9b5b2;물품	^#b9b5b2;물품 || ^#b9b5b2;제작품 || ^#b9b5b2;제품
GiC	/interface/windowconfig/gic_munitionsworkbench_6tab.config	/paneLayout/lblProduct/value	MATERIALS AVAILABLE	사용 가능한 재료	검색 || 사용 가능한 자원 || 사용 가능한 재료 || 재료가 있는 것만 보기
GiC	/interface/windowconfig/gic_furniturestore_citymall.config	/paneLayout/lblProducttitle/value	^#b9b5b2;PRODUCT	^#b9b5b2;물품	^#b9b5b2;물품 || ^#b9b5b2;제작품 || ^#b9b5b2;제품
GiC	/interface/windowconfig/gic_furniturestore_citymall.config	/paneLayout/lblProduct/value	MATERIALS AVAILABLE	사용 가능한 재료	검색 || 사용 가능한 자원 || 사용 가능한 재료 || 재료가 있는 것만 보기
GiC	/interface/warping/GARDEN/gic_garden_caravan_mission_1_2_NewFosseWayStation_bada.config	/destinations/5/name	Beam to Ship	함선으로 빔	선박으로 복귀 || 함선으로 워프 || 함선으로 이동
GiC	/interface/windowconfig/gic_embassy_merchantterminal.config	/paneLayout/lblProducttitle/value	^#b9b5b2;PRODUCT	^#b9b5b2;물품	^#b9b5b2;물품 || ^#b9b5b2;제작품 || ^#b9b5b2;제품
GiC	/interface/windowconfig/gic_embassy_merchantterminal.config	/paneLayout/lblProduct/value	MATERIALS AVAILABLE	사용 가능한 재료	검색 || 사용 가능한 자원 || 사용 가능한 재료 || 재료가 있는 것만 보기
GiC	/objects/STAGE/gic_invisiblescanner/gic_invisiblescanner.object	/apexDescription	It's a proximity device. It'll sense when I get close to it.	근접 장치야 내가 가까이 가면 감지할 거야	근접 센서 장치다. 내가 가까이 가면 날 인식할거야. || 근접 장치야 내가 가까이 가면 감지할 거야 || 근접 장치야 내가 가까이 가면 감지할 거야. || 근접기기입니다. 가까이 다가가면 알 것 같아요.
GiC	/objects/STAGE/gic_invisiblescanner/gic_invisiblescanner.object	/avianDescription	A proximity device. It could trigger something if I'm near.	근접 장치. 내가 가까이 가면 뭔가를 작동시킬 수 있어.	근접 센서 장치다. 내가 가까이 가면 뭔가 작동할 수 있어. || 근접 장치. 내가 가까이 가면 뭔가를 작동시킬 수 있어. || 근접 장치. 내가 근처에 있으면 뭔가를 유발할 수 있습니다. || 근접 장치야 내가 가까이 가면 뭔가를 작동시킬 수 있어.
GiC	/objects/STAGE/gic_invisiblescanner/gic_invisiblescanner.object	/floranDescription	Ssscanning eye on the wall. It's looking at me!	벽에 눈이 있어 날 보고 있어!	벽에 눈이 있어 날 보고 있어! || 벽에 눈이 있어요. 날 보고 있어! || 벽에 붙은 스캔하는 눈이다. 날 보고 있다! || 벽에 있는 눈을 스캔하고 있습니다. 나를 보고 있어요!
GiC	/objects/STAGE/gic_invisiblescanner/gic_invisiblescanner.object	/glitchDescription	Suspicious. This proximity scanner might be aware of me.	의심. 이 근접 스캐너는 나의 존재를 알고 있을지도.	수상한데 이 근접 스캐너가 나를 인식하는 것 같아. || 수상한데 이 근접 스캐너가 날 인식하는 것 같아. || 수상한데요. 이 근접 스캐너가 저를 인식할지도 몰라요. || 의심. 이 근접 스캐너는 나의 존재를 알고 있을지도. || 의심스러운. 이 근접 스캐너가 나를 인식할 수도 있습니다.
GiC	/objects/STAGE/gic_invisiblescanner/gic_invisiblescanner.object	/humanDescription	A proximity sensor. It can tell when I'm near.	근접 센서 장치다. 내가 가까이 가면 작동한다.	근접 센서 장치다. 내가 가까이 가면 작동한다. || 근접 센서. 내가 근처에 있을 때 알 수 있어요. || 근접 센서야 내가 가까이 다가오면 알 수 있어. || 근접 센서야 내가 가까이 있으면 알 수 있습니다. || 근접 센서입니다. 내가 가까이 있으면 알 수 있습니다.
GiC	/objects/STAGE/gic_invisiblescanner/gic_invisiblescanner.object	/hylotlDescription	This scanning device can tell when I'm present.	이 스캔 장치는 내 위치를 파악할 수 있어.	이 스캐닝 장치는 내가 어디에 있는지 알 수 있습니다. || 이 스캐닝 장치는 내가 언제 있는지 알 수 있습니다. || 이 스캔 장치는 내 위치를 파악할 수 있어. || 이 스캔 장치는 내가 언제 있는지 알 수 있습니다.
GiC	/objects/STAGE/gic_invisiblescanner/gic_invisiblescanner.object	/novakidDescription	A proximity scanner. Is it watching me right now?	근접 스캐너. 지금 나를 지켜보고 있는 걸까?	근접 센서 장치로군. 지금 날 보고 있는 건가? || 근접 스캐너. 지금 나를 지켜보고 있는 걸까? || 근접 스캐너야 지금 나를 보고 있나요? || 근접 스캐너야 지금 날 보고 있는 거야? || 근접 스캐너입니다. 지금 나를 보고 있나요?
GiC	/interface/warping/ESTHER/gic_esther_chapter_1_hubworld_dockingbay75.config	/destinations/2/name	Beam to Ship	함선으로 빔	선박으로 복귀 || 함선으로 워프 || 함선으로 이동
GiC	/interface/warping/WILDLANDS/gic_kogasa_tsukucoastline_hubworld.config	/destinations/0/name	Beam to Ship	함선으로 빔	선박으로 복귀 || 함선으로 워프 || 함선으로 이동
GiC	/interface/warping/KHURTOVYNA/gic_khurtovyna_chamberofthesatori_bonfire_alt.config	/destinations/0/name	Beam to Ship	함선으로 빔	선박으로 복귀 || 함선으로 워프 || 함선으로 이동
GiC	/interface/windowconfig/WORKSTATION/gic_knitting_workstation.config	/paneLayout/lblProduct/value	MATERIALS AVAILABLE	사용 가능한 재료	검색 || 사용 가능한 자원 || 사용 가능한 재료 || 재료가 있는 것만 보기
GiC	/objects/BACKGROUND_PROP/gic_bgshojidoor/gic_bgshojidoor.object	/description	A cheap wooden door.	저렴한 나무문.	값싼 나무 문입니다. || 싸구려 나무 문이군. || 저렴한 나무문.
GiC	/objects/gic_limitedtimemissionconsole/gic_limitedtimemissionconsole_gazringboarding.object	/apexDescription	An extremely old piece of technology.	아주 오래된 기술이다.	아주 오래된 기술이다. || 아주 오래된 기술입니다.
GiC	/objects/gic_limitedtimemissionconsole/gic_limitedtimemissionconsole_gazringboarding.object	/avianDescription	This console must be as old at the gate itself. That's old!	이 콘솔도 게이트만큼이나 오래됐을 거예요. 오래됐네요!	이 콘솔도 게이트만큼이나 오래됐을 거예요. 오래됐네요! || 이 콘솔도 여기 차원문처럼 오랜 세월을 버텼겠지.
GiC	/objects/gic_limitedtimemissionconsole/gic_limitedtimemissionconsole_gazringboarding.object	/floranDescription	Ancient controlsss for the ancient gate.	고대 차원문을 여는 고대 콘솔이다.	고대 게이트의 고대 제어장치군요. || 고대 차원문을 여는 고대 콘솔이다.
GiC	/objects/gic_limitedtimemissionconsole/gic_limitedtimemissionconsole_gazringboarding.object	/glitchDescription	Impressed. The control panel for the gate, it looks very old indeed.	인상적. 차원문을 여는 컨트롤 패널같은데, 아주 오래된 것 같다.	인상적. 차원문을 여는 컨트롤 패널같은데, 아주 오래된 것 같다. || 인상적이네요. 게이트의 제어판, 정말 아주 오래 된 것 같습니다.
GiC	/objects/gic_limitedtimemissionconsole/gic_limitedtimemissionconsole_gazringboarding.object	/humanDescription	The gate control panel. It must be as old as the gate.	게이트 제어판. 성문만큼이나 오래됐을 겁니다.	게이트 제어판. 성문만큼이나 오래됐을 겁니다. || 차원문 컨트롤 패널이다. 차원문처럼 오래됐겠지.
GiC	/objects/gic_limitedtimemissionconsole/gic_limitedtimemissionconsole_gazringboarding.object	/hylotlDescription	The gate console. Like the gate, it is a mystery.	게이트 콘솔. 게이트와 마찬가지로 미스터리입니다.	게이트 콘솔. 게이트와 마찬가지로 미스터리입니다. || 차원문 콘솔이다. 차원문처럼, 신비함이 가득하다.
GiC	/objects/gic_limitedtimemissionconsole/gic_limitedtimemissionconsole_gazringboarding.object	/novakidDescription	Let's see if I can't get this old thing workin'.	내가 이 오래된 것을 작동시킬 수 있는지 한 번 볼까.	내가 이 오래된 것을 작동시킬 수 있는지 한 번 볼까. || 이 오래된 것을 작동시킬 수 있는지 보자고요.
GiC	/interface/tooltips/gic_largebase_ammogun.tooltip	/damagePerShotTitleLabel/value	Damage Per Shot:	피해량:	대미지: || 사격당 피해량: || 피해량:
GiC	/interface/tooltips/gic_largebase_ammogun.tooltip	/speedTitleLabel/value	Rate of Fire:	공격 속도:	공격 속도: || 발사 속도: || 속도: || 피해량:
GiC	/interface/warping/KHURTOVYNA/gic_khurtovyna_rundownshaft_hub.config	/destinations/0/name	Beam to Ship	함선으로 빔	선박으로 복귀 || 함선으로 워프 || 함선으로 이동
GiC	/interface/windowconfig/crafting_draft.config	/paneLayout/lblSchematics/value	^#b9b5b2;BLUEPRINTS	^#b9b5b2;설계도	^#b9b5b2;설계도 || ^#b9b5b2;청사진
GiC	/interface/windowconfig/crafting_draft.config	/paneLayout/lblProducttitle/value	^#b9b5b2;PRODUCT	^#b9b5b2;물품	^#b9b5b2;물품 || ^#b9b5b2;제작품 || ^#b9b5b2;제품
GiC	/interface/windowconfig/crafting_draft.config	/paneLayout/lblProduct/value	MATERIALS AVAILABLE	사용 가능한 재료	검색 || 사용 가능한 자원 || 사용 가능한 재료 || 재료가 있는 것만 보기
GiC	/interface/warping/PROTECTED/gic_protectedcolony_factory_bonfire.config	/destinations/0/name	Beam to Ship	함선으로 빔	선박으로 복귀 || 함선으로 워프 || 함선으로 이동
GiC	/interface/windowconfig/COOKING/gic_cooking_communalcookingpot.config	/paneLayout/lblProduct/value	MATERIALS AVAILABLE	사용 가능한 재료	검색 || 사용 가능한 자원 || 사용 가능한 재료 || 재료가 있는 것만 보기
GiC	/items/active/weapons/fist/gic_fists_shieldstance.activeitem	/description	It's hard to crack these knuckles.	이 너클은 깨뜨리기 어렵습니다.	이 너클은 깨뜨리기 어렵습니다. || 이 주먹을 깨는 것은 어렵습니다.
GiC	/interface/warping/KHURTOVYNA/gic_khurtovyna_prisoncomplex_bonfire.config	/destinations/0/name	Beam to Ship	함선으로 빔	선박으로 복귀 || 함선으로 워프 || 함선으로 이동
GiC	/interface/windowconfig/WORKSTATION/gic_fletcher_workstation.config	/paneLayout/lblProduct/value	MATERIALS AVAILABLE	사용 가능한 재료	검색 || 사용 가능한 자원 || 사용 가능한 재료 || 재료가 있는 것만 보기
GiC	/interface/windowconfig/gic_ammunition_workbench.config	/paneLayout/lblSchematics/value	^#b9b5b2;BLUEPRINTS	^#b9b5b2;설계도	^#b9b5b2;설계도 || ^#b9b5b2;청사진
GiC	/interface/windowconfig/gic_ammunition_workbench.config	/paneLayout/lblProducttitle/value	^#b9b5b2;PRODUCT	^#b9b5b2;물품	^#b9b5b2;물품 || ^#b9b5b2;제작품 || ^#b9b5b2;제품
GiC	/interface/windowconfig/gic_ammunition_workbench.config	/paneLayout/lblProduct/value	MATERIALS AVAILABLE	사용 가능한 재료	검색 || 사용 가능한 자원 || 사용 가능한 재료 || 재료가 있는 것만 보기
GiC	/interface/chests/chest2.config	/gui/clear/caption	Take all	모두 가져가	모두 가져가 || 모두 가져가다 || 모두 가져오기 || 모두 가지기 || 모두 채우기
GiC	/interface/warping/AFFLICTED/gic_afflictedcolony_reactorcore_bonfire.config	/destinations/0/name	Beam to Ship	함선으로 빔	선박으로 복귀 || 함선으로 워프 || 함선으로 이동
GiC	/objects/CIVILIAN/gic_metaldetector/gic_metaldetector.object	/apexDescription	This will go off if I get too close.	너무 가까이 가면 작동할거야.	너무 가까이 가면 작동할 거야. || 너무 가까이 가면 작동할거야.
GiC	/objects/CIVILIAN/gic_metaldetector/gic_metaldetector.object	/novakidDescription	Tread carefully.	발걸음을 조심해야겠어.	발걸음을 조심해야겠어. || 조심해서 걸어야겠군.
GiC	/interface/tooltips/gic_advancedgun.tooltip	/damagePerShotTitleLabel/value	Damage Per Shot:	피해량:	대미지: || 사격당 피해량: || 피해량:
GiC	/interface/tooltips/gic_advancedgun.tooltip	/speedTitleLabel/value	Rate of Fire:	공격 속도:	공격 속도: || 발사 속도: || 속도: || 피해량:
GiC	/interface/tooltips/gic_advancedgun.tooltip	/energyPerShotTitleLabel/value	Energy Per Shot:	에너지 소모량:	^green;장전 당 발사^reset;: || 사격당 에너지: || 에너지 소모량:
GiC	/interface/windowconfig/WORKSTATION/gic_medical_workstation.config	/paneLayout/lblProduct/value	MATERIALS AVAILABLE	사용 가능한 재료	검색 || 사용 가능한 자원 || 사용 가능한 재료 || 재료가 있는 것만 보기
GiC	/interface/tooltips/ews_largebase_ammogun.tooltip	/damagePerShotTitleLabel/value	Damage Per Shot:	피해량:	대미지: || 사격당 피해량: || 피해량:
GiC	/interface/tooltips/ews_largebase_ammogun.tooltip	/speedTitleLabel/value	Rate of Fire:	공격 속도:	공격 속도: || 발사 속도: || 속도: || 피해량:
GiC	/objects/BACKGROUND_PROP/gic_bgdoor/gic_bgdoor.object	/apexDescription	This wooden door was not made by hand.	이 나무 문은 손으로 만들지 않았다.	이 나무 문은 손으로 만든 것이 아닙니다. || 이 나무 문은 손으로 만들지 않았다.
GiC	/objects/BACKGROUND_PROP/gic_bgdoor/gic_bgdoor.object	/avianDescription	This door was produced by a machine.	이 문은 기계로 만들어졌다.	이 문은 기계로 만들어졌다. || 이 문은 기계로 제작되었습니다.
GiC	/objects/BACKGROUND_PROP/gic_bgdoor/gic_bgdoor.object	/floranDescription	Floran not like door made in factory.	플로란은 공장에서 만든 문과는 다릅니다.	플로란은 공장에서 만든 문과는 다릅니다. || 플로란은 공장에셔 만든 문을 좋아하지 않는다.
GiC	/objects/BACKGROUND_PROP/gic_bgdoor/gic_bgdoor.object	/glitchDescription	Observant. This door appears to have been manufactured on a production line.	관찰. 이 문은 가구 생산 공장에서 제작한 것 같다.	관찰. 이 문은 가구 생산 공장에서 제작한 것 같다. || 관찰력. 이 문은 생산 라인에서 제조된 것으로 보입니다.
GiC	/objects/BACKGROUND_PROP/gic_bgdoor/gic_bgdoor.object	/humanDescription	A cheaply manufactured door.	값싸게 제작한 문이다.	값싸게 제작한 문이다. || 값싸게 제조된 문입니다.
GiC	/objects/BACKGROUND_PROP/gic_bgdoor/gic_bgdoor.object	/hylotlDescription	This door lacks a personal touch.	이 문은 정성스런 손질이 부족하다.	이 문은 개인적인 손길이 부족합니다. || 이 문은 정성스런 손질이 부족하다.
GiC	/objects/BACKGROUND_PROP/gic_bgdoor/gic_bgdoor.object	/novakidDescription	A cheap wooden door.	저렴한 나무문.	값싼 나무 문입니다. || 싸구려 나무 문이군. || 저렴한 나무문.
GiC	/interface/windowconfig/gic_military_merchantterminal.config	/paneLayout/lblSchematics/value	^#b9b5b2;BLUEPRINTS	^#b9b5b2;설계도	^#b9b5b2;설계도 || ^#b9b5b2;청사진
GiC	/interface/windowconfig/gic_military_merchantterminal.config	/paneLayout/lblProducttitle/value	^#b9b5b2;PRODUCT	^#b9b5b2;물품	^#b9b5b2;물품 || ^#b9b5b2;제작품 || ^#b9b5b2;제품
GiC	/interface/windowconfig/gic_military_merchantterminal.config	/paneLayout/lblProduct/value	MATERIALS AVAILABLE	사용 가능한 재료	검색 || 사용 가능한 자원 || 사용 가능한 재료 || 재료가 있는 것만 보기
GiC	/interface/windowconfig/gic_gazri_wastelandmerchant.config	/paneLayout/lblProducttitle/value	^#b9b5b2;PRODUCT	^#b9b5b2;물품	^#b9b5b2;물품 || ^#b9b5b2;제작품 || ^#b9b5b2;제품
GiC	/interface/windowconfig/gic_gazri_wastelandmerchant.config	/paneLayout/lblProduct/value	MATERIALS AVAILABLE	사용 가능한 재료	검색 || 사용 가능한 자원 || 사용 가능한 재료 || 재료가 있는 것만 보기
GiC	/interface/windowconfig/gic_generic_shop_notab_cook.config	/paneLayout/lblProducttitle/value	^#b9b5b2;PRODUCT	^#b9b5b2;물품	^#b9b5b2;물품 || ^#b9b5b2;제작품 || ^#b9b5b2;제품
GiC	/items/MATERIALS/castlewalls1.matitem	/description	Strong stone slabs, perfect for building a castle.	튼튼한 벽돌 더미. 성을 지을 때 완벽할 것 같다.	튼튼한 벽돌 더미. 성을 지을 때 완벽할 것 같다. || 튼튼한 벽돌 더미로, 성을 지을 때 완벽한 자재입니다.
GiC	/interface/windowconfig/gic_generic_shop_notab_mousecommander.config	/paneLayout/lblProducttitle/value	^#b9b5b2;PRODUCT	^#b9b5b2;물품	^#b9b5b2;물품 || ^#b9b5b2;제작품 || ^#b9b5b2;제품
GiC	/interface/warping/gic_tothebazaar.config	/destinations/0/name	Beam to Ship	함선으로 빔	선박으로 복귀 || 함선으로 워프 || 함선으로 이동
GiC	/interface/windowconfig/gic_bada_storymerchant.config	/paneLayout/lblSchematics/value	^#b9b5b2;BLUEPRINTS	^#b9b5b2;설계도	^#b9b5b2;설계도 || ^#b9b5b2;청사진
GiC	/interface/windowconfig/gic_bada_storymerchant.config	/paneLayout/lblProducttitle/value	^#b9b5b2;PRODUCT	^#b9b5b2;물품	^#b9b5b2;물품 || ^#b9b5b2;제작품 || ^#b9b5b2;제품
GiC	/interface/windowconfig/gic_bada_storymerchant.config	/paneLayout/lblProduct/value	MATERIALS AVAILABLE	사용 가능한 재료	검색 || 사용 가능한 자원 || 사용 가능한 재료 || 재료가 있는 것만 보기
GiC	/interface/windowconfig/WORKSTATION/gic_modmaterialconversion_workstation.config	/paneLayout/lblProduct/value	MATERIALS AVAILABLE	사용 가능한 재료	검색 || 사용 가능한 자원 || 사용 가능한 재료 || 재료가 있는 것만 보기
GiC	/interface/tooltips/gic_largebase_hybrid_sword.tooltip	/damagePerShotTitleLabel/value	Damage Per Swing:	피해량:	공격당 데미지: || 대미지: || 매 공격 당 대미지: || 피해량:
GiC	/interface/windowconfig/gic_silence_merchant.config	/paneLayout/lblSchematics/value	^#b9b5b2;BLUEPRINTS	^#b9b5b2;설계도	^#b9b5b2;설계도 || ^#b9b5b2;청사진
GiC	/interface/windowconfig/gic_silence_merchant.config	/paneLayout/lblProducttitle/value	^#b9b5b2;PRODUCT	^#b9b5b2;물품	^#b9b5b2;물품 || ^#b9b5b2;제작품 || ^#b9b5b2;제품
GiC	/interface/windowconfig/gic_silence_merchant.config	/paneLayout/lblProduct/value	MATERIALS AVAILABLE	사용 가능한 재료	검색 || 사용 가능한 자원 || 사용 가능한 재료 || 재료가 있는 것만 보기
GiC	/interface/windowconfig/gic_generic_shop_notab.config	/paneLayout/lblProducttitle/value	^#b9b5b2;PRODUCT	^#b9b5b2;물품	^#b9b5b2;물품 || ^#b9b5b2;제작품 || ^#b9b5b2;제품
GiC	/interface/warping/CRUSADE/gic_crusade_islandfort_warppoint.config	/destinations/6/name	Beam to Ship	함선으로 빔	선박으로 복귀 || 함선으로 워프 || 함선으로 이동
GiC	/interface/warping/GENSOKYO/gic_gensokyo_youkaimountain_traitorsmemory_preparation_bonfire.config	/destinations/1/name	Beam to Ship	함선으로 빔	선박으로 복귀 || 함선으로 워프 || 함선으로 이동
GiC	/interface/windowconfig/gic_humanclothesshop_standardsection_tradeterminal.config	/paneLayout/lblProducttitle/value	^#b9b5b2;DISH	^#b9b5b2;음식	^#b9b5b2;음식 || ^#b9b5b2;접시
GiC	/interface/warping/CRUSADE/gic_crusade_silentcaverns_bonfire.config	/destinations/0/name	Beam to Ship	함선으로 빔	선박으로 복귀 || 함선으로 워프 || 함선으로 이동
GiC	/interface/windowconfig/gic_blackmarket_undercolony.config	/paneLayout/lblProducttitle/value	^#b9b5b2;PRODUCT	^#b9b5b2;물품	^#b9b5b2;물품 || ^#b9b5b2;제작품 || ^#b9b5b2;제품
GiC	/interface/windowconfig/gic_blackmarket_undercolony.config	/paneLayout/lblProduct/value	MATERIALS AVAILABLE	사용 가능한 재료	검색 || 사용 가능한 자원 || 사용 가능한 재료 || 재료가 있는 것만 보기
GiC	/interface/windowconfig/gic_nightbird_izakaya_storymerchant.config	/paneLayout/lblProducttitle/value	^#b9b5b2;PRODUCT	^#b9b5b2;물품	^#b9b5b2;물품 || ^#b9b5b2;제작품 || ^#b9b5b2;제품
GiC	/interface/windowconfig/gic_nightbird_izakaya_storymerchant.config	/paneLayout/lblProduct/value	MATERIALS AVAILABLE	사용 가능한 재료	검색 || 사용 가능한 자원 || 사용 가능한 재료 || 재료가 있는 것만 보기
GiC	/interface/warping/CRUSADE/gic_crusade_sherutovillage_warppoint.config	/destinations/0/name	Beam to Ship	함선으로 빔	선박으로 복귀 || 함선으로 워프 || 함선으로 이동
GiC	/interface/warping/PROTECTED/gic_protectedcolony_oilfields_bonfire.config	/destinations/0/name	Beam to Ship	함선으로 빔	선박으로 복귀 || 함선으로 워프 || 함선으로 이동
GiC	/objects/BACKGROUND_PROP/gic_bgbarreddoor/gic_bgbarreddoor.object	/description	A door.	문	문 || 문. || 문이다. || 문이죠 || 문입니다.
GiC	/interface/warping/CRUSADE/gic_crusade_castlesiegelines_speargeneral_bonfire.config	/destinations/0/name	Beam to Ship	함선으로 빔	선박으로 복귀 || 함선으로 워프 || 함선으로 이동
GiC	/interface/windowconfig/gic_crypt_ratking.config	/paneLayout/lblProducttitle/value	^#b9b5b2;PRODUCT	^#b9b5b2;물품	^#b9b5b2;물품 || ^#b9b5b2;제작품 || ^#b9b5b2;제품
GiC	/interface/windowconfig/gic_crypt_ratking.config	/paneLayout/lblProduct/value	MATERIALS AVAILABLE	사용 가능한 재료	검색 || 사용 가능한 자원 || 사용 가능한 재료 || 재료가 있는 것만 보기
GiC	/quests/TYLIAN/DRAFT/gic_tylian_bossrush_wartorn.questtemplate	/scriptConfig/conditions/0/description	Find ^orange;<itemName>^reset;: ^green;<current> / <required>^reset;	^orange;<itemName>^reset; 찾기: ^green;<current>/<required>^reset;	^orange;<itemName>^reset; 찾기: ^green;<current>/<required>^reset; || 찾기^orange;<아이템 이름>^reset;:^green;<현재> / <필요>^reset;
GiC	/quests/TYLIAN/DRAFT/gic_tylian_bossrush_wartorn.questtemplate	/scriptConfig/conditions/1/description	Find ^orange;<itemName>^reset;: ^green;<current> / <required>^reset;	^orange;<itemName>^reset; 찾기: ^green;<current>/<required>^reset;	^orange;<itemName>^reset; 찾기: ^green;<current>/<required>^reset; || 찾기^orange;<아이템 이름>^reset;:^green;<현재> / <필요>^reset;
GiC	/interface/warping/GARDEN/gic_garden_marshlandvillage_whisperfog_right_bonfire.config	/destinations/0/name	Beam to Ship	함선으로 빔	선박으로 복귀 || 함선으로 워프 || 함선으로 이동
GiC	/objects/generic/torch/torch.object	/description	This torch flickers softly.	부드럽게 타는 횃불입니다.	부드럽게 불타는 횃불입니다. || 부드럽게 타는 횃불입니다. || 이 횃불은 부드럽게 깜빡인다.
GiC	/interface/windowconfig/gic_kogasatatara_blacksmith.config	/paneLayout/lblSchematics/value	^#b9b5b2;BLUEPRINTS	^#b9b5b2;설계도	^#b9b5b2;설계도 || ^#b9b5b2;청사진
GiC	/interface/windowconfig/gic_kogasatatara_blacksmith.config	/paneLayout/lblProducttitle/value	^#b9b5b2;PRODUCT	^#b9b5b2;물품	^#b9b5b2;물품 || ^#b9b5b2;제작품 || ^#b9b5b2;제품
GiC	/interface/windowconfig/gic_kogasatatara_blacksmith.config	/paneLayout/lblProduct/value	MATERIALS AVAILABLE	사용 가능한 재료	검색 || 사용 가능한 자원 || 사용 가능한 재료 || 재료가 있는 것만 보기
GiC	/quests/TYLIAN/DRAFT/gic_tylian_bossrush_astraltemple.questtemplate	/scriptConfig/conditions/0/description	Find ^orange;<itemName>^reset;: ^green;<current> / <required>^reset;	^orange;<itemName>^reset; 찾기: ^green;<current>/<required>^reset;	^orange;<itemName>^reset; 찾기: ^green;<current>/<required>^reset; || 찾기^orange;<아이템 이름>^reset;:^green;<현재> / <필요>^reset;
GiC	/interface/windowconfig/gic_production_workbench.config	/paneLayout/lblSchematics/value	^#b9b5b2;BLUEPRINTS	^#b9b5b2;설계도	^#b9b5b2;설계도 || ^#b9b5b2;청사진
GiC	/interface/windowconfig/gic_production_workbench.config	/paneLayout/lblProducttitle/value	^#b9b5b2;PRODUCT	^#b9b5b2;물품	^#b9b5b2;물품 || ^#b9b5b2;제작품 || ^#b9b5b2;제품
GiC	/interface/windowconfig/gic_production_workbench.config	/paneLayout/lblProduct/value	MATERIALS AVAILABLE	사용 가능한 재료	검색 || 사용 가능한 자원 || 사용 가능한 재료 || 재료가 있는 것만 보기
GiC	/interface/windowconfig/COOKING/gic_cooking.config	/paneLayout/lblProduct/value	MATERIALS AVAILABLE	사용 가능한 재료	검색 || 사용 가능한 자원 || 사용 가능한 재료 || 재료가 있는 것만 보기
GiC	/interface/warping/GENSOKYO/gic_gensokyo_youkaimountain_traitorsmemory_preparation.config	/destinations/5/name	Beam to Ship	함선으로 빔	선박으로 복귀 || 함선으로 워프 || 함선으로 이동
GiC	/quests/SHIP_UPGRADES/gic_player_shipgradeT8.questtemplate	/scriptConfig/conditions/0/description	Find ^orange;<itemName>^reset;: ^green;<current> / <required>^reset;	^orange;<itemName>^reset; 찾기: ^green;<current>/<required>^reset;	^orange;<itemName>^reset; 찾기: ^green;<current>/<required>^reset; || 찾기^orange;<아이템 이름>^reset;:^green;<현재> / <필요>^reset;
GiC	/quests/SHIP_UPGRADES/gic_player_shipgradeT8.questtemplate	/scriptConfig/conditions/1/description	Find ^orange;<itemName>^reset;: ^green;<current> / <required>^reset;	^orange;<itemName>^reset; 찾기: ^green;<current>/<required>^reset;	^orange;<itemName>^reset; 찾기: ^green;<current>/<required>^reset; || 찾기^orange;<아이템 이름>^reset;:^green;<현재> / <필요>^reset;
GiC	/interface/tooltips/weapons/gic_largebase_ammogun_highres_usm47.tooltip	/damagePerShotTitleLabel/value	Damage Per Shot:	피해량:	대미지: || 사격당 피해량: || 피해량:
GiC	/interface/tooltips/weapons/gic_largebase_ammogun_highres_usm47.tooltip	/speedTitleLabel/value	Rate of Fire:	공격 속도:	공격 속도: || 발사 속도: || 속도: || 피해량:
GiC	/objects/BACKGROUND_PROP/gic_bgirondoor_windowless/gic_bgirondoor_windowless.object	/apexDescription	This wooden door was not made by hand.	이 나무 문은 손으로 만들지 않았다.	이 나무 문은 손으로 만든 것이 아닙니다. || 이 나무 문은 손으로 만들지 않았다.
GiC	/objects/BACKGROUND_PROP/gic_bgirondoor_windowless/gic_bgirondoor_windowless.object	/avianDescription	This door was produced by a machine.	이 문은 기계로 만들어졌다.	이 문은 기계로 만들어졌다. || 이 문은 기계로 제작되었습니다.
GiC	/objects/BACKGROUND_PROP/gic_bgirondoor_windowless/gic_bgirondoor_windowless.object	/floranDescription	Floran not like door made in factory.	플로란은 공장에서 만든 문과는 다릅니다.	플로란은 공장에서 만든 문과는 다릅니다. || 플로란은 공장에셔 만든 문을 좋아하지 않는다.
GiC	/objects/BACKGROUND_PROP/gic_bgirondoor_windowless/gic_bgirondoor_windowless.object	/glitchDescription	Observant. This door appears to have been manufactured on a production line.	관찰. 이 문은 가구 생산 공장에서 제작한 것 같다.	관찰. 이 문은 가구 생산 공장에서 제작한 것 같다. || 관찰력. 이 문은 생산 라인에서 제조된 것으로 보입니다.
GiC	/objects/BACKGROUND_PROP/gic_bgirondoor_windowless/gic_bgirondoor_windowless.object	/humanDescription	A cheaply manufactured door.	값싸게 제작한 문이다.	값싸게 제작한 문이다. || 값싸게 제조된 문입니다.
GiC	/objects/BACKGROUND_PROP/gic_bgirondoor_windowless/gic_bgirondoor_windowless.object	/hylotlDescription	This door lacks a personal touch.	이 문은 정성스런 손질이 부족하다.	이 문은 개인적인 손길이 부족합니다. || 이 문은 정성스런 손질이 부족하다.
GiC	/objects/BACKGROUND_PROP/gic_bgirondoor_windowless/gic_bgirondoor_windowless.object	/novakidDescription	A cheap wooden door.	저렴한 나무문.	값싼 나무 문입니다. || 싸구려 나무 문이군. || 저렴한 나무문.
GiC	/objects/MILITARY/gic_shogunate_cabinet/gic_shogunate_cabinet.object	/description	A charming and well-made wooden cabinet.	잘 만든 매력적인 나무 캐비닛입니다.	매력적이고 잘 만들어진 나무 캐비닛입니다. || 잘 만든 매력적인 나무 캐비닛입니다.
GiC	/interface/warping/WILDLANDS/gic_wildlands_island_citytravel_savelocation.config	/destinations/4/name	Beam to Ship	함선으로 빔	선박으로 복귀 || 함선으로 워프 || 함선으로 이동
GiC	/interface/warping/GENSOKYO/gic_gensokyo_youkaimountain_traitorsmemory_outercity.config	/destinations/2/name	Beam to Ship	함선으로 빔	선박으로 복귀 || 함선으로 워프 || 함선으로 이동
GiC	/interface/windowconfig/WORKSTATION/gic_firearms_workstation.config	/paneLayout/lblProduct/value	MATERIALS AVAILABLE	사용 가능한 재료	검색 || 사용 가능한 자원 || 사용 가능한 재료 || 재료가 있는 것만 보기
GiC	/interface/windowconfig/gic_nazrin_storymerchant_planetencounter.config	/paneLayout/lblSchematics/value	^#b9b5b2;BLUEPRINTS	^#b9b5b2;설계도	^#b9b5b2;설계도 || ^#b9b5b2;청사진
GiC	/interface/windowconfig/gic_nazrin_storymerchant_planetencounter.config	/paneLayout/lblProducttitle/value	^#b9b5b2;PRODUCT	^#b9b5b2;물품	^#b9b5b2;물품 || ^#b9b5b2;제작품 || ^#b9b5b2;제품
GiC	/interface/windowconfig/gic_nazrin_storymerchant_planetencounter.config	/paneLayout/lblProduct/value	MATERIALS AVAILABLE	사용 가능한 재료	검색 || 사용 가능한 자원 || 사용 가능한 재료 || 재료가 있는 것만 보기
GiC	/interface/windowconfig/gic_archivist_tradeterminal.config	/paneLayout/lblProducttitle/value	^#b9b5b2;PRODUCT	^#b9b5b2;물품	^#b9b5b2;물품 || ^#b9b5b2;제작품 || ^#b9b5b2;제품
GiC	/interface/windowconfig/gic_archivist_tradeterminal.config	/paneLayout/lblProduct/value	MATERIALS AVAILABLE	사용 가능한 재료	검색 || 사용 가능한 자원 || 사용 가능한 재료 || 재료가 있는 것만 보기
GiC	/interface/windowconfig/WORKSTATION/gic_alcohol_distiller.config	/paneLayout/lblProduct/value	MATERIALS AVAILABLE	사용 가능한 재료	검색 || 사용 가능한 자원 || 사용 가능한 재료 || 재료가 있는 것만 보기
GiC	/interface/windowconfig/gic_medical_workbench.config	/paneLayout/lblSchematics/value	^#b9b5b2;BLUEPRINTS	^#b9b5b2;설계도	^#b9b5b2;설계도 || ^#b9b5b2;청사진
GiC	/interface/windowconfig/gic_medical_workbench.config	/paneLayout/lblProducttitle/value	^#b9b5b2;PRODUCT	^#b9b5b2;물품	^#b9b5b2;물품 || ^#b9b5b2;제작품 || ^#b9b5b2;제품
GiC	/interface/windowconfig/gic_medical_workbench.config	/paneLayout/lblProduct/value	MATERIALS AVAILABLE	사용 가능한 재료	검색 || 사용 가능한 자원 || 사용 가능한 재료 || 재료가 있는 것만 보기
GiC	/interface/warping/GENSOKYO/gic_gensokyo_youkaimountain_traitorsmemory_innercity.config	/destinations/2/name	Beam to Ship	함선으로 빔	선박으로 복귀 || 함선으로 워프 || 함선으로 이동
GiC	/interface/windowconfig/WORKSTATION/gic_smithy_workshop.config	/paneLayout/lblProduct/value	MATERIALS AVAILABLE	사용 가능한 재료	검색 || 사용 가능한 자원 || 사용 가능한 재료 || 재료가 있는 것만 보기
GiC	/objects/generic/woodencabinet2/woodencabinet2.object	/avianDescription	Lots of space to store items.	물건을 보관할 공간이 많다.	물건을 보관할 공간이 많다. || 물건을 보관할 수 있는 많은 공간. || 아이템을 보관할 수 있는 많은 공간.
GiC	/objects/generic/woodencabinet2/woodencabinet2.object	/floranDescription	Big ssstorage sspace.	큰 수납공간.	보관 공간이 크다. || 큰 수납 공간. || 큰 수납공간. || 큰 저장 공간
GiC	/objects/generic/woodencabinet2/woodencabinet2.object	/glitchDescription	Content. There is a lot of storage space inside.	만족. 안에 보관할 공간이 많다.	내용. 내부에 많은 수납 공간이 있습니다. || 내용. 내부에 많은 수납공간이 있습니다. || 내용물. 내부에 많은 수납 공간이 있습니다. || 만족. 안에 보관할 공간이 많다.
GiC	/objects/generic/woodencabinet2/woodencabinet2.object	/humanDescription	A large cabinet. I'm sure I have something I could store here.	큰 캐비닛. 여기에 저장할 수있는 무언가가 있다고 확신합니다.	커다란 캐비닛이다. 분명 뭔가 보관할 수 있겠지. || 큰 캐비닛. 여기에 저장할 수있는 무언가가 있다고 확신합니다.
GiC	/objects/generic/woodencabinet2/woodencabinet2.object	/hylotlDescription	Lots of storage space.	많은 수납 공간.	많은 수납 공간. || 많은 저장 공간. || 보관 공간이 많다. || 저장 공간이 많습니다.
GiC	/objects/generic/woodencabinet2/woodencabinet2.object	/novakidDescription	There's a lot of space here for storin' things.	여기에는 물건을 보관할 공간이 많이 있습니다.	물건을 보관할 공간이 많군 그래. || 여기에는 물건을 보관할 공간이 많이 있습니다. || 여기에는 물건을 보관할 수 있는 공간이 많아요.
GiC	/interface/chests/chest5_old.config	/gui/clear/caption	Take all	모두 가져가	모두 가져가 || 모두 가져가다 || 모두 가져오기 || 모두 가지기 || 모두 채우기
GiC	/objects/STAGE/gic_10secdelay/gic_10secdelay.object	/floranDescription	A circuit that relays signalsss after a sset delay.	설정 지연 후 신호를 릴레이하는 회로.	설정 지연 후 신호를 릴레이하는 회로. || 설정 지연 후 신호를 릴레이하는 회로입니다. || 설정된 지연 후 신호를 릴레이하는 회로입니다. || 설정한 딜레이 후 신호를 중계하는 셔킷.
GiC	/objects/STAGE/gic_10secdelay/gic_10secdelay.object	/glitchDescription	Neutral. A circuit that relays signals after a set delay.	중립. 설정한 딜레이 후 신호를 중계하는 서킷.	중립. 설정된 지연시간 후 신호를 릴레이하는 회로입니다. || 중립. 설정한 딜레이 후 신호를 중계하는 서킷.
GiC	/interface/windowconfig/WORKSTATION/gic_primitive_salvagingfurnace.config	/paneLayout/lblProduct/value	MATERIALS AVAILABLE	사용 가능한 재료	검색 || 사용 가능한 자원 || 사용 가능한 재료 || 재료가 있는 것만 보기
GiC	/interface/chests/chest4_old.config	/gui/clear/caption	Take all	모두 가져가	모두 가져가 || 모두 가져가다 || 모두 가져오기 || 모두 가지기 || 모두 채우기
GiC	/interface/warping/AFFLICTED/gic_afflictedcolony_intothenest_bonfire.config	/destinations/0/name	Beam to Ship	함선으로 빔	선박으로 복귀 || 함선으로 워프 || 함선으로 이동
GiC	/interface/windowconfig/gic_kogasatatara_badend_blacksmith.config	/paneLayout/lblSchematics/value	^#b9b5b2;BLUEPRINTS	^#b9b5b2;설계도	^#b9b5b2;설계도 || ^#b9b5b2;청사진
GiC	/interface/windowconfig/gic_kogasatatara_badend_blacksmith.config	/paneLayout/lblProducttitle/value	^#b9b5b2;PRODUCT	^#b9b5b2;물품	^#b9b5b2;물품 || ^#b9b5b2;제작품 || ^#b9b5b2;제품
GiC	/interface/windowconfig/gic_kogasatatara_badend_blacksmith.config	/paneLayout/lblProduct/value	MATERIALS AVAILABLE	사용 가능한 재료	검색 || 사용 가능한 자원 || 사용 가능한 재료 || 재료가 있는 것만 보기
GiC	/interface/chests/chest2_old.config	/gui/clear/caption	Take all	모두 가져가	모두 가져가 || 모두 가져가다 || 모두 가져오기 || 모두 가지기 || 모두 채우기
GiC	/interface/windowconfig/gic_scrapworkbench_6tab.config	/paneLayout/lblSchematics/value	^#b9b5b2;BLUEPRINTS	^#b9b5b2;설계도	^#b9b5b2;설계도 || ^#b9b5b2;청사진
GiC	/interface/windowconfig/gic_scrapworkbench_6tab.config	/paneLayout/lblProducttitle/value	^#b9b5b2;PRODUCT	^#b9b5b2;물품	^#b9b5b2;물품 || ^#b9b5b2;제작품 || ^#b9b5b2;제품
GiC	/interface/windowconfig/gic_scrapworkbench_6tab.config	/paneLayout/lblProduct/value	MATERIALS AVAILABLE	사용 가능한 재료	검색 || 사용 가능한 자원 || 사용 가능한 재료 || 재료가 있는 것만 보기
GiC	/items/MATERIALS/platform2.matitem	/description	A nondescript wood platform.	평범한 나무 플랫폼이다.	평범한 나무 플랫폼이다. || 평범한 나무 플랫폼입니다.
GiC	/interface/windowconfig/gic_sleazytrader_storymerchant.config	/paneLayout/lblSchematics/value	^#b9b5b2;BLUEPRINTS	^#b9b5b2;설계도	^#b9b5b2;설계도 || ^#b9b5b2;청사진
GiC	/interface/windowconfig/gic_sleazytrader_storymerchant.config	/paneLayout/lblProducttitle/value	^#b9b5b2;PRODUCT	^#b9b5b2;물품	^#b9b5b2;물품 || ^#b9b5b2;제작품 || ^#b9b5b2;제품
GiC	/interface/windowconfig/gic_sleazytrader_storymerchant.config	/paneLayout/lblProduct/value	MATERIALS AVAILABLE	사용 가능한 재료	검색 || 사용 가능한 자원 || 사용 가능한 재료 || 재료가 있는 것만 보기
GiC	/interface/windowconfig/gic_guardsmansupplies_warehouse.config	/paneLayout/lblProducttitle/value	^#b9b5b2;PRODUCT	^#b9b5b2;물품	^#b9b5b2;물품 || ^#b9b5b2;제작품 || ^#b9b5b2;제품
GiC	/interface/windowconfig/gic_guardsmansupplies_warehouse.config	/paneLayout/lblProduct/value	MATERIALS AVAILABLE	사용 가능한 재료	검색 || 사용 가능한 자원 || 사용 가능한 재료 || 재료가 있는 것만 보기
GiC	/interface/tooltips/gic_ammogun.tooltip	/damagePerShotTitleLabel/value	Damage Per Shot:	피해량:	대미지: || 사격당 피해량: || 피해량:
GiC	/interface/tooltips/gic_ammogun.tooltip	/speedTitleLabel/value	Rate of Fire:	공격 속도:	공격 속도: || 발사 속도: || 속도: || 피해량:
GiC	/interface/tooltips/gic_ammogun.tooltip	/energyPerShotTitleLabel/value	Energy Per Shot:	에너지 소모량:	^green;장전 당 발사^reset;: || 사격당 에너지: || 에너지 소모량:
GiC	/interface/windowconfig/gic_humanclothesshop_militarysection.config	/paneLayout/lblProducttitle/value	^#b9b5b2;PRODUCT	^#b9b5b2;물품	^#b9b5b2;물품 || ^#b9b5b2;제작품 || ^#b9b5b2;제품
GiC	/objects/ANACONDA/gic_anaconda_humancaptainschair/gic_anaconda_humancaptainschair.object	/shortdescription	Captain's Chair	선장 의자	선장 의자 || 선장의 의자
GiC	/interface/chests/chest10.config	/gui/clear/caption	Take all	모두 가져가	모두 가져가 || 모두 가져가다 || 모두 가져오기 || 모두 가지기 || 모두 채우기
GiC	/quests/GARDEN/gic_garden_crypt_ratking_memorywalkerquest.questtemplate	/scriptConfig/conditions/0/description	Find ^orange;<itemName>^reset;: ^green;<current> / <required>^reset;	^orange;<itemName>^reset; 찾기: ^green;<current>/<required>^reset;	^orange;<itemName>^reset; 찾기: ^green;<current>/<required>^reset; || 찾기^orange;<아이템 이름>^reset;:^green;<현재> / <필요>^reset;
GiC	/interface/windowconfig/COOKING/gic_cooking_cuttingboard.config	/paneLayout/lblProduct/value	MATERIALS AVAILABLE	사용 가능한 재료	검색 || 사용 가능한 자원 || 사용 가능한 재료 || 재료가 있는 것만 보기
