asset	pointer	korean
/items/MATERIALS/Platforms/saturnbirchplatform.matitem.patch	/glitchdescription	아주 기뻐하는. 이 화려한 플랫폼은 정밀하게 샌딩되고 마감되었습니다.
/items/MATERIALS/Platforms/saturnebonyplatform.matitem.patch	/glitchdescription	아주 기뻐하는. 이 화려한 플랫폼은 정밀하게 샌딩되고 마감되었습니다.
/items/MATERIALS/Platforms/saturnmahoplatform.matitem.patch	/glitchdescription	아주 기뻐하는. 이 화려한 플랫폼은 정밀하게 샌딩되고 마감되었습니다.
/items/MATERIALS/Platforms/saturnoakplatform.matitem.patch	/glitchdescription	아주 기뻐하는. 이 화려한 플랫폼은 정밀하게 샌딩되고 마감되었습니다.
/items/MATERIALS/atprk_krakothplatform.matitem.patch	/glitchdescription	중립. 고대 금속 발판입니다.
/items/MATERIALS/atprk_radiotrophicwood.matitem.patch	/glitchdescription	중립. 외계의 방사영양성 목재 조각입니다.
/items/MATERIALS/centens/centensplatform.matitem.patch	/glitchDescription	진술. 고대 금속 발판입니다.
/items/MATERIALS/platform2.matitem.patch	/glitchdescription	중립. 나무 발판이에요.
/items/materials/burningbrick.matitem.patch	/glitchDescription	관찰 중. 이 벽돌들은 극도로 뜨거운 돌로 만들어졌습니다.
/items/materials/burningbrick2.matitem.patch	/glitchdescription	주눅 드네요. 이 돌 석판들은 섬뜩한 초록 빛을 냅니다.
/items/materials/chargedbrick.matitem.patch	/glitchDescription	관찰 중. 이 벽돌들은 극도로 뜨거운 돌로 만들어졌습니다.
/items/materials/fogblock.matitem.patch	/glitchdescription	혼란. 이걸 어떻게 걸어다녀요?
/items/materials/fogblockpacked.matitem.patch	/glitchDescription	분석 중. 이 블록은 매우 조밀합니다.
/items/materials/halloweencobblestone.matitem.patch	/glitchDescription	매혹. 이 자갈돌은 자연스럽게 매끄럽고 으스스해요.
/items/materials/halloweendirt.matitem.patch	/glitchdescription	무관심. 기본적이고 으스스한 흙이네요.
/items/materials/permafrostblock_es.matitem.patch	/glitchDescription	관찰. 이 얼음 같은 재질은 표준 얼음보다 훨씬 단단하네요.
/items/materials/permafrostbrick_es.matitem.patch	/glitchDescription	놀랍네요. 이 벽돌 멋있어 보여요.
/items/materials/radioactivematerial.matitem.patch	/glitchdescription	분석 중. 치명적 폐기물 더미입니다.
/items/materials/radioactivewalls1.matitem.patch	/glitchdescription	주눅 드네요. 이 돌 석판들은 섬뜩한 초록 빛을 냅니다.
/items/materials/radioactivewalls2.matitem.patch	/glitchdescription	놀람. 이 작은 돌벽돌은 방사능에도 온전하네요.
/items/sheilaworkshop/black_other/titansteelslopedfloor/titansteelslopedfloor.matitem.patch	/glitchDescription	고풍스럽네요. 타이탄강 바닥입니다.
/items/sheilaworkshop/black_other/titansteelslopedglass/titansteelslopedglass.matitem.patch	/glitchDescription	관찰. 타이탄스틸 건물용 유리판이네요.
/items/sheilaworkshop/black_other/titansteelstripedfloor/titansteelstripedfloor.matitem.patch	/glitchDescription	고풍스럽네요. 타이탄강 바닥입니다.
/materials/gic_besserbrick.matitem.patch	/glitchDescription	감탄. 강도를 높이는 두꺼운 강철보가 지나가는 벽돌이네요.
/materials/gic_lunarcrete.matitem.patch	/glitchDescription	생소함. 이것은 루나크리트(Lunarcrete)로, 콘크리트이면서도 동시에 콘크리트가 아니다.
/materials/gic_permafrost.matitem.patch	/glitchDescription	중립. 영구동토 재질이에요.
/objects/BACKGROUND_PROP/gic_brokenmotiondetector/gic_brokenmotiondetector.object.patch	/glitchDescription	분석. 이 센서는 손상됐습니다.
/objects/CIVILIAN/gic_arcadestarburner/gic_arcadestarburner.object.patch	/glitchDescription	호기심. 이 게임은 지구 공중전을 충격적으로 사실적으로 그렸네요.
/objects/CIVILIAN/gic_arcadestarburner2/gic_arcadestarburner2.object.patch	/glitchDescription	호기심. 이 게임은 지구 공중전을 재밌게 그렸네요.
/objects/CIVILIAN/gic_flatcomputer/gic_flatcomputer.object.patch	/glitchDescription	감사해요. 멋진 기계네요. 이건 군사 소프트웨어를 다룰 수 있어요.
/objects/CIVILIAN/gic_locker_locked/gic_locker_locked.object.patch	/glitchDescription	사려 깊게. 이 사물함은 정말로 잠겨 있네요.
/objects/CIVILIAN/gic_lootable_wreckturbines/gic_lootable_wreckturbine.object.patch	/glitchDescription	흥미. 미확인 종류 연료를 받는 터빈이네요. 안에 뭐가 있을 수 있어요.
/objects/CIVILIAN/gic_metaldetector/gic_metaldetector.object.patch	/glitchDescription	주의. 이 금속 탐지기는 장비와 무관하게 저를 탐지할 겁니다.
/objects/CIVILIAN/gic_modernbookcase/gic_modernbookcase.object.patch	/glitchDescription	흥미. 이 책장엔 소금으로 음식 보존하는 법부터 무기 청소까지 다양한 인간 책이 있네요.
/objects/CIVILIAN/gic_officefile1/gic_officefile1.object.patch	/glitchDescription	지루하네요. 서류 말고는 흥미로운 게 없습니다.
/objects/CIVILIAN/gic_officefile2/gic_officefile2.object.patch	/glitchDescription	지루하네요. 서류 말고는 흥미로운 게 없습니다.
/objects/CIVILIAN/gic_radiojammer/gic_radiojammer.object.patch	/glitchDescription	흥미. 이 기계는 신호를 차단하는 무선 잡음을 내보내네요.
/objects/CIVILIAN/gic_talllocker_locked/gic_talllocker_locked.object.patch	/glitchDescription	사려 깊게. 이 사물함은 정말로 잠겨 있네요.
/objects/CIVILIAN/gic_typewriter/gic_typewriter.object.patch	/glitchDescription	혼란. 글리치 금전등록기처럼 생겼는데 종이가 튀어나와 있어요.
/objects/CORPSES/BLOOD/gic_smallbloodstain/gic_smallbloodstain.object.patch	/glitchDescription	충격. 벽에 아직 선혈이 남아있어요!
/objects/CORPSES/gic_captaincorpse/gic_captaincorpse.object.patch	/glitchDescription	주의. 뭔가 갖고 있을지도요.
/objects/CRAFTING/LEGACY_CRAFTING/gic_munitionsworkbench/gic_munitionsworkbench.object.patch	/glitchDescription	혼란. 이 무기들을 부품으로 만들어야 해요?
/objects/CRAFTING/atprk_esupgradestationsmall/atprk_esupgradestationsmall.object.patch	/glitchDescription	신남. 이미 강력한 무기를 여기서 업그레이드할 수 있어요!
/objects/CRAFTING/gic_ija_grave_iwashita/gic_ija_grave_iwashita.object.patch	/glitchDescription	혼란. 이 무기들을 부품으로 만들어야 해요?
/objects/CRAFTING/nmm_chocolatefountain/chocolatefountain.object.patch	/glitchDescription	당황. 할 말이 없습니다!
/objects/CRAFTING/nmm_multiversegoods/mvgmini.object.patch	/glitchDescription	당황. 할 말이 없습니다!
/objects/CRAFTING/nmm_protectorateprinter/protectorateprinter.object.patch	/glitchDescription	당황. 할 말이 없습니다!
/objects/CRAFTING/nmm_refixelizer/refixelizer.object.patch	/glitchDescription	당황. 할 말이 없습니다!
/objects/CRAFTING/nmm_restorationstation/restorationstation.object.patch	/glitchDescription	당황. 할 말이 없습니다!
/objects/CRAFTING/nmm_restorationstation/restorationstation2.object.patch	/glitchDescription	당황. 할 말이 없습니다!
/objects/CRAFTING/nmm_thecraftingthing/anvilonrope.object.patch	/glitchDescription	당황. 할 말이 없습니다!
/objects/CRAFTING/nmm_thecraftingthing/whatthefuck.object.patch	/glitchDescription	당황. 할 말이 없습니다!
/objects/CRAFTING/nnmm_starsuitcrafter2/starsuitcrafter.object.patch	/glitchDescription	당황. 할 말이 없습니다!
/objects/CRAFTING/v-ancientfurnace/v-ancientfurnace.object.patch	/glitchDescription	분석 중. 핵심 부품 제련에 쓰는 고대 용광로입니다.
/objects/EMBLEMS_AND_SIGNS/gic_decayedamericanemblem/gic_decayedamericanemblem.object.patch	/glitchDescription	주의. 보호국에서 미국인이 사악한 사람들이라 들었습니다.
/objects/EMBLEMS_AND_SIGNS/gic_decayedrussianemblem/gic_decayedrussianemblem.object.patch	/glitchDescription	주의. 보호국에서 러시아인이 역사상 가장 끔찍한 사람들이라 들었습니다.
/objects/EMBLEMS_AND_SIGNS/gic_floranliberationfront_banner/gic_floranliberationfront_banner.object.patch	/glitchDescription	혐오. 플로란 해방 전선은 내가 아는 플로란이 아니에요!
/objects/EMBLEMS_AND_SIGNS/gic_independentbanner/gic_independentbanner.object.patch	/glitchDescription	진술. 십자가가 있는 깃발이네요.
/objects/GENERAL/WTF/general/on background/avalicenterpiece.object.patch	/glitchDescription	관찰 결과. 아발리의 깃발은 원 아이콘에 날개를 모티브로 한 것 같습니다.
/objects/GENERAL/dreamcatcher/dreamcatcher1/giantavalidreamcatcher1.object.patch	/glitchDescription	관찰 결과. 아발리의 깃발은 원 아이콘에 날개를 모티브로 한 것 같습니다.
/objects/GENERAL/dreamcatcher/dreamcatcher2/giantavalidreamcatcher2.object.patch	/glitchDescription	관찰 결과. 아발리의 깃발은 원 아이콘에 날개를 모티브로 한 것 같습니다.
/objects/GENERAL/dreamcatcher/dreamcatcher3/giantavalidreamcatcher3.object.patch	/glitchDescription	관찰 결과. 아발리의 깃발은 원 아이콘에 날개를 모티브로 한 것 같습니다.
/objects/GENERAL/flag/hangflags/avali_hangflags1/avali_hangflags1.object.patch	/glitchDescription	관찰 결과. 아발리의 깃발은 원 아이콘에 날개를 모티브로 한 것 같습니다.
/objects/GENERAL/flag/hangflags/avali_hangflags10/avali_hangflags10.object.patch	/glitchDescription	관찰 결과. 아발리의 깃발은 원 아이콘에 날개를 모티브로 한 것 같습니다.
/objects/GENERAL/flag/hangflags/avali_hangflags11/avali_hangflags11.object.patch	/glitchDescription	관찰 결과. 아발리의 깃발은 원 아이콘에 날개를 모티브로 한 것 같습니다.
/objects/GENERAL/flag/hangflags/avali_hangflags12/avali_hangflags12.object.patch	/glitchDescription	관찰 결과. 아발리의 깃발은 원 아이콘에 날개를 모티브로 한 것 같습니다.
/objects/GENERAL/flag/hangflags/avali_hangflags13/avali_hangflags13.object.patch	/glitchDescription	관찰 결과. 아발리의 깃발은 원 아이콘에 날개를 모티브로 한 것 같습니다.
/objects/GENERAL/flag/hangflags/avali_hangflags2/avali_hangflags2.object.patch	/glitchDescription	관찰 결과. 아발리의 깃발은 원 아이콘에 날개를 모티브로 한 것 같습니다.
/objects/GENERAL/flag/hangflags/avali_hangflags3/avali_hangflags3.object.patch	/glitchDescription	관찰 결과. 아발리의 깃발은 원 아이콘에 날개를 모티브로 한 것 같습니다.
/objects/GENERAL/flag/hangflags/avali_hangflags4/avali_hangflags4.object.patch	/glitchDescription	관찰 결과. 아발리의 깃발은 원 아이콘에 날개를 모티브로 한 것 같습니다.
/objects/GENERAL/flag/hangflags/avali_hangflags5/avali_hangflags5.object.patch	/glitchDescription	관찰 결과. 아발리의 깃발은 원 아이콘에 날개를 모티브로 한 것 같습니다.
/objects/GENERAL/flag/hangflags/avali_hangflags6/avali_hangflags6.object.patch	/glitchDescription	관찰 결과. 아발리의 깃발은 원 아이콘에 날개를 모티브로 한 것 같습니다.
/objects/GENERAL/flag/hangflags/avali_hangflags7/avali_hangflags7.object.patch	/glitchDescription	관찰 결과. 아발리의 깃발은 원 아이콘에 날개를 모티브로 한 것 같습니다.
/objects/GENERAL/flag/hangflags/avali_hangflags8/avali_hangflags8.object.patch	/glitchDescription	관찰 결과. 아발리의 깃발은 원 아이콘에 날개를 모티브로 한 것 같습니다.
/objects/GENERAL/flag/hangflags/avali_hangflags9/avali_hangflags9.object.patch	/glitchDescription	관찰 결과. 아발리의 깃발은 원 아이콘에 날개를 모티브로 한 것 같습니다.
/objects/MILITARY/gic_navybunk/gic_navybunk.object.patch	/glitchDescription	진술. 이 위에서 자도 제게는 아무 영향이 없습니다.
/objects/MILITARY/gic_wallbunk/gic_wallbunk.object.patch	/glitchDescription	진술. 이 위에서 자도 제게는 아무 영향이 없습니다.
/objects/SPACE/gic_colonyvent/gic_colonyvent.object.patch	/glitchDescription	편안하네요. 이 환기구에서 나오는, 엄밀히 숨 쉴 수 없는 공기가 깨끗해요.
/objects/SPACE/gic_exhaust/gic_exhaust.object.patch	/glitchDescription	흥미롭네요. 단순한 배기구를 터빈과 결합한 건 꽤 독창적인 발상입니다.
/objects/SPACE/gic_exhaust_bottom/gic_exhaust_bottom.object.patch	/glitchDescription	흥미롭네요. 단순한 배기구를 터빈과 결합한 건 꽤 독창적인 발상입니다.
/objects/SPACE/gic_securityeyescanner/gic_securityeyescanner.object.patch	/glitchDescription	사려 깊어요. 이 안구 스캐너는 각 개별 종의 눈 스캔에 맞춤 설정이 있어요.
/objects/SPACE/gic_smallhumanturret/gic_smallhumanturret.object.patch	/glitchDescription	치명적. 이런 포탑 꼭대기의 해치는 설계상 결함입니다.
/objects/SPACE/gic_smallhumanturret_bottom/gic_smallhumanturret_bottom.object.patch	/glitchDescription	치명적. 이런 포탑 꼭대기의 해치는 설계상 결함입니다.
/objects/SPACE/gic_spacestationchair/gic_spacestationchair.object.patch	/glitchDescription	감탄. 이 의자의 각 다리가 나노미터까지 완벽하게 잘렸어요.
/objects/SPACE/gic_spacestationcoffetable/gic_spacestationcoffeetable.object.patch	/glitchDescription	빈정. 네, 아주 흥미로운 커피 테이블이네요.
/objects/SPACE/gic_spacestationfridge/gic_spacestationfridge.object.patch	/glitchDescription	흥미. 이 냉장고는 외부 냉각 방식을 지원하네요.
/objects/SPACE/gic_spacestationtable/gic_spacestationtable.object.patch	/glitchDescription	빈정. 네, 아주 흥미로운 금속 탁자네요.
/objects/SPACE/gic_spacestationwallcabinet1/gic_spacestationwallcabinet1.object.patch	/glitchDescription	감동 없네요. 그냥 플라스틱 벽 수납장입니다.
/objects/SPACE/gic_spacestationwallcabinet2/gic_spacestationwallcabinet2.object.patch	/glitchDescription	감동 없네요. 그냥 플라스틱 벽 수납장입니다.
/objects/SPACE/gic_tvmonitor/gic_tvmonitor.object.patch	/glitchDescription	주의. 이 '텔레비전'들의 배선 불량 소문을 들었습니다.
/objects/STAGE/gic_junctionbox_button/gic_junctionbox_button.object.patch	/glitchDescription	사실. 문의 경보가 울리지 않게 이걸 꺼야 해요.
/objects/STAGE/gic_steamchimney/gic_steamchimney.object.patch	/glitchDescription	지루하네요. 지루한 파이프로군요.
/objects/STANDARD/gic_bigcargocrate04/gic_bigcargocrate04.object.patch	/glitchDescription	이 상자들은 세력 표장이 찍혔어요 — 절도를 피하는 게 바람직해요.
/objects/STATIC_VEHICLES/gic_crashedheli_back/gic_crashedheli_back.object.patch	/glitchDescription	걱정됨. 글리치식으로 말하면 분해되는 것과 같아요.
/objects/STATIC_VEHICLES/gic_crashedheli_front/gic_crashedheli_front.object.patch	/glitchDescription	걱정됨. 조심 안 하면 이렇게 될지 몰라요.
/objects/STATIC_VEHICLES/gic_generic_izhkratoyo_technical/gic_generic_izhkratoyo_technical.object.patch	/glitchDescription	안심했어요. 이 차량을 조종하는 사람은 없네요. 아쉽게도 문이 잠겨 있어서 훔칠 수가 없어요.
/objects/STATIC_VEHICLES/gic_generic_izhkratoyo_utilityvehicle/gic_generic_izhkratoyo_utilityvehicle.object.patch	/glitchDescription	안심했어요. 이 차량을 조종하는 사람은 없네요.
/objects/STATIC_VEHICLES/gic_militarytransport/gic_militarytransport.object.patch	/glitchDescription	위압. 이 바퀴 달린 차량이 어떻게 두려움을 심어주네요.
/objects/STATIC_VEHICLES/gic_unitan_izhkratoyo_technical/gic_unitan_izhkratoyo_technical.object.patch	/glitchDescription	안심했어요. 이 차량을 조종하는 사람은 없네요. 아쉽게도 문이 잠겨 있어서 훔칠 수가 없어요.
/objects/STATIC_VEHICLES/gic_unitan_izhkratoyo_utilityvehicle/gic_unitan_izhkratoyo_utilityvehicle.object.patch	/glitchDescription	안심했어요. 이 차량을 조종하는 사람은 없네요.
/objects/STATIC_VEHICLES/gic_vehicletender/gic_vehicletender.object.patch	/glitchDescription	재밌네요. 이 위협적인 기계가 실은 비상용이었어요.
/objects/TOMBS/gic_tombstone1/gic_tombstone1.object.patch	/glitchDescription	관찰. 이 묘비는 최근 것이네요.
/objects/TOMBS/gic_tombstone2/gic_tombstone2.object.patch	/glitchDescription	관찰 중. 이런 표지 수천 개가 들판을 채웁니다. 하나하나가 쓰러진 병사를 나타냅니다.
/objects/TOMBS/gic_tombstone3/gic_tombstone3.object.patch	/glitchDescription	관찰 중. 이런 표지 수천 개가 들판을 채웁니다. 하나하나가 쓰러진 병사를 나타냅니다.
/objects/UNITED_SYSTEMS/gic_unitanacronym/gic_unitanacronym.object.patch	/glitchDescription	사려 깊어요. 인간 군사 전술은 많은 허세와 정예 훈련을 포함해요.
/objects/UNITED_SYSTEMS/gic_unitanartillerygun/gic_unitanartillerygun.object.patch	/glitchDescription	향수. 이 대포가 글리치 성의 것들을 떠올리게 해요.
/objects/UNITED_SYSTEMS/gic_unitanbanner/gic_unitanbanner.object.patch	/glitchDescription	진술. 별이 그려진 깃발입니다.
/objects/UNITED_SYSTEMS/gic_unitanbanner_torn/gic_unitanbanner_torn.object.patch	/glitchDescription	진술. 별이 그려진 깃발입니다.
/objects/UNITED_SYSTEMS/gic_unitedcitizensmilitia_poster/gic_unitedcitizensmilitia_poster.object.patch	/glitchDescription	호기심. 그래, 파벌 안에 파벌이 있다고? 흥미롭네요.
/objects/abyss/abyssdoor/abyssdoor.object.patch	/glitchDescription	불안. 중앙의 눈이 소름 끼쳐요.
/objects/abyss/abyssportal/abyssportal.object.patch	/glitchDescription	분석 중. 심연 포털입니다.
/objects/abyss/abyssportal/abyssreturnportal.object.patch	/glitchDescription	분석 중. 심연 포털입니다.
/objects/abyss/abyssvortex/abyssvortex.object.patch	/glitchDescription	위압. 주변의 뭐든 빨아들이는 소용돌이를 만들어요.
/objects/akkimari/other/akkimaripettether/akkimaripettether.object.patch	/glitchDescription	만족. 포획한 생물을 이 장치에 넣으면 근처에 머물게 됩니다.
/objects/alliance/decorative/allianceportrait/allianceportrait.object.patch	/glitchDescription	호기심. 누구세요?
/objects/alliance/furniture/alliancecabinet/alliancecabinet.object.patch	/glitchDescription	지루함. 그냥 캐비닛입니다.
/objects/alliance/furniture/alliancekitchencabinet/alliancekitchencabinet.object.patch	/glitchDescription	지루함. 그냥 캐비닛입니다.
/objects/alliance/other/alliancepettether/alliancepettether.object.patch	/glitchDescription	만족. 포획한 생물을 이 장치에 넣으면 근처에 머물게 됩니다.
/objects/alta/ship/gateway/ct_alta_ship_gateway.object.patch	/glitchDescription	정보. 표준 선박 문입니다.
/objects/alta/ship/special/teleporter/ct_alta_ship_teleporter.object.patch	/glitchDescription	스머그. 텔레포터. 순간이동 중에 절전 모드로 들어갈 수 있어요.
/objects/alta/wired/logic/latch.object.patch	/glitchDescription	매혹적. 상단 또는 'Enable' 노드는 래치가 하단 또는 'Data' 노드를 기준으로 상태를 변경할 수 있는지 여부를 제어합니다.
/objects/alta/wired/vent/ct_alta_vent.object.patch	/glitchDescription	인상적. 물이 쉽게 빠지네요.
/objects/ancient/ancientforge/ancientforge.object.patch	/glitchDescription	분석 중. 일반 수단으로 얻을 수 없는 재료로 만든 고대 대장간입니다.
/objects/ancient/ancientfurnace/ancientfurnace.object.patch	/glitchDescription	분석 중. 핵심 부품 제련에 쓰는 고대 용광로입니다.
/objects/ancient/bossvaultdoorgrind/bossvaultdoorgrind.object.patch	/glitchDescription	겁나요. 이 문 안엔 마주하고 싶지 않은 게 있어요.
/objects/ancient/spheredeactivater/spheredeactivater.object.patch	/glitchDescription	혼란. 이것 근처에서 제 고대 구체가 작동을 멈춰요.
/objects/ancient/superchallengedoor/superchallengedoor.object.patch	/glitchDescription	겁나요. 이 문 안엔 마주하고 싶지 않은 게 있어요.
/objects/apex/apexbed/sexbound_apexbed.object.patch	/glitchDescription	섹스용 간단한 침대네요. 역할은 다 해요!
/objects/atprk_noolith/atprk_sandstonestatuenoolith/atprk_sandstonestatuenoolith.object.patch	/glitchDescription	분석적. 로봇처럼 보이긴 하지만 명백히 글리치는 아니다.
/objects/atprk_relicseeker/atprk_planetpins/atprk_arcanaanimuspin.object.patch	/glitchDescription	친절. 애니무스 영역은 영혼이 깃들어 있어도 숨 막히게 아름답습니다.
/objects/atprk_relicseeker/atprk_planetpins/atprk_arcanaarcanepin.object.patch	/glitchDescription	친절. 긴 우주 여행 뒤에 신비로운 나무 꼭대기 마을에 머무르면 상쾌하겠군요.
/objects/avalicrafting/displayapparatus/avalidisplayapparatus.object.patch	/glitchDescription	반성적. 예전에 저는 한 사이클의 직공으로 일한 적이 있습니다.
/objects/avalicrafting/loom/avaliloom.object.patch	/glitchDescription	반성적. 예전에 저는 한 사이클의 직공으로 일한 적이 있습니다.
/objects/avalicrafting/sewing/avalisewing.object.patch	/glitchDescription	반성적. 예전에 저는 한 사이클의 직공으로 일한 적이 있습니다.
/objects/avaliextras/extraribbons/avalibottomribbon1.object.patch	/glitchDescription	멜랑콜리. 고향의 휘날리는 깃발을 떠올리게 합니다.
/objects/avaliextras/extraribbons/avalibottomribbon2.object.patch	/glitchDescription	멜랑콜리. 고향의 휘날리는 깃발을 떠올리게 합니다.
/objects/avaliextras/extraribbons/avalibottomtornribbon1.object.patch	/glitchDescription	멜랑콜리. 고향의 휘날리는 깃발을 떠올리게 합니다.
/objects/avaliextras/extraribbons/avalibottomtornribbon2.object.patch	/glitchDescription	멜랑콜리. 고향의 휘날리는 깃발을 떠올리게 합니다.
/objects/avaliextras/extraribbons/avalihalfbottomribbon1.object.patch	/glitchDescription	멜랑콜리. 고향의 휘날리는 깃발을 떠올리게 합니다.
/objects/avaliextras/extraribbons/avalihalfbottomribbon2.object.patch	/glitchDescription	멜랑콜리. 고향의 휘날리는 깃발을 떠올리게 합니다.
/objects/avaliextras/extraribbons/avalihalfribbon1.object.patch	/glitchDescription	멜랑콜리. 고향의 휘날리는 깃발을 떠올리게 합니다.
/objects/avaliextras/extraribbons/avalihalfribbon2.object.patch	/glitchDescription	멜랑콜리. 고향의 휘날리는 깃발을 떠올리게 합니다.
/objects/avaliextras/extraribbons/avalitornribbon1.object.patch	/glitchDescription	멜랑콜리. 고향의 휘날리는 깃발을 떠올리게 합니다.
/objects/avaliextras/extraribbons/avalitornribbon2.object.patch	/glitchDescription	멜랑콜리. 고향의 휘날리는 깃발을 떠올리게 합니다.
/objects/avaligeneric/decorations/avalibottles.object.patch	/glitchDescription	분석 결과 90% 이상 암모니아에 알코올을 포함한 미량의 불순물이 섞여 있습니다.
/objects/avaligeneric/ribbons/avaliribbon3.object.patch	/glitchDescription	멜랑콜리. 고향의 휘날리는 깃발을 떠올리게 합니다.
/objects/avaligeneric/table/avalitable6.object.patch	/glitchDescription	관찰. 이 선반은 너무 과하게 설계됐어요.
/objects/avikan/misc/avikanpettether/avikanpettether.object.patch	/glitchDescription	만족. 포획한 생물을 이 장치에 넣으면 근처에 머물게 됩니다.
/objects/avikan/outpost/avikanoutpostdoor/avikanoutpostdoor.object.patch	/glitchDescription	관찰. 금속 방화문이네요.
/objects/biome/cell/nmm_cellserver/cellserver.object.patch	/glitchDescription	당황. 할 말이 없습니다!
/objects/biome/cell/nmm_cellwallshelf/cellwallshelf.object.patch	/glitchDescription	당황. 할 말이 없습니다!
/objects/biome/cell/nmm_cellwardrobe/cellwardrobe.object.patch	/glitchDescription	당황. 할 말이 없습니다!
/objects/biome/desert/MS_agave1/MS_agave1.object.patch	/glitchDescription	진술서. 관목입니다.
/objects/biome/desert/MS_desertshrub1/MS_desertshrub1.object.patch	/glitchDescription	진술서. 관목입니다.
/objects/biome/gnome/nmm_gnomechest/gnomechest.object.patch	/glitchDescription	당황. 할 말이 없습니다!
/objects/biome/jungle/nmm_fernychair/junglechair.object.patch	/glitchDescription	당황. 할 말이 없습니다!
/objects/biome/ocean/nmm_sandman/sandman.object.patch	/glitchDescription	당황. 할 말이 없습니다!
/objects/biome/sb_heck/heckaltar/heckaltar.object.patch	/glitchDescription	불안. 이 제단은 무고한 사람들의 피, 아니 어쩌면 새들의 피로 얼룩져 있습니다.
/objects/biome/sb_heck/hecklight2/hecklight2.object.patch	/glitchDescription	분석. 이 빛은 일종의 유기 액체로 작동하는 것 같아요.
/objects/crafting/sheilaworkshop/sheilaworkshop.object.patch	/glitchDescription	흥미롭네요. 펠린제 3D 프린터입니다.
/objects/crafting/sheilaworkshop/sheilaworkshopnomusic.object.patch	/glitchDescription	흥미롭네요. 펠린제 3D 프린터입니다.
/objects/critters/crittercages/MC_spidertank/MC_spidertank.object.patch	/glitchDescription	호기심. 작은 동물입니다.
/objects/critters/crittercages/albatrosstank/albatrosstank.object.patch	/glitchDescription	호기심. 작은 동물입니다.
/objects/critters/crittercages/altsackbagtank/altsackbagtank.object.patch	/glitchDescription	호기심. 작은 동물입니다.
/objects/critters/crittercages/amazontank/amazontank.object.patch	/glitchDescription	호기심. 작은 동물입니다.
/objects/critters/crittercages/beartank/beartank.object.patch	/glitchDescription	호기심. 작은 동물입니다.
/objects/critters/crittercages/bigorangeseahorsetank/bigorangeseahorsetank.object.patch	/glitchDescription	호기심. 작은 동물입니다.
/objects/critters/crittercages/bloodbagtank/bloodbagtank.object.patch	/glitchDescription	호기심. 작은 동물입니다.
/objects/critters/crittercages/bloodslugtank/bloodslugtank.object.patch	/glitchDescription	호기심. 작은 동물입니다.
/objects/critters/crittercages/bluebliptank/bluebliptank.object.patch	/glitchDescription	호기심. 작은 동물입니다.
/objects/critters/crittercages/bluebouncebagtank/bluebouncebagtank.object.patch	/glitchDescription	호기심. 작은 동물입니다.
/objects/critters/crittercages/bluefloatbagtank/bluefloatbagtank.object.patch	/glitchDescription	호기심. 작은 동물입니다.
/objects/critters/crittercages/bluelizardtank/bluelizardtank.object.patch	/glitchDescription	호기심. 작은 동물입니다.
/objects/critters/crittercages/bluesnoogletank/bluesnoogletank.object.patch	/glitchDescription	호기심. 작은 동물입니다.
/objects/critters/crittercages/bluesnuggettank/bluesnuggettank.object.patch	/glitchDescription	호기심. 작은 동물입니다.
/objects/critters/crittercages/bluesymbiotetank/bluesymbiotetank.object.patch	/glitchDescription	호기심. 작은 동물입니다.
/objects/critters/crittercages/bluewormtank/bluewormtank.object.patch	/glitchDescription	호기심. 작은 동물입니다.
/objects/critters/crittercages/brownbirdtank/brownbirdtank.object.patch	/glitchDescription	호기심. 작은 동물입니다.
/objects/critters/crittercages/brownbliptank/brownbliptank.object.patch	/glitchDescription	호기심. 작은 동물입니다.
/objects/critters/crittercages/browncrabtank/browncrabtank.object.patch	/glitchDescription	호기심. 작은 동물입니다.
/objects/critters/crittercages/brownplantsnaketank/brownplantsnaketank.object.patch	/glitchDescription	호기심. 작은 동물입니다.
/objects/critters/crittercages/brownsealtank/brownsealtank.object.patch	/glitchDescription	호기심. 작은 동물입니다.
/objects/critters/crittercages/brownsnailtank/brownsnailtank.object.patch	/glitchDescription	호기심. 작은 동물입니다.
/objects/critters/crittercages/brownsnaketank/brownsnaketank.object.patch	/glitchDescription	호기심. 작은 동물입니다.
/objects/critters/crittercages/brownsporelingtank/brownsporelingtank.object.patch	/glitchDescription	호기심. 작은 동물입니다.
/objects/critters/crittercages/cactustank/cactustank.object.patch	/glitchDescription	호기심. 작은 동물입니다.
/objects/critters/crittercages/cameltank/cameltank.object.patch	/glitchDescription	호기심. 작은 동물입니다.
/objects/critters/crittercages/cavebattank/cavebattank.object.patch	/glitchDescription	호기심. 작은 동물입니다.
/objects/critters/crittercages/centipedetank/centipedetank.object.patch	/glitchDescription	호기심. 작은 동물입니다.
/objects/critters/crittercages/coiltank/coiltank.object.patch	/glitchDescription	호기심. 작은 동물입니다.
/objects/critters/crittercages/crystalchicktank/crystalchicktank.object.patch	/glitchDescription	호기심. 작은 동물입니다.
/objects/critters/crittercages/crystalicescabtank/crystalicescabtank.object.patch	/glitchDescription	호기심. 작은 동물입니다.
/objects/critters/crittercages/crystalscabtank/crystalscabtank.object.patch	/glitchDescription	호기심. 작은 동물입니다.
/objects/critters/crittercages/deertank/deertank.object.patch	/glitchDescription	호기심. 작은 동물입니다.
/objects/critters/crittercages/desertdactyltank/desertdactyltank.object.patch	/glitchDescription	호기심. 작은 동물입니다.
/objects/critters/crittercages/desertlizardtank/desertlizardtank.object.patch	/glitchDescription	호기심. 작은 동물입니다.
/objects/critters/crittercages/dodotank/dodotank.object.patch	/glitchDescription	호기심. 작은 동물입니다.
/objects/critters/crittercages/dovetank/dovetank.object.patch	/glitchDescription	호기심. 작은 동물입니다.
/objects/critters/crittercages/dragonflytank/dragonflytank.object.patch	/glitchDescription	호기심. 작은 동물입니다.
/objects/critters/crittercages/ducktank/ducktank.object.patch	/glitchDescription	호기심. 작은 동물입니다.
/objects/critters/crittercages/eagletank/eagletank.object.patch	/glitchDescription	호기심. 작은 동물입니다.
/objects/critters/crittercages/elephanttank/elephanttank.object.patch	/glitchDescription	호기심. 작은 동물입니다.
/objects/critters/crittercages/eyewurmtank/eyewurmtank.object.patch	/glitchDescription	호기심. 작은 동물입니다.
/objects/critters/crittercages/fawntank/fawntank.object.patch	/glitchDescription	호기심. 작은 동물입니다.
/objects/critters/crittercages/firebattank/firebattank.object.patch	/glitchDescription	호기심. 작은 동물입니다.
/objects/critters/crittercages/firesnaketank/firesnaketank.object.patch	/glitchDescription	호기심. 작은 동물입니다.
/objects/critters/crittercages/flamingotank/flamingotank.object.patch	/glitchDescription	호기심. 작은 동물입니다.
/objects/critters/crittercages/floatjellytank/floatjellytank.object.patch	/glitchDescription	호기심. 작은 동물입니다.
/objects/critters/crittercages/flowerpoofintank/flowerpoofintank.object.patch	/glitchDescription	호기심. 작은 동물입니다.
/objects/critters/crittercages/flyeyetank/flyeyetank.object.patch	/glitchDescription	호기심. 작은 동물입니다.
/objects/critters/crittercages/flyingskulltank/flyingskulltank.object.patch	/glitchDescription	호기심. 작은 동물입니다.
/objects/critters/crittercages/foxtank/foxtank.object.patch	/glitchDescription	호기심. 작은 동물입니다.
/objects/critters/crittercages/frostbattank/frostbattank.object.patch	/glitchDescription	호기심. 작은 동물입니다.
/objects/critters/crittercages/frosthoundtank/frosthoundtank.object.patch	/glitchDescription	호기심. 작은 동물입니다.
/objects/critters/crittercages/fubattank/fubattank.object.patch	/glitchDescription	호기심. 작은 동물입니다.
/objects/critters/crittercages/fufireballtank/fufireballtank.object.patch	/glitchDescription	호기심. 작은 동물입니다.
/objects/critters/crittercages/fuglowballtank/fuglowballtank.object.patch	/glitchDescription	호기심. 작은 동물입니다.
/objects/critters/crittercages/fuglowwormtank/fuglowwormtank.object.patch	/glitchDescription	호기심. 작은 동물입니다.
/objects/critters/crittercages/fuminigoattank/fuminigoattank.object.patch	/glitchDescription	호기심. 작은 동물입니다.
/objects/critters/crittercages/funewttank/funewttank.object.patch	/glitchDescription	호기심. 작은 동물입니다.
/objects/critters/crittercages/fuoildriptank/fuoildriptank.object.patch	/glitchDescription	호기심. 작은 동물입니다.
/objects/critters/crittercages/fuscorpiontank/fuscorpiontank.object.patch	/glitchDescription	호기심. 작은 동물입니다.
/objects/critters/crittercages/fushroomdudetank/fushroomdudetank.object.patch	/glitchDescription	호기심. 작은 동물입니다.
/objects/critters/crittercages/fusnowballtank/fusnowballtank.object.patch	/glitchDescription	호기심. 작은 동물입니다.
/objects/critters/crittercages/giraffetank/giraffetank.object.patch	/glitchDescription	호기심. 작은 동물입니다.
/objects/critters/crittercages/goldarmadillotank/goldarmadillotank.object.patch	/glitchDescription	호기심. 작은 동물입니다.
/objects/critters/crittercages/goldcrabtank/goldcrabtank.object.patch	/glitchDescription	호기심. 작은 동물입니다.
/objects/critters/crittercages/goldglooptank/goldglooptank.object.patch	/glitchDescription	호기심. 작은 동물입니다.
/objects/critters/crittercages/goldsealtank/goldsealtank.object.patch	/glitchDescription	호기심. 작은 동물입니다.
/objects/critters/crittercages/goldsnoogletank/goldsnoogletank.object.patch	/glitchDescription	호기심. 작은 동물입니다.
/objects/critters/crittercages/goldtoadtank/goldtoadtank.object.patch	/glitchDescription	호기심. 작은 동물입니다.
/objects/critters/crittercages/grasshoppertank/grasshoppertank.object.patch	/glitchDescription	호기심. 작은 동물입니다.
/objects/critters/crittercages/greenballoontank/greenballoontank.object.patch	/glitchDescription	호기심. 작은 동물입니다.
/objects/critters/crittercages/greenbouncertank/greenbouncertank.object.patch	/glitchDescription	호기심. 작은 동물입니다.
/objects/critters/crittercages/greencelltank/greencelltank.object.patch	/glitchDescription	호기심. 작은 동물입니다.
/objects/critters/crittercages/greenchicktank/greenchicktank.object.patch	/glitchDescription	호기심. 작은 동물입니다.
/objects/critters/crittercages/greenlizardtank/greenlizardtank.object.patch	/glitchDescription	호기심. 작은 동물입니다.
/objects/critters/crittercages/greenquibbletank/greenquibbletank.object.patch	/glitchDescription	호기심. 작은 동물입니다.
/objects/critters/crittercages/greensnoogletank/greensnoogletank.object.patch	/glitchDescription	호기심. 작은 동물입니다.
/objects/critters/crittercages/greensporelingtank/greensporelingtank.object.patch	/glitchDescription	호기심. 작은 동물입니다.
/objects/critters/crittercages/greentortoisetank/greentortoisetank.object.patch	/glitchDescription	호기심. 작은 동물입니다.
/objects/critters/crittercages/greenweaseltank/greenweaseltank.object.patch	/glitchDescription	호기심. 작은 동물입니다.
/objects/critters/crittercages/heckhoundtank/heckhoundtank.object.patch	/glitchDescription	호기심. 작은 동물입니다.
/objects/critters/crittercages/horsetank/horsetank.object.patch	/glitchDescription	호기심. 작은 동물입니다.
/objects/critters/crittercages/hummingbirdtank/hummingbirdtank.object.patch	/glitchDescription	호기심. 작은 동물입니다.
/objects/critters/crittercages/icebirdtank/icebirdtank.object.patch	/glitchDescription	호기심. 작은 동물입니다.
/objects/critters/crittercages/icejellytank/icejellytank.object.patch	/glitchDescription	호기심. 작은 동물입니다.
/objects/critters/crittercages/ladybugtank/ladybugtank.object.patch	/glitchDescription	호기심. 작은 동물입니다.
/objects/critters/crittercages/largealienpanthertank/largealienpanthertank.object.patch	/glitchDescription	호기심. 작은 동물입니다.
/objects/critters/crittercages/largepanthertank/largepanthertank.object.patch	/glitchDescription	호기심. 작은 동물입니다.
/objects/critters/crittercages/lavacrabtank/lavacrabtank.object.patch	/glitchDescription	호기심. 작은 동물입니다.
/objects/critters/crittercages/lavaglooptank/lavaglooptank.object.patch	/glitchDescription	호기심. 작은 동물입니다.
/objects/critters/crittercages/lavajellytank/lavajellytank.object.patch	/glitchDescription	호기심. 작은 동물입니다.
/objects/critters/crittercages/lavaslugtank/lavaslugtank.object.patch	/glitchDescription	호기심. 작은 동물입니다.
/objects/critters/crittercages/lizardtank/lizardtank.object.patch	/glitchDescription	호기심. 작은 동물입니다.
/objects/critters/crittercages/magmadactyltank/magmadactyltank.object.patch	/glitchDescription	호기심. 작은 동물입니다.
/objects/critters/crittercages/mantistank/mantistank.object.patch	/glitchDescription	호기심. 작은 동물입니다.
/objects/critters/crittercages/meerkattank/meerkattank.object.patch	/glitchDescription	호기심. 작은 동물입니다.
/objects/critters/crittercages/mercuryslugtank/mercuryslugtank.object.patch	/glitchDescription	호기심. 작은 동물입니다.
/objects/critters/crittercages/molamolatank/molamolatank.object.patch	/glitchDescription	호기심. 작은 동물입니다.
/objects/critters/crittercages/molerattank/molerattank.object.patch	/glitchDescription	호기심. 작은 동물입니다.
/objects/critters/crittercages/monkeytank/monkeytank.object.patch	/glitchDescription	호기심. 작은 동물입니다.
/objects/critters/crittercages/mothtank/mothtank.object.patch	/glitchDescription	호기심. 작은 동물입니다.
/objects/critters/crittercages/mountainbliptank/mountainbliptank.object.patch	/glitchDescription	호기심. 작은 동물입니다.
/objects/critters/crittercages/mushflyertank/mushflyertank.object.patch	/glitchDescription	호기심. 작은 동물입니다.
/objects/critters/crittercages/mushfrogtank/mushfrogtank.object.patch	/glitchDescription	호기심. 작은 동물입니다.
/objects/critters/crittercages/mushtank/mushtank.object.patch	/glitchDescription	호기심. 작은 동물입니다.
/objects/critters/crittercages/nautilustank/nautilustank.object.patch	/glitchDescription	호기심. 작은 동물입니다.
/objects/critters/crittercages/ocelottank/ocelottank.object.patch	/glitchDescription	호기심. 작은 동물입니다.
/objects/critters/crittercages/oilglooptank/oilglooptank.object.patch	/glitchDescription	호기심. 작은 동물입니다.
/objects/critters/crittercages/orangebouncebagtank/orangebouncebagtank.object.patch	/glitchDescription	호기심. 작은 동물입니다.
/objects/critters/crittercages/orangesnuggettank/orangesnuggettank.object.patch	/glitchDescription	호기심. 작은 동물입니다.
/objects/critters/crittercages/orangesymbiotetank/orangesymbiotetank.object.patch	/glitchDescription	호기심. 작은 동물입니다.
/objects/critters/crittercages/panthertank/panthertank.object.patch	/glitchDescription	호기심. 작은 동물입니다.
/objects/critters/crittercages/penguintank/penguintank.object.patch	/glitchDescription	호기심. 작은 동물입니다.
/objects/critters/crittercages/pinkbutterflytank/pinkbutterflytank.object.patch	/glitchDescription	호기심. 작은 동물입니다.
/objects/critters/crittercages/plantsnaketank/plantsnaketank.object.patch	/glitchDescription	호기심. 작은 동물입니다.
/objects/critters/crittercages/polarbeartank/polarbeartank.object.patch	/glitchDescription	호기심. 작은 동물입니다.
/objects/critters/crittercages/purplesymbiotetank/purplesymbiotetank.object.patch	/glitchDescription	호기심. 작은 동물입니다.
/objects/critters/crittercages/rattank/rattank.object.patch	/glitchDescription	호기심. 작은 동물입니다.
/objects/critters/crittercages/redlizardtank/redlizardtank.object.patch	/glitchDescription	호기심. 작은 동물입니다.
/objects/critters/crittercages/redsnuggettank/redsnuggettank.object.patch	/glitchDescription	호기심. 작은 동물입니다.
/objects/critters/crittercages/redsporelingtank/redsporelingtank.object.patch	/glitchDescription	호기심. 작은 동물입니다.
/objects/critters/crittercages/roachtank/roachtank.object.patch	/glitchDescription	호기심. 작은 동물입니다.
/objects/critters/crittercages/roadrunnertank/roadrunnertank.object.patch	/glitchDescription	호기심. 작은 동물입니다.
/objects/critters/crittercages/rocktank/rocktank.object.patch	/glitchDescription	호기심. 작은 동물입니다.
/objects/critters/crittercages/rustscabtank/rustscabtank.object.patch	/glitchDescription	호기심. 작은 동물입니다.
/objects/critters/crittercages/sandquibbletank/sandquibbletank.object.patch	/glitchDescription	호기심. 작은 동물입니다.
/objects/critters/crittercages/scorpiontank/scorpiontank.object.patch	/glitchDescription	호기심. 작은 동물입니다.
/objects/critters/crittercages/seahorsetank/seahorsetank.object.patch	/glitchDescription	호기심. 작은 동물입니다.
/objects/critters/crittercages/seaturtletank/seaturtletank.object.patch	/glitchDescription	호기심. 작은 동물입니다.
/objects/critters/crittercages/shadowhoundtank/shadowhoundtank.object.patch	/glitchDescription	호기심. 작은 동물입니다.
/objects/critters/crittercages/shadowscorpiontank/shadowscorpiontank.object.patch	/glitchDescription	호기심. 작은 동물입니다.
/objects/critters/crittercages/snowfoxtank/snowfoxtank.object.patch	/glitchDescription	호기심. 작은 동물입니다.
/objects/critters/crittercages/snowgoosetank/snowgoosetank.object.patch	/glitchDescription	호기심. 작은 동물입니다.
/objects/critters/crittercages/snowleopardtank/snowleopardtank.object.patch	/glitchDescription	호기심. 작은 동물입니다.
/objects/critters/crittercages/snowowltank/snowowltank.object.patch	/glitchDescription	호기심. 작은 동물입니다.
/objects/critters/crittercages/snowsnuggettank/snowsnuggettank.object.patch	/glitchDescription	호기심. 작은 동물입니다.
/objects/critters/crittercages/snowtritrotstank/snowtritrotstank.object.patch	/glitchDescription	호기심. 작은 동물입니다.
/objects/critters/crittercages/snowweaseltank/snowweaseltank.object.patch	/glitchDescription	호기심. 작은 동물입니다.
/objects/critters/crittercages/springshroomtank/springshroomtank.object.patch	/glitchDescription	호기심. 작은 동물입니다.
/objects/critters/crittercages/stalagmitetank/stalagmitetank.object.patch	/glitchDescription	호기심. 작은 동물입니다.
/objects/critters/crittercages/starfishtank/starfishtank.object.patch	/glitchDescription	호기심. 작은 동물입니다.
/objects/critters/crittercages/tarslugtank/tarslugtank.object.patch	/glitchDescription	호기심. 작은 동물입니다.
/objects/critters/crittercages/tinybrowncrocodiletank/tinybrowncrocodiletank.object.patch	/glitchDescription	호기심. 작은 동물입니다.
/objects/critters/crittercages/tinysandcrocodiletank/tinysandcrocodiletank.object.patch	/glitchDescription	호기심. 작은 동물입니다.
/objects/critters/crittercages/tinytarcrocodiletank/tinytarcrocodiletank.object.patch	/glitchDescription	호기심. 작은 동물입니다.
/objects/critters/crittercages/toadtank/toadtank.object.patch	/glitchDescription	호기심. 작은 동물입니다.
/objects/critters/crittercages/toxicdactyltank/toxicdactyltank.object.patch	/glitchDescription	호기심. 작은 동물입니다.
/objects/critters/crittercages/toxichoundtank/toxichoundtank.object.patch	/glitchDescription	호기심. 작은 동물입니다.
/objects/critters/crittercages/toxickrawltank/toxickrawltank.object.patch	/glitchDescription	호기심. 작은 동물입니다.
/objects/critters/crittercages/toxicwurmtank/toxicwurmtank.object.patch	/glitchDescription	호기심. 작은 동물입니다.
/objects/critters/crittercages/warthogtank/warthogtank.object.patch	/glitchDescription	호기심. 작은 동물입니다.
/objects/critters/crittercages/weaseltank/weaseltank.object.patch	/glitchDescription	호기심. 작은 동물입니다.
/objects/critters/crittercages/yellowpetaltank/yellowpetaltank.object.patch	/glitchDescription	호기심. 작은 동물입니다.
/objects/critters/crittercages/yellowsnuggettank/yellowsnuggettank.object.patch	/glitchDescription	호기심. 작은 동물입니다.
/objects/critters/crittercages/yellowwormtank/yellowwormtank.object.patch	/glitchDescription	호기심. 작은 동물입니다.
/objects/decorations/shellguardhatch/shellguarddoor.object.patch	/glitchDescription	정보. 표준 선박 문입니다.
/objects/dungeon/v-cryo/v-cryowalllight/v-cryowalllight.object.patch	/glitchDescription	감탄. 이 등불의 불꽃이 밝게 타오르네요.
/objects/dungeon/v-solarspire/v-spirecatcher/v-spirecatcher.object.patch	/glitchDescription	인상적. 강한 탄성력으로 물체를 밀어냅니다.
/objects/dungeon/v-solarspire/v-spirejumppad/v-spiredroppad.object.patch	/glitchDescription	인상적. 강한 탄성력으로 물체를 밀어냅니다.
/objects/dungeon/v-solarspire/v-spirejumppad/v-spirejumppad.object.patch	/glitchDescription	인상적. 강한 탄성력으로 물체를 밀어냅니다.
/objects/eternalfire/fireydoor/fireydoor.object.patch	/glitchDescription	경계. 이 불타는 문이 안 열려도 놀랍지 않겠어요.
/objects/eternalfire/fireyportal/fireyportal.object.patch	/glitchDescription	분석 중. 불타는 포털입니다.
/objects/eternalfire/fireyportal/fireyreturnportal.object.patch	/glitchDescription	분석 중. 불타는 포털입니다.
/objects/eternalfrost/cryoniastatue/cryoniastatue.object.patch	/glitchDescription	관찰. 이 석상은 수많은 겁 전에 만들어진 것 같아요.
/objects/eternalfrost/fdimteleporter2/fdimteleporter2.object.patch	/glitchDescription	호기심. 이 사원에 뭐가 있을까요?
/objects/eternalfrost/frostburnpearlswitch/frostburnpearlswitch.object.patch	/glitchDescription	호기심. 이 구슬을 만지면 뭘 하기라도 하나요?
/objects/eternalfrost/frostburntorch/frostburntorch.object.patch	/glitchDescription	호기심. 이런 원시 문명이 어떻게 이런 걸 만들었을까요?
/objects/eternalfrost/frostburnwalllight/frostburnwalllight.object.patch	/glitchDescription	감탄. 이 등불의 불꽃이 밝게 타오르네요.
/objects/eternalfrost/frozenportal/frozenportal.object.patch	/glitchDescription	분석 중. 얼어붙은 포털입니다.
/objects/eternalfrost/frozenportal/frozenreturnportal.object.patch	/glitchDescription	분석 중. 얼어붙은 포털입니다.
/objects/eternalfrost/permafrostdoor/permafrostdoor.object.patch	/glitchDescription	호기심. 고대인들은 어떻게 영구동토로 문을 만들었을까요?
/objects/felin/felincaptainschair/felincaptainschair.object.patch	/glitchDescription	기대되네. 다음은 어디로 갈까요?
/objects/felin/felinfireplace/felinsmokestack.object.patch	/glitchDescription	경고. 이건 들이마시지 마세요!
/objects/felin/felinhologram/felinhologram.object.patch	/glitchDescription	감탄. 단순한 무늬목 베니어가 아니다.
/objects/felin/felinhologram/felinhologram.object.patch	/channelDescriptions/0/glitchDescription	감탄. 단순한 무늬목 베니어가 아니다.
/objects/felin/felintechstation/felintechstationtier0.object.patch	/glitchDescription	진술. 이 기술 스테이션을 재부팅하면 내 함선 AI와의 통신이 복구됩니다.
/objects/felin/felinteleporter/felinshipteleporter.object.patch	/glitchDescription	스머그. 텔레포터. 순간이동 중에 절전 모드로 들어갈 수 있어요.
/objects/felin/felintv/felinfuntv.object.patch	/channelDescriptions/0/glitchDescription	감탄. 단순한 무늬목 베니어가 아니다.
/objects/felin/felintv/felintv.object.patch	/glitchDescription	감탄. 단순한 무늬목 베니어가 아니다.
/objects/felin/felintv/felintv.object.patch	/channelDescriptions/0/glitchDescription	감탄. 단순한 무늬목 베니어가 아니다.
/objects/ffs_decoration/ffs_drop_ak74/ffs_drop_ak74_d.object.patch	/glitchDescription	전시용입니다.
/objects/ffs_decoration/ffs_drop_ar15_1/ffs_drop_ar15_1_d.object.patch	/glitchDescription	전시용입니다.
/objects/ffs_decoration/ffs_drop_ar15dmr_1/ffs_drop_ar15dmr_1_d.object.patch	/glitchDescription	전시용입니다.
/objects/ffs_decoration/ffs_drop_fm9/ffs_drop_fm9_d.object.patch	/glitchDescription	전시용입니다.
/objects/ffs_decoration/ffs_drop_p119sr/ffs_drop_p119sr_d.object.patch	/glitchDescription	전시용입니다.
/objects/ffs_decoration/ffs_drop_rpg7/ffs_drop_rpg7_d.object.patch	/glitchDescription	전시용입니다.
/objects/ffs_decoration/ffs_drop_rpg7vl/ffs_drop_rpg7vl_d.object.patch	/glitchDescription	전시용입니다.
/objects/ffs_decoration/ffs_drop_saiga_1/ffs_drop_saiga_1_d.object.patch	/glitchDescription	전시용입니다.
/objects/forgotten/forgotten-breakable1_es/forgotten-breakable1_es.object.patch	/glitchDescription	역겹네요. 썩어가는 물질입니다.
/objects/forgotten/forgotten-breakable2_es/forgotten-breakable2_es.object.patch	/glitchDescription	역겹네요. 썩어가는 물질입니다.
/objects/forgotten/forgottenchest/forgottenchest.object.patch	/glitchDescription	혐오. 이 상자는 구역질나는 썩은 재료로 만들어졌어요.
/objects/generic/annihilatorteleporter/annihilatorteleporter.object.patch	/glitchDescription	중립. 송신기예요.
/objects/generic/flagavali/flagavali.object.patch	/glitchDescription	관찰 결과. 아발리의 깃발은 원 아이콘에 날개를 모티브로 한 것 같습니다.
/objects/generic/logic/blackdlatch.object.patch	/glitchDescription	매혹적. 상단 또는 'Enable' 노드는 래치가 하단 또는 'Data' 노드를 기준으로 상태를 변경할 수 있는지 여부를 제어합니다.
/objects/generic/logic/blackor.object.patch	/glitchDescription	관찰. 'OR'/ 게이트. 작동하려면 최소 1개의 입력이 /'켜져'/ 있어야 합니다.
/objects/generic/upgradestation/upgradestation.object.patch	/glitchDescription	신남. 이미 강력한 무기를 여기서 업그레이드할 수 있어요!
/objects/knightfall/decorative/knightfall_glasspanel2/knightfall_glasspanel2.object.patch	/glitchDescription	실망. 이 유리 패널은 홀로그램이 아니다.
/objects/knightfall/decorative/knightfall_glasspanel3/knightfall_glasspanel3.object.patch	/glitchDescription	실망. 이 유리 패널은 홀로그램이 아니다.
/objects/knightfall/decorative/knightfall_glasspanel4/knightfall_glasspanel4.object.patch	/glitchDescription	실망. 이 유리 패널은 홀로그램이 아니다.
/objects/knightfall/furniture/knightfall_chair/knightfall_chair.object.patch	/glitchDescription	편안하죠. 누구나 이런 의자를 가져야 합니다.
/objects/knightfall/furniture/knightfall_couch/knightfall_couch.object.patch	/glitchDescription	편안하죠. 누구나 이런 소파를 가져야 해요.
/objects/knightfall/ship/knightfall_shipteleporter/knightfall_shipteleporter.object.patch	/glitchDescription	스머그. 텔레포터. 순간이동 중에 절전 모드로 들어갈 수 있어요.
/objects/mission/atprk_crateunpackerclosed/atprk_crateunpackerclosed.object.patch	/glitchDescription	걱정. 여보세요? 여기 누구 있나요?
/objects/moogle/ship/furniture/moogleshipcupboard/moogleshipcupboard1.object.patch	/glitchDescription	낙관적. 매달린 수납장. 유용합니다.
/objects/moogle/ship/moogleshipdoor/moogleshipdoor.object.patch	/glitchDescription	정보. 표준 선박 문입니다.
/objects/moogle/ship/moogleteleporter/moogleteleporter.object.patch	/glitchDescription	스머그. 텔레포터. 순간이동 중에 절전 모드로 들어갈 수 있어요.
/objects/moogle/ship/tinywaystoneteleporter/tinywaystoneteleporter.object.patch	/glitchDescription	스머그. 텔레포터. 순간이동 중에 절전 모드로 들어갈 수 있어요.
/objects/nmm_generic/arcade/cranegame1.object.patch	/glitchDescription	당황. 할 말이 없습니다!
/objects/nmm_generic/camera/cameratripod1.object.patch	/glitchDescription	당황. 할 말이 없습니다!
/objects/nmm_generic/camera/cameratripod2.object.patch	/glitchDescription	당황. 할 말이 없습니다!
/objects/nmm_generic/cowgirlmilkcup/cowgirlmilkcup.object.patch	/glitchDescription	관찰. 이 컵에 든 우유는 무시의 것이 아니다.
/objects/nmm_generic/food/ruinedmeal.object.patch	/glitchDescription	당황. 할 말이 없습니다!
/objects/nmm_generic/junk/1x1pile1.object.patch	/glitchDescription	당황. 할 말이 없습니다!
/objects/nmm_generic/junk/2x1pile1.object.patch	/glitchDescription	당황. 할 말이 없습니다!
/objects/nmm_generic/junk/2x2pile1.object.patch	/glitchDescription	당황. 할 말이 없습니다!
/objects/nmm_generic/junk/3x2pile1.object.patch	/glitchDescription	당황. 할 말이 없습니다!
/objects/nmm_generic/junk/junkbarrel.object.patch	/glitchDescription	당황. 할 말이 없습니다!
/objects/nmm_generic/rooftopantenna/rooftopantennaA.object.patch	/glitchDescription	당황. 할 말이 없습니다!
/objects/nmm_generic/rooftopantenna/rooftopantennaB.object.patch	/glitchDescription	당황. 할 말이 없습니다!
/objects/nmm_generic/rooftopantenna/rooftopantennaC.object.patch	/glitchDescription	당황. 할 말이 없습니다!
/objects/nmm_generic/rooftopantenna/rooftopantennaD.object.patch	/glitchDescription	당황. 할 말이 없습니다!
/objects/nmm_generic/rooftopantenna/rooftopantennaE.object.patch	/glitchDescription	당황. 할 말이 없습니다!
/objects/nmm_generic/rooftopantenna/rooftopantennaF.object.patch	/glitchDescription	당황. 할 말이 없습니다!
/objects/nmm_generic/rooftopbillboards/billboardcultist.object.patch	/glitchDescription	당황. 할 말이 없습니다!
/objects/nmm_generic/rooftopbillboards/billboardeighfore.object.patch	/glitchDescription	당황. 할 말이 없습니다!
/objects/nmm_generic/rooftopbillboards/billboardlagland.object.patch	/glitchDescription	당황. 할 말이 없습니다!
/objects/nmm_generic/rooftopbillboards/billboardletheia.object.patch	/glitchDescription	당황. 할 말이 없습니다!
/objects/nmm_generic/rooftopbillboards/billboardmilkie.object.patch	/glitchDescription	당황. 할 말이 없습니다!
/objects/nmm_generic/rooftopbillboards/billboardreefcola.object.patch	/glitchDescription	당황. 할 말이 없습니다!
/objects/nmm_generic/rooftopbillboards/billboardsybatskiya.object.patch	/glitchDescription	당황. 할 말이 없습니다!
/objects/nmm_generic/rooftopbillboards/billboardtemplate.object.patch	/glitchDescription	당황. 할 말이 없습니다!
/objects/nmm_generic/rooftopbillboards/billboarduscm.object.patch	/glitchDescription	당황. 할 말이 없습니다!
/objects/nmm_generic/rooftopbillboards/billboarduscm2.object.patch	/glitchDescription	당황. 할 말이 없습니다!
/objects/nmm_generic/rooftopbillboards/billboardwcallox.object.patch	/glitchDescription	당황. 할 말이 없습니다!
/objects/nmm_generic/rooftopbillboards/billboardwgraxus.object.patch	/glitchDescription	당황. 할 말이 없습니다!
/objects/nmm_generic/rooftopbillboards/billboardwmanaticon.object.patch	/glitchDescription	당황. 할 말이 없습니다!
/objects/nmm_generic/rooftopbillboards/billboardwnecrolix.object.patch	/glitchDescription	당황. 할 말이 없습니다!
/objects/nmm_generic/rooftopbillboards/billboardwrotik.object.patch	/glitchDescription	당황. 할 말이 없습니다!
/objects/nmm_generic/rooftopbillboards/billboardwshadeco.object.patch	/glitchDescription	당황. 할 말이 없습니다!
/objects/nmm_generic/rooftopbillboards/billboardwteklacki.object.patch	/glitchDescription	당황. 할 말이 없습니다!
/objects/nmm_generic/rooftopbillboards/billboardwxiali.object.patch	/glitchDescription	당황. 할 말이 없습니다!
/objects/nmm_generic/tapes/monopus.object.patch	/glitchDescription	당황. 할 말이 없습니다!
/objects/nmm_generic/vault/largestorage.object.patch	/glitchDescription	당황. 할 말이 없습니다!
/objects/nmm_mvg/arcade/arcadeflappyflug/arcadeflappyflug.object.patch	/glitchDescription	당황. 할 말이 없습니다!
/objects/nmm_mvg/backrooms/kane_exitsign/kv31exitsign.object.patch	/glitchDescription	당황. 할 말이 없습니다!
/objects/nmm_mvg/backrooms/pieplate/pieplate.object.patch	/glitchDescription	당황. 할 말이 없습니다!
/objects/nmm_mvg/backrooms/plushies/plushbacteria.object.patch	/glitchDescription	당황. 할 말이 없습니다!
/objects/nmm_mvg/backrooms/plushies/plushhazmat.object.patch	/glitchDescription	당황. 할 말이 없습니다!
/objects/nmm_mvg/goatsim/1000Lcontainer.object.patch	/glitchDescription	당황. 할 말이 없습니다!
/objects/nmm_mvg/goatsim/1000Lcontainersun.object.patch	/glitchDescription	당황. 할 말이 없습니다!
/objects/nmm_mvg/goatsim/atm.object.patch	/glitchDescription	당황. 할 말이 없습니다!
/objects/nmm_mvg/goatsim/constructionbarrier.object.patch	/glitchDescription	당황. 할 말이 없습니다!
/objects/nmm_mvg/goatsim/constructionbarriercover.object.patch	/glitchDescription	당황. 할 말이 없습니다!
/objects/nmm_mvg/goatsim/plushabominana.object.patch	/glitchDescription	당황. 할 말이 없습니다!
/objects/nmm_mvg/goatsim/plushbilly.object.patch	/glitchDescription	당황. 할 말이 없습니다!
/objects/nmm_mvg/goatsim/pointyfoodscrate.object.patch	/glitchDescription	당황. 할 말이 없습니다!
/objects/nmm_mvg/goatsim/posterwhistleblower.object.patch	/glitchDescription	당황. 할 말이 없습니다!
/objects/nmm_mvg/goatsim/verylargebag.object.patch	/glitchDescription	당황. 할 말이 없습니다!
/objects/nmm_mvg/goatsim/waterbarrel.object.patch	/glitchDescription	당황. 할 말이 없습니다!
/objects/nmm_mvg/gubverse/ammerge/macroprocessor.object.patch	/glitchDescription	당황. 할 말이 없습니다!
/objects/nmm_mvg/gubverse/ammerge/node.object.patch	/glitchDescription	당황. 할 말이 없습니다!
/objects/nmm_mvg/gubverse/friendcorp_plushies/plushantbob.object.patch	/glitchDescription	당황. 할 말이 없습니다!
/objects/nmm_mvg/gubverse/friendcorp_plushies/plushbasil.object.patch	/glitchDescription	당황. 할 말이 없습니다!
/objects/nmm_mvg/gubverse/friendcorp_plushies/plushblueggle.object.patch	/glitchDescription	당황. 할 말이 없습니다!
/objects/nmm_mvg/gubverse/friendcorp_plushies/plushhuglass.object.patch	/glitchDescription	당황. 할 말이 없습니다!
/objects/nmm_mvg/gubverse/friendcorp_plushies/plushjedmond.object.patch	/glitchDescription	당황. 할 말이 없습니다!
/objects/nmm_mvg/gubverse/friendcorp_plushies/plushkuru.object.patch	/glitchDescription	당황. 할 말이 없습니다!
/objects/nmm_mvg/gubverse/friendcorp_plushies/plushlamphead.object.patch	/glitchDescription	당황. 할 말이 없습니다!
/objects/nmm_mvg/gubverse/friendcorp_plushies/plushmatcha.object.patch	/glitchDescription	당황. 할 말이 없습니다!
/objects/nmm_mvg/gubverse/friendcorp_plushies/plushqhyutzei.object.patch	/glitchDescription	당황. 할 말이 없습니다!
/objects/nmm_mvg/gubverse/friendcorp_plushies/plushrelasfemale.object.patch	/glitchDescription	당황. 할 말이 없습니다!
/objects/nmm_mvg/gubverse/friendcorp_plushies/plushrelasmale.object.patch	/glitchDescription	당황. 할 말이 없습니다!
/objects/nmm_mvg/gubverse/friendcorp_plushies/plushtokki.object.patch	/glitchDescription	당황. 할 말이 없습니다!
/objects/nmm_mvg/gubverse/gubverse_plushies/plushbubbles.object.patch	/glitchDescription	당황. 할 말이 없습니다!
/objects/nmm_mvg/gubverse/gubverse_plushies/plushclaudia.object.patch	/glitchDescription	당황. 할 말이 없습니다!
/objects/nmm_mvg/gubverse/gubverse_plushies/plushnuggubs.object.patch	/glitchDescription	당황. 할 말이 없습니다!
/objects/nmm_mvg/gubverse/gubverse_plushies/plushnyubu.object.patch	/glitchDescription	당황. 할 말이 없습니다!
/objects/nmm_mvg/gubverse/gubverse_posters/multiversemap.object.patch	/glitchDescription	당황. 할 말이 없습니다!
/objects/nmm_mvg/gubverse/gubverse_posters/paintingkadai.object.patch	/glitchDescription	당황. 할 말이 없습니다!
/objects/nmm_mvg/gubverse/gubverse_posters/postermotiralph.object.patch	/glitchDescription	당황. 할 말이 없습니다!
/objects/nmm_mvg/gubverse/gubverse_posters/postertaffy.object.patch	/glitchDescription	당황. 할 말이 없습니다!
/objects/nmm_mvg/gubverse/gubverse_posters/posteruwuneko.object.patch	/glitchDescription	당황. 할 말이 없습니다!
/objects/nmm_mvg/gubverse/gubverse_statues/sharkystatue.object.patch	/glitchDescription	당황. 할 말이 없습니다!
/objects/nmm_mvg/gubverse/icemachine/icemachine.object.patch	/glitchDescription	당황. 할 말이 없습니다!
/objects/nmm_mvg/lsdde/map/dreamworldmap.object.patch	/glitchDescription	당황. 할 말이 없습니다!
/objects/nmm_mvg/lsdde/plushies/linenplush.object.patch	/glitchDescription	당황. 할 말이 없습니다!
/objects/nmm_mvg/lsdde/tv/brightmoontv.object.patch	/glitchDescription	당황. 할 말이 없습니다!
/objects/nmm_mvg/lsdde/violencesign/violencesign.object.patch	/glitchDescription	당황. 할 말이 없습니다!
/objects/nmm_mvg/minecraft/paintings/paintingclockpng.object.patch	/glitchDescription	당황. 할 말이 없습니다!
/objects/nmm_mvg/minecraft/paintings/paintingcmcpackpng.object.patch	/glitchDescription	중립. 낯익은 구릉 지대입니다.
/objects/nmm_mvg/minecraft/paintings/paintingcmcsnowplains.object.patch	/glitchDescription	당황. 할 말이 없습니다!
/objects/nmm_mvg/minecraft/paintings/paintingmcalban.object.patch	/glitchDescription	당황. 할 말이 없습니다!
/objects/nmm_mvg/minecraft/paintings/paintingmcaztec.object.patch	/glitchDescription	당황. 할 말이 없습니다!
/objects/nmm_mvg/minecraft/paintings/paintingmcaztec2.object.patch	/glitchDescription	당황. 할 말이 없습니다!
/objects/nmm_mvg/minecraft/paintings/paintingmcbomb.object.patch	/glitchDescription	당황. 할 말이 없습니다!
/objects/nmm_mvg/minecraft/paintings/paintingmcbust.object.patch	/glitchDescription	당황. 할 말이 없습니다!
/objects/nmm_mvg/minecraft/paintings/paintingmccreebet.object.patch	/glitchDescription	당황. 할 말이 없습니다!
/objects/nmm_mvg/minecraft/paintings/paintingmceair.object.patch	/glitchDescription	중립. 바람이라는 자연 원소의 상징이 그려진 커다란 색판입니다.
/objects/nmm_mvg/minecraft/paintings/paintingmceearth.object.patch	/glitchDescription	중립. 대지라는 자연 원소의 상징이 그려진 커다란 색판입니다.
/objects/nmm_mvg/minecraft/paintings/paintingmcefire.object.patch	/glitchDescription	중립. 불이라는 자연 원소의 상징이 그려진 커다란 색판입니다.
/objects/nmm_mvg/minecraft/paintings/paintingmcewater.object.patch	/glitchDescription	중립. 물이라는 자연 원소의 상징이 그려진 커다란 색판입니다.
/objects/nmm_mvg/minecraft/paintings/paintingmcgraham.object.patch	/glitchDescription	당황. 할 말이 없습니다!
/objects/nmm_mvg/minecraft/paintings/paintingmckebab.object.patch	/glitchDescription	당황. 할 말이 없습니다!
/objects/nmm_mvg/minecraft/paintings/paintingmcmatch.object.patch	/glitchDescription	당황. 할 말이 없습니다!
/objects/nmm_mvg/minecraft/paintings/paintingmcplant.object.patch	/glitchDescription	당황. 할 말이 없습니다!
/objects/nmm_mvg/minecraft/paintings/paintingmcsea.object.patch	/glitchDescription	당황. 할 말이 없습니다!
/objects/nmm_mvg/minecraft/paintings/paintingmcskullandroses.object.patch	/glitchDescription	당황. 할 말이 없습니다!
/objects/nmm_mvg/minecraft/paintings/paintingmcstage.object.patch	/glitchDescription	당황. 할 말이 없습니다!
/objects/nmm_mvg/minecraft/paintings/paintingmcsunset.object.patch	/glitchDescription	당황. 할 말이 없습니다!
/objects/nmm_mvg/minecraft/paintings/paintingmcvoid.object.patch	/glitchDescription	당황. 할 말이 없습니다!
/objects/nmm_mvg/minecraft/paintings/paintingmcwanderer.object.patch	/glitchDescription	당황. 할 말이 없습니다!
/objects/nmm_mvg/minecraft/paintings/paintingmcwasteland.object.patch	/glitchDescription	당황. 할 말이 없습니다!
/objects/nmm_mvg/minecraft/paintings/paintingmcwinter.object.patch	/glitchDescription	당황. 할 말이 없습니다!
/objects/nmm_mvg/minecraft/paintings/paintingmcwither.object.patch	/glitchDescription	당황. 할 말이 없습니다!
/objects/nmm_mvg/minecraft/plantpots/mcpotted_cyanflower.object.patch	/glitchDescription	당황. 할 말이 없습니다!
/objects/nmm_mvg/minecraft/plantpots/mcpotted_funguscrimson.object.patch	/glitchDescription	당황. 할 말이 없습니다!
/objects/nmm_mvg/minecraft/plantpots/mcpotted_funguswarped.object.patch	/glitchDescription	당황. 할 말이 없습니다!
/objects/nmm_mvg/minecraft/plantpots/mcpotted_mushroombrown.object.patch	/glitchDescription	당황. 할 말이 없습니다!
/objects/nmm_mvg/minecraft/plantpots/mcpotted_mushroomred.object.patch	/glitchDescription	당황. 할 말이 없습니다!
/objects/nmm_mvg/minecraft/plantpots/mcpotted_rootscrimson.object.patch	/glitchDescription	당황. 할 말이 없습니다!
/objects/nmm_mvg/minecraft/plantpots/mcpotted_rootswarped.object.patch	/glitchDescription	당황. 할 말이 없습니다!
/objects/nmm_mvg/minecraft/plantpots/mcpotted_rosewither.object.patch	/glitchDescription	당황. 할 말이 없습니다!
/objects/nmm_mvg/minecraft/plantpots/mcpotted_tuliporange.object.patch	/glitchDescription	당황. 할 말이 없습니다!
/objects/nmm_mvg/minecraft/plantpots/mcpotted_tulippink.object.patch	/glitchDescription	당황. 할 말이 없습니다!
/objects/nmm_mvg/minecraft/plantpots/mcpotted_tulipred.object.patch	/glitchDescription	당황. 할 말이 없습니다!
/objects/nmm_mvg/minecraft/plantpots/mcpotted_tulipwhite.object.patch	/glitchDescription	당황. 할 말이 없습니다!
/objects/nmm_mvg/mvgshop/oldstorage.object.patch	/glitchDescription	당황. 할 말이 없습니다!
/objects/nmm_mvg/mvgshop/oldtank.object.patch	/glitchDescription	당황. 할 말이 없습니다!
/objects/nmm_mvg/mysteryfleshpit/ad1computer/ad1terminal.object.patch	/glitchDescription	당황. 할 말이 없습니다!
/objects/nmm_mvg/mysteryfleshpit/signage/respfoldtrailnotice.object.patch	/glitchDescription	당황. 할 말이 없습니다!
/objects/nmm_mvg/mysteryfleshpit/signage/respfoldtrailnoticeclean.object.patch	/glitchDescription	당황. 할 말이 없습니다!
/objects/nmm_mvg/nintendo/mother_objects/camera.object.patch	/glitchDescription	당황. 할 말이 없습니다!
/objects/nmm_mvg/nintendo/mother_objects/eraserstatue.object.patch	/glitchDescription	당황. 할 말이 없습니다!
/objects/nmm_mvg/nintendo/mother_objects/kokeshistatue.object.patch	/glitchDescription	당황. 할 말이 없습니다!
/objects/nmm_mvg/nintendo/mother_objects/magicmindroot.object.patch	/glitchDescription	당황. 할 말이 없습니다!
/objects/nmm_mvg/nintendo/mother_objects/octostatue.object.patch	/glitchDescription	당황. 할 말이 없습니다!
/objects/nmm_mvg/nintendo/mother_objects/pencilstatue.object.patch	/glitchDescription	당황. 할 말이 없습니다!
/objects/nmm_mvg/nintendo/mother_objects/sign.object.patch	/glitchDescription	당황. 할 말이 없습니다!
/objects/nmm_mvg/nyan/gameboynyanplush.object.patch	/glitchDescription	당황. 할 말이 없습니다!
/objects/nmm_mvg/nyan/grumpynyanplush.object.patch	/glitchDescription	당황. 할 말이 없습니다!
/objects/nmm_mvg/nyan/jazznyanplush.object.patch	/glitchDescription	당황. 할 말이 없습니다!
/objects/nmm_mvg/nyan/levoplush.object.patch	/glitchDescription	당황. 할 말이 없습니다!
/objects/nmm_mvg/nyan/nyancatplush.object.patch	/glitchDescription	당황. 할 말이 없습니다!
/objects/nmm_mvg/nyan/tacnaynplush.object.patch	/glitchDescription	당황. 할 말이 없습니다!
/objects/nmm_mvg/nyan/violetnyanplush.object.patch	/glitchDescription	당황. 할 말이 없습니다!
/objects/nmm_mvg/other/bmw/starboundcar.object.patch	/glitchDescription	당황. 할 말이 없습니다!
/objects/nmm_mvg/other/bmw/whatsappcar.object.patch	/glitchDescription	당황. 할 말이 없습니다!
/objects/nmm_mvg/other/caretaker/emptybliss.object.patch	/glitchDescription	당황. 할 말이 없습니다!
/objects/nmm_mvg/other/caretaker/pot.object.patch	/glitchDescription	당황. 할 말이 없습니다!
/objects/nmm_mvg/other/caretaker/sebald.object.patch	/glitchDescription	당황. 할 말이 없습니다!
/objects/nmm_mvg/other/caretaker/stage1.object.patch	/glitchDescription	당황. 할 말이 없습니다!
/objects/nmm_mvg/other/caretaker/stage5.object.patch	/glitchDescription	당황. 할 말이 없습니다!
/objects/nmm_mvg/other/caretaker/takecare.object.patch	/glitchDescription	당황. 할 말이 없습니다!
/objects/nmm_mvg/other/egbert/painting1.object.patch	/glitchDescription	당황. 할 말이 없습니다!
/objects/nmm_mvg/other/egbert/painting2.object.patch	/glitchDescription	당황. 할 말이 없습니다!
/objects/nmm_mvg/other/egbert/podorta.object.patch	/glitchDescription	당황. 할 말이 없습니다!
/objects/nmm_mvg/other/egbert/portrait.object.patch	/glitchDescription	당황. 할 말이 없습니다!
/objects/nmm_mvg/other/musical/kdlrsloop_radio.object.patch	/glitchDescription	당황. 할 말이 없습니다!
/objects/nmm_mvg/other/musical/retroboombox.object.patch	/glitchDescription	당황. 할 말이 없습니다!
/objects/nmm_mvg/other/oddheader/oddhead.object.patch	/glitchDescription	당황. 할 말이 없습니다!
/objects/nmm_mvg/other/panasonic/vieratx32lxd600.object.patch	/glitchDescription	감사. 텔레비전은 진정 인류의 가장 위대한 업적 중 하나입니다.
/objects/nmm_mvg/other/posters/paintingblinicat.object.patch	/glitchDescription	당황. 할 말이 없습니다!
/objects/nmm_mvg/other/posters/paintingfiend.object.patch	/glitchDescription	당황. 할 말이 없습니다!
/objects/nmm_mvg/other/radiohead/paintingsailingbear.object.patch	/glitchDescription	당황. 할 말이 없습니다!
/objects/nmm_mvg/other/radiohead/plushmodbear.object.patch	/glitchDescription	당황. 할 말이 없습니다!
/objects/nmm_mvg/other/radiohead/plushonyxminotaur.object.patch	/glitchDescription	당황. 할 말이 없습니다!
/objects/nmm_mvg/other/radiohead/plushweepingminotaur.object.patch	/glitchDescription	당황. 할 말이 없습니다!
/objects/nmm_mvg/other/requested/posterminoman.object.patch	/glitchDescription	당황. 할 말이 없습니다!
/objects/nmm_mvg/other/sandcrewmate/sandcrewmate.object.patch	/glitchDescription	당황. 할 말이 없습니다!
/objects/nmm_mvg/other/sandcrewmate/sandcrewmatebucket.object.patch	/glitchDescription	당황. 할 말이 없습니다!
/objects/nmm_mvg/regularshow/plushies/mordecoolplush.object.patch	/glitchDescription	당황. 할 말이 없습니다!
/objects/nmm_mvg/regularshow/plushies/rigboneplush.object.patch	/glitchDescription	당황. 할 말이 없습니다!
/objects/nmm_mvg/regularshow/s1e2/arcadeballofyarn.object.patch	/glitchDescription	당황. 할 말이 없습니다!
/objects/nmm_mvg/regularshow/s1e2/arcadecandlemaker.object.patch	/glitchDescription	당황. 할 말이 없습니다!
/objects/nmm_mvg/regularshow/s1e2/arcadeclaplikethis.object.patch	/glitchDescription	당황. 할 말이 없습니다!
/objects/nmm_mvg/regularshow/s1e2/arcadedelidude.object.patch	/glitchDescription	당황. 할 말이 없습니다!
/objects/nmm_mvg/regularshow/s1e2/arcadedestroyerofworlds.object.patch	/glitchDescription	당황. 할 말이 없습니다!
/objects/nmm_mvg/regularshow/s1e2/arcadehats4sale.object.patch	/glitchDescription	당황. 할 말이 없습니다!
/objects/nmm_mvg/regularshow/s1e2/arcadelemonadestand.object.patch	/glitchDescription	당황. 할 말이 없습니다!
/objects/nmm_mvg/regularshow/s1e2/arcadestaringcontest.object.patch	/glitchDescription	당황. 할 말이 없습니다!
/objects/nmm_mvg/regularshow/s2e8/tv.object.patch	/glitchDescription	당황. 할 말이 없습니다!
/objects/nmm_mvg/stardewvalley/plushies/smalljunimoplushblue1.object.patch	/glitchDescription	당황. 할 말이 없습니다!
/objects/nmm_mvg/stardewvalley/plushies/smalljunimoplushdead.object.patch	/glitchDescription	당황. 할 말이 없습니다!
/objects/nmm_mvg/stardewvalley/plushies/smalljunimoplushgold.object.patch	/glitchDescription	당황. 할 말이 없습니다!
/objects/nmm_mvg/stardewvalley/plushies/smalljunimoplushgreen1.object.patch	/glitchDescription	당황. 할 말이 없습니다!
/objects/nmm_mvg/stardewvalley/plushies/smalljunimoplushiridium.object.patch	/glitchDescription	당황. 할 말이 없습니다!
/objects/nmm_mvg/stardewvalley/plushies/smalljunimoplushorange.object.patch	/glitchDescription	당황. 할 말이 없습니다!
/objects/nmm_mvg/stardewvalley/plushies/smalljunimoplushpink.object.patch	/glitchDescription	당황. 할 말이 없습니다!
/objects/nmm_mvg/stardewvalley/plushies/smalljunimoplushred.object.patch	/glitchDescription	당황. 할 말이 없습니다!
/objects/nmm_mvg/terraria/crafting/dyevat.object.patch	/glitchDescription	당황. 할 말이 없습니다!
/objects/nmm_mvg/terraria/crafting/terrawoodenworkbenchlarge.object.patch	/glitchDescription	당황. 할 말이 없습니다!
/objects/nmm_mvg/terraria/crafting/terrawoodenworkbenchsmall.object.patch	/glitchDescription	당황. 할 말이 없습니다!
/objects/nmm_mvg/terraria/lihzahrd/lihzahrddoor.object.patch	/glitchDescription	당황. 할 말이 없습니다!
/objects/nmm_mvg/terraria/lihzahrd/lihzahrdworkbench.object.patch	/glitchDescription	당황. 할 말이 없습니다!
/objects/nmm_mvg/terraria/planterboxes/blinkrootplanter.object.patch	/glitchDescription	당황. 할 말이 없습니다!
/objects/nmm_mvg/terraria/planterboxes/daybloomplanter.object.patch	/glitchDescription	당황. 할 말이 없습니다!
/objects/nmm_mvg/terraria/planterboxes/deathweedcoplanter.object.patch	/glitchDescription	당황. 할 말이 없습니다!
/objects/nmm_mvg/terraria/planterboxes/deathweedcrplanter.object.patch	/glitchDescription	당황. 할 말이 없습니다!
/objects/nmm_mvg/terraria/planterboxes/fireblossomplanter.object.patch	/glitchDescription	당황. 할 말이 없습니다!
/objects/nmm_mvg/terraria/planterboxes/moonglowplanter.object.patch	/glitchDescription	당황. 할 말이 없습니다!
/objects/nmm_mvg/terraria/planterboxes/shiverthornplanter.object.patch	/glitchDescription	당황. 할 말이 없습니다!
/objects/nmm_mvg/terraria/planterboxes/waterleafplanter.object.patch	/glitchDescription	당황. 할 말이 없습니다!
/objects/nmm_mvg/terraria/plants/herbpotblinkroot.object.patch	/glitchDescription	당황. 할 말이 없습니다!
/objects/nmm_mvg/terraria/plants/herbpotdaybloom.object.patch	/glitchDescription	당황. 할 말이 없습니다!
/objects/nmm_mvg/terraria/plants/herbpotdeathweed.object.patch	/glitchDescription	당황. 할 말이 없습니다!
/objects/nmm_mvg/terraria/plants/herbpotfireblossom.object.patch	/glitchDescription	당황. 할 말이 없습니다!
/objects/nmm_mvg/terraria/plants/herbpotmoonglow.object.patch	/glitchDescription	당황. 할 말이 없습니다!
/objects/nmm_mvg/terraria/plants/herbpotshiverthorn.object.patch	/glitchDescription	당황. 할 말이 없습니다!
/objects/nmm_mvg/terraria/plants/herbpotwaterleaf.object.patch	/glitchDescription	당황. 할 말이 없습니다!
/objects/nmm_mvg/terraria/plants/potteddustileo.object.patch	/glitchDescription	당황. 할 말이 없습니다!
/objects/nmm_mvg/terraria/plants/pottednebteria.object.patch	/glitchDescription	당황. 할 말이 없습니다!
/objects/nmm_mvg/terraria/plants/pottedrozaleum.object.patch	/glitchDescription	당황. 할 말이 없습니다!
/objects/nmm_mvg/terraria/plants/pottedsolaleaf.object.patch	/glitchDescription	당황. 할 말이 없습니다!
/objects/nmm_mvg/terraria/plants/pottedvortexbushivy.object.patch	/glitchDescription	당황. 할 말이 없습니다!
/objects/nmm_mvg/terraria/plants/sakurasapling.object.patch	/glitchDescription	당황. 할 말이 없습니다!
/objects/nmm_mvg/terraria/plants/willowsapling.object.patch	/glitchDescription	당황. 할 말이 없습니다!
/objects/nmm_mvg/terraria/posters/painting_ncervilletowers.object.patch	/glitchDescription	당황. 할 말이 없습니다!
/objects/nmm_mvg/terraria/posters/painting_ncthulhu.object.patch	/glitchDescription	당황. 할 말이 없습니다!
/objects/nmm_mvg/terraria/posters/paintingdiscover.object.patch	/glitchDescription	당황. 할 말이 없습니다!
/objects/nmm_mvg/terraria/posters/paintingharpies.object.patch	/glitchDescription	당황. 할 말이 없습니다!
/objects/nmm_mvg/terraria/posters/paintingland.object.patch	/glitchDescription	당황. 할 말이 없습니다!
/objects/nmm_mvg/terraria/posters/paintingmyson.object.patch	/glitchDescription	당황. 할 말이 없습니다!
/objects/nmm_mvg/terraria/posters/paintingnight.object.patch	/glitchDescription	당황. 할 말이 없습니다!
/objects/nmm_mvg/terraria/posters/paintingominous.object.patch	/glitchDescription	당황. 할 말이 없습니다!
/objects/nmm_mvg/terraria/posters/paintingpaintercorruption.object.patch	/glitchDescription	당황. 할 말이 없습니다!
/objects/nmm_mvg/terraria/posters/paintingpaintercrimson.object.patch	/glitchDescription	당황. 할 말이 없습니다!
/objects/nmm_mvg/terraria/posters/paintingpainterdesert.object.patch	/glitchDescription	당황. 할 말이 없습니다!
/objects/nmm_mvg/terraria/posters/paintingpaintereye.object.patch	/glitchDescription	당황. 할 말이 없습니다!
/objects/nmm_mvg/terraria/posters/paintingpainterforest.object.patch	/glitchDescription	당황. 할 말이 없습니다!
/objects/nmm_mvg/terraria/posters/paintingpaintergrass.object.patch	/glitchDescription	당황. 할 말이 없습니다!
/objects/nmm_mvg/terraria/posters/paintingpainterhallow.object.patch	/glitchDescription	당황. 할 말이 없습니다!
/objects/nmm_mvg/terraria/posters/paintingpainterjungle.object.patch	/glitchDescription	당황. 할 말이 없습니다!
/objects/nmm_mvg/terraria/posters/paintingpainterlifecrystal.object.patch	/glitchDescription	당황. 할 말이 없습니다!
/objects/nmm_mvg/terraria/posters/paintingpaintersky.object.patch	/glitchDescription	당황. 할 말이 없습니다!
/objects/nmm_mvg/terraria/posters/paintingpainterslime.object.patch	/glitchDescription	당황. 할 말이 없습니다!
/objects/nmm_mvg/terraria/posters/paintingpaintersnow.object.patch	/glitchDescription	당황. 할 말이 없습니다!
/objects/nmm_mvg/terraria/posters/paintingpaintersunflower.object.patch	/glitchDescription	당황. 할 말이 없습니다!
/objects/nmm_mvg/terraria/posters/paintingpainterwyvern.object.patch	/glitchDescription	당황. 할 말이 없습니다!
/objects/nmm_mvg/terraria/posters/paintingslimes.object.patch	/glitchDescription	당황. 할 말이 없습니다!
/objects/nmm_mvg/terraria/posters/paintingtree.object.patch	/glitchDescription	당황. 할 말이 없습니다!
/objects/nmm_mvg/terraria/posters/terrariaunusedpainting.object.patch	/glitchDescription	당황. 할 말이 없습니다!
/objects/nmm_mvg/terraria/statues/angelstatue.object.patch	/glitchDescription	당황. 할 말이 없습니다!
/objects/nmm_mvg/terraria/statues/birdstatue.object.patch	/glitchDescription	당황. 할 말이 없습니다!
/objects/nmm_mvg/terraria/statues/bunnystatue.object.patch	/glitchDescription	당황. 할 말이 없습니다!
/objects/nmm_mvg/terraria/statues/creeperstatue.object.patch	/glitchDescription	당황. 할 말이 없습니다!
/objects/nmm_mvg/terraria/statues/crossstatue.object.patch	/glitchDescription	당황. 할 말이 없습니다!
/objects/nmm_mvg/terraria/statues/sharkstatue.object.patch	/glitchDescription	당황. 할 말이 없습니다!
/objects/nmm_mvg/terraria/statues/treestatue.object.patch	/glitchDescription	당황. 할 말이 없습니다!
/objects/nmm_mvg/terraria/statues/unicornstatue.object.patch	/glitchDescription	당황. 할 말이 없습니다!
/objects/nmm_mvg/thisgameifound/petscop/petscop_redtool_small.object.patch	/glitchDescription	당황. 할 말이 없습니다!
/objects/nmm_mvg/thisgameifound/petscop/tonethrandicepainting.object.patch	/glitchDescription	당황. 할 말이 없습니다!
/objects/nmm_mvg/thisgameifound/plushies/amberplush.object.patch	/glitchDescription	당황. 할 말이 없습니다!
/objects/nmm_mvg/thisgameifound/plushies/guardianplush.object.patch	/glitchDescription	당황. 할 말이 없습니다!
/objects/nmm_mvg/thisgameifound/plushies/hudsonplush.object.patch	/glitchDescription	당황. 할 말이 없습니다!
/objects/nmm_mvg/thisgameifound/plushies/peeceeplush.object.patch	/glitchDescription	당황. 할 말이 없습니다!
/objects/nmm_mvg/thisgameifound/plushies/penplush.object.patch	/glitchDescription	당황. 할 말이 없습니다!
/objects/nmm_mvg/thisgameifound/plushies/randiceplush.object.patch	/glitchDescription	당황. 할 말이 없습니다!
/objects/nmm_mvg/thisgameifound/plushies/ronethplush.object.patch	/glitchDescription	당황. 할 말이 없습니다!
/objects/nmm_mvg/thisgameifound/plushies/sealplush.object.patch	/glitchDescription	당황. 할 말이 없습니다!
/objects/nmm_mvg/thisgameifound/plushies/tonethplush.object.patch	/glitchDescription	당황. 할 말이 없습니다!
/objects/nmm_mvg/thisgameifound/plushies/waveyplush.object.patch	/glitchDescription	당황. 할 말이 없습니다!
/objects/nmm_mvg/valve/emoteplush/steamhappyplush.object.patch	/glitchDescription	당황. 할 말이 없습니다!
/objects/nmm_mvg/valve/hl2_breenvending/breenvending.object.patch	/glitchDescription	당황. 할 말이 없습니다!
/objects/nmm_mvg/valve/hl2_chemicalbucket/chemicalbucket.object.patch	/glitchDescription	당황. 할 말이 없습니다!
/objects/nmm_mvg/valve/hl2_combine_interface001/combine_interface001.object.patch	/glitchDescription	당황. 할 말이 없습니다!
/objects/nmm_mvg/valve/hl2_combine_intmonitor001/combine_intmonitor001.object.patch	/glitchDescription	당황. 할 말이 없습니다!
/objects/nmm_mvg/valve/hl2_combineposters/combinepostersmallbasic.object.patch	/glitchDescription	당황. 할 말이 없습니다!
/objects/nmm_mvg/valve/hl2_combineposters/combinepostersmallcrowd.object.patch	/glitchDescription	당황. 할 말이 없습니다!
/objects/nmm_mvg/valve/hl2_combineposters/combinepostersmallcrowd2.object.patch	/glitchDescription	당황. 할 말이 없습니다!
/objects/nmm_mvg/valve/hl2_combineposters/combinepostersmalldove.object.patch	/glitchDescription	당황. 할 말이 없습니다!
/objects/nmm_mvg/valve/hl2_combineposters/combinepostersmallsky.object.patch	/glitchDescription	당황. 할 말이 없습니다!
/objects/nmm_mvg/valve/hl2_washingmachine/hl2_washingmachine.object.patch	/glitchDescription	당황. 할 말이 없습니다!
/objects/nmm_mvg/valve/hl2_wastelandlaundry/laundrycart.object.patch	/glitchDescription	당황. 할 말이 없습니다!
/objects/nmm_mvg/valve/hl2b_airexcontrolstation/airexcontrolstation.object.patch	/glitchDescription	당황. 할 말이 없습니다!
/objects/nmm_mvg/valve/hl2b_airextruck/hl2b_airextruck.object.patch	/glitchDescription	당황. 할 말이 없습니다!
/objects/nmm_mvg/valve/portal_cube/cubebeta.object.patch	/glitchDescription	당황. 할 말이 없습니다!
/objects/nmm_mvg/valve/portal_cube/cubecompanionA.object.patch	/glitchDescription	당황. 할 말이 없습니다!
/objects/nmm_mvg/valve/portal_cube/cubecompanionAburnt.object.patch	/glitchDescription	당황. 할 말이 없습니다!
/objects/nmm_mvg/valve/portal_cube/cubecompanionB.object.patch	/glitchDescription	당황. 할 말이 없습니다!
/objects/nmm_mvg/valve/portal_cube/cubedirtyB.object.patch	/glitchDescription	당황. 할 말이 없습니다!
/objects/nmm_mvg/valve/portal_cube/cubeorientation.object.patch	/glitchDescription	당황. 할 말이 없습니다!
/objects/nmm_mvg/valve/portal_cube/cubeskullA.object.patch	/glitchDescription	당황. 할 말이 없습니다!
/objects/nmm_mvg/valve/portal_cube/cubestorageA.object.patch	/glitchDescription	당황. 할 말이 없습니다!
/objects/nmm_mvg/valve/portal_cube/cubestorageB.object.patch	/glitchDescription	당황. 할 말이 없습니다!
/objects/nmm_mvg/valve/portal_cube/cubevintage.object.patch	/glitchDescription	당황. 할 말이 없습니다!
/objects/nmm_mvg/valve/source_posters/paintingmatsysbgcat.object.patch	/glitchDescription	당황. 할 말이 없습니다!
/objects/nmm_starbound/custom/albums/albumbootleg.object.patch	/glitchDescription	당황. 할 말이 없습니다!
/objects/nmm_starbound/custom/albums/albumbountyhunter.object.patch	/glitchDescription	당황. 할 말이 없습니다!
/objects/nmm_starbound/custom/albums/albumexperimental.object.patch	/glitchDescription	당황. 할 말이 없습니다!
/objects/nmm_starbound/custom/albums/albumorchestral.object.patch	/glitchDescription	당황. 할 말이 없습니다!
/objects/nmm_starbound/custom/albums/albumorchestraloriginal.object.patch	/glitchDescription	당황. 할 말이 없습니다!
/objects/nmm_starbound/custom/albums/albumost.object.patch	/glitchDescription	당황. 할 말이 없습니다!
/objects/nmm_starbound/custom/albums/albumsolatrus.object.patch	/glitchDescription	당황. 할 말이 없습니다!
/objects/nmm_starbound/custom/albums/albumweepnotmychild.object.patch	/glitchDescription	당황. 할 말이 없습니다!
/objects/nmm_starbound/custom/ancient/cultivatorstatue.object.patch	/glitchDescription	당황. 할 말이 없습니다!
/objects/nmm_starbound/custom/ancient/cultivatorstatueparty.object.patch	/glitchDescription	당황. 할 말이 없습니다!
/objects/nmm_starbound/custom/arcademicrowave/arcademicrowave.object.patch	/glitchDescription	당황. 할 말이 없습니다!
/objects/nmm_starbound/custom/cardboardcutout/hirakicutout.object.patch	/glitchDescription	당황. 할 말이 없습니다!
/objects/nmm_starbound/custom/cardboardcutout/nullcharactercutout.object.patch	/glitchDescription	당황. 할 말이 없습니다!
/objects/nmm_starbound/custom/darkmedieval/darkmedievalflagpole.object.patch	/glitchDescription	당황. 할 말이 없습니다!
/objects/nmm_starbound/custom/infinityexpress/infinitysign.object.patch	/glitchDescription	당황. 할 말이 없습니다!
/objects/nmm_starbound/custom/infinityfuel/jerrycan.object.patch	/glitchDescription	당황. 할 말이 없습니다!
/objects/nmm_starbound/custom/kluexboss/kluexpedestal.object.patch	/glitchDescription	당황. 할 말이 없습니다!
/objects/nmm_starbound/custom/kluexboss/kluexpedestalplatform.object.patch	/glitchDescription	당황. 할 말이 없습니다!
/objects/nmm_starbound/custom/kluexboss/templepillarplatform.object.patch	/glitchDescription	당황. 할 말이 없습니다!
/objects/nmm_starbound/custom/laundry/apexdryer.object.patch	/glitchDescription	당황. 할 말이 없습니다!
/objects/nmm_starbound/custom/laundry/apexwasher.object.patch	/glitchDescription	당황. 할 말이 없습니다!
/objects/nmm_starbound/custom/laundry/basicdryer.object.patch	/glitchDescription	당황. 할 말이 없습니다!
/objects/nmm_starbound/custom/laundry/basicwasher.object.patch	/glitchDescription	당황. 할 말이 없습니다!
/objects/nmm_starbound/custom/laundry/bluetopwasher.object.patch	/glitchDescription	당황. 할 말이 없습니다!
/objects/nmm_starbound/custom/laundry/bluewasher.object.patch	/glitchDescription	당황. 할 말이 없습니다!
/objects/nmm_starbound/custom/laundry/crossfoldingrack.object.patch	/glitchDescription	당황. 할 말이 없습니다!
/objects/nmm_starbound/custom/laundry/foldingrack.object.patch	/glitchDescription	당황. 할 말이 없습니다!
/objects/nmm_starbound/custom/laundry/foundrywasher.object.patch	/glitchDescription	당황. 할 말이 없습니다!
/objects/nmm_starbound/custom/laundry/hillshoist.object.patch	/glitchDescription	당황. 할 말이 없습니다!
/objects/nmm_starbound/custom/laundry/miningwasher.object.patch	/glitchDescription	당황. 할 말이 없습니다!
/objects/nmm_starbound/custom/laundry/outpostdryer.object.patch	/glitchDescription	당황. 할 말이 없습니다!
/objects/nmm_starbound/custom/laundry/outpostminiwasher.object.patch	/glitchDescription	당황. 할 말이 없습니다!
/objects/nmm_starbound/custom/laundry/outpostwasher.object.patch	/glitchDescription	당황. 할 말이 없습니다!
/objects/nmm_starbound/custom/laundry/prisonwasher.object.patch	/glitchDescription	당황. 할 말이 없습니다!
/objects/nmm_starbound/custom/laundry/prisonwasherrestored.object.patch	/glitchDescription	당황. 할 말이 없습니다!
/objects/nmm_starbound/custom/laundry/protectoratedormwasher.object.patch	/glitchDescription	당황. 할 말이 없습니다!
/objects/nmm_starbound/custom/laundry/refdryer.object.patch	/glitchDescription	당황. 할 말이 없습니다!
/objects/nmm_starbound/custom/laundry/standingrack.object.patch	/glitchDescription	당황. 할 말이 없습니다!
/objects/nmm_starbound/custom/outpostjunk/cannonballs.object.patch	/glitchDescription	당황. 할 말이 없습니다!
/objects/nmm_starbound/custom/placedcans/benis.object.patch	/glitchDescription	당황. 할 말이 없습니다!
/objects/nmm_starbound/custom/placedcans/bepes.object.patch	/glitchDescription	당황. 할 말이 없습니다!
/objects/nmm_starbound/custom/placedcans/bepis.object.patch	/glitchDescription	당황. 할 말이 없습니다!
/objects/nmm_starbound/custom/placedcans/bepismax.object.patch	/glitchDescription	당황. 할 말이 없습니다!
/objects/nmm_starbound/custom/placedcans/beppp.object.patch	/glitchDescription	당황. 할 말이 없습니다!
/objects/nmm_starbound/custom/placedcans/bepsi.object.patch	/glitchDescription	당황. 할 말이 없습니다!
/objects/nmm_starbound/custom/placedcans/bepsu.object.patch	/glitchDescription	당황. 할 말이 없습니다!
/objects/nmm_starbound/custom/placedcans/bluetide.object.patch	/glitchDescription	당황. 할 말이 없습니다!
/objects/nmm_starbound/custom/placedcans/boopis.object.patch	/glitchDescription	당황. 할 말이 없습니다!
/objects/nmm_starbound/custom/placedcans/cokeheartthrob.object.patch	/glitchDescription	당황. 할 말이 없습니다!
/objects/nmm_starbound/custom/placedcans/conke.object.patch	/glitchDescription	당황. 할 말이 없습니다!
/objects/nmm_starbound/custom/placedcans/depin.object.patch	/glitchDescription	당황. 할 말이 없습니다!
/objects/nmm_starbound/custom/placedcans/depsi.object.patch	/glitchDescription	당황. 할 말이 없습니다!
/objects/nmm_starbound/custom/placedcans/endme.object.patch	/glitchDescription	당황. 할 말이 없습니다!
/objects/nmm_starbound/custom/placedcans/isded.object.patch	/glitchDescription	당황. 할 말이 없습니다!
/objects/nmm_starbound/custom/placedcans/locacola.object.patch	/glitchDescription	당황. 할 말이 없습니다!
/objects/nmm_starbound/custom/placedcans/neobepis.object.patch	/glitchDescription	당황. 할 말이 없습니다!
/objects/nmm_starbound/custom/placedcans/oculemonade.object.patch	/glitchDescription	당황. 할 말이 없습니다!
/objects/nmm_starbound/custom/placedcans/oooooo.object.patch	/glitchDescription	당황. 할 말이 없습니다!
/objects/nmm_starbound/custom/placedcans/oopsi.object.patch	/glitchDescription	당황. 할 말이 없습니다!
/objects/nmm_starbound/custom/placedcans/penis.object.patch	/glitchDescription	당황. 할 말이 없습니다!
/objects/nmm_starbound/custom/placedcans/pepe.object.patch	/glitchDescription	당황. 할 말이 없습니다!
/objects/nmm_starbound/custom/placedcans/pepis.object.patch	/glitchDescription	당황. 할 말이 없습니다!
/objects/nmm_starbound/custom/placedcans/piss.object.patch	/glitchDescription	당황. 할 말이 없습니다!
/objects/nmm_starbound/custom/placedcans/protectorpop.object.patch	/glitchDescription	당황. 할 말이 없습니다!
/objects/nmm_starbound/custom/placedcans/reefcola.object.patch	/glitchDescription	당황. 할 말이 없습니다!
/objects/nmm_starbound/custom/placedcans/seppi.object.patch	/glitchDescription	당황. 할 말이 없습니다!
/objects/nmm_starbound/custom/placedcans/sepsis.object.patch	/glitchDescription	당황. 할 말이 없습니다!
/objects/nmm_starbound/custom/placedcans/soda.object.patch	/glitchDescription	당황. 할 말이 없습니다!
/objects/nmm_starbound/custom/placedcans/spepni.object.patch	/glitchDescription	당황. 할 말이 없습니다!
/objects/nmm_starbound/custom/placedcans/spesip.object.patch	/glitchDescription	당황. 할 말이 없습니다!
/objects/nmm_starbound/custom/placedcans/tbscolaenergy.object.patch	/glitchDescription	당황. 할 말이 없습니다!
/objects/nmm_starbound/custom/placeditems/manipulatormodule.object.patch	/glitchDescription	당황. 할 말이 없습니다!
/objects/nmm_starbound/custom/placeditems/parcel.object.patch	/glitchDescription	당황. 할 말이 없습니다!
/objects/nmm_starbound/custom/placeditems/penguincostume.object.patch	/glitchDescription	당황. 할 말이 없습니다!
/objects/nmm_starbound/custom/placeditems/protectorateflyer.object.patch	/glitchDescription	당황. 할 말이 없습니다!
/objects/nmm_starbound/custom/placeditems/rewardbag.object.patch	/glitchDescription	당황. 할 말이 없습니다!
/objects/nmm_starbound/custom/placeditems/secretnote.object.patch	/glitchDescription	당황. 할 말이 없습니다!
/objects/nmm_starbound/custom/placeditems/superrewardbag.object.patch	/glitchDescription	당황. 할 말이 없습니다!
/objects/nmm_starbound/custom/placeditems/translatorwheel.object.patch	/glitchDescription	당황. 할 말이 없습니다!
/objects/nmm_starbound/custom/placeditems/upgrademodule.object.patch	/glitchDescription	당황. 할 말이 없습니다!
/objects/nmm_starbound/custom/plushies/plushRM01.object.patch	/glitchDescription	당황. 할 말이 없습니다!
/objects/nmm_starbound/custom/plushies/plushRM03.object.patch	/glitchDescription	당황. 할 말이 없습니다!
/objects/nmm_starbound/custom/plushies/plushRM10.object.patch	/glitchDescription	당황. 할 말이 없습니다!
/objects/nmm_starbound/custom/plushies/plushRM26.object.patch	/glitchDescription	당황. 할 말이 없습니다!
/objects/nmm_starbound/custom/plushies/plushRM29.object.patch	/glitchDescription	당황. 할 말이 없습니다!
/objects/nmm_starbound/custom/plushies/plushRM31.object.patch	/glitchDescription	당황. 할 말이 없습니다!
/objects/nmm_starbound/custom/plushies/plushRM33.object.patch	/glitchDescription	당황. 할 말이 없습니다!
/objects/nmm_starbound/custom/plushies/plushRM39.object.patch	/glitchDescription	당황. 할 말이 없습니다!
/objects/nmm_starbound/custom/plushies/plushRM46.object.patch	/glitchDescription	당황. 할 말이 없습니다!
/objects/nmm_starbound/custom/plushies/plushRM75.object.patch	/glitchDescription	당황. 할 말이 없습니다!
/objects/nmm_starbound/custom/plushies/plushRMe2.object.patch	/glitchDescription	당황. 할 말이 없습니다!
/objects/nmm_starbound/custom/plushies/plushboncey.object.patch	/glitchDescription	당황. 할 말이 없습니다!
/objects/nmm_starbound/custom/plushies/plushcapricoat.object.patch	/glitchDescription	당황. 할 말이 없습니다!
/objects/nmm_starbound/custom/plushies/plushdrillbutt.object.patch	/glitchDescription	당황. 할 말이 없습니다!
/objects/nmm_starbound/custom/plushies/plushglooby.object.patch	/glitchDescription	당황. 할 말이 없습니다!
/objects/nmm_starbound/custom/plushies/plushgrimfang.object.patch	/glitchDescription	당황. 할 말이 없습니다!
/objects/nmm_starbound/custom/plushies/plushguardiandroid.object.patch	/glitchDescription	당황. 할 말이 없습니다!
/objects/nmm_starbound/custom/plushies/plushignome.object.patch	/glitchDescription	당황. 할 말이 없습니다!
/objects/nmm_starbound/custom/plushies/plushminoclo.object.patch	/glitchDescription	당황. 할 말이 없습니다!
/objects/nmm_starbound/custom/plushies/plushmsteddy.object.patch	/glitchDescription	당황. 할 말이 없습니다!
/objects/nmm_starbound/custom/plushies/plushmugglob.object.patch	/glitchDescription	당황. 할 말이 없습니다!
/objects/nmm_starbound/custom/plushies/plushnautileech.object.patch	/glitchDescription	당황. 할 말이 없습니다!
/objects/nmm_starbound/custom/plushies/plushoctuko.object.patch	/glitchDescription	당황. 할 말이 없습니다!
/objects/nmm_starbound/custom/plushies/plushorinathi.object.patch	/glitchDescription	당황. 할 말이 없습니다!
/objects/nmm_starbound/custom/plushies/plushredpanda.object.patch	/glitchDescription	당황. 할 말이 없습니다!
/objects/nmm_starbound/custom/plushies/plushreinathi.object.patch	/glitchDescription	당황. 할 말이 없습니다!
/objects/nmm_starbound/custom/plushies/plushsnaunt.object.patch	/glitchDescription	당황. 할 말이 없습니다!
/objects/nmm_starbound/custom/plushies/plushsnoogle.object.patch	/glitchDescription	당황. 할 말이 없습니다!
/objects/nmm_starbound/custom/plushies/plushsnowbun.object.patch	/glitchDescription	당황. 할 말이 없습니다!
/objects/nmm_starbound/custom/plushies/plushsnuffish.object.patch	/glitchDescription	당황. 할 말이 없습니다!
/objects/nmm_starbound/custom/plushies/plushsnugget.object.patch	/glitchDescription	당황. 할 말이 없습니다!
/objects/nmm_starbound/custom/plushies/plushumbrathi.object.patch	/glitchDescription	당황. 할 말이 없습니다!
/objects/nmm_starbound/custom/plushies/plushwaffles.object.patch	/glitchDescription	당황. 할 말이 없습니다!
/objects/nmm_starbound/custom/plushies/plushworkchick.object.patch	/glitchDescription	당황. 할 말이 없습니다!
/objects/nmm_starbound/custom/plushies/plushzoria.object.patch	/glitchDescription	당황. 할 말이 없습니다!
/objects/nmm_starbound/custom/posters/noclippyposter.object.patch	/glitchDescription	당황. 할 말이 없습니다!
/objects/nmm_starbound/custom/posters/paintinggardensky2.object.patch	/glitchDescription	당황. 할 말이 없습니다!
/objects/nmm_starbound/custom/posters/paintingspectrum.object.patch	/glitchDescription	당황. 할 말이 없습니다!
/objects/nmm_starbound/custom/posters/postercool.object.patch	/glitchDescription	당황. 할 말이 없습니다!
/objects/nmm_starbound/custom/posters/postersb.object.patch	/glitchDescription	당황. 할 말이 없습니다!
/objects/nmm_starbound/custom/posters/x5c1mechblueprint.object.patch	/glitchDescription	당황. 할 말이 없습니다!
/objects/nmm_starbound/custom/robotsdecom/robotRM02.object.patch	/glitchDescription	당황. 할 말이 없습니다!
/objects/nmm_starbound/custom/robotsdecom/robotRM24.object.patch	/glitchDescription	당황. 할 말이 없습니다!
/objects/nmm_starbound/custom/robotsdecom/robotRM24b.object.patch	/glitchDescription	당황. 할 말이 없습니다!
/objects/nmm_starbound/custom/sakuranitebloom/sakuranitebloom.object.patch	/glitchDescription	당황. 할 말이 없습니다!
/objects/nmm_starbound/custom/storesigns/froggfurnishingsign.object.patch	/glitchDescription	당황. 할 말이 없습니다!
/objects/nmm_starbound/custom/storesigns/froggposter.object.patch	/glitchDescription	당황. 할 말이 없습니다!
/objects/nmm_starbound/custom/storesigns/sketchyposter.object.patch	/glitchDescription	당황. 할 말이 없습니다!
/objects/nmm_starbound/custom/storesigns/terraposters.object.patch	/glitchDescription	당황. 할 말이 없습니다!
/objects/nmm_starbound/forums/chucklefishposters/chucklefishcatposter.object.patch	/glitchDescription	당황. 할 말이 없습니다!
/objects/nmm_starbound/forums/chucklefishposters/feeshposter.object.patch	/glitchDescription	당황. 할 말이 없습니다!
/objects/nmm_starbound/forums/chucklefishposters/forumartpainting.object.patch	/glitchDescription	당황. 할 말이 없습니다!
/objects/nmm_starbound/forums/chucklefishposters/killlapenguinsposter.object.patch	/glitchDescription	당황. 할 말이 없습니다!
/objects/nmm_starbound/protectorate/protectoratebanners/apexwallbanner.object.patch	/glitchDescription	당황. 할 말이 없습니다!
/objects/nmm_starbound/protectorate/protectoratebanners/avaliwallbanner.object.patch	/glitchDescription	당황. 할 말이 없습니다!
/objects/nmm_starbound/protectorate/protectoratebanners/avianwallbanner.object.patch	/glitchDescription	당황. 할 말이 없습니다!
/objects/nmm_starbound/protectorate/protectoratebanners/floranwallbanner.object.patch	/glitchDescription	당황. 할 말이 없습니다!
/objects/nmm_starbound/protectorate/protectoratebanners/glitchwallbanner.object.patch	/glitchDescription	당황. 할 말이 없습니다!
/objects/nmm_starbound/protectorate/protectoratebanners/humanwallbanner.object.patch	/glitchDescription	당황. 할 말이 없습니다!
/objects/nmm_starbound/protectorate/protectoratebanners/hylotlwallbanner.object.patch	/glitchDescription	당황. 할 말이 없습니다!
/objects/nmm_starbound/protectorate/protectoratebanners/novakidwallbanner.object.patch	/glitchDescription	당황. 할 말이 없습니다!
/objects/nmm_starbound/protectorate/protectoratebanners/peacekeeperbanner.object.patch	/glitchDescription	당황. 할 말이 없습니다!
/objects/nmm_starbound/protectorate/protectoratebathroommirror/protectorate2bathroommirror.object.patch	/glitchDescription	당황. 할 말이 없습니다!
/objects/nmm_starbound/protectorate/protectoratebunkbed/protectorate2bunkbed.object.patch	/glitchDescription	당황. 할 말이 없습니다!
/objects/nmm_starbound/protectorate/protectoratebunkbed/protectorate2bunkbed2.object.patch	/glitchDescription	당황. 할 말이 없습니다!
/objects/nmm_starbound/protectorate/protectoratedoor/protectorate2halfdoor.object.patch	/glitchDescription	당황. 할 말이 없습니다!
/objects/nmm_starbound/protectorate/protectoratepodium/protectorate2podium.object.patch	/glitchDescription	당황. 할 말이 없습니다!
/objects/nmm_starbound/protectorate/protectorateportraits/portrait5.object.patch	/glitchDescription	당황. 할 말이 없습니다!
/objects/nmm_starbound/protectorate/protectorateportraits/portraitape1.object.patch	/glitchDescription	당황. 할 말이 없습니다!
/objects/nmm_starbound/protectorate/protectorateportraits/portraitape2.object.patch	/glitchDescription	당황. 할 말이 없습니다!
/objects/nmm_starbound/protectorate/protectorateportraits/portraitapeb1.object.patch	/glitchDescription	당황. 할 말이 없습니다!
/objects/nmm_starbound/protectorate/protectorateportraits/portraitapeb2.object.patch	/glitchDescription	당황. 할 말이 없습니다!
/objects/nmm_starbound/protectorate/protectorateportraits/portraitesther.object.patch	/glitchDescription	당황. 할 말이 없습니다!
/objects/nmm_starbound/protectorate/protectorateportraits/protectorateplaque.object.patch	/glitchDescription	당황. 할 말이 없습니다!
/objects/nmm_starbound/protectorate/protectorateposters2/protectorateflyer1a.object.patch	/glitchDescription	당황. 할 말이 없습니다!
/objects/nmm_starbound/protectorate/protectorateposters2/protectorateflyer1b.object.patch	/glitchDescription	당황. 할 말이 없습니다!
/objects/nmm_starbound/protectorate/protectorateposters2/protectorateflyer1c.object.patch	/glitchDescription	당황. 할 말이 없습니다!
/objects/nmm_starbound/protectorate/protectorateposters2/protectorateflyer1d.object.patch	/glitchDescription	당황. 할 말이 없습니다!
/objects/nmm_starbound/protectorate/protectorateposters2/protectorateflyer1e.object.patch	/glitchDescription	당황. 할 말이 없습니다!
/objects/nmm_starbound/protectorate/protectorateposters2/protectorateflyer1f.object.patch	/glitchDescription	당황. 할 말이 없습니다!
/objects/nmm_starbound/protectorate/protectorateposters2/protectorateflyer1g.object.patch	/glitchDescription	당황. 할 말이 없습니다!
/objects/nmm_starbound/protectorate/protectorateposters2/protectorateflyer1h.object.patch	/glitchDescription	당황. 할 말이 없습니다!
/objects/nmm_starbound/protectorate/protectorateposters2/protectorateflyer1i.object.patch	/glitchDescription	당황. 할 말이 없습니다!
/objects/nmm_starbound/protectorate/protectorateposters2/protectorateflyer2a.object.patch	/glitchDescription	당황. 할 말이 없습니다!
/objects/nmm_starbound/protectorate/protectorateposters2/protectorateflyer2b.object.patch	/glitchDescription	당황. 할 말이 없습니다!
/objects/nmm_starbound/protectorate/protectorateposters2/protectorateflyer2c.object.patch	/glitchDescription	당황. 할 말이 없습니다!
/objects/nmm_starbound/protectorate/protectorateposters2/protectorateflyer2d.object.patch	/glitchDescription	당황. 할 말이 없습니다!
/objects/nmm_starbound/protectorate/protectorateposters2/protectorateflyer2e.object.patch	/glitchDescription	당황. 할 말이 없습니다!
/objects/nmm_starbound/protectorate/protectorateposters2/protectorateflyer2f.object.patch	/glitchDescription	당황. 할 말이 없습니다!
/objects/nmm_starbound/protectorate/protectorateposters2/protectorateflyer2g.object.patch	/glitchDescription	당황. 할 말이 없습니다!
/objects/nmm_starbound/protectorate/protectorateracebanners/racebanneragaran.object.patch	/glitchDescription	당황. 할 말이 없습니다!
/objects/nmm_starbound/protectorate/protectorateracebanners/racebanneralpaca.object.patch	/glitchDescription	당황. 할 말이 없습니다!
/objects/nmm_starbound/protectorate/protectorateracebanners/racebannerapex.object.patch	/glitchDescription	당황. 할 말이 없습니다!
/objects/nmm_starbound/protectorate/protectorateracebanners/racebanneravali.object.patch	/glitchDescription	당황. 할 말이 없습니다!
/objects/nmm_starbound/protectorate/protectorateracebanners/racebanneravian.object.patch	/glitchDescription	당황. 할 말이 없습니다!
/objects/nmm_starbound/protectorate/protectorateracebanners/racebannerdeadbeat.object.patch	/glitchDescription	당황. 할 말이 없습니다!
/objects/nmm_starbound/protectorate/protectorateracebanners/racebannerfenerox.object.patch	/glitchDescription	당황. 할 말이 없습니다!
/objects/nmm_starbound/protectorate/protectorateracebanners/racebannerfloran.object.patch	/glitchDescription	당황. 할 말이 없습니다!
/objects/nmm_starbound/protectorate/protectorateracebanners/racebannerfrogg.object.patch	/glitchDescription	당황. 할 말이 없습니다!
/objects/nmm_starbound/protectorate/protectorateracebanners/racebannerglitch.object.patch	/glitchDescription	당황. 할 말이 없습니다!
/objects/nmm_starbound/protectorate/protectorateracebanners/racebannerglitchdark.object.patch	/glitchDescription	당황. 할 말이 없습니다!
/objects/nmm_starbound/protectorate/protectorateracebanners/racebannerglitchred.object.patch	/glitchDescription	당황. 할 말이 없습니다!
/objects/nmm_starbound/protectorate/protectorateracebanners/racebannerhuman.object.patch	/glitchDescription	당황. 할 말이 없습니다!
/objects/nmm_starbound/protectorate/protectorateracebanners/racebannerhylotl.object.patch	/glitchDescription	당황. 할 말이 없습니다!
/objects/nmm_starbound/protectorate/protectorateracebanners/racebannernovakid.object.patch	/glitchDescription	당황. 할 말이 없습니다!
/objects/nmm_starbound/protectorate/protectorateracebanners/racebanneroccasus.object.patch	/glitchDescription	당황. 할 말이 없습니다!
/objects/nmm_starbound/protectorate/protectorateracebanners/racebannerpeacekeeper.object.patch	/glitchDescription	당황. 할 말이 없습니다!
/objects/nmm_starbound/protectorate/protectorateracebanners/racebannerpenguin.object.patch	/glitchDescription	당황. 할 말이 없습니다!
/objects/nmm_starbound/protectorate/protectorateracebanners/racebannerprotectorate.object.patch	/glitchDescription	당황. 할 말이 없습니다!
/objects/nmm_starbound/protectorate/protectorateracebanners/racebannershadow.object.patch	/glitchDescription	당황. 할 말이 없습니다!
/objects/nmm_starbound/protectorate/protectoraterooftop/protectorate2watertank.object.patch	/glitchDescription	중립. 보호국 협회의 저수조입니다.
/objects/nmm_starbound/replicate/peacekeepercage/peacekeepercage.object.patch	/glitchDescription	당황. 할 말이 없습니다!
/objects/nmm_starbound/restored/prisonmirror/restoredmirror1.object.patch	/glitchDescription	당황. 할 말이 없습니다!
/objects/nmm_starbound/restored/prisonmirror/restoredmirror2.object.patch	/glitchDescription	당황. 할 말이 없습니다!
/objects/nmm_starbound/restored/wasteland_restored/wastelandsign3.object.patch	/glitchDescription	당황. 화살표는 여러 가지 가능성을 나타낼 수 있습니다.
/objects/nmm_starbound/unofficial/art/bugfloranportrait.object.patch	/glitchDescription	당황. 할 말이 없습니다!
/objects/nmm_starbound/unofficial/art/midoriburgerposter.object.patch	/glitchDescription	당황. 할 말이 없습니다!
/objects/nmm_starbound/unofficial/art/spacealpacapainting.object.patch	/glitchDescription	당황. 할 말이 없습니다!
/objects/nmm_starbound/unofficial/noxiphageposter/noxiphageposter.object.patch	/glitchDescription	당황. 할 말이 없습니다!
/objects/nmm_starbound/unofficial/pewterschmitz/doggyplush.object.patch	/glitchDescription	당황. 할 말이 없습니다!
/objects/nmm_starbound/unofficial/pewterschmitz/skullposter1.object.patch	/glitchDescription	당황. 할 말이 없습니다!
/objects/nmm_starbound/unofficial/pewterschmitz/skullposter2.object.patch	/glitchDescription	당황. 할 말이 없습니다!
/objects/nmm_starbound/unofficial/pewterschmitz/spacemirror.object.patch	/glitchDescription	당황. 할 말이 없습니다!
/objects/nmm_starbound/unofficial/pewterschmitz/warningposter.object.patch	/glitchDescription	당황. 할 말이 없습니다!
/objects/nmm_starbound/unofficial/pixelgoods_olddecorations/paintingcreeper.object.patch	/glitchDescription	당황. 할 말이 없습니다!
/objects/nmm_starbound/unofficial/pixelgoods_olddecorations/paintingmushroom.object.patch	/glitchDescription	당황. 할 말이 없습니다!
/objects/nmm_starbound/unofficial/pixelgoods_olddecorations/paintingmushroomblack.object.patch	/glitchDescription	당황. 할 말이 없습니다!
/objects/nmm_starbound/unofficial/pixelgoods_olddecorations/paintingmushroomblue.object.patch	/glitchDescription	당황. 할 말이 없습니다!
/objects/nmm_starbound/unofficial/pixelgoods_olddecorations/paintingmushroomgreen.object.patch	/glitchDescription	당황. 할 말이 없습니다!
/objects/nmm_starbound/unofficial/pixelgoods_olddecorations/paintingmushroomorange.object.patch	/glitchDescription	당황. 할 말이 없습니다!
/objects/nmm_starbound/unofficial/pixelgoods_olddecorations/paintingmushroompink.object.patch	/glitchDescription	당황. 할 말이 없습니다!
/objects/nmm_starbound/unofficial/pixelgoods_olddecorations/paintingmushroomred.object.patch	/glitchDescription	당황. 할 말이 없습니다!
/objects/nmm_starbound/unofficial/pixelgoods_olddecorations/paintingmushroomwhite.object.patch	/glitchDescription	당황. 할 말이 없습니다!
/objects/nmm_starbound/unofficial/pixelgoods_olddecorations/paintingmushroomyellow.object.patch	/glitchDescription	당황. 할 말이 없습니다!
/objects/nmm_starbound/unofficial/pixelgoods_olddecorations/paintingnyancat.object.patch	/glitchDescription	당황. 할 말이 없습니다!
/objects/nmm_starbound/unofficial/pixelgoods_olddecorations/paintingplaystation.object.patch	/glitchDescription	당황. 할 말이 없습니다!
/objects/nmm_starbound/unofficial/protectoraterecposter/protectoraterecposter.object.patch	/glitchDescription	당황. 할 말이 없습니다!
/objects/nmm_starbound/unofficial/reddit/rplace2017v1a.object.patch	/glitchDescription	당황. 할 말이 없습니다!
/objects/nmm_starbound/unofficial/reddit/rplace2017v1b.object.patch	/glitchDescription	당황. 할 말이 없습니다!
/objects/nmm_starbound/unofficial/reddit/rplace2022.object.patch	/glitchDescription	당황. 할 말이 없습니다!
/objects/nmm_starbound/unofficial/reddit/rplace2022enalliance.object.patch	/glitchDescription	당황. 할 말이 없습니다!
/objects/nmm_starbound/unofficial/reddit/rplace2023.object.patch	/glitchDescription	당황. 할 말이 없습니다!
/objects/nmm_starbound/unofficial/urban_dropstationradar/dropstationradar.object.patch	/glitchDescription	당황. 할 말이 없습니다!
/objects/nmm_starbound/unofficial/urban_heavydoor/heavydoor.object.patch	/glitchDescription	안심. 이 문은 매우 무겁기 때문에 수밀해야 합니다.
/objects/nmm_starbound/unofficial/urban_newsstand/urban_newsstand.object.patch	/glitchDescription	좋아 은하계 최신 뉴스를 받아볼까요?
/objects/nmm_starbound/unofficial/urban_novabeamaxeshelf/novabeamaxeshelf.object.patch	/glitchDescription	당황. 할 말이 없습니다!
/objects/nmm_starbound/unofficial/urban_novabeamaxesign/novabeamaxesign.object.patch	/glitchDescription	당황. 할 말이 없습니다!
/objects/nmm_starbound/unofficial/urban_streetsign/streetsign.object.patch	/glitchDescription	당황. 할 말이 없습니다!
/objects/nmm_starbound/unofficial/wasteland_debris/wastelandscreen1.object.patch	/glitchDescription	안타까움. 기계의 운명이 안타깝네요.
/objects/nmm_starbound/unofficial/wasteland_debris/wastelandsign3.object.patch	/glitchDescription	당황. 화살표는 여러 가지 가능성을 나타낼 수 있습니다.
/objects/nmm_starbound/unofficial/wasteland_debris/wastelandwires.object.patch	/glitchDescription	숙고. 누가 그런 기술을 만들어서 버릴 수 있을까요?
/objects/nmm_themed/binary/binarybed.object.patch	/glitchDescription	당황. 할 말이 없습니다!
/objects/nmm_themed/binary/binaryfigurine1.object.patch	/glitchDescription	당황. 할 말이 없습니다!
/objects/nmm_themed/binary/binaryfigurine2.object.patch	/glitchDescription	당황. 할 말이 없습니다!
/objects/nmm_themed/binary/binaryfm1.object.patch	/glitchDescription	당황. 할 말이 없습니다!
/objects/nmm_themed/binary/binaryfm2.object.patch	/glitchDescription	당황. 할 말이 없습니다!
/objects/nmm_themed/binary/binaryfm3.object.patch	/glitchDescription	당황. 할 말이 없습니다!
/objects/nmm_themed/binary/binaryjar.object.patch	/glitchDescription	당황. 할 말이 없습니다!
/objects/nmm_themed/binary/binaryoldpillar.object.patch	/glitchDescription	당황. 할 말이 없습니다!
/objects/nmm_themed/binary/binarypillbottle.object.patch	/glitchDescription	당황. 할 말이 없습니다!
/objects/nmm_themed/binary/binaryplant.object.patch	/glitchDescription	당황. 할 말이 없습니다!
/objects/nmm_themed/binary/binaryposter.object.patch	/glitchDescription	당황. 할 말이 없습니다!
/objects/nmm_themed/binary/binarytable.object.patch	/glitchDescription	당황. 할 말이 없습니다!
/objects/nmm_themed/binary/binarytire.object.patch	/glitchDescription	당황. 할 말이 없습니다!
/objects/nmm_themed/binary/binarytrashpile.object.patch	/glitchDescription	당황. 할 말이 없습니다!
/objects/nmm_themed/binary/binarywallshelf.object.patch	/glitchDescription	당황. 할 말이 없습니다!
/objects/nmm_themed/bitmuth/flagpole/bitmuthflagpole.object.patch	/glitchDescription	당황. 할 말이 없습니다!
/objects/nmm_themed/bitmuth/lamp/bitmuthstarlamp.object.patch	/glitchDescription	당황. 할 말이 없습니다!
/objects/nmm_themed/bitmuth/pot/bitmuthflowerpot.object.patch	/glitchDescription	당황. 할 말이 없습니다!
/objects/nmm_themed/bitmuth/stool/bitmuthstool.object.patch	/glitchDescription	당황. 할 말이 없습니다!
/objects/nmm_themed/colonyco/colonycopedestal/colonycopedestal.object.patch	/glitchDescription	당황. 할 말이 없습니다!
/objects/nmm_themed/colonyco/colonycoposter/colonycoposter.object.patch	/glitchDescription	당황. 할 말이 없습니다!
/objects/nmm_themed/colonyco/colonycotable/colonycotable.object.patch	/glitchDescription	당황. 할 말이 없습니다!
/objects/nmm_themed/fairytalecottage/fairytalecottagechest/fairytalecottagechest.object.patch	/glitchDescription	당황. 할 말이 없습니다!
/objects/nmm_themed/fairytalecottage/fairytalecottagechest/fairytalecottagechestcandles.object.patch	/glitchDescription	당황. 할 말이 없습니다!
/objects/nmm_themed/fairytalecottage/fairytalecottageendtable/fairytalecottagebirdcage.object.patch	/glitchDescription	당황. 할 말이 없습니다!
/objects/nmm_themed/fairytalecottage/fairytalecottageendtable/fairytalecottageendtable.object.patch	/glitchDescription	당황. 할 말이 없습니다!
/objects/nmm_themed/fairytalecottage/fairytalecottageendtable/fairytalecottagevase.object.patch	/glitchDescription	당황. 할 말이 없습니다!
/objects/nmm_themed/fairytalecottage/fairytalecottagelanterns/smallchain.object.patch	/glitchDescription	당황. 할 말이 없습니다!
/objects/nmm_themed/fairytalecottage/fairytalecottagestool/fairytalecottagestool.object.patch	/glitchDescription	당황. 할 말이 없습니다!
/objects/nmm_themed/gold/chairs/goldaztecchair.object.patch	/glitchDescription	당황. 할 말이 없습니다!
/objects/nmm_themed/gold/chairs/goldsolidchair.object.patch	/glitchDescription	당황. 할 말이 없습니다!
/objects/nmm_themed/gold/tables/goldaztectable.object.patch	/glitchDescription	당황. 할 말이 없습니다!
/objects/nmm_themed/gold/tables/goldtable.object.patch	/glitchDescription	당황. 할 말이 없습니다!
/objects/nmm_themed/perfectgeneric/pgdoor/pgdoor.object.patch	/glitchDescription	당황. 할 말이 없습니다!
/objects/nmm_themed/perfectgeneric/pglamp/pglamp.object.patch	/glitchDescription	당황. 할 말이 없습니다!
/objects/nmm_themed/shadowtech/techlamp/shadowtechlampblue.object.patch	/glitchDescription	당황. 할 말이 없습니다!
/objects/nmm_themed/shadowtech/techlamp/shadowtechlampgreen.object.patch	/glitchDescription	당황. 할 말이 없습니다!
/objects/nmm_themed/shadowtech/techlamp/shadowtechlampred.object.patch	/glitchDescription	당황. 할 말이 없습니다!
/objects/nuclearwasteland/irradiatedchest/irradiatedchest.object.patch	/glitchDescription	혐오. 이 상자는 압축 유독 폐기물로 만들어졌어요.
/objects/nuclearwasteland/irradiatedportal/irradiatedportal.object.patch	/glitchDescription	분석 중. 방사능 오염 포털입니다.
/objects/nuclearwasteland/irradiatedportal/irradiatedreturnportal.object.patch	/glitchDescription	분석 중. 방사능 오염 포털입니다.
/objects/nuclearwasteland/irradiatedtorch/irradiatedtorch.object.patch	/glitchDescription	불안. 이 횃불이 사악한 기운을 뿜어요.
/objects/outpost/outpostbookcase1/outpostbookcase1.object.patch	/glitchDescription	호기심. 읽을 게 있을지도요.
/objects/outpost/outpostpettether1/outpostpettether1.object.patch	/glitchDescription	만족. 포획한 생물을 이 장치에 넣으면 근처에 머물게 됩니다.
/objects/outpost/outpostsign/outpostsignmech.object.patch	/glitchDescription	정보 제공. 이 기호의 이미지는 기계 스테이션을 나타냅니다.
/objects/plushies/community2/edition12/semyazaplush/PBsemyazaplush.object.patch	/glitchDescription	불편함. 이런 종류의 인형은 그냥 내 취향이 아니다.
/objects/plushies/community2/edition13/skeletonmirrorplush/PBskeletonmirrorplush.object.patch	/glitchDescription	불안함. 진짜 해골 거울은 함부로 다룰 물건이 아니다!
/objects/plushies/community2/edition6/huggyplush/PBhuggyplush.object.patch	/glitchDescription	편안함. 지각 있는 글리치가 이 사랑스러운 조력자들과 포옹 연습을 하는 건 드문 일이 아니다.
/objects/plushies/community2/edition9/nephysplush/PBnephysplush.object.patch	/glitchDescription	부정. 아니, 저건 내가 고개 숙일 여왕이 아니다.
/objects/plushies/community3/edition8/unionsoldierplush/PBunionsoldierplush.object.patch	/glitchDescription	쾌활함. 임무 보고합니다!
/objects/plushies/misc/cptlilodonplush/PBcptlilodonplush.object.patch	/glitchDescription	장난기. 예, 선장님, 갑판을 티끌 하나 없이 닦아놨습니다!
/objects/power/avali_fu_solararrayadv/avali_fu_solararrayadv.object.patch	/glitchDescription	분석적. 대기 간섭은이 패널이 낮은 고도에서 더 적은 전력을 생성한다는 것을 의미합니다.
/objects/power/avali_isn_solarpanel/avali_isn_solarpanel.object.patch	/glitchDescription	분석적. 대기 간섭은이 패널이 낮은 고도에서 더 적은 전력을 생성한다는 것을 의미합니다.
/objects/relicdungeon/health/healingorbsocket_es/healingorbsocket_es.object.patch	/glitchDescription	결론. 이 구체가 이 치유 총 용도임에 틀림없어요.
/objects/relicdungeon/health/healingorbsocket_es/healingorbsocketinverted_es.object.patch	/glitchDescription	관찰. 이 치유 구체 소켓의 빨간 표시는 구체의 생명력을 빼야 함을 의미해요.
/objects/relicdungeon/health/healthdeductorplayertrap_es/healthdeductorplayertrap_es.object.patch	/glitchDescription	겁남. 저 함정에서 멀리 있어야 해요. 전 너무 약해요.
/objects/relicdungeon/health/healthdeductortrap_es/healthdeductortrap_es.object.patch	/glitchDescription	경계. 이 기구가 발사하지 못하게 막아야겠어요.
/objects/relicdungeon/health/healthorbspawner_es/healthorbspawner_es.object.patch	/glitchDescription	안도. 방출된 구체로 즉시 회복할 수 있어요.
/objects/relicdungeon/health/healthrelicchest_es/healthrelicchest_es.object.patch	/glitchDescription	관찰. 이 상자엔 중요한 도구가 있을 거예요.
/objects/relicdungeon/health/healthrelicteleporter_es/healthrelicteleporter_es.object.patch	/glitchDescription	흥미롭네요. 이 수수께끼의 문은 어디로 통할까요?
/objects/relicdungeon/mining/miningrelicteleporter/miningrelicteleporter.object.patch	/glitchDescription	흥미롭네요. 이 수수께끼의 문은 어디로 통할까요?
/objects/saturn/ConversionsOfBaseGameWoodenObjects/saturnianEbonyceilingcabinet1/saturnianEbonyceilingcabinet1.object.patch	/glitchDescription	낙관적. 매달린 수납장. 유용합니다.
/objects/saturn/ConversionsOfBaseGameWoodenObjects/saturnianEbonyceilingcabinet2/saturnianEbonyceilingcabinet2.object.patch	/glitchDescription	낙관적. 매달린 수납장. 유용합니다.
/objects/saturn/ConversionsOfBaseGameWoodenObjects/saturnianEbonydoor/saturnianEbonydoor.object.patch	/glitchDescription	쾌활합니다. 수제 문으로 보입니다.
/objects/saturn/saturnWaspmim/saturnwaspmimceilingcabinet1/saturnwaspmimceilingcabinet1.object.patch	/glitchDescription	낙관적. 매달린 수납장. 유용합니다.
/objects/saturn/saturnWaspmim/saturnwaspmimceilingcabinet2/saturnwaspmimceilingcabinet2.object.patch	/glitchDescription	낙관적. 매달린 수납장. 유용합니다.
/objects/saturn/saturnWaspmim/saturnwaspmimdoor/saturnwaspmimdoor.object.patch	/glitchDescription	쾌활합니다. 수제 문으로 보입니다.
/objects/saturn/saturnvillageteleporter/saturnvillageteleporter.object.patch	/glitchDescription	스머그. 텔레포터. 순간이동 중에 절전 모드로 들어갈 수 있어요.
/objects/sb_ladders/copperladder.object.patch	/glitchDescription	놀랍다. 이 사다리는 구리로 만들어졌어요.
/objects/sheilaworkshop/black_furniture/black_blackarmoryportrait/black_blackarmoryportrait.object.patch	/glitchDescription	감탄. 금속 프레임 안의 유리와 빛이네요.
/objects/sheilaworkshop/black_furniture/black_holographicmarker/black_holographicmarker.object.patch	/glitchDescription	관찰. 이 고유 표지의 소형 위치 모듈로 순간이동용 북마크가 가능하네요.
/objects/sheilaworkshop/black_furniture/black_maiahologram/black_maiahologram.object.patch	/glitchDescription	놀랍네요. 거대한 로고가 홀로그램으로 렌더링됐어요.
/objects/sheilaworkshop/black_furniture/black_maiapedestal/black_maiapedestal.object.patch	/glitchDescription	관찰: 이 기술은 홀로그램을 생성합니다.
/objects/sheilaworkshop/black_furniture/black_prismadronespawner/black_prismadronespawner.object.patch	/glitchDescription	놀랐습니다. 이 장갑 드론은 공격을 버텨내고 되돌려주기도 합니다.
/objects/sheilaworkshop/black_furniture/black_rocketdronespawner/black_rocketdronespawner.object.patch	/glitchDescription	놀랐습니다. 이 장갑 드론은 공격을 버텨내고 되돌려주기도 합니다.
/objects/sheilaworkshop/black_furniture/black_titansteelcanistererchius/black_titansteelcanistererchius.object.patch	/glitchDescription	관찰 중. 짧은 분석 결과, 이 연료통은 연료를 안전하게 저장하도록 만들어졌습니다.
/objects/sheilaworkshop/black_furniture/black_titansteelcanistersmallerchius/black_titansteelcanistersmallerchius.object.patch	/glitchDescription	관찰 중. 짧은 분석 결과, 이 연료통은 연료를 안전하게 저장하도록 만들어졌습니다.
/objects/sheilaworkshop/black_furniture/black_titansteelmedicalcrate/black_titansteelmedicalcrate.object.patch	/glitchDescription	호기심. 의료 용기 - 안에 뭐든 있을 수 있어요.
/objects/sheilaworkshop/black_furniture/black_titansteelwindturbine/black_titansteelwindturbine.object.patch	/glitchDescription	관찰. 이 풍력 터빈은 꽤 첨단이네요.
/objects/sheilaworkshop/black_furniture/titansteelbookcase/titansteelbookcase.object.patch	/glitchDescription	호기심. 읽을 게 있을지도요.
/objects/sheilaworkshop/black_furniture/titansteelcargocratehazard/titansteelcargocratehazard.object.patch	/glitchDescription	호기심. 위험물 용기 - 안에 뭐든 있을 수 있어요.
/objects/sheilaworkshop/black_furniture/titansteelcctvcamera/titansteelcctvcamera.object.patch	/glitchDescription	중립. 방탄 카메라예요.
/objects/sheilaworkshop/black_furniture/titansteelflatscreen/titansteelflatscreen.object.patch	/glitchDescription	주의. 경고가 프로그래밍되고 있습니다.
/objects/sheilaworkshop/black_furniture/titansteelmonitor/titansteelmonitor.object.patch	/glitchDescription	호기심. 뭔가를 스캔하려 하네요.
/objects/sheilaworkshop/black_furniture/titansteelteleporter/titansteelteleporter.object.patch	/glitchDescription	관찰: 이 텔레포터는 외계 양식으로 지어졌네요.
/objects/ship/aegi/aegiteleporter/aegiteleporter.object.patch	/glitchDescription	스머그. 텔레포터. 순간이동 중에 절전 모드로 들어갈 수 있어요.
/objects/ship/akkimari/akkimariteleporter/akkimariteleporter.object.patch	/glitchDescription	스머그. 텔레포터. 순간이동 중에 절전 모드로 들어갈 수 있어요.
/objects/ship/angelteleporter/angelteleporter.object.patch	/glitchDescription	스머그. 텔레포터. 순간이동 중에 절전 모드로 들어갈 수 있어요.
/objects/ship/avikan/avikanteleporter/avikanteleporter.object.patch	/glitchDescription	스머그. 텔레포터. 순간이동 중에 절전 모드로 들어갈 수 있어요.
/objects/ship/kitsuneshipdoor/kitsuneshipdoor.object.patch	/glitchDescription	정보. 표준 선박 문입니다.
/objects/ship/kitsuneshipdoor/kitsuneshipdoor_black.object.patch	/glitchDescription	정보. 표준 선박 문입니다.
/objects/ship/kitsuneshipdoor/kitsuneshipdoor_blue.object.patch	/glitchDescription	정보. 표준 선박 문입니다.
/objects/ship/kitsuneshipdoor/kitsuneshipdoor_brown.object.patch	/glitchDescription	정보. 표준 선박 문입니다.
/objects/ship/kitsuneshipdoor/kitsuneshipdoor_gray.object.patch	/glitchDescription	정보. 표준 선박 문입니다.
/objects/ship/kitsuneshipdoor/kitsuneshipdoor_green.object.patch	/glitchDescription	정보. 표준 선박 문입니다.
/objects/ship/kitsuneshipdoor/kitsuneshipdoor_orange.object.patch	/glitchDescription	정보. 표준 선박 문입니다.
/objects/ship/kitsuneshipdoor/kitsuneshipdoor_pink.object.patch	/glitchDescription	정보. 표준 선박 문입니다.
/objects/ship/kitsuneshipdoor/kitsuneshipdoor_purple.object.patch	/glitchDescription	정보. 표준 선박 문입니다.
/objects/ship/kitsuneshipdoor/kitsuneshipdoor_red.object.patch	/glitchDescription	정보. 표준 선박 문입니다.
/objects/ship/kitsuneshipdoor/kitsuneshipdoor_white.object.patch	/glitchDescription	정보. 표준 선박 문입니다.
/objects/ship/kitsuneshipdoor/kitsuneshipdoor_yellow.object.patch	/glitchDescription	정보. 표준 선박 문입니다.
/objects/ship/kitsuneteleporter/kitsuneteleporter.object.patch	/glitchDescription	스머그. 텔레포터. 순간이동 중에 절전 모드로 들어갈 수 있어요.
/objects/ship/kitsuneteleporter/kitsuneteleporter_black.object.patch	/glitchDescription	스머그. 텔레포터. 순간이동 중에 절전 모드로 들어갈 수 있어요.
/objects/ship/kitsuneteleporter/kitsuneteleporter_blue.object.patch	/glitchDescription	스머그. 텔레포터. 순간이동 중에 절전 모드로 들어갈 수 있어요.
/objects/ship/kitsuneteleporter/kitsuneteleporter_brown.object.patch	/glitchDescription	스머그. 텔레포터. 순간이동 중에 절전 모드로 들어갈 수 있어요.
/objects/ship/kitsuneteleporter/kitsuneteleporter_gray.object.patch	/glitchDescription	스머그. 텔레포터. 순간이동 중에 절전 모드로 들어갈 수 있어요.
/objects/ship/kitsuneteleporter/kitsuneteleporter_green.object.patch	/glitchDescription	스머그. 텔레포터. 순간이동 중에 절전 모드로 들어갈 수 있어요.
/objects/ship/kitsuneteleporter/kitsuneteleporter_orange.object.patch	/glitchDescription	스머그. 텔레포터. 순간이동 중에 절전 모드로 들어갈 수 있어요.
/objects/ship/kitsuneteleporter/kitsuneteleporter_pink.object.patch	/glitchDescription	스머그. 텔레포터. 순간이동 중에 절전 모드로 들어갈 수 있어요.
/objects/ship/kitsuneteleporter/kitsuneteleporter_purple.object.patch	/glitchDescription	스머그. 텔레포터. 순간이동 중에 절전 모드로 들어갈 수 있어요.
/objects/ship/kitsuneteleporter/kitsuneteleporter_red.object.patch	/glitchDescription	스머그. 텔레포터. 순간이동 중에 절전 모드로 들어갈 수 있어요.
/objects/ship/kitsuneteleporter/kitsuneteleporter_white.object.patch	/glitchDescription	스머그. 텔레포터. 순간이동 중에 절전 모드로 들어갈 수 있어요.
/objects/ship/kitsuneteleporter/kitsuneteleporter_yellow.object.patch	/glitchDescription	스머그. 텔레포터. 순간이동 중에 절전 모드로 들어갈 수 있어요.
/objects/ship/lamiateleporter/lamiateleporter.object.patch	/glitchDescription	스머그. 텔레포터. 순간이동 중에 절전 모드로 들어갈 수 있어요.
/objects/ship/lucarioteleporter/lucarioteleporter.object.patch	/glitchDescription	스머그. 텔레포터. 순간이동 중에 절전 모드로 들어갈 수 있어요.
/objects/ship/lustlingteleporter/lustlingteleporter.object.patch	/glitchDescription	스머그. 텔레포터. 순간이동 중에 절전 모드로 들어갈 수 있어요.
/objects/ship/saturnteleporter/saturnteleporter.object.patch	/glitchDescription	스머그. 텔레포터. 순간이동 중에 절전 모드로 들어갈 수 있어요.
/objects/ship/saturnteleporter2/saturnteleporter2.object.patch	/glitchDescription	스머그. 텔레포터. 순간이동 중에 절전 모드로 들어갈 수 있어요.
/objects/ship/spectwingteleporter/spectwingteleporter.object.patch	/glitchDescription	스머그. 텔레포터. 순간이동 중에 절전 모드로 들어갈 수 있어요.
/objects/ship/trink/trinkcaptainschair/trinkcaptainschair.object.patch	/glitchDescription	기대되네. 다음은 어디로 갈까요?
/objects/ship/trink/trinkteleporter/trinkteleporter.object.patch	/glitchDescription	스머그. 텔레포터. 순간이동 중에 절전 모드로 들어갈 수 있어요.
/objects/ship/woofieteleporter/woofieteleporter.object.patch	/glitchDescription	스머그. 텔레포터. 순간이동 중에 절전 모드로 들어갈 수 있어요.
/objects/spawner/pettether/cmdr_pokeballtether.object.patch	/glitchDescription	만족. 포획한 생물을 이 장치에 넣으면 근처에 머물게 됩니다.
/objects/syndicate/furniture/syndicatel_couch/syndicate_couch.object.patch	/glitchDescription	편안하죠. 누구나 이런 소파를 가져야 해요.
/objects/teleporter/akkimarilowteleporter/akkimarilowteleporter.object.patch	/glitchDescription	관찰: 이 텔레포터는 외계 양식으로 지어졌네요.
/objects/teleporter/alliancelowteleporter/alliancelowteleporter.object.patch	/glitchDescription	관찰: 이 텔레포터는 외계 양식으로 지어졌네요.
/objects/teleporter/alliancetallteleporter/alliancetallteleporter.object.patch	/glitchDescription	관찰: 이 텔레포터는 외계 양식으로 지어졌네요.
/objects/teleporter/avikanlowteleporter/avikanlowteleporter.object.patch	/glitchDescription	관찰: 이 텔레포터는 외계 양식으로 지어졌네요.
/objects/teleporter/avikantallteleporter/avikantallteleporter.object.patch	/glitchDescription	관찰: 이 텔레포터는 외계 양식으로 지어졌네요.
/objects/teleporter/brokenshipteleporter/brokenshipteleporter.object.patch	/glitchDescription	짜증나네요. 이 텔레포터가 완전히 멈췄어요.
/objects/teleporter/centensianmidteleporter/centensianmidteleporter.object.patch	/glitchDescription	관찰: 이 텔레포터는 외계 양식으로 지어졌네요.
/objects/teleporter/centensianteleporter/centensianteleporter.object.patch	/glitchDescription	관찰: 이 텔레포터는 외계 양식으로 지어졌네요.
/objects/teleporter/supervoidteleporter/supervoidteleporter2.object.patch	/glitchDescription	확신. 처음부터 다시 안 해도 돼요.
/objects/teleporter/supervoidteleporter/supervoidteleporternode.object.patch	/glitchDescription	겁먹음. 텅 빈 공허예요.
/objects/teleporter/trinklowteleporter/trinklowteleporter.object.patch	/glitchDescription	관찰: 이 텔레포터는 외계 양식으로 지어졌네요.
/objects/teleporter/trinktallteleporter/trinktallteleporter.object.patch	/glitchDescription	관찰: 이 텔레포터는 외계 양식으로 지어졌네요.
/objects/traps/fallingicicletrap_es/fallingicicletrap_es.object.patch	/glitchDescription	관찰. 이 고드름은 곧 떨어질 것 같아요.
/objects/traps/icespiketrap_es/icespiketrap_es.object.patch	/glitchDescription	겁남. 이 함정은 쉽게 죽일 수 있는 고드름을 쏴요.
/objects/traps/miningrelicbluetrap/miningrelicbluetrap.object.patch	/glitchDescription	겁남. 그냥 작은 구체 함정이에요, 못 이길 건 없어요.
/objects/unbound/other/unboundlavacanister/unboundlavacanister.object.patch	/glitchDescription	경고. 이 통 라벨은 내부에 폭발성이 강한 물질이 있음을 경고합니다.
/objects/viera/kitchen/vieracupboard1/vieracupboard1.object.patch	/glitchDescription	낙관적. 매달린 수납장. 유용합니다.
/objects/viera/kitchen/vieracupboard2/vieracupboard2.object.patch	/glitchDescription	낙관적. 매달린 수납장. 유용합니다.
/objects/viera/ship/vierashipcupboard/vierashipcupboard1.object.patch	/glitchDescription	낙관적. 매달린 수납장. 유용합니다.
/objects/viera/ship/vierashipcupboard/vierashipcupboard2.object.patch	/glitchDescription	낙관적. 매달린 수납장. 유용합니다.
/objects/viera/ship/vierashipdoor/vierashipdoor.object.patch	/glitchDescription	정보. 표준 선박 문입니다.
/objects/viera/ship/vierashipparts/fu_ftldrive/fu_vieraftldrive/fu_vieraftldrivemk1a.object.patch	/glitchDescription	만족. 더 큰 FTL 드라이브는 훨씬 더 나은 우주 비행을 의미합니다.
/objects/viera/ship/vierashipparts/fu_ftldrive/fu_vieraftldrive/fu_vieraftldrivemk2a.object.patch	/glitchDescription	만족. 더 큰 FTL 드라이브는 훨씬 더 나은 우주 비행을 의미합니다.
/objects/viera/ship/vierashipparts/fu_ftldrive/fu_vieraftldrive/fu_vieraftldrivemk3a.object.patch	/glitchDescription	만족. 더 큰 FTL 드라이브는 훨씬 더 나은 우주 비행을 의미합니다.
/objects/viera/ship/vierateleporter/vierateleporter.object.patch	/glitchDescription	스머그. 텔레포터. 순간이동 중에 절전 모드로 들어갈 수 있어요.
/objects/viera/teleporter/waystoneteleporter/waystoneteleporter.object.patch	/glitchDescription	스머그. 텔레포터. 순간이동 중에 절전 모드로 들어갈 수 있어요.
/objects/viera/vierabanner3/vierabanner3.object.patch	/glitchDescription	멜랑콜리. 고향의 휘날리는 깃발을 떠올리게 합니다.
/objects/viera/vierastoragelocker/vierastoragelocker.object.patch	/glitchDescription	중립. 메탈릭한 선박 사물함이에요.
/objects/voltage/electricportal/electricportal.object.patch	/glitchDescription	분석 중. 전기 포털입니다.
/objects/voltage/electricportal/electricreturnportal.object.patch	/glitchDescription	분석 중. 심연 포털입니다.
/objects/wired/IED_UXO/gic_rusted_landmine/gic_rusted_landmine.object.patch	/glitchDescription	주의. 활성화된 지뢰입니다. 이건 특히 치명적입니다.
